rq0_id,snippet_id,dataset_name,raw_code,human_mean_score,human_score_z_within_dataset,human_score_minmax_within_dataset,binary_label_median,binary_label_tertile_strict,tertiary_label,num_annotators,language,LOC,cyclomatic_complexity,min_score,max_score,code_type,exact_code_hash,formatting_normalized_hash,exact_duplicate_group_id,formatting_duplicate_group_id,duplicate_group_id,source_metadata,source_key,source_path,source_row_index
rq0_0000,1,Buse,"
			Object ret = body.eval(callstack, interpreter);

			boolean breakout = false;
			if(ret instanceof ReturnControl)
			{
				switch(((ReturnControl)ret).kind )
				{
					case RETURN:
						return ret;
",2.9917355371900825,-0.4688692505494623,0.46052631578947356,unreadable,discard,mid,,java,8,1,1.0,5.0,Code,1e506b49375e82c2396c0548ac8cefbae24181d640935517daac351f0440a388,82cde93e7c11adebdcfd7f47bfebe2a84d5fde769570ca905cc2d38c4534a4c8,,,,"{""source_key"": NaN, ""source_path"": NaN, ""source_row_index"": 0, ""original_snippet_id"": ""1""}",,,0
rq0_0001,2,Buse,"
        if (actionList.size() == 1) {
            ActionMenu menu = actionList.get(0);

            if (menu.getSubItems().length == 0) {
                return null;
            }

            if (menu.getSubItems().length == 1) {
                Action action = menu.getSubItems()[0].getAction();

",3.743801652892562,0.7294408425569501,0.7598684210526316,readable,readable,high,,java,7,1,1.0,5.0,Code,a7168b6e2c4c47e3ebcb777c683618ee6782039ff6a255b97cf7f139717439ad,a73b1ccfa8a0a0cf99bba31518a7179342d24ea788cba14ff2fbc41239e4e267,,,,"{""source_key"": NaN, ""source_path"": NaN, ""source_row_index"": 1, ""original_snippet_id"": ""2""}",,,1
rq0_0002,3,Buse,"		private String compactString(String source) {
			String result= DELTA_START + source.substring(fPrefix, source.length() - fSuffix + 1) + DELTA_END;
			if (fPrefix > 0)
				result= computeCommonPrefix() + result;
			if (fSuffix > 0)
				result= result + computeCommonSuffix();
",2.6942148760330578,-0.9429259906794712,0.34210526315789463,unreadable,unreadable,low,,java,6,1,1.0,5.0,Code,813130b91d9c5a31ac7ea7aed296e7c67e93acad042daeb5444d41bb4baf704e,6e3f02166ee705b174ad4601a1c3102b5316ad65d919aaf2f15423191c8b9d09,,,,"{""source_key"": NaN, ""source_path"": NaN, ""source_row_index"": 2, ""original_snippet_id"": ""3""}",,,2
rq0_0003,4,Buse,"    /**
     * Constructor, with a argument reference to the PUBLIC User Object which
     * is null if this is the SYS or PUBLIC user.
     *
     * The dependency upon a GranteeManager is undesirable.  Hopefully we
     * can get rid of this dependency with an IOC or Listener re-design.
     */
    Grantee(String name, Grantee inGrantee,
            GranteeManager man) throws HsqlException {

        rightsMap      = new IntValueHashMap();
        granteeName    = name;
        granteeManager = man;}
",4.033057851239669,1.1903293399055694,0.8749999999999999,readable,readable,high,,java,5,1,1.0,5.0,Code,b4b7fc5cd3dbd13416d7d8578f9b1531d894e343132cc0694fdeea8879536975,54d88a7ce3bca1a4b994b389da4a34760686088ec308eebacaabe8334f1cb723,,,,"{""source_key"": NaN, ""source_path"": NaN, ""source_row_index"": 3, ""original_snippet_id"": ""4""}",,,3
rq0_0004,5,Buse,"    /**
     * Quits the application without any questions.
     */
    public void quit() {
        getConnectController().quitGame(true);
        if (!windowed) {
            gd.setFullScreenWindow(null);
        }
        System.exit(0);}
",4.190082644628099,1.4405259527519627,0.9374999999999998,readable,readable,high,,java,6,2,2.0,5.0,Code,05e77263230d1f98c02ce3b368094afa3704883ca5d55bff5720767f551afc84,cf5ad9f5f15e60b061567fdaf2e4c92c16ac2e4e8efaca8a07eb1e957fab5397,,,,"{""source_key"": NaN, ""source_path"": NaN, ""source_row_index"": 4, ""original_snippet_id"": ""5""}",,,4
rq0_0005,6,Buse,"    xsp = jj_scanpos;
    if (jj_scan_token(100)) {
    jj_scanpos = xsp;
    if (jj_scan_token(101)) return true;
",2.190082644628099,-1.7461888003442085,0.1414473684210526,unreadable,unreadable,low,,java,4,1,1.0,5.0,Code,fb5047192497b14bb46afab3c1d21d7591e51ce49a6254317cbcbc4cc8ffaab2,f422917e8e44c8114d5f549be01df8d1a12927d6bbe419eab8272ea5272d9663,,,,"{""source_key"": NaN, ""source_path"": NaN, ""source_row_index"": 5, ""original_snippet_id"": ""6""}",,,5
rq0_0006,7,Buse,"  /**
   * Attention: DO NOT USE THIS!
   * Under Os/2 it has some problems with calculating the real Date!
   * 
   * @deprecated
   */
  public Date(int daysSince1970) {

    long l = (long) daysSince1970 * 24 * 60 * 60 * 1000;
    java.util.Date d = new java.util.Date(l);
    Calendar cal = Calendar.getInstance();}
",3.628099173553719,0.545085443617502,0.7138157894736842,readable,discard,mid,,java,4,1,1.0,5.0,Code,436d5b78b4d5d807d4a2314a1a4d8ea54698c2213eadc42e5e23d3f0fbfd1c03,e22b430682bdf127a954e6f2030a7d7f850e82b5f2ed61b0c4cd939dcabeb010,,,,"{""source_key"": NaN, ""source_path"": NaN, ""source_row_index"": 6, ""original_snippet_id"": ""7""}",,,6
rq0_0007,8,Buse,"	public TestMethodRunner(Object test, Method method, RunNotifier notifier, Description description) {
		super(test.getClass(), Before.class, After.class, test);
		fTest= test;
		fMethod= method;
",2.8595041322314048,-0.6795611350516886,0.40789473684210514,unreadable,unreadable,low,,java,4,1,1.0,5.0,Code,4e67183c67f98fbe104e89208409b8f663a5fb966b298a4c1165e1cfb3b62f6d,5ff7e663c59ab17a1c7de6572b0c10f09c74c1bcaf06a6e3204fe49c1938c19a,,,,"{""source_key"": NaN, ""source_path"": NaN, ""source_row_index"": 7, ""original_snippet_id"": ""8""}",,,7
rq0_0008,9,Buse,"    /**
     * Returns a vector containing the URI (type + path) for all the databases.
     */
    public static Vector getDatabaseURIs() {

        Vector   v  = new Vector();
        Iterator it = databaseIDMap.values().iterator();

        while (it.hasNext()) {
            Database db = (Database) it.next();
",4.132231404958677,1.3483482532822386,0.9144736842105261,readable,readable,high,,java,5,1,2.0,5.0,Code,9be0a4d9c7f2ea6f05f77830b1c4b532eacab50dfb6afa889538b2240d4ad496,0b248475c7c07396848ed88e59bc7c552c0ebfb8c8917278ace7ddd359503b5b,,,,"{""source_key"": NaN, ""source_path"": NaN, ""source_row_index"": 8, ""original_snippet_id"": ""9""}",,,8
rq0_0009,10,Buse,"    private void moveUnit(KeyEvent e) {
        if (!parent.isMapboardActionsEnabled()) {
            return;
        }
        
        switch (e.getKeyCode()) {
        case KeyEvent.VK_ESCAPE:
            // main menu
            break;
        case KeyEvent.VK_NUMPAD1:
        case KeyEvent.VK_END:
            inGameController.moveActiveUnit(Map.SW);
",3.347107438016529,0.0973651890502713,0.6019736842105263,unreadable,discard,mid,,java,10,1,1.0,5.0,Code,d69070d2ec8de4f0a7d9e396ad793c2d4ee1c4eae94a408fbc194714b4748016,e5d28e81804ea9b533870e1c3b8c0d327fbbe764d23bb108fe5dab7509cca325,,,,"{""source_key"": NaN, ""source_path"": NaN, ""source_row_index"": 9, ""original_snippet_id"": ""10""}",,,9
rq0_0010,11,Buse,"
		if ( clas == null )
			throw new ClassNotFoundException(
				""Class: "" + value+ "" not found in namespace"");

		asClass = clas;
		return asClass;
",3.644628099173554,0.5714219291802802,0.7203947368421052,readable,discard,mid,,java,5,1,1.0,5.0,Code,6b3d93fd2013ca1f0c27d60b552da9e7a93522877624a085699d816a8f6cde86,fd25de2c0a2922862da11dcfa1f063863146f84328625f0675e0fed428fa1f8f,,,,"{""source_key"": NaN, ""source_path"": NaN, ""source_row_index"": 10, ""original_snippet_id"": ""11""}",,,10
rq0_0011,12,Buse,"
        
        btPanel.add(cancel);

        getRootPane().setDefaultButton(ok);
        
        panel.add(btPanel, BorderLayout.SOUTH);
",3.5371900826446283,0.4002347730222216,0.6776315789473685,readable,discard,mid,,java,3,1,1.0,5.0,Code,75a54cf06f0f4eb69d8822c9183e36cc089c62f49778280ebcf8998b5ccefb9a,2718f680703449361f8bb42bd77901ed2f9ab1794849254a475e056e427ffdec,,,,"{""source_key"": NaN, ""source_path"": NaN, ""source_row_index"": 11, ""original_snippet_id"": ""12""}",,,11
rq0_0012,14,Buse,"    Object removeName(String name) throws HsqlException {

        Object owner = nameList.remove(name);

        if (owner == null) {

            // should contain name
            throw Trace.error(Trace.GENERAL_ERROR);
        }

        return owner;
",4.049586776859504,1.2166658254683484,0.8815789473684211,readable,readable,high,,java,6,1,2.0,5.0,Code,067d0f6455aaa054fd34ab08e7d536723a6b426011e12a3082413b3c32bb166b,f0cde504cc848a51ab46886aa24058fdd13e537a53b2ad8e9f0553a8597412b1,,,,"{""source_key"": NaN, ""source_path"": NaN, ""source_row_index"": 12, ""original_snippet_id"": ""14""}",,,12
rq0_0013,15,Buse,"
        int stepSize = Math.min((option.getMaximumValue() - option.getMinimumValue()) / 10, 1000);
        spinner = new JSpinner(new SpinnerNumberModel(option.getValue(), option.getMinimumValue(),
                option.getMaximumValue(), Math.max(1, stepSize)));
        spinner.setToolTipText(option.getShortDescription());
",1.834710743801653,-2.3124232399439415,0.0,unreadable,unreadable,low,,java,4,1,1.0,5.0,Code,2489019a1d4140875c8eede5c3c1f9b74fee0c3ff65b65281aabe1342ecce501,1321ce9b740d56c2126ab87f0d34cbe4084390a088031b94c5f2dc8ccbd3689c,,,,"{""source_key"": NaN, ""source_path"": NaN, ""source_row_index"": 13, ""original_snippet_id"": ""15""}",,,13
rq0_0014,16,Buse,"		if ( parent != null )
			setStrictJava( parent.getStrictJava() );
		this.sourceFileInfo = sourceFileInfo;

		BshClassManager bcm = BshClassManager.createClassManager( this );
",2.900826446280992,-0.613719921144742,0.42434210526315796,unreadable,unreadable,low,,java,4,1,1.0,5.0,Code,b153852c78de692548945e8c3d13fd457ee8324cf3e3b5762f6432be862c1c9d,2abfd87b96c1fd42054da9910b8e263f760dfed9b7b49a78af550cbbf01f8e17,,,,"{""source_key"": NaN, ""source_path"": NaN, ""source_row_index"": 14, ""original_snippet_id"": ""16""}",,,14
rq0_0015,17,Buse,"        
        mDevices = new Vector<DeviceIf>();
        
        DeviceFileHandling reader = new DeviceFileHandling();

        for (int i = 0; i < num; i++) {
            String classname = (String) in.readObject();
",3.7355371900826446,0.7162725997755606,0.756578947368421,readable,readable,high,,java,4,1,2.0,5.0,Code,46dbcfaf6fe787d18e473004bbb4290ff6cbd9f8516951422738ecaac61d68d2,c1df930da391dbb994dca70c7b58e07e7e28b3af04e433816cead65d13728168,,,,"{""source_key"": NaN, ""source_path"": NaN, ""source_row_index"": 15, ""original_snippet_id"": ""17""}",,,15
rq0_0016,18,Buse,"	/**
	 * Do not use. Testing purposes only.
	 */
	public Result runMain(String... args) {
		System.out.println(""JUnit version "" + Version.id());
		List<Class<?>> classes= new ArrayList<Class<?>>();
		List<Failure> missingClasses= new ArrayList<Failure>();
",2.471074380165289,-1.2984685457769787,0.2532894736842103,unreadable,unreadable,low,,java,4,1,1.0,5.0,Code,e3b3bd9b116eabe05389f34480d838a592fb8259ad129fa359b057670ccc0456,0159ff71e4f129d26c82a5b775ba7ded989d751ee46a592b89750d9ef627bc2c,,,,"{""source_key"": NaN, ""source_path"": NaN, ""source_row_index"": 16, ""original_snippet_id"": ""18""}",,,16
rq0_0017,19,Buse,"    /**
     * temp constraint constructor
     */
    Constraint(HsqlName name, int[] mainCols, Table refTable, int[] refCols,
               int type, int deleteAction, int updateAction) {

        core              = new ConstraintCore();
        constName         = name;
        constType         = type;
",3.553719008264463,0.4265712585849998,0.6842105263157895,readable,discard,mid,,java,5,1,1.0,5.0,Code,cbf8ee0807fb071192af03065d3e3a6f28424978d99f9298e9ea8b03ab029ce3,132f1a4a742d10574109bb677b00fa77a5e20c92177ff444243a5f42662efac8,,,,"{""source_key"": NaN, ""source_path"": NaN, ""source_row_index"": 17, ""original_snippet_id"": ""19""}",,,17
rq0_0018,20,Buse,"        int eventId = active? ON : OFF;
        ActionEvent blinkEvent = new ActionEvent(this,eventId,""blink"");
        
        fireActionEvent(blinkEvent);
",3.2644628099173554,-0.03431723876362037,0.569078947368421,unreadable,discard,mid,,java,3,1,1.0,5.0,Code,3e258ae064f98193932c583a72015e8b10d4d5d874715dbbc7a8593f7558f784,e26e6ca0612d457a752f73823813583a303c0352ad4f7e59fd865e4615bc63e3,,,,"{""source_key"": NaN, ""source_path"": NaN, ""source_row_index"": 18, ""original_snippet_id"": ""20""}",,,18
rq0_0019,21,Buse,"		else if ( isPrimitive( returnType ) ) 
		{
			int opcode = IRETURN;
			String type;
			String meth;
",3.727272727272727,0.7031043569941712,0.7532894736842104,readable,readable,high,,java,5,1,1.0,5.0,Code,7407ce7a53f8d8228762ed9966a61f2062a2c4d8dab2c33a232d013f7d73bb7f,34dceecb14b57c63353d982ed2cbe310596ad1ed853e289b237fcd347252fdb8,,,,"{""source_key"": NaN, ""source_path"": NaN, ""source_row_index"": 19, ""original_snippet_id"": ""21""}",,,19
rq0_0020,22,Buse,"    /**
     * Returns the PluginPanel
     * @return Panel
     */
    public JPanel createSettingsPanel() {
      mPanel = new CapturePluginPanel(mOwner, mCloneData);
      mPanel.setBorder(Borders.createEmptyBorder(Sizes.DLUY5,Sizes.DLUX5,Sizes.DLUY5,Sizes.DLUX5));
      mPanel.setSelectedTab(mCurrentPanel);
",2.7355371900826446,-0.8770847767725254,0.3585526315789473,unreadable,unreadable,low,,java,4,1,1.0,5.0,Code,31bb516bac5843a16987ad27d8becd1f97ae1e3b38ca687ae9395e324d491e43,ea2a72cdac16d7b329c687e0aa90f79c092b30b0bc80c24c26e46ae18622db37,,,,"{""source_key"": NaN, ""source_path"": NaN, ""source_row_index"": 20, ""original_snippet_id"": ""22""}",,,20
rq0_0021,23,Buse,"	protected void printFailures(Result result) {
		if (result.getFailureCount() == 0)
			return;
		if (result.getFailureCount() == 1)
			getWriter().println(""There was "" + result.getFailureCount() + "" failure:"");
		else
			getWriter().println(""There were "" + result.getFailureCount() + "" failures:"");
",3.933884297520661,1.0323104265288996,0.8355263157894736,readable,readable,high,,java,7,1,1.0,5.0,Code,ca2d71912697aabbf4db16dc5f8a3459aca8fe0bc62d2b65d103b8e0dffee0e6,930c43ccf59488ca92bce9a187ee72208b6b1994de021ad63a98f6bcf20126aa,,,,"{""source_key"": NaN, ""source_path"": NaN, ""source_row_index"": 21, ""original_snippet_id"": ""23""}",,,21
rq0_0022,24,Buse,"    public static long getNormalisedTime(long t) {

        synchronized (tempCalDefault) {
            setTimeInMillis(tempCalDefault, t);
            resetToTime(tempCalDefault);

            return getTimeInMillis(tempCalDefault);
",3.479338842975207,0.30805707355249756,0.6546052631578948,readable,discard,mid,,java,5,1,1.0,5.0,Code,aab3cdbee72eda4d85545ceb1c88ddf6f411b94d64ea6a86d8028bbeb4e5f953,94f2839ef825650723f08ed2ca92572119e9b6f95f5ea1fa72d49a569a3fe7e7,,,,"{""source_key"": NaN, ""source_path"": NaN, ""source_row_index"": 22, ""original_snippet_id"": ""24""}",,,22
rq0_0023,25,Buse,"
            public boolean check(Unit u, PathNode p) {
                if (p.getTile().getSettlement() != null && p.getTile().getSettlement().getOwner() == player
                        && p.getTile().getSettlement() != inSettlement) {
                    Settlement s = p.getTile().getSettlement();
                    int turns = p.getTurns();
                    destinations.add(new ChoiceItem(s.toString() + "" ("" + turns + "")"", s));
",2.0991735537190084,-1.891039470939489,0.10526315789473684,unreadable,unreadable,low,,java,6,1,1.0,5.0,Code,a045be0b449abb83f2b1447bc9a602b41aeafa707206ba527bf89c06ddd82298,563e429bfa6c7afac8e21c376230d9bb995280f4e0cc403742290b28610941ba,,,,"{""source_key"": NaN, ""source_path"": NaN, ""source_row_index"": 23, ""original_snippet_id"": ""25""}",,,23
rq0_0024,26,Buse,"
     if ((bufpos + 1) >= len)
        System.arraycopy(buffer, bufpos - len + 1, ret, 0, len);
     else
     {
        System.arraycopy(buffer, bufsize - (len - bufpos - 1), ret, 0,
                                                          len - bufpos - 1);
        System.arraycopy(buffer, 0, ret, len - bufpos - 1, bufpos + 1);
",2.3884297520661155,-1.4301509735908695,0.22039473684210514,unreadable,unreadable,low,,java,7,1,1.0,5.0,Code,1253f6f4de763ec094f492bcfd71fc2757794eda94399fc0723a53a67aa24b22,3e753c80b4f4d4e6e2b21af37cdd6f5b29493e4d6dac9ebb2576581042206de4,,,,"{""source_key"": NaN, ""source_path"": NaN, ""source_row_index"": 24, ""original_snippet_id"": ""26""}",,,24
rq0_0025,27,Buse,"    /**
     * Compute the proper position for a centered window
     */
    private Point comuteDisplayPointCentre(Dimension dim) {
        Dimension screen = Toolkit.getDefaultToolkit().getScreenSize();
        int x = (screen.width - dim.width) / 2;
        int y = (screen.height - dim.height) / 2;
",3.7520661157024793,0.7426090853383388,0.763157894736842,readable,readable,high,,java,4,1,1.0,5.0,Code,593ba0b39ffe4c914628971e32730df56e4b56e0f7574db7e511ba8889ce589e,8a881bb934c668bf0222535aa41acd68d41a8cb0b4eae18e7dd4fbacd6ec0675,,,,"{""source_key"": NaN, ""source_path"": NaN, ""source_row_index"": 25, ""original_snippet_id"": ""27""}",,,25
rq0_0026,28,Buse,"	public void filter(Filter filter) throws NoTestsRemainException {
		for (Iterator<Runner> iter= fRunners.iterator(); iter.hasNext();) {
			Runner runner= iter.next();
			if (filter.shouldRun(runner.getDescription()))
				filter.apply(runner);
			else
				iter.remove();
",2.8677685950413223,-0.6663928922702992,0.4111842105263157,unreadable,unreadable,low,,java,7,1,1.0,5.0,Code,0acc386c08d6f5ebf4e3adb501282b50531e8f402f5af3bd587eb08d53f122ad,c7d0c6f26491dffa4c6ef1bdef7171032b6a81ea97f875996970dd091c5f9d14,,,,"{""source_key"": NaN, ""source_path"": NaN, ""source_row_index"": 26, ""original_snippet_id"": ""28""}",,,26
rq0_0027,29,Buse,"        boolean    hasReturnValue;

        outlen = parameters.length;
        offset = 0;
",3.9421487603305785,1.045478669310289,0.8388157894736842,readable,readable,high,,java,3,1,1.0,5.0,Code,7f8246462de5a18fb9c2ab736a0d6ee438ae377534fdd42411ac734f2e095e28,33b589d6e298efd7a390db9d9430febd1193457db230429272b45a5d1b5ff21c,,,,"{""source_key"": NaN, ""source_path"": NaN, ""source_row_index"": 27, ""original_snippet_id"": ""29""}",,,27
rq0_0028,30,Buse,"    /**
     * Sets the currently chosen <code>MapTransform</code>.
     * @param mt The transform that should be applied to a
     *      <code>Tile</code> that is clicked on the map.
     */
    public void setMapTransform(MapTransform mt) {
        currentMapTransform = mt;
        MapControlsAction mca = (MapControlsAction) freeColClient.getActionManager().getFreeColAction(MapControlsAction.ID);
        if (mca.getMapControls() != null) {
            mca.getMapControls().update(mt);
",2.793388429752066,-0.7849070773028014,0.381578947368421,unreadable,unreadable,low,,java,5,1,1.0,5.0,Code,10186771c173d4edbd0bdb624d4f2ddd835af2d635c6e997c83f6a3a26c455cc,9e2558b577d33a64dbc8fb1e855252be957a2c07b03c9ef39fcb25b1166761a7,,,,"{""source_key"": NaN, ""source_path"": NaN, ""source_row_index"": 28, ""original_snippet_id"": ""30""}",,,28
rq0_0029,31,Buse,"			
			if (iterateOverMe instanceof String)
				return createEnumeration(((String)iterateOverMe).toCharArray());
			
			if (iterateOverMe instanceof StringBuffer)
				return createEnumeration(
					iterateOverMe.toString().toCharArray());

			throw new IllegalArgumentException(
				""Cannot enumerate object of type ""+iterateOverMe.getClass());
",3.2644628099173554,-0.03431723876362037,0.569078947368421,unreadable,discard,mid,,java,7,1,1.0,5.0,Code,4444f095b0483bc817bb5c28e7d6031a6e00982b94ec63194aa6880ea5060947,1b910d28f7d2e1881744956417711fca263fef14f100a4902e4c4da8819ec153,,,,"{""source_key"": NaN, ""source_path"": NaN, ""source_row_index"": 29, ""original_snippet_id"": ""31""}",,,29
rq0_0030,32,Buse,"  /**
   * Constructs a new Date object, initialized with the current date.
   */
  public Date() {
    Calendar mCalendar = Calendar.getInstance();
    mYear = mCalendar.get(Calendar.YEAR);
    mMonth = mCalendar.get(Calendar.MONTH) + 1;
",4.223140495867769,1.4931989238775205,0.9506578947368421,readable,readable,high,,java,4,1,1.0,5.0,Code,8310aff1dbf142570e42f17cbdcaa3ab9d5733372867011bc0c461ee5af7a492,801573a45b3ef7d88098a074c158a62c2c0041eda951118e3cc74fadec0a2cee,,,,"{""source_key"": NaN, ""source_path"": NaN, ""source_row_index"": 30, ""original_snippet_id"": ""32""}",,,30
rq0_0031,33,Buse,"		/**
		 * @param contextLength the maximum length for <code>expected</code> and <code>actual</code>. When contextLength 
		 * is exceeded, the Strings are shortened
		 * @param expected the expected string value
		 * @param actual the actual string value
		 */
		public ComparisonCompactor(int contextLength, String expected, String actual) {
			fContextLength= contextLength;
			fExpected= expected;
			fActual= actual;
",4.016528925619835,1.163992854342792,0.868421052631579,readable,readable,high,,java,4,1,1.0,5.0,Code,1ea24a4d3bb0024232e16d3949959848120a7619ebe2b58df3734e05d8a60803,04ff40daa24cc0fbfc5b7e2ffa9197b63971cb2300ff5180dc7e3d7439afa74e,,,,"{""source_key"": NaN, ""source_path"": NaN, ""source_row_index"": 31, ""original_snippet_id"": ""33""}",,,31
rq0_0032,34,Buse,"
            case CompiledStatement.DELETE :
                return executeDeleteStatement(cs);

            case CompiledStatement.CALL :
                return executeCallStatement(cs);

            case CompiledStatement.DDL :
                return executeDDLStatement(cs);
",4.347107438016529,1.6907225655983573,1.0,readable,readable,high,,java,6,1,1.0,5.0,Code,6ce4915c078b0364dd33a78b77a00a725d8aee32a8c320f507b21b4b93cd0ff7,034689ffba0de6ca8f516503fae6209b7a8ebda6c7f09f1ac26b38f8c06920f7,,,,"{""source_key"": NaN, ""source_path"": NaN, ""source_row_index"": 32, ""original_snippet_id"": ""34""}",,,32
rq0_0033,35,Buse,"    /**
     * Creates a new <code>DisbandUnitAction</code>.
     * 
     * @param freeColClient The main controller object for the client.
     */
    DisbandUnitAction(FreeColClient freeColClient) {
        super(freeColClient, ""unit.state.8"", null, KeyStroke.getKeyStroke('D', 0));
        putValue(BUTTON_IMAGE, freeColClient.getImageLibrary().getUnitButtonImageIcon(ImageLibrary.UNIT_BUTTON_DISBAND,
                0));
        putValue(BUTTON_ROLLOVER_IMAGE, freeColClient.getImageLibrary().getUnitButtonImageIcon(
                ImageLibrary.UNIT_BUTTON_DISBAND, 1));
",2.008264462809917,-2.0358901415347703,0.0690789473684209,unreadable,unreadable,low,,java,6,1,1.0,5.0,Code,732fb5862774f7d2cd6417f0dfae0ae500f891fb7e1771650e0b47d4adccc157,101afa6c3b7577a5e2789afa3081e1799990bfb5540c1fcc40a51386aac7e184,,,,"{""source_key"": NaN, ""source_path"": NaN, ""source_row_index"": 33, ""original_snippet_id"": ""35""}",,,33
rq0_0034,36,Buse,"			Class clas = object.getClass();
			Field field = Reflect.resolveJavaField( 
				clas, name, false/*onlyStatic*/ );
			if ( field != null )
				return new Variable( 
					name, field.getType(), new LHS( object, field ) );
",2.5454545454545454,-1.1799543607444758,0.2828947368421052,unreadable,unreadable,low,,java,6,1,1.0,5.0,Code,cfc0bb340b826f014a476bd545645eef209946b87e1993937e2ce5ad3e8810da,af9f9e23ad1f1411f1e7e12107d65f81f2feb3f86fde52e877c3d607e38aa4a4,,,,"{""source_key"": NaN, ""source_path"": NaN, ""source_row_index"": 34, ""original_snippet_id"": ""36""}",,,34
rq0_0035,37,Buse,"    
    for(AbstractPluginProgramFormating config : mConfigs)
      if(config != null && config.isValid())
        list.add(new ProgramReceiveTarget(this, config.getName(), config.getId()));
    
    if(list.isEmpty())
      list.add(new ProgramReceiveTarget(this, DEFAULT_CONFIG.getName(), DEFAULT_CONFIG.getId()));
    
    return list.toArray(new ProgramReceiveTarget[list.size()]);
",2.5785123966942147,-1.1272813896189193,0.29605263157894723,unreadable,unreadable,low,,java,6,1,1.0,5.0,Code,f12fd5cacee84493c579415cff706b1929ff3bf56037c61bb6170923b74463dc,cec6834f025dc1648a953f700076624bdab3496faa8ae69f947fdd572ca51990,,,,"{""source_key"": NaN, ""source_path"": NaN, ""source_row_index"": 35, ""original_snippet_id"": ""37""}",,,35
rq0_0036,38,Buse,"	Class<? extends Throwable> expectedException(Method method) {
		Test annotation= method.getAnnotation(Test.class);
		if (annotation.expected() == None.class)
			return null;
		else
			return annotation.expected();
",2.7768595041322315,-0.8112435628655795,0.375,unreadable,unreadable,low,,java,6,1,1.0,5.0,Code,41631da949f9236d706c857741093f54d1b1ab28fcc38f8d866d34af5bc2b262,30299fafd38b3bb463b8f55dc5d1fb6726a734a9ba1826df8d66ee0f6af9a535,,,,"{""source_key"": NaN, ""source_path"": NaN, ""source_row_index"": 36, ""original_snippet_id"": ""38""}",,,36
rq0_0037,39,Buse,"            row[1] = ns.getCatalogName(row[0]);
            row[2] = schema.equals(defschema) ? Boolean.TRUE
                                              : Boolean.FALSE;

            t.insertSys(row);
",2.9669421487603307,-0.5083739788936292,0.4506578947368421,unreadable,discard,mid,,java,4,1,1.0,5.0,Code,4816e01c8c9998459b3939956b0cb4e68fb6fcf28c5d652612d43c881a4798af,26e53efc76fe72b05b63d8a1791a0119fd617cae900a718854cc5101b850d948,,,,"{""source_key"": NaN, ""source_path"": NaN, ""source_row_index"": 37, ""original_snippet_id"": ""39""}",,,37
rq0_0038,40,Buse,"    /**
     * Handles an ""deliverGift""-request.
     * 
     * @param element The element (root element in a DOM-parsed XML tree) that
     *            holds all the information.
     */
    private Element deliverGift(Element element) {
        Element unitElement = Message.getChildElement(element, Unit.getXMLElementTagName());

        Unit unit = (Unit) getGame().getFreeColGameObject(unitElement.getAttribute(""ID""));
        unit.readFromXMLElement(unitElement);
",2.909090909090909,-0.6005516783633533,0.4276315789473684,unreadable,unreadable,low,,java,4,1,1.0,5.0,Code,bce5f5e2638939a91dc0a9800025114a6295c74bdd4382e0cbb93cb4d9cd4515,9cb494f6a30cc4e4cda8812e94fc1729fa6da5eeed67067a8c067e7466fc07f4,,,,"{""source_key"": NaN, ""source_path"": NaN, ""source_row_index"": 38, ""original_snippet_id"": ""40""}",,,38
rq0_0039,41,Buse,"      switch ((jj_ntk==-1)?jj_ntk():jj_ntk) {
      case EQ:
        t = jj_consume_token(EQ);
        break;
      case NE:
        t = jj_consume_token(NE);
",2.4214876033057853,-1.3774780024653124,0.23355263157894737,unreadable,unreadable,low,,java,6,1,1.0,5.0,Code,118d1b09c364959671332df9c84e1412331096b58775f1b5a942134733bd41a5,6069094bf026ac415b5528236a8d323229ce25f172484c23c0ded84ad033582d,,,,"{""source_key"": NaN, ""source_path"": NaN, ""source_row_index"": 39, ""original_snippet_id"": ""41""}",,,39
rq0_0040,42,Buse,"  public synchronized void removeProgram(Program program) {
    PluginTreeNode node = findProgramTreeNode(program, false);
    if (node != null) {
      mChildNodes.remove(node);
      if (mMarker != null) {
        program.unmark(mMarker);
",3.0826446280991737,-0.3240185799541812,0.4967105263157895,unreadable,discard,mid,,java,6,1,1.0,5.0,Code,5f3e18100ce33498f67b50597f509be79fde4ee7bad720215c19123128770a73,51f2086233d144eef8589cf8e693195c5f59106417d59d4775fa240586152bc5,,,,"{""source_key"": NaN, ""source_path"": NaN, ""source_row_index"": 40, ""original_snippet_id"": ""42""}",,,40
rq0_0041,43,Buse,"		private TestClassRunnerForParameters(Class<?> klass, Object[] parameters, int i) {
			super(klass);
			fParameters= parameters;
			fParameterSetNumber= i;
",3.289256198347108,0.005187489580547981,0.5789473684210528,unreadable,discard,mid,,java,4,1,1.0,5.0,Code,e5332faba671cbe7ef7a65f72e6c32475b9cb274b8ab36fd846fb3545ed9ab2e,5bd44eaaf26172ec0f68ea1ba54d771aebdaa805a31e5bd712b022a8a151bddd,,,,"{""source_key"": NaN, ""source_path"": NaN, ""source_row_index"": 41, ""original_snippet_id"": ""43""}",,,41
rq0_0042,44,Buse,"        void link(IndexRowIterator other) {

            other.next = next;
            other.last = this;
            next.last  = other;
",4.074380165289257,1.256170553812516,0.8914473684210528,readable,readable,high,,java,4,1,1.0,5.0,Code,df78a3cd472d9dcffb9dc423ed83b9ce6ba91bc3b8735a45e127564deb33d4a5,4662ee2ac2cff6a76e175fcce3d7b23c70086650fabc53ced50d0d39d85969c5,,,,"{""source_key"": NaN, ""source_path"": NaN, ""source_row_index"": 42, ""original_snippet_id"": ""44""}",,,42
rq0_0043,45,Buse,"        final String heightText = Messages.message(""height"");
        
        final JTextField inputWidth = new JTextField(Integer.toString(DEFAULT_WIDTH), COLUMNS);
        final JTextField inputHeight = new JTextField(Integer.toString(DEFAULT_HEIGHT), COLUMNS);
",3.84297520661157,0.8874597559336193,0.7993421052631577,readable,readable,high,,java,3,1,1.0,5.0,Code,bc192999c56b8d94fa066833dc69d294445781edfb93fc7cd76986d474d1b003,8483478ed51fec27e160ea9c104213071b2616ac4d1cf972bdda085d37dfdcc1,,,,"{""source_key"": NaN, ""source_path"": NaN, ""source_row_index"": 43, ""original_snippet_id"": ""45""}",,,43
rq0_0044,46,Buse,"	/**
		Get the top level namespace or this namespace if we are the top.
		Note: this method should probably return type bsh.This to be consistent
		with getThis();
	*/
    public This getGlobal( Interpreter declaringInterpreter )
    {
		if ( parent != null )
			return parent.getGlobal( declaringInterpreter );
		else
			return getThis( declaringInterpreter );
",3.760330578512397,0.7557773281197283,0.7664473684210527,readable,readable,high,,java,9,1,1.0,5.0,Code,92fd9f7e206f41a398524cc0ef112dd2d1227cb8e34670f426c320f28b080bc0,2e3006cecaa6c9dd8cab4a2c5b6e2bab1cf92b7e5d12955d4e14b48fb7c61203,,,,"{""source_key"": NaN, ""source_path"": NaN, ""source_row_index"": 44, ""original_snippet_id"": ""46""}",,,44
rq0_0045,47,Buse,"    /**
     * Read Settings
     * @param stream
     * @throws IOException
     * @throws ClassNotFoundException
     */
    public void readData(ObjectInputStream stream) throws IOException, ClassNotFoundException {
      int version = stream.readInt();
      mNumber = stream.readInt();
      mName = stream.readUTF();
",3.87603305785124,0.9401327270591763,0.8125,readable,readable,high,,java,4,1,1.0,5.0,Code,9a70f4164c7f0bba447eceecc10a9cbf0c496c7eddbb31c3370dee6050cedcee,36f5f7e6b98c2fd2526c6ce328442b9a609ae637c1a1fc93c346fd1f47d7c4d0,,,,"{""source_key"": NaN, ""source_path"": NaN, ""source_row_index"": 45, ""original_snippet_id"": ""47""}",,,45
rq0_0046,48,Buse,"	/**
	 * Constructs a comparison failure.
	 * @param message the identifying message or null
	 * @param expected the expected string value
	 * @param actual the actual string value
	 */
	public ComparisonFailure (String message, String expected, String actual) {
		super (message);
		fExpected= expected;
		fActual= actual;
",3.933884297520661,1.0323104265288996,0.8355263157894736,readable,readable,high,,java,4,1,1.0,5.0,Code,46f1f841cfb542552288f489e3d57ca8ad4805a65f13c3366b965fbb7c3d9084,b55f17fa6acbc43ec6446f72198e461c2b2ab32804d4a71df3f7dd1beff19274,,,,"{""source_key"": NaN, ""source_path"": NaN, ""source_row_index"": 46, ""original_snippet_id"": ""48""}",,,46
rq0_0047,49,Buse,"    public void close() {

        if (isClosed) {
            return;
        }

        isClosed = true;

        try {
            resultOut.setResultType(ResultConstants.SQLDISCONNECT);
",4.049586776859504,1.2166658254683484,0.8815789473684211,readable,readable,high,,java,7,1,1.0,5.0,Code,99f3b7f817a541e27027498675fa344bbb0844a1091349b6c61f78b67df46659,f9c0b18bbd17b96b4898e81f9e8bb0f238f06b8e6de9790301f0cadd8aed1729,,,,"{""source_key"": NaN, ""source_path"": NaN, ""source_row_index"": 47, ""original_snippet_id"": ""49""}",,,47
rq0_0048,50,Buse,"        public void actionPerformed(ActionEvent evt) {
            if (!hasFocus()) {
                stopBlinking();
            }

            if (blinkOn) {
                setOpaque(false);
                blinkOn = false;
",4.1652892561983474,1.4010212244077964,0.9276315789473685,readable,readable,high,,java,7,1,1.0,5.0,Code,2fc00ab96cb8879f64f5224afc00e2f2ae52d0623fa9a0d2f34e95cb756412b1,685cdcebea2d0676dfa5897dbd78d8e0581644e5ee27c38f247a4d5f4e1cffb0,,,,"{""source_key"": NaN, ""source_path"": NaN, ""source_row_index"": 48, ""original_snippet_id"": ""50""}",,,48
rq0_0049,51,Buse,"	private static String getBaseName( String className ) 
	{
		int i = className.indexOf(""$"");
		if ( i == -1 )
			return className;

		return className.substring(i+1);
",3.9173553719008254,1.0059739409661201,0.8289473684210521,readable,readable,high,,java,6,1,2.0,5.0,Code,db2f5ae5858a978d63951d79eb4809b74d138bf9a84e4b5649c5e50b7ef89cd3,7fdd26a1953c87ca1bc49282a794f3c61e360e8c5beda2b11b4292c476882ff8,,,,"{""source_key"": NaN, ""source_path"": NaN, ""source_row_index"": 49, ""original_snippet_id"": ""51""}",,,49
rq0_0050,52,Buse,"
    panel.add(UiUtilities.createHelpTextArea(mLocalizer.msg(""help"",""No endtime defined"")), cc.xy(1,1));
    
    mTimePanel = new TimeDateChooserPanel(date);
    panel.add(mTimePanel, cc.xy(1,3));
",2.644628099173554,-1.0219354473678057,0.3223684210526316,unreadable,unreadable,low,,java,3,1,1.0,5.0,Code,f047a801d987e87aebd96f88e193e7f86d837492f613687dc823da0ab09875aa,31a09cf49c8c862d5c062af54a5bdab9d540724fbdf2a033237129ebb0f53249,,,,"{""source_key"": NaN, ""source_path"": NaN, ""source_row_index"": 50, ""original_snippet_id"": ""52""}",,,50
rq0_0051,53,Buse,"		try {
			suiteMethod= klass.getMethod(""suite"");
			if (! Modifier.isStatic(suiteMethod.getModifiers())) {
				throw new Exception(klass.getName() + "".suite() must be static"");
			}
			suite= (Test) suiteMethod.invoke(null); // static method
",2.727272727272727,-0.8902530195539149,0.3552631578947367,unreadable,unreadable,low,,java,6,1,1.0,5.0,Code,c4c05f9041d47da27e0700680aa3cb0b5f580823b797df7a66de1b7e5ce8d4c0,4a1825f100f7c2d50e14b63b419d81d834ace980491d56fa3105b8a6a39e9fcf,,,,"{""source_key"": NaN, ""source_path"": NaN, ""source_row_index"": 51, ""original_snippet_id"": ""53""}",,,51
rq0_0052,54,Buse,"
            // ----------------------------------------------------------------
            // required
            // ----------------------------------------------------------------
            addColumn(t, ""PROCEDURE_CAT"", Types.VARCHAR);
            addColumn(t, ""PROCEDURE_SCHEM"", Types.VARCHAR);
            addColumn(t, ""PROCEDURE_NAME"", Types.VARCHAR, false);    // not null
",3.603305785123967,0.5055807152733344,0.7039473684210525,readable,discard,mid,,java,3,1,1.0,5.0,Code,a3765c1cd406a98a6e1e705c5cbad6067c556e8790e88d996a58fe545ac8dc33,287bac73cafdbab7a2ca739e24e0158b1bd6bbfce39e5c36a6c02460e2b95d80,,,,"{""source_key"": NaN, ""source_path"": NaN, ""source_row_index"": 52, ""original_snippet_id"": ""54""}",,,52
rq0_0053,55,Buse,"
        if (missionChip == null) {
            GraphicsConfiguration gc = GraphicsEnvironment.getLocalGraphicsEnvironment().getDefaultScreenDevice()
                    .getDefaultConfiguration();
            loadMissionChip(gc, color, expertMission);

            if (expertMission) {
                missionChip = expertMissionChips.get(color);
",2.71900826446281,-0.9034212623353036,0.35197368421052627,unreadable,unreadable,low,,java,6,1,1.0,5.0,Code,a9f6adb46d333543798b2a24894a2a211bd8396b82f9714429995d588ae2d9fc,1bf9797ac3a30f4924bde47ed1cc394e7d36969900e539c8dc5b532a37ed4269,,,,"{""source_key"": NaN, ""source_path"": NaN, ""source_row_index"": 53, ""original_snippet_id"": ""55""}",,,53
rq0_0054,56,Buse,"	/**
		Swap in the value as the new top of the stack and return the old
		value.
	*/
	public NameSpace swap( NameSpace newTop ) {
		NameSpace oldTop = (NameSpace)(stack.elementAt(0));
		stack.setElementAt( newTop, 0 );
		return oldTop;
",3.611570247933885,0.5187489580547245,0.7072368421052634,readable,discard,mid,,java,6,1,1.0,5.0,Code,dce3b95a4640e8d11bae2fa970b135cbb0ed78d73c31e3a249851c5bd6192193,e03ce6eb99f9116ad956a80e2d9d547406ec0245e65ff06599d9eb8f24610402,,,,"{""source_key"": NaN, ""source_path"": NaN, ""source_row_index"": 54, ""original_snippet_id"": ""56""}",,,54
rq0_0055,57,Buse,"      
      String classname = (String) in.readObject();
      String devname = (String)in.readObject();
      
      DeviceIf dev = DriverFactory.getInstance().createDevice(classname, devname);
",3.603305785123967,0.5055807152733344,0.7039473684210525,readable,discard,mid,,java,3,1,1.0,5.0,Code,9902988d9e0dbec1dcda1806f36a5204ea6d9445441b33f70e361bc5b5302210,ffc28fc11c1e83b8061273773e511c3a417601fec68742dbc8ca5f9ae367d1c6,,,,"{""source_key"": NaN, ""source_path"": NaN, ""source_row_index"": 55, ""original_snippet_id"": ""57""}",,,55
rq0_0056,58,Buse,"			String simpleName= runnerClass.getSimpleName();
			InitializationError error= new InitializationError(String.format(
					CONSTRUCTOR_ERROR_FORMAT, simpleName, simpleName));
			return Request.errorReport(fTestClass, error).getRunner();
",2.413223140495868,-1.3906462452467012,0.23026315789473695,unreadable,unreadable,low,,java,4,1,1.0,5.0,Code,82ed16f13a8f59979a6a19e4d9e8eacc2fa4fe02cea99507688f3bbafc437f78,edb96699bd08d7b42d7d849abc3cbd172ad1a50c3b98d61df1393bed1a40a66d,,,,"{""source_key"": NaN, ""source_path"": NaN, ""source_row_index"": 56, ""original_snippet_id"": ""58""}",,,56
rq0_0057,59,Buse,"    public boolean isReadOnly() throws HsqlException {

        Object info = getAttribute(Session.INFO_CONNECTION_READONLY);

        isReadOnly = ((Boolean) info).booleanValue();

        return isReadOnly;
",3.826446280991736,0.8611232703708418,0.792763157894737,readable,readable,high,,java,4,1,2.0,5.0,Code,5960a9943bff59ae0f4ad5cb37e7dd3412b04cb279436a7d2d9a8b09ad694edf,346bd1df6c2b73f408b4ee2911b08d193b95bf962c501134e851654b5a677af0,,,,"{""source_key"": NaN, ""source_path"": NaN, ""source_row_index"": 57, ""original_snippet_id"": ""59""}",,,57
rq0_0058,60,Buse," 
        boolean response = warehouseDialog.getResponseBoolean();
        remove(warehouseDialog);
        return response;
",3.884297520661157,0.9533009698405651,0.8157894736842104,readable,readable,high,,java,3,1,1.0,5.0,Code,b198891c7780c122e898489ea57dd2346015d6a6095ad4d7bb00e76c103296be,5ac374eb1aa6098a7c45a361de1dd01d6b8ffe45868a74308389b2a64cf67b4d,,,,"{""source_key"": NaN, ""source_path"": NaN, ""source_row_index"": 58, ""original_snippet_id"": ""60""}",,,58
rq0_0059,61,Buse,"			else if ( returnType.equals(""F"") )
				opcode = FRETURN;
			else if ( returnType.equals(""J"") )  //long
				opcode = LRETURN;

			cv.visitInsn(opcode);
",3.776859504132232,0.7821138136825072,0.7730263157894738,readable,readable,high,,java,5,1,1.0,5.0,Code,cddf293b20c93f59df56d4f57926c10d1bf592cb6df98b78b453ccaea8139cdd,65cf705c26ace6044c0472dd34747b4e1eb7b467d333aae301a66d844942fc97,,,,"{""source_key"": NaN, ""source_path"": NaN, ""source_row_index"": 59, ""original_snippet_id"": ""61""}",,,59
rq0_0060,62,Buse,"    String channelId;
    
    if (version==1) {
      dataServiceId = (String)in.readObject();
      channelId=""""+in.readInt();
",3.471074380165289,0.2948888307711074,0.651315789473684,readable,discard,mid,,java,4,1,1.0,5.0,Code,911e04a6e558f9940a6a1884f5e5250f2bb4a290f605d4da1a8d83728827bb9c,cae6e624004dfd613ab9f9cdc3e4fbe281e913ded30eb6c4bf44f57535839546,,,,"{""source_key"": NaN, ""source_path"": NaN, ""source_row_index"": 60, ""original_snippet_id"": ""62""}",,,60
rq0_0061,63,Buse,"	@Override
	public Description getDescription() {
		Description spec= Description.createSuiteDescription(getName());
		List<Method> testMethods= fTestMethods;
		for (Method method : testMethods)
				spec.addChild(methodDescription(method));
",2.652892561983471,-1.008767204586417,0.325657894736842,unreadable,unreadable,low,,java,6,1,1.0,5.0,Code,62bc1dc17cf12bcba85ea4f9b8657418d8d5a6c169bd050c272de8c3089711fe,db08f87ed2d053bcc7ef777d9bd98fd6a2fb3464897420c8afc4fd945c3c2d44,,,,"{""source_key"": NaN, ""source_path"": NaN, ""source_row_index"": 61, ""original_snippet_id"": ""63""}",,,61
rq0_0062,64,Buse,"
            while (classNames.hasNext()) {
                clsName         = (String) classNames.next();
                clsCat          = ns.getCatalogName(clsName);
                clsSchem        = ns.getSchemaName(clsName);
",3.5950413223140494,0.4924124724919449,0.7006578947368419,readable,discard,mid,,java,4,1,1.0,5.0,Code,4e6dcaa063210b786204bba41cabddd782ee7b60616f797d9ee293534811f83c,abd54f9c372f2aec809cbc83a259685a94b4896f945890281560f6d748a17671,,,,"{""source_key"": NaN, ""source_path"": NaN, ""source_row_index"": 62, ""original_snippet_id"": ""64""}",,,62
rq0_0063,65,Buse,"
        String[] texts = new String[messages.length];
        ImageIcon[] images = new ImageIcon[messages.length];
        for (int i = 0; i < messages.length; i++) {
            String ID = messages[i].getMessageID();
",3.2148760330578514,-0.11332669545195495,0.5493421052631579,unreadable,discard,mid,,java,4,1,1.0,5.0,Code,8b61ecedcb8993542df224b3750c04e48719e249c0f75ed004715955b50fcd4f,c13245f9355d12ca57cb048cfe727e9626504ecdbfb1c080977f700fb1039056,,,,"{""source_key"": NaN, ""source_path"": NaN, ""source_row_index"": 63, ""original_snippet_id"": ""65""}",,,63
rq0_0064,66,Buse,"
      mProgramTable.changeSelection(row, 0, false, false);

      Program p = (Program) mProgramTableModel.getValueAt(row, 1);

      JPopupMenu menu = devplugin.Plugin.getPluginManager().createPluginContextMenu(p, CapturePlugin.getInstance());
",2.603305785123967,-1.0877766612747517,0.30592105263157887,unreadable,unreadable,low,,java,3,1,1.0,5.0,Code,e6396600aa99327df2ce0b1639d29c3596a5a0aee7630dfa056558b20c39d6a5,4d9002328e650bc12c247e035305229ea2cc3bfd799bfdd5ab17f1d7c107f6f5,,,,"{""source_key"": NaN, ""source_path"": NaN, ""source_row_index"": 64, ""original_snippet_id"": ""66""}",,,64
rq0_0065,67,Buse,"  /**
   * Add one zero if neccessary
   * @param number
   * @return
   */
  private CharSequence addZero(int number) {
    StringBuilder builder = new StringBuilder();
    
    if (number < 10) {
      builder.append('0');
    }
    
    builder.append(Integer.toString(number));
",4.016528925619835,1.163992854342792,0.868421052631579,readable,readable,high,,java,6,1,1.0,5.0,Code,2693a7c31a63d4fd397159c3e9c684ed450342b14cd392ca80e4d31b4cc08352,d641a583f5aac24990c2a79ea5acd7c8462746eda88134d4a6cedaf633603275,,,,"{""source_key"": NaN, ""source_path"": NaN, ""source_row_index"": 65, ""original_snippet_id"": ""67""}",,,65
rq0_0066,68,Buse,"	@Override
	public void run(RunNotifier notifier) {
		TestResult result= new TestResult();
		result.addListener(createAdaptingListener(notifier));
		fTest.run(result);
",3.363636363636364,0.1237016746130502,0.6085526315789476,readable,discard,mid,,java,5,1,1.0,5.0,Code,93023544b3a0c30a3e33899afb20f67e453570f0742365afd04b2ad3d9234c95,9dd01456a1bd5522ea363cfa84f4328ce7de38ba7daae760b9c5952abb9f1a67,,,,"{""source_key"": NaN, ""source_path"": NaN, ""source_row_index"": 66, ""original_snippet_id"": ""68""}",,,66
rq0_0067,69,Buse,"        t.checkColumnsMatch(tc.core.mainColArray, tc.core.refTable,
                            tc.core.refColArray);
        session.commit();

        TableWorks tableWorks = new TableWorks(session, t);
",2.925619834710744,-0.5742151928005751,0.43421052631578944,unreadable,discard,mid,,java,4,1,1.0,5.0,Code,470e3c597b9547d178bad4e38ee0b56bbf62ad61533a97e5ca73057054055e25,cce4dd49f35aa75ed8b23b556840a7ee2495f6986bf116092022e755749820af,,,,"{""source_key"": NaN, ""source_path"": NaN, ""source_row_index"": 67, ""original_snippet_id"": ""69""}",,,67
rq0_0068,70,Buse,"        @Override
        public void mousePressed(MouseEvent e) {
            if (f.getDesktopPane() == null || f.getDesktopPane().getDesktopManager() == null) {
                return;
            }
            loc = SwingUtilities.convertPoint((Component) e.getSource(), e.getX(), e.getY(), null);
            f.getDesktopPane().getDesktopManager().beginDraggingFrame(f);
",2.4049586776859506,-1.4038144880280907,0.22697368421052636,unreadable,unreadable,low,,java,7,1,1.0,5.0,Code,02499cfac438c6cfe713a0332d5016b9a0baf330fc39b1f788624721fe821120,29219d094fb2c7dd35446f8bf99399e7beb89e85e6b2925ff7119f20a5312bbc,,,,"{""source_key"": NaN, ""source_path"": NaN, ""source_row_index"": 68, ""original_snippet_id"": ""70""}",,,68
rq0_0069,71,Buse,"	/**
		Translate bsh.Modifiers into ASM modifier bitflags.
	*/
	static int getASMModifiers( Modifiers modifiers ) 
	{
		int mods = 0;
		if ( modifiers == null )
			return mods;

		if ( modifiers.hasModifier(""public"") )
			mods += ACC_PUBLIC;
",3.6942148760330578,0.6504313858686148,0.7401315789473684,readable,discard,mid,,java,8,1,1.0,5.0,Code,454b632747b5e7330f6063844d79c3c5df413686f55c6c4e8eaedce76a191817,c5281221318dece7dfe5a2b2ed72d59c481c80b8a52b19dcc9a7aa1a82478a5f,,,,"{""source_key"": NaN, ""source_path"": NaN, ""source_row_index"": 69, ""original_snippet_id"": ""71""}",,,69
rq0_0070,72,Buse,"    public Component getListCellRendererComponent(JList list, Object value, int index, boolean isSelected, boolean cellHasFocus) {

        JLabel label = (JLabel) super.getListCellRendererComponent(list, value, index, isSelected, cellHasFocus);
        
        String str;
        
        if (value instanceof DeviceIf) {
            DeviceIf device = (DeviceIf)value; 
",2.8595041322314048,-0.6795611350516886,0.40789473684210514,unreadable,unreadable,low,,java,5,1,1.0,5.0,Code,7e3e1340b05ae425d0421553f7f1dcb4518655a7ce8819aa73a20b9ac2dd2d75,f38faabfa4a9d0cf25e0bff9506773310c5e7f893add5e088516a6d9d4984ec7,,,,"{""source_key"": NaN, ""source_path"": NaN, ""source_row_index"": 70, ""original_snippet_id"": ""72""}",,,70
rq0_0071,73,Buse,"		public String compact(String message) {
			if (fExpected == null || fActual == null || areStringsEqual())
				return Assert.format(message, fExpected, fActual);

			findCommonPrefix();
			findCommonSuffix();
",3.3801652892561984,0.1500381601758277,0.6151315789473684,readable,discard,mid,,java,5,1,1.0,5.0,Code,5672d31b5f8798731d84d05992efac63fa51ff7f9ea5c6aee73dc7d937d9a1c7,780bb4a85158059f9248b48308700daaebf20c5aa0bf0b1c7c59840ad23c56b0,,,,"{""source_key"": NaN, ""source_path"": NaN, ""source_row_index"": 71, ""original_snippet_id"": ""73""}",,,71
rq0_0072,74,Buse,"
        classNames = classNameSet.iterator();

        while (classNames.hasNext()) {
            className = (String) classNames.next();
            methods   = iterateRoutineMethods(className, andAliases);
",3.809917355371901,0.8347867848080629,0.7861842105263157,readable,readable,high,,java,4,1,1.0,5.0,Code,904a108e25fd9d5c9d67655c38596aacb2175d37a3609b18dd8a39a85c06fbe7,97782d65da4b2df5bfe3e6ca62cb4557770073c83f28229f253099b1ecaa5bce,,,,"{""source_key"": NaN, ""source_path"": NaN, ""source_row_index"": 72, ""original_snippet_id"": ""74""}",,,72
rq0_0073,75,Buse,"    /**
     * Generates a color chip image and stores it in memory.
     * 
     * @param gc The GraphicsConfiguration is needed to create images that are
     *            compatible with the local environment.
     * @param c The color of the color chip to create.
     */
    private void loadColorChip(GraphicsConfiguration gc, Color c) {
        BufferedImage tempImage = gc.createCompatibleImage(11, 17);
        Graphics g = tempImage.getGraphics();
        if (c.equals(Color.BLACK)) {
            g.setColor(Color.WHITE);
",3.396694214876033,0.1763746457386059,0.6217105263157894,readable,discard,mid,,java,5,1,1.0,5.0,Code,aaa684fa2b759f820f5f6b3eeeb91104d215af70b8fbc6bbe855e0c8ad662fb7,72960ee9177811c61363c32ad5c1185809cee80690045ffe0be1c9021f9dd492,,,,"{""source_key"": NaN, ""source_path"": NaN, ""source_row_index"": 73, ""original_snippet_id"": ""75""}",,,73
rq0_0074,76,Buse,"      
      out.writeObject(device.getDriver().getClass().getName());
      out.writeObject(device.getName());
      
      device.writeData(out);
",3.487603305785124,0.3212253163338863,0.6578947368421052,readable,discard,mid,,java,3,1,1.0,5.0,Code,6a62c4ee269d638f94edce0e9f7a315e1a4057ca3bb97a4fdc35337179ff7297,8f60af8ca879006c5a0fd46484155302a826196583928dcffd3dca2a485b63a0,,,,"{""source_key"": NaN, ""source_path"": NaN, ""source_row_index"": 74, ""original_snippet_id"": ""76""}",,,74
rq0_0075,77,Buse,"        
        File data = new File(Plugin.getPluginManager().getTvBrowserSettings().getTvBrowserUserHome()  + File.separator + 
                ""CaptureDevices"" + File.separator + mCount + "".dat"");
        
        ObjectOutputStream stream = new ObjectOutputStream(new FileOutputStream(data));
        
        dev.writeData(stream);
",2.727272727272727,-0.8902530195539149,0.3552631578947367,unreadable,unreadable,low,,java,4,1,1.0,5.0,Code,9ebda8386e6cb9eb0dd641040dcba0d10cc25f36a727d90651d7602d2dfb5986,c70a8ad660b310aa98a5e28eb5d3f6b5bd7199f65e375db02bfbf44c9bb8a38a,,,,"{""source_key"": NaN, ""source_path"": NaN, ""source_row_index"": 75, ""original_snippet_id"": ""77""}",,,75
rq0_0076,78,Buse,"	private static Class<?>[] getAnnotatedClasses(Class<?> klass) throws InitializationError {
		SuiteClasses annotation= klass.getAnnotation(SuiteClasses.class);
		if (annotation == null)
			throw new InitializationError(String.format(""class '%s' must have a SuiteClasses annotation"", klass.getName()));
		return annotation.value();
",2.2975206611570247,-1.57500164418615,0.18421052631578938,unreadable,unreadable,low,,java,5,1,1.0,5.0,Code,5223539534224b93d6a19a1ad11e7517ea3a08dae2f873985089bb5e50e5189b,b1498068e866d28a86509f67dfb059d22bc933b0f0b862167dcf089babfe475b,,,,"{""source_key"": NaN, ""source_path"": NaN, ""source_row_index"": 76, ""original_snippet_id"": ""78""}",,,76
rq0_0077,79,Buse,"
        for (int j = 0; j < fieldcount; j++) {
            int i = Column.compare(session.database.collation, a[cols[j]],
                                   b[cols[j]], coltypes[cols[j]]);

            if (i != 0) {
                return i;
            }
        }

        return 0;
",3.347107438016529,0.0973651890502713,0.6019736842105263,unreadable,discard,mid,,java,8,2,1.0,5.0,Code,bff54f77166fbac27c5344a54edafe1ecc680186e7cc3efe28798dfe84a1301a,d02a65c78338b7b0b195bfdf2840576fb5fd1994c0a72f7e4f4ae05efd8989c7,,,,"{""source_key"": NaN, ""source_path"": NaN, ""source_row_index"": 77, ""original_snippet_id"": ""79""}",,,77
rq0_0078,80,Buse,"    /**
     * Closes all panels, changes the background and shows the main menu.
     */
    public void returnToTitle() {
        // TODO: check if the GUI object knows that we're not
        // inGame. (Retrieve value of GUI::inGame.)  If GUI thinks
        // we're still in the game then log an error because at this
        // point the GUI should have been informed.
        closeMenus();
        removeInGameComponents();
        showMainPanel();
",4.148760330578512,1.3746847388450176,0.9210526315789472,readable,readable,high,,java,4,1,2.0,5.0,Code,acd4370da22f45c37bbe4054fdd8eec4c900259c0bace1f731b2fe93c5a14c4b,653ac2018a5f85ca835dd7475a8763580b77f81504ae118ddc5f338b2171a8c4,,,,"{""source_key"": NaN, ""source_path"": NaN, ""source_row_index"": 78, ""original_snippet_id"": ""80""}",,,78
rq0_0079,81,Buse,"	/**
		subsequent imports override earlier ones
	*/
    public void	importPackage(String name)
    {
		if(importedPackages == null)
			importedPackages = new Vector();

		// If it exists, remove it and add it at the end (avoid memory leak)
		if ( importedPackages.contains( name ) )
			importedPackages.remove( name );

		importedPackages.addElement(name);
",3.933884297520661,1.0323104265288996,0.8355263157894736,readable,readable,high,,java,8,1,1.0,5.0,Code,001afed29c6a224899ad5425523569f1faed87c05d2d16433002ef7db9e9a9c5,bb57f1519fd772e8fc903b6756352c561fccbe1aa0e9c54757c902e05bc11e9a,,,,"{""source_key"": NaN, ""source_path"": NaN, ""source_row_index"": 79, ""original_snippet_id"": ""81""}",,,79
rq0_0080,82,Buse,"        
        if(dataServiceId.compareTo(cmpDataServiceId) != 0) {
          return false;
        }
        
        String country = getCountry();
        String cmpCountry = cmp.getCountry();
",4.0,1.1376563687800132,0.8618421052631579,readable,readable,high,,java,5,1,1.0,5.0,Code,caee7d7929aed2c601e8cbd3fe70ca1f576a23961965760a5ffdedb61d426144,578817607ae291cec84d91a52533aec1f054bf8a7c7a6ae05e0cf657ef0eb938,,,,"{""source_key"": NaN, ""source_path"": NaN, ""source_row_index"": 80, ""original_snippet_id"": ""82""}",,,80
rq0_0081,83,Buse,"	public void filter(Filter filter) throws NoTestsRemainException {
		for (Iterator<Method> iter= fTestMethods.iterator(); iter.hasNext();) {
			Method method= iter.next();
			if (!filter.shouldRun(methodDescription(method)))
				iter.remove();
		}
		if (fTestMethods.isEmpty())
			throw new NoTestsRemainException();
",2.768595041322314,-0.824411805646969,0.3717105263157894,unreadable,unreadable,low,,java,8,1,1.0,5.0,Code,bd7b176ca031bf145ffb4364c83ad513f4e8b9764eb83e081ad1c1e60d03f840,f94c57f3c2a79902d3c77f0137d219c69b0d1514fcd5ef26e3241383d1ab8cfb,,,,"{""source_key"": NaN, ""source_path"": NaN, ""source_row_index"": 81, ""original_snippet_id"": ""83""}",,,81
rq0_0082,84,Buse,"        /* fredt - in FK constraints column lists for iColMain and iColRef have
           identical sets to visible columns of iMain and iRef respectively
           but the order of columns can be different and must be preserved
         */
        core.mainColArray = mainCols;
        core.colLen       = core.mainColArray.length;
        core.refColArray  = refCols;
",3.9421487603305785,1.045478669310289,0.8388157894736842,readable,readable,high,,java,5,1,1.0,5.0,Code,e85e2443439a1df8ecc3f87faf79f55bfacf79cf80e887090623fd1d655f69f6,463155d3b230efded3ee359d94d7640788ea4e881b10760968ea90b05c1feb26,,,,"{""source_key"": NaN, ""source_path"": NaN, ""source_row_index"": 82, ""original_snippet_id"": ""84""}",,,82
rq0_0083,85,Buse,"    /**
    * Adds a message to the list of messages that need to be displayed on the GUI.
    * @param message The message to add.
    */
    public synchronized void addMessage(GUIMessage message) {
        if (getMessageCount() == MESSAGE_COUNT) {
            messages.remove(0);
        }
        messages.add(message);

        freeColClient.getCanvas().repaint(0, 0, getWidth(), getHeight());
",3.603305785123967,0.5055807152733344,0.7039473684210525,readable,discard,mid,,java,6,1,1.0,5.0,Code,461ab75a356c779c339b85cf3f07720d28039cc9f63c93bdb0a18ac3b1e380d4,160dc6293eb968b25edd92c23d3b7e7b26d832955c46d9d811da8f7f55a00c05,,,,"{""source_key"": NaN, ""source_path"": NaN, ""source_row_index"": 83, ""original_snippet_id"": ""85""}",,,83
rq0_0084,86,Buse,"private static final boolean jjCanMove_1(int hiByte, int i1, int i2, long l1, long l2)
{
   switch(hiByte)
   {
      case 0:
         return ((jjbitVec0[i2] & l2) != 0L);
      default : 
         if ((jjbitVec1[i1] & l1) != 0L)
            return true;
         return false;
",2.644628099173554,-1.0219354473678057,0.3223684210526316,unreadable,unreadable,low,,java,10,1,1.0,5.0,Code,9454d422acaf6707e370eb0a41e7e9f9c597686e821d23f08e9cc171d123b451,b35767eea30dba83c134e8b5832536ab775326144546a472c81eacd3e717a845,,,,"{""source_key"": NaN, ""source_path"": NaN, ""source_row_index"": 84, ""original_snippet_id"": ""86""}",,,84
rq0_0085,87,Buse,"    private static Date correctTimeZone(final Date date) {
       Date ret=date;
       if(java.util.TimeZone.getDefault().useDaylightTime()){
            if(java.util.TimeZone.getDefault().inDaylightTime(date))
                ret.setTime(date.getTime()+1*60*60*1000);
        }
        return ret;
",2.87603305785124,-0.6532246494889097,0.4144736842105263,unreadable,unreadable,low,,java,7,1,1.0,5.0,Code,a767bfd3bf01530ea8382be037e706468af40a57ef98ad89e89e53bacd8144e9,2aa1232f04425382b46dca9b1071177b3d8662ba44ea3cf4598b6146dea47ab4,,,,"{""source_key"": NaN, ""source_path"": NaN, ""source_row_index"": 85, ""original_snippet_id"": ""87""}",,,85
rq0_0086,88,Buse,"	@Override
	public String getMessage() {
		StringBuilder builder= new StringBuilder();
		if (fMessage != null)
			builder.append(fMessage);
		builder.append(""arrays first differed at element "");
",3.231404958677686,-0.08699020988917676,0.555921052631579,unreadable,discard,mid,,java,6,1,1.0,5.0,Code,d7c4f5a114eb37750fbf6e8d20fc5f9085409fbf29c2ff2ab4a1a89ea717271a,6b62974ffa637cba5ca09f70e19a4d71b95ad731c7efac5b2419782a68565b21,,,,"{""source_key"": NaN, ""source_path"": NaN, ""source_row_index"": 86, ""original_snippet_id"": ""88""}",,,86
rq0_0087,89,Buse,"    String getStateString() {

        int state = getState();

        switch (state) {

            case DATABASE_CLOSING :
                return ""DATABASE_CLOSING"";

            case DATABASE_ONLINE :
                return ""DATABASE_ONLINE"";
",4.289256198347108,1.5985448661286332,0.9769736842105263,readable,readable,high,,java,7,1,1.0,5.0,Code,e4b54d97fc47d8d42dbee817c67da3a253589f1585742d0227493d9c8b83f59c,fe16122c7ac0357f01f5bf7d95dfceeffbfae3d114d39b1b0b33c86362266580,,,,"{""source_key"": NaN, ""source_path"": NaN, ""source_row_index"": 87, ""original_snippet_id"": ""89""}",,,87
rq0_0088,90,Buse,"    public boolean displayTileCursor(Tile tile, int canvasX, int canvasY) {
        if (currentMode == ViewMode.VIEW_TERRAIN_MODE) {

            Position selectedTilePos = gui.getSelectedTile();
            if (selectedTilePos == null)
                return false;

            if (selectedTilePos.getX() == tile.getX() && selectedTilePos.getY() == tile.getY()) {
                TerrainCursor cursor = gui.getCursor();
",3.355371900826446,0.11053343183166005,0.6052631578947367,unreadable,discard,mid,,java,7,1,1.0,5.0,Code,7986320b15d70508e9dce3a4acd7e77c38634c18c0bea1cda0177a9af4c9f9f8,c7ed017d11d4c49afa06b0e8ced1a5a7ebae083984f72c103be697e1426fa4b3,,,,"{""source_key"": NaN, ""source_path"": NaN, ""source_row_index"": 88, ""original_snippet_id"": ""90""}",,,88
rq0_0089,91,Buse,"private final int jjMoveStringLiteralDfa18_0(long old1, long active1, long old2, long active2)
{
   if (((active1 &= old1) | (active2 &= old2)) == 0L)
      return jjStartNfa_0(16, 0L, old1, old2); 
   try { curChar = input_stream.readChar(); }
   catch(java.io.IOException e) {
      jjStopStringLiteralDfa_0(17, 0L, active1, active2);
",2.090909090909091,-1.9042077137208784,0.10197368421052624,unreadable,unreadable,low,,java,7,1,1.0,5.0,Code,d378c07b32e05fd9d71cc6ed42147c89bb7a9fb90edb6f1dcc104fbc1907da4b,c71a992fae936156c03356fd12578ccdf581328a0f8cd6f6acd13e785f796b93,,,,"{""source_key"": NaN, ""source_path"": NaN, ""source_row_index"": 89, ""original_snippet_id"": ""91""}",,,89
rq0_0090,92,Buse,"    /**
     * Get the List of all available Channels
     * 
     * @return All available Channels
     */
    public ElgatoChannel[] getAvailableChannels() {
        ArrayList<ElgatoChannel> list = new ArrayList<ElgatoChannel>();

        String res = null;
        try {
            res = mAppleScript.executeScript(CHANNELLIST);
",3.363636363636364,0.1237016746130502,0.6085526315789476,readable,discard,mid,,java,5,1,1.0,5.0,Code,e338ec1c649a1a9cbb0640dddffde78344f60420a85311c4690fa4a7767235d0,d178cbe12a30c490eb9f515bf9198ca0874cd3b7315d224d3f92ff953d8ac1c1,,,,"{""source_key"": NaN, ""source_path"": NaN, ""source_row_index"": 90, ""original_snippet_id"": ""92""}",,,90
rq0_0091,93,Buse,"		private Method getParametersMethod() throws Exception {
			for (Method each : fKlass.getMethods()) {
				if (Modifier.isStatic(each.getModifiers())) {
					Annotation[] annotations= each.getAnnotations();
					for (Annotation annotation : annotations) {
						if (annotation.annotationType() == Parameters.class)
							return each;
					}
				}
			}
			throw new Exception(""No public static parameters method on class ""
					+ getName());
",2.355371900826446,-1.482823944716426,0.20723684210526308,unreadable,unreadable,low,,java,12,1,1.0,5.0,Code,6780b0ea3910472d20f4ff077dcb8716aa0d85417f13dd816bacffc619185c8c,4e9508018f3151790c50b5184e5330f59f9b98a771eed5990274fab4601e2326,,,,"{""source_key"": NaN, ""source_path"": NaN, ""source_row_index"": 91, ""original_snippet_id"": ""93""}",,,91
rq0_0092,94,Buse,"
        Node r = x.getRight();

        if (r != null) {
            x = r;

            Node l = x.getLeft();
",4.074380165289257,1.256170553812516,0.8914473684210528,readable,readable,high,,java,4,1,1.0,5.0,Code,f58230e01e7ea363d409404f2f8b5a23a868a5346c153980d4698766b914d232,87178e7ba17c6aab130350d5d587d5967bc5be740202c8ca08a407feca9f42c3,,,,"{""source_key"": NaN, ""source_path"": NaN, ""source_row_index"": 92, ""original_snippet_id"": ""94""}",,,92
rq0_0093,95,Buse,"        InGameInputHandler inGameInputHandler = freeColClient.getInGameInputHandler();

        freeColClient.getClient().setMessageHandler(inGameInputHandler);
        gui.setInGame(true);
",3.190082644628099,-0.1528314237961226,0.5394736842105262,unreadable,discard,mid,,java,3,1,1.0,5.0,Code,3a7755dd715cd82c0c86d92d439ef6616cc0f553939959d92bce00b31b5f1f96,add9287794a30649eb6bb2a0418630656857f8797fcabd694e94a14c893efe0a,,,,"{""source_key"": NaN, ""source_path"": NaN, ""source_row_index"": 93, ""original_snippet_id"": ""95""}",,,93
rq0_0094,96,Buse,"    /**
     * Applies this action.
     * 
     * @param e The <code>ActionEvent</code>.
     */
    public void actionPerformed(ActionEvent e) {
        final Game game = freeColClient.getGame();
        final Map map = game.getMap();

        Parameters p = showParametersDialog();
",3.809917355371901,0.8347867848080629,0.7861842105263157,readable,readable,high,,java,4,1,2.0,5.0,Code,bf8bb0a713b71a1145f586c22db7566393e5d08eaa04432bfe9f59212bb29023,ec01cb047a97a2896d9662007857c854b555a7246a05a25dc6d2dbc5a363bedd,,,,"{""source_key"": NaN, ""source_path"": NaN, ""source_row_index"": 94, ""original_snippet_id"": ""96""}",,,94
rq0_0095,97,Buse,"    public ActionMenu getButtonAction() {
        AbstractAction action = new AbstractAction() {

            public void actionPerformed(ActionEvent evt) {
                showDialog();
            }
        };
        action.putValue(Action.NAME, mLocalizer.msg(""CapturePlugin"", ""Capture Plugin""));
        action.putValue(Action.SMALL_ICON, createImageIcon(""mimetypes"", ""video-x-generic"", 16));
",2.909090909090909,-0.6005516783633533,0.4276315789473684,unreadable,unreadable,low,,java,8,1,1.0,5.0,Code,48faf357a86c0f7a464fe6a15b4c807ebc6ee996dd211357ea1328e3d1973135,59c02e16d915e5d6f586b72130f456a867ac671297a1e120eb141fd3fdb5ddae,,,,"{""source_key"": NaN, ""source_path"": NaN, ""source_row_index"": 95, ""original_snippet_id"": ""97""}",,,95
rq0_0096,98,Buse,"			Description description= Description.createSuiteDescription(name);
			int n= ts.testCount();
			for (int i= 0; i < n; i++)
				description.addChild(makeDescription(ts.testAt(i)));
",3.008264462809917,-0.44253276498668415,0.4671052631578946,unreadable,discard,mid,,java,4,1,1.0,5.0,Code,a5a069278d9ca77a1243563f3487bc79feefc27088cf1d73364dac48e93fdb5f,7a716f3880ea0bf5d0873a2237ffb9f170f9412bb95214d556de9de307327c4b,,,,"{""source_key"": NaN, ""source_path"": NaN, ""source_row_index"": 96, ""original_snippet_id"": ""98""}",,,96
rq0_0097,99,Buse,"
        if (expression.exprType != VALUE && expression.exprType != COLUMN
                && expression.exprType != FUNCTION
                && expression.exprType != ALTERNATIVE
                && expression.exprType != CASEWHEN
                && expression.exprType != CONVERT) {
            StringBuffer temp = new StringBuffer();

            ddl = temp.append('(').append(ddl).append(')').toString();
        }

        return ddl;
",2.958677685950413,-0.5215422216750187,0.44736842105263147,unreadable,discard,mid,,java,9,1,1.0,5.0,Code,4a904e5d0719679f562c370df24868908b3b934bbde0ea52e16915d9d086d442,f21b85bf14326db1abd1588ebb73b006e6c065e0cbe07804ad089949e23fc52c,,,,"{""source_key"": NaN, ""source_path"": NaN, ""source_row_index"": 97, ""original_snippet_id"": ""99""}",,,97
rq0_0098,100,Buse,"    private synchronized void purgeOldMessagesFromMessagesToIgnore(int thisTurn) {
        List<String> keysToRemove = new ArrayList<String>();
        for (Entry<String, Integer> entry : messagesToIgnore.entrySet()) {
            if (entry.getValue().intValue() < thisTurn - 1) {
                if (logger.isLoggable(Level.FINER)) {
                    logger.finer(""Removing old model message with key "" + entry.getKey() + "" from ignored messages."");
                }
                keysToRemove.add(entry.getKey());
",2.1322314049586777,-1.8383664998139326,0.1184210526315789,unreadable,unreadable,low,,java,8,1,1.0,5.0,Code,0822ecf82800c52dad1383d0216a49f38382aae722b0956fa25dffae0c9e01e1,336ebe05fd2f06658d5ad5b2f9ccccf9d98137958ad1651eb5b453ab7ed2d329,,,,"{""source_key"": NaN, ""source_path"": NaN, ""source_row_index"": 98, ""original_snippet_id"": ""100""}",,,98
rq0_0099,101,Dorn,"		long logoId = 0;

		Group group = null;

		try {
			group = getGroup();

			if (!group.isStagingGroup()) {
				return logoId;
			}
		}
		catch (Exception e) {
			return logoId;
		}

		Group liveGroup = group.getLiveGroup();

		LayoutSet liveLayoutSet = null;

		if (isPrivateLayout()) {
			liveLayoutSet = liveGroup.getPrivateLayoutSet();
		}
		else {
			liveLayoutSet = liveGroup.getPublicLayoutSet();
		}

		return liveLayoutSet.getLogoId();
	}

	@Override
	public String getSettings() {
		if (_settingsProperties == null) {
			return super.getSettings();
		}
		else {
			return _settingsProperties.toString();
		}
	}

	public UnicodeProperties getSettingsProperties() {
		if (_settingsProperties == null) {
			_settingsProperties = new UnicodeProperties(true);

			try {
				_settingsProperties.load(super.getSettings());
			}
			catch (IOException ioe) {
				_log.error(ioe, ioe);
			}
		}
",3.6666667461395264,0.739520701811303,0.756208671566705,readable,readable,high,,java,40,5,2.0,5.0,Code,27038ffab00a58633657c899c354622c9f79510962cdec47cb3de22ce786e545,bcdd67bb2c80999abecda0aab43b2188ddc315ab26b1295b1b51f5bcb7ec368a,,,,"{""source_key"": NaN, ""source_path"": NaN, ""source_row_index"": 0, ""original_snippet_id"": ""101""}",,,0
rq0_0100,103,Dorn,"			DB db = DBFactoryUtil.getDB();

			Thread currentThread = Thread.currentThread();

			ClassLoader classLoader = currentThread.getContextClassLoader();

			String tablesSQL = StringUtil.read(
				classLoader,
				""com/liferay/portal/tools/sql/dependencies/portal-tables.sql"");

			String indexesSQL = StringUtil.read(
				classLoader,
				""com/liferay/portal/tools/sql/dependencies/indexes.sql"");

			String indexesProperties = StringUtil.read(
				classLoader,
				""com/liferay/portal/tools/sql/dependencies/indexes.properties"");

			db.updateIndexes(
				tablesSQL, indexesSQL, indexesProperties, _dropIndexes);
		}
		catch (Exception e) {
			_log.error(e, e);
		}
	}

	public void upgradeProcess(int buildNumber) throws UpgradeException {
		if (buildNumber == ReleaseInfo.getBuildNumber()) {
			if (_log.isDebugEnabled()) {
				_log.debug(
					""Skipping upgrade process from "" + buildNumber + "" to "" +
						ReleaseInfo.getBuildNumber());
			}

			return;
		}

		String[] upgradeProcessClassNames = getUpgradeProcessClassNames(
			PropsKeys.UPGRADE_PROCESSES);

		if (upgradeProcessClassNames.length == 0) {
			upgradeProcessClassNames = getUpgradeProcessClassNames(
				PropsKeys.UPGRADE_PROCESSES + StringPool.PERIOD + buildNumber);

			if (upgradeProcessClassNames.length == 0) {
				if (_log.isInfoEnabled()) {
					_log.info(
						""Upgrading from "" + buildNumber + "" to "" +
							ReleaseInfo.getBuildNumber() + "" is not supported"");
				}
",3.2340426445007324,-0.24507613440702056,0.5543607841174228,unreadable,discard,mid,,java,39,1,1.0,5.0,Code,817d9bc0a2ab08ce7c92f5bd85a4b6f897e1dbe3c5d753ef2eaddcb8e508e865,d4f2678aa4da28c0259f26b7406281ac9ee2bde4c5c3802917356ffe060e5f2c,,,,"{""source_key"": NaN, ""source_path"": NaN, ""source_row_index"": 1, ""original_snippet_id"": ""103""}",,,1
rq0_0101,104,Dorn,"
	public SetServerManagerContextPathCommand( IRemoteServerWorkingCopy server, String serverManagerContextPath ) {
		super( server, ""Set Server Manager Context Path"" );
		this.serverManagerContextPath = serverManagerContextPath;
	}

	public void execute() {
		oldServerManagerContextPath = server.getServerManagerContextPath();
		server.setServerManagerContextPath( serverManagerContextPath );
	}
",3.080357074737549,-0.5948447330311896,0.4826562547797624,unreadable,unreadable,low,,java,8,2,1.0,5.0,Code,249406a09e1eeaee9d3850815c9ba6d045d5b95eafeba2b67e2cfdceda57f66a,b52e3859ab8bb658a0ce52daca82462f213229db19f1206fd710660480f6f293,,,,"{""source_key"": NaN, ""source_path"": NaN, ""source_row_index"": 2, ""original_snippet_id"": ""104""}",,,2
rq0_0102,105,Dorn,"			try {
				if (selenium.isVisible(""//section"")) {
					break;
				}
			}
			catch (Exception e) {
			}

			Thread.sleep(1000);
		}
",3.632478713989258,0.6617131359263368,0.7402576830770683,readable,readable,high,,java,9,2,1.0,5.0,Code,e9fead2125968be9f8ff5990723122c49a387d965b49fe6a1b563c323a7109f3,1b8f7d28dac53296826eb9defadd162bae8ee9c7f1e577a91a29ef4bee911b57,,,,"{""source_key"": NaN, ""source_path"": NaN, ""source_row_index"": 3, ""original_snippet_id"": ""105""}",,,3
rq0_0103,106,Dorn,"		createGroup(model, ""websites"", parameter_group);

		
		return model;
	}
	
	private static BasicPluginConfigModel createInstallationConfigGroup(final JythonPlugin plugin, final JythonPluginCore core, final JythonPluginInitialiser jpi, final BasicPluginConfigModel parent, final boolean init_ok) {
		BasicPluginConfigModel model = core.plugin_interface.getUIManager().createBasicPluginConfigModel(parent.getSection(), ""azjython.install"");
		addJythonStatusParameter(init_ok, core, model, false);
		
		// Things to disable upon installing Jython.
		final List disable_on_install = new ArrayList();

		// We reuse this multiple times to store parameters in a group.
		ArrayList parameter_group = new ArrayList();
		
		LabelParameter lp = model.addLabelParameter2(""azjython.config.auto_config.info"");
		final ActionParameter start_param = model.addActionParameter2(""azjython.blank"", ""azjython.config.auto_config.start"");
		final ActionParameter stop_param = model.addActionParameter2(""azjython.blank"", ""azjython.config.auto_config.stop"");
		start_param.setEnabled(!init_ok);
		stop_param.setEnabled(false);
				
		parameter_group.add(lp);
		parameter_group.add(start_param);
		parameter_group.add(stop_param);
		disable_on_install.add(start_param);
		disable_on_install.add(stop_param);
		createGroup(model, ""auto_config"", parameter_group);
				
		final DirectoryParameter dm = model.addDirectoryParameter2(""jython.path"", ""azjython.config.jythonpath"", """");
		disable_on_install.add(dm);
		parameter_group.add(dm);
					
		ActionParameter am = model.addActionParameter2(""azjython.config.install"", ""azjython.config.install.action"");
		disable_on_install.add(am);
		parameter_group.add(am);
		
		final ParameterListener auto_install_listener = new ParameterListener() {
			public void parameterChanged(Parameter p) {
				boolean installed = jpi.installJython(true);
				if (installed) {
					for (int i=0; i < disable_on_install.size(); i++) {
						((Parameter)disable_on_install.get(i)).setEnabled(false);
					}
				}
			}
		};
		
		am.addListener(auto_install_listener);
		am.setEnabled(!init_ok);
",3.54347825050354,0.45915952312931857,0.6987330535694916,readable,discard,mid,,java,37,3,1.0,5.0,Code,5e16f249bdd28abcd79ed55e08c2095279d65fed02039bf43d2be6340c1e98df,2f5317b331efd6f116da738d047f8dfd823d01ece2d1a28f5be09bff8af6e8f3,,,,"{""source_key"": NaN, ""source_path"": NaN, ""source_row_index"": 4, ""original_snippet_id"": ""106""}",,,4
rq0_0104,108,Dorn,"		return listenerID;
	}

	public String getMessageID() {
		return messageID;
	}

	public String getOperationID() {
		return operationID;
	}

	protected long getSequenceNo() {
		return lSequenceNo;
	}

	protected void setSequenceNo(long sequenceNo) {
		lSequenceNo = sequenceNo;
	}

	public String toString() {
		String paramString = parameters.toString();
		return ""PlaformMessage {""
				+ ""cn""
				+ contentNetworkID
				+ "", ""
				+ lSequenceNo
				+ "", ""
				+ messageID
				+ "", ""
				+ listenerID
				+ "", ""
				+ operationID
				+ "", ""
				+ (paramString.length() > 32767 ? paramString.substring(0, 32767)
						: paramString) + ""}"";
	}

	public String toShortString() {
		return (requiresAuthorization ? ""AUTH: "" : """") + getMessageID() + "".""
				+ getListenerID() + ""."" + getOperationID();
	}

	/**
	 * @return
	 *
	 * @since 3.1.1.1
	 */
	public boolean sendAZID() {
		return sendAZID;
	}
",3.039823055267334,-0.6870949502021848,0.46374444157079325,unreadable,unreadable,low,,java,38,9,1.0,5.0,Code,8770d0b70bd023ef8339be0a4dfc584d9a50cd2b9ff77a6961c491f7cb6ae768,9a3fe93f95fd4721ce87f30c6ff341cc7ebdfe6fc8e1727a76a6a8a1ef076c11,,,,"{""source_key"": NaN, ""source_path"": NaN, ""source_row_index"": 5, ""original_snippet_id"": ""108""}",,,5
rq0_0105,109,Dorn,"		else if (RUBY.getValue().equals(value)) {
			return RUBY;
		}

		throw new IllegalArgumentException(""Invalid value "" + value);
	}

	public String getValue() {
		return _value;
	}
",3.7136929035186768,0.8465461902194238,0.7781494984551804,readable,readable,high,,java,8,2,1.0,5.0,Code,5a56148a5e08a3be197c5d8df7ed7df7ea0a1adcd29635bac7dee0c4cd4c4c0e,45d450b85354b0851ff5c61941856ed14bd56f4198b789ce12063aed42d4f96a,,,,"{""source_key"": NaN, ""source_path"": NaN, ""source_row_index"": 6, ""original_snippet_id"": ""109""}",,,6
rq0_0106,111,Dorn,"
			sendRedirect(actionRequest, actionResponse);
		}
		catch (Exception e) {
			if (e instanceof PrincipalException) {
				SessionErrors.add(actionRequest, e.getClass().getName());

				setForward(actionRequest, ""portlet.sites_admin.error"");
			}
			else {
				throw e;
			}
		}
	}

	@Override
	public ActionForward render(
			ActionMapping mapping, ActionForm form, PortletConfig portletConfig,
			RenderRequest renderRequest, RenderResponse renderResponse)
		throws Exception {

		try {
			ActionUtil.getGroup(renderRequest);
			ActionUtil.getRole(renderRequest);

			Role role = (Role)renderRequest.getAttribute(WebKeys.ROLE);

			if (role != null) {
				String name = role.getName();

				if (name.equals(RoleConstants.ORGANIZATION_USER) ||
					name.equals(RoleConstants.SITE_MEMBER)) {

					throw new NoSuchRoleException();
				}
			}
		}
		catch (Exception e) {
			if (e instanceof NoSuchGroupException ||
				e instanceof NoSuchRoleException ||
				e instanceof PrincipalException) {

				SessionErrors.add(renderRequest, e.getClass().getName());

				return mapping.findForward(""portlet.sites_admin.error"");
			}
			else {
				throw e;
			}
		}
",3.324110746383667,-0.04009271387589107,0.5963835378724042,unreadable,discard,mid,,java,40,2,1.0,5.0,Code,cf6c6812dc8f878f79faeb2002aa60202f0dd039e91aa243b0ddd873d4f4030b,20563922208add209a22b11933c224f3aa19fdbdbdcafebac8f604ca0eddcdae,,,,"{""source_key"": NaN, ""source_path"": NaN, ""source_row_index"": 7, ""original_snippet_id"": ""111""}",,,7
rq0_0107,112,Dorn,"		float trialFitness = posFitnesses[solutionPosID];

		if(trialFitness BETTER_THAN fitnesses[solutionPosID])
		{
			posBetter = true;
			bias = 0.2f*bias + 0.4f*(dif+bias);
		}
		else
		{
			trialFitness = negFitnesses[solutionPosID];
			if(trialFitness BETTER_THAN fitnesses[solutionPosID])
			{
				negBetter = true;
				bias = bias - 0.4f*(dif+bias);
			}
		}

		if(posBetter || negBetter)
		{
			successes[solutionPosID]++;
			fails[solutionPosID] = 0;
			biases[solutionPosID] = bias;
			fitnesses[solutionPosID] = trialFitness;
			
		}
		else
		{
			successes[solutionPosID] = 0;
			fails[solutionPosID]++;
		}
",3.46399998664856,0.2782772124968096,0.661651162855371,readable,discard,mid,,java,27,3,1.0,5.0,Code,e9272fe2e9ef735a069b4d210abb51dd26f886f27ee04ff88ee1ea580dc8f6d1,d16d6be983d68e8303e72e01cdcb4a918e7939b88e702600f759b3af19f1a02f,,,,"{""source_key"": NaN, ""source_path"": NaN, ""source_row_index"": 8, ""original_snippet_id"": ""112""}",,,8
rq0_0108,115,Dorn,"		    	
		    	String	temp = """";
		    	
		    	for (int i=0;i<library_path.length();i++){
		    		
		    		char	c = library_path.charAt(i);
		    		
		    		if ( c != '""' ){
		    			
		    			temp += c;
		    			
		    		}else{
		    			
		    			changed	= true;
		    		}
		    	}
		    	
		    	library_path	= temp;
		    	
		    		// remove trailing separator chars if they exist as they stuff up
		    		// the following ""
		    	
		    	while( library_path.endsWith(File.separator)){
		    	
		    		changed = true;
		    		
		    		library_path = library_path.substring( 0, library_path.length()-1 );
		    	}
		    	
		    	if ( changed ){
",3.4590163230896,0.2669350349474289,0.6593259526848708,readable,discard,mid,,java,15,3,1.0,5.0,Code,3b9153e5b98b5cf82413e12ea0d6d09b16483b624e208bdddc4203afd4e84252,44e1d36d155f3fb9ec4e725c848ea91385970ba43e36b12074199f6160040a4f,,,,"{""source_key"": NaN, ""source_path"": NaN, ""source_row_index"": 9, ""original_snippet_id"": ""115""}",,,9
rq0_0109,116,Dorn,"		return (Address)message.get(_ADDRESS);
	}

	public static ClusterLink getClusterLink() {
		if ((_clusterLink == null) || !_clusterLink.isEnabled()) {
			if (_log.isWarnEnabled()) {
				_log.warn(""ClusterLinkUtil has not been initialized"");
			}

			return null;
		}

		return _clusterLink;
	}

	public static List<Address> getLocalTransportAddresses() {
		if ((_clusterLink == null) || !_clusterLink.isEnabled()) {
			if (_log.isWarnEnabled()) {
				_log.warn(""ClusterLinkUtil has not been initialized"");
			}

			return Collections.emptyList();
		}

		return _clusterLink.getLocalTransportAddresses();
	}

	public static List<Address> getTransportAddresses(Priority priority) {
		if ((_clusterLink == null) || !_clusterLink.isEnabled()) {
			if (_log.isWarnEnabled()) {
				_log.warn(""ClusterLinkUtil has not been initialized"");
			}

			return Collections.emptyList();
		}

		return _clusterLink.getTransportAddresses(priority);
	}

	public static boolean isForwardMessage(Message message) {
		return message.getBoolean(CLUSTER_FORWARD_MESSAGE);
	}

	public static void sendMulticastMessage(
		Message message, Priority priority) {

		if ((_clusterLink == null) || !_clusterLink.isEnabled()) {
			if (_log.isWarnEnabled()) {
				_log.warn(""ClusterLinkUtil has not been initialized"");
			}
",3.4110169410705566,0.15769461237882418,0.6369310518397391,readable,discard,mid,,java,38,13,1.0,5.0,Code,a9266bb27c9f06d168d6fe60eb39d91221be59564a7320c9f1f9efff0adb0e8e,fe348583814ebd156e480cf291fb084ccc972efd8f30a0e1ce3c66724867481e,,,,"{""source_key"": NaN, ""source_path"": NaN, ""source_row_index"": 10, ""original_snippet_id"": ""116""}",,,10
rq0_0110,117,Dorn,"				}
			}
		}
	}
	
	protected int
	isBuddy(
		Peer		peer )
	{
		String	peer_ip = peer.getIp();
",3.1290323734283447,-0.48406601101501884,0.505366515660935,unreadable,unreadable,low,,java,9,1,1.0,5.0,Code,e7a649ceda02c158fd93f385af8582e30581c429154df7b59f0f4f92ab27bb6c,eb79cd1690a70f17cb7ccc6643c012dd061f7c4b5781efd21c11791ba6b08d9b,,,,"{""source_key"": NaN, ""source_path"": NaN, ""source_row_index"": 11, ""original_snippet_id"": ""117""}",,,11
rq0_0111,118,Dorn,"		Category category );
		
  /**
   * A category has been removed from the CategoryManager
   * @param category Category that was removed
   */  
	public void
	categoryRemoved(
		Category category );
",2.045871496200561,-2.949200914026875,0.0,unreadable,unreadable,low,,java,4,1,1.0,5.0,Code,1b314110ff2b59296acb14d3b67054ce592807c36e9c56c72586fb242fa4a7de,d56b7cec86c72b6d1a3bc3fe51ae3befaabb141e9b3e348abc95e43c20bedf8e,,,,"{""source_key"": NaN, ""source_path"": NaN, ""source_row_index"": 12, ""original_snippet_id"": ""118""}",,,12
rq0_0112,119,Dorn,"
/**
 * @author Brian Wing Shun Chan
 */
public class PluginUtil {

	public static <P extends Plugin> List<P> restrictPlugins(
			List<P> plugins, long companyId, long userId)
		throws SystemException {

		List<P> visiblePlugins = new ArrayList<P>(plugins.size());

		for (P plugin : plugins) {
			PluginSetting pluginSetting =
				PluginSettingLocalServiceUtil.getPluginSetting(
					companyId, plugin.getPluginId(), plugin.getPluginType());

			if (pluginSetting.isActive() &&
				pluginSetting.hasPermission(userId)) {

				visiblePlugins.add(plugin);
			}
		}

		return visiblePlugins;
	}

	public static <P extends Plugin> List<P> restrictPlugins(
			List<P> plugins, User user)
		throws SystemException {
",3.054621934890747,-0.6534146027559996,0.47064910216942113,unreadable,unreadable,low,,java,19,4,1.0,5.0,Code,38ed6b369458899eef0728eda4e1a73e7b3eae6a8bed76af3540083310465917,943d0c99e54ff8deb223a39f9c400b08e483aef0fdeda57d6fb5626a3a1dcf9f,,,,"{""source_key"": NaN, ""source_path"": NaN, ""source_row_index"": 13, ""original_snippet_id"": ""119""}",,,13
rq0_0113,122,Dorn,"package org.bouncycastle.jce;

import java.util.Enumeration;

import org.bouncycastle.asn1.x9.X962NamedCurves;
import org.bouncycastle.asn1.x9.X9ECParameters;
import org.bouncycastle.jce.spec.ECNamedCurveParameterSpec;

/**
 * a table of locally supported named curves.
 */
public class ECNamedCurveTable
{
    /**
     * return a parameter spec representing the passed in named
     * curve. The routine returns null if the curve is not present.
     * 
     * @param name the name of the curve requested
     * @return a parameter spec for the curve, null if it is not available.
     */
    public static ECNamedCurveParameterSpec getParameterSpec(
        String  name)
    {
        X9ECParameters  ecP = X962NamedCurves.getByName(name);
        if (ecP == null)
        {
            return null;
        }

        return new ECNamedCurveParameterSpec(
                                        name,
                                        ecP.getCurve(),
                                        ecP.getG(),
                                        ecP.getN(),
                                        ecP.getH(),
                                        ecP.getSeed());

    }

    /**
     * return an enumeration of the names of the available curves.
     *
     * @return an enumeration of the names of the available curves.
     */
    public static Enumeration getNames()
    {
        return X962NamedCurves.getNames();
    }
",3.171428680419922,-0.38757746686520655,0.5251472097311095,unreadable,discard,mid,,java,27,3,1.0,5.0,Code,d6686147009e5096c8c83dc145194fb15975731697d64e986dcc68ea118e0dcc,80a87b621657591c0cbbe4526a351715b4bb42f6fdc6560f6a1399e894b66ed3,,,,"{""source_key"": NaN, ""source_path"": NaN, ""source_row_index"": 14, ""original_snippet_id"": ""122""}",,,14
rq0_0114,123,Dorn,"package net.sourceforge.squirrel_sql.client.gui.db;

import javax.swing.JFrame;

import net.sourceforge.squirrel_sql.client.ApplicationArguments;
import net.sourceforge.squirrel_sql.client.gui.db.aliasproperties.ConnectionPropertiesPanel;

public class ConnectionPropertiesPanelTestUI {

	
	
    /**
     * @param args
     */
    public static void main(String[] args) {
        ApplicationArguments.initialize(new String[] {});
        
        
        final JFrame frame = new JFrame(""Test ConnectionPropertiesPanel"");

        SQLAliasConnectionProperties props = new SQLAliasConnectionProperties();
        
        ConnectionPropertiesPanel panel = new ConnectionPropertiesPanel(props);
        
        frame.getContentPane().add(panel);
        frame.setSize(500,300);
        frame.setVisible(true);
        
        frame.setDefaultCloseOperation(JFrame.EXIT_ON_CLOSE);
",3.935483932495117,1.3513140582244638,0.8816297495195901,readable,readable,high,,java,14,1,1.0,5.0,Code,defca00bc4bbc86f0292caf39cd6ff958b4d09aa9e8c806a2aeb689d5625cad9,a80d93c2154dc1046eb143b61473659b3ff63e74a3be3e875bc9c4ebc0eaff7c,,,,"{""source_key"": NaN, ""source_path"": NaN, ""source_row_index"": 15, ""original_snippet_id"": ""123""}",,,15
rq0_0115,124,Dorn,"				if (selenium.isVisible(
							""//td[@id='cke_contents__19_editor']/iframe"")) {
					break;
				}
			}
			catch (Exception e) {
			}

			Thread.sleep(1000);
		}
",3.865079402923584,1.191082400281727,0.8487813587178692,readable,readable,high,,java,9,2,1.0,5.0,Code,d1a21f1b1e711db5a48aff1d6ace7511d2028dba2ac365ca0414128ac7519537,c7e8191eee313287c60360c05ce07f0d2e50d6142ce382b7c460ab47c22a6ac4,,,,"{""source_key"": NaN, ""source_path"": NaN, ""source_row_index"": 16, ""original_snippet_id"": ""124""}",,,16
rq0_0116,125,Dorn,"/**
 * Copyright (c) 2000-2012 Liferay, Inc. All rights reserved.
 *
 * This library is free software; you can redistribute it and/or modify it under
 * the terms of the GNU Lesser General Public License as published by the Free
 * Software Foundation; either version 2.1 of the License, or (at your option)
 * any later version.
 *
 * This library is distributed in the hope that it will be useful, but WITHOUT
 * ANY WARRANTY; without even the implied warranty of MERCHANTABILITY or FITNESS
 * FOR A PARTICULAR PURPOSE. See the GNU Lesser General Public License for more
 * details.
 */

package com.liferay.portal.sharepoint.methods;

import com.liferay.portal.sharepoint.ResponseElement;
import com.liferay.portal.sharepoint.SharepointRequest;
import com.liferay.portal.sharepoint.SharepointStorage;

import java.util.ArrayList;
import java.util.List;

/**
 * @author Bruno Farache
 */
public class UncheckoutDocumentMethodImpl extends BaseMethodImpl {

	public String getMethodName() {
		return _METHOD_NAME;
	}

	@Override
	public String getRootPath(SharepointRequest sharepointRequest) {
		return sharepointRequest.getParameterValue(""document_name"");
	}

	@Override
	protected List<ResponseElement> getElements(
			SharepointRequest sharepointRequest)
		throws Exception {

		List<ResponseElement> elements = new ArrayList<ResponseElement>();

		SharepointStorage storage = sharepointRequest.getSharepointStorage();

		elements.add(storage.getDocumentTree(sharepointRequest));

		return elements;
	}
",3.011857748031616,-0.7507403941889145,0.4506967676986781,unreadable,unreadable,low,,java,23,3,1.0,5.0,Code,f5ebca4c366a6ce16df88267b7f822a4180eeb094934db84c7d38dde5200d453,989e0433cada4e1cc2f09e97cf20e2f8cdba3103580e11e789569f28a2ef9b45,,,,"{""source_key"": NaN, ""source_path"": NaN, ""source_row_index"": 17, ""original_snippet_id"": ""125""}",,,17
rq0_0117,126,Dorn,"	getLeecherCount();
	
		/**
		 * Gives access to the number of peers that have failed NAT checks, 0 if NAT checking
		 * is disabled.
		 * @return
		 */
	
	public int
	getBadNATCount();
",3.661157131195069,0.7269815265260033,0.7536380701300651,readable,readable,high,,java,3,1,1.0,5.0,Code,e289f179b2f8afe510060aa5a25eb466064155e37221ddff210fc674f21e117b,9d6cac3ffdde49f38dbaa77982f966b339952121b9a600e28e0b9bdea74216b3,,,,"{""source_key"": NaN, ""source_path"": NaN, ""source_row_index"": 18, ""original_snippet_id"": ""126""}",,,18
rq0_0118,127,Dorn,"			""8"", ""com.liferay.portlet.calendar"",
			new String[] {""ADD_EVENT"", ""EXPORT_ALL_EVENTS""});

		updatePortletPermissions(
			""20"", ""com.liferay.portlet.documentlibrary"",
			new String[] {""ADD_FOLDER""});

		updatePortletPermissions(
			""31"", ""com.liferay.portlet.imagegallery"",
			new String[] {""ADD_FOLDER""});

		updatePortletPermissions(
			""15"", ""com.liferay.portlet.journal"",
			new String[] {
				""ADD_ARTICLE"", ""ADD_FEED"", ""ADD_STRUCTURE"", ""ADD_TEMPLATE"",
				""APPROVE_ARTICLE""
			});

		updatePortletPermissions(
			""19"", ""com.liferay.portlet.messageboards"",
			new String[] {""ADD_CATEGORY"", ""BAN_USER""});

		updatePortletPermissions(
			""25"", ""com.liferay.portlet.polls"", new String[] {""ADD_QUESTION""});

		updatePortletPermissions(
			""34"", ""com.liferay.portlet.shopping"",
			new String[] {""ADD_CATEGORY"", ""MANAGE_COUPONS"", ""MANAGE_ORDERS""});

		updatePortletPermissions(
			""98"", ""com.liferay.portlet.softwarecatalog"",
			new String[] {""ADD_FRAMEWORK_VERSION"", ""ADD_PRODUCT_ENTRY""});

		updatePortletPermissions(
			""99"", ""com.liferay.portlet.tags"",
			new String[] {""ADD_ENTRY"", ""ADD_VOCABULARY""});

		updatePortletPermissions(
			""36"", ""com.liferay.portlet.wiki"", new String[] {""ADD_NODE""});
	}

	protected Object[] getLayout(long plid) throws Exception {
		Connection con = null;
		PreparedStatement ps = null;
		ResultSet rs = null;

		try {
			con = DataAccess.getConnection();

			ps = con.prepareStatement(_GET_LAYOUT);
",3.475806474685669,0.30514726140104875,0.6671596739611054,readable,discard,mid,,java,38,1,1.0,5.0,Code,3093c63d294075345fe8b7f0b75b5ed078f49f921c28d38b1eba84181e4e9e67,0414aea5ff48b2d25e87edb409f876b175bda798edf7a38d0d228ac229643d23,,,,"{""source_key"": NaN, ""source_path"": NaN, ""source_row_index"": 19, ""original_snippet_id"": ""127""}",,,19
rq0_0119,128,Dorn,"package net.sourceforge.squirrel_sql.plugins.graph;

import java.awt.*;

public class ConnectionPoints
{
   Point[] points;
   boolean pointsAreLeftOfWindow;

",3.121951103210449,-0.5001820716471844,0.5020626326166817,unreadable,unreadable,low,,java,6,1,1.0,5.0,Code,1d05b16cb876d067e549baaaacadc5ac8153b54df4aaabb8c3850ae9e00edd9a,9916b13d0ad7d279a381255c3d97f17a74f1a5992fd799e971efa7e9e52d89c4,,,,"{""source_key"": NaN, ""source_path"": NaN, ""source_row_index"": 20, ""original_snippet_id"": ""128""}",,,20
rq0_0120,129,Dorn,"						""_2_announcementsTypetestEmailCheckbox"");

				if (testEmailChecked) {
					label = 6;

					continue;
				}

				selenium.clickAt(""_2_announcementsTypetestEmailCheckbox"",
					RuntimeVariables.replace(""""));
",4.1479997634887695,1.8349727680606498,0.9807825044703811,readable,readable,high,,java,7,1,1.0,5.0,Code,d71c331f1c2b92c65c4bf01da77f63713c44c96dc5e33a8e67d898df1de24c9a,7ba438e418baaafce87576b8abc30be008392106d99c1d311a560e231d818cb8,,,,"{""source_key"": NaN, ""source_path"": NaN, ""source_row_index"": 21, ""original_snippet_id"": ""129""}",,,21
rq0_0121,130,Dorn,"	public void setCompanyId(long companyId);

	/**
	 * Returns the user ID of this meetups registration.
	 *
	 * @return the user ID of this meetups registration
	 */
	public long getUserId();

	/**
	 * Sets the user ID of this meetups registration.
	 *
	 * @param userId the user ID of this meetups registration
	 */
	public void setUserId(long userId);

	/**
	 * Returns the user uuid of this meetups registration.
	 *
	 * @return the user uuid of this meetups registration
	 * @throws SystemException if a system exception occurred
	 */
	public String getUserUuid() throws SystemException;

	/**
	 * Sets the user uuid of this meetups registration.
	 *
	 * @param userUuid the user uuid of this meetups registration
	 */
	public void setUserUuid(String userUuid);
",3.1875,-0.3510012096653474,0.532645548111872,unreadable,discard,mid,,java,5,1,1.0,5.0,Code,90a616891d0bd5148bb5f66fdc383cf5840d312583c3475724d5ae54bbc62468,b5248882c2f876b6501a7924acfbd9a4d0a95d54fc304dbbf7990ef20ebc8e6d,,,,"{""source_key"": NaN, ""source_path"": NaN, ""source_row_index"": 22, ""original_snippet_id"": ""130""}",,,22
rq0_0122,131,Dorn,"		if (name == null) {
			throw new IllegalArgumentException();
		}

		_events.add(new EventImpl(name.getLocalPart(), name, value));
	}

	public void setEvent(String name, Serializable value) {
		if (name == null) {
			throw new IllegalArgumentException();
		}

		setEvent(new QName(getDefaultNamespace(), name), value);
	}

	public void setPortletMode(PortletMode portletMode)
		throws PortletModeException {

		if (_redirectLocation != null) {
			throw new IllegalStateException();
		}

		if (!_portletRequestImpl.isPortletModeAllowed(portletMode)) {
			throw new PortletModeException(portletMode.toString(), portletMode);
		}

		try {
			_portletMode = PortalUtil.updatePortletMode(
				_portletName, _user, _layout, portletMode,
				_portletRequestImpl.getHttpServletRequest());
",4.171875,1.889309736906987,0.9919218886005964,readable,readable,high,,java,23,3,1.0,5.0,Code,c2e02f24cce19d6b9737310de2c49e053d74416e0304b13e9e95d1626b21b470,e6e1fa9b0b371c1f5492f5704e2d737585004a811d5e7c4139e5a4b99195a2de,,,,"{""source_key"": NaN, ""source_path"": NaN, ""source_row_index"": 23, ""original_snippet_id"": ""131""}",,,23
rq0_0123,132,Dorn,"			_instance._disconnect();
		}
	}

	public static void send(String to, String msg) {
		_instance._send(to, msg);
	}

	public void update(Observable obs, Object obj) {
		_connecting = false;
",3.251908302307129,-0.20441619408815273,0.5626963004986246,unreadable,discard,mid,,java,8,1,1.0,5.0,Code,509583c73503a19ad7094cb48a43d4a2c92d81fcbb9f5421be2673e42e9c1b79,c0523827b14511017ad0a8ca9e9ff8686b610a5bbf93605ee007ee0f0a1f7374,,,,"{""source_key"": NaN, ""source_path"": NaN, ""source_row_index"": 24, ""original_snippet_id"": ""132""}",,,24
rq0_0124,133,Dorn,"				WorkflowConstants.CONTEXT_ENTRY_CLASS_NAME));

		if (workflowContext.containsKey(
				WorkflowConstants.CONTEXT_ENTRY_CLASS_PK)) {

			kaleoInstanceToken.setClassPK(
				GetterUtil.getLong(
					(String)workflowContext.get(
						WorkflowConstants.CONTEXT_ENTRY_CLASS_PK)));
		}
",3.705660343170166,0.8282651155499416,0.7744017753602026,readable,readable,high,,java,8,1,1.0,5.0,Code,e58987f58ad56bf7120f22c83bcfdda6084f82b78abc301b5bd9594f1573d4c1,a0e20d6735224a1c72c39b709a6d44a2ab48d45b8335a18fc2aed0de79e33e52,,,,"{""source_key"": NaN, ""source_path"": NaN, ""source_row_index"": 25, ""original_snippet_id"": ""133""}",,,25
rq0_0125,134,Dorn,"/**
 * Copyright (c) 2000-2012 Liferay, Inc. All rights reserved.
 *
 * This library is free software; you can redistribute it and/or modify it under
 * the terms of the GNU Lesser General Public License as published by the Free
 * Software Foundation; either version 2.1 of the License, or (at your option)
 * any later version.
 *
 * This library is distributed in the hope that it will be useful, but WITHOUT
 * ANY WARRANTY; without even the implied warranty of MERCHANTABILITY or FITNESS
 * FOR A PARTICULAR PURPOSE. See the GNU Lesser General Public License for more
 * details.
 */

package com.liferay.portal.workflow.kaleo.runtime.util;

import com.liferay.portal.kernel.json.JSONFactoryUtil;
import com.liferay.portal.kernel.json.JSONObject;
import com.liferay.portal.service.ServiceContext;
import com.liferay.portal.workflow.kaleo.model.KaleoInstanceToken;
import com.liferay.portal.workflow.kaleo.model.KaleoTaskInstanceToken;
import com.liferay.portal.workflow.kaleo.runtime.ExecutionContext;
import com.liferay.portal.workflow.kaleo.service.KaleoInstanceTokenLocalServiceUtil;
import com.liferay.portal.workflow.kaleo.service.KaleoTaskInstanceTokenLocalServiceUtil;
import com.liferay.portal.workflow.kaleo.util.WorkflowContextUtil;

import java.io.Serializable;

import java.util.Map;
",2.7649402618408203,-1.3126928485009026,0.3354933549135263,unreadable,unreadable,low,,java,12,1,1.0,5.0,Code,da9ab4d263f7bac46530e1ee1a66ba3eb52a3fff64d24f8bd5c2c4d2018091c5,428961cc32df246f61f9b4f9dc646f123a66740e269ba92a970d551b22baf477,,,,"{""source_key"": NaN, ""source_path"": NaN, ""source_row_index"": 26, ""original_snippet_id"": ""134""}",,,26
rq0_0126,135,Dorn,"
		long fileEntryTypeId = ParamUtil.getLong(
			serviceContext, ""fileEntryTypeId"", -1L);
		Map<String, Fields> fieldsMap = getFieldsMap(
			serviceContext, fileEntryTypeId);

		DLFileEntry dlFileEntry = dlFileEntryLocalService.updateFileEntry(
			userId, fileEntryId, sourceFileName, mimeType, title, description,
			changeLog, majorVersion, fileEntryTypeId, fieldsMap, null, is, size,
			serviceContext);
",3.8793773651123047,1.2236227240456061,0.855452308051692,readable,readable,high,,java,8,1,1.0,5.0,Code,3e484005b0c3bd48a56c26beb6ddfbfffef786665bae2192db9e9b9b02403201,47be8f9b02c9f6e3f84494ef57caaa05ec5633b006ea28f4f165a47ce866db48,,,,"{""source_key"": NaN, ""source_path"": NaN, ""source_row_index"": 27, ""original_snippet_id"": ""135""}",,,27
rq0_0127,136,Dorn,"	 */
	public UserFinder getUserFinder() {
		return userFinder;
	}

	/**
	 * Sets the user finder.
	 *
	 * @param userFinder the user finder
	 */
	public void setUserFinder(UserFinder userFinder) {
		this.userFinder = userFinder;
	}

	/**
	 * Returns the asset entry local service.
	 *
	 * @return the asset entry local service
	 */
	public AssetEntryLocalService getAssetEntryLocalService() {
		return assetEntryLocalService;
	}

	/**
	 * Sets the asset entry local service.
	 *
	 * @param assetEntryLocalService the asset entry local service
	 */
	public void setAssetEntryLocalService(
		AssetEntryLocalService assetEntryLocalService) {
		this.assetEntryLocalService = assetEntryLocalService;
	}

	/**
	 * Returns the asset entry remote service.
	 *
	 * @return the asset entry remote service
	 */
	public AssetEntryService getAssetEntryService() {
		return assetEntryService;
	}

	/**
	 * Sets the asset entry remote service.
	 *
	 * @param assetEntryService the asset entry remote service
	 */
	public void setAssetEntryService(AssetEntryService assetEntryService) {
		this.assetEntryService = assetEntryService;
	}
",2.878048896789551,-1.0552721368539235,0.3882660481827864,unreadable,unreadable,low,,java,19,6,1.0,5.0,Code,f612275f1b4f9cd0a8ec1d39acc21af226507bec195cbedd21d1aebfe072b45c,a503df195bc776cc03fa62b02b3d62ff08fb20240f73552c5e5260ee7d5e61f0,,,,"{""source_key"": NaN, ""source_path"": NaN, ""source_row_index"": 28, ""original_snippet_id"": ""136""}",,,28
rq0_0128,137,Dorn,"public abstract class AliasAction extends SquirrelAction
{
   /** Logger for this class. */
   private static ILogger s_log =
      LoggerController.createLogger(DeleteAliasAction.class);
   /** Internationalized strings for this class. */
   private static final StringManager s_stringMgr =
       StringManagerFactory.getStringManager(DeleteAliasAction.class);

   public AliasAction(IApplication app)
   {
      super(app);
   }

   protected void moveToFrontAndSelectAliasFrame()
   {
      IApplication app = getApplication();
      AliasesListInternalFrame tw = app.getWindowManager().getAliasesListInternalFrame();
      tw.moveToFront();
      try
      {
         tw.setSelected(true);
      }
      catch (PropertyVetoException ex)
      {
            //i18n[DeleteAliasAction.error.selectingwindow=Error selecting window]
         s_log.error(s_stringMgr.getString(""DeleteAliasAction.error.selectingwindow""), ex);
      }
   }
",4.127572059631348,1.7884819403119563,0.9712516233811375,readable,readable,high,,java,24,3,1.0,5.0,Code,647de0ff21ad7c00f377c012ec19eca638d8afe6b589d7ab9f72d70ced3828a1,fd9113b72a2c7da6b81f2c375c1608827b2f4abfbb710b2efcc90ec177bdb267,,,,"{""source_key"": NaN, ""source_path"": NaN, ""source_row_index"": 29, ""original_snippet_id"": ""137""}",,,29
rq0_0129,138,Dorn,"		DownloadListener	l )
	{
	}

	public void 
	addCompletionListener(
		DownloadCompletionListener l ) 
	{
		notSupported();
	}
	
	public void 
	removeCompletionListener(
		DownloadCompletionListener l ) 
	{
		notSupported();
	}
	
	public void
	addTrackerListener(
		DownloadTrackerListener	l )
	{
	}

	public void 
	addTrackerListener(
		DownloadTrackerListener l, 
		boolean immediateTrigger)
	{
	}
  
	public void
	removeTrackerListener(
		DownloadTrackerListener	l )
	{
	}

	public void
	addDownloadWillBeRemovedListener(
		DownloadWillBeRemovedListener	l )
	{
		notSupported();
	}

	public void
	removeDownloadWillBeRemovedListener(
		DownloadWillBeRemovedListener	l )
	{
		notSupported();
	}
",3.401639461517334,0.13635267450520594,0.6325558345778095,readable,discard,mid,,java,43,7,1.0,5.0,Code,38da1038462fb2fabfffed5ded590a800f413c1390a9e9c7241e84e6a67ded42,ff8c81d8d08445e5f2446da08bc9ef9eef8bfe6d1132d561687e2d2197c4e4c1,,,,"{""source_key"": NaN, ""source_path"": NaN, ""source_row_index"": 30, ""original_snippet_id"": ""138""}",,,30
rq0_0130,139,Dorn," */
public class AuthTokenWrapper implements AuthToken {

	public AuthTokenWrapper(AuthToken authToken) {
		_authToken = authToken;
		_originalAuthToken = authToken;
	}

	public void check(HttpServletRequest request) throws PortalException {
		_authToken.check(request);
	}

	public String getToken(HttpServletRequest request) {
		return _authToken.getToken(request);
	}

	public String getToken(
		HttpServletRequest request, long plid, String portletId) {

		return _authToken.getToken(request, plid, portletId);
	}

	public void setAuthToken(AuthToken authToken) {
		if (authToken == null) {
			_authToken = _originalAuthToken;
		}
		else {
			_authToken = authToken;
		}
	}
",3.07112979888916,-0.6158448265831262,0.4783511175258419,unreadable,unreadable,low,,java,23,6,1.0,5.0,Code,6c78048fe631fe743f3503ae1b8b5df6691e1cda321d696f659dd39e537e85ae,c0f962563e2518b6362e9efc5b321bdd56375161dad02d1516d50568e214ce73,,,,"{""source_key"": NaN, ""source_path"": NaN, ""source_row_index"": 31, ""original_snippet_id"": ""139""}",,,31
rq0_0131,140,Dorn,"		}
		catch (Exception e) {
			_log.error(e, e);

			throw new RemoteException(e.getMessage());
		}
	}

	public static void testCounterIncrement_Rollback()
		throws RemoteException {
		try {
			PortalServiceUtil.testCounterIncrement_Rollback();
		}
		catch (Exception e) {
			_log.error(e, e);

			throw new RemoteException(e.getMessage());
		}
	}

	public static void testDeleteClassName() throws RemoteException {
		try {
			PortalServiceUtil.testDeleteClassName();
		}
		catch (Exception e) {
			_log.error(e, e);

			throw new RemoteException(e.getMessage());
		}
	}
",3.5742971897125244,0.5292994666179637,0.7131121363556725,readable,readable,high,,java,25,5,1.0,5.0,Code,b1430a675a7b94ca771a913eb8c2ad31c991730c0035f38dcce8288c7114fc30,2173081151e7f1e28de3ad8358798d93c5386bfaa53ec96a229842570b24bfda,,,,"{""source_key"": NaN, ""source_path"": NaN, ""source_row_index"": 32, ""original_snippet_id"": ""140""}",,,32
rq0_0132,141,Dorn,"	public long getClassPK();

	/**
	 * Sets the class p k of this expando row.
	 *
	 * @param classPK the class p k of this expando row
	 */
	public void setClassPK(long classPK);

	public boolean isNew();
",3.207792282104492,-0.3048185844162018,0.5421132459557995,unreadable,discard,mid,,java,3,1,1.0,5.0,Code,7557b74c55ed28475bdef1ecc2e9327828c7db60f2fbc72dca8ce39abb67c896,2319512fec758525492e2cbabc56a0778293e64989d0d0ba01cf72b215ddd5a7,,,,"{""source_key"": NaN, ""source_path"": NaN, ""source_row_index"": 33, ""original_snippet_id"": ""141""}",,,33
rq0_0133,142,Dorn,"
		Date createDate = getCreateDate();

		if (createDate != null) {
			passwordPolicyCacheModel.createDate = createDate.getTime();
		}
		else {
			passwordPolicyCacheModel.createDate = Long.MIN_VALUE;
		}

		Date modifiedDate = getModifiedDate();

		if (modifiedDate != null) {
			passwordPolicyCacheModel.modifiedDate = modifiedDate.getTime();
		}
		else {
			passwordPolicyCacheModel.modifiedDate = Long.MIN_VALUE;
		}

		passwordPolicyCacheModel.defaultPolicy = getDefaultPolicy();

		passwordPolicyCacheModel.name = getName();

		String name = passwordPolicyCacheModel.name;

		if ((name != null) && (name.length() == 0)) {
			passwordPolicyCacheModel.name = null;
		}

		passwordPolicyCacheModel.description = getDescription();
",3.5319149494171143,0.43284293646018185,0.693338005333867,readable,discard,mid,,java,21,3,1.0,5.0,Code,31d6c1488956915ee5ccf6aedab9cd7c658b5eecc58e55cd359c5380ed4c0e2e,134d44e9d7510000439a80574b95a828d6503095d48ccf01bf2fc408af81d21c,,,,"{""source_key"": NaN, ""source_path"": NaN, ""source_row_index"": 34, ""original_snippet_id"": ""142""}",,,34
rq0_0134,143,Dorn,"				if (selenium.isVisible(
							""link=Web Content Display Permissions Page"")) {
					break;
				}
			}
			catch (Exception e) {
			}

			Thread.sleep(1000);
		}
",3.3836207389831543,0.09534437854424355,0.624148903331303,readable,discard,mid,,java,9,2,1.0,5.0,Code,3acf26668f001bf25b677b0fb68a554d0da7fe97ed521020ac6e2203c7492e44,ca3dfd3cf1d96b8d559fe7b9c5e87365f21f48ef9af5222eabc397043c46e19e,,,,"{""source_key"": NaN, ""source_path"": NaN, ""source_row_index"": 35, ""original_snippet_id"": ""143""}",,,35
rq0_0135,144,Dorn,"		throws com.liferay.portal.kernel.exception.PortalException,
			com.liferay.portal.kernel.exception.SystemException;

	public void deleteEntry(long entryId)
		throws com.liferay.portal.kernel.exception.PortalException,
			com.liferay.portal.kernel.exception.SystemException;

	@Transactional(propagation = Propagation.SUPPORTS, readOnly = true)
	public java.util.List<com.liferay.portlet.bookmarks.model.BookmarksEntry> getEntries(
		long groupId, long folderId, int start, int end)
		throws com.liferay.portal.kernel.exception.SystemException;

	@Transactional(propagation = Propagation.SUPPORTS, readOnly = true)
	public java.util.List<com.liferay.portlet.bookmarks.model.BookmarksEntry> getEntries(
		long groupId, long folderId, int start, int end,
		com.liferay.portal.kernel.util.OrderByComparator orderByComparator)
		throws com.liferay.portal.kernel.exception.SystemException;

	@Transactional(propagation = Propagation.SUPPORTS, readOnly = true)
	public int getEntriesCount(long groupId, long folderId)
		throws com.liferay.portal.kernel.exception.SystemException;

	@Transactional(propagation = Propagation.SUPPORTS, readOnly = true)
	public com.liferay.portlet.bookmarks.model.BookmarksEntry getEntry(
		long entryId)
		throws com.liferay.portal.kernel.exception.PortalException,
			com.liferay.portal.kernel.exception.SystemException;

	@Transactional(propagation = Propagation.SUPPORTS, readOnly = true)
	public int getFoldersEntriesCount(long groupId,
		java.util.List<java.lang.Long> folderIds)
		throws com.liferay.portal.kernel.exception.SystemException;

	@Transactional(propagation = Propagation.SUPPORTS, readOnly = true)
	public java.util.List<com.liferay.portlet.bookmarks.model.BookmarksEntry> getGroupEntries(
		long groupId, int start, int end)
		throws com.liferay.portal.kernel.exception.SystemException;

	@Transactional(propagation = Propagation.SUPPORTS, readOnly = true)
	public java.util.List<com.liferay.portlet.bookmarks.model.BookmarksEntry> getGroupEntries(
		long groupId, long userId, int start, int end)
		throws com.liferay.portal.kernel.exception.SystemException;

	@Transactional(propagation = Propagation.SUPPORTS, readOnly = true)
	public int getGroupEntriesCount(long groupId)
		throws com.liferay.portal.kernel.exception.SystemException;

	@Transactional(propagation = Propagation.SUPPORTS, readOnly = true)
	public int getGroupEntriesCount(long groupId, long userId)
		throws com.liferay.portal.kernel.exception.SystemException;
",2.778260946273804,-1.2823766832680905,0.34170833924285804,unreadable,unreadable,low,,java,40,1,1.0,5.0,Code,4579873ce74a728c8e3251d322a6017a48ced423576b028bb78d6f6080369783,f3584c46a4c0bdcba17e7da5c4f40677ef6aa707f41773e41c0363150f5e3568,,,,"{""source_key"": NaN, ""source_path"": NaN, ""source_row_index"": 36, ""original_snippet_id"": ""144""}",,,36
rq0_0136,147,Dorn,"public class PluginGlobalPreferencesTab implements IGlobalPreferencesPanel {

    protected PluginQueryTokenizerPreferencesPanel _prefs = null;

    private JScrollPane _myscrolledPanel;

    private String _title = null;
    
    private String _hint = null;
    
    public PluginGlobalPreferencesTab(PluginQueryTokenizerPreferencesPanel prefsPanel) {
        _myscrolledPanel = new JScrollPane(prefsPanel);
        _prefs = prefsPanel;
    }

    public void initialize(IApplication app) {
        /* Do Nothing */
    }

    public void uninitialize(IApplication app) {
        /* Do Nothing */
    }

    public void applyChanges() {
        if (_prefs != null) {
            _prefs.applyChanges();
        }
    }

    /*
     * (non-Javadoc)
     * 
     * @see net.sourceforge.squirrel_sql.client.util.IOptionPanel#getTitle()
     */
    public String getTitle() {
        return _title;
    }

    public void setTitle(String title) {
        this._title = title;
    }
    
    /*
     * (non-Javadoc)
     * 
     * @see net.sourceforge.squirrel_sql.client.util.IOptionPanel#getHint()
     */
    public String getHint() {
        return _hint;
    }
",3.439655065536499,0.22287130188267354,0.650292639652492,readable,discard,mid,,java,27,8,1.0,5.0,Code,0528305782d2e5e2ab82d50b6458e1b812009b480b40eef62b732e66ed09736e,225980f16e6647b6644859d1b6b625533203a4074c213d68c4a648c6139e9c45,,,,"{""source_key"": NaN, ""source_path"": NaN, ""source_row_index"": 37, ""original_snippet_id"": ""147""}",,,37
rq0_0137,148,Dorn,"			layoutRevision.setCreateDate(serviceContext.getCreateDate(now));
			layoutRevision.setModifiedDate(serviceContext.getModifiedDate(now));
			layoutRevision.setLayoutSetBranchId(
				oldLayoutRevision.getLayoutSetBranchId());
			layoutRevision.setParentLayoutRevisionId(
				oldLayoutRevision.getLayoutRevisionId());
			layoutRevision.setHead(false);
			layoutRevision.setLayoutBranchId(layoutBranchId);
			layoutRevision.setPlid(oldLayoutRevision.getPlid());
			layoutRevision.setPrivateLayout(
				oldLayoutRevision.isPrivateLayout());
			layoutRevision.setName(name);
			layoutRevision.setTitle(title);
			layoutRevision.setDescription(description);
			layoutRevision.setKeywords(keywords);
			layoutRevision.setRobots(robots);
			layoutRevision.setTypeSettings(typeSettings);

			if (iconImage) {
				layoutRevision.setIconImage(iconImage);
				layoutRevision.setIconImageId(iconImageId);
			}

			layoutRevision.setThemeId(themeId);
			layoutRevision.setColorSchemeId(colorSchemeId);
			layoutRevision.setWapThemeId(wapThemeId);
			layoutRevision.setWapColorSchemeId(wapColorSchemeId);
			layoutRevision.setCss(css);
			layoutRevision.setStatus(WorkflowConstants.STATUS_DRAFT);
			layoutRevision.setStatusDate(serviceContext.getModifiedDate(now));
",3.65350866317749,0.7095745966219621,0.750069551626996,readable,readable,high,,java,28,1,1.0,5.0,Code,23d8f3336a373a882302e2eb2d32c9d76e6cce13c88f0a59e2650d82ff1df8b3,e45c55e1d70b360fcbf295230e42c0cd298e1cb48e8b73363a75c5aa0e403560,,,,"{""source_key"": NaN, ""source_path"": NaN, ""source_row_index"": 38, ""original_snippet_id"": ""148""}",,,38
rq0_0138,149,Dorn,"				selenium.clickAt(""link=Search All Users"",
					RuntimeVariables.replace(""Search All Users""));
				selenium.waitForPageToLoad(""30000"");
				loadRequiredJavaScriptModules();

				boolean advancedVisible = selenium.isVisible(
						""link=Advanced \u00bb"");

				if (!advancedVisible) {
					label = 3;
",2.4827585220336914,-1.954902210393207,0.20383682481944673,unreadable,unreadable,low,,java,8,1,1.0,5.0,Code,bcea06b20ea09ff0beff46931bd4162dabbc4e0216b64dec089b1d71d1bcd616,a1481ac49c9d77e4718cc2373189ae3ce148537c1a7dfe1bfc5d2a5ba788cad9,,,,"{""source_key"": NaN, ""source_path"": NaN, ""source_row_index"": 39, ""original_snippet_id"": ""149""}",,,39
rq0_0139,150,Dorn,"		return _dataType;
	}

	public int getPrecision()
	{
		return _precision;
	}

	public String getLiteralPrefix()
	{
		return _literalPrefix;
	}

	public String getLiteralSuffix()
	{
		return _literalSuffix;
	}

	public String getCreateParams()
	{
		return _createParams;
	}

    /**
     * @see java.lang.Object#hashCode()
     */
    @Override
    public int hashCode() {
        final int prime = 31;
        int result = super.hashCode();
        result = prime * result + (_autoIncrement ? 1231 : 1237);
        return result;
    }

    /**
     * @see java.lang.Object#equals(java.lang.Object)
     */
    @Override
    public boolean equals(Object obj) {
        if (this == obj)
            return true;
        if (!super.equals(obj))
            return false;
        if (getClass() != obj.getClass())
            return false;
        final DataTypeInfo other = (DataTypeInfo) obj;
        if (!getSimpleName().equals(other.getSimpleName()))
            return false;
        return true;
    }
",3.101214647293091,-0.5473755793904456,0.4923876981776416,unreadable,unreadable,low,,java,38,11,1.0,5.0,Code,e520300f02799f53a488e24ddb49166cab64c24d087dec94ac43b5f5ff3b3a39,c35ec328e2413cc00a423c835bfc0d2dc61618bc98b2f066e2ce8cadf9992c24,,,,"{""source_key"": NaN, ""source_path"": NaN, ""source_row_index"": 40, ""original_snippet_id"": ""150""}",,,40
rq0_0140,151,Dorn,"
package org.gudy.azureus2.pluginsimpl.local.update;

/**
 * @author parg
 *
 */

import java.io.*;

import org.gudy.azureus2.platform.PlatformManager;
import org.gudy.azureus2.platform.PlatformManagerCapabilities;
import org.gudy.azureus2.platform.PlatformManagerFactory;
import org.gudy.azureus2.plugins.update.*;

import org.gudy.azureus2.core3.util.*;
import org.gudy.azureus2.core3.internat.MessageText;
import org.gudy.azureus2.core3.logging.*;

import com.aelitis.azureus.core.update.AzureusRestarter;
import com.aelitis.azureus.core.update.AzureusRestarterFactory;

public class 
UpdateInstallerImpl
	implements UpdateInstaller
{
		// change these and you'll need to change the Updater!!!!
	
	protected static final String	UPDATE_DIR 	= ""updates"";
	protected static final String	ACTIONS		= ""install.act"";
	
	protected static AEMonitor	class_mon 	= new AEMonitor( ""UpdateInstaller:class"" );

	private UpdateManagerImpl	manager;
	private File				install_dir;
	
	protected static void
	checkForFailedInstalls(
		UpdateManagerImpl	manager )
	{
		try{
			File	update_dir = new File( manager.getUserDir() + File.separator + UPDATE_DIR );
			
			File[]	dirs = update_dir.listFiles();
			
			if ( dirs != null ){
				
				boolean	found_failure = false;
				
				String	files = """";
",3.6064257621765137,0.6024199670256514,0.7281022500688283,readable,readable,high,,java,30,1,1.0,5.0,Code,50c4d82e8d268cb9104d95c3bcb22aff4977b451e82949c333fd1dda3d7de0f3,d5984607d31ff8694b8722fde6cbae01010e103bdf209267d2748f7f677fb6f8,,,,"{""source_key"": NaN, ""source_path"": NaN, ""source_row_index"": 41, ""original_snippet_id"": ""151""}",,,41
rq0_0141,153,Dorn,"		throws PortalException, SystemException {

		for (PollsQuestion question :
				pollsQuestionPersistence.findByGroupId(groupId)) {

			deleteQuestion(question);
		}
	}

	public PollsQuestion getQuestion(long questionId)
		throws PortalException, SystemException {

		return pollsQuestionPersistence.findByPrimaryKey(questionId);
	}

	public List<PollsQuestion> getQuestions(long groupId)
		throws SystemException {

		return pollsQuestionPersistence.findByGroupId(groupId);
	}

	public List<PollsQuestion> getQuestions(long groupId, int start, int end)
		throws SystemException {

		return pollsQuestionPersistence.findByGroupId(groupId, start, end);
	}

	public int getQuestionsCount(long groupId) throws SystemException {
		return pollsQuestionPersistence.countByGroupId(groupId);
	}
",2.2674896717071533,-2.444826438296785,0.1033996034361453,unreadable,unreadable,low,,java,21,5,1.0,5.0,Code,c6c1659a21003184e660ce59683462dc42b8a04464a84e451c57e590eeeffbd5,e99b05a74e41cb096ed0479dd06ccd1ad871353c15da1ac19de31c9edb1470cf,,,,"{""source_key"": NaN, ""source_path"": NaN, ""source_row_index"": 42, ""original_snippet_id"": ""153""}",,,42
rq0_0142,154,Dorn,"	public String get(Object key) {
		String value = null;

		if (key != null) {
			FacesContext facesContext = FacesContext.getCurrentInstance();

			Locale locale = facesContext.getViewRoot().getLocale();

			if (locale == null) {
				locale = facesContext.getApplication().getDefaultLocale();
			}

			value = LanguageUtil.get(locale, key.toString());

			if (_log.isDebugEnabled()) {
				_log.debug(
					""{locale="" + locale + "", key="" + key + "", value="" + value);
			}
		}

		return value;
	}

	public boolean isEmpty() {
		throw new UnsupportedOperationException();
	}

	public Set<String> keySet() {
		throw new UnsupportedOperationException();
	}
",3.3958332538604736,0.12313849233709281,0.6298468529348783,readable,discard,mid,,java,22,6,1.0,5.0,Code,f1fb9811676c6acd2d1a36278e0c60738d902aa2ff432784e133b06cc5fcd931,f3383ffc6aefd7ddcf78ef0d5d5d8d343d779ddc35ea5b760ac21846ae4eb6d5,,,,"{""source_key"": NaN, ""source_path"": NaN, ""source_row_index"": 43, ""original_snippet_id"": ""154""}",,,43
rq0_0143,155,Dorn,"		testSuite.addTestSuite(AddPortletMBTest.class);
		testSuite.addTestSuite(AddMBCategoryTest.class);
		testSuite.addTestSuite(AddMBMessage1Tag1Test.class);
		testSuite.addTestSuite(AddMBMessage2Tag2Test.class);
		testSuite.addTestSuite(AddMBMessage3Tag3Test.class);
		testSuite.addTestSuite(AddMBMessageATagTest.class);
		testSuite.addTestSuite(AddMBMessageBTagTest.class);
		testSuite.addTestSuite(AddMBMessageCTagTest.class);
		testSuite.addTestSuite(SearchTagsTest.class);
		testSuite.addTestSuite(ViewTagsTest.class);
",3.543209791183472,0.45854854423056807,0.698607799459939,readable,discard,mid,,java,10,1,1.0,5.0,Code,8aa5deb2cb067764164f088b4987b6eab7d61f1bcf93696fc4304286cb3c1438,554177b6762690ba70a914377242488e2ddeb299a4c20a6c6abb75cdf8af69b7,,,,"{""source_key"": NaN, ""source_path"": NaN, ""source_row_index"": 44, ""original_snippet_id"": ""155""}",,,44
rq0_0144,156,Dorn,"		throws InstanceNotFoundException, MBeanRegistrationException {

		synchronized (_objectNameCache) {
			ObjectName objectName = _objectNameCache.get(objectNameCacheKey);

			if (objectName == null) {
				_mBeanServer.unregisterMBean(defaultObjectName);
			}
			else {
				_objectNameCache.remove(objectNameCacheKey);
",3.531496047973633,0.4318895706297144,0.6931425599781971,readable,discard,mid,,java,8,1,1.0,5.0,Code,e92da8c2e0d5ca7c74f367cf56711e20a66e9680fdeba311fdaa99249754ea4d,d314eb90d867d7e86b2e2df7b4d502a781fd091a6206dbac5fd1e52b4e0feb01,,,,"{""source_key"": NaN, ""source_path"": NaN, ""source_row_index"": 45, ""original_snippet_id"": ""156""}",,,45
rq0_0145,158,Dorn,"	
	public long
	getInterval();
	
	public long
	getMinInterval();
	
	public int
	getTimeUntilNextUpdate();
",2.6763484477996826,-1.5143164276989332,0.29415938752297766,unreadable,unreadable,low,,java,6,1,1.0,5.0,Code,9e7d43793767f018ab75b059e3f0500225b9bf5bf5d01a37dad57b4137446c6f,6be43b28b340d26be1c140570ffd9015d2d7fd37b3df46891a69afca2d956c3a,,,,"{""source_key"": NaN, ""source_path"": NaN, ""source_row_index"": 46, ""original_snippet_id"": ""158""}",,,46
rq0_0146,160,Dorn,"/**
 * Created on Sep 19, 2008
 *
 * Copyright 2008 Vuze, Inc.  All rights reserved.
 * This program is free software; you can redistribute it and/or modify
 * it under the terms of the GNU General Public License as published by
 * the Free Software Foundation; version 2 of the License only.
 * 
 * This program is distributed in the hope that it will be useful,
 * but WITHOUT ANY WARRANTY; without even the implied warranty of
 * MERCHANTABILITY or FITNESS FOR A PARTICULAR PURPOSE. See the
 * GNU General Public License for more details.
 * 
 * You should have received a copy of the GNU General Public License
 * along with this program; if not, write to the Free Software
 * Foundation, Inc., 59 Temple Place, Suite 330, Boston, MA 02111-1307  USA 
 */
 
package org.gudy.azureus2.plugins.download;

/**
 * For registering columns, menus, etc with a datasource
 * @author TuxPaper
 * @created Sep 19, 2008
 *
 */
public interface DownloadTypeIncomplete
{

",3.686991930007935,0.7857782072451989,0.7656917202695299,readable,readable,high,,java,3,1,1.0,5.0,Code,81ea54f2185a71eafbfa178eb20e06d599d0e800f6cc6bf02cd3f9ebb8be03a4,55d9544ab9c44b31a195d7a792dd89400aca408279e3f3b276e132892edaa38a,,,,"{""source_key"": NaN, ""source_path"": NaN, ""source_row_index"": 47, ""original_snippet_id"": ""160""}",,,47
rq0_0147,161,Dorn,"
	/**
	 * Sets the org group permission finder.
	 *
	 * @param orgGroupPermissionFinder the org group permission finder
	 */
	public void setOrgGroupPermissionFinder(
		OrgGroupPermissionFinder orgGroupPermissionFinder) {
		this.orgGroupPermissionFinder = orgGroupPermissionFinder;
	}
",3.934426307678223,1.348907040111799,0.8811362972727196,readable,readable,high,,java,4,1,1.0,5.0,Code,d47f12d02c2faad51f6b266b6523fa1928fefa0f4122bcb4fd2d486623251097,9446a12687e6e6390df910dd2b9ed3e76626f48c8ac597fef7545c4828946aee,,,,"{""source_key"": NaN, ""source_path"": NaN, ""source_row_index"": 48, ""original_snippet_id"": ""161""}",,,48
rq0_0148,162,Dorn,"		com.liferay.portal.service.ServiceContext serviceContext)
		throws com.liferay.portal.kernel.exception.PortalException,
			com.liferay.portal.kernel.exception.SystemException {
		try {
			MethodKey methodKey = new MethodKey(LayoutSetPrototypeServiceUtil.class.getName(),
					""updateLayoutSetPrototype"",
					_updateLayoutSetPrototypeParameterTypes4);

			MethodHandler methodHandler = new MethodHandler(methodKey,
					layoutSetPrototypeId, nameMap, description, active,
					layoutsUpdateable, serviceContext);

			Object returnObj = null;

			try {
				returnObj = TunnelUtil.invoke(httpPrincipal, methodHandler);
			}
			catch (Exception e) {
				if (e instanceof com.liferay.portal.kernel.exception.PortalException) {
					throw (com.liferay.portal.kernel.exception.PortalException)e;
				}

				if (e instanceof com.liferay.portal.kernel.exception.SystemException) {
					throw (com.liferay.portal.kernel.exception.SystemException)e;
				}

				throw new com.liferay.portal.kernel.exception.SystemException(e);
			}

			return (com.liferay.portal.model.LayoutSetPrototype)returnObj;
		}
		catch (com.liferay.portal.kernel.exception.SystemException se) {
			_log.error(se, se);

			throw se;
		}
	}

	public static com.liferay.portal.model.LayoutSetPrototype updateLayoutSetPrototype(
		HttpPrincipal httpPrincipal, long layoutSetPrototypeId,
		java.lang.String settings)
		throws com.liferay.portal.kernel.exception.PortalException,
			com.liferay.portal.kernel.exception.SystemException {
		try {
			MethodKey methodKey = new MethodKey(LayoutSetPrototypeServiceUtil.class.getName(),
					""updateLayoutSetPrototype"",
					_updateLayoutSetPrototypeParameterTypes5);

			MethodHandler methodHandler = new MethodHandler(methodKey,
					layoutSetPrototypeId, settings);
",3.280632495880127,-0.1390436223618795,0.5760980452683478,unreadable,discard,mid,,java,41,4,1.0,5.0,Code,e2516c575351528582f58f7cbdd01b8b571668cdb3c7bdc1f5f5ff8deb879205,9590982163b87f6d80e7834a112abbb59ee2c26777051105eb0cd4c2b57fac6c,,,,"{""source_key"": NaN, ""source_path"": NaN, ""source_row_index"": 49, ""original_snippet_id"": ""162""}",,,49
rq0_0149,163,Dorn,"/**
 * Copyright (c) 2000-2012 Liferay, Inc. All rights reserved.
 *
 * This library is free software; you can redistribute it and/or modify it under
 * the terms of the GNU Lesser General Public License as published by the Free
 * Software Foundation; either version 2.1 of the License, or (at your option)
 * any later version.
 *
 * This library is distributed in the hope that it will be useful, but WITHOUT
 * ANY WARRANTY; without even the implied warranty of MERCHANTABILITY or FITNESS
 * FOR A PARTICULAR PURPOSE. See the GNU Lesser General Public License for more
 * details.
 */

package com.liferay.portal.kernel.messaging.proxy;

import java.io.Serializable;

/**
 * @author Micha Kiener
 * @author Michael C. Han
 * @author Brian Wing Shun Chan
 */
public class ProxyResponse implements Serializable {

	public Exception getException() {
		return _exception;
	}

	public Object getResult() {
		return _result;
	}

	public boolean hasError() {
		if (_exception != null) {
			return true;
		}
		else {
			return false;
		}
	}

	public void setException(Exception exception) {
		_exception = exception;
	}

	public void setResult(Object result) {
		_result = result;
	}
",2.612021923065185,-1.6607153280343245,0.264146789807252,unreadable,unreadable,low,,java,23,6,1.0,5.0,Code,5f0302fae93c31ae5890da6228356d9f0d2d260ed47f590876f0bca4d9ea63f4,c392fc16a19a7c139ded4936964245591d0ae51344137bab2e3f19e4ddcf3202,,,,"{""source_key"": NaN, ""source_path"": NaN, ""source_row_index"": 50, ""original_snippet_id"": ""163""}",,,50
rq0_0150,164,Dorn,"				continue;
				
			}else if ( c == '\\' ){
				
				escape = true;
				
				continue;
			}
			
			if ( c == '""' || c == '\'' && ( i == 0 || chars[ i-1 ] != '\\' )){
				
				if ( quote == ' ' ){
						
					bit_contains_quotes = true;
					
					quote = c;
					
				}else if ( quote == c ){
										
					quote = ' ';
					
				}else{
					
					bit += c;
				}
			}else{
				
				if ( quote == ' ' ){
					
					if ( c == ' ' ){
",4.021505355834961,1.5470877586414644,0.9217644588683187,readable,readable,high,,java,17,4,1.0,5.0,Code,0d053c3f52919a49240f1a94edf668fa5cb1080e32be4c46eea517fb1b34979d,3645a68f1fc114339f462b92097650bb463615beb7a3bd01d13bd98fe7d749cd,,,,"{""source_key"": NaN, ""source_path"": NaN, ""source_row_index"": 51, ""original_snippet_id"": ""164""}",,,51
rq0_0151,165,Dorn,"		}
	}

	public void addBar_Rollback(java.lang.String text)
		throws com.liferay.portal.kernel.exception.SystemException {
		MethodHandler methodHandler = new MethodHandler(_addBar_RollbackMethodKey17,
				ClpSerializer.translateInput(text));

		try {
			_classLoaderProxy.invoke(methodHandler);
		}
		catch (Throwable t) {
			if (t instanceof com.liferay.portal.kernel.exception.SystemException) {
				throw (com.liferay.portal.kernel.exception.SystemException)t;
			}

			if (t instanceof RuntimeException) {
				throw (RuntimeException)t;
			}
			else {
				throw new RuntimeException(t.getClass().getName() +
					"" is not a valid exception"");
			}
		}
	}

	public com.liferay.testtransaction.model.Bar addBar_Success(
		java.lang.String text)
		throws com.liferay.portal.kernel.exception.SystemException {
		Object returnObj = null;

		MethodHandler methodHandler = new MethodHandler(_addBar_SuccessMethodKey18,
				ClpSerializer.translateInput(text));

		try {
			returnObj = _classLoaderProxy.invoke(methodHandler);
		}
		catch (Throwable t) {
			if (t instanceof com.liferay.portal.kernel.exception.SystemException) {
				throw (com.liferay.portal.kernel.exception.SystemException)t;
			}

			if (t instanceof RuntimeException) {
				throw (RuntimeException)t;
			}
			else {
				throw new RuntimeException(t.getClass().getName() +
					"" is not a valid exception"");
			}
		}
",2.747422695159912,-1.3525605781695242,0.3273202461699329,unreadable,unreadable,low,,java,43,4,1.0,5.0,Code,53ebe55da4764373b5fed6a4320440db51a754c37cbc53553b1293c2cef83caa,e58f206e9b76356d083420b9834b4ea3277b70802f3985721ee4c9240b332575,,,,"{""source_key"": NaN, ""source_path"": NaN, ""source_row_index"": 52, ""original_snippet_id"": ""165""}",,,52
rq0_0152,166,Dorn,"public class SWTSkinPropertiesImpl
	extends SkinPropertiesImpl
	implements SWTSkinProperties
{
	private static Map colorMap = new LightHashMap();

	/**
	 * @param skinPath
	 * @param mainSkinFile
	 */
	public SWTSkinPropertiesImpl(ClassLoader classLoader, String skinPath, String mainSkinFile) {
		super(classLoader, skinPath, mainSkinFile);
	}

	/**
	 * 
	 */
	public SWTSkinPropertiesImpl() {
		super();
	}

	// @see com.aelitis.azureus.ui.swt.skin.SWTSkinProperties#getColor(java.lang.String)
	public Color getColor(String sID) {
		Color color;
		if (colorMap.containsKey(sID)) {
			return (Color) colorMap.get(sID);
		}

		try {
			int[] rgb = getColorValue(sID);
			if (rgb[0] > -1) {
				color = ColorCache.getColor(Utils.getDisplay(), rgb[0], rgb[1], rgb[2]);
			} else {
				color = ColorCache.getColor(Utils.getDisplay(), getStringValue(sID));
			}
		} catch (Exception e) {
			//				IMP.getLogger().log(LoggerChannel.LT_ERROR,
			//						""Failed loading color : color."" + colorNames[i]);
			color = null;
		}

		colorMap.put(sID, color);

		return color;
	}

	public void clearCache() {
		super.clearCache();
		colorMap.clear();
	}
",2.7513227462768555,-1.3436845632265606,0.3291398791397957,unreadable,unreadable,low,,java,33,7,1.0,5.0,Code,09b6fac9b2e4aae2b923fa0a59d368f290e3193197ab55da52e7b96f2cc528da,58175e6c15bf199e0ef35c910642f284825d95a7f561a6d5ad06806e0a3dc543,,,,"{""source_key"": NaN, ""source_path"": NaN, ""source_row_index"": 53, ""original_snippet_id"": ""166""}",,,53
rq0_0153,168,Dorn,"	 */
	public void setGadgetKey(String gadgetKey);

	/**
	 * Returns the service name of this o auth token.
	 *
	 * @return the service name of this o auth token
	 */
	@AutoEscape
	public String getServiceName();
",2.7647058963775635,-1.3132262341647327,0.33538400785341044,unreadable,unreadable,low,,java,3,1,1.0,5.0,Code,171298f236fb63ddd13aaf53f27162c608807bae35d85992c09abcc230ebde39,c14b8993912b2ce9aec111a27749bc5deb4aa0d72638e94bde45a7f9c1be3fde,,,,"{""source_key"": NaN, ""source_path"": NaN, ""source_row_index"": 54, ""original_snippet_id"": ""168""}",,,54
rq0_0154,169,Dorn,"    }

    abstract void encode(DEROutputStream out)
        throws IOException;

    public String toString()
    {
      return ""#""+new String(Hex.encode(string));
    }
",3.830687761306762,1.1128114454273685,0.8327353728840419,readable,readable,high,,java,7,1,1.0,5.0,Code,747f61f93edbbb890b0f3e37812ad86a823b6a5b18afc05f97f52fa4c2dea9a3,78979d4dd0163c76581fff649305e9cd41e1bc67807db73f26f05cc465ae9cd7,,,,"{""source_key"": NaN, ""source_path"": NaN, ""source_row_index"": 55, ""original_snippet_id"": ""169""}",,,55
rq0_0155,170,Dorn,"      _app = app;
   }


	protected void paintComponent(Graphics g)
	{
		setPreferredSize(getRequiredSize());
		super.paintComponent(g);
	}

	public void remove(Component comp)
	{
		if (comp != null)
		{
			comp.removeComponentListener(_listener);
         super.remove(comp);
		}
		revalidate();
		repaint();
	}

	protected void addImpl(Component comp, Object constraints, int index)
	{
		if (comp != null)
		{
			comp.addComponentListener(_listener);
			revalidate();
		}
		super.addImpl(comp, constraints, index);
	}
",3.7277228832244873,0.8784766203046201,0.7846954161556663,readable,readable,high,,java,26,5,1.0,5.0,Code,3f83d60a67e4971d7b8e9db53bdb4409190eff5ad7ed4ce5e14d0142d1a96d03,399d53ba054e5945f583e233c7968b5f6b97c69a41ee43432575fb34a1420d4f,,,,"{""source_key"": NaN, ""source_path"": NaN, ""source_row_index"": 56, ""original_snippet_id"": ""170""}",,,56
rq0_0156,171,Dorn,"
		for (KaleoTimer model : models) {
			soapModels.add(toSoapModel(model));
		}

		return soapModels.toArray(new KaleoTimerSoap[soapModels.size()]);
	}

	public KaleoTimerSoap() {
	}
",3.450777292251587,0.24818405998814214,0.6554818973884071,readable,discard,mid,,java,7,2,1.0,5.0,Code,adfb583a63a74deb1a8f9e1f664f60d95d313e628314dcd547fb14ab656171f8,bd9e9add3f7a85372580642fc77b066e9633c24cb431f5c2b21805b06863b3c2,,,,"{""source_key"": NaN, ""source_path"": NaN, ""source_row_index"": 57, ""original_snippet_id"": ""171""}",,,57
rq0_0157,172,Dorn,"import net.sourceforge.squirrel_sql.fw.util.ICommand;
import net.sourceforge.squirrel_sql.fw.util.Resources;
import net.sourceforge.squirrel_sql.fw.util.StringManager;
import net.sourceforge.squirrel_sql.fw.util.StringManagerFactory;
import net.sourceforge.squirrel_sql.plugins.refactoring.commands.AddAutoIncrementCommand;

public class AddAutoIncrementAction extends AbstractRefactoringAction
{
	private static final long serialVersionUID = -5316665324698095673L;

	/**
	 * Internationalized strings for this class.
	 */
	private static final StringManager s_stringMgr =
		StringManagerFactory.getStringManager(AddAutoIncrementAction.class);

	private static interface i18n
	{
		String ACTION_PART = s_stringMgr.getString(""AddAutoIncrementAction.actionPart"");

		String OBJECT_PART = s_stringMgr.getString(""Shared.tableObject"");

		String SINGLE_OBJECT_MESSAGE =
			s_stringMgr.getString(""Shared.singleObjectMessage"", OBJECT_PART, ACTION_PART);
	}

	public AddAutoIncrementAction(final IApplication app, final Resources rsrc)
	{
		super(app, rsrc);
	}
",3.59375,0.5735715619359334,0.7221881648215043,readable,readable,high,,java,21,1,1.0,5.0,Code,140ffa586c541be7d6454c024aefa26e611b21f1424ac123805ddd94617cf5de,7f2900790a389ab04116e04942f5bd201a1de5365af353f7b9ae4c530870d3d8,,,,"{""source_key"": NaN, ""source_path"": NaN, ""source_row_index"": 58, ""original_snippet_id"": ""172""}",,,58
rq0_0158,174,Dorn,"				}
			}
			catch (Exception e) {
			}

			Thread.sleep(1000);
		}

		selenium.clickAt(""//div[@title='Knowledge Base Article']/p/a"",
			RuntimeVariables.replace(""Add""));
",2.585106372833252,-1.7219716600395232,0.25158889732444545,unreadable,unreadable,low,,java,8,1,1.0,5.0,Code,b0c5df9665f51e266fd7960a6602a29e5de35d2204d6f01511d1c799808922db,814bd19a74743af38d3cd9417de24a306c45b19882cffe8bb760f24951eba188,,,,"{""source_key"": NaN, ""source_path"": NaN, ""source_row_index"": 59, ""original_snippet_id"": ""174""}",,,59
rq0_0159,175,Dorn,"import com.liferay.portal.model.User;
import com.liferay.portal.security.permission.ActionKeys;
import com.liferay.portal.service.base.EmailAddressServiceBaseImpl;
import com.liferay.portal.service.permission.CommonPermissionUtil;

import java.util.List;

/**
 * @author Brian Wing Shun Chan
 * @author Alexander Chow
 */
public class EmailAddressServiceImpl extends EmailAddressServiceBaseImpl {

	public EmailAddress addEmailAddress(
			String className, long classPK, String address, int typeId,
			boolean primary)
		throws PortalException, SystemException {

		CommonPermissionUtil.check(
			getPermissionChecker(), className, classPK, ActionKeys.UPDATE);

		return emailAddressLocalService.addEmailAddress(
			getUserId(), className, classPK, address, typeId, primary);
	}

	public void deleteEmailAddress(long emailAddressId)
		throws PortalException, SystemException {

		EmailAddress emailAddress = emailAddressPersistence.findByPrimaryKey(
			emailAddressId);

		CommonPermissionUtil.check(
			getPermissionChecker(), emailAddress.getClassNameId(),
			emailAddress.getClassPK(), ActionKeys.UPDATE);

		emailAddressLocalService.deleteEmailAddress(emailAddressId);
	}

	public EmailAddress getEmailAddress(long emailAddressId)
		throws PortalException, SystemException {

		EmailAddress emailAddress = emailAddressPersistence.findByPrimaryKey(
			emailAddressId);

		CommonPermissionUtil.check(
			getPermissionChecker(), emailAddress.getClassNameId(),
			emailAddress.getClassPK(), ActionKeys.VIEW);

		return emailAddress;
	}
",3.510204076766968,0.38343178150626683,0.6832084407476313,readable,discard,mid,,java,33,3,1.0,5.0,Code,8c79232356732dcb165bc53d12290f1049f4f900cf5e78ade40b5cebe37750a6,ca65eb5b702697fe80644d7665b36193af9f832ab20afcc6f34a85862867db63,,,,"{""source_key"": NaN, ""source_path"": NaN, ""source_row_index"": 60, ""original_snippet_id"": ""175""}",,,60
rq0_0160,176,Dorn,"/**
 * @author Brian Wing Shun Chan
 */
public class DBUpgradeTags528TestSuite extends BaseTestSuite {

	public static Test suite() {
		TestSuite testSuite = new TestSuite();

		testSuite.addTest(LoginTests.suite());
		testSuite.addTest(TagsTestPlan.suite());
",3.327777862548828,-0.031746828936551036,0.5980944912107988,unreadable,discard,mid,,java,5,1,1.0,5.0,Code,0fdb0d57c722484f6f0727d424d829bccf6103ac1709e07835ffd0d8d794396c,35dfab83a293b0ce8ed06f818c8948912e99565c8e02677c57da0202b03bb3e6,,,,"{""source_key"": NaN, ""source_path"": NaN, ""source_row_index"": 61, ""original_snippet_id"": ""176""}",,,61
rq0_0161,177,Dorn,"		find.append(""\\s*</array>.*"");
		value.append(""\n\t\t\t"");
		
		String match = ""(?s)(<key>"" + key + ""</key>\\s*<array>)(.*?)(</array>)"";
		
		setValue(find.toString(),match,value.toString());
	}
	
	private boolean 
	isValuePresent(
		String match )
	
		throws IOException
	{
		String fileContent = getFileContent();
		
		//System.out.println(""Searching for:\n"" + match);
		return fileContent.matches(match);
	}
	

	/**
	 * 
	 * @param find the regex expression to find if the value is already present
	 * @param match the regex expression that will match for the replace, it needs to capture 3 groups, the 2nd one being replaced by value
	 * @param value the value that replaces the 2nd match group
	 */
	private void 
	setValue(
		String find,
		String match,
		String value)
	
		throws IOException
	{
		String fileContent = getFileContent();
		
		if( !isValuePresent(find)) {
			//System.out.println(""Changing "" +plistFile);
			fileContent = fileContent.replaceFirst(match, ""$1""+value + ""$3"");
			setFileContent(fileContent);
			touchFile();
		}
	}
	
	private String 
	getFileContent()
		throws IOException
	{
		FileReader fr = null;
",3.8212289810180655,1.0912844775320145,0.828322223427301,readable,readable,high,,java,32,3,1.0,5.0,Code,180bff5885501b17ece03fce3474e602d09294ae79c1b1c126d00f2629f7236f,9a89a22d5e7c99e424860b545a45de909fd8d6e92c8e3a08dc7fcd1c0af594f0,,,,"{""source_key"": NaN, ""source_path"": NaN, ""source_row_index"": 62, ""original_snippet_id"": ""177""}",,,62
rq0_0162,179,Dorn,"import org.eclipse.sapphire.modeling.annotations.Type;
import org.eclipse.sapphire.modeling.annotations.ValidFileSystemResourceType;
import org.eclipse.sapphire.modeling.xml.annotations.XmlBinding;

/**
 * @author Gregory Amerson
 */
@GenerateImpl
public interface IPortalPropertiesFile extends IModelElement
{
",3.269461154937744,-0.16446815813443763,0.5708858724821948,unreadable,discard,mid,,java,6,1,1.0,5.0,Code,b9a0bf2e77d53d1eef8c047487f3a4ffba87709659865bb9037b48c5a88caf46,69a26292774bd1eb2f78db913f4aef848f28b5c664472560780c5679a1dfc553,,,,"{""source_key"": NaN, ""source_path"": NaN, ""source_row_index"": 63, ""original_snippet_id"": ""179""}",,,63
rq0_0163,180,Dorn,"					PropsKeys.XUGGLER_ENABLED, PropsValues.XUGGLER_ENABLED) ||
				_hasAudio(fileVersion)) {

				return;
			}

			if (_isGeneratePreview(fileVersion)) {
				File file = null;

				if (fileVersion instanceof LiferayFileVersion) {
					try {
						LiferayFileVersion liferayFileVersion =
							(LiferayFileVersion)fileVersion;

						file = liferayFileVersion.getFile(false);
					}
					catch (UnsupportedOperationException uoe) {
					}
				}

				if (file == null) {
					InputStream inputStream = fileVersion.getContentStream(
						false);

					FileUtil.write(audioTempFile, inputStream);

					file = audioTempFile;
				}

				try {
					_generateAudioXuggler(fileVersion, file, previewTempFile);
				}
				catch (Exception e) {
					_log.error(e, e);
				}
			}
		}
		catch (NoSuchFileEntryException nsfee) {
		}
		finally {
			_fileVersionIds.remove(fileVersion.getFileVersionId());

			FileUtil.delete(audioTempFile);
			FileUtil.delete(previewTempFile);
		}
	}

	private void _generateAudioXuggler(
			FileVersion fileVersion, File srcFile, File destFile)
		throws Exception {
",3.5606937408447266,0.49833976588433615,0.706765223630311,readable,readable,high,,java,40,6,1.0,5.0,Code,182e9c76dacca4d9371219dc9d837f4146f5f200ac9a6beae2ec938f6bbfbb48,dcd9f345315cf851d75d94aae575a3e1d699858681eca4c4e0997f087b1cc9f1,,,,"{""source_key"": NaN, ""source_path"": NaN, ""source_row_index"": 64, ""original_snippet_id"": ""180""}",,,64
rq0_0164,181,Dorn,"		public LiferayDecorationsProvider(IRuntime adaptableObject) {
			// runtime = adaptableObject;
		}

		public ImageDescriptor getIcon() {
			return LiferayServerUIPlugin.imageDescriptorFromPlugin(
				LiferayServerUIPlugin.PLUGIN_ID, ""icons/e16/server.png"" );
		}

	}
",2.818713426589966,-1.1903120387288662,0.3605821090189077,unreadable,unreadable,low,,java,7,2,1.0,5.0,Code,6676ca1e147671597e7e7b20fff97b89d38e7c8b0bf67732194e3ab78fcfd430,9b983f9c7702a3cf442c9b57d9754eb08edd10b01142bae6ab50c7002176f39a,,,,"{""source_key"": NaN, ""source_path"": NaN, ""source_row_index"": 65, ""original_snippet_id"": ""181""}",,,65
rq0_0165,182,Dorn,"import com.liferay.portal.kernel.exception.PortalException;

/**
 * @author Alexander Chow
 */
public class LockException extends PortalException {

	public LockException() {
		super();
	}
",3.3518519401550293,0.023042676678488336,0.6093266479230453,unreadable,discard,mid,,java,5,1,1.0,5.0,Code,aa83903dbbeacb1a4767949712727f1086e0e50c9481dcc7774e8ee643fe4f02,c66b9a6cda107d2e6e09d28d2df4f13fa5c5c619f0f5368703d08e166ad68e7c,,,,"{""source_key"": NaN, ""source_path"": NaN, ""source_row_index"": 66, ""original_snippet_id"": ""182""}",,,66
rq0_0166,183,Dorn,"		calendarImpl.setCalendarId(getCalendarId());
		calendarImpl.setGroupId(getGroupId());
		calendarImpl.setCompanyId(getCompanyId());
		calendarImpl.setUserId(getUserId());
		calendarImpl.setUserName(getUserName());
		calendarImpl.setCreateDate(getCreateDate());
		calendarImpl.setModifiedDate(getModifiedDate());
		calendarImpl.setResourceBlockId(getResourceBlockId());
		calendarImpl.setCalendarResourceId(getCalendarResourceId());
		calendarImpl.setName(getName());
		calendarImpl.setDescription(getDescription());
		calendarImpl.setColor(getColor());
		calendarImpl.setDefaultCalendar(getDefaultCalendar());

		calendarImpl.resetOriginalValues();

		return calendarImpl;
	}

	public int compareTo(Calendar calendar) {
		int value = 0;

		value = getName().compareTo(calendar.getName());

		if (value != 0) {
			return value;
		}

		return 0;
	}
",3.6809816360473633,0.7720995508876254,0.7628875188061923,readable,readable,high,,java,24,2,1.0,5.0,Code,ff03f87bad02b4d99d5ffad1ed9c6d77be28f9c4e0ca13525ca3e62abafc0eaa,37ea11b6bbe3b105f9e015b372e73290079bfeb36a1de7f97947f60d7d56717a,,,,"{""source_key"": NaN, ""source_path"": NaN, ""source_row_index"": 67, ""original_snippet_id"": ""183""}",,,67
rq0_0167,184,Dorn,"     */
    public void init(CipherParameters params)
        throws IllegalArgumentException;

    /**
     * Return the name of the algorithm the MAC implements.
     *
     * @return the name of the algorithm the MAC implements.
     */
    public String getAlgorithmName();

    /**
     * Return the block size for this cipher (in bytes).
     *
     * @return the block size for this cipher in bytes.
     */
	public int getMacSize();

    /**
     * add a single byte to the mac for processing.
     *
     * @param in the byte to be processed.
     * @exception IllegalStateException if the MAC is not initialised.
     */
	public void update(byte in)
        throws IllegalStateException;

    /**
     * @param in the array containing the input.
     * @param inOff the index in the array the data begins at.
     * @param len the length of the input starting at inOff.
     * @exception IllegalStateException if the MAC is not initialised.
     * @exception DataLengthException if there isn't enough data in in.
     */
	public void update(byte[] in, int inOff, int len)
        throws DataLengthException, IllegalStateException;

    /**
     * Compute the final statge of the MAC writing the output to the out
     * parameter.
     * <p>
     * doFinal leaves the MAC in the same state it was after the last init.
     *
     * @param out the array the MAC is to be output to.
     * @param outOff the offset into the out buffer the output is to start at.
     * @exception DataLengthException if there isn't enough space in out.
     * @exception IllegalStateException if the MAC is not initialised.
     */
	public int doFinal(byte[] out, int outOff)
        throws DataLengthException, IllegalStateException;
",3.306748390197754,-0.07960720441210843,0.588282845137087,unreadable,discard,mid,,java,10,1,1.0,5.0,Code,5894a7b4da9dbd799d6187157c76da9820242bb22f3cb13f3eabc72116d71903,f6f14fcba2939dc39c7995017d98bdf580596a7419259cf1e0860eda0a8b80b2,,,,"{""source_key"": NaN, ""source_path"": NaN, ""source_row_index"": 68, ""original_snippet_id"": ""184""}",,,68
rq0_0168,185,Dorn,"	{
		DHTNATPuncher puncher = plugin.getDHT().getNATPuncher();
		
		if ( puncher == null ){
			
			return( null );
		}
		
		return( puncher.punch( ""Tunnel"", contact, null, null ));
	}
",3.801204919815064,1.045712288571589,0.8189796684548192,readable,readable,high,,java,7,1,1.0,5.0,Code,75ea96c5e780b4948475c3cb85471254433ae5a96d97c4c9b3c03d9b72be15dd,793f71001197a6393e5e106dde9eef8cb123ab3b4c198efd310fe872fce94ee1,,,,"{""source_key"": NaN, ""source_path"": NaN, ""source_row_index"": 69, ""original_snippet_id"": ""185""}",,,69
rq0_0169,186,Dorn,"			WebKeys.MOBILE_DEVICE_RULES_RULE_EDITOR_JSP, editorJSP);

		long ruleGroupId = BeanParamUtil.getLong(
			rule, renderRequest, ""ruleGroupId"");

		MDRRuleGroup ruleGroup = MDRRuleGroupServiceUtil.getRuleGroup(
			ruleGroupId);

		renderRequest.setAttribute(
			WebKeys.MOBILE_DEVICE_RULES_RULE_GROUP, ruleGroup);

		return mapping.findForward(""portlet.mobile_device_rules.edit_rule"");
	}

	@Override
	public void serveResource(
			ActionMapping mapping, ActionForm form, PortletConfig portletConfig,
			ResourceRequest resourceRequest, ResourceResponse resourceResponse)
		throws Exception {

		long ruleId = ParamUtil.getLong(resourceRequest, ""ruleId"");

		if (ruleId > 0) {
			MDRRule rule = MDRRuleServiceUtil.fetchRule(ruleId);

			resourceRequest.setAttribute(
				WebKeys.MOBILE_DEVICE_RULES_RULE, rule);
		}

		String type = ParamUtil.getString(resourceRequest, ""type"");
",3.3388888835906982,-0.006459573502699946,0.6032785207556403,unreadable,discard,mid,,java,21,1,1.0,5.0,Code,6883e9ea5e0691beb2593e6c9f243dbad51b4aa03b74e10ac700e4f1de8b697a,a291d5f6d11d21160db94686b3a12fe80e95d83557b2fdca1edf19975714c18b,,,,"{""source_key"": NaN, ""source_path"": NaN, ""source_row_index"": 70, ""original_snippet_id"": ""186""}",,,70
rq0_0170,187,Dorn,"            {
               continue;
            }

            SchemaLoadInfo schemaLoadInfo = new SchemaLoadInfo(addStringArrays(tableTypes, viewTypes));
            schemaLoadInfo.schemaName = _schemaDetails[i].getSchemaName();
            schemaLoadInfo.tableTypes = new String[0];

            if(SQLAliasSchemaDetailProperties.SCHEMA_LOADING_ID_DONT_LOAD !=_schemaDetails[i].getTable())
            {
               schemaLoadInfo.tableTypes = addStringArrays(schemaLoadInfo.tableTypes, tableTypes);
            }

            if(SQLAliasSchemaDetailProperties.SCHEMA_LOADING_ID_DONT_LOAD !=_schemaDetails[i].getView())
            {
               schemaLoadInfo.tableTypes = addStringArrays(schemaLoadInfo.tableTypes, viewTypes);
            }

            if(SQLAliasSchemaDetailProperties.SCHEMA_LOADING_ID_DONT_LOAD !=_schemaDetails[i].getProcedure())
            {
               schemaLoadInfo.loadProcedures = true;
            }
            else
            {
               schemaLoadInfo.loadProcedures = false;

            }

            schemaLoadInfos.add(schemaLoadInfo);
         }
",2.7909605503082275,-1.253474017174932,0.3476335483009769,unreadable,unreadable,low,,java,24,3,1.0,5.0,Code,fd5379942cfc1628644b7729c8638768ed2944148382f35ff60278fc4cdf9a00,c44f1a934a4a896e21df75dade214ecf3a3ebb8358c71fc2e53419ea42cfc761,,,,"{""source_key"": NaN, ""source_path"": NaN, ""source_row_index"": 71, ""original_snippet_id"": ""187""}",,,71
rq0_0171,188,Dorn,"
    private com.sap.engine.services.dc.wsgate.Option[] options;

    public Deploy() {
    }

    public Deploy(
           com.sap.engine.services.dc.wsgate.ArchiveFile[] archiveFiles,
           com.sap.engine.services.dc.wsgate.Option[] options) {
           this.archiveFiles = archiveFiles;
           this.options = options;
    }


    /**
     * Gets the archiveFiles value for this Deploy.
     * 
     * @return archiveFiles
     */
    public com.sap.engine.services.dc.wsgate.ArchiveFile[] getArchiveFiles() {
        return archiveFiles;
    }


    /**
     * Sets the archiveFiles value for this Deploy.
     * 
     * @param archiveFiles
     */
    public void setArchiveFiles(com.sap.engine.services.dc.wsgate.ArchiveFile[] archiveFiles) {
        this.archiveFiles = archiveFiles;
    }

    public com.sap.engine.services.dc.wsgate.ArchiveFile getArchiveFiles(int i) {
        return this.archiveFiles[i];
    }

    public void setArchiveFiles(int i, com.sap.engine.services.dc.wsgate.ArchiveFile _value) {
        this.archiveFiles[i] = _value;
    }


    /**
     * Gets the options value for this Deploy.
     * 
     * @return options
     */
    public com.sap.engine.services.dc.wsgate.Option[] getOptions() {
        return options;
    }
",2.916201114654541,-0.968442593926736,0.40606659269332485,unreadable,unreadable,low,,java,24,7,1.0,5.0,Code,d89363479985dcda593ed836682a8077f0b3bf7dfb48fc24b2dc384ae838deaf,9f574ab9b115182a5443446b296419600889fde82583932bd7369f997f781f36,,,,"{""source_key"": NaN, ""source_path"": NaN, ""source_row_index"": 72, ""original_snippet_id"": ""188""}",,,72
rq0_0172,189,Dorn,"
/**
 * @author Peter Shin
 * @author Brian Wing Shun Chan
 */
public class AdminActivityKeys {

	public static final int ADD_KB_ARTICLE = 1;

	public static final int ADD_KB_COMMENT = 5;
",3.337278127670288,-0.010125446895208967,0.6025269960983232,unreadable,discard,mid,,java,3,1,1.0,5.0,Code,3da7f5ef6a016141474a6df8b2e01eb3953399d10e66f53a92c1ccb74faba0b5,6c54770fbafeb9b1101ed152b0f7bdbf928c807127bcf653607eb2cea9d94d0d,,,,"{""source_key"": NaN, ""source_path"": NaN, ""source_row_index"": 73, ""original_snippet_id"": ""189""}",,,73
rq0_0173,190,Dorn,"/**
* <p>Title: sqsc-isqlj</p>
* <p>Description: SquirrelSQL plugin for iSqlJ</p>
* <p>Copyright: Copyright (c) 2003 Stathis Alexopoulos</p>
* @author Stathis Alexopoulos stathis@rege.org
* <br>
* <br>
* <p>
*    This file is part of sqsc-isqlj.
* </p>
* <br>
* <p>
*    sqsc-isqlj is free software; you can redistribute it and/or modify
*    it under the terms of the GNU Lesser General Public License as published by
*    the Free Software Foundation; either version 2 of the License, or
*    (at your option) any later version.
*
*    Foobar is distributed in the hope that it will be useful,
*    but WITHOUT ANY WARRANTY; without even the implied warranty of
*    MERCHANTABILITY or FITNESS FOR A PARTICULAR PURPOSE.  See the
*    GNU Lesser General Public License for more details.
*
*    You should have received a copy of the GNU Lesser General Public License
*    along with Foobar; if not, write to the Free Software
*    Foundation, Inc., 59 Temple Place, Suite 330, Boston, MA  02111-1307  USA
* </p>
*/

import net.sourceforge.squirrel_sql.client.plugin.IPlugin;
import net.sourceforge.squirrel_sql.client.plugin.PluginResources;
",3.9076087474823,1.2878737208307431,0.8686241236522805,readable,readable,high,,java,2,1,1.0,5.0,Code,30cad5be2264cd2704202d4c07a1daa61e1c11751e721e1636f883e0a9bf02ed,a6d04b8cfa38b3472fb789ce5341dac3546105a853bb93f7ccc3be5dac260d63,,,,"{""source_key"": NaN, ""source_path"": NaN, ""source_row_index"": 74, ""original_snippet_id"": ""190""}",,,74
rq0_0174,195,Dorn,"			LiferayPortletRequest liferayPortletRequest,
			LiferayPortletResponse liferayPortletResponse)
		throws Exception;

	public PortletURL getURLExport(
			LiferayPortletRequest liferayPortletRequest,
			LiferayPortletResponse liferayPortletResponse)
		throws Exception;

	public String getUrlTitle();
",2.7633135318756104,-1.3163950767657173,0.33473437730297645,unreadable,unreadable,low,,java,8,1,1.0,5.0,Code,3ec778426b4d42db587442103cbf58a9c2e6c3f3e8fefbab53e77b3ac4baff80,08a66785174d6aaadb7f71a057e3893b26b44d8d885bbbf76d7e80e9401e75ae,,,,"{""source_key"": NaN, ""source_path"": NaN, ""source_row_index"": 75, ""original_snippet_id"": ""195""}",,,75
rq0_0175,196,Dorn,"
      JPanel pnlName = new JPanel(new BorderLayout());

		// i18n[graph.name=Name]
      JLabel lblName = new JLabel(s_stringMgr.getString(""graph.name""));
      pnlName.add(lblName, BorderLayout.WEST);
      txtName = new JTextField();
      pnlName.add(txtName, BorderLayout.CENTER);

      pnlEdit.add(pnlName);
",3.1277778148651123,-0.48692122501611157,0.5047811807368967,unreadable,unreadable,low,,java,6,1,1.0,5.0,Code,1aa7d7942a4f168099912f24d91f5f9c1d8ae5489ac99e359b6ed3d855735464,088352070bbb4b4c79f978b88c5b1d95ad9e9bcc640c15ad14ea842239760fcd,,,,"{""source_key"": NaN, ""source_path"": NaN, ""source_row_index"": 76, ""original_snippet_id"": ""196""}",,,76
rq0_0176,197,Dorn,"		StringBundler sb = new StringBundler(17);

		sb.append(""{resourcePermissionId="");
		sb.append(resourcePermissionId);
		sb.append("", companyId="");
		sb.append(companyId);
		sb.append("", name="");
		sb.append(name);
		sb.append("", scope="");
		sb.append(scope);
		sb.append("", primKey="");
		sb.append(primKey);
		sb.append("", roleId="");
		sb.append(roleId);
		sb.append("", ownerId="");
		sb.append(ownerId);
		sb.append("", actionIds="");
		sb.append(actionIds);
		sb.append(""}"");

		return sb.toString();
	}

	public ResourcePermission toEntityModel() {
		ResourcePermissionImpl resourcePermissionImpl = new ResourcePermissionImpl();

		resourcePermissionImpl.setResourcePermissionId(resourcePermissionId);
		resourcePermissionImpl.setCompanyId(companyId);

		if (name == null) {
			resourcePermissionImpl.setName(StringPool.BLANK);
		}
		else {
			resourcePermissionImpl.setName(name);
		}

		resourcePermissionImpl.setScope(scope);

		if (primKey == null) {
			resourcePermissionImpl.setPrimKey(StringPool.BLANK);
		}
		else {
			resourcePermissionImpl.setPrimKey(primKey);
		}

		resourcePermissionImpl.setRoleId(roleId);
		resourcePermissionImpl.setOwnerId(ownerId);
		resourcePermissionImpl.setActionIds(actionIds);

		resourcePermissionImpl.resetOriginalValues();
",3.4833333492279053,0.3222774601875363,0.6706714610291191,readable,discard,mid,,java,41,1,1.0,5.0,Code,6e0025c77bcaa712456dcbe7a418ddedc37049ed8c5c8aecfc79c40cf6a5083c,7a45e95710e189e12eec74b1b5b07854efa484757523c66444334def454dfa22,,,,"{""source_key"": NaN, ""source_path"": NaN, ""source_row_index"": 77, ""original_snippet_id"": ""197""}",,,77
rq0_0177,200,Dorn,"/*
 * Copyright (C) 2007 Rob Manning
 * manningr@users.sourceforge.net
 *
 * This library is free software; you can redistribute it and/or
 * modify it under the terms of the GNU Lesser General Public
 * License as published by the Free Software Foundation; either
 * version 2.1 of the License, or (at your option) any later version.
 *
 * This library is distributed in the hope that it will be useful,
 * but WITHOUT ANY WARRANTY; without even the implied warranty of
 * MERCHANTABILITY or FITNESS FOR A PARTICULAR PURPOSE.  See the GNU
 * Lesser General Public License for more details.
 *
 * You should have received a copy of the GNU Lesser General Public
 * License along with this library; if not, write to the Free Software
 * Foundation, Inc., 59 Temple Place, Suite 330, Boston, MA  02111-1307  USA
 */
package net.sourceforge.squirrel_sql.plugins.dbdiff;

import net.sourceforge.squirrel_sql.client.session.ISession;
import net.sourceforge.squirrel_sql.fw.sql.IDatabaseObjectInfo;

/**
 * This is implemented in order to pass needed info along to diff executor.
 */
public interface SessionInfoProvider
{

	public void setSourceSession(ISession session);

	public ISession getSourceSession();

	public IDatabaseObjectInfo[] getSourceSelectedDatabaseObjects();

	public IDatabaseObjectInfo[] getDestSelectedDatabaseObjects();

	public void setDestSelectedDatabaseObjects(IDatabaseObjectInfo[] infos);

	public void setSourceSelectedDatabaseObjects(IDatabaseObjectInfo[] infos);

	public void setDestSession(ISession session);

	public ISession getDestSession();

	/**
	 * @return the scriptFileManager
	 */
	public IScriptFileManager getScriptFileManager();
",3.780104637145996,0.9976907579158094,0.8091349846630456,readable,readable,high,,java,14,1,1.0,5.0,Code,d0ed5bb39d4a1fbbc4781ee64594fca534d51556767e8b239b097d655caffdd6,e2b2e866192f1a4b3dda3d947bc54af9cf7c2a7ac8694775d2475347a8a9dafd,,,,"{""source_key"": NaN, ""source_path"": NaN, ""source_row_index"": 78, ""original_snippet_id"": ""200""}",,,78
rq0_0178,201,Dorn,"		String[]	labels,
		String	 	defaultValue );

	/**
	 * 
	 * @param key
	 * @param resource_name
	 * @param encoding_type
	 * @param defaultValue
	 * @return
	 * @since 2.1.0.2
	 */
	public PasswordParameter
	addPasswordParameter2(
		String 		key,
		String 		resource_name,
		int			encoding_type,		// see PasswordParameter.ET_ constants
		byte[]	 	defaultValue );		// plain default value

	/**
	 * 
	 * @param key
	 * @param resource_name
	 * @param defaultValue
	 * @return
	 * @since 2.1.0.2
	 */
	public IntParameter
	addIntParameter2(
		String 		key,
		String 		resource_name,
		int	 		defaultValue );

	/**
	 * 
	 * @param key
	 * @param resource_name
	 * @param defaultValue
	 * @param min_value Minimum allowed value
	 * @param max_value Maximum allowed value
	 * @return
	 * @since 3.0.3.5
	 */
	public IntParameter
	addIntParameter2(
		String 		key,
		String 		resource_name,
		int	 		defaultValue,
		int         min_value,
		int         max_value);
",3.734999895095825,0.8950381637750405,0.7880906256865474,readable,readable,high,,java,20,1,1.0,5.0,Code,f12f3dcdab7c0d28d5c0b5842b0b167e88aa6c2e01dc3fe5aa94c05ed620faf2,f0670994917a82a4b046b26e63efcd103d61e1c47350fa22fd5876d03f74e947,,,,"{""source_key"": NaN, ""source_path"": NaN, ""source_row_index"": 79, ""original_snippet_id"": ""201""}",,,79
rq0_0179,202,Dorn,"				sql = _SQL_SELECT_SCPRODUCTVERSION.concat(SCProductVersionModelImpl.ORDER_BY_JPQL);
			}

			Session session = null;

			try {
				session = openSession();

				Query q = session.createQuery(sql);

				if (orderByComparator == null) {
					list = (List<SCProductVersion>)QueryUtil.list(q,
							getDialect(), start, end, false);

					Collections.sort(list);
				}
				else {
					list = (List<SCProductVersion>)QueryUtil.list(q,
							getDialect(), start, end);
				}
			}
			catch (Exception e) {
				throw processException(e);
			}
			finally {
				if (list == null) {
					FinderCacheUtil.removeResult(finderPath, finderArgs);
				}
				else {
					cacheResult(list);
",3.0753769874572754,-0.606178771430054,0.4803327131808814,unreadable,unreadable,low,,java,25,3,1.0,5.0,Code,603c642cafb279075d8640a126610365040aa9dc096aa217249cd1981858bb10,73071a7db7d3b2f221962ca438430e299a926ec7496724075adbf34b6c4106a8,,,,"{""source_key"": NaN, ""source_path"": NaN, ""source_row_index"": 80, ""original_snippet_id"": ""202""}",,,80
rq0_0180,206,Dorn,"
		String emailMessageAddedSubjectPrefix = getParameter(
			actionRequest, ""emailMessageAddedSubjectPrefix"");
		String emailMessageAddedBody = getParameter(
			actionRequest, ""emailMessageAddedBody"");

		if (Validator.isNull(emailMessageAddedSubjectPrefix)) {
			SessionErrors.add(actionRequest, ""emailMessageAddedSubjectPrefix"");
		}
		else if (Validator.isNull(emailMessageAddedBody)) {
			SessionErrors.add(actionRequest, ""emailMessageAddedBody"");
		}
	}

	protected void validateEmailMessageUpdated(ActionRequest actionRequest)
		throws Exception {

		String emailMessageUpdatedSubjectPrefix = getParameter(
			actionRequest, ""emailMessageUpdatedSubjectPrefix"");
		String emailMessageUpdatedBody = getParameter(
			actionRequest, ""emailMessageUpdatedBody"");

		if (Validator.isNull(emailMessageUpdatedSubjectPrefix)) {
			SessionErrors.add(
				actionRequest, ""emailMessageUpdatedSubjectPrefix"");
		}
		else if (Validator.isNull(emailMessageUpdatedBody)) {
			SessionErrors.add(actionRequest, ""emailMessageUpdatedBody"");
		}
	}
",3.016042709350586,-0.7412159602548247,0.45264933020754244,unreadable,unreadable,low,,java,25,5,1.0,5.0,Code,e27b13b0469508de07c8fdcd1ffbf7f4fae9a1ee1d41df007679d252b0100891,d7ded35b28160aad53b84fba70820ba1df116c48d96aa12fafea6a736d74927f,,,,"{""source_key"": NaN, ""source_path"": NaN, ""source_row_index"": 81, ""original_snippet_id"": ""206""}",,,81
rq0_0181,207,Dorn,"/**
 * @author Brian Wing Shun Chan
 */
public class UnitConverterTestPlan extends BaseTestSuite {

	public static Test suite() {
		TestSuite testSuite = new TestSuite();

		testSuite.addTest(PortletTestPlan.suite());
		testSuite.addTest(UnitTestPlan.suite());
",3.1666667461395264,-0.39841501708258115,0.5229254510010038,unreadable,discard,mid,,java,5,1,1.0,5.0,Code,9e585444cd933950357408874d2542aafe1f7e1f13ead07d3576d6272f38d22c,520d8ff7f28348a21ed09351248c5ece48fbc04617c1d5371710c68b1e054695,,,,"{""source_key"": NaN, ""source_path"": NaN, ""source_row_index"": 82, ""original_snippet_id"": ""207""}",,,82
rq0_0182,208,Dorn,"
import com.liferay.portal.kernel.log.Log;
import com.liferay.portal.kernel.log.LogFactoryUtil;
import com.liferay.portal.kernel.util.PortalClassLoaderUtil;
import com.liferay.portal.kernel.util.SortedProperties;
import com.liferay.portal.util.PropsUtil;
import com.liferay.portal.util.PropsValues;

import java.util.Enumeration;
import java.util.Properties;
",4.189188957214356,1.92871407760622,1.0,readable,readable,high,,java,8,1,2.0,5.0,Code,0e6f56ac05f2b2064d653af2fcf62889a7b686231cdc39318d9ac90f85cef88c,38e8042d4dad813ea3092f23d73123f15325ff8893028b1d06b6f6c17bf26469,,,,"{""source_key"": NaN, ""source_path"": NaN, ""source_row_index"": 83, ""original_snippet_id"": ""208""}",,,83
rq0_0183,211,Dorn,"public class ComponentTag extends BaseComponentTag {

	protected void setAttributes(HttpServletRequest request) {
		Map<String, Object> options = getOptions();
		HashMap<String, Object> optionsJSON = new HashMap<String, Object>();

		_proccessAttributes(options, optionsJSON);

		super.setAttributes(request);

		setNamespacedAttribute(request, ""options"", options);
		setNamespacedAttribute(request, ""optionsJSON"", optionsJSON);
	}

	private boolean _isEventAttribute(String key) {
		Matcher afterMatcher = _EVENT_AFTER_REGEX.matcher(key);
		Matcher onMatcher = _EVENT_ON_REGEX.matcher(key);

		return (afterMatcher.find() || onMatcher.find());
	}

	private boolean _isValidAttribute(String key) {
		List<String> excludeAttributes = Collections.EMPTY_LIST;

		if (getExcludeAttributes() != null) {
			excludeAttributes = Arrays.asList(
				getExcludeAttributes().split(StringPool.COMMA));
		}

		return !(excludeAttributes.contains(key) ||
			key.equals(_DYNAMIC_ATTRIBUTES));
	}

	private void _proccessAttributes(Map<String, Object> options,
		Map<String, Object> newOptions) {

		Map<String, String> afterEventOptionsMap =
			new HashMap<String, String>();

		Map<String, String> onEventOptionsMap =	new HashMap<String, String>();

		for (String key : options.keySet()) {
			if (!_isValidAttribute(key)) {
				continue;
			}

			Object value = options.get(key);

			String originalKey =
				ReservedAttributeUtil.getOriginalName(getName(), key);
",2.7650272846221924,-1.312494795838341,0.3355339568229284,unreadable,unreadable,low,,java,35,6,1.0,5.0,Code,51860d767da262a0763d9b9b5c1ff46740cdce15b4fd94094cf772c7bbef618b,5b001879c19ff030a2fcdc3ed24c0a1bc06b1b96972de9bf20e99831e35a5b04,,,,"{""source_key"": NaN, ""source_path"": NaN, ""source_row_index"": 84, ""original_snippet_id"": ""211""}",,,84
rq0_0184,213,Dorn,"   */
  public ICMPEchoPacket(ICMPEchoPacket packet) {
    super(packet);
  }


  public int getICMPHeaderByteLength() {
    return 8;
  }

",3.745192289352417,0.9182347427462899,0.7928460548014536,readable,readable,high,,java,6,2,1.0,5.0,Code,88872c5135019ea9358c9bc5542649193dea54f0389ce24103dbcd163dfeeb5d,358edeeaf13172886781cd632631fbff7d6b0aaf7b041ca5421a8e4c81ca6144,,,,"{""source_key"": NaN, ""source_path"": NaN, ""source_row_index"": 85, ""original_snippet_id"": ""213""}",,,85
rq0_0185,214,Dorn,"	public java.util.List<com.liferay.portlet.polls.model.PollsVote> getQuestionVotes(
		long questionId, int start, int end)
		throws com.liferay.portal.kernel.exception.SystemException {
		return _pollsVoteLocalService.getQuestionVotes(questionId, start, end);
	}

	public int getQuestionVotesCount(long questionId)
		throws com.liferay.portal.kernel.exception.SystemException {
		return _pollsVoteLocalService.getQuestionVotesCount(questionId);
	}
",3.9718310832977295,1.434035500581094,0.8985881103148313,readable,readable,high,,java,9,2,1.0,5.0,Code,b6eec0f895eabf8255b124a45f2f32c7aad99fd2fa05c8d3f4d69421a23b981e,cf32b8c5b45388ebdc0e5ecffc200a6dd22ae3045f6f42b4ada9a834c631c3f6,,,,"{""source_key"": NaN, ""source_path"": NaN, ""source_row_index"": 86, ""original_snippet_id"": ""214""}",,,86
rq0_0186,216,Dorn,"package org.gudy.azureus2.countrylocator.statisticsProviders;

import java.util.Map;

import org.gudy.azureus2.plugins.peers.Peer;

/**
 * IStatisticsProvider (see {@link #getStatistics(Peer[])})
 * 
 * @author gooogelybear
 * @author free_lancer
 */
public interface IStatisticsProvider {
		
	/**
	 * Calculates stats values for a column in the stats table. <br />
	 * 
	 * @param peers the peers for which the stats will be calculated
	 * @return A map indexed by country code which contains the stats values as values
	 */
	public Map getStatistics(Peer[] peers);
	
	public String getName();
	
	/**
	 * 
	 * @return The measurement unit used for the stats values, e.g. ""kB/s""
	 */
	public String getUnit();
",3.1449999809265137,-0.44772578918013034,0.5128164654647388,unreadable,unreadable,low,,java,7,1,1.0,5.0,Code,1bb093618fc66915c62656cd5c4de4e1f94374e7f2b1dd303626baadd9ae3579,265d17fd9b1a6920731ffc9121d5acf2ed52a334a6ca0705d183bfc63968adb0,,,,"{""source_key"": NaN, ""source_path"": NaN, ""source_row_index"": 87, ""original_snippet_id"": ""216""}",,,87
rq0_0187,218,Dorn,"			try {
				if (selenium.isElementPresent(""link=Control Panel"")) {
					break;
				}
			}
			catch (Exception e) {
			}

			Thread.sleep(1000);
		}
",3.1020407676696777,-0.5454954356211968,0.4927731382216919,unreadable,unreadable,low,,java,9,2,1.0,5.0,Code,e4d85b2fdcb8ae634fa2764c911ec370fdd5f3f2b6082f58667bc6c3ac062424,ce287e817ae88384ff0a36ae1af181ca206bcd7badfb84d76f254a6474faff45,,,,"{""source_key"": NaN, ""source_path"": NaN, ""source_row_index"": 88, ""original_snippet_id"": ""218""}",,,88
rq0_0188,221,Dorn,"    PrimaryKeyInfo() {
        super(null, null, null, null, null);
    }
    
    /**
     * Create a new PrimaryKeyInfo object.
     * 
     * @param catalog catalog name
     * @param schema schema name
     * @param aColumnName the name of the column that either by itself or along
     *                    with others form(s) a unique index value for a single
     *                    row in a table. 
     * @param aKeySequence sequence number within primary key
     * @param aPrimaryKeyName the name of the primary key
     * @param md
     */
	public PrimaryKeyInfo(String catalog, 
                   String schema,
                   String aTableName,
                   String aColumnName, 
                   short aKeySequence, 
                   String aPrimaryKeyName,
                   ISQLDatabaseMetaData md)
	{
		super(catalog, schema, aPrimaryKeyName, DatabaseObjectType.PRIMARY_KEY, md);
        columnName = aColumnName;
        tableName = aTableName;
        keySequence = aKeySequence;
	}

    /**
     * @param columnName The columnName to set.
     */
    public void setColumnName(String columnName) {
        this.columnName = columnName;
    }

    /**
     * @return Returns the columnName.
     */
    public String getColumnName() {
        return columnName;
    }

    /**
     * @param keySequence The keySequence to set.
     */
    public void setKeySequence(short keySequence) {
        this.keySequence = keySequence;
    }
",3.160221099853516,-0.41308447936299475,0.5199181287525482,unreadable,discard,mid,,java,25,5,1.0,5.0,Code,f2884d7ee6d2eb979e483ff224c21dad084cbc6fca8189f1f163eee763c48f32,18cf7590b82fdc1532250d98e5fabd5db4333d4e306eb0eacec5771ad32e4740,,,,"{""source_key"": NaN, ""source_path"": NaN, ""source_row_index"": 89, ""original_snippet_id"": ""221""}",,,89
rq0_0189,1,Scalabrino,"@Override
    public void runTest(final Test test, final TestResult result) {
        Thread t = new Thread() {
            @Override
            public void run() {
                try {
                    // inlined due to limitation in VA/Java
                    //ActiveTestSuite.super.runTest(test, result);
                    test.run(result);
                } finally {
                    ActiveTestSuite.this.runFinished();
                }
            }
        };
        t.start();
    }",4.222222222222222,0.9016801442968183,0.7777777777777777,readable,readable,high,,java,14,2,2.0,5.0,Code,df5f44cbca37fcd03793e4e159e84194add9807943c6e4b4145b2f164758936d,8c2df56b216d87f93d5f2f8a254debb05003de8aa36d20211947014913a7e3db,,fmt_dup_0001,fmt_dup_0001,"{""source_key"": NaN, ""source_path"": NaN, ""source_row_index"": 0, ""original_snippet_id"": ""1""}",,,0
rq0_0190,2,Scalabrino,"/**
     * ...as the moon sets over the early morning Merlin, Oregon
     * mountains, our intrepid adventurers type...
     */
    static public Test createTest(Class<?> theClass, String name) {
        Constructor<?> constructor;
        try {
            constructor = getTestConstructor(theClass);
        } catch (NoSuchMethodException e) {
            return warning(""Class "" + theClass.getName() + "" has no public constructor TestCase(String name) or TestCase()"");
        }
        Object test;
        try {
            if (constructor.getParameterTypes().length == 0) {
                test = constructor.newInstance(new Object[0]);
                if (test instanceof TestCase) {
                    ((TestCase) test).setName(name);
                }
            } else {
                test = constructor.newInstance(new Object[]{name});
            }
        } catch (InstantiationException e) {
            return (warning(""Cannot instantiate test case: "" + name + "" ("" + exceptionToString(e) + "")""));
        } catch (InvocationTargetException e) {
            return (warning(""Exception in constructor: "" + name + "" ("" + exceptionToString(e.getTargetException()) + "")""));
        } catch (IllegalAccessException e) {
            return (warning(""Cannot access test case: "" + name + "" ("" + exceptionToString(e) + "")""));
        }
        return (Test) test;
    }",3.555555555555556,-0.18736210790583105,0.5555555555555556,unreadable,discard,mid,,java,26,7,2.0,5.0,Code,d3b4fec8d831ee57a4a0dacda1f1483cdfd2844073a1d9806aa8c46a9ac30f6e,e3bd5a8379a938842ce1f526326444d27086894721ba4222ae6a90a1c4e828e0,,,,"{""source_key"": NaN, ""source_path"": NaN, ""source_row_index"": 1, ""original_snippet_id"": ""2""}",,,1
rq0_0191,3,Scalabrino,"/**
     * Provides serialization support.
     *
     * @param stream  the input stream (<code>null</code> not permitted).
     *
     * @throws IOException  if there is an I/O error.
     * @throws ClassNotFoundException  if there is a classpath problem.
     */
    private void readObject(ObjectInputStream stream)
        throws IOException, ClassNotFoundException {
        stream.defaultReadObject();
        this.titlePaint = SerialUtilities.readPaint(stream);
        this.subtitlePaint = SerialUtilities.readPaint(stream);
        this.chartBackgroundPaint = SerialUtilities.readPaint(stream);
        this.legendBackgroundPaint = SerialUtilities.readPaint(stream);
        this.legendItemPaint = SerialUtilities.readPaint(stream);
        this.plotBackgroundPaint = SerialUtilities.readPaint(stream);
        this.plotOutlinePaint = SerialUtilities.readPaint(stream);
        this.labelLinkPaint = SerialUtilities.readPaint(stream);
        this.baselinePaint = SerialUtilities.readPaint(stream);
        this.domainGridlinePaint = SerialUtilities.readPaint(stream);
        this.rangeGridlinePaint = SerialUtilities.readPaint(stream);
        this.crosshairPaint = SerialUtilities.readPaint(stream);
        this.axisLabelPaint = SerialUtilities.readPaint(stream);
        this.tickLabelPaint = SerialUtilities.readPaint(stream);
        this.itemLabelPaint = SerialUtilities.readPaint(stream);
        this.shadowPaint = SerialUtilities.readPaint(stream);
        this.thermometerPaint = SerialUtilities.readPaint(stream);
        this.wallPaint = SerialUtilities.readPaint(stream);
        this.errorIndicatorPaint = SerialUtilities.readPaint(stream);
        this.gridBandPaint = SerialUtilities.readPaint(stream);
        this.gridBandAlternatePaint = SerialUtilities.readPaint(stream);
    }",3.555555555555556,-0.18736210790583105,0.5555555555555556,unreadable,discard,mid,,java,25,1,2.0,5.0,Code,dc91f43374f36f17e24c9eec0ef9cf5afa8dc25b67ece8afdceb0fc4fda73d98,8cf8c369130c4523b949ae0c4e8dd069de6dc0ddec17068169f4d2a03903278f,,,,"{""source_key"": NaN, ""source_path"": NaN, ""source_row_index"": 2, ""original_snippet_id"": ""3""}",,,2
rq0_0192,4,Scalabrino,"/**
     * Constructs a panel that displays the specified chart.
     *
     * @param chart  the chart.
     */
    public ChartPanel(JFreeChart chart) {

        this(
            chart,
            DEFAULT_WIDTH,
            DEFAULT_HEIGHT,
            DEFAULT_MINIMUM_DRAW_WIDTH,
            DEFAULT_MINIMUM_DRAW_HEIGHT,
            DEFAULT_MAXIMUM_DRAW_WIDTH,
            DEFAULT_MAXIMUM_DRAW_HEIGHT,
            DEFAULT_BUFFER_USED,
            true,  // properties
            true,  // save
            true,  // print
            true,  // zoom
            true   // tooltips
        );

    }",4.333333333333333,1.0831871863305926,0.8148148148148147,readable,readable,high,,java,17,1,3.0,5.0,Code,096b021a15229eaeabbb787ffaaabaf681ca6f867bdcf92fceff932189d916ef,38aa287d1f0f94197375337fd5f989ac71772d6443d7c4708ae7144c612ee48e,,,,"{""source_key"": NaN, ""source_path"": NaN, ""source_row_index"": 3, ""original_snippet_id"": ""4""}",,,3
rq0_0193,5,Scalabrino,"/**
     * static initializer, register all appropriate notations.
     */
    static void init() {
        NotationProviderFactory2 npf = NotationProviderFactory2.getInstance();
        NotationName name = /*Notation.findNotation(""Java"");*/
            Notation.makeNotation(
                    ""Java"",
                    null,
                    ResourceLoaderWrapper.lookupIconResource(""JavaNotation""));

        npf.addNotationProvider(
                NotationProviderFactory2.TYPE_NAME,
                name, ModelElementNameNotationJava.class);
        npf.addNotationProvider(
                NotationProviderFactory2.TYPE_ATTRIBUTE,
                name, AttributeNotationJava.class);
        npf.addNotationProvider(
                NotationProviderFactory2.TYPE_OPERATION,
                name, OperationNotationJava.class);
        npf.addNotationProvider(
                NotationProviderFactory2.TYPE_ASSOCIATION_END_NAME,
                name, AssociationEndNameNotationJava.class);
        npf.addNotationProvider(
                NotationProviderFactory2.TYPE_ASSOCIATION_NAME,
                name, AssociationNameNotationJava.class);
    }",4.0,0.5386660602292682,0.7037037037037036,readable,readable,high,,java,23,1,3.0,5.0,Code,7d2dc8bd92ce7bbc88c3a3c68df74de65fb1af7af9aa13e9c3199a2879a1fa3b,c8525fecdca04a1a0e3c056ea776621fc7aab16188cc0aa09737fed852cb9714,,,,"{""source_key"": NaN, ""source_path"": NaN, ""source_row_index"": 4, ""original_snippet_id"": ""5""}",,,4
rq0_0194,6,Scalabrino,"/**
     * {@inheritDoc}
     *
     * Overridden to find the start of a line-end.
     */
    public boolean addChar(char c) {
	if (c == '\n') {
	    hasLf = true;
	    return true;
	}

	if (c == '\r') {
	    hasCr = true;
	    return true;
	}

	return false;
    }",4.555555555555555,1.4462012703981426,0.8888888888888887,readable,readable,high,,java,11,3,3.0,5.0,Code,f0b8b29208adadca6096fd4b8e54ae975983a9e14eede2e5bc0ecaea7045aea4,313d853a8387f2c02c6a945aff7bc4ec492d486dd62a02502f9aa4deb146594e,,,,"{""source_key"": NaN, ""source_path"": NaN, ""source_row_index"": 5, ""original_snippet_id"": ""6""}",,,5
rq0_0195,7,Scalabrino,"/**
     * Loads the bundle (if not already loaded).
     *
     * @param name The name of the bundle to load.
     */
    private static void loadBundle(String name) {
        if (bundles.containsKey(name)) {
            return;
        }
        String resource = BUNDLES_PATH + ""."" + name;
        ResourceBundle bundle = null;
        try {
            LOG.debug(""Loading "" + resource);
            bundle = ResourceBundle.getBundle(resource, Locale.getDefault());
        } catch (MissingResourceException e1) {
            LOG.debug(""Resource "" + resource
		      + "" not found in the default class loader."");

	    Iterator iter = classLoaders.iterator();
	    while (iter.hasNext()) {
		ClassLoader cl = (ClassLoader) iter.next();
		try {
		    LOG.debug(""Loading "" + resource + "" from "" + cl);
		    bundle =
			ResourceBundle.getBundle(resource,
						 Locale.getDefault(),
						 cl);
		    break;
		} catch (MissingResourceException e2) {
		    LOG.debug(""Resource "" + resource + "" not found in "" + cl);
		}
	    }
        }

        bundles.put(name, bundle);
    }",3.0,-1.0948973180747061,0.37037037037037035,unreadable,unreadable,low,,java,29,5,1.0,5.0,Code,295f69245a08a8f746a3743ca6b7c48775938895f6f31ba414b0bec92fd25631,d8ec43dee77a7c9de15271ea34dfc7fc139f8907d32831307a70f77eaf75dc61,,,,"{""source_key"": NaN, ""source_path"": NaN, ""source_row_index"": 6, ""original_snippet_id"": ""7""}",,,6
rq0_0196,8,Scalabrino,"protected synchronized String evalToString(
            Object self,
            String expr,
            String sep)
    	throws ExpansionException {

        _scratchBindings.put(""self"", self);
        java.util.List values = eval(_scratchBindings, expr);
        _strBuf.setLength(0);
        Iterator iter = values.iterator();
        while (iter.hasNext()) {
            Object v = iter.next();
            if (Model.getFacade().isAModelElement(v)) {
                v = Model.getFacade().getName(v);
                if ("""".equals(v)) {
                    v = Translator.localize(""misc.name.anon"");
                }
            }
            if (Model.getFacade().isAExpression(v)) {
                v = Model.getFacade().getBody(v);
                if ("""".equals(v)) {
                    v = ""(unspecified)"";
                }
            }
            if (!"""".equals(v)) {
                _strBuf.append(v);
                if (iter.hasNext()) {
                    _strBuf.append(sep);
                }
            }
        }
        return _strBuf.toString();
    }",3.111111111111111,-0.9133902760409311,0.4074074074074074,unreadable,unreadable,low,,java,32,8,1.0,5.0,Code,b889e7dda230231dd80eaf2aaff1f69104fb946e7451716d34426c8f4e45d0de,5e784dd90bcb6c8156851686e226838eb5d2a3a78977f3cde09f2ca15f11559e,,,,"{""source_key"": NaN, ""source_path"": NaN, ""source_row_index"": 7, ""original_snippet_id"": ""8""}",,,7
rq0_0197,9,Scalabrino,"/**
     * Notify all listeners that have registered interest for
     * notification on this event type.  The event instance
     * is lazily created using the parameters passed into
     * the fire method.
     * @see EventListenerList
     */
    public void fireTreeStructureChanged(
					 Object source,
					 Object[] path,
					 int[] childIndices,
					 Object[] children) {

        // Guaranteed to return a non-null array
        Object[] listeners = listenerList.getListenerList();
        TreeModelEvent e = null;
        // Process the listeners last to first, notifying
        // those that are interested in this event
        for (int i = listeners.length - 2; i >= 0; i -= 2) {
            if (listeners[i] == TreeModelListener.class) {
                // Lazily create the event:
                if (e == null)
                    e =
                        new TreeModelEvent(
					   source,
					   path,
					   childIndices,
					   children);
                ((TreeModelListener) listeners[i + 1]).treeStructureChanged(e);
            }
        }
    }",3.7777777777777777,0.17565197616171824,0.6296296296296295,readable,discard,mid,,java,20,1,2.0,5.0,Code,2f17a8ca1b1ba1ea0b13e7745e45d4558f478de735d23499af90b6bfd77b7b6b,5254efa06931c0ce4c016a5df206080e37fa19be4b4c6b7f40dd1d1243467227,,,,"{""source_key"": NaN, ""source_path"": NaN, ""source_row_index"": 8, ""original_snippet_id"": ""9""}",,,8
rq0_0198,10,Scalabrino,"private void myDoubleClick(Object src) {
	Object sel = null;
	Diagram d = null;
	if (src == resultsTable) {
	    int row = resultsTable.getSelectionModel().getMinSelectionIndex();
	    if (row < 0) {
                return;
            }
	    sel = results.elementAt(row);
	    d = (Diagram) diagrams.elementAt(row);
	} else if (src == relatedTable) {
	    int row = relatedTable.getSelectionModel().getMinSelectionIndex();
	    if (row < 0) {
                return;
            }
	    numJumpToRelated++;
	    sel = related.elementAt(row);
	}

	if (d != null) {
            LOG.debug(""go "" + sel + "" in "" + d.getName());
            TargetManager.getInstance().setTarget(d);
        }
	TargetManager.getInstance().setTarget(sel);
    }",3.2222222222222223,-0.731883234007156,0.4444444444444444,unreadable,unreadable,low,,java,24,6,2.0,5.0,Code,f1b9ebbc907b3e6ba88ddce0e6961cf7ab56ecdfba4ea02157c7e8d20140d3e3,24fec60907477eab6908f97304b187aa9934936ded487119aec5736698ef5c93,,,,"{""source_key"": NaN, ""source_path"": NaN, ""source_row_index"": 9, ""original_snippet_id"": ""10""}",,,9
rq0_0199,11,Scalabrino,"public void propertyChange(PropertyChangeEvent evt) {
        // the project changed
        if (evt.getPropertyName()
            .equals(ProjectManager.CURRENT_PROJECT_PROPERTY_NAME)) {
            Project p = (Project) evt.getNewValue();
            if (p != null) {
                titleHandler.buildTitle(p.getName(), null);
                //Designer.TheDesigner.getToDoList().removeAllElements();
                Designer.setCritiquingRoot(p);
                // update all panes
                TargetManager.getInstance().setTarget(p.getInitialTarget());
            }
        }
    }",4.0,0.5386660602292682,0.7037037037037036,readable,readable,high,,java,11,3,2.0,5.0,Code,7e2fc174ed537d360ea42acaf1411dda8fd506934f0669eaecb8cab62727dc9e,7df53e8d7696cb51d28e27ae1f644c4813c00cfb57ee236decf4557b56324a76,,,,"{""source_key"": NaN, ""source_path"": NaN, ""source_row_index"": 10, ""original_snippet_id"": ""11""}",,,10
rq0_0200,13,Scalabrino,"private Object createTestUsingFieldInjection() throws Exception {
            List<FrameworkField> annotatedFieldsByParameter = getAnnotatedFieldsByParameter();
            if (annotatedFieldsByParameter.size() != fParameters.length) {
                throw new Exception(""Wrong number of parameters and @Parameter fields."" +
                        "" @Parameter fields counted: "" + annotatedFieldsByParameter.size() + "", available parameters: "" + fParameters.length + ""."");
            }
            Object testClassInstance = getTestClass().getJavaClass().newInstance();
            for (FrameworkField each : annotatedFieldsByParameter) {
                Field field = each.getField();
                Parameter annotation = field.getAnnotation(Parameter.class);
                int index = annotation.value();
                try {
                    field.set(testClassInstance, fParameters[index]);
                } catch (IllegalArgumentException iare) {
                    throw new Exception(getTestClass().getName() + "": Trying to set "" + field.getName() +
                            "" with the value "" + fParameters[index] +
                            "" that is not the right type ("" + fParameters[index].getClass().getSimpleName() + "" instead of "" +
                            field.getType().getSimpleName() + "")."", iare);
                }
            }
            return testClassInstance;
        }",3.555555555555556,-0.18736210790583105,0.5555555555555556,unreadable,discard,mid,,java,22,2,2.0,5.0,Code,8504c806016314902a4068d577883a4d262c8389c79c733b130d6b7ebf3ab319,5f14e24b94b25d8fa0161738db47388749cee78971b226fc5e2a397500e8efd1,,,,"{""source_key"": NaN, ""source_path"": NaN, ""source_row_index"": 11, ""original_snippet_id"": ""13""}",,,11
rq0_0201,14,Scalabrino,"@Override
        protected void validateFields(List<Throwable> errors) {
            super.validateFields(errors);
            if (fieldsAreAnnotated()) {
                List<FrameworkField> annotatedFieldsByParameter = getAnnotatedFieldsByParameter();
                int[] usedIndices = new int[annotatedFieldsByParameter.size()];
                for (FrameworkField each : annotatedFieldsByParameter) {
                    int index = each.getField().getAnnotation(Parameter.class).value();
                    if (index < 0 || index > annotatedFieldsByParameter.size() - 1) {
                        errors.add(
                                new Exception(""Invalid @Parameter value: "" + index + "". @Parameter fields counted: "" +
                                        annotatedFieldsByParameter.size() + "". Please use an index between 0 and "" +
                                        (annotatedFieldsByParameter.size() - 1) + ""."")
                        );
                    } else {
                        usedIndices[index]++;
                    }
                }
                for (int index = 0; index < usedIndices.length; index++) {
                    int numberOfUse = usedIndices[index];
                    if (numberOfUse == 0) {
                        errors.add(new Exception(""@Parameter("" + index + "") is never used.""));
                    } else if (numberOfUse > 1) {
                        errors.add(new Exception(""@Parameter("" + index + "") is used more than once ("" + numberOfUse + "").""));
                    }
                }
            }
        }",3.555555555555556,-0.18736210790583105,0.5555555555555556,unreadable,discard,mid,,java,28,4,2.0,5.0,Code,894ef189cc3aa5a8d2550cc890cdf4786fbb00624304d3d990f87389a19a7a57,97ed775bf78bd14e0d80ea4403e1c42076e28cafdbcdc8e98e2b3d18ad270598,,,,"{""source_key"": NaN, ""source_path"": NaN, ""source_row_index"": 12, ""original_snippet_id"": ""14""}",,,12
rq0_0202,15,Scalabrino,"String[] parseOptions(String[] args) {
        for (int i = 0; i != args.length; ++i) {
            String arg = args[i];

            try {
                if (arg.equals(""--"")) {
                    return copyArray(args, i + 1, args.length);
                } else if (arg.startsWith(""--"")) {
                    if (arg.startsWith(""--filter="") || arg.equals(""--filter"")) {
                        String filterSpec;
                        if (arg.equals(""--filter"")) {
                            ++i;

                            if (i < args.length) {
                                filterSpec = args[i];
                            } else {
                                parserErrors.add(new CommandLineParserError(arg + "" value not specified""));

                                break;
                            }
                        } else {
                            filterSpec = arg.substring(arg.indexOf('=') + 1);
                        }

                        filter = filter.intersect(FilterFactories.createFilterFromFilterSpec(
                                createSuiteDescription(arg), filterSpec));
                    } else {
                        parserErrors.add(new CommandLineParserError(""JUnit knows nothing about the "" + arg + "" option""));
                    }
                } else {
                    return copyArray(args, i, args.length);
                }
            } catch (FilterFactory.FilterNotCreatedException e) {
                parserErrors.add(e);
            }
        }

        return new String[]{};
    }",2.6666666666666665,-1.639418444176031,0.2592592592592592,unreadable,unreadable,low,,java,34,9,1.0,5.0,Code,8a614a90713f64210e1a30c74df7d5c37b0a4e3dc642de81530c8ac4d3c431f9,c3eec1bd3d712e5305d66c034900be4db009c6af7833f15bbae8b6028a9fb015,,,,"{""source_key"": NaN, ""source_path"": NaN, ""source_row_index"": 13, ""original_snippet_id"": ""15""}",,,13
rq0_0203,16,Scalabrino,"private static Set<String> buildHintsSet() {
		HashSet<String> hints = new HashSet<String>();
		hints.add( HINT_TIMEOUT );
		hints.add( SPEC_HINT_TIMEOUT );
		hints.add( HINT_COMMENT );
		hints.add( HINT_FETCH_SIZE );
		hints.add( HINT_CACHE_REGION );
		hints.add( HINT_CACHEABLE );
		hints.add( HINT_READONLY );
		hints.add( HINT_CACHE_MODE );
		hints.add( HINT_FLUSH_MODE );
		hints.add( HINT_NATIVE_LOCKMODE );
		hints.add( HINT_FETCHGRAPH );
		hints.add( HINT_LOADGRAPH );
		return java.util.Collections.unmodifiableSet( hints );
	}",4.444444444444445,1.2646942283643683,0.8518518518518519,readable,readable,high,,java,16,1,3.0,5.0,Code,94ca4c1a32c6e0e507435ce6f3db0a57431777dd5b740895a018d9eb0afef958,c21d4a8f2be0b8acbea27c35c7e2ac8b1a9ea7fba0b20680701da6e7ce981f7f,,,,"{""source_key"": NaN, ""source_path"": NaN, ""source_row_index"": 14, ""original_snippet_id"": ""16""}",,,14
rq0_0204,18,Scalabrino,"/**
	 * Constructs a PostgresPlusDialect
	 */
	public PostgresPlusDialect() {
		super();

		registerFunction( ""ltrim"", new StandardSQLFunction( ""ltrim"" ) );
		registerFunction( ""rtrim"", new StandardSQLFunction( ""rtrim"" ) );
		registerFunction( ""soundex"", new StandardSQLFunction( ""soundex"" ) );
		registerFunction( ""sysdate"", new NoArgSQLFunction( ""sysdate"", StandardBasicTypes.DATE, false ) );
		registerFunction( ""rowid"", new NoArgSQLFunction( ""rowid"", StandardBasicTypes.LONG, false ) );
		registerFunction( ""rownum"", new NoArgSQLFunction( ""rownum"", StandardBasicTypes.LONG, false ) );
		registerFunction( ""instr"", new StandardSQLFunction( ""instr"", StandardBasicTypes.INTEGER ) );
		registerFunction( ""lpad"", new StandardSQLFunction( ""lpad"", StandardBasicTypes.STRING ) );
		registerFunction( ""replace"", new StandardSQLFunction( ""replace"", StandardBasicTypes.STRING ) );
		registerFunction( ""rpad"", new StandardSQLFunction( ""rpad"", StandardBasicTypes.STRING ) );
		registerFunction( ""translate"", new StandardSQLFunction( ""translate"", StandardBasicTypes.STRING ) );
		registerFunction( ""substring"", new StandardSQLFunction( ""substr"", StandardBasicTypes.STRING ) );
		registerFunction( ""coalesce"", new NvlFunction() );
		registerFunction( ""atan2"", new StandardSQLFunction( ""atan2"", StandardBasicTypes.FLOAT ) );
		registerFunction( ""mod"", new StandardSQLFunction( ""mod"", StandardBasicTypes.INTEGER ) );
		registerFunction( ""nvl"", new StandardSQLFunction( ""nvl"" ) );
		registerFunction( ""nvl2"", new StandardSQLFunction( ""nvl2"" ) );
		registerFunction( ""power"", new StandardSQLFunction( ""power"", StandardBasicTypes.FLOAT ) );
		registerFunction( ""add_months"", new StandardSQLFunction( ""add_months"", StandardBasicTypes.DATE ) );
		registerFunction( ""months_between"", new StandardSQLFunction( ""months_between"", StandardBasicTypes.FLOAT ) );
		registerFunction( ""next_day"", new StandardSQLFunction( ""next_day"", StandardBasicTypes.DATE ) );
	}",4.0,0.5386660602292682,0.7037037037037036,readable,readable,high,,java,24,1,2.0,5.0,Code,49e7e3ebe7ceefaa8df2cfd442a79cf93468a387734618eaa2c0ede87c27ce34,ab9bb5869611fa5e5b6bf66b7aa8094178a57706e9fcd65a22161b4e9a830955,,,,"{""source_key"": NaN, ""source_path"": NaN, ""source_row_index"": 15, ""original_snippet_id"": ""18""}",,,15
rq0_0205,19,Scalabrino,"/**
	 * Constructs a Oracle8iDialect
	 */
	public Oracle8iDialect() {
		super();
		registerCharacterTypeMappings();
		registerNumericTypeMappings();
		registerDateTimeTypeMappings();
		registerLargeObjectTypeMappings();
		registerReverseHibernateTypeMappings();
		registerFunctions();
		registerDefaultProperties();
	}",4.0,0.5386660602292682,0.7037037037037036,readable,readable,high,,java,10,1,3.0,5.0,Code,1070aa96b790228b46e069e77eb252757475a712e5bab000d447e88638180f5e,5edfadd2ec414151dbe9c304bd242b87a52bd21d15fa5e3ce7ed4d62aa653dbb,,,,"{""source_key"": NaN, ""source_path"": NaN, ""source_row_index"": 16, ""original_snippet_id"": ""19""}",,,16
rq0_0206,20,Scalabrino,"/**
	 * Constructs a InterbaseDialect
	 */
	public InterbaseDialect() {
		super();
		registerColumnType( Types.BIT, ""smallint"" );
		registerColumnType( Types.BIGINT, ""numeric(18,0)"" );
		registerColumnType( Types.SMALLINT, ""smallint"" );
		registerColumnType( Types.TINYINT, ""smallint"" );
		registerColumnType( Types.INTEGER, ""integer"" );
		registerColumnType( Types.CHAR, ""char(1)"" );
		registerColumnType( Types.VARCHAR, ""varchar($l)"" );
		registerColumnType( Types.FLOAT, ""float"" );
		registerColumnType( Types.DOUBLE, ""double precision"" );
		registerColumnType( Types.DATE, ""date"" );
		registerColumnType( Types.TIME, ""time"" );
		registerColumnType( Types.TIMESTAMP, ""timestamp"" );
		registerColumnType( Types.VARBINARY, ""blob"" );
		registerColumnType( Types.NUMERIC, ""numeric($p,$s)"" );
		registerColumnType( Types.BLOB, ""blob"" );
		registerColumnType( Types.CLOB, ""blob sub_type 1"" );
		registerColumnType( Types.BOOLEAN, ""smallint"" );
		
		registerFunction( ""concat"", new VarArgsSQLFunction( StandardBasicTypes.STRING, ""("",""||"","")"" ) );
		registerFunction( ""current_date"", new NoArgSQLFunction( ""current_date"", StandardBasicTypes.DATE, false ) );

		getDefaultProperties().setProperty( Environment.STATEMENT_BATCH_SIZE, NO_BATCH );
	}",3.888888888888889,0.3571590181954932,0.6666666666666665,readable,discard,mid,,java,23,1,2.0,5.0,Code,f5218e721f73ad3b65bda35b34377612202c07c6ba42c1d8e55d37cbd34af7a3,bbbb3d47f411c22a648bfece922ac3423c99aa94a3b33b4f239dcd9236ddf111,,,,"{""source_key"": NaN, ""source_path"": NaN, ""source_row_index"": 17, ""original_snippet_id"": ""20""}",,,17
rq0_0207,21,Scalabrino,"/**
	 * Constructs a SybaseASE157Dialect
	 */
	public SybaseASE157Dialect() {
		super();

		registerFunction( ""create_locator"", new SQLFunctionTemplate( StandardBasicTypes.BINARY, ""create_locator(?1, ?2)"" ) );
		registerFunction( ""locator_literal"", new SQLFunctionTemplate( StandardBasicTypes.BINARY, ""locator_literal(?1, ?2)"" ) );
		registerFunction( ""locator_valid"", new SQLFunctionTemplate( StandardBasicTypes.BOOLEAN, ""locator_valid(?1)"" ) );
		registerFunction( ""return_lob"", new SQLFunctionTemplate( StandardBasicTypes.BINARY, ""return_lob(?1, ?2)"" ) );
		registerFunction( ""setdata"", new SQLFunctionTemplate( StandardBasicTypes.BOOLEAN, ""setdata(?1, ?2, ?3)"" ) );
		registerFunction( ""charindex"", new SQLFunctionTemplate( StandardBasicTypes.INTEGER, ""charindex(?1, ?2, ?3)"" ) );
	}",4.0,0.5386660602292682,0.7037037037037036,readable,readable,high,,java,9,1,3.0,5.0,Code,2c59108cb95c949acb328cd62b6bfc2dfa5fa16096462502debaaf721afe7014,ed2ec8ba9deafc9fc84dbaa4a53e10080602d50b41d22ce4bf26811614d8e79a,,,,"{""source_key"": NaN, ""source_path"": NaN, ""source_row_index"": 18, ""original_snippet_id"": ""21""}",,,18
rq0_0208,22,Scalabrino,"public String extractConstraintName(SQLException sqle) {
			try {
				final int sqlState = Integer.valueOf( JdbcExceptionHelper.extractSqlState( sqle ) );
				switch (sqlState) {
					// CHECK VIOLATION
					case 23514: return extractUsingTemplate( ""violates check constraint \"""",""\"""", sqle.getMessage() );
					// UNIQUE VIOLATION
					case 23505: return extractUsingTemplate( ""violates unique constraint \"""",""\"""", sqle.getMessage() );
					// FOREIGN KEY VIOLATION
					case 23503: return extractUsingTemplate( ""violates foreign key constraint \"""",""\"""", sqle.getMessage() );
					// NOT NULL VIOLATION
					case 23502: return extractUsingTemplate( ""null value in column \"""",""\"" violates not-null constraint"", sqle.getMessage() );
					// TODO: RESTRICT VIOLATION
					case 23001: return null;
					// ALL OTHER
					default: return null;
				}
			}
			catch (NumberFormatException nfe) {
				return null;
			}
		}",4.555555555555555,1.4462012703981426,0.8888888888888887,readable,readable,high,,java,16,7,4.0,5.0,Code,b4f2a2a86e66ef83eeb06cbc596ec30d7ab7c0e8d1ce72d3ea9984dc3e8db42e,bfdcbfa2dea6cfa96aefa1507b623893b6b8811c369d55d41be924f8b616bcaf,,,,"{""source_key"": NaN, ""source_path"": NaN, ""source_row_index"": 19, ""original_snippet_id"": ""22""}",,,19
rq0_0209,25,Scalabrino,"/**
	 * Constructs a FrontBaseDialect
	 */
	public FrontBaseDialect() {
		super();

		registerColumnType( Types.BIT, ""bit"" );
		registerColumnType( Types.BIGINT, ""longint"" );
		registerColumnType( Types.SMALLINT, ""smallint"" );
		registerColumnType( Types.TINYINT, ""tinyint"" );
		registerColumnType( Types.INTEGER, ""integer"" );
		registerColumnType( Types.CHAR, ""char(1)"" );
		registerColumnType( Types.VARCHAR, ""varchar($l)"" );
		registerColumnType( Types.FLOAT, ""float"" );
		registerColumnType( Types.DOUBLE, ""double precision"" );
		registerColumnType( Types.DATE, ""date"" );
		registerColumnType( Types.TIME, ""time"" );
		registerColumnType( Types.TIMESTAMP, ""timestamp"" );
		registerColumnType( Types.VARBINARY, ""bit varying($l)"" );
		registerColumnType( Types.NUMERIC, ""numeric($p,$s)"" );
		registerColumnType( Types.BLOB, ""blob"" );
		registerColumnType( Types.CLOB, ""clob"" );
	}",4.222222222222222,0.9016801442968183,0.7777777777777777,readable,readable,high,,java,19,1,3.0,5.0,Code,745433aed7f9729298e5ad44b14a6c021b6c8ee6228a152d8c41548dbec5f984,e0fc2d8f334b1da68915d358cf7e1b05b977815a1b1f140feba33896cfd2a799,,,,"{""source_key"": NaN, ""source_path"": NaN, ""source_row_index"": 20, ""original_snippet_id"": ""25""}",,,20
rq0_0210,27,Scalabrino,"private void considerExplicitFieldAndPropertyAccess() {
		for ( XProperty property : fieldAccessMap.values() ) {
			Access access = property.getAnnotation( Access.class );
			if ( access == null ) {
				continue;
			}

			// see ""2.3.2 Explicit Access Type"" of JPA 2 spec
			// the access type for this property is explicitly set to AccessType.FIELD, hence we have to
			// use field access for this property even if the default access type for the class is AccessType.PROPERTY
			AccessType accessType = AccessType.getAccessStrategy( access.value() );
            if (accessType == AccessType.FIELD) {
				propertyAccessMap.put(property.getName(), property);
			}
            else {
				LOG.debug( ""Placing @Access(AccessType.FIELD) on a field does not have any effect."" );
			}
		}

		for ( XProperty property : propertyAccessMap.values() ) {
			Access access = property.getAnnotation( Access.class );
			if ( access == null ) {
				continue;
			}

			AccessType accessType = AccessType.getAccessStrategy( access.value() );

			// see ""2.3.2 Explicit Access Type"" of JPA 2 spec
			// the access type for this property is explicitly set to AccessType.PROPERTY, hence we have to
			// return use method access even if the default class access type is AccessType.FIELD
            if (accessType == AccessType.PROPERTY) {
				fieldAccessMap.put(property.getName(), property);
			}
            else {
				LOG.debug( ""Placing @Access(AccessType.PROPERTY) on a field does not have any effect."" );
			}
		}
	}",3.7777777777777777,0.17565197616171824,0.6296296296296295,readable,discard,mid,,java,28,2,2.0,5.0,Code,dda16f456180030bccd53e1fc9356feae341c0f59e5d25e0df9aac18cefa2b7c,2f171b323c90c683580e211287050a6c7f58852ed9f0c3c50cca88331bf674d0,,,,"{""source_key"": NaN, ""source_path"": NaN, ""source_row_index"": 21, ""original_snippet_id"": ""27""}",,,21
rq0_0211,28,Scalabrino,"private static Ejb3DiscriminatorColumn processDiscriminatorProperties(XClass clazzToProcess, Mappings mappings, InheritanceState inheritanceState, EntityBinder entityBinder) {
		Ejb3DiscriminatorColumn discriminatorColumn = null;
		javax.persistence.DiscriminatorColumn discAnn = clazzToProcess.getAnnotation(
				javax.persistence.DiscriminatorColumn.class
		);
		DiscriminatorType discriminatorType = discAnn != null ?
				discAnn.discriminatorType() :
				DiscriminatorType.STRING;

		org.hibernate.annotations.DiscriminatorFormula discFormulaAnn = clazzToProcess.getAnnotation(
				org.hibernate.annotations.DiscriminatorFormula.class
		);
		if ( !inheritanceState.hasParents() ) {
			discriminatorColumn = Ejb3DiscriminatorColumn.buildDiscriminatorColumn(
					discriminatorType, discAnn, discFormulaAnn, mappings
			);
		}
		if ( discAnn != null && inheritanceState.hasParents() ) {
			LOG.invalidDiscriminatorAnnotation( clazzToProcess.getName() );
		}

		String discrimValue = clazzToProcess.isAnnotationPresent( DiscriminatorValue.class ) ?
				clazzToProcess.getAnnotation( DiscriminatorValue.class ).value() :
				null;
		entityBinder.setDiscriminatorValue( discrimValue );

		DiscriminatorOptions discriminatorOptions = clazzToProcess.getAnnotation( DiscriminatorOptions.class );
		if ( discriminatorOptions != null) {
			entityBinder.setForceDiscriminator( discriminatorOptions.force() );
			entityBinder.setInsertableDiscriminator( discriminatorOptions.insert() );
		}

		return discriminatorColumn;
	}",2.333333333333333,-2.183939570277356,0.14814814814814806,unreadable,unreadable,low,,java,30,1,1.0,5.0,Code,f7a6e230bf996882e4baf31dcd303580a2a180173c70d6cfbc2af23a5be82aab,b498c5b1077fe2ac47a6ffe1af0f23dd1e030b0d503cfe552771f03166d45e85,,,,"{""source_key"": NaN, ""source_path"": NaN, ""source_row_index"": 22, ""original_snippet_id"": ""28""}",,,22
rq0_0212,29,Scalabrino,"private static boolean isEntityClassType(XClass clazzToProcess, AnnotatedClassType classType) {
		if ( AnnotatedClassType.EMBEDDABLE_SUPERCLASS.equals( classType ) //will be processed by their subentities
				|| AnnotatedClassType.NONE.equals( classType ) //to be ignored
				|| AnnotatedClassType.EMBEDDABLE.equals( classType ) //allow embeddable element declaration
				) {
			if ( AnnotatedClassType.NONE.equals( classType )
					&& clazzToProcess.isAnnotationPresent( org.hibernate.annotations.Entity.class ) ) {
				LOG.missingEntityAnnotation( clazzToProcess.getName() );
			}
			return false;
		}

		if ( !classType.equals( AnnotatedClassType.ENTITY ) ) {
			throw new AnnotationException(
					""Annotated class should have a @javax.persistence.Entity, @javax.persistence.Embeddable or @javax.persistence.EmbeddedSuperclass annotation: "" + clazzToProcess
							.getName()
			);
		}

		return true;
	}",3.6666666666666665,-0.005855065872056767,0.5925925925925924,unreadable,discard,mid,,java,19,2,3.0,5.0,Code,fe292f322b0b453c3133a3b6af468290309fbb0952c0c860c1b7eacaf0cbb3db,900b8d888c853fbdc82421a801b5987e305e19e8b4f1a95b1d0e325426a58f36,,,,"{""source_key"": NaN, ""source_path"": NaN, ""source_row_index"": 23, ""original_snippet_id"": ""29""}",,,23
rq0_0213,30,Scalabrino,"public void redefineColumnName(String columnName, String propertyName, boolean applyNamingStrategy) {
		if ( applyNamingStrategy ) {
			if ( StringHelper.isEmpty( columnName ) ) {
				if ( propertyName != null ) {
					mappingColumn.setName(
							mappings.getObjectNameNormalizer().normalizeIdentifierQuoting(
									mappings.getNamingStrategy().propertyToColumnName( propertyName )
							)
					);
				}
				//Do nothing otherwise
			}
			else {
				columnName = mappings.getObjectNameNormalizer().normalizeIdentifierQuoting( columnName );
				columnName = mappings.getNamingStrategy().columnName( columnName );
				columnName = mappings.getObjectNameNormalizer().normalizeIdentifierQuoting( columnName );
				mappingColumn.setName( columnName );
			}
		}
		else {
			if ( StringHelper.isNotEmpty( columnName ) ) {
				mappingColumn.setName( mappings.getObjectNameNormalizer().normalizeIdentifierQuoting( columnName ) );
			}
		}
	}",3.4444444444444446,-0.36886914993960607,0.5185185185185185,unreadable,discard,mid,,java,24,5,2.0,5.0,Code,33097aee3d46670e05828e5272413013f77e1d30f63c2baa376cca9481309d30,76ef93843f273d26e1f7913949df25f454f2a16eac6671fff59ddcf6b4b2666a,,,,"{""source_key"": NaN, ""source_path"": NaN, ""source_row_index"": 24, ""original_snippet_id"": ""30""}",,,24
rq0_0214,31,Scalabrino,"private static void parseFilter(Element filterElement, Filterable filterable, Mappings model) {
		final String name = filterElement.attributeValue( ""name"" );
		String condition = filterElement.getTextTrim();
		if ( StringHelper.isEmpty(condition) ) {
			condition = filterElement.attributeValue( ""condition"" );
		}
		//TODO: bad implementation, cos it depends upon ordering of mapping doc
		//      fixing this requires that Collection/PersistentClass gain access
		//      to the Mappings reference from Configuration (or the filterDefinitions
		//      map directly) sometime during Configuration.build
		//      (after all the types/filter-defs are known and before building
		//      persisters).
		if ( StringHelper.isEmpty(condition) ) {
			condition = model.getFilterDefinition(name).getDefaultFilterCondition();
		}
		if ( condition==null) {
			throw new MappingException(""no filter condition found for filter: "" + name);
		}
		Iterator aliasesIterator = filterElement.elementIterator(""aliases"");
		java.util.Map<String, String> aliasTables = new HashMap<String, String>();
		while (aliasesIterator.hasNext()){
			Element alias = (Element) aliasesIterator.next();
			aliasTables.put(alias.attributeValue(""alias""), alias.attributeValue(""table""));
		}
		LOG.debugf( ""Applying filter [%s] as [%s]"", name, condition );
		String autoAliasInjectionText = filterElement.attributeValue(""autoAliasInjection"");
		boolean autoAliasInjection = StringHelper.isEmpty(autoAliasInjectionText) ? true : Boolean.parseBoolean(autoAliasInjectionText);
		filterable.addFilter(name, condition, autoAliasInjection, aliasTables, null);
	}",3.2222222222222223,-0.731883234007156,0.4444444444444444,unreadable,unreadable,low,,java,23,6,2.0,5.0,Code,c10f4d37bb08ac274e5c839158ad7bcfdaf48b08b72c738cfe55d5e1b743656f,b76db02444e52c258758648668c11879d63ca5d5b8aba2145db14b07fee032f9,,,,"{""source_key"": NaN, ""source_path"": NaN, ""source_row_index"": 25, ""original_snippet_id"": ""31""}",,,25
rq0_0215,32,Scalabrino,"/**
     * Retrieves a PropertyAccessor instance based on the given property definition and
     * entity mode.
     *
     * @param property The property for which to retrieve an accessor.
     * @param mode The mode for the resulting entity.
     * @return An appropriate accessor.
     * @throws MappingException
     */
	public static PropertyAccessor getPropertyAccessor(AttributeBinding property, EntityMode mode) throws MappingException {
		//TODO: this is temporary in that the end result will probably not take a Property reference per-se.
	    if ( null == mode || EntityMode.POJO.equals( mode ) ) {
		    return getPojoPropertyAccessor( property.getPropertyAccessorName() );
	    }
	    else if ( EntityMode.MAP.equals( mode ) ) {
		    return getDynamicMapPropertyAccessor();
	    }
	    else {
		    throw new MappingException( ""Unknown entity mode ["" + mode + ""]"" );
	    }
	}",4.333333333333333,1.0831871863305926,0.8148148148148147,readable,readable,high,,java,11,4,3.0,5.0,Code,aaab97b993676e971e3d41874543e3764a15947ac2348b53970bb67b42cdf0bc,5f43a292651f9baef4778df76a6e5305c9e8bd60323da907e02234f8c9f540e0,,,,"{""source_key"": NaN, ""source_path"": NaN, ""source_row_index"": 26, ""original_snippet_id"": ""32""}",,,26
rq0_0216,33,Scalabrino,"/**
	 * Execute given <tt>PreparedStatement</tt>, advance to the first result and return SQL <tt>ResultSet</tt>.
	 */
	protected final ResultSet getResultSet(
			final PreparedStatement st,
			final RowSelection selection,
			final LimitHandler limitHandler,
			final boolean autodiscovertypes,
			final SessionImplementor session)
	throws SQLException, HibernateException {

		try {
			ResultSet rs = session.getTransactionCoordinator().getJdbcCoordinator().getResultSetReturn().extract( st );
			rs = wrapResultSetIfEnabled( rs , session );

			if ( !limitHandler.supportsLimitOffset() || !LimitHelper.useLimit( limitHandler, selection ) ) {
				advance( rs, selection );
			}

			if ( autodiscovertypes ) {
				autoDiscoverTypes( rs );
			}
			return rs;
		}
		catch ( SQLException sqle ) {
			session.getTransactionCoordinator().getJdbcCoordinator().release( st );
			throw sqle;
		}
	}",4.0,0.5386660602292682,0.7037037037037036,readable,readable,high,,java,23,5,3.0,5.0,Code,6a06bb4f5d818262cd48d500fa299a2cbc587bcda0fda83c9885a62021591ded,5ac86d4970a390a6beb4058ae80aef643101575f5bb4b06846dc5ea3778eaf42,,,,"{""source_key"": NaN, ""source_path"": NaN, ""source_row_index"": 27, ""original_snippet_id"": ""33""}",,,27
rq0_0217,34,Scalabrino,"/**
	 * Generate a select list of columns containing all properties of the entity classes
	 */
	protected final String selectString(List associations)
	throws MappingException {

		if ( associations.size()==0 ) {
			return """";
		}
		else {
			StringBuilder buf = new StringBuilder( associations.size() * 100 );
			int entityAliasCount=0;
			int collectionAliasCount=0;
			for ( int i=0; i<associations.size(); i++ ) {
				OuterJoinableAssociation join = (OuterJoinableAssociation) associations.get(i);
				OuterJoinableAssociation next = (i == associations.size() - 1)
				        ? null
				        : ( OuterJoinableAssociation ) associations.get( i + 1 );
				final Joinable joinable = join.getJoinable();
				final String entitySuffix = ( suffixes == null || entityAliasCount >= suffixes.length )
				        ? null
				        : suffixes[entityAliasCount];
				final String collectionSuffix = ( collectionSuffixes == null || collectionAliasCount >= collectionSuffixes.length )
				        ? null
				        : collectionSuffixes[collectionAliasCount];
				final String selectFragment = joinable.selectFragment(
						next == null ? null : next.getJoinable(),
						next == null ? null : next.getRHSAlias(),
						join.getRHSAlias(),
						entitySuffix,
				        collectionSuffix,
						join.getJoinType()==JoinType.LEFT_OUTER_JOIN
				);
				if (selectFragment.trim().length() > 0) {
					buf.append("", "").append(selectFragment);
				}
				if ( joinable.consumesEntityAlias() ) entityAliasCount++;
				if ( joinable.consumesCollectionAlias() && join.getJoinType()==JoinType.LEFT_OUTER_JOIN ) collectionAliasCount++;
			}
			return buf.toString();
		}
	}",2.555555555555556,-1.8209254862098054,0.2222222222222223,unreadable,unreadable,low,,java,38,14,1.0,5.0,Code,b2b2b8660a502a8d7c8b43ddd005a31703954d0f8218af59ad9f951803e769ac,873b0307ad52c794441c3d942b8774c3a06d30a4bde79e7f5f7f1d0004079bac,,,,"{""source_key"": NaN, ""source_path"": NaN, ""source_row_index"": 28, ""original_snippet_id"": ""34""}",,,28
rq0_0218,36,Scalabrino,"public boolean equals(Table table) {
		if (null == table) {
			return false;
		}
		if (this == table) {
			return true;
		}

		return isQuoted() ? name.equals(table.getName()) : name.equalsIgnoreCase(table.getName())
			&& ((schema == null && table.getSchema() != null) ? false : (schema == null) ? true : isSchemaQuoted() ? schema.equals(table.getSchema()) : schema.equalsIgnoreCase(table.getSchema()))
			&& ((catalog == null && table.getCatalog() != null) ? false : (catalog == null) ? true : isCatalogQuoted() ? catalog.equals(table.getCatalog()) : catalog.equalsIgnoreCase(table.getCatalog()));
	}",2.2222222222222223,-2.3654466123111306,0.11111111111111115,unreadable,unreadable,low,,java,11,14,1.0,4.0,Code,2f9521171cb2b4633257e6bbd6247f359cf4af467944467c4389525c806ddb70,1a8583675322607e4d5f4c3a26a74d070f62fd1bfb1aa504eeffbd0c35232550,,,,"{""source_key"": NaN, ""source_path"": NaN, ""source_row_index"": 29, ""original_snippet_id"": ""36""}",,,29
rq0_0219,37,Scalabrino,"public int getSqlTypeCode(Mapping mapping) throws MappingException {
        org.hibernate.type.Type type = getValue().getType();
        try {
            int sqlTypeCode = type.sqlTypes( mapping )[getTypeIndex()];
            if ( getSqlTypeCode() != null && getSqlTypeCode() != sqlTypeCode ) {
                throw new MappingException( ""SQLType code's does not match. mapped as "" + sqlTypeCode + "" but is "" + getSqlTypeCode() );
            }
            return sqlTypeCode;
        }
        catch ( Exception e ) {
            throw new MappingException(
                    ""Could not determine type for column "" +
                            name +
                            "" of type "" +
                            type.getClass().getName() +
                            "": "" +
                            e.getClass().getName(),
                    e
            );
        }
    }",3.7777777777777777,0.17565197616171824,0.6296296296296295,readable,discard,mid,,java,21,4,2.0,5.0,Code,7ffb98802fd559e3f402eca5ad205a501d2b06737a7f9619801d6424cd4c6cd5,d459fbd95e2d22237f83f2a4639c3d745838634e4e1df609a6e15b4d4874efa6,,,,"{""source_key"": NaN, ""source_path"": NaN, ""source_row_index"": 30, ""original_snippet_id"": ""37""}",,,30
rq0_0220,38,Scalabrino,"/**
     * Provides serialization support.
     *
     * @param stream  the output stream.
     *
     * @throws IOException  if there is an I/O error.
     */
    private void writeObject(ObjectOutputStream stream) throws IOException {
        stream.defaultWriteObject();

        SerialUtilities.writeShape(this.legendItemShape, stream);
        SerialUtilities.writePaint(this.seriesPaint, stream);
        SerialUtilities.writePaint(this.baseSeriesPaint, stream);
        SerialUtilities.writePaint(this.seriesOutlinePaint, stream);
        SerialUtilities.writePaint(this.baseSeriesOutlinePaint, stream);
        SerialUtilities.writeStroke(this.seriesOutlineStroke, stream);
        SerialUtilities.writeStroke(this.baseSeriesOutlineStroke, stream);
        SerialUtilities.writePaint(this.labelPaint, stream);
        SerialUtilities.writePaint(this.axisLinePaint, stream);
        SerialUtilities.writeStroke(this.axisLineStroke, stream);
    }",4.222222222222222,0.9016801442968183,0.7777777777777777,readable,readable,high,,java,13,1,3.0,5.0,Code,bc95c41da50b5f0710359f6de98889c269a090adf6d68f7e12b7cd9e4b6ed88d,0719ce85bad4c0897c5b3689a92df0e72f28903056b4706a402ced4a09da16f7,,,,"{""source_key"": NaN, ""source_path"": NaN, ""source_row_index"": 31, ""original_snippet_id"": ""38""}",,,31
rq0_0221,39,Scalabrino,"/**
     * Tests another object for equality with this object.
     *
     * @param obj  the object to test (<code>null</code> permitted).
     *
     * @return A boolean.
     */
    @Override
    public boolean equals(Object obj) {
        if (obj == this) {
            return true;
        }
        if (!(obj instanceof PinNeedle)) {
            return false;
        }
        if (!super.equals(obj)) {
            return false;
        }
        return true;
    }",4.777777777777778,1.8092153544656926,0.9629629629629628,readable,readable,high,,java,13,4,4.0,5.0,Code,e4ecac9118114683d7ecca5de60af56f3db83805e03ef3aefc4c305469973d0d,20bd6553700261e9cd483105bb22e90ab1d14f71984fe1d8731688d7e59c3da4,,,,"{""source_key"": NaN, ""source_path"": NaN, ""source_row_index"": 32, ""original_snippet_id"": ""39""}",,,32
rq0_0222,40,Scalabrino,"/**
     * Tests this dataset for equality with an arbitrary object.
     *
     * @param obj  the object (<code>null</code> permitted).
     *
     * @return A boolean.
     */
    @Override
    public boolean equals(Object obj) {
        if (obj == this) {
            return true;
        }
        if (!(obj instanceof CategoryDataset)) {
            return false;
        }
        CategoryDataset that = (CategoryDataset) obj;
        if (!getRowKeys().equals(that.getRowKeys())) {
            return false;
        }
        if (!getColumnKeys().equals(that.getColumnKeys())) {
            return false;
        }
        int rowCount = getRowCount();
        int colCount = getColumnCount();
        for (int r = 0; r < rowCount; r++) {
            for (int c = 0; c < colCount; c++) {
                Number v1 = getValue(r, c);
                Number v2 = that.getValue(r, c);
                if (v1 == null) {
                    if (v2 != null) {
                        return false;
                    }
                }
                else if (!v1.equals(v2)) {
                    return false;
                }
            }
        }
        return true;
    }",4.222222222222222,0.9016801442968183,0.7777777777777777,readable,readable,high,,java,33,10,3.0,5.0,Code,b7dfde829eb9dab160172a2157b7c43e31eedf4b166eda23b8713db74e8e2923,a4d785cabb445c5aec7b06360e1fcc6d199c7f43c58c7c27832df5afd2a3a5b6,,,,"{""source_key"": NaN, ""source_path"": NaN, ""source_row_index"": 33, ""original_snippet_id"": ""40""}",,,33
rq0_0223,41,Scalabrino,"/**
     * Returns the minimum and maximum values for the dataset's range
     * (y-values), assuming that the series in one category are stacked.
     *
     * @param dataset  the dataset (<code>null</code> not permitted).
     * @param base  the base value for the bars.
     *
     * @return The range (<code>null</code> if the dataset contains no values).
     */
    public static Range findStackedRangeBounds(CategoryDataset dataset,
            double base) {
        ParamChecks.nullNotPermitted(dataset, ""dataset"");
        Range result = null;
        double minimum = Double.POSITIVE_INFINITY;
        double maximum = Double.NEGATIVE_INFINITY;
        int categoryCount = dataset.getColumnCount();
        for (int item = 0; item < categoryCount; item++) {
            double positive = base;
            double negative = base;
            int seriesCount = dataset.getRowCount();
            for (int series = 0; series < seriesCount; series++) {
                Number number = dataset.getValue(series, item);
                if (number != null) {
                    double value = number.doubleValue();
                    if (value > 0.0) {
                        positive = positive + value;
                    }
                    if (value < 0.0) {
                        negative = negative + value;
                        // '+', remember value is negative
                    }
                }
            }
            minimum = Math.min(minimum, negative);
            maximum = Math.max(maximum, positive);
        }
        if (minimum <= maximum) {
            result = new Range(minimum, maximum);
        }
        return result;

    }",4.111111111111111,0.7201731022630425,0.7407407407407405,readable,readable,high,,java,31,7,3.0,5.0,Code,07598eaddb737632fbba2ad40195eab9d184b6a4ca5183fb94eafccd98741e39,fcdd167dcb8c0cc8505e09bd92277fc2d7da241c0a4445454b3efc981165508b,,,,"{""source_key"": NaN, ""source_path"": NaN, ""source_row_index"": 34, ""original_snippet_id"": ""41""}",,,34
rq0_0224,42,Scalabrino,"/**
     * Tests the equality of this object against an arbitrary Object.
     * <P>
     * This method will return true ONLY if the object is a Second object
     * representing the same second as this instance.
     *
     * @param obj  the object to compare (<code>null</code> permitted).
     *
     * @return <code>true</code> if second and minute of this and the object
     *         are the same.
     */
    @Override
    public boolean equals(Object obj) {
        if (obj == this) {
            return true;
        }
        if (!(obj instanceof Second)) {
            return false;
        }
        Second that = (Second) obj;
        if (this.second != that.second) {
            return false;
        }
        if (this.minute != that.minute) {
            return false;
        }
        if (this.hour != that.hour) {
            return false;
        }
        if (!this.day.equals(that.day)) {
            return false;
        }
        return true;
    }",4.666666666666667,1.6277083124319183,0.9259259259259259,readable,readable,high,,java,23,7,4.0,5.0,Code,8d9c5b622858549d555059f7b484817397dfe7217aa391631c20ab12d64240a1,82e1e4618b3aa6cba9ed97892e4511ec5b766c8215294356e44c95f29d1104b3,,,,"{""source_key"": NaN, ""source_path"": NaN, ""source_row_index"": 35, ""original_snippet_id"": ""42""}",,,35
rq0_0225,43,Scalabrino,"private void handleFireEvent(ArgoEvent event, ArgoEventListener listener) {
        if (event.getEventType() == ArgoEventTypes.ANY_EVENT) {
            if (listener instanceof ArgoModuleEventListener) {
                handleFireModuleEvent((ArgoModuleEvent) event,
				      (ArgoModuleEventListener) listener);
            }
            if (listener instanceof ArgoNotationEventListener) {
                handleFireNotationEvent((ArgoNotationEvent) event,
					(ArgoNotationEventListener) listener);
            }
        } else {
            if (event.getEventType() >= ArgoEventTypes.ANY_MODULE_EVENT
                && event.getEventType() < ArgoEventTypes.LAST_MODULE_EVENT) {
                if (listener instanceof ArgoModuleEventListener) {
                    handleFireModuleEvent((ArgoModuleEvent) event,
					  (ArgoModuleEventListener) listener);
                }
            }
            if (event.getEventType() >= ArgoEventTypes.ANY_NOTATION_EVENT
                && event.getEventType() < ArgoEventTypes.LAST_NOTATION_EVENT) {
                if (listener instanceof ArgoNotationEventListener) {
                    handleFireNotationEvent((ArgoNotationEvent) event,
					(ArgoNotationEventListener) listener);
                }
            }
            if (event.getEventType() >= ArgoEventTypes.ANY_GENERATOR_EVENT
                && event.getEventType() < ArgoEventTypes.LAST_GENERATOR_EVENT) {
                if (listener instanceof ArgoGeneratorEventListener) {
                    handleFireGeneratorEvent((ArgoGeneratorEvent) event,
                            (ArgoGeneratorEventListener) listener);
                }
            }
        }
    }",2.888888888888889,-1.2764043601084811,0.33333333333333326,unreadable,unreadable,low,,java,34,13,1.0,4.0,Code,765573a64781849b9a15f5641d1f99c40e1f236eb44596669dba7d2a087fdcc8,b68e4c798ce9a66b3fa56cee5c8019a8b2f85e72e30d980ee115dd43faaedfe9,,,,"{""source_key"": NaN, ""source_path"": NaN, ""source_row_index"": 36, ""original_snippet_id"": ""43""}",,,36
rq0_0226,44,Scalabrino,"/**
     * Find an element in the list.
     *
     * This is a little more complex than the simple lookup since it might be
     * that we are indexing with a class and the list contains interfaces.
     *
     * Since the hashtable lookup is a lot faster than the linear search we
     * add the result of the linear search to the hashtable so that the next
     * time we need not do it.
     *
     * @return Checklist or null if noone exist.
     * @param cls the class to lookup.
     */
    private static Checklist lookupChecklist(Class cls) {
        if (lists.contains(cls)) {
            return (Checklist) lists.get(cls);
	}

        // Now lets search
        Enumeration enumeration = lists.keys();

        while (enumeration.hasMoreElements()) {
            Object clazz = enumeration.nextElement();

            Class[] intfs = cls.getInterfaces();
            for (int i = 0; i < intfs.length; i++) {
                if (intfs[i].equals(clazz)) {
                    // We found it!
                    Checklist chlist = (Checklist) lists.get(clazz);

                    // Enter the class to speed up the next search.
                    lists.put(cls, chlist);
                    return chlist;
                }
            }
        }

        return null;
    }",4.0,0.5386660602292682,0.7037037037037036,readable,readable,high,,java,18,5,3.0,5.0,Code,0eb46cb356dc24d146d4c23a04c336be5a158540cbdf797bbe739e1acfe1b540,8b66a2a2e4826948d3d9c0b23789697ad12b6c43908bf187fad6e5e508e9416a,,,,"{""source_key"": NaN, ""source_path"": NaN, ""source_row_index"": 37, ""original_snippet_id"": ""44""}",,,37
rq0_0227,45,Scalabrino,"/**
     * @return a list of all the types
     */
    public static Vector getTypes() {
        if (types == null) {
            types = new Vector();
            types.addElement(new KnowledgeTypeNode(Critic.KT_DESIGNERS));
            types.addElement(new KnowledgeTypeNode(Critic.KT_CORRECTNESS));
            types.addElement(new KnowledgeTypeNode(Critic.KT_COMPLETENESS));
            types.addElement(new KnowledgeTypeNode(Critic.KT_CONSISTENCY));
            types.addElement(new KnowledgeTypeNode(Critic.KT_SYNTAX));
            types.addElement(new KnowledgeTypeNode(Critic.KT_SEMANTICS));
            types.addElement(new KnowledgeTypeNode(Critic.KT_OPTIMIZATION));
            types.addElement(new KnowledgeTypeNode(Critic.KT_PRESENTATION));
            types.addElement(new KnowledgeTypeNode(Critic.KT_ORGANIZATIONAL));
            types.addElement(new KnowledgeTypeNode(Critic.KT_EXPERIENCIAL));
            types.addElement(new KnowledgeTypeNode(Critic.KT_TOOL));
        }
        return types;
    }",4.333333333333333,1.0831871863305926,0.8148148148148147,readable,readable,high,,java,17,2,2.0,5.0,Code,c2485b80f0b558c927c51bfc2d6ffedc33d40206819652663b72113427ac9b2d,263cbaa81989c991d94d01a94bd3ad57fdeb274ef91d23632f7f6e67ba80108a,,,,"{""source_key"": NaN, ""source_path"": NaN, ""source_row_index"": 38, ""original_snippet_id"": ""45""}",,,38
rq0_0228,46,Scalabrino,"public void toDoItemsRemoved(ToDoListEvent tde) {
	LOG.debug(""toDoItemRemoved"");
        Vector items = tde.getToDoItems();
        int nItems = items.size();
        
	ToDoList list = Designer.theDesigner().getToDoList(); //source?
	Object[] path = new Object[2];
	path[0] = Designer.theDesigner().getToDoList();


	Enumeration elems = list.getPosters().elements();
 	while (elems.hasMoreElements()) {
	    Poster p = (Poster) elems.nextElement();
            boolean anyInPoster = false;
            for (int i = 0; i < nItems; i++) {
                ToDoItem item = (ToDoItem) items.elementAt(i);
                Poster post = item.getPoster();
                if (post == p) { 
                    anyInPoster = true;
                    break;
                }
            }
            if (!anyInPoster) { 
                continue;
            }
	    path[1] = p;
	    fireTreeStructureChanged(path);
	}
    }",3.333333333333333,-0.5503761919733818,0.48148148148148134,unreadable,unreadable,low,,java,26,5,2.0,5.0,Code,84bef5a4ef6afaefb44cf1b74cc4ff25cf27306c4b15a546b728a90f83068d65,e5b5d5a8f74dc199c942e9345c3982a7591a53e7f65677944b006c42aae46865,,,,"{""source_key"": NaN, ""source_path"": NaN, ""source_row_index"": 39, ""original_snippet_id"": ""46""}",,,39
rq0_0229,47,Scalabrino,"public void updateListener(PropertyChangeListener listener, 
            Object modelElement,
            PropertyChangeEvent pce) {
        Object obj = pce.getSource();
        if ((obj == modelElement) 
                && ""stereotype"".equals(pce.getPropertyName())) {
            if (pce instanceof AddAssociationEvent 
                    && Model.getFacade().isAStereotype(pce.getNewValue())) {
                // new stereotype
                addElementListener(
                        listener, 
                        pce.getNewValue(), 
                        new String[] {""name"", ""remove""});
            }
            if (pce instanceof RemoveAssociationEvent 
                    && Model.getFacade().isAStereotype(pce.getOldValue())) {
                // removed stereotype
                removeElementListener(
                        listener, 
                        pce.getOldValue());
            }
        }
    }",3.6666666666666665,-0.005855065872056767,0.5925925925925924,unreadable,discard,mid,,java,21,7,3.0,5.0,Code,c97519cd8bb6fb01e5bdbec642c1d8315ad2adfd60b8d7780cbcface4105c5bc,8b523ba45e85ef4b3d63dd5672ee3f55319ab3595c70ce53a0c5cecaeab41c8a,,,,"{""source_key"": NaN, ""source_path"": NaN, ""source_row_index"": 40, ""original_snippet_id"": ""47""}",,,40
rq0_0230,48,Scalabrino,"/**
     * @param filename the filename to read from
     */
    public void read(String filename) {
        try {
            FileReader f = new FileReader(filename);
            BufferedReader fr = new BufferedReader(f);

            String line = """";
            String content = """";
            boolean inSection = false;
            while (line != null) {
                line = fr.readLine();
                if (line != null) {
                    if (inSection) {
                        String sectionId = getSectId(line);
                        if (sectionId != null) {
                            inSection = false;
                            mAry.put(sectionId, content);
                            content = """";
                        } else {
                            content += line + LINE_SEPARATOR;
                        }
                    } else {
                        String sectionId = getSectId(line);
                        if (sectionId != null) {
                            inSection = true;
                        }
                    }
                }
            }
            fr.close();
        } catch (IOException e) {
            LOG.error(""Error: "" + e.toString());
        }
    }",4.111111111111111,0.7201731022630425,0.7407407407407405,readable,readable,high,,java,32,7,3.0,5.0,Code,4ee2d2eafbb1180da49ec849d182934268c38c5213379508b3e4419b372a6365,4531e14464fa2371f6f3b148ab6361f498b1264cb844fccd5114daf397c99180,,,,"{""source_key"": NaN, ""source_path"": NaN, ""source_row_index"": 41, ""original_snippet_id"": ""48""}",,,41
rq0_0231,49,Scalabrino,"private boolean saveGraphicsToFile(File theFile, CmdSaveGraphics cmd,
            boolean overwrite) throws IOException {
        if ( theFile.exists() && !overwrite ) {
            int response =
		JOptionPane.showConfirmDialog(ArgoFrame.getInstance(),
                    Translator.messageFormat(""optionpane.confirm-overwrite"",
                            new Object[] {theFile}),
                    Translator.localize(""optionpane.confirm-overwrite-title""),
                    JOptionPane.YES_NO_OPTION);
            if (response == JOptionPane.NO_OPTION) return false;
        }
        FileOutputStream fo = null;
        try {
            fo = new FileOutputStream( theFile );
            cmd.setStream(fo);
            cmd.setScale(Configuration.getInteger(
                    SaveGraphicsManager.KEY_GRAPHICS_RESOLUTION, 1));
            cmd.doIt();
        } finally {
            if (fo != null) {
                fo.close();
            }
        }
        return true;
    }",2.7777777777777777,-1.4579114021422561,0.2962962962962962,unreadable,unreadable,low,,java,25,5,1.0,5.0,Code,a4d225b9220bd55c7ba267325e0578a00fcab7a89afa85ffda5dec2b59d58d74,4f4a1e637d83adc93bd88d0aec8f230041b749f05976a567f4af07b1e5a17d02,,,,"{""source_key"": NaN, ""source_path"": NaN, ""source_row_index"": 42, ""original_snippet_id"": ""49""}",,,42
rq0_0232,50,Scalabrino,"public void targetAdded(TargetEvent e) {
            if (!updatingSelection) {
                updatingSelection = true;
                Object[] targets = e.getAddedTargets();

                int rows = getRowCount();
                for (int i = 0; i < targets.length; i++) {
                    Object target = targets[i];
                    if (target instanceof Fig) {
                        target = ((Fig) target).getOwner();
                    }
                    for (int j = 0; j < rows; j++) {
                        Object rowItem =
                            ((DefaultMutableTreeNode)
                                    getPathForRow(j).getLastPathComponent())
                            .getUserObject();
                        if (rowItem == target) {
                            updatingSelectionViaTreeSelection = true;
                            addSelectionRow(j);
                            updatingSelectionViaTreeSelection = false;
                        }
                    }
                }

                if (getSelectionCount() > 0) {
                    scrollRowToVisible(getSelectionRows()[0]);
                }
                updatingSelection = false;
            }
            // setTargets(e.getNewTargets());
        }",3.111111111111111,-0.9133902760409311,0.4074074074074074,unreadable,unreadable,low,,java,28,7,1.0,5.0,Code,cad56d2e3bd86dcd270182cee7fb6667c10caff0ed1f4e9e75b2ef5cc862d2f4,18aa3f142c9fbb983ccba29fa05a6037d6718cdafd0252f795a78405965fca7d,,,,"{""source_key"": NaN, ""source_path"": NaN, ""source_row_index"": 43, ""original_snippet_id"": ""50""}",,,43
rq0_0233,51,Scalabrino,"/**
     * Saves the given actions in the configuration file
     * 
     * @param newActions
     *            the actions array
     */
    public static void saveShortcuts(Action[] newActions) {
        for (int i = 0; i < newActions.length; i++) {
            Action oldAction = (Action) shortcutHash
                    .get(newActions[i].getKey());
            if (newActions[i].getCurrentShortcut() == null
                    && newActions[i].getDefaultShortcut() != null) {
                // if a default action was voided then we have to save it
                Configuration.setString(Configuration.makeKey(oldAction
                        .getKey()), """");
            } else if (newActions[i].getCurrentShortcut() != null
                    && !newActions[i].getCurrentShortcut().equals(
                            newActions[i].getDefaultShortcut())) {
                // if a not-default current shortcut was added, then we have to
                // save it
                Configuration.setString(Configuration.makeKey(oldAction
                        .getKey()), KeyEventUtils.formatKeyStroke(newActions[i]
                        .getCurrentShortcut()));
            } else {
                // if the actual is not going to be saved, then try to remove it
                // (as it could have been cancelled)
                Configuration.removeKey(Configuration.makeKey(oldAction
                        .getKey()));
            }
        }
    }",3.4444444444444446,-0.36886914993960607,0.5185185185185185,unreadable,discard,mid,,java,20,6,2.0,5.0,Code,2ab9e3cf25513b6ff50eb7f8b140f41abaab5d4d93a7da55d2c6b9e7945c6c0a,66abace62a3df8b3e7d6cf884a679a9b8b88caad26066dc5ac61f36f6c266e5e,,,,"{""source_key"": NaN, ""source_path"": NaN, ""source_row_index"": 44, ""original_snippet_id"": ""51""}",,,44
rq0_0234,52,Scalabrino,"protected void scanAnnotatedMembers(Map<Class<? extends Annotation>, List<FrameworkMethod>> methodsForAnnotations, Map<Class<? extends Annotation>, List<FrameworkField>> fieldsForAnnotations) {
        for (Class<?> eachClass : getSuperClasses(fClass)) {
            for (Method eachMethod : MethodSorter.getDeclaredMethods(eachClass)) {
                addToAnnotationLists(new FrameworkMethod(eachMethod), methodsForAnnotations);
            }
            // ensuring fields are sorted to make sure that entries are inserted
            // and read from fieldForAnnotations in a deterministic order
            for (Field eachField : getSortedDeclaredFields(eachClass)) {
                addToAnnotationLists(new FrameworkField(eachField), fieldsForAnnotations);
            }
        }
    }",4.0,0.5386660602292682,0.7037037037037036,readable,readable,high,,java,10,4,3.0,5.0,Code,a8db211ff4d7429b69a011c6174885e2b73d2270eaef155ea415f165dd51ea5e,ba017d1373df8838bce592bc8d08c44067f55a7cb535901adcb269e9e250123c,,,,"{""source_key"": NaN, ""source_path"": NaN, ""source_row_index"": 45, ""original_snippet_id"": ""52""}",,,45
rq0_0235,54,Scalabrino,"private static Description makeDescription(Test test) {
        if (test instanceof TestCase) {
            TestCase tc = (TestCase) test;
            return Description.createTestDescription(tc.getClass(), tc.getName(),
                    getAnnotations(tc));
        } else if (test instanceof TestSuite) {
            TestSuite ts = (TestSuite) test;
            String name = ts.getName() == null ? createSuiteDescription(ts) : ts.getName();
            Description description = Description.createSuiteDescription(name);
            int n = ts.testCount();
            for (int i = 0; i < n; i++) {
                Description made = makeDescription(ts.testAt(i));
                description.addChild(made);
            }
            return description;
        } else if (test instanceof Describable) {
            Describable adapter = (Describable) test;
            return adapter.getDescription();
        } else if (test instanceof TestDecorator) {
            TestDecorator decorator = (TestDecorator) test;
            return makeDescription(decorator.getTest());
        } else {
            // This is the best we can do in this case
            return Description.createSuiteDescription(test.getClass());
        }
    }",4.111111111111111,0.7201731022630425,0.7407407407407405,readable,readable,high,,java,25,7,3.0,5.0,Code,d325038a0753492d167f441660b06f6cc09cfa118b941c6d7a74ff03dd89c104,3b5115188eeeeff09c01d7985848bd56986617a7fe1e1d3e18fd95d2a17dccf2,,,,"{""source_key"": NaN, ""source_path"": NaN, ""source_row_index"": 46, ""original_snippet_id"": ""54""}",,,46
rq0_0236,55,Scalabrino,"private EntityManager internalCreateEntityManager(SynchronizationType synchronizationType, Map map) {
		validateNotClosed();

		//TODO support discardOnClose, persistencecontexttype?, interceptor,
		return new EntityManagerImpl(
				this,
				PersistenceContextType.EXTENDED,
				synchronizationType,
				transactionType,
				discardOnClose,
				sessionInterceptorClass,
				map
		);
	}",4.222222222222222,0.9016801442968183,0.7777777777777777,readable,readable,high,,java,12,1,1.0,5.0,Code,a1c83eb57d16d05afeec93bf1a3d225d6901cf6b5785dbc1767f6b779750249c,456b01030d77e26db20f9f9cb77bd428e596b8160386cc1e4165ac016963af1b,,,,"{""source_key"": NaN, ""source_path"": NaN, ""source_row_index"": 47, ""original_snippet_id"": ""55""}",,,47
rq0_0237,58,Scalabrino,"public static void main(String[] args) {
		CustomVersionOneStrategy strategy = new CustomVersionOneStrategy();

		for ( int i = 0; i < 1000; i++ ) {
			System.out.println( ""Generation # "" + i + "" ~~~~~~~~~~~~~~~~~~~~~~~~~~~~~~~~~~~~~~~~~~~~~~~~~~~~~~~~~~~~~~"" );
			byte[] loBits = new byte[8];

			long sysTime = System.currentTimeMillis();
			short hiTime = (short) ( System.currentTimeMillis() >>> 32 );
			int loTime = (int) sysTime;
			System.arraycopy( BytesHelper.fromShort( hiTime ), 0, loBits, 0, 2 );
			System.arraycopy( BytesHelper.fromInt( loTime ), 0, loBits, 2, 4 );
			System.arraycopy( Helper.getCountBytes(), 0, loBits, 6, 2 );

			System.out.println( ""    before bit setting ~~~~~~~~~~~~~~~~~~~~~~~~~~~~~~~~~~~~~~~~~~~~~~~~~~~~~~~"" );
			System.out.println( ""       loBits[0] : "" + BytesHelper.toBinaryString( loBits[0] ) );
			System.out.println( ""             lsb : "" + BytesHelper.toBinaryString( BytesHelper.asLong( loBits ) ) );
			System.out.println( ""    ~~~~~~~~~~~~~~~~~~~~~~~~~~~~~~~~~~~~~~~~~~~~~~~~~~~~~~~~~~~~~~~~~~~~~~~~~~"" );

			loBits[0] &= 0x3f;
			loBits[0] |= ((byte)2 << (byte)6);

			System.out.println( ""    after bit setting ~~~~~~~~~~~~~~~~~~~~~~~~~~~~~~~~~~~~~~~~~~~~~~~~~~~~~~~~"" );
			System.out.println( ""       loBits[0] : "" + BytesHelper.toBinaryString( loBits[0] ) );
			long leastSignificantBits = BytesHelper.asLong( loBits );
			System.out.println( ""             lsb : "" + BytesHelper.toBinaryString( leastSignificantBits ) );
			System.out.println( ""    ~~~~~~~~~~~~~~~~~~~~~~~~~~~~~~~~~~~~~~~~~~~~~~~~~~~~~~~~~~~~~~~~~~~~~~~~~~"" );


			UUID uuid = new UUID( strategy.mostSignificantBits, leastSignificantBits );
			System.out.println( ""  uuid : "" + uuid.toString() );
			System.out.println( ""  variant : "" + uuid.variant() );
			System.out.println( ""  version : "" + uuid.version() );
			if ( uuid.variant() != 2 ) {
				throw new RuntimeException( ""bad variant"" );
			}
			System.out.println( ""~~~~~~~~~~~~~~~~~~~~~~~~~~~~~~~~~~~~~~~~~~~~~~~~~~~~~~~~~~~~~~~~~~~~~~~~~~~~~~~~~~~~~"" );
		}
	}",3.555555555555556,-0.18736210790583105,0.5555555555555556,unreadable,discard,mid,,java,32,3,1.0,5.0,Code,7f0ff3d82bd6b8dbbc4b8c6bbff4f2bd01807021744ddb258b6c272c860bf7ef,b6ad5fc1ffe0afafb35a1ec7ea05668f8ac6ecfee781d7d2ed3f43b5f5451bb9,,,,"{""source_key"": NaN, ""source_path"": NaN, ""source_row_index"": 48, ""original_snippet_id"": ""58""}",,,48
rq0_0238,59,Scalabrino,"public void doTestWithTupleSubsetResultTransformerNullAliases(TupleSubsetResultTransformer transformer) throws Exception {
		doTest( buildBasicKey( CacheableResultTransformer.create( transformer, null, new boolean[] { true } ) ) );
		doTest( buildBasicKey( CacheableResultTransformer.create( transformer, null, new boolean[] { true, true } ) ) );
		doTest( buildBasicKey( CacheableResultTransformer.create( transformer, null, new boolean[] { true, true, true } ) ) );
		doTest( buildBasicKey( CacheableResultTransformer.create( transformer, null, new boolean[] { false, true } ) ) );
		doTest( buildBasicKey( CacheableResultTransformer.create( transformer, null, new boolean[] { true, false } ) ) );
		doTest( buildBasicKey( CacheableResultTransformer.create( transformer, null, new boolean[] { false, true, true } ) ) );
		doTest( buildBasicKey( CacheableResultTransformer.create( transformer, null, new boolean[] {true, false, true } ) ) );
		doTest( buildBasicKey( CacheableResultTransformer.create( transformer, null, new boolean[] {true, true, false } ) ) );
		doTest( buildBasicKey( CacheableResultTransformer.create( transformer, null, new boolean[] {false, false, true } ) ) );
		doTest( buildBasicKey( CacheableResultTransformer.create( transformer, null, new boolean[] {false, true, false } ) ) );
		doTest( buildBasicKey( CacheableResultTransformer.create( transformer, null, new boolean[] {false, false, true } ) ) );
	}",3.7777777777777777,0.17565197616171824,0.6296296296296295,readable,discard,mid,,java,13,1,2.0,5.0,Code,ac13c33e859758b3e0764c6d4a5d49ff4d00dd8b23bd139ef412a579bb007f27,9e2a615c6b6d387714c0654d3d50b8c9a817d0cbec2eadbf8c2d27b279336cba,,,,"{""source_key"": NaN, ""source_path"": NaN, ""source_row_index"": 49, ""original_snippet_id"": ""59""}",,,49
rq0_0239,60,Scalabrino,"public boolean equals(Object o) {
        if (this == o) return true;
        if (!(o instanceof Person)) return false;

        Person person = (Person) o;

        if (id != person.id) return false;
        if (name != null ? !name.equals(person.name) : person.name != null) return false;
        if (surname != null ? !surname.equals(person.surname) : person.surname != null) return false;

        return true;
    }",3.888888888888889,0.3571590181954932,0.6666666666666665,readable,discard,mid,,java,9,8,3.0,5.0,Code,d73866cf449ac7a1ae1f182091912ac9578827bcf57acfd49edceecbd7ede202,63e7ce3714933ee876a2d2e81c3ecf5f1d57f2685fb50f36631ba8c98beaee97,,,,"{""source_key"": NaN, ""source_path"": NaN, ""source_row_index"": 50, ""original_snippet_id"": ""60""}",,,50
rq0_0240,61,Scalabrino,"private void readAndSetAddress(Scanner scanner, Person p) {
        Address old = p.getAddress();

        String input = scanner.nextLine();
        if (""NULL"".equals(input)) {
            p.setAddress(null);
            if (old != null) {
                old.getPersons().remove(p);
            }
        } else if ("""".equals(input)) {
        } else {
            try {
                Integer id = Integer.valueOf(input);

                Address a = entityManager.find(Address.class, id);

                if (a == null) {
                    System.err.println(""Unknown address id, setting to NULL."");
                    p.setAddress(null);
                    if (old != null) {
                        old.getPersons().remove(p);
                    }
                } else {
                    p.setAddress(a);

                    a.getPersons().add(p);

                    if (old != null) {
                        old.getPersons().remove(p);
                    }
                }
            } catch (NumberFormatException e) {
                System.err.println(""Invalid address id, setting to NULL."");
                p.setAddress(null);
                if (old != null) {
                    old.getPersons().remove(p);
                }
            }
        }
    }",3.888888888888889,0.3571590181954932,0.6666666666666665,readable,discard,mid,,java,35,9,2.0,5.0,Code,0a494b75caa75d118505e7d2991fb198bd4eaf87d8316e174bfebef6db9a4e49,b10816f39a28b4eed2d76ae43b26b09098008636cb817a3c9c32b6aefe6d52ad,,,,"{""source_key"": NaN, ""source_path"": NaN, ""source_row_index"": 51, ""original_snippet_id"": ""61""}",,,51
rq0_0241,62,Scalabrino,"/**
	 * add statistics report of a DB query
	 *
	 * @param rows rows count returned
	 * @param time time taken
	 */
	void executed(long rows, long time) {
		// read lock is enough, concurrent updates are supported by the underlying type AtomicLong
		// this only guards executed(long, long) to be called, when another thread is executing getExecutionAvgTime()
		readLock.lock();
		try {
			// Less chances for a context switch
			for (long old = executionMinTime.get(); (time < old) && !executionMinTime.compareAndSet(old, time); old = executionMinTime.get());
			for (long old = executionMaxTime.get(); (time > old) && !executionMaxTime.compareAndSet(old, time); old = executionMaxTime.get());
			executionCount.getAndIncrement();
			executionRowCount.addAndGet(rows);
			totalExecutionTime.addAndGet(time);
		} finally {
			readLock.unlock();
		}
	}",3.333333333333333,-0.5503761919733818,0.48148148148148134,unreadable,unreadable,low,,java,12,5,2.0,5.0,Code,34e7dde208f205ff900df6210397d24406d8f85f5ef7f1994fd567ba20941ea5,391398efa674dc69e498fdfc2f5baf0c95cb387bde0be1889d42c2e7b2882bcd,,,,"{""source_key"": NaN, ""source_path"": NaN, ""source_row_index"": 52, ""original_snippet_id"": ""62""}",,,52
rq0_0242,63,Scalabrino,"public String toString() {
		return new StringBuilder()
				.append(""QueryStatistics"")
				.append(""[cacheHitCount="").append(this.cacheHitCount)
				.append("",cacheMissCount="").append(this.cacheMissCount)
				.append("",cachePutCount="").append(this.cachePutCount)
				.append("",executionCount="").append(this.executionCount)
				.append("",executionRowCount="").append(this.executionRowCount)
				.append("",executionAvgTime="").append(this.getExecutionAvgTime())
				.append("",executionMaxTime="").append(this.executionMaxTime)
				.append("",executionMinTime="").append(this.executionMinTime)
				.append(']')
				.toString();
	}",4.0,0.5386660602292682,0.7037037037037036,readable,readable,high,,java,14,1,3.0,5.0,Code,6e5f65a99f90dabf6cbbbb8c4a9a4ca2734c9e780c87146f446851993a072a26,3aba83fac5e7cfe22bdd775aeb09d8c0b3cfa433c7094f7459863dc47daa656e,,,,"{""source_key"": NaN, ""source_path"": NaN, ""source_row_index"": 53, ""original_snippet_id"": ""63""}",,,53
rq0_0243,64,Scalabrino,"public String toString() {
		StringBuilder buf = new StringBuilder()
				.append(""SecondLevelCacheStatistics"")
				.append(""[hitCount="").append(this.hitCount)
				.append("",missCount="").append(this.missCount)
				.append("",putCount="").append(this.putCount);
		//not sure if this would ever be null but wanted to be careful
		if (region != null) {
			buf.append("",elementCountInMemory="").append(this.getElementCountInMemory())
					.append("",elementCountOnDisk="").append(this.getElementCountOnDisk())
					.append("",sizeInMemory="").append(this.getSizeInMemory());
		}
		buf.append(']');
		return buf.toString();
	}",3.888888888888889,0.3571590181954932,0.6666666666666665,readable,discard,mid,,java,14,2,2.0,5.0,Code,7731952de94da595838b693867f64050b28d0b7605a4a6bedfe9858f51925cda,b576a18e7545b08fd2b7b98b6c6b6c4c2262f13b9b479e367dee937e6f1f10c5,,,,"{""source_key"": NaN, ""source_path"": NaN, ""source_row_index"": 54, ""original_snippet_id"": ""64""}",,,54
rq0_0244,65,Scalabrino,"Object processEntity(Object value, EntityType entityType) throws HibernateException {

		if (value!=null) {
			getSession().getPersistenceContext().reassociateIfUninitializedProxy(value);
			// if it is an initialized proxy, let cascade
			// handle it later on
		}

		return null;
	}",4.555555555555555,1.4462012703981426,0.8888888888888887,readable,readable,high,,java,6,2,4.0,5.0,Code,d2baff0b8e1c9f545e299fb38047d6ef2134fda086f125cb7241ab964e488214,2735a7d7e31f32fefeb9077bb37681fb06a4405ee96c6bbb4d7016598d39061f,,,,"{""source_key"": NaN, ""source_path"": NaN, ""source_row_index"": 55, ""original_snippet_id"": ""65""}",,,55
rq0_0245,66,Scalabrino,"/**
	 * 1. Recreate the collection key -> collection map
	 * 2. rebuild the collection entries
	 * 3. call Interceptor.postFlush()
	 */
	protected void postFlush(SessionImplementor session) throws HibernateException {

		LOG.trace( ""Post flush"" );

		final PersistenceContext persistenceContext = session.getPersistenceContext();
		persistenceContext.getCollectionsByKey().clear();
		
		// the database has changed now, so the subselect results need to be invalidated
		// the batch fetching queues should also be cleared - especially the collection batch fetching one
		persistenceContext.getBatchFetchQueue().clear();

		for ( Map.Entry<PersistentCollection, CollectionEntry> me : IdentityMap.concurrentEntries( persistenceContext.getCollectionEntries() ) ) {
			CollectionEntry collectionEntry = me.getValue();
			PersistentCollection persistentCollection = me.getKey();
			collectionEntry.postFlush(persistentCollection);
			if ( collectionEntry.getLoadedPersister() == null ) {
				//if the collection is dereferenced, remove from the session cache
				//iter.remove(); //does not work, since the entrySet is not backed by the set
				persistenceContext.getCollectionEntries()
						.remove(persistentCollection);
			}
			else {
				//otherwise recreate the mapping between the collection and its key
				CollectionKey collectionKey = new CollectionKey(
						collectionEntry.getLoadedPersister(),
						collectionEntry.getLoadedKey()
				);
				persistenceContext.getCollectionsByKey().put(collectionKey, persistentCollection);
			}
		}

	}",3.4444444444444446,-0.36886914993960607,0.5185185185185185,unreadable,discard,mid,,java,22,3,1.0,5.0,Code,539c37ff511d3468b784ed47925b92b8322fe2067733584aa4fc1ffece84cde3,a8ec0217e3f6c410fec0f4a7c95e03cd3c18284d54dafef455b497d89c34f5a6,,,,"{""source_key"": NaN, ""source_path"": NaN, ""source_row_index"": 56, ""original_snippet_id"": ""66""}",,,56
rq0_0246,67,Scalabrino,"/**
		 * Build a ParameterMemento from the given parameter registration
		 *
		 * @param registration The parameter registration from a ProcedureCall
		 *
		 * @return The memento
		 */
		public static ParameterMemento fromRegistration(ParameterRegistrationImplementor registration) {
			return new ParameterMemento(
					registration.getPosition(),
					registration.getName(),
					registration.getMode(),
					registration.getType(),
					registration.getHibernateType()
			);
		}",4.666666666666667,1.6277083124319183,0.9259259259259259,readable,readable,high,,java,9,1,4.0,5.0,Code,3cd2a5b1b89a46e7cecaf0bd32a36974679d0d9dc576295f29a45bc621338d3a,e895d2c6dbf9f2418286abefcc2451cb0d907b50a60bfe55555d895cd3285cb1,,,,"{""source_key"": NaN, ""source_path"": NaN, ""source_row_index"": 57, ""original_snippet_id"": ""67""}",,,57
rq0_0247,70,Scalabrino,"public boolean equals(Object o) {
		if (this == o) return true;
		if (!(o instanceof OuterKey)) return false;

		final OuterKey cidDetailID = (OuterKey) o;

		if (detailId != null ? !detailId.equals(cidDetailID.detailId) : cidDetailID.detailId != null) return false;
		if (master != null ? !master.equals(cidDetailID.master) : cidDetailID.master != null) return false;

		return true;
	}",3.2222222222222223,-0.731883234007156,0.4444444444444444,unreadable,unreadable,low,,java,8,7,2.0,5.0,Code,d5d59f0b3d68c29aa11d632090fd94163f37242c2c1c988ff1568ee62519e024,64479ef3a85c0fd7330d6531b9ffb919d04ece756abec3cb47312e3921acbd31,,,,"{""source_key"": NaN, ""source_path"": NaN, ""source_row_index"": 58, ""original_snippet_id"": ""70""}",,,58
rq0_0248,73,Scalabrino,"@Override
    public void runTest(final Test test, final TestResult result) {
        Thread t = new Thread() {
            @Override
            public void run() {
                try {
                    // inlined due to limitation in VA/Java
                    //ActiveTestSuite.super.runTest(test, result);
                    test.run(result);
                } finally {
                    ActiveTestSuite.this.runFinished();
                }
            }
        };
        t.start();
    }
",4.555555555555555,1.4462012703981426,0.8888888888888887,readable,readable,high,,java,14,2,4.0,5.0,Code,e8753418aa6b5bae05a1bacdb975dc45b6c68f83eeca9358a2fbac18c7e1d91f,8c2df56b216d87f93d5f2f8a254debb05003de8aa36d20211947014913a7e3db,,fmt_dup_0001,fmt_dup_0001,"{""source_key"": NaN, ""source_path"": NaN, ""source_row_index"": 59, ""original_snippet_id"": ""73""}",,,59
rq0_0249,74,Scalabrino,"public boolean equalsFoo(Foo other) {
		if ( _bytes!=other._bytes ) {
			if ( _bytes==null || other._bytes==null ) return false;
			if ( _bytes.length!=other._bytes.length ) return false;
			for ( int i=0; i< _bytes.length; i++) {
				if ( _bytes[i] != other._bytes[i] ) return false;
			}
		}

		return ( this._bool == other._bool )
		&& ( ( this._boolean == other._boolean ) || ( this._boolean.equals(other._boolean) ) )
		&& ( ( this._byte == other._byte ) || ( this._byte.equals(other._byte) ) )
		//&& ( ( this._date == other._date ) || ( this._date.getDate() == other._date.getDate() && this._date.getMonth() == other._date.getMonth() && this._date.getYear() == other._date.getYear() ) )
		&& ( ( this._double == other._double ) || ( this._double.equals(other._double) ) )
		&& ( ( this._float == other._float ) || ( this._float.equals(other._float) ) )
		&& ( this._int == other._int )
		&& ( ( this._integer == other._integer ) || ( this._integer.equals(other._integer) ) )
		&& ( ( this._long == other._long ) || ( this._long.equals(other._long) ) )
		&& ( this._null == other._null )
		&& ( ( this._short == other._short ) || ( this._short.equals(other._short) ) )
		&& ( ( this._string == other._string) || ( this._string.equals(other._string) ) )
		//&& ( ( this._timestamp==other._timestamp) || ( this._timestamp.getDate() == other._timestamp.getDate() && this._timestamp.getYear() == other._timestamp.getYear() && this._timestamp.getMonth() == other._timestamp.getMonth() ) )
		&& ( this._zero == other._zero )
		&& ( ( this._foo == other._foo ) || ( this._foo.getKey().equals( other._foo.getKey() ) ) )
		&& ( ( this.blob == other.blob ) || ( this.blob.equals(other.blob) ) )
		&& ( this.yesno == other.yesno )
		&& ( ( this.binary == other.binary ) || java.util.Arrays.equals(this.binary, other.binary) )
		&& ( this.key.equals(other.key) )
		&& ( this.theLocale.equals(other.theLocale) )
		&& ( ( this.custom == other.custom ) || ( this.custom[0].equals(other.custom[0]) && this.custom[1].equals(other.custom[1]) ) );

	}",1.8888888888888888,-2.9099677384124556,0.0,unreadable,unreadable,low,,java,28,38,1.0,5.0,Code,e3686a9c34e52c74403ea21e9a5e3766faa176d2427fdc90abcfda97c287309b,f474d7d7f3c3d5b80f4704987bb3b8f98b9fe024ba420c76169ed5df10ca7d49,,,,"{""source_key"": NaN, ""source_path"": NaN, ""source_row_index"": 60, ""original_snippet_id"": ""74""}",,,60
rq0_0250,76,Scalabrino,"@Override
	protected void prepareTest() throws Exception {
	    Session s = openSession();
	    Transaction t = s.beginTransaction();
	    Child child_1_1 = new Child( ""achild1-1"");
	    Child child_1_2 = new Child( ""ychild1-2"");
	    Child child_1_3 = new Child( ""dchild1-3"");
	    Child child_2_1 = new Child( ""bchild2-1"");
	    Child child_2_2 = new Child( ""cchild2-2"");
	    Child child_2_3 = new Child( ""zchild2-3"");
	
	    s.save( child_1_1 );
	    s.save( child_2_1 );
	    s.save( child_1_2 );
	    s.save( child_2_2 );
	    s.save( child_1_3 );
	    s.save( child_2_3 );
	
	    s.flush();
	
	    Parent p1 = new Parent( ""parent1"" );
	    p1.addChild( child_1_1 );
	    p1.addChild( child_1_2 );
	    p1.addChild( child_1_3 );
	    s.save( p1 );
	
	    Parent p2 = new Parent( ""parent2"" );
	    p2.addChild( child_2_1 );
	    p2.addChild( child_2_2 );
	    p2.addChild( child_2_3 );
	    s.save( p2 );
	
	    t.commit();
	    s.close();
	}",4.444444444444445,1.2646942283643683,0.8518518518518519,readable,readable,high,,java,30,1,4.0,5.0,Code,df8d3062bbec7d82f39b6a0a7c8649355c6d60421acf0c73c2646cf5c50e0e06,6a5bb66efe7d9f6129e14d7a2e6cb0e9dc018a456b64aeb3d43fa53face905f3,,,,"{""source_key"": NaN, ""source_path"": NaN, ""source_row_index"": 61, ""original_snippet_id"": ""76""}",,,61
rq0_0251,84,Scalabrino,"/**
	 * Build a normal attribute.
	 *
	 * @param ownerType The descriptor of the attribute owner (aka declarer).
	 * @param property The Hibernate property descriptor for the attribute
	 * @param <X> The type of the owner
	 * @param <Y> The attribute type
	 *
	 * @return The built attribute descriptor or null if the attribute is not part of the JPA 2 model (eg backrefs)
	 */
	@SuppressWarnings({""unchecked""})
	public <X, Y> AttributeImplementor<X, Y> buildAttribute(AbstractManagedType<X> ownerType, Property property) {
		if ( property.isSynthetic() ) {
			// hide synthetic/virtual properties (fabricated by Hibernate) from the JPA metamodel.
			LOG.tracef( ""Skipping synthetic property %s(%s)"", ownerType.getTypeName(), property.getName() );
			return null;
		}
		LOG.trace( ""Building attribute ["" + ownerType.getTypeName() + ""."" + property.getName() + ""]"" );
		final AttributeContext<X> attributeContext = wrap( ownerType, property );
		final AttributeMetadata<X, Y> attributeMetadata =
				determineAttributeMetadata( attributeContext, normalMemberResolver );
		if ( attributeMetadata == null ) {
			return null;
		}
		if ( attributeMetadata.isPlural() ) {
			return buildPluralAttribute( (PluralAttributeMetadata) attributeMetadata );
		}
		final SingularAttributeMetadata<X, Y> singularAttributeMetadata = (SingularAttributeMetadata<X, Y>) attributeMetadata;
		final Type<Y> metaModelType = getMetaModelType( singularAttributeMetadata.getValueContext() );
		return new SingularAttributeImpl<X, Y>(
				attributeMetadata.getName(),
				attributeMetadata.getJavaType(),
				ownerType,
				attributeMetadata.getMember(),
				false,
				false,
				property.isOptional(),
				metaModelType,
				attributeMetadata.getPersistentAttributeType()
		);
	}
",2.888888888888889,-1.2764043601084811,0.33333333333333326,unreadable,unreadable,low,,java,30,4,1.0,4.0,Code,0c59e956263beea7140b7acdc4ab190c498b6cfadacc791640f51138f496f80e,3b41991b636b2c85c2409bb90b4f5152d4341951fb3cbe41bb2ea9f5e42fff74,,,,"{""source_key"": NaN, ""source_path"": NaN, ""source_row_index"": 62, ""original_snippet_id"": ""84""}",,,62
rq0_0252,95,Scalabrino,"private void releaseStatement(Session session, PreparedStatement ps) {
		if ( ps != null ) {
			try {
				( (SessionImplementor) session ).getTransactionCoordinator().getJdbcCoordinator().release( ps );
			}
			catch ( Throwable ignore ) {
				// ignore...
			}
		}
	}",3.888888888888889,0.3571590181954932,0.6666666666666665,readable,discard,mid,,java,9,3,1.0,5.0,Code,7bf540cc608f000c7ce7be51dc25080e24ce5c515357837e8398bbc52c0cb429,292a9ee1cd760066776602de647907b7aa8c3fb9dc8d5eddd498b866d30ef2ba,,,,"{""source_key"": NaN, ""source_path"": NaN, ""source_row_index"": 63, ""original_snippet_id"": ""95""}",,,63
rq0_0253,100,Scalabrino,"public void afterSessionFactoryBuilt() {
		super.afterSessionFactoryBuilt();
		final Session session = sessionFactory().openSession();
		session.doWork(
				new Work() {
					@Override
					public void execute(Connection connection) throws SQLException {
						Statement st = ((SessionImplementor)session).getTransactionCoordinator().getJdbcCoordinator().getStatementPreparer().createStatement();
						try {
							((SessionImplementor)session).getTransactionCoordinator().getJdbcCoordinator().getResultSetReturn().execute( st, ""drop table Point"");
						}
						catch (Exception ignored) {
						}
						((SessionImplementor)session).getTransactionCoordinator().getJdbcCoordinator().getResultSetReturn().execute( st, ""create table Point (\""x\"" number(19,2) not null, \""y\"" number(19,2) not null, description varchar2(255) )"");
						((SessionImplementor)session).getTransactionCoordinator().getJdbcCoordinator().release( st );
					}
				}
		);
		session.close();
	}",3.6666666666666665,-0.005855065872056767,0.5925925925925924,unreadable,discard,mid,,java,20,3,2.0,5.0,Code,611fa0355fef6ebc1db94aa4aeb65b81b5c5caa2b4845a655a7d747efdd08e12,7022e0a54a0bed86774118097a0a20056ae5721c19ee99a55af878a8e3056e85,,,,"{""source_key"": NaN, ""source_path"": NaN, ""source_row_index"": 64, ""original_snippet_id"": ""100""}",,,64
rq0_0254,102,Scalabrino,"/**
	 * Throws {@link org.hibernate.PropertyValueException} if there are any unresolved
	 * entity insert actions that depend on non-nullable associations with
	 * a transient entity. This method should be called on completion of
	 * an operation (after all cascades are completed) that saves an entity.
	 *
	 * @throws org.hibernate.PropertyValueException if there are any unresolved entity
	 * insert actions; {@link org.hibernate.PropertyValueException#getEntityName()}
	 * and {@link org.hibernate.PropertyValueException#getPropertyName()} will
	 * return the entity name and property value for the first unresolved
	 * entity insert action.
	 */
	public void checkNoUnresolvedActionsAfterOperation() throws PropertyValueException {
		if ( isEmpty() ) {
			LOG.trace( ""No entity insert actions have non-nullable, transient entity dependencies."" );
		}
		else {
			final AbstractEntityInsertAction firstDependentAction =
					dependenciesByAction.keySet().iterator().next();

			logCannotResolveNonNullableTransientDependencies( firstDependentAction.getSession() );

			final NonNullableTransientDependencies nonNullableTransientDependencies =
					dependenciesByAction.get( firstDependentAction );
			final Object firstTransientDependency =
					nonNullableTransientDependencies.getNonNullableTransientEntities().iterator().next();
			final String firstPropertyPath =
					nonNullableTransientDependencies.getNonNullableTransientPropertyPaths( firstTransientDependency ).iterator().next();

			throw new TransientPropertyValueException(
					""Not-null property references a transient value - transient instance must be saved before current operation"",
					firstDependentAction.getSession().guessEntityName( firstTransientDependency ),
					firstDependentAction.getEntityName(),
					firstPropertyPath
			);
		}
	}",3.333333333333333,-0.5503761919733818,0.48148148148148134,unreadable,unreadable,low,,java,22,2,2.0,5.0,Code,fb0671497bdfbe86120d7e370d73b5b9ccaab2ed254e4935e3e4c2a7de367a40,c6da4c18d308d6055f3392939fa1d9389a7f31b897c434e80a10d87b2ab85334,,,,"{""source_key"": NaN, ""source_path"": NaN, ""source_row_index"": 65, ""original_snippet_id"": ""102""}",,,65
rq0_0255,103,Scalabrino,"/**
	 * Handle sending notifications needed for natural-id after saving
	 *
	 * @param generatedId The generated entity identifier
	 */
	public void handleNaturalIdPostSaveNotifications(Serializable generatedId) {
		if ( isEarlyInsert() ) {
			// with early insert, we still need to add a local (transactional) natural id cross-reference
			getSession().getPersistenceContext().getNaturalIdHelper().manageLocalNaturalIdCrossReference(
					getPersister(),
					generatedId,
					state,
					null,
					CachedNaturalIdValueSource.INSERT
			);
		}
		// after save, we need to manage the shared cache entries
		getSession().getPersistenceContext().getNaturalIdHelper().manageSharedNaturalIdCrossReference(
				getPersister(),
				getId(),
				state,
				null,
				CachedNaturalIdValueSource.INSERT
		);
	}",3.888888888888889,0.3571590181954932,0.6666666666666665,readable,discard,mid,,java,18,2,3.0,5.0,Code,403739439f696bdb939a8373fc7f84a42c86b2d4e46da64701121bddea65d39e,eb68dc121455862aa2b7a07fdf7d67cabed48030e948c046710bd6b28e2cb0fc,,,,"{""source_key"": NaN, ""source_path"": NaN, ""source_row_index"": 66, ""original_snippet_id"": ""103""}",,,66
rq0_0256,104,Scalabrino,"private boolean initializeLazyProperty(
			final String fieldName,
			final Object entity,
			final SessionImplementor session,
			final Object[] snapshot,
			final int j,
			final Object propValue) {
		setPropertyValue( entity, lazyPropertyNumbers[j], propValue );
		if ( snapshot != null ) {
			// object have been loaded with setReadOnly(true); HHH-2236
			snapshot[ lazyPropertyNumbers[j] ] = lazyPropertyTypes[j].deepCopy( propValue, factory );
		}
		return fieldName.equals( lazyPropertyNames[j] );
	}",3.888888888888889,0.3571590181954932,0.6666666666666665,readable,discard,mid,,java,13,2,2.0,5.0,Code,310d408a7e395de38084b5fc6262e326b35e3f15fa4ecde4e06f896a09210a83,05c047420f0e3bbc45b61c181b81b5e1fe2f59174e4738943c4e226b9da43e34,,,,"{""source_key"": NaN, ""source_path"": NaN, ""source_row_index"": 67, ""original_snippet_id"": ""104""}",,,67
rq0_0257,105,Scalabrino,"private void initOrdinaryPropertyPaths(Mapping mapping) throws MappingException {
		for ( int i = 0; i < getSubclassPropertyNameClosure().length; i++ ) {
			propertyMapping.initPropertyPaths( getSubclassPropertyNameClosure()[i],
					getSubclassPropertyTypeClosure()[i],
					getSubclassPropertyColumnNameClosure()[i],
					getSubclassPropertyColumnReaderClosure()[i],
					getSubclassPropertyColumnReaderTemplateClosure()[i],
					getSubclassPropertyFormulaTemplateClosure()[i],
					mapping );
		}
	}",3.888888888888889,0.3571590181954932,0.6666666666666665,readable,discard,mid,,java,11,2,1.0,5.0,Code,bd2246a74d5ec40634355ec33ffa80003c27d38985a90d2b28db8841567424f0,ccf1612d4f7736866c8e4eb5c70a46926dc000631c2be321435f22e3c011603a,,,,"{""source_key"": NaN, ""source_path"": NaN, ""source_row_index"": 68, ""original_snippet_id"": ""105""}",,,68
rq0_0258,106,Scalabrino,"/**
	 * Delete an object
	 */
	public void delete(Serializable id, Object version, Object object, SessionImplementor session)
			throws HibernateException {
		final int span = getTableSpan();
		boolean isImpliedOptimisticLocking = !entityMetamodel.isVersioned() && isAllOrDirtyOptLocking();
		Object[] loadedState = null;
		if ( isImpliedOptimisticLocking ) {
			// need to treat this as if it where optimistic-lock=""all"" (dirty does *not* make sense);
			// first we need to locate the ""loaded"" state
			//
			// Note, it potentially could be a proxy, so doAfterTransactionCompletion the location the safe way...
			final EntityKey key = session.generateEntityKey( id, this );
			Object entity = session.getPersistenceContext().getEntity( key );
			if ( entity != null ) {
				EntityEntry entry = session.getPersistenceContext().getEntry( entity );
				loadedState = entry.getLoadedState();
			}
		}

		final String[] deleteStrings;
		if ( isImpliedOptimisticLocking && loadedState != null ) {
			// we need to utilize dynamic delete statements
			deleteStrings = generateSQLDeletStrings( loadedState );
		}
		else {
			// otherwise, utilize the static delete statements
			deleteStrings = getSQLDeleteStrings();
		}

		for ( int j = span - 1; j >= 0; j-- ) {
			delete( id, version, j, object, deleteStrings[j], session, loadedState );
		}

	}",3.555555555555556,-0.18736210790583105,0.5555555555555556,unreadable,discard,mid,,java,24,7,2.0,5.0,Code,7dba12d1379d45459d6ce3e0e9b91cf2fd95e8a924c9127e4fbde88f147b4b01,1fec1891b762f5356cb972918e3812ec9912870e39c2153d011ca4b20307be85,,,,"{""source_key"": NaN, ""source_path"": NaN, ""source_row_index"": 69, ""original_snippet_id"": ""106""}",,,69
rq0_0259,107,Scalabrino,"private UniqueEntityLoader getAppropriateLoader(LockOptions lockOptions, SessionImplementor session) {
		if ( queryLoader != null ) {
			// if the user specified a custom query loader we need to that
			// regardless of any other consideration
			return queryLoader;
		}
		else if ( isAffectedByEnabledFilters( session ) ) {
			// because filters affect the rows returned (because they add
			// restrictions) these need to be next in precedence
			return createEntityLoader(lockOptions, session.getLoadQueryInfluencers() );
		}
		else if ( session.getLoadQueryInfluencers().getInternalFetchProfile() != null && LockMode.UPGRADE.greaterThan( lockOptions.getLockMode() ) ) {
			// Next, we consider whether an 'internal' fetch profile has been set.
			// This indicates a special fetch profile Hibernate needs applied
			// (for its merge loading process e.g.).
			return ( UniqueEntityLoader ) getLoaders().get( session.getLoadQueryInfluencers().getInternalFetchProfile() );
		}
		else if ( isAffectedByEnabledFetchProfiles( session ) ) {
			// If the session has associated influencers we need to adjust the
			// SQL query used for loading based on those influencers
			return createEntityLoader(lockOptions, session.getLoadQueryInfluencers() );
		}
		else if ( isAffectedByEntityGraph( session ) ) {
			return createEntityLoader( lockOptions, session.getLoadQueryInfluencers() );
		}
		else if ( lockOptions.getTimeOut() != LockOptions.WAIT_FOREVER ) {
			return createEntityLoader( lockOptions, session.getLoadQueryInfluencers() );
		}
		else {
			return ( UniqueEntityLoader ) getLoaders().get( lockOptions.getLockMode() );
		}
	}",3.888888888888889,0.3571590181954932,0.6666666666666665,readable,discard,mid,,java,23,8,3.0,5.0,Code,f83f48e92f6091e96cd13a4484aeb9ffec3951b5bc3c288603ae1cb8a5af93c8,806796a662bf33b91b8cb0748c767bd6ab0dd21eeb4db4514fb42eea46832abe,,,,"{""source_key"": NaN, ""source_path"": NaN, ""source_row_index"": 70, ""original_snippet_id"": ""107""}",,,70
rq0_0260,108,Scalabrino,"public String[] toColumns(String alias, String propertyName) throws QueryException {
		if ( propertyName.equals(CollectionPropertyNames.COLLECTION_ELEMENTS) ) {
			return memberPersister.getElementColumnNames(alias);
		}
		else if ( propertyName.equals(CollectionPropertyNames.COLLECTION_INDICES) ) {
			if ( !memberPersister.hasIndex() ) throw new QueryException(""unindexed collection in indices()"");
			return memberPersister.getIndexColumnNames(alias);
		}
		else if ( propertyName.equals(CollectionPropertyNames.COLLECTION_SIZE) ) {
			String[] cols = memberPersister.getKeyColumnNames();
			return new String[] { ""count("" + alias + '.' + cols[0] + ')' };
		}
		else if ( propertyName.equals(CollectionPropertyNames.COLLECTION_MAX_INDEX) ) {
			if ( !memberPersister.hasIndex() ) throw new QueryException(""unindexed collection in maxIndex()"");
			String[] cols = memberPersister.getIndexColumnNames(alias);
			if ( cols.length!=1 ) throw new QueryException(""composite collection index in maxIndex()"");
			return new String[] { ""max("" + cols[0] + ')' };
		}
		else if ( propertyName.equals(CollectionPropertyNames.COLLECTION_MIN_INDEX) ) {
			if ( !memberPersister.hasIndex() ) throw new QueryException(""unindexed collection in minIndex()"");
			String[] cols = memberPersister.getIndexColumnNames(alias);
			if ( cols.length!=1 ) throw new QueryException(""composite collection index in minIndex()"");
			return new String[] { ""min("" + cols[0] + ')' };
		}
		else if ( propertyName.equals(CollectionPropertyNames.COLLECTION_MAX_ELEMENT) ) {
			String[] cols = memberPersister.getElementColumnNames(alias);
			if ( cols.length!=1 ) throw new QueryException(""composite collection element in maxElement()"");
			return new String[] { ""max("" + cols[0] + ')' };
		}
		else if ( propertyName.equals(CollectionPropertyNames.COLLECTION_MIN_ELEMENT) ) {
			String[] cols = memberPersister.getElementColumnNames(alias);
			if ( cols.length!=1 ) throw new QueryException(""composite collection element in minElement()"");
			return new String[] { ""min("" + cols[0] + ')' };
		}
		else {
			//return memberPersister.toColumns(alias, propertyName);
			throw new QueryException(""illegal syntax near collection: "" + propertyName);
		}
	}",3.333333333333333,-0.5503761919733818,0.48148148148148134,unreadable,unreadable,low,,java,38,15,2.0,5.0,Code,3bd361e3edea7246581b3dc79e8f99ce551e473d513054fa4571091ba3969ec5,7b66a55198badda66e2908c784045426ec5dfa2592a1f14822b9971b74728b1d,,,,"{""source_key"": NaN, ""source_path"": NaN, ""source_row_index"": 71, ""original_snippet_id"": ""108""}",,,71
rq0_0261,109,Scalabrino,"private void bindIndex(final Mappings mappings) {
		if ( !indexColumn.isImplicit() ) {
			PropertyHolder valueHolder = PropertyHolderBuilder.buildPropertyHolder(
					this.collection,
					StringHelper.qualify( this.collection.getRole(), ""key"" ),
					null,
					null, propertyHolder, mappings
			);
			List list = (List) this.collection;
			if ( !list.isOneToMany() ) indexColumn.forceNotNull();
			indexColumn.setPropertyHolder( valueHolder );
			SimpleValueBinder value = new SimpleValueBinder();
			value.setColumns( new Ejb3Column[] { indexColumn } );
			value.setExplicitType( ""integer"" );
			value.setMappings( mappings );
			SimpleValue indexValue = value.make();
			indexColumn.linkWithValue( indexValue );
			list.setIndex( indexValue );
			list.setBaseIndex( indexColumn.getBase() );
			if ( list.isOneToMany() && !list.getKey().isNullable() && !list.isInverse() ) {
				String entityName = ( (OneToMany) list.getElement() ).getReferencedEntityName();
				PersistentClass referenced = mappings.getClass( entityName );
				IndexBackref ib = new IndexBackref();
				ib.setName( '_' + propertyName + ""IndexBackref"" );
				ib.setUpdateable( false );
				ib.setSelectable( false );
				ib.setCollectionRole( list.getRole() );
				ib.setEntityName( list.getOwner().getEntityName() );
				ib.setValue( list.getIndex() );
				referenced.addProperty( ib );
			}
		}
		else {
			Collection coll = this.collection;
			throw new AnnotationException(
					""List/array has to be annotated with an @OrderColumn (or @IndexColumn): ""
							+ coll.getRole()
			);
		}
	}",3.0,-1.0948973180747061,0.37037037037037035,unreadable,unreadable,low,,java,40,6,1.0,5.0,Code,afc9db8eb3d4e46837b909c26cab949990afc547d2a78572fcf81fe551951e5a,7e4f1f3a0ef8a3ca483fbb454e63c323f43b60a6a2ca9df433d06ed15cb0bf3e,,,,"{""source_key"": NaN, ""source_path"": NaN, ""source_row_index"": 72, ""original_snippet_id"": ""109""}",,,72
rq0_0262,110,Scalabrino,"/**
	 * Perform {@link org.hibernate.action.spi.Executable#execute()} on each element of the list
	 * 
	 * @param list The list of Executable elements to be performed
	 *
	 * @throws HibernateException
	 */
	private <E extends Executable & Comparable<?> & Serializable> void executeActions(ExecutableList<E> list) throws HibernateException {
		// todo : consider ways to improve the double iteration of Executables here:
		//		1) we explicitly iterate list here to perform Executable#execute()
		//		2) ExecutableList#getQuerySpaces also iterates the Executables to collect query spaces.
		try {
			for ( E e : list ) {
				try {
					e.execute();
				}
				finally {
					beforeTransactionProcesses.register( e.getBeforeTransactionCompletionProcess() );
					afterTransactionProcesses.register( e.getAfterTransactionCompletionProcess() );
				}
			}
		}
		finally {
			if ( session.getFactory().getSettings().isQueryCacheEnabled() ) {
				// Strictly speaking, only a subset of the list may have been processed if a RuntimeException occurs.
				// We still invalidate all spaces. I don't see this as a big deal - after all, RuntimeExceptions are
				// unexpected.
				Set<Serializable> propertySpaces = list.getQuerySpaces();
				invalidateSpaces( propertySpaces.toArray( new Serializable[propertySpaces.size()] ) );
			}
		}

		list.clear();
		session.getTransactionCoordinator().getJdbcCoordinator().executeBatch();
	}",3.555555555555556,-0.18736210790583105,0.5555555555555556,unreadable,discard,mid,,java,21,3,2.0,5.0,Code,12c6eadd81c4d5d9cb4db7004bfcb66469464e620e8bdbeea5d21ba10c044b70,266dd4e19164a1f56c6c0a27dda8dbb666fd0cf3aa7b847d7d10e9f18c681d25,,,,"{""source_key"": NaN, ""source_path"": NaN, ""source_row_index"": 73, ""original_snippet_id"": ""110""}",,,73
rq0_0263,111,Scalabrino,"@SuppressWarnings( {""SimplifiableIfStatement""})
	private boolean isUnequivocallyNonDirty(Object entity) {

		if(entity instanceof SelfDirtinessTracker)
			return ((SelfDirtinessTracker) entity).$$_hibernate_hasDirtyAttributes();

		final CustomEntityDirtinessStrategy customEntityDirtinessStrategy =
				persistenceContext.getSession().getFactory().getCustomEntityDirtinessStrategy();
		if ( customEntityDirtinessStrategy.canDirtyCheck( entity, getPersister(), (Session) persistenceContext.getSession() ) ) {
			return ! customEntityDirtinessStrategy.isDirty( entity, getPersister(), (Session) persistenceContext.getSession() );
		}

		if ( getPersister().hasMutableProperties() ) {
			return false;
		}

		if ( getPersister().getInstrumentationMetadata().isInstrumented() ) {
			// the entity must be instrumented (otherwise we cant check dirty flag) and the dirty flag is false
			return ! getPersister().getInstrumentationMetadata().extractInterceptor( entity ).isDirty();
		}

		return false;
	}",3.0,-1.0948973180747061,0.37037037037037035,unreadable,unreadable,low,,java,17,5,1.0,4.0,Code,aa672a9318f0441f06b9fe912e5deae9e61f96b575aaeb097237594a454723f9,7a624cfe2f8f5c8e27615755a44bd9290a8a61b64766d8e4a24473c0bee506fa,,,,"{""source_key"": NaN, ""source_path"": NaN, ""source_row_index"": 74, ""original_snippet_id"": ""111""}",,,74
rq0_0264,112,Scalabrino,"public static String expandBatchIdPlaceholder(
			String sql,
			Serializable[] ids,
			String alias,
			String[] keyColumnNames,
			Dialect dialect) {
		if ( keyColumnNames.length == 1 ) {
			// non-composite
			return StringHelper.replace( sql, BATCH_ID_PLACEHOLDER, repeat( ""?"", ids.length, "","" ) );
		}
		else {
			// composite
			if ( dialect.supportsRowValueConstructorSyntaxInInList() ) {
				final String tuple = ""("" + StringHelper.repeat( ""?"", keyColumnNames.length, "","" );
				return StringHelper.replace( sql, BATCH_ID_PLACEHOLDER, repeat( tuple, ids.length, "","" ) );
			}
			else {
				final String keyCheck = joinWithQualifier( keyColumnNames, alias, "" and "" );
				return replace( sql, BATCH_ID_PLACEHOLDER, repeat( keyCheck, ids.length, "" or "" ) );
			}
		}
	}",3.888888888888889,0.3571590181954932,0.6666666666666665,readable,discard,mid,,java,20,3,3.0,5.0,Code,b3dc46ab4249c10a86de5a6b5be395cdc43dfa7542cad11b9612e9171c947863,9397b62a88125a7e06caaf66db26620cd97426cb7b7080b6155e664cc720baf9,,,,"{""source_key"": NaN, ""source_path"": NaN, ""source_row_index"": 75, ""original_snippet_id"": ""112""}",,,75
rq0_0265,113,Scalabrino,"/**
	 * Interpret a long as its binary form
	 *
	 * @param longValue The long to interpret to binary
	 *
	 * @return The binary
	 */
	public static byte[] fromLong(long longValue) {
		byte[] bytes = new byte[8];
		bytes[0] = (byte) ( longValue >> 56 );
		bytes[1] = (byte) ( ( longValue << 8 ) >> 56 );
		bytes[2] = (byte) ( ( longValue << 16 ) >> 56 );
		bytes[3] = (byte) ( ( longValue << 24 ) >> 56 );
		bytes[4] = (byte) ( ( longValue << 32 ) >> 56 );
		bytes[5] = (byte) ( ( longValue << 40 ) >> 56 );
		bytes[6] = (byte) ( ( longValue << 48 ) >> 56 );
		bytes[7] = (byte) ( ( longValue << 56 ) >> 56 );
		return bytes;
	}",4.111111111111111,0.7201731022630425,0.7407407407407405,readable,readable,high,,java,12,1,2.0,5.0,Code,4e410a5b4cffc04e809736e6446aa6dd4dcac25a350aa15c68dc30b9aaba7f2e,e70a8e2802d54e37f95893d32607503d3d7fcde9069ed68fd41af4cb349b6598,,,,"{""source_key"": NaN, ""source_path"": NaN, ""source_row_index"": 76, ""original_snippet_id"": ""113""}",,,76
rq0_0266,114,Scalabrino,"/**
     * Tests this instance for equality with an arbitrary object.
     *
     * @param obj  the object (<code>null</code> permitted).
     *
     * @return A boolean.
     */
    @Override
    public boolean equals(Object obj) {
        if (obj == this) {
            return true;
        }
        if (!(obj instanceof OHLC)) {
            return false;
        }
        OHLC that = (OHLC) obj;
        if (this.open != that.open) {
            return false;
        }
        if (this.close != that.close) {
            return false;
        }
        if (this.high != that.high) {
            return false;
        }
        if (this.low != that.low) {
            return false;
        }
        return true;
    }",4.666666666666667,1.6277083124319183,0.9259259259259259,readable,readable,high,,java,23,7,4.0,5.0,Code,3ab0cefa7a0ded740b9fae78986fa4cabede4df060f42262d9c727ae2b6e3516,89a20f96bf03bf0d578b43f983835b7894da9baf2ad7e6d7a8f13e14053af440,,,,"{""source_key"": NaN, ""source_path"": NaN, ""source_row_index"": 77, ""original_snippet_id"": ""114""}",,,77
rq0_0267,115,Scalabrino,"public final void caseSList() throws RecognitionException, TokenStreamException {
		
		
		{
		_loop119:
		do {
			if ((_tokenSet_6.member(LA(1)))) {
				statement();
			}
			else {
				break _loop119;
			}
			
		} while (true);
		}
	}",3.333333333333333,-0.5503761919733818,0.48148148148148134,unreadable,unreadable,low,,java,13,3,1.0,5.0,Code,4d7df3251db7bd9d56535cfd4bd3973bf0f0d49accd07bad436d31a7954098f0,75d8d3e32dcc09421d7eeba58056dfc1584576b91586c6d7cb1ddfab59e00e9b,,,,"{""source_key"": NaN, ""source_path"": NaN, ""source_row_index"": 78, ""original_snippet_id"": ""115""}",,,78
rq0_0268,116,Scalabrino,"public void write(BufferedReader reader,
                      BufferedWriter writer,
                      Stack parseStateStack) throws IOException {
        ParseState parseState = (ParseState) parseStateStack.peek();
        Object mInterface = /*(MInterface)*/ parseState.newClassifier(name);

	if (mInterface != null) {
	    parseStateStack.push(new ParseState(mInterface));
	    StringBuffer sbText =
		GeneratorJava.getInstance().generateClassifierStart(mInterface);
	    if (sbText != null) {
		writer.write (sbText.toString());
	    }
            // dispose code piece in reader
            ffCodePiece(reader, null);
        } else {
            // not in model, so write the original code
            ffCodePiece(reader, writer);
        }
    }",3.555555555555556,-0.18736210790583105,0.5555555555555556,unreadable,discard,mid,,java,17,3,2.0,5.0,Code,f09f47fe28a0ff47d8101f32713d39a007b07918d3d2fd275ac7577e500f626e,fa1d1468ff08471f88eb7c35102e512cc7c2805d1c737f2a1426dcab62182cf8,,,,"{""source_key"": NaN, ""source_path"": NaN, ""source_row_index"": 79, ""original_snippet_id"": ""116""}",,,79
rq0_0269,117,Scalabrino,"protected final void mHEX_DIGIT(boolean _createToken) throws RecognitionException, CharStreamException, TokenStreamException {
		int _ttype; Token _token=null; int _begin=text.length();
		_ttype = HEX_DIGIT;
		int _saveIndex;
		
		{
		switch ( LA(1)) {
		case '0':  case '1':  case '2':  case '3':
		case '4':  case '5':  case '6':  case '7':
		case '8':  case '9':
		{
			matchRange('0','9');
			break;
		}
		case 'A':  case 'B':  case 'C':  case 'D':
		case 'E':  case 'F':
		{
			matchRange('A','F');
			break;
		}
		case 'a':  case 'b':  case 'c':  case 'd':
		case 'e':  case 'f':
		{
			matchRange('a','f');
			break;
		}
		default:
		{
			throw new NoViableAltForCharException((char)LA(1), getFilename(), getLine(), getColumn());
		}
		}
		}
		if ( _createToken && _token==null && _ttype!=Token.SKIP ) {
			_token = makeToken(_ttype);
			_token.setText(new String(text.getBuffer(), _begin, text.length()-_begin));
		}
		_returnToken = _token;
	}",3.555555555555556,-0.18736210790583105,0.5555555555555556,unreadable,discard,mid,,java,37,26,1.0,5.0,Code,15405bfd298b92fa04907b830b623ae6149d11abc7bba085139f240e9c18cfb5,b266358e05f220b581a22ff8a51abd5f46c4ad5218e207a020fe26d5ccfa90d5,,,,"{""source_key"": NaN, ""source_path"": NaN, ""source_row_index"": 80, ""original_snippet_id"": ""117""}",,,80
rq0_0270,118,Scalabrino,"/**
     * The constructor.
     */
    public TabChecklist() {
	super(""tab.checklist"");

	tableModel = new TableModelChecklist(this);
	table.setModel(tableModel);

	Font labelFont = LookAndFeelMgr.getInstance().getStandardFont();
	table.setFont(labelFont);

	table.setIntercellSpacing(new Dimension(0, 1));
	table.setShowVerticalLines(false);
	table.getSelectionModel().addListSelectionListener(this);
	table.setAutoResizeMode(JTable.AUTO_RESIZE_LAST_COLUMN);

	TableColumn checkCol = table.getColumnModel().getColumn(0);
	TableColumn descCol = table.getColumnModel().getColumn(1);
	checkCol.setMinWidth(20);
	checkCol.setMaxWidth(30);
	checkCol.setWidth(30);
	descCol.setPreferredWidth(900);
	table.setAutoResizeMode(JTable.AUTO_RESIZE_LAST_COLUMN);
	table.sizeColumnsToFit(-1);

	JScrollPane sp = new JScrollPane(table);

	setLayout(new BorderLayout());
	add(new JLabel(Translator.localize(""tab.checklist.warning"")),
	    BorderLayout.NORTH);
	add(sp, BorderLayout.CENTER);
	
	addComponentListener(this);
    }",3.888888888888889,0.3571590181954932,0.6666666666666665,readable,discard,mid,,java,25,1,2.0,5.0,Code,ca3e1df73cfd96155b392f1bcb5ad4723e7974033d9839f5dbf97c8eb3fd9ebd,614cd93b57dfb87fce16b07160cebfc33991afc1fc9ab0a0f75211084606c0ea,,,,"{""source_key"": NaN, ""source_path"": NaN, ""source_row_index"": 81, ""original_snippet_id"": ""118""}",,,81
rq0_0271,119,Scalabrino,"public void vetoableChange(PropertyChangeEvent pce) {
        if (""ownedElement"".equals(pce.getPropertyName())) {
            Vector oldOwned = (Vector) pce.getOldValue();
            Object eo = pce.getNewValue();
            Object me = Model.getFacade().getModelElement(eo);
            if (oldOwned.contains(eo)) {
                LOG.debug(""model removed "" + me);
                if (Model.getFacade().isANode(me)) {
                    removeNode(me);
                }
                if (Model.getFacade().isANodeInstance(me)) {
                    removeNode(me);
                }
                if (Model.getFacade().isAComponent(me)) {
                    removeNode(me);
                }
                if (Model.getFacade().isAComponentInstance(me)) {
                    removeNode(me);
                }
                if (Model.getFacade().isAClass(me)) {
                    removeNode(me);
                }
                if (Model.getFacade().isAInterface(me)) {
                    removeNode(me);
                }
                if (Model.getFacade().isAObject(me)) {
                    removeNode(me);
                }
                if (Model.getFacade().isAAssociation(me)) {
                    removeEdge(me);
                }
                if (Model.getFacade().isADependency(me)) {
                    removeEdge(me);
                }
                if (Model.getFacade().isALink(me)) {
                    removeEdge(me);
                }
            } else {
                LOG.debug(""model added "" + me);
            }
        }
    }",4.111111111111111,0.7201731022630425,0.7407407407407405,readable,readable,high,,java,42,13,2.0,5.0,Code,570461c9a91f349b04b2a7e5073bb7104ccfea6b686e3f4d1115da2242e49723,6088095f10cd04f482e6eec9a85c8e3bcc2b40d8bce7664baf45d206d887bf22,,,,"{""source_key"": NaN, ""source_path"": NaN, ""source_row_index"": 82, ""original_snippet_id"": ""119""}",,,82
rq0_0272,120,Scalabrino,"public List getInEdges(Object port) {
	Vector res = new Vector(); //wasteful!
	if (Model.getFacade().isAClassifierRole(port)) {
	    Object cr = port;
	    Collection ends = Model.getFacade().getAssociationEnds(cr);
	    if (ends == null) {
                return res; // empty Vector
            }
	    Iterator iter = ends.iterator();
	    while (iter.hasNext()) {
		Object aer = iter.next();
		res.addElement(Model.getFacade().getAssociation(aer));
	    }
	}
	return res;
    }
",3.888888888888889,0.3571590181954932,0.6666666666666665,readable,discard,mid,,java,16,4,3.0,5.0,Code,2720cfd7cbae3a1948c37f151b1cf295084028512854b31284330251cce71653,a84863dc67e734a61b4ab713c22d6f2ba43bfda0835e090d05d3d25ffef5c20c,,,,"{""source_key"": NaN, ""source_path"": NaN, ""source_row_index"": 83, ""original_snippet_id"": ""120""}",,,83
rq0_0273,121,Scalabrino,"/**
     * Displays visual indications of pending ToDoItems.
     * Please note that the list of advices (ToDoList) is not the same
     * as the list of element known by the FigNode (_figs). Therefore,
     * it is necessary to check if the graphic item exists before drawing
     * on it. See ClAttributeCompartment for an example.
     * @param g the graphics device
     * @see org.argouml.uml.cognitive.critics.ClAttributeCompartment
     */
    public void paintClarifiers(Graphics g) {
        int iconX = getX();
        int iconY = getY() - 10;
        ToDoList list = Designer.theDesigner().getToDoList();
        Vector items = list.elementsForOffender(getOwner());
        int size = items.size();
        for (int i = 0; i < size; i++) {
            ToDoItem item = (ToDoItem) items.elementAt(i);
            Icon icon = item.getClarifier();
            if (icon instanceof Clarifier) {
                ((Clarifier) icon).setFig(this);
                ((Clarifier) icon).setToDoItem(item);
            }
            if (icon != null) {
                icon.paintIcon(null, g, iconX, iconY);
                iconX += icon.getIconWidth();
            }
        }
        items = list.elementsForOffender(this);
        size = items.size();
        for (int i = 0; i < size; i++) {
            ToDoItem item = (ToDoItem) items.elementAt(i);
            Icon icon = item.getClarifier();
            if (icon instanceof Clarifier) {
                ((Clarifier) icon).setFig(this);
                ((Clarifier) icon).setToDoItem(item);
            }
            if (icon != null) {
                icon.paintIcon(null, g, iconX, iconY);
                iconX += icon.getIconWidth();
            }
        }
    }",3.333333333333333,-0.5503761919733818,0.48148148148148134,unreadable,unreadable,low,,java,33,7,1.0,4.0,Code,884e2ddbb47428596fbf8915748d5538dec8f82a4679e003fc3705deda53efc9,ce94d7fd7708ea0ffa0d90fd5e3ca7b23277ff24bc626495e7a5313c7e0b9247,,,,"{""source_key"": NaN, ""source_path"": NaN, ""source_row_index"": 84, ""original_snippet_id"": ""121""}",,,84
rq0_0274,122,Scalabrino,"public void mouseMoved(MouseEvent me) {
	//- RedrawManager.lock();
	translateMouseEvent(me);
	Globals.curEditor(this);
	setUnderMouse(me);
        Fig currentFig = getCurrentFig();
	if (currentFig != null && Globals.getShowFigTips()) {
	    String tip = currentFig.getTipString(me);
	    if (tip != null && (getJComponent() != null)) {
	        JComponent c = getJComponent();
	        if (c.getToolTipText() == null
		    || !(c.getToolTipText().equals(tip))) {
	            c.setToolTipText(tip);
	        }
            }
	} else if (getJComponent() != null
		   && getJComponent().getToolTipText() != null) {
            getJComponent().setToolTipText(null); //was """"
	}

	_selectionManager.mouseMoved(me);
	_modeManager.mouseMoved(me);
	//- RedrawManager.unlock();
	//- _redrawer.repairDamage();
    }",3.2222222222222223,-0.731883234007156,0.4444444444444444,unreadable,unreadable,low,,java,21,9,1.0,5.0,Code,ff72f55e96cdd230d92eb9da36612af3db5364f22915f3371141c19177e86e4e,34485f08e21306dffb071f8349eaff0c4ea1be4b8c34990841ffbf53790563d2,,,,"{""source_key"": NaN, ""source_path"": NaN, ""source_row_index"": 85, ""original_snippet_id"": ""122""}",,,85
rq0_0275,123,Scalabrino,"public Set getDependencies(Object parent) {
        if (Model.getFacade().isAClass(parent)) {
	    Set set = new HashSet();
	    set.add(parent);
	    set.addAll(Model.getFacade().getAttributes(parent));
	    set.addAll(Model.getFacade().getOperations(parent));
	    set.addAll(Model.getFacade().getAssociationEnds(parent));
	    set.addAll(Model.getFacade().getSupplierDependencies(parent));
	    set.addAll(Model.getFacade().getClientDependencies(parent));
	    set.addAll(Model.getFacade().getGeneralizations(parent));
	    set.addAll(Model.getFacade().getSpecializations(parent));
	    return set;
	}

	return null;
    }",4.666666666666667,1.6277083124319183,0.9259259259259259,readable,readable,high,,java,15,2,4.0,5.0,Code,a115b04c96a03c5c07eaded36ac72568da37d32fc8713026010bbee8ca2aae2e,2230de70d4760594dfb118d93e4060260ad88d480bea7f630d7faeed3831e353,,,,"{""source_key"": NaN, ""source_path"": NaN, ""source_row_index"": 86, ""original_snippet_id"": ""123""}",,,86
rq0_0276,125,Scalabrino,"private Exception createTimeoutException(Thread thread) {
        StackTraceElement[] stackTrace = thread.getStackTrace();
        final Thread stuckThread = fLookForStuckThread ? getStuckThread(thread) : null;
        Exception currThreadException = new Exception(String.format(
                ""test timed out after %d %s"", fTimeout, fTimeUnit.name().toLowerCase()));
        if (stackTrace != null) {
            currThreadException.setStackTrace(stackTrace);
            thread.interrupt();
        }
        if (stuckThread != null) {
            Exception stuckThreadException = 
                new Exception (""Appears to be stuck in thread "" +
                               stuckThread.getName());
            stuckThreadException.setStackTrace(getStackTrace(stuckThread));
            return new MultipleFailureException    
                (Arrays.<Throwable>asList(currThreadException, stuckThreadException));
        } else {
            return currThreadException;
        }
    }",2.888888888888889,-1.2764043601084811,0.33333333333333326,unreadable,unreadable,low,,java,20,4,2.0,4.0,Code,0353b6f365d4ab8e59cf44720ac0e37c53a1d10178da51c4b1739cfda878d2a5,1499b99a7d810adae5c9edee0a937e0c836e0398f05a3cbf2e284c81b176be30,,,,"{""source_key"": NaN, ""source_path"": NaN, ""source_row_index"": 87, ""original_snippet_id"": ""125""}",,,87
rq0_0277,126,Scalabrino,"/**
	 * Build the metamodel using the information from the collection of Hibernate
	 * {@link PersistentClass} models as well as the Hibernate {@link org.hibernate.SessionFactory}.
	 *
	 * @param persistentClasses Iterator over the Hibernate (config-time) metamodel
	 * @param mappedSuperclasses All known MappedSuperclasses
	 * @param sessionFactory The Hibernate session factory.
     * @param ignoreUnsupported ignore unsupported/unknown annotations (like @Any)
	 *
	 * @return The built metamodel
	 */
	public static MetamodelImpl buildMetamodel(
			Iterator<PersistentClass> persistentClasses,
			Set<MappedSuperclass> mappedSuperclasses,
			SessionFactoryImplementor sessionFactory,
            boolean ignoreUnsupported) {
		MetadataContext context = new MetadataContext( sessionFactory, mappedSuperclasses, ignoreUnsupported );
		while ( persistentClasses.hasNext() ) {
			PersistentClass pc = persistentClasses.next();
			locateOrBuildEntityType( pc, context );
		}
		handleUnusedMappedSuperclasses( context );
		context.wrapUp();
		return new MetamodelImpl( context.getEntityTypeMap(), context.getEmbeddableTypeMap(), context.getMappedSuperclassTypeMap(), context.getEntityTypesByEntityName() );
	}",3.111111111111111,-0.9133902760409311,0.4074074074074074,unreadable,unreadable,low,,java,14,2,2.0,5.0,Code,264e9cd753a56ecf13f96b06f7de9c0089e485e105224c49f1cc7af4de803406,9f435baa6d03ae1eecfc7d7aaa3f3d823f61f8ba41ec0d8521738c7637e0d88a,,,,"{""source_key"": NaN, ""source_path"": NaN, ""source_row_index"": 88, ""original_snippet_id"": ""126""}",,,88
rq0_0278,132,Scalabrino,"private InfinispanRegionFactory createRegionFactory(final EmbeddedCacheManager manager, Properties p) {
      final InfinispanRegionFactory factory = new SingleNodeTestCase.TestInfinispanRegionFactory() {

         @Override
         protected org.infinispan.transaction.lookup.TransactionManagerLookup createTransactionManagerLookup(Settings settings, Properties properties) {
            return new HibernateTransactionManagerLookup(null, null) {
               @Override
               public TransactionManager getTransactionManager() throws Exception {
                  AbstractJtaPlatform jta = new JBossStandAloneJtaPlatform();
                  jta.injectServices(ServiceRegistryBuilder.buildServiceRegistry());
                  return jta.getTransactionManager();
               }
            };
         }

         @Override
         protected EmbeddedCacheManager createCacheManager(Properties properties) throws CacheException {
            if (manager != null)
               return manager;
            else
               return super.createCacheManager(properties);
         }

      };

      factory.start(null, p);
      return factory;
   }",2.888888888888889,-1.2764043601084811,0.33333333333333326,unreadable,unreadable,low,,java,24,3,1.0,4.0,Code,363dd8789f0ecd6240656ed40466b9c3dd8ca71d4f46b9c89d976b0ecf60366a,5647ccc4cb945e44a897c4f709a97a99e783be0766f05c1c5ed7c8b0ee77ccc0,,,,"{""source_key"": NaN, ""source_path"": NaN, ""source_row_index"": 89, ""original_snippet_id"": ""132""}",,,89
rq0_0279,139,Scalabrino,"public CollectionListeners( SessionFactory sf) {
		preCollectionRecreateListener = new PreCollectionRecreateListener( this );
		initializeCollectionListener = new InitializeCollectionListener( this );
		preCollectionRemoveListener = new PreCollectionRemoveListener( this );
		preCollectionUpdateListener = new PreCollectionUpdateListener( this );
		postCollectionRecreateListener = new PostCollectionRecreateListener( this );
		postCollectionRemoveListener = new PostCollectionRemoveListener( this );
		postCollectionUpdateListener = new PostCollectionUpdateListener( this );

		EventListenerRegistry registry = ( (SessionFactoryImplementor) sf ).getServiceRegistry().getService( EventListenerRegistry.class );
		registry.setListeners( EventType.INIT_COLLECTION, initializeCollectionListener );

		registry.setListeners( EventType.PRE_COLLECTION_RECREATE, preCollectionRecreateListener );
		registry.setListeners( EventType.POST_COLLECTION_RECREATE, postCollectionRecreateListener );

		registry.setListeners( EventType.PRE_COLLECTION_REMOVE, preCollectionRemoveListener );
		registry.setListeners( EventType.POST_COLLECTION_REMOVE, postCollectionRemoveListener );

		registry.setListeners( EventType.PRE_COLLECTION_UPDATE, preCollectionUpdateListener );
		registry.setListeners( EventType.POST_COLLECTION_UPDATE, postCollectionUpdateListener );
	}",4.111111111111111,0.7201731022630425,0.7407407407407405,readable,readable,high,,java,17,1,3.0,5.0,Code,53321d33f175c944136f5e876ea4c0289b63963787716a1ad285cf719f581d49,6024682a04dd01b715466767115a30bd51af742d9857599a4c189b68eb40162f,,,,"{""source_key"": NaN, ""source_path"": NaN, ""source_row_index"": 90, ""original_snippet_id"": ""139""}",,,90
rq0_0280,141,Scalabrino,"public int hashCode() {
        final int PRIME = 31;
        int result = 1;
        if ( name != null ) {
            result += name.hashCode();
        }
        result *= PRIME;
        if ( num != null ) {
            result += num.hashCode();
        }
        return result;
    }",4.333333333333333,1.0831871863305926,0.8148148148148147,readable,readable,high,,java,12,3,3.0,5.0,Code,c70d73e926e3b6acc1b19ce5afb894b145f91c19dcbea2d2d588202c016d23de,8ab32eb553a5163e24491b2c95929820de457406c070ec6835b1ebfd562315e5,,,,"{""source_key"": NaN, ""source_path"": NaN, ""source_row_index"": 91, ""original_snippet_id"": ""141""}",,,91
rq0_0281,143,Scalabrino,"public LoadPlan buildLoadPlan(
			SessionFactoryImplementor sf,
			OuterJoinLoadable persister,
			LoadQueryInfluencers influencers,
			LockMode lockMode) {
		FetchStyleLoadPlanBuildingAssociationVisitationStrategy strategy = new FetchStyleLoadPlanBuildingAssociationVisitationStrategy(
				sf,
				influencers,
				lockMode
				);
		return MetamodelDrivenLoadPlanBuilder.buildRootEntityLoadPlan( strategy, persister );
	}",3.333333333333333,-0.5503761919733818,0.48148148148148134,unreadable,unreadable,low,,java,12,1,1.0,4.0,Code,287ff7b585d8120555ff1349083b0776cb1ac87e447a661e1421d4f93e5c82ca,c4e8f9478bdd932da2b259b2cb2030422c1c5ef9ba9be9cb91729c3be92b22b0,,,,"{""source_key"": NaN, ""source_path"": NaN, ""source_row_index"": 92, ""original_snippet_id"": ""143""}",,,92
rq0_0282,144,Scalabrino,"private void compare(JoinWalker walker, LoadQueryDetails details) {
		System.out.println( ""------ SQL -----------------------------------------------------------------"" );
		System.out.println( ""WALKER    : "" + walker.getSQLString() );
		System.out.println( ""LOAD-PLAN : "" + details.getSqlStatement() );
		System.out.println( ""----------------------------------------------------------------------------"" );
		System.out.println( );
		System.out.println( ""------ SUFFIXES ------------------------------------------------------------"" );
		System.out.println( ""WALKER    : "" + StringHelper.join( "", "",  walker.getSuffixes() ) + "" : ""
									+ StringHelper.join( "", "", walker.getCollectionSuffixes() ) );
		System.out.println( ""----------------------------------------------------------------------------"" );
		System.out.println( );
	}",4.888888888888889,1.9907223964994682,1.0,readable,readable,high,,java,12,1,4.0,5.0,Code,2d72afdd0b9892cb41aca63d117123cd54039b8a7c56903d0e954145c143ad9b,8da26cc815d7f5351f46973b1228879c94314e093a57d3cba7ee1b82f58d5444,,,,"{""source_key"": NaN, ""source_path"": NaN, ""source_row_index"": 93, ""original_snippet_id"": ""144""}",,,93
rq0_0283,146,Scalabrino,"private void doBasicPluralAttributeBinding(PluralAttributeSource source, AbstractPluralAttributeBinding binding) {
		binding.setFetchTiming( source.getFetchTiming() );
		binding.setFetchStyle( source.getFetchStyle() );
		binding.setCascadeStyles( source.getCascadeStyles() );

		binding.setCaching( source.getCaching() );

		binding.getHibernateTypeDescriptor().setJavaTypeName(
				source.getPluralAttributeNature().reportedJavaType().getName()
		);
		binding.getHibernateTypeDescriptor().setExplicitTypeName( source.getTypeInformation().getName() );
		binding.getHibernateTypeDescriptor().getTypeParameters().putAll( source.getTypeInformation().getParameters() );

		if ( StringHelper.isNotEmpty( source.getCustomPersisterClassName() ) ) {
			binding.setCollectionPersisterClass(
					currentBindingContext.<CollectionPersister>locateClassByName( source.getCustomPersisterClassName() )
			);
		}

		if ( source.getCustomPersisterClassName() != null ) {
			binding.setCollectionPersisterClass(
					metadata.<CollectionPersister>locateClassByName( source.getCustomPersisterClassName() )
			);
		}

		binding.setCustomLoaderName( source.getCustomLoaderName() );
		binding.setCustomSqlInsert( source.getCustomSqlInsert() );
		binding.setCustomSqlUpdate( source.getCustomSqlUpdate() );
		binding.setCustomSqlDelete( source.getCustomSqlDelete() );
		binding.setCustomSqlDeleteAll( source.getCustomSqlDeleteAll() );

		binding.setMetaAttributeContext(
				buildMetaAttributeContext(
						source.metaAttributes(),
						binding.getContainer().getMetaAttributeContext()
				)
		);

		doBasicAttributeBinding( source, binding );
	}",2.7777777777777777,-1.4579114021422561,0.2962962962962962,unreadable,unreadable,low,,java,33,3,2.0,4.0,Code,31ebce2aed9ecd23361a6413be7a4915f69674f3bee41c9253a7bb77a6f39b9d,a9743ba7716c7fa19d83f9a3be33ecd8bdbded4f1e2b056ad248e933f72cd839,,,,"{""source_key"": NaN, ""source_path"": NaN, ""source_row_index"": 94, ""original_snippet_id"": ""146""}",,,94
rq0_0284,147,Scalabrino,"private void pushHibernateTypeInformationDownIfNeeded(
			HibernateTypeDescriptor hibernateTypeDescriptor,
			Value value,
			Type resolvedHibernateType) {
		if ( resolvedHibernateType == null ) {
			return;
		}
		if ( hibernateTypeDescriptor.getResolvedTypeMapping() == null ) {
			hibernateTypeDescriptor.setResolvedTypeMapping( resolvedHibernateType );
		}

		// java type information ~~~~~~~~~~~~~~~~~~~~~~~~~~~~~~~~~~~~~~~~~~~~~~~~~~~~~~~~~~~~~~~~~~~~~~~~~~~~~~~~~~~~~~~

		if ( hibernateTypeDescriptor.getJavaTypeName() == null ) {
			hibernateTypeDescriptor.setJavaTypeName( resolvedHibernateType.getReturnedClass().getName() );
		}

	   // todo : this can be made a lot smarter, but for now this will suffice.  currently we only handle single value bindings

	   if ( SimpleValue.class.isInstance( value ) ) {
		   SimpleValue simpleValue = ( SimpleValue ) value;
		   if ( simpleValue.getDatatype() == null ) {
			   simpleValue.setDatatype(
					   new Datatype(
							   resolvedHibernateType.sqlTypes( metadata )[0],
							   resolvedHibernateType.getName(),
							   resolvedHibernateType.getReturnedClass()
					   )
			   );
		   }
	   }
	}",3.4444444444444446,-0.36886914993960607,0.5185185185185185,unreadable,discard,mid,,java,26,6,2.0,5.0,Code,ac7d0ed3476a28a5e88480e1595cb8d9f13eb51be0d872cada1f2c634b73e84c,04e47cb3a2163d8767bd81e640fab6ca9a6b3d9c97b9603f404c94d28fb43e72,,,,"{""source_key"": NaN, ""source_path"": NaN, ""source_row_index"": 95, ""original_snippet_id"": ""147""}",,,95
rq0_0285,148,Scalabrino,"public static Iterable<AttributeDefinition> getCompositeCollectionIndexSubAttributes(CompositeCollectionElementDefinition compositionElementDefinition){
		final QueryableCollection collectionPersister =
				(QueryableCollection) compositionElementDefinition.getCollectionDefinition().getCollectionPersister();
		return getSingularSubAttributes(
				compositionElementDefinition.getSource(),
				(OuterJoinLoadable) collectionPersister.getOwnerEntityPersister(),
				(CompositeType) collectionPersister.getIndexType(),
				collectionPersister.getTableName(),
				collectionPersister.getIndexColumnNames()
		);
	}",3.0,-1.0948973180747061,0.37037037037037035,unreadable,unreadable,low,,java,11,1,1.0,4.0,Code,f59404720bdd84845815a1434013dfe4a0b96ab3f476491831a05f1f4d035116,40d7a3c320efda03a6581e2e8ef91be4879e57d7f6ab797d0c500f582852c8ac,,,,"{""source_key"": NaN, ""source_path"": NaN, ""source_row_index"": 96, ""original_snippet_id"": ""148""}",,,96
rq0_0286,149,Scalabrino,"/**
	 * As per sections 12.2.3.23.9, 12.2.4.8.9 and 12.2.5.3.6 of the JPA 2.0
	 * specification, the element-collection subelement completely overrides the
	 * mapping for the specified field or property.  Thus, any methods which
	 * might in some contexts merge with annotations must not do so in this
	 * context.
	 */
	private void getElementCollection(List<Annotation> annotationList, XMLContext.Default defaults) {
		for ( Element element : elementsForProperty ) {
			if ( ""element-collection"".equals( element.getName() ) ) {
				AnnotationDescriptor ad = new AnnotationDescriptor( ElementCollection.class );
				addTargetClass( element, ad, ""target-class"", defaults );
				getFetchType( ad, element );
				getOrderBy( annotationList, element );
				getOrderColumn( annotationList, element );
				getMapKey( annotationList, element );
				getMapKeyClass( annotationList, element, defaults );
				getMapKeyTemporal( annotationList, element );
				getMapKeyEnumerated( annotationList, element );
				getMapKeyColumn( annotationList, element );
				buildMapKeyJoinColumns( annotationList, element );
				Annotation annotation = getColumn( element.element( ""column"" ), false, element );
				addIfNotNull( annotationList, annotation );
				getTemporal( annotationList, element );
				getEnumerated( annotationList, element );
				getLob( annotationList, element );
				//Both map-key-attribute-overrides and attribute-overrides
				//translate into AttributeOverride annotations, which need
				//need to be wrapped in the same AttributeOverrides annotation.
				List<AttributeOverride> attributes = new ArrayList<AttributeOverride>();
				attributes.addAll( buildAttributeOverrides( element, ""map-key-attribute-override"" ) );
				attributes.addAll( buildAttributeOverrides( element, ""attribute-override"" ) );
				annotation = mergeAttributeOverrides( defaults, attributes, false );
				addIfNotNull( annotationList, annotation );
				annotation = getAssociationOverrides( element, defaults, false );
				addIfNotNull( annotationList, annotation );
				getCollectionTable( annotationList, element, defaults );
				annotationList.add( AnnotationFactory.create( ad ) );
				getAccessType( annotationList, element );
			}
		}
	}",2.888888888888889,-1.2764043601084811,0.33333333333333326,unreadable,unreadable,low,,java,32,3,1.0,4.0,Code,fbb6de670d2848ead89674d4afa1b23d2e409ed4ea6152c9903753ee3c0b6788,d37f7b6d2a6c9cf34706ccf98b96ceeb06fefd277d9b8da74cf147c6f8b3ffec,,,,"{""source_key"": NaN, ""source_path"": NaN, ""source_row_index"": 97, ""original_snippet_id"": ""149""}",,,97
rq0_0287,150,Scalabrino,"@Override
	public void release() {
		if ( reader == null ) {
			return;
		}
		try {
			reader.close();
		}
		catch (IOException ignore) {
		}
	}",4.777777777777778,1.8092153544656926,0.9629629629629628,readable,readable,high,,java,11,3,3.0,5.0,Code,14509ab1e17c4f971d3cfab1079bad1387da84cee4c790efc8fd47d9859d3d5b,3f07a9ea11d6af535740b9490a55c6ed7e3d2bf2c3ec653bd1a4e7ab7ee87bb1,,,,"{""source_key"": NaN, ""source_path"": NaN, ""source_row_index"": 98, ""original_snippet_id"": ""150""}",,,98
rq0_0288,151,Scalabrino,"@Override
	protected XMLEvent internalNextEvent() throws XMLStreamException {
		//If there is an iterator to read from reset was called, use the iterator
		//until it runs out of events.
		if (this.bufferReader != null) {
			final XMLEvent event = this.bufferReader.next();

			//If nothing left in the iterator, remove the reference and fall through to direct reading
			if (!this.bufferReader.hasNext()) {
				this.bufferReader = null;
			}

			return event;
		}

		//Get the next event from the underlying reader
		final XMLEvent event = this.getParent().nextEvent();

		//if buffering add the event
		if (this.eventLimit != 0) {
			this.eventBuffer.offer(event);

			//If limited buffer size and buffer is too big trim the buffer.
			if (this.eventLimit > 0 && this.eventBuffer.size() > this.eventLimit) {
				this.eventBuffer.poll();
			}
		}

		return event;
	}",4.555555555555555,1.4462012703981426,0.8888888888888887,readable,readable,high,,java,18,6,3.0,5.0,Code,a003f1870a96cb5d13c5253f9e5a1ed16e821eecc7e2130e0261229f4c420e91,d060b8f744cb5d681cb020047b064eefc52af9c37eac15a8d0fea1d4bb752e92,,,,"{""source_key"": NaN, ""source_path"": NaN, ""source_row_index"": 99, ""original_snippet_id"": ""151""}",,,99
rq0_0289,152,Scalabrino,"@Override
	public final String getElementText() throws XMLStreamException {
		XMLEvent event = this.previousEvent;
		if (event == null) {
			throw new XMLStreamException(""Must be on START_ELEMENT to read next text, element was null"");
		}
		if (!event.isStartElement()) {
			throw new XMLStreamException(""Must be on START_ELEMENT to read next text"", event.getLocation());
		}

		final StringBuilder text = new StringBuilder();
		while (!event.isEndDocument()) {
			switch (event.getEventType()) {
				case XMLStreamConstants.CHARACTERS:
				case XMLStreamConstants.SPACE:
				case XMLStreamConstants.CDATA: {
					final Characters characters = event.asCharacters();
					text.append(characters.getData());
					break;
				}
				case XMLStreamConstants.ENTITY_REFERENCE: {
					final EntityReference entityReference = (EntityReference)event;
					final EntityDeclaration declaration = entityReference.getDeclaration();
					text.append(declaration.getReplacementText());
					break;
				}
				case XMLStreamConstants.COMMENT:
				case XMLStreamConstants.PROCESSING_INSTRUCTION: {
					//Ignore
					break;
				}
				default: {
					throw new XMLStreamException(""Unexpected event type '"" + XMLStreamConstantsUtils.getEventName(event.getEventType()) + ""' encountered. Found event: "" + event, event.getLocation());
				}
			}

			event = this.nextEvent();
		}

		return text.toString();
	}",4.111111111111111,0.7201731022630425,0.7407407407407405,readable,readable,high,,java,37,10,2.0,5.0,Code,cede3a5b6e15a001b945e64580d9da5efb309b3db986ea71fe524eb4bed13728,3ce1775e72a17c0f7c20eaca05776c2981fc517c69b12d9db9c0874a0bfa4bd3,,,,"{""source_key"": NaN, ""source_path"": NaN, ""source_row_index"": 100, ""original_snippet_id"": ""152""}",,,100
rq0_0290,153,Scalabrino,"public Point getClosestPoint(Point anotherPt) {
        Rectangle r = getBounds();
        int[] xs = {r.x + r.width / 2,
                    r.x + r.width,
                    r.x + r.width / 2,
                    r.x,
                    r.x + r.width / 2,
        };
        int[] ys = {r.y,
                    r.y + r.height / 2,
                    r.y + r.height,
                    r.y + r.height / 2,
                    r.y,
        };
        Point p =
            Geometry.ptClosestTo(
                xs,
                ys,
                5,
                anotherPt);
        return p;
    }",4.333333333333333,1.0831871863305926,0.8148148148148147,readable,readable,high,,java,22,1,2.0,5.0,Code,649b5283fb485007165011f62231d0675e2502b8a97509af8a15464c49450715,f4d1a8c63fa4dcfaf2a278ceebff03a29fb139992e87e3763048430f51a7098b,,,,"{""source_key"": NaN, ""source_path"": NaN, ""source_row_index"": 101, ""original_snippet_id"": ""153""}",,,101
rq0_0291,154,Scalabrino,"protected void modelChanged(PropertyChangeEvent mee) {
        super.modelChanged(mee);
        final Object trCollection = mee.getNewValue();
        final String eName = mee.getPropertyName();
        final Object owner = getOwner();
        /*
         * A Concurrent region cannot have incoming or outgoing transitions so
         * incoming or outgoing transitions are redirected to its concurrent
         * composite state container.
         */
        SwingUtilities.invokeLater(new Runnable() {
            public void run() {
                Object tr = null;
                // TODO: Is this comparison correct?
                // Where is the string created?
                if (eName == ""incoming"") {
                    if (!((Collection) trCollection).isEmpty()) {
                        tr = ((Collection) trCollection).iterator().next();
                    }
                    if (tr != null
                            && Model.getFacade().isATransition(tr)) {
                        Model.getCommonBehaviorHelper().setTarget(tr,
                                Model.getFacade().getContainer(owner));
                    }
                } else if (eName == ""outgoing"") {
                    if (!((Collection) trCollection).isEmpty()) {
                        tr = ((Collection) trCollection).iterator().next();
                    }
                    if (tr != null
                            && Model.getFacade().isATransition(tr))
                    {
                        Model.getStateMachinesHelper().setSource(tr,
                                Model.getFacade().getContainer(owner));
                    }
                }
            }
        });
    }",3.0,-1.0948973180747061,0.37037037037037035,unreadable,unreadable,low,,java,31,10,2.0,4.0,Code,dd3325fb8db9db39ee7cf447a0ba72f320d06e685658c396bb60128bf2da533f,4573b88a32d0db4b7b69bf2244a9a95de41ff5cffccecffa1455138a376bf3d3,,,,"{""source_key"": NaN, ""source_path"": NaN, ""source_row_index"": 102, ""original_snippet_id"": ""154""}",,,102
rq0_0292,155,Scalabrino,"public void setEnclosingFig(Fig encloser) {
        if (getOwner() != null) {
            Object nod = getOwner();
            if (encloser != null) {
                Object comp = encloser.getOwner();
                if (Model.getFacade().isAComponentInstance(comp)) {
                    if (Model.getFacade().getComponentInstance(nod) != comp) {
                        Model.getCommonBehaviorHelper()
                                .setComponentInstance(nod, comp);
                        super.setEnclosingFig(encloser);
                    }
                } else if (Model.getFacade().isANode(comp)) {
                    super.setEnclosingFig(encloser);
                }
            } else if (encloser == null) {
                if (isVisible() 
                        // If we are not visible most likely 
                        // we're being deleted.
                    // TODO: This indicates a more fundamental problem that should
                    // be investigated - tfm - 20061230
                    && Model.getFacade().getComponentInstance(nod) 
                                    != null) {
                    Model.getCommonBehaviorHelper()
                            .setComponentInstance(nod, null);
                    super.setEnclosingFig(encloser);
                }
            }
        }

        if (getLayer() != null) {
            // elementOrdering(figures);
            Collection contents = new ArrayList(getLayer().getContents());
            Iterator it = contents.iterator();
            while (it.hasNext()) {
                Object o = it.next();
                if (o instanceof FigEdgeModelElement) {
                    FigEdgeModelElement figedge = (FigEdgeModelElement) o;
                    figedge.getLayer().bringToFront(figedge);
                }
            }
        }
    }",2.888888888888889,-1.2764043601084811,0.33333333333333326,unreadable,unreadable,low,,java,36,12,1.0,4.0,Code,077151e7d33f52ec255b2ca4c96dfcce9216d956b2390554048b984534da962c,6fb2ec94bf1712c9062acd79e86396382e2aed57d1ed7c5efd8b2c5f77e7197f,,,,"{""source_key"": NaN, ""source_path"": NaN, ""source_row_index"": 103, ""original_snippet_id"": ""155""}",,,103
rq0_0293,156,Scalabrino,"protected Object[] getUmlActions() {
        Object[] actions = {
            getActionPackage(),
            getActionClass(),
            null,
            getAssociationActions(),
            getAggregationActions(),
            getCompositionActions(),
            getActionAssociationEnd(),
            getActionGeneralization(),
            null,
            getActionInterface(),
            getActionRealization(),
            null,
            getDependencyActions(),
            null,
            getActionAttribute(),
            getActionOperation(),
            getActionAssociationClass(),
            null,
            getDataTypeActions(),
        };

        return actions;
    }",3.2222222222222223,-0.731883234007156,0.4444444444444444,unreadable,unreadable,low,,java,24,1,1.0,5.0,Code,6ce65469ac12e060f19a8b737ad2545fe8b79a03172e163872492061e0ccbf22,5bc31fe01a9625934c34e0f8d75d9d77bf6cf6fb301dcb2d6479b0a7b0a3c0a2,,,,"{""source_key"": NaN, ""source_path"": NaN, ""source_row_index"": 104, ""original_snippet_id"": ""156""}",,,104
rq0_0294,157,Scalabrino,"public void buildModel() {
        if (getTarget() != null) {
            Object target = getTarget();
            Object kind = Model.getFacade().getAggregation(target);
            if (kind == null
                    || kind.equals(
                            Model.getAggregationKind().getNone())) {
                setSelected(ActionSetAssociationEndAggregation.NONE_COMMAND);
            } else {
		if (kind.equals(
		        Model.getAggregationKind().getAggregate())) {
		    setSelected(ActionSetAssociationEndAggregation
		            .AGGREGATE_COMMAND);
		} else {
		    if (kind.equals(
		            Model.getAggregationKind()
		            	.getComposite())) {
			setSelected(ActionSetAssociationEndAggregation
			        .COMPOSITE_COMMAND);
		    } else {
		        setSelected(ActionSetAssociationEndAggregation

			        .NONE_COMMAND);
		    }
		}
            }
        }
    }",2.555555555555556,-1.8209254862098054,0.2222222222222223,unreadable,unreadable,low,,java,27,6,2.0,3.0,Code,46cfaea26e68362f846e088b7bf26de5a8af840059e9a145d7dd02d5acf147f2,10b071ac9888d003b3882a219e0df2448da87ba28d729ceabcfa04e93bdec4da,,,,"{""source_key"": NaN, ""source_path"": NaN, ""source_row_index"": 105, ""original_snippet_id"": ""157""}",,,105
rq0_0295,158,Scalabrino,"/**
     * Construct a property panel for Node Instance elements.
     */
    public PropPanelNodeInstance() {
        super(""Node Instance"", lookupIcon(""NodeInstance""),
                ConfigLoader.getTabPropsOrientation());

        addField(Translator.localize(""label.name""), getNameTextField());
        addField(Translator.localize(""label.namespace""),
                getNamespaceSelector());

        addSeparator();

        addField(Translator.localize(""label.stimili-sent""),
                getStimuliSenderScroll());

        addField(Translator.localize(""label.stimili-received""),
                getStimuliReceiverScroll());

        JList resList = new UMLLinkedList(new UMLContainerResidentListModel());
        addField(Translator.localize(""label.residents""),
                new JScrollPane(resList));

        addSeparator();
        AbstractActionAddModelElement a =
            new ActionAddInstanceClassifier(Model.getMetaTypes().getNode());
        JScrollPane classifierScroll =
                new JScrollPane(new UMLMutableLinkedList(
	                new UMLInstanceClassifierListModel(),
	            a, null, null, true));
	addField(Translator.localize(""label.classifiers""),
                    classifierScroll);


        addAction(new ActionNavigateContainerElement());
        addAction(new ActionNewStereotype());
        addAction(getDeleteAction());
    }",2.6666666666666665,-1.639418444176031,0.2592592592592592,unreadable,unreadable,low,,java,27,1,1.0,4.0,Code,b7f2675bee97d71ed37db15e8d72d3b2b9d44f1b4e5359c0bdc60ec9a0247e0b,0deea09767a8f9aa798e0a341fbcac5b2fed0b58c18cd994ea7664f3f73991fa,,,,"{""source_key"": NaN, ""source_path"": NaN, ""source_row_index"": 106, ""original_snippet_id"": ""158""}",,,106
rq0_0296,164,Scalabrino,"/**
	 * Get the value mapped to this key, or null if no value is mapped to this key.
	 *
	 * @param key The cache key
	 *
	 * @return The cached data
	 */
	public final Object get(Object key) {
		try {
			final Element element = getCache().get( key );
			if ( element == null ) {
				return null;
			}
			else {
				return element.getObjectValue();
			}
		}
		catch (net.sf.ehcache.CacheException e) {
			if ( e instanceof NonStopCacheException ) {
				HibernateNonstopCacheExceptionHandler.getInstance()
						.handleNonstopCacheException( (NonStopCacheException) e );
				return null;
			}
			else {
				throw new CacheException( e );
			}
		}
	}",4.222222222222222,0.9016801442968183,0.7777777777777777,readable,readable,high,,java,21,4,3.0,5.0,Code,4c55973c174221fc48e617a370572b0aa7775acf8ce9a2fa4de30a40da847d45,991ce3596515fcd952c48a864f6d5f2834a07209925854fd2f18362f49740253,,,,"{""source_key"": NaN, ""source_path"": NaN, ""source_row_index"": 107, ""original_snippet_id"": ""164""}",,,107
rq0_0297,169,Scalabrino,"@Override
	public boolean equals(Object obj) {
		if ( this == obj ) {
			return true;
		}
		if ( !super.equals( obj ) ) {
			return false;
		}
		if ( getClass() != obj.getClass() ) {
			return false;
		}
		VersionsJoinTableRangeTestAlternateEntity other = (VersionsJoinTableRangeTestAlternateEntity) obj;
		if ( alternateValue == null ) {
			if ( other.alternateValue != null ) {
				return false;
			}
		}
		else if ( !alternateValue.equals( other.alternateValue ) ) {
			return false;
		}
		return true;
	}",4.222222222222222,0.9016801442968183,0.7777777777777777,readable,readable,high,,java,22,7,3.0,5.0,Code,c17233b6f0ff4a22ffdbe6787922af4b7694a5b12069da7f2bb9a012dd9d308f,deb1341cf757683aeea8a4ea0764fd044337336b133835adbc2ac3a0bd6ead66,,,,"{""source_key"": NaN, ""source_path"": NaN, ""source_row_index"": 108, ""original_snippet_id"": ""169""}",,,108
rq0_0298,170,Scalabrino,"private Element createMiddleEntityXml(String auditMiddleTableName, String auditMiddleEntityName, String where) {
		final String schema = mainGenerator.getSchema(
				propertyAuditingData.getJoinTable().schema(),
				propertyValue.getCollectionTable()
		);
		final String catalog = mainGenerator.getCatalog(
				propertyAuditingData.getJoinTable().catalog(),
				propertyValue.getCollectionTable()
		);

		final Element middleEntityXml = MetadataTools.createEntity(
				xmlMappingData.newAdditionalMapping(),
				new AuditTableData( auditMiddleEntityName, auditMiddleTableName, schema, catalog ), null, null
		);
		final Element middleEntityXmlId = middleEntityXml.addElement( ""composite-id"" );

		// If there is a where clause on the relation, adding it to the middle entity.
		if ( where != null ) {
			middleEntityXml.addAttribute( ""where"", where );
		}

		middleEntityXmlId.addAttribute( ""name"", mainGenerator.getVerEntCfg().getOriginalIdPropName() );

		// Adding the revision number as a foreign key to the revision info entity to the composite id of the
		// middle table.
		mainGenerator.addRevisionInfoRelation( middleEntityXmlId );

		// Adding the revision type property to the entity xml.
		mainGenerator.addRevisionType(
				isEmbeddableElementType() ? middleEntityXmlId : middleEntityXml,
				middleEntityXml
		);

		// All other properties should also be part of the primary key of the middle entity.
		return middleEntityXmlId;
	}",3.111111111111111,-0.9133902760409311,0.4074074074074074,unreadable,unreadable,low,,java,25,3,2.0,4.0,Code,873b71cdad29f8812670fcfd82ab82c23dea594786ebd781e30b4468e9c427b8,a1cd612c8b93b763b6ca004593b147d016947d574fd87f07b31221154dfbfb5d,,,,"{""source_key"": NaN, ""source_path"": NaN, ""source_row_index"": 109, ""original_snippet_id"": ""170""}",,,109
rq0_0299,171,Scalabrino,"private void addTransactionFactories(StrategySelectorImpl strategySelector) {
		strategySelector.registerStrategyImplementor( TransactionFactory.class, JdbcTransactionFactory.SHORT_NAME, JdbcTransactionFactory.class );
		strategySelector.registerStrategyImplementor( TransactionFactory.class, ""org.hibernate.transaction.JDBCTransactionFactory"", JdbcTransactionFactory.class );

		strategySelector.registerStrategyImplementor( TransactionFactory.class, JtaTransactionFactory.SHORT_NAME, JtaTransactionFactory.class );
		strategySelector.registerStrategyImplementor( TransactionFactory.class, ""org.hibernate.transaction.JTATransactionFactory"", JtaTransactionFactory.class );

		strategySelector.registerStrategyImplementor( TransactionFactory.class, CMTTransactionFactory.SHORT_NAME, CMTTransactionFactory.class );
		strategySelector.registerStrategyImplementor( TransactionFactory.class, ""org.hibernate.transaction.CMTTransactionFactory"", CMTTransactionFactory.class );
	}",3.888888888888889,0.3571590181954932,0.6666666666666665,readable,discard,mid,,java,8,1,3.0,5.0,Code,bfeb29575b6e9902202c7b1cbbde2aafefaa2a845ae82c19d70c18b7840eb4c2,89e0fe033fb64e40e3e6d25abdccab0ce5821fd03c479fb1f9cd3396582e4690,,,,"{""source_key"": NaN, ""source_path"": NaN, ""source_row_index"": 110, ""original_snippet_id"": ""171""}",,,110
rq0_0300,172,Scalabrino,"@Override
      public String call() throws Exception {
         try {
            if (isTrace)
               log.tracef(""[%s] Wait for all executions paths to be ready to perform calls"", title(warmup));
            barrier.await();

            long start = System.nanoTime();
            int runs = 0;
            if (isTrace)
               log.tracef(""[%s] Start time: %d"", title(warmup), start);

//            while (USE_TIME && PutFromLoadStressTestCase.this.run.get()) {
//               if (runs % 100000 == 0)
//                  log.infof(""[%s] Query run # %d"", title(warmup), runs);
//
////               Customer customer = query();
////               deleteCached(customer);

               queryItems();
//               deleteCachedItems();
//
//               runs++;
//            }
            long end = System.nanoTime();
            long duration = end - start;
            if (isTrace)
               log.tracef(""[%s] End time: %d, duration: %d, runs: %d"",
                     title(warmup), start, duration, runs);

            return opsPerMS(duration, runs);
         } finally {
            if (isTrace)
               log.tracef(""[%s] Wait for all execution paths to finish"", title(warmup));

            barrier.await();
         }
      }",3.6666666666666665,-0.005855065872056767,0.5925925925925924,unreadable,discard,mid,,java,23,5,2.0,5.0,Code,0a465bbfed75909abe3de5e3d384e571c0ffbeef4135748c2979742732241cc9,ae0a213c83fbe8990a0ae169cda4122c2f653b88c57d46051012d1928914fa15,,,,"{""source_key"": NaN, ""source_path"": NaN, ""source_row_index"": 111, ""original_snippet_id"": ""172""}",,,111
rq0_0301,174,Scalabrino,"@Override
	protected void prepareBootstrapRegistryBuilder(BootstrapServiceRegistryBuilder builder) {
		super.prepareBootstrapRegistryBuilder( builder );
		builder.with(
				new Integrator() {

				    @Override
					public void integrate(
							Configuration configuration,
							SessionFactoryImplementor sessionFactory,
							SessionFactoryServiceRegistry serviceRegistry) {
                        integrate(serviceRegistry);
					}

                    @Override
				    public void integrate( MetadataImplementor metadata,
				                           SessionFactoryImplementor sessionFactory,
				                           SessionFactoryServiceRegistry serviceRegistry ) {
                        integrate(serviceRegistry);
				    }

                    private void integrate( SessionFactoryServiceRegistry serviceRegistry ) {
                        serviceRegistry.getService( EventListenerRegistry.class ).prependListeners(EventType.LOAD,
                                                                                                   new CustomLoadListener());
                    }

					@Override
					public void disintegrate(
							SessionFactoryImplementor sessionFactory, SessionFactoryServiceRegistry serviceRegistry) {
					}
				}
		);
	}",3.4444444444444446,-0.36886914993960607,0.5185185185185185,unreadable,discard,mid,,java,29,4,3.0,4.0,Code,f95d61470baeb31e19c89fe567670b863d2133e4f4d8746573c5a4d40a3def6d,592e55dfc433bb111bee0f1c3b56d64d74d3e4e5494fdc6a7fd55ee0a05004b1,,,,"{""source_key"": NaN, ""source_path"": NaN, ""source_row_index"": 112, ""original_snippet_id"": ""174""}",,,112
rq0_0302,182,Scalabrino,"@Override
	protected void applyRootReturnSelectFragments(SelectStatementBuilder selectStatementBuilder) {
		selectStatementBuilder.appendSelectClauseFragment(
			getQueryableCollection().selectFragment(
					getCollectionReferenceAliases().getCollectionTableAlias(),
					getCollectionReferenceAliases().getCollectionColumnAliases().getSuffix()
			)
		);
		if ( getQueryableCollection().isManyToMany() ) {
			final OuterJoinLoadable elementPersister = (OuterJoinLoadable) getQueryableCollection().getElementPersister();
			selectStatementBuilder.appendSelectClauseFragment(
					elementPersister.selectFragment(
							getCollectionReferenceAliases().getElementTableAlias(),
							getCollectionReferenceAliases().getEntityElementAliases().getColumnAliases().getSuffix()
					)
			);
		}
		super.applyRootReturnSelectFragments( selectStatementBuilder );
	}",3.333333333333333,-0.5503761919733818,0.48148148148148134,unreadable,unreadable,low,,java,19,2,1.0,5.0,Code,55b9e2a030f91f9ab301f78d0477a281936eb158d4edd4cea4435234d01b9d3c,51796e81aafebe29cac79a0e92b4bf120e4a95f7c02e60e228c9d8b5af0c96ba,,,,"{""source_key"": NaN, ""source_path"": NaN, ""source_row_index"": 113, ""original_snippet_id"": ""182""}",,,113
rq0_0303,183,Scalabrino,"@Override
	public void startingCollectionElements(CollectionElementDefinition elementDefinition) {
		final Type elementType = elementDefinition.getType();
		log.tracef(
				""%s Starting collection element graph : %s"",
				StringHelper.repeat( "">>"", fetchSourceStack.size() ),
				elementDefinition.getCollectionDefinition().getCollectionPersister().getRole()
		);

		final CollectionReference collectionReference = currentCollection();
		final CollectionFetchableElement elementGraph = collectionReference.getElementGraph();

		if ( elementType.isAssociationType() || elementType.isComponentType() ) {
			if ( elementGraph == null ) {
				throw new IllegalStateException(
						""CollectionReference did not return an expected element graph : "" +
								elementDefinition.getCollectionDefinition().getCollectionPersister().getRole()
				);
			}
			if ( !elementType.isAnyType() ) {
				pushToStack( (ExpandingFetchSource) elementGraph );
			}
		}
		else {
			if ( elementGraph != null ) {
				throw new IllegalStateException(
						""CollectionReference returned an unexpected element graph : "" +
								elementDefinition.getCollectionDefinition().getCollectionPersister().getRole()
				);
			}
		}
	}",3.555555555555556,-0.18736210790583105,0.5555555555555556,unreadable,discard,mid,,java,30,6,2.0,5.0,Code,ea8c51b54207801abcbdc1ca1a172cfe89cc3b8fcd579f82512c46d05a9aa7e2,df621acd2feddb87e7b29ad53cd85adf5a76060420ee9ec29d07066e3686c342,,,,"{""source_key"": NaN, ""source_path"": NaN, ""source_row_index"": 114, ""original_snippet_id"": ""183""}",,,114
rq0_0304,184,Scalabrino,"@Override
	protected void beforeTransactionCommit() {
		transactionCoordinator().sendBeforeTransactionCompletionNotifications( this );

		final boolean flush = ! transactionCoordinator().getTransactionContext().isFlushModeNever() &&
				( isDriver || ! transactionCoordinator().getTransactionContext().isFlushBeforeCompletionEnabled() );

		if ( flush ) {
			// if an exception occurs during flush, user must call rollback()
			transactionCoordinator().getTransactionContext().managedFlush();
		}

		if ( isDriver && isInitiator ) {
			transactionCoordinator().getTransactionContext().beforeTransactionCompletion( this );
		}

		closeIfRequired();
	}",4.222222222222222,0.9016801442968183,0.7777777777777777,readable,readable,high,,java,13,6,3.0,5.0,Code,ce2c5bf69f4894f5e5c8c37a35310c01e5347bffa01900ff00e95d298e3c6d37,dcac2bbbdd61369a3ed64e406d7b746143f10a20bf6f06250b2a899e86a650cb,,,,"{""source_key"": NaN, ""source_path"": NaN, ""source_row_index"": 115, ""original_snippet_id"": ""184""}",,,115
rq0_0305,190,Scalabrino,"protected void resetRegionUsageState(CacheAccessListener localListener, CacheAccessListener remoteListener) {
		String stdName = StandardQueryCache.class.getName();
		String acctName = Account.class.getName();

		localListener.getSawRegionModification( stdName );
		localListener.getSawRegionModification( acctName );

		localListener.getSawRegionAccess( stdName );
		localListener.getSawRegionAccess( acctName );

		remoteListener.getSawRegionModification( stdName );
		remoteListener.getSawRegionModification( acctName );

		remoteListener.getSawRegionAccess( stdName );
		remoteListener.getSawRegionAccess( acctName );

		log.info( ""Region usage state cleared"" );
	}",3.7777777777777777,0.17565197616171824,0.6296296296296295,readable,discard,mid,,java,13,1,1.0,5.0,Code,780d5dd40e217b7a085d4630b5c85fae87e1d9055506ef75a9f4eef5a8e1212e,b02b805a1f1c9e750e525ee51fd256d84fefebf074aa57fa81514b49a492690f,,,,"{""source_key"": NaN, ""source_path"": NaN, ""source_row_index"": 116, ""original_snippet_id"": ""190""}",,,116
rq0_0306,191,Scalabrino,"@Override
	public void configure(Configuration cfg) {
		super.configure( cfg );
		cfg.setProperty( Environment.USE_SECOND_LEVEL_CACHE, ""true"" );
		cfg.setProperty( Environment.GENERATE_STATISTICS, ""true"" );
		cfg.setProperty( Environment.USE_QUERY_CACHE, ""false"" );
		cfg.setProperty( Environment.CACHE_REGION_FACTORY, getCacheRegionFactory().getName() );
		cfg.setProperty( Environment.TRANSACTION_STRATEGY, getTransactionFactoryClass().getName() );
		cfg.getProperties().put( AvailableSettings.JTA_PLATFORM, getJtaPlatform() );
		cfg.setProperty( Environment.CONNECTION_PROVIDER, getConnectionProviderClass().getName() );
	}",4.444444444444445,1.2646942283643683,0.8518518518518519,readable,readable,high,,java,11,1,3.0,5.0,Code,461fbc8aade14906bce0bbbc536b6a9a28340e60ffbaa63818f06b063b220857,60a19ab28d8639e2ffeacfa9007deec3f732bf1544647bf98ccabd49038fbb06,,,,"{""source_key"": NaN, ""source_path"": NaN, ""source_row_index"": 117, ""original_snippet_id"": ""191""}",,,117
rq0_0307,193,Scalabrino,"protected AnnotationInstance parserPrimaryKeyJoinColumnList(List<JaxbPrimaryKeyJoinColumn> primaryKeyJoinColumnList, AnnotationTarget target) {
		if ( MockHelper.isNotEmpty( primaryKeyJoinColumnList ) ) {
			if ( primaryKeyJoinColumnList.size() == 1 ) {
				return parserPrimaryKeyJoinColumn( primaryKeyJoinColumnList.get( 0 ), target );
			}
			else {
				return create(
						PRIMARY_KEY_JOIN_COLUMNS,
						target,
						nestedPrimaryKeyJoinColumnList( ""value"", primaryKeyJoinColumnList, null )
				);
			}
		}

		return null;

	}",3.7777777777777777,0.17565197616171824,0.6296296296296295,readable,discard,mid,,java,15,3,2.0,5.0,Code,3d3cf4b679dcaaef0e99a4a7bc6442ef5ed475d0831842811fb061b5288ab9fd,3ffec836a5f2e6e58c45b9e5f181d9e2823c134817836c874a6c5e8a8c78665f,,,,"{""source_key"": NaN, ""source_path"": NaN, ""source_row_index"": 118, ""original_snippet_id"": ""193""}",,,118
rq0_0308,194,Scalabrino,"public static <T> JaxbRoot<T> unmarshallXml(String fileName, String schemaName, Class<T> clazz, ClassLoaderService classLoaderService)
            throws JAXBException {
        Schema schema = getMappingSchema( schemaName, classLoaderService );
        InputStream in = classLoaderService.locateResourceStream( fileName );
        JAXBContext jc = JAXBContext.newInstance( clazz );
        Unmarshaller unmarshaller = jc.createUnmarshaller();
        unmarshaller.setSchema( schema );
        StreamSource stream = new StreamSource( in );
        JAXBElement<T> elem = unmarshaller.unmarshal( stream, clazz );
        Origin origin = new Origin( null, fileName );
        return new JaxbRoot<T>( elem.getValue(), origin );
    }",3.111111111111111,-0.9133902760409311,0.4074074074074074,unreadable,unreadable,low,,java,12,1,1.0,4.0,Code,932506cc7044adfebe3214822539ab961ffd11c87f73e32c4986c135f1a345a1,c09891dfeb351d42d1e65e53188e8da851a60cb7a4960752dc2d2715ac6ef416,,,,"{""source_key"": NaN, ""source_path"": NaN, ""source_row_index"": 119, ""original_snippet_id"": ""194""}",,,119
rq0_0309,195,Scalabrino,"private AnnotationInstance overrideSchemaCatalogByDefault(AnnotationInstance annotationInstance, EntityMappingsMocker.Default defaults) {
		List<AnnotationValue> newAnnotationValueList = new ArrayList<AnnotationValue>();
		newAnnotationValueList.addAll( annotationInstance.values() );
		boolean schemaDefined = false;
		boolean catalogDefined = false;
		if ( annotationInstance.value( ""schema"" ) != null ) {
			schemaDefined = true;
		}
		if ( annotationInstance.value( ""catalog"" ) != null ) {
			catalogDefined = true;
		}
		if ( schemaDefined && catalogDefined ) {
			return annotationInstance;
		}
		if ( !catalogDefined && StringHelper.isNotEmpty( defaults.getCatalog() ) ) {
			newAnnotationValueList.add(
					AnnotationValue.createStringValue(
							""catalog"", defaults.getCatalog()
					)
			);
		}
		if ( !schemaDefined && StringHelper.isNotEmpty( defaults.getSchema() ) ) {
			newAnnotationValueList.add(
					AnnotationValue.createStringValue(
							""schema"", defaults.getSchema()
					)
			);
		}
		return MockHelper.create(
				annotationInstance.name(),
				annotationInstance.target(),
				MockHelper.toArray( newAnnotationValueList )
		);
	}",3.333333333333333,-0.5503761919733818,0.48148148148148134,unreadable,unreadable,low,,java,34,9,1.0,5.0,Code,e33d5d7921152234de77e9a8840afa2dacd341bed7e4344aba5df7d07d3df2d1,9e8fbeb68ae1efe39bb0d1213d3bde762cd0a0c9a2cdd24ebc4aaddd97891e16,,,,"{""source_key"": NaN, ""source_path"": NaN, ""source_row_index"": 120, ""original_snippet_id"": ""195""}",,,120
rq0_0310,196,Scalabrino,"public AbstractRowReader(ReaderCollector readerCollector) {
		this.entityReferenceInitializers = readerCollector.getEntityReferenceInitializers() != null
				? new ArrayList<EntityReferenceInitializer>( readerCollector.getEntityReferenceInitializers() )
				: Collections.<EntityReferenceInitializer>emptyList();
		this.arrayReferenceInitializers = readerCollector.getArrayReferenceInitializers() != null
				? new ArrayList<CollectionReferenceInitializer>( readerCollector.getArrayReferenceInitializers() )
				: Collections.<CollectionReferenceInitializer>emptyList();
		this.collectionReferenceInitializers = readerCollector.getNonArrayCollectionReferenceInitializers() != null
				? new ArrayList<CollectionReferenceInitializer>( readerCollector.getNonArrayCollectionReferenceInitializers() )
				: Collections.<CollectionReferenceInitializer>emptyList();
	}",2.555555555555556,-1.8209254862098054,0.2222222222222223,unreadable,unreadable,low,,java,11,4,1.0,5.0,Code,3b82663416e34a2dca1a397b2c3fa5f0729fa84319329def542cc901fbcc96ab,f399bc8d507897a78428f7d6e15384e1b0eed55148b606f85b47523a73778f77,,,,"{""source_key"": NaN, ""source_path"": NaN, ""source_row_index"": 121, ""original_snippet_id"": ""196""}",,,121
rq0_0311,197,Scalabrino,"private void resolveEntityKey(
			ResultSet resultSet,
			ResultSetProcessingContextImpl context,
			FetchSource fetchSource,
			Map<EntityReference,EntityReferenceInitializer> initializerByEntityReference) throws SQLException {
		// Resolve any bidirectional entity references first.
		for ( BidirectionalEntityReference bidirectionalEntityReference : fetchSource.getBidirectionalEntityReferences() ) {
			final EntityReferenceInitializer targetEntityReferenceInitializer = initializerByEntityReference.get(
					bidirectionalEntityReference.getTargetEntityReference()
			);
			resolveEntityKey(
					resultSet,
					context,
					targetEntityReferenceInitializer,
					initializerByEntityReference
			);
			targetEntityReferenceInitializer.hydrateEntityState( resultSet, context );
		}
		for ( Fetch fetch : fetchSource.getFetches() ) {
			if ( EntityFetch.class.isInstance( fetch ) ) {
				final EntityFetch entityFetch = (EntityFetch) fetch;
				final EntityReferenceInitializer  entityReferenceInitializer = initializerByEntityReference.get( entityFetch );
				if ( entityReferenceInitializer != null ) {
					resolveEntityKey(
							resultSet,
							context,
							entityReferenceInitializer,
							initializerByEntityReference
					);
					entityReferenceInitializer.hydrateEntityState( resultSet, context );
				}
			}
			else if ( CompositeFetch.class.isInstance( fetch ) ) {
				resolveEntityKey(
						resultSet,
						context,
						(CompositeFetch) fetch,
						initializerByEntityReference );
			}
		}
	}",3.0,-1.0948973180747061,0.37037037037037035,unreadable,unreadable,low,,java,40,2,2.0,4.0,Code,d0066fec94ceb44c33d6b73bc2f8891ad13c6f8fa36ed7170f9fbf8c74023ff0,21f4b768247809a5a09c9090e07ae2ab9c25743508b24fc0ccbde9bf925e8264,,,,"{""source_key"": NaN, ""source_path"": NaN, ""source_row_index"": 122, ""original_snippet_id"": ""197""}",,,122
rq0_0312,198,Scalabrino,"public EntityKey interpretEntityKey(
			SessionImplementor session,
			String optionalEntityName,
			Serializable optionalId,
			Object optionalObject) {
		if ( optionalEntityName != null ) {
			final EntityPersister entityPersister;
			if ( optionalObject != null ) {
				entityPersister = session.getEntityPersister( optionalEntityName, optionalObject );
			}
			else {
				entityPersister = session.getFactory().getEntityPersister( optionalEntityName );
			}
			if ( entityPersister.isInstance( optionalId ) &&
					!entityPersister.getEntityMetamodel().getIdentifierProperty().isVirtual() &&
					entityPersister.getEntityMetamodel().getIdentifierProperty().isEmbedded() ) {
				// non-encapsulated composite identifier
				final Serializable identifierState = ((CompositeType) entityPersister.getIdentifierType()).getPropertyValues(
						optionalId,
						session
				);
				return session.generateEntityKey( identifierState, entityPersister );
			}
			else {
				return session.generateEntityKey( optionalId, entityPersister );
			}
		}
		else {
			return null;
		}
	}",3.0,-1.0948973180747061,0.37037037037037035,unreadable,unreadable,low,,java,30,6,2.0,4.0,Code,cbce19d96f3fe68b311511fffeb4a329a8fc0997430daa8bd68a3fcd6204ca7e,510d5a75b3a16f2f60f0e7b8d4d460fa30901759b9bc91a363f333a1e354fe23,,,,"{""source_key"": NaN, ""source_path"": NaN, ""source_row_index"": 123, ""original_snippet_id"": ""198""}",,,123
