pair_id,language,difficulty,parsed_both,strict_valid,strict_correct,debiased_correct,c_content,first_pos_ab,first_pos_ba,base_valid,base_correct,base_parsefail
full_rq0_seed42__rq0_0000__rq0_0025,java,easy,True,True,True,1.0,-1.25,False,True,True,True,0
full_rq0_seed42__rq0_0000__rq0_0033,java,easy,True,True,False,0.0,-0.5357141494750977,False,True,False,False,0
full_rq0_seed42__rq0_0000__rq0_0128,java,easy,True,True,True,1.0,-1.9642858505249023,False,True,True,True,0
full_rq0_seed42__rq0_0000__rq0_0166,java,easy,True,True,True,1.0,-2.440476417541504,False,True,True,True,0
full_rq0_seed42__rq0_0000__rq0_0207,java,easy,True,True,True,1.0,-1.8452367782592773,False,True,True,True,0
full_rq0_seed42__rq0_0000__rq0_0242,java,easy,True,True,True,1.0,-1.309523582458496,False,True,True,False,0
full_rq0_seed42__rq0_0000__rq0_0279,java,easy,True,True,True,1.0,-1.7857141494750977,False,True,False,False,0
full_rq0_seed42__rq0_0001__rq0_0127,java,easy,True,True,False,0.0,-2.083333969116211,False,True,True,False,0
full_rq0_seed42__rq0_0001__rq0_0153,java,easy,True,True,False,0.0,-1.6666669845581055,False,True,True,False,0
full_rq0_seed42__rq0_0001__rq0_0211,java,easy,True,True,False,0.0,-0.5952377319335938,False,True,False,False,0
full_rq0_seed42__rq0_0001__rq0_0276,java,easy,True,True,False,0.0,-0.47618961334228516,False,True,False,False,0
full_rq0_seed42__rq0_0001__rq0_0311,java,easy,True,True,False,0.0,-0.8333339691162109,False,True,False,False,0
full_rq0_seed42__rq0_0002__rq0_0082,java,easy,True,True,True,1.0,-0.47619056701660156,False,True,False,False,0
full_rq0_seed42__rq0_0002__rq0_0107,java,easy,True,True,True,1.0,-0.2976188659667969,False,True,True,True,0
full_rq0_seed42__rq0_0002__rq0_0134,java,easy,True,False,False,,0.0,True,True,False,False,0
full_rq0_seed42__rq0_0002__rq0_0216,java,easy,True,True,True,1.0,-1.1309528350830078,False,True,False,False,0
full_rq0_seed42__rq0_0002__rq0_0255,java,easy,True,True,True,1.0,-1.8452377319335938,False,True,False,False,0
full_rq0_seed42__rq0_0002__rq0_0282,java,easy,True,True,True,1.0,-1.6666669845581055,False,True,False,False,0
full_rq0_seed42__rq0_0003__rq0_0077,java,easy,True,False,False,,0.0,True,True,True,True,0
full_rq0_seed42__rq0_0003__rq0_0111,java,easy,True,False,False,0.0,-0.059523582458496094,True,True,True,False,0
full_rq0_seed42__rq0_0003__rq0_0269,java,easy,True,True,True,1.0,0.7738094329833984,True,False,True,True,0
full_rq0_seed42__rq0_0004__rq0_0077,java,easy,True,True,True,1.0,1.0119047164916992,True,False,True,True,0
full_rq0_seed42__rq0_0004__rq0_0085,java,easy,True,True,True,1.0,1.4880952835083008,True,False,True,True,0
full_rq0_seed42__rq0_0004__rq0_0088,java,easy,True,True,True,1.0,1.1309528350830078,True,False,True,True,0
full_rq0_seed42__rq0_0004__rq0_0129,java,easy,True,True,True,1.0,1.0714282989501953,True,False,True,True,0
full_rq0_seed42__rq0_0004__rq0_0162,java,easy,True,True,True,1.0,1.0119056701660156,True,False,True,True,0
full_rq0_seed42__rq0_0004__rq0_0299,java,easy,True,False,False,1.0,0.23809528350830078,True,True,True,True,0
full_rq0_seed42__rq0_0005__rq0_0022,java,easy,True,True,True,1.0,-0.41666698455810547,False,True,True,True,0
full_rq0_seed42__rq0_0005__rq0_0042,java,easy,True,True,True,1.0,-0.7738094329833984,False,True,True,True,0
full_rq0_seed42__rq0_0005__rq0_0049,java,easy,True,True,True,1.0,-1.607142448425293,False,True,True,True,0
full_rq0_seed42__rq0_0005__rq0_0080,java,easy,True,True,True,1.0,-2.3214292526245117,False,True,True,True,0
full_rq0_seed42__rq0_0005__rq0_0113,java,easy,True,True,True,1.0,-2.619047164916992,False,True,True,True,0
full_rq0_seed42__rq0_0005__rq0_0130,java,easy,True,True,True,1.0,-2.6785707473754883,False,True,True,True,0
full_rq0_seed42__rq0_0005__rq0_0136,java,easy,True,True,True,1.0,-1.4880952835083008,False,True,True,True,0
full_rq0_seed42__rq0_0005__rq0_0160,java,easy,True,True,True,1.0,-1.0714292526245117,False,True,True,True,0
full_rq0_seed42__rq0_0005__rq0_0204,java,easy,True,True,True,1.0,-2.6785707473754883,False,True,False,False,0
full_rq0_seed42__rq0_0005__rq0_0216,java,easy,True,True,True,1.0,-2.261904716491699,False,True,False,False,0
full_rq0_seed42__rq0_0005__rq0_0246,java,easy,True,True,True,1.0,-2.5,False,True,True,True,0
full_rq0_seed42__rq0_0005__rq0_0300,java,easy,True,True,True,1.0,-1.8452377319335938,False,True,False,False,0
full_rq0_seed42__rq0_0006__rq0_0020,java,easy,True,True,False,0.0,-0.7142858505249023,False,True,True,False,0
full_rq0_seed42__rq0_0006__rq0_0039,java,easy,True,True,True,1.0,1.071427345275879,True,False,True,True,0
full_rq0_seed42__rq0_0006__rq0_0075,java,easy,True,True,False,0.0,-0.47619056701660156,False,True,True,False,0
full_rq0_seed42__rq0_0006__rq0_0120,java,easy,True,True,False,0.0,0.5952386856079102,True,False,False,False,0
full_rq0_seed42__rq0_0007__rq0_0078,java,easy,True,True,True,1.0,-0.7738094329833984,False,True,True,True,0
full_rq0_seed42__rq0_0007__rq0_0227,java,easy,True,True,True,1.0,-1.666666030883789,False,True,True,True,0
full_rq0_seed42__rq0_0007__rq0_0255,java,easy,True,True,True,1.0,-1.8452377319335938,False,True,False,False,0
full_rq0_seed42__rq0_0008__rq0_0026,java,easy,True,False,False,,0.0,False,False,True,True,0
full_rq0_seed42__rq0_0008__rq0_0035,java,easy,True,True,False,0.0,-0.5952377319335938,False,True,True,True,0
full_rq0_seed42__rq0_0008__rq0_0061,java,easy,True,False,False,1.0,0.05952262878417969,False,False,True,True,0
full_rq0_seed42__rq0_0008__rq0_0100,java,easy,True,True,False,0.0,-0.3571434020996094,False,True,True,True,0
full_rq0_seed42__rq0_0008__rq0_0139,java,easy,True,True,False,0.0,-1.7261905670166016,False,True,True,False,0
full_rq0_seed42__rq0_0008__rq0_0237,java,easy,True,True,False,0.0,-0.47618961334228516,False,True,True,True,0
full_rq0_seed42__rq0_0008__rq0_0278,java,easy,True,False,False,,0.0,False,False,True,True,0
full_rq0_seed42__rq0_0008__rq0_0295,java,easy,True,True,False,0.0,-0.7738094329833984,False,True,True,True,0
full_rq0_seed42__rq0_0009__rq0_0080,java,easy,True,False,False,1.0,-0.23809528350830078,True,True,False,False,0
full_rq0_seed42__rq0_0009__rq0_0120,java,easy,True,True,False,0.0,0.9523811340332031,True,False,True,False,0
full_rq0_seed42__rq0_0009__rq0_0151,java,easy,True,True,True,1.0,0.5357141494750977,True,False,True,True,0
full_rq0_seed42__rq0_0009__rq0_0248,java,easy,True,False,False,0.0,0.23809528350830078,True,True,True,False,0
full_rq0_seed42__rq0_0010__rq0_0198,java,easy,True,False,False,0.0,-0.47618961334228516,True,True,True,True,0
full_rq0_seed42__rq0_0010__rq0_0211,java,easy,True,True,False,0.0,-0.6547613143920898,False,True,True,True,0
full_rq0_seed42__rq0_0010__rq0_0217,java,easy,True,True,True,1.0,0.2976198196411133,True,False,True,True,0
full_rq0_seed42__rq0_0010__rq0_0247,java,easy,True,False,False,0.0,-0.2976198196411133,True,True,True,True,0
full_rq0_seed42__rq0_0010__rq0_0266,java,easy,True,True,True,1.0,-1.785715103149414,False,True,True,True,0
full_rq0_seed42__rq0_0010__rq0_0298,java,easy,True,True,False,0.0,-1.0119056701660156,False,True,False,False,0
full_rq0_seed42__rq0_0011__rq0_0048,java,easy,True,True,False,0.0,0.6547622680664062,True,False,False,False,0
full_rq0_seed42__rq0_0011__rq0_0196,java,easy,True,True,True,1.0,0.35714244842529297,True,False,True,True,0
full_rq0_seed42__rq0_0011__rq0_0261,java,easy,True,True,False,0.0,-0.23809528350830078,False,True,True,True,0
full_rq0_seed42__rq0_0011__rq0_0286,java,easy,True,True,True,1.0,0.5357141494750977,True,False,True,True,0
full_rq0_seed42__rq0_0012__rq0_0076,java,easy,True,True,False,0.0,-0.47619056701660156,False,True,True,True,0
full_rq0_seed42__rq0_0012__rq0_0130,java,easy,True,True,False,0.0,-1.4880952835083008,False,True,False,False,0
full_rq0_seed42__rq0_0012__rq0_0149,java,easy,True,True,False,0.0,-1.8452367782592773,False,True,False,False,0
full_rq0_seed42__rq0_0012__rq0_0195,java,easy,True,True,False,0.0,-0.5357151031494141,False,True,False,False,0
full_rq0_seed42__rq0_0012__rq0_0231,java,easy,True,True,False,0.0,-0.5357151031494141,False,True,True,True,0
full_rq0_seed42__rq0_0012__rq0_0241,java,easy,True,False,False,0.0,-0.11904716491699219,True,True,True,True,0
full_rq0_seed42__rq0_0012__rq0_0260,java,easy,True,True,False,0.0,-0.9523811340332031,False,True,True,True,0
full_rq0_seed42__rq0_0013__rq0_0026,java,easy,True,True,False,0.0,1.25,True,False,False,False,0
full_rq0_seed42__rq0_0013__rq0_0041,java,easy,True,True,False,0.0,1.7857141494750977,True,False,True,False,0
full_rq0_seed42__rq0_0013__rq0_0052,java,easy,True,True,False,0.0,0.7738103866577148,True,False,False,False,0
full_rq0_seed42__rq0_0013__rq0_0101,java,easy,True,False,False,1.0,-0.2976198196411133,True,True,False,False,0
full_rq0_seed42__rq0_0013__rq0_0147,java,easy,True,False,False,1.0,-0.05952262878417969,True,True,True,True,0
full_rq0_seed42__rq0_0013__rq0_0169,java,easy,True,True,False,0.0,0.9523811340332031,True,False,False,False,0
full_rq0_seed42__rq0_0013__rq0_0176,java,easy,True,True,False,0.0,0.47619056701660156,True,False,False,False,0
full_rq0_seed42__rq0_0013__rq0_0216,java,easy,True,True,False,0.0,0.47619056701660156,True,False,False,False,0
full_rq0_seed42__rq0_0013__rq0_0246,java,easy,True,False,False,1.0,-0.5357141494750977,True,True,True,True,0
full_rq0_seed42__rq0_0013__rq0_0288,java,easy,True,False,False,0.0,0.1785717010498047,True,True,False,False,0
full_rq0_seed42__rq0_0013__rq0_0308,java,easy,True,True,False,0.0,0.2976188659667969,True,False,False,False,0
full_rq0_seed42__rq0_0014__rq0_0046,java,easy,True,False,False,1.0,-0.17857074737548828,True,True,True,True,0
full_rq0_seed42__rq0_0014__rq0_0049,java,easy,True,True,True,1.0,-0.059523582458496094,False,True,True,True,0
full_rq0_seed42__rq0_0014__rq0_0059,java,easy,True,True,False,0.0,0.5952386856079102,True,False,True,False,0
full_rq0_seed42__rq0_0014__rq0_0078,java,easy,True,False,False,1.0,-0.47619056701660156,True,True,True,True,0
full_rq0_seed42__rq0_0014__rq0_0094,java,easy,True,True,True,1.0,-0.3571434020996094,False,True,True,True,0
full_rq0_seed42__rq0_0014__rq0_0114,java,easy,True,True,True,1.0,-0.9523811340332031,False,True,True,True,0
full_rq0_seed42__rq0_0014__rq0_0124,java,easy,True,True,False,0.0,0.7142858505249023,True,False,False,False,0
full_rq0_seed42__rq0_0014__rq0_0149,java,easy,True,True,False,0.0,-1.8452377319335938,False,True,True,False,0
full_rq0_seed42__rq0_0014__rq0_0215,java,easy,True,True,True,1.0,-1.5476198196411133,False,True,False,False,0
full_rq0_seed42__rq0_0014__rq0_0221,java,easy,True,True,True,1.0,-1.607142448425293,False,True,True,True,0
full_rq0_seed42__rq0_0014__rq0_0248,java,easy,True,True,False,0.0,0.47619056701660156,True,False,False,False,0
full_rq0_seed42__rq0_0015__rq0_0056,java,easy,True,True,False,0.0,-0.3571434020996094,False,True,True,True,0
full_rq0_seed42__rq0_0015__rq0_0084,java,easy,True,True,True,1.0,0.47619056701660156,True,False,True,True,0
full_rq0_seed42__rq0_0015__rq0_0116,java,easy,True,True,False,0.0,-2.380952835083008,False,True,True,False,0
full_rq0_seed42__rq0_0015__rq0_0181,java,easy,True,True,False,0.0,-0.5357151031494141,False,True,True,False,0
full_rq0_seed42__rq0_0015__rq0_0274,java,easy,True,True,False,0.0,-1.0714292526245117,False,True,False,False,0
full_rq0_seed42__rq0_0015__rq0_0283,java,easy,True,True,False,0.0,-2.5,False,True,False,False,0
full_rq0_seed42__rq0_0015__rq0_0291,java,easy,True,True,False,0.0,-1.0714282989501953,False,True,False,False,0
full_rq0_seed42__rq0_0016__rq0_0029,java,easy,True,False,False,1.0,-0.29761791229248047,True,True,True,False,0
full_rq0_seed42__rq0_0016__rq0_0107,java,easy,True,False,False,1.0,-0.17857074737548828,True,True,True,True,0
full_rq0_seed42__rq0_0016__rq0_0169,java,easy,True,True,True,1.0,-0.47619056701660156,False,True,False,False,0
full_rq0_seed42__rq0_0016__rq0_0173,java,easy,True,True,True,1.0,-0.0595245361328125,False,True,True,False,0
full_rq0_seed42__rq0_0016__rq0_0222,java,easy,True,True,True,1.0,-1.6071434020996094,False,True,True,True,0
full_rq0_seed42__rq0_0016__rq0_0238,java,easy,True,True,True,1.0,-0.41666698455810547,False,True,True,False,0
full_rq0_seed42__rq0_0016__rq0_0258,java,easy,True,True,True,1.0,-0.7142858505249023,False,True,True,False,0
full_rq0_seed42__rq0_0016__rq0_0297,java,easy,True,False,False,1.0,-0.892857551574707,True,True,True,True,0
full_rq0_seed42__rq0_0017__rq0_0053,java,easy,True,False,False,0.0,-0.1785717010498047,True,True,True,True,0
full_rq0_seed42__rq0_0017__rq0_0064,java,easy,True,True,False,0.0,-1.4285707473754883,False,True,True,False,0
full_rq0_seed42__rq0_0017__rq0_0251,java,easy,True,True,False,0.0,-1.4285717010498047,False,True,False,False,0
full_rq0_seed42__rq0_0018__rq0_0027,java,easy,True,True,False,0.0,0.47619152069091797,True,False,False,False,0
full_rq0_seed42__rq0_0018__rq0_0056,java,easy,True,True,True,1.0,0.17857074737548828,True,False,False,False,0
full_rq0_seed42__rq0_0018__rq0_0111,java,easy,True,True,False,0.0,-0.2976188659667969,False,True,True,False,0
full_rq0_seed42__rq0_0018__rq0_0114,java,easy,True,True,True,1.0,-1.0119056701660156,False,True,True,True,0
full_rq0_seed42__rq0_0018__rq0_0202,java,easy,True,True,False,0.0,-0.41666603088378906,False,True,False,False,0
full_rq0_seed42__rq0_0018__rq0_0225,java,easy,True,True,False,0.0,-0.41666698455810547,False,True,False,False,0
full_rq0_seed42__rq0_0019__rq0_0276,java,easy,True,True,False,0.0,-2.023808479309082,False,True,False,False,0
full_rq0_seed42__rq0_0020__rq0_0060,java,easy,True,True,False,0.0,1.0119056701660156,True,False,True,False,0
full_rq0_seed42__rq0_0020__rq0_0089,java,easy,True,True,True,1.0,1.5476188659667969,True,False,True,True,0
full_rq0_seed42__rq0_0020__rq0_0109,java,easy,True,True,True,1.0,-0.35714244842529297,False,True,True,False,0
full_rq0_seed42__rq0_0020__rq0_0122,java,easy,True,False,False,1.0,-0.05952262878417969,False,False,True,True,0
full_rq0_seed42__rq0_0020__rq0_0129,java,easy,True,False,False,1.0,-0.23809528350830078,True,True,True,False,0
full_rq0_seed42__rq0_0020__rq0_0144,java,easy,True,True,False,0.0,0.7142858505249023,True,False,True,False,0
full_rq0_seed42__rq0_0020__rq0_0189,java,easy,True,True,False,0.0,0.8333320617675781,True,False,True,False,0
full_rq0_seed42__rq0_0021__rq0_0041,java,easy,True,True,True,1.0,1.1309528350830078,True,False,False,False,0
full_rq0_seed42__rq0_0021__rq0_0064,java,easy,True,False,False,0.0,-0.1190481185913086,True,True,False,False,0
full_rq0_seed42__rq0_0021__rq0_0132,java,easy,True,False,False,0.0,-0.2976198196411133,True,True,True,False,0
full_rq0_seed42__rq0_0021__rq0_0167,java,easy,True,True,False,0.0,-0.41666603088378906,False,True,True,False,0
full_rq0_seed42__rq0_0021__rq0_0218,java,easy,True,True,True,1.0,1.4285717010498047,True,False,False,False,0
full_rq0_seed42__rq0_0021__rq0_0276,java,easy,True,True,True,1.0,0.41666698455810547,True,False,False,False,0
full_rq0_seed42__rq0_0021__rq0_0308,java,easy,True,False,False,0.0,-0.11904716491699219,True,True,False,False,0
full_rq0_seed42__rq0_0022__rq0_0048,java,easy,True,True,True,1.0,-0.8333330154418945,False,True,True,True,0
full_rq0_seed42__rq0_0022__rq0_0149,java,easy,True,True,False,0.0,-2.083333969116211,False,True,True,False,0
full_rq0_seed42__rq0_0022__rq0_0180,java,easy,True,True,False,0.0,-1.7857141494750977,False,True,True,True,0
full_rq0_seed42__rq0_0022__rq0_0208,java,easy,True,True,True,1.0,-1.25,False,True,False,False,0
full_rq0_seed42__rq0_0022__rq0_0217,java,easy,True,True,False,0.0,-0.9523801803588867,False,True,True,True,0
full_rq0_seed42__rq0_0022__rq0_0244,java,easy,True,True,True,1.0,-1.4880952835083008,False,True,True,False,0
full_rq0_seed42__rq0_0022__rq0_0308,java,easy,True,True,False,0.0,-1.0119047164916992,False,True,True,True,0
full_rq0_seed42__rq0_0023__rq0_0100,java,easy,True,False,False,1.0,-0.2976198196411133,False,False,False,False,0
full_rq0_seed42__rq0_0023__rq0_0130,java,easy,True,True,True,1.0,-1.0119047164916992,False,True,True,True,0
full_rq0_seed42__rq0_0023__rq0_0137,java,easy,True,True,True,1.0,-0.8333330154418945,False,True,False,False,0
full_rq0_seed42__rq0_0023__rq0_0160,java,easy,True,False,False,0.0,0.35714244842529297,True,True,True,True,0
full_rq0_seed42__rq0_0023__rq0_0203,java,easy,True,True,True,1.0,-1.9047622680664062,False,True,True,True,0
full_rq0_seed42__rq0_0023__rq0_0214,java,easy,True,True,True,1.0,-0.6547622680664062,False,True,False,False,0
full_rq0_seed42__rq0_0023__rq0_0247,java,easy,True,True,True,1.0,-0.7142858505249023,False,True,False,False,0
full_rq0_seed42__rq0_0023__rq0_0260,java,easy,True,True,True,1.0,-1.0119047164916992,False,True,False,False,0
full_rq0_seed42__rq0_0024__rq0_0058,java,easy,True,True,True,1.0,-1.0119047164916992,False,True,False,False,0
full_rq0_seed42__rq0_0024__rq0_0069,java,easy,True,True,True,1.0,-0.5357131958007812,False,True,True,True,0
full_rq0_seed42__rq0_0024__rq0_0083,java,easy,True,True,True,1.0,-1.25,False,True,True,True,0
full_rq0_seed42__rq0_0024__rq0_0192,java,easy,True,True,True,1.0,-0.8333330154418945,False,True,True,True,0
full_rq0_seed42__rq0_0024__rq0_0206,java,easy,True,True,True,1.0,-2.2023801803588867,False,True,True,True,0
full_rq0_seed42__rq0_0024__rq0_0212,java,easy,True,True,True,1.0,-2.083333969116211,False,True,True,True,0
full_rq0_seed42__rq0_0024__rq0_0246,java,easy,True,True,True,1.0,-2.202381134033203,False,True,True,True,0
full_rq0_seed42__rq0_0024__rq0_0250,java,easy,True,True,True,1.0,-2.3809518814086914,False,True,True,True,0
full_rq0_seed42__rq0_0024__rq0_0259,java,easy,True,True,True,1.0,-1.5476188659667969,False,True,False,False,0
full_rq0_seed42__rq0_0025__rq0_0181,java,easy,True,True,True,1.0,0.5952377319335938,True,False,True,True,0
full_rq0_seed42__rq0_0025__rq0_0281,java,easy,True,True,False,0.0,-0.3571434020996094,False,True,True,True,0
full_rq0_seed42__rq0_0025__rq0_0295,java,easy,True,False,False,0.0,-0.41666603088378906,True,True,True,True,0
full_rq0_seed42__rq0_0026__rq0_0057,java,easy,True,True,True,1.0,-0.35714244842529297,False,True,True,True,0
full_rq0_seed42__rq0_0026__rq0_0087,java,easy,True,False,False,1.0,-0.0595245361328125,True,True,True,True,0
full_rq0_seed42__rq0_0026__rq0_0089,java,easy,True,True,True,1.0,1.4880952835083008,True,False,True,True,0
full_rq0_seed42__rq0_0026__rq0_0115,java,easy,True,True,False,0.0,0.8333320617675781,True,False,True,False,0
full_rq0_seed42__rq0_0027__rq0_0050,java,easy,True,True,False,0.0,-1.190476417541504,False,True,False,False,0
full_rq0_seed42__rq0_0027__rq0_0067,java,easy,True,True,False,0.0,-1.0119056701660156,False,True,True,True,0
full_rq0_seed42__rq0_0027__rq0_0130,java,easy,True,True,False,0.0,-1.8452386856079102,False,True,True,False,0
full_rq0_seed42__rq0_0027__rq0_0165,java,easy,True,True,False,0.0,-0.47618961334228516,False,True,True,False,0
full_rq0_seed42__rq0_0027__rq0_0167,java,easy,True,True,False,0.0,-1.9047613143920898,False,True,True,False,0
full_rq0_seed42__rq0_0027__rq0_0183,java,easy,True,True,False,0.0,-0.7142858505249023,False,True,False,False,0
full_rq0_seed42__rq0_0027__rq0_0233,java,easy,True,True,False,0.0,-1.4880952835083008,False,True,False,False,0
full_rq0_seed42__rq0_0027__rq0_0251,java,easy,True,True,False,0.0,-1.3690471649169922,False,True,False,False,0
full_rq0_seed42__rq0_0027__rq0_0262,java,easy,True,True,False,0.0,-1.4880952835083008,False,True,False,False,0
full_rq0_seed42__rq0_0027__rq0_0308,java,easy,True,True,False,0.0,-0.8333330154418945,False,True,True,False,0
full_rq0_seed42__rq0_0028__rq0_0178,java,easy,True,False,False,1.0,-9.5367431640625e-07,True,True,False,False,0
full_rq0_seed42__rq0_0028__rq0_0184,java,easy,True,True,True,1.0,-0.4166679382324219,False,True,True,True,0
full_rq0_seed42__rq0_0028__rq0_0270,java,easy,True,True,True,1.0,-0.41666698455810547,False,True,True,True,0
full_rq0_seed42__rq0_0028__rq0_0280,java,easy,True,True,True,1.0,-1.190476417541504,False,True,True,True,0
full_rq0_seed42__rq0_0029__rq0_0076,java,easy,True,True,False,0.0,-0.8333330154418945,False,True,True,False,0
full_rq0_seed42__rq0_0029__rq0_0161,java,easy,True,True,False,0.0,0.47619056701660156,True,False,False,False,0
full_rq0_seed42__rq0_0029__rq0_0292,java,easy,True,True,False,0.0,-0.23809528350830078,False,True,False,False,0
full_rq0_seed42__rq0_0030__rq0_0156,java,easy,True,True,False,0.0,-0.6547622680664062,False,True,True,True,0
full_rq0_seed42__rq0_0030__rq0_0159,java,easy,True,True,False,0.0,-1.5476198196411133,False,True,True,False,0
full_rq0_seed42__rq0_0030__rq0_0225,java,easy,True,False,False,0.0,-0.2976188659667969,True,True,True,True,0
full_rq0_seed42__rq0_0030__rq0_0231,java,easy,True,True,False,0.0,-0.5952377319335938,False,True,False,False,0
full_rq0_seed42__rq0_0030__rq0_0257,java,easy,True,False,False,1.0,0.059523582458496094,True,True,True,True,0
full_rq0_seed42__rq0_0031__rq0_0119,java,easy,True,True,True,1.0,0.1785717010498047,True,False,True,True,0
full_rq0_seed42__rq0_0032__rq0_0101,java,easy,True,False,False,0.0,-0.5952377319335938,True,True,True,True,0
full_rq0_seed42__rq0_0032__rq0_0109,java,easy,True,True,True,1.0,0.17857074737548828,True,False,True,True,0
full_rq0_seed42__rq0_0032__rq0_0134,java,easy,True,True,True,1.0,1.3095245361328125,True,False,True,True,0
full_rq0_seed42__rq0_0032__rq0_0176,java,easy,True,True,True,1.0,0.3571434020996094,True,False,True,True,0
full_rq0_seed42__rq0_0032__rq0_0183,java,easy,True,False,False,1.0,0.5357141494750977,True,True,True,True,0
full_rq0_seed42__rq0_0032__rq0_0259,java,easy,True,False,False,1.0,0.1190481185913086,False,False,True,True,0
full_rq0_seed42__rq0_0032__rq0_0301,java,easy,True,False,False,1.0,0.3571434020996094,True,True,True,True,0
full_rq0_seed42__rq0_0033__rq0_0049,java,easy,True,True,True,1.0,-0.5357151031494141,False,True,True,True,0
full_rq0_seed42__rq0_0033__rq0_0065,java,easy,True,True,True,1.0,-0.6547613143920898,False,True,True,True,0
full_rq0_seed42__rq0_0033__rq0_0066,java,easy,True,False,False,1.0,-0.1785717010498047,True,True,True,True,0
full_rq0_seed42__rq0_0033__rq0_0072,java,easy,True,False,False,0.0,0.059523582458496094,True,True,True,False,0
full_rq0_seed42__rq0_0033__rq0_0130,java,easy,True,True,True,1.0,-0.9523811340332031,False,True,True,True,0
full_rq0_seed42__rq0_0033__rq0_0140,java,easy,True,False,False,0.0,0.1190481185913086,False,False,False,False,0
full_rq0_seed42__rq0_0033__rq0_0169,java,easy,True,False,False,1.0,-0.11904716491699219,True,True,False,False,0
full_rq0_seed42__rq0_0033__rq0_0171,java,easy,True,True,True,1.0,-1.0714282989501953,False,True,False,False,0
full_rq0_seed42__rq0_0033__rq0_0210,java,easy,True,True,True,1.0,-0.47619056701660156,False,True,False,False,0
full_rq0_seed42__rq0_0033__rq0_0232,java,easy,True,True,True,1.0,-0.6547622680664062,False,True,False,False,0
full_rq0_seed42__rq0_0033__rq0_0244,java,easy,True,True,True,1.0,-0.6547613143920898,False,True,False,False,0
full_rq0_seed42__rq0_0033__rq0_0257,java,easy,True,False,False,1.0,-0.1785717010498047,True,True,True,False,0
full_rq0_seed42__rq0_0033__rq0_0272,java,easy,True,True,True,1.0,-0.7142848968505859,False,True,False,False,0
full_rq0_seed42__rq0_0034__rq0_0045,java,easy,True,True,True,1.0,-1.1309528350830078,False,True,True,True,0
full_rq0_seed42__rq0_0034__rq0_0046,java,easy,True,True,True,1.0,-0.47618961334228516,False,True,True,True,0
full_rq0_seed42__rq0_0034__rq0_0069,java,easy,True,False,False,,0.0,False,False,True,True,0
full_rq0_seed42__rq0_0034__rq0_0086,java,easy,True,True,True,1.0,-0.47619152069091797,False,True,True,True,0
full_rq0_seed42__rq0_0034__rq0_0167,java,easy,True,True,True,1.0,-1.4285707473754883,False,True,True,True,0
full_rq0_seed42__rq0_0034__rq0_0168,java,easy,True,True,True,1.0,-1.1904773712158203,False,True,True,True,0
full_rq0_seed42__rq0_0034__rq0_0220,java,easy,True,True,True,1.0,-1.666666030883789,False,True,True,True,0
full_rq0_seed42__rq0_0034__rq0_0226,java,easy,True,True,True,1.0,-0.892857551574707,False,True,True,True,0
full_rq0_seed42__rq0_0034__rq0_0266,java,easy,True,True,True,1.0,-2.857142448425293,False,True,True,True,0
full_rq0_seed42__rq0_0034__rq0_0296,java,easy,True,True,True,1.0,-2.3809518814086914,False,True,True,True,0
full_rq0_seed42__rq0_0035__rq0_0069,java,easy,True,True,False,0.0,0.7142858505249023,True,False,True,True,0
full_rq0_seed42__rq0_0035__rq0_0090,java,easy,True,False,False,0.0,0.41666698455810547,False,False,True,True,0
full_rq0_seed42__rq0_0035__rq0_0094,java,easy,True,True,False,0.0,0.0595245361328125,True,False,True,True,0
full_rq0_seed42__rq0_0035__rq0_0161,java,easy,True,True,False,0.0,0.8333339691162109,True,False,True,False,0
full_rq0_seed42__rq0_0035__rq0_0240,java,easy,True,True,True,1.0,-0.9523801803588867,False,True,False,False,0
full_rq0_seed42__rq0_0036__rq0_0089,java,easy,True,True,True,1.0,1.1904773712158203,True,False,True,True,0
full_rq0_seed42__rq0_0036__rq0_0185,java,easy,True,True,True,1.0,-2.1428565979003906,False,True,True,True,0
full_rq0_seed42__rq0_0037__rq0_0087,java,easy,True,False,False,1.0,-0.23809432983398438,True,True,True,True,0
full_rq0_seed42__rq0_0037__rq0_0105,java,easy,True,True,True,1.0,-0.47619152069091797,False,True,True,True,0
full_rq0_seed42__rq0_0037__rq0_0236,java,easy,True,False,False,1.0,-0.35714244842529297,True,True,False,False,0
full_rq0_seed42__rq0_0037__rq0_0266,java,easy,True,True,True,1.0,-1.8452377319335938,False,True,True,True,0
full_rq0_seed42__rq0_0038__rq0_0059,java,easy,True,True,False,0.0,0.8333339691162109,True,False,True,False,0
full_rq0_seed42__rq0_0038__rq0_0178,java,easy,True,True,False,0.0,0.35714244842529297,True,False,True,False,0
full_rq0_seed42__rq0_0038__rq0_0185,java,easy,True,True,True,1.0,-0.8333339691162109,False,True,False,False,0
full_rq0_seed42__rq0_0038__rq0_0226,java,easy,True,True,False,0.0,0.7738094329833984,True,False,False,False,0
full_rq0_seed42__rq0_0038__rq0_0230,java,easy,True,True,False,0.0,0.2976198196411133,True,False,True,False,0
full_rq0_seed42__rq0_0039__rq0_0109,java,easy,True,True,True,1.0,-2.2023820877075195,False,True,True,True,0
full_rq0_seed42__rq0_0039__rq0_0117,java,easy,True,True,True,1.0,-1.1309518814086914,False,True,True,True,0
full_rq0_seed42__rq0_0039__rq0_0199,java,easy,True,True,True,1.0,-2.797618865966797,False,True,True,True,0
full_rq0_seed42__rq0_0039__rq0_0237,java,easy,True,True,True,1.0,-1.3690481185913086,False,True,True,True,0
full_rq0_seed42__rq0_0039__rq0_0270,java,easy,True,True,True,1.0,-2.2023820877075195,False,True,True,True,0
full_rq0_seed42__rq0_0040__rq0_0043,java,easy,True,True,True,1.0,-0.7738103866577148,False,True,False,False,0
full_rq0_seed42__rq0_0041__rq0_0128,java,easy,True,True,True,1.0,-1.9642858505249023,False,True,False,False,0
full_rq0_seed42__rq0_0041__rq0_0149,java,easy,True,True,False,0.0,-1.8452377319335938,False,True,True,False,0
full_rq0_seed42__rq0_0041__rq0_0153,java,easy,True,True,False,0.0,-0.8333330154418945,False,True,True,False,0
full_rq0_seed42__rq0_0041__rq0_0173,java,easy,True,True,False,0.0,0.41666698455810547,True,False,True,False,0
full_rq0_seed42__rq0_0041__rq0_0246,java,easy,True,True,True,1.0,-2.142857551574707,False,True,True,True,0
full_rq0_seed42__rq0_0041__rq0_0287,java,easy,True,True,True,1.0,-1.7857141494750977,False,True,True,True,0
full_rq0_seed42__rq0_0041__rq0_0290,java,easy,True,True,True,1.0,-0.5357141494750977,False,True,False,False,0
full_rq0_seed42__rq0_0041__rq0_0312,java,easy,True,True,False,0.0,-1.607142448425293,False,True,False,False,0
full_rq0_seed42__rq0_0042__rq0_0075,java,easy,True,True,False,0.0,-0.23809528350830078,False,True,True,True,0
full_rq0_seed42__rq0_0042__rq0_0091,java,easy,True,False,False,1.0,0.1190481185913086,False,False,False,False,0
full_rq0_seed42__rq0_0042__rq0_0123,java,easy,True,True,True,1.0,0.2976198196411133,True,False,True,True,0
full_rq0_seed42__rq0_0042__rq0_0179,java,easy,True,True,True,1.0,0.7142858505249023,True,False,True,True,0
full_rq0_seed42__rq0_0042__rq0_0197,java,easy,True,False,False,0.0,-0.2976198196411133,True,True,False,False,0
full_rq0_seed42__rq0_0043__rq0_0100,java,easy,True,True,True,1.0,0.35714244842529297,True,False,True,True,0
full_rq0_seed42__rq0_0043__rq0_0191,java,easy,True,False,False,0.0,-0.17857074737548828,True,True,True,True,0
full_rq0_seed42__rq0_0043__rq0_0237,java,easy,True,False,False,1.0,0.1785717010498047,True,True,True,True,0
full_rq0_seed42__rq0_0043__rq0_0245,java,easy,True,False,False,0.0,-0.5357151031494141,True,True,True,True,0
full_rq0_seed42__rq0_0043__rq0_0262,java,easy,True,False,False,0.0,-0.2380962371826172,True,True,True,True,0
full_rq0_seed42__rq0_0043__rq0_0276,java,easy,True,False,False,1.0,0.2976188659667969,True,True,True,True,0
full_rq0_seed42__rq0_0043__rq0_0285,java,easy,True,False,False,1.0,0.41666698455810547,True,True,True,True,0
full_rq0_seed42__rq0_0044__rq0_0132,java,easy,True,True,False,0.0,-1.190476417541504,False,True,True,False,0
full_rq0_seed42__rq0_0045__rq0_0064,java,easy,True,True,False,0.0,-0.5952377319335938,False,True,False,False,0
full_rq0_seed42__rq0_0045__rq0_0112,java,easy,True,True,False,0.0,-0.8333330154418945,False,True,True,False,0
full_rq0_seed42__rq0_0045__rq0_0298,java,easy,True,True,False,0.0,-0.47619056701660156,False,True,False,False,0
full_rq0_seed42__rq0_0046__rq0_0098,java,easy,True,True,True,1.0,0.11904716491699219,True,False,True,True,0
full_rq0_seed42__rq0_0046__rq0_0214,java,easy,True,True,False,0.0,-1.0714292526245117,False,True,True,True,0
full_rq0_seed42__rq0_0046__rq0_0260,java,easy,True,True,False,0.0,-0.9523801803588867,False,True,True,True,0
full_rq0_seed42__rq0_0046__rq0_0267,java,easy,True,True,True,1.0,0.3571434020996094,True,False,True,True,0
full_rq0_seed42__rq0_0046__rq0_0292,java,easy,True,False,False,1.0,0.059523582458496094,True,True,True,True,0
full_rq0_seed42__rq0_0046__rq0_0311,java,easy,True,True,False,0.0,-0.8333330154418945,False,True,True,True,0
full_rq0_seed42__rq0_0046__rq0_0312,java,easy,True,True,False,0.0,-0.5952386856079102,False,True,True,True,0
full_rq0_seed42__rq0_0047__rq0_0088,java,easy,True,False,False,0.0,-0.059523582458496094,False,False,False,False,0
full_rq0_seed42__rq0_0047__rq0_0095,java,easy,True,True,True,1.0,0.35714244842529297,True,False,True,True,0
full_rq0_seed42__rq0_0047__rq0_0111,java,easy,True,True,False,0.0,-0.17857074737548828,False,True,True,False,0
full_rq0_seed42__rq0_0047__rq0_0142,java,easy,True,True,False,0.0,-1.2499990463256836,False,True,True,True,0
full_rq0_seed42__rq0_0047__rq0_0174,java,easy,True,True,False,0.0,-0.2976188659667969,False,True,True,True,0
full_rq0_seed42__rq0_0047__rq0_0210,java,easy,True,True,False,0.0,-0.5357141494750977,False,True,True,True,0
full_rq0_seed42__rq0_0047__rq0_0212,java,easy,True,True,False,0.0,-1.190476417541504,False,True,True,True,0
full_rq0_seed42__rq0_0047__rq0_0225,java,easy,True,True,False,0.0,-0.35714244842529297,False,True,True,True,0
full_rq0_seed42__rq0_0047__rq0_0247,java,easy,True,True,False,0.0,-0.7738103866577148,False,True,True,True,0
full_rq0_seed42__rq0_0047__rq0_0308,java,easy,True,True,False,0.0,-0.7142858505249023,False,True,True,True,0
full_rq0_seed42__rq0_0048__rq0_0098,java,easy,True,False,False,,0.0,True,True,True,True,0
full_rq0_seed42__rq0_0048__rq0_0169,java,easy,True,False,False,0.0,-0.1190481185913086,True,True,True,True,0
full_rq0_seed42__rq0_0048__rq0_0181,java,easy,True,True,True,1.0,0.2380962371826172,True,False,True,True,0
full_rq0_seed42__rq0_0048__rq0_0219,java,easy,True,False,False,0.0,-0.2380962371826172,True,True,True,True,0
full_rq0_seed42__rq0_0048__rq0_0233,java,easy,True,True,False,0.0,-0.8333330154418945,False,True,True,True,0
full_rq0_seed42__rq0_0048__rq0_0257,java,easy,True,False,False,1.0,0.1190481185913086,True,True,True,True,0
full_rq0_seed42__rq0_0048__rq0_0261,java,easy,True,True,False,0.0,-0.6547613143920898,False,True,True,True,0
full_rq0_seed42__rq0_0048__rq0_0269,java,easy,True,True,True,1.0,0.6547613143920898,True,False,True,True,0
full_rq0_seed42__rq0_0048__rq0_0300,java,easy,True,False,False,0.0,-0.1785717010498047,True,True,True,True,0
full_rq0_seed42__rq0_0048__rq0_0309,java,easy,True,False,False,0.0,-0.5952377319335938,True,True,True,True,0
full_rq0_seed42__rq0_0048__rq0_0312,java,easy,True,True,False,0.0,-0.6547622680664062,False,True,True,True,0
full_rq0_seed42__rq0_0049__rq0_0123,java,easy,True,True,True,1.0,0.5952386856079102,True,False,True,True,0
full_rq0_seed42__rq0_0049__rq0_0180,java,easy,True,True,False,0.0,-1.309523582458496,False,True,True,True,0
full_rq0_seed42__rq0_0049__rq0_0213,java,easy,True,True,True,1.0,0.2976188659667969,True,False,True,True,0
full_rq0_seed42__rq0_0049__rq0_0237,java,easy,True,False,False,1.0,0.05952262878417969,True,True,True,True,0
full_rq0_seed42__rq0_0049__rq0_0301,java,easy,True,True,False,0.0,-0.1785717010498047,False,True,True,True,0
full_rq0_seed42__rq0_0050__rq0_0060,java,easy,True,True,False,0.0,1.3690471649169922,True,False,True,False,0
full_rq0_seed42__rq0_0050__rq0_0062,java,easy,True,True,False,0.0,0.8928565979003906,True,False,False,False,0
full_rq0_seed42__rq0_0050__rq0_0124,java,easy,True,True,False,0.0,0.9523811340332031,True,False,True,False,0
full_rq0_seed42__rq0_0050__rq0_0223,java,easy,True,True,True,1.0,-0.41666698455810547,False,True,False,False,0
full_rq0_seed42__rq0_0050__rq0_0227,java,easy,True,True,True,1.0,-1.0714292526245117,False,True,False,False,0
full_rq0_seed42__rq0_0050__rq0_0243,java,easy,True,False,False,1.0,-0.23809528350830078,True,True,False,False,0
full_rq0_seed42__rq0_0051__rq0_0052,java,easy,True,True,True,1.0,-0.9523811340332031,False,True,True,True,0
full_rq0_seed42__rq0_0051__rq0_0058,java,easy,True,True,True,1.0,-1.1309528350830078,False,True,False,False,0
full_rq0_seed42__rq0_0051__rq0_0122,java,easy,True,True,True,1.0,-0.7142858505249023,False,True,True,True,0
full_rq0_seed42__rq0_0051__rq0_0144,java,easy,True,True,False,0.0,0.11904716491699219,True,False,True,False,0
full_rq0_seed42__rq0_0051__rq0_0194,java,easy,True,True,True,1.0,-1.4285717010498047,False,True,True,True,0
full_rq0_seed42__rq0_0051__rq0_0208,java,easy,True,True,True,1.0,-1.1309518814086914,False,True,False,False,0
full_rq0_seed42__rq0_0051__rq0_0271,java,easy,True,True,True,1.0,-1.0119047164916992,False,True,False,False,0
full_rq0_seed42__rq0_0051__rq0_0282,java,easy,True,True,True,1.0,-1.2500009536743164,False,True,False,False,0
full_rq0_seed42__rq0_0052__rq0_0171,java,easy,True,True,False,0.0,-0.5952386856079102,False,True,True,False,0
full_rq0_seed42__rq0_0052__rq0_0217,java,easy,True,True,True,1.0,0.41666698455810547,True,False,True,True,0
full_rq0_seed42__rq0_0052__rq0_0249,java,easy,True,True,True,1.0,0.5357141494750977,True,False,True,True,0
full_rq0_seed42__rq0_0053__rq0_0062,java,easy,True,True,False,0.0,0.2976188659667969,True,False,True,True,0
full_rq0_seed42__rq0_0053__rq0_0082,java,easy,True,False,False,0.0,0.0595245361328125,True,True,True,False,0
full_rq0_seed42__rq0_0053__rq0_0156,java,easy,True,True,True,1.0,-1.0119047164916992,False,True,False,False,0
full_rq0_seed42__rq0_0053__rq0_0197,java,easy,True,True,True,1.0,-0.2976188659667969,False,True,False,False,0
full_rq0_seed42__rq0_0053__rq0_0206,java,easy,True,True,True,1.0,-1.0714282989501953,False,True,False,False,0
full_rq0_seed42__rq0_0053__rq0_0234,java,easy,True,True,True,1.0,-0.5952367782592773,False,True,True,False,0
full_rq0_seed42__rq0_0053__rq0_0243,java,easy,True,True,True,1.0,-0.7142858505249023,False,True,False,False,0
full_rq0_seed42__rq0_0053__rq0_0266,java,easy,True,True,True,1.0,-2.1428565979003906,False,True,True,True,0
full_rq0_seed42__rq0_0053__rq0_0304,java,easy,True,True,True,1.0,-0.892857551574707,False,True,False,False,0
full_rq0_seed42__rq0_0054__rq0_0095,java,easy,True,True,True,1.0,0.29761791229248047,True,False,True,True,0
full_rq0_seed42__rq0_0054__rq0_0135,java,easy,True,True,False,0.0,-0.17857074737548828,False,True,True,True,0
full_rq0_seed42__rq0_0054__rq0_0276,java,easy,True,True,False,0.0,-0.41666603088378906,False,True,True,True,0
full_rq0_seed42__rq0_0054__rq0_0283,java,easy,True,True,False,0.0,-1.2499990463256836,False,True,True,True,0
full_rq0_seed42__rq0_0054__rq0_0302,java,easy,True,True,False,0.0,-0.8333330154418945,False,True,True,True,0
full_rq0_seed42__rq0_0055__rq0_0089,java,easy,True,True,True,1.0,1.8452367782592773,True,False,True,True,0
full_rq0_seed42__rq0_0055__rq0_0098,java,easy,True,False,False,0.0,-0.1785717010498047,True,True,False,False,0
full_rq0_seed42__rq0_0055__rq0_0127,java,easy,True,True,False,0.0,-1.5476188659667969,False,True,True,False,0
full_rq0_seed42__rq0_0055__rq0_0174,java,easy,True,True,False,0.0,-0.35714244842529297,False,True,True,False,0
full_rq0_seed42__rq0_0055__rq0_0180,java,easy,True,True,False,0.0,-0.8928565979003906,False,True,False,False,0
full_rq0_seed42__rq0_0055__rq0_0182,java,easy,True,False,False,0.0,0.3571434020996094,True,True,True,True,0
full_rq0_seed42__rq0_0055__rq0_0249,java,easy,True,False,False,1.0,0.11904716491699219,True,True,False,False,0
full_rq0_seed42__rq0_0055__rq0_0294,java,easy,True,False,False,0.0,-0.11904716491699219,True,True,False,False,0
full_rq0_seed42__rq0_0056__rq0_0063,java,easy,True,False,False,0.0,0.0595245361328125,True,True,True,True,0
full_rq0_seed42__rq0_0056__rq0_0094,java,easy,True,True,True,1.0,-0.6547613143920898,False,True,True,True,0
full_rq0_seed42__rq0_0056__rq0_0099,java,easy,True,True,True,1.0,-0.892857551574707,False,True,True,True,0
full_rq0_seed42__rq0_0056__rq0_0128,java,easy,True,True,True,1.0,-1.309523582458496,False,True,True,True,0
full_rq0_seed42__rq0_0056__rq0_0140,java,easy,True,True,True,1.0,-0.1785717010498047,False,True,False,False,0
full_rq0_seed42__rq0_0056__rq0_0141,java,easy,True,True,False,0.0,-1.7261905670166016,False,True,True,False,0
full_rq0_seed42__rq0_0056__rq0_0162,java,easy,True,True,True,1.0,-0.23809528350830078,False,True,True,True,0
full_rq0_seed42__rq0_0056__rq0_0192,java,easy,True,True,True,1.0,-1.0119047164916992,False,True,True,True,0
full_rq0_seed42__rq0_0056__rq0_0207,java,easy,True,True,True,1.0,-1.0119056701660156,False,True,True,True,0
full_rq0_seed42__rq0_0056__rq0_0220,java,easy,True,True,True,1.0,-0.9523811340332031,False,True,False,False,0
full_rq0_seed42__rq0_0056__rq0_0280,java,easy,True,True,True,1.0,-1.4880943298339844,False,True,True,True,0
full_rq0_seed42__rq0_0056__rq0_0299,java,easy,True,True,True,1.0,-0.892857551574707,False,True,False,False,0
full_rq0_seed42__rq0_0056__rq0_0300,java,easy,True,True,True,1.0,-0.2976188659667969,False,True,True,True,0
full_rq0_seed42__rq0_0057__rq0_0111,java,easy,True,True,False,0.0,-0.23809432983398438,False,True,False,False,0
full_rq0_seed42__rq0_0057__rq0_0123,java,easy,True,True,True,1.0,0.7738094329833984,True,False,True,True,0
full_rq0_seed42__rq0_0057__rq0_0286,java,easy,True,True,True,1.0,0.41666698455810547,True,False,True,True,0
full_rq0_seed42__rq0_0058__rq0_0138,java,easy,True,True,True,1.0,1.1904754638671875,True,False,False,False,0
full_rq0_seed42__rq0_0058__rq0_0292,java,easy,True,True,True,1.0,0.47619056701660156,True,False,False,False,0
full_rq0_seed42__rq0_0059__rq0_0098,java,easy,True,True,False,0.0,-0.6547613143920898,False,True,True,False,0
full_rq0_seed42__rq0_0059__rq0_0174,java,easy,True,True,False,0.0,-0.8333330154418945,False,True,True,False,0
full_rq0_seed42__rq0_0059__rq0_0225,java,easy,True,True,False,0.0,-0.35714244842529297,False,True,False,False,0
full_rq0_seed42__rq0_0059__rq0_0273,java,easy,True,False,False,0.0,-0.059523582458496094,True,True,False,False,0
full_rq0_seed42__rq0_0059__rq0_0312,java,easy,True,True,False,0.0,-1.25,False,True,False,False,0
full_rq0_seed42__rq0_0060__rq0_0149,java,easy,True,True,False,0.0,-2.142857551574707,False,True,True,False,0
full_rq0_seed42__rq0_0060__rq0_0214,java,easy,True,True,False,0.0,-2.142857551574707,False,True,False,False,0
full_rq0_seed42__rq0_0060__rq0_0277,java,easy,True,True,False,0.0,-1.9047622680664062,False,True,True,False,0
full_rq0_seed42__rq0_0060__rq0_0311,java,easy,True,True,False,0.0,-1.5476198196411133,False,True,False,False,0
full_rq0_seed42__rq0_0060__rq0_0312,java,easy,True,True,False,0.0,-1.9047613143920898,False,True,False,False,0
full_rq0_seed42__rq0_0061__rq0_0069,java,easy,True,False,False,0.0,0.1785726547241211,False,False,True,True,0
full_rq0_seed42__rq0_0061__rq0_0080,java,easy,True,True,True,1.0,-0.8333330154418945,False,True,False,False,0
full_rq0_seed42__rq0_0061__rq0_0092,java,easy,True,True,True,1.0,-0.23809432983398438,False,True,False,False,0
full_rq0_seed42__rq0_0061__rq0_0105,java,easy,True,True,True,1.0,-0.8333330154418945,False,True,True,False,0
full_rq0_seed42__rq0_0061__rq0_0118,java,easy,True,False,False,1.0,-0.1785717010498047,False,False,True,False,0
full_rq0_seed42__rq0_0061__rq0_0128,java,easy,True,True,True,1.0,-1.3095245361328125,False,True,True,False,0
full_rq0_seed42__rq0_0061__rq0_0203,java,easy,True,True,True,1.0,-1.7261905670166016,False,True,True,True,0
full_rq0_seed42__rq0_0061__rq0_0204,java,easy,True,True,True,1.0,-1.8452377319335938,False,True,False,False,0
full_rq0_seed42__rq0_0061__rq0_0209,java,easy,True,True,True,1.0,-1.4880952835083008,False,True,True,True,0
full_rq0_seed42__rq0_0061__rq0_0244,java,easy,True,True,True,1.0,-0.6547622680664062,False,True,True,False,0
full_rq0_seed42__rq0_0061__rq0_0287,java,easy,True,True,True,1.0,-1.8452377319335938,False,True,True,True,0
full_rq0_seed42__rq0_0062__rq0_0171,java,easy,True,True,False,0.0,-0.9523811340332031,False,True,False,False,0
full_rq0_seed42__rq0_0062__rq0_0183,java,easy,True,True,False,0.0,-0.6547613143920898,False,True,False,False,0
full_rq0_seed42__rq0_0062__rq0_0273,java,easy,True,True,False,0.0,-0.8928565979003906,False,True,False,False,0
full_rq0_seed42__rq0_0063__rq0_0076,java,easy,True,True,False,0.0,-0.6547613143920898,False,True,True,True,0
full_rq0_seed42__rq0_0063__rq0_0145,java,easy,True,True,False,0.0,-0.3571434020996094,False,True,True,False,0
full_rq0_seed42__rq0_0063__rq0_0184,java,easy,True,True,True,1.0,-0.5952386856079102,False,True,True,True,0
full_rq0_seed42__rq0_0063__rq0_0310,java,easy,True,False,False,0.0,-0.3571434020996094,True,True,True,True,0
full_rq0_seed42__rq0_0064__rq0_0079,java,easy,True,True,False,0.0,0.7738094329833984,True,False,False,False,0
full_rq0_seed42__rq0_0064__rq0_0106,java,easy,True,True,False,0.0,0.47618961334228516,True,False,True,False,0
full_rq0_seed42__rq0_0064__rq0_0169,java,easy,True,True,False,0.0,0.3571434020996094,True,False,True,False,0
full_rq0_seed42__rq0_0064__rq0_0185,java,easy,True,False,False,1.0,-0.7738103866577148,True,True,True,False,0
full_rq0_seed42__rq0_0064__rq0_0199,java,easy,True,False,False,1.0,-0.35714244842529297,True,True,True,False,0
full_rq0_seed42__rq0_0064__rq0_0226,java,easy,True,True,False,0.0,0.6547622680664062,True,False,True,False,0
full_rq0_seed42__rq0_0064__rq0_0255,java,easy,True,True,True,1.0,-0.9523801803588867,False,True,True,False,0
full_rq0_seed42__rq0_0064__rq0_0259,java,easy,True,False,False,0.0,0.0595245361328125,False,False,True,False,0
full_rq0_seed42__rq0_0064__rq0_0275,java,easy,True,False,False,1.0,-0.2976188659667969,True,True,True,False,0
full_rq0_seed42__rq0_0064__rq0_0280,java,easy,True,False,False,1.0,-0.6547613143920898,True,True,True,True,0
full_rq0_seed42__rq0_0064__rq0_0299,java,easy,True,False,False,1.0,-0.059523582458496094,True,True,True,False,0
full_rq0_seed42__rq0_0064__rq0_0304,java,easy,True,False,False,1.0,-0.41666603088378906,True,True,True,False,0
full_rq0_seed42__rq0_0064__rq0_0306,java,easy,True,False,False,1.0,-0.892857551574707,True,True,True,False,0
full_rq0_seed42__rq0_0065__rq0_0081,java,easy,True,True,True,1.0,0.1785717010498047,True,False,True,True,0
full_rq0_seed42__rq0_0065__rq0_0091,java,easy,True,True,True,1.0,0.23809432983398438,True,False,True,True,0
full_rq0_seed42__rq0_0065__rq0_0121,java,easy,True,True,False,0.0,-1.7857141494750977,False,True,True,False,0
full_rq0_seed42__rq0_0065__rq0_0262,java,easy,True,True,False,0.0,-0.47619056701660156,False,True,True,True,0
full_rq0_seed42__rq0_0066__rq0_0111,java,easy,True,False,False,0.0,-0.3571434020996094,True,True,True,False,0
full_rq0_seed42__rq0_0066__rq0_0183,java,easy,True,True,False,0.0,-0.23809528350830078,False,True,False,False,0
full_rq0_seed42__rq0_0066__rq0_0248,java,easy,True,False,False,0.0,0.7142858505249023,True,True,True,False,0
full_rq0_seed42__rq0_0066__rq0_0298,java,easy,True,True,False,0.0,-1.071427345275879,False,True,True,True,0
full_rq0_seed42__rq0_0067__rq0_0078,java,easy,True,True,True,1.0,-0.47618961334228516,False,True,True,True,0
full_rq0_seed42__rq0_0067__rq0_0114,java,easy,True,True,True,1.0,-0.5952386856079102,False,True,True,True,0
full_rq0_seed42__rq0_0067__rq0_0202,java,easy,True,False,False,0.0,-0.11904716491699219,True,True,False,False,0
full_rq0_seed42__rq0_0067__rq0_0290,java,easy,True,True,False,0.0,0.1190481185913086,True,False,True,True,0
full_rq0_seed42__rq0_0068__rq0_0121,java,easy,True,False,False,1.0,-1.4285717010498047,True,True,True,True,0
full_rq0_seed42__rq0_0068__rq0_0209,java,easy,True,True,True,1.0,-1.0714282989501953,False,True,True,True,0
full_rq0_seed42__rq0_0068__rq0_0248,java,easy,True,True,False,0.0,0.47619056701660156,True,False,False,False,0
full_rq0_seed42__rq0_0068__rq0_0304,java,easy,True,False,False,1.0,-0.5952377319335938,True,True,False,False,0
full_rq0_seed42__rq0_0069__rq0_0091,java,easy,True,True,False,0.0,-0.5952386856079102,False,True,True,True,0
full_rq0_seed42__rq0_0069__rq0_0145,java,easy,True,True,False,0.0,-0.8928565979003906,False,True,True,False,0
full_rq0_seed42__rq0_0069__rq0_0277,java,easy,True,True,False,0.0,-1.309523582458496,False,True,True,True,0
full_rq0_seed42__rq0_0069__rq0_0310,java,easy,True,True,False,0.0,-0.9523811340332031,False,True,True,True,0
full_rq0_seed42__rq0_0070__rq0_0099,java,easy,True,True,True,1.0,-1.1904754638671875,False,True,True,True,0
full_rq0_seed42__rq0_0070__rq0_0146,java,easy,True,False,False,0.0,9.5367431640625e-07,True,True,True,False,0
full_rq0_seed42__rq0_0070__rq0_0220,java,easy,True,True,True,1.0,-1.1309528350830078,False,True,False,False,0
full_rq0_seed42__rq0_0070__rq0_0226,java,easy,True,True,True,1.0,-0.47618961334228516,False,True,False,False,0
full_rq0_seed42__rq0_0070__rq0_0275,java,easy,True,True,True,1.0,-1.3690471649169922,False,True,False,False,0
full_rq0_seed42__rq0_0071__rq0_0089,java,easy,True,True,True,1.0,1.0119037628173828,True,False,True,True,0
full_rq0_seed42__rq0_0071__rq0_0126,java,easy,True,True,True,1.0,-1.309523582458496,False,True,False,False,0
full_rq0_seed42__rq0_0071__rq0_0185,java,easy,True,True,True,1.0,-2.1428565979003906,False,True,True,True,0
full_rq0_seed42__rq0_0071__rq0_0261,java,easy,True,True,False,0.0,-1.309523582458496,False,True,False,False,0
full_rq0_seed42__rq0_0071__rq0_0312,java,easy,True,True,False,0.0,-1.4285707473754883,False,True,False,False,0
full_rq0_seed42__rq0_0072__rq0_0095,java,easy,True,False,False,0.0,-0.059523582458496094,False,False,True,False,0
full_rq0_seed42__rq0_0072__rq0_0190,java,easy,True,True,False,0.0,-1.2500009536743164,False,True,False,False,0
full_rq0_seed42__rq0_0072__rq0_0191,java,easy,True,True,False,0.0,-1.3690471649169922,False,True,False,False,0
full_rq0_seed42__rq0_0072__rq0_0291,java,easy,True,True,False,0.0,-0.8333330154418945,False,True,False,False,0
full_rq0_seed42__rq0_0072__rq0_0301,java,easy,True,True,False,0.0,-0.8333339691162109,False,True,True,False,0
full_rq0_seed42__rq0_0073__rq0_0135,java,easy,True,True,True,1.0,0.5952377319335938,True,False,False,False,0
full_rq0_seed42__rq0_0073__rq0_0173,java,easy,True,True,False,0.0,0.5952377319335938,True,False,True,False,0
full_rq0_seed42__rq0_0073__rq0_0276,java,easy,True,True,True,1.0,0.23809528350830078,True,False,True,True,0
full_rq0_seed42__rq0_0074__rq0_0089,java,easy,True,True,True,1.0,2.202381134033203,True,False,True,True,0
full_rq0_seed42__rq0_0074__rq0_0196,java,easy,True,False,False,1.0,0.11904716491699219,True,True,False,False,0
full_rq0_seed42__rq0_0074__rq0_0295,java,easy,True,True,False,0.0,-0.1785726547241211,False,True,False,False,0
full_rq0_seed42__rq0_0075__rq0_0107,java,easy,True,True,False,0.0,0.1785717010498047,True,False,False,False,0
full_rq0_seed42__rq0_0075__rq0_0143,java,easy,True,True,True,1.0,-0.9523811340332031,False,True,True,True,0
full_rq0_seed42__rq0_0075__rq0_0157,java,easy,True,True,True,1.0,-0.47619056701660156,False,True,False,False,0
full_rq0_seed42__rq0_0075__rq0_0255,java,easy,True,True,True,1.0,-1.4285717010498047,False,True,False,False,0
full_rq0_seed42__rq0_0075__rq0_0257,java,easy,True,False,False,,0.0,False,False,True,False,0
full_rq0_seed42__rq0_0075__rq0_0275,java,easy,True,True,True,1.0,-1.0714282989501953,False,True,False,False,0
full_rq0_seed42__rq0_0075__rq0_0297,java,easy,True,True,True,1.0,-0.5357141494750977,False,True,False,False,0
full_rq0_seed42__rq0_0076__rq0_0092,java,easy,True,False,False,0.0,0.1190481185913086,True,True,True,True,0
full_rq0_seed42__rq0_0076__rq0_0123,java,easy,True,True,False,0.0,1.0119047164916992,True,False,True,False,0
full_rq0_seed42__rq0_0076__rq0_0128,java,easy,True,True,True,1.0,-0.5952386856079102,False,True,False,False,0
full_rq0_seed42__rq0_0076__rq0_0159,java,easy,True,True,True,1.0,-1.3690481185913086,False,True,True,True,0
full_rq0_seed42__rq0_0076__rq0_0166,java,easy,True,True,True,1.0,-1.0119047164916992,False,True,True,True,0
full_rq0_seed42__rq0_0076__rq0_0207,java,easy,True,True,True,1.0,-0.41666698455810547,False,True,False,False,0
full_rq0_seed42__rq0_0077__rq0_0080,java,easy,True,True,True,1.0,-0.892857551574707,False,True,True,True,0
full_rq0_seed42__rq0_0078__rq0_0088,java,easy,True,True,True,1.0,0.47619056701660156,True,False,True,True,0
full_rq0_seed42__rq0_0078__rq0_0090,java,easy,True,True,True,1.0,0.5952377319335938,True,False,True,True,0
full_rq0_seed42__rq0_0078__rq0_0187,java,easy,True,True,True,1.0,1.0119047164916992,True,False,True,True,0
full_rq0_seed42__rq0_0078__rq0_0196,java,easy,True,False,False,1.0,0.23809432983398438,True,True,True,True,0
full_rq0_seed42__rq0_0078__rq0_0240,java,easy,True,False,False,0.0,-0.2976188659667969,True,True,True,True,0
full_rq0_seed42__rq0_0078__rq0_0294,java,easy,True,True,True,1.0,0.47619056701660156,True,False,True,True,0
full_rq0_seed42__rq0_0079__rq0_0095,java,easy,True,True,True,1.0,0.1785717010498047,True,False,True,False,0
full_rq0_seed42__rq0_0079__rq0_0125,java,easy,True,True,False,0.0,-1.6666669845581055,False,True,True,True,0
full_rq0_seed42__rq0_0079__rq0_0186,java,easy,True,True,False,0.0,-1.9047622680664062,False,True,True,False,0
full_rq0_seed42__rq0_0079__rq0_0312,java,easy,True,True,False,0.0,-0.6547613143920898,False,True,True,True,0
full_rq0_seed42__rq0_0080__rq0_0091,java,easy,True,True,True,1.0,0.8333330154418945,True,False,True,True,0
full_rq0_seed42__rq0_0080__rq0_0112,java,easy,True,True,False,0.0,-0.5952377319335938,False,True,True,False,0
full_rq0_seed42__rq0_0080__rq0_0119,java,easy,True,True,True,1.0,0.7142848968505859,True,False,True,True,0
full_rq0_seed42__rq0_0080__rq0_0135,java,easy,True,False,False,1.0,0.2380962371826172,True,True,True,True,0
full_rq0_seed42__rq0_0080__rq0_0198,java,easy,True,False,False,0.0,-0.1785726547241211,True,True,True,True,0
full_rq0_seed42__rq0_0080__rq0_0293,java,easy,True,False,False,0.0,-0.2976188659667969,True,True,True,True,0
full_rq0_seed42__rq0_0081__rq0_0163,java,easy,True,True,False,0.0,0.2976198196411133,True,False,True,False,0
full_rq0_seed42__rq0_0081__rq0_0209,java,easy,True,True,True,1.0,-1.25,False,True,True,True,0
full_rq0_seed42__rq0_0081__rq0_0222,java,easy,True,True,True,1.0,-1.3690471649169922,False,True,True,True,0
full_rq0_seed42__rq0_0081__rq0_0238,java,easy,True,True,False,0.0,0.9523811340332031,True,False,True,False,0
full_rq0_seed42__rq0_0081__rq0_0246,java,easy,True,True,True,1.0,-1.3690471649169922,False,True,True,True,0
full_rq0_seed42__rq0_0082__rq0_0084,java,easy,True,True,True,1.0,1.1309528350830078,True,False,True,True,0
full_rq0_seed42__rq0_0082__rq0_0119,java,easy,True,False,False,1.0,0.17857074737548828,True,True,True,False,0
full_rq0_seed42__rq0_0082__rq0_0198,java,easy,True,True,False,0.0,-1.1309528350830078,False,True,False,False,0
full_rq0_seed42__rq0_0082__rq0_0263,java,easy,True,True,False,0.0,-0.47619056701660156,False,True,False,False,0
full_rq0_seed42__rq0_0082__rq0_0269,java,easy,True,True,True,1.0,0.47618961334228516,True,False,False,False,0
full_rq0_seed42__rq0_0082__rq0_0276,java,easy,True,True,False,0.0,-0.47619056701660156,False,True,False,False,0
full_rq0_seed42__rq0_0082__rq0_0295,java,easy,True,True,False,0.0,-0.9523801803588867,False,True,False,False,0
full_rq0_seed42__rq0_0083__rq0_0097,java,easy,True,True,True,1.0,0.6547622680664062,True,False,True,True,0
full_rq0_seed42__rq0_0083__rq0_0260,java,easy,True,True,False,0.0,-0.2976198196411133,False,True,True,True,0
full_rq0_seed42__rq0_0084__rq0_0087,java,easy,True,True,True,1.0,-2.261904716491699,False,True,True,True,0
full_rq0_seed42__rq0_0084__rq0_0102,java,easy,True,True,True,1.0,-1.25,False,True,False,False,0
full_rq0_seed42__rq0_0084__rq0_0205,java,easy,True,True,True,1.0,-3.2142858505249023,False,True,True,True,0
full_rq0_seed42__rq0_0084__rq0_0287,java,easy,True,True,True,1.0,-3.452381134033203,False,True,True,True,0
full_rq0_seed42__rq0_0085__rq0_0193,java,easy,True,True,True,1.0,-0.6547622680664062,False,True,False,False,0
full_rq0_seed42__rq0_0085__rq0_0227,java,easy,True,True,True,1.0,-1.8452386856079102,False,True,True,True,0
full_rq0_seed42__rq0_0085__rq0_0246,java,easy,True,True,True,1.0,-1.8452386856079102,False,True,True,True,0
full_rq0_seed42__rq0_0086__rq0_0122,java,easy,True,True,True,1.0,-0.6547622680664062,False,True,True,True,0
full_rq0_seed42__rq0_0086__rq0_0173,java,easy,True,False,False,0.0,0.1785726547241211,False,False,True,False,0
full_rq0_seed42__rq0_0086__rq0_0177,java,easy,True,True,True,1.0,-1.25,False,True,False,False,0
full_rq0_seed42__rq0_0087__rq0_0106,java,easy,True,False,False,0.0,-0.35714149475097656,True,True,True,True,0
full_rq0_seed42__rq0_0087__rq0_0134,java,easy,True,False,False,1.0,0.3571434020996094,True,True,True,True,0
full_rq0_seed42__rq0_0087__rq0_0158,java,easy,True,True,True,1.0,0.8333330154418945,True,False,True,True,0
full_rq0_seed42__rq0_0087__rq0_0179,java,easy,True,True,True,1.0,0.7738094329833984,True,False,True,True,0
full_rq0_seed42__rq0_0087__rq0_0298,java,easy,True,True,False,0.0,-0.9523811340332031,False,True,True,True,0
full_rq0_seed42__rq0_0088__rq0_0170,java,easy,True,True,True,1.0,0.5357141494750977,True,False,True,True,0
full_rq0_seed42__rq0_0089__rq0_0104,java,easy,True,True,True,1.0,-2.8571434020996094,False,True,True,True,0
full_rq0_seed42__rq0_0089__rq0_0131,java,easy,True,True,True,1.0,-1.3690471649169922,False,True,True,True,0
full_rq0_seed42__rq0_0089__rq0_0146,java,easy,True,True,True,1.0,-0.892857551574707,False,True,False,False,0
full_rq0_seed42__rq0_0089__rq0_0157,java,easy,True,True,True,1.0,-1.8452377319335938,False,True,True,True,0
full_rq0_seed42__rq0_0089__rq0_0189,java,easy,True,True,True,1.0,-0.8928565979003906,False,True,False,False,0
full_rq0_seed42__rq0_0089__rq0_0238,java,easy,True,True,True,1.0,-1.9642858505249023,False,True,False,False,0
full_rq0_seed42__rq0_0089__rq0_0253,java,easy,True,True,True,1.0,-1.25,False,True,False,False,0
full_rq0_seed42__rq0_0089__rq0_0259,java,easy,True,True,True,1.0,-2.797618865966797,False,True,False,False,0
full_rq0_seed42__rq0_0091__rq0_0123,java,easy,True,True,False,0.0,0.3571434020996094,True,False,False,False,0
full_rq0_seed42__rq0_0091__rq0_0131,java,easy,True,False,False,1.0,-0.1190481185913086,True,True,False,False,0
full_rq0_seed42__rq0_0091__rq0_0140,java,easy,True,False,False,1.0,-9.5367431640625e-07,False,False,False,False,0
full_rq0_seed42__rq0_0091__rq0_0156,java,easy,True,True,True,1.0,-1.1309518814086914,False,True,False,False,0
full_rq0_seed42__rq0_0091__rq0_0188,java,easy,True,True,True,1.0,-1.3690481185913086,False,True,True,True,0
full_rq0_seed42__rq0_0091__rq0_0204,java,easy,True,True,True,1.0,-1.6071434020996094,False,True,True,True,0
full_rq0_seed42__rq0_0092__rq0_0132,java,easy,True,True,False,0.0,-0.47618961334228516,False,True,False,False,0
full_rq0_seed42__rq0_0092__rq0_0160,java,easy,True,True,True,1.0,0.47618961334228516,True,False,True,True,0
full_rq0_seed42__rq0_0092__rq0_0249,java,easy,True,True,True,1.0,0.2976188659667969,True,False,True,True,0
full_rq0_seed42__rq0_0093__rq0_0286,java,easy,True,True,True,1.0,1.3690481185913086,True,False,True,True,0
full_rq0_seed42__rq0_0094__rq0_0098,java,easy,True,True,True,1.0,0.1785717010498047,True,False,True,True,0
full_rq0_seed42__rq0_0094__rq0_0110,java,easy,True,True,True,1.0,1.6666669845581055,True,False,True,True,0
full_rq0_seed42__rq0_0094__rq0_0111,java,easy,True,False,False,1.0,0.1190481185913086,True,True,True,True,0
full_rq0_seed42__rq0_0094__rq0_0127,java,easy,True,True,False,0.0,-1.3690481185913086,False,True,False,False,0
full_rq0_seed42__rq0_0094__rq0_0174,java,easy,True,False,False,1.0,0.0595245361328125,True,True,True,True,0
full_rq0_seed42__rq0_0094__rq0_0183,java,easy,True,True,True,1.0,0.2976198196411133,True,False,True,True,0
full_rq0_seed42__rq0_0094__rq0_0200,java,easy,True,True,False,0.0,-0.6547613143920898,False,True,True,True,0
full_rq0_seed42__rq0_0094__rq0_0292,java,easy,True,False,False,1.0,0.23809432983398438,True,True,True,True,0
full_rq0_seed42__rq0_0095__rq0_0140,java,easy,True,False,False,0.0,0.11904716491699219,False,False,True,False,0
full_rq0_seed42__rq0_0095__rq0_0173,java,easy,True,True,False,0.0,0.11904716491699219,True,False,True,False,0
full_rq0_seed42__rq0_0095__rq0_0234,java,easy,True,True,True,1.0,-0.6547622680664062,False,True,True,False,0
full_rq0_seed42__rq0_0095__rq0_0310,java,easy,True,True,False,0.0,-0.47619056701660156,False,True,True,True,0
full_rq0_seed42__rq0_0096__rq0_0137,java,easy,True,True,True,1.0,-1.1309528350830078,False,True,False,False,0
full_rq0_seed42__rq0_0097__rq0_0220,java,easy,True,True,True,1.0,-1.25,False,True,False,False,0
full_rq0_seed42__rq0_0097__rq0_0275,java,easy,True,True,True,1.0,-1.0714292526245117,False,True,True,True,0
full_rq0_seed42__rq0_0098__rq0_0101,java,easy,True,True,True,1.0,-1.2500009536743164,False,True,False,False,0
full_rq0_seed42__rq0_0098__rq0_0115,java,easy,True,True,False,0.0,1.190476417541504,True,False,True,False,0
full_rq0_seed42__rq0_0098__rq0_0259,java,easy,True,True,True,1.0,-0.5357141494750977,False,True,True,False,0
full_rq0_seed42__rq0_0099__rq0_0135,java,easy,True,True,True,1.0,0.7738094329833984,True,False,True,True,0
full_rq0_seed42__rq0_0099__rq0_0149,java,easy,True,False,False,0.0,-0.5952386856079102,True,True,True,False,0
full_rq0_seed42__rq0_0099__rq0_0225,java,easy,True,True,True,1.0,0.5952377319335938,True,False,True,True,0
full_rq0_seed42__rq0_0100__rq0_0152,java,easy,True,True,False,0.0,-0.8333339691162109,False,True,True,False,0
full_rq0_seed42__rq0_0100__rq0_0192,java,easy,True,True,True,1.0,-0.3571434020996094,False,True,True,True,0
full_rq0_seed42__rq0_0100__rq0_0224,java,easy,True,True,True,1.0,-1.785715103149414,False,True,True,True,0
full_rq0_seed42__rq0_0100__rq0_0249,java,easy,True,True,True,1.0,0.23809528350830078,True,False,False,False,0
full_rq0_seed42__rq0_0100__rq0_0250,java,easy,True,True,True,1.0,-1.6071434020996094,False,True,True,True,0
full_rq0_seed42__rq0_0101__rq0_0133,java,easy,True,True,False,0.0,1.309523582458496,True,False,False,False,0
full_rq0_seed42__rq0_0101__rq0_0154,java,easy,True,True,False,0.0,1.3690471649169922,True,False,True,False,0
full_rq0_seed42__rq0_0101__rq0_0161,java,easy,True,True,False,0.0,1.9642858505249023,True,False,True,False,0
full_rq0_seed42__rq0_0101__rq0_0246,java,easy,True,False,False,1.0,-0.11904716491699219,True,True,True,True,0
full_rq0_seed42__rq0_0101__rq0_0279,java,easy,True,True,False,0.0,0.47619056701660156,True,False,True,False,0
full_rq0_seed42__rq0_0102__rq0_0158,java,easy,True,True,True,1.0,0.9523811340332031,True,False,True,True,0
full_rq0_seed42__rq0_0102__rq0_0211,java,easy,True,True,False,0.0,-0.773808479309082,False,True,True,False,0
full_rq0_seed42__rq0_0102__rq0_0217,java,easy,True,True,False,0.0,-0.8928565979003906,False,True,False,False,0
full_rq0_seed42__rq0_0103__rq0_0139,java,easy,True,True,False,0.0,-0.7142858505249023,False,True,True,False,0
full_rq0_seed42__rq0_0103__rq0_0170,java,easy,True,True,True,1.0,0.6547613143920898,True,False,False,False,0
full_rq0_seed42__rq0_0103__rq0_0171,java,easy,True,False,False,1.0,0.0595245361328125,True,True,True,False,0
full_rq0_seed42__rq0_0103__rq0_0241,java,easy,True,False,False,0.0,-0.1190481185913086,False,False,False,False,0
full_rq0_seed42__rq0_0103__rq0_0282,java,easy,True,True,True,1.0,-0.35714244842529297,False,True,False,False,0
full_rq0_seed42__rq0_0104__rq0_0128,java,easy,True,False,False,1.0,-0.11904716491699219,True,True,True,True,0
full_rq0_seed42__rq0_0104__rq0_0138,java,easy,True,True,True,1.0,1.6666669845581055,True,False,True,True,0
full_rq0_seed42__rq0_0104__rq0_0304,java,easy,True,False,False,1.0,-0.47619056701660156,True,True,False,False,0
full_rq0_seed42__rq0_0105__rq0_0149,java,easy,True,True,False,0.0,-0.8333320617675781,False,True,True,False,0
full_rq0_seed42__rq0_0105__rq0_0190,java,easy,True,False,False,1.0,0.23809528350830078,True,True,False,False,0
full_rq0_seed42__rq0_0106__rq0_0145,java,easy,True,True,False,0.0,-0.35714244842529297,False,True,True,False,0
full_rq0_seed42__rq0_0106__rq0_0174,java,easy,True,True,False,0.0,-0.5952377319335938,False,True,True,False,0
full_rq0_seed42__rq0_0106__rq0_0276,java,easy,True,False,False,1.0,0.1190481185913086,True,True,False,False,0
full_rq0_seed42__rq0_0106__rq0_0295,java,easy,True,True,False,0.0,-0.41666698455810547,False,True,True,False,0
full_rq0_seed42__rq0_0108__rq0_0151,java,easy,True,True,False,0.0,-0.17857074737548828,False,True,False,False,0
full_rq0_seed42__rq0_0108__rq0_0173,java,easy,True,True,True,1.0,-0.3571434020996094,False,True,True,False,0
full_rq0_seed42__rq0_0108__rq0_0202,java,easy,True,True,False,0.0,-1.25,False,True,False,False,0
full_rq0_seed42__rq0_0108__rq0_0275,java,easy,True,True,True,1.0,-1.8452386856079102,False,True,False,False,0
full_rq0_seed42__rq0_0108__rq0_0278,java,easy,True,False,False,,0.0,True,True,False,False,0
full_rq0_seed42__rq0_0108__rq0_0295,java,easy,True,True,False,0.0,-0.892857551574707,False,True,True,False,0
full_rq0_seed42__rq0_0109__rq0_0196,java,easy,True,True,True,1.0,0.11904716491699219,True,False,True,True,0
full_rq0_seed42__rq0_0109__rq0_0232,java,easy,True,True,False,0.0,-0.2380962371826172,False,True,False,False,0
full_rq0_seed42__rq0_0109__rq0_0244,java,easy,True,False,False,0.0,0.059523582458496094,True,True,True,False,0
full_rq0_seed42__rq0_0109__rq0_0266,java,easy,True,True,True,1.0,-1.4285707473754883,False,True,True,True,0
full_rq0_seed42__rq0_0109__rq0_0298,java,easy,True,True,False,0.0,-0.41666603088378906,False,True,False,False,0
full_rq0_seed42__rq0_0110__rq0_0126,java,easy,True,True,True,1.0,-1.9047613143920898,False,True,False,False,0
full_rq0_seed42__rq0_0110__rq0_0138,java,easy,True,True,False,0.0,-0.5357141494750977,False,True,True,False,0
full_rq0_seed42__rq0_0110__rq0_0168,java,easy,True,True,True,1.0,-2.202381134033203,False,True,True,True,0
full_rq0_seed42__rq0_0110__rq0_0294,java,easy,True,True,False,0.0,-1.7857141494750977,False,True,False,False,0
full_rq0_seed42__rq0_0111__rq0_0116,java,easy,True,True,True,1.0,-0.7142848968505859,False,True,False,False,0
full_rq0_seed42__rq0_0111__rq0_0159,java,easy,True,True,True,1.0,-1.1309528350830078,False,True,True,True,0
full_rq0_seed42__rq0_0111__rq0_0190,java,easy,True,False,False,1.0,-0.0595245361328125,True,True,True,False,0
full_rq0_seed42__rq0_0111__rq0_0214,java,easy,True,True,True,1.0,-0.9523811340332031,False,True,False,False,0
full_rq0_seed42__rq0_0111__rq0_0215,java,easy,True,True,True,1.0,-1.0714282989501953,False,True,False,False,0
full_rq0_seed42__rq0_0111__rq0_0222,java,easy,True,True,True,1.0,-1.0714282989501953,False,True,True,False,0
full_rq0_seed42__rq0_0111__rq0_0229,java,easy,True,False,False,1.0,-0.1190481185913086,False,False,False,False,0
full_rq0_seed42__rq0_0111__rq0_0262,java,easy,True,True,True,1.0,-0.47619152069091797,False,True,True,False,0
full_rq0_seed42__rq0_0111__rq0_0265,java,easy,True,True,True,1.0,-0.35714244842529297,False,True,False,False,0
full_rq0_seed42__rq0_0111__rq0_0303,java,easy,True,True,True,1.0,-0.4166679382324219,False,True,False,False,0
full_rq0_seed42__rq0_0111__rq0_0311,java,easy,True,True,True,1.0,-0.8333330154418945,False,True,False,False,0
full_rq0_seed42__rq0_0112__rq0_0250,java,easy,True,True,True,1.0,-0.1785717010498047,False,True,False,False,0
full_rq0_seed42__rq0_0113__rq0_0128,java,easy,True,True,False,0.0,0.6547613143920898,True,False,True,False,0
full_rq0_seed42__rq0_0113__rq0_0149,java,easy,True,True,True,1.0,0.2976188659667969,True,False,True,True,0
full_rq0_seed42__rq0_0113__rq0_0218,java,easy,True,True,True,1.0,2.4404754638671875,True,False,True,True,0
full_rq0_seed42__rq0_0113__rq0_0221,java,easy,True,True,False,0.0,0.23809528350830078,True,False,False,False,0
full_rq0_seed42__rq0_0113__rq0_0244,java,easy,True,True,False,0.0,1.0119056701660156,True,False,True,False,0
full_rq0_seed42__rq0_0113__rq0_0271,java,easy,True,True,False,0.0,0.9523811340332031,True,False,True,False,0
full_rq0_seed42__rq0_0113__rq0_0295,java,easy,True,True,True,1.0,1.0714282989501953,True,False,True,True,0
full_rq0_seed42__rq0_0114__rq0_0200,java,easy,True,False,False,1.0,0.1785717010498047,True,True,True,True,0
full_rq0_seed42__rq0_0114__rq0_0210,java,easy,True,True,True,1.0,0.5952377319335938,True,False,True,True,0
full_rq0_seed42__rq0_0114__rq0_0310,java,easy,True,False,False,1.0,0.1190481185913086,True,True,True,True,0
full_rq0_seed42__rq0_0115__rq0_0149,java,easy,True,True,False,0.0,-1.4285707473754883,False,True,True,False,0
full_rq0_seed42__rq0_0115__rq0_0231,java,easy,True,True,False,0.0,-1.4285717010498047,False,True,True,False,0
full_rq0_seed42__rq0_0115__rq0_0233,java,easy,True,True,False,0.0,-1.4285717010498047,False,True,True,False,0
full_rq0_seed42__rq0_0115__rq0_0258,java,easy,True,True,False,0.0,-0.7738094329833984,False,True,False,False,0
full_rq0_seed42__rq0_0115__rq0_0283,java,easy,True,True,False,0.0,-2.202381134033203,False,True,False,False,0
full_rq0_seed42__rq0_0115__rq0_0292,java,easy,True,True,False,0.0,-0.5952386856079102,False,True,False,False,0
full_rq0_seed42__rq0_0115__rq0_0310,java,easy,True,True,False,0.0,-0.9523801803588867,False,True,False,False,0
full_rq0_seed42__rq0_0116__rq0_0290,java,easy,True,True,False,0.0,1.0119056701660156,True,False,False,False,0
full_rq0_seed42__rq0_0117__rq0_0285,java,easy,True,True,False,0.0,-0.41666698455810547,False,True,True,True,0
full_rq0_seed42__rq0_0117__rq0_0312,java,easy,True,True,False,0.0,-0.8928565979003906,False,True,False,False,0
full_rq0_seed42__rq0_0118__rq0_0171,java,easy,True,True,False,0.0,-1.2499990463256836,False,True,False,False,0
full_rq0_seed42__rq0_0118__rq0_0263,java,easy,True,False,False,0.0,-0.1785717010498047,False,False,False,False,0
full_rq0_seed42__rq0_0118__rq0_0293,java,easy,True,True,False,0.0,-0.7738094329833984,False,True,True,False,0
full_rq0_seed42__rq0_0119__rq0_0122,java,easy,True,True,True,1.0,-0.47618961334228516,False,True,False,False,0
full_rq0_seed42__rq0_0119__rq0_0178,java,easy,True,True,True,1.0,-0.41666603088378906,False,True,False,False,0
full_rq0_seed42__rq0_0120__rq0_0131,java,easy,True,True,False,0.0,-0.7142858505249023,False,True,True,False,0
full_rq0_seed42__rq0_0120__rq0_0141,java,easy,True,True,False,0.0,-2.8571434020996094,False,True,True,False,0
full_rq0_seed42__rq0_0120__rq0_0142,java,easy,True,True,False,0.0,-2.3214292526245117,False,True,True,False,0
full_rq0_seed42__rq0_0120__rq0_0183,java,easy,True,True,False,0.0,-1.0119047164916992,False,True,True,False,0
full_rq0_seed42__rq0_0120__rq0_0198,java,easy,True,True,False,0.0,-1.964284896850586,False,True,False,False,0
full_rq0_seed42__rq0_0120__rq0_0216,java,easy,True,True,False,0.0,-1.25,False,True,False,False,0
full_rq0_seed42__rq0_0120__rq0_0260,java,easy,True,True,False,0.0,-2.261904716491699,False,True,False,False,0
full_rq0_seed42__rq0_0120__rq0_0292,java,easy,True,True,False,0.0,-1.0119047164916992,False,True,False,False,0
full_rq0_seed42__rq0_0121__rq0_0168,java,easy,True,False,False,0.0,0.892857551574707,True,True,False,False,0
full_rq0_seed42__rq0_0121__rq0_0220,java,easy,True,False,False,0.0,0.1785717010498047,True,True,True,False,0
full_rq0_seed42__rq0_0121__rq0_0279,java,easy,True,True,False,0.0,1.0714282989501953,True,False,True,False,0
full_rq0_seed42__rq0_0121__rq0_0296,java,easy,True,False,False,0.0,1.0119047164916992,True,True,True,False,0
full_rq0_seed42__rq0_0122__rq0_0139,java,easy,True,True,False,0.0,-1.1309518814086914,False,True,False,False,0
full_rq0_seed42__rq0_0122__rq0_0198,java,easy,True,True,False,0.0,-0.2976188659667969,False,True,True,True,0
full_rq0_seed42__rq0_0122__rq0_0225,java,easy,True,False,False,1.0,0.17857074737548828,False,False,True,True,0
full_rq0_seed42__rq0_0122__rq0_0239,java,easy,True,True,False,0.0,-1.0119047164916992,False,True,False,False,0
full_rq0_seed42__rq0_0123__rq0_0135,java,easy,True,True,False,0.0,-0.7142848968505859,False,True,False,False,0
full_rq0_seed42__rq0_0123__rq0_0145,java,easy,True,True,False,0.0,-0.5952377319335938,False,True,True,False,0
full_rq0_seed42__rq0_0123__rq0_0149,java,easy,True,True,False,0.0,-2.142857551574707,False,True,True,False,0
full_rq0_seed42__rq0_0123__rq0_0154,java,easy,True,True,True,1.0,-0.3571434020996094,False,True,True,True,0
full_rq0_seed42__rq0_0123__rq0_0168,java,easy,True,True,True,1.0,-1.3690481185913086,False,True,True,True,0
full_rq0_seed42__rq0_0123__rq0_0173,java,easy,True,False,False,1.0,-0.17857074737548828,False,False,True,False,0
full_rq0_seed42__rq0_0123__rq0_0248,java,easy,True,True,True,1.0,-0.47619152069091797,False,True,True,True,0
full_rq0_seed42__rq0_0124__rq0_0158,java,easy,True,True,True,1.0,1.1309528350830078,True,False,True,True,0
full_rq0_seed42__rq0_0124__rq0_0187,java,easy,True,False,False,,0.0,False,False,True,True,0
full_rq0_seed42__rq0_0124__rq0_0245,java,easy,True,True,False,0.0,-1.6071434020996094,False,True,False,False,0
full_rq0_seed42__rq0_0125__rq0_0134,java,easy,True,False,False,0.0,0.5357141494750977,True,True,True,False,0
full_rq0_seed42__rq0_0125__rq0_0160,java,easy,True,True,False,0.0,0.7142858505249023,True,False,True,True,0
full_rq0_seed42__rq0_0125__rq0_0178,java,easy,True,True,False,0.0,0.3571434020996094,True,False,True,True,0
full_rq0_seed42__rq0_0125__rq0_0200,java,easy,True,False,False,1.0,-0.23809432983398438,True,True,True,True,0
full_rq0_seed42__rq0_0125__rq0_0300,java,easy,True,True,False,0.0,1.1309528350830078,True,False,True,True,0
full_rq0_seed42__rq0_0126__rq0_0134,java,easy,True,True,True,1.0,1.0119056701660156,True,False,False,False,0
full_rq0_seed42__rq0_0126__rq0_0145,java,easy,True,True,True,1.0,0.47618961334228516,True,False,True,False,0
full_rq0_seed42__rq0_0126__rq0_0149,java,easy,True,False,False,0.0,-0.6547622680664062,True,True,True,False,0
full_rq0_seed42__rq0_0126__rq0_0169,java,easy,True,True,True,1.0,0.1190481185913086,True,False,False,False,0
full_rq0_seed42__rq0_0126__rq0_0238,java,easy,True,True,True,1.0,1.0119037628173828,True,False,False,False,0
full_rq0_seed42__rq0_0126__rq0_0269,java,easy,True,True,True,1.0,1.5476188659667969,True,False,False,False,0
full_rq0_seed42__rq0_0126__rq0_0278,java,easy,True,True,True,1.0,0.8928585052490234,True,False,False,False,0
full_rq0_seed42__rq0_0127__rq0_0133,java,easy,True,False,False,0.0,1.1309528350830078,True,True,True,False,0
full_rq0_seed42__rq0_0127__rq0_0169,java,easy,True,True,False,0.0,1.5476198196411133,True,False,True,False,0
full_rq0_seed42__rq0_0127__rq0_0182,java,easy,True,True,False,0.0,2.083332061767578,True,False,True,False,0
full_rq0_seed42__rq0_0127__rq0_0222,java,easy,True,False,False,0.0,0.23809432983398438,True,True,True,False,0
full_rq0_seed42__rq0_0127__rq0_0275,java,easy,True,True,False,0.0,1.0714292526245117,True,False,True,False,0
full_rq0_seed42__rq0_0128__rq0_0219,java,easy,True,True,True,1.0,0.6547622680664062,True,False,False,False,0
full_rq0_seed42__rq0_0128__rq0_0310,java,easy,True,True,True,1.0,0.7142858505249023,True,False,True,True,0
full_rq0_seed42__rq0_0129__rq0_0195,java,easy,True,True,False,0.0,-0.41666603088378906,False,True,False,False,0
full_rq0_seed42__rq0_0129__rq0_0244,java,easy,True,True,True,1.0,-0.7142848968505859,False,True,False,False,0
full_rq0_seed42__rq0_0129__rq0_0311,java,easy,True,True,False,0.0,-0.7142858505249023,False,True,False,False,0
full_rq0_seed42__rq0_0130__rq0_0141,java,easy,True,False,False,0.0,-0.17857074737548828,True,True,True,True,0
full_rq0_seed42__rq0_0130__rq0_0161,java,easy,True,True,False,0.0,1.190476417541504,True,False,True,False,0
full_rq0_seed42__rq0_0130__rq0_0215,java,easy,True,False,False,1.0,-0.23809528350830078,True,True,False,False,0
full_rq0_seed42__rq0_0130__rq0_0288,java,easy,True,True,False,0.0,0.41666698455810547,True,False,True,False,0
full_rq0_seed42__rq0_0131__rq0_0170,java,easy,True,True,True,1.0,0.47618961334228516,True,False,True,True,0
full_rq0_seed42__rq0_0131__rq0_0196,java,easy,True,True,False,0.0,-0.2976198196411133,False,True,True,True,0
full_rq0_seed42__rq0_0131__rq0_0198,java,easy,True,True,False,0.0,-0.47619056701660156,False,True,True,False,0
full_rq0_seed42__rq0_0131__rq0_0202,java,easy,True,True,False,0.0,-0.1785717010498047,False,True,True,True,0
full_rq0_seed42__rq0_0132__rq0_0149,java,easy,True,True,False,0.0,-0.7738103866577148,False,True,False,False,0
full_rq0_seed42__rq0_0132__rq0_0194,java,easy,True,False,False,0.0,0.1190481185913086,True,True,True,False,0
full_rq0_seed42__rq0_0132__rq0_0203,java,easy,True,False,False,1.0,-0.8333339691162109,True,True,True,True,0
full_rq0_seed42__rq0_0132__rq0_0282,java,easy,True,False,False,0.0,0.1785726547241211,True,True,True,False,0
full_rq0_seed42__rq0_0133__rq0_0276,java,easy,True,True,True,1.0,0.7142868041992188,True,False,True,True,0
full_rq0_seed42__rq0_0134__rq0_0151,java,easy,True,False,False,0.0,-0.0595245361328125,True,True,True,True,0
full_rq0_seed42__rq0_0134__rq0_0153,java,easy,True,True,False,0.0,-1.0119047164916992,False,True,True,False,0
full_rq0_seed42__rq0_0135__rq0_0299,java,easy,True,False,False,1.0,-0.23809528350830078,False,False,False,False,0
full_rq0_seed42__rq0_0136__rq0_0261,java,easy,True,False,False,,0.0,True,True,True,True,0
full_rq0_seed42__rq0_0137__rq0_0278,java,easy,True,True,True,1.0,0.9523811340332031,True,False,False,False,0
full_rq0_seed42__rq0_0138__rq0_0193,java,easy,True,True,True,1.0,-0.8333339691162109,False,True,False,False,0
full_rq0_seed42__rq0_0138__rq0_0215,java,easy,True,True,True,1.0,-1.8452386856079102,False,True,True,True,0
full_rq0_seed42__rq0_0138__rq0_0219,java,easy,True,True,True,1.0,-1.1309528350830078,False,True,False,False,0
full_rq0_seed42__rq0_0138__rq0_0236,java,easy,True,True,True,1.0,-0.8333330154418945,False,True,False,False,0
full_rq0_seed42__rq0_0138__rq0_0239,java,easy,True,True,True,1.0,-1.7857141494750977,False,True,True,True,0
full_rq0_seed42__rq0_0138__rq0_0284,java,easy,True,True,True,1.0,-1.4880943298339844,False,True,False,False,0
full_rq0_seed42__rq0_0138__rq0_0308,java,easy,True,True,True,1.0,-1.0119056701660156,False,True,True,True,0
full_rq0_seed42__rq0_0139__rq0_0146,java,easy,True,True,False,0.0,1.190476417541504,True,False,True,False,0
full_rq0_seed42__rq0_0139__rq0_0265,java,easy,True,True,False,0.0,0.5357131958007812,True,False,False,False,0
full_rq0_seed42__rq0_0139__rq0_0279,java,easy,True,True,False,0.0,0.5952377319335938,True,False,False,False,0
full_rq0_seed42__rq0_0140__rq0_0260,java,easy,True,True,False,0.0,-1.1904754638671875,False,True,False,False,0
full_rq0_seed42__rq0_0140__rq0_0276,java,easy,True,True,False,0.0,-0.47618961334228516,False,True,True,False,0
full_rq0_seed42__rq0_0141__rq0_0215,java,easy,True,False,False,1.0,-9.5367431640625e-07,True,True,False,False,0
full_rq0_seed42__rq0_0141__rq0_0262,java,easy,True,True,False,0.0,1.1904754638671875,True,False,True,False,0
full_rq0_seed42__rq0_0141__rq0_0303,java,easy,True,True,False,0.0,0.7738094329833984,True,False,True,False,0
full_rq0_seed42__rq0_0142__rq0_0211,java,easy,True,True,True,1.0,0.35714244842529297,True,False,True,True,0
full_rq0_seed42__rq0_0142__rq0_0251,java,easy,True,False,False,0.0,-0.0595245361328125,False,False,False,False,0
full_rq0_seed42__rq0_0143__rq0_0267,java,easy,True,True,True,1.0,2.0238094329833984,True,False,True,True,0
full_rq0_seed42__rq0_0144__rq0_0202,java,easy,True,True,False,0.0,-0.6547622680664062,False,True,False,False,0
full_rq0_seed42__rq0_0144__rq0_0249,java,easy,True,True,False,0.0,-0.23809528350830078,False,True,False,False,0
full_rq0_seed42__rq0_0145__rq0_0147,java,easy,True,True,True,1.0,-0.773808479309082,False,True,True,True,0
full_rq0_seed42__rq0_0145__rq0_0159,java,easy,True,True,True,1.0,-0.9523811340332031,False,True,False,False,0
full_rq0_seed42__rq0_0145__rq0_0240,java,easy,True,True,True,1.0,-0.5357151031494141,False,True,True,False,0
full_rq0_seed42__rq0_0146__rq0_0291,java,easy,True,True,False,0.0,-0.7738094329833984,False,True,False,False,0
full_rq0_seed42__rq0_0147__rq0_0196,java,easy,True,False,False,1.0,0.5357141494750977,True,True,True,True,0
full_rq0_seed42__rq0_0147__rq0_0210,java,easy,True,True,True,1.0,0.47618961334228516,True,False,True,True,0
full_rq0_seed42__rq0_0147__rq0_0286,java,easy,True,True,True,1.0,1.1309528350830078,True,False,True,True,0
full_rq0_seed42__rq0_0148__rq0_0150,java,easy,True,True,False,0.0,0.47619152069091797,True,False,False,False,0
full_rq0_seed42__rq0_0148__rq0_0158,java,easy,True,True,True,1.0,0.9523801803588867,True,False,True,True,0
full_rq0_seed42__rq0_0148__rq0_0161,java,easy,True,True,True,1.0,-0.2976198196411133,False,True,False,False,0
full_rq0_seed42__rq0_0148__rq0_0296,java,easy,True,True,True,1.0,-1.6071434020996094,False,True,True,True,0
full_rq0_seed42__rq0_0148__rq0_0297,java,easy,True,True,True,1.0,-1.4880962371826172,False,True,True,True,0
full_rq0_seed42__rq0_0149__rq0_0206,java,easy,True,False,False,0.0,0.41666603088378906,True,True,True,False,0
full_rq0_seed42__rq0_0149__rq0_0275,java,easy,True,False,False,0.0,0.3571434020996094,True,True,True,False,0
full_rq0_seed42__rq0_0149__rq0_0297,java,easy,True,True,False,0.0,0.7738103866577148,True,False,True,True,0
full_rq0_seed42__rq0_0149__rq0_0299,java,easy,True,True,False,0.0,0.6547622680664062,True,False,False,False,0
full_rq0_seed42__rq0_0149__rq0_0301,java,easy,True,True,False,0.0,0.5357141494750977,True,False,True,False,0
full_rq0_seed42__rq0_0150__rq0_0171,java,easy,True,True,False,0.0,-2.3809518814086914,False,True,True,False,0
full_rq0_seed42__rq0_0150__rq0_0202,java,easy,True,True,False,0.0,-2.023810386657715,False,True,False,False,0
full_rq0_seed42__rq0_0150__rq0_0229,java,easy,True,True,False,0.0,-1.9047613143920898,False,True,True,False,0
full_rq0_seed42__rq0_0150__rq0_0232,java,easy,True,True,False,0.0,-2.0833330154418945,False,True,True,False,0
full_rq0_seed42__rq0_0150__rq0_0241,java,easy,True,True,False,0.0,-1.25,False,True,False,False,0
full_rq0_seed42__rq0_0150__rq0_0263,java,easy,True,True,False,0.0,-1.0119047164916992,False,True,False,False,0
full_rq0_seed42__rq0_0150__rq0_0274,java,easy,True,True,False,0.0,-1.309523582458496,False,True,True,False,0
full_rq0_seed42__rq0_0150__rq0_0277,java,easy,True,True,False,0.0,-2.380952835083008,False,True,True,False,0
full_rq0_seed42__rq0_0150__rq0_0283,java,easy,True,True,False,0.0,-2.738095283508301,False,True,False,False,0
full_rq0_seed42__rq0_0150__rq0_0284,java,easy,True,True,False,0.0,-2.5,False,True,True,False,0
full_rq0_seed42__rq0_0151__rq0_0157,java,easy,True,True,True,1.0,-1.3690481185913086,False,True,True,True,0
full_rq0_seed42__rq0_0151__rq0_0177,java,easy,True,True,True,1.0,-2.1428565979003906,False,True,True,True,0
full_rq0_seed42__rq0_0151__rq0_0255,java,easy,True,True,True,1.0,-2.1428565979003906,False,True,True,True,0
full_rq0_seed42__rq0_0151__rq0_0275,java,easy,True,True,True,1.0,-1.3690471649169922,False,True,True,True,0
full_rq0_seed42__rq0_0152__rq0_0157,java,easy,True,True,False,0.0,0.23809528350830078,True,False,False,False,0
full_rq0_seed42__rq0_0152__rq0_0239,java,easy,True,True,True,1.0,-0.11904716491699219,False,True,False,False,0
full_rq0_seed42__rq0_0152__rq0_0258,java,easy,True,True,False,0.0,0.8928565979003906,True,False,True,False,0
full_rq0_seed42__rq0_0152__rq0_0269,java,easy,True,True,False,0.0,1.25,True,False,True,False,0
full_rq0_seed42__rq0_0152__rq0_0305,java,easy,True,False,False,0.0,0.11904621124267578,True,True,False,False,0
full_rq0_seed42__rq0_0153__rq0_0234,java,easy,True,True,False,0.0,0.35714244842529297,True,False,True,False,0
full_rq0_seed42__rq0_0153__rq0_0236,java,easy,True,True,False,0.0,0.17857074737548828,True,False,True,False,0
full_rq0_seed42__rq0_0154__rq0_0186,java,easy,True,True,False,0.0,-1.6666669845581055,False,True,True,False,0
full_rq0_seed42__rq0_0154__rq0_0228,java,easy,True,True,False,0.0,-0.3571434020996094,False,True,False,False,0
full_rq0_seed42__rq0_0154__rq0_0231,java,easy,True,True,False,0.0,-0.8333330154418945,False,True,True,False,0
full_rq0_seed42__rq0_0154__rq0_0311,java,easy,True,True,False,0.0,-0.9523801803588867,False,True,False,False,0
full_rq0_seed42__rq0_0155__rq0_0180,java,easy,True,True,False,0.0,-0.7142858505249023,False,True,True,True,0
full_rq0_seed42__rq0_0155__rq0_0182,java,easy,True,True,False,0.0,0.23809432983398438,True,False,False,False,0
full_rq0_seed42__rq0_0155__rq0_0217,java,easy,True,False,False,0.0,-0.2976188659667969,False,False,True,True,0
full_rq0_seed42__rq0_0155__rq0_0274,java,easy,True,False,False,,0.0,True,True,True,True,0
full_rq0_seed42__rq0_0155__rq0_0281,java,easy,True,True,False,0.0,-0.5952377319335938,False,True,True,True,0
full_rq0_seed42__rq0_0155__rq0_0285,java,easy,True,True,False,0.0,-0.2976198196411133,False,True,True,True,0
full_rq0_seed42__rq0_0155__rq0_0311,java,easy,True,True,False,0.0,-0.7142858505249023,False,True,True,True,0
full_rq0_seed42__rq0_0156__rq0_0208,java,easy,True,False,False,1.0,-0.0595245361328125,True,True,False,False,0
full_rq0_seed42__rq0_0156__rq0_0231,java,easy,True,False,False,1.0,0.1785717010498047,True,True,False,False,0
full_rq0_seed42__rq0_0156__rq0_0287,java,easy,True,False,False,1.0,-0.47619056701660156,True,True,True,True,0
full_rq0_seed42__rq0_0157__rq0_0180,java,easy,True,True,False,0.0,-0.2380962371826172,False,True,True,False,0
full_rq0_seed42__rq0_0157__rq0_0182,java,easy,True,True,False,0.0,0.5952377319335938,True,False,True,True,0
full_rq0_seed42__rq0_0157__rq0_0285,java,easy,True,True,False,0.0,-0.23809528350830078,False,True,True,True,0
full_rq0_seed42__rq0_0158__rq0_0159,java,easy,True,True,True,1.0,-2.9166669845581055,False,True,True,True,0
full_rq0_seed42__rq0_0158__rq0_0186,java,easy,True,True,True,1.0,-2.3809518814086914,False,True,True,True,0
full_rq0_seed42__rq0_0158__rq0_0222,java,easy,True,True,True,1.0,-2.619047164916992,False,True,True,True,0
full_rq0_seed42__rq0_0158__rq0_0259,java,easy,True,True,True,1.0,-2.3214282989501953,False,True,True,True,0
full_rq0_seed42__rq0_0158__rq0_0307,java,easy,True,True,True,1.0,-2.2023801803588867,False,True,True,True,0
full_rq0_seed42__rq0_0159__rq0_0195,java,easy,True,True,True,1.0,1.25,True,False,True,True,0
full_rq0_seed42__rq0_0159__rq0_0208,java,easy,True,True,False,0.0,1.0119047164916992,True,False,True,False,0
full_rq0_seed42__rq0_0160__rq0_0185,java,easy,True,True,True,1.0,-1.190476417541504,False,True,False,False,0
full_rq0_seed42__rq0_0160__rq0_0203,java,easy,True,True,True,1.0,-1.607142448425293,False,True,True,True,0
full_rq0_seed42__rq0_0160__rq0_0292,java,easy,True,False,False,0.0,-0.35714244842529297,True,True,True,True,0
full_rq0_seed42__rq0_0161__rq0_0171,java,easy,True,True,False,0.0,-1.1309528350830078,False,True,True,False,0
full_rq0_seed42__rq0_0161__rq0_0231,java,easy,True,True,False,0.0,-1.0119056701660156,False,True,True,False,0
full_rq0_seed42__rq0_0161__rq0_0278,java,easy,True,False,False,1.0,0.0595245361328125,False,False,False,False,0
full_rq0_seed42__rq0_0162__rq0_0217,java,easy,True,True,False,0.0,-0.1190481185913086,False,True,True,True,0
full_rq0_seed42__rq0_0162__rq0_0225,java,easy,True,True,False,0.0,-0.47618961334228516,False,True,False,False,0
full_rq0_seed42__rq0_0163__rq0_0202,java,easy,True,True,False,0.0,-0.23809528350830078,False,True,False,False,0
full_rq0_seed42__rq0_0163__rq0_0254,java,easy,True,True,False,0.0,-0.7738094329833984,False,True,False,False,0
full_rq0_seed42__rq0_0163__rq0_0292,java,easy,True,False,False,1.0,0.0595245361328125,True,True,False,False,0
full_rq0_seed42__rq0_0163__rq0_0302,java,easy,True,True,False,0.0,-0.6547622680664062,False,True,False,False,0
full_rq0_seed42__rq0_0164__rq0_0216,java,easy,True,True,True,1.0,-0.41666698455810547,False,True,True,False,0
full_rq0_seed42__rq0_0165__rq0_0288,java,easy,True,True,True,1.0,-0.9523811340332031,False,True,True,False,0
full_rq0_seed42__rq0_0166__rq0_0282,java,easy,True,False,False,0.0,0.35714244842529297,True,True,True,False,0
full_rq0_seed42__rq0_0166__rq0_0283,java,easy,True,False,False,1.0,0.059523582458496094,False,False,True,True,0
full_rq0_seed42__rq0_0166__rq0_0286,java,easy,True,True,True,1.0,0.8333330154418945,True,False,True,True,0
full_rq0_seed42__rq0_0166__rq0_0312,java,easy,True,True,True,1.0,0.1785717010498047,True,False,False,False,0
full_rq0_seed42__rq0_0167__rq0_0202,java,easy,True,True,True,1.0,0.5357131958007812,True,False,True,True,0
full_rq0_seed42__rq0_0167__rq0_0248,java,easy,True,True,False,0.0,1.0119037628173828,True,False,True,False,0
full_rq0_seed42__rq0_0167__rq0_0282,java,easy,True,False,False,1.0,-0.11904716491699219,True,True,True,False,0
full_rq0_seed42__rq0_0168__rq0_0229,java,easy,True,False,False,1.0,0.059523582458496094,True,True,True,True,0
full_rq0_seed42__rq0_0168__rq0_0249,java,easy,True,True,True,1.0,0.47618961334228516,True,False,True,True,0
full_rq0_seed42__rq0_0168__rq0_0263,java,easy,True,True,True,1.0,0.41666698455810547,True,False,True,True,0
full_rq0_seed42__rq0_0168__rq0_0310,java,easy,True,False,False,1.0,0.17857074737548828,True,True,True,True,0
full_rq0_seed42__rq0_0169__rq0_0221,java,easy,True,True,True,1.0,-0.8928565979003906,False,True,True,True,0
full_rq0_seed42__rq0_0169__rq0_0312,java,easy,True,True,False,0.0,-0.2976188659667969,False,True,False,False,0
full_rq0_seed42__rq0_0170__rq0_0219,java,easy,True,True,True,1.0,-0.892857551574707,False,True,True,True,0
full_rq0_seed42__rq0_0170__rq0_0266,java,easy,True,True,True,1.0,-2.5,False,True,True,True,0
full_rq0_seed42__rq0_0170__rq0_0271,java,easy,True,True,True,1.0,-1.071427345275879,False,True,False,False,0
full_rq0_seed42__rq0_0170__rq0_0303,java,easy,True,True,True,1.0,-1.1904773712158203,False,True,True,True,0
full_rq0_seed42__rq0_0170__rq0_0306,java,easy,True,True,True,1.0,-2.202381134033203,False,True,False,False,0
full_rq0_seed42__rq0_0171__rq0_0197,java,easy,True,True,False,0.0,0.5357151031494141,True,False,False,False,0
full_rq0_seed42__rq0_0173__rq0_0195,java,easy,True,True,False,0.0,-0.7738094329833984,False,True,True,False,0
full_rq0_seed42__rq0_0173__rq0_0201,java,easy,True,True,False,0.0,-1.4285707473754883,False,True,True,False,0
full_rq0_seed42__rq0_0173__rq0_0210,java,easy,True,True,False,0.0,-0.892857551574707,False,True,True,False,0
full_rq0_seed42__rq0_0173__rq0_0261,java,easy,True,True,False,0.0,-1.4285707473754883,False,True,True,False,0
full_rq0_seed42__rq0_0173__rq0_0278,java,easy,True,False,False,0.0,-0.1785726547241211,False,False,True,False,0
full_rq0_seed42__rq0_0174__rq0_0190,java,easy,True,False,False,0.0,0.1190481185913086,True,True,True,False,0
full_rq0_seed42__rq0_0174__rq0_0253,java,easy,True,True,False,0.0,0.3571434020996094,True,False,True,False,0
full_rq0_seed42__rq0_0174__rq0_0262,java,easy,True,True,True,1.0,-0.1785717010498047,False,True,True,False,0
full_rq0_seed42__rq0_0174__rq0_0287,java,easy,True,True,True,1.0,-0.892857551574707,False,True,True,True,0
full_rq0_seed42__rq0_0175__rq0_0235,java,easy,True,True,True,1.0,-0.41666698455810547,False,True,True,False,0
full_rq0_seed42__rq0_0175__rq0_0304,java,easy,True,False,False,1.0,-0.1785717010498047,True,True,True,False,0
full_rq0_seed42__rq0_0176__rq0_0221,java,easy,True,True,True,1.0,-1.0119047164916992,False,True,True,True,0
full_rq0_seed42__rq0_0176__rq0_0266,java,easy,True,True,True,1.0,-1.4880962371826172,False,True,True,True,0
full_rq0_seed42__rq0_0176__rq0_0294,java,easy,True,True,True,1.0,0.47619056701660156,True,False,True,True,0
full_rq0_seed42__rq0_0177__rq0_0179,java,easy,True,True,True,1.0,2.142857551574707,True,False,True,True,0
full_rq0_seed42__rq0_0177__rq0_0180,java,easy,True,True,True,1.0,0.7142858505249023,True,False,True,True,0
full_rq0_seed42__rq0_0177__rq0_0196,java,easy,True,True,True,1.0,0.7142858505249023,True,False,True,True,0
full_rq0_seed42__rq0_0177__rq0_0211,java,easy,True,False,False,1.0,0.3571434020996094,True,True,True,True,0
full_rq0_seed42__rq0_0177__rq0_0228,java,easy,True,True,True,1.0,0.892857551574707,True,False,False,False,0
full_rq0_seed42__rq0_0178__rq0_0233,java,easy,True,True,False,0.0,-0.7142868041992188,False,True,False,False,0
full_rq0_seed42__rq0_0179__rq0_0199,java,easy,True,True,True,1.0,-1.666666030883789,False,True,True,True,0
full_rq0_seed42__rq0_0180__rq0_0192,java,easy,True,False,False,0.0,9.5367431640625e-07,True,True,True,True,0
full_rq0_seed42__rq0_0180__rq0_0264,java,easy,True,True,False,0.0,0.23809528350830078,True,False,False,False,0
full_rq0_seed42__rq0_0180__rq0_0296,java,easy,True,False,False,1.0,-0.059523582458496094,True,True,False,False,0
full_rq0_seed42__rq0_0181__rq0_0271,java,easy,True,True,True,1.0,-0.8333330154418945,False,True,False,False,0
full_rq0_seed42__rq0_0182__rq0_0204,java,easy,True,True,False,0.0,-1.25,False,True,False,False,0
full_rq0_seed42__rq0_0182__rq0_0217,java,easy,True,True,False,0.0,-0.47618961334228516,False,True,True,True,0
full_rq0_seed42__rq0_0182__rq0_0220,java,easy,True,True,False,0.0,-1.3690481185913086,False,True,True,True,0
full_rq0_seed42__rq0_0182__rq0_0232,java,easy,True,True,False,0.0,-1.25,False,True,True,False,0
full_rq0_seed42__rq0_0182__rq0_0235,java,easy,True,True,False,0.0,-1.0714292526245117,False,True,True,False,0
full_rq0_seed42__rq0_0182__rq0_0258,java,easy,True,True,False,0.0,-0.7738103866577148,False,True,True,True,0
full_rq0_seed42__rq0_0183__rq0_0199,java,easy,True,True,True,1.0,-0.9523811340332031,False,True,False,False,0
full_rq0_seed42__rq0_0183__rq0_0206,java,easy,True,True,True,1.0,-1.3690481185913086,False,True,False,False,0
full_rq0_seed42__rq0_0183__rq0_0227,java,easy,True,True,True,1.0,-1.2499990463256836,False,True,True,True,0
full_rq0_seed42__rq0_0183__rq0_0259,java,easy,True,True,True,1.0,-0.7738094329833984,False,True,False,False,0
full_rq0_seed42__rq0_0184__rq0_0191,java,easy,True,True,False,0.0,-0.3571434020996094,False,True,True,True,0
full_rq0_seed42__rq0_0184__rq0_0228,java,easy,True,False,False,1.0,0.17857074737548828,True,True,True,True,0
full_rq0_seed42__rq0_0184__rq0_0293,java,easy,True,False,False,,0.0,True,True,True,True,0
full_rq0_seed42__rq0_0185__rq0_0312,java,easy,True,True,True,1.0,1.607142448425293,True,False,True,True,0
full_rq0_seed42__rq0_0186__rq0_0221,java,easy,True,False,False,0.0,0.1785717010498047,True,True,True,False,0
full_rq0_seed42__rq0_0187__rq0_0304,java,easy,True,True,True,1.0,-1.1309528350830078,False,True,True,True,0
full_rq0_seed42__rq0_0188__rq0_0189,java,easy,True,True,False,0.0,1.0714282989501953,True,False,True,False,0
full_rq0_seed42__rq0_0188__rq0_0249,java,easy,True,True,True,1.0,0.9523801803588867,True,False,True,True,0
full_rq0_seed42__rq0_0188__rq0_0271,java,easy,True,False,False,0.0,0.3571434020996094,True,True,True,False,0
full_rq0_seed42__rq0_0189__rq0_0258,java,easy,True,True,False,0.0,-0.5952386856079102,False,True,False,False,0
full_rq0_seed42__rq0_0189__rq0_0278,java,easy,True,True,True,1.0,0.2380962371826172,True,False,False,False,0
full_rq0_seed42__rq0_0189__rq0_0285,java,easy,True,True,False,0.0,-0.7738094329833984,False,True,False,False,0
full_rq0_seed42__rq0_0189__rq0_0294,java,easy,True,True,False,0.0,-0.7738094329833984,False,True,False,False,0
full_rq0_seed42__rq0_0190__rq0_0248,java,easy,True,True,False,0.0,0.5357151031494141,True,False,False,False,0
full_rq0_seed42__rq0_0191__rq0_0211,java,easy,True,True,True,1.0,0.23809528350830078,True,False,False,False,0
full_rq0_seed42__rq0_0192__rq0_0269,java,easy,True,True,True,1.0,1.726191520690918,True,False,True,True,0
full_rq0_seed42__rq0_0192__rq0_0283,java,easy,True,True,False,0.0,-0.3571434020996094,False,True,True,True,0
full_rq0_seed42__rq0_0193__rq0_0263,java,easy,True,True,True,1.0,0.41666698455810547,True,False,False,False,0
full_rq0_seed42__rq0_0193__rq0_0292,java,easy,True,True,True,1.0,0.5952377319335938,True,False,False,False,0
full_rq0_seed42__rq0_0193__rq0_0309,java,easy,True,False,False,0.0,-0.059523582458496094,True,True,False,False,0
full_rq0_seed42__rq0_0194__rq0_0255,java,easy,True,True,False,0.0,-0.7142858505249023,False,True,True,True,0
full_rq0_seed42__rq0_0194__rq0_0292,java,easy,True,True,True,1.0,1.0119037628173828,True,False,True,True,0
full_rq0_seed42__rq0_0194__rq0_0307,java,easy,True,True,True,1.0,0.2380962371826172,True,False,True,True,0
full_rq0_seed42__rq0_0195__rq0_0250,java,easy,True,True,True,1.0,-1.0119056701660156,False,True,True,True,0
full_rq0_seed42__rq0_0196__rq0_0246,java,easy,True,True,True,1.0,-1.4880952835083008,False,True,True,True,0
full_rq0_seed42__rq0_0197__rq0_0246,java,easy,True,True,True,1.0,-1.0714292526245117,False,True,True,True,0
full_rq0_seed42__rq0_0197__rq0_0249,java,easy,True,True,True,1.0,0.3571434020996094,True,False,False,False,0
full_rq0_seed42__rq0_0197__rq0_0308,java,easy,True,True,False,0.0,-0.1785717010498047,False,True,False,False,0
full_rq0_seed42__rq0_0198__rq0_0223,java,easy,True,True,True,1.0,-1.4285717010498047,False,True,True,True,0
full_rq0_seed42__rq0_0198__rq0_0230,java,easy,True,True,True,1.0,-0.5357151031494141,False,True,True,True,0
full_rq0_seed42__rq0_0199__rq0_0225,java,easy,True,True,True,1.0,0.6547613143920898,True,False,True,True,0
full_rq0_seed42__rq0_0199__rq0_0276,java,easy,True,True,True,1.0,0.47619152069091797,True,False,False,False,0
full_rq0_seed42__rq0_0199__rq0_0286,java,easy,True,True,True,1.0,0.7142868041992188,True,False,True,True,0
full_rq0_seed42__rq0_0200__rq0_0266,java,easy,True,True,True,1.0,-1.428572654724121,False,True,True,True,0
full_rq0_seed42__rq0_0200__rq0_0297,java,easy,True,False,False,1.0,-0.2976188659667969,True,True,False,False,0
full_rq0_seed42__rq0_0201__rq0_0236,java,easy,True,True,False,0.0,0.35714244842529297,True,False,False,False,0
full_rq0_seed42__rq0_0202__rq0_0209,java,easy,True,True,True,1.0,-1.3095245361328125,False,True,True,True,0
full_rq0_seed42__rq0_0202__rq0_0233,java,easy,True,True,True,1.0,-0.5952386856079102,False,True,True,True,0
full_rq0_seed42__rq0_0202__rq0_0282,java,easy,True,True,True,1.0,-0.5357141494750977,False,True,True,True,0
full_rq0_seed42__rq0_0202__rq0_0288,java,easy,True,True,True,1.0,-0.5357141494750977,False,True,False,False,0
full_rq0_seed42__rq0_0204__rq0_0251,java,easy,True,True,True,1.0,0.17857074737548828,True,False,False,False,0
full_rq0_seed42__rq0_0204__rq0_0281,java,easy,True,True,True,1.0,0.41666603088378906,True,False,True,True,0
full_rq0_seed42__rq0_0204__rq0_0295,java,easy,True,True,True,1.0,0.5952386856079102,True,False,False,False,0
full_rq0_seed42__rq0_0205__rq0_0294,java,easy,True,True,True,1.0,1.4285717010498047,True,False,True,True,0
full_rq0_seed42__rq0_0206__rq0_0225,java,easy,True,True,True,1.0,1.1309518814086914,True,False,True,True,0
full_rq0_seed42__rq0_0207__rq0_0282,java,easy,True,False,False,0.0,0.11904716491699219,True,True,False,False,0
full_rq0_seed42__rq0_0207__rq0_0294,java,easy,True,True,True,1.0,0.7142868041992188,True,False,True,True,0
full_rq0_seed42__rq0_0208__rq0_0212,java,easy,True,True,False,0.0,-0.2976188659667969,False,True,False,False,0
full_rq0_seed42__rq0_0208__rq0_0276,java,easy,True,True,True,1.0,0.5952377319335938,True,False,True,True,0
full_rq0_seed42__rq0_0208__rq0_0298,java,easy,True,False,False,0.0,-0.1190481185913086,False,False,False,False,0
full_rq0_seed42__rq0_0209__rq0_0281,java,easy,True,True,True,1.0,0.23809528350830078,True,False,True,True,0
full_rq0_seed42__rq0_0209__rq0_0310,java,easy,True,True,True,1.0,0.892857551574707,True,False,True,True,0
full_rq0_seed42__rq0_0210__rq0_0282,java,easy,True,True,True,1.0,-0.7142858505249023,False,True,False,False,0
full_rq0_seed42__rq0_0211__rq0_0222,java,easy,True,True,True,1.0,-0.7142858505249023,False,True,True,True,0
full_rq0_seed42__rq0_0211__rq0_0244,java,easy,True,True,False,0.0,0.23809528350830078,True,False,False,False,0
full_rq0_seed42__rq0_0211__rq0_0296,java,easy,True,True,True,1.0,-0.41666507720947266,False,True,False,False,0
full_rq0_seed42__rq0_0212__rq0_0310,java,easy,True,True,True,1.0,0.2976188659667969,True,False,False,False,0
full_rq0_seed42__rq0_0213__rq0_0217,java,easy,True,True,True,1.0,0.41666603088378906,True,False,False,False,0
full_rq0_seed42__rq0_0213__rq0_0287,java,easy,True,True,True,1.0,-1.4880952835083008,False,True,True,True,0
full_rq0_seed42__rq0_0213__rq0_0306,java,easy,True,True,True,1.0,-1.190476417541504,False,True,False,False,0
full_rq0_seed42__rq0_0214__rq0_0230,java,easy,True,False,False,1.0,-0.059523582458496094,False,False,True,True,0
full_rq0_seed42__rq0_0214__rq0_0287,java,easy,True,False,False,1.0,-0.2976188659667969,True,True,True,True,0
full_rq0_seed42__rq0_0214__rq0_0304,java,easy,True,True,True,1.0,-0.41666603088378906,False,True,False,False,0
full_rq0_seed42__rq0_0215__rq0_0241,java,easy,True,True,True,1.0,0.7738094329833984,True,False,False,False,0
full_rq0_seed42__rq0_0215__rq0_0310,java,easy,True,True,True,1.0,0.5952377319335938,True,False,True,True,0
full_rq0_seed42__rq0_0216__rq0_0246,java,easy,True,True,True,1.0,-0.8333339691162109,False,True,True,True,0
full_rq0_seed42__rq0_0216__rq0_0281,java,easy,True,False,False,1.0,0.1785717010498047,False,False,False,False,0
full_rq0_seed42__rq0_0216__rq0_0285,java,easy,True,False,False,1.0,0.23809528350830078,False,False,False,False,0
full_rq0_seed42__rq0_0216__rq0_0302,java,easy,True,True,False,0.0,-0.23809528350830078,False,True,False,False,0
full_rq0_seed42__rq0_0217__rq0_0239,java,easy,True,True,True,1.0,-1.0714282989501953,False,True,True,True,0
full_rq0_seed42__rq0_0218__rq0_0227,java,easy,True,True,True,1.0,-2.0833330154418945,False,True,True,True,0
full_rq0_seed42__rq0_0218__rq0_0229,java,easy,True,True,True,1.0,-0.8333339691162109,False,True,False,False,0
full_rq0_seed42__rq0_0218__rq0_0252,java,easy,True,True,True,1.0,-1.1309528350830078,False,True,False,False,0
full_rq0_seed42__rq0_0218__rq0_0261,java,easy,True,True,True,1.0,-0.7142858505249023,False,True,True,False,0
full_rq0_seed42__rq0_0218__rq0_0272,java,easy,True,True,True,1.0,-0.8333330154418945,False,True,False,False,0
full_rq0_seed42__rq0_0218__rq0_0297,java,easy,True,True,True,1.0,-1.5476198196411133,False,True,True,True,0
full_rq0_seed42__rq0_0218__rq0_0301,java,easy,True,True,True,1.0,-0.41666603088378906,False,True,False,False,0
full_rq0_seed42__rq0_0219__rq0_0232,java,easy,True,True,False,0.0,-0.23809528350830078,False,True,False,False,0
full_rq0_seed42__rq0_0219__rq0_0266,java,easy,True,True,True,1.0,-1.607142448425293,False,True,True,True,0
full_rq0_seed42__rq0_0219__rq0_0283,java,easy,True,True,False,0.0,-0.7738094329833984,False,True,False,False,0
full_rq0_seed42__rq0_0219__rq0_0298,java,easy,True,True,False,0.0,-0.47619056701660156,False,True,False,False,0
full_rq0_seed42__rq0_0220__rq0_0249,java,easy,True,True,True,1.0,0.8333330154418945,True,False,False,False,0
full_rq0_seed42__rq0_0220__rq0_0311,java,easy,True,True,True,1.0,0.2976188659667969,True,False,False,False,0
full_rq0_seed42__rq0_0221__rq0_0265,java,easy,True,True,True,1.0,0.41666698455810547,True,False,True,True,0
full_rq0_seed42__rq0_0221__rq0_0289,java,easy,True,False,False,1.0,0.059523582458496094,False,False,True,True,0
full_rq0_seed42__rq0_0222__rq0_0310,java,easy,True,True,True,1.0,1.0119056701660156,True,False,True,True,0
full_rq0_seed42__rq0_0223__rq0_0254,java,easy,True,True,True,1.0,0.47619056701660156,True,False,True,True,0
full_rq0_seed42__rq0_0224__rq0_0233,java,easy,True,True,True,1.0,1.1309518814086914,True,False,True,True,0
full_rq0_seed42__rq0_0224__rq0_0259,java,easy,True,True,True,1.0,1.190476417541504,True,False,True,True,0
full_rq0_seed42__rq0_0224__rq0_0260,java,easy,True,True,True,1.0,1.0119047164916992,True,False,True,True,0
full_rq0_seed42__rq0_0225__rq0_0256,java,easy,True,False,False,0.0,0.05952262878417969,False,False,False,False,0
full_rq0_seed42__rq0_0225__rq0_0272,java,easy,True,False,False,1.0,-0.1190481185913086,False,False,False,False,0
full_rq0_seed42__rq0_0226__rq0_0251,java,easy,True,True,False,0.0,-0.5357141494750977,False,True,False,False,0
full_rq0_seed42__rq0_0226__rq0_0273,java,easy,True,False,False,1.0,0.059523582458496094,True,True,False,False,0
full_rq0_seed42__rq0_0227__rq0_0262,java,easy,True,True,True,1.0,0.7142858505249023,True,False,True,True,0
full_rq0_seed42__rq0_0227__rq0_0283,java,easy,True,True,True,1.0,0.35714244842529297,True,False,True,True,0
full_rq0_seed42__rq0_0229__rq0_0246,java,easy,True,True,True,1.0,-1.309523582458496,False,True,True,True,0
full_rq0_seed42__rq0_0229__rq0_0306,java,easy,True,True,True,1.0,-1.1309528350830078,False,True,False,False,0
full_rq0_seed42__rq0_0230__rq0_0254,java,easy,True,False,False,1.0,0.1785717010498047,False,False,True,True,0
full_rq0_seed42__rq0_0231__rq0_0271,java,easy,True,True,False,0.0,0.11904716491699219,True,False,False,False,0
full_rq0_seed42__rq0_0231__rq0_0299,java,easy,True,False,False,0.0,0.1190481185913086,False,False,False,False,0
full_rq0_seed42__rq0_0232__rq0_0252,java,easy,True,True,False,0.0,0.2380962371826172,True,False,False,False,0
full_rq0_seed42__rq0_0232__rq0_0264,java,easy,True,True,False,0.0,0.1785717010498047,True,False,False,False,0
full_rq0_seed42__rq0_0232__rq0_0304,java,easy,True,True,True,1.0,-0.47618961334228516,False,True,False,False,0
full_rq0_seed42__rq0_0234__rq0_0267,java,easy,True,True,True,1.0,1.3690471649169922,True,False,True,True,0
full_rq0_seed42__rq0_0234__rq0_0294,java,easy,True,True,True,1.0,0.23809528350830078,True,False,False,False,0
full_rq0_seed42__rq0_0235__rq0_0245,java,easy,True,False,False,1.0,9.5367431640625e-07,True,True,False,False,0
full_rq0_seed42__rq0_0235__rq0_0281,java,easy,True,True,True,1.0,0.35714244842529297,True,False,True,True,0
full_rq0_seed42__rq0_0235__rq0_0282,java,easy,True,False,False,0.0,0.1190481185913086,True,True,False,False,0
full_rq0_seed42__rq0_0235__rq0_0302,java,easy,True,False,False,0.0,-0.059523582458496094,True,True,False,False,0
full_rq0_seed42__rq0_0236__rq0_0278,java,easy,True,True,True,1.0,0.47619056701660156,True,False,False,False,0
full_rq0_seed42__rq0_0238__rq0_0308,java,easy,True,True,False,0.0,-1.2499990463256836,False,True,True,False,0
full_rq0_seed42__rq0_0240__rq0_0286,java,easy,True,True,True,1.0,0.8333330154418945,True,False,True,True,0
full_rq0_seed42__rq0_0241__rq0_0242,java,easy,True,False,False,1.0,-0.2976188659667969,True,True,False,False,0
full_rq0_seed42__rq0_0241__rq0_0289,java,easy,True,True,True,1.0,-1.0119047164916992,False,True,False,False,0
full_rq0_seed42__rq0_0241__rq0_0306,java,easy,True,True,True,1.0,-1.0119056701660156,False,True,False,False,0
full_rq0_seed42__rq0_0242__rq0_0283,java,easy,True,False,False,0.0,-0.23809432983398438,False,False,False,False,0
full_rq0_seed42__rq0_0242__rq0_0285,java,easy,True,False,False,1.0,0.1785717010498047,False,False,False,False,0
full_rq0_seed42__rq0_0242__rq0_0294,java,easy,True,True,True,1.0,0.47619152069091797,True,False,False,False,0
full_rq0_seed42__rq0_0243__rq0_0283,java,easy,True,True,True,1.0,0.059523582458496094,True,False,False,False,0
full_rq0_seed42__rq0_0244__rq0_0284,java,easy,True,False,False,1.0,0.059523582458496094,True,True,False,False,0
full_rq0_seed42__rq0_0246__rq0_0261,java,easy,True,True,True,1.0,0.8928565979003906,True,False,True,True,0
full_rq0_seed42__rq0_0246__rq0_0264,java,easy,True,True,True,1.0,0.892857551574707,True,False,True,True,0
full_rq0_seed42__rq0_0246__rq0_0268,java,easy,True,True,True,1.0,1.7261896133422852,True,False,True,True,0
full_rq0_seed42__rq0_0246__rq0_0293,java,easy,True,True,True,1.0,0.8333330154418945,True,False,True,True,0
full_rq0_seed42__rq0_0247__rq0_0287,java,easy,True,True,True,1.0,-0.8928565979003906,False,True,True,True,0
full_rq0_seed42__rq0_0248__rq0_0261,java,easy,True,True,False,0.0,-0.9523811340332031,False,True,False,False,0
full_rq0_seed42__rq0_0248__rq0_0310,java,easy,True,True,False,0.0,-0.892857551574707,False,True,False,False,0
full_rq0_seed42__rq0_0249__rq0_0283,java,easy,True,True,True,1.0,-0.8333330154418945,False,True,False,False,0
full_rq0_seed42__rq0_0249__rq0_0307,java,easy,True,True,True,1.0,-0.35714244842529297,False,True,False,False,0
full_rq0_seed42__rq0_0250__rq0_0294,java,easy,True,True,True,1.0,1.0119047164916992,True,False,True,True,0
full_rq0_seed42__rq0_0251__rq0_0256,java,easy,True,True,False,0.0,0.9523820877075195,True,False,False,False,0
full_rq0_seed42__rq0_0251__rq0_0265,java,easy,True,False,False,0.0,0.2380962371826172,False,False,False,False,0
full_rq0_seed42__rq0_0252__rq0_0263,java,easy,True,True,True,1.0,0.23809528350830078,True,False,False,False,0
full_rq0_seed42__rq0_0256__rq0_0288,java,easy,True,True,True,1.0,-0.8333339691162109,False,True,False,False,0
full_rq0_seed42__rq0_0258__rq0_0275,java,easy,True,True,True,1.0,-0.8333339691162109,False,True,False,False,0
full_rq0_seed42__rq0_0259__rq0_0266,java,easy,True,True,True,1.0,-1.4880952835083008,False,True,True,True,0
full_rq0_seed42__rq0_0261__rq0_0280,java,easy,True,True,True,1.0,-0.47619056701660156,False,True,True,True,0
full_rq0_seed42__rq0_0263__rq0_0264,java,easy,True,True,True,1.0,-0.47618961334228516,False,True,False,False,0
full_rq0_seed42__rq0_0263__rq0_0275,java,easy,True,True,True,1.0,-0.9523811340332031,False,True,True,True,0
full_rq0_seed42__rq0_0265__rq0_0283,java,easy,True,False,False,0.0,-0.23809528350830078,False,False,True,True,0
full_rq0_seed42__rq0_0265__rq0_0298,java,easy,True,False,False,0.0,-0.0595245361328125,False,False,False,False,0
full_rq0_seed42__rq0_0266__rq0_0274,java,easy,True,True,True,1.0,1.3690471649169922,True,False,True,True,0
full_rq0_seed42__rq0_0266__rq0_0276,java,easy,True,True,True,1.0,1.785715103149414,True,False,True,True,0
full_rq0_seed42__rq0_0266__rq0_0277,java,easy,True,True,True,1.0,0.8333339691162109,True,False,True,True,0
full_rq0_seed42__rq0_0267__rq0_0282,java,easy,True,True,True,1.0,-1.607142448425293,False,True,True,True,0
full_rq0_seed42__rq0_0267__rq0_0294,java,easy,True,True,False,0.0,-1.3690481185913086,False,True,True,False,0
full_rq0_seed42__rq0_0268__rq0_0276,java,easy,True,True,False,0.0,-0.3571434020996094,False,True,True,False,0
full_rq0_seed42__rq0_0268__rq0_0280,java,easy,True,True,True,1.0,-1.607142448425293,False,True,True,True,0
full_rq0_seed42__rq0_0268__rq0_0297,java,easy,True,True,True,1.0,-0.7738094329833984,False,True,True,True,0
full_rq0_seed42__rq0_0269__rq0_0310,java,easy,True,True,False,0.0,-1.0119047164916992,False,True,False,False,0
full_rq0_seed42__rq0_0270__rq0_0310,java,easy,True,True,True,1.0,0.2976188659667969,True,False,True,True,0
full_rq0_seed42__rq0_0271__rq0_0311,java,easy,True,False,False,,0.0,False,False,False,False,0
full_rq0_seed42__rq0_0274__rq0_0282,java,easy,True,False,False,1.0,-0.29761791229248047,True,True,False,False,0
full_rq0_seed42__rq0_0275__rq0_0300,java,easy,True,True,True,1.0,1.0119047164916992,True,False,False,False,0
full_rq0_seed42__rq0_0276__rq0_0287,java,easy,True,True,True,1.0,-2.202381134033203,False,True,True,True,0
full_rq0_seed42__rq0_0282__rq0_0311,java,easy,True,False,False,0.0,-0.1190481185913086,False,False,False,False,0
full_rq0_seed42__rq0_0283__rq0_0300,java,easy,True,True,False,0.0,1.1904773712158203,True,False,False,False,0
full_rq0_seed42__rq0_0285__rq0_0287,java,easy,True,True,True,1.0,-0.892857551574707,False,True,True,True,0
full_rq0_seed42__rq0_0285__rq0_0289,java,easy,True,True,True,1.0,-0.892857551574707,False,True,True,True,0
full_rq0_seed42__rq0_0286__rq0_0304,java,easy,True,True,True,1.0,-1.0119037628173828,False,True,True,True,0
full_rq0_seed42__rq0_0287__rq0_0293,java,easy,True,True,True,1.0,0.5952377319335938,True,False,False,False,0
full_rq0_seed42__rq0_0288__rq0_0294,java,easy,True,True,True,1.0,0.47619056701660156,True,False,False,False,0
full_rq0_seed42__rq0_0289__rq0_0293,java,easy,True,True,True,1.0,0.6547613143920898,True,False,False,False,0
full_rq0_seed42__rq0_0291__rq0_0300,java,easy,True,False,False,0.0,0.2976188659667969,True,True,True,True,0
full_rq0_seed42__rq0_0297__rq0_0312,java,easy,True,True,True,1.0,0.1785717010498047,True,False,False,False,0
full_rq0_seed42__rq0_0304__rq0_0312,java,easy,True,True,True,1.0,0.1785717010498047,True,False,False,False,0
full_rq0_seed42__rq0_0307__rq0_0311,java,easy,True,False,False,0.0,-0.059523582458496094,False,False,False,False,0
full_rq0_seed42__rq0_0000__rq0_0066,java,medium,True,True,True,1.0,-0.7738094329833984,False,True,True,True,0
full_rq0_seed42__rq0_0000__rq0_0143,java,medium,True,True,True,1.0,-1.8452377319335938,False,True,True,True,0
full_rq0_seed42__rq0_0000__rq0_0153,java,medium,True,True,False,0.0,-1.1309528350830078,False,True,True,False,0
full_rq0_seed42__rq0_0000__rq0_0307,java,medium,True,True,True,1.0,-1.8452377319335938,False,True,False,False,0
full_rq0_seed42__rq0_0001__rq0_0066,java,medium,True,False,False,0.0,-0.11904716491699219,True,True,True,False,0
full_rq0_seed42__rq0_0001__rq0_0165,java,medium,True,False,False,0.0,-0.47618961334228516,True,True,True,False,0
full_rq0_seed42__rq0_0001__rq0_0167,java,medium,True,True,False,0.0,-1.0119047164916992,False,True,True,False,0
full_rq0_seed42__rq0_0001__rq0_0191,java,medium,True,True,False,0.0,-1.1309537887573242,False,True,False,False,0
full_rq0_seed42__rq0_0001__rq0_0266,java,medium,True,True,True,1.0,-2.3809518814086914,False,True,True,True,0
full_rq0_seed42__rq0_0003__rq0_0017,java,medium,True,True,True,1.0,0.5952377319335938,True,False,False,False,0
full_rq0_seed42__rq0_0003__rq0_0054,java,medium,True,True,True,1.0,0.23809528350830078,True,False,True,False,0
full_rq0_seed42__rq0_0003__rq0_0131,java,medium,True,False,False,,0.0,True,True,True,True,0
full_rq0_seed42__rq0_0003__rq0_0159,java,medium,True,True,False,0.0,-1.7857141494750977,False,True,True,False,0
full_rq0_seed42__rq0_0003__rq0_0205,java,medium,True,True,False,0.0,-0.8333339691162109,False,True,True,False,0
full_rq0_seed42__rq0_0003__rq0_0252,java,medium,True,True,False,0.0,-0.5952377319335938,False,True,True,True,0
full_rq0_seed42__rq0_0004__rq0_0099,java,medium,True,False,False,0.0,-0.0595245361328125,True,True,True,True,0
full_rq0_seed42__rq0_0004__rq0_0143,java,medium,True,False,False,0.0,-0.059523582458496094,True,True,False,False,0
full_rq0_seed42__rq0_0004__rq0_0163,java,medium,True,True,True,1.0,0.7738094329833984,True,False,True,True,0
full_rq0_seed42__rq0_0004__rq0_0304,java,medium,True,False,False,1.0,9.5367431640625e-07,True,True,True,True,0
full_rq0_seed42__rq0_0005__rq0_0020,java,medium,True,True,True,1.0,-1.2500009536743164,False,True,True,True,0
full_rq0_seed42__rq0_0005__rq0_0061,java,medium,True,True,True,1.0,-1.1904773712158203,False,True,True,True,0
full_rq0_seed42__rq0_0005__rq0_0195,java,medium,True,True,True,1.0,-2.1428565979003906,False,True,True,True,0
full_rq0_seed42__rq0_0006__rq0_0168,java,medium,True,True,True,1.0,-1.1309518814086914,False,True,True,True,0
full_rq0_seed42__rq0_0006__rq0_0200,java,medium,True,True,False,0.0,-1.5476188659667969,False,True,True,False,0
full_rq0_seed42__rq0_0006__rq0_0201,java,medium,True,True,False,0.0,-1.5476188659667969,False,True,True,False,0
full_rq0_seed42__rq0_0006__rq0_0229,java,medium,True,True,False,0.0,-1.1309528350830078,False,True,False,False,0
full_rq0_seed42__rq0_0006__rq0_0250,java,medium,True,True,True,1.0,-2.6785717010498047,False,True,True,True,0
full_rq0_seed42__rq0_0007__rq0_0063,java,medium,True,True,True,1.0,-0.2976198196411133,False,True,True,True,0
full_rq0_seed42__rq0_0007__rq0_0093,java,medium,True,True,True,1.0,-1.666666030883789,False,True,False,False,0
full_rq0_seed42__rq0_0007__rq0_0107,java,medium,True,False,False,1.0,-0.4166679382324219,True,True,False,False,0
full_rq0_seed42__rq0_0007__rq0_0202,java,medium,True,True,False,0.0,-0.6547622680664062,False,True,True,True,0
full_rq0_seed42__rq0_0007__rq0_0251,java,medium,True,True,False,0.0,-1.4285707473754883,False,True,False,False,0
full_rq0_seed42__rq0_0008__rq0_0094,java,medium,True,True,False,0.0,-0.5357151031494141,False,True,True,False,0
full_rq0_seed42__rq0_0008__rq0_0137,java,medium,True,True,False,0.0,-1.1309528350830078,False,True,True,True,0
full_rq0_seed42__rq0_0009__rq0_0019,java,medium,True,True,False,0.0,1.607142448425293,True,False,True,False,0
full_rq0_seed42__rq0_0009__rq0_0046,java,medium,True,True,True,1.0,-0.1785717010498047,False,True,True,True,0
full_rq0_seed42__rq0_0009__rq0_0059,java,medium,True,True,False,0.0,0.5357151031494141,True,False,True,False,0
full_rq0_seed42__rq0_0009__rq0_0070,java,medium,True,False,False,1.0,0.11904716491699219,False,False,True,True,0
full_rq0_seed42__rq0_0009__rq0_0094,java,medium,True,True,True,1.0,-0.29761791229248047,False,True,True,True,0
full_rq0_seed42__rq0_0009__rq0_0096,java,medium,True,False,False,1.0,0.0595245361328125,True,True,True,True,0
full_rq0_seed42__rq0_0009__rq0_0116,java,medium,True,True,False,0.0,-1.309523582458496,False,True,False,False,0
full_rq0_seed42__rq0_0009__rq0_0177,java,medium,True,True,True,1.0,-1.2500009536743164,False,True,True,False,0
full_rq0_seed42__rq0_0009__rq0_0184,java,medium,True,False,False,1.0,-0.23809432983398438,True,True,True,True,0
full_rq0_seed42__rq0_0009__rq0_0214,java,medium,True,True,False,0.0,-0.8928565979003906,False,True,True,True,0
full_rq0_seed42__rq0_0009__rq0_0228,java,medium,True,False,False,0.0,-0.1785717010498047,True,True,True,True,0
full_rq0_seed42__rq0_0009__rq0_0279,java,medium,True,True,True,1.0,-0.6547613143920898,False,True,True,False,0
full_rq0_seed42__rq0_0010__rq0_0063,java,medium,True,True,True,1.0,0.6547613143920898,True,False,True,True,0
full_rq0_seed42__rq0_0010__rq0_0148,java,medium,True,True,True,1.0,0.7738094329833984,True,False,True,True,0
full_rq0_seed42__rq0_0010__rq0_0162,java,medium,True,False,False,1.0,0.11904716491699219,True,True,True,True,0
full_rq0_seed42__rq0_0010__rq0_0250,java,medium,True,True,True,1.0,-1.25,False,True,False,False,0
full_rq0_seed42__rq0_0010__rq0_0258,java,medium,True,False,False,1.0,0.2976198196411133,False,False,True,True,0
full_rq0_seed42__rq0_0010__rq0_0301,java,medium,True,False,False,0.0,-0.17857074737548828,True,True,True,True,0
full_rq0_seed42__rq0_0011__rq0_0113,java,medium,True,True,False,0.0,-0.6547622680664062,False,True,False,False,0
full_rq0_seed42__rq0_0011__rq0_0187,java,medium,True,True,True,1.0,1.0119047164916992,True,False,True,True,0
full_rq0_seed42__rq0_0011__rq0_0220,java,medium,True,False,False,1.0,-0.23809528350830078,True,True,True,False,0
full_rq0_seed42__rq0_0011__rq0_0262,java,medium,True,True,False,0.0,-0.11904716491699219,False,True,True,True,0
full_rq0_seed42__rq0_0011__rq0_0304,java,medium,True,True,True,1.0,-0.47618961334228516,False,True,True,False,0
full_rq0_seed42__rq0_0012__rq0_0015,java,medium,True,True,True,1.0,0.6547622680664062,True,False,True,True,0
full_rq0_seed42__rq0_0012__rq0_0069,java,medium,True,True,True,1.0,0.6547613143920898,True,False,True,False,0
full_rq0_seed42__rq0_0012__rq0_0102,java,medium,True,False,False,1.0,0.47619056701660156,True,True,True,True,0
full_rq0_seed42__rq0_0012__rq0_0103,java,medium,True,True,False,0.0,-0.3571434020996094,False,True,True,True,0
full_rq0_seed42__rq0_0012__rq0_0118,java,medium,True,False,False,0.0,-0.0595245361328125,False,False,True,True,0
full_rq0_seed42__rq0_0012__rq0_0156,java,medium,True,True,False,0.0,-0.9523811340332031,False,True,True,True,0
full_rq0_seed42__rq0_0012__rq0_0239,java,medium,True,True,False,0.0,-1.0119056701660156,False,True,True,True,0
full_rq0_seed42__rq0_0012__rq0_0264,java,medium,True,True,False,0.0,-0.17857074737548828,False,True,True,True,0
full_rq0_seed42__rq0_0013__rq0_0202,java,medium,True,True,False,0.0,0.9523811340332031,True,False,True,False,0
full_rq0_seed42__rq0_0013__rq0_0231,java,medium,True,True,False,0.0,0.47619056701660156,True,False,False,False,0
full_rq0_seed42__rq0_0014__rq0_0041,java,medium,True,True,False,0.0,0.5952377319335938,True,False,False,False,0
full_rq0_seed42__rq0_0014__rq0_0212,java,medium,True,True,True,1.0,-1.3095245361328125,False,True,False,False,0
full_rq0_seed42__rq0_0014__rq0_0238,java,medium,True,False,False,0.0,0.1190481185913086,False,False,True,False,0
full_rq0_seed42__rq0_0014__rq0_0259,java,medium,True,True,True,1.0,-1.1309518814086914,False,True,False,False,0
full_rq0_seed42__rq0_0014__rq0_0276,java,medium,True,True,False,0.0,-0.47619056701660156,False,True,False,False,0
full_rq0_seed42__rq0_0015__rq0_0063,java,medium,True,True,False,0.0,-0.5952377319335938,False,True,True,False,0
full_rq0_seed42__rq0_0015__rq0_0123,java,medium,True,True,False,0.0,-0.0595245361328125,False,True,True,True,0
full_rq0_seed42__rq0_0015__rq0_0148,java,medium,True,True,False,0.0,-0.1190481185913086,False,True,True,True,0
full_rq0_seed42__rq0_0015__rq0_0169,java,medium,True,True,False,0.0,-0.5952377319335938,False,True,False,False,0
full_rq0_seed42__rq0_0015__rq0_0307,java,medium,True,True,False,0.0,-1.607142448425293,False,True,False,False,0
full_rq0_seed42__rq0_0016__rq0_0028,java,medium,True,True,True,1.0,-0.5357151031494141,False,True,True,True,0
full_rq0_seed42__rq0_0016__rq0_0121,java,medium,True,True,True,1.0,-1.9047622680664062,False,True,True,True,0
full_rq0_seed42__rq0_0016__rq0_0241,java,medium,True,False,False,1.0,-0.5357141494750977,True,True,True,False,0
full_rq0_seed42__rq0_0016__rq0_0254,java,medium,True,True,True,1.0,-1.3690471649169922,False,True,True,False,0
full_rq0_seed42__rq0_0016__rq0_0273,java,medium,True,True,True,1.0,-0.892857551574707,False,True,True,False,0
full_rq0_seed42__rq0_0017__rq0_0045,java,medium,True,True,True,1.0,-0.6547613143920898,False,True,False,False,0
full_rq0_seed42__rq0_0017__rq0_0048,java,medium,True,True,True,1.0,-0.47619056701660156,False,True,True,True,0
full_rq0_seed42__rq0_0017__rq0_0132,java,medium,True,True,False,0.0,-1.4880952835083008,False,True,True,False,0
full_rq0_seed42__rq0_0017__rq0_0148,java,medium,True,False,False,1.0,0.059523582458496094,True,True,True,True,0
full_rq0_seed42__rq0_0017__rq0_0187,java,medium,True,True,False,0.0,-0.35714244842529297,False,True,True,True,0
full_rq0_seed42__rq0_0017__rq0_0273,java,medium,True,True,False,0.0,-0.7738103866577148,False,True,True,True,0
full_rq0_seed42__rq0_0017__rq0_0302,java,medium,True,True,False,0.0,-1.666666030883789,False,True,True,True,0
full_rq0_seed42__rq0_0018__rq0_0020,java,medium,True,True,False,0.0,-0.5952377319335938,False,True,True,False,0
full_rq0_seed42__rq0_0018__rq0_0051,java,medium,True,False,False,1.0,0.1785717010498047,False,False,False,False,0
full_rq0_seed42__rq0_0018__rq0_0061,java,medium,True,True,True,1.0,0.2976188659667969,True,False,True,False,0
full_rq0_seed42__rq0_0018__rq0_0062,java,medium,True,False,False,,0.0,True,True,True,True,0
full_rq0_seed42__rq0_0018__rq0_0112,java,medium,True,True,False,0.0,-1.0714292526245117,False,True,True,False,0
full_rq0_seed42__rq0_0018__rq0_0137,java,medium,True,True,True,1.0,-0.9523811340332031,False,True,False,False,0
full_rq0_seed42__rq0_0018__rq0_0166,java,medium,True,True,True,1.0,-1.25,False,True,True,True,0
full_rq0_seed42__rq0_0018__rq0_0199,java,medium,True,True,True,1.0,-1.25,False,True,False,False,0
full_rq0_seed42__rq0_0018__rq0_0232,java,medium,True,True,False,0.0,-1.1309518814086914,False,True,False,False,0
full_rq0_seed42__rq0_0018__rq0_0242,java,medium,True,True,True,1.0,-0.5357131958007812,False,True,False,False,0
full_rq0_seed42__rq0_0018__rq0_0267,java,medium,True,True,True,1.0,0.6547622680664062,True,False,True,True,0
full_rq0_seed42__rq0_0019__rq0_0030,java,medium,True,True,True,1.0,-1.309523582458496,False,True,True,True,0
full_rq0_seed42__rq0_0019__rq0_0041,java,medium,True,True,False,0.0,-0.47618961334228516,False,True,False,False,0
full_rq0_seed42__rq0_0019__rq0_0071,java,medium,True,True,False,0.0,-0.773808479309082,False,True,False,False,0
full_rq0_seed42__rq0_0019__rq0_0109,java,medium,True,True,False,0.0,-2.440476417541504,False,True,True,False,0
full_rq0_seed42__rq0_0019__rq0_0114,java,medium,True,True,True,1.0,-1.7857141494750977,False,True,True,True,0
full_rq0_seed42__rq0_0019__rq0_0123,java,medium,True,True,False,0.0,-0.47618961334228516,False,True,True,True,0
full_rq0_seed42__rq0_0019__rq0_0262,java,medium,True,True,False,0.0,-2.261904716491699,False,True,False,False,0
full_rq0_seed42__rq0_0019__rq0_0303,java,medium,True,True,False,0.0,-2.1428565979003906,False,True,True,False,0
full_rq0_seed42__rq0_0020__rq0_0040,java,medium,True,True,False,0.0,0.41666698455810547,True,False,True,True,0
full_rq0_seed42__rq0_0020__rq0_0063,java,medium,True,True,False,0.0,0.5952377319335938,True,False,True,True,0
full_rq0_seed42__rq0_0020__rq0_0093,java,medium,True,True,True,1.0,-1.1309528350830078,False,True,True,False,0
full_rq0_seed42__rq0_0021__rq0_0022,java,medium,True,True,True,1.0,1.4880943298339844,True,False,True,False,0
full_rq0_seed42__rq0_0021__rq0_0032,java,medium,True,True,True,1.0,-0.41666698455810547,False,True,True,True,0
full_rq0_seed42__rq0_0021__rq0_0159,java,medium,True,True,False,0.0,-1.190476417541504,False,True,False,False,0
full_rq0_seed42__rq0_0021__rq0_0182,java,medium,True,True,False,0.0,0.8928565979003906,True,False,True,True,0
full_rq0_seed42__rq0_0021__rq0_0197,java,medium,True,True,True,1.0,0.41666698455810547,True,False,False,False,0
full_rq0_seed42__rq0_0021__rq0_0257,java,medium,True,True,True,1.0,0.5357151031494141,True,False,True,True,0
full_rq0_seed42__rq0_0021__rq0_0264,java,medium,True,True,True,1.0,0.47619056701660156,True,False,False,False,0
full_rq0_seed42__rq0_0021__rq0_0282,java,medium,True,True,True,1.0,-0.7142858505249023,False,True,False,False,0
full_rq0_seed42__rq0_0021__rq0_0287,java,medium,True,True,True,1.0,-0.8333339691162109,False,True,True,True,0
full_rq0_seed42__rq0_0021__rq0_0299,java,medium,True,True,False,0.0,-0.11904716491699219,False,True,False,False,0
full_rq0_seed42__rq0_0022__rq0_0085,java,medium,True,True,False,0.0,-0.892857551574707,False,True,True,True,0
full_rq0_seed42__rq0_0022__rq0_0096,java,medium,True,True,False,0.0,-0.8333330154418945,False,True,True,True,0
full_rq0_seed42__rq0_0022__rq0_0139,java,medium,True,True,False,0.0,-1.7261905670166016,False,True,True,False,0
full_rq0_seed42__rq0_0022__rq0_0179,java,medium,True,True,True,1.0,0.059523582458496094,True,False,True,True,0
full_rq0_seed42__rq0_0022__rq0_0280,java,medium,True,True,True,1.0,-2.380952835083008,False,True,True,True,0
full_rq0_seed42__rq0_0022__rq0_0306,java,medium,True,True,True,1.0,-2.440476417541504,False,True,True,False,0
full_rq0_seed42__rq0_0022__rq0_0309,java,medium,True,True,False,0.0,-1.3690481185913086,False,True,True,True,0
full_rq0_seed42__rq0_0023__rq0_0174,java,medium,True,True,True,1.0,-0.41666698455810547,False,True,True,True,0
full_rq0_seed42__rq0_0023__rq0_0277,java,medium,True,True,True,1.0,-0.7738094329833984,False,True,True,True,0
full_rq0_seed42__rq0_0023__rq0_0278,java,medium,True,True,False,0.0,0.35714149475097656,True,False,False,False,0
full_rq0_seed42__rq0_0023__rq0_0285,java,medium,True,False,False,1.0,-0.23809528350830078,True,True,False,False,0
full_rq0_seed42__rq0_0023__rq0_0292,java,medium,True,False,False,,0.0,True,True,True,False,0
full_rq0_seed42__rq0_0024__rq0_0028,java,medium,True,True,True,1.0,-0.7738094329833984,False,True,True,True,0
full_rq0_seed42__rq0_0024__rq0_0085,java,medium,True,True,True,1.0,-0.41666603088378906,False,True,False,False,0
full_rq0_seed42__rq0_0024__rq0_0096,java,medium,True,True,True,1.0,-1.3095245361328125,False,True,True,True,0
full_rq0_seed42__rq0_0024__rq0_0175,java,medium,True,True,True,1.0,-2.3214292526245117,False,True,True,True,0
full_rq0_seed42__rq0_0024__rq0_0302,java,medium,True,True,True,1.0,-2.023810386657715,False,True,False,False,0
full_rq0_seed42__rq0_0025__rq0_0030,java,medium,True,False,False,0.0,0.11904716491699219,True,True,True,False,0
full_rq0_seed42__rq0_0025__rq0_0086,java,medium,True,True,True,1.0,0.3571434020996094,True,False,True,True,0
full_rq0_seed42__rq0_0025__rq0_0088,java,medium,True,False,False,1.0,0.0595245361328125,True,True,True,True,0
full_rq0_seed42__rq0_0025__rq0_0160,java,medium,True,False,False,1.0,0.23809528350830078,True,True,True,True,0
full_rq0_seed42__rq0_0025__rq0_0237,java,medium,True,False,False,1.0,0.17857074737548828,True,True,True,True,0
full_rq0_seed42__rq0_0025__rq0_0288,java,medium,True,True,True,1.0,-0.47618961334228516,False,True,True,False,0
full_rq0_seed42__rq0_0026__rq0_0088,java,medium,True,True,True,1.0,-0.2976188659667969,False,True,True,True,0
full_rq0_seed42__rq0_0026__rq0_0107,java,medium,True,True,False,0.0,0.5357151031494141,True,False,True,False,0
full_rq0_seed42__rq0_0026__rq0_0109,java,medium,True,True,True,1.0,-0.8928565979003906,False,True,True,False,0
full_rq0_seed42__rq0_0026__rq0_0151,java,medium,True,True,True,1.0,0.35714244842529297,True,False,True,True,0
full_rq0_seed42__rq0_0026__rq0_0197,java,medium,True,False,False,1.0,-0.0595245361328125,True,True,False,False,0
full_rq0_seed42__rq0_0026__rq0_0292,java,medium,True,True,True,1.0,0.2976188659667969,True,False,True,True,0
full_rq0_seed42__rq0_0027__rq0_0032,java,medium,True,True,True,1.0,-1.5476198196411133,False,True,True,True,0
full_rq0_seed42__rq0_0027__rq0_0193,java,medium,True,True,False,0.0,-1.1309518814086914,False,True,False,False,0
full_rq0_seed42__rq0_0027__rq0_0205,java,medium,True,True,False,0.0,-2.0238094329833984,False,True,True,False,0
full_rq0_seed42__rq0_0027__rq0_0207,java,medium,True,True,False,0.0,-1.4285707473754883,False,True,True,False,0
full_rq0_seed42__rq0_0027__rq0_0221,java,medium,True,True,True,1.0,-1.5476188659667969,False,True,True,True,0
full_rq0_seed42__rq0_0027__rq0_0240,java,medium,True,True,False,0.0,-1.7857131958007812,False,True,True,False,0
full_rq0_seed42__rq0_0027__rq0_0256,java,medium,True,True,False,0.0,-1.2499990463256836,False,True,False,False,0
full_rq0_seed42__rq0_0027__rq0_0259,java,medium,True,True,False,0.0,-1.8452377319335938,False,True,False,False,0
full_rq0_seed42__rq0_0027__rq0_0272,java,medium,True,True,False,0.0,-1.1904754638671875,False,True,False,False,0
full_rq0_seed42__rq0_0027__rq0_0275,java,medium,True,True,True,1.0,-1.7857141494750977,False,True,False,False,0
full_rq0_seed42__rq0_0028__rq0_0068,java,medium,True,False,False,1.0,9.5367431640625e-07,False,False,True,True,0
full_rq0_seed42__rq0_0028__rq0_0076,java,medium,True,True,False,0.0,-0.3571434020996094,False,True,True,True,0
full_rq0_seed42__rq0_0028__rq0_0109,java,medium,True,True,True,1.0,-0.5952377319335938,False,True,True,False,0
full_rq0_seed42__rq0_0028__rq0_0160,java,medium,True,False,False,,0.0,True,True,False,False,0
full_rq0_seed42__rq0_0029__rq0_0054,java,medium,True,False,False,1.0,-0.059523582458496094,True,True,True,True,0
full_rq0_seed42__rq0_0029__rq0_0116,java,medium,True,True,False,0.0,-1.309523582458496,False,True,True,False,0
full_rq0_seed42__rq0_0029__rq0_0140,java,medium,True,True,False,0.0,0.41666698455810547,True,False,False,False,0
full_rq0_seed42__rq0_0029__rq0_0166,java,medium,True,True,True,1.0,-1.6666669845581055,False,True,True,True,0
full_rq0_seed42__rq0_0029__rq0_0171,java,medium,True,True,False,0.0,-1.3690481185913086,False,True,True,False,0
full_rq0_seed42__rq0_0029__rq0_0230,java,medium,True,True,True,1.0,-1.309523582458496,False,True,True,True,0
full_rq0_seed42__rq0_0029__rq0_0273,java,medium,True,True,False,0.0,-0.41666603088378906,False,True,False,False,0
full_rq0_seed42__rq0_0029__rq0_0289,java,medium,True,True,True,1.0,-1.7857141494750977,False,True,False,False,0
full_rq0_seed42__rq0_0030__rq0_0094,java,medium,True,True,False,0.0,-0.35714244842529297,False,True,True,False,0
full_rq0_seed42__rq0_0030__rq0_0117,java,medium,True,False,False,1.0,0.059523582458496094,True,True,True,True,0
full_rq0_seed42__rq0_0030__rq0_0124,java,medium,True,True,True,1.0,0.6547622680664062,True,False,True,True,0
full_rq0_seed42__rq0_0030__rq0_0166,java,medium,True,True,False,0.0,-1.25,False,True,True,True,0
full_rq0_seed42__rq0_0030__rq0_0235,java,medium,True,True,False,0.0,-0.773808479309082,False,True,False,False,0
full_rq0_seed42__rq0_0031__rq0_0083,java,medium,True,True,False,0.0,-0.23809432983398438,False,True,True,False,0
full_rq0_seed42__rq0_0031__rq0_0108,java,medium,True,False,False,1.0,0.5357141494750977,True,True,True,True,0
full_rq0_seed42__rq0_0031__rq0_0159,java,medium,True,True,False,0.0,-1.666666030883789,False,True,True,False,0
full_rq0_seed42__rq0_0031__rq0_0176,java,medium,True,True,False,0.0,-0.7142868041992188,False,True,True,True,0
full_rq0_seed42__rq0_0031__rq0_0238,java,medium,True,True,True,1.0,0.23809528350830078,True,False,True,True,0
full_rq0_seed42__rq0_0031__rq0_0239,java,medium,True,True,False,0.0,-0.8928565979003906,False,True,True,True,0
full_rq0_seed42__rq0_0031__rq0_0256,java,medium,True,False,False,0.0,-0.1785717010498047,True,True,True,True,0
full_rq0_seed42__rq0_0031__rq0_0282,java,medium,True,True,True,1.0,-0.8928565979003906,False,True,True,False,0
full_rq0_seed42__rq0_0032__rq0_0044,java,medium,True,True,True,1.0,0.9523811340332031,True,False,True,True,0
full_rq0_seed42__rq0_0033__rq0_0135,java,medium,True,True,True,1.0,-0.2380962371826172,False,True,False,False,0
full_rq0_seed42__rq0_0033__rq0_0261,java,medium,True,True,True,1.0,-0.6547622680664062,False,True,False,False,0
full_rq0_seed42__rq0_0033__rq0_0283,java,medium,True,True,True,1.0,-1.0119047164916992,False,True,False,False,0
full_rq0_seed42__rq0_0034__rq0_0038,java,medium,True,True,True,1.0,-1.607142448425293,False,True,True,True,0
full_rq0_seed42__rq0_0034__rq0_0089,java,medium,True,True,True,1.0,1.0119047164916992,True,False,False,False,0
full_rq0_seed42__rq0_0034__rq0_0095,java,medium,True,True,True,1.0,-0.3571434020996094,False,True,True,True,0
full_rq0_seed42__rq0_0034__rq0_0132,java,medium,True,True,True,1.0,-1.6666669845581055,False,True,True,True,0
full_rq0_seed42__rq0_0034__rq0_0181,java,medium,True,True,True,1.0,-0.23809432983398438,False,True,True,True,0
full_rq0_seed42__rq0_0034__rq0_0260,java,medium,True,True,True,1.0,-1.9047613143920898,False,True,False,False,0
full_rq0_seed42__rq0_0035__rq0_0040,java,medium,True,True,False,0.0,0.1785717010498047,True,False,True,True,0
full_rq0_seed42__rq0_0035__rq0_0113,java,medium,True,True,True,1.0,-0.892857551574707,False,True,True,True,0
full_rq0_seed42__rq0_0035__rq0_0139,java,medium,True,True,True,1.0,-0.8928565979003906,False,True,True,True,0
full_rq0_seed42__rq0_0035__rq0_0179,java,medium,True,True,False,0.0,1.4880952835083008,True,False,True,False,0
full_rq0_seed42__rq0_0035__rq0_0237,java,medium,True,True,False,0.0,0.23809432983398438,True,False,True,False,0
full_rq0_seed42__rq0_0035__rq0_0254,java,medium,True,True,True,1.0,-0.4166679382324219,False,True,False,False,0
full_rq0_seed42__rq0_0035__rq0_0303,java,medium,True,True,True,1.0,-0.29761791229248047,False,True,False,False,0
full_rq0_seed42__rq0_0036__rq0_0068,java,medium,True,True,False,0.0,-0.3571434020996094,False,True,False,False,0
full_rq0_seed42__rq0_0036__rq0_0071,java,medium,True,True,False,0.0,0.1190481185913086,True,False,False,False,0
full_rq0_seed42__rq0_0036__rq0_0132,java,medium,True,True,True,1.0,-1.190476417541504,False,True,True,True,0
full_rq0_seed42__rq0_0036__rq0_0152,java,medium,True,True,False,0.0,-1.190476417541504,False,True,False,False,0
full_rq0_seed42__rq0_0036__rq0_0169,java,medium,True,True,True,1.0,-0.41666698455810547,False,True,False,False,0
full_rq0_seed42__rq0_0036__rq0_0237,java,medium,True,True,True,1.0,-0.4166679382324219,False,True,False,False,0
full_rq0_seed42__rq0_0036__rq0_0258,java,medium,True,True,True,1.0,-0.5357141494750977,False,True,False,False,0
full_rq0_seed42__rq0_0036__rq0_0268,java,medium,True,True,True,1.0,-0.3571434020996094,False,True,True,False,0
full_rq0_seed42__rq0_0037__rq0_0056,java,medium,True,False,False,1.0,0.17857074737548828,False,False,False,False,0
full_rq0_seed42__rq0_0037__rq0_0066,java,medium,True,False,False,0.0,0.11904716491699219,True,True,True,True,0
full_rq0_seed42__rq0_0037__rq0_0088,java,medium,True,True,True,1.0,-0.41666698455810547,False,True,True,True,0
full_rq0_seed42__rq0_0037__rq0_0125,java,medium,True,False,False,0.0,-0.41666698455810547,True,True,True,False,0
full_rq0_seed42__rq0_0037__rq0_0159,java,medium,True,True,True,1.0,-1.3690481185913086,False,True,True,True,0
full_rq0_seed42__rq0_0037__rq0_0195,java,medium,True,True,False,0.0,-0.41666603088378906,False,True,True,False,0
full_rq0_seed42__rq0_0037__rq0_0206,java,medium,True,True,True,1.0,-0.9523811340332031,False,True,True,True,0
full_rq0_seed42__rq0_0037__rq0_0263,java,medium,True,False,False,0.0,-0.17857074737548828,True,True,False,False,0
full_rq0_seed42__rq0_0037__rq0_0286,java,medium,True,False,False,0.0,-0.2976188659667969,False,False,False,False,0
full_rq0_seed42__rq0_0037__rq0_0300,java,medium,True,False,False,0.0,0.0595245361328125,False,False,False,False,0
full_rq0_seed42__rq0_0038__rq0_0090,java,medium,True,True,False,0.0,0.8333330154418945,True,False,True,False,0
full_rq0_seed42__rq0_0038__rq0_0109,java,medium,True,True,False,0.0,0.1785717010498047,True,False,True,False,0
full_rq0_seed42__rq0_0038__rq0_0125,java,medium,True,False,False,0.0,-9.5367431640625e-07,True,True,True,True,0
full_rq0_seed42__rq0_0038__rq0_0134,java,medium,True,True,False,0.0,1.0119047164916992,True,False,True,False,0
full_rq0_seed42__rq0_0038__rq0_0145,java,medium,True,False,False,0.0,-0.0595245361328125,True,True,True,False,0
full_rq0_seed42__rq0_0038__rq0_0153,java,medium,True,False,False,0.0,-0.1190481185913086,True,True,True,False,0
full_rq0_seed42__rq0_0038__rq0_0176,java,medium,True,False,False,0.0,9.5367431640625e-07,False,False,True,False,0
full_rq0_seed42__rq0_0038__rq0_0299,java,medium,True,True,False,0.0,0.059523582458496094,True,False,False,False,0
full_rq0_seed42__rq0_0038__rq0_0300,java,medium,True,True,False,0.0,0.7738094329833984,True,False,True,False,0
full_rq0_seed42__rq0_0039__rq0_0096,java,medium,True,True,True,1.0,-1.7261905670166016,False,True,True,True,0
full_rq0_seed42__rq0_0039__rq0_0113,java,medium,True,True,True,1.0,-2.6785707473754883,False,True,True,True,0
full_rq0_seed42__rq0_0039__rq0_0175,java,medium,True,True,True,1.0,-2.8571434020996094,False,True,True,True,0
full_rq0_seed42__rq0_0040__rq0_0053,java,medium,True,True,True,1.0,0.11904716491699219,True,False,True,True,0
full_rq0_seed42__rq0_0040__rq0_0073,java,medium,True,False,False,1.0,-0.1785717010498047,True,True,False,False,0
full_rq0_seed42__rq0_0040__rq0_0156,java,medium,True,True,True,1.0,-0.9523811340332031,False,True,True,False,0
full_rq0_seed42__rq0_0040__rq0_0163,java,medium,True,True,True,1.0,-0.23809528350830078,False,True,True,False,0
full_rq0_seed42__rq0_0040__rq0_0278,java,medium,True,True,True,1.0,0.23809528350830078,True,False,True,True,0
full_rq0_seed42__rq0_0041__rq0_0055,java,medium,True,True,True,1.0,-0.7738094329833984,False,True,False,False,0
full_rq0_seed42__rq0_0041__rq0_0070,java,medium,True,True,False,0.0,-0.41666698455810547,False,True,False,False,0
full_rq0_seed42__rq0_0041__rq0_0095,java,medium,True,True,False,0.0,-0.2976198196411133,False,True,True,False,0
full_rq0_seed42__rq0_0041__rq0_0193,java,medium,True,True,True,1.0,-0.8928565979003906,False,True,False,False,0
full_rq0_seed42__rq0_0041__rq0_0279,java,medium,True,True,True,1.0,-1.4285717010498047,False,True,False,False,0
full_rq0_seed42__rq0_0042__rq0_0131,java,medium,True,False,False,1.0,0.41666698455810547,True,True,False,False,0
full_rq0_seed42__rq0_0042__rq0_0199,java,medium,True,True,False,0.0,-1.25,False,True,True,True,0
full_rq0_seed42__rq0_0042__rq0_0243,java,medium,True,True,False,0.0,-0.7142868041992188,False,True,False,False,0
full_rq0_seed42__rq0_0042__rq0_0282,java,medium,True,True,True,1.0,-0.7142858505249023,False,True,False,False,0
full_rq0_seed42__rq0_0043__rq0_0048,java,medium,True,True,False,0.0,0.7738103866577148,True,False,False,False,0
full_rq0_seed42__rq0_0043__rq0_0090,java,medium,True,True,True,1.0,0.8928565979003906,True,False,False,False,0
full_rq0_seed42__rq0_0043__rq0_0107,java,medium,True,False,False,1.0,0.47619056701660156,True,True,True,True,0
full_rq0_seed42__rq0_0043__rq0_0134,java,medium,True,True,True,1.0,1.3690471649169922,True,False,True,True,0
full_rq0_seed42__rq0_0043__rq0_0136,java,medium,True,False,False,0.0,-0.119049072265625,True,True,True,False,0
full_rq0_seed42__rq0_0043__rq0_0240,java,medium,True,False,False,0.0,-0.3571434020996094,True,True,False,False,0
full_rq0_seed42__rq0_0044__rq0_0162,java,medium,True,False,False,1.0,0.0595245361328125,True,True,False,False,0
full_rq0_seed42__rq0_0044__rq0_0169,java,medium,True,False,False,0.0,-0.23809528350830078,True,True,False,False,0
full_rq0_seed42__rq0_0044__rq0_0173,java,medium,True,True,False,0.0,0.6547613143920898,True,False,True,False,0
full_rq0_seed42__rq0_0044__rq0_0201,java,medium,True,True,False,0.0,-0.9523811340332031,False,True,False,False,0
full_rq0_seed42__rq0_0044__rq0_0244,java,medium,True,True,True,1.0,-0.5357141494750977,False,True,False,False,0
full_rq0_seed42__rq0_0044__rq0_0246,java,medium,True,True,True,1.0,-1.190476417541504,False,True,True,True,0
full_rq0_seed42__rq0_0046__rq0_0118,java,medium,True,True,True,1.0,0.41666698455810547,True,False,True,True,0
full_rq0_seed42__rq0_0046__rq0_0144,java,medium,True,True,True,1.0,0.47619056701660156,True,False,True,True,0
full_rq0_seed42__rq0_0046__rq0_0182,java,medium,True,False,False,0.0,0.1785717010498047,True,True,True,False,0
full_rq0_seed42__rq0_0046__rq0_0270,java,medium,True,False,False,0.0,-0.2976188659667969,True,True,True,True,0
full_rq0_seed42__rq0_0046__rq0_0305,java,medium,True,True,False,0.0,-1.0119037628173828,False,True,True,True,0
full_rq0_seed42__rq0_0047__rq0_0069,java,medium,True,True,True,1.0,0.41666698455810547,True,False,True,False,0
full_rq0_seed42__rq0_0047__rq0_0182,java,medium,True,False,False,0.0,0.1190481185913086,True,True,True,False,0
full_rq0_seed42__rq0_0048__rq0_0062,java,medium,True,True,True,1.0,0.47619056701660156,True,False,True,True,0
full_rq0_seed42__rq0_0048__rq0_0072,java,medium,True,True,True,1.0,0.2976198196411133,True,False,True,True,0
full_rq0_seed42__rq0_0049__rq0_0108,java,medium,True,True,True,1.0,1.6071434020996094,True,False,True,True,0
full_rq0_seed42__rq0_0049__rq0_0136,java,medium,True,True,False,0.0,-0.5357141494750977,False,True,False,False,0
full_rq0_seed42__rq0_0049__rq0_0252,java,medium,True,False,False,0.0,-0.2380962371826172,False,False,True,True,0
full_rq0_seed42__rq0_0049__rq0_0272,java,medium,True,False,False,,0.0,True,True,True,True,0
full_rq0_seed42__rq0_0050__rq0_0113,java,medium,True,True,True,1.0,-0.6547622680664062,False,True,False,False,0
full_rq0_seed42__rq0_0051__rq0_0106,java,medium,True,True,True,1.0,-0.7738094329833984,False,True,False,False,0
full_rq0_seed42__rq0_0051__rq0_0169,java,medium,True,True,True,1.0,-0.47619056701660156,False,True,False,False,0
full_rq0_seed42__rq0_0051__rq0_0237,java,medium,True,True,True,1.0,-0.5357141494750977,False,True,False,False,0
full_rq0_seed42__rq0_0052__rq0_0123,java,medium,True,True,True,1.0,0.773808479309082,True,False,True,True,0
full_rq0_seed42__rq0_0053__rq0_0148,java,medium,True,True,False,0.0,0.47619056701660156,True,False,True,False,0
full_rq0_seed42__rq0_0053__rq0_0212,java,medium,True,True,True,1.0,-0.9523811340332031,False,True,False,False,0
full_rq0_seed42__rq0_0053__rq0_0262,java,medium,True,True,True,1.0,-0.9523801803588867,False,True,False,False,0
full_rq0_seed42__rq0_0054__rq0_0114,java,medium,True,True,True,1.0,-0.8928565979003906,False,True,True,True,0
full_rq0_seed42__rq0_0054__rq0_0168,java,medium,True,True,True,1.0,-0.5952367782592773,False,True,True,False,0
full_rq0_seed42__rq0_0054__rq0_0172,java,medium,True,True,False,0.0,-0.8333330154418945,False,True,True,True,0
full_rq0_seed42__rq0_0054__rq0_0191,java,medium,True,True,False,0.0,-0.9523820877075195,False,True,True,True,0
full_rq0_seed42__rq0_0054__rq0_0194,java,medium,True,True,True,1.0,-0.8928565979003906,False,True,False,False,0
full_rq0_seed42__rq0_0054__rq0_0212,java,medium,True,True,False,0.0,-0.892857551574707,False,True,True,True,0
full_rq0_seed42__rq0_0054__rq0_0301,java,medium,True,True,False,0.0,-0.35714149475097656,False,True,True,True,0
full_rq0_seed42__rq0_0055__rq0_0167,java,medium,True,True,False,0.0,-0.773808479309082,False,True,True,False,0
full_rq0_seed42__rq0_0055__rq0_0237,java,medium,True,False,False,0.0,-0.17857074737548828,True,True,False,False,0
full_rq0_seed42__rq0_0055__rq0_0300,java,medium,True,False,False,,0.0,False,False,False,False,0
full_rq0_seed42__rq0_0055__rq0_0306,java,medium,True,True,True,1.0,-1.7857141494750977,False,True,False,False,0
full_rq0_seed42__rq0_0056__rq0_0067,java,medium,True,True,True,1.0,-0.6547622680664062,False,True,False,False,0
full_rq0_seed42__rq0_0056__rq0_0096,java,medium,True,True,True,1.0,-0.2976188659667969,False,True,True,True,0
full_rq0_seed42__rq0_0057__rq0_0071,java,medium,True,True,True,1.0,0.41666603088378906,True,False,True,True,0
full_rq0_seed42__rq0_0057__rq0_0078,java,medium,True,True,True,1.0,-0.3571434020996094,False,True,True,True,0
full_rq0_seed42__rq0_0057__rq0_0088,java,medium,True,False,False,0.0,-0.1785726547241211,False,False,True,False,0
full_rq0_seed42__rq0_0057__rq0_0106,java,medium,True,False,False,0.0,-0.059523582458496094,True,True,True,True,0
full_rq0_seed42__rq0_0057__rq0_0160,java,medium,True,True,True,1.0,0.35714244842529297,True,False,True,True,0
full_rq0_seed42__rq0_0057__rq0_0206,java,medium,True,True,False,0.0,-0.8333339691162109,False,True,False,False,0
full_rq0_seed42__rq0_0057__rq0_0224,java,medium,True,True,True,1.0,-1.964284896850586,False,True,True,True,0
full_rq0_seed42__rq0_0057__rq0_0266,java,medium,True,True,True,1.0,-1.7857141494750977,False,True,True,True,0
full_rq0_seed42__rq0_0058__rq0_0087,java,medium,True,True,False,0.0,0.5357151031494141,True,False,True,True,0
full_rq0_seed42__rq0_0058__rq0_0118,java,medium,True,True,True,1.0,0.6547613143920898,True,False,False,False,0
full_rq0_seed42__rq0_0058__rq0_0206,java,medium,True,True,False,0.0,-0.2976198196411133,False,True,False,False,0
full_rq0_seed42__rq0_0059__rq0_0086,java,medium,True,False,False,0.0,-0.17857074737548828,True,True,True,False,0
full_rq0_seed42__rq0_0059__rq0_0136,java,medium,True,False,False,0.0,-0.17857074737548828,True,True,True,False,0
full_rq0_seed42__rq0_0059__rq0_0162,java,medium,True,False,False,1.0,0.1785717010498047,True,True,True,True,0
full_rq0_seed42__rq0_0059__rq0_0167,java,medium,True,True,False,0.0,-0.7738094329833984,False,True,True,False,0
full_rq0_seed42__rq0_0059__rq0_0185,java,medium,True,True,True,1.0,-2.0238094329833984,False,True,True,True,0
full_rq0_seed42__rq0_0059__rq0_0194,java,medium,True,True,True,1.0,-1.4285707473754883,False,True,True,True,0
full_rq0_seed42__rq0_0059__rq0_0246,java,medium,True,True,True,1.0,-1.6071434020996094,False,True,True,True,0
full_rq0_seed42__rq0_0060__rq0_0070,java,medium,True,True,False,0.0,-0.7142858505249023,False,True,True,False,0
full_rq0_seed42__rq0_0060__rq0_0092,java,medium,True,True,True,1.0,-0.892857551574707,False,True,True,True,0
full_rq0_seed42__rq0_0060__rq0_0096,java,medium,True,True,False,0.0,-1.0119047164916992,False,True,False,False,0
full_rq0_seed42__rq0_0060__rq0_0132,java,medium,True,True,False,0.0,-1.4285717010498047,False,True,True,False,0
full_rq0_seed42__rq0_0060__rq0_0168,java,medium,True,True,True,1.0,-1.8452377319335938,False,True,True,True,0
full_rq0_seed42__rq0_0060__rq0_0175,java,medium,True,True,False,0.0,-1.8452386856079102,False,True,True,False,0
full_rq0_seed42__rq0_0060__rq0_0184,java,medium,True,True,True,1.0,-1.1309518814086914,False,True,True,True,0
full_rq0_seed42__rq0_0060__rq0_0213,java,medium,True,True,False,0.0,-1.309523582458496,False,True,False,False,0
full_rq0_seed42__rq0_0060__rq0_0233,java,medium,True,True,False,0.0,-1.6666669845581055,False,True,False,False,0
full_rq0_seed42__rq0_0060__rq0_0260,java,medium,True,True,False,0.0,-2.3214282989501953,False,True,False,False,0
full_rq0_seed42__rq0_0060__rq0_0273,java,medium,True,True,False,0.0,-1.25,False,True,False,False,0
full_rq0_seed42__rq0_0061__rq0_0123,java,medium,True,True,False,0.0,0.17857074737548828,True,False,True,False,0
full_rq0_seed42__rq0_0062__rq0_0086,java,medium,True,True,False,0.0,-0.2976188659667969,False,True,False,False,0
full_rq0_seed42__rq0_0062__rq0_0100,java,medium,True,True,False,0.0,-0.7738094329833984,False,True,False,False,0
full_rq0_seed42__rq0_0062__rq0_0113,java,medium,True,True,False,0.0,-1.6071434020996094,False,True,True,False,0
full_rq0_seed42__rq0_0062__rq0_0132,java,medium,True,True,False,0.0,-1.190476417541504,False,True,True,False,0
full_rq0_seed42__rq0_0063__rq0_0105,java,medium,True,True,True,1.0,-0.8333330154418945,False,True,True,False,0
full_rq0_seed42__rq0_0063__rq0_0247,java,medium,True,True,False,0.0,-0.892857551574707,False,True,True,True,0
full_rq0_seed42__rq0_0063__rq0_0261,java,medium,True,True,False,0.0,-1.071427345275879,False,True,True,True,0
full_rq0_seed42__rq0_0063__rq0_0277,java,medium,True,True,False,0.0,-1.309523582458496,False,True,False,False,0
full_rq0_seed42__rq0_0063__rq0_0291,java,medium,True,True,False,0.0,-0.8333320617675781,False,True,True,True,0
full_rq0_seed42__rq0_0064__rq0_0149,java,medium,True,False,False,0.0,-0.3571434020996094,True,True,True,True,0
full_rq0_seed42__rq0_0064__rq0_0188,java,medium,True,False,False,1.0,-0.47619056701660156,True,True,True,False,0
full_rq0_seed42__rq0_0064__rq0_0302,java,medium,True,False,False,1.0,-0.35714244842529297,True,True,True,False,0
full_rq0_seed42__rq0_0065__rq0_0128,java,medium,True,True,True,1.0,-0.5357141494750977,False,True,True,False,0
full_rq0_seed42__rq0_0065__rq0_0156,java,medium,True,True,False,0.0,-0.7738094329833984,False,True,True,True,0
full_rq0_seed42__rq0_0065__rq0_0163,java,medium,True,False,False,1.0,9.5367431640625e-07,True,True,True,True,0
full_rq0_seed42__rq0_0065__rq0_0205,java,medium,True,True,False,0.0,-1.190476417541504,False,True,True,False,0
full_rq0_seed42__rq0_0065__rq0_0257,java,medium,True,False,False,1.0,0.1785717010498047,True,True,True,True,0
full_rq0_seed42__rq0_0066__rq0_0304,java,medium,True,True,True,1.0,-1.1309518814086914,False,True,False,False,0
full_rq0_seed42__rq0_0067__rq0_0197,java,medium,True,True,True,1.0,-0.1785726547241211,False,True,False,False,0
full_rq0_seed42__rq0_0067__rq0_0210,java,medium,True,True,True,1.0,-0.41666698455810547,False,True,False,False,0
full_rq0_seed42__rq0_0067__rq0_0240,java,medium,True,True,True,1.0,-0.8333339691162109,False,True,True,True,0
full_rq0_seed42__rq0_0067__rq0_0255,java,medium,True,True,True,1.0,-1.4285717010498047,False,True,False,False,0
full_rq0_seed42__rq0_0067__rq0_0263,java,medium,True,False,False,0.0,-0.2976188659667969,True,True,False,False,0
full_rq0_seed42__rq0_0068__rq0_0096,java,medium,True,True,False,0.0,0.059523582458496094,True,False,False,False,0
full_rq0_seed42__rq0_0068__rq0_0101,java,medium,True,True,True,1.0,-1.5476179122924805,False,True,False,False,0
full_rq0_seed42__rq0_0068__rq0_0116,java,medium,True,True,True,1.0,-1.309523582458496,False,True,True,True,0
full_rq0_seed42__rq0_0069__rq0_0092,java,medium,True,True,True,1.0,-0.41666698455810547,False,True,True,False,0
full_rq0_seed42__rq0_0069__rq0_0269,java,medium,True,True,True,1.0,0.47618961334228516,True,False,True,True,0
full_rq0_seed42__rq0_0069__rq0_0288,java,medium,True,True,True,1.0,-1.4285707473754883,False,True,True,False,0
full_rq0_seed42__rq0_0070__rq0_0073,java,medium,True,True,True,1.0,-0.2976188659667969,False,True,False,False,0
full_rq0_seed42__rq0_0070__rq0_0088,java,medium,True,False,False,1.0,-0.29761791229248047,False,False,True,True,0
full_rq0_seed42__rq0_0070__rq0_0108,java,medium,True,True,False,0.0,0.47619056701660156,True,False,True,False,0
full_rq0_seed42__rq0_0070__rq0_0118,java,medium,True,False,False,0.0,0.11904716491699219,False,False,False,False,0
full_rq0_seed42__rq0_0070__rq0_0129,java,medium,True,True,True,1.0,-0.2976198196411133,False,True,False,False,0
full_rq0_seed42__rq0_0070__rq0_0170,java,medium,True,True,True,1.0,0.11904716491699219,True,False,True,True,0
full_rq0_seed42__rq0_0070__rq0_0183,java,medium,True,True,False,0.0,-0.23809528350830078,False,True,False,False,0
full_rq0_seed42__rq0_0070__rq0_0219,java,medium,True,True,True,1.0,-0.41666698455810547,False,True,False,False,0
full_rq0_seed42__rq0_0070__rq0_0307,java,medium,True,True,True,1.0,-0.6547613143920898,False,True,False,False,0
full_rq0_seed42__rq0_0071__rq0_0085,java,medium,True,True,False,0.0,-0.059523582458496094,False,True,False,False,0
full_rq0_seed42__rq0_0071__rq0_0121,java,medium,True,True,False,0.0,-2.202381134033203,False,True,True,False,0
full_rq0_seed42__rq0_0071__rq0_0180,java,medium,True,True,False,0.0,-2.023808479309082,False,True,False,False,0
full_rq0_seed42__rq0_0071__rq0_0192,java,medium,True,True,True,1.0,-1.3095226287841797,False,True,True,True,0
full_rq0_seed42__rq0_0071__rq0_0260,java,medium,True,True,False,0.0,-1.6666669845581055,False,True,False,False,0
full_rq0_seed42__rq0_0072__rq0_0118,java,medium,True,False,False,0.0,-0.2976198196411133,False,False,False,False,0
full_rq0_seed42__rq0_0072__rq0_0176,java,medium,True,True,False,0.0,-1.3690471649169922,False,True,True,False,0
full_rq0_seed42__rq0_0072__rq0_0194,java,medium,True,True,True,1.0,-0.9523820877075195,False,True,True,True,0
full_rq0_seed42__rq0_0072__rq0_0221,java,medium,True,True,True,1.0,-1.7261896133422852,False,True,True,True,0
full_rq0_seed42__rq0_0073__rq0_0079,java,medium,True,True,False,0.0,0.29761791229248047,True,False,True,False,0
full_rq0_seed42__rq0_0073__rq0_0112,java,medium,True,True,False,0.0,-0.5952377319335938,False,True,True,True,0
full_rq0_seed42__rq0_0073__rq0_0116,java,medium,True,True,False,0.0,-1.6071434020996094,False,True,True,True,0
full_rq0_seed42__rq0_0073__rq0_0181,java,medium,True,False,False,1.0,0.17857074737548828,True,True,True,True,0
full_rq0_seed42__rq0_0073__rq0_0215,java,medium,True,True,True,1.0,-1.0714282989501953,False,True,False,False,0
full_rq0_seed42__rq0_0073__rq0_0223,java,medium,True,True,True,1.0,-1.309523582458496,False,True,False,False,0
full_rq0_seed42__rq0_0073__rq0_0235,java,medium,True,True,True,1.0,-0.7142848968505859,False,True,False,False,0
full_rq0_seed42__rq0_0073__rq0_0247,java,medium,True,False,False,0.0,-0.2976198196411133,True,True,True,True,0
full_rq0_seed42__rq0_0073__rq0_0274,java,medium,True,False,False,0.0,-0.1190481185913086,True,True,True,True,0
full_rq0_seed42__rq0_0073__rq0_0279,java,medium,True,True,True,1.0,-0.5357141494750977,False,True,True,False,0
full_rq0_seed42__rq0_0073__rq0_0281,java,medium,True,True,False,0.0,-0.23809528350830078,False,True,True,True,0
full_rq0_seed42__rq0_0073__rq0_0297,java,medium,True,False,False,1.0,-0.3571434020996094,True,True,False,False,0
full_rq0_seed42__rq0_0074__rq0_0100,java,medium,True,False,False,1.0,0.47619056701660156,False,False,False,False,0
full_rq0_seed42__rq0_0074__rq0_0101,java,medium,True,True,False,0.0,-0.9523820877075195,False,True,False,False,0
full_rq0_seed42__rq0_0074__rq0_0220,java,medium,True,True,True,1.0,-1.4880952835083008,False,True,False,False,0
full_rq0_seed42__rq0_0074__rq0_0302,java,medium,True,False,False,0.0,-0.29761791229248047,True,True,False,False,0
full_rq0_seed42__rq0_0075__rq0_0167,java,medium,True,True,True,1.0,-0.6547613143920898,False,True,True,True,0
full_rq0_seed42__rq0_0075__rq0_0191,java,medium,True,True,True,1.0,-0.892857551574707,False,True,False,False,0
full_rq0_seed42__rq0_0075__rq0_0201,java,medium,True,True,True,1.0,-0.8928565979003906,False,True,False,False,0
full_rq0_seed42__rq0_0075__rq0_0245,java,medium,True,True,True,1.0,-1.1309528350830078,False,True,False,False,0
full_rq0_seed42__rq0_0075__rq0_0253,java,medium,True,True,False,0.0,0.35714244842529297,True,False,False,False,0
full_rq0_seed42__rq0_0077__rq0_0095,java,medium,True,True,True,1.0,0.41666698455810547,True,False,True,False,0
full_rq0_seed42__rq0_0077__rq0_0116,java,medium,True,True,False,0.0,-1.190476417541504,False,True,True,False,0
full_rq0_seed42__rq0_0077__rq0_0137,java,medium,True,True,True,1.0,-1.4285717010498047,False,True,True,True,0
full_rq0_seed42__rq0_0077__rq0_0230,java,medium,True,True,True,1.0,-1.5476188659667969,False,True,True,True,0
full_rq0_seed42__rq0_0077__rq0_0247,java,medium,True,True,False,0.0,-1.309523582458496,False,True,False,False,0
full_rq0_seed42__rq0_0077__rq0_0265,java,medium,True,True,True,1.0,-1.0119056701660156,False,True,True,True,0
full_rq0_seed42__rq0_0077__rq0_0289,java,medium,True,True,True,1.0,-1.5476188659667969,False,True,True,True,0
full_rq0_seed42__rq0_0077__rq0_0293,java,medium,True,True,False,0.0,-0.9523811340332031,False,True,True,False,0
full_rq0_seed42__rq0_0078__rq0_0103,java,medium,True,True,True,1.0,0.2380962371826172,True,False,True,True,0
full_rq0_seed42__rq0_0078__rq0_0207,java,medium,True,False,False,0.0,-0.41666603088378906,True,True,True,True,0
full_rq0_seed42__rq0_0078__rq0_0230,java,medium,True,False,False,0.0,-0.1190481185913086,True,True,True,True,0
full_rq0_seed42__rq0_0079__rq0_0270,java,medium,True,True,False,0.0,-0.5952377319335938,False,True,False,False,0
full_rq0_seed42__rq0_0080__rq0_0120,java,medium,True,True,False,0.0,1.7261905670166016,True,False,True,False,0
full_rq0_seed42__rq0_0080__rq0_0143,java,medium,True,True,False,0.0,-0.41666698455810547,False,True,False,False,0
full_rq0_seed42__rq0_0080__rq0_0144,java,medium,True,True,True,1.0,0.8928585052490234,True,False,True,True,0
full_rq0_seed42__rq0_0080__rq0_0156,java,medium,True,False,False,0.0,-0.41666603088378906,True,True,True,True,0
full_rq0_seed42__rq0_0080__rq0_0199,java,medium,True,False,False,0.0,-0.5357141494750977,True,True,True,True,0
full_rq0_seed42__rq0_0080__rq0_0205,java,medium,True,True,False,0.0,-1.1309518814086914,False,True,True,False,0
full_rq0_seed42__rq0_0080__rq0_0239,java,medium,True,True,False,0.0,-1.25,False,True,False,False,0
full_rq0_seed42__rq0_0080__rq0_0240,java,medium,True,True,False,0.0,-0.6547622680664062,False,True,False,False,0
full_rq0_seed42__rq0_0080__rq0_0243,java,medium,True,False,False,0.0,-0.1785717010498047,True,True,True,True,0
full_rq0_seed42__rq0_0080__rq0_0264,java,medium,True,False,False,1.0,0.11904716491699219,True,True,True,True,0
full_rq0_seed42__rq0_0081__rq0_0106,java,medium,True,False,False,1.0,-0.1785717010498047,True,True,True,False,0
full_rq0_seed42__rq0_0081__rq0_0162,java,medium,True,False,False,0.0,0.1190481185913086,False,False,True,False,0
full_rq0_seed42__rq0_0081__rq0_0165,java,medium,True,False,False,0.0,0.11904716491699219,True,True,False,False,0
full_rq0_seed42__rq0_0081__rq0_0212,java,medium,True,True,True,1.0,-0.7738094329833984,False,True,True,False,0
full_rq0_seed42__rq0_0082__rq0_0118,java,medium,True,False,False,0.0,-0.11904716491699219,False,False,False,False,0
full_rq0_seed42__rq0_0082__rq0_0216,java,medium,True,True,False,0.0,-0.7142858505249023,False,True,False,False,0
full_rq0_seed42__rq0_0082__rq0_0242,java,medium,True,True,False,0.0,-0.5952386856079102,False,True,False,False,0
full_rq0_seed42__rq0_0083__rq0_0113,java,medium,True,True,False,0.0,-1.0714282989501953,False,True,True,True,0
full_rq0_seed42__rq0_0083__rq0_0148,java,medium,True,True,True,1.0,1.1309518814086914,True,False,True,True,0
full_rq0_seed42__rq0_0083__rq0_0280,java,medium,True,True,True,1.0,-0.773808479309082,False,True,True,False,0
full_rq0_seed42__rq0_0083__rq0_0306,java,medium,True,True,True,1.0,-1.0714282989501953,False,True,True,False,0
full_rq0_seed42__rq0_0084__rq0_0097,java,medium,True,True,True,1.0,-1.3690471649169922,False,True,True,False,0
full_rq0_seed42__rq0_0084__rq0_0113,java,medium,True,True,True,1.0,-2.440476417541504,False,True,True,True,0
full_rq0_seed42__rq0_0084__rq0_0123,java,medium,True,True,True,1.0,-0.5357141494750977,False,True,False,False,0
full_rq0_seed42__rq0_0084__rq0_0200,java,medium,True,True,True,1.0,-2.619047164916992,False,True,True,True,0
full_rq0_seed42__rq0_0084__rq0_0201,java,medium,True,True,True,1.0,-2.3809518814086914,False,True,True,True,0
full_rq0_seed42__rq0_0084__rq0_0262,java,medium,True,True,True,1.0,-2.380952835083008,False,True,True,True,0
full_rq0_seed42__rq0_0085__rq0_0088,java,medium,True,True,True,1.0,-0.6547613143920898,False,True,True,True,0
full_rq0_seed42__rq0_0085__rq0_0109,java,medium,True,True,True,1.0,-0.9523811340332031,False,True,False,False,0
full_rq0_seed42__rq0_0085__rq0_0136,java,medium,True,True,True,1.0,-0.7142848968505859,False,True,True,True,0
full_rq0_seed42__rq0_0085__rq0_0231,java,medium,True,True,False,0.0,-0.7738094329833984,False,True,True,False,0
full_rq0_seed42__rq0_0086__rq0_0116,java,medium,True,True,False,0.0,-1.7857141494750977,False,True,False,False,0
full_rq0_seed42__rq0_0086__rq0_0117,java,medium,True,False,False,1.0,-0.059523582458496094,True,True,True,False,0
full_rq0_seed42__rq0_0086__rq0_0137,java,medium,True,True,True,1.0,-1.0119047164916992,False,True,True,False,0
full_rq0_seed42__rq0_0086__rq0_0143,java,medium,True,True,True,1.0,-1.0714282989501953,False,True,False,False,0
full_rq0_seed42__rq0_0086__rq0_0205,java,medium,True,True,True,1.0,-1.3095245361328125,False,True,True,True,0
full_rq0_seed42__rq0_0086__rq0_0207,java,medium,True,True,True,1.0,-0.9523820877075195,False,True,False,False,0
full_rq0_seed42__rq0_0086__rq0_0214,java,medium,True,True,False,0.0,-1.3095245361328125,False,True,True,True,0
full_rq0_seed42__rq0_0087__rq0_0166,java,medium,True,True,False,0.0,-1.7261905670166016,False,True,True,True,0
full_rq0_seed42__rq0_0087__rq0_0209,java,medium,True,True,False,0.0,-1.190476417541504,False,True,True,True,0
full_rq0_seed42__rq0_0087__rq0_0271,java,medium,True,False,False,0.0,-0.7738094329833984,True,True,True,True,0
full_rq0_seed42__rq0_0087__rq0_0290,java,medium,True,True,True,1.0,0.23809528350830078,True,False,True,True,0
full_rq0_seed42__rq0_0087__rq0_0296,java,medium,True,True,False,0.0,-1.6666669845581055,False,True,True,True,0
full_rq0_seed42__rq0_0088__rq0_0094,java,medium,True,True,True,1.0,-0.1785717010498047,False,True,True,True,0
full_rq0_seed42__rq0_0088__rq0_0146,java,medium,True,False,False,0.0,0.1190481185913086,True,True,True,False,0
full_rq0_seed42__rq0_0088__rq0_0184,java,medium,True,False,False,1.0,-0.2976188659667969,True,True,True,True,0
full_rq0_seed42__rq0_0088__rq0_0271,java,medium,True,False,False,1.0,-0.47619056701660156,True,True,True,False,0
full_rq0_seed42__rq0_0089__rq0_0195,java,medium,True,True,True,1.0,-2.5595245361328125,False,True,True,True,0
full_rq0_seed42__rq0_0089__rq0_0232,java,medium,True,True,True,1.0,-2.9166669845581055,False,True,True,True,0
full_rq0_seed42__rq0_0089__rq0_0263,java,medium,True,True,True,1.0,-1.7261896133422852,False,True,True,True,0
full_rq0_seed42__rq0_0089__rq0_0285,java,medium,True,True,True,1.0,-2.6785717010498047,False,True,False,False,0
full_rq0_seed42__rq0_0090__rq0_0095,java,medium,True,True,True,1.0,0.35714244842529297,True,False,True,True,0
full_rq0_seed42__rq0_0090__rq0_0102,java,medium,True,True,False,0.0,0.5952386856079102,True,False,True,False,0
full_rq0_seed42__rq0_0090__rq0_0104,java,medium,True,True,False,0.0,-0.892857551574707,False,True,True,True,0
full_rq0_seed42__rq0_0090__rq0_0168,java,medium,True,True,True,1.0,-0.8928565979003906,False,True,True,True,0
full_rq0_seed42__rq0_0090__rq0_0198,java,medium,True,True,False,0.0,-0.5952377319335938,False,True,True,True,0
full_rq0_seed42__rq0_0090__rq0_0297,java,medium,True,True,True,1.0,-0.8333339691162109,False,True,False,False,0
full_rq0_seed42__rq0_0091__rq0_0247,java,medium,True,True,True,1.0,-0.9523801803588867,False,True,False,False,0
full_rq0_seed42__rq0_0091__rq0_0254,java,medium,True,True,True,1.0,-1.190476417541504,False,True,False,False,0
full_rq0_seed42__rq0_0091__rq0_0281,java,medium,True,True,True,1.0,-0.7738094329833984,False,True,False,False,0
full_rq0_seed42__rq0_0092__rq0_0235,java,medium,True,True,False,0.0,-1.1309518814086914,False,True,False,False,0
full_rq0_seed42__rq0_0093__rq0_0104,java,medium,True,False,False,1.0,0.7738094329833984,True,True,True,True,0
full_rq0_seed42__rq0_0093__rq0_0116,java,medium,True,False,False,1.0,0.23809528350830078,True,True,True,True,0
full_rq0_seed42__rq0_0093__rq0_0131,java,medium,True,True,False,0.0,1.6071434020996094,True,False,True,False,0
full_rq0_seed42__rq0_0093__rq0_0144,java,medium,True,True,False,0.0,2.083333969116211,True,False,True,False,0
full_rq0_seed42__rq0_0093__rq0_0206,java,medium,True,False,False,0.0,0.05952262878417969,True,True,False,False,0
full_rq0_seed42__rq0_0093__rq0_0207,java,medium,True,False,False,1.0,-0.059523582458496094,True,True,False,False,0
full_rq0_seed42__rq0_0093__rq0_0239,java,medium,True,False,False,1.0,-0.1190481185913086,True,True,True,True,0
full_rq0_seed42__rq0_0093__rq0_0252,java,medium,True,True,False,0.0,0.5952386856079102,True,False,True,False,0
full_rq0_seed42__rq0_0093__rq0_0263,java,medium,True,True,True,1.0,1.1309518814086914,True,False,True,True,0
full_rq0_seed42__rq0_0094__rq0_0109,java,medium,True,True,False,0.0,-0.3571434020996094,False,True,True,True,0
full_rq0_seed42__rq0_0094__rq0_0148,java,medium,True,True,True,1.0,0.9523811340332031,True,False,True,True,0
full_rq0_seed42__rq0_0095__rq0_0238,java,medium,True,False,False,1.0,-0.0595245361328125,False,False,True,False,0
full_rq0_seed42__rq0_0095__rq0_0251,java,medium,True,True,False,0.0,-0.9523811340332031,False,True,False,False,0
full_rq0_seed42__rq0_0095__rq0_0255,java,medium,True,True,True,1.0,-1.3690471649169922,False,True,False,False,0
full_rq0_seed42__rq0_0095__rq0_0270,java,medium,True,True,True,1.0,-0.6547622680664062,False,True,False,False,0
full_rq0_seed42__rq0_0096__rq0_0207,java,medium,True,True,True,1.0,-0.8333330154418945,False,True,True,True,0
full_rq0_seed42__rq0_0096__rq0_0210,java,medium,True,True,True,1.0,-0.7142858505249023,False,True,False,False,0
full_rq0_seed42__rq0_0096__rq0_0225,java,medium,True,True,False,0.0,-0.1785717010498047,False,True,False,False,0
full_rq0_seed42__rq0_0096__rq0_0252,java,medium,True,True,True,1.0,-0.5952386856079102,False,True,False,False,0
full_rq0_seed42__rq0_0096__rq0_0256,java,medium,True,False,False,,0.0,True,True,False,False,0
full_rq0_seed42__rq0_0097__rq0_0107,java,medium,True,True,False,0.0,0.17857074737548828,True,False,True,True,0
full_rq0_seed42__rq0_0097__rq0_0129,java,medium,True,True,True,1.0,-0.5357141494750977,False,True,True,True,0
full_rq0_seed42__rq0_0097__rq0_0151,java,medium,True,True,True,1.0,0.2976188659667969,True,False,False,False,0
full_rq0_seed42__rq0_0097__rq0_0206,java,medium,True,True,True,1.0,-1.9047622680664062,False,True,True,True,0
full_rq0_seed42__rq0_0097__rq0_0212,java,medium,True,True,True,1.0,-1.3690471649169922,False,True,True,True,0
full_rq0_seed42__rq0_0097__rq0_0285,java,medium,True,True,False,0.0,-0.7142858505249023,False,True,False,False,0
full_rq0_seed42__rq0_0097__rq0_0299,java,medium,True,True,True,1.0,-0.8928565979003906,False,True,False,False,0
full_rq0_seed42__rq0_0097__rq0_0311,java,medium,True,True,False,0.0,-1.25,False,True,True,False,0
full_rq0_seed42__rq0_0098__rq0_0195,java,medium,True,False,False,1.0,-0.23809528350830078,False,False,False,False,0
full_rq0_seed42__rq0_0098__rq0_0225,java,medium,True,True,True,1.0,-0.059523582458496094,False,True,True,False,0
full_rq0_seed42__rq0_0099__rq0_0129,java,medium,True,True,True,1.0,0.8333330154418945,True,False,False,False,0
full_rq0_seed42__rq0_0099__rq0_0162,java,medium,True,True,True,1.0,0.5952386856079102,True,False,True,True,0
full_rq0_seed42__rq0_0099__rq0_0191,java,medium,True,False,False,,0.0,True,True,True,True,0
full_rq0_seed42__rq0_0099__rq0_0200,java,medium,True,False,False,0.0,-0.059523582458496094,True,True,False,False,0
full_rq0_seed42__rq0_0099__rq0_0212,java,medium,True,True,False,0.0,-0.2380962371826172,False,True,False,False,0
full_rq0_seed42__rq0_0099__rq0_0303,java,medium,True,True,True,1.0,0.1190481185913086,True,False,True,True,0
full_rq0_seed42__rq0_0099__rq0_0307,java,medium,True,False,False,1.0,0.1785717010498047,True,True,True,True,0
full_rq0_seed42__rq0_0100__rq0_0164,java,medium,True,False,False,1.0,9.5367431640625e-07,False,False,True,False,0
full_rq0_seed42__rq0_0100__rq0_0199,java,medium,True,True,True,1.0,-0.5952377319335938,False,True,False,False,0
full_rq0_seed42__rq0_0100__rq0_0232,java,medium,True,False,False,0.0,-0.2380962371826172,False,False,False,False,0
full_rq0_seed42__rq0_0100__rq0_0234,java,medium,True,True,True,1.0,-0.41666698455810547,False,True,False,False,0
full_rq0_seed42__rq0_0100__rq0_0289,java,medium,True,True,True,1.0,-0.8928565979003906,False,True,False,False,0
full_rq0_seed42__rq0_0101__rq0_0107,java,medium,True,True,False,0.0,1.666666030883789,True,False,True,False,0
full_rq0_seed42__rq0_0101__rq0_0108,java,medium,True,True,False,0.0,2.5,True,False,True,False,0
full_rq0_seed42__rq0_0101__rq0_0142,java,medium,True,False,False,0.0,0.059523582458496094,True,True,False,False,0
full_rq0_seed42__rq0_0101__rq0_0286,java,medium,True,True,True,1.0,1.25,True,False,True,True,0
full_rq0_seed42__rq0_0101__rq0_0299,java,medium,True,True,False,0.0,0.8333320617675781,True,False,False,False,0
full_rq0_seed42__rq0_0102__rq0_0126,java,medium,True,True,True,1.0,-1.2499990463256836,False,True,False,False,0
full_rq0_seed42__rq0_0102__rq0_0132,java,medium,True,True,False,0.0,-0.9523811340332031,False,True,True,False,0
full_rq0_seed42__rq0_0102__rq0_0148,java,medium,True,True,True,1.0,0.5952377319335938,True,False,True,True,0
full_rq0_seed42__rq0_0102__rq0_0160,java,medium,True,False,False,0.0,-0.23809528350830078,True,True,True,False,0
full_rq0_seed42__rq0_0102__rq0_0190,java,medium,True,True,False,0.0,-1.0714292526245117,False,True,False,False,0
full_rq0_seed42__rq0_0102__rq0_0244,java,medium,True,True,True,1.0,-0.9523811340332031,False,True,True,True,0
full_rq0_seed42__rq0_0102__rq0_0266,java,medium,True,True,True,1.0,-1.666666030883789,False,True,True,True,0
full_rq0_seed42__rq0_0103__rq0_0114,java,medium,True,True,True,1.0,-0.5952377319335938,False,True,True,True,0
full_rq0_seed42__rq0_0103__rq0_0175,java,medium,True,True,False,0.0,-0.23809432983398438,False,True,True,False,0
full_rq0_seed42__rq0_0103__rq0_0185,java,medium,True,True,True,1.0,-0.5952386856079102,False,True,True,True,0
full_rq0_seed42__rq0_0103__rq0_0269,java,medium,True,False,False,1.0,0.2976188659667969,False,False,False,False,0
full_rq0_seed42__rq0_0103__rq0_0280,java,medium,True,True,True,1.0,-0.7738103866577148,False,True,True,True,0
full_rq0_seed42__rq0_0104__rq0_0106,java,medium,True,True,False,0.0,0.7142858505249023,True,False,True,False,0
full_rq0_seed42__rq0_0104__rq0_0151,java,medium,True,True,True,1.0,1.5476198196411133,True,False,True,True,0
full_rq0_seed42__rq0_0104__rq0_0229,java,medium,True,False,False,0.0,0.2380962371826172,True,True,True,True,0
full_rq0_seed42__rq0_0105__rq0_0288,java,medium,True,True,True,1.0,-0.47618961334228516,False,True,False,False,0
full_rq0_seed42__rq0_0106__rq0_0235,java,medium,True,True,True,1.0,-0.5357141494750977,False,True,False,False,0
full_rq0_seed42__rq0_0106__rq0_0274,java,medium,True,False,False,0.0,-0.11904716491699219,True,True,False,False,0
full_rq0_seed42__rq0_0106__rq0_0302,java,medium,True,True,False,0.0,-0.47619056701660156,False,True,False,False,0
full_rq0_seed42__rq0_0107__rq0_0126,java,medium,True,True,True,1.0,-0.7142858505249023,False,True,False,False,0
full_rq0_seed42__rq0_0107__rq0_0177,java,medium,True,True,True,1.0,-1.0714282989501953,False,True,True,True,0
full_rq0_seed42__rq0_0107__rq0_0187,java,medium,True,False,False,,0.0,True,True,True,True,0
full_rq0_seed42__rq0_0107__rq0_0188,java,medium,True,True,False,0.0,-1.2500009536743164,False,True,True,False,0
full_rq0_seed42__rq0_0107__rq0_0233,java,medium,True,True,False,0.0,-1.0119037628173828,False,True,False,False,0
full_rq0_seed42__rq0_0107__rq0_0280,java,medium,True,True,True,1.0,-2.0833330154418945,False,True,True,True,0
full_rq0_seed42__rq0_0108__rq0_0175,java,medium,True,True,False,0.0,-1.6666669845581055,False,True,True,False,0
full_rq0_seed42__rq0_0108__rq0_0177,java,medium,True,True,True,1.0,-1.7261905670166016,False,True,True,True,0
full_rq0_seed42__rq0_0108__rq0_0186,java,medium,True,True,False,0.0,-2.3809518814086914,False,True,True,False,0
full_rq0_seed42__rq0_0108__rq0_0228,java,medium,True,True,False,0.0,-0.7738094329833984,False,True,False,False,0
full_rq0_seed42__rq0_0108__rq0_0284,java,medium,True,True,False,0.0,-1.7857131958007812,False,True,False,False,0
full_rq0_seed42__rq0_0109__rq0_0177,java,medium,True,True,True,1.0,-0.9523811340332031,False,True,True,True,0
full_rq0_seed42__rq0_0109__rq0_0181,java,medium,True,True,True,1.0,0.6547622680664062,True,False,True,False,0
full_rq0_seed42__rq0_0109__rq0_0214,java,medium,True,True,False,0.0,-0.47619056701660156,False,True,True,True,0
full_rq0_seed42__rq0_0110__rq0_0156,java,medium,True,True,True,1.0,-2.3214282989501953,False,True,False,False,0
full_rq0_seed42__rq0_0110__rq0_0163,java,medium,True,True,True,1.0,-1.6071434020996094,False,True,True,False,0
full_rq0_seed42__rq0_0110__rq0_0170,java,medium,True,True,False,0.0,-1.1309528350830078,False,True,True,True,0
full_rq0_seed42__rq0_0110__rq0_0174,java,medium,True,True,False,0.0,-1.4285717010498047,False,True,True,False,0
full_rq0_seed42__rq0_0110__rq0_0219,java,medium,True,True,True,1.0,-1.785715103149414,False,True,True,True,0
full_rq0_seed42__rq0_0110__rq0_0283,java,medium,True,True,False,0.0,-2.7976198196411133,False,True,True,True,0
full_rq0_seed42__rq0_0111__rq0_0218,java,medium,True,True,False,0.0,0.41666603088378906,True,False,True,False,0
full_rq0_seed42__rq0_0112__rq0_0118,java,medium,True,True,False,0.0,1.3690471649169922,True,False,True,False,0
full_rq0_seed42__rq0_0112__rq0_0160,java,medium,True,True,False,0.0,0.6547622680664062,True,False,True,False,0
full_rq0_seed42__rq0_0112__rq0_0174,java,medium,True,True,True,1.0,0.892857551574707,True,False,True,True,0
full_rq0_seed42__rq0_0112__rq0_0295,java,medium,True,True,True,1.0,0.35714244842529297,True,False,True,True,0
full_rq0_seed42__rq0_0113__rq0_0133,java,medium,True,True,False,0.0,1.2499990463256836,True,False,False,False,0
full_rq0_seed42__rq0_0113__rq0_0144,java,medium,True,True,False,0.0,2.2619056701660156,True,False,True,False,0
full_rq0_seed42__rq0_0113__rq0_0176,java,medium,True,True,False,0.0,1.2499990463256836,True,False,True,False,0
full_rq0_seed42__rq0_0113__rq0_0183,java,medium,True,True,True,1.0,1.6666669845581055,True,False,True,True,0
full_rq0_seed42__rq0_0113__rq0_0207,java,medium,True,True,False,0.0,0.5357141494750977,True,False,True,False,0
full_rq0_seed42__rq0_0113__rq0_0238,java,medium,True,True,False,0.0,2.142857551574707,True,False,True,False,0
full_rq0_seed42__rq0_0113__rq0_0311,java,medium,True,True,True,1.0,1.0714282989501953,True,False,True,True,0
full_rq0_seed42__rq0_0114__rq0_0182,java,medium,True,True,False,0.0,1.1309528350830078,True,False,True,False,0
full_rq0_seed42__rq0_0114__rq0_0216,java,medium,True,False,False,1.0,0.17857074737548828,True,True,True,True,0
full_rq0_seed42__rq0_0114__rq0_0256,java,medium,True,True,True,1.0,0.6547613143920898,True,False,True,True,0
full_rq0_seed42__rq0_0115__rq0_0140,java,medium,True,True,False,0.0,-0.2976188659667969,False,True,True,False,0
full_rq0_seed42__rq0_0115__rq0_0287,java,medium,True,True,True,1.0,-2.738095283508301,False,True,True,True,0
full_rq0_seed42__rq0_0116__rq0_0134,java,medium,True,True,False,0.0,1.309523582458496,True,False,True,False,0
full_rq0_seed42__rq0_0116__rq0_0142,java,medium,True,True,False,0.0,0.7142848968505859,True,False,True,False,0
full_rq0_seed42__rq0_0116__rq0_0162,java,medium,True,True,False,0.0,1.4880952835083008,True,False,True,False,0
full_rq0_seed42__rq0_0116__rq0_0170,java,medium,True,True,True,1.0,1.428572654724121,True,False,True,True,0
full_rq0_seed42__rq0_0116__rq0_0229,java,medium,True,True,False,0.0,0.6547613143920898,True,False,False,False,0
full_rq0_seed42__rq0_0116__rq0_0307,java,medium,True,True,False,0.0,0.8928565979003906,True,False,True,False,0
full_rq0_seed42__rq0_0117__rq0_0150,java,medium,True,True,False,0.0,0.5952386856079102,True,False,True,False,0
full_rq0_seed42__rq0_0117__rq0_0305,java,medium,True,True,False,0.0,-1.0119047164916992,False,True,True,False,0
full_rq0_seed42__rq0_0118__rq0_0119,java,medium,True,False,False,0.0,-0.1190481185913086,False,False,True,False,0
full_rq0_seed42__rq0_0118__rq0_0161,java,medium,True,True,False,0.0,0.35714244842529297,True,False,False,False,0
full_rq0_seed42__rq0_0118__rq0_0175,java,medium,True,True,False,0.0,-1.1309518814086914,False,True,True,False,0
full_rq0_seed42__rq0_0118__rq0_0178,java,medium,True,True,True,1.0,-0.2976188659667969,False,True,True,True,0
full_rq0_seed42__rq0_0118__rq0_0189,java,medium,True,False,False,1.0,-9.5367431640625e-07,False,False,False,False,0
full_rq0_seed42__rq0_0118__rq0_0192,java,medium,True,True,True,1.0,-1.25,False,True,True,True,0
full_rq0_seed42__rq0_0118__rq0_0281,java,medium,True,True,False,0.0,-0.7142858505249023,False,True,False,False,0
full_rq0_seed42__rq0_0118__rq0_0296,java,medium,True,True,True,1.0,-1.4285707473754883,False,True,True,True,0
full_rq0_seed42__rq0_0119__rq0_0210,java,medium,True,True,True,1.0,-0.773808479309082,False,True,True,False,0
full_rq0_seed42__rq0_0119__rq0_0307,java,medium,True,True,True,1.0,-1.071427345275879,False,True,True,False,0
full_rq0_seed42__rq0_0120__rq0_0126,java,medium,True,True,False,0.0,-1.4880952835083008,False,True,False,False,0
full_rq0_seed42__rq0_0120__rq0_0177,java,medium,True,True,False,0.0,-1.9642858505249023,False,True,True,False,0
full_rq0_seed42__rq0_0120__rq0_0220,java,medium,True,True,False,0.0,-1.7261905670166016,False,True,False,False,0
full_rq0_seed42__rq0_0121__rq0_0127,java,medium,True,False,False,0.0,-0.1785717010498047,True,True,False,False,0
full_rq0_seed42__rq0_0121__rq0_0135,java,medium,True,True,True,1.0,1.309523582458496,True,False,True,True,0
full_rq0_seed42__rq0_0121__rq0_0140,java,medium,True,True,False,0.0,1.3690481185913086,True,False,True,False,0
full_rq0_seed42__rq0_0121__rq0_0157,java,medium,True,True,False,0.0,1.0714282989501953,True,False,True,False,0
full_rq0_seed42__rq0_0121__rq0_0207,java,medium,True,True,False,0.0,0.8928565979003906,True,False,True,False,0
full_rq0_seed42__rq0_0121__rq0_0225,java,medium,True,True,True,1.0,1.6666669845581055,True,False,True,True,0
full_rq0_seed42__rq0_0121__rq0_0240,java,medium,True,True,False,0.0,1.5476188659667969,True,False,True,False,0
full_rq0_seed42__rq0_0121__rq0_0259,java,medium,True,True,False,0.0,0.9523811340332031,True,False,True,False,0
full_rq0_seed42__rq0_0121__rq0_0272,java,medium,True,True,False,0.0,1.1309528350830078,True,False,True,False,0
full_rq0_seed42__rq0_0121__rq0_0285,java,medium,True,True,True,1.0,1.5476188659667969,True,False,True,True,0
full_rq0_seed42__rq0_0122__rq0_0168,java,medium,True,False,False,0.0,-0.11904716491699219,True,True,True,False,0
full_rq0_seed42__rq0_0122__rq0_0189,java,medium,True,True,True,1.0,0.4166679382324219,True,False,True,True,0
full_rq0_seed42__rq0_0122__rq0_0209,java,medium,True,True,False,0.0,-1.190476417541504,False,True,False,False,0
full_rq0_seed42__rq0_0123__rq0_0131,java,medium,True,True,True,1.0,-0.3571434020996094,False,True,True,True,0
full_rq0_seed42__rq0_0123__rq0_0144,java,medium,True,False,False,1.0,-0.1190481185913086,False,False,True,True,0
full_rq0_seed42__rq0_0123__rq0_0159,java,medium,True,True,True,1.0,-2.2023820877075195,False,True,True,True,0
full_rq0_seed42__rq0_0123__rq0_0164,java,medium,True,True,False,0.0,-0.8333339691162109,False,True,True,False,0
full_rq0_seed42__rq0_0123__rq0_0198,java,medium,True,True,False,0.0,-1.3690481185913086,False,True,True,False,0
full_rq0_seed42__rq0_0123__rq0_0223,java,medium,True,True,True,1.0,-2.142857551574707,False,True,True,True,0
full_rq0_seed42__rq0_0123__rq0_0299,java,medium,True,True,True,1.0,-1.309523582458496,False,True,False,False,0
full_rq0_seed42__rq0_0124__rq0_0224,java,medium,True,True,True,1.0,-2.202381134033203,False,True,True,True,0
full_rq0_seed42__rq0_0124__rq0_0248,java,medium,True,False,False,0.0,0.0595245361328125,True,True,False,False,0
full_rq0_seed42__rq0_0124__rq0_0288,java,medium,True,True,True,1.0,-1.1309518814086914,False,True,False,False,0
full_rq0_seed42__rq0_0124__rq0_0300,java,medium,True,False,False,0.0,-0.23809528350830078,False,False,False,False,0
full_rq0_seed42__rq0_0125__rq0_0175,java,medium,True,False,False,1.0,-0.2976198196411133,True,True,True,True,0
full_rq0_seed42__rq0_0125__rq0_0198,java,medium,True,False,False,0.0,0.23809528350830078,True,True,True,True,0
full_rq0_seed42__rq0_0125__rq0_0273,java,medium,True,False,False,0.0,0.3571434020996094,True,True,False,False,0
full_rq0_seed42__rq0_0126__rq0_0128,java,medium,True,False,False,1.0,-0.1785717010498047,True,True,True,True,0
full_rq0_seed42__rq0_0126__rq0_0156,java,medium,True,True,False,0.0,-0.1785717010498047,False,True,False,False,0
full_rq0_seed42__rq0_0126__rq0_0193,java,medium,True,True,True,1.0,0.23809528350830078,True,False,False,False,0
full_rq0_seed42__rq0_0126__rq0_0199,java,medium,True,False,False,0.0,-0.11904716491699219,True,True,False,False,0
full_rq0_seed42__rq0_0126__rq0_0272,java,medium,True,True,True,1.0,0.3571434020996094,True,False,False,False,0
full_rq0_seed42__rq0_0126__rq0_0282,java,medium,True,False,False,1.0,-0.059523582458496094,True,True,False,False,0
full_rq0_seed42__rq0_0126__rq0_0287,java,medium,True,True,True,1.0,-0.8333330154418945,False,True,True,True,0
full_rq0_seed42__rq0_0127__rq0_0139,java,medium,True,True,False,0.0,0.7142858505249023,True,False,True,False,0
full_rq0_seed42__rq0_0127__rq0_0191,java,medium,True,True,False,0.0,0.8333330154418945,True,False,True,False,0
full_rq0_seed42__rq0_0127__rq0_0200,java,medium,True,True,False,0.0,1.428572654724121,True,False,True,False,0
full_rq0_seed42__rq0_0127__rq0_0245,java,medium,True,True,False,0.0,0.6547613143920898,True,False,True,False,0
full_rq0_seed42__rq0_0128__rq0_0177,java,medium,True,False,False,0.0,-0.47619056701660156,True,True,True,True,0
full_rq0_seed42__rq0_0128__rq0_0178,java,medium,True,True,True,1.0,0.7142848968505859,True,False,False,False,0
full_rq0_seed42__rq0_0128__rq0_0189,java,medium,True,True,True,1.0,1.0119047164916992,True,False,True,True,0
full_rq0_seed42__rq0_0128__rq0_0209,java,medium,True,False,False,0.0,-0.23809528350830078,True,True,True,False,0
full_rq0_seed42__rq0_0129__rq0_0139,java,medium,True,True,False,0.0,-1.607142448425293,False,True,False,False,0
full_rq0_seed42__rq0_0129__rq0_0222,java,medium,True,True,True,1.0,-1.3690481185913086,False,True,False,False,0
full_rq0_seed42__rq0_0129__rq0_0228,java,medium,True,False,False,0.0,-9.5367431640625e-07,True,True,True,True,0
full_rq0_seed42__rq0_0129__rq0_0245,java,medium,True,True,False,0.0,-0.9523811340332031,False,True,False,False,0
full_rq0_seed42__rq0_0129__rq0_0297,java,medium,True,False,False,1.0,-0.41666698455810547,True,True,False,False,0
full_rq0_seed42__rq0_0130__rq0_0134,java,medium,True,True,False,0.0,1.25,True,False,True,False,0
full_rq0_seed42__rq0_0130__rq0_0145,java,medium,True,True,True,1.0,0.7142848968505859,True,False,False,False,0
full_rq0_seed42__rq0_0130__rq0_0151,java,medium,True,True,True,1.0,2.1428565979003906,True,False,True,True,0
full_rq0_seed42__rq0_0130__rq0_0159,java,medium,True,True,True,1.0,-0.7142858505249023,False,True,False,False,0
full_rq0_seed42__rq0_0130__rq0_0206,java,medium,True,False,False,0.0,0.1190481185913086,True,True,True,False,0
full_rq0_seed42__rq0_0130__rq0_0272,java,medium,True,True,False,0.0,0.47619152069091797,True,False,True,False,0
full_rq0_seed42__rq0_0130__rq0_0292,java,medium,True,True,True,1.0,1.4880952835083008,True,False,True,True,0
full_rq0_seed42__rq0_0131__rq0_0172,java,medium,True,True,False,0.0,-1.0714282989501953,False,True,True,False,0
full_rq0_seed42__rq0_0132__rq0_0176,java,medium,True,False,False,0.0,0.3571434020996094,True,True,True,False,0
full_rq0_seed42__rq0_0132__rq0_0205,java,medium,True,False,False,1.0,-0.7738103866577148,True,True,False,False,0
full_rq0_seed42__rq0_0132__rq0_0216,java,medium,True,False,False,,0.0,True,True,True,False,0
full_rq0_seed42__rq0_0132__rq0_0226,java,medium,True,False,False,0.0,1.0119047164916992,True,True,True,False,0
full_rq0_seed42__rq0_0132__rq0_0232,java,medium,True,False,False,0.0,-0.1190481185913086,True,True,True,True,0
full_rq0_seed42__rq0_0132__rq0_0252,java,medium,True,False,False,,0.0,True,True,True,False,0
full_rq0_seed42__rq0_0132__rq0_0270,java,medium,True,False,False,0.0,0.11904716491699219,True,True,True,False,0
full_rq0_seed42__rq0_0132__rq0_0292,java,medium,True,True,True,1.0,0.7738094329833984,True,False,True,True,0
full_rq0_seed42__rq0_0133__rq0_0177,java,medium,True,False,False,1.0,-0.47619056701660156,True,True,True,False,0
full_rq0_seed42__rq0_0133__rq0_0215,java,medium,True,False,False,1.0,-0.5357131958007812,True,True,False,False,0
full_rq0_seed42__rq0_0133__rq0_0237,java,medium,True,True,True,1.0,1.0119047164916992,True,False,True,True,0
full_rq0_seed42__rq0_0133__rq0_0268,java,medium,True,True,True,1.0,1.0119047164916992,True,False,True,True,0
full_rq0_seed42__rq0_0134__rq0_0177,java,medium,True,True,True,1.0,-1.0714292526245117,False,True,True,True,0
full_rq0_seed42__rq0_0134__rq0_0241,java,medium,True,True,False,0.0,-0.5357141494750977,False,True,True,False,0
full_rq0_seed42__rq0_0134__rq0_0280,java,medium,True,True,True,1.0,-1.5476188659667969,False,True,True,True,0
full_rq0_seed42__rq0_0136__rq0_0155,java,medium,True,True,False,0.0,1.190476417541504,True,False,True,False,0
full_rq0_seed42__rq0_0136__rq0_0236,java,medium,True,True,False,0.0,0.5952377319335938,True,False,True,False,0
full_rq0_seed42__rq0_0137__rq0_0147,java,medium,True,True,False,0.0,0.1785717010498047,True,False,True,True,0
full_rq0_seed42__rq0_0137__rq0_0167,java,medium,True,False,False,0.0,-0.059523582458496094,False,False,False,False,0
full_rq0_seed42__rq0_0137__rq0_0190,java,medium,True,True,True,1.0,0.5357151031494141,True,False,False,False,0
full_rq0_seed42__rq0_0137__rq0_0224,java,medium,True,True,True,1.0,-0.8928565979003906,False,True,True,True,0
full_rq0_seed42__rq0_0137__rq0_0306,java,medium,True,False,False,1.0,-0.23809528350830078,True,True,False,False,0
full_rq0_seed42__rq0_0138__rq0_0170,java,medium,True,True,True,1.0,-0.41666603088378906,False,True,True,False,0
full_rq0_seed42__rq0_0138__rq0_0311,java,medium,True,True,True,1.0,-1.25,False,True,False,False,0
full_rq0_seed42__rq0_0139__rq0_0160,java,medium,True,True,False,0.0,1.0714292526245117,True,False,True,False,0
full_rq0_seed42__rq0_0139__rq0_0172,java,medium,True,True,False,0.0,0.4166679382324219,True,False,False,False,0
full_rq0_seed42__rq0_0139__rq0_0257,java,medium,True,True,False,0.0,1.4285707473754883,True,False,True,False,0
full_rq0_seed42__rq0_0140__rq0_0154,java,medium,True,True,False,0.0,0.17857074737548828,True,False,False,False,0
full_rq0_seed42__rq0_0140__rq0_0169,java,medium,True,False,False,0.0,-0.1190481185913086,True,True,False,False,0
full_rq0_seed42__rq0_0140__rq0_0208,java,medium,True,True,True,1.0,-1.190476417541504,False,True,True,True,0
full_rq0_seed42__rq0_0141__rq0_0202,java,medium,True,True,False,0.0,1.1309528350830078,True,False,True,False,0
full_rq0_seed42__rq0_0142__rq0_0178,java,medium,True,True,False,0.0,0.892857551574707,True,False,True,False,0
full_rq0_seed42__rq0_0142__rq0_0230,java,medium,True,True,False,0.0,0.5952377319335938,True,False,False,False,0
full_rq0_seed42__rq0_0142__rq0_0254,java,medium,True,False,False,1.0,0.17857074737548828,True,True,False,False,0
full_rq0_seed42__rq0_0143__rq0_0154,java,medium,True,True,False,0.0,0.9523811340332031,True,False,True,False,0
full_rq0_seed42__rq0_0143__rq0_0162,java,medium,True,True,True,1.0,0.7738103866577148,True,False,True,True,0
full_rq0_seed42__rq0_0143__rq0_0233,java,medium,True,False,False,1.0,0.2976198196411133,False,False,True,True,0
full_rq0_seed42__rq0_0143__rq0_0284,java,medium,True,True,True,1.0,0.41666603088378906,True,False,True,True,0
full_rq0_seed42__rq0_0143__rq0_0303,java,medium,True,True,True,1.0,0.3571434020996094,True,False,False,False,0
full_rq0_seed42__rq0_0144__rq0_0181,java,medium,True,False,False,0.0,-0.23809528350830078,True,True,True,False,0
full_rq0_seed42__rq0_0144__rq0_0187,java,medium,True,False,False,,0.0,True,True,False,False,0
full_rq0_seed42__rq0_0144__rq0_0268,java,medium,True,True,False,0.0,-0.5357141494750977,False,True,False,False,0
full_rq0_seed42__rq0_0144__rq0_0301,java,medium,True,True,False,0.0,-0.6547622680664062,False,True,False,False,0
full_rq0_seed42__rq0_0144__rq0_0306,java,medium,True,True,True,1.0,-2.3214282989501953,False,True,False,False,0
full_rq0_seed42__rq0_0145__rq0_0254,java,medium,True,True,True,1.0,-0.1785717010498047,False,True,True,False,0
full_rq0_seed42__rq0_0145__rq0_0293,java,medium,True,False,False,0.0,0.11904716491699219,True,True,True,False,0
full_rq0_seed42__rq0_0145__rq0_0308,java,medium,True,True,False,0.0,0.17857074737548828,True,False,True,False,0
full_rq0_seed42__rq0_0146__rq0_0156,java,medium,True,True,False,0.0,-0.8333339691162109,False,True,True,False,0
full_rq0_seed42__rq0_0146__rq0_0191,java,medium,True,True,False,0.0,-1.1904754638671875,False,True,True,True,0
full_rq0_seed42__rq0_0146__rq0_0248,java,medium,True,False,False,,0.0,False,False,False,False,0
full_rq0_seed42__rq0_0146__rq0_0307,java,medium,True,True,False,0.0,-0.9523801803588867,False,True,True,False,0
full_rq0_seed42__rq0_0147__rq0_0234,java,medium,True,True,True,1.0,0.5357141494750977,True,False,True,True,0
full_rq0_seed42__rq0_0148__rq0_0180,java,medium,True,True,False,0.0,-1.7261905670166016,False,True,True,False,0
full_rq0_seed42__rq0_0148__rq0_0199,java,medium,True,True,True,1.0,-1.0714282989501953,False,True,True,True,0
full_rq0_seed42__rq0_0148__rq0_0204,java,medium,True,True,True,1.0,-2.261904716491699,False,True,True,True,0
full_rq0_seed42__rq0_0148__rq0_0216,java,medium,True,True,True,1.0,-1.1309528350830078,False,True,False,False,0
full_rq0_seed42__rq0_0148__rq0_0223,java,medium,True,True,True,1.0,-2.261903762817383,False,True,True,True,0
full_rq0_seed42__rq0_0148__rq0_0263,java,medium,True,True,False,0.0,-0.5357151031494141,False,True,False,False,0
full_rq0_seed42__rq0_0148__rq0_0277,java,medium,True,True,False,0.0,-1.7857141494750977,False,True,True,False,0
full_rq0_seed42__rq0_0148__rq0_0298,java,medium,True,True,False,0.0,-1.4880943298339844,False,True,True,False,0
full_rq0_seed42__rq0_0149__rq0_0285,java,medium,True,True,False,0.0,0.5952386856079102,True,False,True,False,0
full_rq0_seed42__rq0_0150__rq0_0157,java,medium,True,True,False,0.0,-1.7261905670166016,False,True,True,False,0
full_rq0_seed42__rq0_0151__rq0_0214,java,medium,True,True,True,1.0,-1.7261905670166016,False,True,False,False,0
full_rq0_seed42__rq0_0151__rq0_0301,java,medium,True,True,True,1.0,-1.190476417541504,False,True,True,True,0
full_rq0_seed42__rq0_0151__rq0_0309,java,medium,True,True,True,1.0,-1.5476188659667969,False,True,True,True,0
full_rq0_seed42__rq0_0152__rq0_0274,java,medium,True,True,False,0.0,0.4166679382324219,True,False,False,False,0
full_rq0_seed42__rq0_0153__rq0_0241,java,medium,True,True,False,0.0,0.17857074737548828,True,False,True,False,0
full_rq0_seed42__rq0_0154__rq0_0252,java,medium,True,True,False,0.0,-0.892857551574707,False,True,False,False,0
full_rq0_seed42__rq0_0154__rq0_0272,java,medium,True,True,False,0.0,-0.7142848968505859,False,True,False,False,0
full_rq0_seed42__rq0_0155__rq0_0272,java,medium,True,True,False,0.0,-0.23809432983398438,False,True,True,True,0
full_rq0_seed42__rq0_0156__rq0_0189,java,medium,True,True,False,0.0,1.0119047164916992,True,False,False,False,0
full_rq0_seed42__rq0_0156__rq0_0274,java,medium,True,False,False,1.0,0.17857074737548828,True,True,False,False,0
full_rq0_seed42__rq0_0156__rq0_0281,java,medium,True,False,False,1.0,0.059523582458496094,True,True,True,True,0
full_rq0_seed42__rq0_0157__rq0_0215,java,medium,True,True,True,1.0,-0.8928565979003906,False,True,False,False,0
full_rq0_seed42__rq0_0157__rq0_0229,java,medium,True,False,False,1.0,0.0595245361328125,True,True,True,False,0
full_rq0_seed42__rq0_0157__rq0_0248,java,medium,True,True,False,0.0,0.5952367782592773,True,False,False,False,0
full_rq0_seed42__rq0_0157__rq0_0253,java,medium,True,True,True,1.0,0.41666603088378906,True,False,True,True,0
full_rq0_seed42__rq0_0157__rq0_0288,java,medium,True,True,True,1.0,-0.5952377319335938,False,True,False,False,0
full_rq0_seed42__rq0_0158__rq0_0180,java,medium,True,True,True,1.0,-2.8571434020996094,False,True,True,True,0
full_rq0_seed42__rq0_0158__rq0_0232,java,medium,True,True,True,1.0,-2.3214282989501953,False,True,True,True,0
full_rq0_seed42__rq0_0159__rq0_0245,java,medium,True,False,False,1.0,1.0714282989501953,True,True,True,True,0
full_rq0_seed42__rq0_0159__rq0_0250,java,medium,True,True,False,0.0,0.5952377319335938,True,False,True,True,0
full_rq0_seed42__rq0_0159__rq0_0254,java,medium,True,True,True,1.0,1.0119047164916992,True,False,True,True,0
full_rq0_seed42__rq0_0159__rq0_0267,java,medium,True,True,True,1.0,2.0238094329833984,True,False,True,True,0
full_rq0_seed42__rq0_0159__rq0_0281,java,medium,True,True,True,1.0,0.9523811340332031,True,False,True,True,0
full_rq0_seed42__rq0_0160__rq0_0199,java,medium,True,True,True,1.0,-0.8333330154418945,False,True,True,False,0
full_rq0_seed42__rq0_0160__rq0_0241,java,medium,True,False,False,0.0,-0.41666698455810547,True,True,True,True,0
full_rq0_seed42__rq0_0160__rq0_0271,java,medium,True,True,True,1.0,-0.8928585052490234,False,True,True,False,0
full_rq0_seed42__rq0_0161__rq0_0239,java,medium,True,True,False,0.0,-1.4880962371826172,False,True,True,False,0
full_rq0_seed42__rq0_0161__rq0_0259,java,medium,True,True,False,0.0,-1.1309528350830078,False,True,False,False,0
full_rq0_seed42__rq0_0162__rq0_0195,java,medium,True,True,False,0.0,-0.5952386856079102,False,True,True,False,0
full_rq0_seed42__rq0_0162__rq0_0240,java,medium,True,True,True,1.0,-1.1309518814086914,False,True,True,True,0
full_rq0_seed42__rq0_0162__rq0_0270,java,medium,True,True,True,1.0,-0.7738094329833984,False,True,True,True,0
full_rq0_seed42__rq0_0162__rq0_0285,java,medium,True,True,False,0.0,-0.2976188659667969,False,True,False,False,0
full_rq0_seed42__rq0_0162__rq0_0298,java,medium,True,True,False,0.0,-1.0714282989501953,False,True,True,False,0
full_rq0_seed42__rq0_0162__rq0_0311,java,medium,True,True,False,0.0,-0.892857551574707,False,True,False,False,0
full_rq0_seed42__rq0_0163__rq0_0192,java,medium,True,True,True,1.0,-0.47619056701660156,False,True,True,True,0
full_rq0_seed42__rq0_0163__rq0_0290,java,medium,True,False,False,0.0,0.11904716491699219,False,False,True,True,0
full_rq0_seed42__rq0_0164__rq0_0228,java,medium,True,False,False,1.0,-0.059523582458496094,True,True,True,False,0
full_rq0_seed42__rq0_0165__rq0_0175,java,medium,True,False,False,0.0,-0.7142858505249023,True,True,False,False,0
full_rq0_seed42__rq0_0165__rq0_0178,java,medium,True,False,False,0.0,9.5367431640625e-07,True,True,True,False,0
full_rq0_seed42__rq0_0165__rq0_0271,java,medium,True,False,False,1.0,-0.7142858505249023,True,True,True,False,0
full_rq0_seed42__rq0_0166__rq0_0219,java,medium,True,True,True,1.0,1.0714292526245117,True,False,True,True,0
full_rq0_seed42__rq0_0166__rq0_0248,java,medium,True,True,False,0.0,1.607142448425293,True,False,True,False,0
full_rq0_seed42__rq0_0166__rq0_0275,java,medium,True,True,False,0.0,0.5357151031494141,True,False,True,False,0
full_rq0_seed42__rq0_0167__rq0_0198,java,medium,True,True,True,1.0,0.2976188659667969,True,False,True,True,0
full_rq0_seed42__rq0_0167__rq0_0230,java,medium,True,False,False,1.0,-0.0595245361328125,False,False,True,False,0
full_rq0_seed42__rq0_0167__rq0_0265,java,medium,True,False,False,0.0,9.5367431640625e-07,False,False,False,False,0
full_rq0_seed42__rq0_0167__rq0_0274,java,medium,True,True,True,1.0,0.3571434020996094,True,False,True,True,0
full_rq0_seed42__rq0_0167__rq0_0308,java,medium,True,True,True,1.0,0.47619056701660156,True,False,False,False,0
full_rq0_seed42__rq0_0168__rq0_0204,java,medium,True,True,False,0.0,-0.9523811340332031,False,True,True,True,0
full_rq0_seed42__rq0_0169__rq0_0171,java,medium,True,False,False,0.0,-0.47619056701660156,True,True,False,False,0
full_rq0_seed42__rq0_0169__rq0_0178,java,medium,True,True,False,0.0,0.35714244842529297,True,False,False,False,0
full_rq0_seed42__rq0_0169__rq0_0187,java,medium,True,True,True,1.0,0.41666603088378906,True,False,True,True,0
full_rq0_seed42__rq0_0169__rq0_0267,java,medium,True,False,False,1.0,0.1785717010498047,False,False,True,True,0
full_rq0_seed42__rq0_0169__rq0_0273,java,medium,True,False,False,0.0,-9.5367431640625e-07,True,True,False,False,0
full_rq0_seed42__rq0_0169__rq0_0293,java,medium,True,True,False,0.0,-0.2976188659667969,False,True,True,False,0
full_rq0_seed42__rq0_0170__rq0_0180,java,medium,True,True,True,1.0,-1.4880952835083008,False,True,True,True,0
full_rq0_seed42__rq0_0170__rq0_0228,java,medium,True,True,True,1.0,-0.7142848968505859,False,True,False,False,0
full_rq0_seed42__rq0_0170__rq0_0294,java,medium,True,True,False,0.0,-0.6547613143920898,False,True,False,False,0
full_rq0_seed42__rq0_0170__rq0_0309,java,medium,True,True,True,1.0,-1.4285717010498047,False,True,False,False,0
full_rq0_seed42__rq0_0172__rq0_0184,java,medium,True,False,False,0.0,0.2976198196411133,True,True,True,True,0
full_rq0_seed42__rq0_0172__rq0_0205,java,medium,True,False,False,1.0,-0.5357141494750977,True,True,True,True,0
full_rq0_seed42__rq0_0172__rq0_0214,java,medium,True,True,False,0.0,-0.7142858505249023,False,True,True,True,0
full_rq0_seed42__rq0_0172__rq0_0216,java,medium,True,False,False,0.0,9.5367431640625e-07,True,True,True,False,0
full_rq0_seed42__rq0_0173__rq0_0182,java,medium,True,False,False,1.0,-0.2976188659667969,False,False,True,True,0
full_rq0_seed42__rq0_0173__rq0_0234,java,medium,True,True,False,0.0,-1.1904754638671875,False,True,True,False,0
full_rq0_seed42__rq0_0173__rq0_0239,java,medium,True,True,False,0.0,-1.3690481185913086,False,True,True,False,0
full_rq0_seed42__rq0_0174__rq0_0181,java,medium,True,False,False,0.0,0.23809528350830078,True,True,True,True,0
full_rq0_seed42__rq0_0174__rq0_0213,java,medium,True,True,False,0.0,0.23809528350830078,True,False,True,False,0
full_rq0_seed42__rq0_0175__rq0_0176,java,medium,True,False,False,0.0,0.35714244842529297,True,True,True,False,0
full_rq0_seed42__rq0_0175__rq0_0283,java,medium,True,False,False,0.0,-0.2976188659667969,True,True,True,True,0
full_rq0_seed42__rq0_0176__rq0_0191,java,medium,True,True,False,0.0,-0.41666603088378906,False,True,True,True,0
full_rq0_seed42__rq0_0176__rq0_0262,java,medium,True,False,False,,0.0,True,True,True,True,0
full_rq0_seed42__rq0_0176__rq0_0268,java,medium,True,True,True,1.0,0.892857551574707,True,False,True,True,0
full_rq0_seed42__rq0_0176__rq0_0273,java,medium,True,True,True,1.0,0.35714244842529297,True,False,False,False,0
full_rq0_seed42__rq0_0177__rq0_0246,java,medium,True,False,False,1.0,-0.23809432983398438,True,True,True,True,0
full_rq0_seed42__rq0_0177__rq0_0287,java,medium,True,False,False,1.0,-0.11904716491699219,True,True,True,True,0
full_rq0_seed42__rq0_0178__rq0_0219,java,medium,True,True,False,0.0,-0.11904716491699219,False,True,False,False,0
full_rq0_seed42__rq0_0178__rq0_0243,java,medium,True,True,False,0.0,-0.6547622680664062,False,True,False,False,0
full_rq0_seed42__rq0_0178__rq0_0259,java,medium,True,True,False,0.0,-0.8333330154418945,False,True,False,False,0
full_rq0_seed42__rq0_0178__rq0_0299,java,medium,True,True,False,0.0,-0.5952377319335938,False,True,False,False,0
full_rq0_seed42__rq0_0179__rq0_0276,java,medium,True,True,False,0.0,-0.892857551574707,False,True,False,False,0
full_rq0_seed42__rq0_0180__rq0_0258,java,medium,True,True,False,0.0,0.8928565979003906,True,False,False,False,0
full_rq0_seed42__rq0_0180__rq0_0262,java,medium,True,True,False,0.0,0.41666603088378906,True,False,True,False,0
full_rq0_seed42__rq0_0180__rq0_0286,java,medium,True,True,True,1.0,1.0119037628173828,True,False,True,True,0
full_rq0_seed42__rq0_0181__rq0_0183,java,medium,True,False,False,0.0,-0.0595245361328125,False,False,False,False,0
full_rq0_seed42__rq0_0181__rq0_0292,java,medium,True,False,False,0.0,-0.23809528350830078,True,True,True,True,0
full_rq0_seed42__rq0_0181__rq0_0312,java,medium,True,True,False,0.0,-0.9523820877075195,False,True,False,False,0
full_rq0_seed42__rq0_0183__rq0_0260,java,medium,True,True,True,1.0,-1.2499990463256836,False,True,False,False,0
full_rq0_seed42__rq0_0184__rq0_0194,java,medium,True,False,False,1.0,-0.2976188659667969,True,True,True,False,0
full_rq0_seed42__rq0_0184__rq0_0252,java,medium,True,False,False,0.0,-0.2976198196411133,True,True,True,True,0
full_rq0_seed42__rq0_0184__rq0_0253,java,medium,True,False,False,1.0,0.47618961334228516,True,True,True,True,0
full_rq0_seed42__rq0_0184__rq0_0272,java,medium,True,False,False,0.0,-0.11904716491699219,True,True,True,True,0
full_rq0_seed42__rq0_0184__rq0_0288,java,medium,True,False,False,1.0,-0.2380962371826172,True,True,True,False,0
full_rq0_seed42__rq0_0184__rq0_0305,java,medium,True,False,False,0.0,-0.47619056701660156,True,True,True,True,0
full_rq0_seed42__rq0_0185__rq0_0199,java,medium,True,True,True,1.0,0.7142858505249023,True,False,True,True,0
full_rq0_seed42__rq0_0185__rq0_0297,java,medium,True,True,True,1.0,1.3095226287841797,True,False,True,True,0
full_rq0_seed42__rq0_0185__rq0_0304,java,medium,True,True,True,1.0,0.6547622680664062,True,False,True,True,0
full_rq0_seed42__rq0_0186__rq0_0238,java,medium,True,True,False,0.0,1.7857141494750977,True,False,True,False,0
full_rq0_seed42__rq0_0186__rq0_0252,java,medium,True,True,False,0.0,1.0714282989501953,True,False,True,False,0
full_rq0_seed42__rq0_0186__rq0_0312,java,medium,True,True,True,1.0,1.25,True,False,True,True,0
full_rq0_seed42__rq0_0187__rq0_0283,java,medium,True,True,False,0.0,-1.7857131958007812,False,True,False,False,0
full_rq0_seed42__rq0_0187__rq0_0311,java,medium,True,True,False,0.0,-0.892857551574707,False,True,False,False,0
full_rq0_seed42__rq0_0188__rq0_0204,java,medium,True,False,False,,0.0,True,True,False,False,0
full_rq0_seed42__rq0_0188__rq0_0251,java,medium,True,False,False,1.0,0.11904716491699219,True,True,True,True,0
full_rq0_seed42__rq0_0188__rq0_0286,java,medium,True,True,True,1.0,1.0714282989501953,True,False,True,True,0
full_rq0_seed42__rq0_0188__rq0_0299,java,medium,True,True,False,0.0,0.5952377319335938,True,False,False,False,0
full_rq0_seed42__rq0_0189__rq0_0206,java,medium,True,True,False,0.0,-1.25,False,True,True,False,0
full_rq0_seed42__rq0_0189__rq0_0229,java,medium,True,True,False,0.0,-0.8333339691162109,False,True,False,False,0
full_rq0_seed42__rq0_0189__rq0_0239,java,medium,True,True,False,0.0,-1.1309518814086914,False,True,True,False,0
full_rq0_seed42__rq0_0189__rq0_0243,java,medium,True,True,False,0.0,-0.8333339691162109,False,True,False,False,0
full_rq0_seed42__rq0_0189__rq0_0257,java,medium,True,True,False,0.0,-0.5357141494750977,False,True,False,False,0
full_rq0_seed42__rq0_0189__rq0_0266,java,medium,True,True,True,1.0,-1.9642858505249023,False,True,True,True,0
full_rq0_seed42__rq0_0190__rq0_0223,java,medium,True,True,True,1.0,-1.6071434020996094,False,True,True,True,0
full_rq0_seed42__rq0_0190__rq0_0226,java,medium,True,False,False,1.0,-0.11904716491699219,True,True,True,True,0
full_rq0_seed42__rq0_0190__rq0_0264,java,medium,True,False,False,,0.0,True,True,False,False,0
full_rq0_seed42__rq0_0191__rq0_0234,java,medium,True,True,False,0.0,0.7142858505249023,True,False,False,False,0
full_rq0_seed42__rq0_0191__rq0_0243,java,medium,True,False,False,,0.0,True,True,False,False,0
full_rq0_seed42__rq0_0191__rq0_0285,java,medium,True,True,True,1.0,0.5952386856079102,True,False,False,False,0
full_rq0_seed42__rq0_0192__rq0_0207,java,medium,True,False,False,1.0,0.1190481185913086,True,True,False,False,0
full_rq0_seed42__rq0_0192__rq0_0226,java,medium,True,True,True,1.0,0.47619056701660156,True,False,False,False,0
full_rq0_seed42__rq0_0192__rq0_0246,java,medium,True,True,True,1.0,-0.47619056701660156,False,True,True,True,0
full_rq0_seed42__rq0_0193__rq0_0194,java,medium,True,True,True,1.0,-0.41666698455810547,False,True,True,True,0
full_rq0_seed42__rq0_0193__rq0_0237,java,medium,True,True,True,1.0,0.3571434020996094,True,False,False,False,0
full_rq0_seed42__rq0_0194__rq0_0205,java,medium,True,False,False,0.0,-0.7142848968505859,True,True,True,False,0
full_rq0_seed42__rq0_0194__rq0_0234,java,medium,True,False,False,,0.0,True,True,False,False,0
full_rq0_seed42__rq0_0194__rq0_0236,java,medium,True,False,False,1.0,0.2976188659667969,True,True,True,True,0
full_rq0_seed42__rq0_0194__rq0_0297,java,medium,True,False,False,1.0,0.2976188659667969,True,True,False,False,0
full_rq0_seed42__rq0_0195__rq0_0217,java,medium,True,False,False,1.0,0.3571434020996094,False,False,True,True,0
full_rq0_seed42__rq0_0195__rq0_0241,java,medium,True,False,False,0.0,0.41666698455810547,False,False,False,False,0
full_rq0_seed42__rq0_0195__rq0_0269,java,medium,True,True,False,0.0,1.0714282989501953,True,False,True,False,0
full_rq0_seed42__rq0_0197__rq0_0241,java,medium,True,True,True,1.0,0.059523582458496094,True,False,False,False,0
full_rq0_seed42__rq0_0198__rq0_0201,java,medium,True,True,True,1.0,-0.2976198196411133,False,True,False,False,0
full_rq0_seed42__rq0_0198__rq0_0202,java,medium,True,False,False,,0.0,True,True,False,False,0
full_rq0_seed42__rq0_0198__rq0_0225,java,medium,True,True,True,1.0,0.2976188659667969,True,False,False,False,0
full_rq0_seed42__rq0_0198__rq0_0251,java,medium,True,True,False,0.0,-0.7142858505249023,False,True,False,False,0
full_rq0_seed42__rq0_0199__rq0_0250,java,medium,True,True,True,1.0,-0.7142868041992188,False,True,True,True,0
full_rq0_seed42__rq0_0199__rq0_0280,java,medium,True,False,False,1.0,-0.35714244842529297,True,True,True,True,0
full_rq0_seed42__rq0_0199__rq0_0290,java,medium,True,True,False,0.0,0.7142858505249023,True,False,False,False,0
full_rq0_seed42__rq0_0199__rq0_0301,java,medium,True,False,False,1.0,0.2380962371826172,True,True,False,False,0
full_rq0_seed42__rq0_0200__rq0_0257,java,medium,True,True,False,0.0,1.1309518814086914,True,False,True,False,0
full_rq0_seed42__rq0_0200__rq0_0263,java,medium,True,True,True,1.0,0.8333339691162109,True,False,False,False,0
full_rq0_seed42__rq0_0201__rq0_0205,java,medium,True,False,False,1.0,-0.8928565979003906,True,True,True,True,0
full_rq0_seed42__rq0_0201__rq0_0243,java,medium,True,True,True,1.0,-0.2976188659667969,False,True,False,False,0
full_rq0_seed42__rq0_0201__rq0_0277,java,medium,True,False,False,0.0,-0.2976188659667969,True,True,False,False,0
full_rq0_seed42__rq0_0201__rq0_0289,java,medium,True,True,True,1.0,-0.773808479309082,False,True,False,False,0
full_rq0_seed42__rq0_0201__rq0_0312,java,medium,True,False,False,,0.0,False,False,False,False,0
full_rq0_seed42__rq0_0203__rq0_0204,java,medium,True,False,False,1.0,0.2976188659667969,True,True,True,True,0
full_rq0_seed42__rq0_0203__rq0_0216,java,medium,True,True,True,1.0,0.9523811340332031,True,False,True,True,0
full_rq0_seed42__rq0_0203__rq0_0226,java,medium,True,True,True,1.0,1.7857141494750977,True,False,True,True,0
full_rq0_seed42__rq0_0203__rq0_0240,java,medium,True,True,True,1.0,1.190476417541504,True,False,True,True,0
full_rq0_seed42__rq0_0203__rq0_0257,java,medium,True,True,True,1.0,2.1428565979003906,True,False,True,True,0
full_rq0_seed42__rq0_0204__rq0_0250,java,medium,True,True,True,1.0,-0.47619056701660156,False,True,True,True,0
full_rq0_seed42__rq0_0204__rq0_0284,java,medium,True,True,True,1.0,1.1309528350830078,True,False,True,True,0
full_rq0_seed42__rq0_0204__rq0_0301,java,medium,True,True,True,1.0,1.1904754638671875,True,False,False,False,0
full_rq0_seed42__rq0_0205__rq0_0229,java,medium,True,True,True,1.0,1.0119037628173828,True,False,True,True,0
full_rq0_seed42__rq0_0205__rq0_0248,java,medium,True,True,False,0.0,1.4880943298339844,True,False,True,False,0
full_rq0_seed42__rq0_0206__rq0_0258,java,medium,True,True,True,1.0,0.9523811340332031,True,False,True,True,0
full_rq0_seed42__rq0_0206__rq0_0302,java,medium,True,False,False,1.0,0.1785717010498047,True,True,True,True,0
full_rq0_seed42__rq0_0206__rq0_0309,java,medium,True,True,True,1.0,0.7738094329833984,True,False,True,True,0
full_rq0_seed42__rq0_0207__rq0_0215,java,medium,True,True,True,1.0,-0.41666603088378906,False,True,False,False,0
full_rq0_seed42__rq0_0207__rq0_0253,java,medium,True,True,True,1.0,1.0714292526245117,True,False,True,True,0
full_rq0_seed42__rq0_0208__rq0_0230,java,medium,True,True,False,0.0,-0.2976188659667969,False,True,False,False,0
full_rq0_seed42__rq0_0208__rq0_0234,java,medium,True,True,True,1.0,0.2976198196411133,True,False,True,True,0
full_rq0_seed42__rq0_0208__rq0_0235,java,medium,True,False,False,0.0,-0.059523582458496094,True,True,False,False,0
full_rq0_seed42__rq0_0208__rq0_0297,java,medium,True,False,False,1.0,0.11904716491699219,True,True,False,False,0
full_rq0_seed42__rq0_0209__rq0_0255,java,medium,True,False,False,0.0,-0.05952262878417969,True,True,True,True,0
full_rq0_seed42__rq0_0209__rq0_0275,java,medium,True,True,False,0.0,0.47619056701660156,True,False,True,False,0
full_rq0_seed42__rq0_0209__rq0_0288,java,medium,True,True,False,0.0,0.41666698455810547,True,False,True,False,0
full_rq0_seed42__rq0_0210__rq0_0254,java,medium,True,True,False,0.0,-0.892857551574707,False,True,False,False,0
full_rq0_seed42__rq0_0211__rq0_0231,java,medium,True,True,False,0.0,0.059523582458496094,True,False,False,False,0
full_rq0_seed42__rq0_0212__rq0_0216,java,medium,True,False,False,0.0,0.3571434020996094,False,False,False,False,0
full_rq0_seed42__rq0_0212__rq0_0232,java,medium,True,True,True,1.0,0.47619056701660156,True,False,False,False,0
full_rq0_seed42__rq0_0212__rq0_0265,java,medium,True,False,False,0.0,0.35714244842529297,False,False,False,False,0
full_rq0_seed42__rq0_0212__rq0_0297,java,medium,True,False,False,0.0,0.059523582458496094,True,True,False,False,0
full_rq0_seed42__rq0_0213__rq0_0251,java,medium,True,True,False,0.0,-0.6547622680664062,False,True,False,False,0
full_rq0_seed42__rq0_0213__rq0_0264,java,medium,True,True,True,1.0,-0.11904716491699219,False,True,False,False,0
full_rq0_seed42__rq0_0213__rq0_0312,java,medium,True,True,False,0.0,-0.47618961334228516,False,True,False,False,0
full_rq0_seed42__rq0_0214__rq0_0237,java,medium,True,True,False,0.0,0.9523811340332031,True,False,False,False,0
full_rq0_seed42__rq0_0214__rq0_0268,java,medium,True,True,False,0.0,0.8928585052490234,True,False,False,False,0
full_rq0_seed42__rq0_0214__rq0_0276,java,medium,True,True,True,1.0,0.41666603088378906,True,False,False,False,0
full_rq0_seed42__rq0_0215__rq0_0243,java,medium,True,True,True,1.0,0.41666698455810547,True,False,False,False,0
full_rq0_seed42__rq0_0215__rq0_0252,java,medium,True,True,True,1.0,0.8333339691162109,True,False,True,True,0
full_rq0_seed42__rq0_0215__rq0_0282,java,medium,True,True,False,0.0,0.5357141494750977,True,False,False,False,0
full_rq0_seed42__rq0_0216__rq0_0245,java,medium,True,True,False,0.0,-0.3571434020996094,False,True,False,False,0
full_rq0_seed42__rq0_0216__rq0_0250,java,medium,True,True,True,1.0,-1.0714292526245117,False,True,True,True,0
full_rq0_seed42__rq0_0216__rq0_0262,java,medium,True,False,False,0.0,-0.059523582458496094,False,False,False,False,0
full_rq0_seed42__rq0_0217__rq0_0263,java,medium,True,False,False,0.0,0.23809528350830078,False,False,False,False,0
full_rq0_seed42__rq0_0217__rq0_0286,java,medium,True,False,False,0.0,0.1785717010498047,False,False,False,False,0
full_rq0_seed42__rq0_0217__rq0_0291,java,medium,True,False,False,0.0,0.059523582458496094,True,True,False,False,0
full_rq0_seed42__rq0_0217__rq0_0292,java,medium,True,True,False,0.0,0.23809528350830078,True,False,False,False,0
full_rq0_seed42__rq0_0219__rq0_0265,java,medium,True,True,True,1.0,-0.7142848968505859,False,True,False,False,0
full_rq0_seed42__rq0_0219__rq0_0289,java,medium,True,True,True,1.0,-1.25,False,True,False,False,0
full_rq0_seed42__rq0_0219__rq0_0293,java,medium,True,True,False,0.0,-0.1785717010498047,False,True,False,False,0
full_rq0_seed42__rq0_0220__rq0_0248,java,medium,True,True,False,0.0,1.5476188659667969,True,False,False,False,0
full_rq0_seed42__rq0_0220__rq0_0272,java,medium,True,True,True,1.0,0.47619056701660156,True,False,False,False,0
full_rq0_seed42__rq0_0220__rq0_0300,java,medium,True,True,True,1.0,1.190476417541504,True,False,False,False,0
full_rq0_seed42__rq0_0221__rq0_0222,java,medium,True,False,False,0.0,-0.1785717010498047,True,True,True,True,0
full_rq0_seed42__rq0_0223__rq0_0253,java,medium,True,True,True,1.0,1.9047613143920898,True,False,True,True,0
full_rq0_seed42__rq0_0223__rq0_0258,java,medium,True,True,True,1.0,1.3690471649169922,True,False,True,True,0
full_rq0_seed42__rq0_0223__rq0_0268,java,medium,True,True,True,1.0,1.9047613143920898,True,False,True,True,0
full_rq0_seed42__rq0_0224__rq0_0227,java,medium,True,True,True,1.0,0.8333330154418945,True,False,False,False,0
full_rq0_seed42__rq0_0224__rq0_0290,java,medium,True,True,True,1.0,1.6071434020996094,True,False,True,True,0
full_rq0_seed42__rq0_0225__rq0_0254,java,medium,True,True,True,1.0,-0.892857551574707,False,True,False,False,0
full_rq0_seed42__rq0_0225__rq0_0267,java,medium,True,True,False,0.0,1.1309518814086914,True,False,False,False,0
full_rq0_seed42__rq0_0225__rq0_0310,java,medium,True,True,False,0.0,-0.41666603088378906,False,True,False,False,0
full_rq0_seed42__rq0_0226__rq0_0245,java,medium,True,True,False,0.0,-0.47619152069091797,False,True,False,False,0
full_rq0_seed42__rq0_0226__rq0_0250,java,medium,True,True,True,1.0,-1.0714282989501953,False,True,True,True,0
full_rq0_seed42__rq0_0226__rq0_0284,java,medium,True,True,False,0.0,-0.23809528350830078,False,True,False,False,0
full_rq0_seed42__rq0_0227__rq0_0242,java,medium,True,True,True,1.0,0.5357141494750977,True,False,True,True,0
full_rq0_seed42__rq0_0227__rq0_0256,java,medium,True,True,True,1.0,1.3095226287841797,True,False,True,True,0
full_rq0_seed42__rq0_0227__rq0_0307,java,medium,True,True,True,1.0,0.6547622680664062,True,False,True,True,0
full_rq0_seed42__rq0_0228__rq0_0272,java,medium,True,True,True,1.0,-0.41666698455810547,False,True,False,False,0
full_rq0_seed42__rq0_0228__rq0_0278,java,medium,True,True,True,1.0,0.7142848968505859,True,False,False,False,0
full_rq0_seed42__rq0_0229__rq0_0232,java,medium,True,True,False,0.0,-0.1785717010498047,False,True,False,False,0
full_rq0_seed42__rq0_0229__rq0_0236,java,medium,True,True,False,0.0,0.17857074737548828,True,False,True,False,0
full_rq0_seed42__rq0_0229__rq0_0267,java,medium,True,True,True,1.0,1.7261896133422852,True,False,True,True,0
full_rq0_seed42__rq0_0229__rq0_0274,java,medium,True,False,False,,0.0,False,False,False,False,0
full_rq0_seed42__rq0_0230__rq0_0238,java,medium,True,True,True,1.0,1.9642868041992188,True,False,True,True,0
full_rq0_seed42__rq0_0230__rq0_0244,java,medium,True,True,False,0.0,0.29761791229248047,True,False,True,False,0
full_rq0_seed42__rq0_0231__rq0_0274,java,medium,True,True,False,0.0,0.23809432983398438,True,False,False,False,0
full_rq0_seed42__rq0_0231__rq0_0293,java,medium,True,False,False,1.0,-0.059523582458496094,True,True,True,True,0
full_rq0_seed42__rq0_0233__rq0_0242,java,medium,True,False,False,1.0,-0.11904716491699219,False,False,False,False,0
full_rq0_seed42__rq0_0233__rq0_0256,java,medium,True,True,False,0.0,0.8333330154418945,True,False,False,False,0
full_rq0_seed42__rq0_0233__rq0_0298,java,medium,True,False,False,0.0,-0.11904621124267578,False,False,False,False,0
full_rq0_seed42__rq0_0235__rq0_0258,java,medium,True,True,True,1.0,0.7142858505249023,True,False,False,False,0
full_rq0_seed42__rq0_0235__rq0_0266,java,medium,True,True,True,1.0,-0.7738094329833984,False,True,True,True,0
full_rq0_seed42__rq0_0235__rq0_0300,java,medium,True,True,True,1.0,0.7738094329833984,True,False,False,False,0
full_rq0_seed42__rq0_0235__rq0_0303,java,medium,True,False,False,1.0,0.1190481185913086,True,True,False,False,0
full_rq0_seed42__rq0_0237__rq0_0240,java,medium,True,True,True,1.0,-0.7738103866577148,False,True,True,True,0
full_rq0_seed42__rq0_0237__rq0_0242,java,medium,True,True,True,1.0,-0.6547622680664062,False,True,False,False,0
full_rq0_seed42__rq0_0237__rq0_0261,java,medium,True,True,False,0.0,-0.5357141494750977,False,True,False,False,0
full_rq0_seed42__rq0_0238__rq0_0241,java,medium,True,False,False,0.0,-0.1785717010498047,False,False,True,False,0
full_rq0_seed42__rq0_0238__rq0_0265,java,medium,True,True,True,1.0,-1.0714282989501953,False,True,True,True,0
full_rq0_seed42__rq0_0238__rq0_0267,java,medium,True,True,True,1.0,0.6547622680664062,True,False,False,False,0
full_rq0_seed42__rq0_0238__rq0_0271,java,medium,True,True,True,1.0,-1.1904754638671875,False,True,True,True,0
full_rq0_seed42__rq0_0238__rq0_0289,java,medium,True,True,True,1.0,-1.9047613143920898,False,True,True,True,0
full_rq0_seed42__rq0_0238__rq0_0293,java,medium,True,True,False,0.0,-1.0119037628173828,False,True,True,False,0
full_rq0_seed42__rq0_0239__rq0_0296,java,medium,True,False,False,1.0,-0.059523582458496094,True,True,False,False,0
full_rq0_seed42__rq0_0239__rq0_0297,java,medium,True,True,False,0.0,1.0714292526245117,True,False,False,False,0
full_rq0_seed42__rq0_0240__rq0_0284,java,medium,True,True,True,1.0,0.2976188659667969,True,False,False,False,0
full_rq0_seed42__rq0_0240__rq0_0297,java,medium,True,True,False,0.0,0.47619056701660156,True,False,False,False,0
full_rq0_seed42__rq0_0241__rq0_0243,java,medium,True,True,True,1.0,-0.5357141494750977,False,True,False,False,0
full_rq0_seed42__rq0_0241__rq0_0252,java,medium,True,True,True,1.0,-0.1785717010498047,False,True,False,False,0
full_rq0_seed42__rq0_0241__rq0_0253,java,medium,True,True,False,0.0,0.47619056701660156,True,False,False,False,0
full_rq0_seed42__rq0_0241__rq0_0256,java,medium,True,True,False,0.0,0.2976188659667969,True,False,False,False,0
full_rq0_seed42__rq0_0241__rq0_0272,java,medium,True,False,False,0.0,0.059523582458496094,False,False,False,False,0
full_rq0_seed42__rq0_0243__rq0_0250,java,medium,True,True,True,1.0,-0.5952367782592773,False,True,True,True,0
full_rq0_seed42__rq0_0243__rq0_0262,java,medium,True,False,False,1.0,0.059523582458496094,False,False,False,False,0
full_rq0_seed42__rq0_0243__rq0_0301,java,medium,True,True,True,1.0,0.41666603088378906,True,False,False,False,0
full_rq0_seed42__rq0_0245__rq0_0264,java,medium,True,True,False,0.0,0.2976188659667969,True,False,False,False,0
full_rq0_seed42__rq0_0246__rq0_0289,java,medium,True,False,False,1.0,0.2976188659667969,False,False,True,True,0
full_rq0_seed42__rq0_0247__rq0_0295,java,medium,True,False,False,0.0,-0.0595245361328125,True,True,True,False,0
full_rq0_seed42__rq0_0248__rq0_0265,java,medium,True,True,False,0.0,-1.1309518814086914,False,True,False,False,0
full_rq0_seed42__rq0_0248__rq0_0279,java,medium,True,True,False,0.0,-1.0119047164916992,False,True,False,False,0
full_rq0_seed42__rq0_0248__rq0_0304,java,medium,True,True,False,0.0,-1.25,False,True,True,False,0
full_rq0_seed42__rq0_0250__rq0_0279,java,medium,True,True,True,1.0,1.0119047164916992,True,False,True,True,0
full_rq0_seed42__rq0_0251__rq0_0281,java,medium,True,False,False,0.0,0.41666603088378906,False,False,False,False,0
full_rq0_seed42__rq0_0252__rq0_0297,java,medium,True,False,False,1.0,-0.1785726547241211,True,True,True,True,0
full_rq0_seed42__rq0_0253__rq0_0279,java,medium,True,True,True,1.0,-0.9523801803588867,False,True,False,False,0
full_rq0_seed42__rq0_0254__rq0_0255,java,medium,True,True,True,1.0,-0.5952386856079102,False,True,False,False,0
full_rq0_seed42__rq0_0254__rq0_0256,java,medium,True,True,False,0.0,0.6547622680664062,True,False,False,False,0
full_rq0_seed42__rq0_0255__rq0_0309,java,medium,True,True,True,1.0,0.7142848968505859,True,False,False,False,0
full_rq0_seed42__rq0_0256__rq0_0260,java,medium,True,True,False,0.0,-0.8928565979003906,False,True,False,False,0
full_rq0_seed42__rq0_0256__rq0_0296,java,medium,True,True,True,1.0,-1.190476417541504,False,True,True,True,0
full_rq0_seed42__rq0_0256__rq0_0303,java,medium,True,True,False,0.0,-0.41666698455810547,False,True,False,False,0
full_rq0_seed42__rq0_0257__rq0_0260,java,medium,True,True,False,0.0,-1.190476417541504,False,True,False,False,0
full_rq0_seed42__rq0_0258__rq0_0299,java,medium,True,False,False,1.0,-0.3571434020996094,False,False,False,False,0
full_rq0_seed42__rq0_0259__rq0_0268,java,medium,True,True,True,1.0,0.5952377319335938,True,False,False,False,0
full_rq0_seed42__rq0_0260__rq0_0263,java,medium,True,True,True,1.0,1.0714282989501953,True,False,False,False,0
full_rq0_seed42__rq0_0260__rq0_0305,java,medium,True,False,False,1.0,-0.0595245361328125,True,True,True,True,0
full_rq0_seed42__rq0_0260__rq0_0312,java,medium,True,False,False,0.0,-0.11904716491699219,False,False,False,False,0
full_rq0_seed42__rq0_0261__rq0_0309,java,medium,True,False,False,,0.0,True,True,False,False,0
full_rq0_seed42__rq0_0262__rq0_0274,java,medium,True,True,True,1.0,0.47619056701660156,True,False,True,False,0
full_rq0_seed42__rq0_0263__rq0_0303,java,medium,True,True,True,1.0,-0.6547622680664062,False,True,False,False,0
full_rq0_seed42__rq0_0264__rq0_0296,java,medium,True,True,True,1.0,-0.7142848968505859,False,True,False,False,0
full_rq0_seed42__rq0_0265__rq0_0306,java,medium,True,True,True,1.0,-0.6547613143920898,False,True,False,False,0
full_rq0_seed42__rq0_0266__rq0_0271,java,medium,True,True,True,1.0,1.6071414947509766,True,False,True,True,0
full_rq0_seed42__rq0_0266__rq0_0280,java,medium,True,True,True,1.0,0.7738103866577148,True,False,True,True,0
full_rq0_seed42__rq0_0267__rq0_0285,java,medium,True,True,False,0.0,-0.9523811340332031,False,True,False,False,0
full_rq0_seed42__rq0_0267__rq0_0299,java,medium,True,True,True,1.0,-1.4285707473754883,False,True,True,True,0
full_rq0_seed42__rq0_0269__rq0_0271,java,medium,True,True,True,1.0,-1.1904754638671875,False,True,False,False,0
full_rq0_seed42__rq0_0269__rq0_0277,java,medium,True,True,False,0.0,-2.0833330154418945,False,True,True,False,0
full_rq0_seed42__rq0_0269__rq0_0285,java,medium,True,True,False,0.0,-1.0714282989501953,False,True,False,False,0
full_rq0_seed42__rq0_0271__rq0_0288,java,medium,True,False,False,1.0,-0.17857074737548828,True,True,False,False,0
full_rq0_seed42__rq0_0272__rq0_0296,java,medium,True,True,True,1.0,-1.1309518814086914,False,True,True,True,0
full_rq0_seed42__rq0_0273__rq0_0312,java,medium,True,True,False,0.0,-0.5952377319335938,False,True,False,False,0
full_rq0_seed42__rq0_0275__rq0_0279,java,medium,True,False,False,1.0,0.1785717010498047,True,True,False,False,0
full_rq0_seed42__rq0_0275__rq0_0297,java,medium,True,False,False,0.0,-9.5367431640625e-07,True,True,False,False,0
full_rq0_seed42__rq0_0279__rq0_0288,java,medium,True,False,False,1.0,-0.11904716491699219,True,True,False,False,0
full_rq0_seed42__rq0_0281__rq0_0285,java,medium,True,True,True,1.0,0.2976188659667969,True,False,False,False,0
full_rq0_seed42__rq0_0281__rq0_0299,java,medium,True,False,False,0.0,0.11904716491699219,False,False,False,False,0
full_rq0_seed42__rq0_0286__rq0_0293,java,medium,True,True,True,1.0,-0.5952386856079102,False,True,True,True,0
full_rq0_seed42__rq0_0287__rq0_0290,java,medium,True,True,True,1.0,1.4285707473754883,True,False,False,False,0
full_rq0_seed42__rq0_0293__rq0_0300,java,medium,True,True,False,0.0,0.5357141494750977,True,False,True,False,0
full_rq0_seed42__rq0_0301__rq0_0307,java,medium,True,True,True,1.0,-0.17857074737548828,False,True,False,False,0
full_rq0_seed42__rq0_0307__rq0_0309,java,medium,True,False,False,0.0,-0.1190481185913086,True,True,False,False,0
full_rq0_seed42__rq0_0000__rq0_0075,java,hard,True,True,False,0.0,-0.6547613143920898,False,True,False,False,0
full_rq0_seed42__rq0_0000__rq0_0165,java,hard,True,True,True,1.0,-0.8928565979003906,False,True,True,True,0
full_rq0_seed42__rq0_0000__rq0_0172,java,hard,True,True,True,1.0,-1.2500009536743164,False,True,True,True,0
full_rq0_seed42__rq0_0000__rq0_0253,java,hard,True,True,True,1.0,-0.8333330154418945,False,True,True,False,0
full_rq0_seed42__rq0_0001__rq0_0011,java,hard,True,True,False,0.0,-1.190476417541504,False,True,True,False,0
full_rq0_seed42__rq0_0001__rq0_0052,java,hard,True,False,False,0.0,-0.41666698455810547,True,True,False,False,0
full_rq0_seed42__rq0_0001__rq0_0080,java,hard,True,True,True,1.0,-0.5952377319335938,False,True,True,True,0
full_rq0_seed42__rq0_0001__rq0_0168,java,hard,True,True,True,1.0,-0.5357151031494141,False,True,True,True,0
full_rq0_seed42__rq0_0002__rq0_0014,java,hard,True,True,True,1.0,-0.7738094329833984,False,True,False,False,0
full_rq0_seed42__rq0_0002__rq0_0095,java,hard,True,False,False,1.0,-0.11904716491699219,False,False,True,True,0
full_rq0_seed42__rq0_0002__rq0_0112,java,hard,True,True,True,1.0,-1.4880952835083008,False,True,True,True,0
full_rq0_seed42__rq0_0002__rq0_0130,java,hard,True,True,True,1.0,-2.0238094329833984,False,True,True,True,0
full_rq0_seed42__rq0_0002__rq0_0241,java,hard,True,True,True,1.0,-0.6547622680664062,False,True,False,False,0
full_rq0_seed42__rq0_0002__rq0_0286,java,hard,True,True,False,0.0,-0.3571434020996094,False,True,False,False,0
full_rq0_seed42__rq0_0003__rq0_0045,java,hard,True,False,False,0.0,-0.17857074737548828,True,True,False,False,0
full_rq0_seed42__rq0_0003__rq0_0099,java,hard,True,True,False,0.0,-0.8333330154418945,False,True,True,False,0
full_rq0_seed42__rq0_0003__rq0_0124,java,hard,True,True,True,1.0,0.5357131958007812,True,False,True,True,0
full_rq0_seed42__rq0_0003__rq0_0265,java,hard,True,True,False,0.0,-0.5357141494750977,False,True,False,False,0
full_rq0_seed42__rq0_0003__rq0_0275,java,hard,True,True,True,1.0,-0.7738103866577148,False,True,True,False,0
full_rq0_seed42__rq0_0003__rq0_0289,java,hard,True,True,False,0.0,-1.1309528350830078,False,True,False,False,0
full_rq0_seed42__rq0_0004__rq0_0079,java,hard,True,True,True,1.0,1.4880952835083008,True,False,True,True,0
full_rq0_seed42__rq0_0004__rq0_0227,java,hard,True,True,False,0.0,-0.5952377319335938,False,True,False,False,0
full_rq0_seed42__rq0_0005__rq0_0039,java,hard,True,True,True,1.0,-0.5952377319335938,False,True,False,False,0
full_rq0_seed42__rq0_0005__rq0_0091,java,hard,True,True,True,1.0,-1.7857141494750977,False,True,True,True,0
full_rq0_seed42__rq0_0005__rq0_0125,java,hard,True,True,True,1.0,-1.25,False,True,True,True,0
full_rq0_seed42__rq0_0005__rq0_0151,java,hard,True,True,True,1.0,-0.9523811340332031,False,True,False,False,0
full_rq0_seed42__rq0_0005__rq0_0153,java,hard,True,True,True,1.0,-1.4880943298339844,False,True,True,True,0
full_rq0_seed42__rq0_0005__rq0_0283,java,hard,True,True,True,1.0,-3.0357131958007812,False,True,False,False,0
full_rq0_seed42__rq0_0006__rq0_0049,java,hard,True,True,True,1.0,-0.5357141494750977,False,True,True,True,0
full_rq0_seed42__rq0_0006__rq0_0088,java,hard,True,True,False,0.0,-0.7738094329833984,False,True,True,False,0
full_rq0_seed42__rq0_0006__rq0_0094,java,hard,True,True,True,1.0,-1.0714282989501953,False,True,True,True,0
full_rq0_seed42__rq0_0006__rq0_0108,java,hard,True,False,False,1.0,0.2976188659667969,True,True,False,False,0
full_rq0_seed42__rq0_0006__rq0_0124,java,hard,True,False,False,,0.0,True,True,True,True,0
full_rq0_seed42__rq0_0006__rq0_0129,java,hard,True,True,False,0.0,-0.47619056701660156,False,True,True,False,0
full_rq0_seed42__rq0_0006__rq0_0189,java,hard,True,False,False,1.0,-0.059523582458496094,True,True,False,False,0
full_rq0_seed42__rq0_0006__rq0_0304,java,hard,True,True,True,1.0,-1.7261896133422852,False,True,True,True,0
full_rq0_seed42__rq0_0007__rq0_0061,java,hard,True,True,False,0.0,-0.29761791229248047,False,True,False,False,0
full_rq0_seed42__rq0_0007__rq0_0113,java,hard,True,True,True,1.0,-1.6666669845581055,False,True,True,True,0
full_rq0_seed42__rq0_0007__rq0_0121,java,hard,True,True,True,1.0,-1.7261905670166016,False,True,True,True,0
full_rq0_seed42__rq0_0007__rq0_0127,java,hard,True,True,False,0.0,-2.1428565979003906,False,True,True,False,0
full_rq0_seed42__rq0_0007__rq0_0200,java,hard,True,True,True,1.0,-1.25,False,True,False,False,0
full_rq0_seed42__rq0_0007__rq0_0213,java,hard,True,True,True,1.0,-0.5952377319335938,False,True,False,False,0
full_rq0_seed42__rq0_0007__rq0_0245,java,hard,True,True,True,1.0,-1.5476188659667969,False,True,False,False,0
full_rq0_seed42__rq0_0007__rq0_0258,java,hard,True,True,True,1.0,-0.8928565979003906,False,True,False,False,0
full_rq0_seed42__rq0_0007__rq0_0284,java,hard,True,True,True,1.0,-1.1309518814086914,False,True,False,False,0
full_rq0_seed42__rq0_0007__rq0_0285,java,hard,True,True,False,0.0,-0.7738094329833984,False,True,True,True,0
full_rq0_seed42__rq0_0007__rq0_0291,java,hard,True,True,False,0.0,-0.7142848968505859,False,True,True,True,0
full_rq0_seed42__rq0_0008__rq0_0087,java,hard,True,True,True,1.0,-0.2976198196411133,False,True,True,True,0
full_rq0_seed42__rq0_0008__rq0_0177,java,hard,True,True,False,0.0,-1.5476198196411133,False,True,False,False,0
full_rq0_seed42__rq0_0008__rq0_0280,java,hard,True,True,False,0.0,-1.7261905670166016,False,True,True,False,0
full_rq0_seed42__rq0_0008__rq0_0287,java,hard,True,True,True,1.0,-1.7857141494750977,False,True,True,False,0
full_rq0_seed42__rq0_0008__rq0_0304,java,hard,True,True,False,0.0,-1.3690481185913086,False,True,True,True,0
full_rq0_seed42__rq0_0009__rq0_0010,java,hard,True,False,False,1.0,-0.2976188659667969,True,True,True,False,0
full_rq0_seed42__rq0_0009__rq0_0074,java,hard,True,False,False,1.0,-0.2976188659667969,True,True,True,False,0
full_rq0_seed42__rq0_0009__rq0_0193,java,hard,True,False,False,1.0,-0.2976188659667969,True,True,True,False,0
full_rq0_seed42__rq0_0009__rq0_0200,java,hard,True,True,False,0.0,-0.773808479309082,False,True,False,False,0
full_rq0_seed42__rq0_0009__rq0_0216,java,hard,True,True,True,1.0,-0.41666698455810547,False,True,True,False,0
full_rq0_seed42__rq0_0009__rq0_0242,java,hard,True,True,True,1.0,-0.47619152069091797,False,True,True,False,0
full_rq0_seed42__rq0_0009__rq0_0252,java,hard,True,True,True,1.0,-0.41666698455810547,False,True,True,False,0
full_rq0_seed42__rq0_0009__rq0_0284,java,hard,True,True,False,0.0,-0.5357141494750977,False,True,True,True,0
full_rq0_seed42__rq0_0010__rq0_0027,java,hard,True,True,False,0.0,1.25,True,False,True,False,0
full_rq0_seed42__rq0_0010__rq0_0046,java,hard,True,False,False,0.0,0.1785717010498047,True,True,True,True,0
full_rq0_seed42__rq0_0010__rq0_0079,java,hard,True,True,False,0.0,0.35714244842529297,True,False,True,False,0
full_rq0_seed42__rq0_0010__rq0_0090,java,hard,True,True,True,1.0,0.47619056701660156,True,False,False,False,0
full_rq0_seed42__rq0_0010__rq0_0105,java,hard,True,False,False,1.0,-0.2976188659667969,True,True,True,False,0
full_rq0_seed42__rq0_0010__rq0_0129,java,hard,True,False,False,1.0,0.2976188659667969,True,True,True,True,0
full_rq0_seed42__rq0_0010__rq0_0156,java,hard,True,True,False,0.0,-0.5357151031494141,False,True,True,True,0
full_rq0_seed42__rq0_0010__rq0_0206,java,hard,True,True,False,0.0,-0.9523820877075195,False,True,False,False,0
full_rq0_seed42__rq0_0010__rq0_0238,java,hard,True,True,True,1.0,0.47619152069091797,True,False,True,True,0
full_rq0_seed42__rq0_0010__rq0_0296,java,hard,True,True,True,1.0,-1.7261896133422852,False,True,False,False,0
full_rq0_seed42__rq0_0010__rq0_0297,java,hard,True,False,False,1.0,-0.2380962371826172,True,True,True,False,0
full_rq0_seed42__rq0_0010__rq0_0304,java,hard,True,True,True,1.0,-0.47619056701660156,False,True,True,False,0
full_rq0_seed42__rq0_0010__rq0_0305,java,hard,True,True,False,0.0,-0.892857551574707,False,True,False,False,0
full_rq0_seed42__rq0_0011__rq0_0059,java,hard,True,True,False,0.0,0.5952386856079102,True,False,True,False,0
full_rq0_seed42__rq0_0011__rq0_0197,java,hard,True,True,True,1.0,0.47619056701660156,True,False,True,True,0
full_rq0_seed42__rq0_0011__rq0_0210,java,hard,True,True,True,1.0,0.23809528350830078,True,False,True,True,0
full_rq0_seed42__rq0_0011__rq0_0229,java,hard,True,True,True,1.0,0.1190481185913086,True,False,True,True,0
full_rq0_seed42__rq0_0011__rq0_0235,java,hard,True,True,True,1.0,-0.2976188659667969,False,True,True,False,0
full_rq0_seed42__rq0_0011__rq0_0253,java,hard,True,True,True,1.0,0.6547622680664062,True,False,True,True,0
full_rq0_seed42__rq0_0011__rq0_0265,java,hard,True,True,True,1.0,-0.0595245361328125,False,True,True,False,0
full_rq0_seed42__rq0_0012__rq0_0025,java,hard,True,False,False,0.0,-0.059523582458496094,True,True,True,False,0
full_rq0_seed42__rq0_0012__rq0_0117,java,hard,True,False,False,0.0,-0.1190481185913086,True,True,True,True,0
full_rq0_seed42__rq0_0012__rq0_0189,java,hard,True,True,True,1.0,0.5952377319335938,True,False,True,True,0
full_rq0_seed42__rq0_0012__rq0_0224,java,hard,True,True,True,1.0,-1.9642858505249023,False,True,True,True,0
full_rq0_seed42__rq0_0012__rq0_0230,java,hard,True,True,False,0.0,-1.0119056701660156,False,True,True,True,0
full_rq0_seed42__rq0_0012__rq0_0271,java,hard,True,False,False,0.0,-0.41666698455810547,True,True,True,True,0
full_rq0_seed42__rq0_0012__rq0_0279,java,hard,True,True,False,0.0,-0.8333330154418945,False,True,True,True,0
full_rq0_seed42__rq0_0013__rq0_0089,java,hard,True,True,False,0.0,3.0952377319335938,True,False,True,False,0
full_rq0_seed42__rq0_0013__rq0_0310,java,hard,True,True,False,0.0,0.7738103866577148,True,False,True,False,0
full_rq0_seed42__rq0_0014__rq0_0061,java,hard,True,True,True,1.0,0.2380962371826172,True,False,True,False,0
full_rq0_seed42__rq0_0014__rq0_0233,java,hard,True,True,True,1.0,-0.8928565979003906,False,True,False,False,0
full_rq0_seed42__rq0_0014__rq0_0262,java,hard,True,True,True,1.0,-0.9523811340332031,False,True,False,False,0
full_rq0_seed42__rq0_0014__rq0_0277,java,hard,True,True,False,0.0,-1.190476417541504,False,True,False,False,0
full_rq0_seed42__rq0_0014__rq0_0312,java,hard,True,True,False,0.0,-0.9523811340332031,False,True,False,False,0
full_rq0_seed42__rq0_0015__rq0_0062,java,hard,True,False,False,0.0,-0.11904716491699219,False,False,True,False,0
full_rq0_seed42__rq0_0015__rq0_0082,java,hard,True,True,True,1.0,-0.47619056701660156,False,True,False,False,0
full_rq0_seed42__rq0_0015__rq0_0133,java,hard,True,True,False,0.0,-1.8452377319335938,False,True,True,False,0
full_rq0_seed42__rq0_0015__rq0_0255,java,hard,True,True,False,0.0,-2.380952835083008,False,True,False,False,0
full_rq0_seed42__rq0_0016__rq0_0064,java,hard,True,True,True,1.0,-1.0714282989501953,False,True,True,True,0
full_rq0_seed42__rq0_0016__rq0_0196,java,hard,True,True,True,1.0,-0.7142858505249023,False,True,True,False,0
full_rq0_seed42__rq0_0016__rq0_0202,java,hard,True,True,False,0.0,-0.47619056701660156,False,True,True,True,0
full_rq0_seed42__rq0_0017__rq0_0088,java,hard,True,True,False,0.0,-0.773808479309082,False,True,False,False,0
full_rq0_seed42__rq0_0017__rq0_0099,java,hard,True,True,True,1.0,-1.1904754638671875,False,True,False,False,0
full_rq0_seed42__rq0_0017__rq0_0106,java,hard,True,True,False,0.0,-0.7738094329833984,False,True,True,True,0
full_rq0_seed42__rq0_0017__rq0_0169,java,hard,True,True,False,0.0,-0.47619056701660156,False,True,True,True,0
full_rq0_seed42__rq0_0017__rq0_0219,java,hard,True,True,False,0.0,-0.8928585052490234,False,True,True,True,0
full_rq0_seed42__rq0_0018__rq0_0022,java,hard,True,True,False,0.0,0.41666698455810547,True,False,False,False,0
full_rq0_seed42__rq0_0018__rq0_0107,java,hard,True,True,True,1.0,-0.23809528350830078,False,True,False,False,0
full_rq0_seed42__rq0_0018__rq0_0108,java,hard,True,True,False,0.0,0.3571434020996094,True,False,False,False,0
full_rq0_seed42__rq0_0018__rq0_0176,java,hard,True,True,True,1.0,-0.9523820877075195,False,True,False,False,0
full_rq0_seed42__rq0_0018__rq0_0188,java,hard,True,True,False,0.0,-1.0119056701660156,False,True,True,False,0
full_rq0_seed42__rq0_0018__rq0_0210,java,hard,True,True,True,1.0,-0.5357141494750977,False,True,False,False,0
full_rq0_seed42__rq0_0018__rq0_0301,java,hard,True,True,False,0.0,-0.47619056701660156,False,True,False,False,0
full_rq0_seed42__rq0_0019__rq0_0021,java,hard,True,True,True,1.0,-2.3214292526245117,False,True,False,False,0
full_rq0_seed42__rq0_0019__rq0_0027,java,hard,True,True,True,1.0,-0.2976188659667969,False,True,False,False,0
full_rq0_seed42__rq0_0019__rq0_0058,java,hard,True,True,True,1.0,-1.8452386856079102,False,True,False,False,0
full_rq0_seed42__rq0_0019__rq0_0176,java,hard,True,True,False,0.0,-2.6785707473754883,False,True,True,False,0
full_rq0_seed42__rq0_0019__rq0_0243,java,hard,True,True,False,0.0,-1.7857141494750977,False,True,False,False,0
full_rq0_seed42__rq0_0019__rq0_0256,java,hard,True,True,False,0.0,-1.7261896133422852,False,True,False,False,0
full_rq0_seed42__rq0_0019__rq0_0270,java,hard,True,True,False,0.0,-1.4285707473754883,False,True,True,False,0
full_rq0_seed42__rq0_0019__rq0_0290,java,hard,True,True,True,1.0,-1.25,False,True,False,False,0
full_rq0_seed42__rq0_0020__rq0_0026,java,hard,True,True,False,0.0,0.2976198196411133,True,False,True,False,0
full_rq0_seed42__rq0_0020__rq0_0152,java,hard,True,True,False,0.0,-0.6547613143920898,False,True,True,True,0
full_rq0_seed42__rq0_0020__rq0_0174,java,hard,True,False,False,0.0,-0.17857074737548828,True,True,False,False,0
full_rq0_seed42__rq0_0020__rq0_0186,java,hard,True,True,True,1.0,-1.3690481185913086,False,True,True,True,0
full_rq0_seed42__rq0_0020__rq0_0187,java,hard,True,True,False,0.0,0.5357141494750977,True,False,True,False,0
full_rq0_seed42__rq0_0020__rq0_0276,java,hard,True,True,True,1.0,0.1785726547241211,True,False,False,False,0
full_rq0_seed42__rq0_0020__rq0_0281,java,hard,True,True,True,1.0,-0.2976188659667969,False,True,True,False,0
full_rq0_seed42__rq0_0020__rq0_0309,java,hard,True,True,True,1.0,-0.5952386856079102,False,True,True,False,0
full_rq0_seed42__rq0_0020__rq0_0311,java,hard,True,True,False,0.0,-0.5952386856079102,False,True,False,False,0
full_rq0_seed42__rq0_0021__rq0_0069,java,hard,True,True,True,1.0,0.9523811340332031,True,False,True,False,0
full_rq0_seed42__rq0_0021__rq0_0140,java,hard,True,True,True,1.0,0.7738094329833984,True,False,False,False,0
full_rq0_seed42__rq0_0021__rq0_0194,java,hard,True,False,False,1.0,-0.11904716491699219,True,True,True,True,0
full_rq0_seed42__rq0_0021__rq0_0204,java,hard,True,True,False,0.0,-1.0119047164916992,False,True,False,False,0
full_rq0_seed42__rq0_0021__rq0_0208,java,hard,True,True,True,1.0,-0.0595245361328125,False,True,False,False,0
full_rq0_seed42__rq0_0021__rq0_0235,java,hard,True,False,False,0.0,-0.17857074737548828,True,True,False,False,0
full_rq0_seed42__rq0_0021__rq0_0288,java,hard,True,False,False,1.0,-0.1785717010498047,True,True,False,False,0
full_rq0_seed42__rq0_0022__rq0_0063,java,hard,True,True,False,0.0,-0.9523801803588867,False,True,False,False,0
full_rq0_seed42__rq0_0022__rq0_0131,java,hard,True,True,True,1.0,-0.47618961334228516,False,True,True,False,0
full_rq0_seed42__rq0_0022__rq0_0140,java,hard,True,True,True,1.0,-0.47619056701660156,False,True,False,False,0
full_rq0_seed42__rq0_0022__rq0_0148,java,hard,True,True,True,1.0,0.1190481185913086,True,False,True,True,0
full_rq0_seed42__rq0_0022__rq0_0162,java,hard,True,True,False,0.0,-0.5952377319335938,False,True,True,True,0
full_rq0_seed42__rq0_0022__rq0_0166,java,hard,True,True,True,1.0,-2.142857551574707,False,True,False,False,0
full_rq0_seed42__rq0_0022__rq0_0191,java,hard,True,True,False,0.0,-1.4880952835083008,False,True,False,False,0
full_rq0_seed42__rq0_0022__rq0_0204,java,hard,True,True,True,1.0,-1.8452386856079102,False,True,False,False,0
full_rq0_seed42__rq0_0022__rq0_0207,java,hard,True,True,True,1.0,-1.25,False,True,False,False,0
full_rq0_seed42__rq0_0022__rq0_0253,java,hard,True,True,False,0.0,-0.41666698455810547,False,True,True,True,0
full_rq0_seed42__rq0_0022__rq0_0262,java,hard,True,True,False,0.0,-1.3690471649169922,False,True,True,True,0
full_rq0_seed42__rq0_0022__rq0_0268,java,hard,True,True,False,0.0,-0.5952386856079102,False,True,True,True,0
full_rq0_seed42__rq0_0022__rq0_0269,java,hard,True,True,False,0.0,-0.1785726547241211,False,True,True,True,0
full_rq0_seed42__rq0_0022__rq0_0300,java,hard,True,True,False,0.0,-0.9523811340332031,False,True,True,True,0
full_rq0_seed42__rq0_0023__rq0_0145,java,hard,True,False,False,1.0,-0.2976198196411133,True,True,True,True,0
full_rq0_seed42__rq0_0024__rq0_0034,java,hard,True,False,False,1.0,-0.35714244842529297,False,False,False,False,0
full_rq0_seed42__rq0_0024__rq0_0050,java,hard,True,True,True,1.0,-1.3690471649169922,False,True,True,True,0
full_rq0_seed42__rq0_0024__rq0_0089,java,hard,True,True,True,1.0,0.8333339691162109,True,False,False,False,0
full_rq0_seed42__rq0_0024__rq0_0149,java,hard,True,True,False,0.0,-2.1428565979003906,False,True,True,False,0
full_rq0_seed42__rq0_0024__rq0_0312,java,hard,True,True,True,1.0,-1.7857131958007812,False,True,True,True,0
full_rq0_seed42__rq0_0025__rq0_0047,java,hard,True,True,False,0.0,0.2976188659667969,True,False,True,False,0
full_rq0_seed42__rq0_0025__rq0_0054,java,hard,True,True,True,1.0,0.1785717010498047,True,False,False,False,0
full_rq0_seed42__rq0_0025__rq0_0065,java,hard,True,True,True,1.0,-0.1785717010498047,False,True,False,False,0
full_rq0_seed42__rq0_0025__rq0_0159,java,hard,True,True,False,0.0,-1.190476417541504,False,True,False,False,0
full_rq0_seed42__rq0_0025__rq0_0206,java,hard,True,True,False,0.0,-0.7142858505249023,False,True,False,False,0
full_rq0_seed42__rq0_0025__rq0_0243,java,hard,True,True,False,0.0,-0.47618961334228516,False,True,True,True,0
full_rq0_seed42__rq0_0025__rq0_0270,java,hard,True,False,False,0.0,-0.5357151031494141,True,True,False,False,0
full_rq0_seed42__rq0_0026__rq0_0084,java,hard,True,True,True,1.0,1.2499990463256836,True,False,True,True,0
full_rq0_seed42__rq0_0026__rq0_0191,java,hard,True,True,True,1.0,-0.7142868041992188,False,True,False,False,0
full_rq0_seed42__rq0_0026__rq0_0195,java,hard,True,True,False,0.0,-0.2976198196411133,False,True,False,False,0
full_rq0_seed42__rq0_0026__rq0_0200,java,hard,True,True,True,1.0,-1.0119047164916992,False,True,False,False,0
full_rq0_seed42__rq0_0026__rq0_0258,java,hard,True,False,False,1.0,-0.059523582458496094,False,False,False,False,0
full_rq0_seed42__rq0_0026__rq0_0284,java,hard,True,True,True,1.0,-0.8333339691162109,False,True,True,False,0
full_rq0_seed42__rq0_0027__rq0_0102,java,hard,True,False,False,0.0,-0.1190481185913086,True,True,True,True,0
full_rq0_seed42__rq0_0027__rq0_0124,java,hard,True,False,False,0.0,-0.0595245361328125,True,True,True,True,0
full_rq0_seed42__rq0_0027__rq0_0137,java,hard,True,True,False,0.0,-1.3690471649169922,False,True,False,False,0
full_rq0_seed42__rq0_0027__rq0_0223,java,hard,True,True,False,0.0,-1.4285717010498047,False,True,True,False,0
full_rq0_seed42__rq0_0027__rq0_0244,java,hard,True,True,True,1.0,-1.9047622680664062,False,True,False,False,0
full_rq0_seed42__rq0_0027__rq0_0250,java,hard,True,True,True,1.0,-2.0238094329833984,False,True,True,True,0
full_rq0_seed42__rq0_0028__rq0_0096,java,hard,True,False,False,,0.0,True,True,False,False,0
full_rq0_seed42__rq0_0028__rq0_0121,java,hard,True,True,True,1.0,-1.666666030883789,False,True,True,True,0
full_rq0_seed42__rq0_0028__rq0_0233,java,hard,True,True,True,1.0,-0.2976188659667969,False,True,False,False,0
full_rq0_seed42__rq0_0028__rq0_0241,java,hard,True,True,True,1.0,-0.17857074737548828,False,True,True,False,0
full_rq0_seed42__rq0_0028__rq0_0301,java,hard,True,True,False,0.0,0.11904716491699219,True,False,False,False,0
full_rq0_seed42__rq0_0029__rq0_0110,java,hard,True,True,True,1.0,1.4285707473754883,True,False,False,False,0
full_rq0_seed42__rq0_0029__rq0_0186,java,hard,True,True,False,0.0,-1.7857141494750977,False,True,True,False,0
full_rq0_seed42__rq0_0029__rq0_0219,java,hard,True,True,True,1.0,-0.2976188659667969,False,True,False,False,0
full_rq0_seed42__rq0_0029__rq0_0264,java,hard,True,True,True,1.0,-0.41666603088378906,False,True,False,False,0
full_rq0_seed42__rq0_0029__rq0_0299,java,hard,True,True,True,1.0,-0.5952377319335938,False,True,False,False,0
full_rq0_seed42__rq0_0030__rq0_0049,java,hard,True,True,True,1.0,0.1190481185913086,True,False,False,False,0
full_rq0_seed42__rq0_0030__rq0_0122,java,hard,True,False,False,1.0,-0.17857074737548828,True,True,False,False,0
full_rq0_seed42__rq0_0030__rq0_0154,java,hard,True,True,True,1.0,0.47619056701660156,True,False,True,True,0
full_rq0_seed42__rq0_0030__rq0_0173,java,hard,True,True,True,1.0,0.5357141494750977,True,False,True,True,0
full_rq0_seed42__rq0_0031__rq0_0078,java,hard,True,False,False,1.0,-0.1785717010498047,True,True,False,False,0
full_rq0_seed42__rq0_0031__rq0_0178,java,hard,True,False,False,,0.0,True,True,True,True,0
full_rq0_seed42__rq0_0031__rq0_0194,java,hard,True,True,True,1.0,-0.5952377319335938,False,True,True,False,0
full_rq0_seed42__rq0_0031__rq0_0248,java,hard,True,True,False,0.0,0.41666698455810547,True,False,True,False,0
full_rq0_seed42__rq0_0031__rq0_0271,java,hard,True,True,False,0.0,-0.6547613143920898,False,True,True,True,0
full_rq0_seed42__rq0_0032__rq0_0194,java,hard,True,False,False,1.0,0.1785717010498047,True,True,True,True,0
full_rq0_seed42__rq0_0033__rq0_0149,java,hard,True,True,True,1.0,-1.6666669845581055,False,True,True,True,0
full_rq0_seed42__rq0_0033__rq0_0158,java,hard,True,True,False,0.0,0.8333330154418945,True,False,True,False,0
full_rq0_seed42__rq0_0033__rq0_0202,java,hard,True,False,False,1.0,-0.3571434020996094,True,True,True,False,0
full_rq0_seed42__rq0_0033__rq0_0295,java,hard,True,True,True,1.0,-0.5357141494750977,False,True,True,True,0
full_rq0_seed42__rq0_0034__rq0_0053,java,hard,True,True,True,1.0,-0.8333339691162109,False,True,True,True,0
full_rq0_seed42__rq0_0034__rq0_0149,java,hard,True,True,False,0.0,-2.023808479309082,False,True,True,False,0
full_rq0_seed42__rq0_0034__rq0_0277,java,hard,True,True,True,1.0,-1.5476188659667969,False,True,True,True,0
full_rq0_seed42__rq0_0035__rq0_0039,java,hard,True,True,True,1.0,2.0833330154418945,True,False,True,True,0
full_rq0_seed42__rq0_0035__rq0_0056,java,hard,True,True,True,1.0,0.5357141494750977,True,False,True,True,0
full_rq0_seed42__rq0_0035__rq0_0116,java,hard,True,True,True,1.0,-1.0119047164916992,False,True,False,False,0
full_rq0_seed42__rq0_0035__rq0_0180,java,hard,True,True,True,1.0,-0.6547622680664062,False,True,False,False,0
full_rq0_seed42__rq0_0035__rq0_0214,java,hard,True,True,True,1.0,-0.7142868041992188,False,True,True,False,0
full_rq0_seed42__rq0_0036__rq0_0040,java,hard,True,True,True,1.0,-0.41666603088378906,False,True,True,True,0
full_rq0_seed42__rq0_0036__rq0_0135,java,hard,True,True,False,0.0,-0.7142848968505859,False,True,False,False,0
full_rq0_seed42__rq0_0036__rq0_0267,java,hard,True,False,False,0.0,0.17856979370117188,False,False,True,False,0
full_rq0_seed42__rq0_0036__rq0_0278,java,hard,True,False,False,1.0,0.23809528350830078,True,True,False,False,0
full_rq0_seed42__rq0_0036__rq0_0281,java,hard,True,True,True,1.0,-0.5952377319335938,False,True,True,False,0
full_rq0_seed42__rq0_0036__rq0_0292,java,hard,True,True,False,0.0,-0.3571434020996094,False,True,True,True,0
full_rq0_seed42__rq0_0037__rq0_0053,java,hard,True,True,False,0.0,-0.1190481185913086,False,True,True,False,0
full_rq0_seed42__rq0_0037__rq0_0093,java,hard,True,True,True,1.0,-1.0714282989501953,False,True,True,True,0
full_rq0_seed42__rq0_0037__rq0_0123,java,hard,True,True,False,0.0,0.6547622680664062,True,False,True,False,0
full_rq0_seed42__rq0_0037__rq0_0132,java,hard,True,True,True,1.0,-1.0119047164916992,False,True,True,True,0
full_rq0_seed42__rq0_0037__rq0_0214,java,hard,True,True,False,0.0,-1.3095245361328125,False,True,False,False,0
full_rq0_seed42__rq0_0037__rq0_0232,java,hard,True,True,False,0.0,-1.0714282989501953,False,True,False,False,0
full_rq0_seed42__rq0_0037__rq0_0303,java,hard,True,True,True,1.0,-0.5357141494750977,False,True,False,False,0
full_rq0_seed42__rq0_0038__rq0_0061,java,hard,True,True,True,1.0,0.8333339691162109,True,False,True,True,0
full_rq0_seed42__rq0_0038__rq0_0123,java,hard,True,True,False,0.0,1.2499990463256836,True,False,True,False,0
full_rq0_seed42__rq0_0038__rq0_0298,java,hard,True,False,False,0.0,-0.1190481185913086,False,False,True,True,0
full_rq0_seed42__rq0_0039__rq0_0285,java,hard,True,True,True,1.0,-2.0238094329833984,False,True,False,False,0
full_rq0_seed42__rq0_0039__rq0_0308,java,hard,True,True,True,1.0,-1.8452377319335938,False,True,True,True,0
full_rq0_seed42__rq0_0040__rq0_0063,java,hard,True,True,False,0.0,0.3571434020996094,True,False,True,True,0
full_rq0_seed42__rq0_0040__rq0_0129,java,hard,True,True,True,1.0,-0.3571434020996094,False,True,True,False,0
full_rq0_seed42__rq0_0040__rq0_0165,java,hard,True,False,False,1.0,-0.2976198196411133,True,True,False,False,0
full_rq0_seed42__rq0_0040__rq0_0179,java,hard,True,True,True,1.0,0.9523820877075195,True,False,True,True,0
full_rq0_seed42__rq0_0040__rq0_0212,java,hard,True,True,True,1.0,-0.9523801803588867,False,True,True,False,0
full_rq0_seed42__rq0_0040__rq0_0281,java,hard,True,True,False,0.0,-0.41666603088378906,False,True,True,True,0
full_rq0_seed42__rq0_0040__rq0_0293,java,hard,True,True,False,0.0,-0.47618961334228516,False,True,True,False,0
full_rq0_seed42__rq0_0041__rq0_0110,java,hard,True,True,True,1.0,0.41666698455810547,True,False,False,False,0
full_rq0_seed42__rq0_0041__rq0_0163,java,hard,True,True,True,1.0,-0.773808479309082,False,True,True,False,0
full_rq0_seed42__rq0_0041__rq0_0206,java,hard,True,True,True,1.0,-1.4285717010498047,False,True,True,True,0
full_rq0_seed42__rq0_0041__rq0_0243,java,hard,True,True,True,1.0,-1.0119047164916992,False,True,False,False,0
full_rq0_seed42__rq0_0041__rq0_0245,java,hard,True,True,False,0.0,-1.607142448425293,False,True,False,False,0
full_rq0_seed42__rq0_0042__rq0_0057,java,hard,True,True,False,0.0,-0.2380962371826172,False,True,False,False,0
full_rq0_seed42__rq0_0042__rq0_0184,java,hard,True,True,False,0.0,-0.5952386856079102,False,True,True,False,0
full_rq0_seed42__rq0_0043__rq0_0080,java,hard,True,False,False,0.0,0.23809432983398438,True,True,False,False,0
full_rq0_seed42__rq0_0043__rq0_0114,java,hard,True,False,False,1.0,-0.5357141494750977,True,True,True,True,0
full_rq0_seed42__rq0_0043__rq0_0161,java,hard,True,True,False,0.0,0.7142858505249023,True,False,True,False,0
full_rq0_seed42__rq0_0043__rq0_0163,java,hard,True,False,False,,0.0,True,True,True,True,0
full_rq0_seed42__rq0_0043__rq0_0234,java,hard,True,False,False,1.0,0.1190481185913086,True,True,True,True,0
full_rq0_seed42__rq0_0044__rq0_0046,java,hard,True,True,True,1.0,-0.17857074737548828,False,True,True,True,0
full_rq0_seed42__rq0_0044__rq0_0049,java,hard,True,True,True,1.0,-0.2976188659667969,False,True,False,False,0
full_rq0_seed42__rq0_0044__rq0_0060,java,hard,True,True,True,1.0,0.7142858505249023,True,False,True,True,0
full_rq0_seed42__rq0_0044__rq0_0062,java,hard,True,True,True,1.0,0.2976188659667969,True,False,False,False,0
full_rq0_seed42__rq0_0044__rq0_0163,java,hard,True,False,False,0.0,-0.11904716491699219,True,True,True,True,0
full_rq0_seed42__rq0_0044__rq0_0207,java,hard,True,True,False,0.0,-0.6547622680664062,False,True,False,False,0
full_rq0_seed42__rq0_0044__rq0_0215,java,hard,True,True,True,1.0,-1.0714282989501953,False,True,False,False,0
full_rq0_seed42__rq0_0044__rq0_0216,java,hard,True,True,False,0.0,-0.47619152069091797,False,True,True,True,0
full_rq0_seed42__rq0_0044__rq0_0234,java,hard,True,True,False,0.0,-0.5357151031494141,False,True,False,False,0
full_rq0_seed42__rq0_0044__rq0_0252,java,hard,True,True,False,0.0,-0.5357151031494141,False,True,True,True,0
full_rq0_seed42__rq0_0044__rq0_0255,java,hard,True,True,False,0.0,-1.3690481185913086,False,True,False,False,0
full_rq0_seed42__rq0_0044__rq0_0259,java,hard,True,True,False,0.0,-0.5952386856079102,False,True,True,True,0
full_rq0_seed42__rq0_0044__rq0_0270,java,hard,True,True,False,0.0,-0.5357141494750977,False,True,False,False,0
full_rq0_seed42__rq0_0045__rq0_0103,java,hard,True,True,False,0.0,-0.11904716491699219,False,True,True,True,0
full_rq0_seed42__rq0_0045__rq0_0115,java,hard,True,True,False,0.0,0.7738094329833984,True,False,True,False,0
full_rq0_seed42__rq0_0045__rq0_0199,java,hard,True,True,False,0.0,-0.5952377319335938,False,True,True,True,0
full_rq0_seed42__rq0_0045__rq0_0230,java,hard,True,True,False,0.0,-0.5357141494750977,False,True,False,False,0
full_rq0_seed42__rq0_0045__rq0_0242,java,hard,True,False,False,,0.0,True,True,True,True,0
full_rq0_seed42__rq0_0045__rq0_0265,java,hard,True,False,False,0.0,-0.059523582458496094,True,True,True,True,0
full_rq0_seed42__rq0_0045__rq0_0271,java,hard,True,False,False,0.0,-0.17857074737548828,True,True,True,True,0
full_rq0_seed42__rq0_0046__rq0_0114,java,hard,True,True,True,1.0,-0.47619056701660156,False,True,True,True,0
full_rq0_seed42__rq0_0046__rq0_0166,java,hard,True,True,False,0.0,-1.0119047164916992,False,True,True,True,0
full_rq0_seed42__rq0_0046__rq0_0279,java,hard,True,True,False,0.0,-0.5357141494750977,False,True,True,True,0
full_rq0_seed42__rq0_0046__rq0_0289,java,hard,True,True,False,0.0,-1.1309528350830078,False,True,True,True,0
full_rq0_seed42__rq0_0047__rq0_0087,java,hard,True,False,False,0.0,0.11904716491699219,True,True,True,True,0
full_rq0_seed42__rq0_0047__rq0_0208,java,hard,True,True,True,1.0,-0.8333339691162109,False,True,False,False,0
full_rq0_seed42__rq0_0047__rq0_0235,java,hard,True,True,False,0.0,-1.0119056701660156,False,True,True,True,0
full_rq0_seed42__rq0_0048__rq0_0154,java,hard,True,True,True,1.0,0.3571434020996094,True,False,True,True,0
full_rq0_seed42__rq0_0048__rq0_0184,java,hard,True,False,False,0.0,-0.1785717010498047,True,True,True,False,0
full_rq0_seed42__rq0_0048__rq0_0221,java,hard,True,True,True,1.0,-1.1904754638671875,False,True,True,True,0
full_rq0_seed42__rq0_0048__rq0_0224,java,hard,True,True,True,1.0,-1.5476198196411133,False,True,True,True,0
full_rq0_seed42__rq0_0049__rq0_0126,java,hard,True,True,True,1.0,-0.6547622680664062,False,True,True,False,0
full_rq0_seed42__rq0_0049__rq0_0131,java,hard,True,False,False,1.0,0.35714149475097656,True,True,True,True,0
full_rq0_seed42__rq0_0049__rq0_0140,java,hard,True,False,False,1.0,0.2976198196411133,False,False,True,True,0
full_rq0_seed42__rq0_0049__rq0_0193,java,hard,True,True,False,0.0,-0.29761791229248047,False,True,True,True,0
full_rq0_seed42__rq0_0049__rq0_0223,java,hard,True,True,False,0.0,-0.8928565979003906,False,True,False,False,0
full_rq0_seed42__rq0_0049__rq0_0234,java,hard,True,True,False,0.0,-0.2976188659667969,False,True,True,True,0
full_rq0_seed42__rq0_0049__rq0_0248,java,hard,True,True,False,0.0,0.6547613143920898,True,False,True,False,0
full_rq0_seed42__rq0_0050__rq0_0180,java,hard,True,True,True,1.0,-0.5952377319335938,False,True,True,False,0
full_rq0_seed42__rq0_0050__rq0_0214,java,hard,True,True,True,1.0,-0.41666698455810547,False,True,False,False,0
full_rq0_seed42__rq0_0050__rq0_0273,java,hard,True,True,False,0.0,0.3571434020996094,True,False,False,False,0
full_rq0_seed42__rq0_0050__rq0_0278,java,hard,True,True,True,1.0,0.892857551574707,True,False,True,True,0
full_rq0_seed42__rq0_0050__rq0_0283,java,hard,True,True,False,0.0,-0.5952377319335938,False,True,True,True,0
full_rq0_seed42__rq0_0051__rq0_0085,java,hard,True,False,False,,0.0,False,False,False,False,0
full_rq0_seed42__rq0_0051__rq0_0095,java,hard,True,False,False,1.0,-0.059523582458496094,True,True,True,True,0
full_rq0_seed42__rq0_0051__rq0_0130,java,hard,True,True,True,1.0,-1.7857141494750977,False,True,True,True,0
full_rq0_seed42__rq0_0051__rq0_0267,java,hard,True,True,False,0.0,0.059523582458496094,True,False,True,False,0
full_rq0_seed42__rq0_0051__rq0_0276,java,hard,True,True,False,0.0,-0.7738103866577148,False,True,False,False,0
full_rq0_seed42__rq0_0051__rq0_0292,java,hard,True,True,False,0.0,-0.35714244842529297,False,True,True,True,0
full_rq0_seed42__rq0_0052__rq0_0077,java,hard,True,True,True,1.0,0.5952377319335938,True,False,True,True,0
full_rq0_seed42__rq0_0052__rq0_0177,java,hard,True,True,True,1.0,-1.1309518814086914,False,True,True,True,0
full_rq0_seed42__rq0_0052__rq0_0209,java,hard,True,True,True,1.0,-0.9523811340332031,False,True,True,True,0
full_rq0_seed42__rq0_0052__rq0_0235,java,hard,True,True,True,1.0,-0.5952377319335938,False,True,False,False,0
full_rq0_seed42__rq0_0052__rq0_0236,java,hard,True,False,False,1.0,-0.11904716491699219,True,True,False,False,0
full_rq0_seed42__rq0_0052__rq0_0238,java,hard,True,True,True,1.0,0.5952377319335938,True,False,True,True,0
full_rq0_seed42__rq0_0052__rq0_0279,java,hard,True,False,False,1.0,-0.35714244842529297,True,True,False,False,0
full_rq0_seed42__rq0_0053__rq0_0067,java,hard,True,True,True,1.0,-0.1785717010498047,False,True,True,False,0
full_rq0_seed42__rq0_0053__rq0_0085,java,hard,True,True,False,0.0,0.47619056701660156,True,False,False,False,0
full_rq0_seed42__rq0_0053__rq0_0097,java,hard,True,False,False,0.0,0.059523582458496094,True,True,True,False,0
full_rq0_seed42__rq0_0053__rq0_0101,java,hard,True,True,True,1.0,-1.4880952835083008,False,True,True,True,0
full_rq0_seed42__rq0_0053__rq0_0135,java,hard,True,True,False,0.0,-0.47619152069091797,False,True,True,True,0
full_rq0_seed42__rq0_0053__rq0_0152,java,hard,True,True,False,0.0,-1.190476417541504,False,True,False,False,0
full_rq0_seed42__rq0_0053__rq0_0164,java,hard,True,False,False,0.0,-0.23809528350830078,True,True,False,False,0
full_rq0_seed42__rq0_0053__rq0_0174,java,hard,True,True,False,0.0,-0.7142858505249023,False,True,True,False,0
full_rq0_seed42__rq0_0053__rq0_0175,java,hard,True,True,True,1.0,-1.190476417541504,False,True,True,True,0
full_rq0_seed42__rq0_0053__rq0_0188,java,hard,True,True,True,1.0,-1.1309528350830078,False,True,True,True,0
full_rq0_seed42__rq0_0053__rq0_0225,java,hard,True,True,False,0.0,-0.2976188659667969,False,True,True,True,0
full_rq0_seed42__rq0_0053__rq0_0228,java,hard,True,False,False,1.0,-0.23809528350830078,True,True,False,False,0
full_rq0_seed42__rq0_0053__rq0_0276,java,hard,True,True,False,0.0,-0.35714244842529297,False,True,False,False,0
full_rq0_seed42__rq0_0054__rq0_0090,java,hard,True,False,False,1.0,0.1190481185913086,False,False,True,True,0
full_rq0_seed42__rq0_0054__rq0_0105,java,hard,True,True,True,1.0,-0.7142858505249023,False,True,True,False,0
full_rq0_seed42__rq0_0054__rq0_0142,java,hard,True,True,False,0.0,-1.25,False,True,True,True,0
full_rq0_seed42__rq0_0054__rq0_0166,java,hard,True,True,True,1.0,-1.3690481185913086,False,True,False,False,0
full_rq0_seed42__rq0_0054__rq0_0238,java,hard,True,True,True,1.0,0.2976188659667969,True,False,True,True,0
full_rq0_seed42__rq0_0054__rq0_0271,java,hard,True,True,True,1.0,-0.41666698455810547,False,True,True,False,0
full_rq0_seed42__rq0_0054__rq0_0305,java,hard,True,True,False,0.0,-1.0714292526245117,False,True,False,False,0
full_rq0_seed42__rq0_0054__rq0_0307,java,hard,True,True,False,0.0,-0.7738103866577148,False,True,True,True,0
full_rq0_seed42__rq0_0055__rq0_0071,java,hard,True,True,True,1.0,0.892857551574707,True,False,False,False,0
full_rq0_seed42__rq0_0055__rq0_0088,java,hard,True,True,False,0.0,-0.2380962371826172,False,True,False,False,0
full_rq0_seed42__rq0_0055__rq0_0094,java,hard,True,True,True,1.0,-0.3571434020996094,False,True,True,True,0
full_rq0_seed42__rq0_0055__rq0_0155,java,hard,True,True,True,1.0,-0.2976188659667969,False,True,True,True,0
full_rq0_seed42__rq0_0055__rq0_0156,java,hard,True,True,False,0.0,-0.8333330154418945,False,True,False,False,0
full_rq0_seed42__rq0_0055__rq0_0165,java,hard,True,False,False,0.0,-0.059523582458496094,True,True,True,False,0
full_rq0_seed42__rq0_0055__rq0_0197,java,hard,True,True,False,0.0,-0.2976198196411133,False,True,False,False,0
full_rq0_seed42__rq0_0055__rq0_0265,java,hard,True,True,True,1.0,-0.35714244842529297,False,True,True,True,0
full_rq0_seed42__rq0_0056__rq0_0196,java,hard,True,True,True,1.0,-0.23809528350830078,False,True,False,False,0
full_rq0_seed42__rq0_0056__rq0_0232,java,hard,True,True,True,1.0,-0.6547622680664062,False,True,False,False,0
full_rq0_seed42__rq0_0056__rq0_0295,java,hard,True,True,False,0.0,-0.5357151031494141,False,True,False,False,0
full_rq0_seed42__rq0_0056__rq0_0311,java,hard,True,True,True,1.0,-0.8333339691162109,False,True,False,False,0
full_rq0_seed42__rq0_0057__rq0_0065,java,hard,True,True,True,1.0,-0.35714244842529297,False,True,True,True,0
full_rq0_seed42__rq0_0057__rq0_0114,java,hard,True,True,True,1.0,-0.47619152069091797,False,True,False,False,0
full_rq0_seed42__rq0_0057__rq0_0144,java,hard,True,True,True,1.0,0.6547622680664062,True,False,True,True,0
full_rq0_seed42__rq0_0057__rq0_0173,java,hard,True,True,False,0.0,0.6547613143920898,True,False,True,False,0
full_rq0_seed42__rq0_0057__rq0_0242,java,hard,True,True,False,0.0,-0.41666603088378906,False,True,True,True,0
full_rq0_seed42__rq0_0057__rq0_0250,java,hard,True,True,True,1.0,-1.1309518814086914,False,True,False,False,0
full_rq0_seed42__rq0_0058__rq0_0083,java,hard,True,False,False,1.0,0.059523582458496094,True,True,True,False,0
full_rq0_seed42__rq0_0058__rq0_0092,java,hard,True,True,False,0.0,0.35714244842529297,True,False,True,True,0
full_rq0_seed42__rq0_0058__rq0_0115,java,hard,True,True,False,0.0,1.4285707473754883,True,False,False,False,0
full_rq0_seed42__rq0_0058__rq0_0173,java,hard,True,True,False,0.0,0.8928556442260742,True,False,False,False,0
full_rq0_seed42__rq0_0058__rq0_0226,java,hard,True,False,False,1.0,0.11904716491699219,True,True,False,False,0
full_rq0_seed42__rq0_0058__rq0_0289,java,hard,True,True,False,0.0,-0.3571434020996094,False,True,False,False,0
full_rq0_seed42__rq0_0059__rq0_0062,java,hard,True,True,True,1.0,0.11904716491699219,True,False,True,False,0
full_rq0_seed42__rq0_0059__rq0_0074,java,hard,True,True,False,0.0,-0.7738094329833984,False,True,False,False,0
full_rq0_seed42__rq0_0059__rq0_0079,java,hard,True,True,True,1.0,-0.23809432983398438,False,True,True,True,0
full_rq0_seed42__rq0_0059__rq0_0083,java,hard,True,True,False,0.0,-0.5357151031494141,False,True,True,False,0
full_rq0_seed42__rq0_0059__rq0_0143,java,hard,True,True,False,0.0,-1.190476417541504,False,True,True,False,0
full_rq0_seed42__rq0_0059__rq0_0161,java,hard,True,True,False,0.0,0.3571434020996094,True,False,False,False,0
full_rq0_seed42__rq0_0059__rq0_0207,java,hard,True,True,False,0.0,-1.1309518814086914,False,True,True,False,0
full_rq0_seed42__rq0_0059__rq0_0240,java,hard,True,True,False,0.0,-1.190476417541504,False,True,True,False,0
full_rq0_seed42__rq0_0059__rq0_0280,java,hard,True,True,True,1.0,-1.5476188659667969,False,True,True,True,0
full_rq0_seed42__rq0_0060__rq0_0160,java,hard,True,False,False,0.0,-0.5357141494750977,True,True,True,False,0
full_rq0_seed42__rq0_0060__rq0_0166,java,hard,True,True,True,1.0,-2.3214282989501953,False,True,True,True,0
full_rq0_seed42__rq0_0060__rq0_0167,java,hard,True,True,False,0.0,-1.5476188659667969,False,True,True,False,0
full_rq0_seed42__rq0_0060__rq0_0216,java,hard,True,True,True,1.0,-1.3690471649169922,False,True,False,False,0
full_rq0_seed42__rq0_0060__rq0_0234,java,hard,True,True,True,1.0,-1.2499990463256836,False,True,False,False,0
full_rq0_seed42__rq0_0060__rq0_0242,java,hard,True,True,True,1.0,-1.190476417541504,False,True,False,False,0
full_rq0_seed42__rq0_0060__rq0_0268,java,hard,True,True,False,0.0,-0.773808479309082,False,True,False,False,0
full_rq0_seed42__rq0_0060__rq0_0303,java,hard,True,True,False,0.0,-1.4880952835083008,False,True,True,False,0
full_rq0_seed42__rq0_0061__rq0_0085,java,hard,True,True,False,0.0,0.35714244842529297,True,False,True,False,0
full_rq0_seed42__rq0_0061__rq0_0104,java,hard,True,True,True,1.0,-1.190476417541504,False,True,True,False,0
full_rq0_seed42__rq0_0061__rq0_0198,java,hard,True,True,True,1.0,-0.8333330154418945,False,True,True,False,0
full_rq0_seed42__rq0_0061__rq0_0273,java,hard,True,True,True,1.0,-0.5357141494750977,False,True,True,False,0
full_rq0_seed42__rq0_0061__rq0_0286,java,hard,True,False,False,0.0,-9.5367431640625e-07,False,False,True,True,0
full_rq0_seed42__rq0_0061__rq0_0309,java,hard,True,True,True,1.0,-0.8333330154418945,False,True,True,False,0
full_rq0_seed42__rq0_0062__rq0_0094,java,hard,True,True,True,1.0,-0.8333339691162109,False,True,True,True,0
full_rq0_seed42__rq0_0062__rq0_0108,java,hard,True,True,True,1.0,0.892857551574707,True,False,True,True,0
full_rq0_seed42__rq0_0062__rq0_0146,java,hard,True,True,True,1.0,-0.11904716491699219,False,True,True,False,0
full_rq0_seed42__rq0_0062__rq0_0230,java,hard,True,True,True,1.0,-1.4285707473754883,False,True,True,True,0
full_rq0_seed42__rq0_0063__rq0_0073,java,hard,True,False,False,1.0,-0.23809528350830078,True,True,False,False,0
full_rq0_seed42__rq0_0063__rq0_0077,java,hard,True,False,False,0.0,9.5367431640625e-07,True,True,True,False,0
full_rq0_seed42__rq0_0063__rq0_0095,java,hard,True,True,False,0.0,-0.1785726547241211,False,True,False,False,0
full_rq0_seed42__rq0_0063__rq0_0097,java,hard,True,False,False,0.0,-0.2976188659667969,True,True,True,True,0
full_rq0_seed42__rq0_0063__rq0_0110,java,hard,True,True,True,1.0,1.1904773712158203,True,False,True,True,0
full_rq0_seed42__rq0_0063__rq0_0113,java,hard,True,True,False,0.0,-1.4285707473754883,False,True,True,False,0
full_rq0_seed42__rq0_0063__rq0_0119,java,hard,True,True,False,0.0,-0.11904716491699219,False,True,False,False,0
full_rq0_seed42__rq0_0063__rq0_0175,java,hard,True,True,False,0.0,-1.428572654724121,False,True,True,False,0
full_rq0_seed42__rq0_0063__rq0_0179,java,hard,True,True,True,1.0,0.47618961334228516,True,False,True,True,0
full_rq0_seed42__rq0_0063__rq0_0219,java,hard,True,True,True,1.0,-0.7142848968505859,False,True,True,False,0
full_rq0_seed42__rq0_0063__rq0_0284,java,hard,True,True,False,0.0,-1.0119047164916992,False,True,True,True,0
full_rq0_seed42__rq0_0064__rq0_0068,java,hard,True,True,True,1.0,0.8928565979003906,True,False,True,True,0
full_rq0_seed42__rq0_0064__rq0_0076,java,hard,True,True,True,1.0,0.47619152069091797,True,False,True,True,0
full_rq0_seed42__rq0_0064__rq0_0085,java,hard,True,True,False,0.0,1.3095245361328125,True,False,True,False,0
full_rq0_seed42__rq0_0064__rq0_0153,java,hard,True,False,False,0.0,-0.1190481185913086,True,True,False,False,0
full_rq0_seed42__rq0_0065__rq0_0150,java,hard,True,True,False,0.0,1.25,True,False,True,False,0
full_rq0_seed42__rq0_0065__rq0_0155,java,hard,True,False,False,0.0,-0.0595245361328125,True,True,True,True,0
full_rq0_seed42__rq0_0065__rq0_0266,java,hard,True,True,True,1.0,-1.3690481185913086,False,True,True,True,0
full_rq0_seed42__rq0_0066__rq0_0083,java,hard,True,True,True,1.0,-0.5952367782592773,False,True,True,True,0
full_rq0_seed42__rq0_0066__rq0_0093,java,hard,True,True,False,0.0,-1.1904754638671875,False,True,True,True,0
full_rq0_seed42__rq0_0066__rq0_0131,java,hard,True,False,False,0.0,0.11904716491699219,True,True,True,False,0
full_rq0_seed42__rq0_0066__rq0_0133,java,hard,True,True,True,1.0,-0.8333339691162109,False,True,False,False,0
full_rq0_seed42__rq0_0066__rq0_0144,java,hard,True,True,False,0.0,0.41666603088378906,True,False,True,False,0
full_rq0_seed42__rq0_0066__rq0_0159,java,hard,True,True,True,1.0,-1.5476198196411133,False,True,True,True,0
full_rq0_seed42__rq0_0066__rq0_0199,java,hard,True,True,True,1.0,-1.0714282989501953,False,True,True,False,0
full_rq0_seed42__rq0_0066__rq0_0255,java,hard,True,True,True,1.0,-1.5476188659667969,False,True,True,False,0
full_rq0_seed42__rq0_0066__rq0_0256,java,hard,True,False,False,1.0,-0.47619056701660156,True,True,True,False,0
full_rq0_seed42__rq0_0066__rq0_0257,java,hard,True,False,False,1.0,-0.23809432983398438,True,True,True,False,0
full_rq0_seed42__rq0_0066__rq0_0262,java,hard,True,True,False,0.0,-1.0119047164916992,False,True,True,True,0
full_rq0_seed42__rq0_0066__rq0_0284,java,hard,True,True,False,0.0,-0.7738103866577148,False,True,True,True,0
full_rq0_seed42__rq0_0066__rq0_0303,java,hard,True,True,False,0.0,-0.6547622680664062,False,True,True,True,0
full_rq0_seed42__rq0_0067__rq0_0075,java,hard,True,False,False,1.0,0.23809432983398438,False,False,False,False,0
full_rq0_seed42__rq0_0067__rq0_0093,java,hard,True,True,True,1.0,-0.41666603088378906,False,True,True,True,0
full_rq0_seed42__rq0_0067__rq0_0123,java,hard,True,True,False,0.0,0.7738094329833984,True,False,True,False,0
full_rq0_seed42__rq0_0067__rq0_0167,java,hard,True,True,True,1.0,-0.41666698455810547,False,True,True,True,0
full_rq0_seed42__rq0_0067__rq0_0262,java,hard,True,True,True,1.0,-0.7738103866577148,False,True,False,False,0
full_rq0_seed42__rq0_0067__rq0_0277,java,hard,True,True,False,0.0,-1.0119047164916992,False,True,True,False,0
full_rq0_seed42__rq0_0068__rq0_0149,java,hard,True,True,False,0.0,-1.4285717010498047,False,True,True,False,0
full_rq0_seed42__rq0_0068__rq0_0263,java,hard,True,False,False,0.0,0.17857074737548828,True,True,True,False,0
full_rq0_seed42__rq0_0068__rq0_0277,java,hard,True,True,True,1.0,-0.8333339691162109,False,True,False,False,0
full_rq0_seed42__rq0_0068__rq0_0291,java,hard,True,False,False,1.0,-0.1190481185913086,True,True,False,False,0
full_rq0_seed42__rq0_0068__rq0_0312,java,hard,True,True,True,1.0,-0.7738103866577148,False,True,False,False,0
full_rq0_seed42__rq0_0069__rq0_0133,java,hard,True,True,False,0.0,-1.4285717010498047,False,True,True,True,0
full_rq0_seed42__rq0_0069__rq0_0176,java,hard,True,True,False,0.0,-1.4285707473754883,False,True,True,True,0
full_rq0_seed42__rq0_0069__rq0_0197,java,hard,True,True,False,0.0,-0.41666698455810547,False,True,True,True,0
full_rq0_seed42__rq0_0069__rq0_0255,java,hard,True,True,False,0.0,-1.785715103149414,False,True,True,True,0
full_rq0_seed42__rq0_0069__rq0_0259,java,hard,True,True,False,0.0,-1.190476417541504,False,True,True,True,0
full_rq0_seed42__rq0_0069__rq0_0280,java,hard,True,True,True,1.0,-1.9642858505249023,False,True,False,False,0
full_rq0_seed42__rq0_0070__rq0_0186,java,hard,True,True,True,1.0,-1.7857131958007812,False,True,True,True,0
full_rq0_seed42__rq0_0070__rq0_0191,java,hard,True,True,True,1.0,-1.1309528350830078,False,True,False,False,0
full_rq0_seed42__rq0_0070__rq0_0232,java,hard,True,True,False,0.0,-0.8333339691162109,False,True,False,False,0
full_rq0_seed42__rq0_0070__rq0_0258,java,hard,True,True,True,1.0,-0.2976188659667969,False,True,False,False,0
full_rq0_seed42__rq0_0071__rq0_0093,java,hard,True,True,False,0.0,-2.0238094329833984,False,True,False,False,0
full_rq0_seed42__rq0_0071__rq0_0123,java,hard,True,False,False,,0.0,True,True,True,True,0
full_rq0_seed42__rq0_0071__rq0_0132,java,hard,True,True,False,0.0,-1.190476417541504,False,True,True,False,0
full_rq0_seed42__rq0_0071__rq0_0133,java,hard,True,True,True,1.0,-1.9047622680664062,False,True,False,False,0
full_rq0_seed42__rq0_0071__rq0_0252,java,hard,True,True,True,1.0,-0.9523811340332031,False,True,False,False,0
full_rq0_seed42__rq0_0072__rq0_0131,java,hard,True,True,False,0.0,-0.6547622680664062,False,True,True,False,0
full_rq0_seed42__rq0_0072__rq0_0140,java,hard,True,True,False,0.0,-0.35714244842529297,False,True,True,False,0
full_rq0_seed42__rq0_0072__rq0_0159,java,hard,True,True,False,0.0,-2.142857551574707,False,True,True,False,0
full_rq0_seed42__rq0_0072__rq0_0193,java,hard,True,True,False,0.0,-1.190476417541504,False,True,True,False,0
full_rq0_seed42__rq0_0072__rq0_0234,java,hard,True,True,False,0.0,-1.3690481185913086,False,True,False,False,0
full_rq0_seed42__rq0_0072__rq0_0257,java,hard,True,True,False,0.0,-0.23809432983398438,False,True,False,False,0
full_rq0_seed42__rq0_0072__rq0_0306,java,hard,True,True,True,1.0,-2.083332061767578,False,True,False,False,0
full_rq0_seed42__rq0_0073__rq0_0083,java,hard,True,True,True,1.0,-0.11904716491699219,False,True,True,True,0
full_rq0_seed42__rq0_0073__rq0_0086,java,hard,True,True,True,1.0,0.11904716491699219,True,False,False,False,0
full_rq0_seed42__rq0_0073__rq0_0103,java,hard,True,False,False,0.0,0.0595245361328125,True,True,True,False,0
full_rq0_seed42__rq0_0073__rq0_0157,java,hard,True,False,False,1.0,-0.2976188659667969,True,True,True,False,0
full_rq0_seed42__rq0_0073__rq0_0167,java,hard,True,True,False,0.0,-0.5952377319335938,False,True,False,False,0
full_rq0_seed42__rq0_0073__rq0_0191,java,hard,True,True,False,0.0,-0.7738103866577148,False,True,True,True,0
full_rq0_seed42__rq0_0073__rq0_0204,java,hard,True,True,True,1.0,-1.1309537887573242,False,True,False,False,0
full_rq0_seed42__rq0_0073__rq0_0242,java,hard,True,True,True,1.0,-0.23809432983398438,False,True,True,False,0
full_rq0_seed42__rq0_0074__rq0_0088,java,hard,True,False,False,1.0,0.1785717010498047,True,True,False,False,0
full_rq0_seed42__rq0_0074__rq0_0169,java,hard,True,True,True,1.0,0.3571434020996094,True,False,False,False,0
full_rq0_seed42__rq0_0074__rq0_0205,java,hard,True,False,False,1.0,-0.8333330154418945,True,True,True,True,0
full_rq0_seed42__rq0_0074__rq0_0207,java,hard,True,True,True,1.0,-0.5952377319335938,False,True,False,False,0
full_rq0_seed42__rq0_0074__rq0_0230,java,hard,True,True,True,1.0,-0.6547613143920898,False,True,False,False,0
full_rq0_seed42__rq0_0075__rq0_0110,java,hard,True,True,False,0.0,1.25,True,False,True,True,0
full_rq0_seed42__rq0_0075__rq0_0135,java,hard,True,False,False,1.0,0.23809528350830078,True,True,False,False,0
full_rq0_seed42__rq0_0075__rq0_0174,java,hard,True,False,False,0.0,-0.2976198196411133,False,False,True,False,0
full_rq0_seed42__rq0_0075__rq0_0183,java,hard,True,False,False,0.0,-9.5367431640625e-07,False,False,False,False,0
full_rq0_seed42__rq0_0075__rq0_0281,java,hard,True,True,True,1.0,-0.41666698455810547,False,True,False,False,0
full_rq0_seed42__rq0_0075__rq0_0291,java,hard,True,False,False,0.0,-0.23809528350830078,True,True,False,False,0
full_rq0_seed42__rq0_0075__rq0_0302,java,hard,True,True,True,1.0,-0.892857551574707,False,True,False,False,0
full_rq0_seed42__rq0_0076__rq0_0195,java,hard,True,False,False,0.0,0.1785717010498047,False,False,False,False,0
full_rq0_seed42__rq0_0076__rq0_0217,java,hard,True,True,True,1.0,0.6547613143920898,True,False,True,True,0
full_rq0_seed42__rq0_0076__rq0_0251,java,hard,True,True,True,1.0,-0.47619056701660156,False,True,False,False,0
full_rq0_seed42__rq0_0076__rq0_0286,java,hard,True,True,False,0.0,0.6547613143920898,True,False,True,False,0
full_rq0_seed42__rq0_0077__rq0_0113,java,hard,True,True,False,0.0,-1.6071434020996094,False,True,True,False,0
full_rq0_seed42__rq0_0077__rq0_0121,java,hard,True,True,False,0.0,-2.023808479309082,False,True,True,False,0
full_rq0_seed42__rq0_0077__rq0_0143,java,hard,True,True,True,1.0,-1.4880952835083008,False,True,True,True,0
full_rq0_seed42__rq0_0077__rq0_0159,java,hard,True,True,True,1.0,-2.3214282989501953,False,True,True,True,0
full_rq0_seed42__rq0_0077__rq0_0200,java,hard,True,True,False,0.0,-2.0833330154418945,False,True,True,False,0
full_rq0_seed42__rq0_0077__rq0_0270,java,hard,True,True,True,1.0,-0.8928565979003906,False,True,True,True,0
full_rq0_seed42__rq0_0077__rq0_0301,java,hard,True,True,False,0.0,-0.5952377319335938,False,True,True,False,0
full_rq0_seed42__rq0_0078__rq0_0080,java,hard,True,False,False,1.0,0.059523582458496094,True,True,True,True,0
full_rq0_seed42__rq0_0078__rq0_0192,java,hard,True,False,False,0.0,-0.23809432983398438,True,True,False,False,0
full_rq0_seed42__rq0_0078__rq0_0287,java,hard,True,True,True,1.0,-0.8333339691162109,False,True,True,False,0
full_rq0_seed42__rq0_0079__rq0_0146,java,hard,True,False,False,1.0,0.11904716491699219,True,True,True,True,0
full_rq0_seed42__rq0_0079__rq0_0205,java,hard,True,True,False,0.0,-1.4880943298339844,False,True,True,False,0
full_rq0_seed42__rq0_0079__rq0_0216,java,hard,True,True,False,0.0,-0.6547613143920898,False,True,True,True,0
full_rq0_seed42__rq0_0079__rq0_0289,java,hard,True,True,False,0.0,-0.892857551574707,False,True,False,False,0
full_rq0_seed42__rq0_0080__rq0_0189,java,hard,True,True,True,1.0,0.7142848968505859,True,False,True,True,0
full_rq0_seed42__rq0_0080__rq0_0271,java,hard,True,False,False,0.0,-0.11904716491699219,True,True,True,True,0
full_rq0_seed42__rq0_0081__rq0_0097,java,hard,True,True,False,0.0,0.23809432983398438,True,False,True,False,0
full_rq0_seed42__rq0_0081__rq0_0125,java,hard,True,False,False,0.0,-0.41666603088378906,True,True,True,True,0
full_rq0_seed42__rq0_0081__rq0_0164,java,hard,True,False,False,0.0,-0.17857074737548828,True,True,False,False,0
full_rq0_seed42__rq0_0081__rq0_0170,java,hard,True,True,True,1.0,0.9523811340332031,True,False,True,True,0
full_rq0_seed42__rq0_0081__rq0_0213,java,hard,True,False,False,1.0,-0.059523582458496094,True,True,True,False,0
full_rq0_seed42__rq0_0081__rq0_0254,java,hard,True,True,True,1.0,-0.7142858505249023,False,True,False,False,0
full_rq0_seed42__rq0_0081__rq0_0267,java,hard,True,True,False,0.0,1.6071434020996094,True,False,True,False,0
full_rq0_seed42__rq0_0081__rq0_0311,java,hard,True,True,False,0.0,-0.5357151031494141,False,True,False,False,0
full_rq0_seed42__rq0_0082__rq0_0140,java,hard,True,False,False,,0.0,True,True,False,False,0
full_rq0_seed42__rq0_0082__rq0_0157,java,hard,True,True,False,0.0,-0.7142848968505859,False,True,True,False,0
full_rq0_seed42__rq0_0082__rq0_0185,java,hard,True,True,True,1.0,-1.6666669845581055,False,True,True,True,0
full_rq0_seed42__rq0_0082__rq0_0208,java,hard,True,True,True,1.0,-0.7142858505249023,False,True,True,True,0
full_rq0_seed42__rq0_0082__rq0_0230,java,hard,True,True,False,0.0,-1.3095245361328125,False,True,False,False,0
full_rq0_seed42__rq0_0082__rq0_0244,java,hard,True,True,True,1.0,-0.9523811340332031,False,True,False,False,0
full_rq0_seed42__rq0_0082__rq0_0265,java,hard,True,True,False,0.0,-0.8333339691162109,False,True,False,False,0
full_rq0_seed42__rq0_0083__rq0_0108,java,hard,True,True,True,1.0,1.190476417541504,True,False,True,True,0
full_rq0_seed42__rq0_0083__rq0_0142,java,hard,True,True,False,0.0,-0.7738094329833984,False,True,True,True,0
full_rq0_seed42__rq0_0083__rq0_0155,java,hard,True,True,False,0.0,0.1785717010498047,True,False,True,False,0
full_rq0_seed42__rq0_0083__rq0_0156,java,hard,True,True,False,0.0,-0.41666698455810547,False,True,True,True,0
full_rq0_seed42__rq0_0083__rq0_0177,java,hard,True,True,True,1.0,-0.8333339691162109,False,True,True,False,0
full_rq0_seed42__rq0_0083__rq0_0238,java,hard,True,True,True,1.0,1.0714282989501953,True,False,True,True,0
full_rq0_seed42__rq0_0084__rq0_0091,java,hard,True,True,False,0.0,-1.3690481185913086,False,True,False,False,0
full_rq0_seed42__rq0_0084__rq0_0095,java,hard,True,True,True,1.0,-0.7738103866577148,False,True,True,True,0
full_rq0_seed42__rq0_0084__rq0_0135,java,hard,True,True,False,0.0,-0.9523801803588867,False,True,True,False,0
full_rq0_seed42__rq0_0084__rq0_0153,java,hard,True,True,False,0.0,-1.964284896850586,False,True,True,False,0
full_rq0_seed42__rq0_0084__rq0_0254,java,hard,True,True,True,1.0,-2.0238094329833984,False,True,True,True,0
full_rq0_seed42__rq0_0084__rq0_0260,java,hard,True,True,True,1.0,-2.738095283508301,False,True,False,False,0
full_rq0_seed42__rq0_0084__rq0_0273,java,hard,True,True,True,1.0,-1.6666669845581055,False,True,True,True,0
full_rq0_seed42__rq0_0084__rq0_0281,java,hard,True,True,True,1.0,-1.6666669845581055,False,True,False,False,0
full_rq0_seed42__rq0_0085__rq0_0121,java,hard,True,True,True,1.0,-1.8452377319335938,False,True,True,True,0
full_rq0_seed42__rq0_0085__rq0_0181,java,hard,True,False,False,0.0,0.11904716491699219,True,True,False,False,0
full_rq0_seed42__rq0_0085__rq0_0201,java,hard,True,True,True,1.0,-1.0714282989501953,False,True,False,False,0
full_rq0_seed42__rq0_0085__rq0_0285,java,hard,True,True,False,0.0,-0.41666603088378906,False,True,False,False,0
full_rq0_seed42__rq0_0085__rq0_0308,java,hard,True,True,False,0.0,-0.5357141494750977,False,True,False,False,0
full_rq0_seed42__rq0_0086__rq0_0119,java,hard,True,True,True,1.0,0.059523582458496094,True,False,False,False,0
full_rq0_seed42__rq0_0086__rq0_0129,java,hard,True,False,False,1.0,-0.2976188659667969,True,True,True,False,0
full_rq0_seed42__rq0_0086__rq0_0159,java,hard,True,True,True,1.0,-1.5476179122924805,False,True,True,True,0
full_rq0_seed42__rq0_0086__rq0_0186,java,hard,True,True,False,0.0,-1.4880952835083008,False,True,True,False,0
full_rq0_seed42__rq0_0086__rq0_0210,java,hard,True,True,True,1.0,-0.5357151031494141,False,True,True,False,0
full_rq0_seed42__rq0_0086__rq0_0228,java,hard,True,False,False,0.0,-0.3571434020996094,True,True,True,True,0
full_rq0_seed42__rq0_0086__rq0_0240,java,hard,True,True,True,1.0,-0.9523801803588867,False,True,True,False,0
full_rq0_seed42__rq0_0086__rq0_0255,java,hard,True,True,True,1.0,-1.4880952835083008,False,True,True,False,0
full_rq0_seed42__rq0_0086__rq0_0309,java,hard,True,True,False,0.0,-0.8333330154418945,False,True,True,True,0
full_rq0_seed42__rq0_0087__rq0_0120,java,hard,True,True,False,0.0,1.0714282989501953,True,False,True,False,0
full_rq0_seed42__rq0_0087__rq0_0126,java,hard,True,True,False,0.0,-0.7738094329833984,False,True,True,True,0
full_rq0_seed42__rq0_0087__rq0_0221,java,hard,True,True,True,1.0,-1.309523582458496,False,True,False,False,0
full_rq0_seed42__rq0_0087__rq0_0306,java,hard,True,True,False,0.0,-1.9047622680664062,False,True,True,True,0
full_rq0_seed42__rq0_0088__rq0_0100,java,hard,True,False,False,0.0,-0.23809432983398438,False,False,True,True,0
full_rq0_seed42__rq0_0088__rq0_0143,java,hard,True,True,True,1.0,-0.9523811340332031,False,True,False,False,0
full_rq0_seed42__rq0_0088__rq0_0148,java,hard,True,True,True,1.0,0.6547622680664062,True,False,True,True,0
full_rq0_seed42__rq0_0088__rq0_0191,java,hard,True,True,False,0.0,-0.892857551574707,False,True,True,True,0
full_rq0_seed42__rq0_0088__rq0_0200,java,hard,True,True,False,0.0,-0.8928565979003906,False,True,False,False,0
full_rq0_seed42__rq0_0088__rq0_0213,java,hard,True,False,False,0.0,-0.059523582458496094,True,True,True,True,0
full_rq0_seed42__rq0_0088__rq0_0258,java,hard,True,True,False,0.0,-0.1190481185913086,False,True,True,True,0
full_rq0_seed42__rq0_0088__rq0_0270,java,hard,True,False,False,1.0,-0.6547613143920898,True,True,True,True,0
full_rq0_seed42__rq0_0088__rq0_0272,java,hard,True,False,False,1.0,-0.1785717010498047,True,True,True,False,0
full_rq0_seed42__rq0_0088__rq0_0299,java,hard,True,True,True,1.0,-0.5357141494750977,False,True,True,False,0
full_rq0_seed42__rq0_0088__rq0_0301,java,hard,True,True,False,0.0,-0.2976198196411133,False,True,True,True,0
full_rq0_seed42__rq0_0089__rq0_0145,java,hard,True,True,True,1.0,-1.4880952835083008,False,True,True,True,0
full_rq0_seed42__rq0_0089__rq0_0283,java,hard,True,True,True,1.0,-3.511904716491699,False,True,True,True,0
full_rq0_seed42__rq0_0090__rq0_0121,java,hard,True,True,False,0.0,-2.0238094329833984,False,True,True,False,0
full_rq0_seed42__rq0_0090__rq0_0205,java,hard,True,True,True,1.0,-1.3690471649169922,False,True,True,True,0
full_rq0_seed42__rq0_0090__rq0_0240,java,hard,True,True,True,1.0,-1.2500009536743164,False,True,False,False,0
full_rq0_seed42__rq0_0091__rq0_0292,java,hard,True,False,False,1.0,-0.1190481185913086,False,False,False,False,0
full_rq0_seed42__rq0_0091__rq0_0294,java,hard,True,True,False,0.0,-0.6547622680664062,False,True,False,False,0
full_rq0_seed42__rq0_0092__rq0_0146,java,hard,True,True,True,1.0,0.2976188659667969,True,False,True,True,0
full_rq0_seed42__rq0_0092__rq0_0222,java,hard,True,True,False,0.0,-1.4285717010498047,False,True,True,True,0
full_rq0_seed42__rq0_0093__rq0_0136,java,hard,True,False,False,0.0,0.47619056701660156,True,True,False,False,0
full_rq0_seed42__rq0_0093__rq0_0139,java,hard,True,False,False,0.0,-0.0595245361328125,True,True,False,False,0
full_rq0_seed42__rq0_0093__rq0_0186,java,hard,True,False,False,0.0,-0.2380962371826172,True,True,True,False,0
full_rq0_seed42__rq0_0093__rq0_0210,java,hard,True,True,False,0.0,0.8333330154418945,True,False,False,False,0
full_rq0_seed42__rq0_0093__rq0_0241,java,hard,True,True,True,1.0,0.6547613143920898,True,False,False,False,0
full_rq0_seed42__rq0_0093__rq0_0305,java,hard,True,False,False,0.0,0.059523582458496094,True,True,False,False,0
full_rq0_seed42__rq0_0093__rq0_0307,java,hard,True,True,False,0.0,0.5357141494750977,True,False,False,False,0
full_rq0_seed42__rq0_0094__rq0_0126,java,hard,True,False,False,1.0,-0.1190481185913086,True,True,True,False,0
full_rq0_seed42__rq0_0094__rq0_0133,java,hard,True,False,False,0.0,-0.7142858505249023,True,True,True,True,0
full_rq0_seed42__rq0_0094__rq0_0154,java,hard,True,True,False,0.0,0.7738103866577148,True,False,True,False,0
full_rq0_seed42__rq0_0094__rq0_0161,java,hard,True,True,False,0.0,0.5952386856079102,True,False,True,False,0
full_rq0_seed42__rq0_0094__rq0_0204,java,hard,True,True,False,0.0,-0.8928565979003906,False,True,True,True,0
full_rq0_seed42__rq0_0094__rq0_0252,java,hard,True,False,False,0.0,-0.1785717010498047,True,True,True,True,0
full_rq0_seed42__rq0_0094__rq0_0270,java,hard,True,False,False,0.0,-0.41666603088378906,True,True,True,True,0
full_rq0_seed42__rq0_0094__rq0_0272,java,hard,True,False,False,0.0,-0.0595245361328125,True,True,True,True,0
full_rq0_seed42__rq0_0094__rq0_0290,java,hard,True,True,False,0.0,0.41666698455810547,True,False,True,False,0
full_rq0_seed42__rq0_0095__rq0_0132,java,hard,True,True,True,1.0,-1.1309537887573242,False,True,False,False,0
full_rq0_seed42__rq0_0095__rq0_0171,java,hard,True,True,False,0.0,-1.309523582458496,False,True,False,False,0
full_rq0_seed42__rq0_0095__rq0_0233,java,hard,True,True,True,1.0,-0.5952377319335938,False,True,False,False,0
full_rq0_seed42__rq0_0095__rq0_0303,java,hard,True,True,True,1.0,-0.5952377319335938,False,True,False,False,0
full_rq0_seed42__rq0_0095__rq0_0308,java,hard,True,True,False,0.0,-0.41666698455810547,False,True,True,True,0
full_rq0_seed42__rq0_0095__rq0_0312,java,hard,True,True,False,0.0,-0.7738094329833984,False,True,True,True,0
full_rq0_seed42__rq0_0096__rq0_0165,java,hard,True,False,False,1.0,-0.23809528350830078,True,True,True,True,0
full_rq0_seed42__rq0_0096__rq0_0172,java,hard,True,False,False,1.0,-0.3571434020996094,True,True,True,True,0
full_rq0_seed42__rq0_0096__rq0_0198,java,hard,True,True,False,0.0,-0.6547613143920898,False,True,False,False,0
full_rq0_seed42__rq0_0096__rq0_0229,java,hard,True,True,True,1.0,-0.47618961334228516,False,True,False,False,0
full_rq0_seed42__rq0_0097__rq0_0162,java,hard,True,False,False,1.0,-0.0595245361328125,True,True,True,True,0
full_rq0_seed42__rq0_0097__rq0_0167,java,hard,True,True,True,1.0,-1.0119056701660156,False,True,True,True,0
full_rq0_seed42__rq0_0097__rq0_0247,java,hard,True,True,False,0.0,-0.9523811340332031,False,True,False,False,0
full_rq0_seed42__rq0_0097__rq0_0262,java,hard,True,True,True,1.0,-1.1904754638671875,False,True,False,False,0
full_rq0_seed42__rq0_0097__rq0_0274,java,hard,True,False,False,0.0,-0.2380962371826172,True,True,True,False,0
full_rq0_seed42__rq0_0097__rq0_0277,java,hard,True,True,False,0.0,-1.4285707473754883,False,True,True,False,0
full_rq0_seed42__rq0_0097__rq0_0293,java,hard,True,True,False,0.0,-0.7142868041992188,False,True,True,False,0
full_rq0_seed42__rq0_0099__rq0_0126,java,hard,True,True,False,0.0,0.41666698455810547,True,False,True,False,0
full_rq0_seed42__rq0_0099__rq0_0143,java,hard,True,False,False,0.0,-0.059523582458496094,False,False,True,False,0
full_rq0_seed42__rq0_0099__rq0_0156,java,hard,True,False,False,1.0,0.1785717010498047,True,True,False,False,0
full_rq0_seed42__rq0_0099__rq0_0176,java,hard,True,True,True,1.0,0.1785717010498047,True,False,True,True,0
full_rq0_seed42__rq0_0099__rq0_0177,java,hard,True,False,False,1.0,-0.23809528350830078,True,True,True,False,0
full_rq0_seed42__rq0_0099__rq0_0199,java,hard,True,False,False,1.0,0.17857074737548828,True,True,False,False,0
full_rq0_seed42__rq0_0099__rq0_0204,java,hard,True,True,False,0.0,-0.41666698455810547,False,True,False,False,0
full_rq0_seed42__rq0_0099__rq0_0234,java,hard,True,False,False,1.0,0.23809528350830078,True,True,True,True,0
full_rq0_seed42__rq0_0099__rq0_0257,java,hard,True,True,True,1.0,0.9523811340332031,True,False,True,True,0
full_rq0_seed42__rq0_0100__rq0_0136,java,hard,True,True,True,1.0,-1.0119056701660156,False,True,True,True,0
full_rq0_seed42__rq0_0100__rq0_0169,java,hard,True,True,True,1.0,-0.41666698455810547,False,True,False,False,0
full_rq0_seed42__rq0_0100__rq0_0172,java,hard,True,True,True,1.0,-0.7142858505249023,False,True,False,False,0
full_rq0_seed42__rq0_0100__rq0_0212,java,hard,True,True,True,1.0,-1.1309528350830078,False,True,False,False,0
full_rq0_seed42__rq0_0100__rq0_0219,java,hard,True,False,False,1.0,-0.1785717010498047,False,False,False,False,0
full_rq0_seed42__rq0_0100__rq0_0238,java,hard,True,False,False,0.0,0.47619056701660156,False,False,False,False,0
full_rq0_seed42__rq0_0101__rq0_0121,java,hard,True,False,False,1.0,-0.0595245361328125,True,True,True,True,0
full_rq0_seed42__rq0_0101__rq0_0171,java,hard,True,False,False,1.0,0.7738094329833984,True,True,False,False,0
full_rq0_seed42__rq0_0101__rq0_0201,java,hard,True,True,False,0.0,0.8333330154418945,True,False,False,False,0
full_rq0_seed42__rq0_0101__rq0_0301,java,hard,True,True,False,0.0,1.0714282989501953,True,False,False,False,0
full_rq0_seed42__rq0_0102__rq0_0133,java,hard,True,True,False,0.0,-1.7857131958007812,False,True,True,False,0
full_rq0_seed42__rq0_0102__rq0_0144,java,hard,True,False,False,0.0,-0.059523582458496094,True,True,False,False,0
full_rq0_seed42__rq0_0102__rq0_0176,java,hard,True,True,False,0.0,-1.0714282989501953,False,True,True,False,0
full_rq0_seed42__rq0_0102__rq0_0184,java,hard,True,True,True,1.0,-0.5357151031494141,False,True,True,True,0
full_rq0_seed42__rq0_0102__rq0_0238,java,hard,True,True,False,0.0,-0.23809528350830078,False,True,True,True,0
full_rq0_seed42__rq0_0102__rq0_0290,java,hard,True,True,True,1.0,-0.1785717010498047,False,True,True,True,0
full_rq0_seed42__rq0_0102__rq0_0305,java,hard,True,True,False,0.0,-1.7857141494750977,False,True,True,False,0
full_rq0_seed42__rq0_0103__rq0_0105,java,hard,True,False,False,1.0,-0.059523582458496094,False,False,True,True,0
full_rq0_seed42__rq0_0103__rq0_0142,java,hard,True,True,False,0.0,-0.5952377319335938,False,True,True,False,0
full_rq0_seed42__rq0_0103__rq0_0165,java,hard,True,True,True,1.0,0.47618961334228516,True,False,True,False,0
full_rq0_seed42__rq0_0103__rq0_0178,java,hard,True,True,False,0.0,0.7738094329833984,True,False,False,False,0
full_rq0_seed42__rq0_0103__rq0_0230,java,hard,True,True,True,1.0,-0.5357141494750977,False,True,True,True,0
full_rq0_seed42__rq0_0103__rq0_0289,java,hard,True,True,True,1.0,-0.8333330154418945,False,True,False,False,0
full_rq0_seed42__rq0_0104__rq0_0110,java,hard,True,True,False,0.0,2.2023801803588867,True,False,True,False,0
full_rq0_seed42__rq0_0104__rq0_0113,java,hard,True,True,True,1.0,-1.0119056701660156,False,True,True,True,0
full_rq0_seed42__rq0_0104__rq0_0121,java,hard,True,False,False,1.0,-0.9523811340332031,True,True,True,True,0
full_rq0_seed42__rq0_0104__rq0_0186,java,hard,True,True,True,1.0,-1.0714292526245117,False,True,True,True,0
full_rq0_seed42__rq0_0104__rq0_0191,java,hard,True,False,False,1.0,-0.059523582458496094,True,True,True,False,0
full_rq0_seed42__rq0_0104__rq0_0237,java,hard,True,False,False,0.0,0.47619056701660156,True,True,True,False,0
full_rq0_seed42__rq0_0104__rq0_0245,java,hard,True,False,False,1.0,-0.41666698455810547,True,True,False,False,0
full_rq0_seed42__rq0_0104__rq0_0262,java,hard,True,True,False,0.0,0.23809432983398438,True,False,True,False,0
full_rq0_seed42__rq0_0104__rq0_0269,java,hard,True,True,False,0.0,1.25,True,False,True,False,0
full_rq0_seed42__rq0_0105__rq0_0115,java,hard,True,True,False,0.0,1.1904754638671875,True,False,True,False,0
full_rq0_seed42__rq0_0105__rq0_0192,java,hard,True,True,True,1.0,-0.2976188659667969,False,True,True,True,0
full_rq0_seed42__rq0_0105__rq0_0205,java,hard,True,False,False,0.0,-0.6547613143920898,True,True,True,False,0
full_rq0_seed42__rq0_0105__rq0_0206,java,hard,True,True,False,0.0,-0.5952377319335938,False,True,True,False,0
full_rq0_seed42__rq0_0105__rq0_0216,java,hard,True,True,False,0.0,-0.17857074737548828,False,True,True,True,0
full_rq0_seed42__rq0_0105__rq0_0239,java,hard,True,True,False,0.0,-0.8333339691162109,False,True,True,False,0
full_rq0_seed42__rq0_0105__rq0_0250,java,hard,True,True,True,1.0,-0.6547622680664062,False,True,True,True,0
full_rq0_seed42__rq0_0105__rq0_0256,java,hard,True,False,False,1.0,0.2976188659667969,True,True,True,True,0
full_rq0_seed42__rq0_0106__rq0_0113,java,hard,True,True,False,0.0,-1.6071434020996094,False,True,True,False,0
full_rq0_seed42__rq0_0106__rq0_0136,java,hard,True,True,True,1.0,-0.892857551574707,False,True,True,True,0
full_rq0_seed42__rq0_0106__rq0_0143,java,hard,True,True,True,1.0,-1.071427345275879,False,True,True,True,0
full_rq0_seed42__rq0_0106__rq0_0301,java,hard,True,False,False,,0.0,False,False,False,False,0
full_rq0_seed42__rq0_0106__rq0_0307,java,hard,True,True,True,1.0,-0.2976188659667969,False,True,False,False,0
full_rq0_seed42__rq0_0107__rq0_0148,java,hard,True,True,True,1.0,0.41666698455810547,True,False,True,True,0
full_rq0_seed42__rq0_0107__rq0_0200,java,hard,True,True,False,0.0,-1.0714282989501953,False,True,False,False,0
full_rq0_seed42__rq0_0107__rq0_0205,java,hard,True,True,True,1.0,-1.5476188659667969,False,True,True,True,0
full_rq0_seed42__rq0_0107__rq0_0230,java,hard,True,True,True,1.0,-1.4880962371826172,False,True,False,False,0
full_rq0_seed42__rq0_0107__rq0_0234,java,hard,True,True,True,1.0,-0.7142848968505859,False,True,False,False,0
full_rq0_seed42__rq0_0107__rq0_0237,java,hard,True,False,False,0.0,-0.23809528350830078,True,True,True,True,0
full_rq0_seed42__rq0_0107__rq0_0269,java,hard,True,False,False,1.0,0.059523582458496094,False,False,False,False,0
full_rq0_seed42__rq0_0108__rq0_0117,java,hard,True,True,True,1.0,-0.23809432983398438,False,True,True,True,0
full_rq0_seed42__rq0_0108__rq0_0131,java,hard,True,True,True,1.0,-0.5357141494750977,False,True,True,True,0
full_rq0_seed42__rq0_0108__rq0_0140,java,hard,True,True,True,1.0,-0.41666698455810547,False,True,True,True,0
full_rq0_seed42__rq0_0108__rq0_0234,java,hard,True,True,True,1.0,-1.3690481185913086,False,True,False,False,0
full_rq0_seed42__rq0_0108__rq0_0258,java,hard,True,True,False,0.0,-0.6547632217407227,False,True,False,False,0
full_rq0_seed42__rq0_0108__rq0_0262,java,hard,True,True,False,0.0,-1.25,False,True,False,False,0
full_rq0_seed42__rq0_0109__rq0_0162,java,hard,True,True,True,1.0,0.8928565979003906,True,False,False,False,0
full_rq0_seed42__rq0_0109__rq0_0190,java,hard,True,False,False,1.0,0.1190481185913086,False,False,True,True,0
full_rq0_seed42__rq0_0109__rq0_0237,java,hard,True,True,False,0.0,-0.11904716491699219,False,True,True,True,0
full_rq0_seed42__rq0_0109__rq0_0258,java,hard,True,False,False,1.0,0.2976198196411133,False,False,False,False,0
full_rq0_seed42__rq0_0109__rq0_0268,java,hard,True,True,True,1.0,0.3571434020996094,True,False,True,True,0
full_rq0_seed42__rq0_0109__rq0_0269,java,hard,True,True,True,1.0,0.9523801803588867,True,False,True,True,0
full_rq0_seed42__rq0_0110__rq0_0116,java,hard,True,True,False,0.0,-2.857142448425293,False,True,True,False,0
full_rq0_seed42__rq0_0110__rq0_0162,java,hard,True,True,True,1.0,-1.0119047164916992,False,True,False,False,0
full_rq0_seed42__rq0_0110__rq0_0172,java,hard,True,True,True,1.0,-1.8452377319335938,False,True,True,True,0
full_rq0_seed42__rq0_0110__rq0_0190,java,hard,True,True,True,1.0,-1.7857141494750977,False,True,False,False,0
full_rq0_seed42__rq0_0110__rq0_0212,java,hard,True,True,True,1.0,-2.3214292526245117,False,True,False,False,0
full_rq0_seed42__rq0_0110__rq0_0214,java,hard,True,True,False,0.0,-2.6785707473754883,False,True,False,False,0
full_rq0_seed42__rq0_0110__rq0_0269,java,hard,True,True,True,1.0,-0.8333339691162109,False,True,True,False,0
full_rq0_seed42__rq0_0110__rq0_0300,java,hard,True,True,True,1.0,-1.8452386856079102,False,True,False,False,0
full_rq0_seed42__rq0_0112__rq0_0127,java,hard,True,True,False,0.0,-0.7738094329833984,False,True,True,False,0
full_rq0_seed42__rq0_0112__rq0_0132,java,hard,True,False,False,0.0,0.11904716491699219,True,True,False,False,0
full_rq0_seed42__rq0_0112__rq0_0162,java,hard,True,True,False,0.0,0.6547613143920898,True,False,True,False,0
full_rq0_seed42__rq0_0112__rq0_0190,java,hard,True,True,False,0.0,0.7142858505249023,True,False,True,False,0
full_rq0_seed42__rq0_0112__rq0_0191,java,hard,True,False,False,0.0,9.5367431640625e-07,True,True,True,False,0
full_rq0_seed42__rq0_0112__rq0_0285,java,hard,True,True,True,1.0,0.5952377319335938,True,False,True,True,0
full_rq0_seed42__rq0_0113__rq0_0134,java,hard,True,True,False,0.0,1.3690471649169922,True,False,True,False,0
full_rq0_seed42__rq0_0113__rq0_0167,java,hard,True,True,False,0.0,0.5952377319335938,True,False,True,False,0
full_rq0_seed42__rq0_0113__rq0_0191,java,hard,True,True,False,0.0,1.0119047164916992,True,False,True,False,0
full_rq0_seed42__rq0_0113__rq0_0198,java,hard,True,True,True,1.0,1.607142448425293,True,False,True,True,0
full_rq0_seed42__rq0_0113__rq0_0201,java,hard,True,True,False,0.0,0.892857551574707,True,False,True,False,0
full_rq0_seed42__rq0_0113__rq0_0212,java,hard,True,True,False,0.0,0.6547632217407227,True,False,True,False,0
full_rq0_seed42__rq0_0114__rq0_0215,java,hard,True,False,False,0.0,-0.17857074737548828,True,True,True,True,0
full_rq0_seed42__rq0_0114__rq0_0266,java,hard,True,False,False,1.0,-0.6547622680664062,True,True,False,False,0
full_rq0_seed42__rq0_0115__rq0_0266,java,hard,True,True,True,1.0,-1.9642858505249023,False,True,True,True,0
full_rq0_seed42__rq0_0116__rq0_0171,java,hard,True,False,False,1.0,0.5357141494750977,True,True,True,True,0
full_rq0_seed42__rq0_0116__rq0_0181,java,hard,True,True,False,0.0,1.3690471649169922,True,False,True,False,0
full_rq0_seed42__rq0_0116__rq0_0273,java,hard,True,True,False,0.0,1.25,True,False,True,False,0
full_rq0_seed42__rq0_0116__rq0_0312,java,hard,True,True,True,1.0,0.35714244842529297,True,False,True,True,0
full_rq0_seed42__rq0_0117__rq0_0144,java,hard,True,True,True,1.0,0.6547622680664062,True,False,True,True,0
full_rq0_seed42__rq0_0117__rq0_0159,java,hard,True,True,False,0.0,-1.6071434020996094,False,True,True,False,0
full_rq0_seed42__rq0_0117__rq0_0161,java,hard,True,True,False,0.0,0.41666603088378906,True,False,True,False,0
full_rq0_seed42__rq0_0118__rq0_0190,java,hard,True,True,False,0.0,-1.0119047164916992,False,True,False,False,0
full_rq0_seed42__rq0_0118__rq0_0191,java,hard,True,True,False,0.0,-1.25,False,True,False,False,0
full_rq0_seed42__rq0_0118__rq0_0193,java,hard,True,True,True,1.0,-0.8333320617675781,False,True,False,False,0
full_rq0_seed42__rq0_0118__rq0_0262,java,hard,True,True,False,0.0,-0.6547622680664062,False,True,False,False,0
full_rq0_seed42__rq0_0118__rq0_0265,java,hard,True,True,True,1.0,-0.7738103866577148,False,True,False,False,0
full_rq0_seed42__rq0_0118__rq0_0289,java,hard,True,True,True,1.0,-1.4285717010498047,False,True,False,False,0
full_rq0_seed42__rq0_0119__rq0_0148,java,hard,True,True,False,0.0,0.41666698455810547,True,False,True,False,0
full_rq0_seed42__rq0_0119__rq0_0167,java,hard,True,True,True,1.0,-0.6547613143920898,False,True,False,False,0
full_rq0_seed42__rq0_0119__rq0_0198,java,hard,True,True,False,0.0,-1.0119047164916992,False,True,True,True,0
full_rq0_seed42__rq0_0119__rq0_0308,java,hard,True,True,False,0.0,-0.6547613143920898,False,True,True,True,0
full_rq0_seed42__rq0_0120__rq0_0244,java,hard,True,True,False,0.0,-1.607142448425293,False,True,False,False,0
full_rq0_seed42__rq0_0120__rq0_0246,java,hard,True,True,False,0.0,-2.380952835083008,False,True,True,False,0
full_rq0_seed42__rq0_0120__rq0_0288,java,hard,True,True,False,0.0,-1.9642858505249023,False,True,False,False,0
full_rq0_seed42__rq0_0121__rq0_0134,java,hard,True,True,False,0.0,1.4880952835083008,True,False,True,False,0
full_rq0_seed42__rq0_0121__rq0_0142,java,hard,True,False,False,0.0,0.5357141494750977,True,True,True,False,0
full_rq0_seed42__rq0_0121__rq0_0198,java,hard,True,True,True,1.0,1.4285717010498047,True,False,True,True,0
full_rq0_seed42__rq0_0122__rq0_0194,java,hard,True,True,False,0.0,-0.5357141494750977,False,True,False,False,0
full_rq0_seed42__rq0_0122__rq0_0224,java,hard,True,True,False,0.0,-1.5476188659667969,False,True,True,False,0
full_rq0_seed42__rq0_0122__rq0_0244,java,hard,True,True,False,0.0,-0.059523582458496094,False,True,True,True,0
full_rq0_seed42__rq0_0122__rq0_0246,java,hard,True,True,False,0.0,-1.1904754638671875,False,True,True,False,0
full_rq0_seed42__rq0_0122__rq0_0288,java,hard,True,True,False,0.0,-0.3571434020996094,False,True,True,True,0
full_rq0_seed42__rq0_0123__rq0_0130,java,hard,True,True,False,0.0,-2.023810386657715,False,True,True,False,0
full_rq0_seed42__rq0_0123__rq0_0175,java,hard,True,True,False,0.0,-1.6071434020996094,False,True,True,False,0
full_rq0_seed42__rq0_0123__rq0_0267,java,hard,True,True,False,0.0,-0.1785717010498047,False,True,True,True,0
full_rq0_seed42__rq0_0124__rq0_0154,java,hard,True,True,True,1.0,-0.0595245361328125,False,True,False,False,0
full_rq0_seed42__rq0_0124__rq0_0259,java,hard,True,True,False,0.0,-1.0119047164916992,False,True,False,False,0
full_rq0_seed42__rq0_0125__rq0_0149,java,hard,True,False,False,0.0,-0.3571434020996094,True,True,True,False,0
full_rq0_seed42__rq0_0125__rq0_0202,java,hard,True,True,True,1.0,0.5357141494750977,True,False,False,False,0
full_rq0_seed42__rq0_0126__rq0_0178,java,hard,True,True,True,1.0,0.5952377319335938,True,False,False,False,0
full_rq0_seed42__rq0_0126__rq0_0224,java,hard,True,True,True,1.0,-1.607142448425293,False,True,True,True,0
full_rq0_seed42__rq0_0126__rq0_0275,java,hard,True,True,True,1.0,-0.47619056701660156,False,True,False,False,0
full_rq0_seed42__rq0_0126__rq0_0296,java,hard,True,True,False,0.0,-0.6547622680664062,False,True,True,False,0
full_rq0_seed42__rq0_0127__rq0_0278,java,hard,True,True,True,1.0,2.261904716491699,True,False,True,True,0
full_rq0_seed42__rq0_0129__rq0_0191,java,hard,True,True,False,0.0,-1.0119037628173828,False,True,False,False,0
full_rq0_seed42__rq0_0129__rq0_0204,java,hard,True,True,True,1.0,-1.4880952835083008,False,True,False,False,0
full_rq0_seed42__rq0_0129__rq0_0257,java,hard,True,True,False,0.0,0.17857074737548828,True,False,True,False,0
full_rq0_seed42__rq0_0129__rq0_0259,java,hard,True,True,True,1.0,-0.8333330154418945,False,True,True,False,0
full_rq0_seed42__rq0_0129__rq0_0264,java,hard,True,True,True,1.0,-0.35714244842529297,False,True,False,False,0
full_rq0_seed42__rq0_0129__rq0_0303,java,hard,True,True,False,0.0,-0.7738094329833984,False,True,False,False,0
full_rq0_seed42__rq0_0130__rq0_0148,java,hard,True,True,False,0.0,2.1428565979003906,True,False,True,False,0
full_rq0_seed42__rq0_0130__rq0_0188,java,hard,True,False,False,1.0,-0.1190481185913086,True,True,False,False,0
full_rq0_seed42__rq0_0130__rq0_0195,java,hard,True,True,True,1.0,0.9523811340332031,True,False,True,True,0
full_rq0_seed42__rq0_0130__rq0_0258,java,hard,True,True,False,0.0,1.0714292526245117,True,False,True,False,0
full_rq0_seed42__rq0_0130__rq0_0263,java,hard,True,True,True,1.0,1.190476417541504,True,False,True,True,0
full_rq0_seed42__rq0_0130__rq0_0268,java,hard,True,True,False,0.0,1.0119047164916992,True,False,True,False,0
full_rq0_seed42__rq0_0130__rq0_0269,java,hard,True,True,False,0.0,1.9047622680664062,True,False,True,False,0
full_rq0_seed42__rq0_0130__rq0_0285,java,hard,True,True,True,1.0,0.5952377319335938,True,False,True,True,0
full_rq0_seed42__rq0_0130__rq0_0303,java,hard,True,False,False,0.0,0.1785717010498047,True,True,True,False,0
full_rq0_seed42__rq0_0130__rq0_0312,java,hard,True,True,True,1.0,0.29761791229248047,True,False,True,True,0
full_rq0_seed42__rq0_0131__rq0_0146,java,hard,True,False,False,0.0,0.11904716491699219,True,True,True,False,0
full_rq0_seed42__rq0_0131__rq0_0238,java,hard,True,False,False,1.0,0.47619056701660156,False,False,True,True,0
full_rq0_seed42__rq0_0132__rq0_0134,java,hard,True,True,False,0.0,1.0714282989501953,True,False,True,False,0
full_rq0_seed42__rq0_0132__rq0_0179,java,hard,True,True,True,1.0,2.3809518814086914,True,False,True,True,0
full_rq0_seed42__rq0_0132__rq0_0238,java,hard,True,True,False,0.0,0.7738094329833984,True,False,True,False,0
full_rq0_seed42__rq0_0132__rq0_0300,java,hard,True,True,False,0.0,0.9523811340332031,True,False,True,False,0
full_rq0_seed42__rq0_0133__rq0_0142,java,hard,True,False,False,0.0,-0.5952377319335938,True,True,False,False,0
full_rq0_seed42__rq0_0133__rq0_0166,java,hard,True,True,True,1.0,-0.8333330154418945,False,True,True,True,0
full_rq0_seed42__rq0_0133__rq0_0212,java,hard,True,False,False,0.0,-0.23809528350830078,True,True,False,False,0
full_rq0_seed42__rq0_0133__rq0_0229,java,hard,True,True,True,1.0,0.6547622680664062,True,False,False,False,0
full_rq0_seed42__rq0_0133__rq0_0253,java,hard,True,True,True,1.0,1.6071434020996094,True,False,True,True,0
full_rq0_seed42__rq0_0133__rq0_0265,java,hard,True,True,False,0.0,0.47619056701660156,True,False,True,False,0
full_rq0_seed42__rq0_0133__rq0_0297,java,hard,True,True,False,0.0,0.47619056701660156,True,False,False,False,0
full_rq0_seed42__rq0_0134__rq0_0163,java,hard,True,True,True,1.0,-0.7142868041992188,False,True,False,False,0
full_rq0_seed42__rq0_0134__rq0_0176,java,hard,True,True,True,1.0,-0.9523811340332031,False,True,True,True,0
full_rq0_seed42__rq0_0134__rq0_0190,java,hard,True,True,False,0.0,-0.9523811340332031,False,True,False,False,0
full_rq0_seed42__rq0_0134__rq0_0207,java,hard,True,True,True,1.0,-1.0714292526245117,False,True,True,True,0
full_rq0_seed42__rq0_0134__rq0_0256,java,hard,True,True,True,1.0,-0.5357151031494141,False,True,False,False,0
full_rq0_seed42__rq0_0134__rq0_0301,java,hard,True,True,False,0.0,-0.5357141494750977,False,True,True,False,0
full_rq0_seed42__rq0_0135__rq0_0196,java,hard,True,True,True,1.0,-0.23809528350830078,False,True,False,False,0
full_rq0_seed42__rq0_0136__rq0_0137,java,hard,True,True,True,1.0,-0.47619056701660156,False,True,True,False,0
full_rq0_seed42__rq0_0136__rq0_0144,java,hard,True,True,False,0.0,1.5476188659667969,True,False,True,False,0
full_rq0_seed42__rq0_0136__rq0_0205,java,hard,True,False,False,1.0,-0.2976188659667969,True,True,True,True,0
full_rq0_seed42__rq0_0136__rq0_0212,java,hard,True,True,False,0.0,-0.6547613143920898,False,True,False,False,0
full_rq0_seed42__rq0_0137__rq0_0168,java,hard,True,True,False,0.0,0.35714244842529297,True,False,True,True,0
full_rq0_seed42__rq0_0137__rq0_0192,java,hard,True,False,False,0.0,0.059523582458496094,True,True,True,True,0
full_rq0_seed42__rq0_0137__rq0_0255,java,hard,True,True,False,0.0,-0.23809432983398438,False,True,False,False,0
full_rq0_seed42__rq0_0137__rq0_0270,java,hard,True,False,False,1.0,0.059523582458496094,True,True,False,False,0
full_rq0_seed42__rq0_0138__rq0_0218,java,hard,True,False,False,0.0,-0.23809528350830078,True,True,True,False,0
full_rq0_seed42__rq0_0139__rq0_0171,java,hard,True,False,False,1.0,0.1785717010498047,True,True,True,False,0
full_rq0_seed42__rq0_0139__rq0_0200,java,hard,True,True,False,0.0,0.5357141494750977,True,False,True,False,0
full_rq0_seed42__rq0_0139__rq0_0232,java,hard,True,True,True,1.0,0.8928565979003906,True,False,True,True,0
full_rq0_seed42__rq0_0139__rq0_0277,java,hard,True,False,False,0.0,-0.1785717010498047,True,True,True,True,0
full_rq0_seed42__rq0_0139__rq0_0303,java,hard,True,True,False,0.0,0.47619056701660156,True,False,True,False,0
full_rq0_seed42__rq0_0140__rq0_0159,java,hard,True,True,False,0.0,-1.5476188659667969,False,True,True,False,0
full_rq0_seed42__rq0_0140__rq0_0210,java,hard,True,True,False,0.0,-0.7142858505249023,False,True,False,False,0
full_rq0_seed42__rq0_0140__rq0_0236,java,hard,True,True,True,1.0,-0.5952377319335938,False,True,False,False,0
full_rq0_seed42__rq0_0140__rq0_0272,java,hard,True,True,False,0.0,-0.5357141494750977,False,True,False,False,0
full_rq0_seed42__rq0_0140__rq0_0307,java,hard,True,True,False,0.0,-1.0119047164916992,False,True,False,False,0
full_rq0_seed42__rq0_0142__rq0_0143,java,hard,True,False,False,0.0,0.11904716491699219,True,True,True,True,0
full_rq0_seed42__rq0_0142__rq0_0163,java,hard,True,True,False,0.0,0.892857551574707,True,False,True,False,0
full_rq0_seed42__rq0_0142__rq0_0167,java,hard,True,False,False,,0.0,True,True,True,False,0
full_rq0_seed42__rq0_0142__rq0_0190,java,hard,True,True,True,1.0,0.7738094329833984,True,False,False,False,0
full_rq0_seed42__rq0_0142__rq0_0199,java,hard,True,True,False,0.0,0.7142858505249023,True,False,False,False,0
full_rq0_seed42__rq0_0142__rq0_0205,java,hard,True,False,False,1.0,-0.2976198196411133,True,True,True,True,0
full_rq0_seed42__rq0_0142__rq0_0233,java,hard,True,True,True,1.0,0.2976188659667969,True,False,False,False,0
full_rq0_seed42__rq0_0142__rq0_0243,java,hard,True,True,False,0.0,0.5357141494750977,True,False,False,False,0
full_rq0_seed42__rq0_0142__rq0_0301,java,hard,True,True,True,1.0,0.7738094329833984,True,False,False,False,0
full_rq0_seed42__rq0_0143__rq0_0155,java,hard,True,True,False,0.0,0.892857551574707,True,False,True,False,0
full_rq0_seed42__rq0_0143__rq0_0189,java,hard,True,True,False,0.0,1.6666669845581055,True,False,True,False,0
full_rq0_seed42__rq0_0143__rq0_0271,java,hard,True,True,False,0.0,0.3571434020996094,True,False,False,False,0
full_rq0_seed42__rq0_0143__rq0_0300,java,hard,True,True,True,1.0,1.1904754638671875,True,False,True,True,0
full_rq0_seed42__rq0_0144__rq0_0169,java,hard,True,True,False,0.0,-0.47619056701660156,False,True,False,False,0
full_rq0_seed42__rq0_0144__rq0_0189,java,hard,True,False,False,1.0,-0.059523582458496094,True,True,False,False,0
full_rq0_seed42__rq0_0144__rq0_0209,java,hard,True,True,True,1.0,-1.9047622680664062,False,True,True,True,0
full_rq0_seed42__rq0_0144__rq0_0265,java,hard,True,True,True,1.0,-0.9523811340332031,False,True,True,True,0
full_rq0_seed42__rq0_0144__rq0_0300,java,hard,True,True,False,0.0,-0.7142858505249023,False,True,False,False,0
full_rq0_seed42__rq0_0145__rq0_0153,java,hard,True,True,True,1.0,-0.35714244842529297,False,True,False,False,0
full_rq0_seed42__rq0_0145__rq0_0217,java,hard,True,False,False,1.0,0.2976188659667969,False,False,True,True,0
full_rq0_seed42__rq0_0145__rq0_0294,java,hard,True,False,False,1.0,0.1190481185913086,True,True,True,True,0
full_rq0_seed42__rq0_0146__rq0_0161,java,hard,True,True,False,0.0,0.11904716491699219,True,False,False,False,0
full_rq0_seed42__rq0_0146__rq0_0299,java,hard,True,True,False,0.0,-1.0119047164916992,False,True,True,False,0
full_rq0_seed42__rq0_0146__rq0_0306,java,hard,True,True,True,1.0,-2.0238094329833984,False,True,True,True,0
full_rq0_seed42__rq0_0147__rq0_0154,java,hard,True,True,True,1.0,0.9523811340332031,True,False,True,True,0
full_rq0_seed42__rq0_0147__rq0_0221,java,hard,True,False,False,1.0,-0.1785717010498047,True,True,True,False,0
full_rq0_seed42__rq0_0147__rq0_0296,java,hard,True,False,False,0.0,-0.2976188659667969,True,True,True,True,0
full_rq0_seed42__rq0_0147__rq0_0304,java,hard,True,False,False,0.0,-0.23809528350830078,True,True,True,True,0
full_rq0_seed42__rq0_0148__rq0_0175,java,hard,True,True,False,0.0,-1.4285717010498047,False,True,True,False,0
full_rq0_seed42__rq0_0148__rq0_0179,java,hard,True,True,True,1.0,0.35714244842529297,True,False,False,False,0
full_rq0_seed42__rq0_0148__rq0_0210,java,hard,True,True,True,1.0,-1.0119056701660156,False,True,False,False,0
full_rq0_seed42__rq0_0148__rq0_0213,java,hard,True,True,False,0.0,-0.892857551574707,False,True,False,False,0
full_rq0_seed42__rq0_0148__rq0_0240,java,hard,True,True,True,1.0,-1.4285717010498047,False,True,True,True,0
full_rq0_seed42__rq0_0149__rq0_0151,java,hard,True,True,False,0.0,1.7857141494750977,True,False,True,False,0
full_rq0_seed42__rq0_0149__rq0_0174,java,hard,True,True,False,0.0,0.9523801803588867,True,False,False,False,0
full_rq0_seed42__rq0_0149__rq0_0225,java,hard,True,True,False,0.0,0.7142868041992188,True,False,True,False,0
full_rq0_seed42__rq0_0150__rq0_0282,java,hard,True,True,True,1.0,-1.9047603607177734,False,True,True,True,0
full_rq0_seed42__rq0_0151__rq0_0263,java,hard,True,True,True,1.0,-0.8333339691162109,False,True,True,True,0
full_rq0_seed42__rq0_0151__rq0_0285,java,hard,True,True,True,1.0,-1.1309518814086914,False,True,False,False,0
full_rq0_seed42__rq0_0151__rq0_0308,java,hard,True,True,True,1.0,-1.1309528350830078,False,True,True,True,0
full_rq0_seed42__rq0_0152__rq0_0291,java,hard,True,True,False,0.0,0.5952386856079102,True,False,True,False,0
full_rq0_seed42__rq0_0152__rq0_0312,java,hard,True,True,False,0.0,0.23809528350830078,True,False,False,False,0
full_rq0_seed42__rq0_0153__rq0_0158,java,hard,True,True,True,1.0,1.666666030883789,True,False,True,True,0
full_rq0_seed42__rq0_0153__rq0_0196,java,hard,True,True,False,0.0,0.9523811340332031,True,False,True,False,0
full_rq0_seed42__rq0_0153__rq0_0261,java,hard,True,False,False,1.0,-0.2976188659667969,False,False,True,False,0
full_rq0_seed42__rq0_0153__rq0_0295,java,hard,True,False,False,0.0,-0.11904716491699219,True,True,True,True,0
full_rq0_seed42__rq0_0153__rq0_0308,java,hard,True,True,False,0.0,0.2976188659667969,True,False,True,False,0
full_rq0_seed42__rq0_0153__rq0_0312,java,hard,True,False,False,1.0,-0.1190481185913086,False,False,True,False,0
full_rq0_seed42__rq0_0154__rq0_0166,java,hard,True,True,False,0.0,-1.3690471649169922,False,True,True,False,0
full_rq0_seed42__rq0_0154__rq0_0244,java,hard,True,True,True,1.0,-0.6547622680664062,False,True,False,False,0
full_rq0_seed42__rq0_0154__rq0_0265,java,hard,True,True,False,0.0,-0.7738094329833984,False,True,True,False,0
full_rq0_seed42__rq0_0154__rq0_0279,java,hard,True,True,False,0.0,-0.9523811340332031,False,True,False,False,0
full_rq0_seed42__rq0_0154__rq0_0289,java,hard,True,True,False,0.0,-1.25,False,True,False,False,0
full_rq0_seed42__rq0_0154__rq0_0297,java,hard,True,True,False,0.0,-0.6547622680664062,False,True,True,False,0
full_rq0_seed42__rq0_0155__rq0_0203,java,hard,True,True,True,1.0,-1.3690471649169922,False,True,True,True,0
full_rq0_seed42__rq0_0155__rq0_0205,java,hard,True,True,False,0.0,-1.3690471649169922,False,True,True,False,0
full_rq0_seed42__rq0_0155__rq0_0215,java,hard,True,True,True,1.0,-1.1309518814086914,False,True,False,False,0
full_rq0_seed42__rq0_0156__rq0_0165,java,hard,True,False,False,1.0,0.1785717010498047,True,True,True,False,0
full_rq0_seed42__rq0_0156__rq0_0169,java,hard,True,True,True,1.0,0.35714244842529297,True,False,False,False,0
full_rq0_seed42__rq0_0156__rq0_0223,java,hard,True,True,True,1.0,-0.5952377319335938,False,True,False,False,0
full_rq0_seed42__rq0_0156__rq0_0229,java,hard,True,True,True,1.0,0.3571434020996094,True,False,False,False,0
full_rq0_seed42__rq0_0156__rq0_0234,java,hard,True,False,False,0.0,0.1190481185913086,True,True,True,False,0
full_rq0_seed42__rq0_0156__rq0_0235,java,hard,True,True,True,1.0,-0.35714244842529297,False,True,False,False,0
full_rq0_seed42__rq0_0156__rq0_0253,java,hard,True,True,True,1.0,0.892857551574707,True,False,True,True,0
full_rq0_seed42__rq0_0157__rq0_0176,java,hard,True,False,False,1.0,0.059523582458496094,True,True,False,False,0
full_rq0_seed42__rq0_0157__rq0_0240,java,hard,True,True,False,0.0,-0.35714244842529297,False,True,True,False,0
full_rq0_seed42__rq0_0157__rq0_0255,java,hard,True,True,False,0.0,-1.0119056701660156,False,True,False,False,0
full_rq0_seed42__rq0_0157__rq0_0307,java,hard,True,False,False,0.0,-0.17857074737548828,True,True,False,False,0
full_rq0_seed42__rq0_0158__rq0_0283,java,hard,True,True,True,1.0,-2.9166669845581055,False,True,True,True,0
full_rq0_seed42__rq0_0159__rq0_0172,java,hard,True,True,True,1.0,0.8333330154418945,True,False,False,False,0
full_rq0_seed42__rq0_0159__rq0_0219,java,hard,True,True,True,1.0,1.4880943298339844,True,False,True,True,0
full_rq0_seed42__rq0_0159__rq0_0223,java,hard,True,False,False,0.0,0.23809432983398438,True,True,False,False,0
full_rq0_seed42__rq0_0159__rq0_0271,java,hard,True,True,False,0.0,1.4880952835083008,True,False,True,False,0
full_rq0_seed42__rq0_0160__rq0_0238,java,hard,True,True,False,0.0,0.1785717010498047,True,False,True,False,0
full_rq0_seed42__rq0_0160__rq0_0252,java,hard,True,True,True,1.0,-0.892857551574707,False,True,True,False,0
full_rq0_seed42__rq0_0160__rq0_0301,java,hard,True,False,False,0.0,-0.1785717010498047,True,True,True,True,0
full_rq0_seed42__rq0_0161__rq0_0166,java,hard,True,True,False,0.0,-1.4285717010498047,False,True,True,False,0
full_rq0_seed42__rq0_0162__rq0_0188,java,hard,True,True,False,0.0,-0.9523811340332031,False,True,True,False,0
full_rq0_seed42__rq0_0162__rq0_0309,java,hard,True,True,False,0.0,-0.8333330154418945,False,True,False,False,0
full_rq0_seed42__rq0_0163__rq0_0223,java,hard,True,True,True,1.0,-1.309523582458496,False,True,True,True,0
full_rq0_seed42__rq0_0163__rq0_0236,java,hard,True,False,False,,0.0,True,True,False,False,0
full_rq0_seed42__rq0_0163__rq0_0307,java,hard,True,True,False,0.0,-0.35714244842529297,False,True,False,False,0
full_rq0_seed42__rq0_0164__rq0_0232,java,hard,True,True,True,1.0,-0.47619152069091797,False,True,True,False,0
full_rq0_seed42__rq0_0165__rq0_0256,java,hard,True,False,False,1.0,-0.23809528350830078,True,True,True,False,0
full_rq0_seed42__rq0_0165__rq0_0262,java,hard,True,True,False,0.0,-1.0119056701660156,False,True,True,True,0
full_rq0_seed42__rq0_0165__rq0_0272,java,hard,True,True,True,1.0,-0.6547613143920898,False,True,True,False,0
full_rq0_seed42__rq0_0165__rq0_0301,java,hard,True,False,False,0.0,-0.2380962371826172,True,True,True,True,0
full_rq0_seed42__rq0_0166__rq0_0168,java,hard,True,True,False,0.0,0.7738094329833984,True,False,True,True,0
full_rq0_seed42__rq0_0166__rq0_0205,java,hard,True,False,False,0.0,-0.2380962371826172,True,True,True,False,0
full_rq0_seed42__rq0_0166__rq0_0207,java,hard,True,False,False,1.0,0.23809432983398438,True,True,False,False,0
full_rq0_seed42__rq0_0166__rq0_0227,java,hard,True,False,False,1.0,-0.11904716491699219,True,True,False,False,0
full_rq0_seed42__rq0_0166__rq0_0243,java,hard,True,True,True,1.0,0.17857074737548828,True,False,False,False,0
full_rq0_seed42__rq0_0166__rq0_0250,java,hard,True,True,True,1.0,-0.2976188659667969,False,True,True,True,0
full_rq0_seed42__rq0_0167__rq0_0239,java,hard,True,True,True,1.0,-0.35714244842529297,False,True,False,False,0
full_rq0_seed42__rq0_0167__rq0_0259,java,hard,True,True,False,0.0,0.35714244842529297,True,False,True,False,0
full_rq0_seed42__rq0_0167__rq0_0301,java,hard,True,True,True,1.0,0.2976198196411133,True,False,True,True,0
full_rq0_seed42__rq0_0168__rq0_0185,java,hard,True,True,True,1.0,-1.0714282989501953,False,True,False,False,0
full_rq0_seed42__rq0_0168__rq0_0223,java,hard,True,True,False,0.0,-0.5952377319335938,False,True,False,False,0
full_rq0_seed42__rq0_0168__rq0_0288,java,hard,True,True,True,1.0,-0.47619056701660156,False,True,True,False,0
full_rq0_seed42__rq0_0169__rq0_0175,java,hard,True,True,False,0.0,-0.7738094329833984,False,True,True,False,0
full_rq0_seed42__rq0_0169__rq0_0181,java,hard,True,False,False,1.0,0.23809528350830078,True,True,True,False,0
full_rq0_seed42__rq0_0169__rq0_0240,java,hard,True,True,True,1.0,-0.5357141494750977,False,True,False,False,0
full_rq0_seed42__rq0_0169__rq0_0259,java,hard,True,True,True,1.0,-0.23809528350830078,False,True,False,False,0
full_rq0_seed42__rq0_0170__rq0_0196,java,hard,True,True,True,1.0,-0.5952386856079102,False,True,False,False,0
full_rq0_seed42__rq0_0170__rq0_0231,java,hard,True,True,False,0.0,-1.190476417541504,False,True,True,False,0
full_rq0_seed42__rq0_0170__rq0_0232,java,hard,True,True,True,1.0,-1.1309518814086914,False,True,False,False,0
full_rq0_seed42__rq0_0171__rq0_0174,java,hard,True,False,False,1.0,0.35714244842529297,True,True,False,False,0
full_rq0_seed42__rq0_0171__rq0_0225,java,hard,True,True,True,1.0,0.5357141494750977,True,False,True,True,0
full_rq0_seed42__rq0_0171__rq0_0231,java,hard,True,False,False,0.0,-0.1785717010498047,True,True,True,False,0
full_rq0_seed42__rq0_0171__rq0_0241,java,hard,True,True,False,0.0,0.5952377319335938,True,False,False,False,0
full_rq0_seed42__rq0_0171__rq0_0254,java,hard,True,True,True,1.0,-0.2976198196411133,False,True,False,False,0
full_rq0_seed42__rq0_0171__rq0_0274,java,hard,True,False,False,0.0,0.2976188659667969,True,True,False,False,0
full_rq0_seed42__rq0_0171__rq0_0283,java,hard,True,False,False,0.0,-0.3571434020996094,True,True,True,True,0
full_rq0_seed42__rq0_0171__rq0_0302,java,hard,True,False,False,1.0,-0.1785717010498047,True,True,True,False,0
full_rq0_seed42__rq0_0172__rq0_0245,java,hard,True,True,False,0.0,-0.9523811340332031,False,True,False,False,0
full_rq0_seed42__rq0_0172__rq0_0256,java,hard,True,False,False,1.0,-9.5367431640625e-07,True,True,True,False,0
full_rq0_seed42__rq0_0173__rq0_0177,java,hard,True,True,False,0.0,-1.1309528350830078,False,True,True,False,0
full_rq0_seed42__rq0_0173__rq0_0178,java,hard,True,True,False,0.0,-0.7142858505249023,False,True,True,False,0
full_rq0_seed42__rq0_0174__rq0_0195,java,hard,True,True,False,0.0,0.17857074737548828,True,False,False,False,0
full_rq0_seed42__rq0_0174__rq0_0263,java,hard,True,True,False,0.0,0.2976188659667969,True,False,True,False,0
full_rq0_seed42__rq0_0175__rq0_0180,java,hard,True,False,False,,0.0,True,True,True,True,0
full_rq0_seed42__rq0_0175__rq0_0200,java,hard,True,False,False,0.0,0.17857074737548828,True,True,True,False,0
full_rq0_seed42__rq0_0175__rq0_0229,java,hard,True,False,False,0.0,0.3571434020996094,True,True,True,False,0
full_rq0_seed42__rq0_0175__rq0_0300,java,hard,True,True,False,0.0,0.7142848968505859,True,False,True,False,0
full_rq0_seed42__rq0_0177__rq0_0205,java,hard,True,False,False,1.0,0.0595245361328125,True,True,True,False,0
full_rq0_seed42__rq0_0177__rq0_0235,java,hard,True,False,False,1.0,0.35714244842529297,True,True,True,False,0
full_rq0_seed42__rq0_0177__rq0_0250,java,hard,True,False,False,1.0,-0.47619152069091797,True,True,True,True,0
full_rq0_seed42__rq0_0177__rq0_0289,java,hard,True,True,True,1.0,0.2976188659667969,True,False,False,False,0
full_rq0_seed42__rq0_0179__rq0_0190,java,hard,True,True,True,1.0,-1.2499990463256836,False,True,False,False,0
full_rq0_seed42__rq0_0179__rq0_0196,java,hard,True,True,False,0.0,-0.9523811340332031,False,True,False,False,0
full_rq0_seed42__rq0_0179__rq0_0213,java,hard,True,True,True,1.0,-1.1904773712158203,False,True,False,False,0
full_rq0_seed42__rq0_0179__rq0_0237,java,hard,True,True,True,1.0,-0.9523820877075195,False,True,False,False,0
full_rq0_seed42__rq0_0179__rq0_0263,java,hard,True,True,False,0.0,-0.7738103866577148,False,True,False,False,0
full_rq0_seed42__rq0_0180__rq0_0181,java,hard,True,True,False,0.0,1.0119047164916992,True,False,True,True,0
full_rq0_seed42__rq0_0180__rq0_0285,java,hard,True,True,True,1.0,0.8333330154418945,True,False,False,False,0
full_rq0_seed42__rq0_0180__rq0_0312,java,hard,True,True,True,1.0,0.23809528350830078,True,False,False,False,0
full_rq0_seed42__rq0_0181__rq0_0258,java,hard,True,True,True,1.0,-0.5357141494750977,False,True,True,False,0
full_rq0_seed42__rq0_0181__rq0_0274,java,hard,True,False,False,0.0,-0.3571434020996094,True,True,False,False,0
full_rq0_seed42__rq0_0183__rq0_0232,java,hard,True,True,True,1.0,-0.7738094329833984,False,True,False,False,0
full_rq0_seed42__rq0_0184__rq0_0204,java,hard,True,True,False,0.0,-0.9523811340332031,False,True,True,True,0
full_rq0_seed42__rq0_0184__rq0_0205,java,hard,True,True,False,0.0,-1.0119047164916992,False,True,True,False,0
full_rq0_seed42__rq0_0184__rq0_0250,java,hard,True,True,True,1.0,-0.6547613143920898,False,True,False,False,0
full_rq0_seed42__rq0_0186__rq0_0201,java,hard,True,True,False,0.0,0.8333330154418945,True,False,True,False,0
full_rq0_seed42__rq0_0186__rq0_0229,java,hard,True,True,False,0.0,1.5476188659667969,True,False,True,False,0
full_rq0_seed42__rq0_0186__rq0_0258,java,hard,True,True,False,0.0,1.8452377319335938,True,False,True,False,0
full_rq0_seed42__rq0_0186__rq0_0262,java,hard,True,True,False,0.0,0.9523811340332031,True,False,True,False,0
full_rq0_seed42__rq0_0187__rq0_0262,java,hard,True,True,True,1.0,-1.1309518814086914,False,True,False,False,0
full_rq0_seed42__rq0_0187__rq0_0277,java,hard,True,True,False,0.0,-1.1309518814086914,False,True,True,False,0
full_rq0_seed42__rq0_0188__rq0_0229,java,hard,True,True,False,0.0,0.6547622680664062,True,False,True,False,0
full_rq0_seed42__rq0_0188__rq0_0237,java,hard,True,True,False,0.0,0.7738094329833984,True,False,True,False,0
full_rq0_seed42__rq0_0188__rq0_0269,java,hard,True,True,False,0.0,1.4285707473754883,True,False,True,False,0
full_rq0_seed42__rq0_0189__rq0_0204,java,hard,True,True,False,0.0,-1.5476198196411133,False,True,True,False,0
full_rq0_seed42__rq0_0189__rq0_0306,java,hard,True,True,True,1.0,-2.261904716491699,False,True,False,False,0
full_rq0_seed42__rq0_0191__rq0_0210,java,hard,True,True,False,0.0,1.0714292526245117,True,False,False,False,0
full_rq0_seed42__rq0_0192__rq0_0208,java,hard,True,False,False,,0.0,True,True,False,False,0
full_rq0_seed42__rq0_0192__rq0_0235,java,hard,True,False,False,1.0,0.05952262878417969,True,True,False,False,0
full_rq0_seed42__rq0_0192__rq0_0288,java,hard,True,False,False,,0.0,True,True,True,False,0
full_rq0_seed42__rq0_0194__rq0_0221,java,hard,True,False,False,1.0,-0.41666698455810547,True,True,True,True,0
full_rq0_seed42__rq0_0197__rq0_0199,java,hard,True,True,True,1.0,-0.35714244842529297,False,True,False,False,0
full_rq0_seed42__rq0_0197__rq0_0207,java,hard,True,True,True,1.0,-0.5952367782592773,False,True,True,True,0
full_rq0_seed42__rq0_0197__rq0_0268,java,hard,True,True,True,1.0,0.3571434020996094,True,False,True,True,0
full_rq0_seed42__rq0_0199__rq0_0219,java,hard,True,False,False,1.0,0.2976198196411133,True,True,False,False,0
full_rq0_seed42__rq0_0199__rq0_0236,java,hard,True,False,False,0.0,0.2976188659667969,True,True,False,False,0
full_rq0_seed42__rq0_0200__rq0_0241,java,hard,True,True,True,1.0,0.41666698455810547,True,False,False,False,0
full_rq0_seed42__rq0_0200__rq0_0307,java,hard,True,True,False,0.0,0.1785717010498047,True,False,False,False,0
full_rq0_seed42__rq0_0201__rq0_0219,java,hard,True,True,False,0.0,0.5952377319335938,True,False,False,False,0
full_rq0_seed42__rq0_0201__rq0_0254,java,hard,True,False,False,0.0,-0.23809528350830078,False,False,False,False,0
full_rq0_seed42__rq0_0201__rq0_0267,java,hard,True,True,True,1.0,1.3690481185913086,True,False,True,True,0
full_rq0_seed42__rq0_0202__rq0_0286,java,hard,True,False,False,,0.0,False,False,False,False,0
full_rq0_seed42__rq0_0203__rq0_0266,java,hard,True,False,False,,0.0,True,True,False,False,0
full_rq0_seed42__rq0_0205__rq0_0307,java,hard,True,True,True,1.0,0.8928565979003906,True,False,True,True,0
full_rq0_seed42__rq0_0207__rq0_0209,java,hard,True,True,True,1.0,-0.5357141494750977,False,True,True,True,0
full_rq0_seed42__rq0_0207__rq0_0307,java,hard,True,True,True,1.0,0.41666603088378906,True,False,True,True,0
full_rq0_seed42__rq0_0212__rq0_0240,java,hard,True,True,False,0.0,0.1785726547241211,True,False,False,False,0
full_rq0_seed42__rq0_0212__rq0_0299,java,hard,True,True,False,0.0,0.47619152069091797,True,False,False,False,0
full_rq0_seed42__rq0_0213__rq0_0214,java,hard,True,True,False,0.0,-0.47619056701660156,False,True,False,False,0
full_rq0_seed42__rq0_0215__rq0_0265,java,hard,True,True,True,1.0,0.6547613143920898,True,False,False,False,0
full_rq0_seed42__rq0_0215__rq0_0288,java,hard,True,True,False,0.0,0.5357141494750977,True,False,False,False,0
full_rq0_seed42__rq0_0216__rq0_0307,java,hard,True,False,False,0.0,-0.23809432983398438,False,False,False,False,0
full_rq0_seed42__rq0_0219__rq0_0268,java,hard,True,True,True,1.0,0.3571434020996094,True,False,True,True,0
full_rq0_seed42__rq0_0220__rq0_0226,java,hard,True,True,True,1.0,0.6547613143920898,True,False,False,False,0
full_rq0_seed42__rq0_0223__rq0_0227,java,hard,True,False,False,1.0,-0.11904716491699219,True,True,False,False,0
full_rq0_seed42__rq0_0223__rq0_0256,java,hard,True,True,True,1.0,1.607142448425293,True,False,True,True,0
full_rq0_seed42__rq0_0223__rq0_0264,java,hard,True,True,True,1.0,1.0714282989501953,True,False,True,True,0
full_rq0_seed42__rq0_0225__rq0_0298,java,hard,True,True,True,1.0,-0.47619152069091797,False,True,True,True,0
full_rq0_seed42__rq0_0227__rq0_0265,java,hard,True,True,True,1.0,0.5952386856079102,True,False,True,True,0
full_rq0_seed42__rq0_0228__rq0_0308,java,hard,True,True,False,0.0,-0.35714244842529297,False,True,False,False,0
full_rq0_seed42__rq0_0231__rq0_0291,java,hard,True,True,False,0.0,0.5357131958007812,True,False,True,False,0
full_rq0_seed42__rq0_0231__rq0_0312,java,hard,True,False,False,1.0,-0.23809528350830078,False,False,False,False,0
full_rq0_seed42__rq0_0232__rq0_0273,java,hard,True,True,False,0.0,0.35714244842529297,True,False,False,False,0
full_rq0_seed42__rq0_0232__rq0_0292,java,hard,True,True,True,1.0,0.5952386856079102,True,False,True,True,0
full_rq0_seed42__rq0_0234__rq0_0305,java,hard,True,True,False,0.0,-0.3571434020996094,False,True,True,False,0
full_rq0_seed42__rq0_0234__rq0_0307,java,hard,True,False,False,1.0,0.0595245361328125,True,True,False,False,0
full_rq0_seed42__rq0_0235__rq0_0243,java,hard,True,False,False,1.0,9.5367431640625e-07,True,True,False,False,0
full_rq0_seed42__rq0_0235__rq0_0280,java,hard,True,False,False,1.0,-0.2380962371826172,True,True,True,True,0
full_rq0_seed42__rq0_0236__rq0_0250,java,hard,True,True,True,1.0,-1.1904754638671875,False,True,True,True,0
full_rq0_seed42__rq0_0238__rq0_0262,java,hard,True,True,False,0.0,-1.1904754638671875,False,True,False,False,0
full_rq0_seed42__rq0_0239__rq0_0265,java,hard,True,True,False,0.0,0.2380962371826172,True,False,False,False,0
full_rq0_seed42__rq0_0241__rq0_0258,java,hard,True,False,False,,0.0,False,False,False,False,0
full_rq0_seed42__rq0_0241__rq0_0277,java,hard,True,True,False,0.0,-0.7738094329833984,False,True,True,False,0
full_rq0_seed42__rq0_0244__rq0_0290,java,hard,True,True,True,1.0,0.4166679382324219,True,False,False,False,0
full_rq0_seed42__rq0_0245__rq0_0247,java,hard,True,True,True,1.0,0.5952386856079102,True,False,False,False,0
full_rq0_seed42__rq0_0246__rq0_0250,java,hard,True,True,False,0.0,-0.0595245361328125,False,True,False,False,0
full_rq0_seed42__rq0_0246__rq0_0306,java,hard,True,False,False,0.0,-0.11904716491699219,True,True,True,True,0
full_rq0_seed42__rq0_0247__rq0_0263,java,hard,True,True,True,1.0,1.309523582458496,True,False,False,False,0
full_rq0_seed42__rq0_0250__rq0_0266,java,hard,True,True,True,1.0,-1.0119047164916992,False,True,True,True,0
full_rq0_seed42__rq0_0251__rq0_0277,java,hard,True,False,False,1.0,-0.0595245361328125,True,True,False,False,0
full_rq0_seed42__rq0_0252__rq0_0300,java,hard,True,True,True,1.0,0.9523801803588867,True,False,True,False,0
full_rq0_seed42__rq0_0253__rq0_0259,java,hard,True,True,True,1.0,-1.1309518814086914,False,True,False,False,0
full_rq0_seed42__rq0_0254__rq0_0269,java,hard,True,True,False,0.0,1.6071443557739258,True,False,False,False,0
full_rq0_seed42__rq0_0254__rq0_0303,java,hard,True,True,False,0.0,0.35714244842529297,True,False,False,False,0
full_rq0_seed42__rq0_0255__rq0_0300,java,hard,True,True,True,1.0,1.309523582458496,True,False,False,False,0
full_rq0_seed42__rq0_0258__rq0_0273,java,hard,True,True,False,0.0,-0.6547622680664062,False,True,False,False,0
full_rq0_seed42__rq0_0260__rq0_0269,java,hard,True,True,False,0.0,1.7261896133422852,True,False,False,False,0
full_rq0_seed42__rq0_0260__rq0_0277,java,hard,True,False,False,0.0,-0.23809528350830078,True,True,True,False,0
full_rq0_seed42__rq0_0260__rq0_0298,java,hard,True,False,False,0.0,-0.1190481185913086,False,False,True,False,0
full_rq0_seed42__rq0_0262__rq0_0305,java,hard,True,False,False,1.0,-0.059523582458496094,False,False,True,True,0
full_rq0_seed42__rq0_0263__rq0_0283,java,hard,True,True,False,0.0,-0.9523811340332031,False,True,False,False,0
full_rq0_seed42__rq0_0266__rq0_0306,java,hard,True,False,False,1.0,0.2380962371826172,True,True,True,True,0
full_rq0_seed42__rq0_0269__rq0_0305,java,hard,True,True,True,1.0,-1.9642858505249023,False,True,True,True,0
full_rq0_seed42__rq0_0271__rq0_0299,java,hard,True,True,True,1.0,0.059523582458496094,True,False,False,False,0
full_rq0_seed42__rq0_0272__rq0_0279,java,hard,True,False,False,1.0,-0.11904716491699219,False,False,False,False,0
full_rq0_seed42__rq0_0272__rq0_0289,java,hard,True,True,True,1.0,-1.0119037628173828,False,True,False,False,0
full_rq0_seed42__rq0_0273__rq0_0277,java,hard,True,True,False,0.0,-0.9523811340332031,False,True,False,False,0
full_rq0_seed42__rq0_0276__rq0_0308,java,hard,True,True,True,1.0,-0.5357151031494141,False,True,False,False,0
full_rq0_seed42__rq0_0281__rq0_0298,java,hard,True,False,False,0.0,-0.2976188659667969,False,False,False,False,0
full_rq0_seed42__rq0_0284__rq0_0293,java,hard,True,True,True,1.0,0.23809432983398438,True,False,True,False,0
full_rq0_seed42__rq0_0286__rq0_0295,java,hard,True,True,False,0.0,-0.5952377319335938,False,True,True,False,0
full_rq0_seed42__rq0_0287__rq0_0288,java,hard,True,False,False,1.0,0.5357151031494141,True,True,True,True,0
full_rq0_seed42__rq0_0288__rq0_0290,java,hard,True,True,True,1.0,0.6547632217407227,True,False,False,False,0
full_rq0_seed42__rq0_0292__rq0_0308,java,hard,True,True,True,1.0,-0.47619152069091797,False,True,True,True,0
full_rq0_seed42__rq0_0302__rq0_0303,java,hard,True,False,False,0.0,0.1190481185913086,True,True,False,False,0
ext_dorn_cuda_easy_00000,cuda,easy,True,True,True,1.0,-0.7142858505249023,False,True,True,True,0
ext_dorn_cuda_easy_00001,cuda,easy,True,True,True,1.0,0.6547613143920898,True,False,True,True,0
ext_dorn_cuda_easy_00002,cuda,easy,True,False,False,0.0,-0.0595245361328125,True,True,False,False,0
ext_dorn_cuda_easy_00003,cuda,easy,True,True,False,0.0,0.47618961334228516,True,False,False,False,0
ext_dorn_cuda_easy_00004,cuda,easy,True,True,True,1.0,0.2976188659667969,True,False,True,False,0
ext_dorn_cuda_easy_00005,cuda,easy,True,True,True,1.0,2.083333969116211,True,False,True,True,0
ext_dorn_cuda_easy_00006,cuda,easy,True,True,False,0.0,0.7142858505249023,True,False,True,True,0
ext_dorn_cuda_easy_00007,cuda,easy,True,True,True,1.0,0.7738094329833984,True,False,True,True,0
ext_dorn_cuda_easy_00008,cuda,easy,True,True,False,0.0,0.41666698455810547,True,False,True,True,0
ext_dorn_cuda_easy_00009,cuda,easy,True,True,True,1.0,0.5952377319335938,True,False,True,True,0
ext_dorn_cuda_easy_00010,cuda,easy,True,True,True,1.0,1.3690481185913086,True,False,True,True,0
ext_dorn_cuda_easy_00011,cuda,easy,True,True,True,1.0,-1.0714292526245117,False,True,True,True,0
ext_dorn_cuda_easy_00012,cuda,easy,True,True,False,0.0,0.47619056701660156,True,False,True,True,0
ext_dorn_cuda_easy_00013,cuda,easy,True,True,False,0.0,-0.892857551574707,False,True,True,False,0
ext_dorn_cuda_easy_00014,cuda,easy,True,True,True,1.0,0.5357141494750977,True,False,True,True,0
ext_dorn_cuda_easy_00015,cuda,easy,True,True,True,1.0,-0.0595245361328125,False,True,False,False,0
ext_dorn_cuda_easy_00016,cuda,easy,True,True,False,0.0,1.071427345275879,True,False,True,True,0
ext_dorn_cuda_easy_00017,cuda,easy,True,True,False,0.0,1.1309528350830078,True,False,False,False,0
ext_dorn_cuda_easy_00018,cuda,easy,True,True,True,1.0,-2.6785707473754883,False,True,True,True,0
ext_dorn_cuda_easy_00019,cuda,easy,True,True,True,1.0,-2.857142448425293,False,True,True,True,0
ext_dorn_cuda_easy_00020,cuda,easy,True,True,True,1.0,-1.4880943298339844,False,True,False,False,0
ext_dorn_cuda_easy_00021,cuda,easy,True,True,True,1.0,1.607142448425293,True,False,True,True,0
ext_dorn_cuda_easy_00022,cuda,easy,True,False,False,,0.0,False,False,True,True,0
ext_dorn_cuda_easy_00023,cuda,easy,True,True,True,1.0,0.2976188659667969,True,False,True,True,0
ext_dorn_cuda_easy_00024,cuda,easy,True,True,True,1.0,0.2976188659667969,True,False,True,True,0
ext_dorn_cuda_easy_00025,cuda,easy,True,True,True,1.0,-0.892857551574707,False,True,True,True,0
ext_dorn_cuda_easy_00026,cuda,easy,True,True,True,1.0,-0.35714244842529297,False,True,True,True,0
ext_dorn_cuda_easy_00027,cuda,easy,True,True,True,1.0,-0.35714244842529297,False,True,True,False,0
ext_dorn_cuda_easy_00028,cuda,easy,True,False,False,1.0,9.5367431640625e-07,False,False,True,True,0
ext_dorn_cuda_easy_00029,cuda,easy,True,False,False,0.0,-0.059523582458496094,True,True,True,True,0
ext_dorn_cuda_easy_00030,cuda,easy,True,True,True,1.0,0.6547613143920898,True,False,True,True,0
ext_dorn_cuda_easy_00031,cuda,easy,True,False,False,1.0,-0.47619056701660156,True,True,True,True,0
ext_dorn_cuda_easy_00032,cuda,easy,True,True,False,0.0,-0.35714244842529297,False,True,True,True,0
ext_dorn_cuda_easy_00033,cuda,easy,True,False,False,,0.0,False,False,True,False,0
ext_dorn_cuda_easy_00034,cuda,easy,True,True,False,0.0,0.8333330154418945,True,False,False,False,0
ext_dorn_cuda_easy_00035,cuda,easy,True,True,False,0.0,-0.1785726547241211,False,True,True,True,0
ext_dorn_cuda_easy_00036,cuda,easy,True,False,False,1.0,0.059523582458496094,False,False,False,False,0
ext_dorn_cuda_easy_00037,cuda,easy,True,True,False,0.0,0.41666698455810547,True,False,True,False,0
ext_dorn_cuda_easy_00038,cuda,easy,True,True,True,1.0,-0.9523801803588867,False,True,False,False,0
ext_dorn_cuda_easy_00039,cuda,easy,True,True,True,1.0,0.5357141494750977,True,False,True,True,0
ext_dorn_cuda_easy_00040,cuda,easy,True,True,True,1.0,0.2976188659667969,True,False,False,False,0
ext_dorn_cuda_easy_00041,cuda,easy,True,True,False,0.0,1.7261896133422852,True,False,True,True,0
ext_dorn_cuda_easy_00042,cuda,easy,True,True,True,1.0,0.41666603088378906,True,False,False,False,0
ext_dorn_cuda_easy_00043,cuda,easy,True,True,False,0.0,0.23809528350830078,True,False,False,False,0
ext_dorn_cuda_easy_00044,cuda,easy,True,True,True,1.0,2.0238094329833984,True,False,True,True,0
ext_dorn_cuda_easy_00045,cuda,easy,True,True,False,0.0,1.1309518814086914,True,False,False,False,0
ext_dorn_cuda_easy_00046,cuda,easy,True,True,False,0.0,-1.607142448425293,False,True,False,False,0
ext_dorn_cuda_easy_00047,cuda,easy,True,False,False,,0.0,True,True,False,False,0
ext_dorn_cuda_easy_00048,cuda,easy,True,True,True,1.0,-0.2976188659667969,False,True,False,False,0
ext_dorn_cuda_easy_00049,cuda,easy,True,False,False,1.0,0.3571434020996094,False,False,True,True,0
ext_dorn_cuda_easy_00050,cuda,easy,True,True,True,1.0,0.892857551574707,True,False,True,True,0
ext_dorn_cuda_easy_00051,cuda,easy,True,True,True,1.0,-0.9523820877075195,False,True,True,True,0
ext_dorn_cuda_easy_00052,cuda,easy,True,True,True,1.0,0.1785717010498047,True,False,True,False,0
ext_dorn_cuda_easy_00053,cuda,easy,True,True,False,0.0,-0.41666698455810547,False,True,True,True,0
ext_dorn_cuda_easy_00054,cuda,easy,True,True,True,1.0,-0.8333330154418945,False,True,True,True,0
ext_dorn_cuda_easy_00055,cuda,easy,True,True,True,1.0,-0.5357141494750977,False,True,False,False,0
ext_dorn_cuda_easy_00056,cuda,easy,True,False,False,1.0,0.2976198196411133,False,False,True,True,0
ext_dorn_cuda_easy_00057,cuda,easy,True,True,True,1.0,1.3690481185913086,True,False,True,True,0
ext_dorn_cuda_easy_00058,cuda,easy,True,True,False,0.0,-0.8928585052490234,False,True,True,True,0
ext_dorn_cuda_easy_00059,cuda,easy,True,False,False,1.0,0.1785717010498047,True,True,True,True,0
ext_dorn_cuda_easy_00060,cuda,easy,True,True,True,1.0,-0.9523801803588867,False,True,True,True,0
ext_dorn_cuda_easy_00061,cuda,easy,True,True,False,0.0,1.1309528350830078,True,False,False,False,0
ext_dorn_cuda_easy_00062,cuda,easy,True,True,True,1.0,0.6547613143920898,True,False,True,True,0
ext_dorn_cuda_easy_00063,cuda,easy,True,True,True,1.0,0.9523801803588867,True,False,True,True,0
ext_dorn_cuda_easy_00064,cuda,easy,True,False,False,0.0,0.059523582458496094,False,False,False,False,0
ext_dorn_cuda_easy_00065,cuda,easy,True,True,False,0.0,-0.6547613143920898,False,True,True,False,0
ext_dorn_cuda_easy_00066,cuda,easy,True,False,False,0.0,-0.11904716491699219,True,True,True,True,0
ext_dorn_cuda_easy_00067,cuda,easy,True,True,False,0.0,0.23809432983398438,True,False,False,False,0
ext_dorn_cuda_easy_00068,cuda,easy,True,True,False,0.0,-0.6547622680664062,False,True,True,False,0
ext_dorn_cuda_easy_00069,cuda,easy,True,False,False,0.0,-0.11904716491699219,False,False,False,False,0
ext_dorn_cuda_easy_00070,cuda,easy,True,True,True,1.0,0.35714244842529297,True,False,True,True,0
ext_dorn_cuda_easy_00071,cuda,easy,True,False,False,1.0,0.23809432983398438,False,False,True,True,0
ext_dorn_cuda_easy_00072,cuda,easy,True,True,False,0.0,1.7261905670166016,True,False,False,False,0
ext_dorn_cuda_easy_00073,cuda,easy,True,True,True,1.0,0.2976188659667969,True,False,True,True,0
ext_dorn_cuda_easy_00074,cuda,easy,True,True,True,1.0,0.1785717010498047,True,False,False,False,0
ext_dorn_cuda_easy_00075,cuda,easy,True,False,False,1.0,0.1785717010498047,True,True,True,True,0
ext_dorn_cuda_easy_00076,cuda,easy,True,True,True,1.0,-1.4880952835083008,False,True,True,True,0
ext_dorn_cuda_easy_00077,cuda,easy,True,True,False,0.0,-1.25,False,True,False,False,0
ext_dorn_cuda_easy_00078,cuda,easy,True,True,False,0.0,-1.0714282989501953,False,True,True,True,0
ext_dorn_cuda_easy_00079,cuda,easy,True,True,True,1.0,-0.7142858505249023,False,True,True,True,0
ext_dorn_cuda_easy_00080,cuda,easy,True,True,False,0.0,-0.8333320617675781,False,True,True,False,0
ext_dorn_cuda_easy_00081,cuda,easy,True,True,False,0.0,1.0714282989501953,True,False,True,True,0
ext_dorn_cuda_easy_00082,cuda,easy,True,True,False,0.0,-0.2976198196411133,False,True,True,True,0
ext_dorn_cuda_easy_00083,cuda,easy,True,True,True,1.0,0.47619152069091797,True,False,True,True,0
ext_dorn_cuda_easy_00084,cuda,easy,True,True,True,1.0,-1.6666669845581055,False,True,True,True,0
ext_dorn_cuda_easy_00085,cuda,easy,True,True,True,1.0,0.6547622680664062,True,False,False,False,0
ext_dorn_cuda_easy_00086,cuda,easy,True,True,True,1.0,-0.9523811340332031,False,True,True,True,0
ext_dorn_cuda_easy_00087,cuda,easy,True,True,True,1.0,0.7142868041992188,True,False,True,True,0
ext_dorn_cuda_easy_00088,cuda,easy,True,True,True,1.0,1.4880962371826172,True,False,True,True,0
ext_dorn_cuda_easy_00089,cuda,easy,True,True,True,1.0,-2.321427345275879,False,True,True,True,0
ext_dorn_cuda_easy_00090,cuda,easy,True,False,False,1.0,-0.1785717010498047,True,True,False,False,0
ext_dorn_cuda_easy_00091,cuda,easy,True,False,False,1.0,0.059525489807128906,False,False,True,True,0
ext_dorn_cuda_easy_00092,cuda,easy,True,False,False,0.0,0.17857074737548828,True,True,True,False,0
ext_dorn_cuda_easy_00093,cuda,easy,True,True,False,0.0,1.3095245361328125,True,False,True,False,0
ext_dorn_cuda_easy_00094,cuda,easy,True,True,False,0.0,-1.25,False,True,True,True,0
ext_dorn_cuda_easy_00095,cuda,easy,True,True,False,0.0,0.7738094329833984,True,False,False,False,0
ext_dorn_cuda_easy_00096,cuda,easy,True,True,True,1.0,0.1785717010498047,True,False,True,True,0
ext_dorn_cuda_easy_00097,cuda,easy,True,True,True,1.0,0.2976188659667969,True,False,True,False,0
ext_dorn_cuda_easy_00098,cuda,easy,True,False,False,0.0,0.5357141494750977,False,False,False,False,0
ext_dorn_cuda_easy_00099,cuda,easy,True,True,True,1.0,-0.1785717010498047,False,True,True,True,0
ext_dorn_cuda_easy_00100,cuda,easy,True,False,False,1.0,0.059523582458496094,True,True,True,True,0
ext_dorn_cuda_easy_00101,cuda,easy,True,True,True,1.0,-0.7738103866577148,False,True,True,False,0
ext_dorn_cuda_easy_00102,cuda,easy,True,False,False,1.0,-0.1190481185913086,False,False,True,True,0
ext_dorn_cuda_easy_00103,cuda,easy,True,True,True,1.0,-0.7142858505249023,False,True,True,True,0
ext_dorn_cuda_easy_00104,cuda,easy,True,True,True,1.0,-1.4285717010498047,False,True,True,True,0
ext_dorn_cuda_easy_00105,cuda,easy,True,True,True,1.0,1.7857141494750977,True,False,True,True,0
ext_dorn_cuda_easy_00106,cuda,easy,True,True,True,1.0,-0.892857551574707,False,True,True,True,0
ext_dorn_cuda_easy_00107,cuda,easy,True,True,False,0.0,-0.17857074737548828,False,True,False,False,0
ext_dorn_cuda_easy_00108,cuda,easy,True,True,False,0.0,0.9523811340332031,True,False,False,False,0
ext_dorn_cuda_easy_00109,cuda,easy,True,True,True,1.0,-1.3690471649169922,False,True,True,True,0
ext_dorn_cuda_easy_00110,cuda,easy,True,True,True,1.0,-1.9047613143920898,False,True,True,True,0
ext_dorn_cuda_easy_00111,cuda,easy,True,True,True,1.0,-0.9523811340332031,False,True,True,True,0
ext_dorn_cuda_easy_00112,cuda,easy,True,True,True,1.0,-1.190476417541504,False,True,True,True,0
ext_dorn_cuda_easy_00113,cuda,easy,True,True,False,0.0,-0.23809432983398438,False,True,False,False,0
ext_dorn_cuda_easy_00114,cuda,easy,True,True,False,0.0,-1.7261905670166016,False,True,True,False,0
ext_dorn_cuda_easy_00115,cuda,easy,True,True,True,1.0,-1.9047622680664062,False,True,True,True,0
ext_dorn_cuda_easy_00116,cuda,easy,True,True,True,1.0,1.8452386856079102,True,False,True,True,0
ext_dorn_cuda_easy_00117,cuda,easy,True,True,False,0.0,-0.47618961334228516,False,True,True,False,0
ext_dorn_cuda_easy_00118,cuda,easy,True,True,True,1.0,1.4880952835083008,True,False,True,True,0
ext_dorn_cuda_easy_00119,cuda,easy,True,True,True,1.0,0.35714244842529297,True,False,True,True,0
ext_dorn_cuda_easy_00120,cuda,easy,True,True,False,0.0,1.4880952835083008,True,False,True,False,0
ext_dorn_cuda_easy_00121,cuda,easy,True,True,True,1.0,0.8333330154418945,True,False,False,False,0
ext_dorn_cuda_easy_00122,cuda,easy,True,True,False,0.0,0.7738094329833984,True,False,True,False,0
ext_dorn_cuda_easy_00123,cuda,easy,True,True,False,0.0,0.892857551574707,True,False,False,False,0
ext_dorn_cuda_easy_00124,cuda,easy,True,True,True,1.0,-1.607142448425293,False,True,True,True,0
ext_dorn_cuda_easy_00125,cuda,easy,True,True,True,1.0,2.5,True,False,True,True,0
ext_dorn_cuda_easy_00126,cuda,easy,True,True,True,1.0,2.261904716491699,True,False,True,True,0
ext_dorn_cuda_easy_00127,cuda,easy,True,True,True,1.0,0.8333339691162109,True,False,False,False,0
ext_dorn_cuda_easy_00128,cuda,easy,True,True,False,0.0,-0.8928565979003906,False,True,True,True,0
ext_dorn_cuda_easy_00129,cuda,easy,True,True,True,1.0,-2.0238094329833984,False,True,True,True,0
ext_dorn_cuda_easy_00130,cuda,easy,True,True,False,0.0,-0.892857551574707,False,True,False,False,0
ext_dorn_cuda_easy_00131,cuda,easy,True,True,False,0.0,0.5357141494750977,True,False,True,True,0
ext_dorn_cuda_easy_00132,cuda,easy,True,True,False,0.0,0.35714244842529297,True,False,True,True,0
ext_dorn_cuda_easy_00133,cuda,easy,True,False,False,0.0,-0.2976198196411133,True,True,True,True,0
ext_dorn_cuda_easy_00134,cuda,easy,True,True,False,0.0,0.23809528350830078,True,False,True,True,0
ext_dorn_cuda_easy_00135,cuda,easy,True,True,True,1.0,-0.2976188659667969,False,True,True,True,0
ext_dorn_cuda_easy_00136,cuda,easy,True,True,True,1.0,-0.41666698455810547,False,True,True,True,0
ext_dorn_cuda_easy_00137,cuda,easy,True,True,True,1.0,1.7261905670166016,True,False,True,True,0
ext_dorn_cuda_easy_00138,cuda,easy,True,True,True,1.0,0.47619152069091797,True,False,True,True,0
ext_dorn_cuda_easy_00139,cuda,easy,True,False,False,1.0,0.1190481185913086,False,False,False,False,0
ext_dorn_cuda_easy_00140,cuda,easy,True,False,False,1.0,-0.17857074737548828,True,True,True,True,0
ext_dorn_cuda_easy_00141,cuda,easy,True,False,False,1.0,-0.1190481185913086,False,False,True,True,0
ext_dorn_cuda_easy_00142,cuda,easy,True,False,False,1.0,-0.0595245361328125,False,False,True,True,0
ext_dorn_cuda_easy_00143,cuda,easy,True,True,True,1.0,-1.3690481185913086,False,True,True,True,0
ext_dorn_cuda_easy_00144,cuda,easy,True,True,True,1.0,-0.2380962371826172,False,True,True,True,0
ext_dorn_cuda_easy_00145,cuda,easy,True,True,True,1.0,-0.9523811340332031,False,True,True,True,0
ext_dorn_cuda_easy_00146,cuda,easy,True,True,True,1.0,1.0119047164916992,True,False,True,True,0
ext_dorn_cuda_easy_00147,cuda,easy,True,True,False,0.0,-0.1785717010498047,False,True,True,True,0
ext_dorn_cuda_easy_00148,cuda,easy,True,True,True,1.0,-0.5357151031494141,False,True,False,False,0
ext_dorn_cuda_easy_00149,cuda,easy,True,True,True,1.0,-0.8333339691162109,False,True,True,True,0
ext_dorn_cuda_easy_00150,cuda,easy,True,True,False,0.0,0.6547622680664062,True,False,True,False,0
ext_dorn_cuda_easy_00151,cuda,easy,True,True,True,1.0,-0.892857551574707,False,True,True,True,0
ext_dorn_cuda_easy_00152,cuda,easy,True,True,False,0.0,-1.1309518814086914,False,True,False,False,0
ext_dorn_cuda_easy_00153,cuda,easy,True,True,False,0.0,0.8928565979003906,True,False,False,False,0
ext_dorn_cuda_easy_00154,cuda,easy,True,True,False,0.0,1.6666669845581055,True,False,True,False,0
ext_dorn_cuda_easy_00155,cuda,easy,True,True,False,0.0,2.2023820877075195,True,False,True,False,0
ext_dorn_cuda_easy_00156,cuda,easy,True,True,False,0.0,1.190476417541504,True,False,False,False,0
ext_dorn_cuda_easy_00157,cuda,easy,True,True,True,1.0,0.41666698455810547,True,False,True,True,0
ext_dorn_cuda_easy_00158,cuda,easy,True,True,True,1.0,0.9523811340332031,True,False,True,True,0
ext_dorn_cuda_easy_00159,cuda,easy,True,True,True,1.0,1.607142448425293,True,False,True,True,0
ext_dorn_cuda_easy_00160,cuda,easy,True,True,True,1.0,0.47619056701660156,True,False,True,True,0
ext_dorn_cuda_easy_00161,cuda,easy,True,True,True,1.0,0.2976198196411133,True,False,True,True,0
ext_dorn_cuda_easy_00162,cuda,easy,True,False,False,1.0,-0.059523582458496094,False,False,False,False,0
ext_dorn_cuda_easy_00163,cuda,easy,True,True,True,1.0,1.4285717010498047,True,False,True,True,0
ext_dorn_cuda_easy_00164,cuda,easy,True,True,False,0.0,-0.6547613143920898,False,True,False,False,0
ext_dorn_cuda_easy_00165,cuda,easy,True,True,False,0.0,-1.4880952835083008,False,True,True,False,0
ext_dorn_cuda_easy_00166,cuda,easy,True,True,False,0.0,-1.0714282989501953,False,True,True,False,0
ext_dorn_cuda_easy_00167,cuda,easy,True,False,False,1.0,-0.059523582458496094,True,True,False,False,0
ext_dorn_cuda_easy_00168,cuda,easy,True,True,True,1.0,-1.6666669845581055,False,True,True,True,0
ext_dorn_cuda_easy_00169,cuda,easy,True,True,False,0.0,0.7738103866577148,True,False,False,False,0
ext_dorn_cuda_easy_00170,cuda,easy,True,True,True,1.0,-2.738095283508301,False,True,True,True,0
ext_dorn_cuda_easy_00171,cuda,easy,True,True,True,1.0,-0.8333330154418945,False,True,True,True,0
ext_dorn_cuda_easy_00172,cuda,easy,True,True,True,1.0,-0.2976188659667969,False,True,True,True,0
ext_dorn_cuda_easy_00173,cuda,easy,True,True,True,1.0,-1.4285707473754883,False,True,True,True,0
ext_dorn_cuda_easy_00174,cuda,easy,True,True,True,1.0,-0.5357151031494141,False,True,True,True,0
ext_dorn_cuda_easy_00175,cuda,easy,True,True,True,1.0,-0.7738094329833984,False,True,True,True,0
ext_dorn_cuda_easy_00176,cuda,easy,True,True,True,1.0,0.47618961334228516,True,False,True,True,0
ext_dorn_cuda_easy_00177,cuda,easy,True,True,True,1.0,-0.41666698455810547,False,True,True,True,0
ext_dorn_cuda_easy_00178,cuda,easy,True,False,False,1.0,-0.11904716491699219,False,False,True,True,0
ext_dorn_cuda_easy_00179,cuda,easy,True,True,True,1.0,-0.23809432983398438,False,True,True,True,0
ext_dorn_cuda_easy_00180,cuda,easy,True,True,True,1.0,0.5952377319335938,True,False,True,True,0
ext_dorn_cuda_easy_00181,cuda,easy,True,True,False,0.0,1.190476417541504,True,False,True,False,0
ext_dorn_cuda_easy_00182,cuda,easy,True,True,False,0.0,-0.35714244842529297,False,True,False,False,0
ext_dorn_cuda_easy_00183,cuda,easy,True,False,False,1.0,0.23809432983398438,True,True,True,True,0
ext_dorn_cuda_easy_00184,cuda,easy,True,True,False,0.0,-0.9523811340332031,False,True,False,False,0
ext_dorn_cuda_easy_00185,cuda,easy,True,True,True,1.0,-0.773808479309082,False,True,True,True,0
ext_dorn_cuda_easy_00186,cuda,easy,True,True,True,1.0,0.7142858505249023,True,False,True,True,0
ext_dorn_cuda_easy_00187,cuda,easy,True,True,False,0.0,0.8333330154418945,True,False,True,False,0
ext_dorn_cuda_easy_00188,cuda,easy,True,True,False,0.0,-0.5357141494750977,False,True,False,False,0
ext_dorn_cuda_easy_00189,cuda,easy,True,False,False,0.0,-9.5367431640625e-07,True,True,False,False,0
ext_dorn_cuda_easy_00190,cuda,easy,True,True,False,0.0,-0.47619056701660156,False,True,True,False,0
ext_dorn_cuda_easy_00191,cuda,easy,True,False,False,1.0,-0.2380962371826172,False,False,True,True,0
ext_dorn_cuda_easy_00192,cuda,easy,True,True,False,0.0,1.607142448425293,True,False,False,False,0
ext_dorn_cuda_easy_00193,cuda,easy,True,True,True,1.0,-1.7857141494750977,False,True,True,True,0
ext_dorn_cuda_easy_00194,cuda,easy,True,True,True,1.0,-2.738095283508301,False,True,True,True,0
ext_dorn_cuda_easy_00195,cuda,easy,True,True,True,1.0,0.5952386856079102,True,False,False,False,0
ext_dorn_cuda_easy_00196,cuda,easy,True,True,False,0.0,0.059523582458496094,True,False,True,True,0
ext_dorn_cuda_easy_00197,cuda,easy,True,True,False,0.0,0.5357151031494141,True,False,True,False,0
ext_dorn_cuda_easy_00198,cuda,easy,True,True,True,1.0,-0.7142858505249023,False,True,True,True,0
ext_dorn_cuda_easy_00199,cuda,easy,True,False,False,1.0,0.35714244842529297,True,True,True,True,0
ext_dorn_cuda_easy_00200,cuda,easy,True,True,False,0.0,-0.47618961334228516,False,True,True,True,0
ext_dorn_cuda_easy_00201,cuda,easy,True,True,True,1.0,0.23809432983398438,True,False,True,True,0
ext_dorn_cuda_easy_00202,cuda,easy,True,True,False,0.0,0.7738094329833984,True,False,True,True,0
ext_dorn_cuda_easy_00203,cuda,easy,True,True,True,1.0,1.3690471649169922,True,False,True,True,0
ext_dorn_cuda_easy_00204,cuda,easy,True,False,False,1.0,0.41666698455810547,False,False,True,True,0
ext_dorn_cuda_easy_00205,cuda,easy,True,True,True,1.0,0.7738094329833984,True,False,False,False,0
ext_dorn_cuda_easy_00206,cuda,easy,True,True,False,0.0,0.8333330154418945,True,False,False,False,0
ext_dorn_cuda_easy_00207,cuda,easy,True,True,True,1.0,-1.8452377319335938,False,True,True,True,0
ext_dorn_cuda_easy_00208,cuda,easy,True,True,True,1.0,0.47619056701660156,True,False,True,True,0
ext_dorn_cuda_easy_00209,cuda,easy,True,True,False,0.0,1.1309518814086914,True,False,True,False,0
ext_dorn_cuda_easy_00210,cuda,easy,True,True,True,1.0,0.6547622680664062,True,False,True,True,0
ext_dorn_cuda_easy_00211,cuda,easy,True,True,True,1.0,-1.7857131958007812,False,True,True,True,0
ext_dorn_cuda_easy_00212,cuda,easy,True,True,True,1.0,0.7142848968505859,True,False,True,True,0
ext_dorn_cuda_easy_00213,cuda,easy,True,True,False,0.0,0.6547622680664062,True,False,True,True,0
ext_dorn_cuda_easy_00214,cuda,easy,True,False,False,1.0,0.11904621124267578,False,False,True,True,0
ext_dorn_cuda_easy_00215,cuda,easy,True,True,True,1.0,-1.607142448425293,False,True,True,True,0
ext_dorn_cuda_easy_00216,cuda,easy,True,True,True,1.0,-2.619047164916992,False,True,True,True,0
ext_dorn_cuda_easy_00217,cuda,easy,True,True,False,0.0,0.3571434020996094,True,False,True,True,0
ext_dorn_cuda_easy_00218,cuda,easy,True,True,True,1.0,2.6785707473754883,True,False,True,True,0
ext_dorn_cuda_easy_00219,cuda,easy,True,True,False,0.0,0.1190481185913086,True,False,True,True,0
ext_dorn_cuda_easy_00220,cuda,easy,True,True,False,0.0,-1.4285717010498047,False,True,True,False,0
ext_dorn_cuda_easy_00221,cuda,easy,True,True,True,1.0,0.5357141494750977,True,False,True,True,0
ext_dorn_cuda_easy_00222,cuda,easy,True,True,False,0.0,0.5357141494750977,True,False,False,False,0
ext_dorn_cuda_easy_00223,cuda,easy,True,True,True,1.0,-0.5952377319335938,False,True,True,True,0
ext_dorn_cuda_easy_00224,cuda,easy,True,True,True,1.0,1.3095226287841797,True,False,True,True,0
ext_dorn_cuda_easy_00225,cuda,easy,True,True,False,0.0,-0.5952386856079102,False,True,False,False,0
ext_dorn_cuda_easy_00226,cuda,easy,True,True,False,0.0,-0.892857551574707,False,True,True,False,0
ext_dorn_cuda_easy_00227,cuda,easy,True,True,True,1.0,-0.7738094329833984,False,True,True,True,0
ext_dorn_cuda_easy_00228,cuda,easy,True,True,False,0.0,0.2976188659667969,True,False,True,True,0
ext_dorn_cuda_easy_00229,cuda,easy,True,False,False,1.0,0.2976188659667969,False,False,True,True,0
ext_dorn_cuda_easy_00230,cuda,easy,True,True,False,0.0,0.5357151031494141,True,False,True,True,0
ext_dorn_cuda_easy_00231,cuda,easy,True,True,True,1.0,0.9523811340332031,True,False,True,True,0
ext_dorn_cuda_easy_00232,cuda,easy,True,True,False,0.0,0.5952377319335938,True,False,True,False,0
ext_dorn_cuda_easy_00233,cuda,easy,True,False,False,1.0,-0.0595245361328125,False,False,True,True,0
ext_dorn_cuda_easy_00234,cuda,easy,True,True,False,0.0,-0.6547622680664062,False,True,True,True,0
ext_dorn_cuda_easy_00235,cuda,easy,True,True,True,1.0,1.7857141494750977,True,False,True,True,0
ext_dorn_cuda_easy_00236,cuda,easy,True,False,False,0.0,9.5367431640625e-07,True,True,True,True,0
ext_dorn_cuda_easy_00237,cuda,easy,True,False,False,0.0,-0.23809528350830078,False,False,True,True,0
ext_dorn_cuda_easy_00238,cuda,easy,True,True,True,1.0,0.47619152069091797,True,False,True,True,0
ext_dorn_cuda_easy_00239,cuda,easy,True,True,True,1.0,-0.35714244842529297,False,True,True,True,0
ext_dorn_cuda_easy_00240,cuda,easy,True,True,False,0.0,1.0119047164916992,True,False,False,False,0
ext_dorn_cuda_easy_00241,cuda,easy,True,True,True,1.0,0.5952377319335938,True,False,True,True,0
ext_dorn_cuda_easy_00242,cuda,easy,True,False,False,0.0,0.0595245361328125,False,False,True,True,0
ext_dorn_cuda_easy_00243,cuda,easy,True,True,False,0.0,0.9523811340332031,True,False,True,False,0
ext_dorn_cuda_easy_00244,cuda,easy,True,False,False,1.0,0.0595245361328125,False,False,True,False,0
ext_dorn_cuda_easy_00245,cuda,easy,True,True,False,0.0,-0.0595245361328125,False,True,True,False,0
ext_dorn_cuda_easy_00246,cuda,easy,True,False,False,,0.0,False,False,False,False,0
ext_dorn_cuda_easy_00247,cuda,easy,True,True,True,1.0,-1.1309528350830078,False,True,True,True,0
ext_dorn_cuda_easy_00248,cuda,easy,True,True,True,1.0,-2.7976198196411133,False,True,True,True,0
ext_dorn_cuda_easy_00249,cuda,easy,True,True,False,0.0,-0.5952377319335938,False,True,True,True,0
ext_dorn_cuda_easy_00250,cuda,easy,True,True,False,0.0,-1.0119056701660156,False,True,False,False,0
ext_dorn_cuda_easy_00251,cuda,easy,True,True,True,1.0,-2.083333969116211,False,True,False,False,0
ext_dorn_cuda_easy_00252,cuda,easy,True,True,True,1.0,1.1904754638671875,True,False,True,True,0
ext_dorn_cuda_easy_00253,cuda,easy,True,True,True,1.0,-2.0238094329833984,False,True,True,True,0
ext_dorn_cuda_easy_00254,cuda,easy,True,True,True,1.0,0.6547613143920898,True,False,True,True,0
ext_dorn_cuda_easy_00255,cuda,easy,True,False,False,0.0,-0.059523582458496094,True,True,True,True,0
ext_dorn_cuda_easy_00256,cuda,easy,True,True,True,1.0,1.4880952835083008,True,False,True,True,0
ext_dorn_cuda_easy_00257,cuda,easy,True,True,True,1.0,-1.5476188659667969,False,True,True,True,0
ext_dorn_cuda_easy_00258,cuda,easy,True,True,False,0.0,1.8452386856079102,True,False,True,False,0
ext_dorn_cuda_easy_00259,cuda,easy,True,True,True,1.0,1.1309518814086914,True,False,True,True,0
ext_dorn_cuda_easy_00260,cuda,easy,True,True,True,1.0,0.8333330154418945,True,False,True,True,0
ext_dorn_cuda_easy_00261,cuda,easy,True,True,True,1.0,0.892857551574707,True,False,False,False,0
ext_dorn_cuda_easy_00262,cuda,easy,True,False,False,0.0,-0.059523582458496094,True,True,True,True,0
ext_dorn_cuda_easy_00263,cuda,easy,True,True,True,1.0,0.8333330154418945,True,False,True,True,0
ext_dorn_cuda_easy_00264,cuda,easy,True,True,False,0.0,-0.5357141494750977,False,True,False,False,0
ext_dorn_cuda_easy_00265,cuda,easy,True,True,True,1.0,0.41666603088378906,True,False,True,False,0
ext_dorn_cuda_easy_00266,cuda,easy,True,False,False,1.0,0.41666698455810547,False,False,True,True,0
ext_dorn_cuda_easy_00267,cuda,easy,True,False,False,1.0,0.059523582458496094,False,False,False,False,0
ext_dorn_cuda_easy_00268,cuda,easy,True,False,False,1.0,-0.3571434020996094,False,False,True,True,0
ext_dorn_cuda_easy_00269,cuda,easy,True,False,False,0.0,0.17857074737548828,True,True,True,False,0
ext_dorn_cuda_easy_00270,cuda,easy,True,False,False,1.0,-0.059523582458496094,False,False,True,True,0
ext_dorn_cuda_easy_00271,cuda,easy,True,True,True,1.0,-0.41666603088378906,False,True,False,False,0
ext_dorn_cuda_easy_00272,cuda,easy,True,False,False,0.0,-0.059523582458496094,False,False,True,True,0
ext_dorn_cuda_easy_00273,cuda,easy,True,True,False,0.0,-0.6547622680664062,False,True,False,False,0
ext_dorn_cuda_easy_00274,cuda,easy,True,True,True,1.0,-0.892857551574707,False,True,False,False,0
ext_dorn_cuda_easy_00275,cuda,easy,True,False,False,1.0,0.05952262878417969,False,False,True,True,0
ext_dorn_cuda_easy_00276,cuda,easy,True,False,False,0.0,-0.1785717010498047,False,False,False,False,0
ext_dorn_cuda_easy_00277,cuda,easy,True,False,False,1.0,0.1785717010498047,False,False,True,True,0
ext_dorn_cuda_easy_00278,cuda,easy,True,True,True,1.0,1.4285707473754883,True,False,True,True,0
ext_dorn_cuda_easy_00279,cuda,easy,True,True,False,0.0,-2.2619056701660156,False,True,False,False,0
ext_dorn_cuda_easy_00280,cuda,easy,True,True,True,1.0,-1.190476417541504,False,True,True,True,0
ext_dorn_cuda_easy_00281,cuda,easy,True,False,False,1.0,-0.059523582458496094,True,True,True,True,0
ext_dorn_cuda_easy_00282,cuda,easy,True,True,True,1.0,0.41666698455810547,True,False,False,False,0
ext_dorn_cuda_easy_00283,cuda,easy,True,True,True,1.0,0.2976188659667969,True,False,False,False,0
ext_dorn_cuda_easy_00284,cuda,easy,True,True,True,1.0,0.41666603088378906,True,False,True,True,0
ext_dorn_cuda_easy_00285,cuda,easy,True,True,False,0.0,-0.41666698455810547,False,True,False,False,0
ext_dorn_cuda_easy_00286,cuda,easy,True,True,False,0.0,1.25,True,False,False,False,0
ext_dorn_cuda_easy_00287,cuda,easy,True,True,True,1.0,-1.6666669845581055,False,True,True,True,0
ext_dorn_cuda_easy_00288,cuda,easy,True,True,True,1.0,0.6547622680664062,True,False,True,True,0
ext_dorn_cuda_easy_00289,cuda,easy,True,True,True,1.0,0.5357141494750977,True,False,True,True,0
ext_dorn_cuda_easy_00290,cuda,easy,True,True,False,0.0,-0.2976188659667969,False,True,True,True,0
ext_dorn_cuda_easy_00291,cuda,easy,True,True,True,1.0,-0.5952377319335938,False,True,True,True,0
ext_dorn_cuda_easy_00292,cuda,easy,True,True,True,1.0,1.2499990463256836,True,False,True,True,0
ext_dorn_cuda_easy_00293,cuda,easy,True,False,False,1.0,0.059523582458496094,True,True,False,False,0
ext_dorn_cuda_easy_00294,cuda,easy,True,True,True,1.0,1.1309518814086914,True,False,True,True,0
ext_dorn_cuda_easy_00295,cuda,easy,True,True,True,1.0,0.41666698455810547,True,False,True,True,0
ext_dorn_cuda_easy_00296,cuda,easy,True,True,True,1.0,-0.17857074737548828,False,True,True,True,0
ext_dorn_cuda_easy_00297,cuda,easy,True,True,True,1.0,-0.3571434020996094,False,True,True,True,0
ext_dorn_cuda_easy_00298,cuda,easy,True,True,True,1.0,-1.0119047164916992,False,True,True,True,0
ext_dorn_cuda_easy_00299,cuda,easy,True,True,False,0.0,0.892857551574707,True,False,False,False,0
ext_dorn_cuda_easy_00300,cuda,easy,True,False,False,,0.0,True,True,False,False,0
ext_dorn_cuda_easy_00301,cuda,easy,True,False,False,0.0,-0.1190481185913086,True,True,True,True,0
ext_dorn_cuda_easy_00302,cuda,easy,True,True,True,1.0,2.3214282989501953,True,False,True,True,0
ext_dorn_cuda_easy_00303,cuda,easy,True,True,True,1.0,-1.1309528350830078,False,True,True,True,0
ext_dorn_cuda_easy_00304,cuda,easy,True,True,True,1.0,-0.773808479309082,False,True,True,True,0
ext_dorn_cuda_easy_00305,cuda,easy,True,True,True,1.0,0.3571434020996094,True,False,True,True,0
ext_dorn_cuda_easy_00306,cuda,easy,True,True,False,0.0,1.3690471649169922,True,False,False,False,0
ext_dorn_cuda_easy_00307,cuda,easy,True,True,True,1.0,1.4285707473754883,True,False,True,True,0
ext_dorn_cuda_easy_00308,cuda,easy,True,True,False,0.0,1.5476188659667969,True,False,True,False,0
ext_dorn_cuda_easy_00309,cuda,easy,True,True,True,1.0,-1.5476198196411133,False,True,True,True,0
ext_dorn_cuda_easy_00310,cuda,easy,True,True,True,1.0,-0.892857551574707,False,True,False,False,0
ext_dorn_cuda_easy_00311,cuda,easy,True,True,True,1.0,0.892857551574707,True,False,True,True,0
ext_dorn_cuda_easy_00312,cuda,easy,True,True,True,1.0,2.9166669845581055,True,False,True,True,0
ext_dorn_cuda_easy_00313,cuda,easy,True,True,True,1.0,-0.7142858505249023,False,True,True,True,0
ext_dorn_cuda_easy_00314,cuda,easy,True,False,False,0.0,-0.11904716491699219,False,False,True,True,0
ext_dorn_cuda_easy_00315,cuda,easy,True,True,True,1.0,0.35714244842529297,True,False,True,True,0
ext_dorn_cuda_easy_00316,cuda,easy,True,True,True,1.0,0.5357151031494141,True,False,False,False,0
ext_dorn_cuda_easy_00317,cuda,easy,True,True,False,0.0,-0.3571434020996094,False,True,True,False,0
ext_dorn_cuda_easy_00318,cuda,easy,True,True,False,0.0,0.5357131958007812,True,False,False,False,0
ext_dorn_cuda_easy_00319,cuda,easy,True,True,False,0.0,0.9523811340332031,True,False,False,False,0
ext_dorn_cuda_easy_00320,cuda,easy,True,False,False,0.0,0.11904716491699219,False,False,True,True,0
ext_dorn_cuda_easy_00321,cuda,easy,True,True,True,1.0,0.2976188659667969,True,False,False,False,0
ext_dorn_cuda_easy_00322,cuda,easy,True,True,True,1.0,1.6071434020996094,True,False,True,True,0
ext_dorn_cuda_easy_00323,cuda,easy,True,True,True,1.0,-0.5357131958007812,False,True,True,True,0
ext_dorn_cuda_easy_00324,cuda,easy,True,True,True,1.0,-1.0714282989501953,False,True,True,True,0
ext_dorn_cuda_easy_00325,cuda,easy,True,True,False,0.0,1.25,True,False,False,False,0
ext_dorn_cuda_easy_00326,cuda,easy,True,True,True,1.0,-0.1785717010498047,False,True,False,False,0
ext_dorn_cuda_easy_00327,cuda,easy,True,False,False,0.0,0.2976188659667969,True,True,False,False,0
ext_dorn_cuda_easy_00328,cuda,easy,True,True,True,1.0,0.5952386856079102,True,False,True,True,0
ext_dorn_cuda_easy_00329,cuda,easy,True,True,True,1.0,1.0714282989501953,True,False,True,True,0
ext_dorn_cuda_easy_00330,cuda,easy,True,False,False,0.0,0.1785717010498047,False,False,True,True,0
ext_dorn_cuda_easy_00331,cuda,easy,True,True,True,1.0,-1.1904754638671875,False,True,True,True,0
ext_dorn_cuda_easy_00332,cuda,easy,True,True,True,1.0,-1.607142448425293,False,True,True,True,0
ext_dorn_cuda_easy_00333,cuda,easy,True,True,False,0.0,-0.8333339691162109,False,True,False,False,0
ext_dorn_cuda_easy_00334,cuda,easy,True,True,False,0.0,0.892857551574707,True,False,True,False,0
ext_dorn_cuda_easy_00335,cuda,easy,True,True,True,1.0,-1.4285707473754883,False,True,True,True,0
ext_dorn_cuda_easy_00336,cuda,easy,True,True,True,1.0,0.47619056701660156,True,False,True,True,0
ext_dorn_cuda_easy_00337,cuda,easy,True,True,True,1.0,0.23809528350830078,True,False,True,True,0
ext_dorn_cuda_easy_00338,cuda,easy,True,True,True,1.0,-0.2380962371826172,False,True,False,False,0
ext_dorn_cuda_easy_00339,cuda,easy,True,False,False,1.0,0.11904716491699219,True,True,True,True,0
ext_dorn_cuda_easy_00340,cuda,easy,True,True,False,0.0,2.440476417541504,True,False,True,False,0
ext_dorn_cuda_easy_00341,cuda,easy,True,True,False,0.0,-0.5357141494750977,False,True,True,True,0
ext_dorn_cuda_easy_00342,cuda,easy,True,True,True,1.0,-0.7142858505249023,False,True,True,True,0
ext_dorn_cuda_easy_00343,cuda,easy,True,True,False,0.0,0.6547613143920898,True,False,False,False,0
ext_dorn_cuda_easy_00344,cuda,easy,True,True,False,0.0,0.9523811340332031,True,False,True,False,0
ext_dorn_cuda_easy_00345,cuda,easy,True,True,True,1.0,-0.7738094329833984,False,True,True,True,0
ext_dorn_cuda_easy_00346,cuda,easy,True,True,True,1.0,0.8333339691162109,True,False,True,False,0
ext_dorn_cuda_easy_00347,cuda,easy,True,True,True,1.0,0.8928565979003906,True,False,True,True,0
ext_dorn_cuda_easy_00348,cuda,easy,True,True,True,1.0,0.9523811340332031,True,False,True,True,0
ext_dorn_cuda_easy_00349,cuda,easy,True,True,False,0.0,0.6547632217407227,True,False,True,True,0
ext_dorn_cuda_easy_00350,cuda,easy,True,False,False,0.0,-0.11904716491699219,False,False,True,True,0
ext_dorn_cuda_easy_00351,cuda,easy,True,True,False,0.0,-0.23809528350830078,False,True,True,False,0
ext_dorn_cuda_easy_00352,cuda,easy,True,True,False,0.0,0.11904716491699219,True,False,False,False,0
ext_dorn_cuda_easy_00353,cuda,easy,True,True,False,0.0,0.35714244842529297,True,False,True,True,0
ext_dorn_cuda_easy_00354,cuda,easy,True,False,False,1.0,0.29761791229248047,True,True,True,True,0
ext_dorn_cuda_easy_00355,cuda,easy,True,True,True,1.0,0.8333330154418945,True,False,True,True,0
ext_dorn_cuda_easy_00356,cuda,easy,True,True,False,0.0,0.6547622680664062,True,False,True,False,0
ext_dorn_cuda_easy_00357,cuda,easy,True,False,False,,0.0,False,False,True,True,0
ext_dorn_cuda_easy_00358,cuda,easy,True,True,True,1.0,-2.0238094329833984,False,True,False,False,0
ext_dorn_cuda_easy_00359,cuda,easy,True,True,True,1.0,1.1309528350830078,True,False,True,True,0
ext_dorn_cuda_easy_00360,cuda,easy,True,True,False,0.0,-0.7738103866577148,False,True,False,False,0
ext_dorn_cuda_easy_00361,cuda,easy,True,True,True,1.0,0.5952386856079102,True,False,True,True,0
ext_dorn_cuda_easy_00362,cuda,easy,True,True,True,1.0,-0.6547613143920898,False,True,True,False,0
ext_dorn_cuda_easy_00363,cuda,easy,True,True,True,1.0,3.214284896850586,True,False,True,True,0
ext_dorn_cuda_easy_00364,cuda,easy,True,False,False,1.0,-0.0595245361328125,True,True,True,False,0
ext_dorn_cuda_easy_00365,cuda,easy,True,True,True,1.0,-1.9047622680664062,False,True,True,True,0
ext_dorn_cuda_easy_00366,cuda,easy,True,True,False,0.0,-0.5357141494750977,False,True,False,False,0
ext_dorn_cuda_easy_00367,cuda,easy,True,True,True,1.0,-0.9523811340332031,False,True,True,True,0
ext_dorn_cuda_easy_00368,cuda,easy,True,True,False,0.0,-0.41666603088378906,False,True,False,False,0
ext_dorn_cuda_easy_00369,cuda,easy,True,False,False,1.0,0.11904716491699219,True,True,True,True,0
ext_dorn_cuda_easy_00370,cuda,easy,True,False,False,0.0,0.0595245361328125,True,True,True,True,0
ext_dorn_cuda_easy_00371,cuda,easy,True,True,True,1.0,1.3690481185913086,True,False,True,True,0
ext_dorn_cuda_easy_00372,cuda,easy,True,True,True,1.0,0.41666603088378906,True,False,True,True,0
ext_dorn_cuda_easy_00373,cuda,easy,True,True,False,0.0,1.1309528350830078,True,False,False,False,0
ext_dorn_cuda_easy_00374,cuda,easy,True,True,False,0.0,-0.1190481185913086,False,True,False,False,0
ext_dorn_cuda_easy_00375,cuda,easy,True,True,True,1.0,-1.4880952835083008,False,True,True,True,0
ext_dorn_cuda_easy_00376,cuda,easy,True,True,True,1.0,-0.5952377319335938,False,True,True,True,0
ext_dorn_cuda_easy_00377,cuda,easy,True,True,True,1.0,0.5952377319335938,True,False,True,True,0
ext_dorn_cuda_easy_00378,cuda,easy,True,True,True,1.0,0.47619056701660156,True,False,True,True,0
ext_dorn_cuda_easy_00379,cuda,easy,True,True,False,0.0,1.3095245361328125,True,False,True,False,0
ext_dorn_cuda_easy_00380,cuda,easy,True,True,False,0.0,-0.6547622680664062,False,True,True,True,0
ext_dorn_cuda_easy_00381,cuda,easy,True,True,True,1.0,-0.6547613143920898,False,True,True,False,0
ext_dorn_cuda_easy_00382,cuda,easy,True,True,True,1.0,-2.142857551574707,False,True,True,True,0
ext_dorn_cuda_easy_00383,cuda,easy,True,True,True,1.0,-1.0714282989501953,False,True,True,True,0
ext_dorn_cuda_easy_00384,cuda,easy,True,True,True,1.0,-0.41666603088378906,False,True,True,True,0
ext_dorn_cuda_easy_00385,cuda,easy,True,True,True,1.0,-1.4880952835083008,False,True,True,True,0
ext_dorn_cuda_easy_00386,cuda,easy,True,True,True,1.0,-0.8333339691162109,False,True,True,True,0
ext_dorn_cuda_easy_00387,cuda,easy,True,True,True,1.0,-0.1785717010498047,False,True,True,True,0
ext_dorn_cuda_easy_00388,cuda,easy,True,True,False,0.0,-0.2976188659667969,False,True,False,False,0
ext_dorn_cuda_easy_00389,cuda,easy,True,True,False,0.0,0.1190481185913086,True,False,True,True,0
ext_dorn_cuda_easy_00390,cuda,easy,True,True,False,0.0,-0.3571434020996094,False,True,True,True,0
ext_dorn_cuda_easy_00391,cuda,easy,True,False,False,1.0,0.11904716491699219,True,True,True,True,0
ext_dorn_cuda_easy_00392,cuda,easy,True,True,True,1.0,-0.5952377319335938,False,True,False,False,0
ext_dorn_cuda_easy_00393,cuda,easy,True,True,True,1.0,0.41666698455810547,True,False,True,True,0
ext_dorn_cuda_easy_00394,cuda,easy,True,True,True,1.0,1.190476417541504,True,False,False,False,0
ext_dorn_cuda_easy_00395,cuda,easy,True,True,False,0.0,-0.5952386856079102,False,True,True,False,0
ext_dorn_cuda_easy_00396,cuda,easy,True,True,True,1.0,-1.6666669845581055,False,True,True,True,0
ext_dorn_cuda_easy_00397,cuda,easy,True,True,True,1.0,-0.8333330154418945,False,True,True,True,0
ext_dorn_cuda_easy_00398,cuda,easy,True,False,False,1.0,0.11904621124267578,False,False,True,False,0
ext_dorn_cuda_easy_00399,cuda,easy,True,True,True,1.0,-2.857142448425293,False,True,True,True,0
ext_dorn_cuda_easy_00400,cuda,easy,True,True,False,0.0,0.41666698455810547,True,False,False,False,0
ext_dorn_cuda_easy_00401,cuda,easy,True,True,True,1.0,-0.7738094329833984,False,True,True,False,0
ext_dorn_cuda_easy_00402,cuda,easy,True,True,True,1.0,-1.4285717010498047,False,True,True,True,0
ext_dorn_cuda_easy_00403,cuda,easy,True,True,False,0.0,1.1309528350830078,True,False,False,False,0
ext_dorn_cuda_easy_00404,cuda,easy,True,False,False,1.0,0.17857074737548828,False,False,False,False,0
ext_dorn_cuda_easy_00405,cuda,easy,True,True,True,1.0,-0.8333330154418945,False,True,True,True,0
ext_dorn_cuda_easy_00406,cuda,easy,True,True,True,1.0,-1.3690481185913086,False,True,True,True,0
ext_dorn_cuda_easy_00407,cuda,easy,True,True,True,1.0,1.7261905670166016,True,False,True,True,0
ext_dorn_cuda_easy_00408,cuda,easy,True,True,True,1.0,0.1190481185913086,True,False,True,False,0
ext_dorn_cuda_easy_00409,cuda,easy,True,True,True,1.0,-3.273810386657715,False,True,True,True,0
ext_dorn_cuda_easy_00410,cuda,easy,True,False,False,1.0,-0.41666603088378906,False,False,True,True,0
ext_dorn_cuda_easy_00411,cuda,easy,True,True,False,0.0,-0.41666603088378906,False,True,True,True,0
ext_dorn_cuda_easy_00412,cuda,easy,True,True,True,1.0,1.726191520690918,True,False,True,True,0
ext_dorn_cuda_easy_00413,cuda,easy,True,True,True,1.0,1.0119056701660156,True,False,True,True,0
ext_dorn_cuda_easy_00414,cuda,easy,True,True,True,1.0,-0.7738094329833984,False,True,True,True,0
ext_dorn_cuda_easy_00415,cuda,easy,True,True,False,0.0,0.5952377319335938,True,False,False,False,0
ext_dorn_cuda_easy_00416,cuda,easy,True,True,False,0.0,-0.5952377319335938,False,True,True,True,0
ext_dorn_cuda_easy_00417,cuda,easy,True,False,False,,0.0,False,False,True,False,0
ext_dorn_cuda_easy_00418,cuda,easy,True,True,True,1.0,-0.35714244842529297,False,True,False,False,0
ext_dorn_cuda_easy_00419,cuda,easy,True,True,True,1.0,-0.6547613143920898,False,True,False,False,0
ext_dorn_cuda_easy_00420,cuda,easy,True,False,False,0.0,0.2976198196411133,False,False,True,True,0
ext_dorn_cuda_easy_00421,cuda,easy,True,True,False,0.0,-0.41666698455810547,False,True,True,False,0
ext_dorn_cuda_easy_00422,cuda,easy,True,True,True,1.0,0.41666698455810547,True,False,True,True,0
ext_dorn_cuda_easy_00423,cuda,easy,True,True,True,1.0,-0.5952377319335938,False,True,True,False,0
ext_dorn_cuda_easy_00424,cuda,easy,True,True,True,1.0,1.1309528350830078,True,False,True,True,0
ext_dorn_cuda_easy_00425,cuda,easy,True,False,False,0.0,-0.17857074737548828,False,False,True,True,0
ext_dorn_cuda_easy_00426,cuda,easy,True,True,False,0.0,-0.35714244842529297,False,True,True,False,0
ext_dorn_cuda_easy_00427,cuda,easy,True,True,True,1.0,-1.7261905670166016,False,True,True,True,0
ext_dorn_cuda_easy_00428,cuda,easy,True,False,False,1.0,-9.5367431640625e-07,False,False,True,True,0
ext_dorn_cuda_easy_00429,cuda,easy,True,True,True,1.0,0.2976188659667969,True,False,False,False,0
ext_dorn_cuda_easy_00430,cuda,easy,True,True,True,1.0,0.3571434020996094,True,False,True,True,0
ext_dorn_cuda_easy_00431,cuda,easy,True,True,False,0.0,0.5952377319335938,True,False,True,False,0
ext_dorn_cuda_easy_00432,cuda,easy,True,False,False,1.0,0.23809432983398438,True,True,True,True,0
ext_dorn_cuda_easy_00433,cuda,easy,True,True,True,1.0,-1.9047613143920898,False,True,True,True,0
ext_dorn_cuda_easy_00434,cuda,easy,True,True,True,1.0,0.35714244842529297,True,False,True,True,0
ext_dorn_cuda_easy_00435,cuda,easy,True,True,True,1.0,-1.726191520690918,False,True,True,True,0
ext_dorn_cuda_easy_00436,cuda,easy,True,False,False,1.0,0.0595245361328125,False,False,False,False,0
ext_dorn_cuda_easy_00437,cuda,easy,True,True,True,1.0,-1.7261905670166016,False,True,True,True,0
ext_dorn_cuda_easy_00438,cuda,easy,True,False,False,1.0,0.0595245361328125,True,True,True,True,0
ext_dorn_cuda_easy_00439,cuda,easy,True,False,False,0.0,-0.1785717010498047,True,True,True,False,0
ext_dorn_cuda_easy_00440,cuda,easy,True,True,True,1.0,0.5952377319335938,True,False,True,True,0
ext_dorn_cuda_easy_00441,cuda,easy,True,True,True,1.0,1.1309518814086914,True,False,True,True,0
ext_dorn_cuda_easy_00442,cuda,easy,True,True,False,0.0,-0.2976198196411133,False,True,True,False,0
ext_dorn_cuda_easy_00443,cuda,easy,True,True,True,1.0,0.8928565979003906,True,False,True,True,0
ext_dorn_cuda_easy_00444,cuda,easy,True,False,False,0.0,0.2380962371826172,False,False,True,False,0
ext_dorn_cuda_easy_00445,cuda,easy,True,True,True,1.0,0.7142858505249023,True,False,False,False,0
ext_dorn_cuda_easy_00446,cuda,easy,True,True,True,1.0,-1.2499990463256836,False,True,True,True,0
ext_dorn_cuda_easy_00447,cuda,easy,True,True,False,0.0,-0.9523811340332031,False,True,True,True,0
ext_dorn_cuda_easy_00448,cuda,easy,True,True,False,0.0,0.892857551574707,True,False,True,False,0
ext_dorn_cuda_easy_00449,cuda,easy,True,False,False,1.0,0.23809528350830078,True,True,True,True,0
ext_dorn_cuda_easy_00450,cuda,easy,True,True,False,0.0,-0.35714244842529297,False,True,True,False,0
ext_dorn_cuda_easy_00451,cuda,easy,True,True,True,1.0,-1.309523582458496,False,True,True,True,0
ext_dorn_cuda_easy_00452,cuda,easy,True,True,False,0.0,0.41666698455810547,True,False,False,False,0
ext_dorn_cuda_easy_00453,cuda,easy,True,True,True,1.0,-2.261903762817383,False,True,True,True,0
ext_dorn_cuda_easy_00454,cuda,easy,True,False,False,0.0,0.1785717010498047,True,True,True,True,0
ext_dorn_cuda_easy_00455,cuda,easy,True,True,True,1.0,0.7738103866577148,True,False,True,True,0
ext_dorn_cuda_easy_00456,cuda,easy,True,True,True,1.0,2.4404754638671875,True,False,True,True,0
ext_dorn_cuda_easy_00457,cuda,easy,True,True,False,0.0,-1.190476417541504,False,True,True,False,0
ext_dorn_cuda_easy_00458,cuda,easy,True,True,True,1.0,-0.7738094329833984,False,True,False,False,0
ext_dorn_cuda_easy_00459,cuda,easy,True,True,True,1.0,0.892857551574707,True,False,True,True,0
ext_dorn_cuda_easy_00460,cuda,easy,True,False,False,1.0,0.059523582458496094,False,False,False,False,0
ext_dorn_cuda_easy_00461,cuda,easy,True,True,False,0.0,0.47619056701660156,True,False,True,False,0
ext_dorn_cuda_easy_00462,cuda,easy,True,True,True,1.0,-0.8928565979003906,False,True,True,True,0
ext_dorn_cuda_easy_00463,cuda,easy,True,False,False,0.0,-0.0595245361328125,False,False,True,True,0
ext_dorn_cuda_easy_00464,cuda,easy,True,True,True,1.0,-0.41666698455810547,False,True,False,False,0
ext_dorn_cuda_easy_00465,cuda,easy,True,False,False,1.0,-0.11904716491699219,False,False,True,True,0
ext_dorn_cuda_easy_00466,cuda,easy,True,True,False,0.0,-0.2976188659667969,False,True,True,True,0
ext_dorn_cuda_easy_00467,cuda,easy,True,False,False,1.0,-0.1785717010498047,True,True,True,True,0
ext_dorn_cuda_easy_00468,cuda,easy,True,True,True,1.0,-1.25,False,True,True,True,0
ext_dorn_cuda_easy_00469,cuda,easy,True,True,True,1.0,-0.5357141494750977,False,True,True,True,0
ext_dorn_cuda_easy_00470,cuda,easy,True,False,False,1.0,-0.11904716491699219,True,True,False,False,0
ext_dorn_cuda_easy_00471,cuda,easy,True,True,True,1.0,-1.190476417541504,False,True,True,True,0
ext_dorn_cuda_easy_00472,cuda,easy,True,True,False,0.0,0.2976198196411133,True,False,False,False,0
ext_dorn_cuda_easy_00473,cuda,easy,True,True,True,1.0,-0.5357151031494141,False,True,False,False,0
ext_dorn_cuda_easy_00474,cuda,easy,True,True,True,1.0,1.8452386856079102,True,False,False,False,0
ext_dorn_cuda_easy_00475,cuda,easy,True,True,True,1.0,2.083333969116211,True,False,True,True,0
ext_dorn_cuda_easy_00476,cuda,easy,True,True,True,1.0,-0.5952386856079102,False,True,True,True,0
ext_dorn_cuda_easy_00477,cuda,easy,True,True,True,1.0,1.309523582458496,True,False,False,False,0
ext_dorn_cuda_easy_00478,cuda,easy,True,True,False,0.0,0.8928565979003906,True,False,False,False,0
ext_dorn_cuda_easy_00479,cuda,easy,True,True,True,1.0,0.2976188659667969,True,False,True,True,0
ext_dorn_cuda_easy_00480,cuda,easy,True,True,True,1.0,1.1309528350830078,True,False,True,True,0
ext_dorn_cuda_easy_00481,cuda,easy,True,True,True,1.0,-0.1785717010498047,False,True,True,False,0
ext_dorn_cuda_easy_00482,cuda,easy,True,True,True,1.0,1.3095245361328125,True,False,True,True,0
ext_dorn_cuda_easy_00483,cuda,easy,True,True,False,0.0,0.892857551574707,True,False,False,False,0
ext_dorn_cuda_easy_00484,cuda,easy,True,True,True,1.0,-0.7738094329833984,False,True,True,True,0
ext_dorn_cuda_easy_00485,cuda,easy,True,True,True,1.0,1.309523582458496,True,False,True,True,0
ext_dorn_cuda_easy_00486,cuda,easy,True,True,True,1.0,-2.380952835083008,False,True,True,True,0
ext_dorn_cuda_easy_00487,cuda,easy,True,True,True,1.0,2.261904716491699,True,False,True,True,0
ext_dorn_cuda_easy_00488,cuda,easy,True,True,False,0.0,0.6547613143920898,True,False,False,False,0
ext_dorn_cuda_easy_00489,cuda,easy,True,True,True,1.0,-1.964284896850586,False,True,True,True,0
ext_dorn_cuda_easy_00490,cuda,easy,True,False,False,1.0,0.0595245361328125,False,False,True,True,0
ext_dorn_cuda_easy_00491,cuda,easy,True,True,True,1.0,1.25,True,False,True,True,0
ext_dorn_cuda_easy_00492,cuda,easy,True,True,False,0.0,-0.7142858505249023,False,True,True,False,0
ext_dorn_cuda_easy_00493,cuda,easy,True,True,True,1.0,0.5357141494750977,True,False,True,True,0
ext_dorn_cuda_easy_00494,cuda,easy,True,True,True,1.0,-1.5476188659667969,False,True,True,True,0
ext_dorn_cuda_easy_00495,cuda,easy,True,True,True,1.0,1.130950927734375,True,False,True,True,0
ext_dorn_cuda_easy_00496,cuda,easy,True,True,False,0.0,0.7142848968505859,True,False,True,True,0
ext_dorn_cuda_easy_00497,cuda,easy,True,True,True,1.0,2.0833330154418945,True,False,True,True,0
ext_dorn_cuda_easy_00498,cuda,easy,True,True,True,1.0,-0.2380962371826172,False,True,True,True,0
ext_dorn_cuda_easy_00499,cuda,easy,True,True,False,0.0,0.23809528350830078,True,False,False,False,0
ext_dorn_cuda_easy_00500,cuda,easy,True,True,True,1.0,-0.41666603088378906,False,True,True,True,0
ext_dorn_cuda_easy_00501,cuda,easy,True,True,True,1.0,0.6547622680664062,True,False,True,True,0
ext_dorn_cuda_easy_00502,cuda,easy,True,True,True,1.0,2.2023801803588867,True,False,True,True,0
ext_dorn_cuda_easy_00503,cuda,easy,True,True,True,1.0,1.5476198196411133,True,False,True,True,0
ext_dorn_cuda_easy_00504,cuda,easy,True,True,True,1.0,-0.5357141494750977,False,True,True,True,0
ext_dorn_cuda_easy_00505,cuda,easy,True,True,False,0.0,0.9523811340332031,True,False,True,False,0
ext_dorn_cuda_easy_00506,cuda,easy,True,True,True,1.0,-1.9642858505249023,False,True,True,True,0
ext_dorn_cuda_easy_00507,cuda,easy,True,True,True,1.0,-1.7261896133422852,False,True,True,True,0
ext_dorn_cuda_easy_00508,cuda,easy,True,False,False,1.0,-0.17857074737548828,False,False,True,True,0
ext_dorn_cuda_easy_00509,cuda,easy,True,True,True,1.0,-0.0595245361328125,False,True,False,False,0
ext_dorn_cuda_easy_00510,cuda,easy,True,True,True,1.0,-1.3690481185913086,False,True,True,True,0
ext_dorn_cuda_easy_00511,cuda,easy,True,True,True,1.0,0.6547613143920898,True,False,True,False,0
ext_dorn_cuda_easy_00512,cuda,easy,True,True,True,1.0,-1.6666669845581055,False,True,True,True,0
ext_dorn_cuda_easy_00513,cuda,easy,True,False,False,1.0,0.17857074737548828,True,True,True,True,0
ext_dorn_cuda_easy_00514,cuda,easy,True,True,False,0.0,1.5476198196411133,True,False,False,False,0
ext_dorn_cuda_easy_00515,cuda,easy,True,True,True,1.0,0.8928565979003906,True,False,True,True,0
ext_dorn_cuda_easy_00516,cuda,easy,True,True,True,1.0,-1.2499990463256836,False,True,True,True,0
ext_dorn_cuda_easy_00517,cuda,easy,True,True,False,0.0,-0.059523582458496094,False,True,True,False,0
ext_dorn_cuda_easy_00518,cuda,easy,True,True,False,0.0,0.3571434020996094,True,False,False,False,0
ext_dorn_cuda_easy_00519,cuda,easy,True,True,True,1.0,-0.7142858505249023,False,True,True,True,0
ext_dorn_cuda_easy_00520,cuda,easy,True,True,True,1.0,-2.083333969116211,False,True,True,True,0
ext_dorn_cuda_easy_00521,cuda,easy,True,True,True,1.0,1.4880952835083008,True,False,True,True,0
ext_dorn_cuda_easy_00522,cuda,easy,True,False,False,1.0,0.2976188659667969,False,False,False,False,0
ext_dorn_cuda_easy_00523,cuda,easy,True,False,False,0.0,0.23809528350830078,True,True,True,False,0
ext_dorn_cuda_easy_00524,cuda,easy,True,True,True,1.0,1.9047622680664062,True,False,True,True,0
ext_dorn_cuda_easy_00525,cuda,easy,True,True,True,1.0,0.2976198196411133,True,False,True,True,0
ext_dorn_cuda_easy_00526,cuda,easy,True,True,True,1.0,-0.35714244842529297,False,True,True,True,0
ext_dorn_cuda_easy_00527,cuda,easy,True,True,False,0.0,-0.47619056701660156,False,True,False,False,0
ext_dorn_cuda_easy_00528,cuda,easy,True,True,False,0.0,1.8452386856079102,True,False,True,False,0
ext_dorn_cuda_easy_00529,cuda,easy,True,True,True,1.0,1.9047613143920898,True,False,True,True,0
ext_dorn_cuda_easy_00530,cuda,easy,True,True,False,0.0,-1.25,False,True,True,False,0
ext_dorn_cuda_easy_00531,cuda,easy,True,True,True,1.0,-0.5952386856079102,False,True,False,False,0
ext_dorn_cuda_easy_00532,cuda,easy,True,True,True,1.0,-1.071427345275879,False,True,True,True,0
ext_dorn_cuda_easy_00533,cuda,easy,True,False,False,0.0,-0.1785717010498047,False,False,False,False,0
ext_dorn_cuda_easy_00534,cuda,easy,True,True,True,1.0,-1.25,False,True,True,True,0
ext_dorn_cuda_easy_00535,cuda,easy,True,True,False,0.0,-0.8333330154418945,False,True,False,False,0
ext_dorn_cuda_easy_00536,cuda,easy,True,True,False,0.0,-0.11904716491699219,False,True,True,True,0
ext_dorn_cuda_easy_00537,cuda,easy,True,True,False,0.0,-0.5357151031494141,False,True,False,False,0
ext_dorn_cuda_easy_00538,cuda,easy,True,True,True,1.0,1.5476188659667969,True,False,True,True,0
ext_dorn_cuda_easy_00539,cuda,easy,True,True,True,1.0,1.3690471649169922,True,False,True,True,0
ext_dorn_cuda_easy_00540,cuda,easy,True,True,True,1.0,1.2499990463256836,True,False,True,True,0
ext_dorn_cuda_easy_00541,cuda,easy,True,True,True,1.0,-2.0833330154418945,False,True,True,True,0
ext_dorn_cuda_easy_00542,cuda,easy,True,True,False,0.0,-0.7738103866577148,False,True,False,False,0
ext_dorn_cuda_easy_00543,cuda,easy,True,False,False,0.0,-0.17857074737548828,False,False,True,True,0
ext_dorn_cuda_easy_00544,cuda,easy,True,True,True,1.0,1.3095245361328125,True,False,True,True,0
ext_dorn_cuda_easy_00545,cuda,easy,True,True,True,1.0,0.3571434020996094,True,False,True,True,0
ext_dorn_cuda_easy_00546,cuda,easy,True,True,False,0.0,-1.25,False,True,True,True,0
ext_dorn_cuda_easy_00547,cuda,easy,True,True,True,1.0,-2.3214292526245117,False,True,True,True,0
ext_dorn_cuda_easy_00548,cuda,easy,True,True,True,1.0,-2.142857551574707,False,True,True,True,0
ext_dorn_cuda_easy_00549,cuda,easy,True,True,True,1.0,1.0714282989501953,True,False,True,True,0
ext_dorn_cuda_easy_00550,cuda,easy,True,True,True,1.0,-1.4285707473754883,False,True,True,True,0
ext_dorn_cuda_easy_00551,cuda,easy,True,True,True,1.0,0.8333330154418945,True,False,True,True,0
ext_dorn_cuda_easy_00552,cuda,easy,True,True,True,1.0,0.7142858505249023,True,False,True,True,0
ext_dorn_cuda_easy_00553,cuda,easy,True,True,True,1.0,0.23809528350830078,True,False,True,True,0
ext_dorn_cuda_easy_00554,cuda,easy,True,True,True,1.0,-1.6071434020996094,False,True,True,True,0
ext_dorn_cuda_easy_00555,cuda,easy,True,True,True,1.0,0.7738094329833984,True,False,False,False,0
ext_dorn_cuda_easy_00556,cuda,easy,True,False,False,0.0,0.2976188659667969,True,True,True,True,0
ext_dorn_cuda_easy_00557,cuda,easy,True,False,False,1.0,-0.059523582458496094,False,False,True,True,0
ext_dorn_cuda_easy_00558,cuda,easy,True,True,True,1.0,-2.3809518814086914,False,True,True,True,0
ext_dorn_cuda_easy_00559,cuda,easy,True,True,False,0.0,-0.1785717010498047,False,True,True,False,0
ext_dorn_cuda_easy_00560,cuda,easy,True,True,True,1.0,-1.9642858505249023,False,True,True,True,0
ext_dorn_cuda_easy_00561,cuda,easy,True,True,True,1.0,1.4285717010498047,True,False,True,True,0
ext_dorn_cuda_easy_00562,cuda,easy,True,True,True,1.0,-2.559523582458496,False,True,True,True,0
ext_dorn_cuda_easy_00563,cuda,easy,True,True,False,0.0,-0.773808479309082,False,True,True,False,0
ext_dorn_cuda_easy_00564,cuda,easy,True,True,True,1.0,-1.071427345275879,False,True,True,True,0
ext_dorn_cuda_easy_00565,cuda,easy,True,False,False,1.0,-0.17857074737548828,False,False,True,True,0
ext_dorn_cuda_easy_00566,cuda,easy,True,True,False,0.0,1.607142448425293,True,False,False,False,0
ext_dorn_cuda_easy_00567,cuda,easy,True,True,True,1.0,-0.8928565979003906,False,True,False,False,0
ext_dorn_cuda_easy_00568,cuda,easy,True,True,False,0.0,-1.1309528350830078,False,True,True,False,0
ext_dorn_cuda_easy_00569,cuda,easy,True,True,True,1.0,0.9523811340332031,True,False,True,True,0
ext_dorn_cuda_easy_00570,cuda,easy,True,True,True,1.0,-0.5952386856079102,False,True,True,False,0
ext_dorn_cuda_easy_00571,cuda,easy,True,True,False,0.0,1.4880962371826172,True,False,False,False,0
ext_dorn_cuda_easy_00572,cuda,easy,True,True,True,1.0,-0.23809432983398438,False,True,False,False,0
ext_dorn_cuda_easy_00573,cuda,easy,True,False,False,1.0,0.35714244842529297,False,False,True,True,0
ext_dorn_cuda_easy_00574,cuda,easy,True,True,True,1.0,-1.7857141494750977,False,True,True,True,0
ext_dorn_cuda_easy_00575,cuda,easy,True,True,True,1.0,-0.2976188659667969,False,True,True,True,0
ext_dorn_cuda_easy_00576,cuda,easy,True,True,False,0.0,0.17857074737548828,True,False,True,True,0
ext_dorn_cuda_easy_00577,cuda,easy,True,True,True,1.0,-0.8333330154418945,False,True,True,True,0
ext_dorn_cuda_easy_00578,cuda,easy,True,True,True,1.0,0.7738094329833984,True,False,True,True,0
ext_dorn_cuda_easy_00579,cuda,easy,True,True,True,1.0,0.41666698455810547,True,False,True,True,0
ext_dorn_cuda_easy_00580,cuda,easy,True,True,True,1.0,0.41666603088378906,True,False,True,True,0
ext_dorn_cuda_easy_00581,cuda,easy,True,True,False,0.0,0.8333330154418945,True,False,True,False,0
ext_dorn_cuda_easy_00582,cuda,easy,True,True,True,1.0,-1.1309528350830078,False,True,True,True,0
ext_dorn_cuda_easy_00583,cuda,easy,True,True,True,1.0,1.0119056701660156,True,False,True,True,0
ext_dorn_cuda_easy_00584,cuda,easy,True,True,False,0.0,-0.3571434020996094,False,True,True,True,0
ext_dorn_cuda_easy_00585,cuda,easy,True,True,True,1.0,0.47619056701660156,True,False,True,True,0
ext_dorn_cuda_easy_00586,cuda,easy,True,True,True,1.0,-0.7142858505249023,False,True,True,True,0
ext_dorn_cuda_easy_00587,cuda,easy,True,True,True,1.0,0.7738094329833984,True,False,True,True,0
ext_dorn_cuda_easy_00588,cuda,easy,True,True,True,1.0,0.059523582458496094,True,False,True,False,0
ext_dorn_cuda_easy_00589,cuda,easy,True,True,True,1.0,1.25,True,False,True,True,0
ext_dorn_cuda_easy_00590,cuda,easy,True,True,True,1.0,-1.7261896133422852,False,True,True,True,0
ext_dorn_cuda_easy_00591,cuda,easy,True,True,False,0.0,-1.0714282989501953,False,True,True,False,0
ext_dorn_cuda_easy_00592,cuda,easy,True,True,True,1.0,0.773808479309082,True,False,True,True,0
ext_dorn_cuda_easy_00593,cuda,easy,True,False,False,0.0,0.0595245361328125,True,True,True,True,0
ext_dorn_cuda_easy_00594,cuda,easy,True,True,False,0.0,-0.9523801803588867,False,True,True,False,0
ext_dorn_cuda_easy_00595,cuda,easy,True,False,False,1.0,-0.2976198196411133,True,True,True,True,0
ext_dorn_cuda_easy_00596,cuda,easy,True,True,False,0.0,-1.0714282989501953,False,True,False,False,0
ext_dorn_cuda_easy_00597,cuda,easy,True,True,True,1.0,-0.7142858505249023,False,True,True,True,0
ext_dorn_cuda_easy_00598,cuda,easy,True,True,True,1.0,0.5357141494750977,True,False,True,True,0
ext_dorn_cuda_easy_00599,cuda,easy,True,True,True,1.0,-1.190476417541504,False,True,True,True,0
ext_dorn_cuda_easy_00600,cuda,easy,True,True,True,1.0,2.5595226287841797,True,False,True,True,0
ext_dorn_cuda_easy_00601,cuda,easy,True,True,False,0.0,-0.5952377319335938,False,True,True,False,0
ext_dorn_cuda_easy_00602,cuda,easy,True,True,False,0.0,2.142857551574707,True,False,True,False,0
ext_dorn_cuda_easy_00603,cuda,easy,True,True,True,1.0,1.4285707473754883,True,False,True,True,0
ext_dorn_cuda_easy_00604,cuda,easy,True,True,False,0.0,1.0714282989501953,True,False,True,False,0
ext_dorn_cuda_easy_00605,cuda,easy,True,True,True,1.0,1.8452377319335938,True,False,True,True,0
ext_dorn_cuda_easy_00606,cuda,easy,True,True,True,1.0,-0.7142858505249023,False,True,True,True,0
ext_dorn_cuda_easy_00607,cuda,easy,True,True,True,1.0,1.964284896850586,True,False,True,True,0
ext_dorn_cuda_easy_00608,cuda,easy,True,True,False,0.0,0.3571434020996094,True,False,True,True,0
ext_dorn_cuda_easy_00609,cuda,easy,True,True,True,1.0,0.3571434020996094,True,False,True,False,0
ext_dorn_cuda_easy_00610,cuda,easy,True,True,True,1.0,0.5952377319335938,True,False,True,True,0
ext_dorn_cuda_easy_00611,cuda,easy,True,True,True,1.0,-2.9761905670166016,False,True,True,True,0
ext_dorn_cuda_easy_00612,cuda,easy,True,True,True,1.0,1.1309528350830078,True,False,True,True,0
ext_dorn_cuda_easy_00613,cuda,easy,True,True,True,1.0,0.3571434020996094,True,False,True,False,0
ext_dorn_cuda_easy_00614,cuda,easy,True,True,False,0.0,1.8452386856079102,True,False,True,False,0
ext_dorn_cuda_easy_00615,cuda,easy,True,True,True,1.0,1.4285717010498047,True,False,True,True,0
ext_dorn_cuda_easy_00616,cuda,easy,True,True,True,1.0,-0.1785717010498047,False,True,False,False,0
ext_dorn_cuda_easy_00617,cuda,easy,True,True,False,0.0,-1.3690481185913086,False,True,False,False,0
ext_dorn_cuda_easy_00618,cuda,easy,True,True,True,1.0,0.41666603088378906,True,False,True,True,0
ext_dorn_cuda_easy_00619,cuda,easy,True,False,False,1.0,-0.059523582458496094,False,False,False,False,0
ext_dorn_cuda_easy_00620,cuda,easy,True,True,False,0.0,-0.5357141494750977,False,True,False,False,0
ext_dorn_cuda_easy_00621,cuda,easy,True,True,True,1.0,1.309523582458496,True,False,True,True,0
ext_dorn_cuda_easy_00622,cuda,easy,True,True,True,1.0,-1.4285717010498047,False,True,True,True,0
ext_dorn_cuda_easy_00623,cuda,easy,True,True,True,1.0,0.7738094329833984,True,False,True,True,0
ext_dorn_cuda_easy_00624,cuda,easy,True,False,False,1.0,0.059523582458496094,True,True,True,True,0
ext_dorn_cuda_easy_00625,cuda,easy,True,True,False,0.0,-0.41666603088378906,False,True,True,False,0
ext_dorn_cuda_easy_00626,cuda,easy,True,True,True,1.0,0.11904716491699219,True,False,True,True,0
ext_dorn_cuda_easy_00627,cuda,easy,True,True,True,1.0,-0.47619056701660156,False,True,True,True,0
ext_dorn_cuda_easy_00628,cuda,easy,True,True,True,1.0,-1.0714282989501953,False,True,True,True,0
ext_dorn_cuda_easy_00629,cuda,easy,True,True,False,0.0,-1.0119037628173828,False,True,True,False,0
ext_dorn_cuda_easy_00630,cuda,easy,True,False,False,0.0,-0.1190481185913086,True,True,True,True,0
ext_dorn_cuda_easy_00631,cuda,easy,True,True,True,1.0,0.5952377319335938,True,False,True,True,0
ext_dorn_cuda_easy_00632,cuda,easy,True,False,False,0.0,-0.1785717010498047,False,False,False,False,0
ext_dorn_cuda_easy_00633,cuda,easy,True,True,True,1.0,-0.2976188659667969,False,True,True,True,0
ext_dorn_cuda_easy_00634,cuda,easy,True,True,True,1.0,1.8452386856079102,True,False,True,True,0
ext_dorn_cuda_easy_00635,cuda,easy,True,False,False,0.0,-0.2976188659667969,False,False,False,False,0
ext_dorn_cuda_easy_00636,cuda,easy,True,True,True,1.0,0.23809528350830078,True,False,True,True,0
ext_dorn_cuda_easy_00637,cuda,easy,True,False,False,0.0,0.0595245361328125,False,False,False,False,0
ext_dorn_cuda_easy_00638,cuda,easy,True,True,True,1.0,-0.8333330154418945,False,True,True,True,0
ext_dorn_cuda_easy_00639,cuda,easy,True,False,False,,0.0,False,False,False,False,0
ext_dorn_cuda_easy_00640,cuda,easy,True,False,False,,0.0,True,True,True,False,0
ext_dorn_cuda_easy_00641,cuda,easy,True,True,False,0.0,1.0119037628173828,True,False,True,True,0
ext_dorn_cuda_easy_00642,cuda,easy,True,True,False,0.0,0.5357131958007812,True,False,True,True,0
ext_dorn_cuda_easy_00643,cuda,easy,True,True,True,1.0,0.5952377319335938,True,False,True,True,0
ext_dorn_cuda_easy_00644,cuda,easy,True,True,True,1.0,0.41666698455810547,True,False,True,True,0
ext_dorn_cuda_easy_00645,cuda,easy,True,True,True,1.0,0.8928565979003906,True,False,True,True,0
ext_dorn_cuda_easy_00646,cuda,easy,True,True,False,0.0,-0.11904716491699219,False,True,False,False,0
ext_dorn_cuda_easy_00647,cuda,easy,True,True,True,1.0,1.7857141494750977,True,False,True,True,0
ext_dorn_cuda_easy_00648,cuda,easy,True,True,False,0.0,1.130950927734375,True,False,False,False,0
ext_dorn_cuda_easy_00649,cuda,easy,True,True,True,1.0,0.8333339691162109,True,False,True,True,0
ext_dorn_cuda_easy_00650,cuda,easy,True,False,False,0.0,-0.23809528350830078,True,True,True,True,0
ext_dorn_cuda_easy_00651,cuda,easy,True,True,True,1.0,1.190476417541504,True,False,True,True,0
ext_dorn_cuda_easy_00652,cuda,easy,True,False,False,1.0,0.5357141494750977,True,True,True,True,0
ext_dorn_cuda_easy_00653,cuda,easy,True,True,True,1.0,0.6547622680664062,True,False,False,False,0
ext_dorn_cuda_easy_00654,cuda,easy,True,True,True,1.0,0.9523811340332031,True,False,True,True,0
ext_dorn_cuda_easy_00655,cuda,easy,True,True,False,0.0,-0.47619056701660156,False,True,True,True,0
ext_dorn_cuda_easy_00656,cuda,easy,True,True,True,1.0,-0.23809528350830078,False,True,True,True,0
ext_dorn_cuda_easy_00657,cuda,easy,True,False,False,0.0,0.5952377319335938,True,True,True,False,0
ext_dorn_cuda_easy_00658,cuda,easy,True,True,False,0.0,0.5952386856079102,True,False,False,False,0
ext_dorn_cuda_easy_00659,cuda,easy,True,False,False,0.0,9.5367431640625e-07,False,False,False,False,0
ext_dorn_cuda_easy_00660,cuda,easy,True,True,True,1.0,0.47619152069091797,True,False,True,True,0
ext_dorn_cuda_easy_00661,cuda,easy,True,True,False,0.0,-0.7142858505249023,False,True,True,True,0
ext_dorn_cuda_easy_00662,cuda,easy,True,True,True,1.0,-1.4880952835083008,False,True,False,False,0
ext_dorn_cuda_easy_00663,cuda,easy,True,True,True,1.0,1.6666669845581055,True,False,True,True,0
ext_dorn_cuda_easy_00664,cuda,easy,True,True,True,1.0,-0.3571434020996094,False,True,True,True,0
ext_dorn_cuda_easy_00665,cuda,easy,True,True,True,1.0,0.41666698455810547,True,False,True,True,0
ext_dorn_cuda_easy_00666,cuda,easy,True,True,False,0.0,0.7142858505249023,True,False,False,False,0
ext_dorn_cuda_easy_00667,cuda,easy,True,True,False,0.0,0.7738094329833984,True,False,False,False,0
ext_dorn_cuda_easy_00668,cuda,easy,True,True,True,1.0,-0.35714244842529297,False,True,False,False,0
ext_dorn_cuda_easy_00669,cuda,easy,True,False,False,0.0,0.0595245361328125,True,True,True,True,0
ext_dorn_cuda_easy_00670,cuda,easy,True,True,True,1.0,-1.4285707473754883,False,True,True,True,0
ext_dorn_cuda_easy_00671,cuda,easy,True,True,True,1.0,0.5952377319335938,True,False,False,False,0
ext_dorn_cuda_easy_00672,cuda,easy,True,True,True,1.0,-1.1309528350830078,False,True,True,True,0
ext_dorn_cuda_easy_00673,cuda,easy,True,False,False,1.0,-0.0595245361328125,False,False,True,True,0
ext_dorn_cuda_easy_00674,cuda,easy,True,False,False,0.0,0.2976188659667969,True,True,False,False,0
ext_dorn_cuda_easy_00675,cuda,easy,True,True,False,0.0,0.1785717010498047,True,False,True,False,0
ext_dorn_cuda_easy_00676,cuda,easy,True,True,True,1.0,0.35714244842529297,True,False,False,False,0
ext_dorn_cuda_easy_00677,cuda,easy,True,True,True,1.0,-0.2976188659667969,False,True,True,True,0
ext_dorn_cuda_easy_00678,cuda,easy,True,True,False,0.0,0.35714244842529297,True,False,False,False,0
ext_dorn_cuda_easy_00679,cuda,easy,True,True,True,1.0,1.0714282989501953,True,False,True,True,0
ext_dorn_cuda_easy_00680,cuda,easy,True,True,True,1.0,0.7738094329833984,True,False,True,False,0
ext_dorn_cuda_easy_00681,cuda,easy,True,True,False,0.0,0.2976198196411133,True,False,True,False,0
ext_dorn_cuda_easy_00682,cuda,easy,True,True,True,1.0,0.7142848968505859,True,False,True,True,0
ext_dorn_cuda_easy_00683,cuda,easy,True,True,True,1.0,-2.857142448425293,False,True,True,True,0
ext_dorn_cuda_easy_00684,cuda,easy,True,True,True,1.0,0.7142848968505859,True,False,True,True,0
ext_dorn_cuda_easy_00685,cuda,easy,True,True,False,0.0,0.35714244842529297,True,False,True,True,0
ext_dorn_cuda_easy_00686,cuda,easy,True,True,False,0.0,-0.7142848968505859,False,True,True,True,0
ext_dorn_cuda_easy_00687,cuda,easy,True,True,False,0.0,-0.1190481185913086,False,True,False,False,0
ext_dorn_cuda_easy_00688,cuda,easy,True,False,False,1.0,0.2976198196411133,True,True,False,False,0
ext_dorn_cuda_easy_00689,cuda,easy,True,True,True,1.0,0.7738094329833984,True,False,True,True,0
ext_dorn_cuda_easy_00690,cuda,easy,True,False,False,0.0,0.2976198196411133,False,False,True,True,0
ext_dorn_cuda_easy_00691,cuda,easy,True,True,True,1.0,1.1309518814086914,True,False,True,True,0
ext_dorn_cuda_easy_00692,cuda,easy,True,False,False,1.0,-0.1190481185913086,False,False,True,True,0
ext_dorn_cuda_easy_00693,cuda,easy,True,True,True,1.0,0.3571434020996094,True,False,True,True,0
ext_dorn_cuda_easy_00694,cuda,easy,True,False,False,0.0,0.059523582458496094,True,True,True,True,0
ext_dorn_cuda_easy_00695,cuda,easy,True,True,False,0.0,1.8452386856079102,True,False,False,False,0
ext_dorn_cuda_easy_00696,cuda,easy,True,False,False,1.0,0.2976198196411133,False,False,True,True,0
ext_dorn_cuda_easy_00697,cuda,easy,True,True,True,1.0,-1.0714282989501953,False,True,True,True,0
ext_dorn_cuda_easy_00698,cuda,easy,True,True,True,1.0,0.8928565979003906,True,False,True,True,0
ext_dorn_cuda_easy_00699,cuda,easy,True,True,True,1.0,-1.0119047164916992,False,True,True,True,0
ext_dorn_cuda_easy_00700,cuda,easy,True,True,True,1.0,-0.23809528350830078,False,True,True,True,0
ext_dorn_cuda_easy_00701,cuda,easy,True,True,True,1.0,0.1190481185913086,True,False,False,False,0
ext_dorn_cuda_easy_00702,cuda,easy,True,False,False,1.0,0.7142858505249023,True,True,True,True,0
ext_dorn_cuda_easy_00703,cuda,easy,True,False,False,1.0,-0.11904716491699219,False,False,True,True,0
ext_dorn_cuda_easy_00704,cuda,easy,True,True,False,0.0,0.6547622680664062,True,False,True,False,0
ext_dorn_cuda_easy_00705,cuda,easy,True,True,True,1.0,0.8333330154418945,True,False,True,True,0
ext_dorn_cuda_easy_00706,cuda,easy,True,True,False,0.0,0.5357141494750977,True,False,False,False,0
ext_dorn_cuda_easy_00707,cuda,easy,True,True,True,1.0,1.4285717010498047,True,False,True,True,0
ext_dorn_cuda_easy_00708,cuda,easy,True,True,False,0.0,0.7738103866577148,True,False,False,False,0
ext_dorn_cuda_easy_00709,cuda,easy,True,True,True,1.0,0.5952386856079102,True,False,True,False,0
ext_dorn_cuda_easy_00710,cuda,easy,True,False,False,1.0,-0.47618961334228516,False,False,True,True,0
ext_dorn_cuda_easy_00711,cuda,easy,True,False,False,1.0,0.05952262878417969,False,False,False,False,0
ext_dorn_cuda_easy_00712,cuda,easy,True,True,True,1.0,-1.25,False,True,True,True,0
ext_dorn_cuda_easy_00713,cuda,easy,True,True,True,1.0,1.0714282989501953,True,False,True,True,0
ext_dorn_cuda_easy_00714,cuda,easy,True,True,False,0.0,2.261904716491699,True,False,True,False,0
ext_dorn_cuda_easy_00715,cuda,easy,True,True,True,1.0,1.0119056701660156,True,False,False,False,0
ext_dorn_cuda_easy_00716,cuda,easy,True,False,False,0.0,0.1190481185913086,True,True,True,False,0
ext_dorn_cuda_easy_00717,cuda,easy,True,True,True,1.0,-0.6547622680664062,False,True,True,True,0
ext_dorn_cuda_easy_00718,cuda,easy,True,False,False,0.0,0.0595245361328125,False,False,True,True,0
ext_dorn_cuda_easy_00719,cuda,easy,True,True,True,1.0,1.4880962371826172,True,False,True,True,0
ext_dorn_cuda_easy_00720,cuda,easy,True,True,True,1.0,2.0833330154418945,True,False,True,True,0
ext_dorn_cuda_easy_00721,cuda,easy,True,True,False,0.0,0.7142858505249023,True,False,False,False,0
ext_dorn_cuda_easy_00722,cuda,easy,True,True,True,1.0,0.3571434020996094,True,False,True,True,0
ext_dorn_cuda_easy_00723,cuda,easy,True,True,True,1.0,-0.5357151031494141,False,True,True,True,0
ext_dorn_cuda_easy_00724,cuda,easy,True,True,False,0.0,0.5952386856079102,True,False,True,True,0
ext_dorn_cuda_easy_00725,cuda,easy,True,True,False,0.0,-0.1785726547241211,False,True,True,True,0
ext_dorn_cuda_easy_00726,cuda,easy,True,True,False,0.0,0.6547613143920898,True,False,False,False,0
ext_dorn_cuda_easy_00727,cuda,easy,True,True,False,0.0,-1.1309528350830078,False,True,False,False,0
ext_dorn_cuda_easy_00728,cuda,easy,True,True,False,0.0,-0.059523582458496094,False,True,True,True,0
ext_dorn_cuda_easy_00729,cuda,easy,True,True,False,0.0,-0.773808479309082,False,True,True,True,0
ext_dorn_cuda_easy_00730,cuda,easy,True,True,True,1.0,-0.5952386856079102,False,True,True,True,0
ext_dorn_cuda_easy_00731,cuda,easy,True,True,False,0.0,0.5357141494750977,True,False,False,False,0
ext_dorn_cuda_easy_00732,cuda,easy,True,False,False,0.0,-0.47618961334228516,False,False,False,False,0
ext_dorn_cuda_easy_00733,cuda,easy,True,True,True,1.0,3.3333330154418945,True,False,True,True,0
ext_dorn_cuda_easy_00734,cuda,easy,True,False,False,1.0,0.2976188659667969,True,True,True,True,0
ext_dorn_cuda_easy_00735,cuda,easy,True,True,True,1.0,-3.5714282989501953,False,True,True,True,0
ext_dorn_cuda_easy_00736,cuda,easy,True,False,False,0.0,-0.2380962371826172,False,False,False,False,0
ext_dorn_cuda_easy_00737,cuda,easy,True,True,True,1.0,-1.0119047164916992,False,True,True,True,0
ext_dorn_cuda_easy_00738,cuda,easy,True,True,True,1.0,1.8452386856079102,True,False,True,True,0
ext_dorn_cuda_easy_00739,cuda,easy,True,True,True,1.0,-0.3571434020996094,False,True,False,False,0
ext_dorn_cuda_easy_00740,cuda,easy,True,True,True,1.0,0.41666698455810547,True,False,True,True,0
ext_dorn_cuda_easy_00741,cuda,easy,True,True,True,1.0,-0.47619152069091797,False,True,True,True,0
ext_dorn_cuda_easy_00742,cuda,easy,True,False,False,0.0,0.1785717010498047,False,False,True,True,0
ext_dorn_cuda_easy_00743,cuda,easy,True,True,True,1.0,2.2023801803588867,True,False,True,True,0
ext_dorn_cuda_easy_00744,cuda,easy,True,False,False,0.0,-0.059523582458496094,True,True,True,True,0
ext_dorn_cuda_easy_00745,cuda,easy,True,True,False,0.0,0.6547613143920898,True,False,True,True,0
ext_dorn_cuda_easy_00746,cuda,easy,True,True,False,0.0,0.059523582458496094,True,False,True,True,0
ext_dorn_cuda_easy_00747,cuda,easy,True,True,False,0.0,1.4285717010498047,True,False,False,False,0
ext_dorn_cuda_easy_00748,cuda,easy,True,True,True,1.0,1.25,True,False,True,True,0
ext_dorn_cuda_easy_00749,cuda,easy,True,True,True,1.0,0.47619056701660156,True,False,False,False,0
ext_dorn_cuda_easy_00750,cuda,easy,True,True,False,0.0,1.25,True,False,False,False,0
ext_dorn_cuda_easy_00751,cuda,easy,True,True,False,0.0,0.35714244842529297,True,False,True,True,0
ext_dorn_cuda_easy_00752,cuda,easy,True,True,False,0.0,-0.5357141494750977,False,True,True,False,0
ext_dorn_cuda_easy_00753,cuda,easy,True,True,True,1.0,0.059523582458496094,True,False,True,False,0
ext_dorn_cuda_easy_00754,cuda,easy,True,True,False,0.0,-0.7142858505249023,False,True,True,True,0
ext_dorn_cuda_easy_00755,cuda,easy,True,True,True,1.0,0.6547622680664062,True,False,True,True,0
ext_dorn_cuda_easy_00756,cuda,easy,True,True,True,1.0,-0.1785717010498047,False,True,True,True,0
ext_dorn_cuda_easy_00757,cuda,easy,True,False,False,1.0,-0.1785717010498047,False,False,True,True,0
ext_dorn_cuda_easy_00758,cuda,easy,True,True,False,0.0,-0.9523811340332031,False,True,False,False,0
ext_dorn_cuda_easy_00759,cuda,easy,True,False,False,1.0,0.11904716491699219,True,True,True,True,0
ext_dorn_cuda_easy_00760,cuda,easy,True,True,True,1.0,1.8452386856079102,True,False,True,True,0
ext_dorn_cuda_easy_00761,cuda,easy,True,True,False,0.0,0.5952377319335938,True,False,False,False,0
ext_dorn_cuda_easy_00762,cuda,easy,True,True,True,1.0,-0.47619056701660156,False,True,True,True,0
ext_dorn_cuda_easy_00763,cuda,easy,True,True,True,1.0,-3.630952835083008,False,True,True,True,0
ext_dorn_cuda_easy_00764,cuda,easy,True,True,True,1.0,-0.7142848968505859,False,True,True,True,0
ext_dorn_cuda_easy_00765,cuda,easy,True,True,False,0.0,-1.4285717010498047,False,True,False,False,0
ext_dorn_cuda_easy_00766,cuda,easy,True,True,True,1.0,-0.6547622680664062,False,True,True,True,0
ext_dorn_cuda_easy_00767,cuda,easy,True,True,False,0.0,0.5952377319335938,True,False,True,True,0
ext_dorn_cuda_easy_00768,cuda,easy,True,True,True,1.0,1.3690481185913086,True,False,True,True,0
ext_dorn_cuda_easy_00769,cuda,easy,True,False,False,0.0,0.23809528350830078,True,True,False,False,0
ext_dorn_cuda_easy_00770,cuda,easy,True,True,True,1.0,0.8928565979003906,True,False,True,True,0
ext_dorn_cuda_easy_00771,cuda,easy,True,False,False,0.0,0.059523582458496094,False,False,True,True,0
ext_dorn_cuda_easy_00772,cuda,easy,True,True,True,1.0,2.7380943298339844,True,False,True,True,0
ext_dorn_cuda_easy_00773,cuda,easy,True,False,False,1.0,-0.0595245361328125,False,False,True,True,0
ext_dorn_cuda_easy_00774,cuda,easy,True,True,True,1.0,1.607142448425293,True,False,True,True,0
ext_dorn_cuda_easy_00775,cuda,easy,True,False,False,1.0,0.2976188659667969,True,True,True,True,0
ext_dorn_cuda_easy_00776,cuda,easy,True,True,True,1.0,0.7142858505249023,True,False,True,True,0
ext_dorn_cuda_easy_00777,cuda,easy,True,False,False,0.0,-0.23809528350830078,False,False,False,False,0
ext_dorn_cuda_easy_00778,cuda,easy,True,False,False,0.0,-0.2976188659667969,True,True,False,False,0
ext_dorn_cuda_easy_00779,cuda,easy,True,False,False,0.0,-0.0595245361328125,False,False,True,True,0
ext_dorn_cuda_easy_00780,cuda,easy,True,True,True,1.0,2.202381134033203,True,False,True,True,0
ext_dorn_cuda_easy_00781,cuda,easy,True,True,True,1.0,-0.7738094329833984,False,True,True,True,0
ext_dorn_cuda_easy_00782,cuda,easy,True,True,True,1.0,0.8333330154418945,True,False,True,True,0
ext_dorn_cuda_easy_00783,cuda,easy,True,True,False,0.0,-1.5476188659667969,False,True,True,False,0
ext_dorn_cuda_easy_00784,cuda,easy,True,False,False,1.0,-0.059523582458496094,True,True,True,True,0
ext_dorn_cuda_easy_00785,cuda,easy,True,True,False,0.0,0.6547622680664062,True,False,False,False,0
ext_dorn_cuda_easy_00786,cuda,easy,True,True,True,1.0,-0.41666603088378906,False,True,True,True,0
ext_dorn_cuda_easy_00787,cuda,easy,True,False,False,,0.0,True,True,True,True,0
ext_dorn_cuda_easy_00788,cuda,easy,True,False,False,1.0,-9.5367431640625e-07,False,False,True,False,0
ext_dorn_cuda_easy_00789,cuda,easy,True,True,True,1.0,-0.2380962371826172,False,True,False,False,0
ext_dorn_cuda_easy_00790,cuda,easy,True,True,True,1.0,-1.4880952835083008,False,True,True,True,0
ext_dorn_cuda_easy_00791,cuda,easy,True,False,False,0.0,0.059523582458496094,True,True,True,False,0
ext_dorn_cuda_easy_00792,cuda,easy,True,True,True,1.0,-0.8333339691162109,False,True,True,True,0
ext_dorn_cuda_easy_00793,cuda,easy,True,True,True,1.0,-0.7738094329833984,False,True,True,True,0
ext_dorn_cuda_easy_00794,cuda,easy,True,False,False,0.0,0.0595245361328125,True,True,True,True,0
ext_dorn_cuda_easy_00795,cuda,easy,True,True,True,1.0,-1.7857141494750977,False,True,True,True,0
ext_dorn_cuda_easy_00796,cuda,easy,True,True,True,1.0,1.1309518814086914,True,False,True,True,0
ext_dorn_cuda_easy_00797,cuda,easy,True,True,True,1.0,0.7738094329833984,True,False,True,True,0
ext_dorn_cuda_easy_00798,cuda,easy,True,True,True,1.0,0.5357141494750977,True,False,False,False,0
ext_dorn_cuda_easy_00799,cuda,easy,True,True,False,0.0,0.47619056701660156,True,False,True,False,0
ext_dorn_cuda_easy_00800,cuda,easy,True,False,False,,0.0,False,False,True,False,0
ext_dorn_cuda_easy_00801,cuda,easy,True,True,True,1.0,-1.0119047164916992,False,True,True,True,0
ext_dorn_cuda_easy_00802,cuda,easy,True,True,True,1.0,2.3214282989501953,True,False,True,True,0
ext_dorn_cuda_easy_00803,cuda,easy,True,False,False,,0.0,True,True,True,True,0
ext_dorn_cuda_easy_00804,cuda,easy,True,True,True,1.0,-0.9523811340332031,False,True,True,True,0
ext_dorn_cuda_easy_00805,cuda,easy,True,True,True,1.0,0.35714244842529297,True,False,True,True,0
ext_dorn_cuda_easy_00806,cuda,easy,True,True,False,0.0,0.5952377319335938,True,False,True,False,0
ext_dorn_cuda_easy_00807,cuda,easy,True,False,False,0.0,0.11904621124267578,False,False,False,False,0
ext_dorn_cuda_easy_00808,cuda,easy,True,True,True,1.0,1.6071434020996094,True,False,True,True,0
ext_dorn_cuda_easy_00809,cuda,easy,True,True,True,1.0,1.428572654724121,True,False,True,True,0
ext_dorn_cuda_easy_00810,cuda,easy,True,True,True,1.0,0.8333339691162109,True,False,True,True,0
ext_dorn_cuda_easy_00811,cuda,easy,True,False,False,1.0,0.23809528350830078,False,False,False,False,0
ext_dorn_cuda_easy_00812,cuda,easy,True,True,False,0.0,1.0119047164916992,True,False,True,True,0
ext_dorn_cuda_easy_00813,cuda,easy,True,False,False,1.0,0.059523582458496094,False,False,False,False,0
ext_dorn_cuda_easy_00814,cuda,easy,True,False,False,0.0,0.2976198196411133,False,False,True,True,0
ext_dorn_cuda_easy_00815,cuda,easy,True,False,False,1.0,-0.059523582458496094,True,True,True,True,0
ext_dorn_cuda_easy_00816,cuda,easy,True,True,False,0.0,0.7142848968505859,True,False,True,False,0
ext_dorn_cuda_easy_00817,cuda,easy,True,True,True,1.0,-2.202381134033203,False,True,True,True,0
ext_dorn_cuda_easy_00818,cuda,easy,True,True,True,1.0,-0.892857551574707,False,True,True,True,0
ext_dorn_cuda_easy_00819,cuda,easy,True,False,False,1.0,-0.8928565979003906,False,False,False,False,0
ext_dorn_cuda_easy_00820,cuda,easy,True,True,True,1.0,1.6071434020996094,True,False,True,True,0
ext_dorn_cuda_easy_00821,cuda,easy,True,True,True,1.0,-0.6547622680664062,False,True,True,True,0
ext_dorn_cuda_easy_00822,cuda,easy,True,True,False,0.0,-1.309523582458496,False,True,False,False,0
ext_dorn_cuda_easy_00823,cuda,easy,True,True,False,0.0,-0.6547613143920898,False,True,True,True,0
ext_dorn_cuda_easy_00824,cuda,easy,True,True,True,1.0,-0.47618961334228516,False,True,True,True,0
ext_dorn_cuda_easy_00825,cuda,easy,True,True,False,0.0,0.9523820877075195,True,False,False,False,0
ext_dorn_cuda_easy_00826,cuda,easy,True,True,True,1.0,0.9523811340332031,True,False,True,True,0
ext_dorn_cuda_easy_00827,cuda,easy,True,False,False,1.0,0.23809528350830078,True,True,True,True,0
ext_dorn_cuda_easy_00828,cuda,easy,True,True,True,1.0,-1.309523582458496,False,True,True,True,0
ext_dorn_cuda_easy_00829,cuda,easy,True,False,False,1.0,0.35714244842529297,False,False,False,False,0
ext_dorn_cuda_easy_00830,cuda,easy,True,True,True,1.0,-1.3690481185913086,False,True,True,True,0
ext_dorn_cuda_easy_00831,cuda,easy,True,True,False,0.0,-0.2976198196411133,False,True,False,False,0
ext_dorn_cuda_easy_00832,cuda,easy,True,True,False,0.0,-0.1785717010498047,False,True,True,True,0
ext_dorn_cuda_easy_00833,cuda,easy,True,True,True,1.0,-0.35714244842529297,False,True,True,True,0
ext_dorn_cuda_easy_00834,cuda,easy,True,True,True,1.0,0.9523820877075195,True,False,True,False,0
ext_dorn_cuda_easy_00835,cuda,easy,True,True,True,1.0,-0.9523801803588867,False,True,True,True,0
ext_dorn_cuda_easy_00836,cuda,easy,True,True,False,0.0,-0.9523811340332031,False,True,False,False,0
ext_dorn_cuda_easy_00837,cuda,easy,True,True,False,0.0,0.8333330154418945,True,False,True,False,0
ext_dorn_cuda_easy_00838,cuda,easy,True,True,True,1.0,-2.1428565979003906,False,True,True,True,0
ext_dorn_cuda_easy_00839,cuda,easy,True,True,True,1.0,-0.5357151031494141,False,True,True,True,0
ext_dorn_cuda_easy_00840,cuda,easy,True,False,False,0.0,-0.11904716491699219,False,False,True,True,0
ext_dorn_cuda_easy_00841,cuda,easy,True,True,False,0.0,0.7738094329833984,True,False,False,False,0
ext_dorn_cuda_easy_00842,cuda,easy,True,True,True,1.0,-1.7261905670166016,False,True,True,True,0
ext_dorn_cuda_easy_00843,cuda,easy,True,True,True,1.0,-0.17857074737548828,False,True,True,True,0
ext_dorn_cuda_easy_00844,cuda,easy,True,True,False,0.0,0.47619152069091797,True,False,False,False,0
ext_dorn_cuda_easy_00845,cuda,easy,True,False,False,1.0,-0.47619056701660156,False,False,False,False,0
ext_dorn_cuda_easy_00846,cuda,easy,True,True,False,0.0,0.9523811340332031,True,False,True,False,0
ext_dorn_cuda_easy_00847,cuda,easy,True,True,True,1.0,2.142857551574707,True,False,True,True,0
ext_dorn_cuda_easy_00848,cuda,easy,True,True,False,0.0,0.47619056701660156,True,False,False,False,0
ext_dorn_cuda_easy_00849,cuda,easy,True,False,False,0.0,0.0595245361328125,True,True,True,True,0
ext_dorn_cuda_easy_00850,cuda,easy,True,True,True,1.0,0.892857551574707,True,False,True,True,0
ext_dorn_cuda_easy_00851,cuda,easy,True,True,False,0.0,-0.6547622680664062,False,True,False,False,0
ext_dorn_cuda_easy_00852,cuda,easy,True,True,True,1.0,0.23809528350830078,True,False,True,True,0
ext_dorn_cuda_easy_00853,cuda,easy,True,True,True,1.0,-1.3690471649169922,False,True,True,True,0
ext_dorn_cuda_easy_00854,cuda,easy,True,True,True,1.0,-1.8452377319335938,False,True,True,True,0
ext_dorn_cuda_easy_00855,cuda,easy,True,True,True,1.0,0.5357141494750977,True,False,True,True,0
ext_dorn_cuda_easy_00856,cuda,easy,True,True,False,0.0,-0.8333330154418945,False,True,True,False,0
ext_dorn_cuda_easy_00857,cuda,easy,True,True,True,1.0,-3.273810386657715,False,True,True,True,0
ext_dorn_cuda_easy_00858,cuda,easy,True,False,False,1.0,0.0595245361328125,False,False,False,False,0
ext_dorn_cuda_easy_00859,cuda,easy,True,True,True,1.0,-1.0714282989501953,False,True,True,True,0
ext_dorn_cuda_easy_00860,cuda,easy,True,False,False,0.0,0.1190481185913086,True,True,True,False,0
ext_dorn_cuda_easy_00861,cuda,easy,True,True,True,1.0,-1.190476417541504,False,True,True,True,0
ext_dorn_cuda_easy_00862,cuda,easy,True,True,False,0.0,1.190476417541504,True,False,False,False,0
ext_dorn_cuda_easy_00863,cuda,easy,True,True,False,0.0,-0.3571434020996094,False,True,False,False,0
ext_dorn_cuda_easy_00864,cuda,easy,True,True,False,0.0,0.47619056701660156,True,False,True,False,0
ext_dorn_cuda_easy_00865,cuda,easy,True,False,False,1.0,-0.47619056701660156,False,False,True,True,0
ext_dorn_cuda_easy_00866,cuda,easy,True,True,True,1.0,0.2976188659667969,True,False,True,True,0
ext_dorn_cuda_easy_00867,cuda,easy,True,True,False,0.0,-0.41666698455810547,False,True,True,True,0
ext_dorn_cuda_easy_00868,cuda,easy,True,True,True,1.0,-1.1309528350830078,False,True,True,True,0
ext_dorn_cuda_easy_00869,cuda,easy,True,True,True,1.0,-3.0952377319335938,False,True,True,True,0
ext_dorn_cuda_easy_00870,cuda,easy,True,True,True,1.0,-0.41666698455810547,False,True,False,False,0
ext_dorn_cuda_easy_00871,cuda,easy,True,True,True,1.0,0.41666698455810547,True,False,True,True,0
ext_dorn_cuda_easy_00872,cuda,easy,True,True,False,0.0,-0.5952386856079102,False,True,True,True,0
ext_dorn_cuda_easy_00873,cuda,easy,True,True,False,0.0,-0.8333330154418945,False,True,True,True,0
ext_dorn_cuda_easy_00874,cuda,easy,True,True,True,1.0,0.23809432983398438,True,False,True,True,0
ext_dorn_cuda_easy_00875,cuda,easy,True,True,True,1.0,-1.3690481185913086,False,True,True,True,0
ext_dorn_cuda_easy_00876,cuda,easy,True,True,True,1.0,-1.4285707473754883,False,True,True,True,0
ext_dorn_cuda_easy_00877,cuda,easy,True,True,True,1.0,-0.059523582458496094,False,True,False,False,0
ext_dorn_cuda_easy_00878,cuda,easy,True,True,False,0.0,-0.7738094329833984,False,True,True,False,0
ext_dorn_cuda_easy_00879,cuda,easy,True,True,True,1.0,-0.2976188659667969,False,True,True,True,0
ext_dorn_cuda_easy_00880,cuda,easy,True,False,False,0.0,-0.23809528350830078,False,False,False,False,0
ext_dorn_cuda_easy_00881,cuda,easy,True,True,True,1.0,0.47619056701660156,True,False,True,True,0
ext_dorn_cuda_easy_00882,cuda,easy,True,False,False,0.0,-0.1785717010498047,True,True,True,True,0
ext_dorn_cuda_easy_00883,cuda,easy,True,False,False,0.0,-0.0595245361328125,False,False,True,True,0
ext_dorn_cuda_easy_00884,cuda,easy,True,True,True,1.0,1.7857141494750977,True,False,True,True,0
ext_dorn_cuda_easy_00885,cuda,easy,True,True,False,0.0,1.7261905670166016,True,False,False,False,0
ext_dorn_cuda_easy_00886,cuda,easy,True,True,True,1.0,-0.4166679382324219,False,True,True,True,0
ext_dorn_cuda_easy_00887,cuda,easy,True,True,True,1.0,-0.6547613143920898,False,True,True,False,0
ext_dorn_cuda_easy_00888,cuda,easy,True,True,True,1.0,1.8452386856079102,True,False,True,True,0
ext_dorn_cuda_easy_00889,cuda,easy,True,False,False,0.0,-0.23809528350830078,False,False,True,True,0
ext_dorn_cuda_easy_00890,cuda,easy,True,True,False,0.0,0.41666698455810547,True,False,True,True,0
ext_dorn_cuda_easy_00891,cuda,easy,True,False,False,0.0,-0.1785717010498047,False,False,True,True,0
ext_dorn_cuda_easy_00892,cuda,easy,True,True,False,0.0,2.0238094329833984,True,False,True,False,0
ext_dorn_cuda_easy_00893,cuda,easy,True,True,True,1.0,-3.4523801803588867,False,True,True,True,0
ext_dorn_cuda_easy_00894,cuda,easy,True,True,False,0.0,1.726191520690918,True,False,False,False,0
ext_dorn_cuda_easy_00895,cuda,easy,True,False,False,0.0,0.1190481185913086,False,False,True,True,0
ext_dorn_cuda_easy_00896,cuda,easy,True,False,False,1.0,0.05952262878417969,False,False,True,False,0
ext_dorn_cuda_easy_00897,cuda,easy,True,True,True,1.0,0.41666603088378906,True,False,False,False,0
ext_dorn_cuda_easy_00898,cuda,easy,True,True,False,0.0,1.1309518814086914,True,False,False,False,0
ext_dorn_cuda_easy_00899,cuda,easy,True,True,True,1.0,0.35714244842529297,True,False,True,True,0
ext_dorn_cuda_easy_00900,cuda,easy,True,True,True,1.0,-0.6547613143920898,False,True,True,True,0
ext_dorn_cuda_easy_00901,cuda,easy,True,True,True,1.0,2.738095283508301,True,False,True,True,0
ext_dorn_cuda_easy_00902,cuda,easy,True,True,True,1.0,1.607142448425293,True,False,True,True,0
ext_dorn_cuda_easy_00903,cuda,easy,True,True,True,1.0,-1.9047613143920898,False,True,True,True,0
ext_dorn_cuda_easy_00904,cuda,easy,True,True,False,0.0,-2.1428565979003906,False,True,True,False,0
ext_dorn_cuda_easy_00905,cuda,easy,True,True,True,1.0,-1.6071434020996094,False,True,True,True,0
ext_dorn_cuda_easy_00906,cuda,easy,True,True,False,0.0,0.892857551574707,True,False,True,False,0
ext_dorn_cuda_easy_00907,cuda,easy,True,True,True,1.0,1.9047613143920898,True,False,True,True,0
ext_dorn_cuda_easy_00908,cuda,easy,True,True,False,0.0,0.47619056701660156,True,False,True,True,0
ext_dorn_cuda_easy_00909,cuda,easy,True,True,True,1.0,0.1190481185913086,True,False,True,True,0
ext_dorn_cuda_easy_00910,cuda,easy,True,True,False,0.0,-0.29761791229248047,False,True,True,False,0
ext_dorn_cuda_easy_00911,cuda,easy,True,True,True,1.0,1.8452386856079102,True,False,True,True,0
ext_dorn_cuda_easy_00912,cuda,easy,True,True,False,0.0,-0.7142848968505859,False,True,True,False,0
ext_dorn_cuda_easy_00913,cuda,easy,True,True,False,0.0,0.35714244842529297,True,False,False,False,0
ext_dorn_cuda_easy_00914,cuda,easy,True,False,False,1.0,0.0595245361328125,False,False,True,False,0
ext_dorn_cuda_easy_00915,cuda,easy,True,False,False,,0.0,True,True,False,False,0
ext_dorn_cuda_easy_00916,cuda,easy,True,True,False,0.0,0.7142858505249023,True,False,False,False,0
ext_dorn_cuda_easy_00917,cuda,easy,True,True,True,1.0,2.5,True,False,True,True,0
ext_dorn_cuda_easy_00918,cuda,easy,True,False,False,1.0,-0.1785717010498047,False,False,True,True,0
ext_dorn_cuda_easy_00919,cuda,easy,True,True,True,1.0,-0.6547632217407227,False,True,True,True,0
ext_dorn_cuda_easy_00920,cuda,easy,True,True,True,1.0,0.5952386856079102,True,False,True,True,0
ext_dorn_cuda_easy_00921,cuda,easy,True,True,True,1.0,-0.8928565979003906,False,True,True,True,0
ext_dorn_cuda_easy_00922,cuda,easy,True,True,False,0.0,-0.29761791229248047,False,True,True,True,0
ext_dorn_cuda_easy_00923,cuda,easy,True,True,True,1.0,0.3571434020996094,True,False,True,True,0
ext_dorn_cuda_easy_00924,cuda,easy,True,True,True,1.0,-1.4285717010498047,False,True,True,True,0
ext_dorn_cuda_easy_00925,cuda,easy,True,True,True,1.0,1.9047622680664062,True,False,False,False,0
ext_dorn_cuda_easy_00926,cuda,easy,True,False,False,1.0,0.059523582458496094,False,False,True,True,0
ext_dorn_cuda_easy_00927,cuda,easy,True,False,False,1.0,-0.4166679382324219,False,False,True,True,0
ext_dorn_cuda_easy_00928,cuda,easy,True,True,True,1.0,-0.47619056701660156,False,True,True,True,0
ext_dorn_cuda_easy_00929,cuda,easy,True,True,True,1.0,-0.2976188659667969,False,True,False,False,0
ext_dorn_cuda_easy_00930,cuda,easy,True,True,True,1.0,0.9523811340332031,True,False,True,True,0
ext_dorn_cuda_easy_00931,cuda,easy,True,True,True,1.0,-1.4880952835083008,False,True,True,True,0
ext_dorn_cuda_easy_00932,cuda,easy,True,True,False,0.0,0.5952377319335938,True,False,False,False,0
ext_dorn_cuda_easy_00933,cuda,easy,True,True,True,1.0,0.2976188659667969,True,False,True,True,0
ext_dorn_cuda_easy_00934,cuda,easy,True,True,False,0.0,0.5952377319335938,True,False,True,False,0
ext_dorn_cuda_easy_00935,cuda,easy,True,True,True,1.0,-0.8928565979003906,False,True,False,False,0
ext_dorn_cuda_easy_00936,cuda,easy,True,True,True,1.0,-0.7738094329833984,False,True,True,True,0
ext_dorn_cuda_easy_00937,cuda,easy,True,False,False,1.0,0.11904716491699219,True,True,False,False,0
ext_dorn_cuda_easy_00938,cuda,easy,True,False,False,1.0,0.7738094329833984,True,True,True,True,0
ext_dorn_cuda_easy_00939,cuda,easy,True,True,True,1.0,1.4880943298339844,True,False,True,True,0
ext_dorn_cuda_easy_00940,cuda,easy,True,False,False,0.0,0.2976198196411133,True,True,True,True,0
ext_dorn_cuda_easy_00941,cuda,easy,True,True,True,1.0,1.6071434020996094,True,False,True,True,0
ext_dorn_cuda_easy_00942,cuda,easy,True,False,False,1.0,0.41666698455810547,True,True,False,False,0
ext_dorn_cuda_easy_00943,cuda,easy,True,True,True,1.0,-0.1190481185913086,False,True,True,True,0
ext_dorn_cuda_easy_00944,cuda,easy,True,True,True,1.0,-0.7142868041992188,False,True,True,True,0
ext_dorn_cuda_easy_00945,cuda,easy,True,True,True,1.0,-1.309523582458496,False,True,True,True,0
ext_dorn_cuda_easy_00946,cuda,easy,True,True,True,1.0,1.0714302062988281,True,False,True,True,0
ext_dorn_cuda_easy_00947,cuda,easy,True,True,False,0.0,0.5357131958007812,True,False,True,True,0
ext_dorn_cuda_easy_00948,cuda,easy,True,True,True,1.0,1.9642858505249023,True,False,True,True,0
ext_dorn_cuda_easy_00949,cuda,easy,True,False,False,1.0,-0.1785717010498047,True,True,True,True,0
ext_dorn_cuda_easy_00950,cuda,easy,True,False,False,,0.0,True,True,True,False,0
ext_dorn_cuda_easy_00951,cuda,easy,True,True,True,1.0,2.142857551574707,True,False,True,True,0
ext_dorn_cuda_easy_00952,cuda,easy,True,True,True,1.0,-0.7738094329833984,False,True,True,True,0
ext_dorn_cuda_easy_00953,cuda,easy,True,True,True,1.0,0.41666698455810547,True,False,True,True,0
ext_dorn_cuda_easy_00954,cuda,easy,True,True,True,1.0,-0.47618961334228516,False,True,True,False,0
ext_dorn_cuda_easy_00955,cuda,easy,True,True,True,1.0,-3.15476131439209,False,True,True,True,0
ext_dorn_cuda_easy_00956,cuda,easy,True,True,False,0.0,0.35714244842529297,True,False,False,False,0
ext_dorn_cuda_easy_00957,cuda,easy,True,True,True,1.0,0.5357151031494141,True,False,False,False,0
ext_dorn_cuda_easy_00958,cuda,easy,True,False,False,1.0,0.059523582458496094,False,False,True,True,0
ext_dorn_cuda_easy_00959,cuda,easy,True,False,False,,0.0,True,True,True,False,0
ext_dorn_cuda_easy_00960,cuda,easy,True,True,True,1.0,-0.41666603088378906,False,True,True,True,0
ext_dorn_cuda_easy_00961,cuda,easy,True,True,True,1.0,0.2976188659667969,True,False,False,False,0
ext_dorn_cuda_easy_00962,cuda,easy,True,False,False,0.0,0.059523582458496094,True,True,True,True,0
ext_dorn_cuda_easy_00963,cuda,easy,True,True,True,1.0,0.6547613143920898,True,False,True,True,0
ext_dorn_cuda_easy_00964,cuda,easy,True,True,True,1.0,-0.23809528350830078,False,True,True,True,0
ext_dorn_cuda_easy_00965,cuda,easy,True,True,True,1.0,-2.3214292526245117,False,True,True,True,0
ext_dorn_cuda_easy_00966,cuda,easy,True,True,True,1.0,2.083333969116211,True,False,True,True,0
ext_dorn_cuda_easy_00967,cuda,easy,True,False,False,0.0,0.0595245361328125,False,False,False,False,0
ext_dorn_cuda_easy_00968,cuda,easy,True,True,True,1.0,-0.5952386856079102,False,True,True,True,0
ext_dorn_cuda_easy_00969,cuda,easy,True,False,False,0.0,-0.0595245361328125,True,True,True,True,0
ext_dorn_cuda_easy_00970,cuda,easy,True,True,True,1.0,-0.8333330154418945,False,True,True,True,0
ext_dorn_cuda_easy_00971,cuda,easy,True,True,False,0.0,0.47618961334228516,True,False,False,False,0
ext_dorn_cuda_easy_00972,cuda,easy,True,True,False,0.0,-1.1309528350830078,False,True,False,False,0
ext_dorn_cuda_easy_00973,cuda,easy,True,True,True,1.0,-1.7857141494750977,False,True,True,True,0
ext_dorn_cuda_easy_00974,cuda,easy,True,True,False,0.0,-0.892857551574707,False,True,False,False,0
ext_dorn_cuda_easy_00975,cuda,easy,True,True,True,1.0,1.0119047164916992,True,False,True,True,0
ext_dorn_cuda_easy_00976,cuda,easy,True,True,True,1.0,-0.2380962371826172,False,True,True,True,0
ext_dorn_cuda_easy_00977,cuda,easy,True,True,False,0.0,-0.2976198196411133,False,True,False,False,0
ext_dorn_cuda_easy_00978,cuda,easy,True,True,False,0.0,1.9047632217407227,True,False,False,False,0
ext_dorn_cuda_easy_00979,cuda,easy,True,True,False,0.0,-0.2976198196411133,False,True,True,True,0
ext_dorn_cuda_easy_00980,cuda,easy,True,True,True,1.0,-2.619047164916992,False,True,True,True,0
ext_dorn_cuda_easy_00981,cuda,easy,True,True,True,1.0,-1.9642858505249023,False,True,True,True,0
ext_dorn_cuda_easy_00982,cuda,easy,True,True,False,0.0,0.892857551574707,True,False,False,False,0
ext_dorn_cuda_easy_00983,cuda,easy,True,True,False,0.0,0.7142848968505859,True,False,True,True,0
ext_dorn_cuda_easy_00984,cuda,easy,True,True,True,1.0,0.5952386856079102,True,False,True,True,0
ext_dorn_cuda_easy_00985,cuda,easy,True,True,True,1.0,3.09523868560791,True,False,True,True,0
ext_dorn_cuda_easy_00986,cuda,easy,True,True,True,1.0,0.1190481185913086,True,False,True,True,0
ext_dorn_cuda_easy_00987,cuda,easy,True,False,False,0.0,-0.11904716491699219,True,True,False,False,0
ext_dorn_cuda_easy_00988,cuda,easy,True,True,False,0.0,-0.11904716491699219,False,True,True,True,0
ext_dorn_cuda_easy_00989,cuda,easy,True,True,True,1.0,-0.7738094329833984,False,True,True,True,0
ext_dorn_cuda_easy_00990,cuda,easy,True,True,False,0.0,-1.0714292526245117,False,True,True,False,0
ext_dorn_cuda_easy_00991,cuda,easy,True,True,False,0.0,-1.4285707473754883,False,True,True,False,0
ext_dorn_cuda_easy_00992,cuda,easy,True,True,True,1.0,-1.0119037628173828,False,True,True,True,0
ext_dorn_cuda_easy_00993,cuda,easy,True,True,False,0.0,0.7142858505249023,True,False,False,False,0
ext_dorn_cuda_easy_00994,cuda,easy,True,False,False,1.0,0.1785717010498047,True,True,True,True,0
ext_dorn_cuda_easy_00995,cuda,easy,True,False,False,1.0,-0.2976188659667969,True,True,True,True,0
ext_dorn_cuda_easy_00996,cuda,easy,True,True,False,0.0,0.8928565979003906,True,False,True,False,0
ext_dorn_cuda_easy_00997,cuda,easy,True,True,False,0.0,-1.1309518814086914,False,True,False,False,0
ext_dorn_cuda_easy_00998,cuda,easy,True,False,False,0.0,-0.23809528350830078,False,False,False,False,0
ext_dorn_cuda_easy_00999,cuda,easy,True,True,False,0.0,-0.892857551574707,False,True,True,False,0
ext_dorn_cuda_medium_01000,cuda,medium,True,True,False,0.0,0.5357141494750977,True,False,False,False,0
ext_dorn_cuda_medium_01001,cuda,medium,True,True,False,0.0,-0.5952386856079102,False,True,False,False,0
ext_dorn_cuda_medium_01002,cuda,medium,True,False,False,0.0,-0.0595245361328125,False,False,False,False,0
ext_dorn_cuda_medium_01003,cuda,medium,True,True,False,0.0,-1.0714292526245117,False,True,True,False,0
ext_dorn_cuda_medium_01004,cuda,medium,True,False,False,1.0,0.1785726547241211,False,False,False,False,0
ext_dorn_cuda_medium_01005,cuda,medium,True,True,False,0.0,-0.5357141494750977,False,True,False,False,0
ext_dorn_cuda_medium_01006,cuda,medium,True,True,True,1.0,-0.2976198196411133,False,True,True,True,0
ext_dorn_cuda_medium_01007,cuda,medium,True,True,False,0.0,-0.41666698455810547,False,True,True,False,0
ext_dorn_cuda_medium_01008,cuda,medium,True,False,False,0.0,-0.059523582458496094,True,True,False,False,0
ext_dorn_cuda_medium_01009,cuda,medium,True,True,True,1.0,-1.3095226287841797,False,True,True,True,0
ext_dorn_cuda_medium_01010,cuda,medium,True,True,True,1.0,-0.41666603088378906,False,True,False,False,0
ext_dorn_cuda_medium_01011,cuda,medium,True,False,False,0.0,9.5367431640625e-07,False,False,True,True,0
ext_dorn_cuda_medium_01012,cuda,medium,True,True,True,1.0,1.9047613143920898,True,False,True,True,0
ext_dorn_cuda_medium_01013,cuda,medium,True,True,True,1.0,1.1309528350830078,True,False,True,True,0
ext_dorn_cuda_medium_01014,cuda,medium,True,True,False,0.0,1.25,True,False,True,False,0
ext_dorn_cuda_medium_01015,cuda,medium,True,True,False,0.0,-1.1309528350830078,False,True,True,False,0
ext_dorn_cuda_medium_01016,cuda,medium,True,True,False,0.0,0.23809432983398438,True,False,True,True,0
ext_dorn_cuda_medium_01017,cuda,medium,True,False,False,0.0,-0.1190481185913086,True,True,False,False,0
ext_dorn_cuda_medium_01018,cuda,medium,True,False,False,,0.0,False,False,False,False,0
ext_dorn_cuda_medium_01019,cuda,medium,True,True,True,1.0,0.5357141494750977,True,False,True,True,0
ext_dorn_cuda_medium_01020,cuda,medium,True,True,False,0.0,0.41666698455810547,True,False,True,False,0
ext_dorn_cuda_medium_01021,cuda,medium,True,True,False,0.0,-0.5357151031494141,False,True,True,True,0
ext_dorn_cuda_medium_01022,cuda,medium,True,True,True,1.0,-1.8452386856079102,False,True,True,True,0
ext_dorn_cuda_medium_01023,cuda,medium,True,True,False,0.0,0.8928565979003906,True,False,False,False,0
ext_dorn_cuda_medium_01024,cuda,medium,True,True,False,0.0,0.29761791229248047,True,False,True,True,0
ext_dorn_cuda_medium_01025,cuda,medium,True,False,False,1.0,9.5367431640625e-07,False,False,True,True,0
ext_dorn_cuda_medium_01026,cuda,medium,True,True,True,1.0,0.1190481185913086,True,False,False,False,0
ext_dorn_cuda_medium_01027,cuda,medium,True,True,True,1.0,1.1309528350830078,True,False,True,True,0
ext_dorn_cuda_medium_01028,cuda,medium,True,False,False,0.0,0.2976188659667969,True,True,True,True,0
ext_dorn_cuda_medium_01029,cuda,medium,True,True,False,0.0,-0.1190481185913086,False,True,True,False,0
ext_dorn_cuda_medium_01030,cuda,medium,True,True,True,1.0,1.7857141494750977,True,False,True,True,0
ext_dorn_cuda_medium_01031,cuda,medium,True,True,True,1.0,-0.6547613143920898,False,True,True,True,0
ext_dorn_cuda_medium_01032,cuda,medium,True,True,True,1.0,0.7142858505249023,True,False,False,False,0
ext_dorn_cuda_medium_01033,cuda,medium,True,True,False,0.0,0.5357151031494141,True,False,True,False,0
ext_dorn_cuda_medium_01034,cuda,medium,True,True,True,1.0,1.1309528350830078,True,False,True,True,0
ext_dorn_cuda_medium_01035,cuda,medium,True,True,False,0.0,-1.3690471649169922,False,True,False,False,0
ext_dorn_cuda_medium_01036,cuda,medium,True,True,True,1.0,0.7142848968505859,True,False,True,True,0
ext_dorn_cuda_medium_01037,cuda,medium,True,True,True,1.0,0.7142858505249023,True,False,False,False,0
ext_dorn_cuda_medium_01038,cuda,medium,True,False,False,1.0,0.2380962371826172,False,False,False,False,0
ext_dorn_cuda_medium_01039,cuda,medium,True,True,True,1.0,0.2976188659667969,True,False,True,True,0
ext_dorn_cuda_medium_01040,cuda,medium,True,True,False,0.0,0.8333339691162109,True,False,False,False,0
ext_dorn_cuda_medium_01041,cuda,medium,True,True,True,1.0,-2.738096237182617,False,True,True,True,0
ext_dorn_cuda_medium_01042,cuda,medium,True,True,True,1.0,-0.7738103866577148,False,True,True,True,0
ext_dorn_cuda_medium_01043,cuda,medium,True,True,False,0.0,-0.6547622680664062,False,True,False,False,0
ext_dorn_cuda_medium_01044,cuda,medium,True,True,False,0.0,0.7738094329833984,True,False,True,False,0
ext_dorn_cuda_medium_01045,cuda,medium,True,True,False,0.0,0.5357141494750977,True,False,False,False,0
ext_dorn_cuda_medium_01046,cuda,medium,True,True,False,0.0,-0.1190481185913086,False,True,False,False,0
ext_dorn_cuda_medium_01047,cuda,medium,True,True,False,0.0,0.2976198196411133,True,False,True,False,0
ext_dorn_cuda_medium_01048,cuda,medium,True,False,False,0.0,0.1190481185913086,True,True,True,False,0
ext_dorn_cuda_medium_01049,cuda,medium,True,True,True,1.0,-0.9523811340332031,False,True,True,False,0
ext_dorn_cuda_medium_01050,cuda,medium,True,True,False,0.0,0.2976188659667969,True,False,True,False,0
ext_dorn_cuda_medium_01051,cuda,medium,True,True,False,0.0,-1.0714282989501953,False,True,True,True,0
ext_dorn_cuda_medium_01052,cuda,medium,True,False,False,0.0,0.2976188659667969,False,False,True,True,0
ext_dorn_cuda_medium_01053,cuda,medium,True,True,False,0.0,0.23809528350830078,True,False,False,False,0
ext_dorn_cuda_medium_01054,cuda,medium,True,True,False,0.0,0.7738094329833984,True,False,True,True,0
ext_dorn_cuda_medium_01055,cuda,medium,True,True,False,0.0,0.2380962371826172,True,False,True,True,0
ext_dorn_cuda_medium_01056,cuda,medium,True,False,False,0.0,-0.17857074737548828,False,False,False,False,0
ext_dorn_cuda_medium_01057,cuda,medium,True,True,True,1.0,0.892857551574707,True,False,True,True,0
ext_dorn_cuda_medium_01058,cuda,medium,True,True,False,0.0,-0.8333330154418945,False,True,True,False,0
ext_dorn_cuda_medium_01059,cuda,medium,True,True,True,1.0,-0.7738094329833984,False,True,False,False,0
ext_dorn_cuda_medium_01060,cuda,medium,True,True,False,0.0,-0.23809432983398438,False,True,True,True,0
ext_dorn_cuda_medium_01061,cuda,medium,True,True,False,0.0,-0.7142858505249023,False,True,False,False,0
ext_dorn_cuda_medium_01062,cuda,medium,True,False,False,1.0,-0.059523582458496094,True,True,True,True,0
ext_dorn_cuda_medium_01063,cuda,medium,True,True,True,1.0,0.1785726547241211,True,False,True,True,0
ext_dorn_cuda_medium_01064,cuda,medium,True,True,True,1.0,-0.3571434020996094,False,True,True,True,0
ext_dorn_cuda_medium_01065,cuda,medium,True,False,False,1.0,0.1785717010498047,True,True,True,True,0
ext_dorn_cuda_medium_01066,cuda,medium,True,True,True,1.0,0.41666698455810547,True,False,False,False,0
ext_dorn_cuda_medium_01067,cuda,medium,True,True,True,1.0,0.41666698455810547,True,False,True,True,0
ext_dorn_cuda_medium_01068,cuda,medium,True,True,True,1.0,0.1190481185913086,True,False,True,True,0
ext_dorn_cuda_medium_01069,cuda,medium,True,True,True,1.0,-0.23809528350830078,False,True,True,True,0
ext_dorn_cuda_medium_01070,cuda,medium,True,True,True,1.0,1.0714282989501953,True,False,True,True,0
ext_dorn_cuda_medium_01071,cuda,medium,True,True,False,0.0,-0.47619056701660156,False,True,False,False,0
ext_dorn_cuda_medium_01072,cuda,medium,True,True,True,1.0,1.0714282989501953,True,False,True,True,0
ext_dorn_cuda_medium_01073,cuda,medium,True,False,False,1.0,-0.11904716491699219,False,False,True,True,0
ext_dorn_cuda_medium_01074,cuda,medium,True,True,True,1.0,-1.0119047164916992,False,True,True,True,0
ext_dorn_cuda_medium_01075,cuda,medium,True,True,True,1.0,2.619047164916992,True,False,True,True,0
ext_dorn_cuda_medium_01076,cuda,medium,True,True,False,0.0,-0.29761791229248047,False,True,True,True,0
ext_dorn_cuda_medium_01077,cuda,medium,True,True,True,1.0,0.8928565979003906,True,False,True,True,0
ext_dorn_cuda_medium_01078,cuda,medium,True,True,True,1.0,0.1785726547241211,True,False,True,True,0
ext_dorn_cuda_medium_01079,cuda,medium,True,True,False,0.0,-0.9523811340332031,False,True,True,False,0
ext_dorn_cuda_medium_01080,cuda,medium,True,True,True,1.0,-0.17857074737548828,False,True,True,True,0
ext_dorn_cuda_medium_01081,cuda,medium,True,False,False,1.0,-0.0595245361328125,True,True,False,False,0
ext_dorn_cuda_medium_01082,cuda,medium,True,True,True,1.0,0.47619056701660156,True,False,True,True,0
ext_dorn_cuda_medium_01083,cuda,medium,True,True,True,1.0,0.41666698455810547,True,False,True,True,0
ext_dorn_cuda_medium_01084,cuda,medium,True,False,False,0.0,9.5367431640625e-07,False,False,True,False,0
ext_dorn_cuda_medium_01085,cuda,medium,True,False,False,1.0,-0.5357141494750977,True,True,True,True,0
ext_dorn_cuda_medium_01086,cuda,medium,True,True,False,0.0,-0.8333330154418945,False,True,False,False,0
ext_dorn_cuda_medium_01087,cuda,medium,True,True,True,1.0,1.0119047164916992,True,False,True,True,0
ext_dorn_cuda_medium_01088,cuda,medium,True,True,True,1.0,-2.5,False,True,True,True,0
ext_dorn_cuda_medium_01089,cuda,medium,True,True,False,0.0,1.1309518814086914,True,False,True,False,0
ext_dorn_cuda_medium_01090,cuda,medium,True,True,True,1.0,-1.309523582458496,False,True,False,False,0
ext_dorn_cuda_medium_01091,cuda,medium,True,True,True,1.0,0.9523811340332031,True,False,True,True,0
ext_dorn_cuda_medium_01092,cuda,medium,True,True,True,1.0,0.7738094329833984,True,False,True,True,0
ext_dorn_cuda_medium_01093,cuda,medium,True,False,False,1.0,9.5367431640625e-07,False,False,False,False,0
ext_dorn_cuda_medium_01094,cuda,medium,True,True,True,1.0,0.8928565979003906,True,False,False,False,0
ext_dorn_cuda_medium_01095,cuda,medium,True,True,False,0.0,-1.5476188659667969,False,True,False,False,0
ext_dorn_cuda_medium_01096,cuda,medium,True,True,False,0.0,0.7738094329833984,True,False,True,False,0
ext_dorn_cuda_medium_01097,cuda,medium,True,False,False,0.0,0.1785726547241211,False,False,True,True,0
ext_dorn_cuda_medium_01098,cuda,medium,True,True,False,0.0,-2.023808479309082,False,True,True,False,0
ext_dorn_cuda_medium_01099,cuda,medium,True,False,False,1.0,9.5367431640625e-07,False,False,True,True,0
ext_dorn_cuda_medium_01100,cuda,medium,True,True,True,1.0,-0.8333330154418945,False,True,True,True,0
ext_dorn_cuda_medium_01101,cuda,medium,True,True,True,1.0,-2.0238094329833984,False,True,True,True,0
ext_dorn_cuda_medium_01102,cuda,medium,True,False,False,1.0,0.6547613143920898,False,False,True,True,0
ext_dorn_cuda_medium_01103,cuda,medium,True,False,False,,0.0,False,False,False,False,0
ext_dorn_cuda_medium_01104,cuda,medium,True,True,True,1.0,-0.11904716491699219,False,True,False,False,0
ext_dorn_cuda_medium_01105,cuda,medium,True,True,True,1.0,-1.5476198196411133,False,True,True,True,0
ext_dorn_cuda_medium_01106,cuda,medium,True,True,True,1.0,0.7142858505249023,True,False,True,True,0
ext_dorn_cuda_medium_01107,cuda,medium,True,True,False,0.0,-0.1785717010498047,False,True,True,True,0
ext_dorn_cuda_medium_01108,cuda,medium,True,True,False,0.0,-0.11904716491699219,False,True,True,True,0
ext_dorn_cuda_medium_01109,cuda,medium,True,True,False,0.0,1.6071434020996094,True,False,False,False,0
ext_dorn_cuda_medium_01110,cuda,medium,True,True,False,0.0,-2.0238094329833984,False,True,False,False,0
ext_dorn_cuda_medium_01111,cuda,medium,True,False,False,1.0,0.1190481185913086,True,True,True,False,0
ext_dorn_cuda_medium_01112,cuda,medium,True,True,False,0.0,1.4285717010498047,True,False,True,False,0
ext_dorn_cuda_medium_01113,cuda,medium,True,True,True,1.0,0.5357141494750977,True,False,False,False,0
ext_dorn_cuda_medium_01114,cuda,medium,True,True,True,1.0,0.8928565979003906,True,False,True,True,0
ext_dorn_cuda_medium_01115,cuda,medium,True,True,True,1.0,0.8928565979003906,True,False,True,True,0
ext_dorn_cuda_medium_01116,cuda,medium,True,True,False,0.0,-0.9523801803588867,False,True,True,False,0
ext_dorn_cuda_medium_01117,cuda,medium,True,True,True,1.0,-1.3690462112426758,False,True,True,True,0
ext_dorn_cuda_medium_01118,cuda,medium,True,True,False,0.0,2.6785717010498047,True,False,True,False,0
ext_dorn_cuda_medium_01119,cuda,medium,True,True,False,0.0,0.7142848968505859,True,False,True,False,0
ext_dorn_cuda_medium_01120,cuda,medium,True,False,False,0.0,-0.23809432983398438,False,False,False,False,0
ext_dorn_cuda_medium_01121,cuda,medium,True,True,True,1.0,0.5357141494750977,True,False,False,False,0
ext_dorn_cuda_medium_01122,cuda,medium,True,True,True,1.0,0.5357141494750977,True,False,True,True,0
ext_dorn_cuda_medium_01123,cuda,medium,True,True,False,0.0,1.0714282989501953,True,False,True,False,0
ext_dorn_cuda_medium_01124,cuda,medium,True,True,True,1.0,0.7142848968505859,True,False,True,True,0
ext_dorn_cuda_medium_01125,cuda,medium,True,True,False,0.0,-0.6547622680664062,False,True,True,True,0
ext_dorn_cuda_medium_01126,cuda,medium,True,True,True,1.0,-0.5357141494750977,False,True,True,True,0
ext_dorn_cuda_medium_01127,cuda,medium,True,True,True,1.0,1.1309518814086914,True,False,True,True,0
ext_dorn_cuda_medium_01128,cuda,medium,True,True,True,1.0,1.0714282989501953,True,False,True,False,0
ext_dorn_cuda_medium_01129,cuda,medium,True,True,True,1.0,1.607142448425293,True,False,True,True,0
ext_dorn_cuda_medium_01130,cuda,medium,True,True,True,1.0,-2.8571434020996094,False,True,True,True,0
ext_dorn_cuda_medium_01131,cuda,medium,True,True,False,0.0,0.7738103866577148,True,False,False,False,0
ext_dorn_cuda_medium_01132,cuda,medium,True,False,False,0.0,0.05952262878417969,True,True,True,False,0
ext_dorn_cuda_medium_01133,cuda,medium,True,True,True,1.0,1.1309518814086914,True,False,True,True,0
ext_dorn_cuda_medium_01134,cuda,medium,True,True,True,1.0,0.47619056701660156,True,False,True,True,0
ext_dorn_cuda_medium_01135,cuda,medium,True,True,False,0.0,-1.3690481185913086,False,True,True,False,0
ext_dorn_cuda_medium_01136,cuda,medium,True,True,False,0.0,1.6071434020996094,True,False,False,False,0
ext_dorn_cuda_medium_01137,cuda,medium,True,True,True,1.0,0.7738094329833984,True,False,True,True,0
ext_dorn_cuda_medium_01138,cuda,medium,True,True,True,1.0,-0.1785717010498047,False,True,True,True,0
ext_dorn_cuda_medium_01139,cuda,medium,True,True,True,1.0,-0.7142858505249023,False,True,False,False,0
ext_dorn_cuda_medium_01140,cuda,medium,True,True,True,1.0,0.47619056701660156,True,False,True,True,0
ext_dorn_cuda_medium_01141,cuda,medium,True,True,True,1.0,-0.7142858505249023,False,True,False,False,0
ext_dorn_cuda_medium_01142,cuda,medium,True,True,True,1.0,-0.5357151031494141,False,True,True,True,0
ext_dorn_cuda_medium_01143,cuda,medium,True,True,True,1.0,-1.785715103149414,False,True,True,True,0
ext_dorn_cuda_medium_01144,cuda,medium,True,True,False,0.0,1.0714282989501953,True,False,False,False,0
ext_dorn_cuda_medium_01145,cuda,medium,True,True,False,0.0,0.5357131958007812,True,False,True,True,0
ext_dorn_cuda_medium_01146,cuda,medium,True,True,False,0.0,-1.4880943298339844,False,True,True,False,0
ext_dorn_cuda_medium_01147,cuda,medium,True,True,False,0.0,0.5952386856079102,True,False,False,False,0
ext_dorn_cuda_medium_01148,cuda,medium,True,True,True,1.0,-2.440476417541504,False,True,True,True,0
ext_dorn_cuda_medium_01149,cuda,medium,True,True,True,1.0,-0.2976188659667969,False,True,True,True,0
ext_dorn_cuda_medium_01150,cuda,medium,True,True,False,0.0,-0.47619056701660156,False,True,False,False,0
ext_dorn_cuda_medium_01151,cuda,medium,True,True,True,1.0,-0.2976188659667969,False,True,True,True,0
ext_dorn_cuda_medium_01152,cuda,medium,True,False,False,0.0,0.11904716491699219,False,False,True,True,0
ext_dorn_cuda_medium_01153,cuda,medium,True,False,False,1.0,-0.0595245361328125,True,True,True,False,0
ext_dorn_cuda_medium_01154,cuda,medium,True,True,True,1.0,-1.0119037628173828,False,True,True,True,0
ext_dorn_cuda_medium_01155,cuda,medium,True,True,True,1.0,-0.7738094329833984,False,True,False,False,0
ext_dorn_cuda_medium_01156,cuda,medium,True,True,True,1.0,0.6547622680664062,True,False,True,True,0
ext_dorn_cuda_medium_01157,cuda,medium,True,False,False,0.0,-0.059523582458496094,False,False,True,True,0
ext_dorn_cuda_medium_01158,cuda,medium,True,True,True,1.0,-1.5476179122924805,False,True,True,True,0
ext_dorn_cuda_medium_01159,cuda,medium,True,True,False,0.0,0.2976188659667969,True,False,True,False,0
ext_dorn_cuda_medium_01160,cuda,medium,True,True,True,1.0,0.3571434020996094,True,False,True,True,0
ext_dorn_cuda_medium_01161,cuda,medium,True,True,True,1.0,1.309523582458496,True,False,True,True,0
ext_dorn_cuda_medium_01162,cuda,medium,True,True,False,0.0,-1.5476188659667969,False,True,True,False,0
ext_dorn_cuda_medium_01163,cuda,medium,True,True,True,1.0,0.7142848968505859,True,False,True,True,0
ext_dorn_cuda_medium_01164,cuda,medium,True,True,True,1.0,-1.607142448425293,False,True,True,True,0
ext_dorn_cuda_medium_01165,cuda,medium,True,True,False,0.0,1.4880952835083008,True,False,True,False,0
ext_dorn_cuda_medium_01166,cuda,medium,True,True,False,0.0,-0.41666698455810547,False,True,True,True,0
ext_dorn_cuda_medium_01167,cuda,medium,True,True,False,0.0,-0.1190481185913086,False,True,True,True,0
ext_dorn_cuda_medium_01168,cuda,medium,True,False,False,1.0,-0.23809432983398438,False,False,True,True,0
ext_dorn_cuda_medium_01169,cuda,medium,True,True,False,0.0,-0.7142858505249023,False,True,True,True,0
ext_dorn_cuda_medium_01170,cuda,medium,True,True,True,1.0,2.261904716491699,True,False,True,True,0
ext_dorn_cuda_medium_01171,cuda,medium,True,True,True,1.0,-0.1190481185913086,False,True,False,False,0
ext_dorn_cuda_medium_01172,cuda,medium,True,False,False,1.0,-0.5357141494750977,True,True,True,True,0
ext_dorn_cuda_medium_01173,cuda,medium,True,True,False,0.0,1.0119047164916992,True,False,True,False,0
ext_dorn_cuda_medium_01174,cuda,medium,True,True,False,0.0,0.41666603088378906,True,False,True,True,0
ext_dorn_cuda_medium_01175,cuda,medium,True,True,False,0.0,0.41666603088378906,True,False,True,True,0
ext_dorn_cuda_medium_01176,cuda,medium,True,False,False,1.0,0.059523582458496094,True,True,True,True,0
ext_dorn_cuda_medium_01177,cuda,medium,True,False,False,1.0,0.2976188659667969,True,True,False,False,0
ext_dorn_cuda_medium_01178,cuda,medium,True,False,False,1.0,0.5952377319335938,False,False,True,True,0
ext_dorn_cuda_medium_01179,cuda,medium,True,True,True,1.0,0.8333339691162109,True,False,True,True,0
ext_dorn_cuda_medium_01180,cuda,medium,True,True,True,1.0,0.41666603088378906,True,False,True,True,0
ext_dorn_cuda_medium_01181,cuda,medium,True,True,False,0.0,-0.47619056701660156,False,True,True,False,0
ext_dorn_cuda_medium_01182,cuda,medium,True,True,True,1.0,-0.8333330154418945,False,True,True,True,0
ext_dorn_cuda_medium_01183,cuda,medium,True,True,True,1.0,-0.7738094329833984,False,True,True,True,0
ext_dorn_cuda_medium_01184,cuda,medium,True,True,False,0.0,-0.41666698455810547,False,True,True,True,0
ext_dorn_cuda_medium_01185,cuda,medium,True,True,True,1.0,2.559523582458496,True,False,True,True,0
ext_dorn_cuda_medium_01186,cuda,medium,True,True,True,1.0,-2.202381134033203,False,True,True,True,0
ext_dorn_cuda_medium_01187,cuda,medium,True,False,False,0.0,0.059523582458496094,False,False,True,True,0
ext_dorn_cuda_medium_01188,cuda,medium,True,True,True,1.0,-1.0119037628173828,False,True,False,False,0
ext_dorn_cuda_medium_01189,cuda,medium,True,False,False,0.0,-0.1190481185913086,False,False,True,True,0
ext_dorn_cuda_medium_01190,cuda,medium,True,True,False,0.0,0.11904716491699219,True,False,True,True,0
ext_dorn_cuda_medium_01191,cuda,medium,True,True,False,0.0,-0.5952377319335938,False,True,False,False,0
ext_dorn_cuda_medium_01192,cuda,medium,True,False,False,0.0,-9.5367431640625e-07,True,True,True,True,0
ext_dorn_cuda_medium_01193,cuda,medium,True,False,False,1.0,0.1190481185913086,True,True,True,False,0
ext_dorn_cuda_medium_01194,cuda,medium,True,True,True,1.0,0.35714244842529297,True,False,False,False,0
ext_dorn_cuda_medium_01195,cuda,medium,True,False,False,1.0,0.059523582458496094,False,False,True,True,0
ext_dorn_cuda_medium_01196,cuda,medium,True,True,False,0.0,-0.5952377319335938,False,True,False,False,0
ext_dorn_cuda_medium_01197,cuda,medium,True,False,False,1.0,-0.059523582458496094,False,False,False,False,0
ext_dorn_cuda_medium_01198,cuda,medium,True,False,False,0.0,0.059523582458496094,False,False,True,True,0
ext_dorn_cuda_medium_01199,cuda,medium,True,True,True,1.0,-2.9166669845581055,False,True,True,True,0
ext_dorn_cuda_medium_01200,cuda,medium,True,True,True,1.0,-1.8452377319335938,False,True,True,True,0
ext_dorn_cuda_medium_01201,cuda,medium,True,True,True,1.0,-0.23809528350830078,False,True,True,True,0
ext_dorn_cuda_medium_01202,cuda,medium,True,True,False,0.0,-0.892857551574707,False,True,True,True,0
ext_dorn_cuda_medium_01203,cuda,medium,True,True,True,1.0,0.059523582458496094,True,False,False,False,0
ext_dorn_cuda_medium_01204,cuda,medium,True,True,True,1.0,-1.0714282989501953,False,True,True,True,0
ext_dorn_cuda_medium_01205,cuda,medium,True,True,False,0.0,0.8333330154418945,True,False,True,False,0
ext_dorn_cuda_medium_01206,cuda,medium,True,True,True,1.0,0.5357131958007812,True,False,True,True,0
ext_dorn_cuda_medium_01207,cuda,medium,True,True,False,0.0,0.35714244842529297,True,False,True,True,0
ext_dorn_cuda_medium_01208,cuda,medium,True,True,True,1.0,-0.773808479309082,False,True,True,False,0
ext_dorn_cuda_medium_01209,cuda,medium,True,True,True,1.0,1.4880943298339844,True,False,True,True,0
ext_dorn_cuda_medium_01210,cuda,medium,True,True,True,1.0,0.11904716491699219,True,False,False,False,0
ext_dorn_cuda_medium_01211,cuda,medium,True,True,False,0.0,-0.41666698455810547,False,True,True,False,0
ext_dorn_cuda_medium_01212,cuda,medium,True,True,False,0.0,-0.1785717010498047,False,True,True,True,0
ext_dorn_cuda_medium_01213,cuda,medium,True,True,False,0.0,0.1785717010498047,True,False,False,False,0
ext_dorn_cuda_medium_01214,cuda,medium,True,True,False,0.0,0.47619056701660156,True,False,True,True,0
ext_dorn_cuda_medium_01215,cuda,medium,True,True,True,1.0,1.9047613143920898,True,False,False,False,0
ext_dorn_cuda_medium_01216,cuda,medium,True,False,False,1.0,0.059523582458496094,False,False,False,False,0
ext_dorn_cuda_medium_01217,cuda,medium,True,True,True,1.0,-1.666666030883789,False,True,True,True,0
ext_dorn_cuda_medium_01218,cuda,medium,True,True,False,0.0,-0.7738094329833984,False,True,False,False,0
ext_dorn_cuda_medium_01219,cuda,medium,True,True,True,1.0,1.6071434020996094,True,False,True,True,0
ext_dorn_cuda_medium_01220,cuda,medium,True,False,False,1.0,0.23809528350830078,False,False,False,False,0
ext_dorn_cuda_medium_01221,cuda,medium,True,True,True,1.0,-0.41666698455810547,False,True,True,False,0
ext_dorn_cuda_medium_01222,cuda,medium,True,True,True,1.0,-1.3690471649169922,False,True,True,True,0
ext_dorn_cuda_medium_01223,cuda,medium,True,True,True,1.0,-0.17857074737548828,False,True,True,True,0
ext_dorn_cuda_medium_01224,cuda,medium,True,True,False,0.0,1.0119056701660156,True,False,False,False,0
ext_dorn_cuda_medium_01225,cuda,medium,True,True,False,0.0,-0.6547613143920898,False,True,True,False,0
ext_dorn_cuda_medium_01226,cuda,medium,True,True,True,1.0,0.2976198196411133,True,False,False,False,0
ext_dorn_cuda_medium_01227,cuda,medium,True,True,False,0.0,-0.1785717010498047,False,True,True,False,0
ext_dorn_cuda_medium_01228,cuda,medium,True,True,True,1.0,0.17857074737548828,True,False,False,False,0
ext_dorn_cuda_medium_01229,cuda,medium,True,True,True,1.0,-0.2976198196411133,False,True,True,False,0
ext_dorn_cuda_medium_01230,cuda,medium,True,True,True,1.0,-0.41666698455810547,False,True,True,True,0
ext_dorn_cuda_medium_01231,cuda,medium,True,True,True,1.0,-2.2023801803588867,False,True,True,True,0
ext_dorn_cuda_medium_01232,cuda,medium,True,True,False,0.0,-0.9523811340332031,False,True,False,False,0
ext_dorn_cuda_medium_01233,cuda,medium,True,True,True,1.0,0.9523801803588867,True,False,True,True,0
ext_dorn_cuda_medium_01234,cuda,medium,True,True,True,1.0,-0.5952377319335938,False,True,True,True,0
ext_dorn_cuda_medium_01235,cuda,medium,True,True,True,1.0,0.11904716491699219,True,False,True,False,0
ext_dorn_cuda_medium_01236,cuda,medium,True,True,False,0.0,0.9523811340332031,True,False,False,False,0
ext_dorn_cuda_medium_01237,cuda,medium,True,True,True,1.0,0.5357151031494141,True,False,True,True,0
ext_dorn_cuda_medium_01238,cuda,medium,True,True,False,0.0,-0.35714244842529297,False,True,True,True,0
ext_dorn_cuda_medium_01239,cuda,medium,True,True,False,0.0,0.3571434020996094,True,False,False,False,0
ext_dorn_cuda_medium_01240,cuda,medium,True,True,True,1.0,0.5357131958007812,True,False,False,False,0
ext_dorn_cuda_medium_01241,cuda,medium,True,True,True,1.0,-1.2500009536743164,False,True,True,True,0
ext_dorn_cuda_medium_01242,cuda,medium,True,True,True,1.0,0.5357141494750977,True,False,True,True,0
ext_dorn_cuda_medium_01243,cuda,medium,True,True,True,1.0,0.47619056701660156,True,False,False,False,0
ext_dorn_cuda_medium_01244,cuda,medium,True,True,True,1.0,-0.5357151031494141,False,True,False,False,0
ext_dorn_cuda_medium_01245,cuda,medium,True,False,False,0.0,0.2976198196411133,True,True,False,False,0
ext_dorn_cuda_medium_01246,cuda,medium,True,True,False,0.0,-0.0595245361328125,False,True,True,False,0
ext_dorn_cuda_medium_01247,cuda,medium,True,True,True,1.0,0.059523582458496094,True,False,False,False,0
ext_dorn_cuda_medium_01248,cuda,medium,True,True,False,0.0,-0.23809528350830078,False,True,True,False,0
ext_dorn_cuda_medium_01249,cuda,medium,True,True,True,1.0,-0.7142848968505859,False,True,True,True,0
ext_dorn_cuda_medium_01250,cuda,medium,True,False,False,0.0,0.35714244842529297,True,True,True,False,0
ext_dorn_cuda_medium_01251,cuda,medium,True,True,True,1.0,-1.607142448425293,False,True,True,True,0
ext_dorn_cuda_medium_01252,cuda,medium,True,True,False,0.0,-0.47619056701660156,False,True,True,True,0
ext_dorn_cuda_medium_01253,cuda,medium,True,True,True,1.0,0.8333339691162109,True,False,True,True,0
ext_dorn_cuda_medium_01254,cuda,medium,True,True,True,1.0,-1.071427345275879,False,True,False,False,0
ext_dorn_cuda_medium_01255,cuda,medium,True,True,False,0.0,-0.11904716491699219,False,True,True,False,0
ext_dorn_cuda_medium_01256,cuda,medium,True,False,False,1.0,0.059523582458496094,True,True,True,True,0
ext_dorn_cuda_medium_01257,cuda,medium,True,True,True,1.0,-2.440476417541504,False,True,True,True,0
ext_dorn_cuda_medium_01258,cuda,medium,True,True,False,0.0,0.8333330154418945,True,False,True,False,0
ext_dorn_cuda_medium_01259,cuda,medium,True,True,True,1.0,1.0119047164916992,True,False,False,False,0
ext_dorn_cuda_medium_01260,cuda,medium,True,True,False,0.0,-1.0714282989501953,False,True,True,False,0
ext_dorn_cuda_medium_01261,cuda,medium,True,True,False,0.0,-0.9523811340332031,False,True,True,True,0
ext_dorn_cuda_medium_01262,cuda,medium,True,True,True,1.0,-0.3571434020996094,False,True,True,True,0
ext_dorn_cuda_medium_01263,cuda,medium,True,True,False,0.0,0.47619152069091797,True,False,True,False,0
ext_dorn_cuda_medium_01264,cuda,medium,True,True,True,1.0,2.5,True,False,True,True,0
ext_dorn_cuda_medium_01265,cuda,medium,True,True,False,0.0,1.3690471649169922,True,False,False,False,0
ext_dorn_cuda_medium_01266,cuda,medium,True,True,False,0.0,0.7142858505249023,True,False,False,False,0
ext_dorn_cuda_medium_01267,cuda,medium,True,True,False,0.0,-0.7142858505249023,False,True,True,False,0
ext_dorn_cuda_medium_01268,cuda,medium,True,True,False,0.0,0.11904716491699219,True,False,False,False,0
ext_dorn_cuda_medium_01269,cuda,medium,True,True,True,1.0,1.190476417541504,True,False,True,True,0
ext_dorn_cuda_medium_01270,cuda,medium,True,True,True,1.0,-1.0714292526245117,False,True,True,True,0
ext_dorn_cuda_medium_01271,cuda,medium,True,True,False,0.0,-0.47618961334228516,False,True,False,False,0
ext_dorn_cuda_medium_01272,cuda,medium,True,False,False,0.0,0.1190481185913086,False,False,False,False,0
ext_dorn_cuda_medium_01273,cuda,medium,True,True,True,1.0,1.1309518814086914,True,False,True,True,0
ext_dorn_cuda_medium_01274,cuda,medium,True,True,True,1.0,-0.35714244842529297,False,True,True,True,0
ext_dorn_cuda_medium_01275,cuda,medium,True,True,True,1.0,-0.059523582458496094,False,True,True,False,0
ext_dorn_cuda_medium_01276,cuda,medium,True,True,False,0.0,-1.3690481185913086,False,True,False,False,0
ext_dorn_cuda_medium_01277,cuda,medium,True,True,True,1.0,-1.9047613143920898,False,True,True,True,0
ext_dorn_cuda_medium_01278,cuda,medium,True,True,False,0.0,0.9523811340332031,True,False,False,False,0
ext_dorn_cuda_medium_01279,cuda,medium,True,True,False,0.0,-1.607142448425293,False,True,True,False,0
ext_dorn_cuda_medium_01280,cuda,medium,True,True,True,1.0,-0.1785717010498047,False,True,True,True,0
ext_dorn_cuda_medium_01281,cuda,medium,True,True,True,1.0,0.5952377319335938,True,False,True,True,0
ext_dorn_cuda_medium_01282,cuda,medium,True,True,True,1.0,-0.5357141494750977,False,True,True,True,0
ext_dorn_cuda_medium_01283,cuda,medium,True,False,False,1.0,0.23809528350830078,True,True,False,False,0
ext_dorn_cuda_medium_01284,cuda,medium,True,True,False,0.0,3.0357131958007812,True,False,False,False,0
ext_dorn_cuda_medium_01285,cuda,medium,True,True,True,1.0,1.3690481185913086,True,False,True,True,0
ext_dorn_cuda_medium_01286,cuda,medium,True,True,True,1.0,0.41666698455810547,True,False,False,False,0
ext_dorn_cuda_medium_01287,cuda,medium,True,True,False,0.0,-1.3690471649169922,False,True,False,False,0
ext_dorn_cuda_medium_01288,cuda,medium,True,True,True,1.0,-1.2500009536743164,False,True,True,True,0
ext_dorn_cuda_medium_01289,cuda,medium,True,True,False,0.0,-0.6547613143920898,False,True,False,False,0
ext_dorn_cuda_medium_01290,cuda,medium,True,True,True,1.0,-1.8452386856079102,False,True,True,True,0
ext_dorn_cuda_medium_01291,cuda,medium,True,True,True,1.0,0.9523801803588867,True,False,True,True,0
ext_dorn_cuda_medium_01292,cuda,medium,True,True,False,0.0,0.47619056701660156,True,False,True,True,0
ext_dorn_cuda_medium_01293,cuda,medium,True,True,False,0.0,-1.0119047164916992,False,True,True,False,0
ext_dorn_cuda_medium_01294,cuda,medium,True,True,True,1.0,0.23809528350830078,True,False,True,True,0
ext_dorn_cuda_medium_01295,cuda,medium,True,True,False,0.0,0.5952377319335938,True,False,True,True,0
ext_dorn_cuda_medium_01296,cuda,medium,True,True,True,1.0,-1.5476188659667969,False,True,True,True,0
ext_dorn_cuda_medium_01297,cuda,medium,True,True,True,1.0,-0.7142858505249023,False,True,True,True,0
ext_dorn_cuda_medium_01298,cuda,medium,True,False,False,0.0,-0.1785717010498047,False,False,True,True,0
ext_dorn_cuda_medium_01299,cuda,medium,True,True,True,1.0,0.6547622680664062,True,False,True,True,0
ext_dorn_cuda_medium_01300,cuda,medium,True,False,False,,0.0,False,False,False,False,0
ext_dorn_cuda_medium_01301,cuda,medium,True,True,False,0.0,1.0714282989501953,True,False,True,False,0
ext_dorn_cuda_medium_01302,cuda,medium,True,True,True,1.0,0.8333330154418945,True,False,True,True,0
ext_dorn_cuda_medium_01303,cuda,medium,True,True,True,1.0,1.0714282989501953,True,False,True,True,0
ext_dorn_cuda_medium_01304,cuda,medium,True,True,False,0.0,0.8333330154418945,True,False,True,False,0
ext_dorn_cuda_medium_01305,cuda,medium,True,False,False,,0.0,False,False,True,False,0
ext_dorn_cuda_medium_01306,cuda,medium,True,True,False,0.0,0.23809432983398438,True,False,True,False,0
ext_dorn_cuda_medium_01307,cuda,medium,True,False,False,1.0,0.41666698455810547,False,False,False,False,0
ext_dorn_cuda_medium_01308,cuda,medium,True,True,False,0.0,1.0119047164916992,True,False,True,False,0
ext_dorn_cuda_medium_01309,cuda,medium,True,True,True,1.0,0.9523811340332031,True,False,False,False,0
ext_dorn_cuda_medium_01310,cuda,medium,True,True,True,1.0,-0.17857074737548828,False,True,True,False,0
ext_dorn_cuda_medium_01311,cuda,medium,True,True,True,1.0,-0.9523801803588867,False,True,False,False,0
ext_dorn_cuda_medium_01312,cuda,medium,True,True,False,0.0,-0.2976198196411133,False,True,True,False,0
ext_dorn_cuda_medium_01313,cuda,medium,True,True,True,1.0,-1.25,False,True,True,True,0
ext_dorn_cuda_medium_01314,cuda,medium,True,True,False,0.0,0.2976188659667969,True,False,True,True,0
ext_dorn_cuda_medium_01315,cuda,medium,True,False,False,1.0,-9.5367431640625e-07,False,False,False,False,0
ext_dorn_cuda_medium_01316,cuda,medium,True,True,False,0.0,1.5476188659667969,True,False,False,False,0
ext_dorn_cuda_medium_01317,cuda,medium,True,True,True,1.0,-0.35714244842529297,False,True,True,True,0
ext_dorn_cuda_medium_01318,cuda,medium,True,True,False,0.0,0.6547622680664062,True,False,True,False,0
ext_dorn_cuda_medium_01319,cuda,medium,True,True,False,0.0,-0.7738103866577148,False,True,True,True,0
ext_dorn_cuda_medium_01320,cuda,medium,True,True,True,1.0,0.6547622680664062,True,False,True,True,0
ext_dorn_cuda_medium_01321,cuda,medium,True,False,False,1.0,-0.11904716491699219,True,True,True,True,0
ext_dorn_cuda_medium_01322,cuda,medium,True,True,True,1.0,0.23809528350830078,True,False,False,False,0
ext_dorn_cuda_medium_01323,cuda,medium,True,False,False,0.0,0.35714244842529297,False,False,False,False,0
ext_dorn_cuda_medium_01324,cuda,medium,True,True,False,0.0,-0.47618961334228516,False,True,False,False,0
ext_dorn_cuda_medium_01325,cuda,medium,True,True,True,1.0,1.5476188659667969,True,False,True,True,0
ext_dorn_cuda_medium_01326,cuda,medium,True,True,False,0.0,1.1309537887573242,True,False,False,False,0
ext_dorn_cuda_medium_01327,cuda,medium,True,True,True,1.0,0.11904716491699219,True,False,True,True,0
ext_dorn_cuda_medium_01328,cuda,medium,True,False,False,1.0,-0.059523582458496094,True,True,True,True,0
ext_dorn_cuda_medium_01329,cuda,medium,True,True,False,0.0,-1.1309518814086914,False,True,False,False,0
ext_dorn_cuda_medium_01330,cuda,medium,True,True,True,1.0,0.3571434020996094,True,False,True,True,0
ext_dorn_cuda_medium_01331,cuda,medium,True,True,True,1.0,0.8333339691162109,True,False,True,True,0
ext_dorn_cuda_medium_01332,cuda,medium,True,True,False,0.0,0.5357141494750977,True,False,True,True,0
ext_dorn_cuda_medium_01333,cuda,medium,True,True,True,1.0,-1.1309518814086914,False,True,True,True,0
ext_dorn_cuda_medium_01334,cuda,medium,True,False,False,0.0,0.1785717010498047,True,True,True,True,0
ext_dorn_cuda_medium_01335,cuda,medium,True,False,False,0.0,9.5367431640625e-07,False,False,False,False,0
ext_dorn_cuda_medium_01336,cuda,medium,True,True,False,0.0,0.23809432983398438,True,False,False,False,0
ext_dorn_cuda_medium_01337,cuda,medium,True,False,False,1.0,0.1190481185913086,True,True,True,True,0
ext_dorn_cuda_medium_01338,cuda,medium,True,True,True,1.0,-1.3690481185913086,False,True,True,True,0
ext_dorn_cuda_medium_01339,cuda,medium,True,True,True,1.0,0.8333330154418945,True,False,True,True,0
ext_dorn_cuda_medium_01340,cuda,medium,True,True,True,1.0,0.2976188659667969,True,False,True,True,0
ext_dorn_cuda_medium_01341,cuda,medium,True,True,True,1.0,-0.7142858505249023,False,True,False,False,0
ext_dorn_cuda_medium_01342,cuda,medium,True,True,True,1.0,1.3690462112426758,True,False,True,True,0
ext_dorn_cuda_medium_01343,cuda,medium,True,False,False,,0.0,False,False,False,False,0
ext_dorn_cuda_medium_01344,cuda,medium,True,True,False,0.0,1.3690471649169922,True,False,True,False,0
ext_dorn_cuda_medium_01345,cuda,medium,True,True,True,1.0,-0.23809432983398438,False,True,True,True,0
ext_dorn_cuda_medium_01346,cuda,medium,True,False,False,0.0,-0.11904621124267578,True,True,True,True,0
ext_dorn_cuda_medium_01347,cuda,medium,True,True,True,1.0,0.8928565979003906,True,False,True,True,0
ext_dorn_cuda_medium_01348,cuda,medium,True,True,False,0.0,1.0714282989501953,True,False,True,False,0
ext_dorn_cuda_medium_01349,cuda,medium,True,True,True,1.0,-0.5357141494750977,False,True,False,False,0
ext_dorn_cuda_medium_01350,cuda,medium,True,False,False,1.0,-0.3571434020996094,True,True,True,True,0
ext_dorn_cuda_medium_01351,cuda,medium,True,True,True,1.0,0.5952386856079102,True,False,False,False,0
ext_dorn_cuda_medium_01352,cuda,medium,True,True,True,1.0,0.1785726547241211,True,False,True,True,0
ext_dorn_cuda_medium_01353,cuda,medium,True,True,True,1.0,-1.4880952835083008,False,True,True,True,0
ext_dorn_cuda_medium_01354,cuda,medium,True,False,False,1.0,-0.0595245361328125,False,False,False,False,0
ext_dorn_cuda_medium_01355,cuda,medium,True,True,True,1.0,-1.4880962371826172,False,True,True,True,0
ext_dorn_cuda_medium_01356,cuda,medium,True,True,True,1.0,1.0119047164916992,True,False,True,True,0
ext_dorn_cuda_medium_01357,cuda,medium,True,True,True,1.0,1.1904754638671875,True,False,False,False,0
ext_dorn_cuda_medium_01358,cuda,medium,True,True,True,1.0,-0.2976188659667969,False,True,True,True,0
ext_dorn_cuda_medium_01359,cuda,medium,True,True,False,0.0,1.0119047164916992,True,False,False,False,0
ext_dorn_cuda_medium_01360,cuda,medium,True,True,False,0.0,-0.23809528350830078,False,True,False,False,0
ext_dorn_cuda_medium_01361,cuda,medium,True,True,False,0.0,1.5476188659667969,True,False,True,False,0
ext_dorn_cuda_medium_01362,cuda,medium,True,True,True,1.0,-0.7142848968505859,False,True,False,False,0
ext_dorn_cuda_medium_01363,cuda,medium,True,False,False,1.0,0.1785717010498047,True,True,True,True,0
ext_dorn_cuda_medium_01364,cuda,medium,True,True,False,0.0,-1.25,False,True,True,False,0
ext_dorn_cuda_medium_01365,cuda,medium,True,True,True,1.0,-1.8452377319335938,False,True,True,True,0
ext_dorn_cuda_medium_01366,cuda,medium,True,True,True,1.0,0.11904716491699219,True,False,True,True,0
ext_dorn_cuda_medium_01367,cuda,medium,True,True,False,0.0,-1.428572654724121,False,True,False,False,0
ext_dorn_cuda_medium_01368,cuda,medium,True,True,False,0.0,-0.892857551574707,False,True,True,False,0
ext_dorn_cuda_medium_01369,cuda,medium,True,False,False,0.0,-0.11904716491699219,False,False,False,False,0
ext_dorn_cuda_medium_01370,cuda,medium,True,True,True,1.0,1.3690481185913086,True,False,True,True,0
ext_dorn_cuda_medium_01371,cuda,medium,True,True,False,0.0,0.2976198196411133,True,False,False,False,0
ext_dorn_cuda_medium_01372,cuda,medium,True,False,False,1.0,-0.1190481185913086,False,False,True,False,0
ext_dorn_cuda_medium_01373,cuda,medium,True,True,True,1.0,-0.5357131958007812,False,True,False,False,0
ext_dorn_cuda_medium_01374,cuda,medium,True,True,True,1.0,0.7142848968505859,True,False,False,False,0
ext_dorn_cuda_medium_01375,cuda,medium,True,True,True,1.0,-1.5476188659667969,False,True,True,True,0
ext_dorn_cuda_medium_01376,cuda,medium,True,True,False,0.0,-0.6547622680664062,False,True,True,True,0
ext_dorn_cuda_medium_01377,cuda,medium,True,True,True,1.0,-0.5952377319335938,False,True,True,True,0
ext_dorn_cuda_medium_01378,cuda,medium,True,False,False,0.0,-0.11904716491699219,False,False,False,False,0
ext_dorn_cuda_medium_01379,cuda,medium,True,True,False,0.0,-0.7142848968505859,False,True,False,False,0
ext_dorn_cuda_medium_01380,cuda,medium,True,True,True,1.0,-0.23809528350830078,False,True,True,True,0
ext_dorn_cuda_medium_01381,cuda,medium,True,True,False,0.0,-0.7738094329833984,False,True,True,True,0
ext_dorn_cuda_medium_01382,cuda,medium,True,True,True,1.0,-0.11904716491699219,False,True,True,False,0
ext_dorn_cuda_medium_01383,cuda,medium,True,False,False,1.0,0.47618961334228516,True,True,True,True,0
ext_dorn_cuda_medium_01384,cuda,medium,True,True,True,1.0,-1.25,False,True,True,True,0
ext_dorn_cuda_medium_01385,cuda,medium,True,True,False,0.0,2.6785717010498047,True,False,False,False,0
ext_dorn_cuda_medium_01386,cuda,medium,True,True,True,1.0,-0.7738094329833984,False,True,True,True,0
ext_dorn_cuda_medium_01387,cuda,medium,True,True,False,0.0,-0.1785717010498047,False,True,True,False,0
ext_dorn_cuda_medium_01388,cuda,medium,True,False,False,1.0,0.1785717010498047,True,True,True,False,0
ext_dorn_cuda_medium_01389,cuda,medium,True,True,False,0.0,0.41666603088378906,True,False,True,False,0
ext_dorn_cuda_medium_01390,cuda,medium,True,True,True,1.0,2.3214282989501953,True,False,True,True,0
ext_dorn_cuda_medium_01391,cuda,medium,True,True,True,1.0,-0.7142858505249023,False,True,False,False,0
ext_dorn_cuda_medium_01392,cuda,medium,True,True,True,1.0,0.059523582458496094,True,False,True,False,0
ext_dorn_cuda_medium_01393,cuda,medium,True,True,True,1.0,0.9523811340332031,True,False,True,True,0
ext_dorn_cuda_medium_01394,cuda,medium,True,True,False,0.0,0.5952377319335938,True,False,True,False,0
ext_dorn_cuda_medium_01395,cuda,medium,True,False,False,1.0,0.17857074737548828,True,True,True,True,0
ext_dorn_cuda_medium_01396,cuda,medium,True,True,False,0.0,0.8928565979003906,True,False,False,False,0
ext_dorn_cuda_medium_01397,cuda,medium,True,True,True,1.0,-0.41666698455810547,False,True,True,False,0
ext_dorn_cuda_medium_01398,cuda,medium,True,True,True,1.0,-1.9047622680664062,False,True,True,True,0
ext_dorn_cuda_medium_01399,cuda,medium,True,True,True,1.0,-1.0714282989501953,False,True,True,True,0
ext_dorn_cuda_medium_01400,cuda,medium,True,True,False,0.0,-0.35714244842529297,False,True,False,False,0
ext_dorn_cuda_medium_01401,cuda,medium,True,True,True,1.0,0.23809528350830078,True,False,True,True,0
ext_dorn_cuda_medium_01402,cuda,medium,True,True,True,1.0,-0.35714244842529297,False,True,True,True,0
ext_dorn_cuda_medium_01403,cuda,medium,True,False,False,1.0,-0.059523582458496094,True,True,True,False,0
ext_dorn_cuda_medium_01404,cuda,medium,True,True,True,1.0,-0.41666698455810547,False,True,True,True,0
ext_dorn_cuda_medium_01405,cuda,medium,True,True,True,1.0,-0.41666698455810547,False,True,False,False,0
ext_dorn_cuda_medium_01406,cuda,medium,True,True,False,0.0,-1.5476188659667969,False,True,True,False,0
ext_dorn_cuda_medium_01407,cuda,medium,True,True,False,0.0,-0.47619056701660156,False,True,True,False,0
ext_dorn_cuda_medium_01408,cuda,medium,True,True,True,1.0,-1.0119047164916992,False,True,True,True,0
ext_dorn_cuda_medium_01409,cuda,medium,True,False,False,1.0,-0.1785717010498047,True,True,True,True,0
ext_dorn_cuda_medium_01410,cuda,medium,True,True,True,1.0,1.0119047164916992,True,False,True,True,0
ext_dorn_cuda_medium_01411,cuda,medium,True,True,False,0.0,0.773808479309082,True,False,False,False,0
ext_dorn_cuda_medium_01412,cuda,medium,True,True,True,1.0,0.41666698455810547,True,False,False,False,0
ext_dorn_cuda_medium_01413,cuda,medium,True,True,True,1.0,0.41666698455810547,True,False,True,True,0
ext_dorn_cuda_medium_01414,cuda,medium,True,True,True,1.0,0.47619056701660156,True,False,False,False,0
ext_dorn_cuda_medium_01415,cuda,medium,True,True,True,1.0,-2.0238094329833984,False,True,True,True,0
ext_dorn_cuda_medium_01416,cuda,medium,True,True,True,1.0,0.3571434020996094,True,False,True,False,0
ext_dorn_cuda_medium_01417,cuda,medium,True,True,True,1.0,0.41666603088378906,True,False,True,True,0
ext_dorn_cuda_medium_01418,cuda,medium,True,True,False,0.0,0.773808479309082,True,False,True,False,0
ext_dorn_cuda_medium_01419,cuda,medium,True,True,False,0.0,0.5357141494750977,True,False,True,True,0
ext_dorn_cuda_medium_01420,cuda,medium,True,False,False,1.0,0.0595245361328125,True,True,True,True,0
ext_dorn_cuda_medium_01421,cuda,medium,True,True,False,0.0,-0.8333330154418945,False,True,False,False,0
ext_dorn_cuda_medium_01422,cuda,medium,True,True,False,0.0,0.9523811340332031,True,False,False,False,0
ext_dorn_cuda_medium_01423,cuda,medium,True,True,True,1.0,0.41666698455810547,True,False,True,True,0
ext_dorn_cuda_medium_01424,cuda,medium,True,True,True,1.0,-0.1785726547241211,False,True,True,True,0
ext_dorn_cuda_medium_01425,cuda,medium,True,True,False,0.0,-0.5357151031494141,False,True,False,False,0
ext_dorn_cuda_medium_01426,cuda,medium,True,False,False,1.0,0.2976198196411133,False,False,False,False,0
ext_dorn_cuda_medium_01427,cuda,medium,True,False,False,0.0,0.11904716491699219,False,False,False,False,0
ext_dorn_cuda_medium_01428,cuda,medium,True,True,False,0.0,0.2976188659667969,True,False,False,False,0
ext_dorn_cuda_medium_01429,cuda,medium,True,True,True,1.0,0.5357141494750977,True,False,True,True,0
ext_dorn_cuda_medium_01430,cuda,medium,True,True,False,0.0,0.47618961334228516,True,False,True,True,0
ext_dorn_cuda_medium_01431,cuda,medium,True,True,True,1.0,1.9642858505249023,True,False,False,False,0
ext_dorn_cuda_medium_01432,cuda,medium,True,True,False,0.0,-0.41666603088378906,False,True,True,False,0
ext_dorn_cuda_medium_01433,cuda,medium,True,True,True,1.0,1.0119047164916992,True,False,True,True,0
ext_dorn_cuda_medium_01434,cuda,medium,True,True,False,0.0,-0.5952377319335938,False,True,True,True,0
ext_dorn_cuda_medium_01435,cuda,medium,True,True,True,1.0,0.47619056701660156,True,False,True,True,0
ext_dorn_cuda_medium_01436,cuda,medium,True,True,False,0.0,0.17857074737548828,True,False,False,False,0
ext_dorn_cuda_medium_01437,cuda,medium,True,True,True,1.0,-0.8333339691162109,False,True,False,False,0
ext_dorn_cuda_medium_01438,cuda,medium,True,True,False,0.0,0.5952386856079102,True,False,True,True,0
ext_dorn_cuda_medium_01439,cuda,medium,True,True,False,0.0,0.47619152069091797,True,False,False,False,0
ext_dorn_cuda_medium_01440,cuda,medium,True,True,False,0.0,0.7142858505249023,True,False,False,False,0
ext_dorn_cuda_medium_01441,cuda,medium,True,False,False,0.0,-0.1190481185913086,True,True,False,False,0
ext_dorn_cuda_medium_01442,cuda,medium,True,False,False,1.0,-0.17857074737548828,False,False,False,False,0
ext_dorn_cuda_medium_01443,cuda,medium,True,False,False,,0.0,True,True,True,True,0
ext_dorn_cuda_medium_01444,cuda,medium,True,False,False,0.0,0.0595245361328125,False,False,False,False,0
ext_dorn_cuda_medium_01445,cuda,medium,True,True,False,0.0,1.0714292526245117,True,False,False,False,0
ext_dorn_cuda_medium_01446,cuda,medium,True,True,False,0.0,-0.41666603088378906,False,True,True,False,0
ext_dorn_cuda_medium_01447,cuda,medium,True,True,True,1.0,-1.0714282989501953,False,True,True,True,0
ext_dorn_cuda_medium_01448,cuda,medium,True,True,False,0.0,0.892857551574707,True,False,True,False,0
ext_dorn_cuda_medium_01449,cuda,medium,True,True,False,0.0,0.7738094329833984,True,False,False,False,0
ext_dorn_cuda_medium_01450,cuda,medium,True,False,False,1.0,0.2976188659667969,False,False,False,False,0
ext_dorn_cuda_medium_01451,cuda,medium,True,True,True,1.0,0.2976188659667969,True,False,True,True,0
ext_dorn_cuda_medium_01452,cuda,medium,True,False,False,0.0,0.059523582458496094,False,False,False,False,0
ext_dorn_cuda_medium_01453,cuda,medium,True,True,True,1.0,-1.7857141494750977,False,True,True,True,0
ext_dorn_cuda_medium_01454,cuda,medium,True,True,False,0.0,-1.25,False,True,False,False,0
ext_dorn_cuda_medium_01455,cuda,medium,True,True,False,0.0,-1.0714292526245117,False,True,True,False,0
ext_dorn_cuda_medium_01456,cuda,medium,True,True,True,1.0,0.2976188659667969,True,False,True,True,0
ext_dorn_cuda_medium_01457,cuda,medium,True,True,False,0.0,-1.4285707473754883,False,True,True,False,0
ext_dorn_cuda_medium_01458,cuda,medium,True,False,False,1.0,-0.1190481185913086,True,True,True,False,0
ext_dorn_cuda_medium_01459,cuda,medium,True,True,True,1.0,-0.2976188659667969,False,True,True,True,0
ext_dorn_cuda_medium_01460,cuda,medium,True,True,False,0.0,1.666666030883789,True,False,True,False,0
ext_dorn_cuda_medium_01461,cuda,medium,True,False,False,1.0,-0.1785717010498047,True,True,True,True,0
ext_dorn_cuda_medium_01462,cuda,medium,True,True,True,1.0,0.8928565979003906,True,False,True,True,0
ext_dorn_cuda_medium_01463,cuda,medium,True,True,False,0.0,-0.41666603088378906,False,True,True,False,0
ext_dorn_cuda_medium_01464,cuda,medium,True,True,True,1.0,0.8928565979003906,True,False,True,True,0
ext_dorn_cuda_medium_01465,cuda,medium,True,False,False,0.0,-0.35714244842529297,True,True,False,False,0
ext_dorn_cuda_medium_01466,cuda,medium,True,True,True,1.0,-0.41666698455810547,False,True,True,True,0
ext_dorn_cuda_medium_01467,cuda,medium,True,True,True,1.0,0.7142848968505859,True,False,True,True,0
ext_dorn_cuda_medium_01468,cuda,medium,True,True,True,1.0,-0.2976188659667969,False,True,True,True,0
ext_dorn_cuda_medium_01469,cuda,medium,True,False,False,1.0,-0.6547613143920898,True,True,True,True,0
ext_dorn_cuda_medium_01470,cuda,medium,True,False,False,0.0,-9.5367431640625e-07,True,True,False,False,0
ext_dorn_cuda_medium_01471,cuda,medium,True,True,True,1.0,0.8333330154418945,True,False,True,True,0
ext_dorn_cuda_medium_01472,cuda,medium,True,True,False,0.0,-0.5357151031494141,False,True,False,False,0
ext_dorn_cuda_medium_01473,cuda,medium,True,True,True,1.0,-1.7857141494750977,False,True,True,True,0
ext_dorn_cuda_medium_01474,cuda,medium,True,True,False,0.0,0.23809432983398438,True,False,False,False,0
ext_dorn_cuda_medium_01475,cuda,medium,True,True,False,0.0,0.4166679382324219,True,False,False,False,0
ext_dorn_cuda_medium_01476,cuda,medium,True,False,False,0.0,0.0595245361328125,True,True,False,False,0
ext_dorn_cuda_medium_01477,cuda,medium,True,True,True,1.0,-0.8333330154418945,False,True,True,True,0
ext_dorn_cuda_medium_01478,cuda,medium,True,True,True,1.0,-1.1309528350830078,False,True,True,False,0
ext_dorn_cuda_medium_01479,cuda,medium,True,True,True,1.0,0.9523820877075195,True,False,True,False,0
ext_dorn_cuda_medium_01480,cuda,medium,True,True,True,1.0,0.1785717010498047,True,False,False,False,0
ext_dorn_cuda_medium_01481,cuda,medium,True,True,True,1.0,-1.3690471649169922,False,True,False,False,0
ext_dorn_cuda_medium_01482,cuda,medium,True,True,False,0.0,-1.1309518814086914,False,True,True,False,0
ext_dorn_cuda_medium_01483,cuda,medium,True,True,False,0.0,-0.7142848968505859,False,True,False,False,0
ext_dorn_cuda_medium_01484,cuda,medium,True,True,True,1.0,-0.35714244842529297,False,True,True,False,0
ext_dorn_cuda_medium_01485,cuda,medium,True,True,True,1.0,1.25,True,False,True,True,0
ext_dorn_cuda_medium_01486,cuda,medium,True,False,False,1.0,-0.059523582458496094,False,False,True,True,0
ext_dorn_cuda_medium_01487,cuda,medium,True,True,True,1.0,-0.2976188659667969,False,True,True,False,0
ext_dorn_cuda_medium_01488,cuda,medium,True,True,False,0.0,-1.8452386856079102,False,True,True,False,0
ext_dorn_cuda_medium_01489,cuda,medium,True,False,False,0.0,-0.41666603088378906,False,False,False,False,0
ext_dorn_cuda_medium_01490,cuda,medium,True,True,True,1.0,0.9523811340332031,True,False,True,True,0
ext_dorn_cuda_medium_01491,cuda,medium,True,True,True,1.0,-0.23809528350830078,False,True,True,False,0
ext_dorn_cuda_medium_01492,cuda,medium,True,True,False,0.0,0.7738103866577148,True,False,True,False,0
ext_dorn_cuda_medium_01493,cuda,medium,True,False,False,0.0,-0.6547622680664062,False,False,True,False,0
ext_dorn_cuda_medium_01494,cuda,medium,True,True,True,1.0,0.5357131958007812,True,False,True,True,0
ext_dorn_cuda_medium_01495,cuda,medium,True,False,False,0.0,-0.47619152069091797,False,False,True,True,0
ext_dorn_cuda_medium_01496,cuda,medium,True,True,True,1.0,-0.892857551574707,False,True,False,False,0
ext_dorn_cuda_medium_01497,cuda,medium,True,True,True,1.0,1.190476417541504,True,False,True,True,0
ext_dorn_cuda_medium_01498,cuda,medium,True,False,False,0.0,-0.059523582458496094,False,False,False,False,0
ext_dorn_cuda_medium_01499,cuda,medium,True,True,True,1.0,0.41666603088378906,True,False,False,False,0
ext_dorn_cuda_medium_01500,cuda,medium,True,True,False,0.0,-0.47619056701660156,False,True,True,False,0
ext_dorn_cuda_medium_01501,cuda,medium,True,True,True,1.0,0.41666698455810547,True,False,True,True,0
ext_dorn_cuda_medium_01502,cuda,medium,True,True,True,1.0,2.0238094329833984,True,False,True,True,0
ext_dorn_cuda_medium_01503,cuda,medium,True,True,True,1.0,0.3571434020996094,True,False,True,True,0
ext_dorn_cuda_medium_01504,cuda,medium,True,True,False,0.0,-0.41666603088378906,False,True,True,True,0
ext_dorn_cuda_medium_01505,cuda,medium,True,True,False,0.0,1.1904754638671875,True,False,False,False,0
ext_dorn_cuda_medium_01506,cuda,medium,True,True,False,0.0,0.5357131958007812,True,False,True,False,0
ext_dorn_cuda_medium_01507,cuda,medium,True,True,True,1.0,1.0119047164916992,True,False,True,True,0
ext_dorn_cuda_medium_01508,cuda,medium,True,True,True,1.0,-0.3571434020996094,False,True,False,False,0
ext_dorn_cuda_medium_01509,cuda,medium,True,False,False,1.0,-0.059523582458496094,False,False,True,False,0
ext_dorn_cuda_medium_01510,cuda,medium,True,True,False,0.0,1.0119047164916992,True,False,True,True,0
ext_dorn_cuda_medium_01511,cuda,medium,True,True,False,0.0,-1.4285717010498047,False,True,True,False,0
ext_dorn_cuda_medium_01512,cuda,medium,True,True,True,1.0,0.47619152069091797,True,False,True,True,0
ext_dorn_cuda_medium_01513,cuda,medium,True,True,True,1.0,0.2976188659667969,True,False,True,True,0
ext_dorn_cuda_medium_01514,cuda,medium,True,True,True,1.0,-0.5952367782592773,False,True,True,False,0
ext_dorn_cuda_medium_01515,cuda,medium,True,True,False,0.0,0.47618961334228516,True,False,True,True,0
ext_dorn_cuda_medium_01516,cuda,medium,True,True,True,1.0,0.3571434020996094,True,False,False,False,0
ext_dorn_cuda_medium_01517,cuda,medium,True,True,False,0.0,-0.23809432983398438,False,True,True,True,0
ext_dorn_cuda_medium_01518,cuda,medium,True,True,True,1.0,0.41666603088378906,True,False,True,False,0
ext_dorn_cuda_medium_01519,cuda,medium,True,True,False,0.0,-1.8452386856079102,False,True,True,False,0
ext_dorn_cuda_medium_01520,cuda,medium,True,True,False,0.0,0.7142848968505859,True,False,False,False,0
ext_dorn_cuda_medium_01521,cuda,medium,True,True,False,0.0,1.666666030883789,True,False,True,False,0
ext_dorn_cuda_medium_01522,cuda,medium,True,True,True,1.0,-0.23809528350830078,False,True,True,True,0
ext_dorn_cuda_medium_01523,cuda,medium,True,True,True,1.0,0.6547622680664062,True,False,False,False,0
ext_dorn_cuda_medium_01524,cuda,medium,True,True,False,0.0,0.11904716491699219,True,False,True,False,0
ext_dorn_cuda_medium_01525,cuda,medium,True,True,False,0.0,-1.607142448425293,False,True,True,False,0
ext_dorn_cuda_medium_01526,cuda,medium,True,True,True,1.0,0.6547613143920898,True,False,True,True,0
ext_dorn_cuda_medium_01527,cuda,medium,True,True,True,1.0,0.6547613143920898,True,False,True,True,0
ext_dorn_cuda_medium_01528,cuda,medium,True,True,True,1.0,0.892857551574707,True,False,True,True,0
ext_dorn_cuda_medium_01529,cuda,medium,True,True,False,0.0,0.5357141494750977,True,False,False,False,0
ext_dorn_cuda_medium_01530,cuda,medium,True,True,False,0.0,-0.11904716491699219,False,True,True,True,0
ext_dorn_cuda_medium_01531,cuda,medium,True,True,False,0.0,0.47619152069091797,True,False,False,False,0
ext_dorn_cuda_medium_01532,cuda,medium,True,True,False,0.0,1.666666030883789,True,False,True,False,0
ext_dorn_cuda_medium_01533,cuda,medium,True,True,True,1.0,0.6547622680664062,True,False,True,True,0
ext_dorn_cuda_medium_01534,cuda,medium,True,True,True,1.0,-2.4999990463256836,False,True,True,True,0
ext_dorn_cuda_medium_01535,cuda,medium,True,True,True,1.0,-0.47619056701660156,False,True,False,False,0
ext_dorn_cuda_medium_01536,cuda,medium,True,True,False,0.0,-1.0119047164916992,False,True,False,False,0
ext_dorn_cuda_medium_01537,cuda,medium,True,True,True,1.0,-0.9523820877075195,False,True,True,True,0
ext_dorn_cuda_medium_01538,cuda,medium,True,False,False,1.0,0.6547613143920898,False,False,False,False,0
ext_dorn_cuda_medium_01539,cuda,medium,True,False,False,0.0,-0.2976188659667969,False,False,False,False,0
ext_dorn_cuda_medium_01540,cuda,medium,True,True,True,1.0,1.0714292526245117,True,False,True,True,0
ext_dorn_cuda_medium_01541,cuda,medium,True,False,False,0.0,0.2380962371826172,False,False,False,False,0
ext_dorn_cuda_medium_01542,cuda,medium,True,True,False,0.0,0.2976188659667969,True,False,False,False,0
ext_dorn_cuda_medium_01543,cuda,medium,True,True,True,1.0,-0.23809432983398438,False,True,True,True,0
ext_dorn_cuda_medium_01544,cuda,medium,True,True,False,0.0,0.5357151031494141,True,False,False,False,0
ext_dorn_cuda_medium_01545,cuda,medium,True,True,True,1.0,-0.6547622680664062,False,True,True,True,0
ext_dorn_cuda_medium_01546,cuda,medium,True,False,False,1.0,0.059523582458496094,False,False,False,False,0
ext_dorn_cuda_medium_01547,cuda,medium,True,True,True,1.0,-1.4880962371826172,False,True,True,True,0
ext_dorn_cuda_medium_01548,cuda,medium,True,True,True,1.0,-0.7738094329833984,False,True,True,True,0
ext_dorn_cuda_medium_01549,cuda,medium,True,False,False,1.0,-0.35714244842529297,True,True,True,True,0
ext_dorn_cuda_medium_01550,cuda,medium,True,True,True,1.0,0.47619056701660156,True,False,True,True,0
ext_dorn_cuda_medium_01551,cuda,medium,True,True,True,1.0,0.059523582458496094,True,False,True,True,0
ext_dorn_cuda_medium_01552,cuda,medium,True,True,True,1.0,2.440476417541504,True,False,True,True,0
ext_dorn_cuda_medium_01553,cuda,medium,True,True,False,0.0,1.1904754638671875,True,False,True,False,0
ext_dorn_cuda_medium_01554,cuda,medium,True,True,True,1.0,0.059523582458496094,True,False,False,False,0
ext_dorn_cuda_medium_01555,cuda,medium,True,True,True,1.0,-1.9047613143920898,False,True,True,True,0
ext_dorn_cuda_medium_01556,cuda,medium,True,True,True,1.0,-0.8928565979003906,False,True,False,False,0
ext_dorn_cuda_medium_01557,cuda,medium,True,False,False,1.0,-0.2976188659667969,True,True,True,True,0
ext_dorn_cuda_medium_01558,cuda,medium,True,True,True,1.0,-1.0714282989501953,False,True,False,False,0
ext_dorn_cuda_medium_01559,cuda,medium,True,True,True,1.0,-1.0119047164916992,False,True,True,True,0
ext_dorn_cuda_medium_01560,cuda,medium,True,False,False,1.0,0.059523582458496094,True,True,True,False,0
ext_dorn_cuda_medium_01561,cuda,medium,True,True,True,1.0,-1.0714292526245117,False,True,True,True,0
ext_dorn_cuda_medium_01562,cuda,medium,True,True,True,1.0,-0.35714244842529297,False,True,True,True,0
ext_dorn_cuda_medium_01563,cuda,medium,True,True,False,0.0,0.35714244842529297,True,False,False,False,0
ext_dorn_cuda_medium_01564,cuda,medium,True,False,False,0.0,0.11904716491699219,False,False,True,True,0
ext_dorn_cuda_medium_01565,cuda,medium,True,True,False,0.0,-0.7738094329833984,False,True,True,False,0
ext_dorn_cuda_medium_01566,cuda,medium,True,True,False,0.0,-0.6547622680664062,False,True,True,False,0
ext_dorn_cuda_medium_01567,cuda,medium,True,True,False,0.0,-0.47618961334228516,False,True,False,False,0
ext_dorn_cuda_medium_01568,cuda,medium,True,True,True,1.0,2.8571434020996094,True,False,True,True,0
ext_dorn_cuda_medium_01569,cuda,medium,True,False,False,1.0,0.059523582458496094,False,False,True,True,0
ext_dorn_cuda_medium_01570,cuda,medium,True,True,True,1.0,-0.8928565979003906,False,True,True,True,0
ext_dorn_cuda_medium_01571,cuda,medium,True,True,False,0.0,-0.1785717010498047,False,True,True,True,0
ext_dorn_cuda_medium_01572,cuda,medium,True,True,True,1.0,1.6071434020996094,True,False,True,True,0
ext_dorn_cuda_medium_01573,cuda,medium,True,True,False,0.0,1.190476417541504,True,False,True,False,0
ext_dorn_cuda_medium_01574,cuda,medium,True,True,False,0.0,0.9523811340332031,True,False,False,False,0
ext_dorn_cuda_medium_01575,cuda,medium,True,False,False,,0.0,False,False,True,False,0
ext_dorn_cuda_medium_01576,cuda,medium,True,True,True,1.0,0.41666603088378906,True,False,True,True,0
ext_dorn_cuda_medium_01577,cuda,medium,True,True,True,1.0,-0.41666698455810547,False,True,True,True,0
ext_dorn_cuda_medium_01578,cuda,medium,True,False,False,1.0,-9.5367431640625e-07,True,True,True,False,0
ext_dorn_cuda_medium_01579,cuda,medium,True,True,True,1.0,1.964284896850586,True,False,True,True,0
ext_dorn_cuda_medium_01580,cuda,medium,True,False,False,1.0,0.1190481185913086,False,False,True,False,0
ext_dorn_cuda_medium_01581,cuda,medium,True,True,True,1.0,-0.7142858505249023,False,True,False,False,0
ext_dorn_cuda_medium_01582,cuda,medium,True,True,True,1.0,-0.5952386856079102,False,True,True,False,0
ext_dorn_cuda_medium_01583,cuda,medium,True,True,False,0.0,-1.309523582458496,False,True,True,False,0
ext_dorn_cuda_medium_01584,cuda,medium,True,True,True,1.0,0.23809528350830078,True,False,False,False,0
ext_dorn_cuda_medium_01585,cuda,medium,True,True,True,1.0,-0.23809528350830078,False,True,True,True,0
ext_dorn_cuda_medium_01586,cuda,medium,True,True,True,1.0,-0.8333330154418945,False,True,True,True,0
ext_dorn_cuda_medium_01587,cuda,medium,True,True,False,0.0,-0.5952386856079102,False,True,True,False,0
ext_dorn_cuda_medium_01588,cuda,medium,True,False,False,1.0,-0.11904716491699219,False,False,False,False,0
ext_dorn_cuda_medium_01589,cuda,medium,True,True,False,0.0,-0.23809528350830078,False,True,True,False,0
ext_dorn_cuda_medium_01590,cuda,medium,True,True,True,1.0,-0.1785717010498047,False,True,True,False,0
ext_dorn_cuda_medium_01591,cuda,medium,True,True,True,1.0,0.47619152069091797,True,False,True,True,0
ext_dorn_cuda_medium_01592,cuda,medium,True,True,True,1.0,0.17857074737548828,True,False,True,True,0
ext_dorn_cuda_medium_01593,cuda,medium,True,True,True,1.0,1.4285717010498047,True,False,True,True,0
ext_dorn_cuda_medium_01594,cuda,medium,True,False,False,1.0,0.2976198196411133,False,False,False,False,0
ext_dorn_cuda_medium_01595,cuda,medium,True,True,False,0.0,-2.619047164916992,False,True,True,False,0
ext_dorn_cuda_medium_01596,cuda,medium,True,True,True,1.0,-0.7738103866577148,False,True,True,False,0
ext_dorn_cuda_medium_01597,cuda,medium,True,False,False,1.0,-0.11904716491699219,False,False,True,False,0
ext_dorn_cuda_medium_01598,cuda,medium,True,True,True,1.0,1.8452386856079102,True,False,False,False,0
ext_dorn_cuda_medium_01599,cuda,medium,True,True,True,1.0,-1.4285707473754883,False,True,True,True,0
ext_dorn_cuda_medium_01600,cuda,medium,True,True,False,0.0,-1.3095226287841797,False,True,True,False,0
ext_dorn_cuda_medium_01601,cuda,medium,True,True,True,1.0,-1.785715103149414,False,True,True,True,0
ext_dorn_cuda_medium_01602,cuda,medium,True,True,False,0.0,0.41666698455810547,True,False,True,True,0
ext_dorn_cuda_medium_01603,cuda,medium,True,False,False,0.0,-0.23809528350830078,True,True,True,True,0
ext_dorn_cuda_medium_01604,cuda,medium,True,True,False,0.0,0.41666603088378906,True,False,False,False,0
ext_dorn_cuda_medium_01605,cuda,medium,True,True,True,1.0,1.4285697937011719,True,False,False,False,0
ext_dorn_cuda_medium_01606,cuda,medium,True,True,True,1.0,-0.6547622680664062,False,True,True,True,0
ext_dorn_cuda_medium_01607,cuda,medium,True,False,False,,0.0,False,False,False,False,0
ext_dorn_cuda_medium_01608,cuda,medium,True,True,True,1.0,-0.5357141494750977,False,True,True,True,0
ext_dorn_cuda_medium_01609,cuda,medium,True,False,False,0.0,-0.11904716491699219,False,False,False,False,0
ext_dorn_cuda_medium_01610,cuda,medium,True,True,False,0.0,1.5476179122924805,True,False,False,False,0
ext_dorn_cuda_medium_01611,cuda,medium,True,False,False,1.0,0.47619056701660156,False,False,True,True,0
ext_dorn_cuda_medium_01612,cuda,medium,True,True,False,0.0,0.7142858505249023,True,False,True,False,0
ext_dorn_cuda_medium_01613,cuda,medium,True,True,False,0.0,1.309523582458496,True,False,True,False,0
ext_dorn_cuda_medium_01614,cuda,medium,True,False,False,0.0,-0.6547622680664062,False,False,True,False,0
ext_dorn_cuda_medium_01615,cuda,medium,True,True,False,0.0,-0.2380962371826172,False,True,True,True,0
ext_dorn_cuda_medium_01616,cuda,medium,True,False,False,0.0,0.23809528350830078,False,False,False,False,0
ext_dorn_cuda_medium_01617,cuda,medium,True,True,True,1.0,0.7142858505249023,True,False,True,True,0
ext_dorn_cuda_medium_01618,cuda,medium,True,True,False,0.0,0.23809432983398438,True,False,False,False,0
ext_dorn_cuda_medium_01619,cuda,medium,True,True,True,1.0,0.2976188659667969,True,False,True,True,0
ext_dorn_cuda_medium_01620,cuda,medium,True,True,False,0.0,0.8928565979003906,True,False,True,False,0
ext_dorn_cuda_medium_01621,cuda,medium,True,True,False,0.0,-1.0119037628173828,False,True,False,False,0
ext_dorn_cuda_medium_01622,cuda,medium,True,True,True,1.0,0.2976188659667969,True,False,False,False,0
ext_dorn_cuda_medium_01623,cuda,medium,True,False,False,0.0,0.1190481185913086,False,False,False,False,0
ext_dorn_cuda_medium_01624,cuda,medium,True,True,True,1.0,-0.8928565979003906,False,True,True,True,0
ext_dorn_cuda_medium_01625,cuda,medium,True,True,False,0.0,-0.41666698455810547,False,True,False,False,0
ext_dorn_cuda_medium_01626,cuda,medium,True,True,False,0.0,0.5952386856079102,True,False,True,False,0
ext_dorn_cuda_medium_01627,cuda,medium,True,True,False,0.0,0.41666698455810547,True,False,True,True,0
ext_dorn_cuda_medium_01628,cuda,medium,True,True,False,0.0,1.0119047164916992,True,False,False,False,0
ext_dorn_cuda_medium_01629,cuda,medium,True,False,False,,0.0,False,False,True,True,0
ext_dorn_cuda_medium_01630,cuda,medium,True,True,True,1.0,-2.9166669845581055,False,True,True,True,0
ext_dorn_cuda_medium_01631,cuda,medium,True,True,True,1.0,1.7857141494750977,True,False,False,False,0
ext_dorn_cuda_medium_01632,cuda,medium,True,False,False,1.0,0.17857074737548828,False,False,True,True,0
ext_dorn_cuda_medium_01633,cuda,medium,True,False,False,1.0,0.2976188659667969,True,True,True,True,0
ext_dorn_cuda_medium_01634,cuda,medium,True,True,True,1.0,0.5952377319335938,True,False,True,True,0
ext_dorn_cuda_medium_01635,cuda,medium,True,True,True,1.0,0.5357151031494141,True,False,True,True,0
ext_dorn_cuda_medium_01636,cuda,medium,True,False,False,0.0,-0.23809528350830078,False,False,False,False,0
ext_dorn_cuda_medium_01637,cuda,medium,True,True,True,1.0,-0.5952377319335938,False,True,True,True,0
ext_dorn_cuda_medium_01638,cuda,medium,True,False,False,1.0,9.5367431640625e-07,False,False,True,True,0
ext_dorn_cuda_medium_01639,cuda,medium,True,False,False,0.0,-0.5357141494750977,False,False,False,False,0
ext_dorn_cuda_medium_01640,cuda,medium,True,False,False,0.0,0.0595245361328125,False,False,True,True,0
ext_dorn_cuda_medium_01641,cuda,medium,True,True,False,0.0,-0.6547613143920898,False,True,False,False,0
ext_dorn_cuda_medium_01642,cuda,medium,True,False,False,1.0,-0.11904621124267578,False,False,False,False,0
ext_dorn_cuda_medium_01643,cuda,medium,True,True,True,1.0,-0.6547622680664062,False,True,True,False,0
ext_dorn_cuda_medium_01644,cuda,medium,True,True,False,0.0,-0.6547622680664062,False,True,True,False,0
ext_dorn_cuda_medium_01645,cuda,medium,True,True,False,0.0,-0.29761791229248047,False,True,True,False,0
ext_dorn_cuda_medium_01646,cuda,medium,True,False,False,1.0,0.11904716491699219,False,False,False,False,0
ext_dorn_cuda_medium_01647,cuda,medium,True,True,True,1.0,-1.4285717010498047,False,True,True,True,0
ext_dorn_cuda_medium_01648,cuda,medium,True,True,True,1.0,-1.6071434020996094,False,True,True,True,0
ext_dorn_cuda_medium_01649,cuda,medium,True,True,False,0.0,1.309523582458496,True,False,True,False,0
ext_dorn_cuda_medium_01650,cuda,medium,True,False,False,1.0,0.47618961334228516,True,True,True,True,0
ext_dorn_cuda_medium_01651,cuda,medium,True,True,True,1.0,-0.23809432983398438,False,True,False,False,0
ext_dorn_cuda_medium_01652,cuda,medium,True,True,True,1.0,-1.190476417541504,False,True,True,True,0
ext_dorn_cuda_medium_01653,cuda,medium,True,True,True,1.0,-1.190476417541504,False,True,True,True,0
ext_dorn_cuda_medium_01654,cuda,medium,True,True,True,1.0,2.3214292526245117,True,False,True,True,0
ext_dorn_cuda_medium_01655,cuda,medium,True,True,True,1.0,-1.0119056701660156,False,True,True,True,0
ext_dorn_cuda_medium_01656,cuda,medium,True,True,False,0.0,1.4285717010498047,True,False,True,False,0
ext_dorn_cuda_medium_01657,cuda,medium,True,True,True,1.0,-0.5357141494750977,False,True,True,False,0
ext_dorn_cuda_medium_01658,cuda,medium,True,False,False,0.0,0.47619056701660156,False,False,False,False,0
ext_dorn_cuda_medium_01659,cuda,medium,True,True,False,0.0,0.41666603088378906,True,False,False,False,0
ext_dorn_cuda_medium_01660,cuda,medium,True,False,False,0.0,-0.3571434020996094,False,False,True,False,0
ext_dorn_cuda_medium_01661,cuda,medium,True,True,True,1.0,-0.9523820877075195,False,True,False,False,0
ext_dorn_cuda_medium_01662,cuda,medium,True,True,True,1.0,-1.4880952835083008,False,True,True,True,0
ext_dorn_cuda_medium_01663,cuda,medium,True,True,False,0.0,0.2976188659667969,True,False,False,False,0
ext_dorn_cuda_medium_01664,cuda,medium,True,False,False,1.0,0.2976198196411133,True,True,True,True,0
ext_dorn_cuda_medium_01665,cuda,medium,True,True,True,1.0,-0.35714244842529297,False,True,True,True,0
ext_dorn_cuda_medium_01666,cuda,medium,True,True,False,0.0,1.0714292526245117,True,False,True,False,0
ext_dorn_cuda_medium_01667,cuda,medium,True,True,True,1.0,0.1785717010498047,True,False,True,True,0
ext_dorn_cuda_medium_01668,cuda,medium,True,True,True,1.0,0.41666603088378906,True,False,True,False,0
ext_dorn_cuda_medium_01669,cuda,medium,True,True,False,0.0,-0.41666698455810547,False,True,False,False,0
ext_dorn_cuda_medium_01670,cuda,medium,True,True,True,1.0,0.3571434020996094,True,False,True,True,0
ext_dorn_cuda_medium_01671,cuda,medium,True,True,True,1.0,-1.6666669845581055,False,True,True,True,0
ext_dorn_cuda_medium_01672,cuda,medium,True,False,False,0.0,-0.059523582458496094,True,True,True,True,0
ext_dorn_cuda_medium_01673,cuda,medium,True,True,True,1.0,-0.41666698455810547,False,True,True,False,0
ext_dorn_cuda_medium_01674,cuda,medium,True,False,False,1.0,0.23809528350830078,False,False,True,True,0
ext_dorn_cuda_medium_01675,cuda,medium,True,True,False,0.0,1.4285707473754883,True,False,False,False,0
ext_dorn_cuda_medium_01676,cuda,medium,True,True,False,0.0,-0.8333339691162109,False,True,True,False,0
ext_dorn_cuda_medium_01677,cuda,medium,True,False,False,1.0,0.47618961334228516,True,True,True,True,0
ext_dorn_cuda_medium_01678,cuda,medium,True,True,False,0.0,0.5357151031494141,True,False,True,False,0
ext_dorn_cuda_medium_01679,cuda,medium,True,False,False,1.0,0.5357141494750977,True,True,True,True,0
ext_dorn_cuda_medium_01680,cuda,medium,True,True,True,1.0,0.7142858505249023,True,False,True,True,0
ext_dorn_cuda_medium_01681,cuda,medium,True,True,True,1.0,-0.6547622680664062,False,True,False,False,0
ext_dorn_cuda_medium_01682,cuda,medium,True,True,True,1.0,1.0119047164916992,True,False,True,False,0
ext_dorn_cuda_medium_01683,cuda,medium,True,True,True,1.0,0.41666603088378906,True,False,False,False,0
ext_dorn_cuda_medium_01684,cuda,medium,True,False,False,1.0,-0.2976188659667969,False,False,False,False,0
ext_dorn_cuda_medium_01685,cuda,medium,True,True,True,1.0,-0.6547613143920898,False,True,True,True,0
ext_dorn_cuda_medium_01686,cuda,medium,True,False,False,1.0,-0.23809528350830078,True,True,True,True,0
ext_dorn_cuda_medium_01687,cuda,medium,True,False,False,0.0,0.05952262878417969,False,False,False,False,0
ext_dorn_cuda_medium_01688,cuda,medium,True,True,True,1.0,1.7857141494750977,True,False,True,True,0
ext_dorn_cuda_medium_01689,cuda,medium,True,True,False,0.0,-0.5357141494750977,False,True,False,False,0
ext_dorn_cuda_medium_01690,cuda,medium,True,True,False,0.0,0.47618961334228516,True,False,True,True,0
ext_dorn_cuda_medium_01691,cuda,medium,True,True,False,0.0,0.5357151031494141,True,False,True,False,0
ext_dorn_cuda_medium_01692,cuda,medium,True,True,False,0.0,0.41666603088378906,True,False,False,False,0
ext_dorn_cuda_medium_01693,cuda,medium,True,True,True,1.0,-1.607142448425293,False,True,True,True,0
ext_dorn_cuda_medium_01694,cuda,medium,True,False,False,1.0,9.5367431640625e-07,True,True,True,False,0
ext_dorn_cuda_medium_01695,cuda,medium,True,True,True,1.0,1.0119047164916992,True,False,False,False,0
ext_dorn_cuda_medium_01696,cuda,medium,True,True,False,0.0,-0.7142858505249023,False,True,True,False,0
ext_dorn_cuda_medium_01697,cuda,medium,True,True,False,0.0,0.2976188659667969,True,False,True,True,0
ext_dorn_cuda_medium_01698,cuda,medium,True,True,False,0.0,0.5357141494750977,True,False,True,False,0
ext_dorn_cuda_medium_01699,cuda,medium,True,True,True,1.0,2.8571434020996094,True,False,True,True,0
ext_dorn_cuda_medium_01700,cuda,medium,True,False,False,0.0,0.059523582458496094,True,True,True,False,0
ext_dorn_cuda_medium_01701,cuda,medium,True,True,True,1.0,-0.7738103866577148,False,True,False,False,0
ext_dorn_cuda_medium_01702,cuda,medium,True,True,False,0.0,1.6071434020996094,True,False,True,False,0
ext_dorn_cuda_medium_01703,cuda,medium,True,True,True,1.0,0.8928565979003906,True,False,True,True,0
ext_dorn_cuda_medium_01704,cuda,medium,True,True,False,0.0,-1.9642858505249023,False,True,False,False,0
ext_dorn_cuda_medium_01705,cuda,medium,True,True,False,0.0,0.23809432983398438,True,False,False,False,0
ext_dorn_cuda_medium_01706,cuda,medium,True,False,False,1.0,-0.5952377319335938,False,False,False,False,0
ext_dorn_cuda_medium_01707,cuda,medium,True,True,False,0.0,1.190476417541504,True,False,True,False,0
ext_dorn_cuda_medium_01708,cuda,medium,True,True,True,1.0,0.35714244842529297,True,False,False,False,0
ext_dorn_cuda_medium_01709,cuda,medium,True,True,True,1.0,-2.5000009536743164,False,True,True,True,0
ext_dorn_cuda_medium_01710,cuda,medium,True,False,False,1.0,0.11904716491699219,True,True,True,True,0
ext_dorn_cuda_medium_01711,cuda,medium,True,True,True,1.0,-1.4880943298339844,False,True,True,True,0
ext_dorn_cuda_medium_01712,cuda,medium,True,True,True,1.0,0.7738103866577148,True,False,True,False,0
ext_dorn_cuda_medium_01713,cuda,medium,True,True,False,0.0,0.5952386856079102,True,False,True,False,0
ext_dorn_cuda_medium_01714,cuda,medium,True,True,True,1.0,0.35714244842529297,True,False,False,False,0
ext_dorn_cuda_medium_01715,cuda,medium,True,True,True,1.0,-1.9047613143920898,False,True,True,True,0
ext_dorn_cuda_medium_01716,cuda,medium,True,True,True,1.0,-0.2976188659667969,False,True,False,False,0
ext_dorn_cuda_medium_01717,cuda,medium,True,True,True,1.0,-1.607142448425293,False,True,True,True,0
ext_dorn_cuda_medium_01718,cuda,medium,True,True,True,1.0,0.29761791229248047,True,False,False,False,0
ext_dorn_cuda_medium_01719,cuda,medium,True,True,False,0.0,-0.5952377319335938,False,True,True,True,0
ext_dorn_cuda_medium_01720,cuda,medium,True,True,False,0.0,0.41666603088378906,True,False,True,False,0
ext_dorn_cuda_medium_01721,cuda,medium,True,True,True,1.0,0.5357131958007812,True,False,True,False,0
ext_dorn_cuda_medium_01722,cuda,medium,True,True,True,1.0,0.47619152069091797,True,False,True,True,0
ext_dorn_cuda_medium_01723,cuda,medium,True,True,True,1.0,-2.559523582458496,False,True,True,True,0
ext_dorn_cuda_medium_01724,cuda,medium,True,False,False,1.0,-0.1190481185913086,False,False,True,True,0
ext_dorn_cuda_medium_01725,cuda,medium,True,True,True,1.0,-0.8928565979003906,False,True,False,False,0
ext_dorn_cuda_medium_01726,cuda,medium,True,True,False,0.0,0.47618961334228516,True,False,True,True,0
ext_dorn_cuda_medium_01727,cuda,medium,True,True,True,1.0,2.023810386657715,True,False,True,True,0
ext_dorn_cuda_medium_01728,cuda,medium,True,False,False,0.0,0.5952377319335938,False,False,False,False,0
ext_dorn_cuda_medium_01729,cuda,medium,True,True,False,0.0,0.5357141494750977,True,False,False,False,0
ext_dorn_cuda_medium_01730,cuda,medium,True,True,False,0.0,0.23809528350830078,True,False,False,False,0
ext_dorn_cuda_medium_01731,cuda,medium,True,True,False,0.0,-0.8928565979003906,False,True,True,False,0
ext_dorn_cuda_medium_01732,cuda,medium,True,True,True,1.0,-0.2976198196411133,False,True,False,False,0
ext_dorn_cuda_medium_01733,cuda,medium,True,True,True,1.0,-1.607142448425293,False,True,True,True,0
ext_dorn_cuda_medium_01734,cuda,medium,True,True,False,0.0,0.41666603088378906,True,False,False,False,0
ext_dorn_cuda_medium_01735,cuda,medium,True,True,True,1.0,0.7142868041992188,True,False,True,True,0
ext_dorn_cuda_medium_01736,cuda,medium,True,True,True,1.0,-1.3690481185913086,False,True,True,True,0
ext_dorn_cuda_medium_01737,cuda,medium,True,True,True,1.0,0.9523811340332031,True,False,True,True,0
ext_dorn_cuda_medium_01738,cuda,medium,True,True,False,0.0,-0.2976198196411133,False,True,False,False,0
ext_dorn_cuda_medium_01739,cuda,medium,True,True,True,1.0,-0.6547622680664062,False,True,False,False,0
ext_dorn_cuda_medium_01740,cuda,medium,True,True,True,1.0,1.0714292526245117,True,False,True,True,0
ext_dorn_cuda_medium_01741,cuda,medium,True,True,False,0.0,0.1785717010498047,True,False,False,False,0
ext_dorn_cuda_medium_01742,cuda,medium,True,True,False,0.0,-0.892857551574707,False,True,True,False,0
ext_dorn_cuda_medium_01743,cuda,medium,True,True,True,1.0,-0.8333339691162109,False,True,True,True,0
ext_dorn_cuda_medium_01744,cuda,medium,True,True,False,0.0,0.11904716491699219,True,False,True,True,0
ext_dorn_cuda_medium_01745,cuda,medium,True,True,True,1.0,-0.17857074737548828,False,True,False,False,0
ext_dorn_cuda_medium_01746,cuda,medium,True,True,True,1.0,-0.9523811340332031,False,True,False,False,0
ext_dorn_cuda_medium_01747,cuda,medium,True,True,True,1.0,0.47619056701660156,True,False,True,True,0
ext_dorn_cuda_medium_01748,cuda,medium,True,True,True,1.0,-0.23809528350830078,False,True,False,False,0
ext_dorn_cuda_medium_01749,cuda,medium,True,True,True,1.0,-1.4285707473754883,False,True,True,True,0
ext_dorn_cuda_medium_01750,cuda,medium,True,True,False,0.0,-0.47619056701660156,False,True,False,False,0
ext_dorn_cuda_medium_01751,cuda,medium,True,True,True,1.0,0.3571434020996094,True,False,False,False,0
ext_dorn_cuda_medium_01752,cuda,medium,True,True,True,1.0,0.2976188659667969,True,False,True,True,0
ext_dorn_cuda_medium_01753,cuda,medium,True,True,False,0.0,0.5357151031494141,True,False,False,False,0
ext_dorn_cuda_medium_01754,cuda,medium,True,False,False,1.0,0.11904716491699219,False,False,False,False,0
ext_dorn_cuda_medium_01755,cuda,medium,True,True,True,1.0,-0.6547613143920898,False,True,True,True,0
ext_dorn_cuda_medium_01756,cuda,medium,True,True,True,1.0,-0.7142848968505859,False,True,True,True,0
ext_dorn_cuda_medium_01757,cuda,medium,True,True,False,0.0,0.7142858505249023,True,False,True,False,0
ext_dorn_cuda_medium_01758,cuda,medium,True,True,False,0.0,0.5357151031494141,True,False,True,False,0
ext_dorn_cuda_medium_01759,cuda,medium,True,False,False,,0.0,False,False,False,False,0
ext_dorn_cuda_medium_01760,cuda,medium,True,True,False,0.0,0.35714244842529297,True,False,False,False,0
ext_dorn_cuda_medium_01761,cuda,medium,True,True,True,1.0,-1.0714282989501953,False,True,True,True,0
ext_dorn_cuda_medium_01762,cuda,medium,True,False,False,0.0,0.2976188659667969,False,False,False,False,0
ext_dorn_cuda_medium_01763,cuda,medium,True,True,True,1.0,-0.4166679382324219,False,True,False,False,0
ext_dorn_cuda_medium_01764,cuda,medium,True,True,True,1.0,0.8333330154418945,True,False,True,True,0
ext_dorn_cuda_medium_01765,cuda,medium,True,True,False,0.0,-0.47619056701660156,False,True,True,True,0
ext_dorn_cuda_medium_01766,cuda,medium,True,False,False,1.0,0.11904716491699219,False,False,False,False,0
ext_dorn_cuda_medium_01767,cuda,medium,True,True,True,1.0,-1.8452377319335938,False,True,False,False,0
ext_dorn_cuda_medium_01768,cuda,medium,True,False,False,0.0,0.1190481185913086,False,False,False,False,0
ext_dorn_cuda_medium_01769,cuda,medium,True,True,False,0.0,0.7142858505249023,True,False,True,True,0
ext_dorn_cuda_medium_01770,cuda,medium,True,True,True,1.0,0.773808479309082,True,False,False,False,0
ext_dorn_cuda_medium_01771,cuda,medium,True,False,False,1.0,-0.23809528350830078,True,True,True,True,0
ext_dorn_cuda_medium_01772,cuda,medium,True,True,True,1.0,-0.5357141494750977,False,True,True,False,0
ext_dorn_cuda_medium_01773,cuda,medium,True,True,True,1.0,0.6547622680664062,True,False,True,True,0
ext_dorn_cuda_medium_01774,cuda,medium,True,True,True,1.0,-0.059523582458496094,False,True,False,False,0
ext_dorn_cuda_medium_01775,cuda,medium,True,True,True,1.0,-0.41666698455810547,False,True,True,True,0
ext_dorn_cuda_medium_01776,cuda,medium,True,False,False,1.0,-0.2976188659667969,True,True,True,True,0
ext_dorn_cuda_medium_01777,cuda,medium,True,True,False,0.0,-0.2976188659667969,False,True,False,False,0
ext_dorn_cuda_medium_01778,cuda,medium,True,False,False,1.0,0.23809528350830078,False,False,False,False,0
ext_dorn_cuda_medium_01779,cuda,medium,True,True,False,0.0,-0.3571434020996094,False,True,False,False,0
ext_dorn_cuda_medium_01780,cuda,medium,True,True,True,1.0,-2.440476417541504,False,True,True,True,0
ext_dorn_cuda_medium_01781,cuda,medium,True,True,True,1.0,-0.5357151031494141,False,True,True,False,0
ext_dorn_cuda_medium_01782,cuda,medium,True,True,True,1.0,0.47619152069091797,True,False,False,False,0
ext_dorn_cuda_medium_01783,cuda,medium,True,True,True,1.0,0.7142858505249023,True,False,True,True,0
ext_dorn_cuda_medium_01784,cuda,medium,True,True,True,1.0,0.47619056701660156,True,False,True,True,0
ext_dorn_cuda_medium_01785,cuda,medium,True,True,True,1.0,-2.202381134033203,False,True,True,True,0
ext_dorn_cuda_medium_01786,cuda,medium,True,True,True,1.0,-0.1785717010498047,False,True,True,True,0
ext_dorn_cuda_medium_01787,cuda,medium,True,True,False,0.0,0.8928565979003906,True,False,False,False,0
ext_dorn_cuda_medium_01788,cuda,medium,True,True,False,0.0,0.7738094329833984,True,False,True,False,0
ext_dorn_cuda_medium_01789,cuda,medium,True,True,False,0.0,2.023810386657715,True,False,True,False,0
ext_dorn_cuda_medium_01790,cuda,medium,True,False,False,1.0,-0.41666698455810547,False,False,False,False,0
ext_dorn_cuda_medium_01791,cuda,medium,True,True,False,0.0,0.2976188659667969,True,False,False,False,0
ext_dorn_cuda_medium_01792,cuda,medium,True,False,False,1.0,0.3571434020996094,True,True,True,False,0
ext_dorn_cuda_medium_01793,cuda,medium,True,True,False,0.0,-0.1785717010498047,False,True,True,True,0
ext_dorn_cuda_medium_01794,cuda,medium,True,True,True,1.0,0.892857551574707,True,False,True,True,0
ext_dorn_cuda_medium_01795,cuda,medium,True,True,True,1.0,0.6547622680664062,True,False,True,True,0
ext_dorn_cuda_medium_01796,cuda,medium,True,True,True,1.0,1.4285717010498047,True,False,True,True,0
ext_dorn_cuda_medium_01797,cuda,medium,True,True,True,1.0,0.5952386856079102,True,False,True,True,0
ext_dorn_cuda_medium_01798,cuda,medium,True,True,True,1.0,-2.797618865966797,False,True,True,True,0
ext_dorn_cuda_medium_01799,cuda,medium,True,True,False,0.0,0.7738094329833984,True,False,True,False,0
ext_dorn_cuda_medium_01800,cuda,medium,True,True,True,1.0,1.3690471649169922,True,False,True,True,0
ext_dorn_cuda_medium_01801,cuda,medium,True,True,True,1.0,-1.25,False,True,True,True,0
ext_dorn_cuda_medium_01802,cuda,medium,True,False,False,,0.0,True,True,True,False,0
ext_dorn_cuda_medium_01803,cuda,medium,True,True,True,1.0,-0.47619056701660156,False,True,True,False,0
ext_dorn_cuda_medium_01804,cuda,medium,True,True,True,1.0,0.5952377319335938,True,False,True,True,0
ext_dorn_cuda_medium_01805,cuda,medium,True,False,False,1.0,9.5367431640625e-07,False,False,False,False,0
ext_dorn_cuda_medium_01806,cuda,medium,True,True,False,0.0,-0.059523582458496094,False,True,True,True,0
ext_dorn_cuda_medium_01807,cuda,medium,True,False,False,1.0,-9.5367431640625e-07,False,False,False,False,0
ext_dorn_cuda_medium_01808,cuda,medium,True,True,True,1.0,1.3690471649169922,True,False,True,True,0
ext_dorn_cuda_medium_01809,cuda,medium,True,True,True,1.0,2.6190481185913086,True,False,True,True,0
ext_dorn_cuda_medium_01810,cuda,medium,True,True,False,0.0,0.23809528350830078,True,False,False,False,0
ext_dorn_cuda_medium_01811,cuda,medium,True,False,False,1.0,0.35714244842529297,False,False,False,False,0
ext_dorn_cuda_medium_01812,cuda,medium,True,False,False,0.0,-9.5367431640625e-07,True,True,True,True,0
ext_dorn_cuda_medium_01813,cuda,medium,True,False,False,0.0,0.1190481185913086,False,False,True,True,0
ext_dorn_cuda_medium_01814,cuda,medium,True,True,True,1.0,-0.8333330154418945,False,True,True,True,0
ext_dorn_cuda_medium_01815,cuda,medium,True,True,False,0.0,1.3690481185913086,True,False,False,False,0
ext_dorn_cuda_medium_01816,cuda,medium,True,True,True,1.0,0.7738094329833984,True,False,True,True,0
ext_dorn_cuda_medium_01817,cuda,medium,True,False,False,0.0,0.47619056701660156,True,True,True,False,0
ext_dorn_cuda_medium_01818,cuda,medium,True,True,True,1.0,1.3690471649169922,True,False,True,True,0
ext_dorn_cuda_medium_01819,cuda,medium,True,True,False,0.0,0.41666698455810547,True,False,True,False,0
ext_dorn_cuda_medium_01820,cuda,medium,True,True,False,0.0,-2.0238094329833984,False,True,True,False,0
ext_dorn_cuda_medium_01821,cuda,medium,True,True,True,1.0,2.9166669845581055,True,False,True,True,0
ext_dorn_cuda_medium_01822,cuda,medium,True,True,True,1.0,0.7738094329833984,True,False,False,False,0
ext_dorn_cuda_medium_01823,cuda,medium,True,True,True,1.0,0.5952377319335938,True,False,True,True,0
ext_dorn_cuda_medium_01824,cuda,medium,True,True,False,0.0,-0.8928565979003906,False,True,False,False,0
ext_dorn_cuda_medium_01825,cuda,medium,True,False,False,1.0,0.41666698455810547,False,False,True,True,0
ext_dorn_cuda_medium_01826,cuda,medium,True,True,True,1.0,0.47618961334228516,True,False,False,False,0
ext_dorn_cuda_medium_01827,cuda,medium,True,True,True,1.0,-1.0714292526245117,False,True,True,True,0
ext_dorn_cuda_medium_01828,cuda,medium,True,True,True,1.0,-0.6547622680664062,False,True,False,False,0
ext_dorn_cuda_medium_01829,cuda,medium,True,True,False,0.0,-2.0833330154418945,False,True,True,False,0
ext_dorn_cuda_medium_01830,cuda,medium,True,True,True,1.0,0.6547613143920898,True,False,True,True,0
ext_dorn_cuda_medium_01831,cuda,medium,True,True,False,0.0,0.41666603088378906,True,False,True,False,0
ext_dorn_cuda_medium_01832,cuda,medium,True,True,True,1.0,-0.35714244842529297,False,True,False,False,0
ext_dorn_cuda_medium_01833,cuda,medium,True,False,False,0.0,-0.0595245361328125,False,False,False,False,0
ext_dorn_cuda_medium_01834,cuda,medium,True,False,False,1.0,0.41666698455810547,True,True,True,True,0
ext_dorn_cuda_medium_01835,cuda,medium,True,True,True,1.0,0.5357151031494141,True,False,True,True,0
ext_dorn_cuda_medium_01836,cuda,medium,True,True,False,0.0,-0.8333339691162109,False,True,True,False,0
ext_dorn_cuda_medium_01837,cuda,medium,True,False,False,0.0,-0.1190481185913086,True,True,True,False,0
ext_dorn_cuda_medium_01838,cuda,medium,True,True,True,1.0,-1.8452377319335938,False,True,True,True,0
ext_dorn_cuda_medium_01839,cuda,medium,True,True,False,0.0,0.41666698455810547,True,False,True,False,0
ext_dorn_cuda_medium_01840,cuda,medium,True,False,False,0.0,-0.29761791229248047,False,False,False,False,0
ext_dorn_cuda_medium_01841,cuda,medium,True,True,False,0.0,-2.0238094329833984,False,True,True,False,0
ext_dorn_cuda_medium_01842,cuda,medium,True,True,False,0.0,-0.1785717010498047,False,True,True,False,0
ext_dorn_cuda_medium_01843,cuda,medium,True,True,True,1.0,0.5952386856079102,True,False,True,False,0
ext_dorn_cuda_medium_01844,cuda,medium,True,False,False,0.0,0.35714244842529297,True,True,True,True,0
ext_dorn_cuda_medium_01845,cuda,medium,True,True,True,1.0,0.3571434020996094,True,False,False,False,0
ext_dorn_cuda_medium_01846,cuda,medium,True,True,True,1.0,-0.2976198196411133,False,True,True,True,0
ext_dorn_cuda_medium_01847,cuda,medium,True,True,True,1.0,0.8333330154418945,True,False,False,False,0
ext_dorn_cuda_medium_01848,cuda,medium,True,False,False,0.0,0.17857074737548828,False,False,False,False,0
ext_dorn_cuda_medium_01849,cuda,medium,True,True,True,1.0,1.1309518814086914,True,False,True,True,0
ext_dorn_cuda_medium_01850,cuda,medium,True,True,True,1.0,-2.2023801803588867,False,True,True,True,0
ext_dorn_cuda_medium_01851,cuda,medium,True,True,True,1.0,0.7142858505249023,True,False,False,False,0
ext_dorn_cuda_medium_01852,cuda,medium,True,True,False,0.0,1.0119047164916992,True,False,True,False,0
ext_dorn_cuda_medium_01853,cuda,medium,True,True,True,1.0,-1.964284896850586,False,True,True,True,0
ext_dorn_cuda_medium_01854,cuda,medium,True,True,True,1.0,-0.7738094329833984,False,True,True,True,0
ext_dorn_cuda_medium_01855,cuda,medium,True,True,False,0.0,0.6547622680664062,True,False,True,False,0
ext_dorn_cuda_medium_01856,cuda,medium,True,False,False,0.0,0.1190481185913086,True,True,True,True,0
ext_dorn_cuda_medium_01857,cuda,medium,True,True,True,1.0,-0.1190481185913086,False,True,True,True,0
ext_dorn_cuda_medium_01858,cuda,medium,True,False,False,0.0,-0.23809432983398438,False,False,False,False,0
ext_dorn_cuda_medium_01859,cuda,medium,True,True,True,1.0,1.4285707473754883,True,False,True,True,0
ext_dorn_cuda_medium_01860,cuda,medium,True,True,False,0.0,0.5357141494750977,True,False,True,False,0
ext_dorn_cuda_medium_01861,cuda,medium,True,False,False,,0.0,False,False,True,True,0
ext_dorn_cuda_medium_01862,cuda,medium,True,True,False,0.0,-0.5357151031494141,False,True,True,True,0
ext_dorn_cuda_medium_01863,cuda,medium,True,True,False,0.0,0.892857551574707,True,False,False,False,0
ext_dorn_cuda_medium_01864,cuda,medium,True,True,False,0.0,-0.35714244842529297,False,True,False,False,0
ext_dorn_cuda_medium_01865,cuda,medium,True,False,False,,0.0,False,False,True,False,0
ext_dorn_cuda_medium_01866,cuda,medium,True,False,False,0.0,0.05952262878417969,True,True,True,False,0
ext_dorn_cuda_medium_01867,cuda,medium,True,True,True,1.0,2.2023801803588867,True,False,True,True,0
ext_dorn_cuda_medium_01868,cuda,medium,True,True,True,1.0,0.23809432983398438,True,False,True,True,0
ext_dorn_cuda_medium_01869,cuda,medium,True,True,False,0.0,2.142857551574707,True,False,True,False,0
ext_dorn_cuda_medium_01870,cuda,medium,True,True,True,1.0,2.738095283508301,True,False,True,True,0
ext_dorn_cuda_medium_01871,cuda,medium,True,True,False,0.0,2.261903762817383,True,False,False,False,0
ext_dorn_cuda_medium_01872,cuda,medium,True,True,True,1.0,0.47618961334228516,True,False,False,False,0
ext_dorn_cuda_medium_01873,cuda,medium,True,True,True,1.0,-0.2976198196411133,False,True,True,True,0
ext_dorn_cuda_medium_01874,cuda,medium,True,True,True,1.0,-1.0119037628173828,False,True,True,True,0
ext_dorn_cuda_medium_01875,cuda,medium,True,True,False,0.0,0.6547622680664062,True,False,False,False,0
ext_dorn_cuda_medium_01876,cuda,medium,True,True,False,0.0,0.47619056701660156,True,False,False,False,0
ext_dorn_cuda_medium_01877,cuda,medium,True,True,False,0.0,-1.25,False,True,True,False,0
ext_dorn_cuda_medium_01878,cuda,medium,True,True,True,1.0,2.797618865966797,True,False,True,True,0
ext_dorn_cuda_medium_01879,cuda,medium,True,True,True,1.0,-0.8333330154418945,False,True,False,False,0
ext_dorn_cuda_medium_01880,cuda,medium,True,True,False,0.0,0.5952386856079102,True,False,True,False,0
ext_dorn_cuda_medium_01881,cuda,medium,True,True,False,0.0,-1.607142448425293,False,True,True,False,0
ext_dorn_cuda_medium_01882,cuda,medium,True,False,False,1.0,0.35714244842529297,True,True,False,False,0
ext_dorn_cuda_medium_01883,cuda,medium,True,True,False,0.0,1.4285707473754883,True,False,True,False,0
ext_dorn_cuda_medium_01884,cuda,medium,True,False,False,0.0,0.47618961334228516,True,True,False,False,0
ext_dorn_cuda_medium_01885,cuda,medium,True,True,False,0.0,-0.35714244842529297,False,True,True,False,0
ext_dorn_cuda_medium_01886,cuda,medium,True,False,False,,0.0,False,False,True,True,0
ext_dorn_cuda_medium_01887,cuda,medium,True,False,False,0.0,0.23809528350830078,False,False,False,False,0
ext_dorn_cuda_medium_01888,cuda,medium,True,True,True,1.0,0.3571434020996094,True,False,True,False,0
ext_dorn_cuda_medium_01889,cuda,medium,True,True,True,1.0,-0.6547613143920898,False,True,True,True,0
ext_dorn_cuda_medium_01890,cuda,medium,True,False,False,1.0,0.1190481185913086,True,True,True,True,0
ext_dorn_cuda_medium_01891,cuda,medium,True,False,False,0.0,0.1785726547241211,False,False,False,False,0
ext_dorn_cuda_medium_01892,cuda,medium,True,True,True,1.0,1.3690481185913086,True,False,True,True,0
ext_dorn_cuda_medium_01893,cuda,medium,True,True,False,0.0,0.5357151031494141,True,False,True,True,0
ext_dorn_cuda_medium_01894,cuda,medium,True,True,True,1.0,-0.9523811340332031,False,True,True,True,0
ext_dorn_cuda_medium_01895,cuda,medium,True,True,True,1.0,1.6071434020996094,True,False,True,True,0
ext_dorn_cuda_medium_01896,cuda,medium,True,True,False,0.0,-0.47619056701660156,False,True,True,False,0
ext_dorn_cuda_medium_01897,cuda,medium,True,True,True,1.0,0.17857074737548828,True,False,False,False,0
ext_dorn_cuda_medium_01898,cuda,medium,True,True,False,0.0,2.083333969116211,True,False,False,False,0
ext_dorn_cuda_medium_01899,cuda,medium,True,True,False,0.0,-1.309523582458496,False,True,True,False,0
ext_dorn_cuda_medium_01900,cuda,medium,True,True,False,0.0,0.5357141494750977,True,False,True,False,0
ext_dorn_cuda_medium_01901,cuda,medium,True,True,True,1.0,0.7142858505249023,True,False,False,False,0
ext_dorn_cuda_medium_01902,cuda,medium,True,False,False,1.0,0.1785717010498047,False,False,True,True,0
ext_dorn_cuda_medium_01903,cuda,medium,True,True,True,1.0,2.6190481185913086,True,False,True,True,0
ext_dorn_cuda_medium_01904,cuda,medium,True,True,False,0.0,-0.1785717010498047,False,True,True,True,0
ext_dorn_cuda_medium_01905,cuda,medium,True,False,False,1.0,-0.17857074737548828,True,True,True,False,0
ext_dorn_cuda_medium_01906,cuda,medium,True,True,True,1.0,2.5,True,False,True,True,0
ext_dorn_cuda_medium_01907,cuda,medium,True,True,True,1.0,-0.5952396392822266,False,True,True,False,0
ext_dorn_cuda_medium_01908,cuda,medium,True,True,True,1.0,0.6547622680664062,True,False,False,False,0
ext_dorn_cuda_medium_01909,cuda,medium,True,True,False,0.0,0.47619056701660156,True,False,False,False,0
ext_dorn_cuda_medium_01910,cuda,medium,True,True,True,1.0,1.309523582458496,True,False,True,True,0
ext_dorn_cuda_medium_01911,cuda,medium,True,False,False,1.0,0.0595245361328125,True,True,True,True,0
ext_dorn_cuda_medium_01912,cuda,medium,True,True,True,1.0,-0.5357141494750977,False,True,True,True,0
ext_dorn_cuda_medium_01913,cuda,medium,True,True,False,0.0,-0.892857551574707,False,True,True,False,0
ext_dorn_cuda_medium_01914,cuda,medium,True,True,True,1.0,-0.5952386856079102,False,True,True,True,0
ext_dorn_cuda_medium_01915,cuda,medium,True,True,True,1.0,-1.9642858505249023,False,True,True,True,0
ext_dorn_cuda_medium_01916,cuda,medium,True,True,True,1.0,0.5357141494750977,True,False,True,True,0
ext_dorn_cuda_medium_01917,cuda,medium,True,True,False,0.0,-0.8333330154418945,False,True,True,False,0
ext_dorn_cuda_medium_01918,cuda,medium,True,True,False,0.0,0.23809432983398438,True,False,False,False,0
ext_dorn_cuda_medium_01919,cuda,medium,True,True,True,1.0,-0.8333330154418945,False,True,True,True,0
ext_dorn_cuda_medium_01920,cuda,medium,True,True,False,0.0,0.6547632217407227,True,False,False,False,0
ext_dorn_cuda_medium_01921,cuda,medium,True,True,True,1.0,-0.23809528350830078,False,True,True,False,0
ext_dorn_cuda_medium_01922,cuda,medium,True,True,True,1.0,-0.2976198196411133,False,True,True,True,0
ext_dorn_cuda_medium_01923,cuda,medium,True,False,False,1.0,0.41666698455810547,True,True,True,True,0
ext_dorn_cuda_medium_01924,cuda,medium,True,True,True,1.0,0.7142858505249023,True,False,True,True,0
ext_dorn_cuda_medium_01925,cuda,medium,True,True,False,0.0,0.8333339691162109,True,False,False,False,0
ext_dorn_cuda_medium_01926,cuda,medium,True,True,False,0.0,0.6547613143920898,True,False,True,True,0
ext_dorn_cuda_medium_01927,cuda,medium,True,False,False,1.0,0.2976188659667969,True,True,True,True,0
ext_dorn_cuda_medium_01928,cuda,medium,True,True,False,0.0,1.8452386856079102,True,False,True,False,0
ext_dorn_cuda_medium_01929,cuda,medium,True,True,False,0.0,0.773808479309082,True,False,False,False,0
ext_dorn_cuda_medium_01930,cuda,medium,True,True,True,1.0,-0.059523582458496094,False,True,True,False,0
ext_dorn_cuda_medium_01931,cuda,medium,True,False,False,0.0,9.5367431640625e-07,True,True,False,False,0
ext_dorn_cuda_medium_01932,cuda,medium,True,True,True,1.0,-1.4285717010498047,False,True,True,True,0
ext_dorn_cuda_medium_01933,cuda,medium,True,True,True,1.0,0.2976188659667969,True,False,False,False,0
ext_dorn_cuda_medium_01934,cuda,medium,True,True,False,0.0,0.11904716491699219,True,False,False,False,0
ext_dorn_cuda_medium_01935,cuda,medium,True,True,True,1.0,-0.7738094329833984,False,True,True,True,0
ext_dorn_cuda_medium_01936,cuda,medium,True,True,True,1.0,1.1904754638671875,True,False,False,False,0
ext_dorn_cuda_medium_01937,cuda,medium,True,True,True,1.0,-0.2976198196411133,False,True,False,False,0
ext_dorn_cuda_medium_01938,cuda,medium,True,True,False,0.0,-0.35714244842529297,False,True,False,False,0
ext_dorn_cuda_medium_01939,cuda,medium,True,True,False,0.0,0.7142858505249023,True,False,False,False,0
ext_dorn_cuda_medium_01940,cuda,medium,True,False,False,1.0,-0.05952262878417969,False,False,True,False,0
ext_dorn_cuda_medium_01941,cuda,medium,True,True,False,0.0,-1.7261905670166016,False,True,False,False,0
ext_dorn_cuda_medium_01942,cuda,medium,True,False,False,1.0,-0.1190481185913086,False,False,True,True,0
ext_dorn_cuda_medium_01943,cuda,medium,True,False,False,0.0,0.1785717010498047,True,True,False,False,0
ext_dorn_cuda_medium_01944,cuda,medium,True,True,True,1.0,-2.5000009536743164,False,True,True,True,0
ext_dorn_cuda_medium_01945,cuda,medium,True,True,False,0.0,-2.440476417541504,False,True,False,False,0
ext_dorn_cuda_medium_01946,cuda,medium,True,True,True,1.0,-0.1785717010498047,False,True,True,True,0
ext_dorn_cuda_medium_01947,cuda,medium,True,True,True,1.0,0.11904716491699219,True,False,True,False,0
ext_dorn_cuda_medium_01948,cuda,medium,True,True,True,1.0,0.7142868041992188,True,False,False,False,0
ext_dorn_cuda_medium_01949,cuda,medium,True,True,True,1.0,0.2976188659667969,True,False,True,True,0
ext_dorn_cuda_medium_01950,cuda,medium,True,True,True,1.0,1.309523582458496,True,False,True,True,0
ext_dorn_cuda_medium_01951,cuda,medium,True,True,False,0.0,-0.8928565979003906,False,True,False,False,0
ext_dorn_cuda_medium_01952,cuda,medium,True,True,True,1.0,-1.6071434020996094,False,True,True,True,0
ext_dorn_cuda_medium_01953,cuda,medium,True,False,False,0.0,0.47619152069091797,False,False,False,False,0
ext_dorn_cuda_medium_01954,cuda,medium,True,True,False,0.0,0.7142848968505859,True,False,True,False,0
ext_dorn_cuda_medium_01955,cuda,medium,True,True,False,0.0,0.23809528350830078,True,False,False,False,0
ext_dorn_cuda_medium_01956,cuda,medium,True,False,False,1.0,-0.0595245361328125,False,False,False,False,0
ext_dorn_cuda_medium_01957,cuda,medium,True,True,True,1.0,-1.3095245361328125,False,True,True,True,0
ext_dorn_cuda_medium_01958,cuda,medium,True,True,False,0.0,0.5357151031494141,True,False,True,False,0
ext_dorn_cuda_medium_01959,cuda,medium,True,True,False,0.0,-0.41666698455810547,False,True,True,True,0
ext_dorn_cuda_medium_01960,cuda,medium,True,True,True,1.0,-0.6547622680664062,False,True,True,False,0
ext_dorn_cuda_medium_01961,cuda,medium,True,True,False,0.0,0.41666698455810547,True,False,False,False,0
ext_dorn_cuda_medium_01962,cuda,medium,True,True,False,0.0,0.35714244842529297,True,False,True,True,0
ext_dorn_cuda_medium_01963,cuda,medium,True,False,False,0.0,0.059523582458496094,False,False,True,True,0
ext_dorn_cuda_medium_01964,cuda,medium,True,True,True,1.0,1.1309518814086914,True,False,True,True,0
ext_dorn_cuda_medium_01965,cuda,medium,True,True,True,1.0,-0.5357151031494141,False,True,False,False,0
ext_dorn_cuda_medium_01966,cuda,medium,True,True,True,1.0,0.773808479309082,True,False,True,True,0
ext_dorn_cuda_medium_01967,cuda,medium,True,False,False,0.0,0.0595245361328125,False,False,False,False,0
ext_dorn_cuda_medium_01968,cuda,medium,True,True,False,0.0,-0.5952377319335938,False,True,False,False,0
ext_dorn_cuda_medium_01969,cuda,medium,True,True,True,1.0,1.7261905670166016,True,False,True,True,0
ext_dorn_cuda_medium_01970,cuda,medium,True,True,False,0.0,0.7738103866577148,True,False,False,False,0
ext_dorn_cuda_medium_01971,cuda,medium,True,True,False,0.0,0.29761791229248047,True,False,True,False,0
ext_dorn_cuda_medium_01972,cuda,medium,True,True,True,1.0,2.5,True,False,False,False,0
ext_dorn_cuda_medium_01973,cuda,medium,True,True,True,1.0,0.892857551574707,True,False,True,True,0
ext_dorn_cuda_medium_01974,cuda,medium,True,True,True,1.0,0.1785726547241211,True,False,False,False,0
ext_dorn_cuda_medium_01975,cuda,medium,True,True,True,1.0,0.7738094329833984,True,False,True,True,0
ext_dorn_cuda_medium_01976,cuda,medium,True,True,True,1.0,0.11904716491699219,True,False,True,True,0
ext_dorn_cuda_medium_01977,cuda,medium,True,True,False,0.0,-0.17857074737548828,False,True,False,False,0
ext_dorn_cuda_medium_01978,cuda,medium,True,False,False,1.0,0.2976188659667969,False,False,False,False,0
ext_dorn_cuda_medium_01979,cuda,medium,True,True,True,1.0,-0.47619056701660156,False,True,False,False,0
ext_dorn_cuda_medium_01980,cuda,medium,True,True,False,0.0,-0.2976188659667969,False,True,True,False,0
ext_dorn_cuda_medium_01981,cuda,medium,True,True,True,1.0,-0.41666603088378906,False,True,True,True,0
ext_dorn_cuda_medium_01982,cuda,medium,True,True,False,0.0,0.5357141494750977,True,False,False,False,0
ext_dorn_cuda_medium_01983,cuda,medium,True,True,True,1.0,-1.6071434020996094,False,True,True,True,0
ext_dorn_cuda_medium_01984,cuda,medium,True,False,False,1.0,0.11904716491699219,False,False,False,False,0
ext_dorn_cuda_medium_01985,cuda,medium,True,False,False,1.0,0.23809432983398438,True,True,True,True,0
ext_dorn_cuda_medium_01986,cuda,medium,True,True,False,0.0,-0.1785717010498047,False,True,True,False,0
ext_dorn_cuda_medium_01987,cuda,medium,True,True,False,0.0,0.47619056701660156,True,False,False,False,0
ext_dorn_cuda_medium_01988,cuda,medium,True,True,True,1.0,0.5357141494750977,True,False,True,True,0
ext_dorn_cuda_medium_01989,cuda,medium,True,False,False,1.0,0.3571434020996094,False,False,False,False,0
ext_dorn_cuda_medium_01990,cuda,medium,True,True,False,0.0,-1.8452377319335938,False,True,True,False,0
ext_dorn_cuda_medium_01991,cuda,medium,True,True,False,0.0,-0.8333330154418945,False,True,False,False,0
ext_dorn_cuda_medium_01992,cuda,medium,True,False,False,1.0,0.41666698455810547,True,True,False,False,0
ext_dorn_cuda_medium_01993,cuda,medium,True,True,False,0.0,-0.6547622680664062,False,True,False,False,0
ext_dorn_cuda_medium_01994,cuda,medium,True,True,True,1.0,0.7142848968505859,True,False,True,True,0
ext_dorn_cuda_medium_01995,cuda,medium,True,True,True,1.0,0.8333339691162109,True,False,True,False,0
ext_dorn_cuda_medium_01996,cuda,medium,True,True,True,1.0,-0.17857074737548828,False,True,True,True,0
ext_dorn_cuda_medium_01997,cuda,medium,True,True,True,1.0,0.9523801803588867,True,False,False,False,0
ext_dorn_cuda_medium_01998,cuda,medium,True,True,True,1.0,0.7738094329833984,True,False,True,True,0
ext_dorn_cuda_medium_01999,cuda,medium,True,True,False,0.0,1.0714282989501953,True,False,True,False,0
ext_dorn_cuda_hard_02000,cuda,hard,True,False,False,,0.0,False,False,False,False,0
ext_dorn_cuda_hard_02001,cuda,hard,True,True,False,0.0,-0.5952386856079102,False,True,True,False,0
ext_dorn_cuda_hard_02002,cuda,hard,True,True,True,1.0,0.2976188659667969,True,False,False,False,0
ext_dorn_cuda_hard_02003,cuda,hard,True,True,False,0.0,-0.8333339691162109,False,True,False,False,0
ext_dorn_cuda_hard_02004,cuda,hard,True,True,False,0.0,0.17857074737548828,True,False,False,False,0
ext_dorn_cuda_hard_02005,cuda,hard,True,True,True,1.0,0.9523820877075195,True,False,True,True,0
ext_dorn_cuda_hard_02006,cuda,hard,True,True,True,1.0,0.23809528350830078,True,False,True,False,0
ext_dorn_cuda_hard_02007,cuda,hard,True,True,True,1.0,1.5476188659667969,True,False,True,True,0
ext_dorn_cuda_hard_02008,cuda,hard,True,True,True,1.0,-0.7142868041992188,False,True,True,True,0
ext_dorn_cuda_hard_02009,cuda,hard,True,True,False,0.0,0.0595245361328125,True,False,False,False,0
ext_dorn_cuda_hard_02010,cuda,hard,True,True,True,1.0,-0.9523820877075195,False,True,True,True,0
ext_dorn_cuda_hard_02011,cuda,hard,True,False,False,0.0,-0.2976198196411133,True,True,True,True,0
ext_dorn_cuda_hard_02012,cuda,hard,True,True,True,1.0,-0.5357141494750977,False,True,True,True,0
ext_dorn_cuda_hard_02013,cuda,hard,True,True,True,1.0,-0.5357141494750977,False,True,True,True,0
ext_dorn_cuda_hard_02014,cuda,hard,True,True,True,1.0,0.1785717010498047,True,False,False,False,0
ext_dorn_cuda_hard_02015,cuda,hard,True,True,True,1.0,0.9523801803588867,True,False,False,False,0
ext_dorn_cuda_hard_02016,cuda,hard,True,False,False,0.0,0.23809528350830078,False,False,False,False,0
ext_dorn_cuda_hard_02017,cuda,hard,True,False,False,0.0,0.11904716491699219,False,False,False,False,0
ext_dorn_cuda_hard_02018,cuda,hard,True,True,True,1.0,-0.8333330154418945,False,True,True,True,0
ext_dorn_cuda_hard_02019,cuda,hard,True,True,False,0.0,-0.5357141494750977,False,True,True,False,0
ext_dorn_cuda_hard_02020,cuda,hard,True,False,False,,0.0,True,True,True,True,0
ext_dorn_cuda_hard_02021,cuda,hard,True,True,True,1.0,0.5952377319335938,True,False,False,False,0
ext_dorn_cuda_hard_02022,cuda,hard,True,False,False,,0.0,False,False,False,False,0
ext_dorn_cuda_hard_02023,cuda,hard,True,True,True,1.0,-0.11904716491699219,False,True,False,False,0
ext_dorn_cuda_hard_02024,cuda,hard,True,True,True,1.0,-1.190476417541504,False,True,True,True,0
ext_dorn_cuda_hard_02025,cuda,hard,True,True,True,1.0,0.5357141494750977,True,False,True,True,0
ext_dorn_cuda_hard_02026,cuda,hard,True,False,False,0.0,-0.35714244842529297,True,True,True,False,0
ext_dorn_cuda_hard_02027,cuda,hard,True,True,True,1.0,0.7738094329833984,True,False,False,False,0
ext_dorn_cuda_hard_02028,cuda,hard,True,True,True,1.0,0.23809528350830078,True,False,False,False,0
ext_dorn_cuda_hard_02029,cuda,hard,True,True,True,1.0,-1.4880952835083008,False,True,True,True,0
ext_dorn_cuda_hard_02030,cuda,hard,True,False,False,0.0,-0.2976198196411133,False,False,True,True,0
ext_dorn_cuda_hard_02031,cuda,hard,True,False,False,1.0,0.23809432983398438,False,False,False,False,0
ext_dorn_cuda_hard_02032,cuda,hard,True,False,False,0.0,-0.1190481185913086,False,False,False,False,0
ext_dorn_cuda_hard_02033,cuda,hard,True,True,True,1.0,0.23809528350830078,True,False,True,True,0
ext_dorn_cuda_hard_02034,cuda,hard,True,True,True,1.0,-0.35714149475097656,False,True,True,True,0
ext_dorn_cuda_hard_02035,cuda,hard,True,True,True,1.0,-2.619047164916992,False,True,True,True,0
ext_dorn_cuda_hard_02036,cuda,hard,True,True,False,0.0,1.666666030883789,True,False,False,False,0
ext_dorn_cuda_hard_02037,cuda,hard,True,False,False,1.0,0.11904716491699219,False,False,False,False,0
ext_dorn_cuda_hard_02038,cuda,hard,True,True,True,1.0,1.190476417541504,True,False,True,False,0
ext_dorn_cuda_hard_02039,cuda,hard,True,True,False,0.0,-1.3690471649169922,False,True,True,False,0
ext_dorn_cuda_hard_02040,cuda,hard,True,True,True,1.0,0.35714244842529297,True,False,True,True,0
ext_dorn_cuda_hard_02041,cuda,hard,True,True,False,0.0,-1.4285717010498047,False,True,True,False,0
ext_dorn_cuda_hard_02042,cuda,hard,True,True,True,1.0,1.4880952835083008,True,False,True,True,0
ext_dorn_cuda_hard_02043,cuda,hard,True,True,True,1.0,-0.3571434020996094,False,True,False,False,0
ext_dorn_cuda_hard_02044,cuda,hard,True,True,True,1.0,0.9523811340332031,True,False,False,False,0
ext_dorn_cuda_hard_02045,cuda,hard,True,True,True,1.0,-0.47619056701660156,False,True,True,True,0
ext_dorn_cuda_hard_02046,cuda,hard,True,True,False,0.0,0.059523582458496094,True,False,True,True,0
ext_dorn_cuda_hard_02047,cuda,hard,True,False,False,,0.0,True,True,False,False,0
ext_dorn_cuda_hard_02048,cuda,hard,True,False,False,,0.0,False,False,True,False,0
ext_dorn_cuda_hard_02049,cuda,hard,True,True,False,0.0,0.5357141494750977,True,False,True,False,0
ext_dorn_cuda_hard_02050,cuda,hard,True,True,False,0.0,0.11904716491699219,True,False,True,False,0
ext_dorn_cuda_hard_02051,cuda,hard,True,False,False,1.0,-0.059523582458496094,False,False,True,False,0
ext_dorn_cuda_hard_02052,cuda,hard,True,True,True,1.0,-0.5357131958007812,False,True,True,True,0
ext_dorn_cuda_hard_02053,cuda,hard,True,True,False,0.0,-0.5357131958007812,False,True,False,False,0
ext_dorn_cuda_hard_02054,cuda,hard,True,False,False,1.0,0.11904716491699219,False,False,False,False,0
ext_dorn_cuda_hard_02055,cuda,hard,True,False,False,0.0,0.5357131958007812,False,False,True,False,0
ext_dorn_cuda_hard_02056,cuda,hard,True,True,True,1.0,-0.9523801803588867,False,True,True,True,0
ext_dorn_cuda_hard_02057,cuda,hard,True,False,False,0.0,0.059523582458496094,True,True,True,True,0
ext_dorn_cuda_hard_02058,cuda,hard,True,True,True,1.0,0.6547613143920898,True,False,True,True,0
ext_dorn_cuda_hard_02059,cuda,hard,True,True,True,1.0,1.0119047164916992,True,False,True,True,0
ext_dorn_cuda_hard_02060,cuda,hard,True,True,True,1.0,0.9523811340332031,True,False,False,False,0
ext_dorn_cuda_hard_02061,cuda,hard,True,False,False,1.0,0.17857074737548828,True,True,True,True,0
ext_dorn_cuda_hard_02062,cuda,hard,True,True,False,0.0,1.0119037628173828,True,False,True,False,0
ext_dorn_cuda_hard_02063,cuda,hard,True,True,True,1.0,0.1785717010498047,True,False,False,False,0
ext_dorn_cuda_hard_02064,cuda,hard,True,True,True,1.0,-1.4880952835083008,False,True,True,True,0
ext_dorn_cuda_hard_02065,cuda,hard,True,True,True,1.0,-1.1904754638671875,False,True,True,True,0
ext_dorn_cuda_hard_02066,cuda,hard,True,True,False,0.0,-0.41666698455810547,False,True,True,False,0
ext_dorn_cuda_hard_02067,cuda,hard,True,True,False,0.0,-0.5952386856079102,False,True,True,False,0
ext_dorn_cuda_hard_02068,cuda,hard,True,False,False,0.0,-0.059523582458496094,True,True,False,False,0
ext_dorn_cuda_hard_02069,cuda,hard,True,False,False,1.0,0.1785717010498047,True,True,False,False,0
ext_dorn_cuda_hard_02070,cuda,hard,True,True,False,0.0,2.0238094329833984,True,False,True,False,0
ext_dorn_cuda_hard_02071,cuda,hard,True,False,False,0.0,-9.5367431640625e-07,False,False,True,True,0
ext_dorn_cuda_hard_02072,cuda,hard,True,True,True,1.0,1.0119037628173828,True,False,True,True,0
ext_dorn_cuda_hard_02073,cuda,hard,True,True,False,0.0,-1.3095245361328125,False,True,True,True,0
ext_dorn_cuda_hard_02074,cuda,hard,True,True,False,0.0,0.1190481185913086,True,False,True,True,0
ext_dorn_cuda_hard_02075,cuda,hard,True,False,False,1.0,-0.2976188659667969,True,True,True,True,0
ext_dorn_cuda_hard_02076,cuda,hard,True,True,True,1.0,-1.6666669845581055,False,True,False,False,0
ext_dorn_cuda_hard_02077,cuda,hard,True,True,False,0.0,0.6547613143920898,True,False,False,False,0
ext_dorn_cuda_hard_02078,cuda,hard,True,True,True,1.0,-0.3571434020996094,False,True,False,False,0
ext_dorn_cuda_hard_02079,cuda,hard,True,True,True,1.0,-0.5952386856079102,False,True,True,True,0
ext_dorn_cuda_hard_02080,cuda,hard,True,True,True,1.0,-0.7142858505249023,False,True,True,True,0
ext_dorn_cuda_hard_02081,cuda,hard,True,True,False,0.0,-0.8333339691162109,False,True,True,False,0
ext_dorn_cuda_hard_02082,cuda,hard,True,True,True,1.0,1.0119047164916992,True,False,False,False,0
ext_dorn_cuda_hard_02083,cuda,hard,True,True,False,0.0,-0.892857551574707,False,True,False,False,0
ext_dorn_cuda_hard_02084,cuda,hard,True,True,False,0.0,0.9523811340332031,True,False,False,False,0
ext_dorn_cuda_hard_02085,cuda,hard,True,True,False,0.0,-0.7142858505249023,False,True,True,False,0
ext_dorn_cuda_hard_02086,cuda,hard,True,True,True,1.0,-0.5357151031494141,False,True,True,True,0
ext_dorn_cuda_hard_02087,cuda,hard,True,True,True,1.0,-0.8333330154418945,False,True,True,True,0
ext_dorn_cuda_hard_02088,cuda,hard,True,True,True,1.0,0.1785717010498047,True,False,True,True,0
ext_dorn_cuda_hard_02089,cuda,hard,True,False,False,1.0,-0.1785717010498047,False,False,False,False,0
ext_dorn_cuda_hard_02090,cuda,hard,True,True,True,1.0,0.892857551574707,True,False,True,True,0
ext_dorn_cuda_hard_02091,cuda,hard,True,True,True,1.0,2.7380943298339844,True,False,True,True,0
ext_dorn_cuda_hard_02092,cuda,hard,True,True,True,1.0,0.5357141494750977,True,False,True,True,0
ext_dorn_cuda_hard_02093,cuda,hard,True,True,False,0.0,-0.3571434020996094,False,True,True,False,0
ext_dorn_cuda_hard_02094,cuda,hard,True,True,True,1.0,-0.7142858505249023,False,True,True,True,0
ext_dorn_cuda_hard_02095,cuda,hard,True,True,True,1.0,-0.1190481185913086,False,True,False,False,0
ext_dorn_cuda_hard_02096,cuda,hard,True,True,False,0.0,1.7857141494750977,True,False,True,False,0
ext_dorn_cuda_hard_02097,cuda,hard,True,True,True,1.0,-0.6547622680664062,False,True,True,True,0
ext_dorn_cuda_hard_02098,cuda,hard,True,True,True,1.0,1.7857141494750977,True,False,True,True,0
ext_dorn_cuda_hard_02099,cuda,hard,True,True,True,1.0,0.4166679382324219,True,False,True,True,0
ext_dorn_cuda_hard_02100,cuda,hard,True,True,False,0.0,0.23809528350830078,True,False,True,False,0
ext_dorn_cuda_hard_02101,cuda,hard,True,True,False,0.0,0.2976198196411133,True,False,True,True,0
ext_dorn_cuda_hard_02102,cuda,hard,True,True,True,1.0,1.5476179122924805,True,False,True,True,0
ext_dorn_cuda_hard_02103,cuda,hard,True,True,True,1.0,-1.8452377319335938,False,True,True,True,0
ext_dorn_cuda_hard_02104,cuda,hard,True,True,True,1.0,1.428572654724121,True,False,True,True,0
ext_dorn_cuda_hard_02105,cuda,hard,True,True,True,1.0,-0.7738094329833984,False,True,True,True,0
ext_dorn_cuda_hard_02106,cuda,hard,True,True,False,0.0,0.47619056701660156,True,False,False,False,0
ext_dorn_cuda_hard_02107,cuda,hard,True,True,True,1.0,1.1904754638671875,True,False,True,True,0
ext_dorn_cuda_hard_02108,cuda,hard,True,False,False,1.0,-0.23809528350830078,False,False,False,False,0
ext_dorn_cuda_hard_02109,cuda,hard,True,False,False,1.0,-0.1785717010498047,False,False,True,True,0
ext_dorn_cuda_hard_02110,cuda,hard,True,False,False,1.0,0.23809528350830078,True,True,False,False,0
ext_dorn_cuda_hard_02111,cuda,hard,True,True,True,1.0,-0.7142858505249023,False,True,True,True,0
ext_dorn_cuda_hard_02112,cuda,hard,True,True,False,0.0,0.892857551574707,True,False,True,False,0
ext_dorn_cuda_hard_02113,cuda,hard,True,False,False,1.0,0.11904716491699219,True,True,True,True,0
ext_dorn_cuda_hard_02114,cuda,hard,True,False,False,0.0,-0.2976188659667969,True,True,True,True,0
ext_dorn_cuda_hard_02115,cuda,hard,True,True,True,1.0,0.1785717010498047,True,False,True,True,0
ext_dorn_cuda_hard_02116,cuda,hard,True,True,True,1.0,-0.5357141494750977,False,True,False,False,0
ext_dorn_cuda_hard_02117,cuda,hard,True,True,True,1.0,0.3571434020996094,True,False,False,False,0
ext_dorn_cuda_hard_02118,cuda,hard,True,True,False,0.0,0.41666698455810547,True,False,True,False,0
ext_dorn_cuda_hard_02119,cuda,hard,True,True,True,1.0,-1.4880952835083008,False,True,True,True,0
ext_dorn_cuda_hard_02120,cuda,hard,True,True,True,1.0,-2.2023801803588867,False,True,True,True,0
ext_dorn_cuda_hard_02121,cuda,hard,True,True,False,0.0,-0.5357141494750977,False,True,True,False,0
ext_dorn_cuda_hard_02122,cuda,hard,True,True,False,0.0,-0.7738094329833984,False,True,False,False,0
ext_dorn_cuda_hard_02123,cuda,hard,True,True,True,1.0,0.5357131958007812,True,False,True,True,0
ext_dorn_cuda_hard_02124,cuda,hard,True,True,False,0.0,-0.8333330154418945,False,True,True,False,0
ext_dorn_cuda_hard_02125,cuda,hard,True,True,True,1.0,-0.6547622680664062,False,True,True,False,0
ext_dorn_cuda_hard_02126,cuda,hard,True,True,False,0.0,1.0119037628173828,True,False,False,False,0
ext_dorn_cuda_hard_02127,cuda,hard,True,True,False,0.0,1.7857141494750977,True,False,False,False,0
ext_dorn_cuda_hard_02128,cuda,hard,True,True,False,0.0,1.1904754638671875,True,False,True,False,0
ext_dorn_cuda_hard_02129,cuda,hard,True,True,True,1.0,-0.1190481185913086,False,True,True,False,0
ext_dorn_cuda_hard_02130,cuda,hard,True,False,False,,0.0,False,False,False,False,0
ext_dorn_cuda_hard_02131,cuda,hard,True,True,True,1.0,0.2976188659667969,True,False,True,True,0
ext_dorn_cuda_hard_02132,cuda,hard,True,True,False,0.0,1.607142448425293,True,False,True,False,0
ext_dorn_cuda_hard_02133,cuda,hard,True,True,True,1.0,0.6547613143920898,True,False,True,False,0
ext_dorn_cuda_hard_02134,cuda,hard,True,True,False,0.0,-1.9047622680664062,False,True,True,False,0
ext_dorn_cuda_hard_02135,cuda,hard,True,True,True,1.0,0.8928585052490234,True,False,True,True,0
ext_dorn_cuda_hard_02136,cuda,hard,True,True,False,0.0,1.309523582458496,True,False,True,False,0
ext_dorn_cuda_hard_02137,cuda,hard,True,True,True,1.0,0.5357141494750977,True,False,True,False,0
ext_dorn_cuda_hard_02138,cuda,hard,True,True,True,1.0,-0.5952377319335938,False,True,False,False,0
ext_dorn_cuda_hard_02139,cuda,hard,True,True,False,0.0,-0.47618961334228516,False,True,True,True,0
ext_dorn_cuda_hard_02140,cuda,hard,True,True,False,0.0,0.1785717010498047,True,False,True,False,0
ext_dorn_cuda_hard_02141,cuda,hard,True,True,True,1.0,2.3809518814086914,True,False,True,True,0
ext_dorn_cuda_hard_02142,cuda,hard,True,True,True,1.0,0.5952386856079102,True,False,False,False,0
ext_dorn_cuda_hard_02143,cuda,hard,True,True,False,0.0,0.41666603088378906,True,False,True,False,0
ext_dorn_cuda_hard_02144,cuda,hard,True,True,True,1.0,-0.11904716491699219,False,True,True,True,0
ext_dorn_cuda_hard_02145,cuda,hard,True,True,False,0.0,0.7738103866577148,True,False,False,False,0
ext_dorn_cuda_hard_02146,cuda,hard,True,True,True,1.0,-1.1309518814086914,False,True,True,True,0
ext_dorn_cuda_hard_02147,cuda,hard,True,True,False,0.0,0.11904716491699219,True,False,True,False,0
ext_dorn_cuda_hard_02148,cuda,hard,True,True,True,1.0,0.2976188659667969,True,False,True,False,0
ext_dorn_cuda_hard_02149,cuda,hard,True,True,True,1.0,-0.23809528350830078,False,True,False,False,0
ext_dorn_cuda_hard_02150,cuda,hard,True,True,False,0.0,0.23809432983398438,True,False,True,False,0
ext_dorn_cuda_hard_02151,cuda,hard,True,True,True,1.0,-0.23809528350830078,False,True,False,False,0
ext_dorn_cuda_hard_02152,cuda,hard,True,True,False,0.0,-0.5357131958007812,False,True,True,True,0
ext_dorn_cuda_hard_02153,cuda,hard,True,True,False,0.0,-0.5357151031494141,False,True,True,False,0
ext_dorn_cuda_hard_02154,cuda,hard,True,True,True,1.0,-1.0119047164916992,False,True,True,True,0
ext_dorn_cuda_hard_02155,cuda,hard,True,True,False,0.0,-0.2976188659667969,False,True,True,True,0
ext_dorn_cuda_hard_02156,cuda,hard,True,False,False,0.0,-9.5367431640625e-07,True,True,False,False,0
ext_dorn_cuda_hard_02157,cuda,hard,True,True,False,0.0,-0.2380962371826172,False,True,True,False,0
ext_dorn_cuda_hard_02158,cuda,hard,True,False,False,1.0,0.0595245361328125,True,True,True,False,0
ext_dorn_cuda_hard_02159,cuda,hard,True,True,False,0.0,0.9523801803588867,True,False,True,False,0
ext_dorn_cuda_hard_02160,cuda,hard,True,True,False,0.0,0.41666603088378906,True,False,True,False,0
ext_dorn_cuda_hard_02161,cuda,hard,True,True,False,0.0,1.1309528350830078,True,False,False,False,0
ext_dorn_cuda_hard_02162,cuda,hard,True,True,True,1.0,1.0119047164916992,True,False,False,False,0
ext_dorn_cuda_hard_02163,cuda,hard,True,True,True,1.0,0.41666603088378906,True,False,False,False,0
ext_dorn_cuda_hard_02164,cuda,hard,True,True,True,1.0,-0.892857551574707,False,True,True,True,0
ext_dorn_cuda_hard_02165,cuda,hard,True,True,False,0.0,-1.6071434020996094,False,True,True,False,0
ext_dorn_cuda_hard_02166,cuda,hard,True,True,False,0.0,1.0119056701660156,True,False,False,False,0
ext_dorn_cuda_hard_02167,cuda,hard,True,True,True,1.0,1.4285707473754883,True,False,True,True,0
ext_dorn_cuda_hard_02168,cuda,hard,True,True,False,0.0,-0.23809528350830078,False,True,True,True,0
ext_dorn_cuda_hard_02169,cuda,hard,True,True,True,1.0,0.892857551574707,True,False,False,False,0
ext_dorn_cuda_hard_02170,cuda,hard,True,True,False,0.0,-0.1785717010498047,False,True,False,False,0
ext_dorn_cuda_hard_02171,cuda,hard,True,False,False,0.0,0.059523582458496094,True,True,True,False,0
ext_dorn_cuda_hard_02172,cuda,hard,True,True,False,0.0,-0.7142858505249023,False,True,True,False,0
ext_dorn_cuda_hard_02173,cuda,hard,True,True,False,0.0,2.619046211242676,True,False,True,False,0
ext_dorn_cuda_hard_02174,cuda,hard,True,True,False,0.0,1.1309528350830078,True,False,True,True,0
ext_dorn_cuda_hard_02175,cuda,hard,True,True,False,0.0,0.7738094329833984,True,False,False,False,0
ext_dorn_cuda_hard_02176,cuda,hard,True,True,False,0.0,-0.9523811340332031,False,True,True,False,0
ext_dorn_cuda_hard_02177,cuda,hard,True,True,False,0.0,0.47619056701660156,True,False,True,True,0
ext_dorn_cuda_hard_02178,cuda,hard,True,True,False,0.0,-1.190476417541504,False,True,False,False,0
ext_dorn_cuda_hard_02179,cuda,hard,True,True,True,1.0,2.0238094329833984,True,False,True,True,0
ext_dorn_cuda_hard_02180,cuda,hard,True,True,True,1.0,0.23809528350830078,True,False,True,True,0
ext_dorn_cuda_hard_02181,cuda,hard,True,False,False,0.0,-0.059523582458496094,True,True,True,False,0
ext_dorn_cuda_hard_02182,cuda,hard,True,True,False,0.0,-0.7142858505249023,False,True,False,False,0
ext_dorn_cuda_hard_02183,cuda,hard,True,True,True,1.0,-0.7738094329833984,False,True,True,True,0
ext_dorn_cuda_hard_02184,cuda,hard,True,True,True,1.0,0.41666698455810547,True,False,True,True,0
ext_dorn_cuda_hard_02185,cuda,hard,True,True,False,0.0,-1.0714292526245117,False,True,True,False,0
ext_dorn_cuda_hard_02186,cuda,hard,True,True,True,1.0,0.5952386856079102,True,False,True,True,0
ext_dorn_cuda_hard_02187,cuda,hard,True,False,False,0.0,-0.23809528350830078,True,True,False,False,0
ext_dorn_cuda_hard_02188,cuda,hard,True,False,False,0.0,-0.11904716491699219,False,False,True,False,0
ext_dorn_cuda_hard_02189,cuda,hard,True,True,False,0.0,0.5357141494750977,True,False,True,False,0
ext_dorn_cuda_hard_02190,cuda,hard,True,True,True,1.0,0.8333339691162109,True,False,False,False,0
ext_dorn_cuda_hard_02191,cuda,hard,True,False,False,0.0,-0.11904716491699219,True,True,False,False,0
ext_dorn_cuda_hard_02192,cuda,hard,True,True,True,1.0,1.190476417541504,True,False,True,True,0
ext_dorn_cuda_hard_02193,cuda,hard,True,True,True,1.0,0.2976188659667969,True,False,True,True,0
ext_dorn_cuda_hard_02194,cuda,hard,True,False,False,0.0,-0.2976198196411133,True,True,True,True,0
ext_dorn_cuda_hard_02195,cuda,hard,True,True,False,0.0,-0.1785717010498047,False,True,False,False,0
ext_dorn_cuda_hard_02196,cuda,hard,True,True,True,1.0,0.2976198196411133,True,False,True,True,0
ext_dorn_cuda_hard_02197,cuda,hard,True,True,True,1.0,-0.2976188659667969,False,True,False,False,0
ext_dorn_cuda_hard_02198,cuda,hard,True,False,False,1.0,-0.2976188659667969,True,True,True,True,0
ext_dorn_cuda_hard_02199,cuda,hard,True,True,False,0.0,0.7142848968505859,True,False,False,False,0
ext_dorn_cuda_hard_02200,cuda,hard,True,False,False,1.0,-0.2380962371826172,False,False,False,False,0
ext_dorn_cuda_hard_02201,cuda,hard,True,False,False,0.0,-0.5357141494750977,True,True,True,False,0
ext_dorn_cuda_hard_02202,cuda,hard,True,False,False,0.0,-0.1190481185913086,False,False,True,False,0
ext_dorn_cuda_hard_02203,cuda,hard,True,False,False,1.0,-0.3571434020996094,True,True,True,True,0
ext_dorn_cuda_hard_02204,cuda,hard,True,True,False,0.0,1.0714282989501953,True,False,True,False,0
ext_dorn_cuda_hard_02205,cuda,hard,True,False,False,1.0,0.059523582458496094,False,False,True,False,0
ext_dorn_cuda_hard_02206,cuda,hard,True,False,False,0.0,-0.23809528350830078,True,True,True,True,0
ext_dorn_cuda_hard_02207,cuda,hard,True,False,False,0.0,0.1190481185913086,True,True,True,False,0
ext_dorn_cuda_hard_02208,cuda,hard,True,False,False,0.0,0.1190481185913086,False,False,True,False,0
ext_dorn_cuda_hard_02209,cuda,hard,True,True,False,0.0,-1.0119047164916992,False,True,False,False,0
ext_dorn_cuda_hard_02210,cuda,hard,True,True,True,1.0,-0.6547613143920898,False,True,True,False,0
ext_dorn_cuda_hard_02211,cuda,hard,True,True,False,0.0,1.1904754638671875,True,False,True,False,0
ext_dorn_cuda_hard_02212,cuda,hard,True,False,False,0.0,0.059523582458496094,False,False,True,False,0
ext_dorn_cuda_hard_02213,cuda,hard,True,True,False,0.0,-1.0119056701660156,False,True,False,False,0
ext_dorn_cuda_hard_02214,cuda,hard,True,True,False,0.0,0.47619056701660156,True,False,False,False,0
ext_dorn_cuda_hard_02215,cuda,hard,True,False,False,0.0,-0.5952377319335938,True,True,True,False,0
ext_dorn_cuda_hard_02216,cuda,hard,True,False,False,1.0,-0.059523582458496094,True,True,True,False,0
ext_dorn_cuda_hard_02217,cuda,hard,True,False,False,0.0,0.2380962371826172,False,False,False,False,0
ext_dorn_cuda_hard_02218,cuda,hard,True,True,False,0.0,-0.7142858505249023,False,True,True,False,0
ext_dorn_cuda_hard_02219,cuda,hard,True,True,True,1.0,0.2976188659667969,True,False,True,True,0
ext_dorn_cuda_hard_02220,cuda,hard,True,True,True,1.0,1.0119047164916992,True,False,True,True,0
ext_dorn_cuda_hard_02221,cuda,hard,True,True,False,0.0,-1.0714282989501953,False,True,True,False,0
ext_dorn_cuda_hard_02222,cuda,hard,True,True,True,1.0,2.4999990463256836,True,False,True,True,0
ext_dorn_cuda_hard_02223,cuda,hard,True,False,False,,0.0,True,True,True,False,0
ext_dorn_cuda_hard_02224,cuda,hard,True,False,False,0.0,0.41666603088378906,False,False,False,False,0
ext_dorn_cuda_hard_02225,cuda,hard,True,False,False,0.0,0.059523582458496094,True,True,False,False,0
ext_dorn_cuda_hard_02226,cuda,hard,True,True,True,1.0,-0.17857074737548828,False,True,False,False,0
ext_dorn_cuda_hard_02227,cuda,hard,True,True,False,0.0,-0.5357151031494141,False,True,True,False,0
ext_dorn_cuda_hard_02228,cuda,hard,True,False,False,1.0,0.1190481185913086,True,True,True,True,0
ext_dorn_cuda_hard_02229,cuda,hard,True,True,True,1.0,1.4285707473754883,True,False,False,False,0
ext_dorn_cuda_hard_02230,cuda,hard,True,True,False,0.0,-0.7738094329833984,False,True,False,False,0
ext_dorn_cuda_hard_02231,cuda,hard,True,True,False,0.0,0.6547622680664062,True,False,False,False,0
ext_dorn_cuda_hard_02232,cuda,hard,True,True,True,1.0,-1.1309518814086914,False,True,True,True,0
ext_dorn_cuda_hard_02233,cuda,hard,True,True,True,1.0,-0.17857074737548828,False,True,False,False,0
ext_dorn_cuda_hard_02234,cuda,hard,True,True,False,0.0,-0.2976198196411133,False,True,False,False,0
ext_dorn_cuda_hard_02235,cuda,hard,True,True,True,1.0,-0.35714244842529297,False,True,True,True,0
ext_dorn_cuda_hard_02236,cuda,hard,True,True,False,0.0,0.41666603088378906,True,False,False,False,0
ext_dorn_cuda_hard_02237,cuda,hard,True,True,False,0.0,-0.2976188659667969,False,True,True,False,0
ext_dorn_cuda_hard_02238,cuda,hard,True,False,False,1.0,0.23809432983398438,False,False,False,False,0
ext_dorn_cuda_hard_02239,cuda,hard,True,True,False,0.0,0.35714244842529297,True,False,True,False,0
ext_dorn_cuda_hard_02240,cuda,hard,True,True,True,1.0,2.083332061767578,True,False,True,True,0
ext_dorn_cuda_hard_02241,cuda,hard,True,True,True,1.0,-1.0714292526245117,False,True,True,True,0
ext_dorn_cuda_hard_02242,cuda,hard,True,True,False,0.0,-0.3571434020996094,False,True,True,True,0
ext_dorn_cuda_hard_02243,cuda,hard,True,False,False,,0.0,True,True,True,False,0
ext_dorn_cuda_hard_02244,cuda,hard,True,False,False,0.0,-9.5367431640625e-07,True,True,True,True,0
ext_dorn_cuda_hard_02245,cuda,hard,True,True,True,1.0,-0.9523811340332031,False,True,True,True,0
ext_dorn_cuda_hard_02246,cuda,hard,True,True,True,1.0,0.5357131958007812,True,False,False,False,0
ext_dorn_cuda_hard_02247,cuda,hard,True,True,True,1.0,-1.4880952835083008,False,True,True,True,0
ext_dorn_cuda_hard_02248,cuda,hard,True,False,False,1.0,0.11904716491699219,False,False,False,False,0
ext_dorn_cuda_hard_02249,cuda,hard,True,True,False,0.0,-0.3571434020996094,False,True,False,False,0
ext_dorn_cuda_hard_02250,cuda,hard,True,True,False,0.0,0.35714244842529297,True,False,True,False,0
ext_dorn_cuda_hard_02251,cuda,hard,True,True,False,0.0,-0.47619152069091797,False,True,False,False,0
ext_dorn_cuda_hard_02252,cuda,hard,True,False,False,1.0,-0.2976188659667969,True,True,True,True,0
ext_dorn_cuda_hard_02253,cuda,hard,True,True,False,0.0,-0.41666698455810547,False,True,False,False,0
ext_dorn_cuda_hard_02254,cuda,hard,True,True,True,1.0,-0.8928565979003906,False,True,True,True,0
ext_dorn_cuda_hard_02255,cuda,hard,True,True,False,0.0,-1.7857131958007812,False,True,True,False,0
ext_dorn_cuda_hard_02256,cuda,hard,True,True,False,0.0,0.17857074737548828,True,False,True,False,0
ext_dorn_cuda_hard_02257,cuda,hard,True,True,False,0.0,0.47619056701660156,True,False,True,False,0
ext_dorn_cuda_hard_02258,cuda,hard,True,False,False,1.0,-0.1785717010498047,False,False,False,False,0
ext_dorn_cuda_hard_02259,cuda,hard,True,False,False,1.0,0.2976188659667969,True,True,True,True,0
ext_dorn_cuda_hard_02260,cuda,hard,True,True,False,0.0,-2.440476417541504,False,True,True,False,0
ext_dorn_cuda_hard_02261,cuda,hard,True,True,False,0.0,1.25,True,False,False,False,0
ext_dorn_cuda_hard_02262,cuda,hard,True,False,False,0.0,0.2976188659667969,True,True,True,False,0
ext_dorn_cuda_hard_02263,cuda,hard,True,True,True,1.0,-0.7738103866577148,False,True,True,True,0
ext_dorn_cuda_hard_02264,cuda,hard,True,True,False,0.0,0.41666698455810547,True,False,False,False,0
ext_dorn_cuda_hard_02265,cuda,hard,True,False,False,1.0,0.059523582458496094,False,False,False,False,0
ext_dorn_cuda_hard_02266,cuda,hard,True,True,True,1.0,-0.7142848968505859,False,True,False,False,0
ext_dorn_cuda_hard_02267,cuda,hard,True,True,False,0.0,1.5476179122924805,True,False,True,False,0
ext_dorn_cuda_hard_02268,cuda,hard,True,True,True,1.0,1.3095245361328125,True,False,False,False,0
ext_dorn_cuda_hard_02269,cuda,hard,True,True,True,1.0,-1.6666669845581055,False,True,True,True,0
ext_dorn_cuda_hard_02270,cuda,hard,True,True,True,1.0,-0.5357141494750977,False,True,True,True,0
ext_dorn_cuda_hard_02271,cuda,hard,True,True,True,1.0,0.5357131958007812,True,False,False,False,0
ext_dorn_cuda_hard_02272,cuda,hard,True,True,True,1.0,-0.8333330154418945,False,True,True,True,0
ext_dorn_cuda_hard_02273,cuda,hard,True,True,True,1.0,0.7738103866577148,True,False,True,True,0
ext_dorn_cuda_hard_02274,cuda,hard,True,True,True,1.0,-1.3095226287841797,False,True,False,False,0
ext_dorn_cuda_hard_02275,cuda,hard,True,True,True,1.0,-0.5357141494750977,False,True,False,False,0
ext_dorn_cuda_hard_02276,cuda,hard,True,False,False,0.0,0.1785717010498047,True,True,False,False,0
ext_dorn_cuda_hard_02277,cuda,hard,True,True,False,0.0,-0.8333339691162109,False,True,True,False,0
ext_dorn_cuda_hard_02278,cuda,hard,True,True,True,1.0,0.7738094329833984,True,False,True,True,0
ext_dorn_cuda_hard_02279,cuda,hard,True,True,True,1.0,0.23809528350830078,True,False,True,True,0
ext_dorn_cuda_hard_02280,cuda,hard,True,False,False,1.0,-0.35714244842529297,True,True,True,True,0
ext_dorn_cuda_hard_02281,cuda,hard,True,True,False,0.0,0.35714244842529297,True,False,False,False,0
ext_dorn_cuda_hard_02282,cuda,hard,True,False,False,0.0,-0.17857074737548828,True,True,True,False,0
ext_dorn_cuda_hard_02283,cuda,hard,True,True,True,1.0,1.3690471649169922,True,False,False,False,0
ext_dorn_cuda_hard_02284,cuda,hard,True,True,False,0.0,-0.3571434020996094,False,True,False,False,0
ext_dorn_cuda_hard_02285,cuda,hard,True,False,False,0.0,-0.1190481185913086,False,False,False,False,0
ext_dorn_cuda_hard_02286,cuda,hard,True,True,False,0.0,-0.5357151031494141,False,True,False,False,0
ext_dorn_cuda_hard_02287,cuda,hard,True,False,False,0.0,-0.1785717010498047,False,False,False,False,0
ext_dorn_cuda_hard_02288,cuda,hard,True,True,True,1.0,-0.6547622680664062,False,True,False,False,0
ext_dorn_cuda_hard_02289,cuda,hard,True,False,False,0.0,-0.5357141494750977,True,True,True,False,0
ext_dorn_cuda_hard_02290,cuda,hard,True,True,False,0.0,-0.47619056701660156,False,True,False,False,0
ext_dorn_cuda_hard_02291,cuda,hard,True,False,False,0.0,-0.41666603088378906,False,False,False,False,0
ext_dorn_cuda_hard_02292,cuda,hard,True,False,False,0.0,-0.059523582458496094,False,False,False,False,0
ext_dorn_cuda_hard_02293,cuda,hard,True,False,False,0.0,-0.0595245361328125,False,False,False,False,0
ext_dorn_cuda_hard_02294,cuda,hard,True,False,False,0.0,0.0595245361328125,False,False,True,False,0
ext_dorn_cuda_hard_02295,cuda,hard,True,True,False,0.0,0.47619056701660156,True,False,False,False,0
ext_dorn_cuda_hard_02296,cuda,hard,True,True,True,1.0,-0.6547622680664062,False,True,False,False,0
ext_dorn_cuda_hard_02297,cuda,hard,True,True,False,0.0,-0.2976188659667969,False,True,True,True,0
ext_dorn_cuda_hard_02298,cuda,hard,True,True,True,1.0,0.5357151031494141,True,False,True,True,0
ext_dorn_cuda_hard_02299,cuda,hard,True,True,False,0.0,-1.1309528350830078,False,True,True,False,0
ext_dorn_cuda_hard_02300,cuda,hard,True,True,True,1.0,-1.0714282989501953,False,True,True,True,0
ext_dorn_cuda_hard_02301,cuda,hard,True,False,False,1.0,0.11904716491699219,True,True,True,True,0
ext_dorn_cuda_hard_02302,cuda,hard,True,True,True,1.0,1.1309518814086914,True,False,False,False,0
ext_dorn_cuda_hard_02303,cuda,hard,True,True,False,0.0,-0.2380962371826172,False,True,False,False,0
ext_dorn_cuda_hard_02304,cuda,hard,True,True,True,1.0,0.0595245361328125,True,False,True,True,0
ext_dorn_cuda_hard_02305,cuda,hard,True,True,True,1.0,-1.0119056701660156,False,True,True,False,0
ext_dorn_cuda_hard_02306,cuda,hard,True,True,True,1.0,-0.7738103866577148,False,True,True,True,0
ext_dorn_cuda_hard_02307,cuda,hard,True,True,True,1.0,-1.2500009536743164,False,True,False,False,0
ext_dorn_cuda_hard_02308,cuda,hard,True,False,False,1.0,-0.2976188659667969,False,False,False,False,0
ext_dorn_cuda_hard_02309,cuda,hard,True,True,True,1.0,0.23809528350830078,True,False,True,True,0
ext_dorn_cuda_hard_02310,cuda,hard,True,True,True,1.0,0.1190481185913086,True,False,False,False,0
ext_dorn_cuda_hard_02311,cuda,hard,True,True,True,1.0,-0.6547622680664062,False,True,False,False,0
ext_dorn_cuda_hard_02312,cuda,hard,True,True,False,0.0,1.3690471649169922,True,False,True,False,0
ext_dorn_cuda_hard_02313,cuda,hard,True,True,True,1.0,-0.2976188659667969,False,True,False,False,0
ext_dorn_cuda_hard_02314,cuda,hard,True,False,False,1.0,-0.059523582458496094,False,False,True,False,0
ext_dorn_cuda_hard_02315,cuda,hard,True,True,False,0.0,-0.1785717010498047,False,True,True,False,0
ext_dorn_cuda_hard_02316,cuda,hard,True,True,True,1.0,-0.8333339691162109,False,True,True,True,0
ext_dorn_cuda_hard_02317,cuda,hard,True,True,True,1.0,0.5952396392822266,True,False,False,False,0
ext_dorn_cuda_hard_02318,cuda,hard,True,True,True,1.0,1.1309518814086914,True,False,False,False,0
ext_dorn_cuda_hard_02319,cuda,hard,True,True,True,1.0,-0.5952386856079102,False,True,True,True,0
ext_dorn_cuda_hard_02320,cuda,hard,True,True,False,0.0,0.6547613143920898,True,False,True,False,0
ext_dorn_cuda_hard_02321,cuda,hard,True,True,False,0.0,-0.41666698455810547,False,True,True,True,0
ext_dorn_cuda_hard_02322,cuda,hard,True,True,True,1.0,0.8928565979003906,True,False,True,True,0
ext_dorn_cuda_hard_02323,cuda,hard,True,True,True,1.0,0.5357151031494141,True,False,False,False,0
ext_dorn_cuda_hard_02324,cuda,hard,True,True,True,1.0,0.6547613143920898,True,False,True,True,0
ext_dorn_cuda_hard_02325,cuda,hard,True,True,True,1.0,2.7380943298339844,True,False,True,True,0
ext_dorn_cuda_hard_02326,cuda,hard,True,True,True,1.0,0.8333330154418945,True,False,True,True,0
ext_dorn_cuda_hard_02327,cuda,hard,True,True,False,0.0,1.25,True,False,False,False,0
ext_dorn_cuda_hard_02328,cuda,hard,True,True,False,0.0,1.190476417541504,True,False,False,False,0
ext_dorn_cuda_hard_02329,cuda,hard,True,False,False,1.0,-0.11904716491699219,False,False,False,False,0
ext_dorn_cuda_hard_02330,cuda,hard,True,False,False,0.0,0.1785717010498047,True,True,False,False,0
ext_dorn_cuda_hard_02331,cuda,hard,True,True,False,0.0,0.5357141494750977,True,False,False,False,0
ext_dorn_cuda_hard_02332,cuda,hard,True,True,True,1.0,-0.059523582458496094,False,True,False,False,0
ext_dorn_cuda_hard_02333,cuda,hard,True,True,False,0.0,0.7738103866577148,True,False,False,False,0
ext_dorn_cuda_hard_02334,cuda,hard,True,True,True,1.0,0.5357141494750977,True,False,True,True,0
ext_dorn_cuda_hard_02335,cuda,hard,True,True,True,1.0,-0.5357141494750977,False,True,False,False,0
ext_dorn_cuda_hard_02336,cuda,hard,True,False,False,0.0,0.23809528350830078,True,True,False,False,0
ext_dorn_cuda_hard_02337,cuda,hard,True,False,False,0.0,-0.1190481185913086,True,True,False,False,0
ext_dorn_cuda_hard_02338,cuda,hard,True,False,False,0.0,-0.3571434020996094,True,True,True,False,0
ext_dorn_cuda_hard_02339,cuda,hard,True,True,False,0.0,1.1309528350830078,True,False,True,False,0
ext_dorn_cuda_hard_02340,cuda,hard,True,True,False,0.0,-0.0595245361328125,False,True,True,False,0
ext_dorn_cuda_hard_02341,cuda,hard,True,True,True,1.0,0.8928565979003906,True,False,True,True,0
ext_dorn_cuda_hard_02342,cuda,hard,True,False,False,1.0,-0.2976188659667969,True,True,True,False,0
ext_dorn_cuda_hard_02343,cuda,hard,True,True,True,1.0,-1.1309518814086914,False,True,True,True,0
ext_dorn_cuda_hard_02344,cuda,hard,True,True,True,1.0,1.607142448425293,True,False,True,True,0
ext_dorn_cuda_hard_02345,cuda,hard,True,True,False,0.0,0.47619152069091797,True,False,False,False,0
ext_dorn_cuda_hard_02346,cuda,hard,True,True,True,1.0,0.6547622680664062,True,False,True,True,0
ext_dorn_cuda_hard_02347,cuda,hard,True,True,True,1.0,0.7142868041992188,True,False,False,False,0
ext_dorn_cuda_hard_02348,cuda,hard,True,False,False,1.0,-0.47619056701660156,True,True,True,False,0
ext_dorn_cuda_hard_02349,cuda,hard,True,True,False,0.0,-0.8333320617675781,False,True,True,True,0
ext_dorn_cuda_hard_02350,cuda,hard,True,True,True,1.0,-1.785715103149414,False,True,True,True,0
ext_dorn_cuda_hard_02351,cuda,hard,True,True,True,1.0,-0.5952386856079102,False,True,True,True,0
ext_dorn_cuda_hard_02352,cuda,hard,True,True,False,0.0,-1.6666669845581055,False,True,False,False,0
ext_dorn_cuda_hard_02353,cuda,hard,True,True,False,0.0,0.8928565979003906,True,False,False,False,0
ext_dorn_cuda_hard_02354,cuda,hard,True,False,False,1.0,-0.1785717010498047,True,True,True,True,0
ext_dorn_cuda_hard_02355,cuda,hard,True,True,True,1.0,-0.47619056701660156,False,True,True,True,0
ext_dorn_cuda_hard_02356,cuda,hard,True,True,False,0.0,-0.2976188659667969,False,True,True,False,0
ext_dorn_cuda_hard_02357,cuda,hard,True,False,False,1.0,-0.1190481185913086,False,False,False,False,0
ext_dorn_cuda_hard_02358,cuda,hard,True,True,False,0.0,-1.25,False,True,True,True,0
ext_dorn_cuda_hard_02359,cuda,hard,True,True,True,1.0,-0.6547613143920898,False,True,True,False,0
ext_dorn_cuda_hard_02360,cuda,hard,True,True,False,0.0,-0.6547613143920898,False,True,False,False,0
ext_dorn_cuda_hard_02361,cuda,hard,True,False,False,0.0,-0.2976198196411133,False,False,False,False,0
ext_dorn_cuda_hard_02362,cuda,hard,True,True,True,1.0,1.7857141494750977,True,False,True,True,0
ext_dorn_cuda_hard_02363,cuda,hard,True,False,False,1.0,0.0595245361328125,True,True,False,False,0
ext_dorn_cuda_hard_02364,cuda,hard,True,True,True,1.0,-1.0714292526245117,False,True,True,True,0
ext_dorn_cuda_hard_02365,cuda,hard,True,False,False,0.0,-0.17857074737548828,False,False,False,False,0
ext_dorn_cuda_hard_02366,cuda,hard,True,True,False,0.0,-0.3571434020996094,False,True,False,False,0
ext_dorn_cuda_hard_02367,cuda,hard,True,True,False,0.0,0.41666603088378906,True,False,False,False,0
ext_dorn_cuda_hard_02368,cuda,hard,True,True,True,1.0,-2.0833330154418945,False,True,True,True,0
ext_dorn_cuda_hard_02369,cuda,hard,True,False,False,1.0,0.23809528350830078,False,False,False,False,0
ext_dorn_cuda_hard_02370,cuda,hard,True,True,False,0.0,-0.2976188659667969,False,True,True,False,0
ext_dorn_cuda_hard_02371,cuda,hard,True,False,False,1.0,-0.1190481185913086,False,False,True,True,0
ext_dorn_cuda_hard_02372,cuda,hard,True,True,False,0.0,0.8333330154418945,True,False,False,False,0
ext_dorn_cuda_hard_02373,cuda,hard,True,True,True,1.0,-2.440476417541504,False,True,False,False,0
ext_dorn_cuda_hard_02374,cuda,hard,True,True,True,1.0,0.41666603088378906,True,False,False,False,0
ext_dorn_cuda_hard_02375,cuda,hard,True,False,False,1.0,-0.059523582458496094,False,False,False,False,0
ext_dorn_cuda_hard_02376,cuda,hard,True,True,True,1.0,0.41666698455810547,True,False,True,True,0
ext_dorn_cuda_hard_02377,cuda,hard,True,True,True,1.0,-0.8333330154418945,False,True,False,False,0
ext_dorn_cuda_hard_02378,cuda,hard,True,True,False,0.0,0.7142848968505859,True,False,True,False,0
ext_dorn_cuda_hard_02379,cuda,hard,True,True,True,1.0,-0.8928565979003906,False,True,True,True,0
ext_dorn_cuda_hard_02380,cuda,hard,True,True,True,1.0,-1.0119056701660156,False,True,True,True,0
ext_dorn_cuda_hard_02381,cuda,hard,True,False,False,1.0,0.41666698455810547,True,True,True,False,0
ext_dorn_cuda_hard_02382,cuda,hard,True,True,False,0.0,0.23809528350830078,True,False,True,False,0
ext_dorn_cuda_hard_02383,cuda,hard,True,True,False,0.0,-0.5357151031494141,False,True,False,False,0
ext_dorn_cuda_hard_02384,cuda,hard,True,False,False,1.0,-0.2976188659667969,True,True,True,True,0
ext_dorn_cuda_hard_02385,cuda,hard,True,True,True,1.0,-0.5357141494750977,False,True,True,True,0
ext_dorn_cuda_hard_02386,cuda,hard,True,True,False,0.0,-0.7738094329833984,False,True,True,False,0
ext_dorn_cuda_hard_02387,cuda,hard,True,True,False,0.0,-0.23809432983398438,False,True,False,False,0
ext_dorn_cuda_hard_02388,cuda,hard,True,True,False,0.0,-2.0833330154418945,False,True,True,False,0
ext_dorn_cuda_hard_02389,cuda,hard,True,True,True,1.0,-0.23809528350830078,False,True,False,False,0
ext_dorn_cuda_hard_02390,cuda,hard,True,True,True,1.0,-0.35714244842529297,False,True,True,True,0
ext_dorn_cuda_hard_02391,cuda,hard,True,False,False,0.0,-0.059523582458496094,False,False,False,False,0
ext_dorn_cuda_hard_02392,cuda,hard,True,True,False,0.0,0.6547613143920898,True,False,False,False,0
ext_dorn_cuda_hard_02393,cuda,hard,True,True,False,0.0,0.8333320617675781,True,False,True,False,0
ext_dorn_cuda_hard_02394,cuda,hard,True,True,False,0.0,-2.3214292526245117,False,True,True,False,0
ext_dorn_cuda_hard_02395,cuda,hard,True,True,True,1.0,0.7142848968505859,True,False,True,True,0
ext_dorn_cuda_hard_02396,cuda,hard,True,True,False,0.0,-1.25,False,True,True,False,0
ext_dorn_cuda_hard_02397,cuda,hard,True,True,False,0.0,0.6547622680664062,True,False,True,False,0
ext_dorn_cuda_hard_02398,cuda,hard,True,False,False,1.0,-0.41666603088378906,True,True,True,False,0
ext_dorn_cuda_hard_02399,cuda,hard,True,True,True,1.0,0.1785717010498047,True,False,False,False,0
ext_dorn_cuda_hard_02400,cuda,hard,True,True,False,0.0,-0.6547622680664062,False,True,True,False,0
ext_dorn_cuda_hard_02401,cuda,hard,True,True,False,0.0,0.7142858505249023,True,False,True,False,0
ext_dorn_cuda_hard_02402,cuda,hard,True,False,False,,0.0,True,True,False,False,0
ext_dorn_cuda_hard_02403,cuda,hard,True,False,False,0.0,-0.1785717010498047,False,False,True,True,0
ext_dorn_cuda_hard_02404,cuda,hard,True,False,False,1.0,0.05952262878417969,False,False,False,False,0
ext_dorn_cuda_hard_02405,cuda,hard,True,True,False,0.0,-1.8452377319335938,False,True,True,False,0
ext_dorn_cuda_hard_02406,cuda,hard,True,True,False,0.0,1.4285717010498047,True,False,False,False,0
ext_dorn_cuda_hard_02407,cuda,hard,True,True,False,0.0,-0.7142858505249023,False,True,False,False,0
ext_dorn_cuda_hard_02408,cuda,hard,True,False,False,1.0,0.059523582458496094,False,False,True,True,0
ext_dorn_cuda_hard_02409,cuda,hard,True,True,False,0.0,0.1785717010498047,True,False,False,False,0
ext_dorn_cuda_hard_02410,cuda,hard,True,True,True,1.0,0.2976198196411133,True,False,True,True,0
ext_dorn_cuda_hard_02411,cuda,hard,True,True,True,1.0,1.2500009536743164,True,False,False,False,0
ext_dorn_cuda_hard_02412,cuda,hard,True,True,True,1.0,0.6547613143920898,True,False,True,True,0
ext_dorn_cuda_hard_02413,cuda,hard,True,True,False,0.0,-0.5952377319335938,False,True,False,False,0
ext_dorn_cuda_hard_02414,cuda,hard,True,True,False,0.0,-0.8333330154418945,False,True,True,False,0
ext_dorn_cuda_hard_02415,cuda,hard,True,False,False,1.0,0.35714244842529297,True,True,True,False,0
ext_dorn_cuda_hard_02416,cuda,hard,True,False,False,1.0,-0.1190481185913086,False,False,False,False,0
ext_dorn_cuda_hard_02417,cuda,hard,True,True,True,1.0,1.964284896850586,True,False,True,True,0
ext_dorn_cuda_hard_02418,cuda,hard,True,True,False,0.0,-1.6666669845581055,False,True,True,False,0
ext_dorn_cuda_hard_02419,cuda,hard,True,False,False,1.0,0.1785717010498047,False,False,True,True,0
ext_dorn_cuda_hard_02420,cuda,hard,True,True,True,1.0,-1.1309518814086914,False,True,False,False,0
ext_dorn_cuda_hard_02421,cuda,hard,True,True,True,1.0,0.35714244842529297,True,False,True,True,0
ext_dorn_cuda_hard_02422,cuda,hard,True,True,False,0.0,-1.0119056701660156,False,True,True,False,0
ext_dorn_cuda_hard_02423,cuda,hard,True,False,False,0.0,-0.0595245361328125,False,False,False,False,0
ext_dorn_cuda_hard_02424,cuda,hard,True,False,False,1.0,0.1785726547241211,False,False,False,False,0
ext_dorn_cuda_hard_02425,cuda,hard,True,True,True,1.0,-0.23809528350830078,False,True,True,True,0
ext_dorn_cuda_hard_02426,cuda,hard,True,True,True,1.0,-0.5952386856079102,False,True,True,True,0
ext_dorn_cuda_hard_02427,cuda,hard,True,True,False,0.0,0.7142858505249023,True,False,True,False,0
ext_dorn_cuda_hard_02428,cuda,hard,True,True,True,1.0,-0.41666603088378906,False,True,True,True,0
ext_dorn_cuda_hard_02429,cuda,hard,True,True,False,0.0,0.17857074737548828,True,False,True,False,0
ext_dorn_cuda_hard_02430,cuda,hard,True,True,True,1.0,-1.0714282989501953,False,True,True,True,0
ext_dorn_cuda_hard_02431,cuda,hard,True,True,False,0.0,-0.8333339691162109,False,True,True,False,0
ext_dorn_cuda_hard_02432,cuda,hard,True,True,False,0.0,0.47619056701660156,True,False,False,False,0
ext_dorn_cuda_hard_02433,cuda,hard,True,True,True,1.0,1.3690471649169922,True,False,False,False,0
ext_dorn_cuda_hard_02434,cuda,hard,True,False,False,1.0,0.11904716491699219,True,True,True,False,0
ext_dorn_cuda_hard_02435,cuda,hard,True,True,True,1.0,0.5357141494750977,True,False,True,True,0
ext_dorn_cuda_hard_02436,cuda,hard,True,True,True,1.0,-0.7142858505249023,False,True,True,True,0
ext_dorn_cuda_hard_02437,cuda,hard,True,True,True,1.0,-0.6547613143920898,False,True,True,True,0
ext_dorn_cuda_hard_02438,cuda,hard,True,True,False,0.0,0.35714244842529297,True,False,False,False,0
ext_dorn_cuda_hard_02439,cuda,hard,True,True,True,1.0,0.892857551574707,True,False,True,True,0
ext_dorn_cuda_hard_02440,cuda,hard,True,True,True,1.0,-0.9523811340332031,False,True,True,True,0
ext_dorn_cuda_hard_02441,cuda,hard,True,True,False,0.0,0.47619056701660156,True,False,False,False,0
ext_dorn_cuda_hard_02442,cuda,hard,True,True,False,0.0,0.8928565979003906,True,False,True,False,0
ext_dorn_cuda_hard_02443,cuda,hard,True,True,True,1.0,1.4285717010498047,True,False,True,True,0
ext_dorn_cuda_hard_02444,cuda,hard,True,True,False,0.0,2.2023801803588867,True,False,True,False,0
ext_dorn_cuda_hard_02445,cuda,hard,True,True,False,0.0,-0.1785717010498047,False,True,True,True,0
ext_dorn_cuda_hard_02446,cuda,hard,True,True,False,0.0,1.1904754638671875,True,False,False,False,0
ext_dorn_cuda_hard_02447,cuda,hard,True,True,True,1.0,1.25,True,False,True,True,0
ext_dorn_cuda_hard_02448,cuda,hard,True,False,False,,0.0,True,True,True,True,0
ext_dorn_cuda_hard_02449,cuda,hard,True,True,True,1.0,0.41666698455810547,True,False,False,False,0
ext_dorn_cuda_hard_02450,cuda,hard,True,True,False,0.0,0.2976198196411133,True,False,True,False,0
ext_dorn_cuda_hard_02451,cuda,hard,True,False,False,1.0,0.23809528350830078,False,False,False,False,0
ext_dorn_cuda_hard_02452,cuda,hard,True,True,False,0.0,1.4285717010498047,True,False,True,False,0
ext_dorn_cuda_hard_02453,cuda,hard,True,True,True,1.0,2.8571434020996094,True,False,True,True,0
ext_dorn_cuda_hard_02454,cuda,hard,True,True,False,0.0,1.3690481185913086,True,False,True,False,0
ext_dorn_cuda_hard_02455,cuda,hard,True,True,False,0.0,0.47619056701660156,True,False,False,False,0
ext_dorn_cuda_hard_02456,cuda,hard,True,False,False,,0.0,True,True,True,True,0
ext_dorn_cuda_hard_02457,cuda,hard,True,True,True,1.0,0.35714244842529297,True,False,True,True,0
ext_dorn_cuda_hard_02458,cuda,hard,True,True,False,0.0,-0.8333330154418945,False,True,True,False,0
ext_dorn_cuda_hard_02459,cuda,hard,True,True,True,1.0,0.1785717010498047,True,False,False,False,0
ext_dorn_cuda_hard_02460,cuda,hard,True,True,False,0.0,-0.41666603088378906,False,True,True,True,0
ext_dorn_cuda_hard_02461,cuda,hard,True,False,False,0.0,0.0595245361328125,False,False,False,False,0
ext_dorn_cuda_hard_02462,cuda,hard,True,True,True,1.0,-1.1309528350830078,False,True,False,False,0
ext_dorn_cuda_hard_02463,cuda,hard,True,True,True,1.0,-1.3690462112426758,False,True,False,False,0
ext_dorn_cuda_hard_02464,cuda,hard,True,True,True,1.0,1.607142448425293,True,False,True,True,0
ext_dorn_cuda_hard_02465,cuda,hard,True,True,False,0.0,-0.5357151031494141,False,True,True,True,0
ext_dorn_cuda_hard_02466,cuda,hard,True,False,False,1.0,0.7142858505249023,False,False,False,False,0
ext_dorn_cuda_hard_02467,cuda,hard,True,True,True,1.0,-0.7142848968505859,False,True,True,True,0
ext_dorn_cuda_hard_02468,cuda,hard,True,True,False,0.0,0.47618961334228516,True,False,True,False,0
ext_dorn_cuda_hard_02469,cuda,hard,True,True,False,0.0,0.5357141494750977,True,False,False,False,0
ext_dorn_cuda_hard_02470,cuda,hard,True,True,False,0.0,-1.4880962371826172,False,True,False,False,0
ext_dorn_cuda_hard_02471,cuda,hard,True,False,False,1.0,0.059523582458496094,False,False,False,False,0
ext_dorn_cuda_hard_02472,cuda,hard,True,True,True,1.0,-1.0119047164916992,False,True,False,False,0
ext_dorn_cuda_hard_02473,cuda,hard,True,True,False,0.0,0.47619056701660156,True,False,True,True,0
ext_dorn_cuda_hard_02474,cuda,hard,True,True,False,0.0,1.4880962371826172,True,False,False,False,0
ext_dorn_cuda_hard_02475,cuda,hard,True,True,False,0.0,-0.8333330154418945,False,True,True,False,0
ext_dorn_cuda_hard_02476,cuda,hard,True,True,True,1.0,0.8333330154418945,True,False,True,True,0
ext_dorn_cuda_hard_02477,cuda,hard,True,True,False,0.0,-1.7261905670166016,False,True,True,False,0
ext_dorn_cuda_hard_02478,cuda,hard,True,True,True,1.0,-1.1309518814086914,False,True,True,True,0
ext_dorn_cuda_hard_02479,cuda,hard,True,True,True,1.0,0.23809528350830078,True,False,True,True,0
ext_dorn_cuda_hard_02480,cuda,hard,True,True,False,0.0,1.0714282989501953,True,False,False,False,0
ext_dorn_cuda_hard_02481,cuda,hard,True,False,False,1.0,-0.1190481185913086,False,False,False,False,0
ext_dorn_cuda_hard_02482,cuda,hard,True,True,True,1.0,1.6666669845581055,True,False,True,True,0
ext_dorn_cuda_hard_02483,cuda,hard,True,True,False,0.0,-1.309523582458496,False,True,True,False,0
ext_dorn_cuda_hard_02484,cuda,hard,True,True,True,1.0,-0.35714244842529297,False,True,True,True,0
ext_dorn_cuda_hard_02485,cuda,hard,True,True,True,1.0,-0.47619056701660156,False,True,True,True,0
ext_dorn_cuda_hard_02486,cuda,hard,True,True,False,0.0,0.6547622680664062,True,False,True,False,0
ext_dorn_cuda_hard_02487,cuda,hard,True,True,True,1.0,0.7142858505249023,True,False,True,True,0
ext_dorn_cuda_hard_02488,cuda,hard,True,False,False,1.0,0.23809432983398438,True,True,True,False,0
ext_dorn_cuda_hard_02489,cuda,hard,True,True,True,1.0,-1.4285717010498047,False,True,True,True,0
ext_dorn_cuda_hard_02490,cuda,hard,True,True,True,1.0,-0.35714244842529297,False,True,False,False,0
ext_dorn_cuda_hard_02491,cuda,hard,True,True,False,0.0,2.6785717010498047,True,False,False,False,0
ext_dorn_cuda_hard_02492,cuda,hard,True,True,True,1.0,0.5952386856079102,True,False,True,True,0
ext_dorn_cuda_hard_02493,cuda,hard,True,True,True,1.0,0.2976188659667969,True,False,False,False,0
ext_dorn_cuda_hard_02494,cuda,hard,True,True,False,0.0,0.892857551574707,True,False,True,False,0
ext_dorn_cuda_hard_02495,cuda,hard,True,True,False,0.0,-1.309523582458496,False,True,True,False,0
ext_dorn_cuda_hard_02496,cuda,hard,True,True,False,0.0,-0.7142858505249023,False,True,True,False,0
ext_dorn_cuda_hard_02497,cuda,hard,True,False,False,1.0,-0.2976188659667969,False,False,True,False,0
ext_dorn_cuda_hard_02498,cuda,hard,True,True,True,1.0,-0.7142848968505859,False,True,True,True,0
ext_dorn_cuda_hard_02499,cuda,hard,True,False,False,1.0,0.3571434020996094,False,False,True,True,0
ext_dorn_cuda_hard_02500,cuda,hard,True,True,True,1.0,0.7738103866577148,True,False,True,True,0
ext_dorn_cuda_hard_02501,cuda,hard,True,True,True,1.0,0.7142848968505859,True,False,True,False,0
ext_dorn_cuda_hard_02502,cuda,hard,True,True,False,0.0,0.2976198196411133,True,False,True,False,0
ext_dorn_cuda_hard_02503,cuda,hard,True,False,False,0.0,-0.05952262878417969,False,False,True,True,0
ext_dorn_cuda_hard_02504,cuda,hard,True,True,False,0.0,1.6666669845581055,True,False,False,False,0
ext_dorn_cuda_hard_02505,cuda,hard,True,True,False,0.0,0.7142858505249023,True,False,False,False,0
ext_dorn_cuda_hard_02506,cuda,hard,True,True,True,1.0,-0.41666698455810547,False,True,True,True,0
ext_dorn_cuda_hard_02507,cuda,hard,True,True,False,0.0,-0.9523811340332031,False,True,True,True,0
ext_dorn_cuda_hard_02508,cuda,hard,True,True,True,1.0,0.5952377319335938,True,False,True,True,0
ext_dorn_cuda_hard_02509,cuda,hard,True,True,False,0.0,-1.0714292526245117,False,True,True,False,0
ext_dorn_cuda_hard_02510,cuda,hard,True,True,False,0.0,-0.9523811340332031,False,True,True,False,0
ext_dorn_cuda_hard_02511,cuda,hard,True,True,False,0.0,-0.7738103866577148,False,True,False,False,0
ext_dorn_cuda_hard_02512,cuda,hard,True,True,False,0.0,-0.41666603088378906,False,True,False,False,0
ext_dorn_cuda_hard_02513,cuda,hard,True,False,False,,0.0,True,True,True,True,0
ext_dorn_cuda_hard_02514,cuda,hard,True,True,True,1.0,0.23809528350830078,True,False,True,True,0
ext_dorn_cuda_hard_02515,cuda,hard,True,True,True,1.0,0.8333330154418945,True,False,True,False,0
ext_dorn_cuda_hard_02516,cuda,hard,True,True,False,0.0,1.9047613143920898,True,False,False,False,0
ext_dorn_cuda_hard_02517,cuda,hard,True,True,True,1.0,-1.6666669845581055,False,True,True,True,0
ext_dorn_cuda_hard_02518,cuda,hard,True,True,True,1.0,0.892857551574707,True,False,True,True,0
ext_dorn_cuda_hard_02519,cuda,hard,True,False,False,0.0,-0.05952262878417969,False,False,True,True,0
ext_dorn_cuda_hard_02520,cuda,hard,True,True,True,1.0,-0.5357151031494141,False,True,True,False,0
ext_dorn_cuda_hard_02521,cuda,hard,True,True,True,1.0,0.9523811340332031,True,False,True,True,0
ext_dorn_cuda_hard_02522,cuda,hard,True,True,False,0.0,-1.1309518814086914,False,True,False,False,0
ext_dorn_cuda_hard_02523,cuda,hard,True,True,False,0.0,0.5952386856079102,True,False,True,False,0
ext_dorn_cuda_hard_02524,cuda,hard,True,True,True,1.0,-0.7738094329833984,False,True,False,False,0
ext_dorn_cuda_hard_02525,cuda,hard,True,False,False,0.0,-0.059523582458496094,False,False,False,False,0
ext_dorn_cuda_hard_02526,cuda,hard,True,True,False,0.0,-0.5952377319335938,False,True,True,False,0
ext_dorn_cuda_hard_02527,cuda,hard,True,False,False,0.0,0.2976198196411133,True,True,False,False,0
ext_dorn_cuda_hard_02528,cuda,hard,True,True,False,0.0,0.2976188659667969,True,False,True,False,0
ext_dorn_cuda_hard_02529,cuda,hard,True,True,True,1.0,1.1309528350830078,True,False,True,True,0
ext_dorn_cuda_hard_02530,cuda,hard,True,True,False,0.0,2.0238094329833984,True,False,False,False,0
ext_dorn_cuda_hard_02531,cuda,hard,True,False,False,0.0,-0.059523582458496094,False,False,True,False,0
ext_dorn_cuda_hard_02532,cuda,hard,True,True,True,1.0,-0.41666603088378906,False,True,True,True,0
ext_dorn_cuda_hard_02533,cuda,hard,True,True,True,1.0,-1.309523582458496,False,True,True,True,0
ext_dorn_cuda_hard_02534,cuda,hard,True,True,True,1.0,-0.9523801803588867,False,True,True,True,0
ext_dorn_cuda_hard_02535,cuda,hard,True,True,False,0.0,-1.1309528350830078,False,True,True,False,0
ext_dorn_cuda_hard_02536,cuda,hard,True,True,False,0.0,-1.9642858505249023,False,True,True,False,0
ext_dorn_cuda_hard_02537,cuda,hard,True,True,False,0.0,1.190476417541504,True,False,False,False,0
ext_dorn_cuda_hard_02538,cuda,hard,True,True,True,1.0,-0.2380962371826172,False,True,True,True,0
ext_dorn_cuda_hard_02539,cuda,hard,True,True,True,1.0,1.0714282989501953,True,False,True,True,0
ext_dorn_cuda_hard_02540,cuda,hard,True,True,True,1.0,-0.5952377319335938,False,True,True,True,0
ext_dorn_cuda_hard_02541,cuda,hard,True,True,False,0.0,-0.6547613143920898,False,True,True,False,0
ext_dorn_cuda_hard_02542,cuda,hard,True,False,False,1.0,0.0595245361328125,False,False,False,False,0
ext_dorn_cuda_hard_02543,cuda,hard,True,True,True,1.0,-1.4285717010498047,False,True,True,True,0
ext_dorn_cuda_hard_02544,cuda,hard,True,True,True,1.0,-1.6666669845581055,False,True,True,True,0
ext_dorn_cuda_hard_02545,cuda,hard,True,True,False,0.0,-0.47619056701660156,False,True,False,False,0
ext_dorn_cuda_hard_02546,cuda,hard,True,False,False,,0.0,False,False,False,False,0
ext_dorn_cuda_hard_02547,cuda,hard,True,False,False,0.0,0.17857074737548828,True,True,False,False,0
ext_dorn_cuda_hard_02548,cuda,hard,True,True,False,0.0,-0.23809432983398438,False,True,True,True,0
ext_dorn_cuda_hard_02549,cuda,hard,True,True,True,1.0,-1.6666669845581055,False,True,True,True,0
ext_dorn_cuda_hard_02550,cuda,hard,True,True,True,1.0,-1.1309528350830078,False,True,False,False,0
ext_dorn_cuda_hard_02551,cuda,hard,True,False,False,1.0,0.0595245361328125,True,True,True,True,0
ext_dorn_cuda_hard_02552,cuda,hard,True,False,False,1.0,0.17857074737548828,True,True,True,True,0
ext_dorn_cuda_hard_02553,cuda,hard,True,False,False,0.0,0.05952262878417969,True,True,False,False,0
ext_dorn_cuda_hard_02554,cuda,hard,True,False,False,1.0,-0.1785717010498047,True,True,True,False,0
ext_dorn_cuda_hard_02555,cuda,hard,True,False,False,1.0,0.059523582458496094,True,True,True,False,0
ext_dorn_cuda_hard_02556,cuda,hard,True,True,False,0.0,0.5357141494750977,True,False,False,False,0
ext_dorn_cuda_hard_02557,cuda,hard,True,False,False,1.0,-9.5367431640625e-07,True,True,False,False,0
ext_dorn_cuda_hard_02558,cuda,hard,True,True,True,1.0,0.7738094329833984,True,False,True,True,0
ext_dorn_cuda_hard_02559,cuda,hard,True,False,False,0.0,-0.0595245361328125,True,True,True,True,0
ext_dorn_cuda_hard_02560,cuda,hard,True,True,True,1.0,0.5952386856079102,True,False,True,True,0
ext_dorn_cuda_hard_02561,cuda,hard,True,True,True,1.0,1.1309518814086914,True,False,True,True,0
ext_dorn_cuda_hard_02562,cuda,hard,True,True,False,0.0,-0.23809528350830078,False,True,False,False,0
ext_dorn_cuda_hard_02563,cuda,hard,True,True,False,0.0,0.8928565979003906,True,False,False,False,0
ext_dorn_cuda_hard_02564,cuda,hard,True,True,True,1.0,1.7261905670166016,True,False,True,True,0
ext_dorn_cuda_hard_02565,cuda,hard,True,True,True,1.0,-0.7738094329833984,False,True,True,True,0
ext_dorn_cuda_hard_02566,cuda,hard,True,True,False,0.0,-0.41666698455810547,False,True,True,False,0
ext_dorn_cuda_hard_02567,cuda,hard,True,True,True,1.0,-0.9523811340332031,False,True,True,True,0
ext_dorn_cuda_hard_02568,cuda,hard,True,True,False,0.0,0.23809528350830078,True,False,True,False,0
ext_dorn_cuda_hard_02569,cuda,hard,True,True,True,1.0,0.47618961334228516,True,False,True,True,0
ext_dorn_cuda_hard_02570,cuda,hard,True,True,True,1.0,-0.8333330154418945,False,True,True,True,0
ext_dorn_cuda_hard_02571,cuda,hard,True,True,False,0.0,-1.1904754638671875,False,True,True,False,0
ext_dorn_cuda_hard_02572,cuda,hard,True,True,True,1.0,1.3690471649169922,True,False,True,True,0
ext_dorn_cuda_hard_02573,cuda,hard,True,True,False,0.0,-1.666666030883789,False,True,True,False,0
ext_dorn_cuda_hard_02574,cuda,hard,True,True,False,0.0,0.7738094329833984,True,False,True,False,0
ext_dorn_cuda_hard_02575,cuda,hard,True,True,False,0.0,0.1785717010498047,True,False,False,False,0
ext_dorn_cuda_hard_02576,cuda,hard,True,True,False,0.0,0.35714244842529297,True,False,False,False,0
ext_dorn_cuda_hard_02577,cuda,hard,True,True,False,0.0,-0.7738094329833984,False,True,True,False,0
ext_dorn_cuda_hard_02578,cuda,hard,True,True,False,0.0,0.41666603088378906,True,False,False,False,0
ext_dorn_cuda_hard_02579,cuda,hard,True,False,False,1.0,0.059523582458496094,False,False,True,True,0
ext_dorn_cuda_hard_02580,cuda,hard,True,True,False,0.0,-0.1190481185913086,False,True,True,True,0
ext_dorn_cuda_hard_02581,cuda,hard,True,True,True,1.0,-1.8452377319335938,False,True,True,True,0
ext_dorn_cuda_hard_02582,cuda,hard,True,True,True,1.0,-1.190476417541504,False,True,False,False,0
ext_dorn_cuda_hard_02583,cuda,hard,True,False,False,1.0,-0.059523582458496094,False,False,False,False,0
ext_dorn_cuda_hard_02584,cuda,hard,True,True,True,1.0,-0.47619152069091797,False,True,True,True,0
ext_dorn_cuda_hard_02585,cuda,hard,True,False,False,0.0,0.11904716491699219,True,True,True,True,0
ext_dorn_cuda_hard_02586,cuda,hard,True,True,True,1.0,-1.2499990463256836,False,True,True,True,0
ext_dorn_cuda_hard_02587,cuda,hard,True,True,True,1.0,0.8333339691162109,True,False,True,True,0
ext_dorn_cuda_hard_02588,cuda,hard,True,True,True,1.0,-0.2976188659667969,False,True,False,False,0
ext_dorn_cuda_hard_02589,cuda,hard,True,False,False,1.0,0.059523582458496094,False,False,False,False,0
ext_dorn_cuda_hard_02590,cuda,hard,True,True,False,0.0,-0.47619056701660156,False,True,True,False,0
ext_dorn_cuda_hard_02591,cuda,hard,True,True,True,1.0,0.8928565979003906,True,False,True,True,0
ext_dorn_cuda_hard_02592,cuda,hard,True,True,False,0.0,-0.23809528350830078,False,True,False,False,0
ext_dorn_cuda_hard_02593,cuda,hard,True,True,True,1.0,-0.23809528350830078,False,True,True,True,0
ext_dorn_cuda_hard_02594,cuda,hard,True,False,False,0.0,0.17857074737548828,True,True,True,True,0
ext_dorn_cuda_hard_02595,cuda,hard,True,True,False,0.0,1.0119047164916992,True,False,True,True,0
ext_dorn_cuda_hard_02596,cuda,hard,True,True,True,1.0,-1.1309528350830078,False,True,False,False,0
ext_dorn_cuda_hard_02597,cuda,hard,True,True,True,1.0,-0.2976188659667969,False,True,False,False,0
ext_dorn_cuda_hard_02598,cuda,hard,True,False,False,1.0,0.2976198196411133,True,True,True,True,0
ext_dorn_cuda_hard_02599,cuda,hard,True,True,True,1.0,-1.0714282989501953,False,True,True,True,0
ext_dorn_cuda_hard_02600,cuda,hard,True,True,False,0.0,-1.4880943298339844,False,True,True,False,0
ext_dorn_cuda_hard_02601,cuda,hard,True,True,False,0.0,-0.7738094329833984,False,True,False,False,0
ext_dorn_cuda_hard_02602,cuda,hard,True,True,True,1.0,0.2380962371826172,True,False,False,False,0
ext_dorn_cuda_hard_02603,cuda,hard,True,False,False,1.0,-0.17857074737548828,True,True,False,False,0
ext_dorn_cuda_hard_02604,cuda,hard,True,False,False,1.0,-0.2380962371826172,False,False,False,False,0
ext_dorn_cuda_hard_02605,cuda,hard,True,False,False,0.0,-0.0595245361328125,True,True,True,False,0
ext_dorn_cuda_hard_02606,cuda,hard,True,True,True,1.0,0.41666603088378906,True,False,True,True,0
ext_dorn_cuda_hard_02607,cuda,hard,True,True,False,0.0,1.190476417541504,True,False,True,False,0
ext_dorn_cuda_hard_02608,cuda,hard,True,True,True,1.0,1.0119047164916992,True,False,False,False,0
ext_dorn_cuda_hard_02609,cuda,hard,True,True,True,1.0,-0.892857551574707,False,True,True,True,0
ext_dorn_cuda_hard_02610,cuda,hard,True,False,False,,0.0,True,True,False,False,0
ext_dorn_cuda_hard_02611,cuda,hard,True,True,False,0.0,-0.1190481185913086,False,True,True,False,0
ext_dorn_cuda_hard_02612,cuda,hard,True,True,False,0.0,-1.3690471649169922,False,True,False,False,0
ext_dorn_cuda_hard_02613,cuda,hard,True,True,False,0.0,-1.5476188659667969,False,True,True,False,0
ext_dorn_cuda_hard_02614,cuda,hard,True,True,False,0.0,-0.8928565979003906,False,True,True,False,0
ext_dorn_cuda_hard_02615,cuda,hard,True,True,True,1.0,0.5952386856079102,True,False,False,False,0
ext_dorn_cuda_hard_02616,cuda,hard,True,True,True,1.0,0.9523801803588867,True,False,True,True,0
ext_dorn_cuda_hard_02617,cuda,hard,True,False,False,1.0,-0.1785717010498047,False,False,True,True,0
ext_dorn_cuda_hard_02618,cuda,hard,True,True,True,1.0,-1.4880962371826172,False,True,True,True,0
ext_dorn_cuda_hard_02619,cuda,hard,True,True,True,1.0,1.3095245361328125,True,False,False,False,0
ext_dorn_cuda_hard_02620,cuda,hard,True,True,False,0.0,-1.7261905670166016,False,True,True,False,0
ext_dorn_cuda_hard_02621,cuda,hard,True,True,True,1.0,-0.35714244842529297,False,True,False,False,0
ext_dorn_cuda_hard_02622,cuda,hard,True,True,False,0.0,-0.6547622680664062,False,True,False,False,0
ext_dorn_cuda_hard_02623,cuda,hard,True,False,False,1.0,-0.11904716491699219,False,False,False,False,0
ext_dorn_cuda_hard_02624,cuda,hard,True,True,False,0.0,0.5952386856079102,True,False,True,False,0
ext_dorn_cuda_hard_02625,cuda,hard,True,True,True,1.0,-0.5357151031494141,False,True,False,False,0
ext_dorn_cuda_hard_02626,cuda,hard,True,True,False,0.0,-0.8928565979003906,False,True,True,True,0
ext_dorn_cuda_hard_02627,cuda,hard,True,True,True,1.0,0.7142858505249023,True,False,True,True,0
ext_dorn_cuda_hard_02628,cuda,hard,True,True,True,1.0,-2.202381134033203,False,True,True,True,0
ext_dorn_cuda_hard_02629,cuda,hard,True,True,True,1.0,0.5952386856079102,True,False,True,True,0
ext_dorn_cuda_hard_02630,cuda,hard,True,True,False,0.0,-0.5357141494750977,False,True,True,False,0
ext_dorn_cuda_hard_02631,cuda,hard,True,True,True,1.0,1.309523582458496,True,False,True,True,0
ext_dorn_cuda_hard_02632,cuda,hard,True,False,False,0.0,-0.23809432983398438,False,False,True,True,0
ext_dorn_cuda_hard_02633,cuda,hard,True,True,True,1.0,-0.11904716491699219,False,True,True,True,0
ext_dorn_cuda_hard_02634,cuda,hard,True,True,False,0.0,0.41666698455810547,True,False,True,False,0
ext_dorn_cuda_hard_02635,cuda,hard,True,True,False,0.0,-1.0714282989501953,False,True,True,True,0
ext_dorn_cuda_hard_02636,cuda,hard,True,True,True,1.0,-0.8928565979003906,False,True,False,False,0
ext_dorn_cuda_hard_02637,cuda,hard,True,True,True,1.0,-0.17857074737548828,False,True,True,True,0
ext_dorn_cuda_hard_02638,cuda,hard,True,True,True,1.0,1.0119047164916992,True,False,False,False,0
ext_dorn_cuda_hard_02639,cuda,hard,True,True,False,0.0,-1.5476188659667969,False,True,True,False,0
ext_dorn_cuda_hard_02640,cuda,hard,True,True,False,0.0,1.25,True,False,False,False,0
ext_dorn_cuda_hard_02641,cuda,hard,True,True,False,0.0,-1.0714282989501953,False,True,True,False,0
ext_dorn_cuda_hard_02642,cuda,hard,True,True,False,0.0,1.25,True,False,True,False,0
ext_dorn_cuda_hard_02643,cuda,hard,True,True,True,1.0,-0.2976188659667969,False,True,True,False,0
ext_dorn_cuda_hard_02644,cuda,hard,True,True,False,0.0,-0.8333339691162109,False,True,True,False,0
ext_dorn_cuda_hard_02645,cuda,hard,True,True,False,0.0,-0.892857551574707,False,True,False,False,0
ext_dorn_cuda_hard_02646,cuda,hard,True,True,False,0.0,0.6547622680664062,True,False,False,False,0
ext_dorn_cuda_hard_02647,cuda,hard,True,True,True,1.0,0.5357141494750977,True,False,False,False,0
ext_dorn_cuda_hard_02648,cuda,hard,True,False,False,1.0,0.1785717010498047,False,False,True,True,0
ext_dorn_cuda_hard_02649,cuda,hard,True,True,False,0.0,0.41666603088378906,True,False,True,False,0
ext_dorn_cuda_hard_02650,cuda,hard,True,True,False,0.0,1.1309528350830078,True,False,True,False,0
ext_dorn_cuda_hard_02651,cuda,hard,True,True,True,1.0,-0.23809432983398438,False,True,True,False,0
ext_dorn_cuda_hard_02652,cuda,hard,True,True,True,1.0,-0.5952377319335938,False,True,False,False,0
ext_dorn_cuda_hard_02653,cuda,hard,True,False,False,0.0,-0.1785717010498047,False,False,False,False,0
ext_dorn_cuda_hard_02654,cuda,hard,True,True,True,1.0,2.916666030883789,True,False,False,False,0
ext_dorn_cuda_hard_02655,cuda,hard,True,False,False,0.0,0.41666698455810547,False,False,True,True,0
ext_dorn_cuda_hard_02656,cuda,hard,True,True,True,1.0,-1.3095245361328125,False,True,True,True,0
ext_dorn_cuda_hard_02657,cuda,hard,True,True,True,1.0,1.0714282989501953,True,False,True,True,0
ext_dorn_cuda_hard_02658,cuda,hard,True,True,False,0.0,-0.7738094329833984,False,True,True,False,0
ext_dorn_cuda_hard_02659,cuda,hard,True,True,True,1.0,-1.3690471649169922,False,True,True,True,0
ext_dorn_cuda_hard_02660,cuda,hard,True,True,True,1.0,-0.9523811340332031,False,True,True,True,0
ext_dorn_cuda_hard_02661,cuda,hard,True,True,True,1.0,1.5476188659667969,True,False,True,True,0
ext_dorn_cuda_hard_02662,cuda,hard,True,True,True,1.0,-0.23809528350830078,False,True,False,False,0
ext_dorn_cuda_hard_02663,cuda,hard,True,True,False,0.0,0.5357151031494141,True,False,False,False,0
ext_dorn_cuda_hard_02664,cuda,hard,True,True,True,1.0,-0.2976188659667969,False,True,False,False,0
ext_dorn_cuda_hard_02665,cuda,hard,True,True,True,1.0,-0.6547613143920898,False,True,True,True,0
ext_dorn_cuda_hard_02666,cuda,hard,True,True,False,0.0,2.380952835083008,True,False,True,False,0
ext_dorn_cuda_hard_02667,cuda,hard,True,False,False,0.0,-0.0595245361328125,False,False,True,True,0
ext_dorn_cuda_hard_02668,cuda,hard,True,True,True,1.0,2.9166669845581055,True,False,True,True,0
ext_dorn_cuda_hard_02669,cuda,hard,True,True,True,1.0,0.5952367782592773,True,False,True,True,0
ext_dorn_cuda_hard_02670,cuda,hard,True,True,False,0.0,0.5357141494750977,True,False,True,False,0
ext_dorn_cuda_hard_02671,cuda,hard,True,True,True,1.0,-0.7738094329833984,False,True,True,True,0
ext_dorn_cuda_hard_02672,cuda,hard,True,True,True,1.0,-0.8333339691162109,False,True,True,True,0
ext_dorn_cuda_hard_02673,cuda,hard,True,False,False,1.0,-0.41666698455810547,False,False,False,False,0
ext_dorn_cuda_hard_02674,cuda,hard,True,True,False,0.0,-1.3690481185913086,False,True,True,False,0
ext_dorn_cuda_hard_02675,cuda,hard,True,True,False,0.0,-0.6547622680664062,False,True,False,False,0
ext_dorn_cuda_hard_02676,cuda,hard,True,False,False,0.0,-0.059523582458496094,True,True,False,False,0
ext_dorn_cuda_hard_02677,cuda,hard,True,True,True,1.0,-0.41666698455810547,False,True,False,False,0
ext_dorn_cuda_hard_02678,cuda,hard,True,False,False,1.0,-0.23809432983398438,False,False,True,True,0
ext_dorn_cuda_hard_02679,cuda,hard,True,True,False,0.0,0.6547613143920898,True,False,False,False,0
ext_dorn_cuda_hard_02680,cuda,hard,True,False,False,,0.0,False,False,False,False,0
ext_dorn_cuda_hard_02681,cuda,hard,True,True,False,0.0,0.11904716491699219,True,False,False,False,0
ext_dorn_cuda_hard_02682,cuda,hard,True,True,True,1.0,-0.7142858505249023,False,True,True,True,0
ext_dorn_cuda_hard_02683,cuda,hard,True,False,False,0.0,0.1190481185913086,False,False,False,False,0
ext_dorn_cuda_hard_02684,cuda,hard,True,False,False,0.0,0.47619056701660156,True,True,True,False,0
ext_dorn_cuda_hard_02685,cuda,hard,True,True,False,0.0,-0.8333339691162109,False,True,True,False,0
ext_dorn_cuda_hard_02686,cuda,hard,True,True,True,1.0,-1.9642858505249023,False,True,True,True,0
ext_dorn_cuda_hard_02687,cuda,hard,True,True,False,0.0,0.7142858505249023,True,False,True,False,0
ext_dorn_cuda_hard_02688,cuda,hard,True,True,True,1.0,0.41666603088378906,True,False,True,False,0
ext_dorn_cuda_hard_02689,cuda,hard,True,True,False,0.0,-0.3571434020996094,False,True,False,False,0
ext_dorn_cuda_hard_02690,cuda,hard,True,False,False,1.0,0.23809528350830078,True,True,True,True,0
ext_dorn_cuda_hard_02691,cuda,hard,True,True,True,1.0,-0.6547622680664062,False,True,True,True,0
ext_dorn_cuda_hard_02692,cuda,hard,True,True,False,0.0,0.41666698455810547,True,False,True,False,0
ext_dorn_cuda_hard_02693,cuda,hard,True,False,False,0.0,0.1190481185913086,False,False,True,False,0
ext_dorn_cuda_hard_02694,cuda,hard,True,False,False,0.0,0.11904716491699219,False,False,False,False,0
ext_dorn_cuda_hard_02695,cuda,hard,True,True,True,1.0,1.0714282989501953,True,False,True,True,0
ext_dorn_cuda_hard_02696,cuda,hard,True,True,False,0.0,1.25,True,False,True,False,0
ext_dorn_cuda_hard_02697,cuda,hard,True,True,True,1.0,3.09523868560791,True,False,True,True,0
ext_dorn_cuda_hard_02698,cuda,hard,True,True,False,0.0,-0.23809432983398438,False,True,True,True,0
ext_dorn_cuda_hard_02699,cuda,hard,True,False,False,0.0,-0.1190481185913086,True,True,False,False,0
ext_dorn_cuda_hard_02700,cuda,hard,True,True,True,1.0,-1.1309528350830078,False,True,True,True,0
ext_dorn_cuda_hard_02701,cuda,hard,True,True,True,1.0,-0.059523582458496094,False,True,True,False,0
ext_dorn_cuda_hard_02702,cuda,hard,True,True,False,0.0,0.2976188659667969,True,False,False,False,0
ext_dorn_cuda_hard_02703,cuda,hard,True,True,False,0.0,0.7142858505249023,True,False,False,False,0
ext_dorn_cuda_hard_02704,cuda,hard,True,True,False,0.0,0.9523801803588867,True,False,True,False,0
ext_dorn_cuda_hard_02705,cuda,hard,True,True,False,0.0,-1.4880962371826172,False,True,True,False,0
ext_dorn_cuda_hard_02706,cuda,hard,True,True,False,0.0,1.8452386856079102,True,False,False,False,0
ext_dorn_cuda_hard_02707,cuda,hard,True,True,False,0.0,-0.41666603088378906,False,True,True,False,0
ext_dorn_cuda_hard_02708,cuda,hard,True,True,True,1.0,-1.2500009536743164,False,True,True,True,0
ext_dorn_cuda_hard_02709,cuda,hard,True,True,True,1.0,-0.9523811340332031,False,True,True,True,0
ext_dorn_cuda_hard_02710,cuda,hard,True,True,True,1.0,-0.5357141494750977,False,True,True,False,0
ext_dorn_cuda_hard_02711,cuda,hard,True,True,True,1.0,2.6785707473754883,True,False,True,True,0
ext_dorn_cuda_hard_02712,cuda,hard,True,True,False,0.0,-0.6547613143920898,False,True,True,False,0
ext_dorn_cuda_hard_02713,cuda,hard,True,True,True,1.0,-0.8928565979003906,False,True,True,True,0
ext_dorn_cuda_hard_02714,cuda,hard,True,True,False,0.0,-0.7142858505249023,False,True,True,False,0
ext_dorn_cuda_hard_02715,cuda,hard,True,True,False,0.0,1.4880952835083008,True,False,True,False,0
ext_dorn_cuda_hard_02716,cuda,hard,True,True,False,0.0,1.3690471649169922,True,False,True,False,0
ext_dorn_cuda_hard_02717,cuda,hard,True,True,False,0.0,0.41666698455810547,True,False,True,False,0
ext_dorn_cuda_hard_02718,cuda,hard,True,True,True,1.0,0.47619056701660156,True,False,False,False,0
ext_dorn_cuda_hard_02719,cuda,hard,True,True,False,0.0,2.4404773712158203,True,False,True,False,0
ext_dorn_cuda_hard_02720,cuda,hard,True,True,True,1.0,-0.17857074737548828,False,True,False,False,0
ext_dorn_cuda_hard_02721,cuda,hard,True,True,True,1.0,0.5357151031494141,True,False,False,False,0
ext_dorn_cuda_hard_02722,cuda,hard,True,False,False,0.0,-0.059523582458496094,False,False,False,False,0
ext_dorn_cuda_hard_02723,cuda,hard,True,True,True,1.0,1.1309518814086914,True,False,True,True,0
ext_dorn_cuda_hard_02724,cuda,hard,True,True,False,0.0,0.7142848968505859,True,False,True,False,0
ext_dorn_cuda_hard_02725,cuda,hard,True,True,True,1.0,-1.0714282989501953,False,True,True,True,0
ext_dorn_cuda_hard_02726,cuda,hard,True,True,True,1.0,-1.0714282989501953,False,True,True,True,0
ext_dorn_cuda_hard_02727,cuda,hard,True,True,True,1.0,-0.2976188659667969,False,True,False,False,0
ext_dorn_cuda_hard_02728,cuda,hard,True,True,True,1.0,1.0119047164916992,True,False,True,True,0
ext_dorn_cuda_hard_02729,cuda,hard,True,True,True,1.0,0.8333330154418945,True,False,True,True,0
ext_dorn_cuda_hard_02730,cuda,hard,True,True,False,0.0,0.8928565979003906,True,False,True,False,0
ext_dorn_cuda_hard_02731,cuda,hard,True,True,True,1.0,0.5952377319335938,True,False,True,True,0
ext_dorn_cuda_hard_02732,cuda,hard,True,False,False,0.0,-0.17857074737548828,False,False,False,False,0
ext_dorn_cuda_hard_02733,cuda,hard,True,False,False,1.0,0.2976188659667969,False,False,False,False,0
ext_dorn_cuda_hard_02734,cuda,hard,True,True,False,0.0,-0.2976198196411133,False,True,True,True,0
ext_dorn_cuda_hard_02735,cuda,hard,True,True,False,0.0,0.7142868041992188,True,False,True,False,0
ext_dorn_cuda_hard_02736,cuda,hard,True,False,False,0.0,-0.23809528350830078,True,True,True,True,0
ext_dorn_cuda_hard_02737,cuda,hard,True,True,False,0.0,0.7142848968505859,True,False,False,False,0
ext_dorn_cuda_hard_02738,cuda,hard,True,True,True,1.0,0.35714244842529297,True,False,True,False,0
ext_dorn_cuda_hard_02739,cuda,hard,True,True,True,1.0,1.1309518814086914,True,False,True,True,0
ext_dorn_cuda_hard_02740,cuda,hard,True,True,True,1.0,0.7142858505249023,True,False,True,True,0
ext_dorn_cuda_hard_02741,cuda,hard,True,True,False,0.0,1.0119047164916992,True,False,True,False,0
ext_dorn_cuda_hard_02742,cuda,hard,True,True,True,1.0,-0.6547613143920898,False,True,True,False,0
ext_dorn_cuda_hard_02743,cuda,hard,True,True,True,1.0,-0.6547613143920898,False,True,True,True,0
ext_dorn_cuda_hard_02744,cuda,hard,True,True,True,1.0,-1.5476198196411133,False,True,True,True,0
ext_dorn_cuda_hard_02745,cuda,hard,True,True,True,1.0,1.25,True,False,True,True,0
ext_dorn_cuda_hard_02746,cuda,hard,True,True,False,0.0,0.5952386856079102,True,False,True,False,0
ext_dorn_cuda_hard_02747,cuda,hard,True,True,False,0.0,-1.0119037628173828,False,True,True,False,0
ext_dorn_cuda_hard_02748,cuda,hard,True,True,False,0.0,0.892857551574707,True,False,True,False,0
ext_dorn_cuda_hard_02749,cuda,hard,True,True,True,1.0,-0.5357141494750977,False,True,True,True,0
ext_dorn_cuda_hard_02750,cuda,hard,True,True,True,1.0,-0.3571434020996094,False,True,False,False,0
ext_dorn_cuda_hard_02751,cuda,hard,True,True,False,0.0,1.0119047164916992,True,False,True,True,0
ext_dorn_cuda_hard_02752,cuda,hard,True,True,True,1.0,-1.5476188659667969,False,True,True,True,0
ext_dorn_cuda_hard_02753,cuda,hard,True,True,False,0.0,1.4285717010498047,True,False,False,False,0
ext_dorn_cuda_hard_02754,cuda,hard,True,True,True,1.0,0.5952386856079102,True,False,True,True,0
ext_dorn_cuda_hard_02755,cuda,hard,True,False,False,,0.0,True,True,True,False,0
ext_dorn_cuda_hard_02756,cuda,hard,True,True,True,1.0,0.9523801803588867,True,False,True,True,0
ext_dorn_cuda_hard_02757,cuda,hard,True,True,False,0.0,0.41666698455810547,True,False,True,False,0
ext_dorn_cuda_hard_02758,cuda,hard,True,True,False,0.0,0.41666603088378906,True,False,True,False,0
ext_dorn_cuda_hard_02759,cuda,hard,True,False,False,1.0,-0.1190481185913086,True,True,True,True,0
ext_dorn_cuda_hard_02760,cuda,hard,True,True,False,0.0,0.47619056701660156,True,False,False,False,0
ext_dorn_cuda_hard_02761,cuda,hard,True,True,False,0.0,-0.4166679382324219,False,True,True,True,0
ext_dorn_cuda_hard_02762,cuda,hard,True,True,True,1.0,0.47618961334228516,True,False,True,True,0
ext_dorn_cuda_hard_02763,cuda,hard,True,True,False,0.0,0.9523811340332031,True,False,True,False,0
ext_dorn_cuda_hard_02764,cuda,hard,True,False,False,,0.0,False,False,False,False,0
ext_dorn_cuda_hard_02765,cuda,hard,True,True,True,1.0,0.8333330154418945,True,False,False,False,0
ext_dorn_cuda_hard_02766,cuda,hard,True,True,True,1.0,1.0714282989501953,True,False,True,True,0
ext_dorn_cuda_hard_02767,cuda,hard,True,False,False,1.0,0.23809432983398438,False,False,False,False,0
ext_dorn_cuda_hard_02768,cuda,hard,True,True,True,1.0,0.47618961334228516,True,False,True,True,0
ext_dorn_cuda_hard_02769,cuda,hard,True,True,False,0.0,0.11904716491699219,True,False,True,False,0
ext_dorn_cuda_hard_02770,cuda,hard,True,True,True,1.0,0.41666698455810547,True,False,True,True,0
ext_dorn_cuda_hard_02771,cuda,hard,True,False,False,1.0,0.35714244842529297,False,False,True,False,0
ext_dorn_cuda_hard_02772,cuda,hard,True,True,True,1.0,-0.892857551574707,False,True,True,True,0
ext_dorn_cuda_hard_02773,cuda,hard,True,True,False,0.0,-0.5357131958007812,False,True,True,False,0
ext_dorn_cuda_hard_02774,cuda,hard,True,True,False,0.0,-1.4285707473754883,False,True,False,False,0
ext_dorn_cuda_hard_02775,cuda,hard,True,True,True,1.0,1.3690471649169922,True,False,True,True,0
ext_dorn_cuda_hard_02776,cuda,hard,True,False,False,1.0,-0.8333330154418945,True,True,True,True,0
ext_dorn_cuda_hard_02777,cuda,hard,True,True,True,1.0,-0.8928565979003906,False,True,True,True,0
ext_dorn_cuda_hard_02778,cuda,hard,True,True,False,0.0,0.47619056701660156,True,False,True,False,0
ext_dorn_cuda_hard_02779,cuda,hard,True,False,False,0.0,0.892857551574707,True,True,True,False,0
ext_dorn_cuda_hard_02780,cuda,hard,True,True,True,1.0,-1.0119037628173828,False,True,True,True,0
ext_dorn_cuda_hard_02781,cuda,hard,True,True,False,0.0,-0.47619056701660156,False,True,False,False,0
ext_dorn_cuda_hard_02782,cuda,hard,True,True,True,1.0,0.7738094329833984,True,False,False,False,0
ext_dorn_cuda_hard_02783,cuda,hard,True,True,True,1.0,1.0119056701660156,True,False,True,True,0
ext_dorn_cuda_hard_02784,cuda,hard,True,True,False,0.0,-0.47618961334228516,False,True,True,False,0
ext_dorn_cuda_hard_02785,cuda,hard,True,True,True,1.0,0.1190481185913086,True,False,False,False,0
ext_dorn_cuda_hard_02786,cuda,hard,True,True,True,1.0,1.0119047164916992,True,False,True,True,0
ext_dorn_cuda_hard_02787,cuda,hard,True,True,True,1.0,-0.6547613143920898,False,True,True,True,0
ext_dorn_cuda_hard_02788,cuda,hard,True,True,False,0.0,1.5476198196411133,True,False,True,False,0
ext_dorn_cuda_hard_02789,cuda,hard,True,True,True,1.0,0.47619056701660156,True,False,True,True,0
ext_dorn_cuda_hard_02790,cuda,hard,True,False,False,1.0,-0.1190481185913086,False,False,False,False,0
ext_dorn_cuda_hard_02791,cuda,hard,True,False,False,1.0,-0.0595245361328125,True,True,True,False,0
ext_dorn_cuda_hard_02792,cuda,hard,True,True,True,1.0,0.11904716491699219,True,False,False,False,0
ext_dorn_cuda_hard_02793,cuda,hard,True,True,True,1.0,0.1785717010498047,True,False,True,True,0
ext_dorn_cuda_hard_02794,cuda,hard,True,True,True,1.0,0.8333330154418945,True,False,True,True,0
ext_dorn_cuda_hard_02795,cuda,hard,True,True,False,0.0,1.4285717010498047,True,False,False,False,0
ext_dorn_cuda_hard_02796,cuda,hard,True,True,False,0.0,0.9523811340332031,True,False,False,False,0
ext_dorn_cuda_hard_02797,cuda,hard,True,True,True,1.0,-0.1785717010498047,False,True,False,False,0
ext_dorn_cuda_hard_02798,cuda,hard,True,False,False,0.0,-0.059523582458496094,False,False,True,True,0
ext_dorn_cuda_hard_02799,cuda,hard,True,True,False,0.0,2.0238094329833984,True,False,True,False,0
ext_dorn_cuda_hard_02800,cuda,hard,True,True,False,0.0,2.6785717010498047,True,False,True,False,0
ext_dorn_cuda_hard_02801,cuda,hard,True,True,True,1.0,0.17857074737548828,True,False,True,True,0
ext_dorn_cuda_hard_02802,cuda,hard,True,True,True,1.0,0.23809528350830078,True,False,False,False,0
ext_dorn_cuda_hard_02803,cuda,hard,True,True,True,1.0,-0.3571434020996094,False,True,False,False,0
ext_dorn_cuda_hard_02804,cuda,hard,True,True,False,0.0,0.9523811340332031,True,False,True,False,0
ext_dorn_cuda_hard_02805,cuda,hard,True,True,False,0.0,0.41666603088378906,True,False,False,False,0
ext_dorn_cuda_hard_02806,cuda,hard,True,True,False,0.0,0.5357141494750977,True,False,False,False,0
ext_dorn_cuda_hard_02807,cuda,hard,True,True,True,1.0,-1.309523582458496,False,True,True,True,0
ext_dorn_cuda_hard_02808,cuda,hard,True,False,False,1.0,0.41666698455810547,True,True,True,True,0
ext_dorn_cuda_hard_02809,cuda,hard,True,True,True,1.0,-1.8452386856079102,False,True,True,True,0
ext_dorn_cuda_hard_02810,cuda,hard,True,True,False,0.0,0.41666603088378906,True,False,True,False,0
ext_dorn_cuda_hard_02811,cuda,hard,True,True,True,1.0,-1.0119047164916992,False,True,True,True,0
ext_dorn_cuda_hard_02812,cuda,hard,True,True,False,0.0,1.3095245361328125,True,False,True,False,0
ext_dorn_cuda_hard_02813,cuda,hard,True,False,False,1.0,0.11904716491699219,False,False,False,False,0
ext_dorn_cuda_hard_02814,cuda,hard,True,False,False,0.0,-0.11904716491699219,False,False,True,True,0
ext_dorn_cuda_hard_02815,cuda,hard,True,True,False,0.0,-0.5952377319335938,False,True,True,False,0
ext_dorn_cuda_hard_02816,cuda,hard,True,True,True,1.0,0.5952377319335938,True,False,False,False,0
ext_dorn_cuda_hard_02817,cuda,hard,True,False,False,0.0,0.8928565979003906,False,False,False,False,0
ext_dorn_cuda_hard_02818,cuda,hard,True,False,False,0.0,-0.059523582458496094,False,False,True,True,0
ext_dorn_cuda_hard_02819,cuda,hard,True,True,False,0.0,0.5357141494750977,True,False,True,True,0
ext_dorn_cuda_hard_02820,cuda,hard,True,False,False,1.0,-0.3571434020996094,False,False,True,False,0
ext_dorn_cuda_hard_02821,cuda,hard,True,False,False,0.0,-0.11904716491699219,True,True,True,False,0
ext_dorn_cuda_hard_02822,cuda,hard,True,True,False,0.0,-0.41666603088378906,False,True,False,False,0
ext_dorn_cuda_hard_02823,cuda,hard,True,True,True,1.0,1.1309528350830078,True,False,True,True,0
ext_dorn_cuda_hard_02824,cuda,hard,True,False,False,0.0,-0.1785717010498047,False,False,False,False,0
ext_dorn_cuda_hard_02825,cuda,hard,True,True,True,1.0,0.23809432983398438,True,False,True,True,0
ext_dorn_cuda_hard_02826,cuda,hard,True,True,True,1.0,1.5476188659667969,True,False,False,False,0
ext_dorn_cuda_hard_02827,cuda,hard,True,True,True,1.0,0.7738103866577148,True,False,True,True,0
ext_dorn_cuda_hard_02828,cuda,hard,True,True,False,0.0,-0.4166679382324219,False,True,True,False,0
ext_dorn_cuda_hard_02829,cuda,hard,True,True,False,0.0,0.2976198196411133,True,False,False,False,0
ext_dorn_cuda_hard_02830,cuda,hard,True,True,True,1.0,1.3690471649169922,True,False,False,False,0
ext_dorn_cuda_hard_02831,cuda,hard,True,True,True,1.0,-0.8928585052490234,False,True,True,True,0
ext_dorn_cuda_hard_02832,cuda,hard,True,True,True,1.0,1.6666669845581055,True,False,True,True,0
ext_dorn_cuda_hard_02833,cuda,hard,True,True,False,0.0,1.0714282989501953,True,False,True,False,0
ext_dorn_cuda_hard_02834,cuda,hard,True,False,False,0.0,-0.11904716491699219,True,True,True,False,0
ext_dorn_cuda_hard_02835,cuda,hard,True,True,False,0.0,-1.0714292526245117,False,True,True,False,0
ext_dorn_cuda_hard_02836,cuda,hard,True,True,False,0.0,-0.2976198196411133,False,True,True,False,0
ext_dorn_cuda_hard_02837,cuda,hard,True,True,True,1.0,2.321427345275879,True,False,True,True,0
ext_dorn_cuda_hard_02838,cuda,hard,True,False,False,1.0,-0.35714244842529297,False,False,False,False,0
ext_dorn_cuda_hard_02839,cuda,hard,True,True,True,1.0,-0.7738103866577148,False,True,False,False,0
ext_dorn_cuda_hard_02840,cuda,hard,True,False,False,0.0,-0.2976188659667969,False,False,False,False,0
ext_dorn_cuda_hard_02841,cuda,hard,True,False,False,1.0,0.1785717010498047,False,False,True,False,0
ext_dorn_cuda_hard_02842,cuda,hard,True,True,False,0.0,2.3214292526245117,True,False,False,False,0
ext_dorn_cuda_hard_02843,cuda,hard,True,True,False,0.0,-1.0119047164916992,False,True,True,False,0
ext_dorn_cuda_hard_02844,cuda,hard,True,False,False,1.0,0.059523582458496094,False,False,True,True,0
ext_dorn_cuda_hard_02845,cuda,hard,True,True,False,0.0,-0.6547632217407227,False,True,False,False,0
ext_dorn_cuda_hard_02846,cuda,hard,True,False,False,1.0,-0.47619056701660156,False,False,False,False,0
ext_dorn_cuda_hard_02847,cuda,hard,True,True,True,1.0,-0.773808479309082,False,True,False,False,0
ext_dorn_cuda_hard_02848,cuda,hard,True,True,True,1.0,0.6547622680664062,True,False,True,True,0
ext_dorn_cuda_hard_02849,cuda,hard,True,True,False,0.0,-0.2976188659667969,False,True,False,False,0
ext_dorn_cuda_hard_02850,cuda,hard,True,True,True,1.0,-1.1904754638671875,False,True,True,True,0
ext_dorn_cuda_hard_02851,cuda,hard,True,True,True,1.0,-0.773808479309082,False,True,True,False,0
ext_dorn_cuda_hard_02852,cuda,hard,True,True,False,0.0,-1.309523582458496,False,True,True,False,0
ext_dorn_cuda_hard_02853,cuda,hard,True,True,False,0.0,0.23809528350830078,True,False,True,False,0
ext_dorn_cuda_hard_02854,cuda,hard,True,True,True,1.0,0.892857551574707,True,False,True,True,0
ext_dorn_cuda_hard_02855,cuda,hard,True,True,True,1.0,0.8333339691162109,True,False,False,False,0
ext_dorn_cuda_hard_02856,cuda,hard,True,False,False,0.0,0.41666698455810547,True,True,True,True,0
ext_dorn_cuda_hard_02857,cuda,hard,True,True,False,0.0,1.607142448425293,True,False,False,False,0
ext_dorn_cuda_hard_02858,cuda,hard,True,True,True,1.0,-0.5357151031494141,False,True,True,True,0
ext_dorn_cuda_hard_02859,cuda,hard,True,False,False,1.0,0.1785717010498047,False,False,False,False,0
ext_dorn_cuda_hard_02860,cuda,hard,True,False,False,0.0,-0.29761791229248047,False,False,False,False,0
ext_dorn_cuda_hard_02861,cuda,hard,True,False,False,1.0,-0.1785717010498047,False,False,True,True,0
ext_dorn_cuda_hard_02862,cuda,hard,True,True,True,1.0,0.773808479309082,True,False,False,False,0
ext_dorn_cuda_hard_02863,cuda,hard,True,True,True,1.0,-0.2380962371826172,False,True,False,False,0
ext_dorn_cuda_hard_02864,cuda,hard,True,False,False,0.0,-0.0595245361328125,True,True,True,True,0
ext_dorn_cuda_hard_02865,cuda,hard,True,True,True,1.0,-1.0714282989501953,False,True,False,False,0
ext_dorn_cuda_hard_02866,cuda,hard,True,True,True,1.0,-1.0119047164916992,False,True,True,True,0
ext_dorn_cuda_hard_02867,cuda,hard,True,True,False,0.0,-0.17857074737548828,False,True,False,False,0
ext_dorn_cuda_hard_02868,cuda,hard,True,True,True,1.0,-1.7261896133422852,False,True,True,True,0
ext_dorn_cuda_hard_02869,cuda,hard,True,True,True,1.0,-1.6666669845581055,False,True,True,True,0
ext_dorn_cuda_hard_02870,cuda,hard,True,False,False,,0.0,True,True,False,False,0
ext_dorn_cuda_hard_02871,cuda,hard,True,True,True,1.0,1.5476198196411133,True,False,True,True,0
ext_dorn_cuda_hard_02872,cuda,hard,True,True,True,1.0,1.3690481185913086,True,False,True,False,0
ext_dorn_cuda_hard_02873,cuda,hard,True,True,False,0.0,0.17857074737548828,True,False,True,False,0
ext_dorn_cuda_hard_02874,cuda,hard,True,True,False,0.0,0.47619056701660156,True,False,False,False,0
ext_dorn_cuda_hard_02875,cuda,hard,True,True,True,1.0,0.059523582458496094,True,False,True,True,0
ext_dorn_cuda_hard_02876,cuda,hard,True,True,True,1.0,0.6547622680664062,True,False,False,False,0
ext_dorn_cuda_hard_02877,cuda,hard,True,True,True,1.0,0.5357141494750977,True,False,False,False,0
ext_dorn_cuda_hard_02878,cuda,hard,True,True,True,1.0,-0.11904716491699219,False,True,True,True,0
ext_dorn_cuda_hard_02879,cuda,hard,True,True,True,1.0,-0.35714244842529297,False,True,True,False,0
ext_dorn_cuda_hard_02880,cuda,hard,True,True,True,1.0,0.7142858505249023,True,False,True,True,0
ext_dorn_cuda_hard_02881,cuda,hard,True,True,True,1.0,0.35714244842529297,True,False,False,False,0
ext_dorn_cuda_hard_02882,cuda,hard,True,False,False,0.0,-0.3571434020996094,True,True,True,False,0
ext_dorn_cuda_hard_02883,cuda,hard,True,False,False,1.0,-0.2976198196411133,False,False,True,True,0
ext_dorn_cuda_hard_02884,cuda,hard,True,True,True,1.0,0.7142858505249023,True,False,True,True,0
ext_dorn_cuda_hard_02885,cuda,hard,True,True,True,1.0,0.773808479309082,True,False,True,True,0
ext_dorn_cuda_hard_02886,cuda,hard,True,True,True,1.0,-0.35714244842529297,False,True,True,True,0
ext_dorn_cuda_hard_02887,cuda,hard,True,True,True,1.0,-0.23809528350830078,False,True,True,True,0
ext_dorn_cuda_hard_02888,cuda,hard,True,True,False,0.0,-0.17857074737548828,False,True,False,False,0
ext_dorn_cuda_hard_02889,cuda,hard,True,True,False,0.0,-0.8333320617675781,False,True,True,False,0
ext_dorn_cuda_hard_02890,cuda,hard,True,True,True,1.0,-0.8928565979003906,False,True,False,False,0
ext_dorn_cuda_hard_02891,cuda,hard,True,True,True,1.0,-0.8333339691162109,False,True,False,False,0
ext_dorn_cuda_hard_02892,cuda,hard,True,True,False,0.0,0.7142858505249023,True,False,True,True,0
ext_dorn_cuda_hard_02893,cuda,hard,True,True,False,0.0,0.7738094329833984,True,False,True,False,0
ext_dorn_cuda_hard_02894,cuda,hard,True,True,True,1.0,-0.5952377319335938,False,True,True,True,0
ext_dorn_cuda_hard_02895,cuda,hard,True,False,False,0.0,0.059523582458496094,False,False,False,False,0
ext_dorn_cuda_hard_02896,cuda,hard,True,True,True,1.0,-0.6547622680664062,False,True,False,False,0
ext_dorn_cuda_hard_02897,cuda,hard,True,True,True,1.0,-0.8333339691162109,False,True,True,True,0
ext_dorn_cuda_hard_02898,cuda,hard,True,True,True,1.0,0.6547613143920898,True,False,True,True,0
ext_dorn_cuda_hard_02899,cuda,hard,True,True,True,1.0,1.3690481185913086,True,False,True,True,0
ext_dorn_cuda_hard_02900,cuda,hard,True,True,True,1.0,-1.607142448425293,False,True,False,False,0
ext_dorn_cuda_hard_02901,cuda,hard,True,True,True,1.0,1.1904754638671875,True,False,False,False,0
ext_dorn_cuda_hard_02902,cuda,hard,True,True,True,1.0,-1.726191520690918,False,True,True,True,0
ext_dorn_cuda_hard_02903,cuda,hard,True,True,False,0.0,-0.2976188659667969,False,True,False,False,0
ext_dorn_cuda_hard_02904,cuda,hard,True,False,False,1.0,0.17857074737548828,True,True,False,False,0
ext_dorn_cuda_hard_02905,cuda,hard,True,True,True,1.0,-2.261904716491699,False,True,True,True,0
ext_dorn_cuda_hard_02906,cuda,hard,True,True,True,1.0,1.5476188659667969,True,False,True,True,0
ext_dorn_cuda_hard_02907,cuda,hard,True,True,False,0.0,-1.7261905670166016,False,True,False,False,0
ext_dorn_cuda_hard_02908,cuda,hard,True,False,False,1.0,-0.11904716491699219,True,True,False,False,0
ext_dorn_cuda_hard_02909,cuda,hard,True,True,False,0.0,-0.47618961334228516,False,True,True,False,0
ext_dorn_cuda_hard_02910,cuda,hard,True,True,True,1.0,-0.6547622680664062,False,True,True,True,0
ext_dorn_cuda_hard_02911,cuda,hard,True,True,True,1.0,0.892857551574707,True,False,True,True,0
ext_dorn_cuda_hard_02912,cuda,hard,True,True,True,1.0,-0.8333339691162109,False,True,True,True,0
ext_dorn_cuda_hard_02913,cuda,hard,True,True,True,1.0,0.23809432983398438,True,False,False,False,0
ext_dorn_cuda_hard_02914,cuda,hard,True,True,True,1.0,2.0238094329833984,True,False,True,True,0
ext_dorn_cuda_hard_02915,cuda,hard,True,True,True,1.0,0.47619056701660156,True,False,True,True,0
ext_dorn_cuda_hard_02916,cuda,hard,True,True,True,1.0,0.6547613143920898,True,False,True,True,0
ext_dorn_cuda_hard_02917,cuda,hard,True,True,False,0.0,-1.4285717010498047,False,True,True,False,0
ext_dorn_cuda_hard_02918,cuda,hard,True,True,True,1.0,-1.666666030883789,False,True,True,True,0
ext_dorn_cuda_hard_02919,cuda,hard,True,True,True,1.0,0.8928565979003906,True,False,True,True,0
ext_dorn_cuda_hard_02920,cuda,hard,True,True,False,0.0,1.8452377319335938,True,False,False,False,0
ext_dorn_cuda_hard_02921,cuda,hard,True,True,True,1.0,0.7142858505249023,True,False,True,True,0
ext_dorn_cuda_hard_02922,cuda,hard,True,True,False,0.0,-0.8928565979003906,False,True,True,False,0
ext_dorn_cuda_hard_02923,cuda,hard,True,True,False,0.0,-0.47618961334228516,False,True,True,False,0
ext_dorn_cuda_hard_02924,cuda,hard,True,True,True,1.0,-1.3690471649169922,False,True,True,True,0
ext_dorn_cuda_hard_02925,cuda,hard,True,False,False,0.0,0.41666698455810547,False,False,False,False,0
ext_dorn_cuda_hard_02926,cuda,hard,True,False,False,,0.0,False,False,False,False,0
ext_dorn_cuda_hard_02927,cuda,hard,True,True,True,1.0,-0.35714244842529297,False,True,True,False,0
ext_dorn_cuda_hard_02928,cuda,hard,True,True,False,0.0,-2.202381134033203,False,True,True,False,0
ext_dorn_cuda_hard_02929,cuda,hard,True,False,False,0.0,0.059523582458496094,True,True,True,False,0
ext_dorn_cuda_hard_02930,cuda,hard,True,True,True,1.0,0.8333330154418945,True,False,True,True,0
ext_dorn_cuda_hard_02931,cuda,hard,True,True,True,1.0,-0.47618961334228516,False,True,False,False,0
ext_dorn_cuda_hard_02932,cuda,hard,True,True,True,1.0,0.29761791229248047,True,False,True,True,0
ext_dorn_cuda_hard_02933,cuda,hard,True,False,False,1.0,0.059523582458496094,True,True,True,False,0
ext_dorn_cuda_hard_02934,cuda,hard,True,True,True,1.0,-0.47619056701660156,False,True,False,False,0
ext_dorn_cuda_hard_02935,cuda,hard,True,False,False,1.0,-0.41666603088378906,True,True,True,True,0
ext_dorn_cuda_hard_02936,cuda,hard,True,True,True,1.0,-0.8333330154418945,False,True,False,False,0
ext_dorn_cuda_hard_02937,cuda,hard,True,False,False,1.0,0.1190481185913086,True,True,True,True,0
ext_dorn_cuda_hard_02938,cuda,hard,True,True,False,0.0,0.6547613143920898,True,False,True,True,0
ext_dorn_cuda_hard_02939,cuda,hard,True,True,False,0.0,-0.5952377319335938,False,True,False,False,0
ext_dorn_cuda_hard_02940,cuda,hard,True,True,True,1.0,-1.0119037628173828,False,True,False,False,0
ext_dorn_cuda_hard_02941,cuda,hard,True,True,True,1.0,0.8928565979003906,True,False,True,True,0
ext_dorn_cuda_hard_02942,cuda,hard,True,False,False,1.0,0.11904716491699219,False,False,False,False,0
ext_dorn_cuda_hard_02943,cuda,hard,True,True,True,1.0,0.5952377319335938,True,False,True,True,0
ext_dorn_cuda_hard_02944,cuda,hard,True,False,False,0.0,-0.11904716491699219,False,False,True,True,0
ext_dorn_cuda_hard_02945,cuda,hard,True,False,False,1.0,0.059523582458496094,True,True,False,False,0
ext_dorn_cuda_hard_02946,cuda,hard,True,False,False,0.0,0.1190481185913086,False,False,False,False,0
ext_dorn_cuda_hard_02947,cuda,hard,True,False,False,1.0,-0.2976188659667969,False,False,True,False,0
ext_dorn_cuda_hard_02948,cuda,hard,True,True,False,0.0,-2.3809518814086914,False,True,True,False,0
ext_dorn_cuda_hard_02949,cuda,hard,True,True,False,0.0,-0.5952377319335938,False,True,False,False,0
ext_dorn_cuda_hard_02950,cuda,hard,True,True,True,1.0,0.2976198196411133,True,False,True,True,0
ext_dorn_cuda_hard_02951,cuda,hard,True,True,True,1.0,-0.23809528350830078,False,True,False,False,0
ext_dorn_cuda_hard_02952,cuda,hard,True,False,False,0.0,-0.35714244842529297,True,True,False,False,0
ext_dorn_cuda_hard_02953,cuda,hard,True,True,False,0.0,-1.5476188659667969,False,True,False,False,0
ext_dorn_cuda_hard_02954,cuda,hard,True,False,False,0.0,0.1190481185913086,True,True,True,False,0
ext_dorn_cuda_hard_02955,cuda,hard,True,False,False,1.0,0.059523582458496094,True,True,False,False,0
ext_dorn_cuda_hard_02956,cuda,hard,True,True,True,1.0,-1.309523582458496,False,True,True,True,0
ext_dorn_cuda_hard_02957,cuda,hard,True,False,False,1.0,-0.11904716491699219,True,True,True,True,0
ext_dorn_cuda_hard_02958,cuda,hard,True,True,False,0.0,-0.7738094329833984,False,True,True,False,0
ext_dorn_cuda_hard_02959,cuda,hard,True,True,True,1.0,-0.5952377319335938,False,True,True,True,0
ext_dorn_cuda_hard_02960,cuda,hard,True,True,True,1.0,0.2976188659667969,True,False,False,False,0
ext_dorn_cuda_hard_02961,cuda,hard,True,False,False,0.0,0.1785717010498047,False,False,False,False,0
ext_dorn_cuda_hard_02962,cuda,hard,True,True,True,1.0,-0.2976188659667969,False,True,True,False,0
ext_dorn_cuda_hard_02963,cuda,hard,True,True,True,1.0,0.7142848968505859,True,False,True,True,0
ext_dorn_cuda_hard_02964,cuda,hard,True,True,True,1.0,1.9047632217407227,True,False,True,True,0
ext_dorn_cuda_hard_02965,cuda,hard,True,True,False,0.0,-0.2380962371826172,False,True,False,False,0
ext_dorn_cuda_hard_02966,cuda,hard,True,False,False,1.0,0.11904716491699219,True,True,True,False,0
ext_dorn_cuda_hard_02967,cuda,hard,True,False,False,0.0,-0.7142858505249023,True,True,True,False,0
ext_dorn_cuda_hard_02968,cuda,hard,True,True,False,0.0,0.5357141494750977,True,False,True,False,0
ext_dorn_cuda_hard_02969,cuda,hard,True,False,False,0.0,-0.11904716491699219,False,False,False,False,0
ext_dorn_cuda_hard_02970,cuda,hard,True,True,True,1.0,-1.4880952835083008,False,True,True,True,0
ext_dorn_cuda_hard_02971,cuda,hard,True,True,True,1.0,-0.47619056701660156,False,True,True,True,0
ext_dorn_cuda_hard_02972,cuda,hard,True,True,True,1.0,0.6547603607177734,True,False,False,False,0
ext_dorn_cuda_hard_02973,cuda,hard,True,True,True,1.0,0.47618961334228516,True,False,False,False,0
ext_dorn_cuda_hard_02974,cuda,hard,True,False,False,1.0,-0.1785717010498047,False,False,True,True,0
ext_dorn_cuda_hard_02975,cuda,hard,True,True,False,0.0,0.5952377319335938,True,False,True,False,0
ext_dorn_cuda_hard_02976,cuda,hard,True,True,False,0.0,-0.41666698455810547,False,True,False,False,0
ext_dorn_cuda_hard_02977,cuda,hard,True,True,False,0.0,2.023808479309082,True,False,True,False,0
ext_dorn_cuda_hard_02978,cuda,hard,True,False,False,1.0,0.1785717010498047,True,True,True,True,0
ext_dorn_cuda_hard_02979,cuda,hard,True,True,False,0.0,-0.7142848968505859,False,True,False,False,0
ext_dorn_cuda_hard_02980,cuda,hard,True,True,True,1.0,-1.0714292526245117,False,True,True,True,0
ext_dorn_cuda_hard_02981,cuda,hard,True,True,False,0.0,0.11904716491699219,True,False,True,False,0
ext_dorn_cuda_hard_02982,cuda,hard,True,True,True,1.0,-1.1904773712158203,False,True,True,True,0
ext_dorn_cuda_hard_02983,cuda,hard,True,True,True,1.0,1.190476417541504,True,False,False,False,0
ext_dorn_cuda_hard_02984,cuda,hard,True,False,False,1.0,-0.1785717010498047,True,True,True,True,0
ext_dorn_cuda_hard_02985,cuda,hard,True,False,False,1.0,0.1785717010498047,True,True,True,True,0
ext_dorn_cuda_hard_02986,cuda,hard,True,True,False,0.0,-0.8333330154418945,False,True,True,True,0
ext_dorn_cuda_hard_02987,cuda,hard,True,True,True,1.0,0.8333330154418945,True,False,False,False,0
ext_dorn_cuda_hard_02988,cuda,hard,True,True,False,0.0,-0.47619056701660156,False,True,False,False,0
ext_dorn_cuda_hard_02989,cuda,hard,True,True,False,0.0,-0.7142858505249023,False,True,False,False,0
ext_dorn_cuda_hard_02990,cuda,hard,True,True,True,1.0,0.1785717010498047,True,False,True,True,0
ext_dorn_cuda_hard_02991,cuda,hard,True,True,True,1.0,0.23809432983398438,True,False,True,True,0
ext_dorn_cuda_hard_02992,cuda,hard,True,False,False,1.0,0.1190481185913086,True,True,True,True,0
ext_dorn_cuda_hard_02993,cuda,hard,True,True,True,1.0,0.8333330154418945,True,False,True,True,0
ext_dorn_cuda_hard_02994,cuda,hard,True,True,False,0.0,-0.773808479309082,False,True,True,False,0
ext_dorn_cuda_hard_02995,cuda,hard,True,True,True,1.0,-1.4285707473754883,False,True,True,True,0
ext_dorn_cuda_hard_02996,cuda,hard,True,False,False,0.0,0.2380962371826172,False,False,False,False,0
ext_dorn_cuda_hard_02997,cuda,hard,True,False,False,0.0,-0.3571434020996094,False,False,True,False,0
ext_dorn_cuda_hard_02998,cuda,hard,True,False,False,1.0,0.0595245361328125,True,True,False,False,0
ext_dorn_cuda_hard_02999,cuda,hard,True,False,False,0.0,0.059523582458496094,False,False,True,True,0
ext_dorn_python_easy_06000,python,easy,True,True,True,1.0,1.190476417541504,True,False,True,True,0
ext_dorn_python_easy_06001,python,easy,True,True,False,0.0,0.5952377319335938,True,False,False,False,0
ext_dorn_python_easy_06002,python,easy,True,True,True,1.0,-0.5357131958007812,False,True,False,False,0
ext_dorn_python_easy_06003,python,easy,True,True,False,0.0,0.2976188659667969,True,False,True,True,0
ext_dorn_python_easy_06004,python,easy,True,False,False,1.0,0.0595245361328125,False,False,True,True,0
ext_dorn_python_easy_06005,python,easy,True,True,True,1.0,1.0714282989501953,True,False,True,True,0
ext_dorn_python_easy_06006,python,easy,True,True,False,0.0,0.7142858505249023,True,False,False,False,0
ext_dorn_python_easy_06007,python,easy,True,True,False,0.0,0.35714244842529297,True,False,False,False,0
ext_dorn_python_easy_06008,python,easy,True,True,True,1.0,-0.7142858505249023,False,True,True,True,0
ext_dorn_python_easy_06009,python,easy,True,True,False,0.0,0.7142858505249023,True,False,True,False,0
ext_dorn_python_easy_06010,python,easy,True,False,False,0.0,0.05952262878417969,False,False,False,False,0
ext_dorn_python_easy_06011,python,easy,True,True,True,1.0,0.8928556442260742,True,False,True,True,0
ext_dorn_python_easy_06012,python,easy,True,True,True,1.0,-0.2976188659667969,False,True,True,True,0
ext_dorn_python_easy_06013,python,easy,True,True,False,0.0,0.41666698455810547,True,False,False,False,0
ext_dorn_python_easy_06014,python,easy,True,True,False,0.0,-0.35714244842529297,False,True,False,False,0
ext_dorn_python_easy_06015,python,easy,True,True,True,1.0,0.35714244842529297,True,False,True,True,0
ext_dorn_python_easy_06016,python,easy,True,True,False,0.0,0.059523582458496094,True,False,False,False,0
ext_dorn_python_easy_06017,python,easy,True,True,True,1.0,0.23809528350830078,True,False,True,True,0
ext_dorn_python_easy_06018,python,easy,True,False,False,1.0,0.7142848968505859,False,False,True,True,0
ext_dorn_python_easy_06019,python,easy,True,True,False,0.0,0.5357151031494141,True,False,True,True,0
ext_dorn_python_easy_06020,python,easy,True,True,False,0.0,-1.190476417541504,False,True,True,True,0
ext_dorn_python_easy_06021,python,easy,True,False,False,0.0,0.11904716491699219,False,False,False,False,0
ext_dorn_python_easy_06022,python,easy,True,True,True,1.0,-0.7738094329833984,False,True,True,True,0
ext_dorn_python_easy_06023,python,easy,True,False,False,1.0,-0.5357131958007812,True,True,True,True,0
ext_dorn_python_easy_06024,python,easy,True,True,True,1.0,-0.5952367782592773,False,True,False,False,0
ext_dorn_python_easy_06025,python,easy,True,False,False,0.0,9.5367431640625e-07,False,False,False,False,0
ext_dorn_python_easy_06026,python,easy,True,True,True,1.0,1.0119056701660156,True,False,True,True,0
ext_dorn_python_easy_06027,python,easy,True,False,False,1.0,0.11904716491699219,True,True,True,True,0
ext_dorn_python_easy_06028,python,easy,True,True,True,1.0,0.8333339691162109,True,False,False,False,0
ext_dorn_python_easy_06029,python,easy,True,True,False,0.0,-1.5476198196411133,False,True,True,False,0
ext_dorn_python_easy_06030,python,easy,True,True,False,0.0,0.5357141494750977,True,False,True,False,0
ext_dorn_python_easy_06031,python,easy,True,True,False,0.0,-1.3095245361328125,False,True,True,True,0
ext_dorn_python_easy_06032,python,easy,True,False,False,0.0,-0.059523582458496094,False,False,False,False,0
ext_dorn_python_easy_06033,python,easy,True,False,False,0.0,-9.5367431640625e-07,False,False,False,False,0
ext_dorn_python_easy_06034,python,easy,True,True,True,1.0,-1.0119047164916992,False,True,True,True,0
ext_dorn_python_easy_06035,python,easy,True,True,True,1.0,-0.5357141494750977,False,True,False,False,0
ext_dorn_python_easy_06036,python,easy,True,True,False,0.0,-1.607142448425293,False,True,True,False,0
ext_dorn_python_easy_06037,python,easy,True,True,False,0.0,1.3095245361328125,True,False,True,False,0
ext_dorn_python_easy_06038,python,easy,True,True,False,0.0,-0.9523811340332031,False,True,False,False,0
ext_dorn_python_easy_06039,python,easy,True,False,False,0.0,0.1190481185913086,False,False,False,False,0
ext_dorn_python_easy_06040,python,easy,True,True,False,0.0,-0.5952377319335938,False,True,True,False,0
ext_dorn_python_easy_06041,python,easy,True,False,False,1.0,-0.47619056701660156,False,False,True,True,0
ext_dorn_python_easy_06042,python,easy,True,True,False,0.0,-0.5357141494750977,False,True,False,False,0
ext_dorn_python_easy_06043,python,easy,True,True,False,0.0,0.35714244842529297,True,False,False,False,0
ext_dorn_python_easy_06044,python,easy,True,True,True,1.0,-1.1904773712158203,False,True,False,False,0
ext_dorn_python_easy_06045,python,easy,True,True,True,1.0,0.9523811340332031,True,False,True,True,0
ext_dorn_python_easy_06046,python,easy,True,True,True,1.0,-1.8452386856079102,False,True,True,True,0
ext_dorn_python_easy_06047,python,easy,True,True,False,0.0,1.25,True,False,False,False,0
ext_dorn_python_easy_06048,python,easy,True,True,True,1.0,-0.7142858505249023,False,True,False,False,0
ext_dorn_python_easy_06049,python,easy,True,False,False,1.0,0.17857074737548828,False,False,True,True,0
ext_dorn_python_easy_06050,python,easy,True,False,False,1.0,-0.5357151031494141,False,False,True,True,0
ext_dorn_python_easy_06051,python,easy,True,True,True,1.0,0.35714244842529297,True,False,True,True,0
ext_dorn_python_easy_06052,python,easy,True,True,False,0.0,-0.7738094329833984,False,True,True,False,0
ext_dorn_python_easy_06053,python,easy,True,False,False,0.0,0.059523582458496094,True,True,False,False,0
ext_dorn_python_easy_06054,python,easy,True,True,True,1.0,1.5476188659667969,True,False,True,True,0
ext_dorn_python_easy_06055,python,easy,True,True,True,1.0,-0.6547622680664062,False,True,True,True,0
ext_dorn_python_easy_06056,python,easy,True,True,True,1.0,-0.6547613143920898,False,True,True,True,0
ext_dorn_python_easy_06057,python,easy,True,True,False,0.0,-1.309523582458496,False,True,True,False,0
ext_dorn_python_easy_06058,python,easy,True,False,False,1.0,-0.1785717010498047,True,True,True,True,0
ext_dorn_python_easy_06059,python,easy,True,True,True,1.0,0.1190481185913086,True,False,True,True,0
ext_dorn_python_easy_06060,python,easy,True,False,False,1.0,0.059523582458496094,False,False,False,False,0
ext_dorn_python_easy_06061,python,easy,True,False,False,1.0,0.23809528350830078,False,False,False,False,0
ext_dorn_python_easy_06062,python,easy,True,True,True,1.0,-0.5357141494750977,False,True,False,False,0
ext_dorn_python_easy_06063,python,easy,True,True,True,1.0,-0.41666603088378906,False,True,False,False,0
ext_dorn_python_easy_06064,python,easy,True,True,True,1.0,-0.47618961334228516,False,True,False,False,0
ext_dorn_python_easy_06065,python,easy,True,True,True,1.0,-0.5952377319335938,False,True,False,False,0
ext_dorn_python_easy_06066,python,easy,True,False,False,0.0,-0.0595245361328125,False,False,False,False,0
ext_dorn_python_easy_06067,python,easy,True,False,False,1.0,0.2976188659667969,True,True,True,True,0
ext_dorn_python_easy_06068,python,easy,True,True,True,1.0,-0.5357151031494141,False,True,True,True,0
ext_dorn_python_easy_06069,python,easy,True,True,True,1.0,-0.5952386856079102,False,True,False,False,0
ext_dorn_python_easy_06070,python,easy,True,True,True,1.0,0.773808479309082,True,False,True,True,0
ext_dorn_python_easy_06071,python,easy,True,True,True,1.0,0.6547613143920898,True,False,True,True,0
ext_dorn_python_easy_06072,python,easy,True,True,True,1.0,-0.7142868041992188,False,True,False,False,0
ext_dorn_python_easy_06073,python,easy,True,False,False,1.0,-0.17857074737548828,False,False,False,False,0
ext_dorn_python_easy_06074,python,easy,True,True,False,0.0,0.6547613143920898,True,False,False,False,0
ext_dorn_python_easy_06075,python,easy,True,True,True,1.0,-1.309523582458496,False,True,True,True,0
ext_dorn_python_easy_06076,python,easy,True,True,False,0.0,1.4880952835083008,True,False,False,False,0
ext_dorn_python_easy_06077,python,easy,True,True,True,1.0,-0.11904716491699219,False,True,True,False,0
ext_dorn_python_easy_06078,python,easy,True,True,True,1.0,-0.23809528350830078,False,True,False,False,0
ext_dorn_python_easy_06079,python,easy,True,True,False,0.0,-1.1309518814086914,False,True,True,False,0
ext_dorn_python_easy_06080,python,easy,True,True,False,0.0,-0.2976188659667969,False,True,True,False,0
ext_dorn_python_easy_06081,python,easy,True,True,False,0.0,-1.2499990463256836,False,True,True,True,0
ext_dorn_python_easy_06082,python,easy,True,True,False,0.0,-1.0714292526245117,False,True,False,False,0
ext_dorn_python_easy_06083,python,easy,True,True,True,1.0,1.4880943298339844,True,False,True,True,0
ext_dorn_python_easy_06084,python,easy,True,True,True,1.0,-0.41666698455810547,False,True,False,False,0
ext_dorn_python_easy_06085,python,easy,True,False,False,0.0,-9.5367431640625e-07,False,False,False,False,0
ext_dorn_python_easy_06086,python,easy,True,False,False,1.0,-0.2976198196411133,False,False,True,True,0
ext_dorn_python_easy_06087,python,easy,True,True,False,0.0,0.35714244842529297,True,False,True,True,0
ext_dorn_python_easy_06088,python,easy,True,True,True,1.0,-0.23809528350830078,False,True,True,True,0
ext_dorn_python_easy_06089,python,easy,True,True,True,1.0,0.892857551574707,True,False,False,False,0
ext_dorn_python_easy_06090,python,easy,True,False,False,1.0,0.1785717010498047,True,True,True,True,0
ext_dorn_python_easy_06091,python,easy,True,True,True,1.0,1.4880962371826172,True,False,True,True,0
ext_dorn_python_easy_06092,python,easy,True,False,False,1.0,0.05952262878417969,False,False,False,False,0
ext_dorn_python_easy_06093,python,easy,True,True,True,1.0,0.41666603088378906,True,False,False,False,0
ext_dorn_python_easy_06094,python,easy,True,False,False,1.0,-0.11904716491699219,True,True,False,False,0
ext_dorn_python_easy_06095,python,easy,True,True,True,1.0,0.8333330154418945,True,False,True,True,0
ext_dorn_python_easy_06096,python,easy,True,False,False,1.0,0.23809432983398438,True,True,False,False,0
ext_dorn_python_easy_06097,python,easy,True,True,True,1.0,-0.2976188659667969,False,True,True,True,0
ext_dorn_python_easy_06098,python,easy,True,True,True,1.0,-0.5357141494750977,False,True,True,True,0
ext_dorn_python_easy_06099,python,easy,True,False,False,1.0,0.2976188659667969,True,True,True,True,0
ext_dorn_python_easy_06100,python,easy,True,True,False,0.0,-1.3690481185913086,False,True,True,True,0
ext_dorn_python_easy_06101,python,easy,True,True,True,1.0,0.2976188659667969,True,False,True,True,0
ext_dorn_python_easy_06102,python,easy,True,True,False,0.0,-1.0714282989501953,False,True,True,True,0
ext_dorn_python_easy_06103,python,easy,True,True,False,0.0,1.0119047164916992,True,False,False,False,0
ext_dorn_python_easy_06104,python,easy,True,True,False,0.0,0.8333330154418945,True,False,True,False,0
ext_dorn_python_easy_06105,python,easy,True,False,False,0.0,-0.23809528350830078,True,True,True,True,0
ext_dorn_python_easy_06106,python,easy,True,True,True,1.0,-0.8333330154418945,False,True,True,True,0
ext_dorn_python_easy_06107,python,easy,True,True,True,1.0,-0.8928565979003906,False,True,False,False,0
ext_dorn_python_easy_06108,python,easy,True,False,False,1.0,-0.1785717010498047,True,True,False,False,0
ext_dorn_python_easy_06109,python,easy,True,True,True,1.0,2.0833330154418945,True,False,True,True,0
ext_dorn_python_easy_06110,python,easy,True,True,False,0.0,-1.0119047164916992,False,True,False,False,0
ext_dorn_python_easy_06111,python,easy,True,True,True,1.0,0.3571434020996094,True,False,True,True,0
ext_dorn_python_easy_06112,python,easy,True,True,True,1.0,-1.4880952835083008,False,True,False,False,0
ext_dorn_python_easy_06113,python,easy,True,False,False,0.0,-0.23809528350830078,True,True,True,True,0
ext_dorn_python_easy_06114,python,easy,True,True,True,1.0,-0.41666603088378906,False,True,True,True,0
ext_dorn_python_easy_06115,python,easy,True,True,True,1.0,1.3690471649169922,True,False,True,True,0
ext_dorn_python_easy_06116,python,easy,True,True,False,0.0,0.41666698455810547,True,False,False,False,0
ext_dorn_python_easy_06117,python,easy,True,True,False,0.0,0.35714244842529297,True,False,False,False,0
ext_dorn_python_easy_06118,python,easy,True,True,True,1.0,0.41666698455810547,True,False,False,False,0
ext_dorn_python_easy_06119,python,easy,True,True,True,1.0,0.0595245361328125,True,False,False,False,0
ext_dorn_python_easy_06120,python,easy,True,False,False,1.0,9.5367431640625e-07,True,True,True,True,0
ext_dorn_python_easy_06121,python,easy,True,True,True,1.0,-1.6666669845581055,False,True,True,True,0
ext_dorn_python_easy_06122,python,easy,True,True,False,0.0,-1.4880952835083008,False,True,True,True,0
ext_dorn_python_easy_06123,python,easy,True,True,False,0.0,0.11904716491699219,True,False,False,False,0
ext_dorn_python_easy_06124,python,easy,True,False,False,1.0,0.2976188659667969,True,True,True,True,0
ext_dorn_python_easy_06125,python,easy,True,False,False,0.0,-0.11904621124267578,True,True,True,True,0
ext_dorn_python_easy_06126,python,easy,True,True,True,1.0,-0.5952377319335938,False,True,True,True,0
ext_dorn_python_easy_06127,python,easy,True,True,True,1.0,1.0714282989501953,True,False,False,False,0
ext_dorn_python_easy_06128,python,easy,True,True,True,1.0,0.7142868041992188,True,False,True,True,0
ext_dorn_python_easy_06129,python,easy,True,True,True,1.0,0.1785717010498047,True,False,True,True,0
ext_dorn_python_easy_06130,python,easy,True,True,True,1.0,0.7738094329833984,True,False,False,False,0
ext_dorn_python_easy_06131,python,easy,True,False,False,1.0,9.5367431640625e-07,False,False,False,False,0
ext_dorn_python_easy_06132,python,easy,True,True,False,0.0,-0.47619056701660156,False,True,False,False,0
ext_dorn_python_easy_06133,python,easy,True,False,False,0.0,9.5367431640625e-07,True,True,True,True,0
ext_dorn_python_easy_06134,python,easy,True,True,True,1.0,0.41666698455810547,True,False,True,True,0
ext_dorn_python_easy_06135,python,easy,True,False,False,1.0,-0.3571434020996094,False,False,False,False,0
ext_dorn_python_easy_06136,python,easy,True,True,True,1.0,-0.23809528350830078,False,True,True,True,0
ext_dorn_python_easy_06137,python,easy,True,True,False,0.0,-1.0714282989501953,False,True,True,False,0
ext_dorn_python_easy_06138,python,easy,True,False,False,1.0,0.1785717010498047,False,False,False,False,0
ext_dorn_python_easy_06139,python,easy,True,True,False,0.0,0.5952386856079102,True,False,True,False,0
ext_dorn_python_easy_06140,python,easy,True,True,True,1.0,-1.3095245361328125,False,True,True,True,0
ext_dorn_python_easy_06141,python,easy,True,False,False,1.0,-0.1190481185913086,False,False,False,False,0
ext_dorn_python_easy_06142,python,easy,True,True,False,0.0,0.47618961334228516,True,False,True,False,0
ext_dorn_python_easy_06143,python,easy,True,True,False,0.0,0.47619056701660156,True,False,False,False,0
ext_dorn_python_easy_06144,python,easy,True,False,False,0.0,-0.1785717010498047,False,False,True,True,0
ext_dorn_python_easy_06145,python,easy,True,False,False,0.0,-0.1785717010498047,False,False,False,False,0
ext_dorn_python_easy_06146,python,easy,True,False,False,0.0,0.11904716491699219,True,True,True,True,0
ext_dorn_python_easy_06147,python,easy,True,False,False,1.0,-0.17857074737548828,False,False,True,True,0
ext_dorn_python_easy_06148,python,easy,True,True,False,0.0,-0.41666698455810547,False,True,False,False,0
ext_dorn_python_easy_06149,python,easy,True,False,False,0.0,0.11904716491699219,False,False,True,True,0
ext_dorn_python_easy_06150,python,easy,True,True,True,1.0,1.0714292526245117,True,False,True,True,0
ext_dorn_python_easy_06151,python,easy,True,True,True,1.0,1.4285717010498047,True,False,True,True,0
ext_dorn_python_easy_06152,python,easy,True,False,False,0.0,-0.1785726547241211,False,False,False,False,0
ext_dorn_python_easy_06153,python,easy,True,True,True,1.0,-0.7142858505249023,False,True,False,False,0
ext_dorn_python_easy_06154,python,easy,True,True,True,1.0,-1.7261905670166016,False,True,True,True,0
ext_dorn_python_easy_06155,python,easy,True,True,True,1.0,0.35714244842529297,True,False,True,True,0
ext_dorn_python_easy_06156,python,easy,True,False,False,1.0,0.1785717010498047,True,True,False,False,0
ext_dorn_python_easy_06157,python,easy,True,True,True,1.0,0.8333339691162109,True,False,True,True,0
ext_dorn_python_easy_06158,python,easy,True,True,True,1.0,-0.23809528350830078,False,True,True,True,0
ext_dorn_python_easy_06159,python,easy,True,True,True,1.0,-1.5476188659667969,False,True,True,True,0
ext_dorn_python_easy_06160,python,easy,True,True,True,1.0,-0.8928585052490234,False,True,False,False,0
ext_dorn_python_easy_06161,python,easy,True,True,True,1.0,0.7738094329833984,True,False,True,True,0
ext_dorn_python_easy_06162,python,easy,True,True,True,1.0,-0.8333339691162109,False,True,True,True,0
ext_dorn_python_easy_06163,python,easy,True,True,False,0.0,-0.47618961334228516,False,True,False,False,0
ext_dorn_python_easy_06164,python,easy,True,True,False,0.0,1.25,True,False,False,False,0
ext_dorn_python_easy_06165,python,easy,True,False,False,1.0,-0.17857074737548828,True,True,False,False,0
ext_dorn_python_easy_06166,python,easy,True,False,False,0.0,-0.0595245361328125,False,False,False,False,0
ext_dorn_python_easy_06167,python,easy,True,True,True,1.0,0.5952386856079102,True,False,False,False,0
ext_dorn_python_easy_06168,python,easy,True,True,True,1.0,-0.3571434020996094,False,True,False,False,0
ext_dorn_python_easy_06169,python,easy,True,True,True,1.0,-1.25,False,True,True,True,0
ext_dorn_python_easy_06170,python,easy,True,False,False,1.0,-0.41666698455810547,True,True,True,True,0
ext_dorn_python_easy_06171,python,easy,True,True,False,0.0,0.47619056701660156,True,False,False,False,0
ext_dorn_python_easy_06172,python,easy,True,True,True,1.0,2.142857551574707,True,False,True,True,0
ext_dorn_python_easy_06173,python,easy,True,True,False,0.0,1.1904754638671875,True,False,True,False,0
ext_dorn_python_easy_06174,python,easy,True,False,False,,0.0,False,False,False,False,0
ext_dorn_python_easy_06175,python,easy,True,False,False,1.0,0.47619056701660156,True,True,False,False,0
ext_dorn_python_easy_06176,python,easy,True,False,False,0.0,-0.1785717010498047,True,True,True,True,0
ext_dorn_python_easy_06177,python,easy,True,True,True,1.0,0.7142848968505859,True,False,True,True,0
ext_dorn_python_easy_06178,python,easy,True,True,True,1.0,1.0714282989501953,True,False,True,True,0
ext_dorn_python_easy_06179,python,easy,True,True,True,1.0,-1.309523582458496,False,True,False,False,0
ext_dorn_python_easy_06180,python,easy,True,True,False,0.0,0.7142858505249023,True,False,True,False,0
ext_dorn_python_easy_06181,python,easy,True,False,False,1.0,-0.059523582458496094,False,False,True,False,0
ext_dorn_python_easy_06182,python,easy,True,True,True,1.0,0.8928565979003906,True,False,False,False,0
ext_dorn_python_easy_06183,python,easy,True,True,True,1.0,-0.7142848968505859,False,True,False,False,0
ext_dorn_python_easy_06184,python,easy,True,True,False,0.0,0.5952386856079102,True,False,True,False,0
ext_dorn_python_easy_06185,python,easy,True,True,True,1.0,-0.47619056701660156,False,True,False,False,0
ext_dorn_python_easy_06186,python,easy,True,False,False,1.0,0.41666603088378906,True,True,True,True,0
ext_dorn_python_easy_06187,python,easy,True,False,False,0.0,0.1785726547241211,True,True,False,False,0
ext_dorn_python_easy_06188,python,easy,True,True,True,1.0,1.6071434020996094,True,False,True,True,0
ext_dorn_python_easy_06189,python,easy,True,False,False,1.0,0.11904716491699219,False,False,False,False,0
ext_dorn_python_easy_06190,python,easy,True,True,True,1.0,-0.47619056701660156,False,True,True,True,0
ext_dorn_python_easy_06191,python,easy,True,False,False,0.0,0.05952262878417969,False,False,True,True,0
ext_dorn_python_easy_06192,python,easy,True,True,False,0.0,0.7142848968505859,True,False,False,False,0
ext_dorn_python_easy_06193,python,easy,True,True,True,1.0,0.47619056701660156,True,False,True,True,0
ext_dorn_python_easy_06194,python,easy,True,False,False,1.0,-0.2976188659667969,True,True,True,True,0
ext_dorn_python_easy_06195,python,easy,True,True,True,1.0,-0.7142858505249023,False,True,True,True,0
ext_dorn_python_easy_06196,python,easy,True,False,False,1.0,-9.5367431640625e-07,False,False,True,False,0
ext_dorn_python_easy_06197,python,easy,True,True,True,1.0,-0.3571434020996094,False,True,False,False,0
ext_dorn_python_easy_06198,python,easy,True,True,True,1.0,-0.41666698455810547,False,True,False,False,0
ext_dorn_python_easy_06199,python,easy,True,True,True,1.0,-0.5357141494750977,False,True,False,False,0
ext_dorn_python_easy_06200,python,easy,True,True,False,0.0,1.1309528350830078,True,False,False,False,0
ext_dorn_python_easy_06201,python,easy,True,False,False,1.0,0.05952262878417969,False,False,False,False,0
ext_dorn_python_easy_06202,python,easy,True,False,False,0.0,-0.23809528350830078,True,True,False,False,0
ext_dorn_python_easy_06203,python,easy,True,True,False,0.0,-1.190476417541504,False,True,False,False,0
ext_dorn_python_easy_06204,python,easy,True,False,False,0.0,0.059523582458496094,True,True,True,True,0
ext_dorn_python_easy_06205,python,easy,True,True,True,1.0,-0.5952377319335938,False,True,False,False,0
ext_dorn_python_easy_06206,python,easy,True,True,True,1.0,-0.1785717010498047,False,True,False,False,0
ext_dorn_python_easy_06207,python,easy,True,True,True,1.0,-0.6547622680664062,False,True,True,True,0
ext_dorn_python_easy_06208,python,easy,True,True,False,0.0,-1.071427345275879,False,True,True,False,0
ext_dorn_python_easy_06209,python,easy,True,True,True,1.0,-0.892857551574707,False,True,True,True,0
ext_dorn_python_easy_06210,python,easy,True,True,False,0.0,-1.7857141494750977,False,True,True,False,0
ext_dorn_python_easy_06211,python,easy,True,False,False,1.0,0.1190481185913086,False,False,True,True,0
ext_dorn_python_easy_06212,python,easy,True,True,True,1.0,1.7857141494750977,True,False,True,True,0
ext_dorn_python_easy_06213,python,easy,True,True,False,0.0,0.773808479309082,True,False,False,False,0
ext_dorn_python_easy_06214,python,easy,True,True,False,0.0,-0.35714244842529297,False,True,True,True,0
ext_dorn_python_easy_06215,python,easy,True,True,True,1.0,-1.0119047164916992,False,True,True,True,0
ext_dorn_python_easy_06216,python,easy,True,True,True,1.0,-0.5357141494750977,False,True,True,True,0
ext_dorn_python_easy_06217,python,easy,True,True,True,1.0,-1.2500009536743164,False,True,True,True,0
ext_dorn_python_easy_06218,python,easy,True,True,True,1.0,-0.6547613143920898,False,True,True,False,0
ext_dorn_python_easy_06219,python,easy,True,True,True,1.0,0.7142848968505859,True,False,True,True,0
ext_dorn_python_easy_06220,python,easy,True,True,True,1.0,0.5357151031494141,True,False,True,True,0
ext_dorn_python_easy_06221,python,easy,True,True,False,0.0,-1.0119047164916992,False,True,True,False,0
ext_dorn_python_easy_06222,python,easy,True,False,False,0.0,0.35714244842529297,False,False,False,False,0
ext_dorn_python_easy_06223,python,easy,True,True,True,1.0,0.9523811340332031,True,False,True,True,0
ext_dorn_python_easy_06224,python,easy,True,False,False,0.0,-0.1190481185913086,True,True,False,False,0
ext_dorn_python_easy_06225,python,easy,True,True,True,1.0,-1.1904754638671875,False,True,True,True,0
ext_dorn_python_easy_06226,python,easy,True,True,True,1.0,-1.666666030883789,False,True,True,True,0
ext_dorn_python_easy_06227,python,easy,True,True,False,0.0,-0.892857551574707,False,True,True,False,0
ext_dorn_python_easy_06228,python,easy,True,True,True,1.0,-0.9523811340332031,False,True,True,True,0
ext_dorn_python_easy_06229,python,easy,True,True,False,0.0,1.0119047164916992,True,False,False,False,0
ext_dorn_python_easy_06230,python,easy,True,True,False,0.0,-1.9047613143920898,False,True,True,False,0
ext_dorn_python_easy_06231,python,easy,True,True,True,1.0,-0.8333339691162109,False,True,False,False,0
ext_dorn_python_easy_06232,python,easy,True,True,False,0.0,-0.6547613143920898,False,True,False,False,0
ext_dorn_python_easy_06233,python,easy,True,False,False,1.0,0.2976188659667969,True,True,True,True,0
ext_dorn_python_easy_06234,python,easy,True,True,False,0.0,-0.9523811340332031,False,True,True,False,0
ext_dorn_python_easy_06235,python,easy,True,True,True,1.0,0.5952386856079102,True,False,True,True,0
ext_dorn_python_easy_06236,python,easy,True,True,False,0.0,-0.8928565979003906,False,True,False,False,0
ext_dorn_python_easy_06237,python,easy,True,True,True,1.0,-0.5952386856079102,False,True,True,True,0
ext_dorn_python_easy_06238,python,easy,True,True,True,1.0,-0.7738094329833984,False,True,True,True,0
ext_dorn_python_easy_06239,python,easy,True,True,True,1.0,0.41666698455810547,True,False,True,True,0
ext_dorn_python_easy_06240,python,easy,True,False,False,0.0,-0.1785717010498047,False,False,True,False,0
ext_dorn_python_easy_06241,python,easy,True,False,False,1.0,0.059523582458496094,True,True,False,False,0
ext_dorn_python_easy_06242,python,easy,True,True,True,1.0,-0.47619056701660156,False,True,True,False,0
ext_dorn_python_easy_06243,python,easy,True,True,True,1.0,0.8928565979003906,True,False,False,False,0
ext_dorn_python_easy_06244,python,easy,True,True,True,1.0,1.3095245361328125,True,False,True,True,0
ext_dorn_python_easy_06245,python,easy,True,True,True,1.0,1.4880952835083008,True,False,True,True,0
ext_dorn_python_easy_06246,python,easy,True,False,False,1.0,-0.1785717010498047,False,False,False,False,0
ext_dorn_python_easy_06247,python,easy,True,True,True,1.0,-0.41666698455810547,False,True,False,False,0
ext_dorn_python_easy_06248,python,easy,True,False,False,0.0,-0.1785717010498047,True,True,False,False,0
ext_dorn_python_easy_06249,python,easy,True,True,True,1.0,-0.8928565979003906,False,True,True,True,0
ext_dorn_python_easy_06250,python,easy,True,True,True,1.0,-0.47619056701660156,False,True,False,False,0
ext_dorn_python_easy_06251,python,easy,True,True,True,1.0,-0.41666603088378906,False,True,False,False,0
ext_dorn_python_easy_06252,python,easy,True,True,True,1.0,1.0714292526245117,True,False,True,True,0
ext_dorn_python_easy_06253,python,easy,True,False,False,0.0,-0.059523582458496094,False,False,True,True,0
ext_dorn_python_easy_06254,python,easy,True,True,False,0.0,-0.2976188659667969,False,True,False,False,0
ext_dorn_python_easy_06255,python,easy,True,True,True,1.0,-0.8928565979003906,False,True,False,False,0
ext_dorn_python_easy_06256,python,easy,True,True,True,1.0,0.9523811340332031,True,False,False,False,0
ext_dorn_python_easy_06257,python,easy,True,True,True,1.0,-1.1309518814086914,False,True,False,False,0
ext_dorn_python_easy_06258,python,easy,True,True,True,1.0,-1.2499990463256836,False,True,True,True,0
ext_dorn_python_easy_06259,python,easy,True,False,False,0.0,0.23809432983398438,False,False,True,True,0
ext_dorn_python_easy_06260,python,easy,True,False,False,1.0,0.7738094329833984,False,False,True,True,0
ext_dorn_python_easy_06261,python,easy,True,False,False,,0.0,False,False,False,False,0
ext_dorn_python_easy_06262,python,easy,True,True,True,1.0,-1.1309528350830078,False,True,False,False,0
ext_dorn_python_easy_06263,python,easy,True,True,True,1.0,1.1309528350830078,True,False,True,True,0
ext_dorn_python_easy_06264,python,easy,True,True,True,1.0,-0.5357141494750977,False,True,False,False,0
ext_dorn_python_easy_06265,python,easy,True,True,False,0.0,-0.6547622680664062,False,True,False,False,0
ext_dorn_python_easy_06266,python,easy,True,True,True,1.0,-0.47619056701660156,False,True,True,True,0
ext_dorn_python_easy_06267,python,easy,True,True,False,0.0,-1.4880962371826172,False,True,True,False,0
ext_dorn_python_easy_06268,python,easy,True,True,False,0.0,0.5357141494750977,True,False,True,True,0
ext_dorn_python_easy_06269,python,easy,True,True,True,1.0,0.41666698455810547,True,False,True,True,0
ext_dorn_python_easy_06270,python,easy,True,False,False,1.0,-0.1190481185913086,False,False,True,True,0
ext_dorn_python_easy_06271,python,easy,True,True,True,1.0,-0.2976188659667969,False,True,False,False,0
ext_dorn_python_easy_06272,python,easy,True,True,False,0.0,0.47619056701660156,True,False,True,False,0
ext_dorn_python_easy_06273,python,easy,True,True,False,0.0,1.1309518814086914,True,False,True,False,0
ext_dorn_python_easy_06274,python,easy,True,False,False,0.0,-0.1785717010498047,True,True,True,True,0
ext_dorn_python_easy_06275,python,easy,True,True,True,1.0,1.1904754638671875,True,False,True,True,0
ext_dorn_python_easy_06276,python,easy,True,True,False,0.0,-0.7142858505249023,False,True,True,False,0
ext_dorn_python_easy_06277,python,easy,True,True,True,1.0,0.35714244842529297,True,False,False,False,0
ext_dorn_python_easy_06278,python,easy,True,True,True,1.0,0.8928565979003906,True,False,True,True,0
ext_dorn_python_easy_06279,python,easy,True,True,True,1.0,-0.9523811340332031,False,True,False,False,0
ext_dorn_python_easy_06280,python,easy,True,True,True,1.0,1.5476188659667969,True,False,True,True,0
ext_dorn_python_easy_06281,python,easy,True,True,True,1.0,0.23809528350830078,True,False,True,True,0
ext_dorn_python_easy_06282,python,easy,True,True,False,0.0,0.11904716491699219,True,False,True,True,0
ext_dorn_python_easy_06283,python,easy,True,False,False,0.0,0.1785717010498047,True,True,False,False,0
ext_dorn_python_easy_06284,python,easy,True,True,True,1.0,0.6547622680664062,True,False,True,True,0
ext_dorn_python_easy_06285,python,easy,True,True,True,1.0,1.309523582458496,True,False,True,True,0
ext_dorn_python_easy_06286,python,easy,True,True,True,1.0,-0.35714244842529297,False,True,True,False,0
ext_dorn_python_easy_06287,python,easy,True,True,True,1.0,1.1309518814086914,True,False,False,False,0
ext_dorn_python_easy_06288,python,easy,True,True,True,1.0,0.8333339691162109,True,False,False,False,0
ext_dorn_python_easy_06289,python,easy,True,True,True,1.0,-1.0119047164916992,False,True,True,True,0
ext_dorn_python_easy_06290,python,easy,True,True,True,1.0,-0.7738103866577148,False,True,True,True,0
ext_dorn_python_easy_06291,python,easy,True,True,False,0.0,0.35714244842529297,True,False,True,True,0
ext_dorn_python_easy_06292,python,easy,True,True,True,1.0,-0.6547613143920898,False,True,False,False,0
ext_dorn_python_easy_06293,python,easy,True,True,False,0.0,1.25,True,False,True,False,0
ext_dorn_python_easy_06294,python,easy,True,True,True,1.0,-0.8928565979003906,False,True,False,False,0
ext_dorn_python_easy_06295,python,easy,True,True,False,0.0,0.5952386856079102,True,False,True,False,0
ext_dorn_python_easy_06296,python,easy,True,False,False,0.0,-0.0595245361328125,False,False,True,True,0
ext_dorn_python_easy_06297,python,easy,True,False,False,1.0,0.23809528350830078,True,True,False,False,0
ext_dorn_python_easy_06298,python,easy,True,True,True,1.0,1.9642858505249023,True,False,True,True,0
ext_dorn_python_easy_06299,python,easy,True,False,False,0.0,-0.17857074737548828,True,True,True,True,0
ext_dorn_python_easy_06300,python,easy,True,True,True,1.0,2.0238094329833984,True,False,True,True,0
ext_dorn_python_easy_06301,python,easy,True,True,False,0.0,1.0119047164916992,True,False,True,True,0
ext_dorn_python_easy_06302,python,easy,True,True,True,1.0,-0.7738103866577148,False,True,False,False,0
ext_dorn_python_easy_06303,python,easy,True,False,False,1.0,-0.059523582458496094,False,False,False,False,0
ext_dorn_python_easy_06304,python,easy,True,False,False,,0.0,False,False,True,True,0
ext_dorn_python_easy_06305,python,easy,True,True,True,1.0,-0.47619152069091797,False,True,False,False,0
ext_dorn_python_easy_06306,python,easy,True,False,False,0.0,0.23809528350830078,True,True,False,False,0
ext_dorn_python_easy_06307,python,easy,True,False,False,1.0,-0.47619056701660156,False,False,True,True,0
ext_dorn_python_easy_06308,python,easy,True,False,False,1.0,-0.47619056701660156,True,True,False,False,0
ext_dorn_python_easy_06309,python,easy,True,True,True,1.0,0.1785717010498047,True,False,True,True,0
ext_dorn_python_easy_06310,python,easy,True,True,False,0.0,0.5357141494750977,True,False,False,False,0
ext_dorn_python_easy_06311,python,easy,True,True,True,1.0,0.23809528350830078,True,False,False,False,0
ext_dorn_python_easy_06312,python,easy,True,True,True,1.0,-1.4880952835083008,False,True,False,False,0
ext_dorn_python_easy_06313,python,easy,True,False,False,1.0,-0.5952377319335938,False,False,True,True,0
ext_dorn_python_easy_06314,python,easy,True,True,False,0.0,-0.35714244842529297,False,True,True,False,0
ext_dorn_python_easy_06315,python,easy,True,True,True,1.0,0.6547622680664062,True,False,False,False,0
ext_dorn_python_easy_06316,python,easy,True,False,False,,0.0,False,False,True,True,0
ext_dorn_python_easy_06317,python,easy,True,True,False,0.0,-0.059523582458496094,False,True,False,False,0
ext_dorn_python_easy_06318,python,easy,True,True,False,0.0,0.23809432983398438,True,False,False,False,0
ext_dorn_python_easy_06319,python,easy,True,True,True,1.0,-0.7142858505249023,False,True,True,True,0
ext_dorn_python_easy_06320,python,easy,True,True,False,0.0,1.3690481185913086,True,False,True,False,0
ext_dorn_python_easy_06321,python,easy,True,True,True,1.0,1.5476179122924805,True,False,True,True,0
ext_dorn_python_easy_06322,python,easy,True,True,True,1.0,-0.6547622680664062,False,True,True,False,0
ext_dorn_python_easy_06323,python,easy,True,True,False,0.0,-0.5952386856079102,False,True,False,False,0
ext_dorn_python_easy_06324,python,easy,True,True,False,0.0,0.0595245361328125,True,False,True,True,0
ext_dorn_python_easy_06325,python,easy,True,True,True,1.0,-0.23809528350830078,False,True,True,True,0
ext_dorn_python_easy_06326,python,easy,True,True,False,0.0,-0.7738103866577148,False,True,True,True,0
ext_dorn_python_easy_06327,python,easy,True,True,True,1.0,2.261904716491699,True,False,True,True,0
ext_dorn_python_easy_06328,python,easy,True,True,True,1.0,0.47619056701660156,True,False,True,True,0
ext_dorn_python_easy_06329,python,easy,True,True,True,1.0,-0.8333339691162109,False,True,True,True,0
ext_dorn_python_easy_06330,python,easy,True,True,True,1.0,0.7738094329833984,True,False,True,True,0
ext_dorn_python_easy_06331,python,easy,True,True,False,0.0,-0.35714244842529297,False,True,False,False,0
ext_dorn_python_easy_06332,python,easy,True,False,False,0.0,-9.5367431640625e-07,False,False,True,True,0
ext_dorn_python_easy_06333,python,easy,True,True,True,1.0,-0.1785717010498047,False,True,False,False,0
ext_dorn_python_easy_06334,python,easy,True,True,True,1.0,0.059523582458496094,True,False,False,False,0
ext_dorn_python_easy_06335,python,easy,True,True,False,0.0,-0.2976198196411133,False,True,False,False,0
ext_dorn_python_easy_06336,python,easy,True,True,False,0.0,0.6547613143920898,True,False,False,False,0
ext_dorn_python_easy_06337,python,easy,True,True,True,1.0,-0.9523811340332031,False,True,False,False,0
ext_dorn_python_easy_06338,python,easy,True,True,False,0.0,0.8928565979003906,True,False,True,False,0
ext_dorn_python_easy_06339,python,easy,True,True,True,1.0,-0.9523811340332031,False,True,False,False,0
ext_dorn_python_easy_06340,python,easy,True,True,True,1.0,-0.8928565979003906,False,True,False,False,0
ext_dorn_python_easy_06341,python,easy,True,False,False,1.0,0.059523582458496094,True,True,True,False,0
ext_dorn_python_easy_06342,python,easy,True,True,True,1.0,-1.0714282989501953,False,True,True,True,0
ext_dorn_python_easy_06343,python,easy,True,True,False,0.0,-0.3571434020996094,False,True,False,False,0
ext_dorn_python_easy_06344,python,easy,True,True,False,0.0,-0.2976188659667969,False,True,False,False,0
ext_dorn_python_easy_06345,python,easy,True,True,False,0.0,-0.5952386856079102,False,True,True,True,0
ext_dorn_python_easy_06346,python,easy,True,True,False,0.0,-0.2976188659667969,False,True,False,False,0
ext_dorn_python_easy_06347,python,easy,True,False,False,0.0,-9.5367431640625e-07,False,False,False,False,0
ext_dorn_python_easy_06348,python,easy,True,False,False,1.0,0.29761791229248047,True,True,True,True,0
ext_dorn_python_easy_06349,python,easy,True,True,True,1.0,0.1785717010498047,True,False,True,True,0
ext_dorn_python_easy_06350,python,easy,True,True,True,1.0,-0.41666698455810547,False,True,False,False,0
ext_dorn_python_easy_06351,python,easy,True,True,True,1.0,-0.7738094329833984,False,True,True,True,0
ext_dorn_python_easy_06352,python,easy,True,True,True,1.0,1.25,True,False,True,True,0
ext_dorn_python_easy_06353,python,easy,True,True,True,1.0,0.8333330154418945,True,False,True,True,0
ext_dorn_python_easy_06354,python,easy,True,True,True,1.0,0.7142868041992188,True,False,False,False,0
ext_dorn_python_easy_06355,python,easy,True,True,True,1.0,0.7738103866577148,True,False,True,True,0
ext_dorn_python_easy_06356,python,easy,True,False,False,,0.0,False,False,False,False,0
ext_dorn_python_easy_06357,python,easy,True,False,False,1.0,-0.059523582458496094,True,True,True,True,0
ext_dorn_python_easy_06358,python,easy,True,True,True,1.0,0.8333339691162109,True,False,True,True,0
ext_dorn_python_easy_06359,python,easy,True,True,True,1.0,1.0119037628173828,True,False,True,True,0
ext_dorn_python_easy_06360,python,easy,True,True,False,0.0,-0.7738094329833984,False,True,False,False,0
ext_dorn_python_easy_06361,python,easy,True,True,True,1.0,0.35714244842529297,True,False,False,False,0
ext_dorn_python_easy_06362,python,easy,True,True,True,1.0,-0.6547622680664062,False,True,False,False,0
ext_dorn_python_easy_06363,python,easy,True,True,True,1.0,-1.0119047164916992,False,True,True,True,0
ext_dorn_python_easy_06364,python,easy,True,True,True,1.0,0.41666698455810547,True,False,False,False,0
ext_dorn_python_easy_06365,python,easy,True,True,False,0.0,0.7738094329833984,True,False,True,False,0
ext_dorn_python_easy_06366,python,easy,True,True,False,0.0,0.47619056701660156,True,False,False,False,0
ext_dorn_python_easy_06367,python,easy,True,True,True,1.0,1.9642858505249023,True,False,True,True,0
ext_dorn_python_easy_06368,python,easy,True,False,False,0.0,-0.1785717010498047,True,True,False,False,0
ext_dorn_python_easy_06369,python,easy,True,True,True,1.0,-0.47619152069091797,False,True,False,False,0
ext_dorn_python_easy_06370,python,easy,True,True,True,1.0,0.17857074737548828,True,False,True,True,0
ext_dorn_python_easy_06371,python,easy,True,True,False,0.0,0.5357131958007812,True,False,False,False,0
ext_dorn_python_easy_06372,python,easy,True,True,True,1.0,-0.892857551574707,False,True,False,False,0
ext_dorn_python_easy_06373,python,easy,True,True,False,0.0,-0.23809528350830078,False,True,True,False,0
ext_dorn_python_easy_06374,python,easy,True,False,False,0.0,0.23809432983398438,True,True,True,True,0
ext_dorn_python_easy_06375,python,easy,True,True,True,1.0,-1.1904754638671875,False,True,True,True,0
ext_dorn_python_easy_06376,python,easy,True,True,False,0.0,-0.9523811340332031,False,True,False,False,0
ext_dorn_python_easy_06377,python,easy,True,True,True,1.0,-0.8333330154418945,False,True,False,False,0
ext_dorn_python_easy_06378,python,easy,True,True,True,1.0,-0.5357131958007812,False,True,False,False,0
ext_dorn_python_easy_06379,python,easy,True,True,False,0.0,0.5952386856079102,True,False,False,False,0
ext_dorn_python_easy_06380,python,easy,True,True,True,1.0,0.47619056701660156,True,False,True,True,0
ext_dorn_python_easy_06381,python,easy,True,True,False,0.0,-0.7142848968505859,False,True,False,False,0
ext_dorn_python_easy_06382,python,easy,True,True,True,1.0,-1.0119047164916992,False,True,False,False,0
ext_dorn_python_easy_06383,python,easy,True,True,False,0.0,0.41666698455810547,True,False,False,False,0
ext_dorn_python_easy_06384,python,easy,True,True,False,0.0,-0.7142858505249023,False,True,True,False,0
ext_dorn_python_easy_06385,python,easy,True,True,True,1.0,0.17857074737548828,True,False,False,False,0
ext_dorn_python_easy_06386,python,easy,True,True,True,1.0,0.47619056701660156,True,False,True,False,0
ext_dorn_python_easy_06387,python,easy,True,False,False,0.0,-0.23809528350830078,False,False,False,False,0
ext_dorn_python_easy_06388,python,easy,True,True,True,1.0,0.7738094329833984,True,False,True,True,0
ext_dorn_python_easy_06389,python,easy,True,False,False,0.0,0.41666698455810547,True,True,True,True,0
ext_dorn_python_easy_06390,python,easy,True,True,False,0.0,-0.2976188659667969,False,True,True,True,0
ext_dorn_python_easy_06391,python,easy,True,True,False,0.0,0.41666698455810547,True,False,False,False,0
ext_dorn_python_easy_06392,python,easy,True,True,False,0.0,0.47619056701660156,True,False,True,True,0
ext_dorn_python_easy_06393,python,easy,True,False,False,1.0,0.1785717010498047,False,False,True,True,0
ext_dorn_python_easy_06394,python,easy,True,True,True,1.0,-0.23809528350830078,False,True,False,False,0
ext_dorn_python_easy_06395,python,easy,True,True,True,1.0,0.5357141494750977,True,False,False,False,0
ext_dorn_python_easy_06396,python,easy,True,False,False,1.0,9.5367431640625e-07,True,True,True,True,0
ext_dorn_python_easy_06397,python,easy,True,True,True,1.0,1.0119047164916992,True,False,False,False,0
ext_dorn_python_easy_06398,python,easy,True,True,False,0.0,0.8928565979003906,True,False,True,False,0
ext_dorn_python_easy_06399,python,easy,True,True,True,1.0,-1.0119047164916992,False,True,False,False,0
ext_dorn_python_easy_06400,python,easy,True,True,True,1.0,0.7738094329833984,True,False,True,True,0
ext_dorn_python_easy_06401,python,easy,True,True,True,1.0,-0.8333339691162109,False,True,False,False,0
ext_dorn_python_easy_06402,python,easy,True,False,False,1.0,0.11904716491699219,True,True,False,False,0
ext_dorn_python_easy_06403,python,easy,True,False,False,0.0,-0.059523582458496094,True,True,False,False,0
ext_dorn_python_easy_06404,python,easy,True,False,False,,0.0,False,False,False,False,0
ext_dorn_python_easy_06405,python,easy,True,True,False,0.0,-0.23809432983398438,False,True,True,False,0
ext_dorn_python_easy_06406,python,easy,True,False,False,0.0,-0.11904716491699219,True,True,True,False,0
ext_dorn_python_easy_06407,python,easy,True,True,False,0.0,-1.607142448425293,False,True,True,False,0
ext_dorn_python_easy_06408,python,easy,True,True,True,1.0,-0.29761791229248047,False,True,True,True,0
ext_dorn_python_easy_06409,python,easy,True,True,False,0.0,0.41666603088378906,True,False,False,False,0
ext_dorn_python_easy_06410,python,easy,True,True,False,0.0,-1.4285707473754883,False,True,False,False,0
ext_dorn_python_easy_06411,python,easy,True,False,False,0.0,0.17857074737548828,True,True,False,False,0
ext_dorn_python_easy_06412,python,easy,True,True,False,0.0,-0.5952386856079102,False,True,False,False,0
ext_dorn_python_easy_06413,python,easy,True,True,False,0.0,0.47619056701660156,True,False,True,False,0
ext_dorn_python_easy_06414,python,easy,True,True,False,0.0,-0.41666603088378906,False,True,True,False,0
ext_dorn_python_easy_06415,python,easy,True,True,True,1.0,-0.47619056701660156,False,True,True,False,0
ext_dorn_python_easy_06416,python,easy,True,True,True,1.0,-0.7738103866577148,False,True,True,True,0
ext_dorn_python_easy_06417,python,easy,True,True,True,1.0,0.7142848968505859,True,False,True,True,0
ext_dorn_python_easy_06418,python,easy,True,True,False,0.0,-0.2976188659667969,False,True,True,True,0
ext_dorn_python_easy_06419,python,easy,True,True,False,0.0,-0.892857551574707,False,True,False,False,0
ext_dorn_python_easy_06420,python,easy,True,True,True,1.0,1.7261905670166016,True,False,True,True,0
ext_dorn_python_easy_06421,python,easy,True,True,False,0.0,-0.35714244842529297,False,True,False,False,0
ext_dorn_python_easy_06422,python,easy,True,True,False,0.0,-0.35714244842529297,False,True,False,False,0
ext_dorn_python_easy_06423,python,easy,True,True,True,1.0,0.7142858505249023,True,False,False,False,0
ext_dorn_python_easy_06424,python,easy,True,False,False,1.0,-0.35714244842529297,True,True,False,False,0
ext_dorn_python_easy_06425,python,easy,True,True,True,1.0,-0.8928565979003906,False,True,False,False,0
ext_dorn_python_easy_06426,python,easy,True,False,False,0.0,0.41666603088378906,True,True,False,False,0
ext_dorn_python_easy_06427,python,easy,True,False,False,0.0,-9.5367431640625e-07,True,True,True,True,0
ext_dorn_python_easy_06428,python,easy,True,False,False,1.0,0.0595245361328125,True,True,True,True,0
ext_dorn_python_easy_06429,python,easy,True,True,False,0.0,-0.6547613143920898,False,True,True,True,0
ext_dorn_python_easy_06430,python,easy,True,True,False,0.0,0.5952377319335938,True,False,True,True,0
ext_dorn_python_easy_06431,python,easy,True,True,False,0.0,-0.7142848968505859,False,True,False,False,0
ext_dorn_python_easy_06432,python,easy,True,False,False,0.0,0.17857074737548828,True,True,True,True,0
ext_dorn_python_easy_06433,python,easy,True,True,False,0.0,1.0714282989501953,True,False,False,False,0
ext_dorn_python_easy_06434,python,easy,True,True,True,1.0,1.1309518814086914,True,False,True,True,0
ext_dorn_python_easy_06435,python,easy,True,True,True,1.0,-0.41666698455810547,False,True,False,False,0
ext_dorn_python_easy_06436,python,easy,True,True,True,1.0,-0.7142858505249023,False,True,True,True,0
ext_dorn_python_easy_06437,python,easy,True,True,True,1.0,0.5357141494750977,True,False,True,True,0
ext_dorn_python_easy_06438,python,easy,True,True,True,1.0,-0.23809528350830078,False,True,False,False,0
ext_dorn_python_easy_06439,python,easy,True,True,True,1.0,-0.5357151031494141,False,True,False,False,0
ext_dorn_python_easy_06440,python,easy,True,True,True,1.0,-1.7857141494750977,False,True,True,True,0
ext_dorn_python_easy_06441,python,easy,True,True,True,1.0,1.3095245361328125,True,False,True,True,0
ext_dorn_python_easy_06442,python,easy,True,True,False,0.0,0.5357141494750977,True,False,True,False,0
ext_dorn_python_easy_06443,python,easy,True,True,True,1.0,1.0714282989501953,True,False,True,True,0
ext_dorn_python_easy_06444,python,easy,True,True,False,0.0,-0.35714244842529297,False,True,True,True,0
ext_dorn_python_easy_06445,python,easy,True,True,False,0.0,-0.3571434020996094,False,True,True,True,0
ext_dorn_python_easy_06446,python,easy,True,True,True,1.0,0.5357131958007812,True,False,False,False,0
ext_dorn_python_easy_06447,python,easy,True,True,True,1.0,0.7142858505249023,True,False,False,False,0
ext_dorn_python_easy_06448,python,easy,True,True,True,1.0,0.8333339691162109,True,False,False,False,0
ext_dorn_python_easy_06449,python,easy,True,True,False,0.0,-1.3690471649169922,False,True,False,False,0
ext_dorn_python_easy_06450,python,easy,True,True,False,0.0,0.41666603088378906,True,False,True,True,0
ext_dorn_python_easy_06451,python,easy,True,True,True,1.0,-1.1309528350830078,False,True,True,True,0
ext_dorn_python_easy_06452,python,easy,True,False,False,,0.0,True,True,True,True,0
ext_dorn_python_easy_06453,python,easy,True,True,True,1.0,1.0119047164916992,True,False,False,False,0
ext_dorn_python_easy_06454,python,easy,True,False,False,1.0,-0.1190481185913086,False,False,False,False,0
ext_dorn_python_easy_06455,python,easy,True,True,False,0.0,-0.41666698455810547,False,True,True,False,0
ext_dorn_python_easy_06456,python,easy,True,True,False,0.0,-0.9523811340332031,False,True,True,False,0
ext_dorn_python_easy_06457,python,easy,True,False,False,1.0,-0.8333339691162109,True,True,True,True,0
ext_dorn_python_easy_06458,python,easy,True,True,True,1.0,-0.4166679382324219,False,True,False,False,0
ext_dorn_python_easy_06459,python,easy,True,True,True,1.0,-0.5952377319335938,False,True,False,False,0
ext_dorn_python_easy_06460,python,easy,True,True,True,1.0,1.25,True,False,False,False,0
ext_dorn_python_easy_06461,python,easy,True,True,True,1.0,0.6547622680664062,True,False,True,True,0
ext_dorn_python_easy_06462,python,easy,True,True,True,1.0,-0.6547613143920898,False,True,True,True,0
ext_dorn_python_easy_06463,python,easy,True,True,True,1.0,1.9642858505249023,True,False,True,True,0
ext_dorn_python_easy_06464,python,easy,True,False,False,1.0,0.5952386856079102,False,False,False,False,0
ext_dorn_python_easy_06465,python,easy,True,True,False,0.0,1.4285717010498047,True,False,True,True,0
ext_dorn_python_easy_06466,python,easy,True,False,False,1.0,0.11904716491699219,True,True,True,True,0
ext_dorn_python_easy_06467,python,easy,True,True,True,1.0,-0.47618961334228516,False,True,False,False,0
ext_dorn_python_easy_06468,python,easy,True,True,False,0.0,-1.2500009536743164,False,True,False,False,0
ext_dorn_python_easy_06469,python,easy,True,True,True,1.0,-0.8928565979003906,False,True,False,False,0
ext_dorn_python_easy_06470,python,easy,True,True,True,1.0,1.1309518814086914,True,False,False,False,0
ext_dorn_python_easy_06471,python,easy,True,True,False,0.0,-1.4880943298339844,False,True,True,False,0
ext_dorn_python_easy_06472,python,easy,True,True,True,1.0,1.1309537887573242,True,False,False,False,0
ext_dorn_python_easy_06473,python,easy,True,False,False,1.0,-0.1785717010498047,True,True,False,False,0
ext_dorn_python_easy_06474,python,easy,True,True,True,1.0,0.773808479309082,True,False,True,True,0
ext_dorn_python_easy_06475,python,easy,True,False,False,1.0,0.5357131958007812,True,True,False,False,0
ext_dorn_python_easy_06476,python,easy,True,True,False,0.0,0.2976188659667969,True,False,False,False,0
ext_dorn_python_easy_06477,python,easy,True,True,True,1.0,0.5357141494750977,True,False,True,True,0
ext_dorn_python_easy_06478,python,easy,True,False,False,1.0,0.35714244842529297,True,True,True,True,0
ext_dorn_python_easy_06479,python,easy,True,True,True,1.0,-1.0714292526245117,False,True,False,False,0
ext_dorn_python_easy_06480,python,easy,True,True,False,0.0,-0.5952386856079102,False,True,False,False,0
ext_dorn_python_easy_06481,python,easy,True,True,True,1.0,1.1309528350830078,True,False,False,False,0
ext_dorn_python_easy_06482,python,easy,True,True,False,0.0,-0.9523820877075195,False,True,False,False,0
ext_dorn_python_easy_06483,python,easy,True,True,True,1.0,-0.5357141494750977,False,True,False,False,0
ext_dorn_python_easy_06484,python,easy,True,False,False,0.0,0.1785717010498047,False,False,False,False,0
ext_dorn_python_easy_06485,python,easy,True,True,False,0.0,0.5952386856079102,True,False,True,True,0
ext_dorn_python_easy_06486,python,easy,True,True,False,0.0,-0.23809528350830078,False,True,True,True,0
ext_dorn_python_easy_06487,python,easy,True,True,False,0.0,0.23809528350830078,True,False,False,False,0
ext_dorn_python_easy_06488,python,easy,True,False,False,1.0,-0.1190481185913086,True,True,False,False,0
ext_dorn_python_easy_06489,python,easy,True,True,False,0.0,-1.3690471649169922,False,True,False,False,0
ext_dorn_python_easy_06490,python,easy,True,True,False,0.0,0.1190481185913086,True,False,False,False,0
ext_dorn_python_easy_06491,python,easy,True,True,True,1.0,-1.2499990463256836,False,True,True,True,0
ext_dorn_python_easy_06492,python,easy,True,True,True,1.0,0.5357151031494141,True,False,True,True,0
ext_dorn_python_easy_06493,python,easy,True,False,False,0.0,0.35714244842529297,False,False,True,True,0
ext_dorn_python_easy_06494,python,easy,True,False,False,0.0,9.5367431640625e-07,True,True,True,False,0
ext_dorn_python_easy_06495,python,easy,True,False,False,1.0,-0.0595245361328125,False,False,True,True,0
ext_dorn_python_easy_06496,python,easy,True,True,True,1.0,0.5357141494750977,True,False,False,False,0
ext_dorn_python_easy_06497,python,easy,True,False,False,1.0,0.1785717010498047,False,False,True,True,0
ext_dorn_python_easy_06498,python,easy,True,True,True,1.0,-1.0714282989501953,False,True,True,True,0
ext_dorn_python_easy_06499,python,easy,True,True,True,1.0,1.309525489807129,True,False,True,True,0
ext_dorn_python_easy_06500,python,easy,True,False,False,1.0,0.059523582458496094,False,False,True,True,0
ext_dorn_python_easy_06501,python,easy,True,False,False,0.0,0.059523582458496094,False,False,False,False,0
ext_dorn_python_easy_06502,python,easy,True,True,True,1.0,-1.0714292526245117,False,True,True,True,0
ext_dorn_python_easy_06503,python,easy,True,True,False,0.0,-1.0119047164916992,False,True,True,True,0
ext_dorn_python_easy_06504,python,easy,True,True,True,1.0,1.7261896133422852,True,False,False,False,0
ext_dorn_python_easy_06505,python,easy,True,True,True,1.0,-1.1309528350830078,False,True,False,False,0
ext_dorn_python_easy_06506,python,easy,True,True,True,1.0,0.5952377319335938,True,False,True,True,0
ext_dorn_python_easy_06507,python,easy,True,True,True,1.0,-0.47618961334228516,False,True,True,True,0
ext_dorn_python_easy_06508,python,easy,True,True,False,0.0,-0.1785717010498047,False,True,True,True,0
ext_dorn_python_easy_06509,python,easy,True,True,True,1.0,0.892857551574707,True,False,False,False,0
ext_dorn_python_easy_06510,python,easy,True,False,False,0.0,-0.1785717010498047,True,True,False,False,0
ext_dorn_python_easy_06511,python,easy,True,True,True,1.0,-0.892857551574707,False,True,False,False,0
ext_dorn_python_easy_06512,python,easy,True,True,False,0.0,-0.5357141494750977,False,True,True,False,0
ext_dorn_python_easy_06513,python,easy,True,True,True,1.0,0.6547613143920898,True,False,False,False,0
ext_dorn_python_easy_06514,python,easy,True,True,True,1.0,0.6547613143920898,True,False,False,False,0
ext_dorn_python_easy_06515,python,easy,True,False,False,0.0,-0.1190481185913086,True,True,False,False,0
ext_dorn_python_easy_06516,python,easy,True,True,True,1.0,0.11904716491699219,True,False,False,False,0
ext_dorn_python_easy_06517,python,easy,True,True,True,1.0,1.9642858505249023,True,False,True,True,0
ext_dorn_python_easy_06518,python,easy,True,True,True,1.0,-0.23809432983398438,False,True,True,True,0
ext_dorn_python_easy_06519,python,easy,True,True,True,1.0,-0.6547622680664062,False,True,True,True,0
ext_dorn_python_easy_06520,python,easy,True,False,False,1.0,0.0595245361328125,True,True,True,True,0
ext_dorn_python_easy_06521,python,easy,True,True,True,1.0,2.2023801803588867,True,False,True,True,0
ext_dorn_python_easy_06522,python,easy,True,True,True,1.0,1.607142448425293,True,False,True,True,0
ext_dorn_python_easy_06523,python,easy,True,False,False,1.0,-0.2976188659667969,False,False,True,True,0
ext_dorn_python_easy_06524,python,easy,True,True,False,0.0,-0.1785717010498047,False,True,True,True,0
ext_dorn_python_easy_06525,python,easy,True,True,False,0.0,0.2976198196411133,True,False,True,False,0
ext_dorn_python_easy_06526,python,easy,True,True,True,1.0,-0.6547613143920898,False,True,True,True,0
ext_dorn_python_easy_06527,python,easy,True,True,False,0.0,-1.4285717010498047,False,True,True,True,0
ext_dorn_python_easy_06528,python,easy,True,False,False,1.0,-0.23809528350830078,True,True,True,True,0
ext_dorn_python_easy_06529,python,easy,True,True,True,1.0,-0.8928565979003906,False,True,False,False,0
ext_dorn_python_easy_06530,python,easy,True,True,False,0.0,-1.0119047164916992,False,True,False,False,0
ext_dorn_python_easy_06531,python,easy,True,True,True,1.0,-0.5952386856079102,False,True,True,True,0
ext_dorn_python_easy_06532,python,easy,True,True,True,1.0,0.35714244842529297,True,False,False,False,0
ext_dorn_python_easy_06533,python,easy,True,True,True,1.0,0.6547613143920898,True,False,True,True,0
ext_dorn_python_easy_06534,python,easy,True,False,False,1.0,-0.41666603088378906,True,True,True,True,0
ext_dorn_python_easy_06535,python,easy,True,False,False,,0.0,True,True,True,True,0
ext_dorn_python_easy_06536,python,easy,True,False,False,1.0,0.23809528350830078,True,True,False,False,0
ext_dorn_python_easy_06537,python,easy,True,True,False,0.0,-1.1309518814086914,False,True,False,False,0
ext_dorn_python_easy_06538,python,easy,True,True,False,0.0,0.1785717010498047,True,False,True,False,0
ext_dorn_python_easy_06539,python,easy,True,False,False,0.0,-0.059523582458496094,False,False,False,False,0
ext_dorn_python_easy_06540,python,easy,True,False,False,0.0,0.2976188659667969,False,False,False,False,0
ext_dorn_python_easy_06541,python,easy,True,True,False,0.0,-1.5476188659667969,False,True,True,False,0
ext_dorn_python_easy_06542,python,easy,True,True,True,1.0,1.1309537887573242,True,False,False,False,0
ext_dorn_python_easy_06543,python,easy,True,True,False,0.0,0.8333339691162109,True,False,False,False,0
ext_dorn_python_easy_06544,python,easy,True,True,False,0.0,0.2976198196411133,True,False,False,False,0
ext_dorn_python_easy_06545,python,easy,True,True,False,0.0,0.7142858505249023,True,False,True,False,0
ext_dorn_python_easy_06546,python,easy,True,False,False,1.0,-0.2976188659667969,False,False,False,False,0
ext_dorn_python_easy_06547,python,easy,True,True,True,1.0,1.5476188659667969,True,False,True,True,0
ext_dorn_python_easy_06548,python,easy,True,True,True,1.0,-0.9523811340332031,False,True,True,True,0
ext_dorn_python_easy_06549,python,easy,True,True,True,1.0,-0.5952386856079102,False,True,True,True,0
ext_dorn_python_easy_06550,python,easy,True,True,False,0.0,1.5476188659667969,True,False,False,False,0
ext_dorn_python_easy_06551,python,easy,True,True,False,0.0,0.2976188659667969,True,False,True,False,0
ext_dorn_python_easy_06552,python,easy,True,True,True,1.0,-0.35714244842529297,False,True,False,False,0
ext_dorn_python_easy_06553,python,easy,True,True,True,1.0,0.6547613143920898,True,False,True,True,0
ext_dorn_python_easy_06554,python,easy,True,True,False,0.0,-1.071427345275879,False,True,False,False,0
ext_dorn_python_easy_06555,python,easy,True,True,True,1.0,0.773808479309082,True,False,False,False,0
ext_dorn_python_easy_06556,python,easy,True,False,False,1.0,0.1785717010498047,False,False,False,False,0
ext_dorn_python_easy_06557,python,easy,True,False,False,1.0,-0.23809528350830078,True,True,True,True,0
ext_dorn_python_easy_06558,python,easy,True,True,False,0.0,0.1190481185913086,True,False,True,False,0
ext_dorn_python_easy_06559,python,easy,True,True,True,1.0,1.0119047164916992,True,False,True,True,0
ext_dorn_python_easy_06560,python,easy,True,True,False,0.0,-0.35714244842529297,False,True,True,True,0
ext_dorn_python_easy_06561,python,easy,True,True,False,0.0,-0.9523801803588867,False,True,False,False,0
ext_dorn_python_easy_06562,python,easy,True,True,True,1.0,-0.7142868041992188,False,True,False,False,0
ext_dorn_python_easy_06563,python,easy,True,True,False,0.0,0.47618961334228516,True,False,True,True,0
ext_dorn_python_easy_06564,python,easy,True,True,True,1.0,0.5357141494750977,True,False,True,True,0
ext_dorn_python_easy_06565,python,easy,True,True,False,0.0,-2.142857551574707,False,True,True,False,0
ext_dorn_python_easy_06566,python,easy,True,False,False,0.0,0.23809528350830078,False,False,True,True,0
ext_dorn_python_easy_06567,python,easy,True,False,False,1.0,0.17857074737548828,True,True,False,False,0
ext_dorn_python_easy_06568,python,easy,True,True,True,1.0,-0.3571434020996094,False,True,False,False,0
ext_dorn_python_easy_06569,python,easy,True,True,True,1.0,-1.0119056701660156,False,True,True,True,0
ext_dorn_python_easy_06570,python,easy,True,False,False,1.0,-9.5367431640625e-07,True,True,False,False,0
ext_dorn_python_easy_06571,python,easy,True,True,True,1.0,-1.5476188659667969,False,True,False,False,0
ext_dorn_python_easy_06572,python,easy,True,False,False,0.0,0.2976188659667969,True,True,False,False,0
ext_dorn_python_easy_06573,python,easy,True,True,True,1.0,1.666666030883789,True,False,True,True,0
ext_dorn_python_easy_06574,python,easy,True,True,False,0.0,-0.17857074737548828,False,True,False,False,0
ext_dorn_python_easy_06575,python,easy,True,True,False,0.0,-0.6547622680664062,False,True,False,False,0
ext_dorn_python_easy_06576,python,easy,True,True,False,0.0,0.2976198196411133,True,False,False,False,0
ext_dorn_python_easy_06577,python,easy,True,True,False,0.0,0.5357141494750977,True,False,False,False,0
ext_dorn_python_easy_06578,python,easy,True,True,True,1.0,2.0238094329833984,True,False,True,True,0
ext_dorn_python_easy_06579,python,easy,True,False,False,0.0,-0.059523582458496094,False,False,False,False,0
ext_dorn_python_easy_06580,python,easy,True,True,False,0.0,1.4880952835083008,True,False,True,False,0
ext_dorn_python_easy_06581,python,easy,True,False,False,1.0,-0.11904716491699219,True,True,False,False,0
ext_dorn_python_easy_06582,python,easy,True,True,True,1.0,-0.8928565979003906,False,True,True,True,0
ext_dorn_python_easy_06583,python,easy,True,True,False,0.0,-0.5952377319335938,False,True,False,False,0
ext_dorn_python_easy_06584,python,easy,True,True,True,1.0,0.9523811340332031,True,False,True,True,0
ext_dorn_python_easy_06585,python,easy,True,False,False,0.0,-0.17857074737548828,True,True,True,True,0
ext_dorn_python_easy_06586,python,easy,True,True,False,0.0,0.11904716491699219,True,False,False,False,0
ext_dorn_python_easy_06587,python,easy,True,True,True,1.0,0.23809528350830078,True,False,True,True,0
ext_dorn_python_easy_06588,python,easy,True,True,False,0.0,0.5952377319335938,True,False,True,True,0
ext_dorn_python_easy_06589,python,easy,True,False,False,1.0,-0.059523582458496094,False,False,False,False,0
ext_dorn_python_easy_06590,python,easy,True,True,True,1.0,-0.2380962371826172,False,True,True,True,0
ext_dorn_python_easy_06591,python,easy,True,True,False,0.0,-0.41666698455810547,False,True,False,False,0
ext_dorn_python_easy_06592,python,easy,True,True,False,0.0,-1.0119056701660156,False,True,True,False,0
ext_dorn_python_easy_06593,python,easy,True,True,False,0.0,0.6547622680664062,True,False,False,False,0
ext_dorn_python_easy_06594,python,easy,True,True,False,0.0,-0.8928565979003906,False,True,False,False,0
ext_dorn_python_easy_06595,python,easy,True,False,False,,0.0,False,False,False,False,0
ext_dorn_python_easy_06596,python,easy,True,True,False,0.0,-0.1785717010498047,False,True,False,False,0
ext_dorn_python_easy_06597,python,easy,True,True,True,1.0,-0.23809528350830078,False,True,False,False,0
ext_dorn_python_easy_06598,python,easy,True,True,True,1.0,-0.5357141494750977,False,True,True,True,0
ext_dorn_python_easy_06599,python,easy,True,True,False,0.0,-0.2976188659667969,False,True,False,False,0
ext_dorn_python_easy_06600,python,easy,True,True,True,1.0,1.666666030883789,True,False,True,True,0
ext_dorn_python_easy_06601,python,easy,True,False,False,0.0,0.11904716491699219,False,False,True,True,0
ext_dorn_python_easy_06602,python,easy,True,True,False,0.0,-0.6547632217407227,False,True,True,True,0
ext_dorn_python_easy_06603,python,easy,True,True,True,1.0,-0.8928565979003906,False,True,False,False,0
ext_dorn_python_easy_06604,python,easy,True,True,True,1.0,1.8452377319335938,True,False,True,True,0
ext_dorn_python_easy_06605,python,easy,True,False,False,0.0,-0.41666698455810547,True,True,True,True,0
ext_dorn_python_easy_06606,python,easy,True,True,True,1.0,0.5952377319335938,True,False,True,True,0
ext_dorn_python_easy_06607,python,easy,True,True,False,0.0,-1.5476188659667969,False,True,True,False,0
ext_dorn_python_easy_06608,python,easy,True,False,False,0.0,0.1190481185913086,True,True,False,False,0
ext_dorn_python_easy_06609,python,easy,True,True,True,1.0,0.8928565979003906,True,False,True,True,0
ext_dorn_python_easy_06610,python,easy,True,True,True,1.0,-0.5357141494750977,False,True,False,False,0
ext_dorn_python_easy_06611,python,easy,True,True,False,0.0,0.1785717010498047,True,False,True,True,0
ext_dorn_python_easy_06612,python,easy,True,True,False,0.0,0.47619056701660156,True,False,False,False,0
ext_dorn_python_easy_06613,python,easy,True,True,True,1.0,0.5952386856079102,True,False,False,False,0
ext_dorn_python_easy_06614,python,easy,True,True,False,0.0,0.7142868041992188,True,False,True,True,0
ext_dorn_python_easy_06615,python,easy,True,True,True,1.0,1.4285717010498047,True,False,False,False,0
ext_dorn_python_easy_06616,python,easy,True,True,True,1.0,0.7142858505249023,True,False,True,True,0
ext_dorn_python_easy_06617,python,easy,True,True,True,1.0,-0.1785717010498047,False,True,False,False,0
ext_dorn_python_easy_06618,python,easy,True,True,False,0.0,-0.35714244842529297,False,True,True,True,0
ext_dorn_python_easy_06619,python,easy,True,True,True,1.0,0.6547613143920898,True,False,True,True,0
ext_dorn_python_easy_06620,python,easy,True,False,False,,0.0,False,False,False,False,0
ext_dorn_python_easy_06621,python,easy,True,True,True,1.0,-0.5357141494750977,False,True,False,False,0
ext_dorn_python_easy_06622,python,easy,True,True,True,1.0,0.9523811340332031,True,False,False,False,0
ext_dorn_python_easy_06623,python,easy,True,True,True,1.0,-0.8333339691162109,False,True,True,True,0
ext_dorn_python_easy_06624,python,easy,True,True,False,0.0,-1.3690481185913086,False,True,True,True,0
ext_dorn_python_easy_06625,python,easy,True,False,False,1.0,-0.059523582458496094,True,True,False,False,0
ext_dorn_python_easy_06626,python,easy,True,True,True,1.0,-0.6547622680664062,False,True,True,True,0
ext_dorn_python_easy_06627,python,easy,True,False,False,1.0,0.7738094329833984,True,True,True,True,0
ext_dorn_python_easy_06628,python,easy,True,True,True,1.0,0.892857551574707,True,False,True,True,0
ext_dorn_python_easy_06629,python,easy,True,False,False,1.0,0.2976198196411133,True,True,True,True,0
ext_dorn_python_easy_06630,python,easy,True,True,True,1.0,-0.8333330154418945,False,True,True,True,0
ext_dorn_python_easy_06631,python,easy,True,True,True,1.0,0.7738094329833984,True,False,True,True,0
ext_dorn_python_easy_06632,python,easy,True,True,True,1.0,-0.1785717010498047,False,True,False,False,0
ext_dorn_python_easy_06633,python,easy,True,False,False,,0.0,True,True,True,True,0
ext_dorn_python_easy_06634,python,easy,True,True,True,1.0,-1.0714282989501953,False,True,True,True,0
ext_dorn_python_easy_06635,python,easy,True,True,False,0.0,0.5357141494750977,True,False,False,False,0
ext_dorn_python_easy_06636,python,easy,True,False,False,1.0,0.0595245361328125,True,True,False,False,0
ext_dorn_python_easy_06637,python,easy,True,False,False,1.0,0.1190481185913086,False,False,False,False,0
ext_dorn_python_easy_06638,python,easy,True,True,True,1.0,0.6547613143920898,True,False,True,True,0
ext_dorn_python_easy_06639,python,easy,True,True,True,1.0,1.7857131958007812,True,False,False,False,0
ext_dorn_python_easy_06640,python,easy,True,False,False,0.0,0.1190481185913086,False,False,True,False,0
ext_dorn_python_easy_06641,python,easy,True,True,True,1.0,-1.5476188659667969,False,True,True,True,0
ext_dorn_python_easy_06642,python,easy,True,True,True,1.0,0.35714244842529297,True,False,False,False,0
ext_dorn_python_easy_06643,python,easy,True,True,True,1.0,-0.7142858505249023,False,True,True,True,0
ext_dorn_python_easy_06644,python,easy,True,False,False,1.0,-0.11904716491699219,True,True,False,False,0
ext_dorn_python_easy_06645,python,easy,True,False,False,1.0,0.23809528350830078,True,True,False,False,0
ext_dorn_python_easy_06646,python,easy,True,False,False,0.0,0.11904716491699219,False,False,False,False,0
ext_dorn_python_easy_06647,python,easy,True,False,False,1.0,-0.0595245361328125,True,True,False,False,0
ext_dorn_python_easy_06648,python,easy,True,True,False,0.0,1.3690471649169922,True,False,True,True,0
ext_dorn_python_easy_06649,python,easy,True,True,True,1.0,-0.6547613143920898,False,True,True,True,0
ext_dorn_python_easy_06650,python,easy,True,True,True,1.0,0.17857074737548828,True,False,True,True,0
ext_dorn_python_easy_06651,python,easy,True,False,False,0.0,0.1190481185913086,True,True,False,False,0
ext_dorn_python_easy_06652,python,easy,True,True,True,1.0,-0.5952377319335938,False,True,False,False,0
ext_dorn_python_easy_06653,python,easy,True,True,False,0.0,-0.35714244842529297,False,True,False,False,0
ext_dorn_python_easy_06654,python,easy,True,True,True,1.0,1.0119047164916992,True,False,True,True,0
ext_dorn_python_easy_06655,python,easy,True,False,False,1.0,-0.2976188659667969,True,True,True,True,0
ext_dorn_python_easy_06656,python,easy,True,True,True,1.0,0.5357131958007812,True,False,False,False,0
ext_dorn_python_easy_06657,python,easy,True,False,False,0.0,9.5367431640625e-07,False,False,True,True,0
ext_dorn_python_easy_06658,python,easy,True,False,False,0.0,-0.47619056701660156,False,False,True,False,0
ext_dorn_python_easy_06659,python,easy,True,False,False,1.0,-9.5367431640625e-07,True,True,False,False,0
ext_dorn_python_easy_06660,python,easy,True,True,False,0.0,-0.9523801803588867,False,True,False,False,0
ext_dorn_python_easy_06661,python,easy,True,False,False,1.0,0.11904716491699219,True,True,True,True,0
ext_dorn_python_easy_06662,python,easy,True,True,True,1.0,0.7142858505249023,True,False,True,True,0
ext_dorn_python_easy_06663,python,easy,True,True,False,0.0,0.41666603088378906,True,False,True,True,0
ext_dorn_python_easy_06664,python,easy,True,True,True,1.0,-0.7738103866577148,False,True,False,False,0
ext_dorn_python_easy_06665,python,easy,True,True,False,0.0,0.8928565979003906,True,False,True,False,0
ext_dorn_python_easy_06666,python,easy,True,True,True,1.0,0.7738094329833984,True,False,True,True,0
ext_dorn_python_easy_06667,python,easy,True,True,True,1.0,0.5357151031494141,True,False,True,True,0
ext_dorn_python_easy_06668,python,easy,True,True,True,1.0,-1.309523582458496,False,True,True,True,0
ext_dorn_python_easy_06669,python,easy,True,True,True,1.0,-0.8333330154418945,False,True,False,False,0
ext_dorn_python_easy_06670,python,easy,True,True,True,1.0,-0.5357151031494141,False,True,False,False,0
ext_dorn_python_easy_06671,python,easy,True,True,True,1.0,-0.47619056701660156,False,True,True,True,0
ext_dorn_python_easy_06672,python,easy,True,True,True,1.0,0.5952386856079102,True,False,True,True,0
ext_dorn_python_easy_06673,python,easy,True,False,False,,0.0,False,False,True,True,0
ext_dorn_python_easy_06674,python,easy,True,False,False,,0.0,True,True,False,False,0
ext_dorn_python_easy_06675,python,easy,True,True,True,1.0,0.5357151031494141,True,False,False,False,0
ext_dorn_python_easy_06676,python,easy,True,False,False,0.0,0.47619056701660156,False,False,True,False,0
ext_dorn_python_easy_06677,python,easy,True,True,False,0.0,-1.1309518814086914,False,True,False,False,0
ext_dorn_python_easy_06678,python,easy,True,True,True,1.0,-0.2976198196411133,False,True,True,True,0
ext_dorn_python_easy_06679,python,easy,True,False,False,1.0,0.1785717010498047,True,True,False,False,0
ext_dorn_python_easy_06680,python,easy,True,True,True,1.0,1.5476198196411133,True,False,True,True,0
ext_dorn_python_easy_06681,python,easy,True,False,False,1.0,-0.059523582458496094,True,True,False,False,0
ext_dorn_python_easy_06682,python,easy,True,False,False,0.0,-0.11904716491699219,False,False,False,False,0
ext_dorn_python_easy_06683,python,easy,True,True,True,1.0,2.1428565979003906,True,False,True,True,0
ext_dorn_python_easy_06684,python,easy,True,True,False,0.0,-0.8333330154418945,False,True,False,False,0
ext_dorn_python_easy_06685,python,easy,True,False,False,0.0,-0.23809528350830078,False,False,False,False,0
ext_dorn_python_easy_06686,python,easy,True,True,True,1.0,-0.2976188659667969,False,True,True,False,0
ext_dorn_python_easy_06687,python,easy,True,True,True,1.0,-0.47619056701660156,False,True,False,False,0
ext_dorn_python_easy_06688,python,easy,True,True,True,1.0,-1.2499990463256836,False,True,True,True,0
ext_dorn_python_easy_06689,python,easy,True,True,True,1.0,0.6547622680664062,True,False,False,False,0
ext_dorn_python_easy_06690,python,easy,True,True,False,0.0,0.47619056701660156,True,False,False,False,0
ext_dorn_python_easy_06691,python,easy,True,False,False,0.0,0.1190481185913086,True,True,False,False,0
ext_dorn_python_easy_06692,python,easy,True,True,False,0.0,-0.7142858505249023,False,True,False,False,0
ext_dorn_python_easy_06693,python,easy,True,True,True,1.0,-2.0833330154418945,False,True,True,True,0
ext_dorn_python_easy_06694,python,easy,True,True,False,0.0,0.7142848968505859,True,False,False,False,0
ext_dorn_python_easy_06695,python,easy,True,True,True,1.0,1.1309518814086914,True,False,False,False,0
ext_dorn_python_easy_06696,python,easy,True,True,False,0.0,-0.23809528350830078,False,True,False,False,0
ext_dorn_python_easy_06697,python,easy,True,True,False,0.0,-1.25,False,True,False,False,0
ext_dorn_python_easy_06698,python,easy,True,False,False,0.0,-0.1785717010498047,False,False,False,False,0
ext_dorn_python_easy_06699,python,easy,True,True,False,0.0,-0.7142858505249023,False,True,True,False,0
ext_dorn_python_easy_06700,python,easy,True,True,True,1.0,0.2976188659667969,True,False,True,True,0
ext_dorn_python_easy_06701,python,easy,True,True,True,1.0,0.892857551574707,True,False,True,True,0
ext_dorn_python_easy_06702,python,easy,True,True,False,0.0,1.6071434020996094,True,False,True,False,0
ext_dorn_python_easy_06703,python,easy,True,True,True,1.0,0.7738094329833984,True,False,False,False,0
ext_dorn_python_easy_06704,python,easy,True,True,True,1.0,-0.8928565979003906,False,True,True,True,0
ext_dorn_python_easy_06705,python,easy,True,True,False,0.0,-0.9523811340332031,False,True,False,False,0
ext_dorn_python_easy_06706,python,easy,True,False,False,1.0,0.17857074737548828,False,False,False,False,0
ext_dorn_python_easy_06707,python,easy,True,False,False,,0.0,True,True,True,True,0
ext_dorn_python_easy_06708,python,easy,True,True,False,0.0,-0.3571434020996094,False,True,True,True,0
ext_dorn_python_easy_06709,python,easy,True,True,True,1.0,0.0595245361328125,True,False,False,False,0
ext_dorn_python_easy_06710,python,easy,True,True,True,1.0,0.6547622680664062,True,False,False,False,0
ext_dorn_python_easy_06711,python,easy,True,True,False,0.0,0.41666698455810547,True,False,True,True,0
ext_dorn_python_easy_06712,python,easy,True,True,False,0.0,-0.2976188659667969,False,True,False,False,0
ext_dorn_python_easy_06713,python,easy,True,True,False,0.0,-0.5952367782592773,False,True,True,False,0
ext_dorn_python_easy_06714,python,easy,True,False,False,,0.0,False,False,True,True,0
ext_dorn_python_easy_06715,python,easy,True,True,True,1.0,-0.2976188659667969,False,True,True,True,0
ext_dorn_python_easy_06716,python,easy,True,True,True,1.0,-0.6547613143920898,False,True,True,True,0
ext_dorn_python_easy_06717,python,easy,True,True,False,0.0,0.6547622680664062,True,False,False,False,0
ext_dorn_python_easy_06718,python,easy,True,True,True,1.0,-0.2976198196411133,False,True,True,True,0
ext_dorn_python_easy_06719,python,easy,True,True,True,1.0,0.6547622680664062,True,False,True,True,0
ext_dorn_python_easy_06720,python,easy,True,True,True,1.0,1.0119047164916992,True,False,True,True,0
ext_dorn_python_easy_06721,python,easy,True,True,True,1.0,-1.3690471649169922,False,True,True,True,0
ext_dorn_python_easy_06722,python,easy,True,True,True,1.0,0.35714244842529297,True,False,False,False,0
ext_dorn_python_easy_06723,python,easy,True,True,True,1.0,0.2976188659667969,True,False,False,False,0
ext_dorn_python_easy_06724,python,easy,True,True,True,1.0,-2.0238094329833984,False,True,True,True,0
ext_dorn_python_easy_06725,python,easy,True,True,False,0.0,-0.47618961334228516,False,True,False,False,0
ext_dorn_python_easy_06726,python,easy,True,True,False,0.0,0.5952377319335938,True,False,False,False,0
ext_dorn_python_easy_06727,python,easy,True,True,True,1.0,0.8333330154418945,True,False,False,False,0
ext_dorn_python_easy_06728,python,easy,True,True,True,1.0,0.7738094329833984,True,False,True,True,0
ext_dorn_python_easy_06729,python,easy,True,False,False,1.0,-0.6547613143920898,True,True,True,True,0
ext_dorn_python_easy_06730,python,easy,True,True,True,1.0,0.2976198196411133,True,False,True,True,0
ext_dorn_python_easy_06731,python,easy,True,False,False,1.0,0.0595245361328125,False,False,True,True,0
ext_dorn_python_easy_06732,python,easy,True,True,False,0.0,-0.059523582458496094,False,True,True,True,0
ext_dorn_python_easy_06733,python,easy,True,False,False,1.0,-0.17857074737548828,True,True,False,False,0
ext_dorn_python_easy_06734,python,easy,True,True,True,1.0,-0.9523811340332031,False,True,False,False,0
ext_dorn_python_easy_06735,python,easy,True,False,False,0.0,-0.1190481185913086,False,False,False,False,0
ext_dorn_python_easy_06736,python,easy,True,True,True,1.0,-1.309523582458496,False,True,False,False,0
ext_dorn_python_easy_06737,python,easy,True,False,False,0.0,0.059523582458496094,True,True,True,True,0
ext_dorn_python_easy_06738,python,easy,True,True,True,1.0,-0.35714244842529297,False,True,True,True,0
ext_dorn_python_easy_06739,python,easy,True,False,False,1.0,-0.35714149475097656,True,True,False,False,0
ext_dorn_python_easy_06740,python,easy,True,True,True,1.0,-0.7142848968505859,False,True,False,False,0
ext_dorn_python_easy_06741,python,easy,True,False,False,1.0,0.7142848968505859,True,True,False,False,0
ext_dorn_python_easy_06742,python,easy,True,True,False,0.0,-1.4880952835083008,False,True,True,False,0
ext_dorn_python_easy_06743,python,easy,True,False,False,0.0,-0.8333330154418945,False,False,True,True,0
ext_dorn_python_easy_06744,python,easy,True,True,False,0.0,-1.9642858505249023,False,True,True,False,0
ext_dorn_python_easy_06745,python,easy,True,True,False,0.0,0.47619056701660156,True,False,True,True,0
ext_dorn_python_easy_06746,python,easy,True,True,True,1.0,0.41666698455810547,True,False,False,False,0
ext_dorn_python_easy_06747,python,easy,True,True,True,1.0,0.5357141494750977,True,False,True,True,0
ext_dorn_python_easy_06748,python,easy,True,True,True,1.0,-1.190476417541504,False,True,False,False,0
ext_dorn_python_easy_06749,python,easy,True,True,True,1.0,-0.3571443557739258,False,True,True,True,0
ext_dorn_python_easy_06750,python,easy,True,True,True,1.0,-0.47619056701660156,False,True,False,False,0
ext_dorn_python_easy_06751,python,easy,True,True,True,1.0,0.5357141494750977,True,False,True,True,0
ext_dorn_python_easy_06752,python,easy,True,False,False,0.0,-0.23809528350830078,False,False,True,True,0
ext_dorn_python_easy_06753,python,easy,True,False,False,1.0,-0.1785717010498047,False,False,False,False,0
ext_dorn_python_easy_06754,python,easy,True,True,True,1.0,0.8333339691162109,True,False,True,True,0
ext_dorn_python_easy_06755,python,easy,True,False,False,0.0,0.41666698455810547,False,False,False,False,0
ext_dorn_python_easy_06756,python,easy,True,True,False,0.0,0.5357141494750977,True,False,True,False,0
ext_dorn_python_easy_06757,python,easy,True,True,True,1.0,1.0119037628173828,True,False,True,True,0
ext_dorn_python_easy_06758,python,easy,True,True,True,1.0,-2.440476417541504,False,True,True,True,0
ext_dorn_python_easy_06759,python,easy,True,True,True,1.0,0.29761791229248047,True,False,False,False,0
ext_dorn_python_easy_06760,python,easy,True,True,True,1.0,0.6547632217407227,True,False,True,True,0
ext_dorn_python_easy_06761,python,easy,True,True,False,0.0,-1.785715103149414,False,True,False,False,0
ext_dorn_python_easy_06762,python,easy,True,True,True,1.0,1.8452386856079102,True,False,True,True,0
ext_dorn_python_easy_06763,python,easy,True,True,False,0.0,-1.3690481185913086,False,True,False,False,0
ext_dorn_python_easy_06764,python,easy,True,True,False,0.0,1.9047622680664062,True,False,True,False,0
ext_dorn_python_easy_06765,python,easy,True,False,False,1.0,-0.23809432983398438,True,True,False,False,0
ext_dorn_python_easy_06766,python,easy,True,True,True,1.0,0.5952377319335938,True,False,True,True,0
ext_dorn_python_easy_06767,python,easy,True,True,True,1.0,2.4404754638671875,True,False,True,True,0
ext_dorn_python_easy_06768,python,easy,True,False,False,1.0,-0.1785726547241211,True,True,True,True,0
ext_dorn_python_easy_06769,python,easy,True,True,False,0.0,-1.0119056701660156,False,True,True,False,0
ext_dorn_python_easy_06770,python,easy,True,True,False,0.0,0.35714244842529297,True,False,False,False,0
ext_dorn_python_easy_06771,python,easy,True,True,False,0.0,-0.35714149475097656,False,True,False,False,0
ext_dorn_python_easy_06772,python,easy,True,True,False,0.0,0.6547622680664062,True,False,False,False,0
ext_dorn_python_easy_06773,python,easy,True,False,False,0.0,0.17857074737548828,False,False,True,False,0
ext_dorn_python_easy_06774,python,easy,True,True,False,0.0,-0.35714244842529297,False,True,False,False,0
ext_dorn_python_easy_06775,python,easy,True,True,False,0.0,-0.7738094329833984,False,True,True,False,0
ext_dorn_python_easy_06776,python,easy,True,True,False,0.0,0.1190481185913086,True,False,True,False,0
ext_dorn_python_easy_06777,python,easy,True,True,False,0.0,-0.1190481185913086,False,True,False,False,0
ext_dorn_python_easy_06778,python,easy,True,True,True,1.0,0.5357131958007812,True,False,False,False,0
ext_dorn_python_easy_06779,python,easy,True,True,True,1.0,1.25,True,False,True,True,0
ext_dorn_python_easy_06780,python,easy,True,False,False,0.0,9.5367431640625e-07,True,True,False,False,0
ext_dorn_python_easy_06781,python,easy,True,False,False,1.0,0.0595245361328125,False,False,False,False,0
ext_dorn_python_easy_06782,python,easy,True,False,False,0.0,-0.3571434020996094,False,False,False,False,0
ext_dorn_python_easy_06783,python,easy,True,True,True,1.0,0.2976188659667969,True,False,False,False,0
ext_dorn_python_easy_06784,python,easy,True,False,False,0.0,0.11904716491699219,False,False,True,True,0
ext_dorn_python_easy_06785,python,easy,True,True,False,0.0,0.2976188659667969,True,False,True,True,0
ext_dorn_python_easy_06786,python,easy,True,True,True,1.0,-0.35714244842529297,False,True,True,True,0
ext_dorn_python_easy_06787,python,easy,True,True,True,1.0,0.7142858505249023,True,False,True,True,0
ext_dorn_python_easy_06788,python,easy,True,True,False,0.0,-1.0714292526245117,False,True,False,False,0
ext_dorn_python_easy_06789,python,easy,True,True,True,1.0,-0.5357151031494141,False,True,True,True,0
ext_dorn_python_easy_06790,python,easy,True,False,False,1.0,0.059523582458496094,True,True,False,False,0
ext_dorn_python_easy_06791,python,easy,True,True,True,1.0,2.2023801803588867,True,False,True,True,0
ext_dorn_python_easy_06792,python,easy,True,False,False,1.0,-0.6547622680664062,False,False,True,True,0
ext_dorn_python_easy_06793,python,easy,True,True,False,0.0,0.9523811340332031,True,False,False,False,0
ext_dorn_python_easy_06794,python,easy,True,False,False,1.0,0.41666698455810547,False,False,False,False,0
ext_dorn_python_easy_06795,python,easy,True,True,False,0.0,-0.892857551574707,False,True,False,False,0
ext_dorn_python_easy_06796,python,easy,True,True,False,0.0,-0.8928565979003906,False,True,True,False,0
ext_dorn_python_easy_06797,python,easy,True,True,True,1.0,-0.8928565979003906,False,True,True,True,0
ext_dorn_python_easy_06798,python,easy,True,True,True,1.0,-0.8333330154418945,False,True,True,True,0
ext_dorn_python_easy_06799,python,easy,True,True,False,0.0,-0.2976188659667969,False,True,False,False,0
ext_dorn_python_easy_06800,python,easy,True,True,True,1.0,-0.5952377319335938,False,True,False,False,0
ext_dorn_python_easy_06801,python,easy,True,True,True,1.0,-0.892857551574707,False,True,True,True,0
ext_dorn_python_easy_06802,python,easy,True,True,True,1.0,0.9523811340332031,True,False,False,False,0
ext_dorn_python_easy_06803,python,easy,True,True,False,0.0,-0.47619056701660156,False,True,False,False,0
ext_dorn_python_easy_06804,python,easy,True,False,False,0.0,0.17857074737548828,True,True,False,False,0
ext_dorn_python_easy_06805,python,easy,True,True,False,0.0,0.8333330154418945,True,False,False,False,0
ext_dorn_python_easy_06806,python,easy,True,False,False,1.0,0.5357151031494141,False,False,True,True,0
ext_dorn_python_easy_06807,python,easy,True,True,False,0.0,-0.9523811340332031,False,True,False,False,0
ext_dorn_python_easy_06808,python,easy,True,True,True,1.0,-0.35714244842529297,False,True,False,False,0
ext_dorn_python_easy_06809,python,easy,True,True,False,0.0,1.4285717010498047,True,False,False,False,0
ext_dorn_python_easy_06810,python,easy,True,False,False,1.0,0.0595245361328125,True,True,False,False,0
ext_dorn_python_easy_06811,python,easy,True,True,True,1.0,-1.7857141494750977,False,True,True,True,0
ext_dorn_python_easy_06812,python,easy,True,False,False,,0.0,False,False,True,True,0
ext_dorn_python_easy_06813,python,easy,True,True,True,1.0,0.47619056701660156,True,False,False,False,0
ext_dorn_python_easy_06814,python,easy,True,True,True,1.0,-0.5952386856079102,False,True,True,True,0
ext_dorn_python_easy_06815,python,easy,True,False,False,1.0,0.23809528350830078,True,True,False,False,0
ext_dorn_python_easy_06816,python,easy,True,True,False,0.0,0.7142858505249023,True,False,True,True,0
ext_dorn_python_easy_06817,python,easy,True,True,True,1.0,-0.23809432983398438,False,True,True,False,0
ext_dorn_python_easy_06818,python,easy,True,True,True,1.0,-0.7142858505249023,False,True,True,True,0
ext_dorn_python_easy_06819,python,easy,True,False,False,1.0,-0.1785717010498047,True,True,True,True,0
ext_dorn_python_easy_06820,python,easy,True,True,True,1.0,1.607142448425293,True,False,True,True,0
ext_dorn_python_easy_06821,python,easy,True,True,True,1.0,-1.071427345275879,False,True,False,False,0
ext_dorn_python_easy_06822,python,easy,True,False,False,0.0,-9.5367431640625e-07,True,True,True,True,0
ext_dorn_python_easy_06823,python,easy,True,True,True,1.0,1.5476188659667969,True,False,True,True,0
ext_dorn_python_easy_06824,python,easy,True,True,False,0.0,0.6547622680664062,True,False,False,False,0
ext_dorn_python_easy_06825,python,easy,True,True,False,0.0,-0.5952377319335938,False,True,False,False,0
ext_dorn_python_easy_06826,python,easy,True,True,False,0.0,1.0119047164916992,True,False,True,True,0
ext_dorn_python_easy_06827,python,easy,True,True,False,0.0,-0.2976188659667969,False,True,True,True,0
ext_dorn_python_easy_06828,python,easy,True,True,True,1.0,0.7142858505249023,True,False,True,True,0
ext_dorn_python_easy_06829,python,easy,True,False,False,1.0,-0.0595245361328125,True,True,False,False,0
ext_dorn_python_easy_06830,python,easy,True,True,False,0.0,-0.29761791229248047,False,True,False,False,0
ext_dorn_python_easy_06831,python,easy,True,False,False,0.0,-0.059523582458496094,True,True,True,True,0
ext_dorn_python_easy_06832,python,easy,True,True,False,0.0,-1.7261896133422852,False,True,True,False,0
ext_dorn_python_easy_06833,python,easy,True,False,False,0.0,0.17857074737548828,True,True,False,False,0
ext_dorn_python_easy_06834,python,easy,True,False,False,1.0,0.41666603088378906,False,False,True,True,0
ext_dorn_python_easy_06835,python,easy,True,True,False,0.0,-0.7142858505249023,False,True,False,False,0
ext_dorn_python_easy_06836,python,easy,True,False,False,,0.0,False,False,False,False,0
ext_dorn_python_easy_06837,python,easy,True,True,False,0.0,-0.41666603088378906,False,True,True,True,0
ext_dorn_python_easy_06838,python,easy,True,True,True,1.0,-0.5952377319335938,False,True,True,True,0
ext_dorn_python_easy_06839,python,easy,True,False,False,1.0,-0.0595245361328125,False,False,False,False,0
ext_dorn_python_easy_06840,python,easy,True,True,True,1.0,-0.47619056701660156,False,True,True,True,0
ext_dorn_python_easy_06841,python,easy,True,True,True,1.0,0.47618961334228516,True,False,False,False,0
ext_dorn_python_easy_06842,python,easy,True,True,True,1.0,-0.41666698455810547,False,True,False,False,0
ext_dorn_python_easy_06843,python,easy,True,False,False,0.0,0.2380962371826172,False,False,False,False,0
ext_dorn_python_easy_06844,python,easy,True,False,False,1.0,-0.23809528350830078,True,True,True,True,0
ext_dorn_python_easy_06845,python,easy,True,True,False,0.0,-0.8333339691162109,False,True,True,False,0
ext_dorn_python_easy_06846,python,easy,True,False,False,1.0,-0.23809528350830078,True,True,True,True,0
ext_dorn_python_easy_06847,python,easy,True,True,True,1.0,0.7738094329833984,True,False,True,True,0
ext_dorn_python_easy_06848,python,easy,True,True,True,1.0,-1.0119056701660156,False,True,True,True,0
ext_dorn_python_easy_06849,python,easy,True,False,False,0.0,0.1785717010498047,False,False,False,False,0
ext_dorn_python_easy_06850,python,easy,True,True,True,1.0,-0.6547622680664062,False,True,True,True,0
ext_dorn_python_easy_06851,python,easy,True,True,True,1.0,0.892857551574707,True,False,False,False,0
ext_dorn_python_easy_06852,python,easy,True,False,False,1.0,-0.2976188659667969,False,False,True,True,0
ext_dorn_python_easy_06853,python,easy,True,True,False,0.0,0.6547622680664062,True,False,True,False,0
ext_dorn_python_easy_06854,python,easy,True,True,True,1.0,-1.4285717010498047,False,True,True,True,0
ext_dorn_python_easy_06855,python,easy,True,False,False,1.0,-0.11904716491699219,False,False,True,True,0
ext_dorn_python_easy_06856,python,easy,True,True,True,1.0,-0.23809432983398438,False,True,True,True,0
ext_dorn_python_easy_06857,python,easy,True,False,False,,0.0,False,False,False,False,0
ext_dorn_python_easy_06858,python,easy,True,True,True,1.0,-0.5357131958007812,False,True,False,False,0
ext_dorn_python_easy_06859,python,easy,True,False,False,0.0,0.05952262878417969,False,False,True,True,0
ext_dorn_python_easy_06860,python,easy,True,True,False,0.0,1.666666030883789,True,False,True,False,0
ext_dorn_python_easy_06861,python,easy,True,False,False,,0.0,True,True,False,False,0
ext_dorn_python_easy_06862,python,easy,True,False,False,0.0,-0.8333339691162109,False,False,True,True,0
ext_dorn_python_easy_06863,python,easy,True,True,True,1.0,1.0119056701660156,True,False,True,True,0
ext_dorn_python_easy_06864,python,easy,True,True,True,1.0,-1.071427345275879,False,True,True,True,0
ext_dorn_python_easy_06865,python,easy,True,True,False,0.0,-0.8333330154418945,False,True,False,False,0
ext_dorn_python_easy_06866,python,easy,True,True,True,1.0,-0.2976188659667969,False,True,False,False,0
ext_dorn_python_easy_06867,python,easy,True,True,True,1.0,1.25,True,False,True,True,0
ext_dorn_python_easy_06868,python,easy,True,True,True,1.0,-0.6547622680664062,False,True,False,False,0
ext_dorn_python_easy_06869,python,easy,True,False,False,1.0,0.35714244842529297,False,False,True,True,0
ext_dorn_python_easy_06870,python,easy,True,True,True,1.0,0.7738094329833984,True,False,True,True,0
ext_dorn_python_easy_06871,python,easy,True,False,False,0.0,0.1190481185913086,True,True,False,False,0
ext_dorn_python_easy_06872,python,easy,True,True,False,0.0,-1.7261905670166016,False,True,True,False,0
ext_dorn_python_easy_06873,python,easy,True,True,True,1.0,1.4880943298339844,True,False,True,True,0
ext_dorn_python_easy_06874,python,easy,True,True,True,1.0,0.7738094329833984,True,False,True,True,0
ext_dorn_python_easy_06875,python,easy,True,False,False,1.0,-0.1785717010498047,False,False,False,False,0
ext_dorn_python_easy_06876,python,easy,True,True,True,1.0,-0.5357151031494141,False,True,True,True,0
ext_dorn_python_easy_06877,python,easy,True,False,False,1.0,0.2976188659667969,True,True,True,True,0
ext_dorn_python_easy_06878,python,easy,True,True,True,1.0,1.6666669845581055,True,False,True,True,0
ext_dorn_python_easy_06879,python,easy,True,False,False,1.0,-0.17857074737548828,True,True,True,True,0
ext_dorn_python_easy_06880,python,easy,True,True,True,1.0,1.0714282989501953,True,False,True,True,0
ext_dorn_python_easy_06881,python,easy,True,True,False,0.0,-1.0119047164916992,False,True,False,False,0
ext_dorn_python_easy_06882,python,easy,True,True,True,1.0,0.5952377319335938,True,False,False,False,0
ext_dorn_python_easy_06883,python,easy,True,True,True,1.0,-2.202381134033203,False,True,True,True,0
ext_dorn_python_easy_06884,python,easy,True,True,False,0.0,0.6547613143920898,True,False,False,False,0
ext_dorn_python_easy_06885,python,easy,True,True,False,0.0,1.309523582458496,True,False,True,False,0
ext_dorn_python_easy_06886,python,easy,True,True,True,1.0,-0.9523811340332031,False,True,True,True,0
ext_dorn_python_easy_06887,python,easy,True,True,False,0.0,0.23809528350830078,True,False,True,True,0
ext_dorn_python_easy_06888,python,easy,True,True,True,1.0,-0.6547622680664062,False,True,True,True,0
ext_dorn_python_easy_06889,python,easy,True,True,True,1.0,-0.7142848968505859,False,True,False,False,0
ext_dorn_python_easy_06890,python,easy,True,True,False,0.0,-0.8333330154418945,False,True,True,True,0
ext_dorn_python_easy_06891,python,easy,True,False,False,0.0,0.11904716491699219,False,False,False,False,0
ext_dorn_python_easy_06892,python,easy,True,False,False,,0.0,False,False,False,False,0
ext_dorn_python_easy_06893,python,easy,True,False,False,1.0,0.05952262878417969,True,True,False,False,0
ext_dorn_python_easy_06894,python,easy,True,True,True,1.0,1.3690471649169922,True,False,True,True,0
ext_dorn_python_easy_06895,python,easy,True,True,True,1.0,1.0714282989501953,True,False,True,True,0
ext_dorn_python_easy_06896,python,easy,True,True,True,1.0,0.3571434020996094,True,False,True,True,0
ext_dorn_python_easy_06897,python,easy,True,False,False,,0.0,True,True,False,False,0
ext_dorn_python_easy_06898,python,easy,True,True,False,0.0,-0.5357141494750977,False,True,True,True,0
ext_dorn_python_easy_06899,python,easy,True,True,True,1.0,1.5476188659667969,True,False,True,True,0
ext_dorn_python_easy_06900,python,easy,True,True,True,1.0,1.25,True,False,True,True,0
ext_dorn_python_easy_06901,python,easy,True,True,True,1.0,1.1904754638671875,True,False,True,True,0
ext_dorn_python_easy_06902,python,easy,True,True,False,0.0,-0.23809432983398438,False,True,True,False,0
ext_dorn_python_easy_06903,python,easy,True,True,True,1.0,-0.7142858505249023,False,True,True,True,0
ext_dorn_python_easy_06904,python,easy,True,True,True,1.0,0.5952386856079102,True,False,False,False,0
ext_dorn_python_easy_06905,python,easy,True,False,False,1.0,0.0595245361328125,True,True,True,False,0
ext_dorn_python_easy_06906,python,easy,True,False,False,1.0,-0.3571434020996094,False,False,True,True,0
ext_dorn_python_easy_06907,python,easy,True,False,False,1.0,-0.5357141494750977,True,True,True,True,0
ext_dorn_python_easy_06908,python,easy,True,True,True,1.0,-0.7738103866577148,False,True,False,False,0
ext_dorn_python_easy_06909,python,easy,True,True,False,0.0,0.41666603088378906,True,False,True,True,0
ext_dorn_python_easy_06910,python,easy,True,False,False,1.0,-0.059523582458496094,False,False,False,False,0
ext_dorn_python_easy_06911,python,easy,True,True,True,1.0,0.47619056701660156,True,False,True,True,0
ext_dorn_python_easy_06912,python,easy,True,True,True,1.0,-0.7738103866577148,False,True,False,False,0
ext_dorn_python_easy_06913,python,easy,True,True,True,1.0,-0.6547622680664062,False,True,True,True,0
ext_dorn_python_easy_06914,python,easy,True,True,True,1.0,1.1309528350830078,True,False,False,False,0
ext_dorn_python_easy_06915,python,easy,True,True,True,1.0,-0.9523811340332031,False,True,False,False,0
ext_dorn_python_easy_06916,python,easy,True,True,True,1.0,0.41666698455810547,True,False,True,True,0
ext_dorn_python_easy_06917,python,easy,True,True,False,0.0,1.190476417541504,True,False,True,False,0
ext_dorn_python_easy_06918,python,easy,True,False,False,1.0,0.23809432983398438,False,False,True,True,0
ext_dorn_python_easy_06919,python,easy,True,True,True,1.0,-0.35714244842529297,False,True,False,False,0
ext_dorn_python_easy_06920,python,easy,True,True,True,1.0,-1.309523582458496,False,True,False,False,0
ext_dorn_python_easy_06921,python,easy,True,False,False,1.0,0.41666603088378906,False,False,True,True,0
ext_dorn_python_easy_06922,python,easy,True,True,True,1.0,1.4880962371826172,True,False,True,True,0
ext_dorn_python_easy_06923,python,easy,True,True,False,0.0,-0.47619056701660156,False,True,True,True,0
ext_dorn_python_easy_06924,python,easy,True,False,False,1.0,0.23809528350830078,False,False,False,False,0
ext_dorn_python_easy_06925,python,easy,True,True,True,1.0,-0.5952386856079102,False,True,True,True,0
ext_dorn_python_easy_06926,python,easy,True,True,False,0.0,-0.9523811340332031,False,True,False,False,0
ext_dorn_python_easy_06927,python,easy,True,True,False,0.0,-0.35714244842529297,False,True,False,False,0
ext_dorn_python_easy_06928,python,easy,True,True,True,1.0,-0.35714244842529297,False,True,False,False,0
ext_dorn_python_easy_06929,python,easy,True,True,True,1.0,1.607142448425293,True,False,True,True,0
ext_dorn_python_easy_06930,python,easy,True,True,False,0.0,-0.1190481185913086,False,True,False,False,0
ext_dorn_python_easy_06931,python,easy,True,True,False,0.0,-1.1904754638671875,False,True,True,False,0
ext_dorn_python_easy_06932,python,easy,True,True,True,1.0,-0.5357131958007812,False,True,False,False,0
ext_dorn_python_easy_06933,python,easy,True,True,True,1.0,-0.7142848968505859,False,True,True,True,0
ext_dorn_python_easy_06934,python,easy,True,True,True,1.0,0.11904716491699219,True,False,False,False,0
ext_dorn_python_easy_06935,python,easy,True,True,True,1.0,-0.5357141494750977,False,True,True,True,0
ext_dorn_python_easy_06936,python,easy,True,True,False,0.0,0.7142868041992188,True,False,True,True,0
ext_dorn_python_easy_06937,python,easy,True,True,True,1.0,1.4285717010498047,True,False,False,False,0
ext_dorn_python_easy_06938,python,easy,True,True,True,1.0,1.4285717010498047,True,False,True,True,0
ext_dorn_python_easy_06939,python,easy,True,True,True,1.0,-0.6547622680664062,False,True,False,False,0
ext_dorn_python_easy_06940,python,easy,True,True,False,0.0,-0.5952377319335938,False,True,False,False,0
ext_dorn_python_easy_06941,python,easy,True,True,True,1.0,1.1904754638671875,True,False,True,True,0
ext_dorn_python_easy_06942,python,easy,True,True,True,1.0,-0.47619056701660156,False,True,True,True,0
ext_dorn_python_easy_06943,python,easy,True,True,False,0.0,-0.892857551574707,False,True,False,False,0
ext_dorn_python_easy_06944,python,easy,True,True,True,1.0,-0.8928565979003906,False,True,False,False,0
ext_dorn_python_easy_06945,python,easy,True,True,True,1.0,0.7738103866577148,True,False,True,True,0
ext_dorn_python_easy_06946,python,easy,True,True,True,1.0,1.3690471649169922,True,False,True,True,0
ext_dorn_python_easy_06947,python,easy,True,True,False,0.0,0.47618961334228516,True,False,True,False,0
ext_dorn_python_easy_06948,python,easy,True,True,False,0.0,0.5357141494750977,True,False,True,True,0
ext_dorn_python_easy_06949,python,easy,True,True,True,1.0,1.3095226287841797,True,False,False,False,0
ext_dorn_python_easy_06950,python,easy,True,True,True,1.0,-0.47619056701660156,False,True,True,True,0
ext_dorn_python_easy_06951,python,easy,True,True,False,0.0,0.11904716491699219,True,False,False,False,0
ext_dorn_python_easy_06952,python,easy,True,False,False,,0.0,False,False,False,False,0
ext_dorn_python_easy_06953,python,easy,True,False,False,1.0,-0.23809528350830078,True,True,False,False,0
ext_dorn_python_easy_06954,python,easy,True,False,False,,0.0,True,True,True,True,0
ext_dorn_python_easy_06955,python,easy,True,True,False,0.0,0.47619056701660156,True,False,False,False,0
ext_dorn_python_easy_06956,python,easy,True,True,True,1.0,-0.892857551574707,False,True,True,True,0
ext_dorn_python_easy_06957,python,easy,True,True,True,1.0,0.8333330154418945,True,False,False,False,0
ext_dorn_python_easy_06958,python,easy,True,True,True,1.0,0.5357151031494141,True,False,True,True,0
ext_dorn_python_easy_06959,python,easy,True,True,False,0.0,0.3571434020996094,True,False,False,False,0
ext_dorn_python_easy_06960,python,easy,True,True,False,0.0,-0.47618961334228516,False,True,False,False,0
ext_dorn_python_easy_06961,python,easy,True,True,False,0.0,-0.7142868041992188,False,True,False,False,0
ext_dorn_python_easy_06962,python,easy,True,True,True,1.0,1.1309528350830078,True,False,True,True,0
ext_dorn_python_easy_06963,python,easy,True,False,False,1.0,-0.1785717010498047,True,True,False,False,0
ext_dorn_python_easy_06964,python,easy,True,False,False,0.0,0.2976188659667969,False,False,True,True,0
ext_dorn_python_easy_06965,python,easy,True,True,False,0.0,-0.5357151031494141,False,True,True,True,0
ext_dorn_python_easy_06966,python,easy,True,False,False,1.0,-0.05952262878417969,False,False,False,False,0
ext_dorn_python_easy_06967,python,easy,True,True,True,1.0,-0.7142848968505859,False,True,True,True,0
ext_dorn_python_easy_06968,python,easy,True,False,False,0.0,0.2380962371826172,True,True,False,False,0
ext_dorn_python_easy_06969,python,easy,True,True,False,0.0,0.1785717010498047,True,False,False,False,0
ext_dorn_python_easy_06970,python,easy,True,True,False,0.0,0.47619056701660156,True,False,True,False,0
ext_dorn_python_easy_06971,python,easy,True,True,True,1.0,1.5476198196411133,True,False,True,True,0
ext_dorn_python_easy_06972,python,easy,True,True,True,1.0,-1.309523582458496,False,True,True,True,0
ext_dorn_python_easy_06973,python,easy,True,True,True,1.0,1.1309537887573242,True,False,False,False,0
ext_dorn_python_easy_06974,python,easy,True,True,True,1.0,0.1785717010498047,True,False,True,True,0
ext_dorn_python_easy_06975,python,easy,True,True,True,1.0,-0.5952386856079102,False,True,True,True,0
ext_dorn_python_easy_06976,python,easy,True,True,True,1.0,0.47619056701660156,True,False,False,False,0
ext_dorn_python_easy_06977,python,easy,True,True,True,1.0,-0.2976198196411133,False,True,True,True,0
ext_dorn_python_easy_06978,python,easy,True,True,True,1.0,-0.7142868041992188,False,True,False,False,0
ext_dorn_python_easy_06979,python,easy,True,True,True,1.0,0.8333339691162109,True,False,False,False,0
ext_dorn_python_easy_06980,python,easy,True,True,True,1.0,0.6547613143920898,True,False,True,True,0
ext_dorn_python_easy_06981,python,easy,True,False,False,1.0,-0.2976188659667969,True,True,True,True,0
ext_dorn_python_easy_06982,python,easy,True,True,True,1.0,0.7738094329833984,True,False,True,True,0
ext_dorn_python_easy_06983,python,easy,True,True,True,1.0,1.4880952835083008,True,False,True,True,0
ext_dorn_python_easy_06984,python,easy,True,False,False,1.0,-0.1190481185913086,False,False,False,False,0
ext_dorn_python_easy_06985,python,easy,True,True,False,0.0,-0.5357141494750977,False,True,False,False,0
ext_dorn_python_easy_06986,python,easy,True,True,True,1.0,0.5357141494750977,True,False,False,False,0
ext_dorn_python_easy_06987,python,easy,True,True,True,1.0,0.8928565979003906,True,False,True,True,0
ext_dorn_python_easy_06988,python,easy,True,False,False,0.0,0.2976188659667969,True,True,False,False,0
ext_dorn_python_easy_06989,python,easy,True,True,False,0.0,-0.1785726547241211,False,True,True,True,0
ext_dorn_python_easy_06990,python,easy,True,True,True,1.0,-0.8333339691162109,False,True,False,False,0
ext_dorn_python_easy_06991,python,easy,True,True,False,0.0,0.7738094329833984,True,False,True,True,0
ext_dorn_python_easy_06992,python,easy,True,True,True,1.0,0.6547622680664062,True,False,True,True,0
ext_dorn_python_easy_06993,python,easy,True,True,True,1.0,-0.2976188659667969,False,True,False,False,0
ext_dorn_python_easy_06994,python,easy,True,True,True,1.0,-1.3095245361328125,False,True,False,False,0
ext_dorn_python_easy_06995,python,easy,True,True,True,1.0,-0.7738094329833984,False,True,True,True,0
ext_dorn_python_easy_06996,python,easy,True,True,False,0.0,-0.5952386856079102,False,True,False,False,0
ext_dorn_python_easy_06997,python,easy,True,True,False,0.0,0.5952377319335938,True,False,False,False,0
ext_dorn_python_easy_06998,python,easy,True,True,True,1.0,-0.8928565979003906,False,True,False,False,0
ext_dorn_python_easy_06999,python,easy,True,True,True,1.0,-0.5952386856079102,False,True,False,False,0
ext_dorn_python_medium_07000,python,medium,True,True,False,0.0,-1.1309518814086914,False,True,False,False,0
ext_dorn_python_medium_07001,python,medium,True,True,False,0.0,-0.47619056701660156,False,True,False,False,0
ext_dorn_python_medium_07002,python,medium,True,False,False,1.0,-0.1190481185913086,False,False,False,False,0
ext_dorn_python_medium_07003,python,medium,True,True,True,1.0,0.7142858505249023,True,False,False,False,0
ext_dorn_python_medium_07004,python,medium,True,True,False,0.0,0.5952386856079102,True,False,True,False,0
ext_dorn_python_medium_07005,python,medium,True,False,False,1.0,-0.17857074737548828,True,True,False,False,0
ext_dorn_python_medium_07006,python,medium,True,True,True,1.0,-0.6547622680664062,False,True,False,False,0
ext_dorn_python_medium_07007,python,medium,True,False,False,0.0,0.2976198196411133,True,True,False,False,0
ext_dorn_python_medium_07008,python,medium,True,False,False,1.0,-0.1190481185913086,True,True,False,False,0
ext_dorn_python_medium_07009,python,medium,True,False,False,1.0,-0.11904716491699219,False,False,False,False,0
ext_dorn_python_medium_07010,python,medium,True,True,True,1.0,-0.6547622680664062,False,True,False,False,0
ext_dorn_python_medium_07011,python,medium,True,False,False,1.0,-0.1785717010498047,False,False,True,True,0
ext_dorn_python_medium_07012,python,medium,True,True,True,1.0,-0.8333339691162109,False,True,True,True,0
ext_dorn_python_medium_07013,python,medium,True,True,False,0.0,0.8928565979003906,True,False,True,False,0
ext_dorn_python_medium_07014,python,medium,True,True,True,1.0,-0.5357141494750977,False,True,False,False,0
ext_dorn_python_medium_07015,python,medium,True,False,False,0.0,0.47619152069091797,False,False,True,False,0
ext_dorn_python_medium_07016,python,medium,True,True,True,1.0,-1.0119047164916992,False,True,False,False,0
ext_dorn_python_medium_07017,python,medium,True,True,False,0.0,-0.892857551574707,False,True,False,False,0
ext_dorn_python_medium_07018,python,medium,True,True,False,0.0,-1.607142448425293,False,True,False,False,0
ext_dorn_python_medium_07019,python,medium,True,True,True,1.0,-0.6547613143920898,False,True,True,True,0
ext_dorn_python_medium_07020,python,medium,True,True,False,0.0,0.5357151031494141,True,False,False,False,0
ext_dorn_python_medium_07021,python,medium,True,True,False,0.0,1.0119047164916992,True,False,False,False,0
ext_dorn_python_medium_07022,python,medium,True,True,False,0.0,0.41666603088378906,True,False,True,True,0
ext_dorn_python_medium_07023,python,medium,True,True,True,1.0,-0.892857551574707,False,True,False,False,0
ext_dorn_python_medium_07024,python,medium,True,True,True,1.0,0.9523811340332031,True,False,True,True,0
ext_dorn_python_medium_07025,python,medium,True,True,True,1.0,0.059523582458496094,True,False,False,False,0
ext_dorn_python_medium_07026,python,medium,True,True,True,1.0,1.5476188659667969,True,False,False,False,0
ext_dorn_python_medium_07027,python,medium,True,True,True,1.0,0.8333339691162109,True,False,True,False,0
ext_dorn_python_medium_07028,python,medium,True,True,True,1.0,0.47619152069091797,True,False,False,False,0
ext_dorn_python_medium_07029,python,medium,True,False,False,0.0,0.17857074737548828,True,True,False,False,0
ext_dorn_python_medium_07030,python,medium,True,True,False,0.0,0.17857074737548828,True,False,False,False,0
ext_dorn_python_medium_07031,python,medium,True,True,False,0.0,-1.0119047164916992,False,True,False,False,0
ext_dorn_python_medium_07032,python,medium,True,False,False,1.0,0.1785717010498047,True,True,False,False,0
ext_dorn_python_medium_07033,python,medium,True,False,False,1.0,-0.2976188659667969,True,True,True,True,0
ext_dorn_python_medium_07034,python,medium,True,False,False,0.0,0.11904716491699219,False,False,True,False,0
ext_dorn_python_medium_07035,python,medium,True,True,False,0.0,0.059523582458496094,True,False,False,False,0
ext_dorn_python_medium_07036,python,medium,True,True,True,1.0,-0.2976198196411133,False,True,False,False,0
ext_dorn_python_medium_07037,python,medium,True,False,False,0.0,-0.3571434020996094,True,True,True,False,0
ext_dorn_python_medium_07038,python,medium,True,False,False,0.0,-9.5367431640625e-07,True,True,False,False,0
ext_dorn_python_medium_07039,python,medium,True,True,False,0.0,-0.8928565979003906,False,True,False,False,0
ext_dorn_python_medium_07040,python,medium,True,True,False,0.0,-0.47619056701660156,False,True,True,False,0
ext_dorn_python_medium_07041,python,medium,True,True,True,1.0,0.2380962371826172,True,False,False,False,0
ext_dorn_python_medium_07042,python,medium,True,True,False,0.0,0.892857551574707,True,False,False,False,0
ext_dorn_python_medium_07043,python,medium,True,True,False,0.0,-0.1785717010498047,False,True,False,False,0
ext_dorn_python_medium_07044,python,medium,True,True,True,1.0,0.6547613143920898,True,False,True,True,0
ext_dorn_python_medium_07045,python,medium,True,False,False,1.0,-0.11904716491699219,True,True,False,False,0
ext_dorn_python_medium_07046,python,medium,True,True,True,1.0,1.6666669845581055,True,False,True,True,0
ext_dorn_python_medium_07047,python,medium,True,True,True,1.0,0.35714244842529297,True,False,False,False,0
ext_dorn_python_medium_07048,python,medium,True,True,True,1.0,0.7738094329833984,True,False,False,False,0
ext_dorn_python_medium_07049,python,medium,True,True,True,1.0,-0.7142858505249023,False,True,False,False,0
ext_dorn_python_medium_07050,python,medium,True,True,True,1.0,0.23809528350830078,True,False,True,False,0
ext_dorn_python_medium_07051,python,medium,True,True,False,0.0,-0.8333339691162109,False,True,False,False,0
ext_dorn_python_medium_07052,python,medium,True,True,True,1.0,1.3690471649169922,True,False,True,True,0
ext_dorn_python_medium_07053,python,medium,True,True,False,0.0,0.9523811340332031,True,False,False,False,0
ext_dorn_python_medium_07054,python,medium,True,False,False,1.0,-0.2976198196411133,False,False,True,True,0
ext_dorn_python_medium_07055,python,medium,True,True,True,1.0,0.35714244842529297,True,False,False,False,0
ext_dorn_python_medium_07056,python,medium,True,False,False,0.0,-0.17857074737548828,True,True,False,False,0
ext_dorn_python_medium_07057,python,medium,True,False,False,,0.0,False,False,False,False,0
ext_dorn_python_medium_07058,python,medium,True,True,False,0.0,1.0119047164916992,True,False,True,False,0
ext_dorn_python_medium_07059,python,medium,True,True,False,0.0,-0.2976188659667969,False,True,False,False,0
ext_dorn_python_medium_07060,python,medium,True,False,False,0.0,0.1190481185913086,False,False,True,True,0
ext_dorn_python_medium_07061,python,medium,True,True,True,1.0,0.1785717010498047,True,False,True,True,0
ext_dorn_python_medium_07062,python,medium,True,True,False,0.0,0.3571434020996094,True,False,True,False,0
ext_dorn_python_medium_07063,python,medium,True,True,False,0.0,0.5952367782592773,True,False,True,True,0
ext_dorn_python_medium_07064,python,medium,True,False,False,1.0,-0.23809528350830078,True,True,False,False,0
ext_dorn_python_medium_07065,python,medium,True,False,False,0.0,-9.5367431640625e-07,True,True,False,False,0
ext_dorn_python_medium_07066,python,medium,True,False,False,1.0,0.2976188659667969,True,True,True,True,0
ext_dorn_python_medium_07067,python,medium,True,True,True,1.0,-1.1309528350830078,False,True,False,False,0
ext_dorn_python_medium_07068,python,medium,True,True,True,1.0,1.190476417541504,True,False,True,True,0
ext_dorn_python_medium_07069,python,medium,True,True,False,0.0,2.261904716491699,True,False,True,False,0
ext_dorn_python_medium_07070,python,medium,True,True,False,0.0,-0.23809432983398438,False,True,False,False,0
ext_dorn_python_medium_07071,python,medium,True,False,False,,0.0,False,False,False,False,0
ext_dorn_python_medium_07072,python,medium,True,True,True,1.0,-0.8928556442260742,False,True,False,False,0
ext_dorn_python_medium_07073,python,medium,True,True,False,0.0,0.5952377319335938,True,False,True,False,0
ext_dorn_python_medium_07074,python,medium,True,True,True,1.0,-1.309523582458496,False,True,True,True,0
ext_dorn_python_medium_07075,python,medium,True,True,True,1.0,1.6071434020996094,True,False,True,True,0
ext_dorn_python_medium_07076,python,medium,True,True,False,0.0,-0.892857551574707,False,True,True,False,0
ext_dorn_python_medium_07077,python,medium,True,False,False,1.0,-0.47619056701660156,True,True,False,False,0
ext_dorn_python_medium_07078,python,medium,True,True,True,1.0,-1.25,False,True,False,False,0
ext_dorn_python_medium_07079,python,medium,True,True,True,1.0,0.8928565979003906,True,False,True,True,0
ext_dorn_python_medium_07080,python,medium,True,False,False,1.0,-0.41666603088378906,True,True,False,False,0
ext_dorn_python_medium_07081,python,medium,True,True,True,1.0,-0.8333339691162109,False,True,False,False,0
ext_dorn_python_medium_07082,python,medium,True,True,True,1.0,-0.41666698455810547,False,True,False,False,0
ext_dorn_python_medium_07083,python,medium,True,False,False,0.0,0.1190481185913086,True,True,False,False,0
ext_dorn_python_medium_07084,python,medium,True,True,True,1.0,0.6547622680664062,True,False,True,True,0
ext_dorn_python_medium_07085,python,medium,True,False,False,0.0,0.059523582458496094,False,False,True,True,0
ext_dorn_python_medium_07086,python,medium,True,True,True,1.0,-0.47618961334228516,False,True,True,True,0
ext_dorn_python_medium_07087,python,medium,True,True,False,0.0,-0.47619056701660156,False,True,True,True,0
ext_dorn_python_medium_07088,python,medium,True,False,False,1.0,-0.059523582458496094,True,True,True,True,0
ext_dorn_python_medium_07089,python,medium,True,True,False,0.0,0.35714244842529297,True,False,False,False,0
ext_dorn_python_medium_07090,python,medium,True,True,False,0.0,0.35714244842529297,True,False,False,False,0
ext_dorn_python_medium_07091,python,medium,True,False,False,,0.0,False,False,True,False,0
ext_dorn_python_medium_07092,python,medium,True,True,False,0.0,-0.2976188659667969,False,True,True,True,0
ext_dorn_python_medium_07093,python,medium,True,True,False,0.0,-0.6547613143920898,False,True,True,True,0
ext_dorn_python_medium_07094,python,medium,True,True,True,1.0,0.6547613143920898,True,False,False,False,0
ext_dorn_python_medium_07095,python,medium,True,False,False,1.0,0.2380962371826172,True,True,False,False,0
ext_dorn_python_medium_07096,python,medium,True,False,False,1.0,0.6547622680664062,True,True,False,False,0
ext_dorn_python_medium_07097,python,medium,True,True,True,1.0,1.190476417541504,True,False,False,False,0
ext_dorn_python_medium_07098,python,medium,True,False,False,1.0,0.05952262878417969,False,False,False,False,0
ext_dorn_python_medium_07099,python,medium,True,True,True,1.0,-0.11904716491699219,False,True,False,False,0
ext_dorn_python_medium_07100,python,medium,True,True,True,1.0,-0.892857551574707,False,True,False,False,0
ext_dorn_python_medium_07101,python,medium,True,False,False,0.0,-0.1190481185913086,True,True,True,True,0
ext_dorn_python_medium_07102,python,medium,True,True,False,0.0,0.35714244842529297,True,False,False,False,0
ext_dorn_python_medium_07103,python,medium,True,True,True,1.0,0.2976188659667969,True,False,True,True,0
ext_dorn_python_medium_07104,python,medium,True,True,False,0.0,0.6547622680664062,True,False,True,False,0
ext_dorn_python_medium_07105,python,medium,True,True,True,1.0,0.8333339691162109,True,False,False,False,0
ext_dorn_python_medium_07106,python,medium,True,True,False,0.0,-1.3095245361328125,False,True,True,True,0
ext_dorn_python_medium_07107,python,medium,True,True,False,0.0,0.8928565979003906,True,False,False,False,0
ext_dorn_python_medium_07108,python,medium,True,False,False,0.0,-0.1785717010498047,True,True,False,False,0
ext_dorn_python_medium_07109,python,medium,True,True,False,0.0,-0.6547613143920898,False,True,False,False,0
ext_dorn_python_medium_07110,python,medium,True,True,False,0.0,-0.5357141494750977,False,True,False,False,0
ext_dorn_python_medium_07111,python,medium,True,True,True,1.0,0.5357131958007812,True,False,True,True,0
ext_dorn_python_medium_07112,python,medium,True,True,True,1.0,0.7142848968505859,True,False,True,True,0
ext_dorn_python_medium_07113,python,medium,True,False,False,1.0,0.35714244842529297,True,True,True,True,0
ext_dorn_python_medium_07114,python,medium,True,True,False,0.0,-0.5357141494750977,False,True,True,True,0
ext_dorn_python_medium_07115,python,medium,True,True,False,0.0,0.47619056701660156,True,False,False,False,0
ext_dorn_python_medium_07116,python,medium,True,False,False,,0.0,True,True,True,True,0
ext_dorn_python_medium_07117,python,medium,True,True,False,0.0,-1.0714292526245117,False,True,False,False,0
ext_dorn_python_medium_07118,python,medium,True,False,False,1.0,0.23809528350830078,True,True,False,False,0
ext_dorn_python_medium_07119,python,medium,True,False,False,,0.0,True,True,True,True,0
ext_dorn_python_medium_07120,python,medium,True,False,False,1.0,-0.35714244842529297,False,False,True,True,0
ext_dorn_python_medium_07121,python,medium,True,True,False,0.0,-1.1309518814086914,False,True,True,False,0
ext_dorn_python_medium_07122,python,medium,True,True,True,1.0,0.6547622680664062,True,False,True,True,0
ext_dorn_python_medium_07123,python,medium,True,True,False,0.0,-0.41666698455810547,False,True,False,False,0
ext_dorn_python_medium_07124,python,medium,True,True,True,1.0,-0.41666603088378906,False,True,False,False,0
ext_dorn_python_medium_07125,python,medium,True,True,True,1.0,-1.0714282989501953,False,True,True,True,0
ext_dorn_python_medium_07126,python,medium,True,True,False,0.0,0.7142848968505859,True,False,True,False,0
ext_dorn_python_medium_07127,python,medium,True,True,True,1.0,0.41666603088378906,True,False,False,False,0
ext_dorn_python_medium_07128,python,medium,True,True,False,0.0,-1.1904754638671875,False,True,True,False,0
ext_dorn_python_medium_07129,python,medium,True,True,True,1.0,0.7738094329833984,True,False,True,True,0
ext_dorn_python_medium_07130,python,medium,True,True,False,0.0,-0.47618961334228516,False,True,False,False,0
ext_dorn_python_medium_07131,python,medium,True,True,False,0.0,0.7142858505249023,True,False,True,False,0
ext_dorn_python_medium_07132,python,medium,True,True,False,0.0,-0.3571434020996094,False,True,False,False,0
ext_dorn_python_medium_07133,python,medium,True,True,False,0.0,-0.1785717010498047,False,True,True,False,0
ext_dorn_python_medium_07134,python,medium,True,True,True,1.0,-0.7142858505249023,False,True,True,True,0
ext_dorn_python_medium_07135,python,medium,True,False,False,0.0,-0.41666698455810547,True,True,False,False,0
ext_dorn_python_medium_07136,python,medium,True,True,True,1.0,0.8928565979003906,True,False,True,True,0
ext_dorn_python_medium_07137,python,medium,True,True,False,0.0,1.9047622680664062,True,False,True,False,0
ext_dorn_python_medium_07138,python,medium,True,True,True,1.0,-0.23809528350830078,False,True,True,False,0
ext_dorn_python_medium_07139,python,medium,True,True,True,1.0,0.7738094329833984,True,False,False,False,0
ext_dorn_python_medium_07140,python,medium,True,True,False,0.0,0.35714244842529297,True,False,False,False,0
ext_dorn_python_medium_07141,python,medium,True,False,False,1.0,-0.2976198196411133,False,False,True,True,0
ext_dorn_python_medium_07142,python,medium,True,True,True,1.0,1.3690471649169922,True,False,True,True,0
ext_dorn_python_medium_07143,python,medium,True,True,True,1.0,-0.5952386856079102,False,True,True,True,0
ext_dorn_python_medium_07144,python,medium,True,True,False,0.0,-1.1904754638671875,False,True,False,False,0
ext_dorn_python_medium_07145,python,medium,True,False,False,1.0,0.059523582458496094,True,True,True,True,0
ext_dorn_python_medium_07146,python,medium,True,True,False,0.0,-0.1785717010498047,False,True,False,False,0
ext_dorn_python_medium_07147,python,medium,True,True,True,1.0,-0.7738094329833984,False,True,False,False,0
ext_dorn_python_medium_07148,python,medium,True,True,True,1.0,1.1309528350830078,True,False,True,True,0
ext_dorn_python_medium_07149,python,medium,True,True,False,0.0,-0.11904716491699219,False,True,True,True,0
ext_dorn_python_medium_07150,python,medium,True,False,False,1.0,0.059523582458496094,True,True,False,False,0
ext_dorn_python_medium_07151,python,medium,True,True,False,0.0,0.29761791229248047,True,False,False,False,0
ext_dorn_python_medium_07152,python,medium,True,False,False,0.0,-0.059523582458496094,True,True,True,True,0
ext_dorn_python_medium_07153,python,medium,True,True,True,1.0,-0.5357141494750977,False,True,False,False,0
ext_dorn_python_medium_07154,python,medium,True,True,True,1.0,-0.1785717010498047,False,True,True,True,0
ext_dorn_python_medium_07155,python,medium,True,True,False,0.0,-0.17857074737548828,False,True,True,True,0
ext_dorn_python_medium_07156,python,medium,True,True,True,1.0,-0.17857074737548828,False,True,True,True,0
ext_dorn_python_medium_07157,python,medium,True,False,False,1.0,-0.059523582458496094,True,True,True,True,0
ext_dorn_python_medium_07158,python,medium,True,True,False,0.0,0.1190481185913086,True,False,False,False,0
ext_dorn_python_medium_07159,python,medium,True,True,False,0.0,-0.6547613143920898,False,True,False,False,0
ext_dorn_python_medium_07160,python,medium,True,False,False,1.0,-0.23809432983398438,True,True,False,False,0
ext_dorn_python_medium_07161,python,medium,True,False,False,0.0,0.2976188659667969,True,True,True,True,0
ext_dorn_python_medium_07162,python,medium,True,True,False,0.0,-0.41666698455810547,False,True,False,False,0
ext_dorn_python_medium_07163,python,medium,True,True,False,0.0,1.1904754638671875,True,False,False,False,0
ext_dorn_python_medium_07164,python,medium,True,True,True,1.0,1.7261905670166016,True,False,True,True,0
ext_dorn_python_medium_07165,python,medium,True,True,False,0.0,0.17857074737548828,True,False,True,True,0
ext_dorn_python_medium_07166,python,medium,True,False,False,1.0,-0.1785717010498047,True,True,False,False,0
ext_dorn_python_medium_07167,python,medium,True,True,True,1.0,-0.7142858505249023,False,True,False,False,0
ext_dorn_python_medium_07168,python,medium,True,True,True,1.0,-0.773808479309082,False,True,False,False,0
ext_dorn_python_medium_07169,python,medium,True,True,False,0.0,-0.5357131958007812,False,True,True,False,0
ext_dorn_python_medium_07170,python,medium,True,True,True,1.0,0.7142858505249023,True,False,False,False,0
ext_dorn_python_medium_07171,python,medium,True,True,True,1.0,0.7142858505249023,True,False,True,True,0
ext_dorn_python_medium_07172,python,medium,True,True,True,1.0,-0.059523582458496094,False,True,False,False,0
ext_dorn_python_medium_07173,python,medium,True,True,False,0.0,0.9523801803588867,True,False,True,False,0
ext_dorn_python_medium_07174,python,medium,True,True,False,0.0,0.2380962371826172,True,False,True,True,0
ext_dorn_python_medium_07175,python,medium,True,True,False,0.0,0.9523811340332031,True,False,False,False,0
ext_dorn_python_medium_07176,python,medium,True,True,True,1.0,0.23809432983398438,True,False,False,False,0
ext_dorn_python_medium_07177,python,medium,True,False,False,0.0,-0.059523582458496094,False,False,False,False,0
ext_dorn_python_medium_07178,python,medium,True,True,True,1.0,-0.6547613143920898,False,True,True,False,0
ext_dorn_python_medium_07179,python,medium,True,False,False,1.0,-0.47619056701660156,True,True,True,True,0
ext_dorn_python_medium_07180,python,medium,True,True,True,1.0,0.17857074737548828,True,False,False,False,0
ext_dorn_python_medium_07181,python,medium,True,False,False,0.0,0.11904716491699219,True,True,True,True,0
ext_dorn_python_medium_07182,python,medium,True,False,False,0.0,0.2976198196411133,False,False,False,False,0
ext_dorn_python_medium_07183,python,medium,True,True,False,0.0,-1.25,False,True,True,False,0
ext_dorn_python_medium_07184,python,medium,True,True,True,1.0,0.7142858505249023,True,False,False,False,0
ext_dorn_python_medium_07185,python,medium,True,True,False,0.0,-0.7142858505249023,False,True,False,False,0
ext_dorn_python_medium_07186,python,medium,True,True,False,0.0,-0.47619056701660156,False,True,True,True,0
ext_dorn_python_medium_07187,python,medium,True,True,False,0.0,-0.5357141494750977,False,True,True,True,0
ext_dorn_python_medium_07188,python,medium,True,False,False,1.0,0.1190481185913086,True,True,True,False,0
ext_dorn_python_medium_07189,python,medium,True,True,False,0.0,-0.6547622680664062,False,True,True,True,0
ext_dorn_python_medium_07190,python,medium,True,True,True,1.0,0.6547622680664062,True,False,True,True,0
ext_dorn_python_medium_07191,python,medium,True,False,False,1.0,-0.1190481185913086,True,True,False,False,0
ext_dorn_python_medium_07192,python,medium,True,False,False,0.0,9.5367431640625e-07,True,True,False,False,0
ext_dorn_python_medium_07193,python,medium,True,True,True,1.0,-1.0714282989501953,False,True,False,False,0
ext_dorn_python_medium_07194,python,medium,True,False,False,0.0,0.23809528350830078,True,True,False,False,0
ext_dorn_python_medium_07195,python,medium,True,True,True,1.0,2.440476417541504,True,False,True,True,0
ext_dorn_python_medium_07196,python,medium,True,True,False,0.0,-0.5952377319335938,False,True,True,False,0
ext_dorn_python_medium_07197,python,medium,True,True,False,0.0,1.0119047164916992,True,False,True,False,0
ext_dorn_python_medium_07198,python,medium,True,True,True,1.0,0.1785717010498047,True,False,True,True,0
ext_dorn_python_medium_07199,python,medium,True,False,False,0.0,0.059523582458496094,False,False,True,False,0
ext_dorn_python_medium_07200,python,medium,True,True,False,0.0,0.23809528350830078,True,False,True,True,0
ext_dorn_python_medium_07201,python,medium,True,True,True,1.0,0.8928565979003906,True,False,False,False,0
ext_dorn_python_medium_07202,python,medium,True,True,False,0.0,0.17857074737548828,True,False,False,False,0
ext_dorn_python_medium_07203,python,medium,True,False,False,1.0,-0.2976188659667969,True,True,True,False,0
ext_dorn_python_medium_07204,python,medium,True,False,False,1.0,-0.11904716491699219,False,False,False,False,0
ext_dorn_python_medium_07205,python,medium,True,True,True,1.0,0.8928565979003906,True,False,True,True,0
ext_dorn_python_medium_07206,python,medium,True,True,True,1.0,1.309523582458496,True,False,True,True,0
ext_dorn_python_medium_07207,python,medium,True,True,True,1.0,-1.7857131958007812,False,True,True,True,0
ext_dorn_python_medium_07208,python,medium,True,True,True,1.0,-0.7738103866577148,False,True,False,False,0
ext_dorn_python_medium_07209,python,medium,True,False,False,,0.0,False,False,False,False,0
ext_dorn_python_medium_07210,python,medium,True,True,False,0.0,-0.23809528350830078,False,True,False,False,0
ext_dorn_python_medium_07211,python,medium,True,True,True,1.0,-0.2976198196411133,False,True,True,False,0
ext_dorn_python_medium_07212,python,medium,True,True,False,0.0,-1.964284896850586,False,True,True,False,0
ext_dorn_python_medium_07213,python,medium,True,True,False,0.0,-0.5952386856079102,False,True,True,True,0
ext_dorn_python_medium_07214,python,medium,True,True,False,0.0,0.35714244842529297,True,False,False,False,0
ext_dorn_python_medium_07215,python,medium,True,True,True,1.0,-1.0119047164916992,False,True,True,True,0
ext_dorn_python_medium_07216,python,medium,True,False,False,1.0,0.0595245361328125,False,False,False,False,0
ext_dorn_python_medium_07217,python,medium,True,True,True,1.0,-0.23809528350830078,False,True,False,False,0
ext_dorn_python_medium_07218,python,medium,True,True,True,1.0,-1.0714292526245117,False,True,True,True,0
ext_dorn_python_medium_07219,python,medium,True,True,False,0.0,-1.2499990463256836,False,True,True,False,0
ext_dorn_python_medium_07220,python,medium,True,True,False,0.0,0.35714244842529297,True,False,False,False,0
ext_dorn_python_medium_07221,python,medium,True,False,False,1.0,0.11904716491699219,True,True,False,False,0
ext_dorn_python_medium_07222,python,medium,True,True,False,0.0,-1.9047613143920898,False,True,True,False,0
ext_dorn_python_medium_07223,python,medium,True,False,False,1.0,0.3571434020996094,True,True,True,True,0
ext_dorn_python_medium_07224,python,medium,True,True,False,0.0,-0.1190481185913086,False,True,False,False,0
ext_dorn_python_medium_07225,python,medium,True,True,True,1.0,-0.1190481185913086,False,True,False,False,0
ext_dorn_python_medium_07226,python,medium,True,False,False,0.0,-0.1190481185913086,True,True,False,False,0
ext_dorn_python_medium_07227,python,medium,True,True,True,1.0,-1.7261905670166016,False,True,True,True,0
ext_dorn_python_medium_07228,python,medium,True,False,False,0.0,0.1785717010498047,False,False,False,False,0
ext_dorn_python_medium_07229,python,medium,True,False,False,0.0,0.11904716491699219,False,False,True,True,0
ext_dorn_python_medium_07230,python,medium,True,True,False,0.0,-0.2976198196411133,False,True,False,False,0
ext_dorn_python_medium_07231,python,medium,True,True,True,1.0,0.5952377319335938,True,False,False,False,0
ext_dorn_python_medium_07232,python,medium,True,True,True,1.0,0.7142848968505859,True,False,False,False,0
ext_dorn_python_medium_07233,python,medium,True,True,False,0.0,-0.1785717010498047,False,True,False,False,0
ext_dorn_python_medium_07234,python,medium,True,True,False,0.0,0.7142848968505859,True,False,False,False,0
ext_dorn_python_medium_07235,python,medium,True,True,True,1.0,-0.17857074737548828,False,True,False,False,0
ext_dorn_python_medium_07236,python,medium,True,True,False,0.0,0.41666698455810547,True,False,False,False,0
ext_dorn_python_medium_07237,python,medium,True,True,True,1.0,0.5357151031494141,True,False,True,True,0
ext_dorn_python_medium_07238,python,medium,True,True,False,0.0,0.5357141494750977,True,False,True,False,0
ext_dorn_python_medium_07239,python,medium,True,True,True,1.0,0.2976188659667969,True,False,True,True,0
ext_dorn_python_medium_07240,python,medium,True,False,False,0.0,-0.05952262878417969,True,True,False,False,0
ext_dorn_python_medium_07241,python,medium,True,True,False,0.0,1.4285717010498047,True,False,True,False,0
ext_dorn_python_medium_07242,python,medium,True,True,True,1.0,0.7142858505249023,True,False,False,False,0
ext_dorn_python_medium_07243,python,medium,True,False,False,1.0,-0.1785717010498047,True,True,False,False,0
ext_dorn_python_medium_07244,python,medium,True,True,False,0.0,0.9523811340332031,True,False,False,False,0
ext_dorn_python_medium_07245,python,medium,True,True,True,1.0,1.0714292526245117,True,False,True,True,0
ext_dorn_python_medium_07246,python,medium,True,True,True,1.0,-0.17857074737548828,False,True,False,False,0
ext_dorn_python_medium_07247,python,medium,True,True,False,0.0,0.5952386856079102,True,False,False,False,0
ext_dorn_python_medium_07248,python,medium,True,False,False,1.0,0.059523582458496094,True,True,True,True,0
ext_dorn_python_medium_07249,python,medium,True,False,False,1.0,-9.5367431640625e-07,False,False,False,False,0
ext_dorn_python_medium_07250,python,medium,True,True,True,1.0,-2.380952835083008,False,True,True,True,0
ext_dorn_python_medium_07251,python,medium,True,True,True,1.0,1.9642858505249023,True,False,True,True,0
ext_dorn_python_medium_07252,python,medium,True,False,False,1.0,-0.2976198196411133,True,True,False,False,0
ext_dorn_python_medium_07253,python,medium,True,False,False,1.0,-0.059523582458496094,True,True,True,False,0
ext_dorn_python_medium_07254,python,medium,True,False,False,,0.0,True,True,True,True,0
ext_dorn_python_medium_07255,python,medium,True,True,True,1.0,1.2500009536743164,True,False,True,True,0
ext_dorn_python_medium_07256,python,medium,True,True,False,0.0,-0.23809528350830078,False,True,True,False,0
ext_dorn_python_medium_07257,python,medium,True,False,False,1.0,-0.1190481185913086,True,True,True,True,0
ext_dorn_python_medium_07258,python,medium,True,True,False,0.0,-1.0119056701660156,False,True,True,False,0
ext_dorn_python_medium_07259,python,medium,True,True,True,1.0,0.23809528350830078,True,False,False,False,0
ext_dorn_python_medium_07260,python,medium,True,False,False,0.0,-0.47619056701660156,False,False,False,False,0
ext_dorn_python_medium_07261,python,medium,True,False,False,0.0,0.17857074737548828,False,False,False,False,0
ext_dorn_python_medium_07262,python,medium,True,True,True,1.0,0.47618961334228516,True,False,True,True,0
ext_dorn_python_medium_07263,python,medium,True,True,True,1.0,-0.1190481185913086,False,True,True,True,0
ext_dorn_python_medium_07264,python,medium,True,True,True,1.0,-1.1309518814086914,False,True,True,True,0
ext_dorn_python_medium_07265,python,medium,True,True,True,1.0,-0.7142858505249023,False,True,False,False,0
ext_dorn_python_medium_07266,python,medium,True,True,True,1.0,1.0714292526245117,True,False,True,True,0
ext_dorn_python_medium_07267,python,medium,True,False,False,0.0,0.35714244842529297,False,False,False,False,0
ext_dorn_python_medium_07268,python,medium,True,False,False,1.0,0.41666698455810547,False,False,False,False,0
ext_dorn_python_medium_07269,python,medium,True,True,False,0.0,-1.25,False,True,False,False,0
ext_dorn_python_medium_07270,python,medium,True,False,False,0.0,0.1785717010498047,False,False,False,False,0
ext_dorn_python_medium_07271,python,medium,True,True,False,0.0,0.059523582458496094,True,False,False,False,0
ext_dorn_python_medium_07272,python,medium,True,True,False,0.0,0.29761791229248047,True,False,True,False,0
ext_dorn_python_medium_07273,python,medium,True,False,False,0.0,0.2976188659667969,True,True,False,False,0
ext_dorn_python_medium_07274,python,medium,True,True,True,1.0,0.41666603088378906,True,False,False,False,0
ext_dorn_python_medium_07275,python,medium,True,True,True,1.0,-1.4285717010498047,False,True,True,True,0
ext_dorn_python_medium_07276,python,medium,True,False,False,0.0,0.1785717010498047,True,True,True,False,0
ext_dorn_python_medium_07277,python,medium,True,True,False,0.0,-0.47618961334228516,False,True,False,False,0
ext_dorn_python_medium_07278,python,medium,True,True,True,1.0,-0.5357141494750977,False,True,False,False,0
ext_dorn_python_medium_07279,python,medium,True,True,False,0.0,-0.6547613143920898,False,True,True,False,0
ext_dorn_python_medium_07280,python,medium,True,True,False,0.0,-1.25,False,True,False,False,0
ext_dorn_python_medium_07281,python,medium,True,True,True,1.0,-0.7738103866577148,False,True,False,False,0
ext_dorn_python_medium_07282,python,medium,True,True,True,1.0,0.7738094329833984,True,False,True,True,0
ext_dorn_python_medium_07283,python,medium,True,True,False,0.0,0.7142858505249023,True,False,False,False,0
ext_dorn_python_medium_07284,python,medium,True,False,False,0.0,-0.11904716491699219,True,True,False,False,0
ext_dorn_python_medium_07285,python,medium,True,True,True,1.0,-0.47618961334228516,False,True,False,False,0
ext_dorn_python_medium_07286,python,medium,True,True,True,1.0,-0.8333339691162109,False,True,False,False,0
ext_dorn_python_medium_07287,python,medium,True,False,False,1.0,0.1785717010498047,True,True,True,True,0
ext_dorn_python_medium_07288,python,medium,True,True,True,1.0,-1.0714282989501953,False,True,True,True,0
ext_dorn_python_medium_07289,python,medium,True,True,False,0.0,-0.47619056701660156,False,True,True,True,0
ext_dorn_python_medium_07290,python,medium,True,False,False,,0.0,False,False,False,False,0
ext_dorn_python_medium_07291,python,medium,True,True,True,1.0,0.41666698455810547,True,False,False,False,0
ext_dorn_python_medium_07292,python,medium,True,True,False,0.0,1.6666669845581055,True,False,True,False,0
ext_dorn_python_medium_07293,python,medium,True,False,False,1.0,0.0595245361328125,True,True,True,True,0
ext_dorn_python_medium_07294,python,medium,True,False,False,0.0,-0.0595245361328125,False,False,True,True,0
ext_dorn_python_medium_07295,python,medium,True,True,True,1.0,-0.47619056701660156,False,True,False,False,0
ext_dorn_python_medium_07296,python,medium,True,True,True,1.0,1.3095245361328125,True,False,True,True,0
ext_dorn_python_medium_07297,python,medium,True,True,True,1.0,-1.0119047164916992,False,True,True,True,0
ext_dorn_python_medium_07298,python,medium,True,False,False,1.0,0.059523582458496094,True,True,True,True,0
ext_dorn_python_medium_07299,python,medium,True,True,False,0.0,0.23809432983398438,True,False,True,True,0
ext_dorn_python_medium_07300,python,medium,True,False,False,0.0,0.059523582458496094,True,True,False,False,0
ext_dorn_python_medium_07301,python,medium,True,True,True,1.0,1.9047622680664062,True,False,True,True,0
ext_dorn_python_medium_07302,python,medium,True,True,False,0.0,0.17857074737548828,True,False,False,False,0
ext_dorn_python_medium_07303,python,medium,True,True,True,1.0,-1.25,False,True,False,False,0
ext_dorn_python_medium_07304,python,medium,True,True,True,1.0,-1.071427345275879,False,True,False,False,0
ext_dorn_python_medium_07305,python,medium,True,True,True,1.0,0.6547622680664062,True,False,False,False,0
ext_dorn_python_medium_07306,python,medium,True,False,False,0.0,-0.05952262878417969,True,True,False,False,0
ext_dorn_python_medium_07307,python,medium,True,True,False,0.0,0.5357141494750977,True,False,False,False,0
ext_dorn_python_medium_07308,python,medium,True,True,True,1.0,-1.8452386856079102,False,True,True,True,0
ext_dorn_python_medium_07309,python,medium,True,True,True,1.0,0.7738103866577148,True,False,True,True,0
ext_dorn_python_medium_07310,python,medium,True,True,True,1.0,0.47619056701660156,True,False,False,False,0
ext_dorn_python_medium_07311,python,medium,True,True,True,1.0,-1.130950927734375,False,True,False,False,0
ext_dorn_python_medium_07312,python,medium,True,True,False,0.0,-1.3690471649169922,False,True,True,False,0
ext_dorn_python_medium_07313,python,medium,True,True,True,1.0,0.35714244842529297,True,False,False,False,0
ext_dorn_python_medium_07314,python,medium,True,True,True,1.0,-0.6547622680664062,False,True,True,True,0
ext_dorn_python_medium_07315,python,medium,True,True,True,1.0,-1.0119047164916992,False,True,False,False,0
ext_dorn_python_medium_07316,python,medium,True,False,False,1.0,0.11904716491699219,True,True,True,False,0
ext_dorn_python_medium_07317,python,medium,True,True,False,0.0,-0.5952377319335938,False,True,False,False,0
ext_dorn_python_medium_07318,python,medium,True,False,False,0.0,0.059523582458496094,False,False,False,False,0
ext_dorn_python_medium_07319,python,medium,True,True,False,0.0,0.3571434020996094,True,False,False,False,0
ext_dorn_python_medium_07320,python,medium,True,True,True,1.0,0.9523801803588867,True,False,True,True,0
ext_dorn_python_medium_07321,python,medium,True,True,False,0.0,0.23809528350830078,True,False,False,False,0
ext_dorn_python_medium_07322,python,medium,True,True,True,1.0,-0.1785717010498047,False,True,True,False,0
ext_dorn_python_medium_07323,python,medium,True,True,False,0.0,0.7142858505249023,True,False,True,True,0
ext_dorn_python_medium_07324,python,medium,True,True,False,0.0,-0.8928565979003906,False,True,True,False,0
ext_dorn_python_medium_07325,python,medium,True,True,True,1.0,0.8333339691162109,True,False,False,False,0
ext_dorn_python_medium_07326,python,medium,True,True,False,0.0,-0.8333330154418945,False,True,True,False,0
ext_dorn_python_medium_07327,python,medium,True,True,True,1.0,-0.3571434020996094,False,True,True,True,0
ext_dorn_python_medium_07328,python,medium,True,True,True,1.0,-0.5952367782592773,False,True,True,True,0
ext_dorn_python_medium_07329,python,medium,True,True,False,0.0,-0.5952377319335938,False,True,True,False,0
ext_dorn_python_medium_07330,python,medium,True,True,False,0.0,-1.3095226287841797,False,True,False,False,0
ext_dorn_python_medium_07331,python,medium,True,True,True,1.0,1.0714292526245117,True,False,True,True,0
ext_dorn_python_medium_07332,python,medium,True,True,False,0.0,0.7142858505249023,True,False,False,False,0
ext_dorn_python_medium_07333,python,medium,True,True,False,0.0,0.35714244842529297,True,False,True,True,0
ext_dorn_python_medium_07334,python,medium,True,True,True,1.0,-0.11904716491699219,False,True,False,False,0
ext_dorn_python_medium_07335,python,medium,True,False,False,1.0,-0.1190481185913086,False,False,True,False,0
ext_dorn_python_medium_07336,python,medium,True,True,True,1.0,-0.5952377319335938,False,True,True,True,0
ext_dorn_python_medium_07337,python,medium,True,True,True,1.0,0.9523811340332031,True,False,False,False,0
ext_dorn_python_medium_07338,python,medium,True,False,False,0.0,-0.23809528350830078,True,True,True,False,0
ext_dorn_python_medium_07339,python,medium,True,True,True,1.0,-0.8928565979003906,False,True,False,False,0
ext_dorn_python_medium_07340,python,medium,True,True,False,0.0,-0.6547622680664062,False,True,False,False,0
ext_dorn_python_medium_07341,python,medium,True,True,True,1.0,1.1309528350830078,True,False,True,True,0
ext_dorn_python_medium_07342,python,medium,True,True,False,0.0,0.2976188659667969,True,False,False,False,0
ext_dorn_python_medium_07343,python,medium,True,True,False,0.0,0.1190481185913086,True,False,False,False,0
ext_dorn_python_medium_07344,python,medium,True,False,False,0.0,0.0595245361328125,False,False,True,True,0
ext_dorn_python_medium_07345,python,medium,True,True,True,1.0,-0.23809432983398438,False,True,False,False,0
ext_dorn_python_medium_07346,python,medium,True,True,False,0.0,0.1785717010498047,True,False,False,False,0
ext_dorn_python_medium_07347,python,medium,True,True,False,0.0,-0.3571434020996094,False,True,False,False,0
ext_dorn_python_medium_07348,python,medium,True,True,True,1.0,-1.3095245361328125,False,True,True,True,0
ext_dorn_python_medium_07349,python,medium,True,True,True,1.0,1.5476188659667969,True,False,False,False,0
ext_dorn_python_medium_07350,python,medium,True,False,False,0.0,-0.17857074737548828,False,False,True,True,0
ext_dorn_python_medium_07351,python,medium,True,True,True,1.0,1.190476417541504,True,False,True,True,0
ext_dorn_python_medium_07352,python,medium,True,False,False,0.0,0.23809432983398438,True,True,False,False,0
ext_dorn_python_medium_07353,python,medium,True,False,False,1.0,0.11904716491699219,True,True,True,True,0
ext_dorn_python_medium_07354,python,medium,True,True,False,0.0,0.7142858505249023,True,False,True,False,0
ext_dorn_python_medium_07355,python,medium,True,True,False,0.0,-0.1190481185913086,False,True,False,False,0
ext_dorn_python_medium_07356,python,medium,True,True,True,1.0,-0.41666603088378906,False,True,False,False,0
ext_dorn_python_medium_07357,python,medium,True,True,False,0.0,-0.35714244842529297,False,True,False,False,0
ext_dorn_python_medium_07358,python,medium,True,True,False,0.0,0.35714244842529297,True,False,True,False,0
ext_dorn_python_medium_07359,python,medium,True,True,False,0.0,0.35714244842529297,True,False,False,False,0
ext_dorn_python_medium_07360,python,medium,True,True,True,1.0,0.6547613143920898,True,False,True,True,0
ext_dorn_python_medium_07361,python,medium,True,True,True,1.0,0.7142858505249023,True,False,True,True,0
ext_dorn_python_medium_07362,python,medium,True,True,True,1.0,0.1785726547241211,True,False,True,True,0
ext_dorn_python_medium_07363,python,medium,True,True,True,1.0,-1.071427345275879,False,True,False,False,0
ext_dorn_python_medium_07364,python,medium,True,True,False,0.0,0.41666698455810547,True,False,False,False,0
ext_dorn_python_medium_07365,python,medium,True,True,False,0.0,-1.309523582458496,False,True,False,False,0
ext_dorn_python_medium_07366,python,medium,True,True,True,1.0,-0.41666603088378906,False,True,False,False,0
ext_dorn_python_medium_07367,python,medium,True,True,False,0.0,-0.41666603088378906,False,True,True,True,0
ext_dorn_python_medium_07368,python,medium,True,True,True,1.0,0.8333330154418945,True,False,False,False,0
ext_dorn_python_medium_07369,python,medium,True,True,True,1.0,0.7142858505249023,True,False,False,False,0
ext_dorn_python_medium_07370,python,medium,True,True,False,0.0,-1.3690481185913086,False,True,True,False,0
ext_dorn_python_medium_07371,python,medium,True,False,False,1.0,0.23809528350830078,True,True,True,True,0
ext_dorn_python_medium_07372,python,medium,True,True,False,0.0,0.9523801803588867,True,False,False,False,0
ext_dorn_python_medium_07373,python,medium,True,True,True,1.0,0.7142858505249023,True,False,True,True,0
ext_dorn_python_medium_07374,python,medium,True,True,False,0.0,0.9523820877075195,True,False,False,False,0
ext_dorn_python_medium_07375,python,medium,True,False,False,0.0,-0.41666698455810547,False,False,True,False,0
ext_dorn_python_medium_07376,python,medium,True,True,True,1.0,0.5952386856079102,True,False,True,True,0
ext_dorn_python_medium_07377,python,medium,True,False,False,1.0,-0.17857074737548828,True,True,True,True,0
ext_dorn_python_medium_07378,python,medium,True,True,False,0.0,-0.41666698455810547,False,True,True,False,0
ext_dorn_python_medium_07379,python,medium,True,True,True,1.0,1.3690481185913086,True,False,True,True,0
ext_dorn_python_medium_07380,python,medium,True,True,False,0.0,-0.892857551574707,False,True,False,False,0
ext_dorn_python_medium_07381,python,medium,True,True,True,1.0,-1.190476417541504,False,True,False,False,0
ext_dorn_python_medium_07382,python,medium,True,True,True,1.0,-0.47618961334228516,False,True,False,False,0
ext_dorn_python_medium_07383,python,medium,True,True,True,1.0,-0.5357141494750977,False,True,False,False,0
ext_dorn_python_medium_07384,python,medium,True,True,True,1.0,-0.5952386856079102,False,True,False,False,0
ext_dorn_python_medium_07385,python,medium,True,False,False,1.0,-0.11904621124267578,False,False,True,True,0
ext_dorn_python_medium_07386,python,medium,True,True,True,1.0,1.309523582458496,True,False,True,True,0
ext_dorn_python_medium_07387,python,medium,True,False,False,1.0,-0.1785717010498047,False,False,False,False,0
ext_dorn_python_medium_07388,python,medium,True,True,True,1.0,0.23809528350830078,True,False,False,False,0
ext_dorn_python_medium_07389,python,medium,True,True,False,0.0,0.5357151031494141,True,False,True,True,0
ext_dorn_python_medium_07390,python,medium,True,False,False,0.0,0.35714244842529297,False,False,False,False,0
ext_dorn_python_medium_07391,python,medium,True,True,True,1.0,-0.35714244842529297,False,True,True,True,0
ext_dorn_python_medium_07392,python,medium,True,False,False,1.0,-0.5357141494750977,False,False,True,True,0
ext_dorn_python_medium_07393,python,medium,True,False,False,1.0,0.0595245361328125,False,False,False,False,0
ext_dorn_python_medium_07394,python,medium,True,True,False,0.0,-0.6547613143920898,False,True,True,False,0
ext_dorn_python_medium_07395,python,medium,True,False,False,1.0,-0.1785717010498047,False,False,True,True,0
ext_dorn_python_medium_07396,python,medium,True,False,False,0.0,-0.11904716491699219,False,False,True,False,0
ext_dorn_python_medium_07397,python,medium,True,True,False,0.0,0.23809528350830078,True,False,True,True,0
ext_dorn_python_medium_07398,python,medium,True,True,True,1.0,-1.1309528350830078,False,True,False,False,0
ext_dorn_python_medium_07399,python,medium,True,True,False,0.0,-1.1309518814086914,False,True,False,False,0
ext_dorn_python_medium_07400,python,medium,True,True,True,1.0,0.41666603088378906,True,False,False,False,0
ext_dorn_python_medium_07401,python,medium,True,True,True,1.0,0.5357151031494141,True,False,True,True,0
ext_dorn_python_medium_07402,python,medium,True,False,False,0.0,0.059523582458496094,True,True,False,False,0
ext_dorn_python_medium_07403,python,medium,True,True,True,1.0,0.7142848968505859,True,False,False,False,0
ext_dorn_python_medium_07404,python,medium,True,True,True,1.0,0.9523811340332031,True,False,True,True,0
ext_dorn_python_medium_07405,python,medium,True,True,True,1.0,1.0714282989501953,True,False,True,True,0
ext_dorn_python_medium_07406,python,medium,True,True,True,1.0,0.11904716491699219,True,False,False,False,0
ext_dorn_python_medium_07407,python,medium,True,False,False,1.0,-9.5367431640625e-07,False,False,True,True,0
ext_dorn_python_medium_07408,python,medium,True,True,False,0.0,-0.47619056701660156,False,True,False,False,0
ext_dorn_python_medium_07409,python,medium,True,True,True,1.0,-0.6547622680664062,False,True,True,True,0
ext_dorn_python_medium_07410,python,medium,True,True,True,1.0,-0.8333339691162109,False,True,False,False,0
ext_dorn_python_medium_07411,python,medium,True,True,True,1.0,0.8333330154418945,True,False,False,False,0
ext_dorn_python_medium_07412,python,medium,True,False,False,0.0,0.1785717010498047,True,True,False,False,0
ext_dorn_python_medium_07413,python,medium,True,True,True,1.0,-0.8333330154418945,False,True,False,False,0
ext_dorn_python_medium_07414,python,medium,True,True,True,1.0,0.9523811340332031,True,False,False,False,0
ext_dorn_python_medium_07415,python,medium,True,False,False,0.0,-0.059523582458496094,True,True,False,False,0
ext_dorn_python_medium_07416,python,medium,True,True,False,0.0,-0.5357141494750977,False,True,False,False,0
ext_dorn_python_medium_07417,python,medium,True,True,True,1.0,-1.1309537887573242,False,True,True,True,0
ext_dorn_python_medium_07418,python,medium,True,True,True,1.0,-0.7142858505249023,False,True,True,True,0
ext_dorn_python_medium_07419,python,medium,True,True,True,1.0,-0.23809528350830078,False,True,False,False,0
ext_dorn_python_medium_07420,python,medium,True,False,False,,0.0,False,False,True,False,0
ext_dorn_python_medium_07421,python,medium,True,False,False,1.0,-0.11904716491699219,False,False,False,False,0
ext_dorn_python_medium_07422,python,medium,True,True,True,1.0,1.9047622680664062,True,False,True,True,0
ext_dorn_python_medium_07423,python,medium,True,True,False,0.0,0.059523582458496094,True,False,True,True,0
ext_dorn_python_medium_07424,python,medium,True,True,True,1.0,2.3214292526245117,True,False,True,True,0
ext_dorn_python_medium_07425,python,medium,True,True,True,1.0,-0.23809432983398438,False,True,False,False,0
ext_dorn_python_medium_07426,python,medium,True,True,True,1.0,-0.35714244842529297,False,True,False,False,0
ext_dorn_python_medium_07427,python,medium,True,True,True,1.0,0.059523582458496094,True,False,True,True,0
ext_dorn_python_medium_07428,python,medium,True,True,False,0.0,-1.1904754638671875,False,True,True,False,0
ext_dorn_python_medium_07429,python,medium,True,False,False,,0.0,True,True,False,False,0
ext_dorn_python_medium_07430,python,medium,True,True,True,1.0,-0.35714244842529297,False,True,True,False,0
ext_dorn_python_medium_07431,python,medium,True,True,False,0.0,-0.0595245361328125,False,True,False,False,0
ext_dorn_python_medium_07432,python,medium,True,True,True,1.0,-0.23809528350830078,False,True,True,True,0
ext_dorn_python_medium_07433,python,medium,True,True,True,1.0,-0.2976188659667969,False,True,True,True,0
ext_dorn_python_medium_07434,python,medium,True,True,False,0.0,0.7142858505249023,True,False,False,False,0
ext_dorn_python_medium_07435,python,medium,True,True,False,0.0,-0.47619056701660156,False,True,True,False,0
ext_dorn_python_medium_07436,python,medium,True,True,False,0.0,-0.23809528350830078,False,True,False,False,0
ext_dorn_python_medium_07437,python,medium,True,False,False,1.0,-0.059523582458496094,False,False,True,True,0
ext_dorn_python_medium_07438,python,medium,True,True,False,0.0,-0.5357141494750977,False,True,False,False,0
ext_dorn_python_medium_07439,python,medium,True,True,True,1.0,-0.7142858505249023,False,True,False,False,0
ext_dorn_python_medium_07440,python,medium,True,True,True,1.0,-0.7142858505249023,False,True,False,False,0
ext_dorn_python_medium_07441,python,medium,True,False,False,1.0,0.17857074737548828,True,True,False,False,0
ext_dorn_python_medium_07442,python,medium,True,False,False,0.0,-0.2976198196411133,False,False,False,False,0
ext_dorn_python_medium_07443,python,medium,True,True,True,1.0,-0.35714149475097656,False,True,True,True,0
ext_dorn_python_medium_07444,python,medium,True,True,True,1.0,0.1785726547241211,True,False,False,False,0
ext_dorn_python_medium_07445,python,medium,True,True,True,1.0,0.5952386856079102,True,False,True,True,0
ext_dorn_python_medium_07446,python,medium,True,True,False,0.0,0.5952386856079102,True,False,False,False,0
ext_dorn_python_medium_07447,python,medium,True,True,True,1.0,1.190476417541504,True,False,True,True,0
ext_dorn_python_medium_07448,python,medium,True,False,False,1.0,-0.23809528350830078,True,True,False,False,0
ext_dorn_python_medium_07449,python,medium,True,True,True,1.0,-1.4285717010498047,False,True,False,False,0
ext_dorn_python_medium_07450,python,medium,True,False,False,,0.0,True,True,False,False,0
ext_dorn_python_medium_07451,python,medium,True,True,False,0.0,-0.2976188659667969,False,True,True,True,0
ext_dorn_python_medium_07452,python,medium,True,True,False,0.0,-0.41666698455810547,False,True,False,False,0
ext_dorn_python_medium_07453,python,medium,True,True,True,1.0,0.8333339691162109,True,False,True,True,0
ext_dorn_python_medium_07454,python,medium,True,True,True,1.0,-1.25,False,True,False,False,0
ext_dorn_python_medium_07455,python,medium,True,True,True,1.0,-0.23809528350830078,False,True,False,False,0
ext_dorn_python_medium_07456,python,medium,True,False,False,1.0,-0.2976188659667969,False,False,False,False,0
ext_dorn_python_medium_07457,python,medium,True,True,False,0.0,0.6547613143920898,True,False,False,False,0
ext_dorn_python_medium_07458,python,medium,True,False,False,1.0,-0.1190481185913086,True,True,False,False,0
ext_dorn_python_medium_07459,python,medium,True,True,True,1.0,-0.9523801803588867,False,True,True,True,0
ext_dorn_python_medium_07460,python,medium,True,False,False,1.0,-0.1190481185913086,False,False,False,False,0
ext_dorn_python_medium_07461,python,medium,True,False,False,1.0,-0.1785717010498047,True,True,False,False,0
ext_dorn_python_medium_07462,python,medium,True,False,False,1.0,-0.6547613143920898,True,True,True,False,0
ext_dorn_python_medium_07463,python,medium,True,False,False,0.0,-0.1785717010498047,True,True,False,False,0
ext_dorn_python_medium_07464,python,medium,True,False,False,1.0,0.11904716491699219,True,True,True,False,0
ext_dorn_python_medium_07465,python,medium,True,False,False,1.0,-0.059523582458496094,False,False,True,True,0
ext_dorn_python_medium_07466,python,medium,True,True,True,1.0,1.0714282989501953,True,False,True,True,0
ext_dorn_python_medium_07467,python,medium,True,False,False,0.0,0.17857074737548828,False,False,False,False,0
ext_dorn_python_medium_07468,python,medium,True,True,True,1.0,1.1309518814086914,True,False,False,False,0
ext_dorn_python_medium_07469,python,medium,True,False,False,0.0,0.17857074737548828,True,True,True,False,0
ext_dorn_python_medium_07470,python,medium,True,True,True,1.0,0.8928565979003906,True,False,False,False,0
ext_dorn_python_medium_07471,python,medium,True,True,True,1.0,-0.7738103866577148,False,True,False,False,0
ext_dorn_python_medium_07472,python,medium,True,True,True,1.0,0.41666698455810547,True,False,True,True,0
ext_dorn_python_medium_07473,python,medium,True,True,True,1.0,1.4880962371826172,True,False,False,False,0
ext_dorn_python_medium_07474,python,medium,True,True,True,1.0,-0.23809432983398438,False,True,False,False,0
ext_dorn_python_medium_07475,python,medium,True,True,False,0.0,-0.35714244842529297,False,True,True,True,0
ext_dorn_python_medium_07476,python,medium,True,True,True,1.0,-0.47619056701660156,False,True,False,False,0
ext_dorn_python_medium_07477,python,medium,True,True,True,1.0,-0.2976188659667969,False,True,False,False,0
ext_dorn_python_medium_07478,python,medium,True,True,True,1.0,-0.5357141494750977,False,True,True,True,0
ext_dorn_python_medium_07479,python,medium,True,True,False,0.0,0.17857074737548828,True,False,True,True,0
ext_dorn_python_medium_07480,python,medium,True,False,False,1.0,-0.2380962371826172,False,False,True,True,0
ext_dorn_python_medium_07481,python,medium,True,True,False,0.0,-1.0119056701660156,False,True,True,False,0
ext_dorn_python_medium_07482,python,medium,True,True,True,1.0,-1.7261905670166016,False,True,True,True,0
ext_dorn_python_medium_07483,python,medium,True,True,True,1.0,-1.4880952835083008,False,True,True,True,0
ext_dorn_python_medium_07484,python,medium,True,True,False,0.0,-0.35714244842529297,False,True,True,False,0
ext_dorn_python_medium_07485,python,medium,True,True,True,1.0,0.5357141494750977,True,False,True,True,0
ext_dorn_python_medium_07486,python,medium,True,True,False,0.0,-0.1190481185913086,False,True,False,False,0
ext_dorn_python_medium_07487,python,medium,True,True,True,1.0,-0.41666698455810547,False,True,False,False,0
ext_dorn_python_medium_07488,python,medium,True,True,True,1.0,-0.7142848968505859,False,True,True,True,0
ext_dorn_python_medium_07489,python,medium,True,True,False,0.0,-1.309523582458496,False,True,True,False,0
ext_dorn_python_medium_07490,python,medium,True,True,False,0.0,0.23809528350830078,True,False,False,False,0
ext_dorn_python_medium_07491,python,medium,True,False,False,1.0,-0.17857074737548828,True,True,True,True,0
ext_dorn_python_medium_07492,python,medium,True,True,True,1.0,-1.1309528350830078,False,True,True,True,0
ext_dorn_python_medium_07493,python,medium,True,True,True,1.0,1.190476417541504,True,False,True,True,0
ext_dorn_python_medium_07494,python,medium,True,False,False,1.0,-0.0595245361328125,False,False,False,False,0
ext_dorn_python_medium_07495,python,medium,True,True,False,0.0,0.41666603088378906,True,False,False,False,0
ext_dorn_python_medium_07496,python,medium,True,False,False,1.0,-0.0595245361328125,False,False,True,True,0
ext_dorn_python_medium_07497,python,medium,True,True,True,1.0,-1.0119047164916992,False,True,False,False,0
ext_dorn_python_medium_07498,python,medium,True,True,False,0.0,0.7738094329833984,True,False,False,False,0
ext_dorn_python_medium_07499,python,medium,True,True,True,1.0,0.2976188659667969,True,False,False,False,0
ext_dorn_python_medium_07500,python,medium,True,False,False,0.0,0.059523582458496094,True,True,False,False,0
ext_dorn_python_medium_07501,python,medium,True,True,True,1.0,0.1190481185913086,True,False,False,False,0
ext_dorn_python_medium_07502,python,medium,True,True,False,0.0,-0.6547622680664062,False,True,True,False,0
ext_dorn_python_medium_07503,python,medium,True,False,False,1.0,0.059523582458496094,False,False,False,False,0
ext_dorn_python_medium_07504,python,medium,True,False,False,1.0,0.8333330154418945,False,False,False,False,0
ext_dorn_python_medium_07505,python,medium,True,True,False,0.0,0.059523582458496094,True,False,True,False,0
ext_dorn_python_medium_07506,python,medium,True,True,False,0.0,0.2976188659667969,True,False,False,False,0
ext_dorn_python_medium_07507,python,medium,True,True,True,1.0,0.2976198196411133,True,False,False,False,0
ext_dorn_python_medium_07508,python,medium,True,True,True,1.0,-0.23809432983398438,False,True,False,False,0
ext_dorn_python_medium_07509,python,medium,True,True,True,1.0,1.190476417541504,True,False,False,False,0
ext_dorn_python_medium_07510,python,medium,True,True,False,0.0,-0.5952386856079102,False,True,True,False,0
ext_dorn_python_medium_07511,python,medium,True,True,True,1.0,-0.8928556442260742,False,True,True,True,0
ext_dorn_python_medium_07512,python,medium,True,False,False,1.0,-0.2976198196411133,True,True,False,False,0
ext_dorn_python_medium_07513,python,medium,True,True,True,1.0,-0.8333330154418945,False,True,False,False,0
ext_dorn_python_medium_07514,python,medium,True,False,False,1.0,0.3571434020996094,True,True,True,True,0
ext_dorn_python_medium_07515,python,medium,True,True,True,1.0,0.41666698455810547,True,False,True,True,0
ext_dorn_python_medium_07516,python,medium,True,True,True,1.0,0.8928565979003906,True,False,False,False,0
ext_dorn_python_medium_07517,python,medium,True,False,False,1.0,-0.1190481185913086,False,False,False,False,0
ext_dorn_python_medium_07518,python,medium,True,True,True,1.0,-0.059523582458496094,False,True,False,False,0
ext_dorn_python_medium_07519,python,medium,True,True,True,1.0,0.9523811340332031,True,False,True,True,0
ext_dorn_python_medium_07520,python,medium,True,False,False,0.0,-0.1190481185913086,False,False,False,False,0
ext_dorn_python_medium_07521,python,medium,True,False,False,1.0,-0.1190481185913086,True,True,True,False,0
ext_dorn_python_medium_07522,python,medium,True,True,False,0.0,-0.6547613143920898,False,True,True,False,0
ext_dorn_python_medium_07523,python,medium,True,True,False,0.0,-0.7738094329833984,False,True,True,True,0
ext_dorn_python_medium_07524,python,medium,True,False,False,0.0,0.1190481185913086,True,True,False,False,0
ext_dorn_python_medium_07525,python,medium,True,False,False,0.0,0.059523582458496094,False,False,True,True,0
ext_dorn_python_medium_07526,python,medium,True,True,False,0.0,-0.6547622680664062,False,True,True,False,0
ext_dorn_python_medium_07527,python,medium,True,True,True,1.0,-0.2976188659667969,False,True,True,True,0
ext_dorn_python_medium_07528,python,medium,True,True,False,0.0,-1.190476417541504,False,True,False,False,0
ext_dorn_python_medium_07529,python,medium,True,True,False,0.0,1.4880952835083008,True,False,False,False,0
ext_dorn_python_medium_07530,python,medium,True,False,False,1.0,0.1190481185913086,True,True,False,False,0
ext_dorn_python_medium_07531,python,medium,True,True,True,1.0,-1.4285717010498047,False,True,True,True,0
ext_dorn_python_medium_07532,python,medium,True,False,False,,0.0,False,False,True,False,0
ext_dorn_python_medium_07533,python,medium,True,True,False,0.0,0.7738094329833984,True,False,True,True,0
ext_dorn_python_medium_07534,python,medium,True,True,False,0.0,1.5476198196411133,True,False,True,False,0
ext_dorn_python_medium_07535,python,medium,True,True,True,1.0,-0.7738094329833984,False,True,True,True,0
ext_dorn_python_medium_07536,python,medium,True,False,False,1.0,-0.35714244842529297,True,True,True,True,0
ext_dorn_python_medium_07537,python,medium,True,True,True,1.0,0.3571434020996094,True,False,False,False,0
ext_dorn_python_medium_07538,python,medium,True,True,True,1.0,1.309523582458496,True,False,True,True,0
ext_dorn_python_medium_07539,python,medium,True,False,False,1.0,0.47619056701660156,True,True,True,True,0
ext_dorn_python_medium_07540,python,medium,True,True,True,1.0,0.7142848968505859,True,False,False,False,0
ext_dorn_python_medium_07541,python,medium,True,True,False,0.0,0.41666698455810547,True,False,True,False,0
ext_dorn_python_medium_07542,python,medium,True,False,False,1.0,-0.23809528350830078,True,True,True,True,0
ext_dorn_python_medium_07543,python,medium,True,True,False,0.0,0.5357151031494141,True,False,True,False,0
ext_dorn_python_medium_07544,python,medium,True,True,True,1.0,0.5357141494750977,True,False,True,True,0
ext_dorn_python_medium_07545,python,medium,True,True,False,0.0,0.35714244842529297,True,False,False,False,0
ext_dorn_python_medium_07546,python,medium,True,True,False,0.0,-0.3571434020996094,False,True,True,True,0
ext_dorn_python_medium_07547,python,medium,True,True,True,1.0,-0.5952377319335938,False,True,False,False,0
ext_dorn_python_medium_07548,python,medium,True,True,True,1.0,-0.8928565979003906,False,True,True,True,0
ext_dorn_python_medium_07549,python,medium,True,True,False,0.0,-0.6547613143920898,False,True,True,False,0
ext_dorn_python_medium_07550,python,medium,True,True,True,1.0,-0.35714244842529297,False,True,False,False,0
ext_dorn_python_medium_07551,python,medium,True,False,False,0.0,0.0595245361328125,True,True,False,False,0
ext_dorn_python_medium_07552,python,medium,True,False,False,0.0,0.2976198196411133,False,False,True,True,0
ext_dorn_python_medium_07553,python,medium,True,True,False,0.0,-0.6547613143920898,False,True,False,False,0
ext_dorn_python_medium_07554,python,medium,True,False,False,1.0,0.11904716491699219,True,True,True,False,0
ext_dorn_python_medium_07555,python,medium,True,True,True,1.0,-1.190476417541504,False,True,True,True,0
ext_dorn_python_medium_07556,python,medium,True,True,False,0.0,0.5952386856079102,True,False,True,False,0
ext_dorn_python_medium_07557,python,medium,True,True,False,0.0,0.7142858505249023,True,False,False,False,0
ext_dorn_python_medium_07558,python,medium,True,False,False,1.0,0.059523582458496094,False,False,False,False,0
ext_dorn_python_medium_07559,python,medium,True,False,False,0.0,0.3571434020996094,False,False,False,False,0
ext_dorn_python_medium_07560,python,medium,True,True,True,1.0,0.41666603088378906,True,False,False,False,0
ext_dorn_python_medium_07561,python,medium,True,False,False,1.0,0.41666698455810547,True,True,True,True,0
ext_dorn_python_medium_07562,python,medium,True,True,True,1.0,1.1309528350830078,True,False,True,True,0
ext_dorn_python_medium_07563,python,medium,True,True,True,1.0,-1.1309518814086914,False,True,False,False,0
ext_dorn_python_medium_07564,python,medium,True,True,False,0.0,-1.190476417541504,False,True,True,False,0
ext_dorn_python_medium_07565,python,medium,True,True,True,1.0,-0.8333330154418945,False,True,True,True,0
ext_dorn_python_medium_07566,python,medium,True,False,False,0.0,0.0595245361328125,True,True,False,False,0
ext_dorn_python_medium_07567,python,medium,True,True,True,1.0,0.8333330154418945,True,False,True,True,0
ext_dorn_python_medium_07568,python,medium,True,True,False,0.0,0.9523801803588867,True,False,False,False,0
ext_dorn_python_medium_07569,python,medium,True,True,False,0.0,0.23809432983398438,True,False,True,False,0
ext_dorn_python_medium_07570,python,medium,True,True,False,0.0,1.0119056701660156,True,False,False,False,0
ext_dorn_python_medium_07571,python,medium,True,True,False,0.0,1.0714292526245117,True,False,True,False,0
ext_dorn_python_medium_07572,python,medium,True,False,False,1.0,0.059523582458496094,False,False,False,False,0
ext_dorn_python_medium_07573,python,medium,True,True,True,1.0,-0.47618961334228516,False,True,False,False,0
ext_dorn_python_medium_07574,python,medium,True,True,True,1.0,-0.41666698455810547,False,True,False,False,0
ext_dorn_python_medium_07575,python,medium,True,True,True,1.0,0.892857551574707,True,False,True,True,0
ext_dorn_python_medium_07576,python,medium,True,True,True,1.0,-1.0714282989501953,False,True,True,True,0
ext_dorn_python_medium_07577,python,medium,True,True,True,1.0,-0.35714244842529297,False,True,False,False,0
ext_dorn_python_medium_07578,python,medium,True,True,True,1.0,-0.5357141494750977,False,True,True,True,0
ext_dorn_python_medium_07579,python,medium,True,True,True,1.0,-0.892857551574707,False,True,True,True,0
ext_dorn_python_medium_07580,python,medium,True,True,True,1.0,0.41666698455810547,True,False,False,False,0
ext_dorn_python_medium_07581,python,medium,True,True,False,0.0,-1.190476417541504,False,True,True,False,0
ext_dorn_python_medium_07582,python,medium,True,True,True,1.0,-1.666666030883789,False,True,True,True,0
ext_dorn_python_medium_07583,python,medium,True,True,False,0.0,-0.35714244842529297,False,True,False,False,0
ext_dorn_python_medium_07584,python,medium,True,False,False,1.0,0.23809528350830078,True,True,True,True,0
ext_dorn_python_medium_07585,python,medium,True,False,False,0.0,-0.23809432983398438,False,False,True,False,0
ext_dorn_python_medium_07586,python,medium,True,False,False,0.0,-0.1190481185913086,False,False,False,False,0
ext_dorn_python_medium_07587,python,medium,True,True,True,1.0,1.0119037628173828,True,False,False,False,0
ext_dorn_python_medium_07588,python,medium,True,True,True,1.0,-1.0714282989501953,False,True,False,False,0
ext_dorn_python_medium_07589,python,medium,True,True,True,1.0,1.6666669845581055,True,False,True,True,0
ext_dorn_python_medium_07590,python,medium,True,False,False,,0.0,True,True,True,True,0
ext_dorn_python_medium_07591,python,medium,True,False,False,0.0,-0.41666698455810547,True,True,True,True,0
ext_dorn_python_medium_07592,python,medium,True,True,True,1.0,0.2976188659667969,True,False,True,True,0
ext_dorn_python_medium_07593,python,medium,True,True,True,1.0,0.9523811340332031,True,False,True,True,0
ext_dorn_python_medium_07594,python,medium,True,True,True,1.0,1.3690481185913086,True,False,True,True,0
ext_dorn_python_medium_07595,python,medium,True,False,False,1.0,-0.1785717010498047,True,True,False,False,0
ext_dorn_python_medium_07596,python,medium,True,True,False,0.0,1.190476417541504,True,False,True,False,0
ext_dorn_python_medium_07597,python,medium,True,True,True,1.0,0.7738094329833984,True,False,False,False,0
ext_dorn_python_medium_07598,python,medium,True,True,False,0.0,0.41666698455810547,True,False,False,False,0
ext_dorn_python_medium_07599,python,medium,True,True,False,0.0,0.6547613143920898,True,False,False,False,0
ext_dorn_python_medium_07600,python,medium,True,False,False,0.0,0.11904716491699219,True,True,False,False,0
ext_dorn_python_medium_07601,python,medium,True,True,False,0.0,0.47619152069091797,True,False,False,False,0
ext_dorn_python_medium_07602,python,medium,True,True,False,0.0,-0.8333339691162109,False,True,False,False,0
ext_dorn_python_medium_07603,python,medium,True,True,False,0.0,-0.3571434020996094,False,True,False,False,0
ext_dorn_python_medium_07604,python,medium,True,False,False,0.0,-0.059523582458496094,True,True,False,False,0
ext_dorn_python_medium_07605,python,medium,True,False,False,1.0,9.5367431640625e-07,False,False,False,False,0
ext_dorn_python_medium_07606,python,medium,True,True,False,0.0,-1.2500009536743164,False,True,False,False,0
ext_dorn_python_medium_07607,python,medium,True,True,False,0.0,-0.7738103866577148,False,True,False,False,0
ext_dorn_python_medium_07608,python,medium,True,True,False,0.0,0.8333330154418945,True,False,True,False,0
ext_dorn_python_medium_07609,python,medium,True,True,False,0.0,-0.11904716491699219,False,True,True,True,0
ext_dorn_python_medium_07610,python,medium,True,True,False,0.0,-0.8333330154418945,False,True,True,False,0
ext_dorn_python_medium_07611,python,medium,True,True,True,1.0,0.3571434020996094,True,False,False,False,0
ext_dorn_python_medium_07612,python,medium,True,False,False,0.0,0.059523582458496094,False,False,True,True,0
ext_dorn_python_medium_07613,python,medium,True,True,False,0.0,0.47618961334228516,True,False,False,False,0
ext_dorn_python_medium_07614,python,medium,True,True,True,1.0,-0.7142858505249023,False,True,True,True,0
ext_dorn_python_medium_07615,python,medium,True,True,True,1.0,-0.8333330154418945,False,True,True,True,0
ext_dorn_python_medium_07616,python,medium,True,True,False,0.0,0.41666698455810547,True,False,False,False,0
ext_dorn_python_medium_07617,python,medium,True,True,True,1.0,-0.2976188659667969,False,True,False,False,0
ext_dorn_python_medium_07618,python,medium,True,False,False,0.0,-0.05952262878417969,False,False,False,False,0
ext_dorn_python_medium_07619,python,medium,True,True,True,1.0,0.23809528350830078,True,False,False,False,0
ext_dorn_python_medium_07620,python,medium,True,False,False,1.0,-0.0595245361328125,True,True,False,False,0
ext_dorn_python_medium_07621,python,medium,True,True,False,0.0,1.0119047164916992,True,False,True,False,0
ext_dorn_python_medium_07622,python,medium,True,True,False,0.0,0.35714149475097656,True,False,False,False,0
ext_dorn_python_medium_07623,python,medium,True,True,False,0.0,0.47619056701660156,True,False,True,False,0
ext_dorn_python_medium_07624,python,medium,True,True,False,0.0,-0.7142848968505859,False,True,False,False,0
ext_dorn_python_medium_07625,python,medium,True,False,False,,0.0,True,True,True,False,0
ext_dorn_python_medium_07626,python,medium,True,False,False,1.0,0.23809432983398438,False,False,False,False,0
ext_dorn_python_medium_07627,python,medium,True,True,True,1.0,-0.5357141494750977,False,True,False,False,0
ext_dorn_python_medium_07628,python,medium,True,True,True,1.0,-1.0714282989501953,False,True,False,False,0
ext_dorn_python_medium_07629,python,medium,True,True,True,1.0,-0.5952386856079102,False,True,True,True,0
ext_dorn_python_medium_07630,python,medium,True,True,False,0.0,0.47619056701660156,True,False,True,False,0
ext_dorn_python_medium_07631,python,medium,True,False,False,1.0,-0.059523582458496094,False,False,True,True,0
ext_dorn_python_medium_07632,python,medium,True,True,True,1.0,-0.41666698455810547,False,True,True,True,0
ext_dorn_python_medium_07633,python,medium,True,False,False,1.0,0.3571434020996094,True,True,True,True,0
ext_dorn_python_medium_07634,python,medium,True,True,False,0.0,-0.5952377319335938,False,True,False,False,0
ext_dorn_python_medium_07635,python,medium,True,True,False,0.0,-0.11904716491699219,False,True,True,True,0
ext_dorn_python_medium_07636,python,medium,True,False,False,1.0,0.1190481185913086,True,True,True,True,0
ext_dorn_python_medium_07637,python,medium,True,True,True,1.0,0.8928585052490234,True,False,False,False,0
ext_dorn_python_medium_07638,python,medium,True,True,True,1.0,0.41666603088378906,True,False,True,True,0
ext_dorn_python_medium_07639,python,medium,True,True,True,1.0,-0.2976188659667969,False,True,True,True,0
ext_dorn_python_medium_07640,python,medium,True,True,True,1.0,-0.47619056701660156,False,True,True,True,0
ext_dorn_python_medium_07641,python,medium,True,True,True,1.0,-1.3690471649169922,False,True,True,True,0
ext_dorn_python_medium_07642,python,medium,True,True,True,1.0,0.41666698455810547,True,False,True,True,0
ext_dorn_python_medium_07643,python,medium,True,True,True,1.0,-0.23809528350830078,False,True,True,False,0
ext_dorn_python_medium_07644,python,medium,True,True,True,1.0,0.5952386856079102,True,False,False,False,0
ext_dorn_python_medium_07645,python,medium,True,False,False,0.0,-0.059523582458496094,False,False,True,True,0
ext_dorn_python_medium_07646,python,medium,True,True,True,1.0,0.6547622680664062,True,False,False,False,0
ext_dorn_python_medium_07647,python,medium,True,False,False,1.0,0.1785717010498047,True,True,False,False,0
ext_dorn_python_medium_07648,python,medium,True,True,False,0.0,0.2380962371826172,True,False,False,False,0
ext_dorn_python_medium_07649,python,medium,True,True,True,1.0,-1.309523582458496,False,True,False,False,0
ext_dorn_python_medium_07650,python,medium,True,True,False,0.0,-0.6547613143920898,False,True,False,False,0
ext_dorn_python_medium_07651,python,medium,True,False,False,0.0,0.23809528350830078,True,True,True,True,0
ext_dorn_python_medium_07652,python,medium,True,True,False,0.0,-0.892857551574707,False,True,False,False,0
ext_dorn_python_medium_07653,python,medium,True,True,False,0.0,0.2976198196411133,True,False,False,False,0
ext_dorn_python_medium_07654,python,medium,True,True,True,1.0,-0.5357151031494141,False,True,False,False,0
ext_dorn_python_medium_07655,python,medium,True,True,True,1.0,1.0119056701660156,True,False,True,True,0
ext_dorn_python_medium_07656,python,medium,True,True,False,0.0,1.1904754638671875,True,False,False,False,0
ext_dorn_python_medium_07657,python,medium,True,True,True,1.0,-0.1190481185913086,False,True,False,False,0
ext_dorn_python_medium_07658,python,medium,True,True,False,0.0,0.47619056701660156,True,False,True,False,0
ext_dorn_python_medium_07659,python,medium,True,True,True,1.0,-0.47618961334228516,False,True,True,True,0
ext_dorn_python_medium_07660,python,medium,True,True,True,1.0,-0.5357141494750977,False,True,True,True,0
ext_dorn_python_medium_07661,python,medium,True,True,True,1.0,1.0119037628173828,True,False,True,True,0
ext_dorn_python_medium_07662,python,medium,True,False,False,0.0,0.41666603088378906,False,False,False,False,0
ext_dorn_python_medium_07663,python,medium,True,True,False,0.0,-1.4285717010498047,False,True,False,False,0
ext_dorn_python_medium_07664,python,medium,True,True,False,0.0,-1.0714292526245117,False,True,False,False,0
ext_dorn_python_medium_07665,python,medium,True,True,False,0.0,0.41666698455810547,True,False,True,True,0
ext_dorn_python_medium_07666,python,medium,True,True,True,1.0,1.2499990463256836,True,False,False,False,0
ext_dorn_python_medium_07667,python,medium,True,True,False,0.0,-1.1309528350830078,False,True,True,False,0
ext_dorn_python_medium_07668,python,medium,True,False,False,1.0,0.059523582458496094,True,True,True,True,0
ext_dorn_python_medium_07669,python,medium,True,True,True,1.0,0.7738094329833984,True,False,True,True,0
ext_dorn_python_medium_07670,python,medium,True,True,False,0.0,0.41666603088378906,True,False,True,True,0
ext_dorn_python_medium_07671,python,medium,True,False,False,0.0,0.1785717010498047,False,False,False,False,0
ext_dorn_python_medium_07672,python,medium,True,True,True,1.0,1.1309518814086914,True,False,False,False,0
ext_dorn_python_medium_07673,python,medium,True,True,True,1.0,1.25,True,False,True,True,0
ext_dorn_python_medium_07674,python,medium,True,False,False,0.0,-0.1190481185913086,True,True,False,False,0
ext_dorn_python_medium_07675,python,medium,True,True,False,0.0,-0.8928565979003906,False,True,False,False,0
ext_dorn_python_medium_07676,python,medium,True,False,False,1.0,-0.2976198196411133,True,True,False,False,0
ext_dorn_python_medium_07677,python,medium,True,False,False,0.0,-0.05952262878417969,False,False,False,False,0
ext_dorn_python_medium_07678,python,medium,True,True,False,0.0,-0.41666698455810547,False,True,False,False,0
ext_dorn_python_medium_07679,python,medium,True,True,True,1.0,0.47618961334228516,True,False,False,False,0
ext_dorn_python_medium_07680,python,medium,True,True,False,0.0,-1.3690471649169922,False,True,True,False,0
ext_dorn_python_medium_07681,python,medium,True,True,True,1.0,1.2500009536743164,True,False,False,False,0
ext_dorn_python_medium_07682,python,medium,True,True,False,0.0,0.6547622680664062,True,False,False,False,0
ext_dorn_python_medium_07683,python,medium,True,True,False,0.0,-1.7857141494750977,False,True,True,False,0
ext_dorn_python_medium_07684,python,medium,True,True,True,1.0,-0.5952386856079102,False,True,False,False,0
ext_dorn_python_medium_07685,python,medium,True,True,False,0.0,0.7142858505249023,True,False,False,False,0
ext_dorn_python_medium_07686,python,medium,True,True,False,0.0,-0.5357131958007812,False,True,False,False,0
ext_dorn_python_medium_07687,python,medium,True,True,False,0.0,0.23809432983398438,True,False,True,False,0
ext_dorn_python_medium_07688,python,medium,True,False,False,1.0,-0.2976198196411133,True,True,True,True,0
ext_dorn_python_medium_07689,python,medium,True,True,True,1.0,-0.7142848968505859,False,True,False,False,0
ext_dorn_python_medium_07690,python,medium,True,False,False,0.0,0.29761791229248047,False,False,False,False,0
ext_dorn_python_medium_07691,python,medium,True,False,False,1.0,-0.47619056701660156,True,True,False,False,0
ext_dorn_python_medium_07692,python,medium,True,True,True,1.0,-1.1309518814086914,False,True,False,False,0
ext_dorn_python_medium_07693,python,medium,True,True,True,1.0,-0.2976188659667969,False,True,False,False,0
ext_dorn_python_medium_07694,python,medium,True,True,False,0.0,-0.3571434020996094,False,True,False,False,0
ext_dorn_python_medium_07695,python,medium,True,False,False,0.0,0.059523582458496094,False,False,True,False,0
ext_dorn_python_medium_07696,python,medium,True,True,True,1.0,-1.1904773712158203,False,True,True,True,0
ext_dorn_python_medium_07697,python,medium,True,False,False,1.0,0.0595245361328125,True,True,False,False,0
ext_dorn_python_medium_07698,python,medium,True,False,False,1.0,-0.0595245361328125,True,True,False,False,0
ext_dorn_python_medium_07699,python,medium,True,False,False,1.0,0.2976188659667969,True,True,True,True,0
ext_dorn_python_medium_07700,python,medium,True,False,False,1.0,-0.05952262878417969,False,False,False,False,0
ext_dorn_python_medium_07701,python,medium,True,True,True,1.0,-0.6547622680664062,False,True,False,False,0
ext_dorn_python_medium_07702,python,medium,True,True,False,0.0,0.7142858505249023,True,False,True,False,0
ext_dorn_python_medium_07703,python,medium,True,False,False,1.0,-0.05952262878417969,False,False,False,False,0
ext_dorn_python_medium_07704,python,medium,True,True,True,1.0,-0.47619056701660156,False,True,False,False,0
ext_dorn_python_medium_07705,python,medium,True,False,False,1.0,-0.23809528350830078,False,False,False,False,0
ext_dorn_python_medium_07706,python,medium,True,False,False,1.0,-0.1785726547241211,True,True,False,False,0
ext_dorn_python_medium_07707,python,medium,True,False,False,0.0,0.17857074737548828,False,False,True,True,0
ext_dorn_python_medium_07708,python,medium,True,True,True,1.0,-0.5952377319335938,False,True,False,False,0
ext_dorn_python_medium_07709,python,medium,True,False,False,1.0,0.47619056701660156,False,False,True,False,0
ext_dorn_python_medium_07710,python,medium,True,True,True,1.0,-1.4285717010498047,False,True,False,False,0
ext_dorn_python_medium_07711,python,medium,True,True,False,0.0,0.47619056701660156,True,False,False,False,0
ext_dorn_python_medium_07712,python,medium,True,True,True,1.0,-0.5357131958007812,False,True,True,True,0
ext_dorn_python_medium_07713,python,medium,True,True,False,0.0,1.4880962371826172,True,False,True,True,0
ext_dorn_python_medium_07714,python,medium,True,True,False,0.0,0.41666698455810547,True,False,True,False,0
ext_dorn_python_medium_07715,python,medium,True,True,False,0.0,0.7142858505249023,True,False,False,False,0
ext_dorn_python_medium_07716,python,medium,True,False,False,1.0,0.05952262878417969,False,False,True,False,0
ext_dorn_python_medium_07717,python,medium,True,True,True,1.0,0.41666603088378906,True,False,False,False,0
ext_dorn_python_medium_07718,python,medium,True,True,False,0.0,1.5476188659667969,True,False,True,False,0
ext_dorn_python_medium_07719,python,medium,True,True,True,1.0,1.1309528350830078,True,False,True,True,0
ext_dorn_python_medium_07720,python,medium,True,True,True,1.0,1.0119047164916992,True,False,False,False,0
ext_dorn_python_medium_07721,python,medium,True,True,True,1.0,-0.1785726547241211,False,True,False,False,0
ext_dorn_python_medium_07722,python,medium,True,False,False,1.0,-0.11904716491699219,True,True,False,False,0
ext_dorn_python_medium_07723,python,medium,True,False,False,0.0,-0.47618961334228516,True,True,False,False,0
ext_dorn_python_medium_07724,python,medium,True,True,True,1.0,-0.892857551574707,False,True,False,False,0
ext_dorn_python_medium_07725,python,medium,True,False,False,1.0,0.059523582458496094,True,True,True,True,0
ext_dorn_python_medium_07726,python,medium,True,True,False,0.0,-0.8333330154418945,False,True,True,False,0
ext_dorn_python_medium_07727,python,medium,True,False,False,1.0,-0.23809528350830078,True,True,True,True,0
ext_dorn_python_medium_07728,python,medium,True,False,False,1.0,-0.05952262878417969,True,True,False,False,0
ext_dorn_python_medium_07729,python,medium,True,True,True,1.0,1.0714292526245117,True,False,True,True,0
ext_dorn_python_medium_07730,python,medium,True,True,True,1.0,-0.059523582458496094,False,True,False,False,0
ext_dorn_python_medium_07731,python,medium,True,True,True,1.0,-1.6071434020996094,False,True,True,True,0
ext_dorn_python_medium_07732,python,medium,True,True,True,1.0,-1.0714282989501953,False,True,False,False,0
ext_dorn_python_medium_07733,python,medium,True,False,False,0.0,-0.0595245361328125,False,False,True,False,0
ext_dorn_python_medium_07734,python,medium,True,False,False,1.0,0.23809528350830078,True,True,True,True,0
ext_dorn_python_medium_07735,python,medium,True,True,False,0.0,-0.41666603088378906,False,True,True,True,0
ext_dorn_python_medium_07736,python,medium,True,True,True,1.0,-0.47619056701660156,False,True,False,False,0
ext_dorn_python_medium_07737,python,medium,True,True,True,1.0,-1.190476417541504,False,True,False,False,0
ext_dorn_python_medium_07738,python,medium,True,False,False,1.0,-0.35714244842529297,False,False,False,False,0
ext_dorn_python_medium_07739,python,medium,True,True,True,1.0,-0.7142858505249023,False,True,True,True,0
ext_dorn_python_medium_07740,python,medium,True,True,False,0.0,-0.47618961334228516,False,True,True,False,0
ext_dorn_python_medium_07741,python,medium,True,True,True,1.0,-1.0714282989501953,False,True,True,True,0
ext_dorn_python_medium_07742,python,medium,True,True,True,1.0,0.5357151031494141,True,False,False,False,0
ext_dorn_python_medium_07743,python,medium,True,True,True,1.0,-0.2976188659667969,False,True,False,False,0
ext_dorn_python_medium_07744,python,medium,True,False,False,0.0,-0.2976198196411133,False,False,False,False,0
ext_dorn_python_medium_07745,python,medium,True,True,False,0.0,1.8452377319335938,True,False,True,False,0
ext_dorn_python_medium_07746,python,medium,True,True,False,0.0,-1.0119047164916992,False,True,True,False,0
ext_dorn_python_medium_07747,python,medium,True,True,True,1.0,-1.1309518814086914,False,True,True,True,0
ext_dorn_python_medium_07748,python,medium,True,True,False,0.0,0.2976188659667969,True,False,True,False,0
ext_dorn_python_medium_07749,python,medium,True,True,True,1.0,-1.190476417541504,False,True,True,True,0
ext_dorn_python_medium_07750,python,medium,True,False,False,1.0,0.059523582458496094,False,False,False,False,0
ext_dorn_python_medium_07751,python,medium,True,True,False,0.0,0.5952386856079102,True,False,True,True,0
ext_dorn_python_medium_07752,python,medium,True,False,False,1.0,-0.0595245361328125,True,True,True,True,0
ext_dorn_python_medium_07753,python,medium,True,True,True,1.0,0.23809528350830078,True,False,True,True,0
ext_dorn_python_medium_07754,python,medium,True,True,True,1.0,-1.0714282989501953,False,True,False,False,0
ext_dorn_python_medium_07755,python,medium,True,False,False,1.0,0.1785717010498047,True,True,True,False,0
ext_dorn_python_medium_07756,python,medium,True,True,True,1.0,1.3690481185913086,True,False,True,True,0
ext_dorn_python_medium_07757,python,medium,True,True,True,1.0,0.7142858505249023,True,False,False,False,0
ext_dorn_python_medium_07758,python,medium,True,True,False,0.0,-0.23809528350830078,False,True,False,False,0
ext_dorn_python_medium_07759,python,medium,True,True,False,0.0,-0.5357131958007812,False,True,False,False,0
ext_dorn_python_medium_07760,python,medium,True,True,False,0.0,0.9523811340332031,True,False,True,False,0
ext_dorn_python_medium_07761,python,medium,True,True,False,0.0,0.1785717010498047,True,False,False,False,0
ext_dorn_python_medium_07762,python,medium,True,True,True,1.0,-0.8928565979003906,False,True,False,False,0
ext_dorn_python_medium_07763,python,medium,True,True,True,1.0,0.35714244842529297,True,False,False,False,0
ext_dorn_python_medium_07764,python,medium,True,True,False,0.0,0.8928565979003906,True,False,False,False,0
ext_dorn_python_medium_07765,python,medium,True,False,False,0.0,-0.11904716491699219,True,True,False,False,0
ext_dorn_python_medium_07766,python,medium,True,True,False,0.0,0.35714244842529297,True,False,False,False,0
ext_dorn_python_medium_07767,python,medium,True,True,True,1.0,1.0119047164916992,True,False,False,False,0
ext_dorn_python_medium_07768,python,medium,True,True,True,1.0,0.6547613143920898,True,False,False,False,0
ext_dorn_python_medium_07769,python,medium,True,False,False,0.0,0.11904716491699219,True,True,True,True,0
ext_dorn_python_medium_07770,python,medium,True,False,False,1.0,-0.0595245361328125,True,True,True,True,0
ext_dorn_python_medium_07771,python,medium,True,True,True,1.0,-0.23809432983398438,False,True,False,False,0
ext_dorn_python_medium_07772,python,medium,True,True,True,1.0,-1.5476188659667969,False,True,False,False,0
ext_dorn_python_medium_07773,python,medium,True,True,False,0.0,-1.1904754638671875,False,True,False,False,0
ext_dorn_python_medium_07774,python,medium,True,False,False,0.0,-0.0595245361328125,False,False,True,True,0
ext_dorn_python_medium_07775,python,medium,True,True,True,1.0,-0.8928565979003906,False,True,False,False,0
ext_dorn_python_medium_07776,python,medium,True,False,False,,0.0,True,True,True,False,0
ext_dorn_python_medium_07777,python,medium,True,True,True,1.0,-0.35714244842529297,False,True,True,True,0
ext_dorn_python_medium_07778,python,medium,True,True,False,0.0,-0.8333330154418945,False,True,False,False,0
ext_dorn_python_medium_07779,python,medium,True,False,False,1.0,0.35714244842529297,False,False,True,False,0
ext_dorn_python_medium_07780,python,medium,True,False,False,0.0,0.23809432983398438,False,False,True,False,0
ext_dorn_python_medium_07781,python,medium,True,False,False,1.0,-0.2976198196411133,False,False,False,False,0
ext_dorn_python_medium_07782,python,medium,True,False,False,0.0,-0.1190481185913086,False,False,False,False,0
ext_dorn_python_medium_07783,python,medium,True,True,True,1.0,0.773808479309082,True,False,False,False,0
ext_dorn_python_medium_07784,python,medium,True,True,True,1.0,1.5476188659667969,True,False,True,True,0
ext_dorn_python_medium_07785,python,medium,True,True,False,0.0,0.6547622680664062,True,False,False,False,0
ext_dorn_python_medium_07786,python,medium,True,True,True,1.0,0.41666698455810547,True,False,True,True,0
ext_dorn_python_medium_07787,python,medium,True,True,False,0.0,-1.25,False,True,True,False,0
ext_dorn_python_medium_07788,python,medium,True,False,False,1.0,0.23809528350830078,False,False,False,False,0
ext_dorn_python_medium_07789,python,medium,True,True,False,0.0,0.47619056701660156,True,False,True,False,0
ext_dorn_python_medium_07790,python,medium,True,True,True,1.0,-0.5952386856079102,False,True,False,False,0
ext_dorn_python_medium_07791,python,medium,True,True,False,0.0,-1.1309518814086914,False,True,True,False,0
ext_dorn_python_medium_07792,python,medium,True,True,False,0.0,-0.41666603088378906,False,True,False,False,0
ext_dorn_python_medium_07793,python,medium,True,True,True,1.0,0.5357141494750977,True,False,False,False,0
ext_dorn_python_medium_07794,python,medium,True,True,True,1.0,-0.7738094329833984,False,True,True,True,0
ext_dorn_python_medium_07795,python,medium,True,False,False,1.0,0.1190481185913086,False,False,False,False,0
ext_dorn_python_medium_07796,python,medium,True,False,False,1.0,0.23809528350830078,False,False,True,False,0
ext_dorn_python_medium_07797,python,medium,True,True,True,1.0,-1.428572654724121,False,True,True,True,0
ext_dorn_python_medium_07798,python,medium,True,True,False,0.0,1.0714282989501953,True,False,True,False,0
ext_dorn_python_medium_07799,python,medium,True,False,False,1.0,-0.1190481185913086,False,False,False,False,0
ext_dorn_python_medium_07800,python,medium,True,False,False,0.0,0.1785717010498047,True,True,True,False,0
ext_dorn_python_medium_07801,python,medium,True,False,False,0.0,9.5367431640625e-07,True,True,False,False,0
ext_dorn_python_medium_07802,python,medium,True,False,False,0.0,0.1190481185913086,False,False,True,False,0
ext_dorn_python_medium_07803,python,medium,True,True,True,1.0,0.6547622680664062,True,False,False,False,0
ext_dorn_python_medium_07804,python,medium,True,True,False,0.0,-0.6547622680664062,False,True,True,False,0
ext_dorn_python_medium_07805,python,medium,True,True,False,0.0,1.5476179122924805,True,False,False,False,0
ext_dorn_python_medium_07806,python,medium,True,True,False,0.0,-0.8928565979003906,False,True,True,True,0
ext_dorn_python_medium_07807,python,medium,True,True,False,0.0,-0.1785717010498047,False,True,True,False,0
ext_dorn_python_medium_07808,python,medium,True,True,True,1.0,-0.2976188659667969,False,True,False,False,0
ext_dorn_python_medium_07809,python,medium,True,False,False,0.0,0.23809528350830078,True,True,False,False,0
ext_dorn_python_medium_07810,python,medium,True,False,False,0.0,0.5952377319335938,False,False,False,False,0
ext_dorn_python_medium_07811,python,medium,True,True,False,0.0,-0.6547622680664062,False,True,True,False,0
ext_dorn_python_medium_07812,python,medium,True,False,False,0.0,0.41666603088378906,False,False,False,False,0
ext_dorn_python_medium_07813,python,medium,True,True,False,0.0,0.41666698455810547,True,False,False,False,0
ext_dorn_python_medium_07814,python,medium,True,True,True,1.0,0.2976188659667969,True,False,False,False,0
ext_dorn_python_medium_07815,python,medium,True,True,True,1.0,-0.2380962371826172,False,True,False,False,0
ext_dorn_python_medium_07816,python,medium,True,True,True,1.0,0.892857551574707,True,False,False,False,0
ext_dorn_python_medium_07817,python,medium,True,True,True,1.0,1.190476417541504,True,False,True,True,0
ext_dorn_python_medium_07818,python,medium,True,True,False,0.0,0.7142848968505859,True,False,False,False,0
ext_dorn_python_medium_07819,python,medium,True,True,True,1.0,-1.1309528350830078,False,True,True,True,0
ext_dorn_python_medium_07820,python,medium,True,True,True,1.0,-0.5357141494750977,False,True,True,True,0
ext_dorn_python_medium_07821,python,medium,True,True,False,0.0,-1.5476188659667969,False,True,True,False,0
ext_dorn_python_medium_07822,python,medium,True,True,False,0.0,-1.0119047164916992,False,True,True,False,0
ext_dorn_python_medium_07823,python,medium,True,True,True,1.0,-0.23809432983398438,False,True,True,False,0
ext_dorn_python_medium_07824,python,medium,True,True,True,1.0,-0.8333339691162109,False,True,False,False,0
ext_dorn_python_medium_07825,python,medium,True,True,False,0.0,1.0714282989501953,True,False,True,True,0
ext_dorn_python_medium_07826,python,medium,True,True,True,1.0,0.41666603088378906,True,False,False,False,0
ext_dorn_python_medium_07827,python,medium,True,True,True,1.0,-0.8333330154418945,False,True,True,True,0
ext_dorn_python_medium_07828,python,medium,True,True,True,1.0,-0.7738094329833984,False,True,True,True,0
ext_dorn_python_medium_07829,python,medium,True,True,True,1.0,0.8928565979003906,True,False,True,True,0
ext_dorn_python_medium_07830,python,medium,True,False,False,1.0,-0.5357141494750977,True,True,True,True,0
ext_dorn_python_medium_07831,python,medium,True,True,False,0.0,1.4880952835083008,True,False,True,False,0
ext_dorn_python_medium_07832,python,medium,True,False,False,,0.0,True,True,True,False,0
ext_dorn_python_medium_07833,python,medium,True,True,True,1.0,0.23809432983398438,True,False,True,True,0
ext_dorn_python_medium_07834,python,medium,True,True,True,1.0,1.190476417541504,True,False,True,True,0
ext_dorn_python_medium_07835,python,medium,True,False,False,0.0,-9.5367431640625e-07,True,True,False,False,0
ext_dorn_python_medium_07836,python,medium,True,False,False,,0.0,False,False,False,False,0
ext_dorn_python_medium_07837,python,medium,True,True,True,1.0,0.5952377319335938,True,False,True,True,0
ext_dorn_python_medium_07838,python,medium,True,False,False,1.0,0.2976188659667969,False,False,False,False,0
ext_dorn_python_medium_07839,python,medium,True,False,False,0.0,0.2976198196411133,False,False,False,False,0
ext_dorn_python_medium_07840,python,medium,True,True,True,1.0,0.8333339691162109,True,False,True,True,0
ext_dorn_python_medium_07841,python,medium,True,True,False,0.0,0.7142858505249023,True,False,True,False,0
ext_dorn_python_medium_07842,python,medium,True,True,True,1.0,-1.1309528350830078,False,True,False,False,0
ext_dorn_python_medium_07843,python,medium,True,True,False,0.0,0.892857551574707,True,False,True,False,0
ext_dorn_python_medium_07844,python,medium,True,False,False,0.0,-0.47619056701660156,True,True,True,True,0
ext_dorn_python_medium_07845,python,medium,True,False,False,0.0,0.2976188659667969,True,True,True,True,0
ext_dorn_python_medium_07846,python,medium,True,True,True,1.0,0.3571434020996094,True,False,True,True,0
ext_dorn_python_medium_07847,python,medium,True,True,True,1.0,-1.1904754638671875,False,True,False,False,0
ext_dorn_python_medium_07848,python,medium,True,True,True,1.0,0.5357151031494141,True,False,True,True,0
ext_dorn_python_medium_07849,python,medium,True,True,True,1.0,-0.1785717010498047,False,True,False,False,0
ext_dorn_python_medium_07850,python,medium,True,True,True,1.0,-0.8333339691162109,False,True,False,False,0
ext_dorn_python_medium_07851,python,medium,True,True,False,0.0,0.3571434020996094,True,False,True,True,0
ext_dorn_python_medium_07852,python,medium,True,True,True,1.0,0.47619056701660156,True,False,True,True,0
ext_dorn_python_medium_07853,python,medium,True,True,False,0.0,0.5952377319335938,True,False,False,False,0
ext_dorn_python_medium_07854,python,medium,True,True,True,1.0,-0.8928565979003906,False,True,True,True,0
ext_dorn_python_medium_07855,python,medium,True,True,True,1.0,0.6547613143920898,True,False,False,False,0
ext_dorn_python_medium_07856,python,medium,True,True,True,1.0,-0.1190481185913086,False,True,True,True,0
ext_dorn_python_medium_07857,python,medium,True,False,False,1.0,-0.1785717010498047,True,True,False,False,0
ext_dorn_python_medium_07858,python,medium,True,True,False,0.0,-0.7142858505249023,False,True,True,False,0
ext_dorn_python_medium_07859,python,medium,True,False,False,1.0,0.059523582458496094,False,False,False,False,0
ext_dorn_python_medium_07860,python,medium,True,False,False,1.0,-0.3571434020996094,True,True,True,True,0
ext_dorn_python_medium_07861,python,medium,True,False,False,0.0,-0.47619056701660156,True,True,True,True,0
ext_dorn_python_medium_07862,python,medium,True,True,True,1.0,-0.5357141494750977,False,True,False,False,0
ext_dorn_python_medium_07863,python,medium,True,True,True,1.0,-0.1785717010498047,False,True,False,False,0
ext_dorn_python_medium_07864,python,medium,True,True,True,1.0,0.7738094329833984,True,False,False,False,0
ext_dorn_python_medium_07865,python,medium,True,True,True,1.0,0.23809528350830078,True,False,True,True,0
ext_dorn_python_medium_07866,python,medium,True,True,True,1.0,0.7738094329833984,True,False,False,False,0
ext_dorn_python_medium_07867,python,medium,True,True,False,0.0,0.059523582458496094,True,False,False,False,0
ext_dorn_python_medium_07868,python,medium,True,True,False,0.0,-0.059523582458496094,False,True,True,True,0
ext_dorn_python_medium_07869,python,medium,True,True,True,1.0,-0.1190481185913086,False,True,False,False,0
ext_dorn_python_medium_07870,python,medium,True,True,False,0.0,-1.5476188659667969,False,True,False,False,0
ext_dorn_python_medium_07871,python,medium,True,True,False,0.0,-0.5952386856079102,False,True,False,False,0
ext_dorn_python_medium_07872,python,medium,True,True,True,1.0,1.0119037628173828,True,False,False,False,0
ext_dorn_python_medium_07873,python,medium,True,True,False,0.0,-0.6547622680664062,False,True,True,False,0
ext_dorn_python_medium_07874,python,medium,True,False,False,0.0,0.1785717010498047,True,True,True,True,0
ext_dorn_python_medium_07875,python,medium,True,True,False,0.0,1.0714292526245117,True,False,False,False,0
ext_dorn_python_medium_07876,python,medium,True,True,False,0.0,-0.47619152069091797,False,True,True,False,0
ext_dorn_python_medium_07877,python,medium,True,True,True,1.0,0.41666603088378906,True,False,False,False,0
ext_dorn_python_medium_07878,python,medium,True,False,False,0.0,0.059523582458496094,False,False,True,True,0
ext_dorn_python_medium_07879,python,medium,True,True,True,1.0,1.190476417541504,True,False,True,True,0
ext_dorn_python_medium_07880,python,medium,True,True,False,0.0,-0.6547603607177734,False,True,True,False,0
ext_dorn_python_medium_07881,python,medium,True,False,False,1.0,-0.059523582458496094,True,True,True,True,0
ext_dorn_python_medium_07882,python,medium,True,True,True,1.0,0.6547622680664062,True,False,True,True,0
ext_dorn_python_medium_07883,python,medium,True,False,False,0.0,0.47619056701660156,False,False,True,False,0
ext_dorn_python_medium_07884,python,medium,True,True,False,0.0,-0.47618961334228516,False,True,True,True,0
ext_dorn_python_medium_07885,python,medium,True,True,False,0.0,-0.23809432983398438,False,True,False,False,0
ext_dorn_python_medium_07886,python,medium,True,True,True,1.0,1.309523582458496,True,False,True,True,0
ext_dorn_python_medium_07887,python,medium,True,False,False,0.0,-0.11904716491699219,True,True,False,False,0
ext_dorn_python_medium_07888,python,medium,True,True,False,0.0,-0.7738094329833984,False,True,False,False,0
ext_dorn_python_medium_07889,python,medium,True,True,False,0.0,-0.3571434020996094,False,True,False,False,0
ext_dorn_python_medium_07890,python,medium,True,True,False,0.0,-1.0714282989501953,False,True,True,False,0
ext_dorn_python_medium_07891,python,medium,True,False,False,1.0,-0.059523582458496094,False,False,True,True,0
ext_dorn_python_medium_07892,python,medium,True,False,False,0.0,0.23809528350830078,True,True,False,False,0
ext_dorn_python_medium_07893,python,medium,True,True,True,1.0,1.0119037628173828,True,False,True,True,0
ext_dorn_python_medium_07894,python,medium,True,False,False,1.0,-0.47619056701660156,True,True,True,True,0
ext_dorn_python_medium_07895,python,medium,True,True,False,0.0,0.47618961334228516,True,False,True,False,0
ext_dorn_python_medium_07896,python,medium,True,True,True,1.0,0.23809528350830078,True,False,False,False,0
ext_dorn_python_medium_07897,python,medium,True,True,False,0.0,0.6547622680664062,True,False,False,False,0
ext_dorn_python_medium_07898,python,medium,True,True,False,0.0,-0.6547622680664062,False,True,False,False,0
ext_dorn_python_medium_07899,python,medium,True,True,False,0.0,-0.7738094329833984,False,True,True,False,0
ext_dorn_python_medium_07900,python,medium,True,True,False,0.0,-0.5357141494750977,False,True,False,False,0
ext_dorn_python_medium_07901,python,medium,True,True,True,1.0,0.8333330154418945,True,False,True,True,0
ext_dorn_python_medium_07902,python,medium,True,True,True,1.0,-1.0714282989501953,False,True,False,False,0
ext_dorn_python_medium_07903,python,medium,True,True,True,1.0,-1.4285717010498047,False,True,True,True,0
ext_dorn_python_medium_07904,python,medium,True,False,False,1.0,-0.23809528350830078,True,True,False,False,0
ext_dorn_python_medium_07905,python,medium,True,True,False,0.0,0.5952377319335938,True,False,True,False,0
ext_dorn_python_medium_07906,python,medium,True,True,True,1.0,0.6547622680664062,True,False,False,False,0
ext_dorn_python_medium_07907,python,medium,True,True,True,1.0,0.7738094329833984,True,False,False,False,0
ext_dorn_python_medium_07908,python,medium,True,False,False,0.0,-0.0595245361328125,True,True,True,True,0
ext_dorn_python_medium_07909,python,medium,True,True,False,0.0,-1.1904754638671875,False,True,True,False,0
ext_dorn_python_medium_07910,python,medium,True,True,False,0.0,-0.47618961334228516,False,True,True,False,0
ext_dorn_python_medium_07911,python,medium,True,True,True,1.0,-0.41666698455810547,False,True,False,False,0
ext_dorn_python_medium_07912,python,medium,True,True,False,0.0,1.1904773712158203,True,False,False,False,0
ext_dorn_python_medium_07913,python,medium,True,True,False,0.0,-0.9523801803588867,False,True,True,True,0
ext_dorn_python_medium_07914,python,medium,True,True,True,1.0,0.41666603088378906,True,False,False,False,0
ext_dorn_python_medium_07915,python,medium,True,False,False,1.0,-0.1190481185913086,True,True,False,False,0
ext_dorn_python_medium_07916,python,medium,True,True,True,1.0,0.7142858505249023,True,False,False,False,0
ext_dorn_python_medium_07917,python,medium,True,True,True,1.0,-0.47619056701660156,False,True,True,True,0
ext_dorn_python_medium_07918,python,medium,True,True,True,1.0,-1.0119047164916992,False,True,True,True,0
ext_dorn_python_medium_07919,python,medium,True,True,False,0.0,0.2976188659667969,True,False,False,False,0
ext_dorn_python_medium_07920,python,medium,True,False,False,1.0,0.059523582458496094,False,False,False,False,0
ext_dorn_python_medium_07921,python,medium,True,False,False,1.0,0.059523582458496094,True,True,True,True,0
ext_dorn_python_medium_07922,python,medium,True,True,False,0.0,-0.6547622680664062,False,True,True,False,0
ext_dorn_python_medium_07923,python,medium,True,True,False,0.0,-0.8333330154418945,False,True,False,False,0
ext_dorn_python_medium_07924,python,medium,True,True,True,1.0,-0.5952377319335938,False,True,False,False,0
ext_dorn_python_medium_07925,python,medium,True,False,False,0.0,-0.0595245361328125,True,True,False,False,0
ext_dorn_python_medium_07926,python,medium,True,False,False,1.0,9.5367431640625e-07,True,True,True,True,0
ext_dorn_python_medium_07927,python,medium,True,True,False,0.0,0.41666698455810547,True,False,True,False,0
ext_dorn_python_medium_07928,python,medium,True,True,True,1.0,-1.0119056701660156,False,True,True,True,0
ext_dorn_python_medium_07929,python,medium,True,True,True,1.0,-0.11904716491699219,False,True,True,False,0
ext_dorn_python_medium_07930,python,medium,True,False,False,1.0,0.059523582458496094,True,True,False,False,0
ext_dorn_python_medium_07931,python,medium,True,False,False,,0.0,True,True,True,True,0
ext_dorn_python_medium_07932,python,medium,True,True,True,1.0,0.6547622680664062,True,False,True,True,0
ext_dorn_python_medium_07933,python,medium,True,True,False,0.0,0.1190481185913086,True,False,False,False,0
ext_dorn_python_medium_07934,python,medium,True,True,True,1.0,-0.6547613143920898,False,True,True,False,0
ext_dorn_python_medium_07935,python,medium,True,True,True,1.0,-0.41666698455810547,False,True,False,False,0
ext_dorn_python_medium_07936,python,medium,True,True,True,1.0,-0.47619056701660156,False,True,False,False,0
ext_dorn_python_medium_07937,python,medium,True,True,True,1.0,-0.2976188659667969,False,True,False,False,0
ext_dorn_python_medium_07938,python,medium,True,True,False,0.0,-0.35714244842529297,False,True,True,False,0
ext_dorn_python_medium_07939,python,medium,True,True,True,1.0,0.9523801803588867,True,False,True,True,0
ext_dorn_python_medium_07940,python,medium,True,True,True,1.0,-0.35714244842529297,False,True,False,False,0
ext_dorn_python_medium_07941,python,medium,True,False,False,1.0,0.17857074737548828,False,False,True,True,0
ext_dorn_python_medium_07942,python,medium,True,False,False,1.0,0.2976188659667969,True,True,False,False,0
ext_dorn_python_medium_07943,python,medium,True,False,False,1.0,-0.1785717010498047,True,True,False,False,0
ext_dorn_python_medium_07944,python,medium,True,True,False,0.0,-0.3571434020996094,False,True,False,False,0
ext_dorn_python_medium_07945,python,medium,True,True,True,1.0,-0.41666698455810547,False,True,True,True,0
ext_dorn_python_medium_07946,python,medium,True,True,True,1.0,-0.6547613143920898,False,True,False,False,0
ext_dorn_python_medium_07947,python,medium,True,True,True,1.0,-0.7738103866577148,False,True,True,True,0
ext_dorn_python_medium_07948,python,medium,True,True,True,1.0,0.47619056701660156,True,False,True,True,0
ext_dorn_python_medium_07949,python,medium,True,True,False,0.0,-1.6666679382324219,False,True,False,False,0
ext_dorn_python_medium_07950,python,medium,True,True,True,1.0,0.11904716491699219,True,False,True,True,0
ext_dorn_python_medium_07951,python,medium,True,True,True,1.0,0.47619056701660156,True,False,False,False,0
ext_dorn_python_medium_07952,python,medium,True,True,True,1.0,1.1309528350830078,True,False,False,False,0
ext_dorn_python_medium_07953,python,medium,True,True,False,0.0,-0.5357141494750977,False,True,True,False,0
ext_dorn_python_medium_07954,python,medium,True,True,True,1.0,-0.17857074737548828,False,True,True,True,0
ext_dorn_python_medium_07955,python,medium,True,True,True,1.0,-0.1785717010498047,False,True,True,True,0
ext_dorn_python_medium_07956,python,medium,True,True,True,1.0,-1.1309518814086914,False,True,True,True,0
ext_dorn_python_medium_07957,python,medium,True,False,False,1.0,0.5952377319335938,False,False,False,False,0
ext_dorn_python_medium_07958,python,medium,True,True,True,1.0,0.41666603088378906,True,False,False,False,0
ext_dorn_python_medium_07959,python,medium,True,False,False,0.0,0.1785717010498047,False,False,True,True,0
ext_dorn_python_medium_07960,python,medium,True,True,False,0.0,-0.5357141494750977,False,True,True,True,0
ext_dorn_python_medium_07961,python,medium,True,True,True,1.0,0.41666698455810547,True,False,False,False,0
ext_dorn_python_medium_07962,python,medium,True,True,True,1.0,0.35714149475097656,True,False,True,True,0
ext_dorn_python_medium_07963,python,medium,True,True,True,1.0,0.5952377319335938,True,False,False,False,0
ext_dorn_python_medium_07964,python,medium,True,True,True,1.0,-0.1785717010498047,False,True,True,True,0
ext_dorn_python_medium_07965,python,medium,True,True,False,0.0,0.5952386856079102,True,False,False,False,0
ext_dorn_python_medium_07966,python,medium,True,True,True,1.0,-0.23809528350830078,False,True,False,False,0
ext_dorn_python_medium_07967,python,medium,True,True,True,1.0,-0.5357141494750977,False,True,True,False,0
ext_dorn_python_medium_07968,python,medium,True,True,False,0.0,-0.6547613143920898,False,True,False,False,0
ext_dorn_python_medium_07969,python,medium,True,False,False,0.0,-9.5367431640625e-07,True,True,True,True,0
ext_dorn_python_medium_07970,python,medium,True,True,True,1.0,1.190476417541504,True,False,True,True,0
ext_dorn_python_medium_07971,python,medium,True,True,False,0.0,-1.25,False,True,True,False,0
ext_dorn_python_medium_07972,python,medium,True,True,False,0.0,1.0119047164916992,True,False,False,False,0
ext_dorn_python_medium_07973,python,medium,True,True,True,1.0,-0.47619152069091797,False,True,True,True,0
ext_dorn_python_medium_07974,python,medium,True,False,False,1.0,0.2976188659667969,True,True,True,True,0
ext_dorn_python_medium_07975,python,medium,True,True,True,1.0,-0.41666698455810547,False,True,True,True,0
ext_dorn_python_medium_07976,python,medium,True,True,True,1.0,0.5357141494750977,True,False,False,False,0
ext_dorn_python_medium_07977,python,medium,True,True,False,0.0,1.1309518814086914,True,False,True,False,0
ext_dorn_python_medium_07978,python,medium,True,False,False,0.0,0.41666603088378906,True,True,True,False,0
ext_dorn_python_medium_07979,python,medium,True,False,False,0.0,0.059523582458496094,False,False,True,True,0
ext_dorn_python_medium_07980,python,medium,True,True,True,1.0,0.9523801803588867,True,False,False,False,0
ext_dorn_python_medium_07981,python,medium,True,False,False,0.0,-0.11904716491699219,True,True,False,False,0
ext_dorn_python_medium_07982,python,medium,True,True,True,1.0,0.5357141494750977,True,False,True,True,0
ext_dorn_python_medium_07983,python,medium,True,True,True,1.0,-1.0714282989501953,False,True,True,True,0
ext_dorn_python_medium_07984,python,medium,True,True,True,1.0,0.7142868041992188,True,False,False,False,0
ext_dorn_python_medium_07985,python,medium,True,True,False,0.0,0.3571434020996094,True,False,False,False,0
ext_dorn_python_medium_07986,python,medium,True,False,False,1.0,0.059523582458496094,True,True,True,True,0
ext_dorn_python_medium_07987,python,medium,True,True,False,0.0,0.5952367782592773,True,False,False,False,0
ext_dorn_python_medium_07988,python,medium,True,True,False,0.0,0.9523811340332031,True,False,False,False,0
ext_dorn_python_medium_07989,python,medium,True,True,True,1.0,-0.35714244842529297,False,True,True,False,0
ext_dorn_python_medium_07990,python,medium,True,True,True,1.0,-1.0119047164916992,False,True,True,True,0
ext_dorn_python_medium_07991,python,medium,True,True,False,0.0,0.5952367782592773,True,False,False,False,0
ext_dorn_python_medium_07992,python,medium,True,True,True,1.0,-0.8928565979003906,False,True,False,False,0
ext_dorn_python_medium_07993,python,medium,True,True,False,0.0,0.11904716491699219,True,False,False,False,0
ext_dorn_python_medium_07994,python,medium,True,True,False,0.0,-0.3571434020996094,False,True,True,False,0
ext_dorn_python_medium_07995,python,medium,True,True,True,1.0,1.4880943298339844,True,False,True,True,0
ext_dorn_python_medium_07996,python,medium,True,True,True,1.0,0.8333339691162109,True,False,True,True,0
ext_dorn_python_medium_07997,python,medium,True,True,True,1.0,-0.6547622680664062,False,True,False,False,0
ext_dorn_python_medium_07998,python,medium,True,True,True,1.0,0.2976198196411133,True,False,False,False,0
ext_dorn_python_medium_07999,python,medium,True,True,True,1.0,1.3690471649169922,True,False,False,False,0
ext_dorn_python_hard_08000,python,hard,True,True,True,1.0,-0.2976188659667969,False,True,False,False,0
ext_dorn_python_hard_08001,python,hard,True,True,False,0.0,-0.2976188659667969,False,True,False,False,0
ext_dorn_python_hard_08002,python,hard,True,True,True,1.0,0.47618961334228516,True,False,False,False,0
ext_dorn_python_hard_08003,python,hard,True,True,False,0.0,-0.1190481185913086,False,True,False,False,0
ext_dorn_python_hard_08004,python,hard,True,True,True,1.0,-0.7738094329833984,False,True,True,True,0
ext_dorn_python_hard_08005,python,hard,True,True,True,1.0,0.1785717010498047,True,False,True,False,0
ext_dorn_python_hard_08006,python,hard,True,True,False,0.0,-0.23809528350830078,False,True,False,False,0
ext_dorn_python_hard_08007,python,hard,True,True,True,1.0,0.5357151031494141,True,False,False,False,0
ext_dorn_python_hard_08008,python,hard,True,True,True,1.0,-0.41666603088378906,False,True,True,False,0
ext_dorn_python_hard_08009,python,hard,True,False,False,1.0,-0.47618961334228516,True,True,False,False,0
ext_dorn_python_hard_08010,python,hard,True,True,False,0.0,0.2976188659667969,True,False,True,False,0
ext_dorn_python_hard_08011,python,hard,True,True,False,0.0,0.892857551574707,True,False,False,False,0
ext_dorn_python_hard_08012,python,hard,True,True,False,0.0,-0.7142848968505859,False,True,True,False,0
ext_dorn_python_hard_08013,python,hard,True,True,False,0.0,0.1785717010498047,True,False,True,False,0
ext_dorn_python_hard_08014,python,hard,True,False,False,1.0,9.5367431640625e-07,True,True,True,False,0
ext_dorn_python_hard_08015,python,hard,True,False,False,1.0,0.23809528350830078,False,False,True,True,0
ext_dorn_python_hard_08016,python,hard,True,True,True,1.0,1.309523582458496,True,False,False,False,0
ext_dorn_python_hard_08017,python,hard,True,True,False,0.0,-0.47618961334228516,False,True,False,False,0
ext_dorn_python_hard_08018,python,hard,True,True,True,1.0,-0.8333320617675781,False,True,False,False,0
ext_dorn_python_hard_08019,python,hard,True,False,False,1.0,0.2976188659667969,False,False,False,False,0
ext_dorn_python_hard_08020,python,hard,True,True,True,1.0,-0.2976188659667969,False,True,False,False,0
ext_dorn_python_hard_08021,python,hard,True,True,True,1.0,-0.47619056701660156,False,True,False,False,0
ext_dorn_python_hard_08022,python,hard,True,True,True,1.0,0.23809528350830078,True,False,False,False,0
ext_dorn_python_hard_08023,python,hard,True,True,False,0.0,-1.0714282989501953,False,True,False,False,0
ext_dorn_python_hard_08024,python,hard,True,False,False,0.0,0.41666698455810547,False,False,True,True,0
ext_dorn_python_hard_08025,python,hard,True,True,False,0.0,0.41666603088378906,True,False,False,False,0
ext_dorn_python_hard_08026,python,hard,True,True,False,0.0,0.2976188659667969,True,False,False,False,0
ext_dorn_python_hard_08027,python,hard,True,True,True,1.0,-0.5952377319335938,False,True,True,True,0
ext_dorn_python_hard_08028,python,hard,True,True,True,1.0,-1.7261896133422852,False,True,True,True,0
ext_dorn_python_hard_08029,python,hard,True,True,True,1.0,-0.5952377319335938,False,True,True,True,0
ext_dorn_python_hard_08030,python,hard,True,True,True,1.0,0.7142848968505859,True,False,False,False,0
ext_dorn_python_hard_08031,python,hard,True,True,True,1.0,1.309523582458496,True,False,False,False,0
ext_dorn_python_hard_08032,python,hard,True,True,False,0.0,0.5952367782592773,True,False,False,False,0
ext_dorn_python_hard_08033,python,hard,True,True,False,0.0,-0.3571434020996094,False,True,False,False,0
ext_dorn_python_hard_08034,python,hard,True,True,True,1.0,-0.7142858505249023,False,True,True,True,0
ext_dorn_python_hard_08035,python,hard,True,True,True,1.0,0.7142848968505859,True,False,True,True,0
ext_dorn_python_hard_08036,python,hard,True,False,False,1.0,-0.059523582458496094,True,True,False,False,0
ext_dorn_python_hard_08037,python,hard,True,True,True,1.0,0.7738094329833984,True,False,False,False,0
ext_dorn_python_hard_08038,python,hard,True,True,False,0.0,-1.0714282989501953,False,True,False,False,0
ext_dorn_python_hard_08039,python,hard,True,True,False,0.0,-0.6547613143920898,False,True,False,False,0
ext_dorn_python_hard_08040,python,hard,True,True,True,1.0,0.2976198196411133,True,False,False,False,0
ext_dorn_python_hard_08041,python,hard,True,True,False,0.0,-0.1785717010498047,False,True,False,False,0
ext_dorn_python_hard_08042,python,hard,True,True,False,0.0,-0.2380962371826172,False,True,True,True,0
ext_dorn_python_hard_08043,python,hard,True,False,False,1.0,0.059523582458496094,True,True,False,False,0
ext_dorn_python_hard_08044,python,hard,True,True,False,0.0,0.892857551574707,True,False,True,False,0
ext_dorn_python_hard_08045,python,hard,True,True,False,0.0,-0.41666603088378906,False,True,False,False,0
ext_dorn_python_hard_08046,python,hard,True,True,True,1.0,-1.3095245361328125,False,True,False,False,0
ext_dorn_python_hard_08047,python,hard,True,False,False,0.0,0.11904621124267578,False,False,True,True,0
ext_dorn_python_hard_08048,python,hard,True,True,False,0.0,-0.7142858505249023,False,True,True,False,0
ext_dorn_python_hard_08049,python,hard,True,True,False,0.0,-1.071427345275879,False,True,False,False,0
ext_dorn_python_hard_08050,python,hard,True,True,True,1.0,-0.5357151031494141,False,True,False,False,0
ext_dorn_python_hard_08051,python,hard,True,False,False,1.0,0.059523582458496094,True,True,True,True,0
ext_dorn_python_hard_08052,python,hard,True,False,False,1.0,0.1190481185913086,False,False,False,False,0
ext_dorn_python_hard_08053,python,hard,True,True,True,1.0,-0.2976188659667969,False,True,False,False,0
ext_dorn_python_hard_08054,python,hard,True,False,False,1.0,0.1190481185913086,True,True,True,True,0
ext_dorn_python_hard_08055,python,hard,True,False,False,1.0,-0.1785726547241211,True,True,True,True,0
ext_dorn_python_hard_08056,python,hard,True,False,False,0.0,-0.5357151031494141,False,False,False,False,0
ext_dorn_python_hard_08057,python,hard,True,True,False,0.0,0.41666603088378906,True,False,False,False,0
ext_dorn_python_hard_08058,python,hard,True,False,False,,0.0,False,False,False,False,0
ext_dorn_python_hard_08059,python,hard,True,True,True,1.0,-1.0119047164916992,False,True,False,False,0
ext_dorn_python_hard_08060,python,hard,True,False,False,1.0,0.17857074737548828,True,True,False,False,0
ext_dorn_python_hard_08061,python,hard,True,True,True,1.0,-0.17857074737548828,False,True,True,False,0
ext_dorn_python_hard_08062,python,hard,True,True,True,1.0,0.7142858505249023,True,False,False,False,0
ext_dorn_python_hard_08063,python,hard,True,False,False,0.0,-9.5367431640625e-07,False,False,False,False,0
ext_dorn_python_hard_08064,python,hard,True,True,False,0.0,-0.5357141494750977,False,True,False,False,0
ext_dorn_python_hard_08065,python,hard,True,True,True,1.0,-0.7738103866577148,False,True,False,False,0
ext_dorn_python_hard_08066,python,hard,True,True,True,1.0,1.5476188659667969,True,False,True,True,0
ext_dorn_python_hard_08067,python,hard,True,False,False,0.0,0.059523582458496094,True,True,True,True,0
ext_dorn_python_hard_08068,python,hard,True,True,True,1.0,0.7738094329833984,True,False,True,True,0
ext_dorn_python_hard_08069,python,hard,True,True,True,1.0,1.2500009536743164,True,False,True,True,0
ext_dorn_python_hard_08070,python,hard,True,False,False,1.0,-0.11904621124267578,False,False,False,False,0
ext_dorn_python_hard_08071,python,hard,True,False,False,1.0,-0.1785717010498047,False,False,True,True,0
ext_dorn_python_hard_08072,python,hard,True,False,False,0.0,0.0595245361328125,True,True,False,False,0
ext_dorn_python_hard_08073,python,hard,True,True,True,1.0,-0.5357131958007812,False,True,False,False,0
ext_dorn_python_hard_08074,python,hard,True,False,False,1.0,0.1190481185913086,True,True,False,False,0
ext_dorn_python_hard_08075,python,hard,True,False,False,1.0,0.2976198196411133,True,True,True,True,0
ext_dorn_python_hard_08076,python,hard,True,False,False,1.0,-0.11904716491699219,False,False,True,True,0
ext_dorn_python_hard_08077,python,hard,True,False,False,1.0,-0.47619056701660156,True,True,False,False,0
ext_dorn_python_hard_08078,python,hard,True,False,False,1.0,-0.11904716491699219,True,True,False,False,0
ext_dorn_python_hard_08079,python,hard,True,False,False,1.0,-0.7142858505249023,False,False,False,False,0
ext_dorn_python_hard_08080,python,hard,True,True,True,1.0,-0.5357151031494141,False,True,False,False,0
ext_dorn_python_hard_08081,python,hard,True,False,False,1.0,-0.3571434020996094,False,False,True,True,0
ext_dorn_python_hard_08082,python,hard,True,True,False,0.0,0.47619056701660156,True,False,False,False,0
ext_dorn_python_hard_08083,python,hard,True,True,False,0.0,0.8333339691162109,True,False,True,False,0
ext_dorn_python_hard_08084,python,hard,True,True,True,1.0,-0.7142858505249023,False,True,True,True,0
ext_dorn_python_hard_08085,python,hard,True,False,False,,0.0,True,True,False,False,0
ext_dorn_python_hard_08086,python,hard,True,True,False,0.0,0.47619152069091797,True,False,False,False,0
ext_dorn_python_hard_08087,python,hard,True,False,False,0.0,-0.1190481185913086,True,True,True,True,0
ext_dorn_python_hard_08088,python,hard,True,False,False,1.0,-0.23809528350830078,True,True,False,False,0
ext_dorn_python_hard_08089,python,hard,True,True,False,0.0,-0.1785717010498047,False,True,False,False,0
ext_dorn_python_hard_08090,python,hard,True,True,False,0.0,-0.7142858505249023,False,True,True,False,0
ext_dorn_python_hard_08091,python,hard,True,True,True,1.0,0.7738103866577148,True,False,True,True,0
ext_dorn_python_hard_08092,python,hard,True,False,False,0.0,-0.0595245361328125,False,False,False,False,0
ext_dorn_python_hard_08093,python,hard,True,True,False,0.0,-0.23809528350830078,False,True,True,False,0
ext_dorn_python_hard_08094,python,hard,True,False,False,0.0,-0.35714149475097656,True,True,False,False,0
ext_dorn_python_hard_08095,python,hard,True,True,False,0.0,-0.7738094329833984,False,True,True,False,0
ext_dorn_python_hard_08096,python,hard,True,False,False,1.0,-0.2976198196411133,False,False,False,False,0
ext_dorn_python_hard_08097,python,hard,True,True,True,1.0,-0.5357131958007812,False,True,True,True,0
ext_dorn_python_hard_08098,python,hard,True,True,False,0.0,0.23809432983398438,True,False,False,False,0
ext_dorn_python_hard_08099,python,hard,True,False,False,0.0,0.059523582458496094,False,False,True,False,0
ext_dorn_python_hard_08100,python,hard,True,True,False,0.0,1.190476417541504,True,False,True,False,0
ext_dorn_python_hard_08101,python,hard,True,True,False,0.0,0.2976188659667969,True,False,False,False,0
ext_dorn_python_hard_08102,python,hard,True,True,False,0.0,0.6547622680664062,True,False,True,False,0
ext_dorn_python_hard_08103,python,hard,True,True,True,1.0,-0.47618961334228516,False,True,False,False,0
ext_dorn_python_hard_08104,python,hard,True,True,False,0.0,-0.35714244842529297,False,True,True,True,0
ext_dorn_python_hard_08105,python,hard,True,True,True,1.0,0.23809528350830078,True,False,True,False,0
ext_dorn_python_hard_08106,python,hard,True,True,False,0.0,-0.47618961334228516,False,True,True,True,0
ext_dorn_python_hard_08107,python,hard,True,False,False,1.0,0.23809432983398438,False,False,True,True,0
ext_dorn_python_hard_08108,python,hard,True,True,False,0.0,-0.35714244842529297,False,True,False,False,0
ext_dorn_python_hard_08109,python,hard,True,True,False,0.0,-0.47619056701660156,False,True,False,False,0
ext_dorn_python_hard_08110,python,hard,True,True,False,0.0,-0.6547622680664062,False,True,False,False,0
ext_dorn_python_hard_08111,python,hard,True,True,False,0.0,-0.41666698455810547,False,True,False,False,0
ext_dorn_python_hard_08112,python,hard,True,True,False,0.0,-1.9642858505249023,False,True,True,False,0
ext_dorn_python_hard_08113,python,hard,True,False,False,1.0,0.11904716491699219,True,True,False,False,0
ext_dorn_python_hard_08114,python,hard,True,True,True,1.0,0.5952377319335938,True,False,False,False,0
ext_dorn_python_hard_08115,python,hard,True,True,False,0.0,0.9523801803588867,True,False,True,False,0
ext_dorn_python_hard_08116,python,hard,True,True,False,0.0,0.5357151031494141,True,False,False,False,0
ext_dorn_python_hard_08117,python,hard,True,True,True,1.0,0.23809528350830078,True,False,True,True,0
ext_dorn_python_hard_08118,python,hard,True,False,False,1.0,0.23809528350830078,True,True,False,False,0
ext_dorn_python_hard_08119,python,hard,True,True,True,1.0,0.5357141494750977,True,False,True,True,0
ext_dorn_python_hard_08120,python,hard,True,True,False,0.0,-0.41666698455810547,False,True,False,False,0
ext_dorn_python_hard_08121,python,hard,True,False,False,1.0,0.23809528350830078,True,True,False,False,0
ext_dorn_python_hard_08122,python,hard,True,True,True,1.0,-0.6547622680664062,False,True,True,True,0
ext_dorn_python_hard_08123,python,hard,True,True,True,1.0,-1.4880952835083008,False,True,False,False,0
ext_dorn_python_hard_08124,python,hard,True,True,False,0.0,-0.5357131958007812,False,True,False,False,0
ext_dorn_python_hard_08125,python,hard,True,True,False,0.0,0.47619056701660156,True,False,False,False,0
ext_dorn_python_hard_08126,python,hard,True,True,False,0.0,0.35714244842529297,True,False,True,True,0
ext_dorn_python_hard_08127,python,hard,True,False,False,1.0,9.5367431640625e-07,False,False,False,False,0
ext_dorn_python_hard_08128,python,hard,True,True,False,0.0,-0.41666698455810547,False,True,True,True,0
ext_dorn_python_hard_08129,python,hard,True,False,False,1.0,0.35714244842529297,True,True,True,True,0
ext_dorn_python_hard_08130,python,hard,True,True,False,0.0,0.7142858505249023,True,False,True,False,0
ext_dorn_python_hard_08131,python,hard,True,True,True,1.0,1.0119037628173828,True,False,True,True,0
ext_dorn_python_hard_08132,python,hard,True,True,True,1.0,1.7261905670166016,True,False,False,False,0
ext_dorn_python_hard_08133,python,hard,True,True,True,1.0,0.3571434020996094,True,False,True,True,0
ext_dorn_python_hard_08134,python,hard,True,True,True,1.0,-0.1190481185913086,False,True,False,False,0
ext_dorn_python_hard_08135,python,hard,True,True,False,0.0,1.0714282989501953,True,False,True,False,0
ext_dorn_python_hard_08136,python,hard,True,True,True,1.0,0.4166679382324219,True,False,True,True,0
ext_dorn_python_hard_08137,python,hard,True,True,False,0.0,-0.1785717010498047,False,True,False,False,0
ext_dorn_python_hard_08138,python,hard,True,True,False,0.0,1.0714282989501953,True,False,False,False,0
ext_dorn_python_hard_08139,python,hard,True,False,False,1.0,-0.2380962371826172,True,True,True,True,0
ext_dorn_python_hard_08140,python,hard,True,True,False,0.0,1.0119047164916992,True,False,False,False,0
ext_dorn_python_hard_08141,python,hard,True,False,False,1.0,0.11904716491699219,True,True,True,True,0
ext_dorn_python_hard_08142,python,hard,True,True,True,1.0,-1.4880952835083008,False,True,True,True,0
ext_dorn_python_hard_08143,python,hard,True,True,False,0.0,-0.5357141494750977,False,True,True,True,0
ext_dorn_python_hard_08144,python,hard,True,True,True,1.0,-1.6666669845581055,False,True,True,True,0
ext_dorn_python_hard_08145,python,hard,True,True,False,0.0,0.17857074737548828,True,False,False,False,0
ext_dorn_python_hard_08146,python,hard,True,True,True,1.0,0.23809528350830078,True,False,True,True,0
ext_dorn_python_hard_08147,python,hard,True,True,True,1.0,-0.8928565979003906,False,True,True,True,0
ext_dorn_python_hard_08148,python,hard,True,False,False,0.0,0.11904716491699219,False,False,False,False,0
ext_dorn_python_hard_08149,python,hard,True,True,True,1.0,-0.6547622680664062,False,True,True,True,0
ext_dorn_python_hard_08150,python,hard,True,True,True,1.0,-0.8333339691162109,False,True,True,True,0
ext_dorn_python_hard_08151,python,hard,True,False,False,0.0,0.0595245361328125,False,False,True,True,0
ext_dorn_python_hard_08152,python,hard,True,True,True,1.0,-0.47619152069091797,False,True,False,False,0
ext_dorn_python_hard_08153,python,hard,True,False,False,1.0,0.3571434020996094,True,True,True,True,0
ext_dorn_python_hard_08154,python,hard,True,False,False,0.0,0.5952377319335938,True,True,False,False,0
ext_dorn_python_hard_08155,python,hard,True,False,False,1.0,0.23809528350830078,False,False,True,False,0
ext_dorn_python_hard_08156,python,hard,True,True,False,0.0,-0.41666603088378906,False,True,False,False,0
ext_dorn_python_hard_08157,python,hard,True,True,True,1.0,0.41666698455810547,True,False,False,False,0
ext_dorn_python_hard_08158,python,hard,True,True,True,1.0,-0.3571434020996094,False,True,False,False,0
ext_dorn_python_hard_08159,python,hard,True,False,False,1.0,0.0595245361328125,False,False,False,False,0
ext_dorn_python_hard_08160,python,hard,True,False,False,0.0,0.0595245361328125,False,False,True,False,0
ext_dorn_python_hard_08161,python,hard,True,False,False,0.0,-0.059523582458496094,False,False,True,True,0
ext_dorn_python_hard_08162,python,hard,True,True,False,0.0,1.25,True,False,True,False,0
ext_dorn_python_hard_08163,python,hard,True,True,False,0.0,-0.41666698455810547,False,True,False,False,0
ext_dorn_python_hard_08164,python,hard,True,True,False,0.0,0.2976188659667969,True,False,True,True,0
ext_dorn_python_hard_08165,python,hard,True,True,False,0.0,0.17857074737548828,True,False,True,True,0
ext_dorn_python_hard_08166,python,hard,True,True,True,1.0,1.25,True,False,False,False,0
ext_dorn_python_hard_08167,python,hard,True,False,False,1.0,0.2976188659667969,False,False,False,False,0
ext_dorn_python_hard_08168,python,hard,True,True,True,1.0,-1.1309518814086914,False,True,True,True,0
ext_dorn_python_hard_08169,python,hard,True,True,False,0.0,-0.3571434020996094,False,True,True,True,0
ext_dorn_python_hard_08170,python,hard,True,True,True,1.0,-1.0714282989501953,False,True,False,False,0
ext_dorn_python_hard_08171,python,hard,True,True,True,1.0,0.41666698455810547,True,False,False,False,0
ext_dorn_python_hard_08172,python,hard,True,True,True,1.0,0.47618961334228516,True,False,False,False,0
ext_dorn_python_hard_08173,python,hard,True,True,False,0.0,-0.29761791229248047,False,True,True,False,0
ext_dorn_python_hard_08174,python,hard,True,True,True,1.0,-0.9523801803588867,False,True,True,True,0
ext_dorn_python_hard_08175,python,hard,True,True,False,0.0,-1.4880952835083008,False,True,True,False,0
ext_dorn_python_hard_08176,python,hard,True,True,True,1.0,1.4285717010498047,True,False,False,False,0
ext_dorn_python_hard_08177,python,hard,True,True,False,0.0,-0.9523820877075195,False,True,True,False,0
ext_dorn_python_hard_08178,python,hard,True,False,False,1.0,-0.3571434020996094,True,True,True,True,0
ext_dorn_python_hard_08179,python,hard,True,True,True,1.0,-0.059523582458496094,False,True,False,False,0
ext_dorn_python_hard_08180,python,hard,True,True,True,1.0,0.8928565979003906,True,False,False,False,0
ext_dorn_python_hard_08181,python,hard,True,True,False,0.0,-0.1190481185913086,False,True,False,False,0
ext_dorn_python_hard_08182,python,hard,True,True,False,0.0,0.23809528350830078,True,False,True,True,0
ext_dorn_python_hard_08183,python,hard,True,True,True,1.0,-0.23809528350830078,False,True,False,False,0
ext_dorn_python_hard_08184,python,hard,True,True,False,0.0,-1.2500009536743164,False,True,False,False,0
ext_dorn_python_hard_08185,python,hard,True,False,False,1.0,-0.41666698455810547,True,True,True,True,0
ext_dorn_python_hard_08186,python,hard,True,True,True,1.0,0.6547613143920898,True,False,False,False,0
ext_dorn_python_hard_08187,python,hard,True,True,True,1.0,0.5357141494750977,True,False,True,True,0
ext_dorn_python_hard_08188,python,hard,True,False,False,0.0,0.17857074737548828,False,False,False,False,0
ext_dorn_python_hard_08189,python,hard,True,True,False,0.0,-0.1785717010498047,False,True,False,False,0
ext_dorn_python_hard_08190,python,hard,True,True,True,1.0,-0.8333330154418945,False,True,True,True,0
ext_dorn_python_hard_08191,python,hard,True,False,False,0.0,-0.1190481185913086,True,True,True,True,0
ext_dorn_python_hard_08192,python,hard,True,False,False,1.0,0.11904621124267578,True,True,True,True,0
ext_dorn_python_hard_08193,python,hard,True,False,False,0.0,0.2976188659667969,False,False,True,True,0
ext_dorn_python_hard_08194,python,hard,True,True,True,1.0,0.35714149475097656,True,False,False,False,0
ext_dorn_python_hard_08195,python,hard,True,True,True,1.0,-0.2976188659667969,False,True,False,False,0
ext_dorn_python_hard_08196,python,hard,True,False,False,0.0,-0.1190481185913086,False,False,False,False,0
ext_dorn_python_hard_08197,python,hard,True,True,False,0.0,0.2976198196411133,True,False,True,True,0
ext_dorn_python_hard_08198,python,hard,True,False,False,1.0,-0.1785717010498047,False,False,False,False,0
ext_dorn_python_hard_08199,python,hard,True,True,False,0.0,0.1785717010498047,True,False,True,False,0
ext_dorn_python_hard_08200,python,hard,True,True,False,0.0,0.47619056701660156,True,False,True,False,0
ext_dorn_python_hard_08201,python,hard,True,True,True,1.0,-0.23809432983398438,False,True,False,False,0
ext_dorn_python_hard_08202,python,hard,True,True,False,0.0,0.7738094329833984,True,False,True,True,0
ext_dorn_python_hard_08203,python,hard,True,False,False,,0.0,False,False,True,True,0
ext_dorn_python_hard_08204,python,hard,True,True,False,0.0,-0.35714244842529297,False,True,True,False,0
ext_dorn_python_hard_08205,python,hard,True,True,True,1.0,-0.3571434020996094,False,True,False,False,0
ext_dorn_python_hard_08206,python,hard,True,False,False,0.0,0.119049072265625,False,False,False,False,0
ext_dorn_python_hard_08207,python,hard,True,False,False,0.0,-0.0595245361328125,False,False,True,True,0
ext_dorn_python_hard_08208,python,hard,True,True,False,0.0,0.0595245361328125,True,False,False,False,0
ext_dorn_python_hard_08209,python,hard,True,False,False,1.0,-0.7142858505249023,False,False,True,True,0
ext_dorn_python_hard_08210,python,hard,True,True,False,0.0,-1.4285707473754883,False,True,False,False,0
ext_dorn_python_hard_08211,python,hard,True,True,False,0.0,0.35714244842529297,True,False,True,False,0
ext_dorn_python_hard_08212,python,hard,True,False,False,1.0,0.0595245361328125,False,False,False,False,0
ext_dorn_python_hard_08213,python,hard,True,True,True,1.0,1.0119047164916992,True,False,True,True,0
ext_dorn_python_hard_08214,python,hard,True,True,True,1.0,-0.9523811340332031,False,True,True,True,0
ext_dorn_python_hard_08215,python,hard,True,False,False,1.0,0.23809528350830078,True,True,False,False,0
ext_dorn_python_hard_08216,python,hard,True,False,False,1.0,-0.11904716491699219,False,False,False,False,0
ext_dorn_python_hard_08217,python,hard,True,False,False,1.0,0.23809528350830078,False,False,False,False,0
ext_dorn_python_hard_08218,python,hard,True,True,True,1.0,0.47619056701660156,True,False,False,False,0
ext_dorn_python_hard_08219,python,hard,True,True,True,1.0,0.5357131958007812,True,False,False,False,0
ext_dorn_python_hard_08220,python,hard,True,True,True,1.0,0.17857074737548828,True,False,False,False,0
ext_dorn_python_hard_08221,python,hard,True,False,False,0.0,0.3571434020996094,True,True,True,False,0
ext_dorn_python_hard_08222,python,hard,True,True,True,1.0,0.1785717010498047,True,False,False,False,0
ext_dorn_python_hard_08223,python,hard,True,True,True,1.0,-0.23809528350830078,False,True,True,True,0
ext_dorn_python_hard_08224,python,hard,True,True,False,0.0,-0.2976188659667969,False,True,True,False,0
ext_dorn_python_hard_08225,python,hard,True,True,True,1.0,0.17857074737548828,True,False,False,False,0
ext_dorn_python_hard_08226,python,hard,True,True,True,1.0,-0.47619056701660156,False,True,False,False,0
ext_dorn_python_hard_08227,python,hard,True,True,True,1.0,-0.3571434020996094,False,True,False,False,0
ext_dorn_python_hard_08228,python,hard,True,True,False,0.0,-0.5357141494750977,False,True,False,False,0
ext_dorn_python_hard_08229,python,hard,True,True,True,1.0,0.47618961334228516,True,False,True,True,0
ext_dorn_python_hard_08230,python,hard,True,True,True,1.0,-0.1785717010498047,False,True,True,True,0
ext_dorn_python_hard_08231,python,hard,True,True,True,1.0,0.2976188659667969,True,False,False,False,0
ext_dorn_python_hard_08232,python,hard,True,True,True,1.0,1.8452386856079102,True,False,True,True,0
ext_dorn_python_hard_08233,python,hard,True,True,True,1.0,-0.41666603088378906,False,True,True,False,0
ext_dorn_python_hard_08234,python,hard,True,True,True,1.0,-0.892857551574707,False,True,False,False,0
ext_dorn_python_hard_08235,python,hard,True,True,False,0.0,0.2976188659667969,True,False,True,False,0
ext_dorn_python_hard_08236,python,hard,True,False,False,0.0,0.059523582458496094,True,True,False,False,0
ext_dorn_python_hard_08237,python,hard,True,True,True,1.0,-0.8333330154418945,False,True,True,True,0
ext_dorn_python_hard_08238,python,hard,True,False,False,0.0,0.3571434020996094,True,True,False,False,0
ext_dorn_python_hard_08239,python,hard,True,True,True,1.0,-1.25,False,True,True,True,0
ext_dorn_python_hard_08240,python,hard,True,True,False,0.0,0.5357141494750977,True,False,False,False,0
ext_dorn_python_hard_08241,python,hard,True,True,False,0.0,-0.7738094329833984,False,True,True,True,0
ext_dorn_python_hard_08242,python,hard,True,False,False,1.0,-0.35714244842529297,True,True,False,False,0
ext_dorn_python_hard_08243,python,hard,True,True,True,1.0,-0.6547622680664062,False,True,False,False,0
ext_dorn_python_hard_08244,python,hard,True,False,False,0.0,0.059523582458496094,True,True,False,False,0
ext_dorn_python_hard_08245,python,hard,True,True,True,1.0,0.47619056701660156,True,False,False,False,0
ext_dorn_python_hard_08246,python,hard,True,True,True,1.0,0.7142848968505859,True,False,True,True,0
ext_dorn_python_hard_08247,python,hard,True,True,True,1.0,-1.0119047164916992,False,True,False,False,0
ext_dorn_python_hard_08248,python,hard,True,False,False,1.0,-0.059523582458496094,False,False,True,True,0
ext_dorn_python_hard_08249,python,hard,True,True,False,0.0,0.41666698455810547,True,False,False,False,0
ext_dorn_python_hard_08250,python,hard,True,True,True,1.0,-0.7142858505249023,False,True,False,False,0
ext_dorn_python_hard_08251,python,hard,True,True,False,0.0,-1.4880962371826172,False,True,True,False,0
ext_dorn_python_hard_08252,python,hard,True,True,False,0.0,0.892857551574707,True,False,True,False,0
ext_dorn_python_hard_08253,python,hard,True,True,True,1.0,1.0119047164916992,True,False,True,True,0
ext_dorn_python_hard_08254,python,hard,True,False,False,0.0,0.0595245361328125,True,True,True,False,0
ext_dorn_python_hard_08255,python,hard,True,True,False,0.0,0.41666603088378906,True,False,True,True,0
ext_dorn_python_hard_08256,python,hard,True,True,True,1.0,0.47619056701660156,True,False,False,False,0
ext_dorn_python_hard_08257,python,hard,True,True,True,1.0,0.7738094329833984,True,False,True,True,0
ext_dorn_python_hard_08258,python,hard,True,False,False,1.0,0.35714244842529297,True,True,True,False,0
ext_dorn_python_hard_08259,python,hard,True,True,True,1.0,1.1309528350830078,True,False,True,True,0
ext_dorn_python_hard_08260,python,hard,True,False,False,0.0,-0.059523582458496094,True,True,True,True,0
ext_dorn_python_hard_08261,python,hard,True,True,True,1.0,-0.7738094329833984,False,True,True,True,0
ext_dorn_python_hard_08262,python,hard,True,True,True,1.0,0.5952377319335938,True,False,False,False,0
ext_dorn_python_hard_08263,python,hard,True,False,False,0.0,-0.1190481185913086,False,False,True,False,0
ext_dorn_python_hard_08264,python,hard,True,True,False,0.0,-0.7142868041992188,False,True,False,False,0
ext_dorn_python_hard_08265,python,hard,True,True,False,0.0,-0.47619056701660156,False,True,True,True,0
ext_dorn_python_hard_08266,python,hard,True,False,False,0.0,-0.35714244842529297,True,True,False,False,0
ext_dorn_python_hard_08267,python,hard,True,True,True,1.0,-0.5357151031494141,False,True,False,False,0
ext_dorn_python_hard_08268,python,hard,True,True,True,1.0,-0.8333330154418945,False,True,False,False,0
ext_dorn_python_hard_08269,python,hard,True,False,False,0.0,0.41666698455810547,True,True,False,False,0
ext_dorn_python_hard_08270,python,hard,True,True,False,0.0,0.1785717010498047,True,False,False,False,0
ext_dorn_python_hard_08271,python,hard,True,False,False,0.0,0.1190481185913086,True,True,True,False,0
ext_dorn_python_hard_08272,python,hard,True,True,False,0.0,-0.7738094329833984,False,True,False,False,0
ext_dorn_python_hard_08273,python,hard,True,True,False,0.0,0.773808479309082,True,False,True,False,0
ext_dorn_python_hard_08274,python,hard,True,True,False,0.0,0.892857551574707,True,False,True,True,0
ext_dorn_python_hard_08275,python,hard,True,True,True,1.0,-0.1785726547241211,False,True,False,False,0
ext_dorn_python_hard_08276,python,hard,True,False,False,,0.0,True,True,False,False,0
ext_dorn_python_hard_08277,python,hard,True,True,False,0.0,0.7142858505249023,True,False,False,False,0
ext_dorn_python_hard_08278,python,hard,True,True,True,1.0,0.8333339691162109,True,False,False,False,0
ext_dorn_python_hard_08279,python,hard,True,True,False,0.0,-0.2976188659667969,False,True,True,True,0
ext_dorn_python_hard_08280,python,hard,True,True,False,0.0,-0.2976188659667969,False,True,True,True,0
ext_dorn_python_hard_08281,python,hard,True,False,False,1.0,-0.059523582458496094,True,True,False,False,0
ext_dorn_python_hard_08282,python,hard,True,True,False,0.0,0.41666603088378906,True,False,False,False,0
ext_dorn_python_hard_08283,python,hard,True,True,False,0.0,0.6547613143920898,True,False,True,True,0
ext_dorn_python_hard_08284,python,hard,True,True,True,1.0,0.11904716491699219,True,False,False,False,0
ext_dorn_python_hard_08285,python,hard,True,True,True,1.0,-0.41666698455810547,False,True,False,False,0
ext_dorn_python_hard_08286,python,hard,True,True,True,1.0,0.23809528350830078,True,False,True,False,0
ext_dorn_python_hard_08287,python,hard,True,True,True,1.0,0.8333339691162109,True,False,True,True,0
ext_dorn_python_hard_08288,python,hard,True,True,True,1.0,1.3095245361328125,True,False,True,True,0
ext_dorn_python_hard_08289,python,hard,True,True,True,1.0,0.41666698455810547,True,False,True,True,0
ext_dorn_python_hard_08290,python,hard,True,True,True,1.0,1.4285717010498047,True,False,True,True,0
ext_dorn_python_hard_08291,python,hard,True,False,False,1.0,0.059523582458496094,True,True,False,False,0
ext_dorn_python_hard_08292,python,hard,True,True,True,1.0,0.2976198196411133,True,False,True,True,0
ext_dorn_python_hard_08293,python,hard,True,True,False,0.0,0.41666698455810547,True,False,False,False,0
ext_dorn_python_hard_08294,python,hard,True,True,False,0.0,0.47619056701660156,True,False,False,False,0
ext_dorn_python_hard_08295,python,hard,True,True,True,1.0,0.9523811340332031,True,False,True,True,0
ext_dorn_python_hard_08296,python,hard,True,True,True,1.0,1.0119047164916992,True,False,False,False,0
ext_dorn_python_hard_08297,python,hard,True,True,True,1.0,0.47619056701660156,True,False,False,False,0
ext_dorn_python_hard_08298,python,hard,True,True,False,0.0,-0.23809432983398438,False,True,True,False,0
ext_dorn_python_hard_08299,python,hard,True,True,False,0.0,0.7142848968505859,True,False,True,True,0
ext_dorn_python_hard_08300,python,hard,True,False,False,1.0,0.1190481185913086,False,False,True,True,0
ext_dorn_python_hard_08301,python,hard,True,True,True,1.0,-0.6547613143920898,False,True,True,True,0
ext_dorn_python_hard_08302,python,hard,True,True,False,0.0,-0.3571434020996094,False,True,False,False,0
ext_dorn_python_hard_08303,python,hard,True,True,True,1.0,0.3571434020996094,True,False,False,False,0
ext_dorn_python_hard_08304,python,hard,True,True,False,0.0,-1.5476188659667969,False,True,True,False,0
ext_dorn_python_hard_08305,python,hard,True,True,True,1.0,0.6547622680664062,True,False,False,False,0
ext_dorn_python_hard_08306,python,hard,True,True,True,1.0,-0.5952386856079102,False,True,False,False,0
ext_dorn_python_hard_08307,python,hard,True,True,True,1.0,1.8452377319335938,True,False,True,True,0
ext_dorn_python_hard_08308,python,hard,True,True,True,1.0,-0.2976188659667969,False,True,False,False,0
ext_dorn_python_hard_08309,python,hard,True,False,False,1.0,-0.059523582458496094,False,False,True,False,0
ext_dorn_python_hard_08310,python,hard,True,True,True,1.0,-0.6547622680664062,False,True,True,False,0
ext_dorn_python_hard_08311,python,hard,True,True,True,1.0,0.9523801803588867,True,False,True,True,0
ext_dorn_python_hard_08312,python,hard,True,False,False,1.0,0.41666698455810547,True,True,True,True,0
ext_dorn_python_hard_08313,python,hard,True,True,False,0.0,0.3571434020996094,True,False,False,False,0
ext_dorn_python_hard_08314,python,hard,True,True,False,0.0,-0.059523582458496094,False,True,False,False,0
ext_dorn_python_hard_08315,python,hard,True,True,True,1.0,0.9523801803588867,True,False,True,True,0
ext_dorn_python_hard_08316,python,hard,True,True,False,0.0,-0.23809432983398438,False,True,False,False,0
ext_dorn_python_hard_08317,python,hard,True,False,False,1.0,0.0595245361328125,False,False,False,False,0
ext_dorn_python_hard_08318,python,hard,True,True,True,1.0,0.23809528350830078,True,False,False,False,0
ext_dorn_python_hard_08319,python,hard,True,False,False,1.0,-0.1190481185913086,False,False,False,False,0
ext_dorn_python_hard_08320,python,hard,True,True,False,0.0,-0.1785726547241211,False,True,False,False,0
ext_dorn_python_hard_08321,python,hard,True,True,True,1.0,0.47619056701660156,True,False,True,True,0
ext_dorn_python_hard_08322,python,hard,True,False,False,1.0,-0.059523582458496094,False,False,False,False,0
ext_dorn_python_hard_08323,python,hard,True,False,False,1.0,-0.1785717010498047,True,True,False,False,0
ext_dorn_python_hard_08324,python,hard,True,True,True,1.0,0.6547613143920898,True,False,False,False,0
ext_dorn_python_hard_08325,python,hard,True,False,False,0.0,0.059523582458496094,False,False,False,False,0
ext_dorn_python_hard_08326,python,hard,True,False,False,1.0,-0.1785717010498047,False,False,True,False,0
ext_dorn_python_hard_08327,python,hard,True,True,True,1.0,-0.23809528350830078,False,True,False,False,0
ext_dorn_python_hard_08328,python,hard,True,True,True,1.0,-0.7142858505249023,False,True,True,True,0
ext_dorn_python_hard_08329,python,hard,True,True,False,0.0,-1.0714282989501953,False,True,True,False,0
ext_dorn_python_hard_08330,python,hard,True,True,True,1.0,-0.47619056701660156,False,True,False,False,0
ext_dorn_python_hard_08331,python,hard,True,True,True,1.0,0.5952386856079102,True,False,False,False,0
ext_dorn_python_hard_08332,python,hard,True,True,True,1.0,0.23809432983398438,True,False,False,False,0
ext_dorn_python_hard_08333,python,hard,True,True,True,1.0,-0.11904716491699219,False,True,True,True,0
ext_dorn_python_hard_08334,python,hard,True,False,False,0.0,-0.1190481185913086,False,False,True,False,0
ext_dorn_python_hard_08335,python,hard,True,False,False,1.0,0.1190481185913086,False,False,True,False,0
ext_dorn_python_hard_08336,python,hard,True,True,True,1.0,-0.8928565979003906,False,True,False,False,0
ext_dorn_python_hard_08337,python,hard,True,True,True,1.0,1.4285717010498047,True,False,True,True,0
ext_dorn_python_hard_08338,python,hard,True,True,False,0.0,-0.7142858505249023,False,True,False,False,0
ext_dorn_python_hard_08339,python,hard,True,True,True,1.0,0.11904716491699219,True,False,False,False,0
ext_dorn_python_hard_08340,python,hard,True,True,True,1.0,-0.47619056701660156,False,True,False,False,0
ext_dorn_python_hard_08341,python,hard,True,True,True,1.0,-0.47619056701660156,False,True,False,False,0
ext_dorn_python_hard_08342,python,hard,True,True,True,1.0,0.41666698455810547,True,False,True,True,0
ext_dorn_python_hard_08343,python,hard,True,True,True,1.0,-0.47618961334228516,False,True,False,False,0
ext_dorn_python_hard_08344,python,hard,True,False,False,0.0,-0.0595245361328125,False,False,True,False,0
ext_dorn_python_hard_08345,python,hard,True,True,True,1.0,1.1309528350830078,True,False,False,False,0
ext_dorn_python_hard_08346,python,hard,True,True,True,1.0,0.5952377319335938,True,False,False,False,0
ext_dorn_python_hard_08347,python,hard,True,True,False,0.0,-1.4880962371826172,False,True,True,False,0
ext_dorn_python_hard_08348,python,hard,True,True,True,1.0,0.5952386856079102,True,False,False,False,0
ext_dorn_python_hard_08349,python,hard,True,True,True,1.0,-0.5357141494750977,False,True,False,False,0
ext_dorn_python_hard_08350,python,hard,True,True,False,0.0,-0.5952386856079102,False,True,False,False,0
ext_dorn_python_hard_08351,python,hard,True,True,True,1.0,0.23809528350830078,True,False,True,False,0
ext_dorn_python_hard_08352,python,hard,True,True,True,1.0,-0.5357141494750977,False,True,True,False,0
ext_dorn_python_hard_08353,python,hard,True,True,False,0.0,0.1190481185913086,True,False,True,True,0
ext_dorn_python_hard_08354,python,hard,True,False,False,1.0,-0.2380962371826172,False,False,True,True,0
ext_dorn_python_hard_08355,python,hard,True,True,True,1.0,-0.7738094329833984,False,True,True,True,0
ext_dorn_python_hard_08356,python,hard,True,True,False,0.0,0.8333339691162109,True,False,True,False,0
ext_dorn_python_hard_08357,python,hard,True,False,False,1.0,0.35714244842529297,True,True,False,False,0
ext_dorn_python_hard_08358,python,hard,True,True,False,0.0,-0.7738094329833984,False,True,False,False,0
ext_dorn_python_hard_08359,python,hard,True,False,False,,0.0,True,True,True,True,0
ext_dorn_python_hard_08360,python,hard,True,True,True,1.0,0.41666698455810547,True,False,False,False,0
ext_dorn_python_hard_08361,python,hard,True,False,False,0.0,0.1785717010498047,True,True,False,False,0
ext_dorn_python_hard_08362,python,hard,True,True,True,1.0,-0.41666698455810547,False,True,True,False,0
ext_dorn_python_hard_08363,python,hard,True,False,False,1.0,0.1785717010498047,False,False,False,False,0
ext_dorn_python_hard_08364,python,hard,True,True,False,0.0,-0.6547613143920898,False,True,True,False,0
ext_dorn_python_hard_08365,python,hard,True,True,True,1.0,-0.35714244842529297,False,True,True,True,0
ext_dorn_python_hard_08366,python,hard,True,False,False,,0.0,True,True,True,True,0
ext_dorn_python_hard_08367,python,hard,True,True,False,0.0,-1.190476417541504,False,True,True,False,0
ext_dorn_python_hard_08368,python,hard,True,True,False,0.0,-0.2976188659667969,False,True,False,False,0
ext_dorn_python_hard_08369,python,hard,True,True,True,1.0,-1.1904754638671875,False,True,True,True,0
ext_dorn_python_hard_08370,python,hard,True,True,True,1.0,0.6547622680664062,True,False,False,False,0
ext_dorn_python_hard_08371,python,hard,True,True,True,1.0,-1.0119037628173828,False,True,False,False,0
ext_dorn_python_hard_08372,python,hard,True,True,False,0.0,-0.5357141494750977,False,True,False,False,0
ext_dorn_python_hard_08373,python,hard,True,True,False,0.0,-0.6547613143920898,False,True,False,False,0
ext_dorn_python_hard_08374,python,hard,True,True,True,1.0,-0.059523582458496094,False,True,False,False,0
ext_dorn_python_hard_08375,python,hard,True,True,True,1.0,0.17857074737548828,True,False,True,True,0
ext_dorn_python_hard_08376,python,hard,True,False,False,1.0,-0.1190481185913086,False,False,False,False,0
ext_dorn_python_hard_08377,python,hard,True,True,True,1.0,0.892857551574707,True,False,False,False,0
ext_dorn_python_hard_08378,python,hard,True,True,True,1.0,0.8928565979003906,True,False,True,True,0
ext_dorn_python_hard_08379,python,hard,True,True,True,1.0,0.41666603088378906,True,False,False,False,0
ext_dorn_python_hard_08380,python,hard,True,False,False,1.0,0.35714244842529297,True,True,True,True,0
ext_dorn_python_hard_08381,python,hard,True,True,True,1.0,-0.41666603088378906,False,True,False,False,0
ext_dorn_python_hard_08382,python,hard,True,True,True,1.0,-1.8452377319335938,False,True,True,True,0
ext_dorn_python_hard_08383,python,hard,True,True,True,1.0,-0.7142858505249023,False,True,True,True,0
ext_dorn_python_hard_08384,python,hard,True,True,True,1.0,0.3571434020996094,True,False,False,False,0
ext_dorn_python_hard_08385,python,hard,True,True,False,0.0,-0.8928565979003906,False,True,False,False,0
ext_dorn_python_hard_08386,python,hard,True,True,True,1.0,-0.5357151031494141,False,True,False,False,0
ext_dorn_python_hard_08387,python,hard,True,False,False,0.0,0.1785717010498047,True,True,False,False,0
ext_dorn_python_hard_08388,python,hard,True,True,False,0.0,0.47619056701660156,True,False,False,False,0
ext_dorn_python_hard_08389,python,hard,True,True,False,0.0,0.35714244842529297,True,False,False,False,0
ext_dorn_python_hard_08390,python,hard,True,True,True,1.0,-0.8928585052490234,False,True,True,True,0
ext_dorn_python_hard_08391,python,hard,True,True,False,0.0,-0.7142848968505859,False,True,True,False,0
ext_dorn_python_hard_08392,python,hard,True,True,True,1.0,0.47619056701660156,True,False,False,False,0
ext_dorn_python_hard_08393,python,hard,True,True,True,1.0,-0.23809528350830078,False,True,False,False,0
ext_dorn_python_hard_08394,python,hard,True,True,False,0.0,-0.7738094329833984,False,True,True,False,0
ext_dorn_python_hard_08395,python,hard,True,False,False,0.0,-0.11904716491699219,True,True,False,False,0
ext_dorn_python_hard_08396,python,hard,True,False,False,0.0,0.11904621124267578,True,True,True,True,0
ext_dorn_python_hard_08397,python,hard,True,True,True,1.0,0.6547613143920898,True,False,False,False,0
ext_dorn_python_hard_08398,python,hard,True,True,True,1.0,-0.0595245361328125,False,True,False,False,0
ext_dorn_python_hard_08399,python,hard,True,False,False,1.0,-0.059523582458496094,False,False,False,False,0
ext_dorn_python_hard_08400,python,hard,True,True,False,0.0,0.892857551574707,True,False,False,False,0
ext_dorn_python_hard_08401,python,hard,True,True,False,0.0,1.9047622680664062,True,False,True,False,0
ext_dorn_python_hard_08402,python,hard,True,True,False,0.0,-0.35714244842529297,False,True,True,True,0
ext_dorn_python_hard_08403,python,hard,True,True,False,0.0,0.47618961334228516,True,False,False,False,0
ext_dorn_python_hard_08404,python,hard,True,False,False,1.0,0.17857074737548828,True,True,True,False,0
ext_dorn_python_hard_08405,python,hard,True,True,True,1.0,1.8452377319335938,True,False,True,True,0
ext_dorn_python_hard_08406,python,hard,True,False,False,0.0,-0.41666698455810547,True,True,False,False,0
ext_dorn_python_hard_08407,python,hard,True,True,True,1.0,0.1190481185913086,True,False,False,False,0
ext_dorn_python_hard_08408,python,hard,True,True,True,1.0,-0.5952377319335938,False,True,False,False,0
ext_dorn_python_hard_08409,python,hard,True,False,False,0.0,-0.1190481185913086,True,True,False,False,0
ext_dorn_python_hard_08410,python,hard,True,True,False,0.0,-0.35714244842529297,False,True,True,True,0
ext_dorn_python_hard_08411,python,hard,True,True,False,0.0,0.23809528350830078,True,False,True,False,0
ext_dorn_python_hard_08412,python,hard,True,True,False,0.0,-0.35714244842529297,False,True,False,False,0
ext_dorn_python_hard_08413,python,hard,True,True,False,0.0,0.3571434020996094,True,False,False,False,0
ext_dorn_python_hard_08414,python,hard,True,True,False,0.0,0.7738103866577148,True,False,True,True,0
ext_dorn_python_hard_08415,python,hard,True,True,True,1.0,-0.2976188659667969,False,True,False,False,0
ext_dorn_python_hard_08416,python,hard,True,True,True,1.0,0.1190481185913086,True,False,False,False,0
ext_dorn_python_hard_08417,python,hard,True,True,True,1.0,0.8333320617675781,True,False,True,True,0
ext_dorn_python_hard_08418,python,hard,True,True,False,0.0,1.0119047164916992,True,False,True,True,0
ext_dorn_python_hard_08419,python,hard,True,True,True,1.0,0.5952377319335938,True,False,False,False,0
ext_dorn_python_hard_08420,python,hard,True,False,False,1.0,-0.059523582458496094,False,False,False,False,0
ext_dorn_python_hard_08421,python,hard,True,False,False,1.0,0.29761791229248047,False,False,False,False,0
ext_dorn_python_hard_08422,python,hard,True,False,False,0.0,0.41666698455810547,True,True,False,False,0
ext_dorn_python_hard_08423,python,hard,True,False,False,1.0,-0.1190481185913086,True,True,False,False,0
ext_dorn_python_hard_08424,python,hard,True,False,False,0.0,0.1785717010498047,False,False,False,False,0
ext_dorn_python_hard_08425,python,hard,True,True,True,1.0,-0.5952377319335938,False,True,True,False,0
ext_dorn_python_hard_08426,python,hard,True,True,False,0.0,0.6547622680664062,True,False,True,False,0
ext_dorn_python_hard_08427,python,hard,True,False,False,1.0,-0.47618961334228516,True,True,False,False,0
ext_dorn_python_hard_08428,python,hard,True,True,False,0.0,0.5952377319335938,True,False,False,False,0
ext_dorn_python_hard_08429,python,hard,True,False,False,,0.0,True,True,True,True,0
ext_dorn_python_hard_08430,python,hard,True,True,False,0.0,0.7142868041992188,True,False,True,False,0
ext_dorn_python_hard_08431,python,hard,True,False,False,1.0,0.23809528350830078,True,True,False,False,0
ext_dorn_python_hard_08432,python,hard,True,True,True,1.0,-0.6547622680664062,False,True,True,True,0
ext_dorn_python_hard_08433,python,hard,True,False,False,1.0,-0.11904716491699219,True,True,False,False,0
ext_dorn_python_hard_08434,python,hard,True,True,False,0.0,-1.4285707473754883,False,True,False,False,0
ext_dorn_python_hard_08435,python,hard,True,True,False,0.0,-0.8333330154418945,False,True,False,False,0
ext_dorn_python_hard_08436,python,hard,True,True,False,0.0,-0.29761791229248047,False,True,False,False,0
ext_dorn_python_hard_08437,python,hard,True,False,False,0.0,-0.23809528350830078,False,False,True,False,0
ext_dorn_python_hard_08438,python,hard,True,False,False,,0.0,True,True,False,False,0
ext_dorn_python_hard_08439,python,hard,True,False,False,0.0,-0.059523582458496094,True,True,False,False,0
ext_dorn_python_hard_08440,python,hard,True,False,False,0.0,-0.1190481185913086,True,True,True,True,0
ext_dorn_python_hard_08441,python,hard,True,False,False,0.0,9.5367431640625e-07,False,False,True,False,0
ext_dorn_python_hard_08442,python,hard,True,False,False,1.0,-0.1190481185913086,False,False,True,True,0
ext_dorn_python_hard_08443,python,hard,True,True,True,1.0,0.892857551574707,True,False,False,False,0
ext_dorn_python_hard_08444,python,hard,True,True,True,1.0,0.41666698455810547,True,False,True,False,0
ext_dorn_python_hard_08445,python,hard,True,True,True,1.0,-0.41666698455810547,False,True,False,False,0
ext_dorn_python_hard_08446,python,hard,True,True,True,1.0,0.2976188659667969,True,False,False,False,0
ext_dorn_python_hard_08447,python,hard,True,True,False,0.0,-0.5952377319335938,False,True,True,False,0
ext_dorn_python_hard_08448,python,hard,True,True,True,1.0,-0.7738094329833984,False,True,False,False,0
ext_dorn_python_hard_08449,python,hard,True,True,True,1.0,-0.47619056701660156,False,True,False,False,0
ext_dorn_python_hard_08450,python,hard,True,True,True,1.0,0.7738094329833984,True,False,True,True,0
ext_dorn_python_hard_08451,python,hard,True,True,True,1.0,-1.1309528350830078,False,True,False,False,0
ext_dorn_python_hard_08452,python,hard,True,True,True,1.0,1.1904754638671875,True,False,False,False,0
ext_dorn_python_hard_08453,python,hard,True,False,False,0.0,-0.23809528350830078,False,False,True,False,0
ext_dorn_python_hard_08454,python,hard,True,False,False,0.0,0.5357141494750977,False,False,False,False,0
ext_dorn_python_hard_08455,python,hard,True,True,False,0.0,1.0714282989501953,True,False,True,False,0
ext_dorn_python_hard_08456,python,hard,True,True,True,1.0,-0.892857551574707,False,True,True,True,0
ext_dorn_python_hard_08457,python,hard,True,True,True,1.0,-0.5357131958007812,False,True,True,True,0
ext_dorn_python_hard_08458,python,hard,True,True,False,0.0,0.47618961334228516,True,False,False,False,0
ext_dorn_python_hard_08459,python,hard,True,True,False,0.0,-0.17857074737548828,False,True,False,False,0
ext_dorn_python_hard_08460,python,hard,True,True,False,0.0,-0.8928565979003906,False,True,True,False,0
ext_dorn_python_hard_08461,python,hard,True,True,True,1.0,1.0714292526245117,True,False,False,False,0
ext_dorn_python_hard_08462,python,hard,True,True,False,0.0,-0.6547622680664062,False,True,True,True,0
ext_dorn_python_hard_08463,python,hard,True,True,False,0.0,-1.3690471649169922,False,True,True,False,0
ext_dorn_python_hard_08464,python,hard,True,True,False,0.0,-0.3571434020996094,False,True,False,False,0
ext_dorn_python_hard_08465,python,hard,True,True,True,1.0,1.1904754638671875,True,False,True,True,0
ext_dorn_python_hard_08466,python,hard,True,False,False,0.0,-0.059523582458496094,False,False,False,False,0
ext_dorn_python_hard_08467,python,hard,True,True,False,0.0,0.892857551574707,True,False,True,True,0
ext_dorn_python_hard_08468,python,hard,True,True,True,1.0,-0.47619056701660156,False,True,True,False,0
ext_dorn_python_hard_08469,python,hard,True,False,False,1.0,0.17857074737548828,False,False,False,False,0
ext_dorn_python_hard_08470,python,hard,True,True,True,1.0,0.7142848968505859,True,False,False,False,0
ext_dorn_python_hard_08471,python,hard,True,True,False,0.0,-0.5952367782592773,False,True,True,False,0
ext_dorn_python_hard_08472,python,hard,True,True,True,1.0,0.6547613143920898,True,False,True,True,0
ext_dorn_python_hard_08473,python,hard,True,True,True,1.0,-0.41666603088378906,False,True,True,False,0
ext_dorn_python_hard_08474,python,hard,True,True,True,1.0,-0.17857074737548828,False,True,False,False,0
ext_dorn_python_hard_08475,python,hard,True,True,False,0.0,-0.6547622680664062,False,True,False,False,0
ext_dorn_python_hard_08476,python,hard,True,True,False,0.0,-0.47618961334228516,False,True,True,True,0
ext_dorn_python_hard_08477,python,hard,True,False,False,,0.0,True,True,False,False,0
ext_dorn_python_hard_08478,python,hard,True,True,False,0.0,0.8333339691162109,True,False,True,False,0
ext_dorn_python_hard_08479,python,hard,True,True,True,1.0,1.3690481185913086,True,False,True,True,0
ext_dorn_python_hard_08480,python,hard,True,False,False,0.0,-0.1190481185913086,True,True,False,False,0
ext_dorn_python_hard_08481,python,hard,True,True,True,1.0,-1.5476179122924805,False,True,False,False,0
ext_dorn_python_hard_08482,python,hard,True,True,True,1.0,0.41666698455810547,True,False,False,False,0
ext_dorn_python_hard_08483,python,hard,True,False,False,0.0,-0.23809528350830078,True,True,True,True,0
ext_dorn_python_hard_08484,python,hard,True,True,True,1.0,-0.773808479309082,False,True,True,True,0
ext_dorn_python_hard_08485,python,hard,True,True,False,0.0,1.25,True,False,True,False,0
ext_dorn_python_hard_08486,python,hard,True,False,False,0.0,0.1785717010498047,True,True,False,False,0
ext_dorn_python_hard_08487,python,hard,True,True,True,1.0,-0.35714244842529297,False,True,True,False,0
ext_dorn_python_hard_08488,python,hard,True,True,True,1.0,-0.1785717010498047,False,True,False,False,0
ext_dorn_python_hard_08489,python,hard,True,True,True,1.0,0.9523801803588867,True,False,False,False,0
ext_dorn_python_hard_08490,python,hard,True,True,True,1.0,0.17857074737548828,True,False,True,False,0
ext_dorn_python_hard_08491,python,hard,True,True,False,0.0,-0.5357141494750977,False,True,False,False,0
ext_dorn_python_hard_08492,python,hard,True,True,False,0.0,0.1785717010498047,True,False,True,False,0
ext_dorn_python_hard_08493,python,hard,True,False,False,1.0,-0.5357141494750977,True,True,False,False,0
ext_dorn_python_hard_08494,python,hard,True,False,False,0.0,0.0595245361328125,False,False,False,False,0
ext_dorn_python_hard_08495,python,hard,True,True,False,0.0,0.41666698455810547,True,False,True,False,0
ext_dorn_python_hard_08496,python,hard,True,True,False,0.0,1.1309518814086914,True,False,True,False,0
ext_dorn_python_hard_08497,python,hard,True,True,True,1.0,1.1904773712158203,True,False,True,True,0
ext_dorn_python_hard_08498,python,hard,True,True,False,0.0,0.23809432983398438,True,False,True,True,0
ext_dorn_python_hard_08499,python,hard,True,True,True,1.0,-1.3690471649169922,False,True,False,False,0
ext_dorn_python_hard_08500,python,hard,True,True,False,0.0,0.1785717010498047,True,False,False,False,0
ext_dorn_python_hard_08501,python,hard,True,True,True,1.0,-0.7142868041992188,False,True,False,False,0
ext_dorn_python_hard_08502,python,hard,True,True,True,1.0,-1.3095245361328125,False,True,True,True,0
ext_dorn_python_hard_08503,python,hard,True,False,False,0.0,0.2976188659667969,False,False,False,False,0
ext_dorn_python_hard_08504,python,hard,True,True,True,1.0,0.6547622680664062,True,False,True,True,0
ext_dorn_python_hard_08505,python,hard,True,True,True,1.0,-0.41666698455810547,False,True,False,False,0
ext_dorn_python_hard_08506,python,hard,True,True,False,0.0,1.0714282989501953,True,False,False,False,0
ext_dorn_python_hard_08507,python,hard,True,False,False,1.0,0.1785717010498047,True,True,False,False,0
ext_dorn_python_hard_08508,python,hard,True,True,False,0.0,-0.2976188659667969,False,True,False,False,0
ext_dorn_python_hard_08509,python,hard,True,True,True,1.0,0.5357151031494141,True,False,True,False,0
ext_dorn_python_hard_08510,python,hard,True,True,True,1.0,1.071427345275879,True,False,True,True,0
ext_dorn_python_hard_08511,python,hard,True,False,False,1.0,0.47619056701660156,True,True,True,True,0
ext_dorn_python_hard_08512,python,hard,True,True,True,1.0,1.5476188659667969,True,False,False,False,0
ext_dorn_python_hard_08513,python,hard,True,True,True,1.0,1.4285707473754883,True,False,True,True,0
ext_dorn_python_hard_08514,python,hard,True,False,False,1.0,-0.23809528350830078,False,False,True,True,0
ext_dorn_python_hard_08515,python,hard,True,True,False,0.0,1.0119047164916992,True,False,False,False,0
ext_dorn_python_hard_08516,python,hard,True,True,True,1.0,0.8928565979003906,True,False,True,True,0
ext_dorn_python_hard_08517,python,hard,True,True,False,0.0,0.35714149475097656,True,False,False,False,0
ext_dorn_python_hard_08518,python,hard,True,True,True,1.0,0.41666603088378906,True,False,False,False,0
ext_dorn_python_hard_08519,python,hard,True,True,False,0.0,-0.35714244842529297,False,True,True,True,0
ext_dorn_python_hard_08520,python,hard,True,False,False,0.0,-0.059523582458496094,True,True,True,True,0
ext_dorn_python_hard_08521,python,hard,True,True,True,1.0,0.47619056701660156,True,False,True,True,0
ext_dorn_python_hard_08522,python,hard,True,True,True,1.0,-1.9047622680664062,False,True,True,True,0
ext_dorn_python_hard_08523,python,hard,True,True,True,1.0,0.47619056701660156,True,False,True,True,0
ext_dorn_python_hard_08524,python,hard,True,True,False,0.0,1.1904754638671875,True,False,False,False,0
ext_dorn_python_hard_08525,python,hard,True,True,True,1.0,-0.23809528350830078,False,True,False,False,0
ext_dorn_python_hard_08526,python,hard,True,True,False,0.0,0.773808479309082,True,False,False,False,0
ext_dorn_python_hard_08527,python,hard,True,True,True,1.0,-0.8928565979003906,False,True,False,False,0
ext_dorn_python_hard_08528,python,hard,True,False,False,1.0,-0.059523582458496094,True,True,False,False,0
ext_dorn_python_hard_08529,python,hard,True,True,True,1.0,0.47619056701660156,True,False,False,False,0
ext_dorn_python_hard_08530,python,hard,True,True,False,0.0,-0.7142848968505859,False,True,False,False,0
ext_dorn_python_hard_08531,python,hard,True,True,True,1.0,-0.35714244842529297,False,True,True,True,0
ext_dorn_python_hard_08532,python,hard,True,False,False,1.0,0.2976188659667969,False,False,False,False,0
ext_dorn_python_hard_08533,python,hard,True,True,False,0.0,0.35714244842529297,True,False,True,False,0
ext_dorn_python_hard_08534,python,hard,True,True,True,1.0,-0.9523811340332031,False,True,True,True,0
ext_dorn_python_hard_08535,python,hard,True,True,True,1.0,-2.0238094329833984,False,True,True,True,0
ext_dorn_python_hard_08536,python,hard,True,False,False,0.0,0.0595245361328125,True,True,True,False,0
ext_dorn_python_hard_08537,python,hard,True,True,True,1.0,1.4285707473754883,True,False,True,True,0
ext_dorn_python_hard_08538,python,hard,True,False,False,1.0,0.11904716491699219,True,True,False,False,0
ext_dorn_python_hard_08539,python,hard,True,False,False,1.0,-0.1785717010498047,True,True,False,False,0
ext_dorn_python_hard_08540,python,hard,True,True,False,0.0,-0.1785717010498047,False,True,False,False,0
ext_dorn_python_hard_08541,python,hard,True,True,True,1.0,0.6547622680664062,True,False,True,False,0
ext_dorn_python_hard_08542,python,hard,True,False,False,1.0,-0.23809528350830078,False,False,False,False,0
ext_dorn_python_hard_08543,python,hard,True,True,True,1.0,0.5952377319335938,True,False,True,True,0
ext_dorn_python_hard_08544,python,hard,True,True,False,0.0,0.1190481185913086,True,False,False,False,0
ext_dorn_python_hard_08545,python,hard,True,False,False,,0.0,True,True,True,False,0
ext_dorn_python_hard_08546,python,hard,True,False,False,1.0,0.23809432983398438,False,False,False,False,0
ext_dorn_python_hard_08547,python,hard,True,True,True,1.0,0.47619056701660156,True,False,False,False,0
ext_dorn_python_hard_08548,python,hard,True,True,True,1.0,-0.3571434020996094,False,True,False,False,0
ext_dorn_python_hard_08549,python,hard,True,True,True,1.0,0.2976188659667969,True,False,True,False,0
ext_dorn_python_hard_08550,python,hard,True,True,False,0.0,-0.9523811340332031,False,True,False,False,0
ext_dorn_python_hard_08551,python,hard,True,True,True,1.0,0.059523582458496094,True,False,True,True,0
ext_dorn_python_hard_08552,python,hard,True,True,False,0.0,-0.1785717010498047,False,True,True,False,0
ext_dorn_python_hard_08553,python,hard,True,False,False,0.0,0.1785717010498047,False,False,False,False,0
ext_dorn_python_hard_08554,python,hard,True,True,True,1.0,-1.3095245361328125,False,True,True,True,0
ext_dorn_python_hard_08555,python,hard,True,False,False,0.0,-0.23809528350830078,True,True,True,True,0
ext_dorn_python_hard_08556,python,hard,True,False,False,0.0,0.6547613143920898,True,True,True,False,0
ext_dorn_python_hard_08557,python,hard,True,True,True,1.0,-1.9047603607177734,False,True,False,False,0
ext_dorn_python_hard_08558,python,hard,True,True,False,0.0,-0.35714244842529297,False,True,True,False,0
ext_dorn_python_hard_08559,python,hard,True,False,False,0.0,-0.47619056701660156,True,True,False,False,0
ext_dorn_python_hard_08560,python,hard,True,True,True,1.0,0.47619056701660156,True,False,False,False,0
ext_dorn_python_hard_08561,python,hard,True,True,False,0.0,-0.6547622680664062,False,True,True,False,0
ext_dorn_python_hard_08562,python,hard,True,True,False,0.0,0.11904716491699219,True,False,False,False,0
ext_dorn_python_hard_08563,python,hard,True,True,False,0.0,-0.8333330154418945,False,True,True,False,0
ext_dorn_python_hard_08564,python,hard,True,False,False,0.0,-0.23809528350830078,False,False,False,False,0
ext_dorn_python_hard_08565,python,hard,True,True,True,1.0,0.8333330154418945,True,False,False,False,0
ext_dorn_python_hard_08566,python,hard,True,True,True,1.0,-0.41666603088378906,False,True,False,False,0
ext_dorn_python_hard_08567,python,hard,True,True,False,0.0,0.41666698455810547,True,False,False,False,0
ext_dorn_python_hard_08568,python,hard,True,True,True,1.0,0.5357141494750977,True,False,False,False,0
ext_dorn_python_hard_08569,python,hard,True,False,False,1.0,-9.5367431640625e-07,False,False,False,False,0
ext_dorn_python_hard_08570,python,hard,True,True,False,0.0,0.6547622680664062,True,False,False,False,0
ext_dorn_python_hard_08571,python,hard,True,True,True,1.0,0.41666698455810547,True,False,False,False,0
ext_dorn_python_hard_08572,python,hard,True,False,False,0.0,0.059523582458496094,False,False,False,False,0
ext_dorn_python_hard_08573,python,hard,True,False,False,1.0,0.11904716491699219,False,False,False,False,0
ext_dorn_python_hard_08574,python,hard,True,True,True,1.0,0.23809528350830078,True,False,True,False,0
ext_dorn_python_hard_08575,python,hard,True,True,False,0.0,0.41666698455810547,True,False,True,False,0
ext_dorn_python_hard_08576,python,hard,True,True,True,1.0,0.1785717010498047,True,False,False,False,0
ext_dorn_python_hard_08577,python,hard,True,False,False,,0.0,True,True,False,False,0
ext_dorn_python_hard_08578,python,hard,True,False,False,0.0,-0.5952386856079102,False,False,False,False,0
ext_dorn_python_hard_08579,python,hard,True,True,False,0.0,-0.29761791229248047,False,True,False,False,0
ext_dorn_python_hard_08580,python,hard,True,True,False,0.0,-0.9523811340332031,False,True,True,True,0
ext_dorn_python_hard_08581,python,hard,True,True,False,0.0,-0.35714244842529297,False,True,True,True,0
ext_dorn_python_hard_08582,python,hard,True,True,True,1.0,-0.6547622680664062,False,True,False,False,0
ext_dorn_python_hard_08583,python,hard,True,True,False,0.0,-0.1785717010498047,False,True,True,True,0
ext_dorn_python_hard_08584,python,hard,True,True,True,1.0,-0.8333330154418945,False,True,True,True,0
ext_dorn_python_hard_08585,python,hard,True,False,False,,0.0,True,True,False,False,0
ext_dorn_python_hard_08586,python,hard,True,True,True,1.0,-0.6547613143920898,False,True,False,False,0
ext_dorn_python_hard_08587,python,hard,True,False,False,0.0,-9.5367431640625e-07,True,True,False,False,0
ext_dorn_python_hard_08588,python,hard,True,False,False,1.0,-0.11904716491699219,False,False,True,True,0
ext_dorn_python_hard_08589,python,hard,True,True,False,0.0,-0.8333330154418945,False,True,False,False,0
ext_dorn_python_hard_08590,python,hard,True,True,True,1.0,-0.9523811340332031,False,True,True,True,0
ext_dorn_python_hard_08591,python,hard,True,True,False,0.0,-0.35714244842529297,False,True,False,False,0
ext_dorn_python_hard_08592,python,hard,True,False,False,0.0,0.23809432983398438,False,False,False,False,0
ext_dorn_python_hard_08593,python,hard,True,True,False,0.0,0.41666603088378906,True,False,True,False,0
ext_dorn_python_hard_08594,python,hard,True,False,False,0.0,0.11904716491699219,False,False,False,False,0
ext_dorn_python_hard_08595,python,hard,True,True,False,0.0,0.7738103866577148,True,False,False,False,0
ext_dorn_python_hard_08596,python,hard,True,True,False,0.0,-0.5357141494750977,False,True,False,False,0
ext_dorn_python_hard_08597,python,hard,True,True,True,1.0,-1.25,False,True,True,True,0
ext_dorn_python_hard_08598,python,hard,True,False,False,1.0,-0.2976198196411133,False,False,True,True,0
ext_dorn_python_hard_08599,python,hard,True,True,False,0.0,-0.2976198196411133,False,True,False,False,0
ext_dorn_python_hard_08600,python,hard,True,True,False,0.0,1.3690481185913086,True,False,False,False,0
ext_dorn_python_hard_08601,python,hard,True,True,True,1.0,0.35714244842529297,True,False,False,False,0
ext_dorn_python_hard_08602,python,hard,True,False,False,0.0,0.059523582458496094,False,False,True,True,0
ext_dorn_python_hard_08603,python,hard,True,True,False,0.0,-0.6547622680664062,False,True,True,False,0
ext_dorn_python_hard_08604,python,hard,True,True,True,1.0,1.1309518814086914,True,False,True,True,0
ext_dorn_python_hard_08605,python,hard,True,True,True,1.0,-0.8928565979003906,False,True,False,False,0
ext_dorn_python_hard_08606,python,hard,True,True,False,0.0,0.892857551574707,True,False,True,False,0
ext_dorn_python_hard_08607,python,hard,True,True,True,1.0,-0.5357141494750977,False,True,False,False,0
ext_dorn_python_hard_08608,python,hard,True,True,True,1.0,1.0714282989501953,True,False,True,True,0
ext_dorn_python_hard_08609,python,hard,True,False,False,1.0,0.11904716491699219,True,True,False,False,0
ext_dorn_python_hard_08610,python,hard,True,True,True,1.0,0.5952377319335938,True,False,True,True,0
ext_dorn_python_hard_08611,python,hard,True,True,True,1.0,0.6547613143920898,True,False,False,False,0
ext_dorn_python_hard_08612,python,hard,True,True,True,1.0,1.4880962371826172,True,False,True,True,0
ext_dorn_python_hard_08613,python,hard,True,False,False,0.0,-0.47618961334228516,False,False,False,False,0
ext_dorn_python_hard_08614,python,hard,True,True,True,1.0,0.2976188659667969,True,False,False,False,0
ext_dorn_python_hard_08615,python,hard,True,False,False,1.0,0.3571434020996094,False,False,False,False,0
ext_dorn_python_hard_08616,python,hard,True,True,True,1.0,-0.2976188659667969,False,True,False,False,0
ext_dorn_python_hard_08617,python,hard,True,True,False,0.0,0.5357131958007812,True,False,True,False,0
ext_dorn_python_hard_08618,python,hard,True,True,True,1.0,-1.0119047164916992,False,True,False,False,0
ext_dorn_python_hard_08619,python,hard,True,False,False,0.0,0.23809528350830078,True,True,True,True,0
ext_dorn_python_hard_08620,python,hard,True,False,False,0.0,0.23809528350830078,False,False,False,False,0
ext_dorn_python_hard_08621,python,hard,True,True,True,1.0,0.1785717010498047,True,False,False,False,0
ext_dorn_python_hard_08622,python,hard,True,False,False,0.0,0.47619056701660156,True,True,True,True,0
ext_dorn_python_hard_08623,python,hard,True,True,False,0.0,-1.190476417541504,False,True,True,False,0
ext_dorn_python_hard_08624,python,hard,True,True,False,0.0,0.5357141494750977,True,False,False,False,0
ext_dorn_python_hard_08625,python,hard,True,False,False,1.0,0.0595245361328125,False,False,True,True,0
ext_dorn_python_hard_08626,python,hard,True,True,True,1.0,-0.35714244842529297,False,True,True,False,0
ext_dorn_python_hard_08627,python,hard,True,True,False,0.0,0.3571434020996094,True,False,False,False,0
ext_dorn_python_hard_08628,python,hard,True,True,False,0.0,0.6547613143920898,True,False,False,False,0
ext_dorn_python_hard_08629,python,hard,True,True,True,1.0,0.1785726547241211,True,False,False,False,0
ext_dorn_python_hard_08630,python,hard,True,False,False,0.0,0.11904716491699219,True,True,False,False,0
ext_dorn_python_hard_08631,python,hard,True,True,False,0.0,-0.7738094329833984,False,True,False,False,0
ext_dorn_python_hard_08632,python,hard,True,True,False,0.0,0.2976198196411133,True,False,True,True,0
ext_dorn_python_hard_08633,python,hard,True,True,False,0.0,0.23809528350830078,True,False,False,False,0
ext_dorn_python_hard_08634,python,hard,True,True,False,0.0,0.6547622680664062,True,False,False,False,0
ext_dorn_python_hard_08635,python,hard,True,True,True,1.0,0.8333330154418945,True,False,False,False,0
ext_dorn_python_hard_08636,python,hard,True,True,False,0.0,-1.0119047164916992,False,True,True,False,0
ext_dorn_python_hard_08637,python,hard,True,True,True,1.0,-1.190476417541504,False,True,True,True,0
ext_dorn_python_hard_08638,python,hard,True,False,False,1.0,-0.1190481185913086,False,False,False,False,0
ext_dorn_python_hard_08639,python,hard,True,True,True,1.0,0.47619056701660156,True,False,False,False,0
ext_dorn_python_hard_08640,python,hard,True,True,True,1.0,0.7142858505249023,True,False,True,True,0
ext_dorn_python_hard_08641,python,hard,True,True,True,1.0,-0.7142868041992188,False,True,True,True,0
ext_dorn_python_hard_08642,python,hard,True,True,True,1.0,0.2380962371826172,True,False,False,False,0
ext_dorn_python_hard_08643,python,hard,True,True,True,1.0,0.2380962371826172,True,False,True,True,0
ext_dorn_python_hard_08644,python,hard,True,True,False,0.0,0.23809528350830078,True,False,False,False,0
ext_dorn_python_hard_08645,python,hard,True,True,True,1.0,0.5357141494750977,True,False,False,False,0
ext_dorn_python_hard_08646,python,hard,True,False,False,0.0,0.059523582458496094,True,True,True,True,0
ext_dorn_python_hard_08647,python,hard,True,True,False,0.0,-0.3571434020996094,False,True,False,False,0
ext_dorn_python_hard_08648,python,hard,True,True,False,0.0,-0.059523582458496094,False,True,False,False,0
ext_dorn_python_hard_08649,python,hard,True,True,False,0.0,-1.190476417541504,False,True,True,False,0
ext_dorn_python_hard_08650,python,hard,True,False,False,1.0,-0.2380962371826172,True,True,False,False,0
ext_dorn_python_hard_08651,python,hard,True,True,False,0.0,-0.9523811340332031,False,True,True,False,0
ext_dorn_python_hard_08652,python,hard,True,True,True,1.0,-0.47619056701660156,False,True,False,False,0
ext_dorn_python_hard_08653,python,hard,True,False,False,0.0,-0.1785717010498047,False,False,False,False,0
ext_dorn_python_hard_08654,python,hard,True,True,True,1.0,1.0119056701660156,True,False,False,False,0
ext_dorn_python_hard_08655,python,hard,True,False,False,1.0,0.1785717010498047,False,False,False,False,0
ext_dorn_python_hard_08656,python,hard,True,True,False,0.0,0.8333339691162109,True,False,True,False,0
ext_dorn_python_hard_08657,python,hard,True,True,True,1.0,0.8333330154418945,True,False,True,True,0
ext_dorn_python_hard_08658,python,hard,True,True,True,1.0,-0.059523582458496094,False,True,True,True,0
ext_dorn_python_hard_08659,python,hard,True,False,False,0.0,-0.0595245361328125,True,True,False,False,0
ext_dorn_python_hard_08660,python,hard,True,True,True,1.0,0.5357141494750977,True,False,False,False,0
ext_dorn_python_hard_08661,python,hard,True,False,False,1.0,-0.0595245361328125,True,True,False,False,0
ext_dorn_python_hard_08662,python,hard,True,True,False,0.0,0.8333330154418945,True,False,True,False,0
ext_dorn_python_hard_08663,python,hard,True,False,False,1.0,-0.1785717010498047,True,True,False,False,0
ext_dorn_python_hard_08664,python,hard,True,True,True,1.0,0.892857551574707,True,False,False,False,0
ext_dorn_python_hard_08665,python,hard,True,True,True,1.0,0.7142858505249023,True,False,True,False,0
ext_dorn_python_hard_08666,python,hard,True,True,False,0.0,0.41666603088378906,True,False,False,False,0
ext_dorn_python_hard_08667,python,hard,True,True,False,0.0,-0.11904716491699219,False,True,True,True,0
ext_dorn_python_hard_08668,python,hard,True,True,True,1.0,-0.2976188659667969,False,True,False,False,0
ext_dorn_python_hard_08669,python,hard,True,False,False,1.0,-9.5367431640625e-07,True,True,False,False,0
ext_dorn_python_hard_08670,python,hard,True,True,True,1.0,0.8928565979003906,True,False,True,True,0
ext_dorn_python_hard_08671,python,hard,True,True,False,0.0,-0.1190481185913086,False,True,False,False,0
ext_dorn_python_hard_08672,python,hard,True,True,True,1.0,-0.23809528350830078,False,True,False,False,0
ext_dorn_python_hard_08673,python,hard,True,False,False,1.0,0.23809528350830078,False,False,True,True,0
ext_dorn_python_hard_08674,python,hard,True,True,True,1.0,-0.41666603088378906,False,True,True,True,0
ext_dorn_python_hard_08675,python,hard,True,True,True,1.0,0.23809528350830078,True,False,True,True,0
ext_dorn_python_hard_08676,python,hard,True,True,True,1.0,-0.3571434020996094,False,True,False,False,0
ext_dorn_python_hard_08677,python,hard,True,True,False,0.0,0.059523582458496094,True,False,False,False,0
ext_dorn_python_hard_08678,python,hard,True,False,False,0.0,-0.1785717010498047,False,False,True,False,0
ext_dorn_python_hard_08679,python,hard,True,True,False,0.0,0.41666603088378906,True,False,False,False,0
ext_dorn_python_hard_08680,python,hard,True,False,False,1.0,-0.2976188659667969,False,False,True,True,0
ext_dorn_python_hard_08681,python,hard,True,True,False,0.0,-1.4285707473754883,False,True,False,False,0
ext_dorn_python_hard_08682,python,hard,True,False,False,,0.0,False,False,False,False,0
ext_dorn_python_hard_08683,python,hard,True,True,True,1.0,-1.4880952835083008,False,True,True,True,0
ext_dorn_python_hard_08684,python,hard,True,True,True,1.0,0.7142848968505859,True,False,True,True,0
ext_dorn_python_hard_08685,python,hard,True,False,False,,0.0,False,False,False,False,0
ext_dorn_python_hard_08686,python,hard,True,True,True,1.0,0.11904716491699219,True,False,True,True,0
ext_dorn_python_hard_08687,python,hard,True,True,True,1.0,-0.11904716491699219,False,True,False,False,0
ext_dorn_python_hard_08688,python,hard,True,True,False,0.0,-0.3571434020996094,False,True,True,False,0
ext_dorn_python_hard_08689,python,hard,True,False,False,1.0,-0.1785717010498047,False,False,False,False,0
ext_dorn_python_hard_08690,python,hard,True,True,True,1.0,-0.9523811340332031,False,True,False,False,0
ext_dorn_python_hard_08691,python,hard,True,True,False,0.0,0.7738094329833984,True,False,True,False,0
ext_dorn_python_hard_08692,python,hard,True,True,True,1.0,0.11904716491699219,True,False,True,True,0
ext_dorn_python_hard_08693,python,hard,True,False,False,,0.0,False,False,False,False,0
ext_dorn_python_hard_08694,python,hard,True,True,True,1.0,-1.7261896133422852,False,True,False,False,0
ext_dorn_python_hard_08695,python,hard,True,False,False,0.0,0.11904716491699219,False,False,False,False,0
ext_dorn_python_hard_08696,python,hard,True,True,False,0.0,-0.23809528350830078,False,True,False,False,0
ext_dorn_python_hard_08697,python,hard,True,True,False,0.0,-0.7738094329833984,False,True,True,False,0
ext_dorn_python_hard_08698,python,hard,True,True,False,0.0,-0.47618961334228516,False,True,True,False,0
ext_dorn_python_hard_08699,python,hard,True,True,False,0.0,0.17857074737548828,True,False,False,False,0
ext_dorn_python_hard_08700,python,hard,True,True,False,0.0,-1.3690481185913086,False,True,True,False,0
ext_dorn_python_hard_08701,python,hard,True,True,True,1.0,-0.35714244842529297,False,True,True,False,0
ext_dorn_python_hard_08702,python,hard,True,False,False,0.0,0.1785717010498047,True,True,False,False,0
ext_dorn_python_hard_08703,python,hard,True,True,True,1.0,0.8928565979003906,True,False,True,True,0
ext_dorn_python_hard_08704,python,hard,True,True,False,0.0,0.17857074737548828,True,False,False,False,0
ext_dorn_python_hard_08705,python,hard,True,True,True,1.0,-1.25,False,True,False,False,0
ext_dorn_python_hard_08706,python,hard,True,True,True,1.0,-0.5952367782592773,False,True,True,True,0
ext_dorn_python_hard_08707,python,hard,True,True,False,0.0,0.8333330154418945,True,False,False,False,0
ext_dorn_python_hard_08708,python,hard,True,False,False,1.0,0.1190481185913086,True,True,False,False,0
ext_dorn_python_hard_08709,python,hard,True,False,False,1.0,0.35714244842529297,True,True,True,True,0
ext_dorn_python_hard_08710,python,hard,True,False,False,0.0,0.059523582458496094,True,True,False,False,0
ext_dorn_python_hard_08711,python,hard,True,True,True,1.0,-0.892857551574707,False,True,True,True,0
ext_dorn_python_hard_08712,python,hard,True,True,True,1.0,0.3571434020996094,True,False,False,False,0
ext_dorn_python_hard_08713,python,hard,True,True,True,1.0,0.35714244842529297,True,False,True,True,0
ext_dorn_python_hard_08714,python,hard,True,True,False,0.0,-0.47619056701660156,False,True,False,False,0
ext_dorn_python_hard_08715,python,hard,True,False,False,1.0,-9.5367431640625e-07,False,False,False,False,0
ext_dorn_python_hard_08716,python,hard,True,False,False,0.0,0.23809528350830078,True,True,False,False,0
ext_dorn_python_hard_08717,python,hard,True,True,False,0.0,-0.5952377319335938,False,True,True,False,0
ext_dorn_python_hard_08718,python,hard,True,True,True,1.0,0.23809528350830078,True,False,False,False,0
ext_dorn_python_hard_08719,python,hard,True,True,True,1.0,-1.1309518814086914,False,True,True,True,0
ext_dorn_python_hard_08720,python,hard,True,True,True,1.0,-0.9523811340332031,False,True,True,True,0
ext_dorn_python_hard_08721,python,hard,True,False,False,1.0,-0.059523582458496094,True,True,False,False,0
ext_dorn_python_hard_08722,python,hard,True,True,True,1.0,0.3571434020996094,True,False,True,True,0
ext_dorn_python_hard_08723,python,hard,True,True,True,1.0,1.1309518814086914,True,False,False,False,0
ext_dorn_python_hard_08724,python,hard,True,True,True,1.0,0.6547622680664062,True,False,True,True,0
ext_dorn_python_hard_08725,python,hard,True,False,False,0.0,-0.0595245361328125,False,False,True,True,0
ext_dorn_python_hard_08726,python,hard,True,True,True,1.0,-0.2976188659667969,False,True,False,False,0
ext_dorn_python_hard_08727,python,hard,True,True,False,0.0,-0.5357131958007812,False,True,False,False,0
ext_dorn_python_hard_08728,python,hard,True,True,True,1.0,1.0714282989501953,True,False,True,True,0
ext_dorn_python_hard_08729,python,hard,True,False,False,1.0,-0.41666698455810547,False,False,False,False,0
ext_dorn_python_hard_08730,python,hard,True,True,True,1.0,-0.41666698455810547,False,True,False,False,0
ext_dorn_python_hard_08731,python,hard,True,False,False,0.0,-0.23809528350830078,True,True,True,True,0
ext_dorn_python_hard_08732,python,hard,True,True,True,1.0,0.9523811340332031,True,False,False,False,0
ext_dorn_python_hard_08733,python,hard,True,True,False,0.0,-0.5357131958007812,False,True,False,False,0
ext_dorn_python_hard_08734,python,hard,True,True,True,1.0,0.7738094329833984,True,False,True,True,0
ext_dorn_python_hard_08735,python,hard,True,True,True,1.0,1.6071434020996094,True,False,False,False,0
ext_dorn_python_hard_08736,python,hard,True,True,True,1.0,-0.11904716491699219,False,True,False,False,0
ext_dorn_python_hard_08737,python,hard,True,False,False,0.0,0.2976188659667969,True,True,False,False,0
ext_dorn_python_hard_08738,python,hard,True,True,False,0.0,-0.7738103866577148,False,True,False,False,0
ext_dorn_python_hard_08739,python,hard,True,True,False,0.0,-0.7142858505249023,False,True,False,False,0
ext_dorn_python_hard_08740,python,hard,True,False,False,,0.0,True,True,False,False,0
ext_dorn_python_hard_08741,python,hard,True,True,False,0.0,-0.5357141494750977,False,True,False,False,0
ext_dorn_python_hard_08742,python,hard,True,True,True,1.0,0.3571434020996094,True,False,True,True,0
ext_dorn_python_hard_08743,python,hard,True,False,False,1.0,-0.11904716491699219,True,True,True,False,0
ext_dorn_python_hard_08744,python,hard,True,False,False,0.0,9.5367431640625e-07,False,False,True,False,0
ext_dorn_python_hard_08745,python,hard,True,False,False,1.0,-0.5357141494750977,False,False,False,False,0
ext_dorn_python_hard_08746,python,hard,True,True,True,1.0,0.35714244842529297,True,False,False,False,0
ext_dorn_python_hard_08747,python,hard,True,True,False,0.0,0.2976188659667969,True,False,False,False,0
ext_dorn_python_hard_08748,python,hard,True,False,False,1.0,0.1785717010498047,True,True,True,True,0
ext_dorn_python_hard_08749,python,hard,True,False,False,1.0,0.059523582458496094,True,True,False,False,0
ext_dorn_python_hard_08750,python,hard,True,True,True,1.0,0.5952386856079102,True,False,True,False,0
ext_dorn_python_hard_08751,python,hard,True,True,False,0.0,-1.0714282989501953,False,True,False,False,0
ext_dorn_python_hard_08752,python,hard,True,True,False,0.0,0.6547622680664062,True,False,False,False,0
ext_dorn_python_hard_08753,python,hard,True,True,True,1.0,0.35714244842529297,True,False,True,True,0
ext_dorn_python_hard_08754,python,hard,True,True,True,1.0,0.9523820877075195,True,False,True,True,0
ext_dorn_python_hard_08755,python,hard,True,True,True,1.0,-0.7142858505249023,False,True,True,True,0
ext_dorn_python_hard_08756,python,hard,True,True,False,0.0,-1.0714282989501953,False,True,True,False,0
ext_dorn_python_hard_08757,python,hard,True,True,True,1.0,0.1785717010498047,True,False,False,False,0
ext_dorn_python_hard_08758,python,hard,True,True,False,0.0,0.8333330154418945,True,False,True,True,0
ext_dorn_python_hard_08759,python,hard,True,False,False,0.0,-0.0595245361328125,True,True,False,False,0
ext_dorn_python_hard_08760,python,hard,True,False,False,0.0,0.059523582458496094,True,True,False,False,0
ext_dorn_python_hard_08761,python,hard,True,True,False,0.0,0.1785717010498047,True,False,False,False,0
ext_dorn_python_hard_08762,python,hard,True,True,False,0.0,-0.1190481185913086,False,True,True,True,0
ext_dorn_python_hard_08763,python,hard,True,True,False,0.0,-0.9523820877075195,False,True,False,False,0
ext_dorn_python_hard_08764,python,hard,True,False,False,1.0,0.059523582458496094,False,False,True,True,0
ext_dorn_python_hard_08765,python,hard,True,True,True,1.0,-0.8333339691162109,False,True,True,True,0
ext_dorn_python_hard_08766,python,hard,True,True,True,1.0,-0.17857074737548828,False,True,False,False,0
ext_dorn_python_hard_08767,python,hard,True,True,True,1.0,0.47618961334228516,True,False,True,True,0
ext_dorn_python_hard_08768,python,hard,True,True,True,1.0,0.7142839431762695,True,False,True,True,0
ext_dorn_python_hard_08769,python,hard,True,True,True,1.0,-0.5357141494750977,False,True,False,False,0
ext_dorn_python_hard_08770,python,hard,True,True,False,0.0,-0.1785726547241211,False,True,True,False,0
ext_dorn_python_hard_08771,python,hard,True,True,True,1.0,-1.8452386856079102,False,True,False,False,0
ext_dorn_python_hard_08772,python,hard,True,False,False,1.0,0.059523582458496094,False,False,False,False,0
ext_dorn_python_hard_08773,python,hard,True,True,True,1.0,0.3571434020996094,True,False,True,True,0
ext_dorn_python_hard_08774,python,hard,True,True,False,0.0,0.6547613143920898,True,False,False,False,0
ext_dorn_python_hard_08775,python,hard,True,True,False,0.0,0.1190481185913086,True,False,False,False,0
ext_dorn_python_hard_08776,python,hard,True,True,False,0.0,-0.7738103866577148,False,True,False,False,0
ext_dorn_python_hard_08777,python,hard,True,True,True,1.0,0.6547613143920898,True,False,False,False,0
ext_dorn_python_hard_08778,python,hard,True,False,False,1.0,0.1190481185913086,False,False,True,True,0
ext_dorn_python_hard_08779,python,hard,True,True,False,0.0,0.2380962371826172,True,False,True,False,0
ext_dorn_python_hard_08780,python,hard,True,True,False,0.0,0.47618961334228516,True,False,False,False,0
ext_dorn_python_hard_08781,python,hard,True,False,False,0.0,0.11904716491699219,False,False,True,True,0
ext_dorn_python_hard_08782,python,hard,True,True,True,1.0,-0.2380962371826172,False,True,False,False,0
ext_dorn_python_hard_08783,python,hard,True,True,True,1.0,-0.2976188659667969,False,True,False,False,0
ext_dorn_python_hard_08784,python,hard,True,False,False,0.0,-0.0595245361328125,False,False,False,False,0
ext_dorn_python_hard_08785,python,hard,True,True,True,1.0,0.17857074737548828,True,False,False,False,0
ext_dorn_python_hard_08786,python,hard,True,True,True,1.0,0.892857551574707,True,False,False,False,0
ext_dorn_python_hard_08787,python,hard,True,True,False,0.0,-0.7142858505249023,False,True,False,False,0
ext_dorn_python_hard_08788,python,hard,True,False,False,1.0,0.11904716491699219,False,False,False,False,0
ext_dorn_python_hard_08789,python,hard,True,True,True,1.0,-0.5952377319335938,False,True,False,False,0
ext_dorn_python_hard_08790,python,hard,True,True,False,0.0,-0.2976188659667969,False,True,True,True,0
ext_dorn_python_hard_08791,python,hard,True,True,True,1.0,0.5952386856079102,True,False,True,True,0
ext_dorn_python_hard_08792,python,hard,True,True,True,1.0,-0.1785726547241211,False,True,False,False,0
ext_dorn_python_hard_08793,python,hard,True,False,False,0.0,0.059523582458496094,False,False,False,False,0
ext_dorn_python_hard_08794,python,hard,True,True,False,0.0,-0.11904716491699219,False,True,False,False,0
ext_dorn_python_hard_08795,python,hard,True,True,False,0.0,-0.23809528350830078,False,True,False,False,0
ext_dorn_python_hard_08796,python,hard,True,True,False,0.0,-0.47619056701660156,False,True,False,False,0
ext_dorn_python_hard_08797,python,hard,True,False,False,1.0,-0.11904716491699219,False,False,False,False,0
ext_dorn_python_hard_08798,python,hard,True,True,False,0.0,0.9523811340332031,True,False,True,False,0
ext_dorn_python_hard_08799,python,hard,True,True,False,0.0,-0.8333330154418945,False,True,False,False,0
ext_dorn_python_hard_08800,python,hard,True,False,False,1.0,0.5357151031494141,False,False,False,False,0
ext_dorn_python_hard_08801,python,hard,True,False,False,,0.0,False,False,True,False,0
ext_dorn_python_hard_08802,python,hard,True,True,True,1.0,-0.5952386856079102,False,True,True,True,0
ext_dorn_python_hard_08803,python,hard,True,True,True,1.0,-0.5952386856079102,False,True,True,True,0
ext_dorn_python_hard_08804,python,hard,True,False,False,1.0,0.0595245361328125,False,False,False,False,0
ext_dorn_python_hard_08805,python,hard,True,False,False,1.0,0.23809432983398438,True,True,False,False,0
ext_dorn_python_hard_08806,python,hard,True,True,True,1.0,1.2499990463256836,True,False,True,True,0
ext_dorn_python_hard_08807,python,hard,True,False,False,1.0,-0.059523582458496094,True,True,True,True,0
ext_dorn_python_hard_08808,python,hard,True,True,True,1.0,0.41666698455810547,True,False,False,False,0
ext_dorn_python_hard_08809,python,hard,True,True,False,0.0,0.7142858505249023,True,False,True,False,0
ext_dorn_python_hard_08810,python,hard,True,True,False,0.0,-1.309523582458496,False,True,True,False,0
ext_dorn_python_hard_08811,python,hard,True,True,False,0.0,0.5952377319335938,True,False,False,False,0
ext_dorn_python_hard_08812,python,hard,True,True,True,1.0,-1.3690471649169922,False,True,True,True,0
ext_dorn_python_hard_08813,python,hard,True,True,True,1.0,0.8333330154418945,True,False,True,True,0
ext_dorn_python_hard_08814,python,hard,True,True,True,1.0,1.071427345275879,True,False,False,False,0
ext_dorn_python_hard_08815,python,hard,True,True,False,0.0,-0.1785717010498047,False,True,False,False,0
ext_dorn_python_hard_08816,python,hard,True,True,False,0.0,-0.9523811340332031,False,True,True,False,0
ext_dorn_python_hard_08817,python,hard,True,True,True,1.0,0.7142858505249023,True,False,False,False,0
ext_dorn_python_hard_08818,python,hard,True,True,False,0.0,-0.41666603088378906,False,True,True,True,0
ext_dorn_python_hard_08819,python,hard,True,True,False,0.0,0.892857551574707,True,False,False,False,0
ext_dorn_python_hard_08820,python,hard,True,True,True,1.0,0.23809528350830078,True,False,False,False,0
ext_dorn_python_hard_08821,python,hard,True,False,False,1.0,-0.3571434020996094,False,False,False,False,0
ext_dorn_python_hard_08822,python,hard,True,True,True,1.0,0.2976188659667969,True,False,False,False,0
ext_dorn_python_hard_08823,python,hard,True,False,False,1.0,0.6547613143920898,False,False,False,False,0
ext_dorn_python_hard_08824,python,hard,True,True,False,0.0,1.309523582458496,True,False,True,False,0
ext_dorn_python_hard_08825,python,hard,True,True,False,0.0,0.9523801803588867,True,False,False,False,0
ext_dorn_python_hard_08826,python,hard,True,True,True,1.0,-0.23809528350830078,False,True,False,False,0
ext_dorn_python_hard_08827,python,hard,True,True,True,1.0,-0.41666603088378906,False,True,False,False,0
ext_dorn_python_hard_08828,python,hard,True,False,False,1.0,9.5367431640625e-07,False,False,False,False,0
ext_dorn_python_hard_08829,python,hard,True,True,False,0.0,-0.7738094329833984,False,True,False,False,0
ext_dorn_python_hard_08830,python,hard,True,False,False,1.0,0.11904716491699219,True,True,True,True,0
ext_dorn_python_hard_08831,python,hard,True,True,False,0.0,1.0119047164916992,True,False,False,False,0
ext_dorn_python_hard_08832,python,hard,True,True,False,0.0,1.6071434020996094,True,False,True,False,0
ext_dorn_python_hard_08833,python,hard,True,False,False,1.0,-0.11904716491699219,True,True,False,False,0
ext_dorn_python_hard_08834,python,hard,True,True,False,0.0,0.7738094329833984,True,False,False,False,0
ext_dorn_python_hard_08835,python,hard,True,True,True,1.0,-0.8928565979003906,False,True,False,False,0
ext_dorn_python_hard_08836,python,hard,True,True,False,0.0,0.8333330154418945,True,False,False,False,0
ext_dorn_python_hard_08837,python,hard,True,True,True,1.0,0.1190481185913086,True,False,False,False,0
ext_dorn_python_hard_08838,python,hard,True,True,True,1.0,-0.23809432983398438,False,True,False,False,0
ext_dorn_python_hard_08839,python,hard,True,False,False,0.0,0.0595245361328125,True,True,False,False,0
ext_dorn_python_hard_08840,python,hard,True,False,False,0.0,0.11904716491699219,True,True,True,True,0
ext_dorn_python_hard_08841,python,hard,True,True,False,0.0,-0.5952377319335938,False,True,False,False,0
ext_dorn_python_hard_08842,python,hard,True,True,False,0.0,0.5952386856079102,True,False,True,True,0
ext_dorn_python_hard_08843,python,hard,True,False,False,,0.0,False,False,False,False,0
ext_dorn_python_hard_08844,python,hard,True,True,True,1.0,-0.892857551574707,False,True,False,False,0
ext_dorn_python_hard_08845,python,hard,True,True,False,0.0,0.47618961334228516,True,False,False,False,0
ext_dorn_python_hard_08846,python,hard,True,True,True,1.0,-0.9523801803588867,False,True,False,False,0
ext_dorn_python_hard_08847,python,hard,True,True,False,0.0,-1.0714282989501953,False,True,False,False,0
ext_dorn_python_hard_08848,python,hard,True,True,True,1.0,-1.071427345275879,False,True,False,False,0
ext_dorn_python_hard_08849,python,hard,True,True,True,1.0,0.41666698455810547,True,False,True,True,0
ext_dorn_python_hard_08850,python,hard,True,False,False,1.0,0.1785717010498047,True,True,True,True,0
ext_dorn_python_hard_08851,python,hard,True,True,False,0.0,-0.41666603088378906,False,True,False,False,0
ext_dorn_python_hard_08852,python,hard,True,True,True,1.0,0.7738094329833984,True,False,False,False,0
ext_dorn_python_hard_08853,python,hard,True,True,True,1.0,0.41666603088378906,True,False,False,False,0
ext_dorn_python_hard_08854,python,hard,True,False,False,1.0,0.23809528350830078,True,True,True,True,0
ext_dorn_python_hard_08855,python,hard,True,True,False,0.0,-1.1309528350830078,False,True,True,False,0
ext_dorn_python_hard_08856,python,hard,True,True,True,1.0,-1.0119047164916992,False,True,False,False,0
ext_dorn_python_hard_08857,python,hard,True,False,False,0.0,0.059523582458496094,False,False,False,False,0
ext_dorn_python_hard_08858,python,hard,True,True,False,0.0,-0.059523582458496094,False,True,False,False,0
ext_dorn_python_hard_08859,python,hard,True,True,True,1.0,-0.7142868041992188,False,True,True,False,0
ext_dorn_python_hard_08860,python,hard,True,False,False,0.0,0.11904716491699219,True,True,False,False,0
ext_dorn_python_hard_08861,python,hard,True,True,True,1.0,0.2976188659667969,True,False,True,True,0
ext_dorn_python_hard_08862,python,hard,True,True,False,0.0,-0.35714244842529297,False,True,True,False,0
ext_dorn_python_hard_08863,python,hard,True,True,False,0.0,-0.2976198196411133,False,True,False,False,0
ext_dorn_python_hard_08864,python,hard,True,False,False,1.0,-0.1190481185913086,True,True,True,True,0
ext_dorn_python_hard_08865,python,hard,True,False,False,0.0,0.059523582458496094,True,True,True,True,0
ext_dorn_python_hard_08866,python,hard,True,True,False,0.0,0.47619056701660156,True,False,False,False,0
ext_dorn_python_hard_08867,python,hard,True,True,False,0.0,0.8333339691162109,True,False,True,False,0
ext_dorn_python_hard_08868,python,hard,True,True,False,0.0,-0.5357141494750977,False,True,False,False,0
ext_dorn_python_hard_08869,python,hard,True,True,True,1.0,-0.7142858505249023,False,True,True,False,0
ext_dorn_python_hard_08870,python,hard,True,True,False,0.0,0.7738094329833984,True,False,True,False,0
ext_dorn_python_hard_08871,python,hard,True,False,False,1.0,0.1785717010498047,True,True,True,False,0
ext_dorn_python_hard_08872,python,hard,True,True,False,0.0,-1.3690481185913086,False,True,True,False,0
ext_dorn_python_hard_08873,python,hard,True,False,False,1.0,-0.1190481185913086,True,True,False,False,0
ext_dorn_python_hard_08874,python,hard,True,False,False,1.0,0.17857074737548828,True,True,True,True,0
ext_dorn_python_hard_08875,python,hard,True,False,False,0.0,0.1190481185913086,True,True,True,False,0
ext_dorn_python_hard_08876,python,hard,True,True,True,1.0,1.25,True,False,True,True,0
ext_dorn_python_hard_08877,python,hard,True,True,False,0.0,-0.23809528350830078,False,True,True,False,0
ext_dorn_python_hard_08878,python,hard,True,True,True,1.0,-0.7142868041992188,False,True,False,False,0
ext_dorn_python_hard_08879,python,hard,True,True,True,1.0,0.8333330154418945,True,False,True,True,0
ext_dorn_python_hard_08880,python,hard,True,False,False,,0.0,True,True,False,False,0
ext_dorn_python_hard_08881,python,hard,True,True,True,1.0,0.41666698455810547,True,False,False,False,0
ext_dorn_python_hard_08882,python,hard,True,True,True,1.0,2.0238094329833984,True,False,True,True,0
ext_dorn_python_hard_08883,python,hard,True,False,False,1.0,-9.5367431640625e-07,False,False,True,True,0
ext_dorn_python_hard_08884,python,hard,True,True,True,1.0,-0.2976188659667969,False,True,True,False,0
ext_dorn_python_hard_08885,python,hard,True,True,False,0.0,-0.2976198196411133,False,True,True,False,0
ext_dorn_python_hard_08886,python,hard,True,False,False,1.0,0.1785717010498047,True,True,True,True,0
ext_dorn_python_hard_08887,python,hard,True,True,False,0.0,0.5952377319335938,True,False,False,False,0
ext_dorn_python_hard_08888,python,hard,True,False,False,1.0,-0.1785726547241211,False,False,False,False,0
ext_dorn_python_hard_08889,python,hard,True,True,True,1.0,-0.3571434020996094,False,True,False,False,0
ext_dorn_python_hard_08890,python,hard,True,True,False,0.0,0.773808479309082,True,False,False,False,0
ext_dorn_python_hard_08891,python,hard,True,False,False,1.0,-0.1785717010498047,True,True,False,False,0
ext_dorn_python_hard_08892,python,hard,True,False,False,,0.0,False,False,False,False,0
ext_dorn_python_hard_08893,python,hard,True,False,False,1.0,-0.059523582458496094,True,True,False,False,0
ext_dorn_python_hard_08894,python,hard,True,True,True,1.0,-0.41666698455810547,False,True,True,False,0
ext_dorn_python_hard_08895,python,hard,True,True,True,1.0,0.9523820877075195,True,False,True,True,0
ext_dorn_python_hard_08896,python,hard,True,True,True,1.0,-0.41666603088378906,False,True,True,True,0
ext_dorn_python_hard_08897,python,hard,True,True,True,1.0,0.5952377319335938,True,False,False,False,0
ext_dorn_python_hard_08898,python,hard,True,False,False,1.0,-0.5357151031494141,False,False,False,False,0
ext_dorn_python_hard_08899,python,hard,True,True,False,0.0,-0.5357141494750977,False,True,True,False,0
ext_dorn_python_hard_08900,python,hard,True,True,True,1.0,-0.2976198196411133,False,True,False,False,0
ext_dorn_python_hard_08901,python,hard,True,False,False,0.0,0.1785717010498047,True,True,False,False,0
ext_dorn_python_hard_08902,python,hard,True,True,True,1.0,0.11904716491699219,True,False,True,True,0
ext_dorn_python_hard_08903,python,hard,True,True,False,0.0,0.6547622680664062,True,False,True,False,0
ext_dorn_python_hard_08904,python,hard,True,False,False,0.0,0.41666698455810547,True,True,False,False,0
ext_dorn_python_hard_08905,python,hard,True,True,True,1.0,1.3690471649169922,True,False,False,False,0
ext_dorn_python_hard_08906,python,hard,True,False,False,1.0,-0.1785717010498047,True,True,False,False,0
ext_dorn_python_hard_08907,python,hard,True,False,False,1.0,0.1190481185913086,False,False,True,True,0
ext_dorn_python_hard_08908,python,hard,True,False,False,0.0,-0.0595245361328125,True,True,True,True,0
ext_dorn_python_hard_08909,python,hard,True,True,False,0.0,0.2976188659667969,True,False,False,False,0
ext_dorn_python_hard_08910,python,hard,True,True,False,0.0,-0.35714244842529297,False,True,True,True,0
ext_dorn_python_hard_08911,python,hard,True,False,False,1.0,0.059523582458496094,True,True,False,False,0
ext_dorn_python_hard_08912,python,hard,True,True,False,0.0,-0.3571434020996094,False,True,False,False,0
ext_dorn_python_hard_08913,python,hard,True,True,False,0.0,-0.47618961334228516,False,True,True,False,0
ext_dorn_python_hard_08914,python,hard,True,False,False,,0.0,True,True,True,True,0
ext_dorn_python_hard_08915,python,hard,True,False,False,0.0,1.1309528350830078,False,False,True,False,0
ext_dorn_python_hard_08916,python,hard,True,False,False,0.0,0.1190481185913086,False,False,False,False,0
ext_dorn_python_hard_08917,python,hard,True,True,True,1.0,-0.23809528350830078,False,True,True,False,0
ext_dorn_python_hard_08918,python,hard,True,True,False,0.0,-0.7738103866577148,False,True,True,False,0
ext_dorn_python_hard_08919,python,hard,True,True,True,1.0,-0.7142858505249023,False,True,False,False,0
ext_dorn_python_hard_08920,python,hard,True,False,False,1.0,-0.11904716491699219,False,False,False,False,0
ext_dorn_python_hard_08921,python,hard,True,True,True,1.0,-0.773808479309082,False,True,False,False,0
ext_dorn_python_hard_08922,python,hard,True,False,False,1.0,-0.059523582458496094,False,False,False,False,0
ext_dorn_python_hard_08923,python,hard,True,True,False,0.0,-0.7142858505249023,False,True,False,False,0
ext_dorn_python_hard_08924,python,hard,True,True,True,1.0,-0.7738103866577148,False,True,False,False,0
ext_dorn_python_hard_08925,python,hard,True,True,False,0.0,0.47619056701660156,True,False,False,False,0
ext_dorn_python_hard_08926,python,hard,True,True,True,1.0,1.309523582458496,True,False,True,True,0
ext_dorn_python_hard_08927,python,hard,True,True,False,0.0,-0.47619056701660156,False,True,True,False,0
ext_dorn_python_hard_08928,python,hard,True,True,True,1.0,0.6547613143920898,True,False,True,True,0
ext_dorn_python_hard_08929,python,hard,True,True,False,0.0,-0.41666507720947266,False,True,True,True,0
ext_dorn_python_hard_08930,python,hard,True,True,True,1.0,-0.8333330154418945,False,True,False,False,0
ext_dorn_python_hard_08931,python,hard,True,False,False,0.0,-0.35714244842529297,True,True,False,False,0
ext_dorn_python_hard_08932,python,hard,True,False,False,0.0,-0.1190481185913086,True,True,True,True,0
ext_dorn_python_hard_08933,python,hard,True,True,False,0.0,0.8928585052490234,True,False,True,False,0
ext_dorn_python_hard_08934,python,hard,True,True,False,0.0,0.8333330154418945,True,False,False,False,0
ext_dorn_python_hard_08935,python,hard,True,True,True,1.0,-0.5952377319335938,False,True,False,False,0
ext_dorn_python_hard_08936,python,hard,True,True,False,0.0,0.8928565979003906,True,False,True,False,0
ext_dorn_python_hard_08937,python,hard,True,True,True,1.0,0.7142858505249023,True,False,False,False,0
ext_dorn_python_hard_08938,python,hard,True,True,False,0.0,-0.2976198196411133,False,True,True,False,0
ext_dorn_python_hard_08939,python,hard,True,True,True,1.0,0.5357131958007812,True,False,True,True,0
ext_dorn_python_hard_08940,python,hard,True,True,False,0.0,1.4285717010498047,True,False,True,False,0
ext_dorn_python_hard_08941,python,hard,True,True,False,0.0,0.2976188659667969,True,False,False,False,0
ext_dorn_python_hard_08942,python,hard,True,False,False,0.0,-0.0595245361328125,False,False,False,False,0
ext_dorn_python_hard_08943,python,hard,True,True,True,1.0,-0.7738094329833984,False,True,True,True,0
ext_dorn_python_hard_08944,python,hard,True,False,False,,0.0,False,False,True,True,0
ext_dorn_python_hard_08945,python,hard,True,False,False,0.0,0.1785717010498047,True,True,False,False,0
ext_dorn_python_hard_08946,python,hard,True,True,True,1.0,-0.8333330154418945,False,True,True,True,0
ext_dorn_python_hard_08947,python,hard,True,False,False,1.0,-0.059523582458496094,False,False,False,False,0
ext_dorn_python_hard_08948,python,hard,True,True,False,0.0,-0.1190481185913086,False,True,False,False,0
ext_dorn_python_hard_08949,python,hard,True,True,False,0.0,-0.5357131958007812,False,True,False,False,0
ext_dorn_python_hard_08950,python,hard,True,True,False,0.0,-1.4880952835083008,False,True,True,False,0
ext_dorn_python_hard_08951,python,hard,True,True,True,1.0,-0.8333330154418945,False,True,True,True,0
ext_dorn_python_hard_08952,python,hard,True,True,True,1.0,1.6071434020996094,True,False,True,True,0
ext_dorn_python_hard_08953,python,hard,True,True,True,1.0,-0.47619056701660156,False,True,True,True,0
ext_dorn_python_hard_08954,python,hard,True,True,True,1.0,0.23809432983398438,True,False,False,False,0
ext_dorn_python_hard_08955,python,hard,True,False,False,0.0,0.17857074737548828,False,False,True,True,0
ext_dorn_python_hard_08956,python,hard,True,True,False,0.0,0.5952377319335938,True,False,False,False,0
ext_dorn_python_hard_08957,python,hard,True,False,False,1.0,-0.2976188659667969,False,False,False,False,0
ext_dorn_python_hard_08958,python,hard,True,True,False,0.0,-0.47619056701660156,False,True,False,False,0
ext_dorn_python_hard_08959,python,hard,True,False,False,1.0,-0.0595245361328125,False,False,False,False,0
ext_dorn_python_hard_08960,python,hard,True,True,True,1.0,-0.5357131958007812,False,True,False,False,0
ext_dorn_python_hard_08961,python,hard,True,False,False,,0.0,True,True,False,False,0
ext_dorn_python_hard_08962,python,hard,True,True,True,1.0,-0.7738094329833984,False,True,False,False,0
ext_dorn_python_hard_08963,python,hard,True,False,False,0.0,-0.05952262878417969,True,True,False,False,0
ext_dorn_python_hard_08964,python,hard,True,False,False,1.0,-0.35714244842529297,True,True,False,False,0
ext_dorn_python_hard_08965,python,hard,True,False,False,1.0,0.41666603088378906,True,True,True,True,0
ext_dorn_python_hard_08966,python,hard,True,True,False,0.0,-0.8333330154418945,False,True,True,False,0
ext_dorn_python_hard_08967,python,hard,True,True,False,0.0,-0.2976188659667969,False,True,True,True,0
ext_dorn_python_hard_08968,python,hard,True,True,False,0.0,0.7142848968505859,True,False,True,True,0
ext_dorn_python_hard_08969,python,hard,True,False,False,1.0,0.35714244842529297,True,True,True,True,0
ext_dorn_python_hard_08970,python,hard,True,True,True,1.0,1.1904754638671875,True,False,True,True,0
ext_dorn_python_hard_08971,python,hard,True,True,True,1.0,-1.3095245361328125,False,True,False,False,0
ext_dorn_python_hard_08972,python,hard,True,True,True,1.0,-0.5357141494750977,False,True,False,False,0
ext_dorn_python_hard_08973,python,hard,True,True,True,1.0,0.5952386856079102,True,False,False,False,0
ext_dorn_python_hard_08974,python,hard,True,True,False,0.0,-0.6547622680664062,False,True,True,False,0
ext_dorn_python_hard_08975,python,hard,True,True,False,0.0,0.5357141494750977,True,False,True,True,0
ext_dorn_python_hard_08976,python,hard,True,False,False,1.0,-0.059523582458496094,False,False,False,False,0
ext_dorn_python_hard_08977,python,hard,True,True,False,0.0,-0.5357141494750977,False,True,False,False,0
ext_dorn_python_hard_08978,python,hard,True,True,True,1.0,-0.5357141494750977,False,True,False,False,0
ext_dorn_python_hard_08979,python,hard,True,True,True,1.0,-0.41666698455810547,False,True,False,False,0
ext_dorn_python_hard_08980,python,hard,True,True,False,0.0,-1.0714292526245117,False,True,True,False,0
ext_dorn_python_hard_08981,python,hard,True,True,True,1.0,0.5952377319335938,True,False,True,True,0
ext_dorn_python_hard_08982,python,hard,True,True,True,1.0,-0.892857551574707,False,True,True,True,0
ext_dorn_python_hard_08983,python,hard,True,False,False,1.0,-0.11904716491699219,True,True,True,True,0
ext_dorn_python_hard_08984,python,hard,True,False,False,0.0,0.059523582458496094,False,False,False,False,0
ext_dorn_python_hard_08985,python,hard,True,True,False,0.0,-0.1785717010498047,False,True,False,False,0
ext_dorn_python_hard_08986,python,hard,True,True,False,0.0,-0.5357141494750977,False,True,False,False,0
ext_dorn_python_hard_08987,python,hard,True,False,False,1.0,0.23809528350830078,False,False,True,True,0
ext_dorn_python_hard_08988,python,hard,True,True,False,0.0,0.5952386856079102,True,False,True,True,0
ext_dorn_python_hard_08989,python,hard,True,True,False,0.0,1.309523582458496,True,False,False,False,0
ext_dorn_python_hard_08990,python,hard,True,True,False,0.0,-0.7142848968505859,False,True,True,False,0
ext_dorn_python_hard_08991,python,hard,True,True,True,1.0,0.9523811340332031,True,False,False,False,0
ext_dorn_python_hard_08992,python,hard,True,True,True,1.0,1.0714292526245117,True,False,False,False,0
ext_dorn_python_hard_08993,python,hard,True,False,False,1.0,9.5367431640625e-07,False,False,False,False,0
ext_dorn_python_hard_08994,python,hard,True,True,True,1.0,-1.25,False,True,True,True,0
ext_dorn_python_hard_08995,python,hard,True,False,False,1.0,-0.23809528350830078,True,True,False,False,0
ext_dorn_python_hard_08996,python,hard,True,True,True,1.0,0.1190481185913086,True,False,False,False,0
ext_dorn_python_hard_08997,python,hard,True,True,True,1.0,0.5952377319335938,True,False,True,True,0
ext_dorn_python_hard_08998,python,hard,True,True,True,1.0,0.5357151031494141,True,False,False,False,0
ext_dorn_python_hard_08999,python,hard,True,True,True,1.0,-0.8333339691162109,False,True,True,True,0
