snippet_id,language,image_path,image_sha256,width,height,pixel_std_mean,nonconstant
dorn_cuda_000,cuda,results/grounded_protocol_3lang_20260721/rendered/grid/monokai_dark__fs20__wrap80__lnon/dorn_cuda_000.png,d3e89fe7a9ce3cf359ce2af75807e8155bd08c4abcc39d917d605a495ac447f4,1028,1217,43.43685560231406,True
dorn_cuda_001,cuda,results/grounded_protocol_3lang_20260721/rendered/grid/monokai_dark__fs20__wrap80__lnon/dorn_cuda_001.png,eee01ad5f3b7c6acd71558d74e976e8a35e863cf37cf1a702be966988d17bfed,1028,230,46.543671982595036,True
dorn_cuda_002,cuda,results/grounded_protocol_3lang_20260721/rendered/grid/monokai_dark__fs20__wrap80__lnon/dorn_cuda_002.png,36dbc7915529ecf7223f51a94906dd2893073d82f911d1bcde684bbf61b79ff4,1028,188,32.79371404784989,True
dorn_cuda_003,cuda,results/grounded_protocol_3lang_20260721/rendered/grid/monokai_dark__fs20__wrap80__lnon/dorn_cuda_003.png,3410c44014c31075a7b559dc87c48f47207ec72cef8f775405ea82fe7b2c36e1,1028,755,44.72893626887112,True
dorn_cuda_004,cuda,results/grounded_protocol_3lang_20260721/rendered/grid/monokai_dark__fs20__wrap80__lnon/dorn_cuda_004.png,cc656ed73d605fd1a6af3ff6d8a6fa01d98657f2f430edf273f22390bc43a9c1,1028,1091,31.46773296359901,True
dorn_cuda_005,cuda,results/grounded_protocol_3lang_20260721/rendered/grid/monokai_dark__fs20__wrap80__lnon/dorn_cuda_005.png,7d27e4980f76c47a7a1bd2f287306ab241bca0db9ac08201fbafacd7af36feda,1028,650,38.066444778894244,True
dorn_cuda_006,cuda,results/grounded_protocol_3lang_20260721/rendered/grid/monokai_dark__fs20__wrap80__lnon/dorn_cuda_006.png,b3ef708df0b943c98fe5c3ddc9a7bd03df8cd52bd0f4b2e8cf285080ec909cb6,1028,293,43.029695971057,True
dorn_cuda_007,cuda,results/grounded_protocol_3lang_20260721/rendered/grid/monokai_dark__fs20__wrap80__lnon/dorn_cuda_007.png,546a9bcd75675e8fd2a20ccc0f481ab2c81046090c8232e146cc7385faad00dd,1028,1133,38.646694296417024,True
dorn_cuda_008,cuda,results/grounded_protocol_3lang_20260721/rendered/grid/monokai_dark__fs20__wrap80__lnon/dorn_cuda_008.png,53f2a159ba9bb1c4d410ef904753774c3d8d06d614d7ad146feea590f8ec03dd,1028,230,44.682074161244195,True
dorn_cuda_009,cuda,results/grounded_protocol_3lang_20260721/rendered/grid/monokai_dark__fs20__wrap80__lnon/dorn_cuda_009.png,9026e4c2a6b7a8a4db2b94cf582894f6a423d7950f0e142ae45f71c4d5c4e5d7,1028,629,40.433981107772844,True
dorn_cuda_010,cuda,results/grounded_protocol_3lang_20260721/rendered/grid/monokai_dark__fs20__wrap80__lnon/dorn_cuda_010.png,eec4c926e21ed37a8e073d4ca77a5f6d171a4eeb481950ffee409728d5f4f858,1028,1343,47.033578873717204,True
dorn_cuda_011,cuda,results/grounded_protocol_3lang_20260721/rendered/grid/monokai_dark__fs20__wrap80__lnon/dorn_cuda_011.png,4527f2cfe8267e8f64bab9c92d8df395f95defef2c3e2f0265d9ec731fecb0ef,1028,230,34.43653705497835,True
dorn_cuda_012,cuda,results/grounded_protocol_3lang_20260721/rendered/grid/monokai_dark__fs20__wrap80__lnon/dorn_cuda_012.png,acb585ead34972a2eac041a2486525f0c27e740b65c38f1847474730e3a36ed6,1028,188,35.44873719089386,True
dorn_cuda_013,cuda,results/grounded_protocol_3lang_20260721/rendered/grid/monokai_dark__fs20__wrap80__lnon/dorn_cuda_013.png,88b5529410715652d4a327185cfc7a83738c984809e3b04f7369a05880b675d6,1028,629,35.73963165187279,True
dorn_cuda_014,cuda,results/grounded_protocol_3lang_20260721/rendered/grid/monokai_dark__fs20__wrap80__lnon/dorn_cuda_014.png,c3a6d346524bb4f0e2b7a6639f6552db77315e59a0a31a8195311a9a33c6ba94,1028,734,41.77235630127387,True
dorn_cuda_015,cuda,results/grounded_protocol_3lang_20260721/rendered/grid/monokai_dark__fs20__wrap80__lnon/dorn_cuda_015.png,8c74a21843df2d4eea16c067a08247134302e6efcee6ed6e10a04cab29cd4604,1028,734,40.570427945736014,True
dorn_cuda_016,cuda,results/grounded_protocol_3lang_20260721/rendered/grid/monokai_dark__fs20__wrap80__lnon/dorn_cuda_016.png,7999c781da6df94f4b448cc598582d9d4f4953ad90545dca8cf301dcab406531,1028,734,52.032224415854216,True
dorn_cuda_017,cuda,results/grounded_protocol_3lang_20260721/rendered/grid/monokai_dark__fs20__wrap80__lnon/dorn_cuda_017.png,d5e15a3fa341c719996242a956a5faa277c83ba5bdc4e5a21aecdc25c97f3fee,1028,1049,34.09809888930152,True
dorn_cuda_018,cuda,results/grounded_protocol_3lang_20260721/rendered/grid/monokai_dark__fs20__wrap80__lnon/dorn_cuda_018.png,8acfed282d8b40d54479be0634d05e4f4b67f063ee79c7fdb2d4b5b1a6482074,1028,713,43.056677308647615,True
dorn_cuda_019,cuda,results/grounded_protocol_3lang_20260721/rendered/grid/monokai_dark__fs20__wrap80__lnon/dorn_cuda_019.png,0ead6503166e8f3b2254c0ad13016cf84d42ed6345762bda7c377476876f3aaa,1028,713,33.6524370402721,True
dorn_cuda_020,cuda,results/grounded_protocol_3lang_20260721/rendered/grid/monokai_dark__fs20__wrap80__lnon/dorn_cuda_020.png,cb58fe4c97f47e07f1900de10a372f9fe36f071907c1d42154771a0bdbf8e8a2,1028,1217,44.568735480893245,True
dorn_cuda_021,cuda,results/grounded_protocol_3lang_20260721/rendered/grid/monokai_dark__fs20__wrap80__lnon/dorn_cuda_021.png,74a28771e10996486bdcbaed40adf44ab115289c6790fb8c6e0713c29cc5d3ca,1028,356,43.38269945194232,True
dorn_cuda_022,cuda,results/grounded_protocol_3lang_20260721/rendered/grid/monokai_dark__fs20__wrap80__lnon/dorn_cuda_022.png,b0de18b60e8da0a0bf946a7ab850ee500be46cf81d73457c1e1f7c1ea381fa86,1028,692,33.895215516856844,True
dorn_cuda_023,cuda,results/grounded_protocol_3lang_20260721/rendered/grid/monokai_dark__fs20__wrap80__lnon/dorn_cuda_023.png,87fac7fd0017c9178412b8a7d8547a524d86c8b405cb42013d0bfea02ab1aae7,1028,1175,49.37930298082733,True
dorn_cuda_024,cuda,results/grounded_protocol_3lang_20260721/rendered/grid/monokai_dark__fs20__wrap80__lnon/dorn_cuda_024.png,fdd005773185f4cbda31cdcbdbcba26123dfc3b1d39c081758e031a1f57bfbce,1028,839,50.426285595187295,True
dorn_cuda_025,cuda,results/grounded_protocol_3lang_20260721/rendered/grid/monokai_dark__fs20__wrap80__lnon/dorn_cuda_025.png,623d138419db3be33002bf2c477f5904987402067dbc25abb4f9316760764000,1028,839,51.8975913712774,True
dorn_cuda_026,cuda,results/grounded_protocol_3lang_20260721/rendered/grid/monokai_dark__fs20__wrap80__lnon/dorn_cuda_026.png,c82e2d32d5c2ad267b79c43d9084078f253870369fb2c5149728f49fd9f573a9,1028,1217,35.86709659800713,True
dorn_cuda_027,cuda,results/grounded_protocol_3lang_20260721/rendered/grid/monokai_dark__fs20__wrap80__lnon/dorn_cuda_027.png,cd7cb286d098de238774b0ef1ed9f3ca95aa74738d32d046cd659870928be49e,1028,608,41.53920241750114,True
dorn_cuda_028,cuda,results/grounded_protocol_3lang_20260721/rendered/grid/monokai_dark__fs20__wrap80__lnon/dorn_cuda_028.png,6dc9d7f8c16c5e74b970f45e1f5cc4359ed76be511eb96e77863cf385e1030f6,1028,1154,38.7347913217879,True
dorn_cuda_029,cuda,results/grounded_protocol_3lang_20260721/rendered/grid/monokai_dark__fs20__wrap80__lnon/dorn_cuda_029.png,5eac61115a896b8cd8c6cb181327bf084cadecf396f97fceee525ecfbcb0cc95,1028,230,28.981486397164435,True
dorn_cuda_030,cuda,results/grounded_protocol_3lang_20260721/rendered/grid/monokai_dark__fs20__wrap80__lnon/dorn_cuda_030.png,0a2c7c285c1436ba8feea53bc189b5987f52a502b5cbc294b3d16b06e92dd542,1028,1448,49.28437406321884,True
dorn_cuda_031,cuda,results/grounded_protocol_3lang_20260721/rendered/grid/monokai_dark__fs20__wrap80__lnon/dorn_cuda_031.png,8381529ecb5044a5b93dadf6f27b2a5679369d52fa453abb68d74499de5765b1,1028,1112,31.48296930758759,True
dorn_cuda_032,cuda,results/grounded_protocol_3lang_20260721/rendered/grid/monokai_dark__fs20__wrap80__lnon/dorn_cuda_032.png,9e32cbbfccd6bafdec90563c56fc607ea4f78576ff89d5bb70843e588147cdae,1028,272,46.20024811028102,True
dorn_cuda_033,cuda,results/grounded_protocol_3lang_20260721/rendered/grid/monokai_dark__fs20__wrap80__lnon/dorn_cuda_033.png,60d2643692970891a26da84e84d32629e69f6d00e1b304000d73f33efb9e6158,1028,818,47.42740023182595,True
dorn_cuda_034,cuda,results/grounded_protocol_3lang_20260721/rendered/grid/monokai_dark__fs20__wrap80__lnon/dorn_cuda_034.png,23b88de017e8a75f9584a6c12c94b9af1f925add71633198dc78ca7f94e633b6,1028,1301,48.98376914173597,True
dorn_cuda_035,cuda,results/grounded_protocol_3lang_20260721/rendered/grid/monokai_dark__fs20__wrap80__lnon/dorn_cuda_035.png,4cd6398b4dae379c8cf953fad81c9be6ebcaf609546faa7a7f580cb083fa6dbb,1028,230,29.34066372071295,True
dorn_cuda_036,cuda,results/grounded_protocol_3lang_20260721/rendered/grid/monokai_dark__fs20__wrap80__lnon/dorn_cuda_036.png,e2bcf9cb8e56ab3dbe21d874aa187c40161e49e8aaf9f661902c9439d3e03eb9,1028,1322,43.51646622226203,True
dorn_cuda_037,cuda,results/grounded_protocol_3lang_20260721/rendered/grid/monokai_dark__fs20__wrap80__lnon/dorn_cuda_037.png,8aca003a789d48de2a0f19690a33be3443736436db74e7453482ff0e6a1c7573,1028,1133,36.505787046466224,True
dorn_cuda_038,cuda,results/grounded_protocol_3lang_20260721/rendered/grid/monokai_dark__fs20__wrap80__lnon/dorn_cuda_038.png,271f9cb75e8593da774618ea5e752e3d360945c42785f6bc23b25da879948233,1028,1406,26.780191263604227,True
dorn_cuda_039,cuda,results/grounded_protocol_3lang_20260721/rendered/grid/monokai_dark__fs20__wrap80__lnon/dorn_cuda_039.png,f08600eabd9837e52d8ab4c4386df3b2c410b40bfe572a7f358b9e20acca539d,1028,692,33.66481255630267,True
dorn_cuda_040,cuda,results/grounded_protocol_3lang_20260721/rendered/grid/monokai_dark__fs20__wrap80__lnon/dorn_cuda_040.png,1dd718b7fe9d6cf2fec7c9b00a1e98127df36691757401ce851d7d9862fd5d8b,1028,209,20.561070068349213,True
dorn_cuda_041,cuda,results/grounded_protocol_3lang_20260721/rendered/grid/monokai_dark__fs20__wrap80__lnon/dorn_cuda_041.png,c1b63d00772f934ae784a41c8db58c9c9c686602863f68a8e33c2484e5f46eec,1028,650,28.45901771340425,True
dorn_cuda_042,cuda,results/grounded_protocol_3lang_20260721/rendered/grid/monokai_dark__fs20__wrap80__lnon/dorn_cuda_042.png,c5d8657e7c92506b5dc646c5f612ab00aa1ccb923d50a6d3b88a45961ace5122,1028,1112,36.62532461277227,True
dorn_cuda_043,cuda,results/grounded_protocol_3lang_20260721/rendered/grid/monokai_dark__fs20__wrap80__lnon/dorn_cuda_043.png,d71c784b7a2f60259a3dee9134bbf103aad047074fa2c4a54e949d2baaef0c69,1028,293,51.31538055991714,True
dorn_cuda_044,cuda,results/grounded_protocol_3lang_20260721/rendered/grid/monokai_dark__fs20__wrap80__lnon/dorn_cuda_044.png,d19899539f42a73ca1a566e26b2b013f8a55da78304a58f1aa93c3312d3b98a8,1028,650,30.463975687088574,True
dorn_cuda_045,cuda,results/grounded_protocol_3lang_20260721/rendered/grid/monokai_dark__fs20__wrap80__lnon/dorn_cuda_045.png,45cc36fc652b90dcf70bda3a70f47ed7ca01a4eb2baf24b057901ae6978e7cf1,1028,209,59.35186016950945,True
dorn_cuda_046,cuda,results/grounded_protocol_3lang_20260721/rendered/grid/monokai_dark__fs20__wrap80__lnon/dorn_cuda_046.png,4238f1ca3e274c9c0d4c3bfe39b9216f6183247bc753c0d1a18404ab563b14f9,1028,1175,36.98246011759188,True
dorn_cuda_047,cuda,results/grounded_protocol_3lang_20260721/rendered/grid/monokai_dark__fs20__wrap80__lnon/dorn_cuda_047.png,366b2a0a4819d7a73ca94cb42136546b960b3023283bacbfbaaf19bfc26da0d6,1028,1574,49.448286375431216,True
dorn_cuda_048,cuda,results/grounded_protocol_3lang_20260721/rendered/grid/monokai_dark__fs20__wrap80__lnon/dorn_cuda_048.png,905352f24fdf3fc18507726295a098faf28f976945d531bd9cc7d2e43ec8abb7,1028,755,38.2843330354587,True
dorn_cuda_049,cuda,results/grounded_protocol_3lang_20260721/rendered/grid/monokai_dark__fs20__wrap80__lnon/dorn_cuda_049.png,2087bd46085288d01162bb5403997c6aeb56dfcc93d8a7ea40de12fb9241893b,1028,293,42.545351089674334,True
dorn_cuda_050,cuda,results/grounded_protocol_3lang_20260721/rendered/grid/monokai_dark__fs20__wrap80__lnon/dorn_cuda_050.png,6e28ddcd9fcc74c9647f3b6f4c4eff4f6437b1dcc72b1eabb643182b45ae5d34,1028,650,47.72989376861356,True
dorn_cuda_051,cuda,results/grounded_protocol_3lang_20260721/rendered/grid/monokai_dark__fs20__wrap80__lnon/dorn_cuda_051.png,f6c9f711c8d86a9e081ae537e0d649734f2d263dbce701bef8963f456bcf88ea,1028,1322,43.14282405814271,True
dorn_cuda_052,cuda,results/grounded_protocol_3lang_20260721/rendered/grid/monokai_dark__fs20__wrap80__lnon/dorn_cuda_052.png,4cd0669030fb5e22a6106b717e22ceefe94b07ffbdfb8ccb2e8fa1153996c226,1028,230,36.123421513779334,True
dorn_cuda_053,cuda,results/grounded_protocol_3lang_20260721/rendered/grid/monokai_dark__fs20__wrap80__lnon/dorn_cuda_053.png,dbd457568350ed58f52456c527680c066505e49166f4aa8be5c48016f0ad121c,1028,1112,41.868029026512296,True
dorn_cuda_054,cuda,results/grounded_protocol_3lang_20260721/rendered/grid/monokai_dark__fs20__wrap80__lnon/dorn_cuda_054.png,9299a997181123f84c504e981999891ddaccfa5f670d153b1e90bed2fab893e5,1028,230,22.27441285743305,True
dorn_cuda_055,cuda,results/grounded_protocol_3lang_20260721/rendered/grid/monokai_dark__fs20__wrap80__lnon/dorn_cuda_055.png,9f585882a3958a827c630a89a338efd8375a91421ad0ac30eb1887af920b482f,1028,251,41.25182521653051,True
dorn_cuda_056,cuda,results/grounded_protocol_3lang_20260721/rendered/grid/monokai_dark__fs20__wrap80__lnon/dorn_cuda_056.png,1cc7b576a96f8027e837c2a3e0479304c4f24dc4c56cc87fa6144a1fd6ee42de,1028,230,42.4247730994363,True
dorn_cuda_057,cuda,results/grounded_protocol_3lang_20260721/rendered/grid/monokai_dark__fs20__wrap80__lnon/dorn_cuda_057.png,317d6ebd128bffbbd7d99c9de69b47639c8c4d31cc5cda321ac92b8cca644328,1028,188,40.48654482107428,True
dorn_cuda_058,cuda,results/grounded_protocol_3lang_20260721/rendered/grid/monokai_dark__fs20__wrap80__lnon/dorn_cuda_058.png,50a5f0dcd489e56409aa4873596f2b228f6326cceab8d32cc9c7a1be15228fac,1028,146,50.70600304295515,True
dorn_cuda_059,cuda,results/grounded_protocol_3lang_20260721/rendered/grid/monokai_dark__fs20__wrap80__lnon/dorn_cuda_059.png,6e34779f8af067616b477cb0a21b4e91f45bc2a355b78e232a31cf3dc86e1060,1028,1133,40.515366407381926,True
dorn_cuda_060,cuda,results/grounded_protocol_3lang_20260721/rendered/grid/monokai_dark__fs20__wrap80__lnon/dorn_cuda_060.png,248839cace4cb877fb6fa6c0268be2d97efb17fec9aa8d587a0f1dd85457dcb4,1028,818,30.681567002261147,True
dorn_cuda_061,cuda,results/grounded_protocol_3lang_20260721/rendered/grid/monokai_dark__fs20__wrap80__lnon/dorn_cuda_061.png,9effe40d71bf56c102376b406f26dc60adc641395ef9318db6013418ef41e3c4,1028,692,42.210763019395465,True
dorn_cuda_062,cuda,results/grounded_protocol_3lang_20260721/rendered/grid/monokai_dark__fs20__wrap80__lnon/dorn_cuda_062.png,f277f2fc3e9a235d7a1c9697eadaff90466821924fb34ac2af978125a455589e,1028,167,18.386218960691913,True
dorn_cuda_063,cuda,results/grounded_protocol_3lang_20260721/rendered/grid/monokai_dark__fs20__wrap80__lnon/dorn_cuda_063.png,0594aa02a1f8a9381e6ecd47b5ed98929e507aa9511ad6e3abc55d57bfb69d49,1028,230,40.3931715361231,True
dorn_cuda_064,cuda,results/grounded_protocol_3lang_20260721/rendered/grid/monokai_dark__fs20__wrap80__lnon/dorn_cuda_064.png,23b88de017e8a75f9584a6c12c94b9af1f925add71633198dc78ca7f94e633b6,1028,1301,48.98376914173597,True
dorn_cuda_065,cuda,results/grounded_protocol_3lang_20260721/rendered/grid/monokai_dark__fs20__wrap80__lnon/dorn_cuda_065.png,7fe506fc3279d81274be6791df16f3c8417a6bc5b7e65e30801b1e426b264025,1028,251,29.230601177269943,True
dorn_cuda_066,cuda,results/grounded_protocol_3lang_20260721/rendered/grid/monokai_dark__fs20__wrap80__lnon/dorn_cuda_066.png,1c3b31de2c817f92bcc8aa2b065825d2571e17f3bff4fedf97c69507c0496edd,1028,230,26.637937100961597,True
dorn_cuda_067,cuda,results/grounded_protocol_3lang_20260721/rendered/grid/monokai_dark__fs20__wrap80__lnon/dorn_cuda_067.png,c743e139493ca9f30e0e74777f5e9a73144209b4a3b043dfcb9bc3eb2eaa02d5,1028,335,53.37067633062353,True
dorn_cuda_068,cuda,results/grounded_protocol_3lang_20260721/rendered/grid/monokai_dark__fs20__wrap80__lnon/dorn_cuda_068.png,0db30bd71ffe69aa2f45b0c3bb413775562df257d22c8c24b38fb07d6c1499e5,1028,713,42.16031050187604,True
dorn_cuda_069,cuda,results/grounded_protocol_3lang_20260721/rendered/grid/monokai_dark__fs20__wrap80__lnon/dorn_cuda_069.png,fddac9aacd0d081ceb580a3adf23ab7de90ee1f8c806c4051363a72f3844ec84,1028,1154,50.75572237052028,True
dorn_cuda_070,cuda,results/grounded_protocol_3lang_20260721/rendered/grid/monokai_dark__fs20__wrap80__lnon/dorn_cuda_070.png,975a39199e9abd3d7796672bc472ff154d0a7b7f28cd3f405e2d96a145db3ad5,1028,230,28.149554849781776,True
dorn_cuda_071,cuda,results/grounded_protocol_3lang_20260721/rendered/grid/monokai_dark__fs20__wrap80__lnon/dorn_cuda_071.png,ee1d7f8ac1b8ee8d66cdbc79d6ec275ed9bd5c0375f24af6da985d4b42afdd5e,1028,671,50.217500640205884,True
dorn_cuda_072,cuda,results/grounded_protocol_3lang_20260721/rendered/grid/monokai_dark__fs20__wrap80__lnon/dorn_cuda_072.png,08297faa6cbf8dcde6701b8a3c4b6ae26152b859c8bad9dfb7118c9995e63078,1028,230,35.78133672053822,True
dorn_cuda_073,cuda,results/grounded_protocol_3lang_20260721/rendered/grid/monokai_dark__fs20__wrap80__lnon/dorn_cuda_073.png,cb37d0a0f227e3292647521bd167ffb4fbac6ff777a438aef383f0c0afd55e74,1028,1091,35.50180404233408,True
dorn_cuda_074,cuda,results/grounded_protocol_3lang_20260721/rendered/grid/monokai_dark__fs20__wrap80__lnon/dorn_cuda_074.png,5dd32162505408b31b6db73b406bda83129b7dba7d7d45bee6f73979380d43a8,1028,671,36.43205693201273,True
dorn_cuda_075,cuda,results/grounded_protocol_3lang_20260721/rendered/grid/monokai_dark__fs20__wrap80__lnon/dorn_cuda_075.png,3f0db3fa9b42c77275b84e53b104e6957a23f7d33f1dfbf833cf50e5b9f2cf03,1028,1154,33.96513025854605,True
dorn_cuda_076,cuda,results/grounded_protocol_3lang_20260721/rendered/grid/monokai_dark__fs20__wrap80__lnon/dorn_cuda_076.png,958aeb2b442932b86868427e7b275bd1153f022e99e72bb055d0867838121793,1028,1091,35.51741723799882,True
dorn_cuda_077,cuda,results/grounded_protocol_3lang_20260721/rendered/grid/monokai_dark__fs20__wrap80__lnon/dorn_cuda_077.png,5a137fcd9bcaec065adfeba78593221ec74d997f81e50021a4309910af5db98d,1028,230,45.08778405913974,True
dorn_cuda_078,cuda,results/grounded_protocol_3lang_20260721/rendered/grid/monokai_dark__fs20__wrap80__lnon/dorn_cuda_078.png,9527b85d2765060cc01cdd3b83141a261950f412746498d42d5128843d4548bd,1028,965,53.249423819256684,True
dorn_cuda_079,cuda,results/grounded_protocol_3lang_20260721/rendered/grid/monokai_dark__fs20__wrap80__lnon/dorn_cuda_079.png,a4f0cf9579b2a210be61d4f2a24702f0397f3dffac1b1be2a1c458c9d486bde5,1028,797,45.91819566369404,True
dorn_cuda_080,cuda,results/grounded_protocol_3lang_20260721/rendered/grid/monokai_dark__fs20__wrap80__lnon/dorn_cuda_080.png,0d81bfc253bd66893dc33404f3b797e8b7c2fbfd24aace0acf014041bd852b54,1028,230,26.824166771810535,True
dorn_cuda_081,cuda,results/grounded_protocol_3lang_20260721/rendered/grid/monokai_dark__fs20__wrap80__lnon/dorn_cuda_081.png,a10e82fa3e911cc4de7511266fc48742adc67ec07430d508b0e4daafd99342d1,1028,1259,44.31776683943331,True
dorn_cuda_082,cuda,results/grounded_protocol_3lang_20260721/rendered/grid/monokai_dark__fs20__wrap80__lnon/dorn_cuda_082.png,0beb752ca1e0c58a1439d071ecbf12147caa9b7e0f98b3bd52ccf22808445ede,1028,839,43.57626760329555,True
dorn_cuda_083,cuda,results/grounded_protocol_3lang_20260721/rendered/grid/monokai_dark__fs20__wrap80__lnon/dorn_cuda_083.png,1455f7b76cc2a354c60a803b132d0559910fe37bd3786e9cf1a3f2bec128000d,1028,650,52.842884756452264,True
dorn_cuda_084,cuda,results/grounded_protocol_3lang_20260721/rendered/grid/monokai_dark__fs20__wrap80__lnon/dorn_cuda_084.png,01715d9bb192de650add8a5acdaf044c0dd48f0d80841329d5a330c2fbf8a8e3,1028,1385,51.079193576976316,True
dorn_cuda_085,cuda,results/grounded_protocol_3lang_20260721/rendered/grid/monokai_dark__fs20__wrap80__lnon/dorn_cuda_085.png,06cd24aab27ee656a28c7987b677abae0d7cd402a8bb8ff531f63c978e2e800d,1028,251,39.80546393331427,True
dorn_cuda_086,cuda,results/grounded_protocol_3lang_20260721/rendered/grid/monokai_dark__fs20__wrap80__lnon/dorn_cuda_086.png,140a18c1881942ad21133177b595b686664501d0518f1b98a7df31c5c8273264,1028,713,40.08955119287238,True
dorn_cuda_087,cuda,results/grounded_protocol_3lang_20260721/rendered/grid/monokai_dark__fs20__wrap80__lnon/dorn_cuda_087.png,986375afd0e0c0204d849a55d9eca15c34bfeb503f0f550c1284f3935cced498,1028,713,43.84385723969177,True
dorn_cuda_088,cuda,results/grounded_protocol_3lang_20260721/rendered/grid/monokai_dark__fs20__wrap80__lnon/dorn_cuda_088.png,e90499f93287f56e9eb4a144406c37f7551c742954a2a2e63198c07517dbf5b8,1028,209,19.57098430240312,True
dorn_cuda_089,cuda,results/grounded_protocol_3lang_20260721/rendered/grid/monokai_dark__fs20__wrap80__lnon/dorn_cuda_089.png,68c5867c1d0f1831aae9d6c4d160640e4b2fad8bf608e650345efb655c241b0a,1028,839,51.968649771295524,True
dorn_cuda_090,cuda,results/grounded_protocol_3lang_20260721/rendered/grid/monokai_dark__fs20__wrap80__lnon/dorn_cuda_090.png,c028e3bd53bcc51443d9dc9ab668953c7301de02ff84def3975d9a112b606b7f,1028,1070,34.31787174076258,True
dorn_cuda_091,cuda,results/grounded_protocol_3lang_20260721/rendered/grid/monokai_dark__fs20__wrap80__lnon/dorn_cuda_091.png,3923a669478f36859a757ad80ba2374daf3a0e3c59ee57b99a15f0ecd7cd033e,1028,230,41.28573335024269,True
dorn_cuda_092,cuda,results/grounded_protocol_3lang_20260721/rendered/grid/monokai_dark__fs20__wrap80__lnon/dorn_cuda_092.png,89aa79dcf260fb1f15bd396995f6057b5f3302b04956a4337287895d26d2fd96,1028,251,45.766851644745906,True
dorn_cuda_093,cuda,results/grounded_protocol_3lang_20260721/rendered/grid/monokai_dark__fs20__wrap80__lnon/dorn_cuda_093.png,72704eac315adb5e03615809c156bdad280f6c3ad947f4447fc3d8ff7721a0de,1028,860,50.92454527559525,True
dorn_cuda_094,cuda,results/grounded_protocol_3lang_20260721/rendered/grid/monokai_dark__fs20__wrap80__lnon/dorn_cuda_094.png,08f92fdd319c66103a1ad6dc925b85897757b443ff717eeea074dff689023fc0,1028,1175,37.053415060184484,True
dorn_cuda_095,cuda,results/grounded_protocol_3lang_20260721/rendered/grid/monokai_dark__fs20__wrap80__lnon/dorn_cuda_095.png,6da88f8edc25c5ca92ccc73ee17e0cf99f3c223f30f15ecd8d06992af31a21b5,1028,1091,35.57283517586628,True
dorn_cuda_096,cuda,results/grounded_protocol_3lang_20260721/rendered/grid/monokai_dark__fs20__wrap80__lnon/dorn_cuda_096.png,14ff9fb81bc3fb31760b50d8962d346307c2c66ed45c66c7a4c65a523af81e4d,1028,230,27.242487336825263,True
dorn_cuda_097,cuda,results/grounded_protocol_3lang_20260721/rendered/grid/monokai_dark__fs20__wrap80__lnon/dorn_cuda_097.png,2dac941878f0bb83adcf0f14748d7c5743a8e948daececfc3b380f1ad001f7ed,1028,251,39.89326700889466,True
dorn_cuda_098,cuda,results/grounded_protocol_3lang_20260721/rendered/grid/monokai_dark__fs20__wrap80__lnon/dorn_cuda_098.png,ace2a7dd93bb12d8e4c005cf828cc695a95436c5ae2145e92d39155ccc74a5fb,1028,272,48.577110318415244,True
dorn_cuda_099,cuda,results/grounded_protocol_3lang_20260721/rendered/grid/monokai_dark__fs20__wrap80__lnon/dorn_cuda_099.png,6e34779f8af067616b477cb0a21b4e91f45bc2a355b78e232a31cf3dc86e1060,1028,1133,40.515366407381926,True
dorn_cuda_100,cuda,results/grounded_protocol_3lang_20260721/rendered/grid/monokai_dark__fs20__wrap80__lnon/dorn_cuda_100.png,a861610054aa163e5e32eff890555d22686b96829a0ab88b0e06abfa6caf836c,1028,1154,37.39745864977851,True
dorn_cuda_101,cuda,results/grounded_protocol_3lang_20260721/rendered/grid/monokai_dark__fs20__wrap80__lnon/dorn_cuda_101.png,4bdad9bebf8a6d5ab118a15285225e0ef5a3d4a1df5ccf8ac2e18eb160fec0db,1028,650,35.265917364921975,True
dorn_cuda_102,cuda,results/grounded_protocol_3lang_20260721/rendered/grid/monokai_dark__fs20__wrap80__lnon/dorn_cuda_102.png,e669cad6c57de0a0d404c0b30c7271116ba79f6fac327d46d91a0b7a0b4f70bf,1028,1070,32.43915142672207,True
dorn_cuda_103,cuda,results/grounded_protocol_3lang_20260721/rendered/grid/monokai_dark__fs20__wrap80__lnon/dorn_cuda_103.png,55223b483192b1f04e2e2a0a12d5c5bd5bbaf14722f667d2efd5d6f187599a42,1028,272,38.90288730236984,True
dorn_cuda_104,cuda,results/grounded_protocol_3lang_20260721/rendered/grid/monokai_dark__fs20__wrap80__lnon/dorn_cuda_104.png,f0e5e2a68bca74a1798e47d9829eeedaf253f0b889ade76d4ff7441782273905,1028,629,39.40544993501674,True
dorn_cuda_105,cuda,results/grounded_protocol_3lang_20260721/rendered/grid/monokai_dark__fs20__wrap80__lnon/dorn_cuda_105.png,2700e5849585d10319fcd7c732e7618a577b5cf6750aec1f77b32660222acb9d,1028,209,34.922707779086664,True
dorn_cuda_106,cuda,results/grounded_protocol_3lang_20260721/rendered/grid/monokai_dark__fs20__wrap80__lnon/dorn_cuda_106.png,1c6fb584f7460dc96a7a38aed6fcaae4e10bc6e7767fa30c818ea8374555f21f,1028,1112,33.88274172787202,True
dorn_cuda_107,cuda,results/grounded_protocol_3lang_20260721/rendered/grid/monokai_dark__fs20__wrap80__lnon/dorn_cuda_107.png,a72cbfda174fe62408b8780b18f1729139f52d6f684b161972bb033f0b9dcc7d,1028,230,34.66940067585481,True
dorn_cuda_108,cuda,results/grounded_protocol_3lang_20260721/rendered/grid/monokai_dark__fs20__wrap80__lnon/dorn_cuda_108.png,aac307e2f8586b0a18c84a9af8f79316acb725b72536ecf9903ac0937832a70d,1028,1406,49.78236439846459,True
dorn_cuda_109,cuda,results/grounded_protocol_3lang_20260721/rendered/grid/monokai_dark__fs20__wrap80__lnon/dorn_cuda_109.png,87f11ca5d2ad8da432db5879921450f31e9e24b02e66a65b3f5bbd09430ae8e8,1028,188,19.462253281161555,True
dorn_cuda_110,cuda,results/grounded_protocol_3lang_20260721/rendered/grid/monokai_dark__fs20__wrap80__lnon/dorn_cuda_110.png,c48d7b8cfd9cca884fef24c292b432c7ddb488a9427dbed030d2927e377d1811,1028,1343,49.296258508087135,True
dorn_cuda_111,cuda,results/grounded_protocol_3lang_20260721/rendered/grid/monokai_dark__fs20__wrap80__lnon/dorn_cuda_111.png,7cac1e87bffe0162b9c32cf10463941055605ec802494f5085a05b6ab734ca29,1028,650,30.908920847842793,True
dorn_cuda_112,cuda,results/grounded_protocol_3lang_20260721/rendered/grid/monokai_dark__fs20__wrap80__lnon/dorn_cuda_112.png,13878127b6019f2b43979e579215edc667e6961e57e630f0d25c7c398d18aea2,1028,1070,35.46708608605109,True
dorn_cuda_113,cuda,results/grounded_protocol_3lang_20260721/rendered/grid/monokai_dark__fs20__wrap80__lnon/dorn_cuda_113.png,1ebb7cd69f10d8cf9ac6648502530b53e6ce52b9d1650a5df1c68c4ed4b77f60,1028,1175,40.14062690701065,True
dorn_cuda_114,cuda,results/grounded_protocol_3lang_20260721/rendered/grid/monokai_dark__fs20__wrap80__lnon/dorn_cuda_114.png,77f492701d673fdc2e5a252998844bdf1bb26d1458b38dcb6c6e3ea6f290ac2a,1028,1406,49.112940349763335,True
dorn_cuda_115,cuda,results/grounded_protocol_3lang_20260721/rendered/grid/monokai_dark__fs20__wrap80__lnon/dorn_cuda_115.png,eb96d67f35f9f4c5c279450961d878eb9059b891773d27efdcd4c2af1e7bae79,1028,881,50.41514296427229,True
dorn_cuda_116,cuda,results/grounded_protocol_3lang_20260721/rendered/grid/monokai_dark__fs20__wrap80__lnon/dorn_cuda_116.png,4f0c64fab2b533780958fbffba362f4a15d9b7a2ae4a886d13c5927141774609,1028,650,41.27704786448607,True
dorn_cuda_117,cuda,results/grounded_protocol_3lang_20260721/rendered/grid/monokai_dark__fs20__wrap80__lnon/dorn_cuda_117.png,6aeeb218bf779c134320387e232d3eebb6eb1f8206fe67222ee08cd318759f43,1028,734,44.73426963337448,True
dorn_cuda_118,cuda,results/grounded_protocol_3lang_20260721/rendered/grid/monokai_dark__fs20__wrap80__lnon/dorn_cuda_118.png,5a718c7e141317470e5a5df0c3d1b2be01c11be17fc55a2416c89ef00174d9f0,1028,293,41.757818024580715,True
dorn_cuda_119,cuda,results/grounded_protocol_3lang_20260721/rendered/grid/monokai_dark__fs20__wrap80__lnon/dorn_cuda_119.png,7898ed11774032f75ee7c1c8b498bbe14b4856ee6dca5a2411c3bb819bfe5f79,1028,650,29.988151027957997,True
dorn_python_000,python,results/grounded_protocol_3lang_20260721/rendered/grid/monokai_dark__fs20__wrap80__lnon/dorn_python_000.png,d2f6b47f76c86cdbc7a97d2fb6573cd938ed418a389e55f46e349ab2c4b7ef23,1028,692,41.020520850325,True
dorn_python_001,python,results/grounded_protocol_3lang_20260721/rendered/grid/monokai_dark__fs20__wrap80__lnon/dorn_python_001.png,02bc8cd6486d8b352c755cfe24db85ce32b3c84f824f0a2a259f388947fb0923,1028,230,30.526913172177803,True
dorn_python_002,python,results/grounded_protocol_3lang_20260721/rendered/grid/monokai_dark__fs20__wrap80__lnon/dorn_python_002.png,08ee687f9b66932fb19387845c185a7389d069e77c597ad57d64c82231d7e716,1028,1070,36.15012390208134,True
dorn_python_003,python,results/grounded_protocol_3lang_20260721/rendered/grid/monokai_dark__fs20__wrap80__lnon/dorn_python_003.png,b6fd8a21b7a8acadd3b6d30a6d34a9e30ea9060dc92f2df41ec9f49f334c3e67,1028,1091,47.00956967914029,True
dorn_python_004,python,results/grounded_protocol_3lang_20260721/rendered/grid/monokai_dark__fs20__wrap80__lnon/dorn_python_004.png,ffc7cb089c765b60f4b5daa6ffe2ceac6dc95b9da5594f62193f2c26255025a2,1028,1091,41.694250345499704,True
dorn_python_005,python,results/grounded_protocol_3lang_20260721/rendered/grid/monokai_dark__fs20__wrap80__lnon/dorn_python_005.png,606097dcda392e5285deef434449d5c21281f1d52ac4af9a3d5562e7cb0eaccd,1028,1070,33.91785785635103,True
dorn_python_006,python,results/grounded_protocol_3lang_20260721/rendered/grid/monokai_dark__fs20__wrap80__lnon/dorn_python_006.png,7cdcbc80a22f006df29e71adbe4da9a9ebe1a2e9ce19086cecbff8ee17fa458a,1028,734,35.760495091231896,True
dorn_python_007,python,results/grounded_protocol_3lang_20260721/rendered/grid/monokai_dark__fs20__wrap80__lnon/dorn_python_007.png,fbb0a0e6694fc9b8ab2f566c0d9b1b76d19db91d75d8630734584d12e3b8ebaf,1028,230,42.38726770880144,True
dorn_python_008,python,results/grounded_protocol_3lang_20260721/rendered/grid/monokai_dark__fs20__wrap80__lnon/dorn_python_008.png,fef8c0a0db0c051e3dd6650ac8ea9afd7661951c0bdea6a9b2ae7264af315eba,1028,1070,42.08497200538767,True
dorn_python_009,python,results/grounded_protocol_3lang_20260721/rendered/grid/monokai_dark__fs20__wrap80__lnon/dorn_python_009.png,2392a7fa84a75167e321d6b83d022b3f380ae52c4cad4bcc4dce14eaf58c6d6c,1028,1091,41.49890108529984,True
dorn_python_010,python,results/grounded_protocol_3lang_20260721/rendered/grid/monokai_dark__fs20__wrap80__lnon/dorn_python_010.png,d517c41f9f7c2bbb51e37dc9333e6aba1bc840e83e5187471386b4926223057e,1028,650,35.359822123955176,True
dorn_python_011,python,results/grounded_protocol_3lang_20260721/rendered/grid/monokai_dark__fs20__wrap80__lnon/dorn_python_011.png,6233196b228df1a8e8cc7257d492575aaa8f97da9d492e64bf8d4c850852c660,1028,209,33.857863375765945,True
dorn_python_012,python,results/grounded_protocol_3lang_20260721/rendered/grid/monokai_dark__fs20__wrap80__lnon/dorn_python_012.png,d0e8acf1de7044da0066b4442ae19c38b8cbee66c12531326edfd8de8c575390,1028,650,36.934261403555944,True
dorn_python_013,python,results/grounded_protocol_3lang_20260721/rendered/grid/monokai_dark__fs20__wrap80__lnon/dorn_python_013.png,43ed54a319c8e5124c778c581f9775b38a71d45c0b07db2d6989feefcd3016f6,1028,230,30.07050203609212,True
dorn_python_014,python,results/grounded_protocol_3lang_20260721/rendered/grid/monokai_dark__fs20__wrap80__lnon/dorn_python_014.png,3c3011bdb58bd2c3f13130b558393d9d88e6807ffa9c84ac60c020d6aeeeffd9,1028,650,40.78560523651523,True
dorn_python_015,python,results/grounded_protocol_3lang_20260721/rendered/grid/monokai_dark__fs20__wrap80__lnon/dorn_python_015.png,9c22530024f03c8a73eafe64b6f7a2ec2f556da18e3b8590becb38105d48038f,1028,650,29.729883714876237,True
dorn_python_016,python,results/grounded_protocol_3lang_20260721/rendered/grid/monokai_dark__fs20__wrap80__lnon/dorn_python_016.png,220e616c393a3c61f07c39d776215bf33630a72169d0cc0017c3534a267a3732,1028,650,40.51679503904074,True
dorn_python_017,python,results/grounded_protocol_3lang_20260721/rendered/grid/monokai_dark__fs20__wrap80__lnon/dorn_python_017.png,1d4c4f21eee8cf23e073752031c1e4f65de43772996e2f8294037d15491b2b9f,1028,1070,40.54423901435613,True
dorn_python_018,python,results/grounded_protocol_3lang_20260721/rendered/grid/monokai_dark__fs20__wrap80__lnon/dorn_python_018.png,5eec89f0f7072a67a3c6c142da07cc85b823ae9a3e9c2a49ac3e3bae6e94e520,1028,1028,37.05772301081944,True
dorn_python_019,python,results/grounded_protocol_3lang_20260721/rendered/grid/monokai_dark__fs20__wrap80__lnon/dorn_python_019.png,0a313eeacdf49f33ed3bee3d42f01c736d1c3852a957564ae09c0ee941846884,1028,1154,48.70224485734516,True
dorn_python_020,python,results/grounded_protocol_3lang_20260721/rendered/grid/monokai_dark__fs20__wrap80__lnon/dorn_python_020.png,f900c5dd9897b43c274a3a86e44cb29d65f2b50936693130b46ced24cc1d5de3,1028,251,37.53583379411685,True
dorn_python_021,python,results/grounded_protocol_3lang_20260721/rendered/grid/monokai_dark__fs20__wrap80__lnon/dorn_python_021.png,641f1762d96b5b6ba951378599ab381f791af7cc63a23188d43c575f0d76263d,1028,188,32.8467563882001,True
dorn_python_022,python,results/grounded_protocol_3lang_20260721/rendered/grid/monokai_dark__fs20__wrap80__lnon/dorn_python_022.png,8a8ac327bcb329a276151b0d25a6989996d87082979549d189ae5e9567a1be1f,1028,629,34.60410636768746,True
dorn_python_023,python,results/grounded_protocol_3lang_20260721/rendered/grid/monokai_dark__fs20__wrap80__lnon/dorn_python_023.png,9247c285779bf7b49e1365f6c00e18248bd8979133fb9b68c0c44fee5dee7d3d,1028,230,47.23439246281905,True
dorn_python_024,python,results/grounded_protocol_3lang_20260721/rendered/grid/monokai_dark__fs20__wrap80__lnon/dorn_python_024.png,42c18d70bd86eb7f1b9bcdfa1f2586ed47f966beaebd96dc7e1a846e0b00c890,1028,230,31.692498237632293,True
dorn_python_025,python,results/grounded_protocol_3lang_20260721/rendered/grid/monokai_dark__fs20__wrap80__lnon/dorn_python_025.png,1382b9946fc312b77b9f2a64b363af5cb0211adc1f1a195828c915c3c99a9e11,1028,188,30.193191542864042,True
dorn_python_026,python,results/grounded_protocol_3lang_20260721/rendered/grid/monokai_dark__fs20__wrap80__lnon/dorn_python_026.png,6f1eabcf2ffaafbfe19cec1265e822b9cccb778dee882a32f479e93e147dbafc,1028,629,37.51801404834498,True
dorn_python_027,python,results/grounded_protocol_3lang_20260721/rendered/grid/monokai_dark__fs20__wrap80__lnon/dorn_python_027.png,fc51d438a2c98959d7c16b97369585fe6383b8f296c681a0952328d6bea619e7,1028,209,25.55993047166274,True
dorn_python_028,python,results/grounded_protocol_3lang_20260721/rendered/grid/monokai_dark__fs20__wrap80__lnon/dorn_python_028.png,7756bb0ff6ea5ba941dd59bff10e9bcbf1f34bf8349d6aa098643b7ca776ee7e,1028,209,49.79620513632788,True
dorn_python_029,python,results/grounded_protocol_3lang_20260721/rendered/grid/monokai_dark__fs20__wrap80__lnon/dorn_python_029.png,ccbb151dd462987c1cd3f2a5ab2a7913c24d1d16b950b6a9e082ffcc7afdcc5c,1028,629,41.231027084170016,True
dorn_python_030,python,results/grounded_protocol_3lang_20260721/rendered/grid/monokai_dark__fs20__wrap80__lnon/dorn_python_030.png,8aa68628c5bc555cbaca5b9763af67a1a024c569beb264886c5f5f8c4ee0f7be,1028,1091,34.04679866526762,True
dorn_python_031,python,results/grounded_protocol_3lang_20260721/rendered/grid/monokai_dark__fs20__wrap80__lnon/dorn_python_031.png,eff154740b2763ff98a52490555005247eebc04c30e26acbabf1d1076f39d8a5,1028,1049,31.412632722012432,True
dorn_python_032,python,results/grounded_protocol_3lang_20260721/rendered/grid/monokai_dark__fs20__wrap80__lnon/dorn_python_032.png,97c77e0c29d6c28431f8c373cfda9889a9aab63f7d3d9e7d8ef97647c1e7eb06,1028,671,31.815175482910643,True
dorn_python_033,python,results/grounded_protocol_3lang_20260721/rendered/grid/monokai_dark__fs20__wrap80__lnon/dorn_python_033.png,c3d032f573d259b669d4a41b008c392014d559301c794e39d3d6d5fe0548fc2d,1028,230,47.05670492827776,True
dorn_python_034,python,results/grounded_protocol_3lang_20260721/rendered/grid/monokai_dark__fs20__wrap80__lnon/dorn_python_034.png,06ef095a89978e0849ac7649b2b90421acbf902e33a87f708af598f30f01175f,1028,629,31.437109011351414,True
dorn_python_035,python,results/grounded_protocol_3lang_20260721/rendered/grid/monokai_dark__fs20__wrap80__lnon/dorn_python_035.png,f38a9104594b15b059dc39cc1cada4c047ecccdfef395b5ae864515dc60f1277,1028,1112,34.62526891993485,True
dorn_python_036,python,results/grounded_protocol_3lang_20260721/rendered/grid/monokai_dark__fs20__wrap80__lnon/dorn_python_036.png,0a8a928a213bda9b29cfb80d800b2044a226fa0a3f05c3e645fc5f66ad3836e2,1028,1070,38.322053901680846,True
dorn_python_037,python,results/grounded_protocol_3lang_20260721/rendered/grid/monokai_dark__fs20__wrap80__lnon/dorn_python_037.png,d8d7a630678077defea8e12089bb8d6225bbcf57a0567d5862222b5d7a7d842d,1028,671,47.100481773269244,True
dorn_python_038,python,results/grounded_protocol_3lang_20260721/rendered/grid/monokai_dark__fs20__wrap80__lnon/dorn_python_038.png,9bece469820655e75e48ddbb7d4e97d4c5c0aa9a18cbea4e57cb36e2fbf6c1f7,1028,629,28.428712043777992,True
dorn_python_039,python,results/grounded_protocol_3lang_20260721/rendered/grid/monokai_dark__fs20__wrap80__lnon/dorn_python_039.png,086c27c48a17417db4326504c424cad6bd17c800742adf9db2b971a50f56bd5d,1028,1070,33.476629575236466,True
dorn_python_040,python,results/grounded_protocol_3lang_20260721/rendered/grid/monokai_dark__fs20__wrap80__lnon/dorn_python_040.png,139d4c8a457105f88526e59c0b824ce8d88cd1642359880fda240a619a33c9b1,1028,650,38.00515959070466,True
dorn_python_041,python,results/grounded_protocol_3lang_20260721/rendered/grid/monokai_dark__fs20__wrap80__lnon/dorn_python_041.png,5b2cfa9e0f831da658b78867efcab6226473b2d16c7a4a954895ed3e2435dfd4,1028,188,31.75906825887337,True
dorn_python_042,python,results/grounded_protocol_3lang_20260721/rendered/grid/monokai_dark__fs20__wrap80__lnon/dorn_python_042.png,fd1429442558103703324adaa0ed1979db34cb3ca2580ac489877e0a5b1996de,1028,1070,36.9830506646515,True
dorn_python_043,python,results/grounded_protocol_3lang_20260721/rendered/grid/monokai_dark__fs20__wrap80__lnon/dorn_python_043.png,d370ee40267ac800e7c807850543f10b4edd5c915113ba46c63832cd1e05eb49,1028,1091,52.14365740591319,True
dorn_python_044,python,results/grounded_protocol_3lang_20260721/rendered/grid/monokai_dark__fs20__wrap80__lnon/dorn_python_044.png,d6a876689c00e711d27c057ca4ceef87a1de48b8f3a8ae7ee7d85273ee5d74fe,1028,1049,39.45471339759047,True
dorn_python_045,python,results/grounded_protocol_3lang_20260721/rendered/grid/monokai_dark__fs20__wrap80__lnon/dorn_python_045.png,83f157bbf05aeb28d14bbc08b91dd0a202eeeac58bac7e8d75b947de610d452b,1028,650,33.72699113900699,True
dorn_python_046,python,results/grounded_protocol_3lang_20260721/rendered/grid/monokai_dark__fs20__wrap80__lnon/dorn_python_046.png,88275c4564408233756a078b43a8960de2bd8601076111ef7f750992d283648e,1028,230,43.38369905199641,True
dorn_python_047,python,results/grounded_protocol_3lang_20260721/rendered/grid/monokai_dark__fs20__wrap80__lnon/dorn_python_047.png,36d32a6b5c0f2b69e3a03bcb042381f1fcf207ed2ad5c705c570b3ff3063e506,1028,629,29.475641290748484,True
dorn_python_048,python,results/grounded_protocol_3lang_20260721/rendered/grid/monokai_dark__fs20__wrap80__lnon/dorn_python_048.png,420c2fda6476c0a63146281a291e626b009c5667b217b5bbc6e8a7936ca0d907,1028,629,30.29417476060515,True
dorn_python_049,python,results/grounded_protocol_3lang_20260721/rendered/grid/monokai_dark__fs20__wrap80__lnon/dorn_python_049.png,9297954f9dfa226cc125382d6111c35d9a17c614ef748d6617d381e91d895991,1028,1070,37.30042543605085,True
dorn_python_050,python,results/grounded_protocol_3lang_20260721/rendered/grid/monokai_dark__fs20__wrap80__lnon/dorn_python_050.png,2f4c4ab375c1d5de5463d578f2aca4bf8c5222ac699a66632b7264507c6c7973,1028,230,40.84860191621257,True
dorn_python_051,python,results/grounded_protocol_3lang_20260721/rendered/grid/monokai_dark__fs20__wrap80__lnon/dorn_python_051.png,2a2ebed5c43783e5b5fbb2511185eb48320e0deaea0ef0ff32c09c4359629036,1028,230,38.436752589273674,True
dorn_python_052,python,results/grounded_protocol_3lang_20260721/rendered/grid/monokai_dark__fs20__wrap80__lnon/dorn_python_052.png,fb730dbdac6b1140fa6dd0b0a1901b08f2dbd9fbfa3410e238597f45876b6fcd,1028,230,37.26154465857257,True
dorn_python_053,python,results/grounded_protocol_3lang_20260721/rendered/grid/monokai_dark__fs20__wrap80__lnon/dorn_python_053.png,4b6c2a656f94f7a48fd2e4ab43585a5cb267c606479de249e9a5e21593c489b2,1028,1238,38.959615072567196,True
dorn_python_054,python,results/grounded_protocol_3lang_20260721/rendered/grid/monokai_dark__fs20__wrap80__lnon/dorn_python_054.png,ccbb151dd462987c1cd3f2a5ab2a7913c24d1d16b950b6a9e082ffcc7afdcc5c,1028,629,41.231027084170016,True
dorn_python_055,python,results/grounded_protocol_3lang_20260721/rendered/grid/monokai_dark__fs20__wrap80__lnon/dorn_python_055.png,d6de753aa8f588b4fc800c4aa1e69a2da99260741877c0d1bf1257414b2fcefc,1028,1070,37.468411324679444,True
dorn_python_056,python,results/grounded_protocol_3lang_20260721/rendered/grid/monokai_dark__fs20__wrap80__lnon/dorn_python_056.png,51b273d84caba158fd46523b8a998c3cb919652d670e118a8b948f34c1d6b326,1028,650,45.23351197699346,True
dorn_python_057,python,results/grounded_protocol_3lang_20260721/rendered/grid/monokai_dark__fs20__wrap80__lnon/dorn_python_057.png,f4a376f1f200fbd17c4400a5c89d31b9aa31670573a5466ccd1d89b63637da3a,1028,251,25.480439263504067,True
dorn_python_058,python,results/grounded_protocol_3lang_20260721/rendered/grid/monokai_dark__fs20__wrap80__lnon/dorn_python_058.png,d736156d560136ee784afcb53f8794cc847f89a08e5b68f3fed45bdd7a3d6cb5,1028,230,40.293213470680165,True
dorn_python_059,python,results/grounded_protocol_3lang_20260721/rendered/grid/monokai_dark__fs20__wrap80__lnon/dorn_python_059.png,b5cfac40813d1ed87025c15ec98a5ad0bd9abae2c686657b58842b9df111839b,1028,230,44.05325375829191,True
dorn_python_060,python,results/grounded_protocol_3lang_20260721/rendered/grid/monokai_dark__fs20__wrap80__lnon/dorn_python_060.png,dabc9a5a71ddeb0414584fd03eae15b1724c47db07d823277b64bea46d042268,1028,650,35.006298121958075,True
dorn_python_061,python,results/grounded_protocol_3lang_20260721/rendered/grid/monokai_dark__fs20__wrap80__lnon/dorn_python_061.png,c645396aa3a6c0589c39ff53c2ca5c36f52fda8ad49bc7ec387a4f28a1afeef6,1028,1091,33.02721840339833,True
dorn_python_062,python,results/grounded_protocol_3lang_20260721/rendered/grid/monokai_dark__fs20__wrap80__lnon/dorn_python_062.png,ff6dd48d207d8b84671b41a4a6fc45777fb16b829e66329f094b5f2083099a3e,1028,230,45.72705822391648,True
dorn_python_063,python,results/grounded_protocol_3lang_20260721/rendered/grid/monokai_dark__fs20__wrap80__lnon/dorn_python_063.png,468925a421bc61904457c228990d20fcfc9b2c819ee79699b3da6e6fb04c16a1,1028,1028,34.03358546018888,True
dorn_python_064,python,results/grounded_protocol_3lang_20260721/rendered/grid/monokai_dark__fs20__wrap80__lnon/dorn_python_064.png,0da605360c71462601ad8907228fff99d6a3656cb5d1066fcad7422de10020dc,1028,650,39.57601841596051,True
dorn_python_065,python,results/grounded_protocol_3lang_20260721/rendered/grid/monokai_dark__fs20__wrap80__lnon/dorn_python_065.png,23c12f65515afea67315cd9541d94d126a6c1d540df5640ee1be41286d01980b,1028,1091,42.54438189276815,True
dorn_python_066,python,results/grounded_protocol_3lang_20260721/rendered/grid/monokai_dark__fs20__wrap80__lnon/dorn_python_066.png,0792c6f1340c1096ebad0fb88f36959726a137101a275016415055ad631e0240,1028,230,31.489391030270383,True
dorn_python_067,python,results/grounded_protocol_3lang_20260721/rendered/grid/monokai_dark__fs20__wrap80__lnon/dorn_python_067.png,2866c02b792f65ce6fee734734d99daef870cf0a02dda09bdaa8aa17229ba11b,1028,209,26.59089447599527,True
dorn_python_068,python,results/grounded_protocol_3lang_20260721/rendered/grid/monokai_dark__fs20__wrap80__lnon/dorn_python_068.png,7d9e76f84f86a0dc7eff9e6107557455bba3c908e465c5484be1839e28f1fca9,1028,713,39.261265309846344,True
dorn_python_069,python,results/grounded_protocol_3lang_20260721/rendered/grid/monokai_dark__fs20__wrap80__lnon/dorn_python_069.png,3682df01cdea7b7bfc85987c59f3a841f6434f21ec38cbb8694c104c805d0f5b,1028,1070,35.49134102842453,True
dorn_python_070,python,results/grounded_protocol_3lang_20260721/rendered/grid/monokai_dark__fs20__wrap80__lnon/dorn_python_070.png,af5f46863c7ba485a28a86435a69caee9bd87b95239218af9a88514e555cd287,1028,209,25.20250306772124,True
dorn_python_071,python,results/grounded_protocol_3lang_20260721/rendered/grid/monokai_dark__fs20__wrap80__lnon/dorn_python_071.png,fa065a03647e18b82a8ad9336ce53bad0d031f547250f7bff579a2c99915dc5f,1028,1133,37.54802986553264,True
dorn_python_072,python,results/grounded_protocol_3lang_20260721/rendered/grid/monokai_dark__fs20__wrap80__lnon/dorn_python_072.png,3cd7ade275fdc9493eaf1a4777ef58c750e9523ea1125efb36ae4af865bfc597,1028,1070,42.915534850594106,True
dorn_python_073,python,results/grounded_protocol_3lang_20260721/rendered/grid/monokai_dark__fs20__wrap80__lnon/dorn_python_073.png,b6c2d7cc9f23887de7e703e6eaaf8cbf702d79555cf93013cf4212d9989154e2,1028,209,24.368705520944705,True
dorn_python_074,python,results/grounded_protocol_3lang_20260721/rendered/grid/monokai_dark__fs20__wrap80__lnon/dorn_python_074.png,82a0d82f2c46fa620470ee8f6bab3fb4a09547deac93b203bd1b3feff0926d4b,1028,209,31.169882106260037,True
dorn_python_075,python,results/grounded_protocol_3lang_20260721/rendered/grid/monokai_dark__fs20__wrap80__lnon/dorn_python_075.png,dd1e20df02cbdfce5d5557985a3f9e2320e31de02117e6cf7658b1bce413a91b,1028,1070,29.609016295522867,True
dorn_python_076,python,results/grounded_protocol_3lang_20260721/rendered/grid/monokai_dark__fs20__wrap80__lnon/dorn_python_076.png,4a483e4b9fc2913298dd9702141477b95fde5204ea25f3a76b41c9e83c74c862,1028,1028,35.02653889579336,True
dorn_python_077,python,results/grounded_protocol_3lang_20260721/rendered/grid/monokai_dark__fs20__wrap80__lnon/dorn_python_077.png,b20b012326b8d66c35bda85c256615787bbce80b93e415c905e939d528269e5c,1028,650,36.10130019254007,True
dorn_python_078,python,results/grounded_protocol_3lang_20260721/rendered/grid/monokai_dark__fs20__wrap80__lnon/dorn_python_078.png,1156fa6e26943a6838211c488f1d3fadec96138734004a662943a2999b4587e9,1028,1028,33.948693836344496,True
dorn_python_079,python,results/grounded_protocol_3lang_20260721/rendered/grid/monokai_dark__fs20__wrap80__lnon/dorn_python_079.png,0085528977bfaf7c4a74ad4cb67033483358c1818fa692cd2d835968bf76f3f5,1028,650,40.98362565631258,True
dorn_python_080,python,results/grounded_protocol_3lang_20260721/rendered/grid/monokai_dark__fs20__wrap80__lnon/dorn_python_080.png,348a6a8877c4d0abdaa5143394f1a94ec5735850b35b4218174f1bbf87b9186d,1028,1070,36.28063597028574,True
dorn_python_081,python,results/grounded_protocol_3lang_20260721/rendered/grid/monokai_dark__fs20__wrap80__lnon/dorn_python_081.png,e54479586362ff26236a81f38b1ee6d6492166963dabedd5e0e04f4f34658b2f,1028,1091,51.801211194764484,True
dorn_python_082,python,results/grounded_protocol_3lang_20260721/rendered/grid/monokai_dark__fs20__wrap80__lnon/dorn_python_082.png,f8723f2a2704918a7b0c4f647e668a73a98b0d6097d19028904069d32505b349,1028,1070,32.01659885965146,True
dorn_python_083,python,results/grounded_protocol_3lang_20260721/rendered/grid/monokai_dark__fs20__wrap80__lnon/dorn_python_083.png,69b04cbfa8bff2238e1163a91d715b1d04503ed3ff4cc92b6e8a8f11b0be04ae,1028,230,42.32950470981416,True
dorn_python_084,python,results/grounded_protocol_3lang_20260721/rendered/grid/monokai_dark__fs20__wrap80__lnon/dorn_python_084.png,3fbcbfe0ffd6062c5964e69f7f1fe39991acd2f34b86d19d03831ec37146f9e7,1028,1112,46.12536016144119,True
dorn_python_085,python,results/grounded_protocol_3lang_20260721/rendered/grid/monokai_dark__fs20__wrap80__lnon/dorn_python_085.png,74ddf403a4db26a3943974bb528178024f200384eec0e96fa9d52fe5ff135fdf,1028,230,55.702586048103285,True
dorn_python_086,python,results/grounded_protocol_3lang_20260721/rendered/grid/monokai_dark__fs20__wrap80__lnon/dorn_python_086.png,1a37e18250a6214f82cd177536d34644370196a48dc22fcff1b5abaaedfcb787,1028,230,32.91486520521868,True
dorn_python_087,python,results/grounded_protocol_3lang_20260721/rendered/grid/monokai_dark__fs20__wrap80__lnon/dorn_python_087.png,390dc88fe298539e533dfe85187c81ad0f586364bb6be111702cdecde014b064,1028,1070,35.74339875543996,True
dorn_python_088,python,results/grounded_protocol_3lang_20260721/rendered/grid/monokai_dark__fs20__wrap80__lnon/dorn_python_088.png,9b6327d0fe4e15a4a6a7f57b5e25adff9b7295a7e0d2dc5a87c9af47d36eb9e4,1028,230,21.14846919942578,True
dorn_python_089,python,results/grounded_protocol_3lang_20260721/rendered/grid/monokai_dark__fs20__wrap80__lnon/dorn_python_089.png,28e60001baa7564306e696c90dd464823048eda9c850c1190ebb05929d3306fb,1028,1070,40.720236712457705,True
dorn_python_090,python,results/grounded_protocol_3lang_20260721/rendered/grid/monokai_dark__fs20__wrap80__lnon/dorn_python_090.png,8b39f8e4f56ed95bbd787cd2f63037da17eb18bb7e8058095114d67f5665b477,1028,629,40.68558666572685,True
dorn_python_091,python,results/grounded_protocol_3lang_20260721/rendered/grid/monokai_dark__fs20__wrap80__lnon/dorn_python_091.png,b964f9efeacc141d40480a5ecb7f7e46759d6e64d4d7322ea3cbcc836ec5d7dc,1028,671,36.47818633571595,True
dorn_python_092,python,results/grounded_protocol_3lang_20260721/rendered/grid/monokai_dark__fs20__wrap80__lnon/dorn_python_092.png,176e55c7ae6e34d575d3e6eb07582fd85cd7e8ea28d12640838cfc8a4ab3d4cf,1028,209,27.10135995024694,True
dorn_python_093,python,results/grounded_protocol_3lang_20260721/rendered/grid/monokai_dark__fs20__wrap80__lnon/dorn_python_093.png,ccca9c83e1082bce2b96e704ea6b16b7513ae4c1d3953924d0ed3ab00c4f8a94,1028,230,34.43735398338293,True
dorn_python_094,python,results/grounded_protocol_3lang_20260721/rendered/grid/monokai_dark__fs20__wrap80__lnon/dorn_python_094.png,6b14363c30577965db4a75c3f7b4113ffa8effeac8a383f40ea2675d031b9744,1028,650,44.08922020062653,True
dorn_python_095,python,results/grounded_protocol_3lang_20260721/rendered/grid/monokai_dark__fs20__wrap80__lnon/dorn_python_095.png,793c1512d3c7e6d42c06ec6c490435cf3a4275c2e89bb99eafd500169f30f59a,1028,692,45.35839159025672,True
dorn_python_096,python,results/grounded_protocol_3lang_20260721/rendered/grid/monokai_dark__fs20__wrap80__lnon/dorn_python_096.png,d2476fcb94bbd26cd3bdad456fac115c03aa0a9cc1df3b8889f9a8b2e35106e7,1028,671,42.223126713941845,True
dorn_python_097,python,results/grounded_protocol_3lang_20260721/rendered/grid/monokai_dark__fs20__wrap80__lnon/dorn_python_097.png,468925a421bc61904457c228990d20fcfc9b2c819ee79699b3da6e6fb04c16a1,1028,1028,34.03358546018888,True
dorn_python_098,python,results/grounded_protocol_3lang_20260721/rendered/grid/monokai_dark__fs20__wrap80__lnon/dorn_python_098.png,2811039def62f2380d72142b6df0e58abbe6c77a11e7513d5a25081369714f5a,1028,671,36.38882606341797,True
dorn_python_099,python,results/grounded_protocol_3lang_20260721/rendered/grid/monokai_dark__fs20__wrap80__lnon/dorn_python_099.png,b39d0e1d850c813bf7059e239cb4d195b7c6c2efc38021d59a75111388dc91f0,1028,629,37.16458121806924,True
dorn_python_100,python,results/grounded_protocol_3lang_20260721/rendered/grid/monokai_dark__fs20__wrap80__lnon/dorn_python_100.png,186e635aa35e6436022836b8e19545608f7fc26b8d0424d54465805447f4a4b1,1028,713,39.57846515068702,True
dorn_python_101,python,results/grounded_protocol_3lang_20260721/rendered/grid/monokai_dark__fs20__wrap80__lnon/dorn_python_101.png,2153367c212200bf97c9e636b0948c5e8383ae1ce91b0d39c402b93823ac7873,1028,188,35.28360034239827,True
dorn_python_102,python,results/grounded_protocol_3lang_20260721/rendered/grid/monokai_dark__fs20__wrap80__lnon/dorn_python_102.png,a0c1c0dfde1e956e366e9ee1db1dbb2bdaf5177d45ee4b9da769871ee3add4fc,1028,650,37.71329137214003,True
dorn_python_103,python,results/grounded_protocol_3lang_20260721/rendered/grid/monokai_dark__fs20__wrap80__lnon/dorn_python_103.png,d5dfd4b34c57fec5eace198f496c7ac47ab31d1d18ad11331f8488300a54e57d,1028,188,35.11795360342594,True
dorn_python_104,python,results/grounded_protocol_3lang_20260721/rendered/grid/monokai_dark__fs20__wrap80__lnon/dorn_python_104.png,4c58eda5550b3e6da86b6ac5f084bb8b308f84c31bda6b13e9425542cea1cd74,1028,797,55.79421346729774,True
dorn_python_105,python,results/grounded_protocol_3lang_20260721/rendered/grid/monokai_dark__fs20__wrap80__lnon/dorn_python_105.png,75315d50fa1b8aa6c9ce97b3e70f17beba33ad08925c4f7d5544412300322611,1028,230,35.546553387616584,True
dorn_python_106,python,results/grounded_protocol_3lang_20260721/rendered/grid/monokai_dark__fs20__wrap80__lnon/dorn_python_106.png,40c79fd23d050ae3c500a43118eb6b4f87aef62d79f6f4c523bce7efcfc5b902,1028,776,43.21935773716282,True
dorn_python_107,python,results/grounded_protocol_3lang_20260721/rendered/grid/monokai_dark__fs20__wrap80__lnon/dorn_python_107.png,11160958b555d4333aa95ba5de450d31209bbb2a41dbce25a23c95c5426fdc24,1028,608,38.40140605230115,True
dorn_python_108,python,results/grounded_protocol_3lang_20260721/rendered/grid/monokai_dark__fs20__wrap80__lnon/dorn_python_108.png,468925a421bc61904457c228990d20fcfc9b2c819ee79699b3da6e6fb04c16a1,1028,1028,34.03358546018888,True
dorn_python_109,python,results/grounded_protocol_3lang_20260721/rendered/grid/monokai_dark__fs20__wrap80__lnon/dorn_python_109.png,7264158d2667941690e145db1d98bfebcf6d274bb790cc5b92e23ac1cb482e5e,1028,650,39.312550784545266,True
dorn_python_110,python,results/grounded_protocol_3lang_20260721/rendered/grid/monokai_dark__fs20__wrap80__lnon/dorn_python_110.png,190f5ec1f4c35a84cf7ce6e69c5427a5ea58c79872f3a19ab75cc8a78547b548,1028,650,28.910338275139015,True
dorn_python_111,python,results/grounded_protocol_3lang_20260721/rendered/grid/monokai_dark__fs20__wrap80__lnon/dorn_python_111.png,c5b5f79232bfbd2701e9716d4498e071c58a05c445f439bdf7c9ac97271feefc,1028,1469,40.69694287441636,True
dorn_python_112,python,results/grounded_protocol_3lang_20260721/rendered/grid/monokai_dark__fs20__wrap80__lnon/dorn_python_112.png,a9b584577c4def7a8b96992360f62c3b5269728fdaad19d7557affc6d0e1bbec,1028,251,39.27257439946171,True
dorn_python_113,python,results/grounded_protocol_3lang_20260721/rendered/grid/monokai_dark__fs20__wrap80__lnon/dorn_python_113.png,0efcd19a956cce304d41f22e523694f632980cfb6999cdbe2e531d497ebdfd98,1028,1070,43.19666065387538,True
dorn_python_114,python,results/grounded_protocol_3lang_20260721/rendered/grid/monokai_dark__fs20__wrap80__lnon/dorn_python_114.png,716dc9034bfc4e4af5004b3c2ebb4e734ef47c78dfb0be33e26ba64efc5148d6,1028,230,38.639194212658424,True
dorn_python_115,python,results/grounded_protocol_3lang_20260721/rendered/grid/monokai_dark__fs20__wrap80__lnon/dorn_python_115.png,d61307232a10581a5b47aaef0f8686aab2c4972a97d6e0998a13ab5b6ec307ed,1028,1070,38.64549992652038,True
dorn_python_116,python,results/grounded_protocol_3lang_20260721/rendered/grid/monokai_dark__fs20__wrap80__lnon/dorn_python_116.png,d1ce4ebb9bb9770d5926f683da50f0648cb7bfa083025bb023fab280682b23f8,1028,650,38.81091205354476,True
dorn_python_117,python,results/grounded_protocol_3lang_20260721/rendered/grid/monokai_dark__fs20__wrap80__lnon/dorn_python_117.png,ec8abdab31a6b5167935cdb48a116160c2c31c435d81ea296c89959c6fe72db1,1028,230,37.11215879075495,True
dorn_python_118,python,results/grounded_protocol_3lang_20260721/rendered/grid/monokai_dark__fs20__wrap80__lnon/dorn_python_118.png,c9449336efa63e7e7a96537dd4ed33b16714d294f971d63cdb60d590548c1f9a,1028,230,30.253041112394488,True
rq0_0000,java,results/grounded_protocol_3lang_20260721/rendered/grid/monokai_dark__fs20__wrap80__lnon/rq0_0000.png,fd2dd1fef917bfa427446ca794954672656294b29d3d326065510a56b9a0e445,1028,209,32.658097324779675,True
rq0_0001,java,results/grounded_protocol_3lang_20260721/rendered/grid/monokai_dark__fs20__wrap80__lnon/rq0_0001.png,b6c48940f0eec4963a8b60fdcb1485c4dcbd30ceb06c84f3c0e649f4164b4750,1028,209,32.41699755413872,True
rq0_0002,java,results/grounded_protocol_3lang_20260721/rendered/grid/monokai_dark__fs20__wrap80__lnon/rq0_0002.png,2835464350ac57093fe2d0bbae602d38e46e5a8f6b0500eb14768fce4772c90e,1028,167,43.78298276360281,True
rq0_0003,java,results/grounded_protocol_3lang_20260721/rendered/grid/monokai_dark__fs20__wrap80__lnon/rq0_0003.png,692bcffd9be337919d601ade3bf50709126823c573839c43d9eaf55f9036af0d,1028,293,34.58352335824864,True
rq0_0004,java,results/grounded_protocol_3lang_20260721/rendered/grid/monokai_dark__fs20__wrap80__lnon/rq0_0004.png,233ebd8a2921cde92f62ee8fbe82750c19d5323b3a3b0dc9e710fc1ced75d3f0,1028,209,28.08338536836993,True
rq0_0005,java,results/grounded_protocol_3lang_20260721/rendered/grid/monokai_dark__fs20__wrap80__lnon/rq0_0005.png,8413becc770227000887cd3c943a5405a9ec8fb57a09030b9b5845902dd52b6e,1028,104,34.28481905373332,True
rq0_0006,java,results/grounded_protocol_3lang_20260721/rendered/grid/monokai_dark__fs20__wrap80__lnon/rq0_0006.png,b52a3e2be3d68be31b0bee5ea5b168bd388995f5c8e95d438193fa180f87c593,1028,251,30.466273521556175,True
rq0_0007,java,results/grounded_protocol_3lang_20260721/rendered/grid/monokai_dark__fs20__wrap80__lnon/rq0_0007.png,6bb045f5f4f9e183945cb63c18657961e3a8145073153cf28ca9f2c9c12d0a6c,1028,125,43.44467042073213,True
rq0_0008,java,results/grounded_protocol_3lang_20260721/rendered/grid/monokai_dark__fs20__wrap80__lnon/rq0_0008.png,1a45095a5363b8a2ba9579afeb894e1a29d66714dd25cbb86492a91fbd6b39bc,1028,230,32.027843249775394,True
rq0_0009,java,results/grounded_protocol_3lang_20260721/rendered/grid/monokai_dark__fs20__wrap80__lnon/rq0_0009.png,8a1d499ca88d22fee5cfb79bd387c396e8b27d1bb84286dcbd24d3863f5a0828,1028,272,31.376845246244518,True
rq0_0010,java,results/grounded_protocol_3lang_20260721/rendered/grid/monokai_dark__fs20__wrap80__lnon/rq0_0010.png,2df93b7cfc4c28c2c16e910b78da6746da2c25d8d762a9164760914fa81f371c,1028,146,31.91624563761867,True
rq0_0011,java,results/grounded_protocol_3lang_20260721/rendered/grid/monokai_dark__fs20__wrap80__lnon/rq0_0011.png,3393ef78111a79429da7408eb3cd8124d7811dea79625c46bad34068146071d3,1028,146,30.634762668174588,True
rq0_0012,java,results/grounded_protocol_3lang_20260721/rendered/grid/monokai_dark__fs20__wrap80__lnon/rq0_0012.png,23edb7d4462b9473ffa07002b23da0e4eb43bd014becca7061cf1d86b5c7ac01,1028,251,29.978526947061336,True
rq0_0013,java,results/grounded_protocol_3lang_20260721/rendered/grid/monokai_dark__fs20__wrap80__lnon/rq0_0013.png,64526ef65e3a48bda80293798d96a0d1abebddfffd313aa4f94c484b7d8cc669,1028,146,45.03878240362396,True
rq0_0014,java,results/grounded_protocol_3lang_20260721/rendered/grid/monokai_dark__fs20__wrap80__lnon/rq0_0014.png,e488b714e652bb898c290511b999aec8706da75fefad159a4c4020f0d77d40aa,1028,125,38.993643704250346,True
rq0_0015,java,results/grounded_protocol_3lang_20260721/rendered/grid/monokai_dark__fs20__wrap80__lnon/rq0_0015.png,66afe94af2c6049d5eb45f2d88a05144a5c65a0aeafcea46c68499dc299f012b,1028,167,36.11755123469723,True
rq0_0016,java,results/grounded_protocol_3lang_20260721/rendered/grid/monokai_dark__fs20__wrap80__lnon/rq0_0016.png,3a67263f30201ed1216a640071c354e0dbd2d9c824fc8bf769b38bc92e7dd6d7,1028,167,38.41860354386393,True
rq0_0017,java,results/grounded_protocol_3lang_20260721/rendered/grid/monokai_dark__fs20__wrap80__lnon/rq0_0017.png,471fa2313fb56b6bee9466622e457a69fa9f3374b8a406104156685a4e1f7f8d,1028,209,36.256601418377706,True
rq0_0018,java,results/grounded_protocol_3lang_20260721/rendered/grid/monokai_dark__fs20__wrap80__lnon/rq0_0018.png,4afe18d38be84258a638b0b7127f7ccf3c31e9188b496b7862937154046b6122,1028,104,41.3340620996214,True
rq0_0019,java,results/grounded_protocol_3lang_20260721/rendered/grid/monokai_dark__fs20__wrap80__lnon/rq0_0019.png,dedf79456b7834755ed8c8b716d62c8fe698dcbc965bada849782423b0408828,1028,125,31.821902523840006,True
rq0_0020,java,results/grounded_protocol_3lang_20260721/rendered/grid/monokai_dark__fs20__wrap80__lnon/rq0_0020.png,3d54a97020c136afd287ad8ab0cebb9e8e784a4717afde800cbbb45b288732a6,1028,209,36.925269621777545,True
rq0_0021,java,results/grounded_protocol_3lang_20260721/rendered/grid/monokai_dark__fs20__wrap80__lnon/rq0_0021.png,1007a48fa577084e3c387f67330549b64178ccbfa55c4a672ff34256d78d66c6,1028,209,34.568344149088155,True
rq0_0022,java,results/grounded_protocol_3lang_20260721/rendered/grid/monokai_dark__fs20__wrap80__lnon/rq0_0022.png,50511cb1eb62e9678658acfd1532e83d0af75fe7facb5fbc1d9008bdce457dd5,1028,167,39.09241151220061,True
rq0_0023,java,results/grounded_protocol_3lang_20260721/rendered/grid/monokai_dark__fs20__wrap80__lnon/rq0_0023.png,8a3e0c2de5d12223714ceab71914f0a411e3b679e394151e14482cd3d6e4807d,1028,188,40.29315263836113,True
rq0_0024,java,results/grounded_protocol_3lang_20260721/rendered/grid/monokai_dark__fs20__wrap80__lnon/rq0_0024.png,bae00cc294510d8d242f35e7cdeb350d3c1d9bd2c19d54a4bd5c2e2d3d77698b,1028,167,38.86008126063868,True
rq0_0025,java,results/grounded_protocol_3lang_20260721/rendered/grid/monokai_dark__fs20__wrap80__lnon/rq0_0025.png,2c05105c3e3fb7b86093fa2fc7901f0121a2260b33ecd0d5b78465e819eeafe9,1028,167,35.82533281234175,True
rq0_0026,java,results/grounded_protocol_3lang_20260721/rendered/grid/monokai_dark__fs20__wrap80__lnon/rq0_0026.png,5e448a863b6a67c32f89b935395d834712118265ca448da9811915292bb8a370,1028,167,40.88920254840713,True
rq0_0027,java,results/grounded_protocol_3lang_20260721/rendered/grid/monokai_dark__fs20__wrap80__lnon/rq0_0027.png,40df92f63cee8bbf600a8cb4bb2917c710b895dd637c619ac434451112d8991b,1028,104,29.1047348931824,True
rq0_0028,java,results/grounded_protocol_3lang_20260721/rendered/grid/monokai_dark__fs20__wrap80__lnon/rq0_0028.png,a012f317c5e66be56d9bcf7720031c6264a2675df218dcbb7cf6ef7c132e0451,1028,251,37.38510983589419,True
rq0_0029,java,results/grounded_protocol_3lang_20260721/rendered/grid/monokai_dark__fs20__wrap80__lnon/rq0_0029.png,00f28531ef8b1aea92b4002b255f3f8e6a87daf062ed670cd969441f1829bc87,1028,230,41.50974694074787,True
rq0_0030,java,results/grounded_protocol_3lang_20260721/rendered/grid/monokai_dark__fs20__wrap80__lnon/rq0_0030.png,623ba7a48748ac71496a1c126e7efac0f192dec825b81cdf01cb37d5e65b87cf,1028,167,34.82016536011971,True
rq0_0031,java,results/grounded_protocol_3lang_20260721/rendered/grid/monokai_dark__fs20__wrap80__lnon/rq0_0031.png,3d24277e83fe833b09e4e998e1b39548d29558a4b64f8f86de49e8f13a58faf0,1028,272,33.046965259634526,True
rq0_0032,java,results/grounded_protocol_3lang_20260721/rendered/grid/monokai_dark__fs20__wrap80__lnon/rq0_0032.png,0fa31bff30dd620f8fb0da30984929879b67c8c73474d73daa5f2047db1394a9,1028,188,38.489110090032135,True
rq0_0033,java,results/grounded_protocol_3lang_20260721/rendered/grid/monokai_dark__fs20__wrap80__lnon/rq0_0033.png,d0160ec34d8831840ff610c40de9144a7569b1632c2cf511dcd3e5f70b90d3b4,1028,314,39.51142542332979,True
rq0_0034,java,results/grounded_protocol_3lang_20260721/rendered/grid/monokai_dark__fs20__wrap80__lnon/rq0_0034.png,a7215fd7b60b3ce3a8961ad8775fdb3d913f6ebc92af5e1f47d55b6287a30f5d,1028,146,37.93934180881107,True
rq0_0035,java,results/grounded_protocol_3lang_20260721/rendered/grid/monokai_dark__fs20__wrap80__lnon/rq0_0035.png,c8a804612480024caee9d383d23f3797e280b700443abbb511beb5907a9304d5,1028,251,41.92773957333262,True
rq0_0036,java,results/grounded_protocol_3lang_20260721/rendered/grid/monokai_dark__fs20__wrap80__lnon/rq0_0036.png,262c28ae296a2d55a6347ea16152c56bd401646f160a122022a01e0e50611dbd,1028,146,39.262339980207805,True
rq0_0037,java,results/grounded_protocol_3lang_20260721/rendered/grid/monokai_dark__fs20__wrap80__lnon/rq0_0037.png,7d58af6537800fd9e32ff24a9d4b295e3574ffce91b5975e8cd4a4fac802ae4d,1028,125,32.667533114378195,True
rq0_0038,java,results/grounded_protocol_3lang_20260721/rendered/grid/monokai_dark__fs20__wrap80__lnon/rq0_0038.png,f7139ffe021b49dfb0f4ebd3eb60179734e40f2e31b59c0a7a78561df5f97871,1028,293,34.82364338613201,True
rq0_0039,java,results/grounded_protocol_3lang_20260721/rendered/grid/monokai_dark__fs20__wrap80__lnon/rq0_0039.png,1d4b40a166a62ff26c8863c6918bc366385efab8b6833dee0179a4e3bf203b52,1028,146,32.55610028073114,True
rq0_0040,java,results/grounded_protocol_3lang_20260721/rendered/grid/monokai_dark__fs20__wrap80__lnon/rq0_0040.png,21d16510cf0d87a8b69c5e9f04bbcae49344b8ac37fbd6c0c2dabd6be3775871,1028,146,42.33462776863224,True
rq0_0041,java,results/grounded_protocol_3lang_20260721/rendered/grid/monokai_dark__fs20__wrap80__lnon/rq0_0041.png,3a1b3d44165f64cc146dd1267355e5ed72211e506f814857572cf17ffbcb668b,1028,125,37.94818211406516,True
rq0_0042,java,results/grounded_protocol_3lang_20260721/rendered/grid/monokai_dark__fs20__wrap80__lnon/rq0_0042.png,e38f846819d5c0ff9cf688625eba8adfd3ec11e7342e885e475b942e38670631,1028,125,30.101237272749433,True
rq0_0043,java,results/grounded_protocol_3lang_20260721/rendered/grid/monokai_dark__fs20__wrap80__lnon/rq0_0043.png,b8871ed73d26e5a98696fdb50218e39aaae19819c2065fd455d72e6fb6df63ba,1028,146,46.93210648846875,True
rq0_0044,java,results/grounded_protocol_3lang_20260721/rendered/grid/monokai_dark__fs20__wrap80__lnon/rq0_0044.png,aaacdbd01f2d88dde5a85fc45f2bdf020a371d2870991df7c70bce70df13266c,1028,251,33.707769527062304,True
rq0_0045,java,results/grounded_protocol_3lang_20260721/rendered/grid/monokai_dark__fs20__wrap80__lnon/rq0_0045.png,7354f33190dba2ffe951603d14a5b4097053c5d088ad59d83ec336fe86049659,1028,251,33.03685840080832,True
rq0_0046,java,results/grounded_protocol_3lang_20260721/rendered/grid/monokai_dark__fs20__wrap80__lnon/rq0_0046.png,cd534286251b923fe91928eab3d34023f45e706986e7a9eea71f5e59a163d617,1028,230,32.54637651797072,True
rq0_0047,java,results/grounded_protocol_3lang_20260721/rendered/grid/monokai_dark__fs20__wrap80__lnon/rq0_0047.png,effb9eb5a759e79a2de36e7b2942f08ef5dcea62c55f0547557e5a476271a340,1028,230,25.867927841730022,True
rq0_0048,java,results/grounded_protocol_3lang_20260721/rendered/grid/monokai_dark__fs20__wrap80__lnon/rq0_0048.png,7d007963cd84ecb7c8e601d2fcb6542fd33873b80948cb0932e171ffebaf7c67,1028,188,30.553049302403764,True
rq0_0049,java,results/grounded_protocol_3lang_20260721/rendered/grid/monokai_dark__fs20__wrap80__lnon/rq0_0049.png,73b9a9a2d96a32d94e57d955628468abb16916bbfa95ec9d514e262b99bb7852,1028,167,32.06928561867459,True
rq0_0050,java,results/grounded_protocol_3lang_20260721/rendered/grid/monokai_dark__fs20__wrap80__lnon/rq0_0050.png,b2e4702fdfaef7e601dc61e0aa87ee7a1353e6ad1830bd5a5cb89c32884bf053,1028,125,41.62886404738389,True
rq0_0051,java,results/grounded_protocol_3lang_20260721/rendered/grid/monokai_dark__fs20__wrap80__lnon/rq0_0051.png,aeca371e6981b40a0bdca99ff5c322a9695e8fe71fdd0b303c34d0152d0af303,1028,167,37.449962475127364,True
rq0_0052,java,results/grounded_protocol_3lang_20260721/rendered/grid/monokai_dark__fs20__wrap80__lnon/rq0_0052.png,5584c488d92061b81866336bee28e6bca094564d3efa04a4b66fb31712ed59b2,1028,146,36.580674636317475,True
rq0_0053,java,results/grounded_protocol_3lang_20260721/rendered/grid/monokai_dark__fs20__wrap80__lnon/rq0_0053.png,0a6a551537ed36f95b23fd7bf6243b58ebbdaf5aa30859bc6657f3a5312df2e5,1028,188,41.12123912890909,True
rq0_0054,java,results/grounded_protocol_3lang_20260721/rendered/grid/monokai_dark__fs20__wrap80__lnon/rq0_0054.png,102eae2e1b164eaa4f45932e6915e3ddfa3fb77b8954e9b20d4d59e628c88240,1028,188,34.15405297476533,True
rq0_0055,java,results/grounded_protocol_3lang_20260721/rendered/grid/monokai_dark__fs20__wrap80__lnon/rq0_0055.png,dde7f0525c943c8e0d0316eb9deb90959d2ac813c00f8585900f13add71a46c0,1028,146,37.12804827499915,True
rq0_0056,java,results/grounded_protocol_3lang_20260721/rendered/grid/monokai_dark__fs20__wrap80__lnon/rq0_0056.png,35d3ba69e1f14db9ec6a50e312deb079c59212883b182cbeb5cf19baf2aa6634,1028,104,52.94269893830511,True
rq0_0057,java,results/grounded_protocol_3lang_20260721/rendered/grid/monokai_dark__fs20__wrap80__lnon/rq0_0057.png,e684a193853ccbc8a9602855ed7fc99a5d85fcb313103ce36a7bffd70b5d13d8,1028,167,36.21301054425485,True
rq0_0058,java,results/grounded_protocol_3lang_20260721/rendered/grid/monokai_dark__fs20__wrap80__lnon/rq0_0058.png,9a8c8b2826bc6ee2283f86ba8edb2edbabf74910b5dddaf4383cb21dd9dcac27,1028,104,35.60701985144184,True
rq0_0059,java,results/grounded_protocol_3lang_20260721/rendered/grid/monokai_dark__fs20__wrap80__lnon/rq0_0059.png,2753ae3eff8e419ee6b8a82310a1bcf1b4787489d884b50c7510dd63d524252d,1028,146,33.066965027543944,True
rq0_0060,java,results/grounded_protocol_3lang_20260721/rendered/grid/monokai_dark__fs20__wrap80__lnon/rq0_0060.png,7ba13588921bb7b524dca93a8ae979f1125ad1bee94427f498b1d9925cc878c3,1028,125,32.845854617797535,True
rq0_0061,java,results/grounded_protocol_3lang_20260721/rendered/grid/monokai_dark__fs20__wrap80__lnon/rq0_0061.png,887e4dd9388fa34ed9b33feb5ee308881158a92951dff05cd86f68cc86c53ad1,1028,146,45.153297583245696,True
rq0_0062,java,results/grounded_protocol_3lang_20260721/rendered/grid/monokai_dark__fs20__wrap80__lnon/rq0_0062.png,a9a686d2a299495695ad75c56c73ff1b73ffca7640d0f632ee5750a8b858c3ee,1028,104,40.425744277338104,True
rq0_0063,java,results/grounded_protocol_3lang_20260721/rendered/grid/monokai_dark__fs20__wrap80__lnon/rq0_0063.png,ec910b9c6084583e678622bc54c86655a294bab716de8a7288fd06a623f16cb1,1028,104,45.281544407511575,True
rq0_0064,java,results/grounded_protocol_3lang_20260721/rendered/grid/monokai_dark__fs20__wrap80__lnon/rq0_0064.png,6e063c790b3a8dc1a2c7ed159b77be1db584ee5dd879e49cc16ca20a42c0715b,1028,146,41.6006554919484,True
rq0_0065,java,results/grounded_protocol_3lang_20260721/rendered/grid/monokai_dark__fs20__wrap80__lnon/rq0_0065.png,11481db732ecb3dec3a842e54466806d4b4f340491b54ef5c42f071781dd2e00,1028,293,29.680016942274904,True
rq0_0066,java,results/grounded_protocol_3lang_20260721/rendered/grid/monokai_dark__fs20__wrap80__lnon/rq0_0066.png,2f10c179aad31c99a9dd159ea727f325f81b099c1da17810653c570721621529,1028,125,40.732173913065026,True
rq0_0067,java,results/grounded_protocol_3lang_20260721/rendered/grid/monokai_dark__fs20__wrap80__lnon/rq0_0067.png,79489986284ff6e0448a84215583d6f39db2f190340e6b2167d527e9b08409e2,1028,125,35.106061659938426,True
rq0_0068,java,results/grounded_protocol_3lang_20260721/rendered/grid/monokai_dark__fs20__wrap80__lnon/rq0_0068.png,3edb53f54b81681034decae6cb7e6984b0917fdbd0983cf3b72d621b9266386d,1028,209,35.09804547674899,True
rq0_0069,java,results/grounded_protocol_3lang_20260721/rendered/grid/monokai_dark__fs20__wrap80__lnon/rq0_0069.png,c1590a012d9da17271089a40b72e08e16d98ba1322fbecd1d12189691c5f959b,1028,251,29.269271382765776,True
rq0_0070,java,results/grounded_protocol_3lang_20260721/rendered/grid/monokai_dark__fs20__wrap80__lnon/rq0_0070.png,099333054f2fef069985927e3f250264fd560cf1a968311b2e3d6160b8bacfd8,1028,230,40.70092921326438,True
rq0_0071,java,results/grounded_protocol_3lang_20260721/rendered/grid/monokai_dark__fs20__wrap80__lnon/rq0_0071.png,0d8dc692e93a74eb51502297acc0f2eb41a2390c3e11848deb1c43bbfe638153,1028,146,41.813945460404035,True
rq0_0072,java,results/grounded_protocol_3lang_20260721/rendered/grid/monokai_dark__fs20__wrap80__lnon/rq0_0072.png,bf6d7ff0b5be8ce73d4cc1035796e59417ef92a9bbb582dd91c28eb68f0ac532,1028,125,42.87681185989974,True
rq0_0073,java,results/grounded_protocol_3lang_20260721/rendered/grid/monokai_dark__fs20__wrap80__lnon/rq0_0073.png,8896308cbb20d5054f49b9284fec219548dcf398de328e9f27ba74ea7b7eb46e,1028,272,34.69946366546477,True
rq0_0074,java,results/grounded_protocol_3lang_20260721/rendered/grid/monokai_dark__fs20__wrap80__lnon/rq0_0074.png,30e996a409c341999e6dab08ec5c90afbf9fd671131e4be18765d923f6f48007,1028,125,30.532607702606736,True
rq0_0075,java,results/grounded_protocol_3lang_20260721/rendered/grid/monokai_dark__fs20__wrap80__lnon/rq0_0075.png,927dabcc45c1bef4bebb62d50152e85656681a307935b0fd857b9f02e678c47f,1028,209,37.9736488397628,True
rq0_0076,java,results/grounded_protocol_3lang_20260721/rendered/grid/monokai_dark__fs20__wrap80__lnon/rq0_0076.png,c827f0594ad4f31c1efa46119805dafd77a9834896d3ff5464109d70d85269cb,1028,167,45.01389415128288,True
rq0_0077,java,results/grounded_protocol_3lang_20260721/rendered/grid/monokai_dark__fs20__wrap80__lnon/rq0_0077.png,4e887e5ea147504124c6d1cdcc96dfaee20477c5c56e25172b179dfde3211c00,1028,230,28.1461985192005,True
rq0_0078,java,results/grounded_protocol_3lang_20260721/rendered/grid/monokai_dark__fs20__wrap80__lnon/rq0_0078.png,4055794461ac66ef27872ad66d23fbdbcd0556215a908e67f3b11b5f588d0f98,1028,251,29.797559313424614,True
rq0_0079,java,results/grounded_protocol_3lang_20260721/rendered/grid/monokai_dark__fs20__wrap80__lnon/rq0_0079.png,bd4b16fc7abbd306f84c9e35a5aeefc5c3b11595e10bac65803b1d1d5ce8d436,1028,293,33.76649599921945,True
rq0_0080,java,results/grounded_protocol_3lang_20260721/rendered/grid/monokai_dark__fs20__wrap80__lnon/rq0_0080.png,86f79e838a1b6a00e2c5caa9eae7130a44c29fb16402eadccaae92e92f344aa2,1028,167,32.867214635596724,True
rq0_0081,java,results/grounded_protocol_3lang_20260721/rendered/grid/monokai_dark__fs20__wrap80__lnon/rq0_0081.png,e51a92e89a2dec8f19329a9ff8925357c13282436834aaf13a7fd3ca948e5fb6,1028,188,44.58356622440647,True
rq0_0082,java,results/grounded_protocol_3lang_20260721/rendered/grid/monokai_dark__fs20__wrap80__lnon/rq0_0082.png,4f7014c4c9d5789c8028f9dbc8aa8cdcbf07006e1c9bdf77f0b6ff00317c94e4,1028,167,30.57096279607076,True
rq0_0083,java,results/grounded_protocol_3lang_20260721/rendered/grid/monokai_dark__fs20__wrap80__lnon/rq0_0083.png,477e6e0fb737e5bde7118f5ae139e96d6f322543219455cf464690437f528409,1028,272,34.96542427337319,True
rq0_0084,java,results/grounded_protocol_3lang_20260721/rendered/grid/monokai_dark__fs20__wrap80__lnon/rq0_0084.png,da4463c0e6564327e145dfdd91ebaabbe5c53ef961f0ea3559eac17c1293bfa3,1028,251,30.196841531463434,True
rq0_0085,java,results/grounded_protocol_3lang_20260721/rendered/grid/monokai_dark__fs20__wrap80__lnon/rq0_0085.png,f954c2b967ba0d66686fbedd6b894dbc9267bf1653394dc70a656911749d1686,1028,167,37.26031099473618,True
rq0_0086,java,results/grounded_protocol_3lang_20260721/rendered/grid/monokai_dark__fs20__wrap80__lnon/rq0_0086.png,c397f2400b8be8496fdb519b7f60ee31ef38446d734d56bb0d3f6f48e16a3b40,1028,146,38.1706454179804,True
rq0_0087,java,results/grounded_protocol_3lang_20260721/rendered/grid/monokai_dark__fs20__wrap80__lnon/rq0_0087.png,99b190756793648fd3ddf43301dc5ef851d807aa2773cb16bf4d48e938b67f50,1028,251,30.315512507590086,True
rq0_0088,java,results/grounded_protocol_3lang_20260721/rendered/grid/monokai_dark__fs20__wrap80__lnon/rq0_0088.png,8390f816ead4a4b0f88a6110044187dc17046012ace252ddc34936de62c165b3,1028,230,40.891342977685106,True
rq0_0089,java,results/grounded_protocol_3lang_20260721/rendered/grid/monokai_dark__fs20__wrap80__lnon/rq0_0089.png,e77eadca3eb2ebce4a0e293640acfe13e4dea9f11b094afb900addaa5e0d25a3,1028,188,42.92485270831296,True
rq0_0090,java,results/grounded_protocol_3lang_20260721/rendered/grid/monokai_dark__fs20__wrap80__lnon/rq0_0090.png,d73bd1668a6526d5326101df41ae20a229e85b0271aea721b4354f030759ed5d,1028,251,33.05040204553877,True
rq0_0091,java,results/grounded_protocol_3lang_20260721/rendered/grid/monokai_dark__fs20__wrap80__lnon/rq0_0091.png,a8b119483b4308eb41af295e3410f9b6260d1508a15a8709033d1187ff6f061c,1028,272,40.338954329125905,True
rq0_0092,java,results/grounded_protocol_3lang_20260721/rendered/grid/monokai_dark__fs20__wrap80__lnon/rq0_0092.png,506ac69412e1037bc543cea093d807129a36109d8ee94a071e5cce9b793d676b,1028,146,21.81073144152114,True
rq0_0093,java,results/grounded_protocol_3lang_20260721/rendered/grid/monokai_dark__fs20__wrap80__lnon/rq0_0093.png,caa0f37cf0feaa84f78ee26388c03b6ec3bbb58eb7798bf23d560250b58c5cb8,1028,125,40.69501424300517,True
rq0_0094,java,results/grounded_protocol_3lang_20260721/rendered/grid/monokai_dark__fs20__wrap80__lnon/rq0_0094.png,210bbf3884884563364f369ce498669c1704f688b4ad2db417ea252cfa9c0cdb,1028,230,32.07979268976775,True
rq0_0095,java,results/grounded_protocol_3lang_20260721/rendered/grid/monokai_dark__fs20__wrap80__lnon/rq0_0095.png,9420ab461cc5f9b7054f5bfef9717e881c147909a0f1590036c68930a8f27580,1028,251,38.20575751926479,True
rq0_0096,java,results/grounded_protocol_3lang_20260721/rendered/grid/monokai_dark__fs20__wrap80__lnon/rq0_0096.png,666b82697cea064183b4908c7a8d24c95afe90d2be88f5c49c399332bfe14aac,1028,104,42.38538581938219,True
rq0_0097,java,results/grounded_protocol_3lang_20260721/rendered/grid/monokai_dark__fs20__wrap80__lnon/rq0_0097.png,7a661070405cfa5d0749c6ee5147d5f7e37e48bdf7d1a3c88a35fd974d17b151,1028,251,39.596139717315886,True
rq0_0098,java,results/grounded_protocol_3lang_20260721/rendered/grid/monokai_dark__fs20__wrap80__lnon/rq0_0098.png,50cef47af39317f7197ee1822adbf30e13298a5e7e0daef90154e70ef631dc42,1028,230,43.48854935401102,True
rq0_0099,java,results/grounded_protocol_3lang_20260721/rendered/grid/monokai_dark__fs20__wrap80__lnon/rq0_0099.png,33c67d565b6adae5235e942e535a69c66af16b08924a61053f71b96e0aba4359,1028,1070,31.60654442477593,True
rq0_0100,java,results/grounded_protocol_3lang_20260721/rendered/grid/monokai_dark__fs20__wrap80__lnon/rq0_0100.png,81e085da54718978b129fe6b4e05153818327ef5d6788595e6732f67002a95cf,1028,1070,39.476713478436274,True
rq0_0101,java,results/grounded_protocol_3lang_20260721/rendered/grid/monokai_dark__fs20__wrap80__lnon/rq0_0101.png,aa98db48bfcf1a69a7c58057746f8ee1118739d87e7e70b70bd6581c4f925621,1028,230,42.906642927980045,True
rq0_0102,java,results/grounded_protocol_3lang_20260721/rendered/grid/monokai_dark__fs20__wrap80__lnon/rq0_0102.png,e38475f139f07e8e21fefb834cfaafe47a060b1cfe200e74f650df038f2186b3,1028,230,23.477328270705275,True
rq0_0103,java,results/grounded_protocol_3lang_20260721/rendered/grid/monokai_dark__fs20__wrap80__lnon/rq0_0103.png,3542e83576c659b87321d2adcf0f61698e28c4d724431856febf3c1a99a73d72,1028,1280,42.53793243431033,True
rq0_0104,java,results/grounded_protocol_3lang_20260721/rendered/grid/monokai_dark__fs20__wrap80__lnon/rq0_0104.png,561fa58f3017415a8734448460a88ee521d0f4d912ed50a8b6bfea86e58471c9,1028,1091,30.41599693142216,True
rq0_0105,java,results/grounded_protocol_3lang_20260721/rendered/grid/monokai_dark__fs20__wrap80__lnon/rq0_0105.png,fd5a1a421c3d15d5a107fb0624bd9acb8262737483285d7c8f4fc231d8c60677,1028,230,29.6040247306795,True
rq0_0106,java,results/grounded_protocol_3lang_20260721/rendered/grid/monokai_dark__fs20__wrap80__lnon/rq0_0106.png,79096de239873710cd9f2c0742176991b9b41eb9fd51850031cbba9f16030eff,1028,1049,36.96234974677629,True
rq0_0107,java,results/grounded_protocol_3lang_20260721/rendered/grid/monokai_dark__fs20__wrap80__lnon/rq0_0107.png,5bef902bd2fddf78a1776fcc811b3de9c45d9e60abe3346ffc3cbb0450e651f0,1028,650,36.04661069552677,True
rq0_0108,java,results/grounded_protocol_3lang_20260721/rendered/grid/monokai_dark__fs20__wrap80__lnon/rq0_0108.png,92627f169b56df22653bc6649ef30c7fa77d630d8efbb0e5993718dacd55860a,1028,692,26.12932002657689,True
rq0_0109,java,results/grounded_protocol_3lang_20260721/rendered/grid/monokai_dark__fs20__wrap80__lnon/rq0_0109.png,02ab1879df62ac1cd1823180c2cac947cad7638910cd6555c96d18cbc09f15a6,1028,1070,35.48754862029696,True
rq0_0110,java,results/grounded_protocol_3lang_20260721/rendered/grid/monokai_dark__fs20__wrap80__lnon/rq0_0110.png,d727cdaa59be50f5df1c637e60b8b00edd771ae4884628c42209b1c7955d49c3,1028,230,21.334184287848803,True
rq0_0111,java,results/grounded_protocol_3lang_20260721/rendered/grid/monokai_dark__fs20__wrap80__lnon/rq0_0111.png,8119cc501852c07518b5e4aada87c96a7b14da20e352a09226f35bf9882aaf9e,1028,209,25.46197508623185,True
rq0_0112,java,results/grounded_protocol_3lang_20260721/rendered/grid/monokai_dark__fs20__wrap80__lnon/rq0_0112.png,6a3953d44601994af04517b993c7fba452132a337e8915fc85afbe869a03c18b,1028,629,36.22077912117819,True
rq0_0113,java,results/grounded_protocol_3lang_20260721/rendered/grid/monokai_dark__fs20__wrap80__lnon/rq0_0113.png,0ad68ea6b1b4fe57840d4492b0dcb5a7c327dbef4c12a41d64f0ab5a0229496d,1028,1028,31.79190357203394,True
rq0_0114,java,results/grounded_protocol_3lang_20260721/rendered/grid/monokai_dark__fs20__wrap80__lnon/rq0_0114.png,81fa2e0b85483c7c0c7f151329b2ba8f1f392a9c461d6686995f2831d768aeac,1028,650,38.80964966423676,True
rq0_0115,java,results/grounded_protocol_3lang_20260721/rendered/grid/monokai_dark__fs20__wrap80__lnon/rq0_0115.png,1dfa6e2c76a50aa40bed43cbe680f0fbfbf923906d8f7270470f8698f8878bce,1028,230,25.64825637697864,True
rq0_0116,java,results/grounded_protocol_3lang_20260721/rendered/grid/monokai_dark__fs20__wrap80__lnon/rq0_0116.png,86cf36323c95a5bf913c81a4e5fea00cf3aa9f3ba436c01a74601bdbae1faa0d,1028,1070,36.61847543512793,True
rq0_0117,java,results/grounded_protocol_3lang_20260721/rendered/grid/monokai_dark__fs20__wrap80__lnon/rq0_0117.png,2fdee1a25321ba8a4480ad7759263a8fdd5521c6607a79a6fc5cba3b40668fcf,1028,251,21.02428485524966,True
rq0_0118,java,results/grounded_protocol_3lang_20260721/rendered/grid/monokai_dark__fs20__wrap80__lnon/rq0_0118.png,0e20f71ddbaa5969021dcd28e6617b96ced4868ec49a8d2300cadd4dcb10913a,1028,1070,38.42478614095135,True
rq0_0119,java,results/grounded_protocol_3lang_20260721/rendered/grid/monokai_dark__fs20__wrap80__lnon/rq0_0119.png,c7fd8333d0195c16b117ed0d9320e85817aa3585fe64745507474fc6c0082b61,1028,188,32.336132496481966,True
rq0_0120,java,results/grounded_protocol_3lang_20260721/rendered/grid/monokai_dark__fs20__wrap80__lnon/rq0_0120.png,e42274428df7c68dc07c23a57ba7d5cffac21059d157e846f63e3203fb90c3c9,1028,230,30.454288913327115,True
rq0_0121,java,results/grounded_protocol_3lang_20260721/rendered/grid/monokai_dark__fs20__wrap80__lnon/rq0_0121.png,1440748a9f41bfc999f504ef1ef9065a8424b98daf0fddb0064848a18a03dd21,1028,650,26.39850713135172,True
rq0_0122,java,results/grounded_protocol_3lang_20260721/rendered/grid/monokai_dark__fs20__wrap80__lnon/rq0_0122.png,fe603d6fd38e46d29e25b33b7c8ea3a0978d5990e7b67bc89527404c953bb548,1028,650,39.32255833215236,True
rq0_0123,java,results/grounded_protocol_3lang_20260721/rendered/grid/monokai_dark__fs20__wrap80__lnon/rq0_0123.png,d63448734dc5105205dd1c95bfc4e91c946bb7f9eaf8d0added39f9388033d91,1028,230,30.83750600932017,True
rq0_0124,java,results/grounded_protocol_3lang_20260721/rendered/grid/monokai_dark__fs20__wrap80__lnon/rq0_0124.png,c60731607d858de91229b0fba7bd5ca7f853844a3ff15fbdafac2af6cbe08c50,1028,230,36.5166073271787,True
rq0_0125,java,results/grounded_protocol_3lang_20260721/rendered/grid/monokai_dark__fs20__wrap80__lnon/rq0_0125.png,c9e6504d69fad1f00d3d344413b1e596ffc22db11ca3d6c2b39e47ca366c52b3,1028,671,42.44220226507704,True
rq0_0126,java,results/grounded_protocol_3lang_20260721/rendered/grid/monokai_dark__fs20__wrap80__lnon/rq0_0126.png,ce53eb09c7d7dba1b410fc6479d90fd1bb48e698eec0bfe53cad2dabae8e4eaf,1028,209,50.02721878695161,True
rq0_0127,java,results/grounded_protocol_3lang_20260721/rendered/grid/monokai_dark__fs20__wrap80__lnon/rq0_0127.png,70ec11f095b131073c63f8945a9b377c7a8b72fb38260d816bb60abae265acab,1028,1070,29.757247702575246,True
rq0_0128,java,results/grounded_protocol_3lang_20260721/rendered/grid/monokai_dark__fs20__wrap80__lnon/rq0_0128.png,9d4a7cb9e0e93fa057ea2f21e891036bc9f7157ae34c3fd8c2a4e0f91de1aca5,1028,692,35.11870299920194,True
rq0_0129,java,results/grounded_protocol_3lang_20260721/rendered/grid/monokai_dark__fs20__wrap80__lnon/rq0_0129.png,a08732e2d09ae5ab707b6eee10cb525a808555959eff435d3d239008440f2aa4,1028,1070,29.013423133296566,True
rq0_0130,java,results/grounded_protocol_3lang_20260721/rendered/grid/monokai_dark__fs20__wrap80__lnon/rq0_0130.png,d216d3c442edcb7819d74481e4d3090bae904e490acefd9ac0c3e43a6d051509,1028,650,36.79636645166236,True
rq0_0131,java,results/grounded_protocol_3lang_20260721/rendered/grid/monokai_dark__fs20__wrap80__lnon/rq0_0131.png,1fd2ae931a29d7714c416380f3a3f53768eac6212e44bca3e442b5be9b6eac85,1028,650,31.41449903606878,True
rq0_0132,java,results/grounded_protocol_3lang_20260721/rendered/grid/monokai_dark__fs20__wrap80__lnon/rq0_0132.png,5b7b246966ef00e80b9d265d546b9851421538a82e293f8fcb64168072e51c68,1028,230,23.54348895395955,True
rq0_0133,java,results/grounded_protocol_3lang_20260721/rendered/grid/monokai_dark__fs20__wrap80__lnon/rq0_0133.png,da2fd208624da1af887ccfcba8095952cd3169eaeec02481d9cba4d3a3d7d8cf,1028,629,39.09061919097662,True
rq0_0134,java,results/grounded_protocol_3lang_20260721/rendered/grid/monokai_dark__fs20__wrap80__lnon/rq0_0134.png,907c75bd959ab4db87622836a9ff3643e1f07ffbcedab33104abe8de3c1d7136,1028,230,25.7492881155958,True
rq0_0135,java,results/grounded_protocol_3lang_20260721/rendered/grid/monokai_dark__fs20__wrap80__lnon/rq0_0135.png,6e923aec97873ec6d841192e60e8487533154c6fbfc609da4099a60db93b4711,1028,1154,43.21396207602134,True
rq0_0136,java,results/grounded_protocol_3lang_20260721/rendered/grid/monokai_dark__fs20__wrap80__lnon/rq0_0136.png,7b663e311d8a8140011b1beff13e50095d482717ec4c142ab0e666cf47ad88c8,1028,1091,30.935737412516335,True
rq0_0137,java,results/grounded_protocol_3lang_20260721/rendered/grid/monokai_dark__fs20__wrap80__lnon/rq0_0137.png,531bd60100672bde483ac8064c67eb290e62b62ee105356ff3b93a66a4afbde2,1028,650,47.00184867136718,True
rq0_0138,java,results/grounded_protocol_3lang_20260721/rendered/grid/monokai_dark__fs20__wrap80__lnon/rq0_0138.png,34c72994acd4535fde7a2c17881be5fceba9e4c29767849aeca766e9ab0391d8,1028,230,37.228527999479425,True
rq0_0139,java,results/grounded_protocol_3lang_20260721/rendered/grid/monokai_dark__fs20__wrap80__lnon/rq0_0139.png,694d675dad326a3446a5b84b8fe9ad67468aef0234577e6d90358fec932957ac,1028,1070,29.151848204862386,True
rq0_0140,java,results/grounded_protocol_3lang_20260721/rendered/grid/monokai_dark__fs20__wrap80__lnon/rq0_0140.png,75d7c83b24c47252a655bc20a1cfc66d4059dbd5284d732bd0f385ea384f4655,1028,1091,38.08221459990767,True
rq0_0141,java,results/grounded_protocol_3lang_20260721/rendered/grid/monokai_dark__fs20__wrap80__lnon/rq0_0141.png,805b94956915bfa8e93e2423a8831c51354f2ca229439b86b2c7d4cb2823c1eb,1028,650,39.67849024925667,True
rq0_0142,java,results/grounded_protocol_3lang_20260721/rendered/grid/monokai_dark__fs20__wrap80__lnon/rq0_0142.png,0f55444f2e2ec1c9a6ebe642c5743bfd95e628beab733013a903ae082f3889ea,1028,650,33.68309975136824,True
rq0_0143,java,results/grounded_protocol_3lang_20260721/rendered/grid/monokai_dark__fs20__wrap80__lnon/rq0_0143.png,ed752f313d04f0788701f9af5f6ac69675b57ac96ff1aaf769320d156912e17f,1028,230,52.96617405012631,True
rq0_0144,java,results/grounded_protocol_3lang_20260721/rendered/grid/monokai_dark__fs20__wrap80__lnon/rq0_0144.png,78b236607314837d663e6aacad9e06d532b86342ad9ce1b11a69595e290b9fbd,1028,230,43.7546254608096,True
rq0_0145,java,results/grounded_protocol_3lang_20260721/rendered/grid/monokai_dark__fs20__wrap80__lnon/rq0_0145.png,068eed20258534a75a322e1cea677e241ca2068463f6ac0a9c2fff3dbde905c9,1028,209,20.647590892580155,True
rq0_0146,java,results/grounded_protocol_3lang_20260721/rendered/grid/monokai_dark__fs20__wrap80__lnon/rq0_0146.png,f3cead82f97d85d4179ce805a3caa621497324ceb3d2a0ac44f9cd453eb3ddf0,1028,608,26.89101023826336,True
rq0_0147,java,results/grounded_protocol_3lang_20260721/rendered/grid/monokai_dark__fs20__wrap80__lnon/rq0_0147.png,b47b1b33fb6bd52c54e9b36cd1aa70e8814dfbefef6091222dd59f5a65cf535e,1028,209,33.15374389269464,True
rq0_0148,java,results/grounded_protocol_3lang_20260721/rendered/grid/monokai_dark__fs20__wrap80__lnon/rq0_0148.png,7c5960cdaf54204f6eda7064bd08148b54fac07f29f3bd027137b49bb25cc657,1028,1238,38.875976720925706,True
rq0_0149,java,results/grounded_protocol_3lang_20260721/rendered/grid/monokai_dark__fs20__wrap80__lnon/rq0_0149.png,6a652171ebdfe3bbe61c1747d6f6298351b94aaff2a6654dcda812ba9d0e2680,1028,1049,28.86783680218989,True
rq0_0150,java,results/grounded_protocol_3lang_20260721/rendered/grid/monokai_dark__fs20__wrap80__lnon/rq0_0150.png,2a78a2f8c96605899f93e89c7cba3ea6008ef5b1beecfc4d3c5d4cf2deb79eb6,1028,650,22.950335820990194,True
rq0_0151,java,results/grounded_protocol_3lang_20260721/rendered/grid/monokai_dark__fs20__wrap80__lnon/rq0_0151.png,9a55f6707979b43f21eae76cad6104426d82716dafcf719cffeb575053c0cb4a,1028,1154,35.61982309851151,True
rq0_0152,java,results/grounded_protocol_3lang_20260721/rendered/grid/monokai_dark__fs20__wrap80__lnon/rq0_0152.png,477eefa205262f46637ef8d9f21181bd6720a889a6e43b70c4ed480a951a8361,1028,1175,31.267998323846218,True
rq0_0153,java,results/grounded_protocol_3lang_20260721/rendered/grid/monokai_dark__fs20__wrap80__lnon/rq0_0153.png,724f7ad709599ef0bd2a81217948edbdd299184b2acab785b80b3e4e3b78587f,1028,230,24.84297180610966,True
rq0_0154,java,results/grounded_protocol_3lang_20260721/rendered/grid/monokai_dark__fs20__wrap80__lnon/rq0_0154.png,ddc6fbdadb32182330571e0ee13e5edfa0161a868cf6b2abc9fd163af398f3fc,1028,209,28.90986025852763,True
rq0_0155,java,results/grounded_protocol_3lang_20260721/rendered/grid/monokai_dark__fs20__wrap80__lnon/rq0_0155.png,918940f56208e7c1b2dace8d9b88fb2c00c1ca71aee70303460e40fcb074b5d0,1028,650,30.69709904725613,True
rq0_0156,java,results/grounded_protocol_3lang_20260721/rendered/grid/monokai_dark__fs20__wrap80__lnon/rq0_0156.png,27c0e0e541627daf1e3cce0258926fe266d9bf43f1e1ca8ce1eda2e2c69be36e,1028,209,33.22073382367662,True
rq0_0157,java,results/grounded_protocol_3lang_20260721/rendered/grid/monokai_dark__fs20__wrap80__lnon/rq0_0157.png,9e7695120d323285d65c928ceac336e1cf35841611f5ea1130f16a0eecbd89b7,1028,713,42.728252578842955,True
rq0_0158,java,results/grounded_protocol_3lang_20260721/rendered/grid/monokai_dark__fs20__wrap80__lnon/rq0_0158.png,12e577868565affab3a7a342ae28388db9b8406a3e7b323dabb1136b8adf89bb,1028,230,27.92867029889698,True
rq0_0159,java,results/grounded_protocol_3lang_20260721/rendered/grid/monokai_dark__fs20__wrap80__lnon/rq0_0159.png,5ee4f1000096745d001aa715f09b2b7383551507196b12f794c39bb38052ee45,1028,1070,43.25615138333688,True
rq0_0160,java,results/grounded_protocol_3lang_20260721/rendered/grid/monokai_dark__fs20__wrap80__lnon/rq0_0160.png,b466299fa392ae8962be60c667018a943c8c3ab7f4e4723af2ac1c48255c1fbd,1028,230,34.48020421128694,True
rq0_0161,java,results/grounded_protocol_3lang_20260721/rendered/grid/monokai_dark__fs20__wrap80__lnon/rq0_0161.png,0e62de6c95528366f7ca199e28ae39897b501591ac7e9d230528116a90ad25b7,1028,1091,31.08007041286248,True
rq0_0162,java,results/grounded_protocol_3lang_20260721/rendered/grid/monokai_dark__fs20__wrap80__lnon/rq0_0162.png,06d253541f8f47755db90e5f6883104c6b8dc5c791f2848e61fd8dc6ad4059fc,1028,230,41.21314123150335,True
rq0_0163,java,results/grounded_protocol_3lang_20260721/rendered/grid/monokai_dark__fs20__wrap80__lnon/rq0_0163.png,0bee69b3e6b0d81083d6ca936bb564835ffd2915ead831f632dba1c1e2bd3814,1028,1070,35.54395998609968,True
rq0_0164,java,results/grounded_protocol_3lang_20260721/rendered/grid/monokai_dark__fs20__wrap80__lnon/rq0_0164.png,579052d1a573dc556c9b34e33d925fc34e527c266211bfa9b5627e0d3efc9d14,1028,230,34.27421891472833,True
rq0_0165,java,results/grounded_protocol_3lang_20260721/rendered/grid/monokai_dark__fs20__wrap80__lnon/rq0_0165.png,cdb0d8879a5a36215654b6a646ea728f0d84b0447e7fe0fe91c3515526aea956,1028,230,29.47664158774114,True
rq0_0166,java,results/grounded_protocol_3lang_20260721/rendered/grid/monokai_dark__fs20__wrap80__lnon/rq0_0166.png,7bc56cdfa6ce020c966eca64ab8f630f1efea06b72797e76344b7eb8b35df41d,1028,650,40.65847171532436,True
rq0_0167,java,results/grounded_protocol_3lang_20260721/rendered/grid/monokai_dark__fs20__wrap80__lnon/rq0_0167.png,758a1eb5f6cee77f84fcd46a43872a690260485294e713b14e52191110911086,1028,1070,30.255728021067977,True
rq0_0168,java,results/grounded_protocol_3lang_20260721/rendered/grid/monokai_dark__fs20__wrap80__lnon/rq0_0168.png,f1dffeed381291501d9d007af241d5f019a1ce3aefb47d54f3ac836d5ff6b7d2,1028,230,28.08482954404211,True
rq0_0169,java,results/grounded_protocol_3lang_20260721/rendered/grid/monokai_dark__fs20__wrap80__lnon/rq0_0169.png,8c0584f663e7bc32d5adf5c25e84cbcdffc87c4622a78b35af3bb3107747ebb7,1028,650,40.76492213309302,True
rq0_0170,java,results/grounded_protocol_3lang_20260721/rendered/grid/monokai_dark__fs20__wrap80__lnon/rq0_0170.png,99d6b4ee81457353b248182a357427d72f167c1d256730aa3e5572274a380690,1028,776,37.73083019757359,True
rq0_0171,java,results/grounded_protocol_3lang_20260721/rendered/grid/monokai_dark__fs20__wrap80__lnon/rq0_0171.png,585d314757b66c143be15e910acc52a81a84a461e173d69fec6e0d20d5a0b220,1028,1112,28.21601707318854,True
rq0_0172,java,results/grounded_protocol_3lang_20260721/rendered/grid/monokai_dark__fs20__wrap80__lnon/rq0_0172.png,0f9a72d983c90dd323f1f4cdc17d1a46544a7daa4fd184031da6e293922250fa,1028,209,27.97445415798006,True
rq0_0173,java,results/grounded_protocol_3lang_20260721/rendered/grid/monokai_dark__fs20__wrap80__lnon/rq0_0173.png,072529290006306a3510d70378da1fa717da80fea41b20f0e207e1b8319ff27c,1028,650,29.35577801444631,True
rq0_0174,java,results/grounded_protocol_3lang_20260721/rendered/grid/monokai_dark__fs20__wrap80__lnon/rq0_0174.png,37aee98fae688e191a5dea816f39d539fb4c55ac71ba36c98225c8ea22cdbe06,1028,230,42.82615843104501,True
rq0_0175,java,results/grounded_protocol_3lang_20260721/rendered/grid/monokai_dark__fs20__wrap80__lnon/rq0_0175.png,5b6adbac19ef57dcc517f2033835f59fbd158b483682c77c0eb244ccb0334dde,1028,209,41.25285172419739,True
rq0_0176,java,results/grounded_protocol_3lang_20260721/rendered/grid/monokai_dark__fs20__wrap80__lnon/rq0_0176.png,8dd441f13942995a8b69fb525bfc7b5986fdc9b115ee8b4446be719979088bd8,1028,1091,37.67649904377301,True
rq0_0177,java,results/grounded_protocol_3lang_20260721/rendered/grid/monokai_dark__fs20__wrap80__lnon/rq0_0177.png,b6003b8aa6f57cf99a8cd2be44766a1fc4e80b6b7d7e5ca0da87dfdb54c62ef0,1028,1049,34.1355689306774,True
rq0_0178,java,results/grounded_protocol_3lang_20260721/rendered/grid/monokai_dark__fs20__wrap80__lnon/rq0_0178.png,a64cc084581e34baa5df75693e7d11efa43ba6423313c49c84a49b1a71886473,1028,1070,27.268242914232314,True
rq0_0179,java,results/grounded_protocol_3lang_20260721/rendered/grid/monokai_dark__fs20__wrap80__lnon/rq0_0179.png,a665d61f36a0b84da45aa33e70fdb61abdd04272cdc601258b7017fa43028e89,1028,671,34.81327445866541,True
rq0_0180,java,results/grounded_protocol_3lang_20260721/rendered/grid/monokai_dark__fs20__wrap80__lnon/rq0_0180.png,c986788edd8da9ed702efe9a804a557700e9f23ee3fc68aa719c2183899d7757,1028,629,46.39134343626339,True
rq0_0181,java,results/grounded_protocol_3lang_20260721/rendered/grid/monokai_dark__fs20__wrap80__lnon/rq0_0181.png,5807d134336a999400fc285e3cfc100154834f8ec30c5f5ea9682f902762defd,1028,230,34.63756803584292,True
rq0_0182,java,results/grounded_protocol_3lang_20260721/rendered/grid/monokai_dark__fs20__wrap80__lnon/rq0_0182.png,4fe25896e3b48bdd6e2c2d5788b2be8fc3ff1284535363afb59c9fb061de90b1,1028,209,47.46127644480879,True
rq0_0183,java,results/grounded_protocol_3lang_20260721/rendered/grid/monokai_dark__fs20__wrap80__lnon/rq0_0183.png,108caa04939e10a3831b24662ebf6e33cd7ed3eec039f792f85ab5cd6563f5a0,1028,1070,42.19952899847032,True
rq0_0184,java,results/grounded_protocol_3lang_20260721/rendered/grid/monokai_dark__fs20__wrap80__lnon/rq0_0184.png,59adb40b179abed16e304246a5cbb8dbead559f435a7a5978cbe42be2bd9dc31,1028,209,25.853116472955623,True
rq0_0185,java,results/grounded_protocol_3lang_20260721/rendered/grid/monokai_dark__fs20__wrap80__lnon/rq0_0185.png,14318a9357bb7df7c0a9a367598ff4d812d83251f7a4a702bafac268b0352173,1028,251,40.23699445538325,True
rq0_0186,java,results/grounded_protocol_3lang_20260721/rendered/grid/monokai_dark__fs20__wrap80__lnon/rq0_0186.png,53201a61b53d6ebf5de9ba3191a09a19d35c89489e69b8777bc9ec12c733c8b1,1028,650,27.996839177576998,True
rq0_0187,java,results/grounded_protocol_3lang_20260721/rendered/grid/monokai_dark__fs20__wrap80__lnon/rq0_0187.png,bb40104191e8be6fc72006e5f00572484c0e6fd76d158923f7f22edfe3955e7e,1028,230,24.688667315977494,True
rq0_0188,java,results/grounded_protocol_3lang_20260721/rendered/grid/monokai_dark__fs20__wrap80__lnon/rq0_0188.png,ae11c8965d66f3ef6a29b8b295d2885a9164c7ae1c812440f9d72321ec339dfb,1028,1091,31.6128598650988,True
rq0_0189,java,results/grounded_protocol_3lang_20260721/rendered/grid/monokai_dark__fs20__wrap80__lnon/rq0_0189.png,9e25ce85e123fc88ae7f9f4264d3ea05047ee762179ee0cf1088bed2dbf5127d,1028,356,28.49514355442062,True
rq0_0190,java,results/grounded_protocol_3lang_20260721/rendered/grid/monokai_dark__fs20__wrap80__lnon/rq0_0190.png,4e83d1c1654721b2af82929be8dd087e3052b5dafa957f597bfc03bf1b0893af,1028,734,39.88939157769289,True
rq0_0191,java,results/grounded_protocol_3lang_20260721/rendered/grid/monokai_dark__fs20__wrap80__lnon/rq0_0191.png,b2158d438b6d6c21ac93f4d0521c4ac7387f90599ea90fdb70f8ed72d88539aa,1028,713,45.854449710211554,True
rq0_0192,java,results/grounded_protocol_3lang_20260721/rendered/grid/monokai_dark__fs20__wrap80__lnon/rq0_0192.png,6c5d6d8f5413da82f7bbcca59739a71e7a5b8c92bcd6f180a67154517208a3a5,1028,524,31.565776295420545,True
rq0_0193,java,results/grounded_protocol_3lang_20260721/rendered/grid/monokai_dark__fs20__wrap80__lnon/rq0_0193.png,38a092518d1177cd9a8ae098035c7b5cba35a1417c86a0316995be4eb287173b,1028,587,41.411122828245844,True
rq0_0194,java,results/grounded_protocol_3lang_20260721/rendered/grid/monokai_dark__fs20__wrap80__lnon/rq0_0194.png,897ffef1213fd060112166d5ac6e1eac125dcd27b682439f1129c99bede39b9f,1028,398,21.43307577283093,True
rq0_0195,java,results/grounded_protocol_3lang_20260721/rendered/grid/monokai_dark__fs20__wrap80__lnon/rq0_0195.png,996f272c35c6b9c35ae32349a0bf03aa7bfd97e753fe86bab6a7e008ecfdbbbd,1028,776,35.547422501259696,True
rq0_0196,java,results/grounded_protocol_3lang_20260721/rendered/grid/monokai_dark__fs20__wrap80__lnon/rq0_0196.png,c2f1ffacc539bcf3e2002d6615f98336beb29018b106eeb9ec9f942ce6884ca0,1028,713,33.30167827607743,True
rq0_0197,java,results/grounded_protocol_3lang_20260721/rendered/grid/monokai_dark__fs20__wrap80__lnon/rq0_0197.png,de398e7b8c879406c27614f08c70e078211f92dfdedfd5ba33d9f078279f6e20,1028,692,31.827748553311025,True
rq0_0198,java,results/grounded_protocol_3lang_20260721/rendered/grid/monokai_dark__fs20__wrap80__lnon/rq0_0198.png,d7d873a86cf70f2865245514f3c97cdf7864d859a8fcdcdf1955bd5c29d377f7,1028,545,35.0665387182791,True
rq0_0199,java,results/grounded_protocol_3lang_20260721/rendered/grid/monokai_dark__fs20__wrap80__lnon/rq0_0199.png,4ef6301da184cbe74cb1a716176520401663e85b45413b48c2ced53601f3c593,1028,314,35.68171527709436,True
rq0_0200,java,results/grounded_protocol_3lang_20260721/rendered/grid/monokai_dark__fs20__wrap80__lnon/rq0_0200.png,875eeee6a1e861d267777f5c9fa89d996f1ed56bb850116390f8cbca98549b95,1028,608,45.204854471332226,True
rq0_0201,java,results/grounded_protocol_3lang_20260721/rendered/grid/monokai_dark__fs20__wrap80__lnon/rq0_0201.png,7e88a90631c5bb8d8771d6b2b8e2543b593171637c808e94a02f7c229f8faa0f,1028,776,40.57823548789459,True
rq0_0202,java,results/grounded_protocol_3lang_20260721/rendered/grid/monokai_dark__fs20__wrap80__lnon/rq0_0202.png,6ec64e45ec3382d1f2e854ea5384bc55f9f8c5671c35cd1a87a121ffa5153b0a,1028,902,33.97207525820394,True
rq0_0203,java,results/grounded_protocol_3lang_20260721/rendered/grid/monokai_dark__fs20__wrap80__lnon/rq0_0203.png,9fa742fdd0610dbd5c530609fa71eb29746bcb9c75cc3356619fac22551c44c3,1028,356,44.78529469708244,True
rq0_0204,java,results/grounded_protocol_3lang_20260721/rendered/grid/monokai_dark__fs20__wrap80__lnon/rq0_0204.png,4143d8e74c1d846dc0aaaee8e77061c57781c11e8b4e5d831416a6c3b10c5d9b,1028,923,49.65501856125365,True
rq0_0205,java,results/grounded_protocol_3lang_20260721/rendered/grid/monokai_dark__fs20__wrap80__lnon/rq0_0205.png,38b2d7c2fe9bc4eac0c9d917a2a445962e85d25de35f4d1ac6608d7e638e7acb,1028,293,38.5450792888986,True
rq0_0206,java,results/grounded_protocol_3lang_20260721/rendered/grid/monokai_dark__fs20__wrap80__lnon/rq0_0206.png,44e2b3665f59e13e2b6d09c83b24047d539b321ebadc35c8a9ec5751e66109de,1028,671,45.494365574867345,True
rq0_0207,java,results/grounded_protocol_3lang_20260721/rendered/grid/monokai_dark__fs20__wrap80__lnon/rq0_0207.png,238cefac4556b9fcab713383c626f9597bd43c71c47fffaf36d2604df0cc41a2,1028,419,45.22362384893622,True
rq0_0208,java,results/grounded_protocol_3lang_20260721/rendered/grid/monokai_dark__fs20__wrap80__lnon/rq0_0208.png,8d0e4cec81ba7d0e0bacc3f25276801cdf31720ebedbcea0b7a68f20bf4052fb,1028,587,36.95806416077314,True
rq0_0209,java,results/grounded_protocol_3lang_20260721/rendered/grid/monokai_dark__fs20__wrap80__lnon/rq0_0209.png,f4be8050370dd5b633cad89e6c816d0ff7e785e2af537106b4ec9a5b48f33b1e,1028,503,44.055718401693355,True
rq0_0210,java,results/grounded_protocol_3lang_20260721/rendered/grid/monokai_dark__fs20__wrap80__lnon/rq0_0210.png,bc692baf903f78272dc98931ab72605e41225c0da519d930c9314f6b4b9b0d3e,1028,986,34.791325435102536,True
rq0_0211,java,results/grounded_protocol_3lang_20260721/rendered/grid/monokai_dark__fs20__wrap80__lnon/rq0_0211.png,cb905caf6ccd4239481b5d356844a4a241169ed4133c56cb85470d61a88d3815,1028,923,42.86140275750933,True
rq0_0212,java,results/grounded_protocol_3lang_20260721/rendered/grid/monokai_dark__fs20__wrap80__lnon/rq0_0212.png,a1d4edd6c44e4cb5fc7c6e96514307a59ac5e975a8e595b1c15de28a29333dd0,1028,587,38.47402940050535,True
rq0_0213,java,results/grounded_protocol_3lang_20260721/rendered/grid/monokai_dark__fs20__wrap80__lnon/rq0_0213.png,2313657f0a7cad235c2d61b7532d3722432f379464389c12cbef0fe447f4eafe,1028,692,37.53239017240158,True
rq0_0214,java,results/grounded_protocol_3lang_20260721/rendered/grid/monokai_dark__fs20__wrap80__lnon/rq0_0214.png,fa6e0c98e72c897a472dc419b958526dcfa88949066a1f0a78d88860e5274468,1028,818,43.30575030286813,True
rq0_0215,java,results/grounded_protocol_3lang_20260721/rendered/grid/monokai_dark__fs20__wrap80__lnon/rq0_0215.png,2b50799cf1f4764925ea60c90d30163db4ce5ee30c2f52671571ed550a00b166,1028,545,34.78188191731358,True
rq0_0216,java,results/grounded_protocol_3lang_20260721/rendered/grid/monokai_dark__fs20__wrap80__lnon/rq0_0216.png,91e58bdb617a5bcdb70d7d514a8d2969b3fd01430c7049084ee36b4c2097b8b8,1028,713,36.058836945741255,True
rq0_0217,java,results/grounded_protocol_3lang_20260721/rendered/grid/monokai_dark__fs20__wrap80__lnon/rq0_0217.png,ff39a2804f26fe2df03159599d8edd95d96a284fd66255cc4f8ec8e0159bc91f,1028,1028,40.690969420005494,True
rq0_0218,java,results/grounded_protocol_3lang_20260721/rendered/grid/monokai_dark__fs20__wrap80__lnon/rq0_0218.png,880bc0aa47630469f774791d6dc934245ef4c2afce5c83bc8087c5fe722a059e,1028,377,39.57584594376936,True
rq0_0219,java,results/grounded_protocol_3lang_20260721/rendered/grid/monokai_dark__fs20__wrap80__lnon/rq0_0219.png,c7dff7299ca93ec16817c8342b76a42b124b9cac2e10694e95160da0d9515216,1028,482,37.9232957551377,True
rq0_0220,java,results/grounded_protocol_3lang_20260721/rendered/grid/monokai_dark__fs20__wrap80__lnon/rq0_0220.png,66dbc058b04f11bbcfc7ec8de9ee6ab86624ea0288e6f72b602f2b00673bc5f8,1028,461,41.38346799557652,True
rq0_0221,java,results/grounded_protocol_3lang_20260721/rendered/grid/monokai_dark__fs20__wrap80__lnon/rq0_0221.png,e62b4c5f5e31fa09867594cb36e5c45bd17b8fdd815f630a500da6631f9b04c7,1028,440,25.08374480662174,True
rq0_0222,java,results/grounded_protocol_3lang_20260721/rendered/grid/monokai_dark__fs20__wrap80__lnon/rq0_0222.png,b3ca6a916f51197f45f650d49afe660262ed291a1a86b800f07c7eec78a9e0ca,1028,860,30.99719789619625,True
rq0_0223,java,results/grounded_protocol_3lang_20260721/rendered/grid/monokai_dark__fs20__wrap80__lnon/rq0_0223.png,63c78084754a2d307459bc05e232a1aefe2c1aaa86ecda90839784cd19986fd4,1028,902,36.93745015562563,True
rq0_0224,java,results/grounded_protocol_3lang_20260721/rendered/grid/monokai_dark__fs20__wrap80__lnon/rq0_0224.png,6666331afc891bac5c368c78f9a37077f3195a48eb5ac1a5694c986f72a4ca13,1028,734,27.231103555057146,True
rq0_0225,java,results/grounded_protocol_3lang_20260721/rendered/grid/monokai_dark__fs20__wrap80__lnon/rq0_0225.png,32dd2d0a6dc084426205ce1ea0aad1e66c950d8ede8c24c1b40f8dc32a776fa6,1028,734,47.85590008570168,True
rq0_0226,java,results/grounded_protocol_3lang_20260721/rendered/grid/monokai_dark__fs20__wrap80__lnon/rq0_0226.png,519c0d45611eecfc11a7d424c3e9de15e7142ae3c776e6a217023716c4d86b15,1028,839,30.0639965867959,True
rq0_0227,java,results/grounded_protocol_3lang_20260721/rendered/grid/monokai_dark__fs20__wrap80__lnon/rq0_0227.png,f9270fa26f4f38a8a43b2c85065476f555a6e69f796b02e0246222e409d3c28c,1028,440,46.83860063126676,True
rq0_0228,java,results/grounded_protocol_3lang_20260721/rendered/grid/monokai_dark__fs20__wrap80__lnon/rq0_0228.png,3f58c72eb92dac6b22d2cee66d97c4d1e145ad2c11adea879d18833293c3e07e,1028,629,36.25329937549313,True
rq0_0229,java,results/grounded_protocol_3lang_20260721/rendered/grid/monokai_dark__fs20__wrap80__lnon/rq0_0229.png,5ce3c1d5974423746641371e85b33b87fba0a4f5fd3d2cfe883fd90bdb552f94,1028,503,37.63610575571018,True
rq0_0230,java,results/grounded_protocol_3lang_20260721/rendered/grid/monokai_dark__fs20__wrap80__lnon/rq0_0230.png,d52cbcfc9a7c0c46805f495805d3bda3d72d10e71bc8afb0a8489aede1a84ac4,1028,776,33.255853263430765,True
rq0_0231,java,results/grounded_protocol_3lang_20260721/rendered/grid/monokai_dark__fs20__wrap80__lnon/rq0_0231.png,498f20e3ddc09fc2d8ec67b7f22e9a90eeccaca8f8abca8521cc3a1885498d66,1028,545,38.65448647309203,True
rq0_0232,java,results/grounded_protocol_3lang_20260721/rendered/grid/monokai_dark__fs20__wrap80__lnon/rq0_0232.png,d43adf840124130c991386f7e4b038a961bb0e059fe160787c13324d5399f898,1028,671,37.46285707359766,True
rq0_0233,java,results/grounded_protocol_3lang_20260721/rendered/grid/monokai_dark__fs20__wrap80__lnon/rq0_0233.png,f9f27206de244c651ee7c2e37f94c2d1354bf7e78d202d36f54599c2a0502aa0,1028,671,36.7818844935589,True
rq0_0234,java,results/grounded_protocol_3lang_20260721/rendered/grid/monokai_dark__fs20__wrap80__lnon/rq0_0234.png,75c70595015920a59887e68ba4046b41ab074e3e1108c0d4d1ada4c27c7be120,1028,377,45.8816548557784,True
rq0_0235,java,results/grounded_protocol_3lang_20260721/rendered/grid/monokai_dark__fs20__wrap80__lnon/rq0_0235.png,e35afc99fd6cce1d3467944c2177802a46e661e3afbcc8b2007bb8521943eadb,1028,608,42.719946794923686,True
rq0_0236,java,results/grounded_protocol_3lang_20260721/rendered/grid/monokai_dark__fs20__wrap80__lnon/rq0_0236.png,3b610af5a89d3a42241ffff07354fdc4eb2adee197ac3a0e4cba0f40a7e55e30,1028,335,36.346736898769116,True
rq0_0237,java,results/grounded_protocol_3lang_20260721/rendered/grid/monokai_dark__fs20__wrap80__lnon/rq0_0237.png,8fa64a922cce49c6500424ae0fccf97d2ca7cbdb25121f9cd56210b68f100a8e,1028,1091,39.679280947265596,True
rq0_0238,java,results/grounded_protocol_3lang_20260721/rendered/grid/monokai_dark__fs20__wrap80__lnon/rq0_0238.png,71d32e3778a2936d7df6c9ea78dd8e61b66974467c51f1ac0a615ce3653257b2,1028,545,53.58500788348687,True
rq0_0239,java,results/grounded_protocol_3lang_20260721/rendered/grid/monokai_dark__fs20__wrap80__lnon/rq0_0239.png,89d66497e01fa51aca9b3736f3d05d9b8b9791e70e808e251c07cf745e76d7de,1028,314,33.7446910239755,True
rq0_0240,java,results/grounded_protocol_3lang_20260721/rendered/grid/monokai_dark__fs20__wrap80__lnon/rq0_0240.png,501290ab09289fd3b0eeb05bc8d761d745b93a9fe31365b9684ee6cde3f05fbe,1028,860,31.679802993540736,True
rq0_0241,java,results/grounded_protocol_3lang_20260721/rendered/grid/monokai_dark__fs20__wrap80__lnon/rq0_0241.png,cb992b8c6ddd63fad59ed21b18a2490e1a961f99cfc16379996876071d0a8e6e,1028,545,35.83667817839412,True
rq0_0242,java,results/grounded_protocol_3lang_20260721/rendered/grid/monokai_dark__fs20__wrap80__lnon/rq0_0242.png,c00554257f6f6ac18c4507aad404b22dea7a7b8881f2772f147403c4c204ed39,1028,314,38.186592773858685,True
rq0_0243,java,results/grounded_protocol_3lang_20260721/rendered/grid/monokai_dark__fs20__wrap80__lnon/rq0_0243.png,bc0262e7191ddc3dc031058e6af4bc62a00d89b71e90e545ce72f4d3b4493405,1028,377,35.50819513458896,True
rq0_0244,java,results/grounded_protocol_3lang_20260721/rendered/grid/monokai_dark__fs20__wrap80__lnon/rq0_0244.png,6b83a62fb717bd2d3c540b5a36de181cf431fcd7af8631fdac2407f8017b2c04,1028,272,30.855544743062733,True
rq0_0245,java,results/grounded_protocol_3lang_20260721/rendered/grid/monokai_dark__fs20__wrap80__lnon/rq0_0245.png,6f75f0bd9a3f0e6ec55f93de389b76e93522305588b82b96e72bce735325919a,1028,986,37.00214662769708,True
rq0_0246,java,results/grounded_protocol_3lang_20260721/rendered/grid/monokai_dark__fs20__wrap80__lnon/rq0_0246.png,bca49b331b7c019c4be916b3610318b8ade3a7257d824c9a6726950a51377088,1028,377,33.399331452509465,True
rq0_0247,java,results/grounded_protocol_3lang_20260721/rendered/grid/monokai_dark__fs20__wrap80__lnon/rq0_0247.png,cbc4675a0d2f7f13228f8dd5b5e6b216b6f396449a17ad1bb5e5fbf909e872b8,1028,293,37.30535929270278,True
rq0_0248,java,results/grounded_protocol_3lang_20260721/rendered/grid/monokai_dark__fs20__wrap80__lnon/rq0_0248.png,9e25ce85e123fc88ae7f9f4264d3ea05047ee762179ee0cf1088bed2dbf5127d,1028,356,28.49514355442062,True
rq0_0249,java,results/grounded_protocol_3lang_20260721/rendered/grid/monokai_dark__fs20__wrap80__lnon/rq0_0249.png,94f99778b52ed1b1dcacef95bd9a7693a0b8c5676ecb88852cda0c89cace2f37,1028,1007,37.02070434369861,True
rq0_0250,java,results/grounded_protocol_3lang_20260721/rendered/grid/monokai_dark__fs20__wrap80__lnon/rq0_0250.png,cac7f40d05701157f4a9d037ab2b28c0a7fe08b730ba9cfcc8b177c59bf1ada5,1028,755,34.93676281344421,True
rq0_0251,java,results/grounded_protocol_3lang_20260721/rendered/grid/monokai_dark__fs20__wrap80__lnon/rq0_0251.png,f866f132ba41ad622760a6bc3e76b4af10a4be5368febdf84dbb22c119744214,1028,1091,40.158372822118785,True
rq0_0252,java,results/grounded_protocol_3lang_20260721/rendered/grid/monokai_dark__fs20__wrap80__lnon/rq0_0252.png,b820c1699e274bbe5626b3b443e492aac2ce5b53000cbd7fe11bebadac269454,1028,251,32.23350596914825,True
rq0_0253,java,results/grounded_protocol_3lang_20260721/rendered/grid/monokai_dark__fs20__wrap80__lnon/rq0_0253.png,dee2cdaea2c16a29ff48be7ec644bddd903bf9e28521713a192201980f2c011f,1028,608,37.63974858866994,True
rq0_0254,java,results/grounded_protocol_3lang_20260721/rendered/grid/monokai_dark__fs20__wrap80__lnon/rq0_0254.png,64f86176fb78066b349f233c2190212001cac0d9b8255d667a88caadb8fc8cb3,1028,1028,39.44322539507365,True
rq0_0255,java,results/grounded_protocol_3lang_20260721/rendered/grid/monokai_dark__fs20__wrap80__lnon/rq0_0255.png,5e2c42e76ce2cf8c4e3ced346b8c2ccab3fa8f947016db3127ac76ebba743aa8,1028,608,32.391390778297,True
rq0_0256,java,results/grounded_protocol_3lang_20260721/rendered/grid/monokai_dark__fs20__wrap80__lnon/rq0_0256.png,bd85468657b02b355d3fef6cdd6e4ec9c081f4208fb8e5f8aa83f5e2cd08fab3,1028,335,40.86712540891392,True
rq0_0257,java,results/grounded_protocol_3lang_20260721/rendered/grid/monokai_dark__fs20__wrap80__lnon/rq0_0257.png,28464ed5bf33a1504bde403fa937677813d67cd80276d41f45cd10c084a36767,1028,293,47.05023547347275,True
rq0_0258,java,results/grounded_protocol_3lang_20260721/rendered/grid/monokai_dark__fs20__wrap80__lnon/rq0_0258.png,aacb32f320f289090707dc709b9ed31ab7ac639a8bcc3b7f09103565dcb38de9,1028,902,38.33107394228498,True
rq0_0259,java,results/grounded_protocol_3lang_20260721/rendered/grid/monokai_dark__fs20__wrap80__lnon/rq0_0259.png,d7491989562a8de8a2f248b2bebc36c555442e1035f3d917e6872b29e1e65418,1028,881,39.867932800681984,True
rq0_0260,java,results/grounded_protocol_3lang_20260721/rendered/grid/monokai_dark__fs20__wrap80__lnon/rq0_0260.png,ce1bf326fdf53324363ac9c5a059c98a66f92f79afc936a176cd61d3f59c16b6,1028,1175,43.79377091101414,True
rq0_0261,java,results/grounded_protocol_3lang_20260721/rendered/grid/monokai_dark__fs20__wrap80__lnon/rq0_0261.png,da4bda5e01b2b8a13280b781405ff72e1ecc9385e156cc3277eba453c0424ad4,1028,944,40.857509370944264,True
rq0_0262,java,results/grounded_protocol_3lang_20260721/rendered/grid/monokai_dark__fs20__wrap80__lnon/rq0_0262.png,429a254a5bfa5c2434d49ed3cd17c180ac0d532be29be4d6a0313e5d81594841,1028,965,32.30869310536269,True
rq0_0263,java,results/grounded_protocol_3lang_20260721/rendered/grid/monokai_dark__fs20__wrap80__lnon/rq0_0263.png,642f5ac25dbf52688ee949e7d0aa74f56f27d0782752ba521353aa20e296f9fb,1028,629,39.879620953202796,True
rq0_0264,java,results/grounded_protocol_3lang_20260721/rendered/grid/monokai_dark__fs20__wrap80__lnon/rq0_0264.png,5977d63d38292e57d7c8415bda5b5977d3bc252bff57ef10243e1c9e2a61319c,1028,587,38.18656397399519,True
rq0_0265,java,results/grounded_protocol_3lang_20260721/rendered/grid/monokai_dark__fs20__wrap80__lnon/rq0_0265.png,5a8326937bca098b275b5f1cb7147be5fc0050c9bd257210b55ac30810f5e33c,1028,419,35.69042243060358,True
rq0_0266,java,results/grounded_protocol_3lang_20260721/rendered/grid/monokai_dark__fs20__wrap80__lnon/rq0_0266.png,e7501c094264e13214b90d256b2a00c38685cfa5ca29bbf39063ee89da897db9,1028,650,26.27598319936003,True
rq0_0267,java,results/grounded_protocol_3lang_20260721/rendered/grid/monokai_dark__fs20__wrap80__lnon/rq0_0267.png,ce9cd43dc7b2b3212e30f489323f1123c3e0e2ec4f6c88ad1a18f6ec9250ddf8,1028,377,26.979544892232965,True
rq0_0268,java,results/grounded_protocol_3lang_20260721/rendered/grid/monokai_dark__fs20__wrap80__lnon/rq0_0268.png,7cf43d1a26a5155c83a665c03837899729c2a74b2bab14b5aec69d8ab89c5f06,1028,440,40.69557721909863,True
rq0_0269,java,results/grounded_protocol_3lang_20260721/rendered/grid/monokai_dark__fs20__wrap80__lnon/rq0_0269.png,b96b09f580dd87bb31d6301a2ee1c9228b40c3824d7b5d4ff47a69bab41d3104,1028,881,34.420119772175475,True
rq0_0270,java,results/grounded_protocol_3lang_20260721/rendered/grid/monokai_dark__fs20__wrap80__lnon/rq0_0270.png,d259a49654533832ae273474d978b52b5b66e9a2bd16a0047cd02f52517ea9a3,1028,755,38.41627632300944,True
rq0_0271,java,results/grounded_protocol_3lang_20260721/rendered/grid/monokai_dark__fs20__wrap80__lnon/rq0_0271.png,7b689bffa612b55d92e8e54d5655377a78cd2bfbee4cc17c5e0cdfd14403d1e3,1028,902,35.732299413888974,True
rq0_0272,java,results/grounded_protocol_3lang_20260721/rendered/grid/monokai_dark__fs20__wrap80__lnon/rq0_0272.png,97af21ba96bf026c5704c3c02535e95743784bb9c9df9356726a8abe1baf7949,1028,356,34.7823540357934,True
rq0_0273,java,results/grounded_protocol_3lang_20260721/rendered/grid/monokai_dark__fs20__wrap80__lnon/rq0_0273.png,48cb00102fbf88555e31be3f52302c5710dcc529da125108595efdfd7f2dbf4b,1028,902,36.14827203482207,True
rq0_0274,java,results/grounded_protocol_3lang_20260721/rendered/grid/monokai_dark__fs20__wrap80__lnon/rq0_0274.png,c41c83a84ac53c66e5cf1af21f696f855c9df530c56c701e9a8ed1d2341f7078,1028,545,37.56999754379938,True
rq0_0275,java,results/grounded_protocol_3lang_20260721/rendered/grid/monokai_dark__fs20__wrap80__lnon/rq0_0275.png,35c8d633d9b86b44876f4bc550c1a74978bedc3a4f05c32d5dadf7f18877d6c8,1028,356,40.43376260262742,True
rq0_0276,java,results/grounded_protocol_3lang_20260721/rendered/grid/monokai_dark__fs20__wrap80__lnon/rq0_0276.png,91a74e4199133946159390d41cdebcfc7b0f7cd15c1342534f1c308a35141a27,1028,503,44.37406284692381,True
rq0_0277,java,results/grounded_protocol_3lang_20260721/rendered/grid/monokai_dark__fs20__wrap80__lnon/rq0_0277.png,3aaecd4b1c544eea62c7f6aba3f4467772b49af7ff445fde90a0e59526e795e1,1028,692,39.393126837143754,True
rq0_0278,java,results/grounded_protocol_3lang_20260721/rendered/grid/monokai_dark__fs20__wrap80__lnon/rq0_0278.png,737f542d78381faa2808b39018a2b5b3ea93256b9abfc0f6ac9efb7877798bee,1028,734,38.68147532872798,True
rq0_0279,java,results/grounded_protocol_3lang_20260721/rendered/grid/monokai_dark__fs20__wrap80__lnon/rq0_0279.png,3a6095ac34954fc506daf26702a2cc5bccdf3803929e4d189ee4d9efeb64b3ac,1028,671,49.90596251549223,True
rq0_0280,java,results/grounded_protocol_3lang_20260721/rendered/grid/monokai_dark__fs20__wrap80__lnon/rq0_0280.png,81afe4aef04b2347d3ea1e8da2d62474e7c066af4fd7f65f7eb7fe9d79e7113d,1028,272,28.12331911530248,True
rq0_0281,java,results/grounded_protocol_3lang_20260721/rendered/grid/monokai_dark__fs20__wrap80__lnon/rq0_0281.png,fe0e25406c6c106093171b3fd010fad926e119d1dc63c055b7b9e68fc31a4b25,1028,314,43.129431950720225,True
rq0_0282,java,results/grounded_protocol_3lang_20260721/rendered/grid/monokai_dark__fs20__wrap80__lnon/rq0_0282.png,ff41339bed7ba60f782fd5a3ee682bc137568575bb3e9be24ab46bf25746c009,1028,398,36.903952740759046,True
rq0_0283,java,results/grounded_protocol_3lang_20260721/rendered/grid/monokai_dark__fs20__wrap80__lnon/rq0_0283.png,f11610654f2d182b35f211b0999fade57cd014455535231205fef73e0aa09f10,1028,965,40.18443211967655,True
rq0_0284,java,results/grounded_protocol_3lang_20260721/rendered/grid/monokai_dark__fs20__wrap80__lnon/rq0_0284.png,891096dc0a7f8afe9264e436f5b0474925c8b3d8e125a9ef3207957300df5a6f,1028,776,37.74783197308905,True
rq0_0285,java,results/grounded_protocol_3lang_20260721/rendered/grid/monokai_dark__fs20__wrap80__lnon/rq0_0285.png,c063fc8b6e86edaf87570e5ed78704af3840709541428eb6ea1114bad1da9d9f,1028,314,48.17552921040507,True
rq0_0286,java,results/grounded_protocol_3lang_20260721/rendered/grid/monokai_dark__fs20__wrap80__lnon/rq0_0286.png,fd13566d429c3f14ea0cf8e0197d39c7df037f4043ee1d941b1b149ca86fc735,1028,1070,47.2900521606985,True
rq0_0287,java,results/grounded_protocol_3lang_20260721/rendered/grid/monokai_dark__fs20__wrap80__lnon/rq0_0287.png,eace982bae963a5373b4b3f94b9f312c223664cb7fcb83538b74275a14e1d81f,1028,251,24.109100203431467,True
rq0_0288,java,results/grounded_protocol_3lang_20260721/rendered/grid/monokai_dark__fs20__wrap80__lnon/rq0_0288.png,fa2a52558d48e828d0c653f280e75c37d287d39dd94e13a7493c5be56a2c9a0c,1028,713,28.92595840901713,True
rq0_0289,java,results/grounded_protocol_3lang_20260721/rendered/grid/monokai_dark__fs20__wrap80__lnon/rq0_0289.png,229ba5665b02cce3a147c7cb63c81996dfe702c886485bb6a75d7303e0d2704f,1028,1007,38.472287521608614,True
rq0_0290,java,results/grounded_protocol_3lang_20260721/rendered/grid/monokai_dark__fs20__wrap80__lnon/rq0_0290.png,245e9094d2b869c0d1e2b2e57683b18c7a47842c40826cceb2837a5efd70c465,1028,482,26.074574332483124,True
rq0_0291,java,results/grounded_protocol_3lang_20260721/rendered/grid/monokai_dark__fs20__wrap80__lnon/rq0_0291.png,cd697b9e5ecf62592e272ecf5147bfcbd4878d5f52912d0de23a7079004b1770,1028,818,35.727638628675045,True
rq0_0292,java,results/grounded_protocol_3lang_20260721/rendered/grid/monokai_dark__fs20__wrap80__lnon/rq0_0292.png,0c8cf92904fb1d74e14b16325a8cd708d4b9c2067c6f731c1b5ed5dab5e6955c,1028,923,36.126724211852114,True
rq0_0293,java,results/grounded_protocol_3lang_20260721/rendered/grid/monokai_dark__fs20__wrap80__lnon/rq0_0293.png,51d47ecb9feec4f5f0c10cfa70666e7594bb7fd986180d3c4cc1059522e5261d,1028,545,36.10589836765245,True
rq0_0294,java,results/grounded_protocol_3lang_20260721/rendered/grid/monokai_dark__fs20__wrap80__lnon/rq0_0294.png,a7a96ee08b3725775bebbb0e843b681d0e4acaa12a0046eba36674a74d1dacb5,1028,608,37.023212170354675,True
rq0_0295,java,results/grounded_protocol_3lang_20260721/rendered/grid/monokai_dark__fs20__wrap80__lnon/rq0_0295.png,bcc5b156547235ab7ebc7fcedba471d5742d42f993b12e566643ec7dec151a60,1028,818,42.095951014098404,True
rq0_0296,java,results/grounded_protocol_3lang_20260721/rendered/grid/monokai_dark__fs20__wrap80__lnon/rq0_0296.png,12500ca7442bd40ca0395480783cefb8486bf98f26b1dcee1decde524bf323c7,1028,650,30.53629602498729,True
rq0_0297,java,results/grounded_protocol_3lang_20260721/rendered/grid/monokai_dark__fs20__wrap80__lnon/rq0_0297.png,8d087ca2a4587cd0d3c7d2332e224fe0d121297a1b4c0f09a991a1f9ce4511da,1028,503,32.8916829111858,True
rq0_0298,java,results/grounded_protocol_3lang_20260721/rendered/grid/monokai_dark__fs20__wrap80__lnon/rq0_0298.png,d781178bbf496311a2781531b73e485af4ee6a1b65183d5a9179b25732a6a145,1028,923,40.012600642184736,True
rq0_0299,java,results/grounded_protocol_3lang_20260721/rendered/grid/monokai_dark__fs20__wrap80__lnon/rq0_0299.png,5c5d246f699c08613cd06be5f697e574a5b1a77d3705c026a89e8e2cff68f2b6,1028,419,49.54351431886838,True
rq0_0300,java,results/grounded_protocol_3lang_20260721/rendered/grid/monokai_dark__fs20__wrap80__lnon/rq0_0300.png,b45f340621691172f6001e9aacffeef3c0d5ae7973cd18383cd6181cf4fd400b,1028,860,31.220182604738486,True
rq0_0301,java,results/grounded_protocol_3lang_20260721/rendered/grid/monokai_dark__fs20__wrap80__lnon/rq0_0301.png,acb26122b65d1c7e864077cc2d46ab04cda2b67a34f0f2ce748ef57ad289ac67,1028,860,37.78287452696358,True
rq0_0302,java,results/grounded_protocol_3lang_20260721/rendered/grid/monokai_dark__fs20__wrap80__lnon/rq0_0302.png,bccca282bc5139f86f106f87dfeb0d3685240e783f16cd1a4c5535e5717794fa,1028,524,42.65538181665951,True
rq0_0303,java,results/grounded_protocol_3lang_20260721/rendered/grid/monokai_dark__fs20__wrap80__lnon/rq0_0303.png,5e36d7c9cff7cf32d5b574e633f9e8baf65e30eb95130fabe7353e69299ce921,1028,860,38.697711622920274,True
rq0_0304,java,results/grounded_protocol_3lang_20260721/rendered/grid/monokai_dark__fs20__wrap80__lnon/rq0_0304.png,004f28e9785072dfa566f2a08598d3248abb23a22387226855dddd35d696155d,1028,482,34.807325180616694,True
rq0_0305,java,results/grounded_protocol_3lang_20260721/rendered/grid/monokai_dark__fs20__wrap80__lnon/rq0_0305.png,59cf15e65520ac0df9ab4b7fdf94e1535417956f6bb92e8f228270ab935e542f,1028,419,42.666242081294065,True
rq0_0306,java,results/grounded_protocol_3lang_20260721/rendered/grid/monokai_dark__fs20__wrap80__lnon/rq0_0306.png,c36499ff0d3bc2166b84d1087f99ad3127734120c53397b12ab626a7a43122bb,1028,335,43.337526342889525,True
rq0_0307,java,results/grounded_protocol_3lang_20260721/rendered/grid/monokai_dark__fs20__wrap80__lnon/rq0_0307.png,9be8bb007aab886049b3b9ba9f22de3b33a0ec17067fc19ffb42d009141079e1,1028,440,39.05054303354013,True
rq0_0308,java,results/grounded_protocol_3lang_20260721/rendered/grid/monokai_dark__fs20__wrap80__lnon/rq0_0308.png,126f42540ea36346120ec90e7ed484826fe2276d5a119d82dcb8dc5a5cd5e5f0,1028,293,52.00204876836792,True
rq0_0309,java,results/grounded_protocol_3lang_20260721/rendered/grid/monokai_dark__fs20__wrap80__lnon/rq0_0309.png,f7950c182052a1a910cacb4fa8f7e8f5a59e8dc73adeac8c5f0c87eaa6d22a23,1028,818,41.289947064870645,True
rq0_0310,java,results/grounded_protocol_3lang_20260721/rendered/grid/monokai_dark__fs20__wrap80__lnon/rq0_0310.png,c6750b71f413c10f6fcdee64b1c7226d074a9692b5078591c43813b67d37fc16,1028,377,48.540085725199255,True
rq0_0311,java,results/grounded_protocol_3lang_20260721/rendered/grid/monokai_dark__fs20__wrap80__lnon/rq0_0311.png,b4193becd18e3b71e8a63588a8bfc835007c9a33d143525adcd7a5a08e78e639,1028,1007,43.58703452579397,True
rq0_0312,java,results/grounded_protocol_3lang_20260721/rendered/grid/monokai_dark__fs20__wrap80__lnon/rq0_0312.png,43a7614ab2b1a20f03b6983e058244e65b4d2f03038772547af2825d38948626,1028,797,38.7075945608706,True
