row_index,model,target,pred_proba,pred_label
2,logistic_regression,1,0.9896649730044664,1
4,logistic_regression,1,0.8204374443750523,1
5,logistic_regression,1,0.910375320125628,1
6,logistic_regression,0,0.9394141383117909,1
28,logistic_regression,0,0.9835608007494161,1
31,logistic_regression,1,0.9960193886955089,1
33,logistic_regression,1,0.9712251522697525,1
34,logistic_regression,1,0.9939483930802661,1
35,logistic_regression,1,0.8593729556641554,1
36,logistic_regression,1,0.9856500060269,1
38,logistic_regression,1,0.9592691763850355,1
42,logistic_regression,0,0.036643934815170524,0
54,logistic_regression,0,0.41646969797768035,0
57,logistic_regression,0,0.5958833109649275,1
64,logistic_regression,0,0.3754976439023168,0
88,logistic_regression,1,0.4551134620420147,0
91,logistic_regression,1,0.7390752837164182,1
92,logistic_regression,0,0.2825892561364717,0
94,logistic_regression,1,0.9023173432397148,1
96,logistic_regression,1,0.5130345245687087,1
98,logistic_regression,1,0.9362808189575328,1
101,logistic_regression,0,0.20335962392684834,0
104,logistic_regression,1,0.475064244546589,0
105,logistic_regression,0,0.17003174875692584,0
106,logistic_regression,0,0.4628739079037973,0
107,logistic_regression,0,0.7705142038650142,1
108,logistic_regression,1,0.9728330531924841,1
109,logistic_regression,0,0.2838417835462909,0
110,logistic_regression,0,0.8208141199911714,1
111,logistic_regression,1,0.7609483737250918,1
115,logistic_regression,0,0.6336174728363965,1
118,logistic_regression,0,0.8405387854023453,1
126,logistic_regression,0,0.14846256966770485,0
127,logistic_regression,0,0.08200685073918432,0
129,logistic_regression,1,0.48693419310840325,0
131,logistic_regression,0,0.5690194451153743,1
132,logistic_regression,0,0.2822080730684943,0
135,logistic_regression,0,0.48758437444081826,0
136,logistic_regression,1,0.21509078971088652,0
139,logistic_regression,1,0.48973991525760796,0
141,logistic_regression,1,0.5131108762111904,1
155,logistic_regression,1,0.9094582892913017,1
156,logistic_regression,0,0.916334225822879,1
159,logistic_regression,1,0.9843574325089903,1
169,logistic_regression,0,0.03276549411646112,0
170,logistic_regression,0,0.3108860561401297,0
178,logistic_regression,0,0.2762828353193221,0
182,logistic_regression,0,0.3082937913041326,0
184,logistic_regression,0,0.5308147031727268,1
189,logistic_regression,1,0.864611868818095,1
192,logistic_regression,1,0.9961900293139933,1
202,logistic_regression,0,0.6255630057642478,1
205,logistic_regression,1,0.8629293580221562,1
206,logistic_regression,1,0.03300592276650827,0
208,logistic_regression,0,0.9073561797601902,1
209,logistic_regression,1,0.16223937557048335,0
214,logistic_regression,1,0.9967968751278561,1
217,logistic_regression,0,0.8932621548832906,1
226,logistic_regression,1,0.7059964772121701,1
232,logistic_regression,0,0.5299945641375937,1
233,logistic_regression,1,0.5427381440339785,1
234,logistic_regression,0,0.4596448787123551,0
235,logistic_regression,0,0.04850286601634476,0
236,logistic_regression,1,0.9547738885089108,1
237,logistic_regression,0,0.9717916646247985,1
238,logistic_regression,1,0.97556182850658,1
239,logistic_regression,1,0.8162794959068582,1
240,logistic_regression,1,0.9545613667187743,1
241,logistic_regression,1,0.8538094632765836,1
243,logistic_regression,0,0.09053285237329392,0
244,logistic_regression,0,0.6082933437238384,1
252,logistic_regression,0,0.36840433545649426,0
255,logistic_regression,1,0.8517304262425742,1
256,logistic_regression,0,0.24402284146100087,0
294,logistic_regression,0,0.42226527541842823,0
300,logistic_regression,0,0.4098928779645482,0
311,logistic_regression,0,0.7147684569996409,1
312,logistic_regression,0,0.47457993305613083,0
313,logistic_regression,0,0.004649665574545299,0
321,logistic_regression,1,0.8301754052077427,1
324,logistic_regression,1,0.7272342039050282,1
332,logistic_regression,1,0.03240232525900895,0
334,logistic_regression,1,0.3293222941390575,0
343,logistic_regression,0,0.017553256662644644,0
352,logistic_regression,1,0.7147590305236691,1
354,logistic_regression,1,0.6424406353650606,1
377,logistic_regression,0,0.016676121961365805,0
381,logistic_regression,1,0.9381096190631149,1
382,logistic_regression,0,0.6705994703301498,1
391,logistic_regression,0,0.47653157063441376,0
394,logistic_regression,0,0.21135933914367946,0
395,logistic_regression,0,0.2966154965477708,0
401,logistic_regression,0,0.9730635990454153,1
403,logistic_regression,0,0.43668513661604935,0
412,logistic_regression,1,0.7885592795074663,1
423,logistic_regression,1,0.6398213172032151,1
424,logistic_regression,1,0.7404939108347849,1
433,logistic_regression,0,0.4417305550643598,0
442,logistic_regression,0,0.7672163817816003,1
453,logistic_regression,1,0.9374104193813956,1
454,logistic_regression,1,0.9938241425023953,1
464,logistic_regression,1,0.2024230504660828,0
467,logistic_regression,0,0.21351175076868772,0
473,logistic_regression,1,0.9024912966890315,1
474,logistic_regression,1,0.7918731648036254,1
475,logistic_regression,0,0.14577894478631523,0
477,logistic_regression,1,0.586981661627391,1
479,logistic_regression,0,0.04503812975266903,0
482,logistic_regression,1,0.9689436375701411,1
483,logistic_regression,0,0.2220244544156465,0
484,logistic_regression,1,0.5107381133577783,1
485,logistic_regression,1,0.89820273135546,1
489,logistic_regression,0,0.8656196202917313,1
490,logistic_regression,0,0.6051143447234275,1
491,logistic_regression,0,0.7311076087818641,1
493,logistic_regression,1,0.9989733086038506,1
494,logistic_regression,1,0.9917127648557014,1
497,logistic_regression,1,0.8947391177351927,1
504,logistic_regression,1,0.20376206222345797,0
508,logistic_regression,0,0.6576610462787594,1
526,logistic_regression,1,0.9181547281341675,1
527,logistic_regression,1,0.17079796129547964,0
535,logistic_regression,0,0.13711670206434878,0
544,logistic_regression,0,0.11850385628038718,0
546,logistic_regression,0,0.472155696981231,0
547,logistic_regression,1,0.8264595417507777,1
550,logistic_regression,0,0.07039612747069311,0
551,logistic_regression,1,0.8814968266463402,1
552,logistic_regression,0,0.8145592998071841,1
553,logistic_regression,0,0.39203669311871253,0
556,logistic_regression,1,0.6390751935910514,1
557,logistic_regression,0,0.6012686006058061,1
560,logistic_regression,1,0.8102697786364771,1
563,logistic_regression,0,0.3693030456332398,0
565,logistic_regression,0,0.6387500923074203,1
567,logistic_regression,1,0.6342966623379097,1
575,logistic_regression,1,0.9058377127339836,1
579,logistic_regression,1,0.6461928854579686,1
580,logistic_regression,1,0.9768511488591045,1
581,logistic_regression,1,0.8671978715853738,1
582,logistic_regression,1,0.5291998852720058,1
583,logistic_regression,1,0.9607988193852409,1
584,logistic_regression,1,0.9933459147239135,1
585,logistic_regression,1,0.8741408802319317,1
586,logistic_regression,0,0.1629114816980548,0
587,logistic_regression,1,0.995180420124089,1
588,logistic_regression,1,0.9258246462460077,1
589,logistic_regression,1,0.8804395174712182,1
590,logistic_regression,0,0.022036452704821803,0
592,logistic_regression,1,0.2945516934837182,0
596,logistic_regression,0,0.003790530453160017,0
597,logistic_regression,1,0.03048710116778668,0
601,logistic_regression,0,0.03947134814700764,0
611,logistic_regression,0,0.0008009450217581776,0
613,logistic_regression,0,0.0017619384702165309,0
614,logistic_regression,0,0.8663393632266848,1
615,logistic_regression,1,0.8323587009387045,1
616,logistic_regression,0,0.012072893981566083,0
626,logistic_regression,0,0.786857751772071,1
635,logistic_regression,0,0.5882258812145486,1
637,logistic_regression,0,0.3666201452692587,0
638,logistic_regression,0,0.4810267461840596,0
639,logistic_regression,1,0.6845422229530345,1
640,logistic_regression,1,0.9036005710580661,1
643,logistic_regression,1,0.5361346078893902,1
644,logistic_regression,0,0.8849141495557045,1
645,logistic_regression,1,0.5934981786035674,1
646,logistic_regression,0,0.8177786245941518,1
647,logistic_regression,1,0.9819119653869941,1
648,logistic_regression,1,0.5630344402187215,1
649,logistic_regression,0,0.22460524031533713,0
650,logistic_regression,1,0.217320645894279,0
651,logistic_regression,1,0.8128774204940968,1
652,logistic_regression,1,0.9068331715799332,1
655,logistic_regression,0,0.1233837399041032,0
656,logistic_regression,0,0.7070148659309813,1
657,logistic_regression,0,0.7540567974771405,1
658,logistic_regression,0,0.04995978491955958,0
661,logistic_regression,0,0.44324607269542,0
664,logistic_regression,0,0.08005016910636116,0
665,logistic_regression,0,0.08749383531904413,0
666,logistic_regression,0,0.4051304783541583,0
667,logistic_regression,0,0.5662755208851543,1
675,logistic_regression,0,0.2224406400937515,0
679,logistic_regression,0,0.3065197727399238,0
682,logistic_regression,1,0.8916691133694744,1
683,logistic_regression,1,0.946450972968245,1
684,logistic_regression,1,0.7079639636990269,1
686,logistic_regression,1,0.9874356780430985,1
687,logistic_regression,1,0.529509342593452,1
688,logistic_regression,1,0.6637313592522757,1
691,logistic_regression,0,0.10024640337762218,0
694,logistic_regression,0,0.3878441209229449,0
695,logistic_regression,0,0.00030659144993201454,0
696,logistic_regression,0,0.11255694456680133,0
702,logistic_regression,1,0.8048269245182122,1
703,logistic_regression,1,0.8888469386488858,1
704,logistic_regression,0,0.3226272448772866,0
706,logistic_regression,1,0.4813358304145015,0
710,logistic_regression,1,0.16283367034263224,0
714,logistic_regression,0,0.013521352832129171,0
715,logistic_regression,0,0.420601458408977,0
717,logistic_regression,0,0.5770265146409418,1
718,logistic_regression,0,0.02770203411423165,0
725,logistic_regression,0,0.09727876842878153,0
734,logistic_regression,0,0.9440618623941684,1
738,logistic_regression,1,0.9198831954865113,1
739,logistic_regression,0,0.6618596242243866,1
740,logistic_regression,0,0.1357543732304332,0
745,logistic_regression,0,0.51521677543781,1
747,logistic_regression,0,0.24968397211321075,0
751,logistic_regression,0,0.6995687187788616,1
755,logistic_regression,0,0.31851861209492227,0
757,logistic_regression,1,0.9798019661493487,1
759,logistic_regression,1,0.9963980091849751,1
760,logistic_regression,1,0.9080379581117369,1
761,logistic_regression,0,0.5583050246637221,1
762,logistic_regression,1,0.6397080862220281,1
764,logistic_regression,1,0.39852724343026097,0
767,logistic_regression,0,0.18900004457103287,0
768,logistic_regression,0,0.09069643928326801,0
769,logistic_regression,0,0.13517750993535335,0
776,logistic_regression,0,0.5023631465407234,1
777,logistic_regression,1,0.6005673085268642,1
778,logistic_regression,0,0.014412516070735517,0
783,logistic_regression,0,0.03242476503165213,0
784,logistic_regression,0,0.046205549252666726,0
791,logistic_regression,0,0.748257953663551,1
793,logistic_regression,0,0.07244223759564986,0
794,logistic_regression,1,0.8293932486197501,1
796,logistic_regression,0,0.2727632952455421,0
802,logistic_regression,0,0.06689750544831653,0
803,logistic_regression,0,0.011383139711468353,0
804,logistic_regression,0,0.0044778865239755725,0
806,logistic_regression,0,0.6090959904122086,1
807,logistic_regression,0,0.6300459669353298,1
811,logistic_regression,1,0.6531343432675389,1
812,logistic_regression,0,0.41282659870964833,0
813,logistic_regression,0,0.20847995319752097,0
815,logistic_regression,1,0.34879495896998075,0
819,logistic_regression,0,0.10075450455019709,0
821,logistic_regression,0,0.09249172855780806,0
824,logistic_regression,0,0.3482008125927764,0
831,logistic_regression,0,0.07864217396200633,0
832,logistic_regression,0,0.01690584961993873,0
833,logistic_regression,1,0.0837128825591496,0
834,logistic_regression,0,0.4682137515441776,0
837,logistic_regression,1,0.9966872617912337,1
840,logistic_regression,0,0.008771519301924094,0
861,logistic_regression,0,0.1827793901552357,0
869,logistic_regression,0,0.9940590636046336,1
870,logistic_regression,0,0.829324816349458,1
873,logistic_regression,0,0.28092087374293584,0
874,logistic_regression,0,0.14583292001325873,0
877,logistic_regression,0,0.012802321001814833,0
878,logistic_regression,0,0.07124265353925459,0
884,logistic_regression,0,0.021873162706997757,0
888,logistic_regression,0,0.38056596681033505,0
894,logistic_regression,0,0.21965771202148343,0
901,logistic_regression,1,0.2327132479790982,0
931,logistic_regression,0,0.1234438277885112,0
932,logistic_regression,0,0.7536188599883645,1
935,logistic_regression,1,0.3823353855925394,0
936,logistic_regression,1,0.9323451774867096,1
937,logistic_regression,1,0.7573605512536703,1
939,logistic_regression,0,0.33862433568234057,0
940,logistic_regression,0,0.018419485061427238,0
941,logistic_regression,0,0.07069762107125827,0
946,logistic_regression,1,0.22815140829928696,0
960,logistic_regression,0,0.0003884535204680045,0
966,logistic_regression,0,0.9224959367722244,1
974,logistic_regression,1,0.5985502159767674,1
977,logistic_regression,0,0.6218774484988118,1
985,logistic_regression,0,0.013183847440966073,0
988,logistic_regression,0,0.02113719374719335,0
992,logistic_regression,1,0.22893111967864954,0
993,logistic_regression,0,0.5851917650876622,1
994,logistic_regression,1,0.7696469733621395,1
995,logistic_regression,0,0.9319342996332671,1
998,logistic_regression,0,0.1869225851016251,0
1002,logistic_regression,0,0.7793521402953972,1
1003,logistic_regression,0,0.6000252295558868,1
1008,logistic_regression,1,0.9534089635771167,1
1010,logistic_regression,1,0.901859481696828,1
1011,logistic_regression,0,0.48599877053814744,0
1013,logistic_regression,0,0.34206275714152934,0
1016,logistic_regression,1,0.6747849208224778,1
1019,logistic_regression,1,0.9236650443427272,1
1020,logistic_regression,1,0.9620108059229372,1
1021,logistic_regression,1,0.17403376414959232,0
1026,logistic_regression,1,0.10261531576084247,0
1034,logistic_regression,0,0.3531249109470111,0
1036,logistic_regression,0,0.28524459230901084,0
1041,logistic_regression,0,0.5275951027855786,1
1042,logistic_regression,0,0.2273369985175645,0
1045,logistic_regression,0,0.5563100855151658,1
1048,logistic_regression,1,0.0990067510766301,0
1049,logistic_regression,0,0.5959330534729153,1
1053,logistic_regression,1,0.9839551698321204,1
1054,logistic_regression,0,0.451886973160461,0
1056,logistic_regression,1,0.4010932720117138,0
1067,logistic_regression,0,0.20030803735251573,0
1068,logistic_regression,0,0.42829139755481277,0
1069,logistic_regression,0,0.08323379742845018,0
1070,logistic_regression,0,0.6089085535052045,1
1073,logistic_regression,0,0.6232943362411553,1
1077,logistic_regression,0,0.8505402860228187,1
1078,logistic_regression,1,0.9483297595288627,1
1079,logistic_regression,1,0.7912502369291953,1
1080,logistic_regression,1,0.7618522718996057,1
1081,logistic_regression,0,0.7449472633486428,1
1084,logistic_regression,0,0.7838686418761704,1
1086,logistic_regression,1,0.9704574144279007,1
1088,logistic_regression,0,0.04165428718302708,0
1092,logistic_regression,0,0.2600948934118088,0
1094,logistic_regression,0,0.590570806774605,1
1095,logistic_regression,0,0.4955439728136694,0
1096,logistic_regression,0,0.659579901463887,1
1098,logistic_regression,0,0.60273273895118,1
1100,logistic_regression,1,0.9452392123022019,1
1104,logistic_regression,1,0.8915658943795381,1
1105,logistic_regression,0,0.24444332543517472,0
1108,logistic_regression,0,0.16183723079857545,0
1109,logistic_regression,0,0.9067305799455037,1
1111,logistic_regression,1,0.3402057586358719,0
1115,logistic_regression,0,0.13424235541524676,0
1117,logistic_regression,1,0.23761212148959582,0
1118,logistic_regression,0,0.3310432987062597,0
1126,logistic_regression,1,0.11305745257329608,0
1133,logistic_regression,1,0.9846907240830408,1
1134,logistic_regression,1,0.9453636610893545,1
1135,logistic_regression,1,0.9588121600477814,1
1137,logistic_regression,1,0.9153626344312413,1
1138,logistic_regression,0,0.9029773982646859,1
1139,logistic_regression,0,0.8601191495819838,1
1143,logistic_regression,1,0.743512349017632,1
1144,logistic_regression,1,0.792267587716088,1
1147,logistic_regression,0,0.1982966132798626,0
1152,logistic_regression,0,0.060593064505061016,0
1156,logistic_regression,0,0.27656939108963247,0
1166,logistic_regression,0,0.4408203087740437,0
1169,logistic_regression,0,0.12588746895270475,0
1171,logistic_regression,1,0.8738875723975105,1
1172,logistic_regression,0,0.6461137976838689,1
1173,logistic_regression,1,0.743485649004926,1
1175,logistic_regression,0,0.2889487618200976,0
1177,logistic_regression,1,0.6859548682774426,1
1178,logistic_regression,1,0.8788849277098109,1
1183,logistic_regression,1,0.7227007880907665,1
1184,logistic_regression,0,0.14729573803029056,0
1185,logistic_regression,1,0.49309354081596,0
1186,logistic_regression,0,0.4194652064330299,0
1187,logistic_regression,0,0.17571996502102943,0
1188,logistic_regression,0,0.09938903305862903,0
1189,logistic_regression,1,0.8223871044792592,1
1191,logistic_regression,1,0.6056129673164103,1
1193,logistic_regression,1,0.9584262205497167,1
1194,logistic_regression,1,0.9726016538346172,1
1199,logistic_regression,0,0.07077743246265157,0
1200,logistic_regression,0,0.39294254037907156,0
1201,logistic_regression,0,0.4217892477305626,0
1203,logistic_regression,0,0.5130934661430449,1
1207,logistic_regression,0,0.159540555557464,0
1208,logistic_regression,0,0.550179750173438,1
1212,logistic_regression,1,0.9028781437766357,1
1213,logistic_regression,1,0.6051488823735968,1
1215,logistic_regression,0,0.5382214794884317,1
1219,logistic_regression,0,0.6206946166424914,1
1222,logistic_regression,0,0.6913369695717563,1
1224,logistic_regression,0,0.7158238063823736,1
1225,logistic_regression,1,0.7344778918570206,1
1227,logistic_regression,0,0.3671216773623644,0
1228,logistic_regression,0,0.1442670326590197,0
1229,logistic_regression,1,0.9036713704995383,1
1230,logistic_regression,1,0.9938734428938891,1
1237,logistic_regression,1,0.42664148008170605,0
1240,logistic_regression,1,0.4097010163848959,0
1241,logistic_regression,0,0.8295919253069425,1
1242,logistic_regression,0,0.07753112800819043,0
1243,logistic_regression,0,0.18414538017479729,0
1245,logistic_regression,0,0.47515274601439805,0
1247,logistic_regression,1,0.7401487980233568,1
1248,logistic_regression,1,0.8127349716343294,1
1249,logistic_regression,1,0.9971787282894822,1
1250,logistic_regression,0,0.10304016586694023,0
1254,logistic_regression,0,0.5543029920344562,1
1256,logistic_regression,1,0.7096227243055278,1
1257,logistic_regression,1,0.7345890645927415,1
1260,logistic_regression,0,0.7837695929083625,1
1264,logistic_regression,0,0.8852984128420339,1
1266,logistic_regression,0,0.1700864276499351,0
1267,logistic_regression,0,0.5197981926213445,1
1271,logistic_regression,1,0.905946496576072,1
1274,logistic_regression,0,0.1270210241291215,0
1275,logistic_regression,0,0.01828251091422206,0
1276,logistic_regression,0,0.02369531087272519,0
1277,logistic_regression,0,0.4351270886319606,0
1278,logistic_regression,0,0.012188692584959682,0
1279,logistic_regression,1,0.8681320882816597,1
1280,logistic_regression,0,0.25890908454243805,0
1283,logistic_regression,1,0.23353427665613025,0
1286,logistic_regression,1,0.11675142986218529,0
1298,logistic_regression,1,0.2646946205402042,0
1303,logistic_regression,0,0.8259169314756496,1
1307,logistic_regression,0,0.9268852455165187,1
1315,logistic_regression,0,0.15566883293647188,0
1316,logistic_regression,1,0.4354452235511269,0
1322,logistic_regression,0,0.5129213470639087,1
1325,logistic_regression,0,0.3205255754951486,0
1331,logistic_regression,0,0.2924575020525228,0
1334,logistic_regression,0,0.8565950725578929,1
1335,logistic_regression,0,0.7491753900444158,1
1337,logistic_regression,0,0.15377757932592398,0
1339,logistic_regression,1,0.4352310533172371,0
1342,logistic_regression,0,0.1185958528340556,0
1350,logistic_regression,1,0.49157741035870167,0
1352,logistic_regression,1,0.2451524973608779,0
1356,logistic_regression,1,0.8155487566982899,1
1361,logistic_regression,0,0.19916638932139277,0
1362,logistic_regression,0,0.07997461308653696,0
1373,logistic_regression,1,0.8131938886136617,1
1374,logistic_regression,1,0.7803438308919269,1
1375,logistic_regression,1,0.7137285296330299,1
1378,logistic_regression,0,0.8057212603698553,1
1380,logistic_regression,0,0.6548028948689295,1
1387,logistic_regression,0,0.20366230124688234,0
1392,logistic_regression,0,0.849376675450451,1
1393,logistic_regression,0,0.19911896500706003,0
1396,logistic_regression,1,0.9648177361334406,1
1397,logistic_regression,0,0.4036434861966733,0
1403,logistic_regression,1,0.07081203813577804,0
1407,logistic_regression,0,0.054791479177698624,0
1415,logistic_regression,0,0.25052461893557887,0
1416,logistic_regression,1,0.9563890256127775,1
1417,logistic_regression,0,0.03597386760116258,0
1418,logistic_regression,0,0.6142086124672196,1
1422,logistic_regression,0,0.1149088488581352,0
1423,logistic_regression,1,0.6726491106208544,1
1424,logistic_regression,1,0.974707262240842,1
1426,logistic_regression,1,0.9187804413794733,1
1427,logistic_regression,1,0.8967071996561333,1
1428,logistic_regression,1,0.09159206163765789,0
1429,logistic_regression,1,0.8949143538761948,1
1432,logistic_regression,0,0.29870114066959186,0
1434,logistic_regression,0,0.6978710374367091,1
1435,logistic_regression,0,0.30034642412396517,0
1438,logistic_regression,0,0.19396621537564712,0
1440,logistic_regression,0,0.5677401128364657,1
1441,logistic_regression,1,0.8036912491662095,1
1443,logistic_regression,1,0.8906560408380794,1
1444,logistic_regression,0,0.8513089547566826,1
1448,logistic_regression,0,0.23268725649065522,0
1450,logistic_regression,1,0.6341713200699449,1
1451,logistic_regression,1,0.6790548949224328,1
1452,logistic_regression,0,0.5176594803204978,1
1454,logistic_regression,0,0.006644323213902179,0
1458,logistic_regression,0,0.29464377711677486,0
1460,logistic_regression,0,0.41579278059508096,0
1466,logistic_regression,0,0.04292813569439252,0
1467,logistic_regression,0,0.021688112845875292,0
1468,logistic_regression,0,0.036288646685597045,0
1469,logistic_regression,1,0.26824427567100023,0
1470,logistic_regression,0,0.13873906289214546,0
1478,logistic_regression,1,0.618108781437176,1
1479,logistic_regression,1,0.8317094076522449,1
1484,logistic_regression,0,0.7454814025544951,1
1487,logistic_regression,0,0.4173617523288104,0
1489,logistic_regression,0,0.7689351771674563,1
1494,logistic_regression,0,0.1211593621026907,0
1495,logistic_regression,0,0.005961409550553196,0
1500,logistic_regression,0,0.32224820724157005,0
1503,logistic_regression,1,0.9318000408771688,1
1504,logistic_regression,1,0.8734412279153654,1
1509,logistic_regression,0,0.06228039680449512,0
1510,logistic_regression,1,0.9582645700680975,1
1511,logistic_regression,0,0.07240132701777371,0
1518,logistic_regression,0,0.6779659217853384,1
1520,logistic_regression,1,0.09890579132369182,0
1522,logistic_regression,0,0.41645167993090215,0
1525,logistic_regression,1,0.4881146740088513,0
1526,logistic_regression,1,0.7083000105380879,1
1527,logistic_regression,0,0.42272147602927423,0
1528,logistic_regression,0,0.04569175993528532,0
1529,logistic_regression,1,0.6267573412849076,1
1530,logistic_regression,1,0.40017764188229954,0
1531,logistic_regression,0,0.5478084295808664,1
1535,logistic_regression,0,0.08801300278293048,0
1536,logistic_regression,1,0.9056031530967374,1
1537,logistic_regression,0,0.08416605151570161,0
1540,logistic_regression,0,0.03429058304015578,0
1544,logistic_regression,1,0.5533492110689296,1
1547,logistic_regression,1,0.5220234700777221,1
1549,logistic_regression,0,0.20796999602946908,0
1550,logistic_regression,0,6.62153846702559e-05,0
1551,logistic_regression,0,0.12197892755723004,0
1562,logistic_regression,0,0.24028971834058646,0
1563,logistic_regression,1,0.760048262697562,1
1569,logistic_regression,1,0.17276253242816522,0
1574,logistic_regression,0,0.003934795400259595,0
1575,logistic_regression,0,0.5955315418329324,1
1576,logistic_regression,0,0.0034541396977293614,0
1577,logistic_regression,1,0.8953225423567941,1
1580,logistic_regression,0,0.0006487787009335656,0
1582,logistic_regression,1,0.5385811326407811,1
1583,logistic_regression,0,0.11529698244350978,0
1586,logistic_regression,0,0.012196729545414096,0
1587,logistic_regression,0,0.8093426476660603,1
1589,logistic_regression,0,0.5580319376768904,1
1591,logistic_regression,0,0.11487828117309937,0
1593,logistic_regression,0,0.06418263492273862,0
1594,logistic_regression,0,0.24681119450499336,0
1595,logistic_regression,0,0.4534807123002791,0
1597,logistic_regression,1,0.618731132634428,1
1598,logistic_regression,0,0.6407770005917711,1
1599,logistic_regression,0,0.5879938246654812,1
1600,logistic_regression,1,0.6975701679860634,1
1601,logistic_regression,0,0.16897957786378395,0
1602,logistic_regression,1,0.8757370148113579,1
1605,logistic_regression,1,0.5294695909747503,1
1606,logistic_regression,0,0.33606967378469293,0
1609,logistic_regression,1,0.29593859951199053,0
1612,logistic_regression,0,0.4316718542667789,0
1613,logistic_regression,0,0.13985167431665108,0
1615,logistic_regression,1,0.39850689343119866,0
1617,logistic_regression,0,0.2693437684492419,0
1619,logistic_regression,0,0.013181322948825793,0
1621,logistic_regression,0,0.466493940775618,0
1622,logistic_regression,1,0.045885644319518734,0
1623,logistic_regression,0,0.0798259427710682,0
1624,logistic_regression,0,0.41109440743397296,0
1627,logistic_regression,1,0.6627956571710351,1
1628,logistic_regression,0,0.508256325299588,1
1629,logistic_regression,0,0.05566600537231488,0
1631,logistic_regression,0,0.17529789948956553,0
1637,logistic_regression,1,0.2085330973215681,0
1638,logistic_regression,0,0.00626788428084341,0
1639,logistic_regression,0,0.13801271749246344,0
1642,logistic_regression,1,0.0864579332348843,0
1644,logistic_regression,0,0.5333325778821375,1
1645,logistic_regression,0,0.7835390654489921,1
1647,logistic_regression,0,0.1810832495810174,0
1650,logistic_regression,0,0.5758072566905054,1
1651,logistic_regression,0,0.5870892342854196,1
1654,logistic_regression,1,0.9072098176624565,1
1660,logistic_regression,0,0.01018258278094998,0
1664,logistic_regression,0,0.10563664362887017,0
1665,logistic_regression,1,0.6282075354123148,1
1666,logistic_regression,0,0.07293762618844471,0
1667,logistic_regression,1,0.13722613748847867,0
1668,logistic_regression,0,0.466055055735007,0
1670,logistic_regression,0,0.17924921741005173,0
1672,logistic_regression,0,0.0032082121415752413,0
1673,logistic_regression,0,0.0340172339097863,0
1674,logistic_regression,0,0.022371119119317127,0
1676,logistic_regression,0,0.2482060491279904,0
1681,logistic_regression,0,0.057400056357297766,0
1682,logistic_regression,1,0.8774952113573421,1
1683,logistic_regression,0,0.027794864434294797,0
1686,logistic_regression,1,0.8183716722206651,1
1688,logistic_regression,0,0.33549868444579406,0
1691,logistic_regression,1,0.19935936671664442,0
1694,logistic_regression,0,0.023160651562599718,0
1699,logistic_regression,0,0.010575377492737684,0
1700,logistic_regression,0,0.0041757880765869995,0
1701,logistic_regression,0,0.019075673034194985,0
1702,logistic_regression,0,0.013272016585591411,0
1704,logistic_regression,1,0.007471881686468364,0
1705,logistic_regression,0,0.013690717637696458,0
1706,logistic_regression,0,0.25673218582401536,0
1708,logistic_regression,1,0.6338214356872951,1
1712,logistic_regression,0,0.18044200249292175,0
1713,logistic_regression,0,0.04543987441889013,0
1715,logistic_regression,0,0.5205636726774246,1
1717,logistic_regression,0,0.08502675785531495,0
1719,logistic_regression,0,0.5876703065810118,1
1720,logistic_regression,1,0.4605668632586986,0
1721,logistic_regression,1,0.7743462583331523,1
1725,logistic_regression,1,0.9567854720365687,1
1726,logistic_regression,1,0.21820169214271298,0
1729,logistic_regression,0,0.038064964250820975,0
1731,logistic_regression,0,0.043267104841510175,0
1733,logistic_regression,0,0.07515797626638909,0
1740,logistic_regression,0,0.5172699314973466,1
1741,logistic_regression,0,0.4412979364832782,0
1742,logistic_regression,0,0.4608912790787417,0
1743,logistic_regression,0,0.1240341925214968,0
1745,logistic_regression,0,0.026569757365867232,0
1746,logistic_regression,0,0.02749614211052031,0
1748,logistic_regression,0,0.002308230847028563,0
1750,logistic_regression,0,0.3396647591480413,0
1753,logistic_regression,0,0.1006662665451014,0
1754,logistic_regression,0,0.24192877294404153,0
1755,logistic_regression,0,0.8021230623167069,1
1756,logistic_regression,1,0.4181974833908243,0
1758,logistic_regression,0,0.15329225029494598,0
1760,logistic_regression,0,0.2345466885841522,0
1762,logistic_regression,1,0.30294383996025737,0
1763,logistic_regression,0,0.22495457207273092,0
1771,logistic_regression,0,0.010534863619409245,0
1772,logistic_regression,0,0.04150285885212928,0
1774,logistic_regression,0,0.0033728972649081797,0
1776,logistic_regression,0,0.008696988862533553,0
1781,logistic_regression,0,0.25788070635890176,0
1785,logistic_regression,0,0.16004672394620975,0
1786,logistic_regression,0,0.010205729308204375,0
1791,logistic_regression,1,0.22789687378016568,0
1793,logistic_regression,0,0.17780917311079458,0
1795,logistic_regression,0,0.07467987015902063,0
1797,logistic_regression,0,0.05604346206688267,0
1798,logistic_regression,0,0.592177269575012,1
1799,logistic_regression,1,0.49047438199123455,0
1801,logistic_regression,0,0.06082047494043504,0
1802,logistic_regression,0,0.03708563223522834,0
1806,logistic_regression,0,0.017428762383398758,0
1809,logistic_regression,0,0.09261118641834715,0
1813,logistic_regression,0,0.0926494622711432,0
1819,logistic_regression,0,0.11524116830828626,0
1832,logistic_regression,0,0.24650199385109214,0
1835,logistic_regression,0,0.25969395035317544,0
1839,logistic_regression,0,0.183487322933701,0
1843,logistic_regression,0,0.2604261959961985,0
1847,logistic_regression,0,0.08493010766541247,0
1849,logistic_regression,0,0.2531097679752114,0
1859,logistic_regression,0,0.03335547173279623,0
1868,logistic_regression,0,0.6707010900006152,1
1870,logistic_regression,0,0.31615576802923245,0
1871,logistic_regression,0,0.29257304312970395,0
1875,logistic_regression,0,0.2961338322155357,0
1880,logistic_regression,0,0.015171635865974734,0
1881,logistic_regression,0,0.0018185007881669438,0
1884,logistic_regression,0,0.6496242270157081,1
1885,logistic_regression,1,0.8561899546677318,1
1886,logistic_regression,0,0.014759660647731957,0
1890,logistic_regression,0,0.3196488557025146,0
1891,logistic_regression,0,0.0040450449293162865,0
1893,logistic_regression,0,0.0040700314638409014,0
1895,logistic_regression,1,0.8663128789041876,1
1896,logistic_regression,0,0.26967314828918393,0
1897,logistic_regression,0,0.017056656715199205,0
1903,logistic_regression,0,0.4414859812878826,0
1905,logistic_regression,1,0.8797647570774244,1
1908,logistic_regression,0,0.08927292371846839,0
1913,logistic_regression,0,0.6364632452909756,1
1915,logistic_regression,0,0.9265450231520922,1
1919,logistic_regression,1,0.8050414201139148,1
1920,logistic_regression,0,0.03562581963856403,0
1921,logistic_regression,1,0.02609972827269117,0
1927,logistic_regression,0,0.07022271212262493,0
1928,logistic_regression,1,0.24930580254181586,0
1930,logistic_regression,1,0.14537833141674017,0
1934,logistic_regression,0,0.0008564626469782488,0
1937,logistic_regression,0,0.308699943748926,0
1938,logistic_regression,1,0.05844562023451114,0
1939,logistic_regression,1,0.9992135049092556,1
1940,logistic_regression,0,0.03940912508985476,0
1947,logistic_regression,0,0.007220221657787489,0
1949,logistic_regression,0,0.015137321758114438,0
1950,logistic_regression,0,0.17696139389444124,0
1955,logistic_regression,1,0.11561643993578984,0
1956,logistic_regression,0,0.439056691909213,0
1969,logistic_regression,0,0.737282955099973,1
1971,logistic_regression,0,0.31046402377661964,0
1974,logistic_regression,1,0.8098893607770113,1
1976,logistic_regression,0,0.0012945777635790371,0
1979,logistic_regression,0,0.10585817245458921,0
1981,logistic_regression,1,0.9833230571897074,1
1983,logistic_regression,0,0.9077491509586342,1
1984,logistic_regression,0,0.1979612047323871,0
1991,logistic_regression,0,0.043846556168916265,0
1994,logistic_regression,0,0.6477669705416232,1
1996,logistic_regression,1,0.8207210940910232,1
1997,logistic_regression,0,0.12787718190572647,0
2001,logistic_regression,1,0.7935900668835871,1
2002,logistic_regression,1,0.9845408657871454,1
2003,logistic_regression,0,0.3110634393603501,0
2004,logistic_regression,0,0.23955036187303605,0
2006,logistic_regression,1,0.14190853025395828,0
2014,logistic_regression,0,0.6065214125152344,1
2018,logistic_regression,0,0.057875111412589074,0
2020,logistic_regression,1,0.6475787919621684,1
2023,logistic_regression,1,0.9915720185750105,1
2024,logistic_regression,1,0.5906431424528295,1
2025,logistic_regression,1,0.9137137350322567,1
2026,logistic_regression,1,0.9295723503122582,1
2027,logistic_regression,1,0.9133807275123386,1
2028,logistic_regression,0,0.3727224828412469,0
2030,logistic_regression,1,0.8976799842228278,1
2032,logistic_regression,1,0.02805111684480232,0
2034,logistic_regression,1,0.18651586474690976,0
2035,logistic_regression,1,0.6883600691902363,1
2037,logistic_regression,1,0.6628336583573874,1
2039,logistic_regression,0,0.06656723147095085,0
2040,logistic_regression,1,0.6376776574468411,1
2041,logistic_regression,0,0.4261582158961427,0
2042,logistic_regression,0,0.6201011281827575,1
2043,logistic_regression,0,0.7562542797284549,1
2044,logistic_regression,1,0.602649261558287,1
2047,logistic_regression,1,0.5762911387972539,1
2049,logistic_regression,0,0.9138483298559503,1
2050,logistic_regression,1,0.42561252911729075,0
2052,logistic_regression,0,0.26815448380278933,0
2053,logistic_regression,0,0.10702736600249037,0
2054,logistic_regression,1,0.44563808978465613,0
2056,logistic_regression,0,0.7018221640319305,1
2057,logistic_regression,1,0.39062576673321636,0
2058,logistic_regression,0,0.23568847895435147,0
2060,logistic_regression,0,0.6611886872559134,1
2063,logistic_regression,0,0.026940189269635047,0
2066,logistic_regression,0,0.07542635586579435,0
2071,logistic_regression,1,0.42426199810378445,0
2073,logistic_regression,0,0.48334296044447034,0
2077,logistic_regression,0,0.7903243575883778,1
2079,logistic_regression,0,0.9384712712392491,1
2083,logistic_regression,1,0.6280339196821272,1
2090,logistic_regression,0,0.2977347978410085,0
2091,logistic_regression,0,0.06342625108960395,0
2095,logistic_regression,1,0.577377059317982,1
2096,logistic_regression,0,0.7191860589256296,1
2097,logistic_regression,0,0.3457690191358614,0
2098,logistic_regression,1,0.8660761513512396,1
2099,logistic_regression,1,0.09943866969444223,0
2103,logistic_regression,0,0.208292038064651,0
2104,logistic_regression,0,0.47268020301412306,0
2105,logistic_regression,0,0.2716254615634774,0
2107,logistic_regression,0,0.06453915675985626,0
2109,logistic_regression,0,0.17404075845345332,0
2111,logistic_regression,0,0.7779451351153791,1
2113,logistic_regression,1,0.7322735312379024,1
2114,logistic_regression,0,0.8122376203124013,1
2115,logistic_regression,1,0.5715668322533238,1
2119,logistic_regression,0,0.013932257992696427,0
2121,logistic_regression,0,0.39506162947377577,0
2127,logistic_regression,0,0.08577143524139928,0
2128,logistic_regression,0,0.290911435002517,0
2130,logistic_regression,0,0.5125653819313502,1
2134,logistic_regression,1,0.6698175848321236,1
2136,logistic_regression,0,0.8259312994772606,1
2139,logistic_regression,0,0.5088132009920964,1
2142,logistic_regression,1,0.5398809092739825,1
2144,logistic_regression,0,0.2019002584928365,0
2145,logistic_regression,1,0.05471150138126017,0
2153,logistic_regression,1,0.9899306263554213,1
2155,logistic_regression,0,0.2201207365470851,0
2156,logistic_regression,1,0.7551452154723105,1
2158,logistic_regression,1,0.8740898065448229,1
2163,logistic_regression,0,0.06798263219263855,0
2164,logistic_regression,1,0.9422592622246058,1
2166,logistic_regression,0,0.42203573226063634,0
2167,logistic_regression,1,0.20005195246841478,0
2168,logistic_regression,0,0.6458999056671355,1
2169,logistic_regression,1,0.09520014507244025,0
2170,logistic_regression,1,0.97036176558973,1
2173,logistic_regression,0,0.03239226028475955,0
2175,logistic_regression,1,0.6468758690832613,1
2178,logistic_regression,0,0.6201438570847355,1
2180,logistic_regression,0,0.18061924595077597,0
2182,logistic_regression,0,0.08832108658273212,0
2183,logistic_regression,0,0.3622526928458529,0
2184,logistic_regression,0,0.14603785529913785,0
2185,logistic_regression,0,0.5920537833606037,1
2186,logistic_regression,1,0.9237554255895486,1
2188,logistic_regression,1,0.723622213119498,1
2189,logistic_regression,1,0.3810297622998021,0
2193,logistic_regression,0,0.32313565513930803,0
2195,logistic_regression,0,0.4955941400387946,0
2198,logistic_regression,0,0.07066802410783654,0
2200,logistic_regression,1,0.6074532312135624,1
2201,logistic_regression,0,0.02688441624099797,0
2202,logistic_regression,1,0.2411146010720073,0
2203,logistic_regression,1,0.9966538461150665,1
2204,logistic_regression,1,0.9403800663694742,1
2208,logistic_regression,0,0.7215654668181708,1
2212,logistic_regression,0,0.08022297861070049,0
2220,logistic_regression,1,0.825016403805608,1
2224,logistic_regression,0,0.7215199121732325,1
2225,logistic_regression,1,0.5857334767006749,1
2227,logistic_regression,0,0.5635806430985876,1
2229,logistic_regression,1,0.6864979016796098,1
2230,logistic_regression,0,0.35772015050788064,0
2231,logistic_regression,0,0.11575667418179565,0
2232,logistic_regression,0,0.17958133981256086,0
2233,logistic_regression,0,0.35064971636911246,0
2234,logistic_regression,0,0.5450816110029938,1
2235,logistic_regression,1,0.19670944627883188,0
2238,logistic_regression,0,0.10034489147452459,0
2242,logistic_regression,0,0.24448024268867696,0
2243,logistic_regression,1,0.4746560504832324,0
2246,logistic_regression,0,0.5415179024472669,1
2251,logistic_regression,1,0.9215047596772687,1
2259,logistic_regression,0,0.02554107275070065,0
2265,logistic_regression,1,0.8605035036077721,1
2269,logistic_regression,1,0.8696244795252236,1
2270,logistic_regression,1,0.5108907880504842,1
2275,logistic_regression,1,0.9592681769089961,1
2276,logistic_regression,1,0.621887324977978,1
2277,logistic_regression,0,0.07923589846909579,0
2282,logistic_regression,1,0.2955350179290446,0
2284,logistic_regression,0,0.2028215192390839,0
2285,logistic_regression,0,0.27996619443287424,0
2288,logistic_regression,0,0.6900136361721316,1
2289,logistic_regression,1,0.4232810284756725,0
2294,logistic_regression,0,0.045112967947417135,0
2297,logistic_regression,1,0.705668142011632,1
2299,logistic_regression,1,0.019829749882117012,0
2300,logistic_regression,0,0.5212006773456207,1
2305,logistic_regression,0,0.029927948658100258,0
2306,logistic_regression,0,0.05695003774784258,0
2307,logistic_regression,0,0.19928002103129047,0
2308,logistic_regression,0,0.06267685686986749,0
2315,logistic_regression,1,0.4585883402182644,0
2317,logistic_regression,1,0.4244107825969381,0
2319,logistic_regression,0,0.16025321027707193,0
2326,logistic_regression,0,0.21011993603939966,0
2327,logistic_regression,0,0.5166494976808493,1
2328,logistic_regression,0,0.6835019739360707,1
2331,logistic_regression,1,0.6888516771884061,1
2332,logistic_regression,0,0.018212105408724533,0
2333,logistic_regression,0,0.8375141910283743,1
2335,logistic_regression,0,0.15301986556228117,0
2337,logistic_regression,0,0.08196525296274117,0
2339,logistic_regression,0,0.2408939841531623,0
2340,logistic_regression,0,0.05291492919765733,0
2342,logistic_regression,0,0.43761507805005084,0
2343,logistic_regression,0,0.2805392831580999,0
2347,logistic_regression,0,0.32477576755958465,0
2349,logistic_regression,0,0.15373494822448147,0
2350,logistic_regression,1,0.4263192171113695,0
2351,logistic_regression,0,0.7095374997862176,1
2356,logistic_regression,1,0.7293678267600269,1
2358,logistic_regression,0,0.76121263983408,1
2359,logistic_regression,1,0.9497012615931036,1
2360,logistic_regression,1,0.8046246307529381,1
2363,logistic_regression,0,0.3371748275365296,0
2368,logistic_regression,0,0.13594750756846058,0
2370,logistic_regression,1,0.28757290306503164,0
2372,logistic_regression,1,0.37253186425519635,0
2377,logistic_regression,1,0.9414432735873806,1
2379,logistic_regression,1,0.809617719728822,1
2380,logistic_regression,0,0.7430961362136769,1
2381,logistic_regression,1,0.8817066560006489,1
2382,logistic_regression,0,0.8971977129047155,1
2386,logistic_regression,0,0.022701024335897456,0
2387,logistic_regression,1,0.8533761602798366,1
2389,logistic_regression,0,0.46620548733592404,0
2392,logistic_regression,0,0.12091510927818748,0
2395,logistic_regression,0,0.17979950121378505,0
2396,logistic_regression,1,0.6727159607054539,1
2399,logistic_regression,0,0.7364433290833501,1
2400,logistic_regression,0,0.7424796674663395,1
2408,logistic_regression,0,0.06930619656213387,0
2410,logistic_regression,0,0.08493695247127071,0
2415,logistic_regression,0,0.46087478201696375,0
2418,logistic_regression,0,0.14988496914106397,0
2424,logistic_regression,0,0.4247679706437922,0
2425,logistic_regression,0,0.09308253808711932,0
2426,logistic_regression,0,0.21977871983501354,0
2427,logistic_regression,0,0.3942937318999829,0
2430,logistic_regression,0,0.4665263993580724,0
2436,logistic_regression,0,0.27550266495284514,0
2439,logistic_regression,1,0.48244134331230626,0
2440,logistic_regression,1,0.7383405100586418,1
2443,logistic_regression,0,0.1747912767912699,0
2444,logistic_regression,1,0.22563931832171977,0
2447,logistic_regression,1,0.14652980129897908,0
2448,logistic_regression,0,0.1674649378830138,0
2449,logistic_regression,0,0.11615471285866326,0
2451,logistic_regression,0,0.12264132686015948,0
2452,logistic_regression,0,0.6839036788806432,1
2453,logistic_regression,0,0.004755931686700866,0
2455,logistic_regression,0,0.01503138650048722,0
2458,logistic_regression,0,0.20695160038087634,0
2459,logistic_regression,0,0.2087085613520723,0
2460,logistic_regression,0,0.029352229378919077,0
2464,logistic_regression,1,0.9825551603619387,1
2470,logistic_regression,1,0.48741358290385844,0
2478,logistic_regression,0,0.8454969630022429,1
2479,logistic_regression,0,0.7719540921810888,1
2480,logistic_regression,1,0.6951438647038614,1
2481,logistic_regression,0,0.06876973283207803,0
2482,logistic_regression,0,0.35698164287232365,0
2486,logistic_regression,0,0.33665169522696553,0
2487,logistic_regression,1,0.9267241928265759,1
2491,logistic_regression,1,0.47483773843435056,0
2494,logistic_regression,0,0.38260547473123924,0
2496,logistic_regression,1,0.5191364854831618,1
2499,logistic_regression,1,0.8085837373668308,1
2502,logistic_regression,1,0.9836712693181898,1
2503,logistic_regression,1,0.9979638390859589,1
2504,logistic_regression,1,0.8833079326412019,1
2505,logistic_regression,0,0.291171966628788,0
2508,logistic_regression,0,0.695560767168181,1
2509,logistic_regression,0,0.02840467536886576,0
2510,logistic_regression,0,0.05433676049118747,0
2511,logistic_regression,1,0.43179808640069073,0
2512,logistic_regression,0,0.5379596350278981,1
2513,logistic_regression,1,0.8682225353595573,1
2514,logistic_regression,0,0.04116313013352001,0
2515,logistic_regression,0,0.680855616377159,1
2517,logistic_regression,0,0.08481510952418811,0
2524,logistic_regression,1,0.9044849919222807,1
2527,logistic_regression,0,0.08187554831153152,0
2528,logistic_regression,0,0.6281971287170204,1
2529,logistic_regression,1,0.6805589989821476,1
2530,logistic_regression,1,0.36195785886495385,0
2534,logistic_regression,1,0.7632284415215642,1
2536,logistic_regression,1,0.6104632890734593,1
2538,logistic_regression,1,0.09060887771069502,0
2539,logistic_regression,0,0.09045719889480908,0
2540,logistic_regression,0,0.4804641180769568,0
2541,logistic_regression,0,0.40330674578960546,0
2544,logistic_regression,0,0.12368037460385563,0
2546,logistic_regression,0,0.026861872457993013,0
2547,logistic_regression,0,0.5900222464813661,1
2549,logistic_regression,0,0.1435323090398023,0
2550,logistic_regression,0,0.06457899405455199,0
2551,logistic_regression,0,0.6051114810268385,1
2553,logistic_regression,0,0.2613341948040643,0
2554,logistic_regression,0,0.39762927901714407,0
2559,logistic_regression,0,0.014891806901118288,0
2561,logistic_regression,0,0.10150475342516387,0
2564,logistic_regression,0,0.13535085943338312,0
2565,logistic_regression,0,0.05032921856628524,0
2567,logistic_regression,1,0.9872269167932987,1
2572,logistic_regression,0,0.4679789765247549,0
2573,logistic_regression,0,0.09611275377108336,0
2574,logistic_regression,0,0.03162411050314915,0
2576,logistic_regression,0,0.1946737437249087,0
2577,logistic_regression,0,0.28190370093830114,0
2578,logistic_regression,0,0.29852533637866546,0
2579,logistic_regression,0,0.10836456708790511,0
2581,logistic_regression,1,0.049984709747869796,0
2582,logistic_regression,0,0.15657652896548346,0
2588,logistic_regression,0,0.9030081404788459,1
2589,logistic_regression,0,0.13835393957065503,0
2590,logistic_regression,0,0.8144048562708858,1
2593,logistic_regression,0,0.010773129367835593,0
2594,logistic_regression,0,0.16630944563044042,0
2595,logistic_regression,0,0.009872153059267905,0
2596,logistic_regression,0,0.02858605017185178,0
2599,logistic_regression,0,0.9489091343678094,1
2604,logistic_regression,0,0.07231873674582925,0
2605,logistic_regression,0,0.26312563664105365,0
2610,logistic_regression,1,0.1999441506769541,0
2614,logistic_regression,0,0.015413724019809125,0
2615,logistic_regression,0,0.05806772039247498,0
2616,logistic_regression,0,0.00041020872709863056,0
2618,logistic_regression,0,0.3814625541475315,0
2620,logistic_regression,0,0.045893925550842804,0
2624,logistic_regression,0,0.5094754678129446,1
2634,logistic_regression,0,0.350227649526893,0
2635,logistic_regression,1,0.9462844762875864,1
2638,logistic_regression,0,0.8531862933785735,1
2640,logistic_regression,1,0.9079617622345594,1
2641,logistic_regression,1,0.9935880437224159,1
2644,logistic_regression,1,0.37500329656212655,0
2648,logistic_regression,1,0.2682590316022664,0
2652,logistic_regression,1,0.9494792494387178,1
2653,logistic_regression,1,0.25517698396222893,0
2654,logistic_regression,1,0.4028632344948427,0
2656,logistic_regression,1,0.9893075736210176,1
2657,logistic_regression,1,0.36289654629054485,0
2658,logistic_regression,0,0.7195835682197763,1
2660,logistic_regression,0,0.018381098296582066,0
2661,logistic_regression,0,0.04523178546041578,0
2662,logistic_regression,1,0.012539536295331933,0
2667,logistic_regression,1,0.3399946079939184,0
2668,logistic_regression,0,0.14653019418861932,0
2669,logistic_regression,0,0.1485237138992112,0
2673,logistic_regression,0,0.32996400221821237,0
2676,logistic_regression,0,0.0561595730801071,0
2679,logistic_regression,1,0.23841993992830263,0
2681,logistic_regression,0,2.2221449803685516e-05,0
2682,logistic_regression,1,0.8610359233589585,1
2685,logistic_regression,1,0.8811830141883049,1
2686,logistic_regression,0,0.08868846658171878,0
2687,logistic_regression,1,0.9851810060207639,1
2691,logistic_regression,0,0.016704496687289176,0
2696,logistic_regression,0,0.6197660210431527,1
2697,logistic_regression,0,0.6502365044111968,1
2698,logistic_regression,0,0.383775145328082,0
2699,logistic_regression,0,0.26154857666272824,0
2706,logistic_regression,0,0.001427354686807818,0
2708,logistic_regression,1,0.24225497966777126,0
2711,logistic_regression,0,0.2753752901157748,0
2713,logistic_regression,0,0.002709852675025559,0
2715,logistic_regression,0,0.029871261925872722,0
2716,logistic_regression,0,0.052142651276011635,0
2719,logistic_regression,0,0.013852488201853988,0
2720,logistic_regression,1,0.04950161477787508,0
2722,logistic_regression,0,0.05244605121292439,0
2724,logistic_regression,0,0.13964139817481647,0
2725,logistic_regression,0,0.7551785187323371,1
2727,logistic_regression,0,0.08399849496884254,0
2729,logistic_regression,0,0.033238448829154166,0
2733,logistic_regression,0,0.06438895024096834,0
2734,logistic_regression,0,0.4270761109451168,0
2736,logistic_regression,0,0.3166549294510739,0
2740,logistic_regression,0,0.7360211626166638,1
2741,logistic_regression,0,0.5584308957797427,1
2742,logistic_regression,0,0.8029965529871262,1
2743,logistic_regression,1,0.3535226106982775,0
2745,logistic_regression,1,0.8251296636528135,1
2746,logistic_regression,0,0.9811952316215814,1
2750,logistic_regression,0,0.0058469253184605975,0
2755,logistic_regression,0,0.0011918854489866067,0
2756,logistic_regression,0,0.0008853529319674769,0
2758,logistic_regression,0,0.6627050695465287,1
2759,logistic_regression,1,0.025141717885079594,0
2762,logistic_regression,0,0.20794936591276358,0
2763,logistic_regression,0,0.10162805220719011,0
2766,logistic_regression,0,0.2682558883098944,0
2767,logistic_regression,0,0.08638509524182945,0
2769,logistic_regression,0,0.12811357579911373,0
2777,logistic_regression,0,0.15514740472277494,0
2778,logistic_regression,1,0.06009542252232962,0
2779,logistic_regression,0,0.22770306744149435,0
2781,logistic_regression,0,0.12028274179909891,0
2789,logistic_regression,0,0.46946383114729545,0
2791,logistic_regression,0,0.5604540038910157,1
2792,logistic_regression,1,0.4082645924943926,0
2794,logistic_regression,1,0.031611519942305995,0
2796,logistic_regression,0,0.07274646756666073,0
2797,logistic_regression,0,0.03553599268792503,0
2799,logistic_regression,0,0.020965850666109075,0
2801,logistic_regression,0,0.13314261292498067,0
2802,logistic_regression,0,0.011882691514430515,0
2803,logistic_regression,0,0.05681272140624964,0
2804,logistic_regression,1,0.733439124988374,1
2805,logistic_regression,0,0.07512416480273645,0
2806,logistic_regression,0,0.017700034876381145,0
2810,logistic_regression,1,0.8966890528739156,1
2811,logistic_regression,0,0.27491337946323297,0
2812,logistic_regression,0,0.5365433598935347,1
2814,logistic_regression,1,0.5197673754681265,1
2815,logistic_regression,0,0.1236934189714814,0
2816,logistic_regression,0,0.12159875333040004,0
2818,logistic_regression,0,0.7929250436512538,1
2821,logistic_regression,0,0.13959513506367496,0
2823,logistic_regression,0,0.06257459962039143,0
2824,logistic_regression,0,0.43206213009173783,0
2827,logistic_regression,0,0.8316789020006037,1
2829,logistic_regression,1,0.8874303314105574,1
2830,logistic_regression,1,0.797655805729575,1
2834,logistic_regression,1,0.5188405830017028,1
2836,logistic_regression,0,0.8345217968834399,1
2840,logistic_regression,0,0.0012971420837950935,0
2844,logistic_regression,0,0.012131895847083499,0
2849,logistic_regression,0,0.06383362238233911,0
2850,logistic_regression,0,0.435435273771092,0
2851,logistic_regression,0,0.5588296634487809,1
2853,logistic_regression,0,0.3223153963923093,0
2856,logistic_regression,0,0.07762695230694384,0
2858,logistic_regression,0,0.40308043641693964,0
2860,logistic_regression,0,0.03229842390666996,0
2861,logistic_regression,1,0.43952508198854245,0
2862,logistic_regression,0,0.01906388788061879,0
2864,logistic_regression,1,0.7119680546569446,1
2866,logistic_regression,1,0.7996932386682967,1
2867,logistic_regression,0,0.41226843808657876,0
2868,logistic_regression,0,0.13487838233251118,0
2869,logistic_regression,0,0.012188352035510244,0
2870,logistic_regression,0,0.15810079318165118,0
2873,logistic_regression,1,0.046898815928904,0
2877,logistic_regression,1,0.23387785986456905,0
2878,logistic_regression,0,0.26217886378867267,0
2881,logistic_regression,0,0.017816319505233304,0
2887,logistic_regression,0,0.05450688008889093,0
2889,logistic_regression,0,0.20647294165448352,0
2890,logistic_regression,0,0.16716656112349254,0
2891,logistic_regression,0,0.41828877309307905,0
2892,logistic_regression,0,0.19830633981235127,0
2896,logistic_regression,0,0.5458789213938283,1
2897,logistic_regression,0,0.0182951126975544,0
2898,logistic_regression,0,0.07590374988429079,0
2899,logistic_regression,0,0.12156542624558679,0
2901,logistic_regression,0,0.5686563401933142,1
2904,logistic_regression,0,0.2261766754233151,0
2905,logistic_regression,0,0.11275589664327587,0
2906,logistic_regression,0,0.007989197496727348,0
2907,logistic_regression,0,0.8770331334043351,1
2908,logistic_regression,0,0.06742364338970587,0
2910,logistic_regression,0,0.396986853573842,0
2911,logistic_regression,0,0.05057266248874963,0
2912,logistic_regression,0,0.15431194713790694,0
2913,logistic_regression,0,0.009886866742599447,0
2914,logistic_regression,0,0.6441819442477706,1
2916,logistic_regression,0,0.14143695452186134,0
2917,logistic_regression,0,0.010600955154523752,0
2920,logistic_regression,0,0.20101927221777993,0
2921,logistic_regression,0,0.006553896400625841,0
2922,logistic_regression,0,0.2555160737895709,0
2924,logistic_regression,0,0.42759058805959654,0
2927,logistic_regression,0,0.284581231765665,0
2928,logistic_regression,0,0.5740546776880215,1
2930,logistic_regression,0,0.2876559837106445,0
2931,logistic_regression,0,0.09567924046493248,0
2934,logistic_regression,0,0.14541532926048842,0
2935,logistic_regression,0,0.8670776930342432,1
2936,logistic_regression,0,0.4307172018816957,0
2937,logistic_regression,1,0.18516248113192102,0
2940,logistic_regression,0,0.38861740644134335,0
2943,logistic_regression,0,0.021168328595067662,0
2944,logistic_regression,1,0.5932444992460214,1
2945,logistic_regression,0,0.13751846520131075,0
2946,logistic_regression,0,0.4880304321724572,0
2947,logistic_regression,0,0.17663027665471207,0
2949,logistic_regression,0,0.05718255722850125,0
2950,logistic_regression,1,0.7095366801121396,1
2953,logistic_regression,0,0.8631831954033613,1
2954,logistic_regression,0,0.2386453171289793,0
2955,logistic_regression,0,0.1956613712591907,0
2956,logistic_regression,0,0.05994525432249455,0
2959,logistic_regression,1,0.07285826002734845,0
2960,logistic_regression,1,0.9594192001377329,1
2961,logistic_regression,0,0.5482491425711847,1
2963,logistic_regression,0,0.19366376503513164,0
2966,logistic_regression,0,0.062138974970969395,0
2968,logistic_regression,0,0.9315936526221936,1
2969,logistic_regression,0,0.7405262186203896,1
2980,logistic_regression,0,0.01818638209553112,0
2982,logistic_regression,1,0.4823037357187149,0
2985,logistic_regression,0,0.010940662472140617,0
2987,logistic_regression,0,0.9484457245903701,1
2988,logistic_regression,0,0.009511351703721093,0
2989,logistic_regression,0,0.20714616605373284,0
2990,logistic_regression,1,0.9923305825755208,1
2994,logistic_regression,0,0.4535773848588356,0
2995,logistic_regression,0,0.0019993125144724725,0
2997,logistic_regression,0,0.9661624568669424,1
2999,logistic_regression,0,0.032622284875518104,0
2,decision_tree_depth3,1,0.7361719060883405,1
4,decision_tree_depth3,1,0.7361719060883405,1
5,decision_tree_depth3,1,0.7361719060883405,1
6,decision_tree_depth3,0,0.24836405114966684,0
28,decision_tree_depth3,0,0.5004136293297256,1
31,decision_tree_depth3,1,0.8141462603614946,1
33,decision_tree_depth3,1,0.7721596953916797,1
34,decision_tree_depth3,1,0.7721596953916797,1
35,decision_tree_depth3,1,0.7361719060883405,1
36,decision_tree_depth3,1,0.7721596953916797,1
38,decision_tree_depth3,1,0.5004136293297256,1
42,decision_tree_depth3,0,0.4883507876915345,0
54,decision_tree_depth3,0,0.482860670322089,0
57,decision_tree_depth3,0,0.5977118054823967,1
64,decision_tree_depth3,0,0.5004136293297256,1
88,decision_tree_depth3,1,0.6921023046655437,1
91,decision_tree_depth3,1,0.5004136293297256,1
92,decision_tree_depth3,0,0.6921023046655437,1
94,decision_tree_depth3,1,0.6921023046655437,1
96,decision_tree_depth3,1,0.5210820094461122,1
98,decision_tree_depth3,1,0.5977118054823967,1
101,decision_tree_depth3,0,0.14489860250078837,0
104,decision_tree_depth3,1,0.28805848903330644,0
105,decision_tree_depth3,0,0.5431397988971784,1
106,decision_tree_depth3,0,0.482860670322089,0
107,decision_tree_depth3,0,0.6921023046655437,1
108,decision_tree_depth3,1,0.5004136293297256,1
109,decision_tree_depth3,0,0.4883507876915345,0
110,decision_tree_depth3,0,0.8141462603614946,1
111,decision_tree_depth3,1,0.4883507876915345,0
115,decision_tree_depth3,0,0.5004136293297256,1
118,decision_tree_depth3,0,0.7721596953916797,1
126,decision_tree_depth3,0,0.0,0
127,decision_tree_depth3,0,0.28805848903330644,0
129,decision_tree_depth3,1,0.5210820094461122,1
131,decision_tree_depth3,0,0.4883507876915345,0
132,decision_tree_depth3,0,0.20475805520267928,0
135,decision_tree_depth3,0,0.4883507876915345,0
136,decision_tree_depth3,1,0.6921023046655437,1
139,decision_tree_depth3,1,0.5977118054823967,1
141,decision_tree_depth3,1,0.5210820094461122,1
155,decision_tree_depth3,1,0.8067210504078779,1
156,decision_tree_depth3,0,0.7721596953916797,1
159,decision_tree_depth3,1,0.7721596953916797,1
169,decision_tree_depth3,0,0.20408739875682813,0
170,decision_tree_depth3,0,0.4883507876915345,0
178,decision_tree_depth3,0,0.36607773851590075,0
182,decision_tree_depth3,0,0.5004136293297256,1
184,decision_tree_depth3,0,0.5210820094461122,1
189,decision_tree_depth3,1,0.5977118054823967,1
192,decision_tree_depth3,1,0.7361719060883405,1
202,decision_tree_depth3,0,0.18559059710196932,0
205,decision_tree_depth3,1,0.11592326703542453,0
206,decision_tree_depth3,1,0.11592326703542453,0
208,decision_tree_depth3,0,0.5431397988971784,1
209,decision_tree_depth3,1,0.20475805520267928,0
214,decision_tree_depth3,1,0.8141462603614946,1
217,decision_tree_depth3,0,0.272894898586355,0
226,decision_tree_depth3,1,0.7721596953916797,1
232,decision_tree_depth3,0,0.8141462603614946,1
233,decision_tree_depth3,1,0.14489860250078837,0
234,decision_tree_depth3,0,0.5977118054823967,1
235,decision_tree_depth3,0,0.36607773851590075,0
236,decision_tree_depth3,1,0.7361719060883405,1
237,decision_tree_depth3,0,0.8067210504078779,1
238,decision_tree_depth3,1,0.8067210504078779,1
239,decision_tree_depth3,1,0.7361719060883405,1
240,decision_tree_depth3,1,0.8141462603614946,1
241,decision_tree_depth3,1,0.7361719060883405,1
243,decision_tree_depth3,0,0.46327960413502506,0
244,decision_tree_depth3,0,0.14489860250078837,0
252,decision_tree_depth3,0,0.4883507876915345,0
255,decision_tree_depth3,1,0.5250711255303215,1
256,decision_tree_depth3,0,0.6548672566371682,1
294,decision_tree_depth3,0,0.5977118054823967,1
300,decision_tree_depth3,0,0.5210820094461122,1
311,decision_tree_depth3,0,0.18559059710196932,0
312,decision_tree_depth3,0,0.4962563851374989,0
313,decision_tree_depth3,0,0.0,0
321,decision_tree_depth3,1,0.5210820094461122,1
324,decision_tree_depth3,1,0.6921023046655437,1
332,decision_tree_depth3,1,0.5431397988971784,1
334,decision_tree_depth3,1,0.1562004440215667,0
343,decision_tree_depth3,0,0.5210820094461122,1
352,decision_tree_depth3,1,0.7721596953916797,1
354,decision_tree_depth3,1,0.4883507876915345,0
377,decision_tree_depth3,0,0.1284443480147536,0
381,decision_tree_depth3,1,0.5250711255303215,1
382,decision_tree_depth3,0,0.8067210504078779,1
391,decision_tree_depth3,0,0.5125859927854769,1
394,decision_tree_depth3,0,0.5125859927854769,1
395,decision_tree_depth3,0,0.7361719060883405,1
401,decision_tree_depth3,0,0.4883507876915345,0
403,decision_tree_depth3,0,0.5977118054823967,1
412,decision_tree_depth3,1,0.5125859927854769,1
423,decision_tree_depth3,1,0.7361719060883405,1
424,decision_tree_depth3,1,0.7361719060883405,1
433,decision_tree_depth3,0,0.18559059710196932,0
442,decision_tree_depth3,0,0.8067210504078779,1
453,decision_tree_depth3,1,0.8141462603614946,1
454,decision_tree_depth3,1,0.6921023046655437,1
464,decision_tree_depth3,1,0.6921023046655437,1
467,decision_tree_depth3,0,0.5210820094461122,1
473,decision_tree_depth3,1,0.6921023046655437,1
474,decision_tree_depth3,1,0.5004136293297256,1
475,decision_tree_depth3,0,0.7361719060883405,1
477,decision_tree_depth3,1,0.7361719060883405,1
479,decision_tree_depth3,0,0.1284443480147536,0
482,decision_tree_depth3,1,0.7361719060883405,1
483,decision_tree_depth3,0,0.5977118054823967,1
484,decision_tree_depth3,1,0.20555555555555555,0
485,decision_tree_depth3,1,0.4883507876915345,0
489,decision_tree_depth3,0,0.6921023046655437,1
490,decision_tree_depth3,0,0.16952312656866253,0
491,decision_tree_depth3,0,0.6921023046655437,1
493,decision_tree_depth3,1,0.6921023046655437,1
494,decision_tree_depth3,1,0.8141462603614946,1
497,decision_tree_depth3,1,0.5210820094461122,1
504,decision_tree_depth3,1,0.7361719060883405,1
508,decision_tree_depth3,0,0.6921023046655437,1
526,decision_tree_depth3,1,0.5977118054823967,1
527,decision_tree_depth3,1,0.5250711255303215,1
535,decision_tree_depth3,0,0.210073579070842,0
544,decision_tree_depth3,0,0.5004136293297256,1
546,decision_tree_depth3,0,0.5250711255303215,1
547,decision_tree_depth3,1,0.5977118054823967,1
550,decision_tree_depth3,0,0.11592326703542453,0
551,decision_tree_depth3,1,0.18559059710196932,0
552,decision_tree_depth3,0,0.0,0
553,decision_tree_depth3,0,0.11592326703542453,0
556,decision_tree_depth3,1,0.5977118054823967,1
557,decision_tree_depth3,0,0.1284443480147536,0
560,decision_tree_depth3,1,0.11592326703542453,0
563,decision_tree_depth3,0,0.40909949027751574,0
565,decision_tree_depth3,0,0.7721596953916797,1
567,decision_tree_depth3,1,0.1284443480147536,0
575,decision_tree_depth3,1,0.7361719060883405,1
579,decision_tree_depth3,1,0.6921023046655437,1
580,decision_tree_depth3,1,0.8141462603614946,1
581,decision_tree_depth3,1,0.16952312656866253,0
582,decision_tree_depth3,1,0.16952312656866253,0
583,decision_tree_depth3,1,0.6921023046655437,1
584,decision_tree_depth3,1,0.5250711255303215,1
585,decision_tree_depth3,1,0.36607773851590075,0
586,decision_tree_depth3,0,0.6921023046655437,1
587,decision_tree_depth3,1,0.5210820094461122,1
588,decision_tree_depth3,1,0.6921023046655437,1
589,decision_tree_depth3,1,0.482860670322089,0
590,decision_tree_depth3,0,0.1284443480147536,0
592,decision_tree_depth3,1,0.20475805520267928,0
596,decision_tree_depth3,0,0.1284443480147536,0
597,decision_tree_depth3,1,0.272894898586355,0
601,decision_tree_depth3,0,0.20475805520267928,0
611,decision_tree_depth3,0,0.40909949027751574,0
613,decision_tree_depth3,0,0.8141462603614946,1
614,decision_tree_depth3,0,0.5210820094461122,1
615,decision_tree_depth3,1,0.5250711255303215,1
616,decision_tree_depth3,0,0.1562004440215667,0
626,decision_tree_depth3,0,0.20475805520267928,0
635,decision_tree_depth3,0,0.7721596953916797,1
637,decision_tree_depth3,0,0.272894898586355,0
638,decision_tree_depth3,0,0.5210820094461122,1
639,decision_tree_depth3,1,0.41776107742103485,0
640,decision_tree_depth3,1,0.4962563851374989,0
643,decision_tree_depth3,1,0.4883507876915345,0
644,decision_tree_depth3,0,0.272894898586355,0
645,decision_tree_depth3,1,0.210073579070842,0
646,decision_tree_depth3,0,0.36607773851590075,0
647,decision_tree_depth3,1,0.8141462603614946,1
648,decision_tree_depth3,1,0.24836405114966684,0
649,decision_tree_depth3,0,0.482860670322089,0
650,decision_tree_depth3,1,0.5250711255303215,1
651,decision_tree_depth3,1,0.8067210504078779,1
652,decision_tree_depth3,1,0.7721596953916797,1
655,decision_tree_depth3,0,0.210073579070842,0
656,decision_tree_depth3,0,0.4883507876915345,0
657,decision_tree_depth3,0,0.14489860250078837,0
658,decision_tree_depth3,0,0.210073579070842,0
661,decision_tree_depth3,0,0.1284443480147536,0
664,decision_tree_depth3,0,0.5210820094461122,1
665,decision_tree_depth3,0,0.16952312656866253,0
666,decision_tree_depth3,0,0.5250711255303215,1
667,decision_tree_depth3,0,0.5977118054823967,1
675,decision_tree_depth3,0,0.482860670322089,0
679,decision_tree_depth3,0,0.4962563851374989,0
682,decision_tree_depth3,1,0.41776107742103485,0
683,decision_tree_depth3,1,0.5004136293297256,1
684,decision_tree_depth3,1,0.5977118054823967,1
686,decision_tree_depth3,1,0.5210820094461122,1
687,decision_tree_depth3,1,0.6921023046655437,1
688,decision_tree_depth3,1,0.6921023046655437,1
691,decision_tree_depth3,0,0.45628257093225266,0
694,decision_tree_depth3,0,0.32067281606077047,0
695,decision_tree_depth3,0,0.5977118054823967,1
696,decision_tree_depth3,0,0.5210820094461122,1
702,decision_tree_depth3,1,0.20555555555555555,0
703,decision_tree_depth3,1,0.20555555555555555,0
704,decision_tree_depth3,0,0.5250711255303215,1
706,decision_tree_depth3,1,0.4962563851374989,0
710,decision_tree_depth3,1,0.7361719060883405,1
714,decision_tree_depth3,0,0.210073579070842,0
715,decision_tree_depth3,0,0.1284443480147536,0
717,decision_tree_depth3,0,0.1284443480147536,0
718,decision_tree_depth3,0,0.11592326703542453,0
725,decision_tree_depth3,0,0.04206405693950175,0
734,decision_tree_depth3,0,0.20408739875682813,0
738,decision_tree_depth3,1,0.36607773851590075,0
739,decision_tree_depth3,0,0.36607773851590075,0
740,decision_tree_depth3,0,0.1562004440215667,0
745,decision_tree_depth3,0,0.5977118054823967,1
747,decision_tree_depth3,0,0.14489860250078837,0
751,decision_tree_depth3,0,0.7361719060883405,1
755,decision_tree_depth3,0,0.46327960413502506,0
757,decision_tree_depth3,1,0.41776107742103485,0
759,decision_tree_depth3,1,0.5250711255303215,1
760,decision_tree_depth3,1,0.16952312656866253,0
761,decision_tree_depth3,0,0.5125859927854769,1
762,decision_tree_depth3,1,0.46327960413502506,0
764,decision_tree_depth3,1,0.40909949027751574,0
767,decision_tree_depth3,0,0.11592326703542453,0
768,decision_tree_depth3,0,0.5004136293297256,1
769,decision_tree_depth3,0,0.16952312656866253,0
776,decision_tree_depth3,0,0.24836405114966684,0
777,decision_tree_depth3,1,0.5004136293297256,1
778,decision_tree_depth3,0,0.4962563851374989,0
783,decision_tree_depth3,0,0.210073579070842,0
784,decision_tree_depth3,0,0.210073579070842,0
791,decision_tree_depth3,0,0.5250711255303215,1
793,decision_tree_depth3,0,0.11592326703542453,0
794,decision_tree_depth3,1,0.41776107742103485,0
796,decision_tree_depth3,0,0.7255349000350753,1
802,decision_tree_depth3,0,0.16952312656866253,0
803,decision_tree_depth3,0,0.5250711255303215,1
804,decision_tree_depth3,0,0.272894898586355,0
806,decision_tree_depth3,0,0.5977118054823967,1
807,decision_tree_depth3,0,0.8067210504078779,1
811,decision_tree_depth3,1,0.8141462603614946,1
812,decision_tree_depth3,0,0.16952312656866253,0
813,decision_tree_depth3,0,0.7361719060883405,1
815,decision_tree_depth3,1,0.7361719060883405,1
819,decision_tree_depth3,0,0.5977118054823967,1
821,decision_tree_depth3,0,0.04206405693950175,0
824,decision_tree_depth3,0,0.1562004440215667,0
831,decision_tree_depth3,0,0.7721596953916797,1
832,decision_tree_depth3,0,0.14489860250078837,0
833,decision_tree_depth3,1,0.1562004440215667,0
834,decision_tree_depth3,0,0.5250711255303215,1
837,decision_tree_depth3,1,0.8141462603614946,1
840,decision_tree_depth3,0,0.20408739875682813,0
861,decision_tree_depth3,0,0.5977118054823967,1
869,decision_tree_depth3,0,0.16952312656866253,0
870,decision_tree_depth3,0,0.7721596953916797,1
873,decision_tree_depth3,0,0.5210820094461122,1
874,decision_tree_depth3,0,0.32067281606077047,0
877,decision_tree_depth3,0,0.20408739875682813,0
878,decision_tree_depth3,0,0.5125859927854769,1
884,decision_tree_depth3,0,0.20408739875682813,0
888,decision_tree_depth3,0,0.5004136293297256,1
894,decision_tree_depth3,0,0.1284443480147536,0
901,decision_tree_depth3,1,0.1562004440215667,0
931,decision_tree_depth3,0,0.5977118054823967,1
932,decision_tree_depth3,0,0.4962563851374989,0
935,decision_tree_depth3,1,0.5125859927854769,1
936,decision_tree_depth3,1,0.32067281606077047,0
937,decision_tree_depth3,1,0.32067281606077047,0
939,decision_tree_depth3,0,0.5977118054823967,1
940,decision_tree_depth3,0,0.40909949027751574,0
941,decision_tree_depth3,0,0.272894898586355,0
946,decision_tree_depth3,1,0.36607773851590075,0
960,decision_tree_depth3,0,0.40909949027751574,0
966,decision_tree_depth3,0,0.5977118054823967,1
974,decision_tree_depth3,1,0.5977118054823967,1
977,decision_tree_depth3,0,0.7361719060883405,1
985,decision_tree_depth3,0,0.04206405693950175,0
988,decision_tree_depth3,0,0.40909949027751574,0
992,decision_tree_depth3,1,0.1284443480147536,0
993,decision_tree_depth3,0,0.5250711255303215,1
994,decision_tree_depth3,1,0.5977118054823967,1
995,decision_tree_depth3,0,0.5250711255303215,1
998,decision_tree_depth3,0,0.5004136293297256,1
1002,decision_tree_depth3,0,0.6921023046655437,1
1003,decision_tree_depth3,0,0.20555555555555555,0
1008,decision_tree_depth3,1,0.5250711255303215,1
1010,decision_tree_depth3,1,0.6921023046655437,1
1011,decision_tree_depth3,0,0.5250711255303215,1
1013,decision_tree_depth3,0,0.5210820094461122,1
1016,decision_tree_depth3,1,0.5004136293297256,1
1019,decision_tree_depth3,1,0.8141462603614946,1
1020,decision_tree_depth3,1,0.8067210504078779,1
1021,decision_tree_depth3,1,0.370588998443176,0
1026,decision_tree_depth3,1,0.0,0
1034,decision_tree_depth3,0,0.14489860250078837,0
1036,decision_tree_depth3,0,0.14489860250078837,0
1041,decision_tree_depth3,0,0.7361719060883405,1
1042,decision_tree_depth3,0,0.8141462603614946,1
1045,decision_tree_depth3,0,0.36607773851590075,0
1048,decision_tree_depth3,1,0.14489860250078837,0
1049,decision_tree_depth3,0,0.5250711255303215,1
1053,decision_tree_depth3,1,0.6921023046655437,1
1054,decision_tree_depth3,0,0.8067210504078779,1
1056,decision_tree_depth3,1,0.8067210504078779,1
1067,decision_tree_depth3,0,0.370588998443176,0
1068,decision_tree_depth3,0,0.7361719060883405,1
1069,decision_tree_depth3,0,0.5250711255303215,1
1070,decision_tree_depth3,0,0.18559059710196932,0
1073,decision_tree_depth3,0,0.5250711255303215,1
1077,decision_tree_depth3,0,0.8067210504078779,1
1078,decision_tree_depth3,1,0.7721596953916797,1
1079,decision_tree_depth3,1,0.6921023046655437,1
1080,decision_tree_depth3,1,0.7721596953916797,1
1081,decision_tree_depth3,0,0.6921023046655437,1
1084,decision_tree_depth3,0,0.6921023046655437,1
1086,decision_tree_depth3,1,0.5977118054823967,1
1088,decision_tree_depth3,0,0.24836405114966684,0
1092,decision_tree_depth3,0,0.370588998443176,0
1094,decision_tree_depth3,0,0.7361719060883405,1
1095,decision_tree_depth3,0,0.5004136293297256,1
1096,decision_tree_depth3,0,0.6921023046655437,1
1098,decision_tree_depth3,0,0.5004136293297256,1
1100,decision_tree_depth3,1,0.370588998443176,0
1104,decision_tree_depth3,1,0.8067210504078779,1
1105,decision_tree_depth3,0,0.5250711255303215,1
1108,decision_tree_depth3,0,0.04206405693950175,0
1109,decision_tree_depth3,0,0.4883507876915345,0
1111,decision_tree_depth3,1,0.5004136293297256,1
1115,decision_tree_depth3,0,0.4883507876915345,0
1117,decision_tree_depth3,1,0.6548672566371682,1
1118,decision_tree_depth3,0,0.6921023046655437,1
1126,decision_tree_depth3,1,0.5004136293297256,1
1133,decision_tree_depth3,1,0.6921023046655437,1
1134,decision_tree_depth3,1,0.7721596953916797,1
1135,decision_tree_depth3,1,0.8067210504078779,1
1137,decision_tree_depth3,1,0.20555555555555555,0
1138,decision_tree_depth3,0,0.6921023046655437,1
1139,decision_tree_depth3,0,0.5250711255303215,1
1143,decision_tree_depth3,1,0.6921023046655437,1
1144,decision_tree_depth3,1,0.8067210504078779,1
1147,decision_tree_depth3,0,0.370588998443176,0
1152,decision_tree_depth3,0,0.20408739875682813,0
1156,decision_tree_depth3,0,0.36607773851590075,0
1166,decision_tree_depth3,0,0.6921023046655437,1
1169,decision_tree_depth3,0,0.5250711255303215,1
1171,decision_tree_depth3,1,0.370588998443176,0
1172,decision_tree_depth3,0,0.14489860250078837,0
1173,decision_tree_depth3,1,0.36607773851590075,0
1175,decision_tree_depth3,0,0.4883507876915345,0
1177,decision_tree_depth3,1,0.5125859927854769,1
1178,decision_tree_depth3,1,0.5125859927854769,1
1183,decision_tree_depth3,1,0.5210820094461122,1
1184,decision_tree_depth3,0,0.20408739875682813,0
1185,decision_tree_depth3,1,0.14489860250078837,0
1186,decision_tree_depth3,0,0.6548672566371682,1
1187,decision_tree_depth3,0,0.36607773851590075,0
1188,decision_tree_depth3,0,0.1284443480147536,0
1189,decision_tree_depth3,1,0.6921023046655437,1
1191,decision_tree_depth3,1,0.6921023046655437,1
1193,decision_tree_depth3,1,0.8067210504078779,1
1194,decision_tree_depth3,1,0.8067210504078779,1
1199,decision_tree_depth3,0,0.7361719060883405,1
1200,decision_tree_depth3,0,0.7361719060883405,1
1201,decision_tree_depth3,0,0.7361719060883405,1
1203,decision_tree_depth3,0,0.6921023046655437,1
1207,decision_tree_depth3,0,0.8067210504078779,1
1208,decision_tree_depth3,0,0.18559059710196932,0
1212,decision_tree_depth3,1,0.8141462603614946,1
1213,decision_tree_depth3,1,0.14489860250078837,0
1215,decision_tree_depth3,0,0.46327960413502506,0
1219,decision_tree_depth3,0,0.8141462603614946,1
1222,decision_tree_depth3,0,0.5431397988971784,1
1224,decision_tree_depth3,0,0.5250711255303215,1
1225,decision_tree_depth3,1,0.7721596953916797,1
1227,decision_tree_depth3,0,0.36607773851590075,0
1228,decision_tree_depth3,0,0.5004136293297256,1
1229,decision_tree_depth3,1,0.7721596953916797,1
1230,decision_tree_depth3,1,0.6921023046655437,1
1237,decision_tree_depth3,1,0.370588998443176,0
1240,decision_tree_depth3,1,0.6921023046655437,1
1241,decision_tree_depth3,0,0.5125859927854769,1
1242,decision_tree_depth3,0,0.5004136293297256,1
1243,decision_tree_depth3,0,0.36607773851590075,0
1245,decision_tree_depth3,0,0.6921023046655437,1
1247,decision_tree_depth3,1,0.5431397988971784,1
1248,decision_tree_depth3,1,0.1562004440215667,0
1249,decision_tree_depth3,1,0.7361719060883405,1
1250,decision_tree_depth3,0,0.1562004440215667,0
1254,decision_tree_depth3,0,0.272894898586355,0
1256,decision_tree_depth3,1,0.4883507876915345,0
1257,decision_tree_depth3,1,0.4883507876915345,0
1260,decision_tree_depth3,0,0.5431397988971784,1
1264,decision_tree_depth3,0,0.6921023046655437,1
1266,decision_tree_depth3,0,0.6921023046655437,1
1267,decision_tree_depth3,0,0.6548672566371682,1
1271,decision_tree_depth3,1,0.6921023046655437,1
1274,decision_tree_depth3,0,0.8067210504078779,1
1275,decision_tree_depth3,0,0.370588998443176,0
1276,decision_tree_depth3,0,0.370588998443176,0
1277,decision_tree_depth3,0,0.7361719060883405,1
1278,decision_tree_depth3,0,0.370588998443176,0
1279,decision_tree_depth3,1,0.8141462603614946,1
1280,decision_tree_depth3,0,0.4883507876915345,0
1283,decision_tree_depth3,1,0.6921023046655437,1
1286,decision_tree_depth3,1,0.210073579070842,0
1298,decision_tree_depth3,1,0.5210820094461122,1
1303,decision_tree_depth3,0,0.5004136293297256,1
1307,decision_tree_depth3,0,0.7361719060883405,1
1315,decision_tree_depth3,0,0.4883507876915345,0
1316,decision_tree_depth3,1,0.7361719060883405,1
1322,decision_tree_depth3,0,0.5004136293297256,1
1325,decision_tree_depth3,0,0.5431397988971784,1
1331,decision_tree_depth3,0,0.5431397988971784,1
1334,decision_tree_depth3,0,0.482860670322089,0
1335,decision_tree_depth3,0,0.5250711255303215,1
1337,decision_tree_depth3,0,0.32067281606077047,0
1339,decision_tree_depth3,1,0.7361719060883405,1
1342,decision_tree_depth3,0,0.6921023046655437,1
1350,decision_tree_depth3,1,0.6921023046655437,1
1352,decision_tree_depth3,1,0.6921023046655437,1
1356,decision_tree_depth3,1,0.5210820094461122,1
1361,decision_tree_depth3,0,0.210073579070842,0
1362,decision_tree_depth3,0,0.4883507876915345,0
1373,decision_tree_depth3,1,0.5125859927854769,1
1374,decision_tree_depth3,1,0.4962563851374989,0
1375,decision_tree_depth3,1,0.210073579070842,0
1378,decision_tree_depth3,0,0.4883507876915345,0
1380,decision_tree_depth3,0,0.482860670322089,0
1387,decision_tree_depth3,0,0.6921023046655437,1
1392,decision_tree_depth3,0,0.4962563851374989,0
1393,decision_tree_depth3,0,0.8141462603614946,1
1396,decision_tree_depth3,1,0.5125859927854769,1
1397,decision_tree_depth3,0,0.370588998443176,0
1403,decision_tree_depth3,1,0.5250711255303215,1
1407,decision_tree_depth3,0,0.6548672566371682,1
1415,decision_tree_depth3,0,0.4962563851374989,0
1416,decision_tree_depth3,1,0.6921023046655437,1
1417,decision_tree_depth3,0,0.36607773851590075,0
1418,decision_tree_depth3,0,0.370588998443176,0
1422,decision_tree_depth3,0,0.482860670322089,0
1423,decision_tree_depth3,1,0.6921023046655437,1
1424,decision_tree_depth3,1,0.8067210504078779,1
1426,decision_tree_depth3,1,0.6921023046655437,1
1427,decision_tree_depth3,1,0.7721596953916797,1
1428,decision_tree_depth3,1,0.8067210504078779,1
1429,decision_tree_depth3,1,0.7721596953916797,1
1432,decision_tree_depth3,0,0.5210820094461122,1
1434,decision_tree_depth3,0,0.5250711255303215,1
1435,decision_tree_depth3,0,0.8141462603614946,1
1438,decision_tree_depth3,0,0.4962563851374989,0
1440,decision_tree_depth3,0,0.7721596953916797,1
1441,decision_tree_depth3,1,0.40909949027751574,0
1443,decision_tree_depth3,1,0.8141462603614946,1
1444,decision_tree_depth3,0,0.4883507876915345,0
1448,decision_tree_depth3,0,0.18559059710196932,0
1450,decision_tree_depth3,1,0.5250711255303215,1
1451,decision_tree_depth3,1,0.8067210504078779,1
1452,decision_tree_depth3,0,0.4962563851374989,0
1454,decision_tree_depth3,0,0.4883507876915345,0
1458,decision_tree_depth3,0,0.210073579070842,0
1460,decision_tree_depth3,0,0.4962563851374989,0
1466,decision_tree_depth3,0,0.5210820094461122,1
1467,decision_tree_depth3,0,0.5004136293297256,1
1468,decision_tree_depth3,0,0.5125859927854769,1
1469,decision_tree_depth3,1,0.370588998443176,0
1470,decision_tree_depth3,0,0.6921023046655437,1
1478,decision_tree_depth3,1,0.41776107742103485,0
1479,decision_tree_depth3,1,0.8067210504078779,1
1484,decision_tree_depth3,0,0.4962563851374989,0
1487,decision_tree_depth3,0,0.7361719060883405,1
1489,decision_tree_depth3,0,0.20555555555555555,0
1494,decision_tree_depth3,0,0.6921023046655437,1
1495,decision_tree_depth3,0,0.14489860250078837,0
1500,decision_tree_depth3,0,0.40909949027751574,0
1503,decision_tree_depth3,1,0.5004136293297256,1
1504,decision_tree_depth3,1,0.32067281606077047,0
1509,decision_tree_depth3,0,0.24836405114966684,0
1510,decision_tree_depth3,1,0.7361719060883405,1
1511,decision_tree_depth3,0,0.482860670322089,0
1518,decision_tree_depth3,0,0.5125859927854769,1
1520,decision_tree_depth3,1,0.7361719060883405,1
1522,decision_tree_depth3,0,0.46327960413502506,0
1525,decision_tree_depth3,1,0.5250711255303215,1
1526,decision_tree_depth3,1,0.370588998443176,0
1527,decision_tree_depth3,0,0.45628257093225266,0
1528,decision_tree_depth3,0,0.11592326703542453,0
1529,decision_tree_depth3,1,0.7721596953916797,1
1530,decision_tree_depth3,1,0.32067281606077047,0
1531,decision_tree_depth3,0,0.7721596953916797,1
1535,decision_tree_depth3,0,0.5250711255303215,1
1536,decision_tree_depth3,1,0.8067210504078779,1
1537,decision_tree_depth3,0,0.14489860250078837,0
1540,decision_tree_depth3,0,0.18559059710196932,0
1544,decision_tree_depth3,1,0.8141462603614946,1
1547,decision_tree_depth3,1,0.8141462603614946,1
1549,decision_tree_depth3,0,0.36607773851590075,0
1550,decision_tree_depth3,0,0.14489860250078837,0
1551,decision_tree_depth3,0,0.1562004440215667,0
1562,decision_tree_depth3,0,0.7361719060883405,1
1563,decision_tree_depth3,1,0.32067281606077047,0
1569,decision_tree_depth3,1,0.16952312656866253,0
1574,decision_tree_depth3,0,0.4962563851374989,0
1575,decision_tree_depth3,0,0.272894898586355,0
1576,decision_tree_depth3,0,0.6548672566371682,1
1577,decision_tree_depth3,1,0.5250711255303215,1
1580,decision_tree_depth3,0,0.5210820094461122,1
1582,decision_tree_depth3,1,0.16952312656866253,0
1583,decision_tree_depth3,0,0.4962563851374989,0
1586,decision_tree_depth3,0,0.4883507876915345,0
1587,decision_tree_depth3,0,0.36607773851590075,0
1589,decision_tree_depth3,0,0.482860670322089,0
1591,decision_tree_depth3,0,0.210073579070842,0
1593,decision_tree_depth3,0,0.14489860250078837,0
1594,decision_tree_depth3,0,0.1284443480147536,0
1595,decision_tree_depth3,0,0.14489860250078837,0
1597,decision_tree_depth3,1,0.8141462603614946,1
1598,decision_tree_depth3,0,0.687780548628429,1
1599,decision_tree_depth3,0,0.04206405693950175,0
1600,decision_tree_depth3,1,0.7721596953916797,1
1601,decision_tree_depth3,0,0.8141462603614946,1
1602,decision_tree_depth3,1,0.8067210504078779,1
1605,decision_tree_depth3,1,0.8141462603614946,1
1606,decision_tree_depth3,0,0.5125859927854769,1
1609,decision_tree_depth3,1,0.6921023046655437,1
1612,decision_tree_depth3,0,0.482860670322089,0
1613,decision_tree_depth3,0,0.20408739875682813,0
1615,decision_tree_depth3,1,0.6921023046655437,1
1617,decision_tree_depth3,0,0.04206405693950175,0
1619,decision_tree_depth3,0,0.41776107742103485,0
1621,decision_tree_depth3,0,0.6548672566371682,1
1622,decision_tree_depth3,1,0.210073579070842,0
1623,decision_tree_depth3,0,0.482860670322089,0
1624,decision_tree_depth3,0,0.36607773851590075,0
1627,decision_tree_depth3,1,0.8067210504078779,1
1628,decision_tree_depth3,0,0.370588998443176,0
1629,decision_tree_depth3,0,0.46327960413502506,0
1631,decision_tree_depth3,0,0.4962563851374989,0
1637,decision_tree_depth3,1,0.41776107742103485,0
1638,decision_tree_depth3,0,0.5004136293297256,1
1639,decision_tree_depth3,0,0.1284443480147536,0
1642,decision_tree_depth3,1,0.1284443480147536,0
1644,decision_tree_depth3,0,0.687780548628429,1
1645,decision_tree_depth3,0,0.272894898586355,0
1647,decision_tree_depth3,0,0.6921023046655437,1
1650,decision_tree_depth3,0,0.370588998443176,0
1651,decision_tree_depth3,0,0.32067281606077047,0
1654,decision_tree_depth3,1,0.8067210504078779,1
1660,decision_tree_depth3,0,0.45628257093225266,0
1664,decision_tree_depth3,0,0.370588998443176,0
1665,decision_tree_depth3,1,0.6921023046655437,1
1666,decision_tree_depth3,0,0.482860670322089,0
1667,decision_tree_depth3,1,0.20408739875682813,0
1668,decision_tree_depth3,0,0.04206405693950175,0
1670,decision_tree_depth3,0,0.7255349000350753,1
1672,decision_tree_depth3,0,0.5004136293297256,1
1673,decision_tree_depth3,0,0.8067210504078779,1
1674,decision_tree_depth3,0,0.272894898586355,0
1676,decision_tree_depth3,0,0.5250711255303215,1
1681,decision_tree_depth3,0,0.14489860250078837,0
1682,decision_tree_depth3,1,0.4962563851374989,0
1683,decision_tree_depth3,0,0.14489860250078837,0
1686,decision_tree_depth3,1,0.20555555555555555,0
1688,decision_tree_depth3,0,0.5004136293297256,1
1691,decision_tree_depth3,1,0.11592326703542453,0
1694,decision_tree_depth3,0,0.370588998443176,0
1699,decision_tree_depth3,0,0.40909949027751574,0
1700,decision_tree_depth3,0,0.11592326703542453,0
1701,decision_tree_depth3,0,0.04206405693950175,0
1702,decision_tree_depth3,0,0.482860670322089,0
1704,decision_tree_depth3,1,0.5125859927854769,1
1705,decision_tree_depth3,0,0.41776107742103485,0
1706,decision_tree_depth3,0,0.7721596953916797,1
1708,decision_tree_depth3,1,0.370588998443176,0
1712,decision_tree_depth3,0,0.6921023046655437,1
1713,decision_tree_depth3,0,0.36607773851590075,0
1715,decision_tree_depth3,0,0.5250711255303215,1
1717,decision_tree_depth3,0,0.04206405693950175,0
1719,decision_tree_depth3,0,0.272894898586355,0
1720,decision_tree_depth3,1,0.41776107742103485,0
1721,decision_tree_depth3,1,0.5004136293297256,1
1725,decision_tree_depth3,1,0.7721596953916797,1
1726,decision_tree_depth3,1,0.16952312656866253,0
1729,decision_tree_depth3,0,0.28805848903330644,0
1731,decision_tree_depth3,0,0.14489860250078837,0
1733,decision_tree_depth3,0,0.28805848903330644,0
1740,decision_tree_depth3,0,0.36607773851590075,0
1741,decision_tree_depth3,0,0.8067210504078779,1
1742,decision_tree_depth3,0,0.6921023046655437,1
1743,decision_tree_depth3,0,0.6921023046655437,1
1745,decision_tree_depth3,0,0.370588998443176,0
1746,decision_tree_depth3,0,0.370588998443176,0
1748,decision_tree_depth3,0,0.210073579070842,0
1750,decision_tree_depth3,0,0.41776107742103485,0
1753,decision_tree_depth3,0,0.04206405693950175,0
1754,decision_tree_depth3,0,0.370588998443176,0
1755,decision_tree_depth3,0,0.7721596953916797,1
1756,decision_tree_depth3,1,0.11592326703542453,0
1758,decision_tree_depth3,0,0.11592326703542453,0
1760,decision_tree_depth3,0,0.11592326703542453,0
1762,decision_tree_depth3,1,0.272894898586355,0
1763,decision_tree_depth3,0,0.0,0
1771,decision_tree_depth3,0,0.5004136293297256,1
1772,decision_tree_depth3,0,0.28805848903330644,0
1774,decision_tree_depth3,0,0.14489860250078837,0
1776,decision_tree_depth3,0,0.1284443480147536,0
1781,decision_tree_depth3,0,0.8067210504078779,1
1785,decision_tree_depth3,0,0.16952312656866253,0
1786,decision_tree_depth3,0,0.7255349000350753,1
1791,decision_tree_depth3,1,0.7721596953916797,1
1793,decision_tree_depth3,0,0.8141462603614946,1
1795,decision_tree_depth3,0,0.1562004440215667,0
1797,decision_tree_depth3,0,0.5210820094461122,1
1798,decision_tree_depth3,0,0.04206405693950175,0
1799,decision_tree_depth3,1,0.7361719060883405,1
1801,decision_tree_depth3,0,0.210073579070842,0
1802,decision_tree_depth3,0,0.4883507876915345,0
1806,decision_tree_depth3,0,0.11592326703542453,0
1809,decision_tree_depth3,0,0.482860670322089,0
1813,decision_tree_depth3,0,0.5250711255303215,1
1819,decision_tree_depth3,0,0.210073579070842,0
1832,decision_tree_depth3,0,0.370588998443176,0
1835,decision_tree_depth3,0,0.5125859927854769,1
1839,decision_tree_depth3,0,0.687780548628429,1
1843,decision_tree_depth3,0,0.4883507876915345,0
1847,decision_tree_depth3,0,0.11592326703542453,0
1849,decision_tree_depth3,0,0.14489860250078837,0
1859,decision_tree_depth3,0,0.20408739875682813,0
1868,decision_tree_depth3,0,0.7361719060883405,1
1870,decision_tree_depth3,0,0.6548672566371682,1
1871,decision_tree_depth3,0,0.5004136293297256,1
1875,decision_tree_depth3,0,0.6548672566371682,1
1880,decision_tree_depth3,0,0.45628257093225266,0
1881,decision_tree_depth3,0,0.14489860250078837,0
1884,decision_tree_depth3,0,0.32067281606077047,0
1885,decision_tree_depth3,1,0.6921023046655437,1
1886,decision_tree_depth3,0,0.45628257093225266,0
1890,decision_tree_depth3,0,0.46327960413502506,0
1891,decision_tree_depth3,0,0.7361719060883405,1
1893,decision_tree_depth3,0,0.18559059710196932,0
1895,decision_tree_depth3,1,0.7721596953916797,1
1896,decision_tree_depth3,0,0.370588998443176,0
1897,decision_tree_depth3,0,0.36607773851590075,0
1903,decision_tree_depth3,0,0.7361719060883405,1
1905,decision_tree_depth3,1,0.32067281606077047,0
1908,decision_tree_depth3,0,0.5004136293297256,1
1913,decision_tree_depth3,0,0.5210820094461122,1
1915,decision_tree_depth3,0,0.11592326703542453,0
1919,decision_tree_depth3,1,0.7721596953916797,1
1920,decision_tree_depth3,0,0.0,0
1921,decision_tree_depth3,1,0.18559059710196932,0
1927,decision_tree_depth3,0,0.16952312656866253,0
1928,decision_tree_depth3,1,0.11592326703542453,0
1930,decision_tree_depth3,1,0.04206405693950175,0
1934,decision_tree_depth3,0,0.7721596953916797,1
1937,decision_tree_depth3,0,0.5125859927854769,1
1938,decision_tree_depth3,1,0.18559059710196932,0
1939,decision_tree_depth3,1,0.7361719060883405,1
1940,decision_tree_depth3,0,0.18559059710196932,0
1947,decision_tree_depth3,0,0.0,0
1949,decision_tree_depth3,0,0.210073579070842,0
1950,decision_tree_depth3,0,0.20408739875682813,0
1955,decision_tree_depth3,1,0.46327960413502506,0
1956,decision_tree_depth3,0,0.36607773851590075,0
1969,decision_tree_depth3,0,0.04206405693950175,0
1971,decision_tree_depth3,0,0.8067210504078779,1
1974,decision_tree_depth3,1,0.272894898586355,0
1976,decision_tree_depth3,0,0.8067210504078779,1
1979,decision_tree_depth3,0,0.0,0
1981,decision_tree_depth3,1,0.5004136293297256,1
1983,decision_tree_depth3,0,0.20555555555555555,0
1984,decision_tree_depth3,0,0.272894898586355,0
1991,decision_tree_depth3,0,0.5004136293297256,1
1994,decision_tree_depth3,0,0.370588998443176,0
1996,decision_tree_depth3,1,0.11592326703542453,0
1997,decision_tree_depth3,0,0.7255349000350753,1
2001,decision_tree_depth3,1,0.8141462603614946,1
2002,decision_tree_depth3,1,0.8067210504078779,1
2003,decision_tree_depth3,0,0.8067210504078779,1
2004,decision_tree_depth3,0,0.5004136293297256,1
2006,decision_tree_depth3,1,0.7361719060883405,1
2014,decision_tree_depth3,0,0.5004136293297256,1
2018,decision_tree_depth3,0,0.36607773851590075,0
2020,decision_tree_depth3,1,0.370588998443176,0
2023,decision_tree_depth3,1,0.7361719060883405,1
2024,decision_tree_depth3,1,0.7361719060883405,1
2025,decision_tree_depth3,1,0.7361719060883405,1
2026,decision_tree_depth3,1,0.370588998443176,0
2027,decision_tree_depth3,1,0.6921023046655437,1
2028,decision_tree_depth3,0,0.4883507876915345,0
2030,decision_tree_depth3,1,0.20475805520267928,0
2032,decision_tree_depth3,1,0.482860670322089,0
2034,decision_tree_depth3,1,0.5431397988971784,1
2035,decision_tree_depth3,1,0.4883507876915345,0
2037,decision_tree_depth3,1,0.272894898586355,0
2039,decision_tree_depth3,0,0.14489860250078837,0
2040,decision_tree_depth3,1,0.5125859927854769,1
2041,decision_tree_depth3,0,0.6921023046655437,1
2042,decision_tree_depth3,0,0.7721596953916797,1
2043,decision_tree_depth3,0,0.6921023046655437,1
2044,decision_tree_depth3,1,0.5004136293297256,1
2047,decision_tree_depth3,1,0.482860670322089,0
2049,decision_tree_depth3,0,0.8141462603614946,1
2050,decision_tree_depth3,1,0.5431397988971784,1
2052,decision_tree_depth3,0,0.36607773851590075,0
2053,decision_tree_depth3,0,0.36607773851590075,0
2054,decision_tree_depth3,1,0.7361719060883405,1
2056,decision_tree_depth3,0,0.8141462603614946,1
2057,decision_tree_depth3,1,0.14489860250078837,0
2058,decision_tree_depth3,0,0.5250711255303215,1
2060,decision_tree_depth3,0,0.5210820094461122,1
2063,decision_tree_depth3,0,0.14489860250078837,0
2066,decision_tree_depth3,0,0.8141462603614946,1
2071,decision_tree_depth3,1,0.370588998443176,0
2073,decision_tree_depth3,0,0.6921023046655437,1
2077,decision_tree_depth3,0,0.6921023046655437,1
2079,decision_tree_depth3,0,0.6921023046655437,1
2083,decision_tree_depth3,1,0.5004136293297256,1
2090,decision_tree_depth3,0,0.370588998443176,0
2091,decision_tree_depth3,0,0.272894898586355,0
2095,decision_tree_depth3,1,0.7721596953916797,1
2096,decision_tree_depth3,0,0.5004136293297256,1
2097,decision_tree_depth3,0,0.5431397988971784,1
2098,decision_tree_depth3,1,0.36607773851590075,0
2099,decision_tree_depth3,1,0.20408739875682813,0
2103,decision_tree_depth3,0,0.1562004440215667,0
2104,decision_tree_depth3,0,0.4883507876915345,0
2105,decision_tree_depth3,0,0.370588998443176,0
2107,decision_tree_depth3,0,0.5210820094461122,1
2109,decision_tree_depth3,0,0.370588998443176,0
2111,decision_tree_depth3,0,0.5125859927854769,1
2113,decision_tree_depth3,1,0.7721596953916797,1
2114,decision_tree_depth3,0,0.7721596953916797,1
2115,decision_tree_depth3,1,0.1562004440215667,0
2119,decision_tree_depth3,0,0.1284443480147536,0
2121,decision_tree_depth3,0,0.14489860250078837,0
2127,decision_tree_depth3,0,0.687780548628429,1
2128,decision_tree_depth3,0,0.6921023046655437,1
2130,decision_tree_depth3,0,0.0,0
2134,decision_tree_depth3,1,0.8067210504078779,1
2136,decision_tree_depth3,0,0.6921023046655437,1
2139,decision_tree_depth3,0,0.16952312656866253,0
2142,decision_tree_depth3,1,0.5250711255303215,1
2144,decision_tree_depth3,0,0.6921023046655437,1
2145,decision_tree_depth3,1,0.4962563851374989,0
2153,decision_tree_depth3,1,0.8067210504078779,1
2155,decision_tree_depth3,0,0.1284443480147536,0
2156,decision_tree_depth3,1,0.6921023046655437,1
2158,decision_tree_depth3,1,0.370588998443176,0
2163,decision_tree_depth3,0,0.5250711255303215,1
2164,decision_tree_depth3,1,0.7361719060883405,1
2166,decision_tree_depth3,0,0.04206405693950175,0
2167,decision_tree_depth3,1,0.7361719060883405,1
2168,decision_tree_depth3,0,0.7721596953916797,1
2169,decision_tree_depth3,1,0.5210820094461122,1
2170,decision_tree_depth3,1,0.8141462603614946,1
2173,decision_tree_depth3,0,0.1562004440215667,0
2175,decision_tree_depth3,1,0.370588998443176,0
2178,decision_tree_depth3,0,0.272894898586355,0
2180,decision_tree_depth3,0,0.28805848903330644,0
2182,decision_tree_depth3,0,0.482860670322089,0
2183,decision_tree_depth3,0,0.5210820094461122,1
2184,decision_tree_depth3,0,0.6921023046655437,1
2185,decision_tree_depth3,0,0.4962563851374989,0
2186,decision_tree_depth3,1,0.5250711255303215,1
2188,decision_tree_depth3,1,0.5210820094461122,1
2189,decision_tree_depth3,1,0.482860670322089,0
2193,decision_tree_depth3,0,0.20475805520267928,0
2195,decision_tree_depth3,0,0.36607773851590075,0
2198,decision_tree_depth3,0,0.28805848903330644,0
2200,decision_tree_depth3,1,0.04206405693950175,0
2201,decision_tree_depth3,0,0.20475805520267928,0
2202,decision_tree_depth3,1,0.5125859927854769,1
2203,decision_tree_depth3,1,0.8141462603614946,1
2204,decision_tree_depth3,1,0.370588998443176,0
2208,decision_tree_depth3,0,0.5004136293297256,1
2212,decision_tree_depth3,0,0.20555555555555555,0
2220,decision_tree_depth3,1,0.7721596953916797,1
2224,decision_tree_depth3,0,0.20555555555555555,0
2225,decision_tree_depth3,1,0.6921023046655437,1
2227,decision_tree_depth3,0,0.41776107742103485,0
2229,decision_tree_depth3,1,0.7361719060883405,1
2230,decision_tree_depth3,0,0.6921023046655437,1
2231,decision_tree_depth3,0,0.370588998443176,0
2232,decision_tree_depth3,0,0.5004136293297256,1
2233,decision_tree_depth3,0,0.8067210504078779,1
2234,decision_tree_depth3,0,0.8141462603614946,1
2235,decision_tree_depth3,1,0.6921023046655437,1
2238,decision_tree_depth3,0,0.5250711255303215,1
2242,decision_tree_depth3,0,0.6921023046655437,1
2243,decision_tree_depth3,1,0.1562004440215667,0
2246,decision_tree_depth3,0,0.5431397988971784,1
2251,decision_tree_depth3,1,0.5210820094461122,1
2259,decision_tree_depth3,0,0.14489860250078837,0
2265,decision_tree_depth3,1,0.6548672566371682,1
2269,decision_tree_depth3,1,0.8141462603614946,1
2270,decision_tree_depth3,1,0.7361719060883405,1
2275,decision_tree_depth3,1,0.6921023046655437,1
2276,decision_tree_depth3,1,0.7361719060883405,1
2277,decision_tree_depth3,0,0.5004136293297256,1
2282,decision_tree_depth3,1,0.5250711255303215,1
2284,decision_tree_depth3,0,0.7721596953916797,1
2285,decision_tree_depth3,0,0.18559059710196932,0
2288,decision_tree_depth3,0,0.5004136293297256,1
2289,decision_tree_depth3,1,0.7721596953916797,1
2294,decision_tree_depth3,0,0.1562004440215667,0
2297,decision_tree_depth3,1,0.04206405693950175,0
2299,decision_tree_depth3,1,0.18559059710196932,0
2300,decision_tree_depth3,0,0.04206405693950175,0
2305,decision_tree_depth3,0,0.41776107742103485,0
2306,decision_tree_depth3,0,0.04206405693950175,0
2307,decision_tree_depth3,0,0.20408739875682813,0
2308,decision_tree_depth3,0,0.5004136293297256,1
2315,decision_tree_depth3,1,0.14489860250078837,0
2317,decision_tree_depth3,1,0.482860670322089,0
2319,decision_tree_depth3,0,0.36607773851590075,0
2326,decision_tree_depth3,0,0.5210820094461122,1
2327,decision_tree_depth3,0,0.14489860250078837,0
2328,decision_tree_depth3,0,0.46327960413502506,0
2331,decision_tree_depth3,1,0.370588998443176,0
2332,decision_tree_depth3,0,0.46327960413502506,0
2333,decision_tree_depth3,0,0.4962563851374989,0
2335,decision_tree_depth3,0,0.370588998443176,0
2337,decision_tree_depth3,0,0.272894898586355,0
2339,decision_tree_depth3,0,0.5210820094461122,1
2340,decision_tree_depth3,0,0.1562004440215667,0
2342,decision_tree_depth3,0,0.6921023046655437,1
2343,decision_tree_depth3,0,0.6921023046655437,1
2347,decision_tree_depth3,0,0.5250711255303215,1
2349,decision_tree_depth3,0,0.1562004440215667,0
2350,decision_tree_depth3,1,0.370588998443176,0
2351,decision_tree_depth3,0,0.6921023046655437,1
2356,decision_tree_depth3,1,0.8141462603614946,1
2358,decision_tree_depth3,0,0.7361719060883405,1
2359,decision_tree_depth3,1,0.7721596953916797,1
2360,decision_tree_depth3,1,0.8141462603614946,1
2363,decision_tree_depth3,0,0.6921023046655437,1
2368,decision_tree_depth3,0,0.5004136293297256,1
2370,decision_tree_depth3,1,0.46327960413502506,0
2372,decision_tree_depth3,1,0.5250711255303215,1
2377,decision_tree_depth3,1,0.5004136293297256,1
2379,decision_tree_depth3,1,0.5004136293297256,1
2380,decision_tree_depth3,0,0.0,0
2381,decision_tree_depth3,1,0.370588998443176,0
2382,decision_tree_depth3,0,0.7361719060883405,1
2386,decision_tree_depth3,0,0.5250711255303215,1
2387,decision_tree_depth3,1,0.5431397988971784,1
2389,decision_tree_depth3,0,0.370588998443176,0
2392,decision_tree_depth3,0,0.5250711255303215,1
2395,decision_tree_depth3,0,0.8141462603614946,1
2396,decision_tree_depth3,1,0.7361719060883405,1
2399,decision_tree_depth3,0,0.6921023046655437,1
2400,decision_tree_depth3,0,0.8141462603614946,1
2408,decision_tree_depth3,0,0.7721596953916797,1
2410,decision_tree_depth3,0,0.210073579070842,0
2415,decision_tree_depth3,0,0.370588998443176,0
2418,decision_tree_depth3,0,0.36607773851590075,0
2424,decision_tree_depth3,0,0.370588998443176,0
2425,decision_tree_depth3,0,0.5004136293297256,1
2426,decision_tree_depth3,0,0.8141462603614946,1
2427,decision_tree_depth3,0,0.14489860250078837,0
2430,decision_tree_depth3,0,0.5250711255303215,1
2436,decision_tree_depth3,0,0.6921023046655437,1
2439,decision_tree_depth3,1,0.210073579070842,0
2440,decision_tree_depth3,1,0.210073579070842,0
2443,decision_tree_depth3,0,0.20475805520267928,0
2444,decision_tree_depth3,1,0.482860670322089,0
2447,decision_tree_depth3,1,0.8141462603614946,1
2448,decision_tree_depth3,0,0.7361719060883405,1
2449,decision_tree_depth3,0,0.5250711255303215,1
2451,decision_tree_depth3,0,0.18559059710196932,0
2452,decision_tree_depth3,0,0.5210820094461122,1
2453,decision_tree_depth3,0,0.1562004440215667,0
2455,decision_tree_depth3,0,0.1562004440215667,0
2458,decision_tree_depth3,0,0.46327960413502506,0
2459,decision_tree_depth3,0,0.370588998443176,0
2460,decision_tree_depth3,0,0.6921023046655437,1
2464,decision_tree_depth3,1,0.6921023046655437,1
2470,decision_tree_depth3,1,0.36607773851590075,0
2478,decision_tree_depth3,0,0.1284443480147536,0
2479,decision_tree_depth3,0,0.36607773851590075,0
2480,decision_tree_depth3,1,0.5210820094461122,1
2481,decision_tree_depth3,0,0.8067210504078779,1
2482,decision_tree_depth3,0,0.41776107742103485,0
2486,decision_tree_depth3,0,0.210073579070842,0
2487,decision_tree_depth3,1,0.36607773851590075,0
2491,decision_tree_depth3,1,0.6921023046655437,1
2494,decision_tree_depth3,0,0.0,0
2496,decision_tree_depth3,1,0.8067210504078779,1
2499,decision_tree_depth3,1,0.7361719060883405,1
2502,decision_tree_depth3,1,0.5125859927854769,1
2503,decision_tree_depth3,1,0.6921023046655437,1
2504,decision_tree_depth3,1,0.7361719060883405,1
2505,decision_tree_depth3,0,0.5125859927854769,1
2508,decision_tree_depth3,0,0.7721596953916797,1
2509,decision_tree_depth3,0,0.370588998443176,0
2510,decision_tree_depth3,0,0.5004136293297256,1
2511,decision_tree_depth3,1,0.5004136293297256,1
2512,decision_tree_depth3,0,0.4962563851374989,0
2513,decision_tree_depth3,1,0.8141462603614946,1
2514,decision_tree_depth3,0,0.5431397988971784,1
2515,decision_tree_depth3,0,0.6921023046655437,1
2517,decision_tree_depth3,0,0.5210820094461122,1
2524,decision_tree_depth3,1,0.5210820094461122,1
2527,decision_tree_depth3,0,0.20408739875682813,0
2528,decision_tree_depth3,0,0.4883507876915345,0
2529,decision_tree_depth3,1,0.14489860250078837,0
2530,decision_tree_depth3,1,0.4883507876915345,0
2534,decision_tree_depth3,1,0.5004136293297256,1
2536,decision_tree_depth3,1,0.8067210504078779,1
2538,decision_tree_depth3,1,0.687780548628429,1
2539,decision_tree_depth3,0,0.28805848903330644,0
2540,decision_tree_depth3,0,0.6921023046655437,1
2541,decision_tree_depth3,0,0.5250711255303215,1
2544,decision_tree_depth3,0,0.6921023046655437,1
2546,decision_tree_depth3,0,0.482860670322089,0
2547,decision_tree_depth3,0,0.6921023046655437,1
2549,decision_tree_depth3,0,0.5250711255303215,1
2550,decision_tree_depth3,0,0.5004136293297256,1
2551,decision_tree_depth3,0,0.36607773851590075,0
2553,decision_tree_depth3,0,0.36607773851590075,0
2554,decision_tree_depth3,0,0.6921023046655437,1
2559,decision_tree_depth3,0,0.4883507876915345,0
2561,decision_tree_depth3,0,0.4883507876915345,0
2564,decision_tree_depth3,0,0.5210820094461122,1
2565,decision_tree_depth3,0,0.14489860250078837,0
2567,decision_tree_depth3,1,0.7721596953916797,1
2572,decision_tree_depth3,0,0.370588998443176,0
2573,decision_tree_depth3,0,0.6921023046655437,1
2574,decision_tree_depth3,0,0.6548672566371682,1
2576,decision_tree_depth3,0,0.5210820094461122,1
2577,decision_tree_depth3,0,0.7361719060883405,1
2578,decision_tree_depth3,0,0.5004136293297256,1
2579,decision_tree_depth3,0,0.5250711255303215,1
2581,decision_tree_depth3,1,0.32067281606077047,0
2582,decision_tree_depth3,0,0.11592326703542453,0
2588,decision_tree_depth3,0,0.5004136293297256,1
2589,decision_tree_depth3,0,0.5004136293297256,1
2590,decision_tree_depth3,0,0.5004136293297256,1
2593,decision_tree_depth3,0,0.1284443480147536,0
2594,decision_tree_depth3,0,0.5250711255303215,1
2595,decision_tree_depth3,0,0.5250711255303215,1
2596,decision_tree_depth3,0,0.5250711255303215,1
2599,decision_tree_depth3,0,0.7361719060883405,1
2604,decision_tree_depth3,0,0.8067210504078779,1
2605,decision_tree_depth3,0,0.0,0
2610,decision_tree_depth3,1,0.5004136293297256,1
2614,decision_tree_depth3,0,0.0,0
2615,decision_tree_depth3,0,0.8067210504078779,1
2616,decision_tree_depth3,0,0.18559059710196932,0
2618,decision_tree_depth3,0,0.6921023046655437,1
2620,decision_tree_depth3,0,0.14489860250078837,0
2624,decision_tree_depth3,0,0.6921023046655437,1
2634,decision_tree_depth3,0,0.5004136293297256,1
2635,decision_tree_depth3,1,0.7721596953916797,1
2638,decision_tree_depth3,0,0.8067210504078779,1
2640,decision_tree_depth3,1,0.7721596953916797,1
2641,decision_tree_depth3,1,0.5125859927854769,1
2644,decision_tree_depth3,1,0.1284443480147536,0
2648,decision_tree_depth3,1,0.1284443480147536,0
2652,decision_tree_depth3,1,0.8067210504078779,1
2653,decision_tree_depth3,1,0.8067210504078779,1
2654,decision_tree_depth3,1,0.7721596953916797,1
2656,decision_tree_depth3,1,0.370588998443176,0
2657,decision_tree_depth3,1,0.8067210504078779,1
2658,decision_tree_depth3,0,0.11592326703542453,0
2660,decision_tree_depth3,0,0.7361719060883405,1
2661,decision_tree_depth3,0,0.16952312656866253,0
2662,decision_tree_depth3,1,0.7361719060883405,1
2667,decision_tree_depth3,1,0.7361719060883405,1
2668,decision_tree_depth3,0,0.14489860250078837,0
2669,decision_tree_depth3,0,0.14489860250078837,0
2673,decision_tree_depth3,0,0.7361719060883405,1
2676,decision_tree_depth3,0,0.32067281606077047,0
2679,decision_tree_depth3,1,0.7721596953916797,1
2681,decision_tree_depth3,0,0.11592326703542453,0
2682,decision_tree_depth3,1,0.5004136293297256,1
2685,decision_tree_depth3,1,0.5004136293297256,1
2686,decision_tree_depth3,0,0.6921023046655437,1
2687,decision_tree_depth3,1,0.7361719060883405,1
2691,decision_tree_depth3,0,0.20408739875682813,0
2696,decision_tree_depth3,0,0.04206405693950175,0
2697,decision_tree_depth3,0,0.1284443480147536,0
2698,decision_tree_depth3,0,0.6921023046655437,1
2699,decision_tree_depth3,0,0.687780548628429,1
2706,decision_tree_depth3,0,0.20475805520267928,0
2708,decision_tree_depth3,1,0.46327960413502506,0
2711,decision_tree_depth3,0,0.36607773851590075,0
2713,decision_tree_depth3,0,0.11592326703542453,0
2715,decision_tree_depth3,0,0.5004136293297256,1
2716,decision_tree_depth3,0,0.370588998443176,0
2719,decision_tree_depth3,0,0.11592326703542453,0
2720,decision_tree_depth3,1,0.370588998443176,0
2722,decision_tree_depth3,0,0.370588998443176,0
2724,decision_tree_depth3,0,0.370588998443176,0
2725,decision_tree_depth3,0,0.40909949027751574,0
2727,decision_tree_depth3,0,0.1284443480147536,0
2729,decision_tree_depth3,0,0.5004136293297256,1
2733,decision_tree_depth3,0,0.687780548628429,1
2734,decision_tree_depth3,0,0.5004136293297256,1
2736,decision_tree_depth3,0,0.5250711255303215,1
2740,decision_tree_depth3,0,0.5250711255303215,1
2741,decision_tree_depth3,0,0.5210820094461122,1
2742,decision_tree_depth3,0,0.8067210504078779,1
2743,decision_tree_depth3,1,0.8141462603614946,1
2745,decision_tree_depth3,1,0.4962563851374989,0
2746,decision_tree_depth3,0,0.5250711255303215,1
2750,decision_tree_depth3,0,0.14489860250078837,0
2755,decision_tree_depth3,0,0.36607773851590075,0
2756,decision_tree_depth3,0,0.1284443480147536,0
2758,decision_tree_depth3,0,0.482860670322089,0
2759,decision_tree_depth3,1,0.482860670322089,0
2762,decision_tree_depth3,0,0.45628257093225266,0
2763,decision_tree_depth3,0,0.370588998443176,0
2766,decision_tree_depth3,0,0.7721596953916797,1
2767,decision_tree_depth3,0,0.272894898586355,0
2769,decision_tree_depth3,0,0.8067210504078779,1
2777,decision_tree_depth3,0,0.5250711255303215,1
2778,decision_tree_depth3,1,0.5250711255303215,1
2779,decision_tree_depth3,0,0.18559059710196932,0
2781,decision_tree_depth3,0,0.5210820094461122,1
2789,decision_tree_depth3,0,0.45628257093225266,0
2791,decision_tree_depth3,0,0.5431397988971784,1
2792,decision_tree_depth3,1,0.8141462603614946,1
2794,decision_tree_depth3,1,0.482860670322089,0
2796,decision_tree_depth3,0,0.482860670322089,0
2797,decision_tree_depth3,0,0.11592326703542453,0
2799,decision_tree_depth3,0,0.14489860250078837,0
2801,decision_tree_depth3,0,0.210073579070842,0
2802,decision_tree_depth3,0,0.482860670322089,0
2803,decision_tree_depth3,0,0.210073579070842,0
2804,decision_tree_depth3,1,0.11592326703542453,0
2805,decision_tree_depth3,0,0.5125859927854769,1
2806,decision_tree_depth3,0,0.1562004440215667,0
2810,decision_tree_depth3,1,0.6921023046655437,1
2811,decision_tree_depth3,0,0.20408739875682813,0
2812,decision_tree_depth3,0,0.6921023046655437,1
2814,decision_tree_depth3,1,0.6921023046655437,1
2815,decision_tree_depth3,0,0.5431397988971784,1
2816,decision_tree_depth3,0,0.5210820094461122,1
2818,decision_tree_depth3,0,0.482860670322089,0
2821,decision_tree_depth3,0,0.370588998443176,0
2823,decision_tree_depth3,0,0.28805848903330644,0
2824,decision_tree_depth3,0,0.8067210504078779,1
2827,decision_tree_depth3,0,0.41776107742103485,0
2829,decision_tree_depth3,1,0.7721596953916797,1
2830,decision_tree_depth3,1,0.6921023046655437,1
2834,decision_tree_depth3,1,0.14489860250078837,0
2836,decision_tree_depth3,0,0.6921023046655437,1
2840,decision_tree_depth3,0,0.11592326703542453,0
2844,decision_tree_depth3,0,0.272894898586355,0
2849,decision_tree_depth3,0,0.5004136293297256,1
2850,decision_tree_depth3,0,0.5210820094461122,1
2851,decision_tree_depth3,0,0.04206405693950175,0
2853,decision_tree_depth3,0,0.6921023046655437,1
2856,decision_tree_depth3,0,0.11592326703542453,0
2858,decision_tree_depth3,0,0.5250711255303215,1
2860,decision_tree_depth3,0,0.5004136293297256,1
2861,decision_tree_depth3,1,0.4883507876915345,0
2862,decision_tree_depth3,0,0.210073579070842,0
2864,decision_tree_depth3,1,0.7721596953916797,1
2866,decision_tree_depth3,1,0.370588998443176,0
2867,decision_tree_depth3,0,0.04206405693950175,0
2868,decision_tree_depth3,0,0.28805848903330644,0
2869,decision_tree_depth3,0,0.11592326703542453,0
2870,decision_tree_depth3,0,0.32067281606077047,0
2873,decision_tree_depth3,1,0.7255349000350753,1
2877,decision_tree_depth3,1,0.14489860250078837,0
2878,decision_tree_depth3,0,0.482860670322089,0
2881,decision_tree_depth3,0,0.1284443480147536,0
2887,decision_tree_depth3,0,0.5250711255303215,1
2889,decision_tree_depth3,0,0.1284443480147536,0
2890,decision_tree_depth3,0,0.6921023046655437,1
2891,decision_tree_depth3,0,0.6921023046655437,1
2892,decision_tree_depth3,0,0.272894898586355,0
2896,decision_tree_depth3,0,0.370588998443176,0
2897,decision_tree_depth3,0,0.7721596953916797,1
2898,decision_tree_depth3,0,0.7255349000350753,1
2899,decision_tree_depth3,0,0.7361719060883405,1
2901,decision_tree_depth3,0,0.6921023046655437,1
2904,decision_tree_depth3,0,0.18559059710196932,0
2905,decision_tree_depth3,0,0.8141462603614946,1
2906,decision_tree_depth3,0,0.7255349000350753,1
2907,decision_tree_depth3,0,0.1562004440215667,0
2908,decision_tree_depth3,0,0.4883507876915345,0
2910,decision_tree_depth3,0,0.482860670322089,0
2911,decision_tree_depth3,0,0.14489860250078837,0
2912,decision_tree_depth3,0,0.482860670322089,0
2913,decision_tree_depth3,0,0.1284443480147536,0
2914,decision_tree_depth3,0,0.7721596953916797,1
2916,decision_tree_depth3,0,0.1284443480147536,0
2917,decision_tree_depth3,0,0.482860670322089,0
2920,decision_tree_depth3,0,0.14489860250078837,0
2921,decision_tree_depth3,0,0.14489860250078837,0
2922,decision_tree_depth3,0,0.5250711255303215,1
2924,decision_tree_depth3,0,0.370588998443176,0
2927,decision_tree_depth3,0,0.36607773851590075,0
2928,decision_tree_depth3,0,0.272894898586355,0
2930,decision_tree_depth3,0,0.482860670322089,0
2931,decision_tree_depth3,0,0.210073579070842,0
2934,decision_tree_depth3,0,0.36607773851590075,0
2935,decision_tree_depth3,0,0.7721596953916797,1
2936,decision_tree_depth3,0,0.7361719060883405,1
2937,decision_tree_depth3,1,0.5210820094461122,1
2940,decision_tree_depth3,0,0.41776107742103485,0
2943,decision_tree_depth3,0,0.46327960413502506,0
2944,decision_tree_depth3,1,0.8067210504078779,1
2945,decision_tree_depth3,0,0.14489860250078837,0
2946,decision_tree_depth3,0,0.5210820094461122,1
2947,decision_tree_depth3,0,0.14489860250078837,0
2949,decision_tree_depth3,0,0.210073579070842,0
2950,decision_tree_depth3,1,0.7361719060883405,1
2953,decision_tree_depth3,0,0.11592326703542453,0
2954,decision_tree_depth3,0,0.5250711255303215,1
2955,decision_tree_depth3,0,0.272894898586355,0
2956,decision_tree_depth3,0,0.8067210504078779,1
2959,decision_tree_depth3,1,0.7255349000350753,1
2960,decision_tree_depth3,1,0.5004136293297256,1
2961,decision_tree_depth3,0,0.11592326703542453,0
2963,decision_tree_depth3,0,0.6548672566371682,1
2966,decision_tree_depth3,0,0.7361719060883405,1
2968,decision_tree_depth3,0,0.7721596953916797,1
2969,decision_tree_depth3,0,0.5125859927854769,1
2980,decision_tree_depth3,0,0.7361719060883405,1
2982,decision_tree_depth3,1,0.14489860250078837,0
2985,decision_tree_depth3,0,0.32067281606077047,0
2987,decision_tree_depth3,0,0.7721596953916797,1
2988,decision_tree_depth3,0,0.18559059710196932,0
2989,decision_tree_depth3,0,0.20555555555555555,0
2990,decision_tree_depth3,1,0.7255349000350753,1
2994,decision_tree_depth3,0,0.16952312656866253,0
2995,decision_tree_depth3,0,0.16952312656866253,0
2997,decision_tree_depth3,0,0.8067210504078779,1
2999,decision_tree_depth3,0,0.370588998443176,0
2,random_forest,1,0.7452024954515543,1
4,random_forest,1,0.6855357205775777,1
5,random_forest,1,0.6322982049781115,1
6,random_forest,0,0.4045621513682857,0
28,random_forest,0,0.5493313620374781,1
31,random_forest,1,0.7595463723355729,1
33,random_forest,1,0.7230670593583975,1
34,random_forest,1,0.6795822095248509,1
35,random_forest,1,0.5201778716910057,1
36,random_forest,1,0.7157968104582614,1
38,random_forest,1,0.658275087526744,1
42,random_forest,0,0.5249193464915861,1
54,random_forest,0,0.4175178265975711,0
57,random_forest,0,0.5738688638312944,1
64,random_forest,0,0.5199963335346701,1
88,random_forest,1,0.5136759527939838,1
91,random_forest,1,0.5875411680105947,1
92,random_forest,0,0.49924172237466535,0
94,random_forest,1,0.6553263198978259,1
96,random_forest,1,0.5425181071476464,1
98,random_forest,1,0.6624157526671475,1
101,random_forest,0,0.30534278228962,0
104,random_forest,1,0.4918639109236825,0
105,random_forest,0,0.49517884524114825,0
106,random_forest,0,0.5088294241235106,1
107,random_forest,0,0.46562408949086903,0
108,random_forest,1,0.5343743636576664,1
109,random_forest,0,0.5004362686207908,1
110,random_forest,0,0.523224401551858,1
111,random_forest,1,0.48582795821613256,0
115,random_forest,0,0.5660879839195979,1
118,random_forest,0,0.6809829522523937,1
126,random_forest,0,0.3818718903314714,0
127,random_forest,0,0.3602616764324666,0
129,random_forest,1,0.5216714529319455,1
131,random_forest,0,0.49613118368032244,0
132,random_forest,0,0.38728896878777763,0
135,random_forest,0,0.42751387803353935,0
136,random_forest,1,0.5016278445359529,1
139,random_forest,1,0.6335746848413801,1
141,random_forest,1,0.649490972236501,1
155,random_forest,1,0.5741419211385235,1
156,random_forest,0,0.6126359110378635,1
159,random_forest,1,0.4651165444686541,0
169,random_forest,0,0.38624042579559786,0
170,random_forest,0,0.45292916931043625,0
178,random_forest,0,0.44702641599404386,0
182,random_forest,0,0.4828571674558187,0
184,random_forest,0,0.6285322236634503,1
189,random_forest,1,0.7223889472753037,1
192,random_forest,1,0.7533541094968016,1
202,random_forest,0,0.44874976636044284,0
205,random_forest,1,0.4301248055662225,0
206,random_forest,1,0.34947721960308653,0
208,random_forest,0,0.5069326322195803,1
209,random_forest,1,0.4255356220442563,0
214,random_forest,1,0.6641473322473043,1
217,random_forest,0,0.4924858528278955,0
226,random_forest,1,0.7012363417101206,1
232,random_forest,0,0.5136753118310685,1
233,random_forest,1,0.4870861279497698,0
234,random_forest,0,0.3591638795858085,0
235,random_forest,0,0.43605754256989077,0
236,random_forest,1,0.5783764427881598,1
237,random_forest,0,0.7266750835794803,1
238,random_forest,1,0.7499950152184816,1
239,random_forest,1,0.4984172263990057,0
240,random_forest,1,0.7019719386376057,1
241,random_forest,1,0.5713310070994041,1
243,random_forest,0,0.23817399003397455,0
244,random_forest,0,0.4787777365578765,0
252,random_forest,0,0.4512035521894089,0
255,random_forest,1,0.5313156353428939,1
256,random_forest,0,0.3518151191646748,0
294,random_forest,0,0.4621944678723368,0
300,random_forest,0,0.5075146758097135,1
311,random_forest,0,0.3792628498580127,0
312,random_forest,0,0.518727631175493,1
313,random_forest,0,0.3553796915568752,0
321,random_forest,1,0.6781364307518896,1
324,random_forest,1,0.5852724993403946,1
332,random_forest,1,0.30754077740691027,0
334,random_forest,1,0.42416654393569353,0
343,random_forest,0,0.39024029203537797,0
352,random_forest,1,0.5493653653479932,1
354,random_forest,1,0.5181037687696138,1
377,random_forest,0,0.31558234271498314,0
381,random_forest,1,0.6585295349973785,1
382,random_forest,0,0.5570059676440459,1
391,random_forest,0,0.47274637898191485,0
394,random_forest,0,0.4188007036533804,0
395,random_forest,0,0.5958372740779627,1
401,random_forest,0,0.4348929989114933,0
403,random_forest,0,0.6040613131587742,1
412,random_forest,1,0.624215913812881,1
423,random_forest,1,0.7030358472937693,1
424,random_forest,1,0.6579777490106806,1
433,random_forest,0,0.4096497579372951,0
442,random_forest,0,0.5693698973860126,1
453,random_forest,1,0.724536583773603,1
454,random_forest,1,0.7847216650638644,1
464,random_forest,1,0.5663897348954193,1
467,random_forest,0,0.36712505262926515,0
473,random_forest,1,0.7135084385491403,1
474,random_forest,1,0.6745287432836827,1
475,random_forest,0,0.615414300599481,1
477,random_forest,1,0.6078181323391566,1
479,random_forest,0,0.47360869051910726,0
482,random_forest,1,0.6166504470125158,1
483,random_forest,0,0.5886588576393249,1
484,random_forest,1,0.627531945720489,1
485,random_forest,1,0.585046216512708,1
489,random_forest,0,0.617401072296363,1
490,random_forest,0,0.43357638635278095,0
491,random_forest,0,0.49255350061773356,0
493,random_forest,1,0.7697649467427057,1
494,random_forest,1,0.7281862744041094,1
497,random_forest,1,0.4162057917229413,0
504,random_forest,1,0.49407931486808004,0
508,random_forest,0,0.5627875979042933,1
526,random_forest,1,0.7532638709477373,1
527,random_forest,1,0.3148742309153054,0
535,random_forest,0,0.24951144590753183,0
544,random_forest,0,0.408272309437546,0
546,random_forest,0,0.3676273479633103,0
547,random_forest,1,0.5602985414248077,1
550,random_forest,0,0.3482953260919861,0
551,random_forest,1,0.41476253195454904,0
552,random_forest,0,0.3625021563269692,0
553,random_forest,0,0.4447841765259284,0
556,random_forest,1,0.5205771575109521,1
557,random_forest,0,0.33722501680560335,0
560,random_forest,1,0.5732754995394608,1
563,random_forest,0,0.3284178098055149,0
565,random_forest,0,0.4223035962452048,0
567,random_forest,1,0.39998211108957155,0
575,random_forest,1,0.7849640046994054,1
579,random_forest,1,0.4909081987666554,0
580,random_forest,1,0.7098744225068154,1
581,random_forest,1,0.5701401403624999,1
582,random_forest,1,0.4159057328105929,0
583,random_forest,1,0.6881376766637993,1
584,random_forest,1,0.6166474027853922,1
585,random_forest,1,0.6190034006033959,1
586,random_forest,0,0.4496911011620612,0
587,random_forest,1,0.633132342115665,1
588,random_forest,1,0.5013925704596034,1
589,random_forest,1,0.52036973691016,1
590,random_forest,0,0.2979008580819542,0
592,random_forest,1,0.26719491386970906,0
596,random_forest,0,0.2229737998929923,0
597,random_forest,1,0.39003925858000327,0
601,random_forest,0,0.3109429953249734,0
611,random_forest,0,0.28152008428272557,0
613,random_forest,0,0.37397907845465234,0
614,random_forest,0,0.6186243884388813,1
615,random_forest,1,0.5638836165749108,1
616,random_forest,0,0.42366538572210294,0
626,random_forest,0,0.2714152776988365,0
635,random_forest,0,0.48002557415305525,0
637,random_forest,0,0.5154777619626836,1
638,random_forest,0,0.6024118434967339,1
639,random_forest,1,0.6340841322418973,1
640,random_forest,1,0.6779275350285385,1
643,random_forest,1,0.3012566678319081,0
644,random_forest,0,0.3630382375217604,0
645,random_forest,1,0.2238627880916095,0
646,random_forest,0,0.29572354149907953,0
647,random_forest,1,0.8158498126875662,1
648,random_forest,1,0.6937195191754879,1
649,random_forest,0,0.2994314199301265,0
650,random_forest,1,0.3889027431200259,0
651,random_forest,1,0.389960076966875,0
652,random_forest,1,0.5425489301823699,1
655,random_forest,0,0.28485786046939143,0
656,random_forest,0,0.3634032584176778,0
657,random_forest,0,0.32951476672972424,0
658,random_forest,0,0.2270819054633307,0
661,random_forest,0,0.24152291191486805,0
664,random_forest,0,0.36051120949554744,0
665,random_forest,0,0.3772367039202008,0
666,random_forest,0,0.4988554039382315,0
667,random_forest,0,0.46949473318639673,0
675,random_forest,0,0.5170791629055589,1
679,random_forest,0,0.3280972304704799,0
682,random_forest,1,0.616257356273154,1
683,random_forest,1,0.6749752192114419,1
684,random_forest,1,0.5975329056054435,1
686,random_forest,1,0.679831509200467,1
687,random_forest,1,0.6011117810743868,1
688,random_forest,1,0.6542866302818079,1
691,random_forest,0,0.26231983322768926,0
694,random_forest,0,0.3876769570746562,0
695,random_forest,0,0.23742077754621035,0
696,random_forest,0,0.3396731011050217,0
702,random_forest,1,0.6241411181604197,1
703,random_forest,1,0.6353707051721191,1
704,random_forest,0,0.6148129210692788,1
706,random_forest,1,0.44788034432052237,0
710,random_forest,1,0.5068171887153758,1
714,random_forest,0,0.20106414464748504,0
715,random_forest,0,0.2575716249721314,0
717,random_forest,0,0.23074877723103956,0
718,random_forest,0,0.22965602821283043,0
725,random_forest,0,0.2702625379871066,0
734,random_forest,0,0.4194368472881774,0
738,random_forest,1,0.658183079902883,1
739,random_forest,0,0.5440714211980849,1
740,random_forest,0,0.3201986851333629,0
745,random_forest,0,0.4633844170794921,0
747,random_forest,0,0.28129605283212805,0
751,random_forest,0,0.7177514695076003,1
755,random_forest,0,0.3454486007792021,0
757,random_forest,1,0.7006063495089588,1
759,random_forest,1,0.6244476370690123,1
760,random_forest,1,0.42262209063340955,0
761,random_forest,0,0.6178810524003214,1
762,random_forest,1,0.32726634133066995,0
764,random_forest,1,0.5736175664216611,1
767,random_forest,0,0.33897107329055803,0
768,random_forest,0,0.35343784259749794,0
769,random_forest,0,0.3014450223304641,0
776,random_forest,0,0.5084683044282947,1
777,random_forest,1,0.644474640802095,1
778,random_forest,0,0.37451613407098494,0
783,random_forest,0,0.32227406726645136,0
784,random_forest,0,0.28268092455511107,0
791,random_forest,0,0.37364522135887684,0
793,random_forest,0,0.2918131490930421,0
794,random_forest,1,0.301108835895144,0
796,random_forest,0,0.37009959859659297,0
802,random_forest,0,0.4230918110862673,0
803,random_forest,0,0.3226566475362075,0
804,random_forest,0,0.3262739873760888,0
806,random_forest,0,0.4870378551812165,0
807,random_forest,0,0.5639923822326576,1
811,random_forest,1,0.533818137565773,1
812,random_forest,0,0.3917304101830248,0
813,random_forest,0,0.5112601892088416,1
815,random_forest,1,0.5243912469010753,1
819,random_forest,0,0.41838791383089946,0
821,random_forest,0,0.2513196998006876,0
824,random_forest,0,0.3685941590442708,0
831,random_forest,0,0.3878229603327807,0
832,random_forest,0,0.2980852397099743,0
833,random_forest,1,0.3927912511700105,0
834,random_forest,0,0.30648773002200047,0
837,random_forest,1,0.7517438026197434,1
840,random_forest,0,0.18958549581394582,0
861,random_forest,0,0.38794451481938436,0
869,random_forest,0,0.3914190143730876,0
870,random_forest,0,0.3572511246943464,0
873,random_forest,0,0.3667635111748953,0
874,random_forest,0,0.3516477181284213,0
877,random_forest,0,0.32441731381086475,0
878,random_forest,0,0.40137860614279786,0
884,random_forest,0,0.2584066029936523,0
888,random_forest,0,0.3264938521052179,0
894,random_forest,0,0.26221292866046353,0
901,random_forest,1,0.2722199487103333,0
931,random_forest,0,0.25139229959444936,0
932,random_forest,0,0.42064750661950406,0
935,random_forest,1,0.3282599563622567,0
936,random_forest,1,0.6589756212010749,1
937,random_forest,1,0.4735572172308961,0
939,random_forest,0,0.45967499144334123,0
940,random_forest,0,0.2829474783201083,0
941,random_forest,0,0.3488114530688287,0
946,random_forest,1,0.30156154523783363,0
960,random_forest,0,0.33579187743825967,0
966,random_forest,0,0.5432650924263944,1
974,random_forest,1,0.3669707624346314,0
977,random_forest,0,0.567289149718955,1
985,random_forest,0,0.2477203375407785,0
988,random_forest,0,0.3350826493367022,0
992,random_forest,1,0.2839291060970053,0
993,random_forest,0,0.31082725671127115,0
994,random_forest,1,0.3582317278810746,0
995,random_forest,0,0.5564457687120582,1
998,random_forest,0,0.2949364782744191,0
1002,random_forest,0,0.45203969937666527,0
1003,random_forest,0,0.5869621023651038,1
1008,random_forest,1,0.6109368854154131,1
1010,random_forest,1,0.7149678950032342,1
1011,random_forest,0,0.5348128097575573,1
1013,random_forest,0,0.5565712251313677,1
1016,random_forest,1,0.5544585012053487,1
1019,random_forest,1,0.7319158887360404,1
1020,random_forest,1,0.7484632125559796,1
1021,random_forest,1,0.6538016044608909,1
1026,random_forest,1,0.40092250990388945,0
1034,random_forest,0,0.39848382074793204,0
1036,random_forest,0,0.4142694214574694,0
1041,random_forest,0,0.5815675845392304,1
1042,random_forest,0,0.5096992668988876,1
1045,random_forest,0,0.3911506923869298,0
1048,random_forest,1,0.3107433379823812,0
1049,random_forest,0,0.541244364670416,1
1053,random_forest,1,0.609457246494813,1
1054,random_forest,0,0.6854310989975165,1
1056,random_forest,1,0.6408808212700808,1
1067,random_forest,0,0.5116368724654752,1
1068,random_forest,0,0.6345464938804141,1
1069,random_forest,0,0.4722929684048363,0
1070,random_forest,0,0.4787221742849747,0
1073,random_forest,0,0.5969956409323409,1
1077,random_forest,0,0.7770755807424418,1
1078,random_forest,1,0.6719313814147427,1
1079,random_forest,1,0.6669269474385136,1
1080,random_forest,1,0.4500271398008944,0
1081,random_forest,0,0.4134415842834879,0
1084,random_forest,0,0.5446751722157099,1
1086,random_forest,1,0.7425732682069625,1
1088,random_forest,0,0.41214660408409126,0
1092,random_forest,0,0.5561146427075457,1
1094,random_forest,0,0.5624303073464337,1
1095,random_forest,0,0.5118943190935186,1
1096,random_forest,0,0.6635844215866626,1
1098,random_forest,0,0.5338006768940382,1
1100,random_forest,1,0.6945636299466913,1
1104,random_forest,1,0.7125047123070969,1
1105,random_forest,0,0.4467846451817163,0
1108,random_forest,0,0.3311440909777629,0
1109,random_forest,0,0.4825205897330531,0
1111,random_forest,1,0.6244361151769504,1
1115,random_forest,0,0.3220253835433508,0
1117,random_forest,1,0.37404708930999975,0
1118,random_forest,0,0.5796625236320881,1
1126,random_forest,1,0.6093577694624592,1
1133,random_forest,1,0.7293793113195741,1
1134,random_forest,1,0.6340654045015215,1
1135,random_forest,1,0.6188665233677332,1
1137,random_forest,1,0.535421037798026,1
1138,random_forest,0,0.5716851985267429,1
1139,random_forest,0,0.7200595863512563,1
1143,random_forest,1,0.6446984622332824,1
1144,random_forest,1,0.6592258999018789,1
1147,random_forest,0,0.37473094024649256,0
1152,random_forest,0,0.32136424607115105,0
1156,random_forest,0,0.40090810518850495,0
1166,random_forest,0,0.5226252902051972,1
1169,random_forest,0,0.5185383886327672,1
1171,random_forest,1,0.5401979738030244,1
1172,random_forest,0,0.5971517437126141,1
1173,random_forest,1,0.566918527936492,1
1175,random_forest,0,0.4360741110181368,0
1177,random_forest,1,0.6228603015219261,1
1178,random_forest,1,0.5435585361324552,1
1183,random_forest,1,0.5876012285026914,1
1184,random_forest,0,0.4709723898301731,0
1185,random_forest,1,0.42267757857524757,0
1186,random_forest,0,0.396273514732083,0
1187,random_forest,0,0.293633338342845,0
1188,random_forest,0,0.33200946937587195,0
1189,random_forest,1,0.7587161106090632,1
1191,random_forest,1,0.6587793993277885,1
1193,random_forest,1,0.6075106261223328,1
1194,random_forest,1,0.49631335579847285,0
1199,random_forest,0,0.36471537298462714,0
1200,random_forest,0,0.4375016746121971,0
1201,random_forest,0,0.4335743977186099,0
1203,random_forest,0,0.5258777620879175,1
1207,random_forest,0,0.44980638376781185,0
1208,random_forest,0,0.41889608749217633,0
1212,random_forest,1,0.7304315140454897,1
1213,random_forest,1,0.3796092796923081,0
1215,random_forest,0,0.3388063463468712,0
1219,random_forest,0,0.6041272607364577,1
1222,random_forest,0,0.36440045737927945,0
1224,random_forest,0,0.6805408889206449,1
1225,random_forest,1,0.7092169969030085,1
1227,random_forest,0,0.3589933760586956,0
1228,random_forest,0,0.3708682156488208,0
1229,random_forest,1,0.7055528334933702,1
1230,random_forest,1,0.8003448817888438,1
1237,random_forest,1,0.49342039554528666,0
1240,random_forest,1,0.6154933879123231,1
1241,random_forest,0,0.4501105926327702,0
1242,random_forest,0,0.39878415645787013,0
1243,random_forest,0,0.3637620684556393,0
1245,random_forest,0,0.6658850336402934,1
1247,random_forest,1,0.43733906844196024,0
1248,random_forest,1,0.5565928367876755,1
1249,random_forest,1,0.7769781535345798,1
1250,random_forest,0,0.30834595746275373,0
1254,random_forest,0,0.45547958198910965,0
1256,random_forest,1,0.4744083027418515,0
1257,random_forest,1,0.5551513735283532,1
1260,random_forest,0,0.46110842263602697,0
1264,random_forest,0,0.6052657012483187,1
1266,random_forest,0,0.4410300126691272,0
1267,random_forest,0,0.4626088008765898,0
1271,random_forest,1,0.6340061564962842,1
1274,random_forest,0,0.41718069269638536,0
1275,random_forest,0,0.4994997899604283,0
1276,random_forest,0,0.4089788328065579,0
1277,random_forest,0,0.5823673096162811,1
1278,random_forest,0,0.23253882419251545,0
1279,random_forest,1,0.6225312211900793,1
1280,random_forest,0,0.49415440406247557,0
1283,random_forest,1,0.5469038710440732,1
1286,random_forest,1,0.3758077844041024,0
1298,random_forest,1,0.5809141934313375,1
1303,random_forest,0,0.5515092880029143,1
1307,random_forest,0,0.6868682127074626,1
1315,random_forest,0,0.462137950996526,0
1316,random_forest,1,0.5372381801136323,1
1322,random_forest,0,0.6347482984445236,1
1325,random_forest,0,0.3286067638438161,0
1331,random_forest,0,0.26359984125848407,0
1334,random_forest,0,0.6091767808245535,1
1335,random_forest,0,0.6593171245509314,1
1337,random_forest,0,0.4680791582638698,0
1339,random_forest,1,0.6539679941164637,1
1342,random_forest,0,0.4651250780611889,0
1350,random_forest,1,0.655897975167076,1
1352,random_forest,1,0.5287641482217332,1
1356,random_forest,1,0.4670397714091965,0
1361,random_forest,0,0.31638266039144697,0
1362,random_forest,0,0.36042573400436523,0
1373,random_forest,1,0.6008774484269729,1
1374,random_forest,1,0.46520037728568764,0
1375,random_forest,1,0.3460744061753867,0
1378,random_forest,0,0.31701189720138057,0
1380,random_forest,0,0.48096478221174027,0
1387,random_forest,0,0.4997775626672567,0
1392,random_forest,0,0.5925408448009303,1
1393,random_forest,0,0.5857392713280251,1
1396,random_forest,1,0.6880552928001981,1
1397,random_forest,0,0.37394940481831845,0
1403,random_forest,1,0.4498977365492638,0
1407,random_forest,0,0.39487424461854964,0
1415,random_forest,0,0.6280682064616785,1
1416,random_forest,1,0.4623140511663912,0
1417,random_forest,0,0.41481892432829487,0
1418,random_forest,0,0.5729448425324957,1
1422,random_forest,0,0.48086512416003935,0
1423,random_forest,1,0.7130800128715098,1
1424,random_forest,1,0.7518321276028689,1
1426,random_forest,1,0.6358565498240283,1
1427,random_forest,1,0.6542356329920878,1
1428,random_forest,1,0.45946325631271767,0
1429,random_forest,1,0.734400778344591,1
1432,random_forest,0,0.40454231873059326,0
1434,random_forest,0,0.6691455025594584,1
1435,random_forest,0,0.5852449172214061,1
1438,random_forest,0,0.5874922822232941,1
1440,random_forest,0,0.41912605833013045,0
1441,random_forest,1,0.3167363390850895,0
1443,random_forest,1,0.4917082515082419,0
1444,random_forest,0,0.3840661282405655,0
1448,random_forest,0,0.3587332436199876,0
1450,random_forest,1,0.5654217237017373,1
1451,random_forest,1,0.6203304853919647,1
1452,random_forest,0,0.49926503310401926,0
1454,random_forest,0,0.3807538275558246,0
1458,random_forest,0,0.43743609358545843,0
1460,random_forest,0,0.48630747201208585,0
1466,random_forest,0,0.39836604156853506,0
1467,random_forest,0,0.4946305698217544,0
1468,random_forest,0,0.5766851641097885,1
1469,random_forest,1,0.47812395888441755,0
1470,random_forest,0,0.534616480845599,1
1478,random_forest,1,0.6143771218257662,1
1479,random_forest,1,0.5148332850171355,1
1484,random_forest,0,0.4473824706772682,0
1487,random_forest,0,0.6113830403479168,1
1489,random_forest,0,0.3893488148289145,0
1494,random_forest,0,0.40602351250661434,0
1495,random_forest,0,0.23959129614836983,0
1500,random_forest,0,0.408817790092972,0
1503,random_forest,1,0.4666083077015394,0
1504,random_forest,1,0.4730954611390617,0
1509,random_forest,0,0.3721476747723186,0
1510,random_forest,1,0.7566537670077904,1
1511,random_forest,0,0.41588809617106665,0
1518,random_forest,0,0.5656340779828666,1
1520,random_forest,1,0.4861714169183592,0
1522,random_forest,0,0.3772860528257901,0
1525,random_forest,1,0.6980567996846451,1
1526,random_forest,1,0.4167010456937542,0
1527,random_forest,0,0.3867807566694922,0
1528,random_forest,0,0.2907334118048239,0
1529,random_forest,1,0.5440942085060627,1
1530,random_forest,1,0.5171822704503748,1
1531,random_forest,0,0.6695204269703623,1
1535,random_forest,0,0.523856237044167,1
1536,random_forest,1,0.47637719332446476,0
1537,random_forest,0,0.29163563058412345,0
1540,random_forest,0,0.42748022704365146,0
1544,random_forest,1,0.6515199252641511,1
1547,random_forest,1,0.7012687059836796,1
1549,random_forest,0,0.5445631661625292,1
1550,random_forest,0,0.2869711316208359,0
1551,random_forest,0,0.38498377626298735,0
1562,random_forest,0,0.34615984247750925,0
1563,random_forest,1,0.4827945710845945,0
1569,random_forest,1,0.2854594495819432,0
1574,random_forest,0,0.5623262406170186,1
1575,random_forest,0,0.39222716489968,0
1576,random_forest,0,0.42359693112754676,0
1577,random_forest,1,0.33739196337976995,0
1580,random_forest,0,0.3417857017150915,0
1582,random_forest,1,0.5703489527076208,1
1583,random_forest,0,0.5473680983626746,1
1586,random_forest,0,0.30477048387944183,0
1587,random_forest,0,0.39176892133439606,0
1589,random_forest,0,0.3955771530809243,0
1591,random_forest,0,0.30000667671804615,0
1593,random_forest,0,0.3168788666856843,0
1594,random_forest,0,0.3013283741873501,0
1595,random_forest,0,0.35739424108646956,0
1597,random_forest,1,0.6274740776980959,1
1598,random_forest,0,0.43843081826771346,0
1599,random_forest,0,0.33451579278170857,0
1600,random_forest,1,0.49178225493561095,0
1601,random_forest,0,0.5650328723866113,1
1602,random_forest,1,0.728396092236251,1
1605,random_forest,1,0.5590586945271242,1
1606,random_forest,0,0.4400344659303746,0
1609,random_forest,1,0.6508017108382792,1
1612,random_forest,0,0.3063604159621976,0
1613,random_forest,0,0.262509419529563,0
1615,random_forest,1,0.7470375633875613,1
1617,random_forest,0,0.41772728620175553,0
1619,random_forest,0,0.3883972100211179,0
1621,random_forest,0,0.3129922628675945,0
1622,random_forest,1,0.24167174544307363,0
1623,random_forest,0,0.2488539155987596,0
1624,random_forest,0,0.2839738087189657,0
1627,random_forest,1,0.559593479055125,1
1628,random_forest,0,0.42551384018380917,0
1629,random_forest,0,0.2970726021436444,0
1631,random_forest,0,0.37159686360465666,0
1637,random_forest,1,0.45625217258301715,0
1638,random_forest,0,0.3849407087157634,0
1639,random_forest,0,0.3758141258033332,0
1642,random_forest,1,0.42067769830244744,0
1644,random_forest,0,0.5824329260904058,1
1645,random_forest,0,0.5302826816041021,1
1647,random_forest,0,0.44904117716597797,0
1650,random_forest,0,0.4411598189827626,0
1651,random_forest,0,0.40383786131036764,0
1654,random_forest,1,0.544556929910542,1
1660,random_forest,0,0.29172945365450853,0
1664,random_forest,0,0.6004754754222947,1
1665,random_forest,1,0.5051600054779407,1
1666,random_forest,0,0.3619121345719282,0
1667,random_forest,1,0.38504791551999296,0
1668,random_forest,0,0.39230094467275334,0
1670,random_forest,0,0.4039584553969078,0
1672,random_forest,0,0.27909182503755414,0
1673,random_forest,0,0.493306367844507,0
1674,random_forest,0,0.35394117518749096,0
1676,random_forest,0,0.5053587458369566,1
1681,random_forest,0,0.3886358674034782,0
1682,random_forest,1,0.6821758344079738,1
1683,random_forest,0,0.28353788433757604,0
1686,random_forest,1,0.5298000417057434,1
1688,random_forest,0,0.6036432729906767,1
1691,random_forest,1,0.2946878310416197,0
1694,random_forest,0,0.3536337103934404,0
1699,random_forest,0,0.2996204316021236,0
1700,random_forest,0,0.3601685587692293,0
1701,random_forest,0,0.2855576852049086,0
1702,random_forest,0,0.23026547131046565,0
1704,random_forest,1,0.3166653686705788,0
1705,random_forest,0,0.31866306867815,0
1706,random_forest,0,0.35976653517488366,0
1708,random_forest,1,0.6486066692256118,1
1712,random_forest,0,0.6169254621298773,1
1713,random_forest,0,0.29707633091104135,0
1715,random_forest,0,0.4046025750626967,0
1717,random_forest,0,0.3959385997401924,0
1719,random_forest,0,0.34477378277012516,0
1720,random_forest,1,0.5598963904108296,1
1721,random_forest,1,0.6303531817083992,1
1725,random_forest,1,0.6246702153034409,1
1726,random_forest,1,0.36901079161778955,0
1729,random_forest,0,0.2862077201092239,0
1731,random_forest,0,0.2902617358943231,0
1733,random_forest,0,0.3886427635102161,0
1740,random_forest,0,0.48202487489850343,0
1741,random_forest,0,0.5271195467730629,1
1742,random_forest,0,0.6458788146517581,1
1743,random_forest,0,0.31986298942718433,0
1745,random_forest,0,0.36078656533636144,0
1746,random_forest,0,0.30469133938059667,0
1748,random_forest,0,0.2666870089020126,0
1750,random_forest,0,0.4954345968434454,0
1753,random_forest,0,0.29172673118553205,0
1754,random_forest,0,0.46231570890259915,0
1755,random_forest,0,0.7050263894947597,1
1756,random_forest,1,0.5246879529975749,1
1758,random_forest,0,0.3974408796113023,0
1760,random_forest,0,0.289952200336922,0
1762,random_forest,1,0.3012904215840112,0
1763,random_forest,0,0.45177059767769995,0
1771,random_forest,0,0.39199977470736136,0
1772,random_forest,0,0.37722941937676363,0
1774,random_forest,0,0.24193677544278014,0
1776,random_forest,0,0.23555656850279572,0
1781,random_forest,0,0.5507164788258576,1
1785,random_forest,0,0.25214662992657194,0
1786,random_forest,0,0.26062458151775864,0
1791,random_forest,1,0.41385579801671996,0
1793,random_forest,0,0.45446231603754633,0
1795,random_forest,0,0.3687218599955724,0
1797,random_forest,0,0.3728960172461954,0
1798,random_forest,0,0.3956700105945645,0
1799,random_forest,1,0.5544629305121443,1
1801,random_forest,0,0.2288615962866577,0
1802,random_forest,0,0.292661512147779,0
1806,random_forest,0,0.2393275208526823,0
1809,random_forest,0,0.21592128209669614,0
1813,random_forest,0,0.44385878473737306,0
1819,random_forest,0,0.27666499349529317,0
1832,random_forest,0,0.40194681936632065,0
1835,random_forest,0,0.3650671264122743,0
1839,random_forest,0,0.3567505227089763,0
1843,random_forest,0,0.3536525690638013,0
1847,random_forest,0,0.29468897676293854,0
1849,random_forest,0,0.33141113728860144,0
1859,random_forest,0,0.38080199293983813,0
1868,random_forest,0,0.545072662293576,1
1870,random_forest,0,0.3251104980391913,0
1871,random_forest,0,0.3589570359096016,0
1875,random_forest,0,0.3869352855307144,0
1880,random_forest,0,0.26780391847850876,0
1881,random_forest,0,0.2771301654493231,0
1884,random_forest,0,0.5090272178906516,1
1885,random_forest,1,0.6401786845655584,1
1886,random_forest,0,0.27937272213699976,0
1890,random_forest,0,0.3596364689031246,0
1891,random_forest,0,0.36274226079657135,0
1893,random_forest,0,0.23638603997848776,0
1895,random_forest,1,0.57336184490673,1
1896,random_forest,0,0.4485414554176204,0
1897,random_forest,0,0.3140571807929275,0
1903,random_forest,0,0.4516231302148056,0
1905,random_forest,1,0.528043766802624,1
1908,random_forest,0,0.33625813422108775,0
1913,random_forest,0,0.4863303002921168,0
1915,random_forest,0,0.29709558956690707,0
1919,random_forest,1,0.6221732458726144,1
1920,random_forest,0,0.2701393806829824,0
1921,random_forest,1,0.26953545492326086,0
1927,random_forest,0,0.2834101275710649,0
1928,random_forest,1,0.2302097098588465,0
1930,random_forest,1,0.3204636491930639,0
1934,random_forest,0,0.3172454619668543,0
1937,random_forest,0,0.4788674264689851,0
1938,random_forest,1,0.27181986308242384,0
1939,random_forest,1,0.41546811152987323,0
1940,random_forest,0,0.348777579252066,0
1947,random_forest,0,0.23615820610647012,0
1949,random_forest,0,0.24326742740257543,0
1950,random_forest,0,0.3085034465608179,0
1955,random_forest,1,0.32344017844711825,0
1956,random_forest,0,0.44849090070685793,0
1969,random_forest,0,0.3735072127574147,0
1971,random_forest,0,0.42152953530224396,0
1974,random_forest,1,0.33826559384342675,0
1976,random_forest,0,0.31205927073546874,0
1979,random_forest,0,0.3661261943338278,0
1981,random_forest,1,0.6320182742877226,1
1983,random_forest,0,0.42750735381344906,0
1984,random_forest,0,0.3287964965768707,0
1991,random_forest,0,0.41052101585464107,0
1994,random_forest,0,0.40626170447714005,0
1996,random_forest,1,0.4444037173181072,0
1997,random_forest,0,0.42635799620614606,0
2001,random_forest,1,0.6112474063423177,1
2002,random_forest,1,0.6340647533392672,1
2003,random_forest,0,0.6241494831069373,1
2004,random_forest,0,0.611607428621733,1
2006,random_forest,1,0.5332843362663159,1
2014,random_forest,0,0.6448762774294521,1
2018,random_forest,0,0.4129756025878401,0
2020,random_forest,1,0.46184766342291134,0
2023,random_forest,1,0.6552990771431031,1
2024,random_forest,1,0.5622205090883887,1
2025,random_forest,1,0.5275635932990579,1
2026,random_forest,1,0.6754938843318442,1
2027,random_forest,1,0.6073750475823821,1
2028,random_forest,0,0.5036201511629216,1
2030,random_forest,1,0.5381593033239811,1
2032,random_forest,1,0.38723390084336573,0
2034,random_forest,1,0.4949876616886886,0
2035,random_forest,1,0.4701032335336751,0
2037,random_forest,1,0.5573192404099836,1
2039,random_forest,0,0.3119315256268813,0
2040,random_forest,1,0.5974697542273262,1
2041,random_forest,0,0.5666016615173978,1
2042,random_forest,0,0.36760762951054404,0
2043,random_forest,0,0.38677145762317167,0
2044,random_forest,1,0.5288396449183677,1
2047,random_forest,1,0.5032818420084647,1
2049,random_forest,0,0.7286106814620352,1
2050,random_forest,1,0.4365061686549028,0
2052,random_forest,0,0.3944883707319046,0
2053,random_forest,0,0.4089280814946171,0
2054,random_forest,1,0.6670464877116903,1
2056,random_forest,0,0.6346495170751703,1
2057,random_forest,1,0.5876446700230857,1
2058,random_forest,0,0.5540328111070373,1
2060,random_forest,0,0.5859104924322374,1
2063,random_forest,0,0.31379399808586955,0
2066,random_forest,0,0.4974713204254901,0
2071,random_forest,1,0.6787215545191077,1
2073,random_forest,0,0.4964766584244531,0
2077,random_forest,0,0.6786856178474221,1
2079,random_forest,0,0.6778413852633286,1
2083,random_forest,1,0.6310017725197568,1
2090,random_forest,0,0.41561681060745065,0
2091,random_forest,0,0.3389677316089798,0
2095,random_forest,1,0.734509961020829,1
2096,random_forest,0,0.46587654248000226,0
2097,random_forest,0,0.28205307331075236,0
2098,random_forest,1,0.5431476553324596,1
2099,random_forest,1,0.38768067240927157,0
2103,random_forest,0,0.3952092253277554,0
2104,random_forest,0,0.4431773005665832,0
2105,random_forest,0,0.45036898048929924,0
2107,random_forest,0,0.5032625468690596,1
2109,random_forest,0,0.4408792964458498,0
2111,random_forest,0,0.6164498301694223,1
2113,random_forest,1,0.6664559348330855,1
2114,random_forest,0,0.6540706517027469,1
2115,random_forest,1,0.581330655895442,1
2119,random_forest,0,0.42332197250539555,0
2121,random_forest,0,0.43502935490896194,0
2127,random_forest,0,0.3587423663216834,0
2128,random_forest,0,0.4934937572328126,0
2130,random_forest,0,0.4915330449275111,0
2134,random_forest,1,0.6131250722150136,1
2136,random_forest,0,0.6416732586290101,1
2139,random_forest,0,0.5561720906098397,1
2142,random_forest,1,0.5464916261613616,1
2144,random_forest,0,0.5508809600832113,1
2145,random_forest,1,0.5742877359154412,1
2153,random_forest,1,0.6981779046928551,1
2155,random_forest,0,0.2734308596832623,0
2156,random_forest,1,0.6078482528674186,1
2158,random_forest,1,0.6021363944187439,1
2163,random_forest,0,0.4195297984037832,0
2164,random_forest,1,0.6374953675767077,1
2166,random_forest,0,0.30118960207660733,0
2167,random_forest,1,0.5639184773270063,1
2168,random_forest,0,0.37356392485639556,0
2169,random_forest,1,0.5281547167364642,1
2170,random_forest,1,0.6427415914949247,1
2173,random_forest,0,0.3696910400123094,0
2175,random_forest,1,0.5112861444288062,1
2178,random_forest,0,0.4247631527124164,0
2180,random_forest,0,0.46925903255362744,0
2182,random_forest,0,0.30323655368333136,0
2183,random_forest,0,0.48536462794382884,0
2184,random_forest,0,0.5901933540068856,1
2185,random_forest,0,0.4260495396896617,0
2186,random_forest,1,0.6998253736557367,1
2188,random_forest,1,0.6537371906878652,1
2189,random_forest,1,0.421096171671033,0
2193,random_forest,0,0.4924214379138468,0
2195,random_forest,0,0.4585181738898611,0
2198,random_forest,0,0.37527083828543645,0
2200,random_forest,1,0.5457731453081288,1
2201,random_forest,0,0.3059713858522158,0
2202,random_forest,1,0.6500341775614589,1
2203,random_forest,1,0.7563372217754349,1
2204,random_forest,1,0.5261826110542804,1
2208,random_forest,0,0.531237987872752,1
2212,random_forest,0,0.4364437350859501,0
2220,random_forest,1,0.49375778377056595,0
2224,random_forest,0,0.5994557497344434,1
2225,random_forest,1,0.7194771930388527,1
2227,random_forest,0,0.350912245043818,0
2229,random_forest,1,0.513665138318995,1
2230,random_forest,0,0.5822646527632788,1
2231,random_forest,0,0.33295683070196996,0
2232,random_forest,0,0.4308784532678564,0
2233,random_forest,0,0.7012761827283821,1
2234,random_forest,0,0.5274264577422623,1
2235,random_forest,1,0.6440156095095575,1
2238,random_forest,0,0.5408398846509104,1
2242,random_forest,0,0.5325451750803326,1
2243,random_forest,1,0.48549405935479456,0
2246,random_forest,0,0.4075763095109805,0
2251,random_forest,1,0.6687511383693417,1
2259,random_forest,0,0.3734035545567908,0
2265,random_forest,1,0.610435843905056,1
2269,random_forest,1,0.6632338287727642,1
2270,random_forest,1,0.715602411443993,1
2275,random_forest,1,0.712352794975045,1
2276,random_forest,1,0.7456998057273455,1
2277,random_forest,0,0.3873051889994323,0
2282,random_forest,1,0.6277511314943108,1
2284,random_forest,0,0.35633288821110864,0
2285,random_forest,0,0.4303085711584727,0
2288,random_forest,0,0.5660929834324737,1
2289,random_forest,1,0.6636311706700336,1
2294,random_forest,0,0.5950113804051531,1
2297,random_forest,1,0.45098123982761346,0
2299,random_forest,1,0.3448779557925029,0
2300,random_forest,0,0.37201296432497116,0
2305,random_forest,0,0.3186810833893159,0
2306,random_forest,0,0.33587430012078123,0
2307,random_forest,0,0.5292949702960019,1
2308,random_forest,0,0.46475637578637796,0
2315,random_forest,1,0.40946162549670784,0
2317,random_forest,1,0.46299060459591534,0
2319,random_forest,0,0.29489491794503153,0
2326,random_forest,0,0.5035685297673673,1
2327,random_forest,0,0.47443973079257307,0
2328,random_forest,0,0.4138531416869648,0
2331,random_forest,1,0.5098422854034379,1
2332,random_forest,0,0.3368159908852841,0
2333,random_forest,0,0.48393674054425323,0
2335,random_forest,0,0.585691509638826,1
2337,random_forest,0,0.39820102830943843,0
2339,random_forest,0,0.525445080395837,1
2340,random_forest,0,0.46788000541427094,0
2342,random_forest,0,0.5540941196278659,1
2343,random_forest,0,0.44145960350408064,0
2347,random_forest,0,0.5616347032421459,1
2349,random_forest,0,0.4221247462612659,0
2350,random_forest,1,0.4062333068153416,0
2351,random_forest,0,0.6516773985979147,1
2356,random_forest,1,0.6066091630396042,1
2358,random_forest,0,0.7663654175952779,1
2359,random_forest,1,0.7435968758224202,1
2360,random_forest,1,0.6354093336710968,1
2363,random_forest,0,0.5881298864986564,1
2368,random_forest,0,0.5224074950068185,1
2370,random_forest,1,0.42683854484337824,0
2372,random_forest,1,0.548231291138073,1
2377,random_forest,1,0.6694893790014133,1
2379,random_forest,1,0.6237912162013675,1
2380,random_forest,0,0.4832885263589845,0
2381,random_forest,1,0.5442200144391003,1
2382,random_forest,0,0.5527074427194155,1
2386,random_forest,0,0.4916149933261211,0
2387,random_forest,1,0.49806760058274,0
2389,random_forest,0,0.4448008092315655,0
2392,random_forest,0,0.44685682034215896,0
2395,random_forest,0,0.5368702353713593,1
2396,random_forest,1,0.6578019960745354,1
2399,random_forest,0,0.6579874094793077,1
2400,random_forest,0,0.6273567150565222,1
2408,random_forest,0,0.36300332502906063,0
2410,random_forest,0,0.25796686554119247,0
2415,random_forest,0,0.4410841225219258,0
2418,random_forest,0,0.3498859393632084,0
2424,random_forest,0,0.26374859725744193,0
2425,random_forest,0,0.5281858816931524,1
2426,random_forest,0,0.5945538765758808,1
2427,random_forest,0,0.42338866885316034,0
2430,random_forest,0,0.4620439893295872,0
2436,random_forest,0,0.6089105032795853,1
2439,random_forest,1,0.3899996560838922,0
2440,random_forest,1,0.4740248056544353,0
2443,random_forest,0,0.4786289641833479,0
2444,random_forest,1,0.43484207626686744,0
2447,random_forest,1,0.538519922406065,1
2448,random_forest,0,0.650672858911404,1
2449,random_forest,0,0.5535367087731143,1
2451,random_forest,0,0.38744401240806314,0
2452,random_forest,0,0.44859149358893585,0
2453,random_forest,0,0.3214449214279233,0
2455,random_forest,0,0.2696069602429714,0
2458,random_forest,0,0.3622941466950753,0
2459,random_forest,0,0.30413874772810284,0
2460,random_forest,0,0.3845869749958293,0
2464,random_forest,1,0.651136315032944,1
2470,random_forest,1,0.46542193859257786,0
2478,random_forest,0,0.3864804975441162,0
2479,random_forest,0,0.46780323226024156,0
2480,random_forest,1,0.37489542792462116,0
2481,random_forest,0,0.5236281136247699,1
2482,random_forest,0,0.4049615233739958,0
2486,random_forest,0,0.5128260757708666,1
2487,random_forest,1,0.5724123260969477,1
2491,random_forest,1,0.49036192427305025,0
2494,random_forest,0,0.43623585782598157,0
2496,random_forest,1,0.4290501631338079,0
2499,random_forest,1,0.6614427084945246,1
2502,random_forest,1,0.6320054723414973,1
2503,random_forest,1,0.6685087945159556,1
2504,random_forest,1,0.44029731486421714,0
2505,random_forest,0,0.6088497712880793,1
2508,random_forest,0,0.5833668071873938,1
2509,random_forest,0,0.40036966295094906,0
2510,random_forest,0,0.37559253590261626,0
2511,random_forest,1,0.5258039204723868,1
2512,random_forest,0,0.4921589089120742,0
2513,random_forest,1,0.7068056308074205,1
2514,random_forest,0,0.3050167416193716,0
2515,random_forest,0,0.6362573863661971,1
2517,random_forest,0,0.3974174727580559,0
2524,random_forest,1,0.4097428821674036,0
2527,random_forest,0,0.25434407160688055,0
2528,random_forest,0,0.4086179304013114,0
2529,random_forest,1,0.4188401477667535,0
2530,random_forest,1,0.2447186782823067,0
2534,random_forest,1,0.4491460781525494,0
2536,random_forest,1,0.44077839879006564,0
2538,random_forest,1,0.46045908690432746,0
2539,random_forest,0,0.38972274388778616,0
2540,random_forest,0,0.49547191754503167,0
2541,random_forest,0,0.4039823274212429,0
2544,random_forest,0,0.584666521763421,1
2546,random_forest,0,0.3587201341136131,0
2547,random_forest,0,0.5451216520207716,1
2549,random_forest,0,0.46876468849395886,0
2550,random_forest,0,0.5160550442824592,1
2551,random_forest,0,0.6183831424307537,1
2553,random_forest,0,0.39737646517619163,0
2554,random_forest,0,0.551329003233044,1
2559,random_forest,0,0.44952552486823427,0
2561,random_forest,0,0.24945069814707707,0
2564,random_forest,0,0.38046923620065176,0
2565,random_forest,0,0.3060992753891019,0
2567,random_forest,1,0.6578497412264432,1
2572,random_forest,0,0.5220634479056786,1
2573,random_forest,0,0.3599656243377882,0
2574,random_forest,0,0.3210119404429225,0
2576,random_forest,0,0.41033131341509677,0
2577,random_forest,0,0.4155964971535635,0
2578,random_forest,0,0.3905493316736375,0
2579,random_forest,0,0.42885344159286454,0
2581,random_forest,1,0.39570836470671367,0
2582,random_forest,0,0.38263248518227266,0
2588,random_forest,0,0.436023737967449,0
2589,random_forest,0,0.39458896420703304,0
2590,random_forest,0,0.405356186385147,0
2593,random_forest,0,0.23400389408827016,0
2594,random_forest,0,0.35679928386742643,0
2595,random_forest,0,0.3917071465068862,0
2596,random_forest,0,0.3320380780366265,0
2599,random_forest,0,0.664537572585844,1
2604,random_forest,0,0.5075332785248683,1
2605,random_forest,0,0.5200931038797698,1
2610,random_forest,1,0.3542257884200869,0
2614,random_forest,0,0.3009690569901002,0
2615,random_forest,0,0.34431779624902187,0
2616,random_forest,0,0.25823292622937116,0
2618,random_forest,0,0.5786113987971694,1
2620,random_forest,0,0.3350742225935395,0
2624,random_forest,0,0.556682477712699,1
2634,random_forest,0,0.32494556211324827,0
2635,random_forest,1,0.6351510112125643,1
2638,random_forest,0,0.549705772667056,1
2640,random_forest,1,0.4147259300776244,0
2641,random_forest,1,0.5503448175019604,1
2644,random_forest,1,0.38098936295691793,0
2648,random_forest,1,0.29155009056562936,0
2652,random_forest,1,0.6773650491026073,1
2653,random_forest,1,0.6724548083588253,1
2654,random_forest,1,0.6813846804472505,1
2656,random_forest,1,0.6427864070118363,1
2657,random_forest,1,0.6817597259647212,1
2658,random_forest,0,0.27421896599539813,0
2660,random_forest,0,0.46254007200776875,0
2661,random_forest,0,0.37379250661465574,0
2662,random_forest,1,0.3799192332588238,0
2667,random_forest,1,0.489684633275639,0
2668,random_forest,0,0.29372301060860434,0
2669,random_forest,0,0.22983446563168214,0
2673,random_forest,0,0.4442960059859752,0
2676,random_forest,0,0.3849897048010066,0
2679,random_forest,1,0.5122561771104345,1
2681,random_forest,0,0.2570696791658672,0
2682,random_forest,1,0.3242659512285046,0
2685,random_forest,1,0.41071247654503884,0
2686,random_forest,0,0.5965006050803443,1
2687,random_forest,1,0.6706991608079443,1
2691,random_forest,0,0.29334870650308276,0
2696,random_forest,0,0.4501472981722602,0
2697,random_forest,0,0.25819381165274075,0
2698,random_forest,0,0.43536439828919954,0
2699,random_forest,0,0.38482620961297925,0
2706,random_forest,0,0.27986502763158405,0
2708,random_forest,1,0.3811395994633437,0
2711,random_forest,0,0.4328091314083536,0
2713,random_forest,0,0.2266406754115388,0
2715,random_forest,0,0.4309537557989388,0
2716,random_forest,0,0.36551888079098693,0
2719,random_forest,0,0.38774751190934814,0
2720,random_forest,1,0.46067650515175823,0
2722,random_forest,0,0.2615440503270442,0
2724,random_forest,0,0.5181160052677398,1
2725,random_forest,0,0.415830846876207,0
2727,random_forest,0,0.3378744383164944,0
2729,random_forest,0,0.3682249033405349,0
2733,random_forest,0,0.4317427735284804,0
2734,random_forest,0,0.5488267742585397,1
2736,random_forest,0,0.3366794370708627,0
2740,random_forest,0,0.41496762331831993,0
2741,random_forest,0,0.33567505553636273,0
2742,random_forest,0,0.6801538021643126,1
2743,random_forest,1,0.5760479681834809,1
2745,random_forest,1,0.6985839618490213,1
2746,random_forest,0,0.7859423513105527,1
2750,random_forest,0,0.2294072233908713,0
2755,random_forest,0,0.2661871975949496,0
2756,random_forest,0,0.26491959996995024,0
2758,random_forest,0,0.25428480529503017,0
2759,random_forest,1,0.2812415958111907,0
2762,random_forest,0,0.3077264823424328,0
2763,random_forest,0,0.33840608312341064,0
2766,random_forest,0,0.43673521769971413,0
2767,random_forest,0,0.4254733213688416,0
2769,random_forest,0,0.4441036972864462,0
2777,random_forest,0,0.4748463218074423,0
2778,random_forest,1,0.5468113854973317,1
2779,random_forest,0,0.36190465801845584,0
2781,random_forest,0,0.4147527716021311,0
2789,random_forest,0,0.31469156520222247,0
2791,random_forest,0,0.3150737557061159,0
2792,random_forest,1,0.6514406567365955,1
2794,random_forest,1,0.3497061391107643,0
2796,random_forest,0,0.5034862687472387,1
2797,random_forest,0,0.45275574235999094,0
2799,random_forest,0,0.29073920693657096,0
2801,random_forest,0,0.29714773503564584,0
2802,random_forest,0,0.25377159713149383,0
2803,random_forest,0,0.25222434803043775,0
2804,random_forest,1,0.4888654457632671,0
2805,random_forest,0,0.34849794213910334,0
2806,random_forest,0,0.28708640247564277,0
2810,random_forest,1,0.6421004984297193,1
2811,random_forest,0,0.4435363381184761,0
2812,random_forest,0,0.4817202478826543,0
2814,random_forest,1,0.5876238673605765,1
2815,random_forest,0,0.5239218686652649,1
2816,random_forest,0,0.3635337255394332,0
2818,random_forest,0,0.39168655730607443,0
2821,random_forest,0,0.3966737439423361,0
2823,random_forest,0,0.36673986394674946,0
2824,random_forest,0,0.569296537335673,1
2827,random_forest,0,0.6188573656441861,1
2829,random_forest,1,0.7511643502182441,1
2830,random_forest,1,0.6297601509198633,1
2834,random_forest,1,0.3622702910156384,0
2836,random_forest,0,0.5771812814223154,1
2840,random_forest,0,0.2348847234655383,0
2844,random_forest,0,0.3209606208239607,0
2849,random_forest,0,0.3413246328222579,0
2850,random_forest,0,0.46502377276721785,0
2851,random_forest,0,0.5981486976883383,1
2853,random_forest,0,0.5560684745151301,1
2856,random_forest,0,0.36924369830804354,0
2858,random_forest,0,0.3504445552873438,0
2860,random_forest,0,0.2525851135566824,0
2861,random_forest,1,0.285880130511087,0
2862,random_forest,0,0.26662552723889676,0
2864,random_forest,1,0.7306113254727585,1
2866,random_forest,1,0.7255433182274744,1
2867,random_forest,0,0.4940478986453736,0
2868,random_forest,0,0.509632282512924,1
2869,random_forest,0,0.23760088610253755,0
2870,random_forest,0,0.3415835120407222,0
2873,random_forest,1,0.3324470884850941,0
2877,random_forest,1,0.32883151351616596,0
2878,random_forest,0,0.30399988047514276,0
2881,random_forest,0,0.20304267042462965,0
2887,random_forest,0,0.4173591419311522,0
2889,random_forest,0,0.49808622708245603,0
2890,random_forest,0,0.5211527377377099,1
2891,random_forest,0,0.5313370352519439,1
2892,random_forest,0,0.47141540517257113,0
2896,random_forest,0,0.3611959408154631,0
2897,random_forest,0,0.3417862598413884,0
2898,random_forest,0,0.3960230650957297,0
2899,random_forest,0,0.32886453315765946,0
2901,random_forest,0,0.43259607676258083,0
2904,random_forest,0,0.37945556195415353,0
2905,random_forest,0,0.3267999509023606,0
2906,random_forest,0,0.2971274196923248,0
2907,random_forest,0,0.3088876799485161,0
2908,random_forest,0,0.333222032578295,0
2910,random_forest,0,0.29420873385147983,0
2911,random_forest,0,0.27121877853174053,0
2912,random_forest,0,0.2912945040627785,0
2913,random_forest,0,0.2745410805382583,0
2914,random_forest,0,0.4558691511300673,0
2916,random_forest,0,0.22303520338034094,0
2917,random_forest,0,0.2873097580172262,0
2920,random_forest,0,0.455240315570729,0
2921,random_forest,0,0.2749391521520803,0
2922,random_forest,0,0.5313365389750797,1
2924,random_forest,0,0.5449501297168224,1
2927,random_forest,0,0.2962851511786746,0
2928,random_forest,0,0.36632997264583944,0
2930,random_forest,0,0.37142449664508365,0
2931,random_forest,0,0.25731665293913264,0
2934,random_forest,0,0.24083751501547543,0
2935,random_forest,0,0.5700912740434882,1
2936,random_forest,0,0.3777559271954922,0
2937,random_forest,1,0.5178098777268464,1
2940,random_forest,0,0.4304125167580655,0
2943,random_forest,0,0.31714874127048936,0
2944,random_forest,1,0.47437023713563775,0
2945,random_forest,0,0.326579121718322,0
2946,random_forest,0,0.42192542186793464,0
2947,random_forest,0,0.36825343612423245,0
2949,random_forest,0,0.3304782722232872,0
2950,random_forest,1,0.49165782634519756,0
2953,random_forest,0,0.33995356603433546,0
2954,random_forest,0,0.4060574833548079,0
2955,random_forest,0,0.31749372293210676,0
2956,random_forest,0,0.4269725644323764,0
2959,random_forest,1,0.5066891087847207,1
2960,random_forest,1,0.513196107168126,1
2961,random_forest,0,0.4271832785616775,0
2963,random_forest,0,0.4220113192312707,0
2966,random_forest,0,0.30221298317424405,0
2968,random_forest,0,0.5998648389543325,1
2969,random_forest,0,0.42483979072453454,0
2980,random_forest,0,0.28623783179721224,0
2982,random_forest,1,0.34300927823087624,0
2985,random_forest,0,0.3057133782506399,0
2987,random_forest,0,0.4994439981998197,0
2988,random_forest,0,0.26767383057248295,0
2989,random_forest,0,0.32232477283665184,0
2990,random_forest,1,0.557630009062781,1
2994,random_forest,0,0.4495272644001972,0
2995,random_forest,0,0.30023381505247104,0
2997,random_forest,0,0.5843708287877943,1
2999,random_forest,0,0.2984345558264309,0
2,gradient_boosting,1,0.9330950270962648,1
4,gradient_boosting,1,0.6800916505409661,1
5,gradient_boosting,1,0.5313917451327602,1
6,gradient_boosting,0,0.19793895515994378,0
28,gradient_boosting,0,0.2582342566784771,0
31,gradient_boosting,1,0.9681245564941302,1
33,gradient_boosting,1,0.8553548526521475,1
34,gradient_boosting,1,0.7532402989351308,1
35,gradient_boosting,1,0.5314716210681811,1
36,gradient_boosting,1,0.8832378052588487,1
38,gradient_boosting,1,0.6309741661164019,1
42,gradient_boosting,0,0.578574754083809,1
54,gradient_boosting,0,0.22956765331455883,0
57,gradient_boosting,0,0.3400472966079616,0
64,gradient_boosting,0,0.3704661639252601,0
88,gradient_boosting,1,0.29714511295359486,0
91,gradient_boosting,1,0.37961724016906767,0
92,gradient_boosting,0,0.18350009306304468,0
94,gradient_boosting,1,0.3175011544840559,0
96,gradient_boosting,1,0.2159085435585922,0
98,gradient_boosting,1,0.7811311855470048,1
101,gradient_boosting,0,0.11298485853100364,0
104,gradient_boosting,1,0.51578721071802,1
105,gradient_boosting,0,0.5250937409001751,1
106,gradient_boosting,0,0.3177112419314368,0
107,gradient_boosting,0,0.2580119494525684,0
108,gradient_boosting,1,0.8556176734605638,1
109,gradient_boosting,0,0.38212546237702744,0
110,gradient_boosting,0,0.7215265273416661,1
111,gradient_boosting,1,0.24994432771858408,0
115,gradient_boosting,0,0.40356816809333557,0
118,gradient_boosting,0,0.7765780594994449,1
126,gradient_boosting,0,0.16727141064873194,0
127,gradient_boosting,0,0.09499475225695724,0
129,gradient_boosting,1,0.20056186890563016,0
131,gradient_boosting,0,0.41218774424116345,0
132,gradient_boosting,0,0.1254285049692268,0
135,gradient_boosting,0,0.24697438327317334,0
136,gradient_boosting,1,0.26687910973197393,0
139,gradient_boosting,1,0.47151634097516626,0
141,gradient_boosting,1,0.6970085993951706,1
155,gradient_boosting,1,0.8158717214974498,1
156,gradient_boosting,0,0.5559713726269425,1
159,gradient_boosting,1,0.6987983496917304,1
169,gradient_boosting,0,0.0670126465944893,0
170,gradient_boosting,0,0.2873352225459146,0
178,gradient_boosting,0,0.19155082831190717,0
182,gradient_boosting,0,0.30845970752959745,0
184,gradient_boosting,0,0.3429562112809521,0
189,gradient_boosting,1,0.5579558751014413,1
192,gradient_boosting,1,0.9082984437073227,1
202,gradient_boosting,0,0.40322627662881283,0
205,gradient_boosting,1,0.2871637918600899,0
206,gradient_boosting,1,0.15033554419981598,0
208,gradient_boosting,0,0.5588073627177712,1
209,gradient_boosting,1,0.20958010591463114,0
214,gradient_boosting,1,0.7978464568547698,1
217,gradient_boosting,0,0.38552324551560735,0
226,gradient_boosting,1,0.6843675674741359,1
232,gradient_boosting,0,0.48593587813905476,0
233,gradient_boosting,1,0.3353936489410749,0
234,gradient_boosting,0,0.23146310700952982,0
235,gradient_boosting,0,0.24371685352530445,0
236,gradient_boosting,1,0.7591701262446722,1
237,gradient_boosting,0,0.8719720398974014,1
238,gradient_boosting,1,0.7741138746338471,1
239,gradient_boosting,1,0.4449445214619498,0
240,gradient_boosting,1,0.8886955092770594,1
241,gradient_boosting,1,0.5762764089562107,1
243,gradient_boosting,0,0.15965392508031426,0
244,gradient_boosting,0,0.2996366990810177,0
252,gradient_boosting,0,0.33035511426743913,0
255,gradient_boosting,1,0.6909853904679392,1
256,gradient_boosting,0,0.2663985403637588,0
294,gradient_boosting,0,0.3160734473564888,0
300,gradient_boosting,0,0.42597343703295004,0
311,gradient_boosting,0,0.19580854070618095,0
312,gradient_boosting,0,0.348046679976406,0
313,gradient_boosting,0,0.16566249226720609,0
321,gradient_boosting,1,0.7850422257287389,1
324,gradient_boosting,1,0.46149778626182064,0
332,gradient_boosting,1,0.10772912008233347,0
334,gradient_boosting,1,0.20362426569250314,0
343,gradient_boosting,0,0.19993591844480907,0
352,gradient_boosting,1,0.6089340015359873,1
354,gradient_boosting,1,0.8256305017514496,1
377,gradient_boosting,0,0.24807342394161458,0
381,gradient_boosting,1,0.9167776830497399,1
382,gradient_boosting,0,0.6092613835614727,1
391,gradient_boosting,0,0.44284637466509685,0
394,gradient_boosting,0,0.13834794843357198,0
395,gradient_boosting,0,0.7741915725307617,1
401,gradient_boosting,0,0.3282523454300552,0
403,gradient_boosting,0,0.33406812832058874,0
412,gradient_boosting,1,0.8069484291501998,1
423,gradient_boosting,1,0.4472408119317218,0
424,gradient_boosting,1,0.5649675342816299,1
433,gradient_boosting,0,0.13905137587392405,0
442,gradient_boosting,0,0.6258882756364013,1
453,gradient_boosting,1,0.6485099461665272,1
454,gradient_boosting,1,0.7673620593720771,1
464,gradient_boosting,1,0.7265806818191447,1
467,gradient_boosting,0,0.20053417041733376,0
473,gradient_boosting,1,0.612016881311581,1
474,gradient_boosting,1,0.8160533857985501,1
475,gradient_boosting,0,0.7893478341781314,1
477,gradient_boosting,1,0.8960166211263895,1
479,gradient_boosting,0,0.2488793819160265,0
482,gradient_boosting,1,0.783871304478579,1
483,gradient_boosting,0,0.5749369994407418,1
484,gradient_boosting,1,0.8295331542026942,1
485,gradient_boosting,1,0.659880386125494,1
489,gradient_boosting,0,0.5539037736793603,1
490,gradient_boosting,0,0.21298036948470758,0
491,gradient_boosting,0,0.4228975154505374,0
493,gradient_boosting,1,0.954506588182127,1
494,gradient_boosting,1,0.9478985520502701,1
497,gradient_boosting,1,0.3881030847193808,0
504,gradient_boosting,1,0.7460179116688936,1
508,gradient_boosting,0,0.6995986309274701,1
526,gradient_boosting,1,0.9351216773034424,1
527,gradient_boosting,1,0.08033878656905269,0
535,gradient_boosting,0,0.06378433463143521,0
544,gradient_boosting,0,0.1527369991578395,0
546,gradient_boosting,0,0.11859146812199026,0
547,gradient_boosting,1,0.27150109366042346,0
550,gradient_boosting,0,0.2041703810451956,0
551,gradient_boosting,1,0.1812642671524334,0
552,gradient_boosting,0,0.2655658176114697,0
553,gradient_boosting,0,0.5799925022872927,1
556,gradient_boosting,1,0.46886195983302237,0
557,gradient_boosting,0,0.33620197858610995,0
560,gradient_boosting,1,0.29118070843017385,0
563,gradient_boosting,0,0.179566703884999,0
565,gradient_boosting,0,0.40997445030325486,0
567,gradient_boosting,1,0.32755018148959336,0
575,gradient_boosting,1,0.8050573714211612,1
579,gradient_boosting,1,0.2797193876774077,0
580,gradient_boosting,1,0.8898812098324066,1
581,gradient_boosting,1,0.6466569504400139,1
582,gradient_boosting,1,0.49888211871044436,0
583,gradient_boosting,1,0.7733421306723823,1
584,gradient_boosting,1,0.9043029762398146,1
585,gradient_boosting,1,0.5765920067823681,1
586,gradient_boosting,0,0.2907017899561328,0
587,gradient_boosting,1,0.6202678521115338,1
588,gradient_boosting,1,0.27683684038283124,0
589,gradient_boosting,1,0.26826729338310545,0
590,gradient_boosting,0,0.12067210484355649,0
592,gradient_boosting,1,0.11231818169020463,0
596,gradient_boosting,0,0.05226186225671797,0
597,gradient_boosting,1,0.44760655117623804,0
601,gradient_boosting,0,0.05517835150370013,0
611,gradient_boosting,0,0.052826006877023136,0
613,gradient_boosting,0,0.09967990243490135,0
614,gradient_boosting,0,0.6223224876707452,1
615,gradient_boosting,1,0.27890095660339487,0
616,gradient_boosting,0,0.32736862912545667,0
626,gradient_boosting,0,0.03341154049142481,0
635,gradient_boosting,0,0.49957814272569956,0
637,gradient_boosting,0,0.2703812135736014,0
638,gradient_boosting,0,0.42002185886327803,0
639,gradient_boosting,1,0.6806227786172268,1
640,gradient_boosting,1,0.4457140552063005,0
643,gradient_boosting,1,0.11369412608103473,0
644,gradient_boosting,0,0.33481109885715693,0
645,gradient_boosting,1,0.11453233065730668,0
646,gradient_boosting,0,0.23825257370923944,0
647,gradient_boosting,1,0.9149076564285324,1
648,gradient_boosting,1,0.7976002398231804,1
649,gradient_boosting,0,0.36018665547036643,0
650,gradient_boosting,1,0.19656917911609473,0
651,gradient_boosting,1,0.35236420973207216,0
652,gradient_boosting,1,0.84199407270591,1
655,gradient_boosting,0,0.06283605755207596,0
656,gradient_boosting,0,0.5117614607666436,1
657,gradient_boosting,0,0.559503963065096,1
658,gradient_boosting,0,0.027576461161329707,0
661,gradient_boosting,0,0.04230659368325606,0
664,gradient_boosting,0,0.12047115326512144,0
665,gradient_boosting,0,0.12567307570389033,0
666,gradient_boosting,0,0.32376845141905,0
667,gradient_boosting,0,0.3241622467852369,0
675,gradient_boosting,0,0.19964830445772666,0
679,gradient_boosting,0,0.10298791288617114,0
682,gradient_boosting,1,0.6040352521438005,1
683,gradient_boosting,1,0.8764002506045753,1
684,gradient_boosting,1,0.5890778189318395,1
686,gradient_boosting,1,0.9317905369442416,1
687,gradient_boosting,1,0.6591606009930183,1
688,gradient_boosting,1,0.8617559498364705,1
691,gradient_boosting,0,0.0526961682036855,0
694,gradient_boosting,0,0.16039137034748369,0
695,gradient_boosting,0,0.04776535910794645,0
696,gradient_boosting,0,0.07732305656660611,0
702,gradient_boosting,1,0.27082836729906556,0
703,gradient_boosting,1,0.7227195540642579,1
704,gradient_boosting,0,0.8331448069378651,1
706,gradient_boosting,1,0.4773891837630384,0
710,gradient_boosting,1,0.7741464402932963,1
714,gradient_boosting,0,0.10210102762431525,0
715,gradient_boosting,0,0.07767670420740984,0
717,gradient_boosting,0,0.010249647096060566,0
718,gradient_boosting,0,0.1369878251082887,0
725,gradient_boosting,0,0.31040455520799726,0
734,gradient_boosting,0,0.3657813016152974,0
738,gradient_boosting,1,0.7955687266592545,1
739,gradient_boosting,0,0.5129717168648942,1
740,gradient_boosting,0,0.18920514080366055,0
745,gradient_boosting,0,0.15303795403086445,0
747,gradient_boosting,0,0.07594874743495864,0
751,gradient_boosting,0,0.7973037103605409,1
755,gradient_boosting,0,0.23621536444762384,0
757,gradient_boosting,1,0.8996985403424392,1
759,gradient_boosting,1,0.907645384824249,1
760,gradient_boosting,1,0.5035083130993171,1
761,gradient_boosting,0,0.5896123284171559,1
762,gradient_boosting,1,0.5563947059968477,1
764,gradient_boosting,1,0.5915933645016844,1
767,gradient_boosting,0,0.12860935217800443,0
768,gradient_boosting,0,0.14866250530171798,0
769,gradient_boosting,0,0.08706530520105314,0
776,gradient_boosting,0,0.2866820008019658,0
777,gradient_boosting,1,0.5244158846249806,1
778,gradient_boosting,0,0.22435059168224825,0
783,gradient_boosting,0,0.13997391436097076,0
784,gradient_boosting,0,0.1905336965605182,0
791,gradient_boosting,0,0.07511070722249381,0
793,gradient_boosting,0,0.1493518006979901,0
794,gradient_boosting,1,0.0933100519553428,0
796,gradient_boosting,0,0.19720901423358939,0
802,gradient_boosting,0,0.11712480759804124,0
803,gradient_boosting,0,0.059445475401519,0
804,gradient_boosting,0,0.05075598137828505,0
806,gradient_boosting,0,0.26474784985724203,0
807,gradient_boosting,0,0.5731265176257819,1
811,gradient_boosting,1,0.8482291133383314,1
812,gradient_boosting,0,0.3316571555728047,0
813,gradient_boosting,0,0.4724649674347218,0
815,gradient_boosting,1,0.5952432303571134,1
819,gradient_boosting,0,0.1842652746687318,0
821,gradient_boosting,0,0.06001919248414464,0
824,gradient_boosting,0,0.1945593213694222,0
831,gradient_boosting,0,0.33800241133389475,0
832,gradient_boosting,0,0.08026642065605707,0
833,gradient_boosting,1,0.25232399945446987,0
834,gradient_boosting,0,0.34308549460459264,0
837,gradient_boosting,1,0.9372764647998412,1
840,gradient_boosting,0,0.029619834304793445,0
861,gradient_boosting,0,0.1258585475435608,0
869,gradient_boosting,0,0.09715838999608964,0
870,gradient_boosting,0,0.14698716363816872,0
873,gradient_boosting,0,0.10524382284295615,0
874,gradient_boosting,0,0.34677922300881964,0
877,gradient_boosting,0,0.1032562022042679,0
878,gradient_boosting,0,0.3381994049907187,0
884,gradient_boosting,0,0.05542219950119186,0
888,gradient_boosting,0,0.11606062472308158,0
894,gradient_boosting,0,0.11709477337759973,0
901,gradient_boosting,1,0.1030877145351077,0
931,gradient_boosting,0,0.13867865680970684,0
932,gradient_boosting,0,0.23361789324508153,0
935,gradient_boosting,1,0.5061385445339863,1
936,gradient_boosting,1,0.7796138742587496,1
937,gradient_boosting,1,0.6907397416075747,1
939,gradient_boosting,0,0.34199484418077897,0
940,gradient_boosting,0,0.04894181048330301,0
941,gradient_boosting,0,0.09609063829141287,0
946,gradient_boosting,1,0.3619123474160993,0
960,gradient_boosting,0,0.26300499406345973,0
966,gradient_boosting,0,0.4251941290109315,0
974,gradient_boosting,1,0.6291950137167577,1
977,gradient_boosting,0,0.6404295211025846,1
985,gradient_boosting,0,0.07209151980518133,0
988,gradient_boosting,0,0.18638929693923253,0
992,gradient_boosting,1,0.17662195753377977,0
993,gradient_boosting,0,0.2243879924006321,0
994,gradient_boosting,1,0.2826849373257281,0
995,gradient_boosting,0,0.8474600260679209,1
998,gradient_boosting,0,0.22590986478596778,0
1002,gradient_boosting,0,0.17434988593444684,0
1003,gradient_boosting,0,0.15740675973972484,0
1008,gradient_boosting,1,0.5701514064447045,1
1010,gradient_boosting,1,0.7870937869388468,1
1011,gradient_boosting,0,0.22909976346635785,0
1013,gradient_boosting,0,0.20402753797549775,0
1016,gradient_boosting,1,0.461538633678604,0
1019,gradient_boosting,1,0.9131461330068188,1
1020,gradient_boosting,1,0.8095881604823502,1
1021,gradient_boosting,1,0.22611120405998195,0
1026,gradient_boosting,1,0.2547059436487856,0
1034,gradient_boosting,0,0.12842095583920038,0
1036,gradient_boosting,0,0.2681995218612094,0
1041,gradient_boosting,0,0.3865984742600714,0
1042,gradient_boosting,0,0.3154400819575415,0
1045,gradient_boosting,0,0.06040183838931531,0
1048,gradient_boosting,1,0.08729936427849254,0
1049,gradient_boosting,0,0.28464983618168693,0
1053,gradient_boosting,1,0.37461865718200427,0
1054,gradient_boosting,0,0.6168906697462092,1
1056,gradient_boosting,1,0.5807354598389514,1
1067,gradient_boosting,0,0.12463265173974053,0
1068,gradient_boosting,0,0.4472130552768364,0
1069,gradient_boosting,0,0.2321049607269081,0
1070,gradient_boosting,0,0.2928845562696373,0
1073,gradient_boosting,0,0.30118927788774724,0
1077,gradient_boosting,0,0.8472507533647765,1
1078,gradient_boosting,1,0.8152020860097487,1
1079,gradient_boosting,1,0.6208489056620805,1
1080,gradient_boosting,1,0.27520619378263766,0
1081,gradient_boosting,0,0.23887757697351925,0
1084,gradient_boosting,0,0.31865648472811153,0
1086,gradient_boosting,1,0.7210131911555967,1
1088,gradient_boosting,0,0.1257700538285267,0
1092,gradient_boosting,0,0.2848995534619029,0
1094,gradient_boosting,0,0.36959198745027455,0
1095,gradient_boosting,0,0.2294862530586841,0
1096,gradient_boosting,0,0.3347019740493424,0
1098,gradient_boosting,0,0.21052150064719272,0
1100,gradient_boosting,1,0.4882134715102043,0
1104,gradient_boosting,1,0.8392092164563761,1
1105,gradient_boosting,0,0.1495361166725438,0
1108,gradient_boosting,0,0.08908305659457383,0
1109,gradient_boosting,0,0.2636091609514723,0
1111,gradient_boosting,1,0.3783919502351973,0
1115,gradient_boosting,0,0.12813785792662966,0
1117,gradient_boosting,1,0.26325265402840037,0
1118,gradient_boosting,0,0.370843245925336,0
1126,gradient_boosting,1,0.4260326408235821,0
1133,gradient_boosting,1,0.8513972206513227,1
1134,gradient_boosting,1,0.8785320121801276,1
1135,gradient_boosting,1,0.900930018308168,1
1137,gradient_boosting,1,0.2262916951491864,0
1138,gradient_boosting,0,0.4949031249352478,0
1139,gradient_boosting,0,0.4126661557726327,0
1143,gradient_boosting,1,0.6408044874592074,1
1144,gradient_boosting,1,0.7230984740792965,1
1147,gradient_boosting,0,0.08333241894995692,0
1152,gradient_boosting,0,0.05444432122292407,0
1156,gradient_boosting,0,0.13005721746294102,0
1166,gradient_boosting,0,0.5620603918432192,1
1169,gradient_boosting,0,0.27491199210692535,0
1171,gradient_boosting,1,0.3894524299264777,0
1172,gradient_boosting,0,0.36608901201255556,0
1173,gradient_boosting,1,0.3153340887867213,0
1175,gradient_boosting,0,0.303886058503462,0
1177,gradient_boosting,1,0.7365697171733678,1
1178,gradient_boosting,1,0.31642538022661976,0
1183,gradient_boosting,1,0.5575086684836263,1
1184,gradient_boosting,0,0.12463689357866878,0
1185,gradient_boosting,1,0.2249936422738982,0
1186,gradient_boosting,0,0.7078344773463973,1
1187,gradient_boosting,0,0.09567624031007255,0
1188,gradient_boosting,0,0.09539212578646658,0
1189,gradient_boosting,1,0.868026065380862,1
1191,gradient_boosting,1,0.5612762306719935,1
1193,gradient_boosting,1,0.6848046256426571,1
1194,gradient_boosting,1,0.29788965332170875,0
1199,gradient_boosting,0,0.11475265904619575,0
1200,gradient_boosting,0,0.23252268053256608,0
1201,gradient_boosting,0,0.2834077912453481,0
1203,gradient_boosting,0,0.1750926181177924,0
1207,gradient_boosting,0,0.19972263283767827,0
1208,gradient_boosting,0,0.11065647066638527,0
1212,gradient_boosting,1,0.8639538096638546,1
1213,gradient_boosting,1,0.34783123880187294,0
1215,gradient_boosting,0,0.21153262539657183,0
1219,gradient_boosting,0,0.8167546712626165,1
1222,gradient_boosting,0,0.21138839683261515,0
1224,gradient_boosting,0,0.6662353399039309,1
1225,gradient_boosting,1,0.710819356385223,1
1227,gradient_boosting,0,0.043340231408489555,0
1228,gradient_boosting,0,0.18767069439139314,0
1229,gradient_boosting,1,0.7700226688243682,1
1230,gradient_boosting,1,0.8910577542693535,1
1237,gradient_boosting,1,0.26202994059435847,0
1240,gradient_boosting,1,0.3550477858976564,0
1241,gradient_boosting,0,0.08930367030072847,0
1242,gradient_boosting,0,0.07969544002488348,0
1243,gradient_boosting,0,0.13606473930669785,0
1245,gradient_boosting,0,0.6812056890777964,1
1247,gradient_boosting,1,0.28271982827560327,0
1248,gradient_boosting,1,0.6130500360505087,1
1249,gradient_boosting,1,0.8913300981493893,1
1250,gradient_boosting,0,0.10398306959296427,0
1254,gradient_boosting,0,0.11253195695713526,0
1256,gradient_boosting,1,0.30172269704590776,0
1257,gradient_boosting,1,0.6814731245933112,1
1260,gradient_boosting,0,0.22230756443394004,0
1264,gradient_boosting,0,0.5829525988219803,1
1266,gradient_boosting,0,0.15659502238650166,0
1267,gradient_boosting,0,0.5045169813495733,1
1271,gradient_boosting,1,0.7299632447708828,1
1274,gradient_boosting,0,0.15811620065760698,0
1275,gradient_boosting,0,0.3217464146408078,0
1276,gradient_boosting,0,0.2090304073757298,0
1277,gradient_boosting,0,0.31551014345740896,0
1278,gradient_boosting,0,0.05423742468446351,0
1279,gradient_boosting,1,0.6731390828143456,1
1280,gradient_boosting,0,0.3012106042157419,0
1283,gradient_boosting,1,0.2560638004307603,0
1286,gradient_boosting,1,0.17510258324210146,0
1298,gradient_boosting,1,0.3616500285901828,0
1303,gradient_boosting,0,0.1447867100427443,0
1307,gradient_boosting,0,0.8388513749041077,1
1315,gradient_boosting,0,0.4304963893819038,0
1316,gradient_boosting,1,0.6328032127998964,1
1322,gradient_boosting,0,0.42209153072040373,0
1325,gradient_boosting,0,0.11482400772044393,0
1331,gradient_boosting,0,0.1110357370658847,0
1334,gradient_boosting,0,0.3130185085030821,0
1335,gradient_boosting,0,0.2938805775143674,0
1337,gradient_boosting,0,0.19432701252875692,0
1339,gradient_boosting,1,0.611077105019033,1
1342,gradient_boosting,0,0.20031260668736736,0
1350,gradient_boosting,1,0.31912282057901925,0
1352,gradient_boosting,1,0.22289536237188046,0
1356,gradient_boosting,1,0.30720712175011755,0
1361,gradient_boosting,0,0.211117544099714,0
1362,gradient_boosting,0,0.13897524000007147,0
1373,gradient_boosting,1,0.5879868646552127,1
1374,gradient_boosting,1,0.3759725198395024,0
1375,gradient_boosting,1,0.14459729919770098,0
1378,gradient_boosting,0,0.16202662161319198,0
1380,gradient_boosting,0,0.37111071029816967,0
1387,gradient_boosting,0,0.17803213626843778,0
1392,gradient_boosting,0,0.6710349723324828,1
1393,gradient_boosting,0,0.5401940636750636,1
1396,gradient_boosting,1,0.9001161020524931,1
1397,gradient_boosting,0,0.11881379265096717,0
1403,gradient_boosting,1,0.2998742312218953,0
1407,gradient_boosting,0,0.07569076254681005,0
1415,gradient_boosting,0,0.3348754757891537,0
1416,gradient_boosting,1,0.5600842444706281,1
1417,gradient_boosting,0,0.1901812878776652,0
1418,gradient_boosting,0,0.47554876891666986,0
1422,gradient_boosting,0,0.24974555925093717,0
1423,gradient_boosting,1,0.7480316282640548,1
1424,gradient_boosting,1,0.9161944202038926,1
1426,gradient_boosting,1,0.7565220539740461,1
1427,gradient_boosting,1,0.7608681293740331,1
1428,gradient_boosting,1,0.3449138094005376,0
1429,gradient_boosting,1,0.8020454523056292,1
1432,gradient_boosting,0,0.14582831586384434,0
1434,gradient_boosting,0,0.42936644411504,0
1435,gradient_boosting,0,0.31072710872179277,0
1438,gradient_boosting,0,0.3583332827201343,0
1440,gradient_boosting,0,0.43756310472115084,0
1441,gradient_boosting,1,0.22080124296879364,0
1443,gradient_boosting,1,0.40534358649658236,0
1444,gradient_boosting,0,0.5002803828903168,1
1448,gradient_boosting,0,0.08232167431127232,0
1450,gradient_boosting,1,0.46358862758836583,0
1451,gradient_boosting,1,0.66986710922216,1
1452,gradient_boosting,0,0.3432451184823129,0
1454,gradient_boosting,0,0.1074162862703097,0
1458,gradient_boosting,0,0.188027153642206,0
1460,gradient_boosting,0,0.5404617173931479,1
1466,gradient_boosting,0,0.07351283286708218,0
1467,gradient_boosting,0,0.10895408433342027,0
1468,gradient_boosting,0,0.2640896644219727,0
1469,gradient_boosting,1,0.10827995125498172,0
1470,gradient_boosting,0,0.17612490796630836,0
1478,gradient_boosting,1,0.46542445403015825,0
1479,gradient_boosting,1,0.33862113115777875,0
1484,gradient_boosting,0,0.32775030819769385,0
1487,gradient_boosting,0,0.27765422660203765,0
1489,gradient_boosting,0,0.10591976619362967,0
1494,gradient_boosting,0,0.07785120444377208,0
1495,gradient_boosting,0,0.055584469273652216,0
1500,gradient_boosting,0,0.2540343330051091,0
1503,gradient_boosting,1,0.6769032912251302,1
1504,gradient_boosting,1,0.8437737870279446,1
1509,gradient_boosting,0,0.1300276020127259,0
1510,gradient_boosting,1,0.7750767679271664,1
1511,gradient_boosting,0,0.13335284142078715,0
1518,gradient_boosting,0,0.7235761908256523,1
1520,gradient_boosting,1,0.771649705190603,1
1522,gradient_boosting,0,0.1004546663410801,0
1525,gradient_boosting,1,0.7978604145042205,1
1526,gradient_boosting,1,0.2263660872621383,0
1527,gradient_boosting,0,0.104763860693137,0
1528,gradient_boosting,0,0.034311399867038996,0
1529,gradient_boosting,1,0.6482006683473609,1
1530,gradient_boosting,1,0.43320345847234887,0
1531,gradient_boosting,0,0.70175040111241,1
1535,gradient_boosting,0,0.33113455077350185,0
1536,gradient_boosting,1,0.46459287719400105,0
1537,gradient_boosting,0,0.059820550365004464,0
1540,gradient_boosting,0,0.18191675681147754,0
1544,gradient_boosting,1,0.7485588791866375,1
1547,gradient_boosting,1,0.8181425665392668,1
1549,gradient_boosting,0,0.4320099429120019,0
1550,gradient_boosting,0,0.09276588470452611,0
1551,gradient_boosting,0,0.12776594476099123,0
1562,gradient_boosting,0,0.17625342917115516,0
1563,gradient_boosting,1,0.4466954978886502,0
1569,gradient_boosting,1,0.08304567469655198,0
1574,gradient_boosting,0,0.2896823616958872,0
1575,gradient_boosting,0,0.23088336985086394,0
1576,gradient_boosting,0,0.14936982645587626,0
1577,gradient_boosting,1,0.2257278159632049,0
1580,gradient_boosting,0,0.21848650016701401,0
1582,gradient_boosting,1,0.24219743535760951,0
1583,gradient_boosting,0,0.15248853587714944,0
1586,gradient_boosting,0,0.12461802875460348,0
1587,gradient_boosting,0,0.20207237247822638,0
1589,gradient_boosting,0,0.227023345961505,0
1591,gradient_boosting,0,0.11425081430261715,0
1593,gradient_boosting,0,0.112836009158326,0
1594,gradient_boosting,0,0.13530769501927475,0
1595,gradient_boosting,0,0.1914737758339349,0
1597,gradient_boosting,1,0.35625204069697186,0
1598,gradient_boosting,0,0.17741967810867135,0
1599,gradient_boosting,0,0.24355816841363573,0
1600,gradient_boosting,1,0.2652682481714772,0
1601,gradient_boosting,0,0.18393069088505243,0
1602,gradient_boosting,1,0.810017985930323,1
1605,gradient_boosting,1,0.44884998636299506,0
1606,gradient_boosting,0,0.16700507719298419,0
1609,gradient_boosting,1,0.3745439482337984,0
1612,gradient_boosting,0,0.12321174746035843,0
1613,gradient_boosting,0,0.21625664237696,0
1615,gradient_boosting,1,0.8354537524458706,1
1617,gradient_boosting,0,0.31263349946727176,0
1619,gradient_boosting,0,0.1329296672583862,0
1621,gradient_boosting,0,0.14834796397429406,0
1622,gradient_boosting,1,0.19335757668449108,0
1623,gradient_boosting,0,0.08999738741026968,0
1624,gradient_boosting,0,0.18102708610465673,0
1627,gradient_boosting,1,0.6384803923109624,1
1628,gradient_boosting,0,0.18625430008547147,0
1629,gradient_boosting,0,0.052601998133263356,0
1631,gradient_boosting,0,0.08046622821484714,0
1637,gradient_boosting,1,0.4696468996756489,0
1638,gradient_boosting,0,0.15086843517527035,0
1639,gradient_boosting,0,0.21394226387034443,0
1642,gradient_boosting,1,0.14551595937358142,0
1644,gradient_boosting,0,0.3241220742113741,0
1645,gradient_boosting,0,0.29256007260085626,0
1647,gradient_boosting,0,0.19140096814965027,0
1650,gradient_boosting,0,0.1595642038861315,0
1651,gradient_boosting,0,0.11111219396782711,0
1654,gradient_boosting,1,0.7405252253763457,1
1660,gradient_boosting,0,0.15200617812168443,0
1664,gradient_boosting,0,0.8121445094035409,1
1665,gradient_boosting,1,0.5733760231603205,1
1666,gradient_boosting,0,0.25568820402037884,0
1667,gradient_boosting,1,0.1713680972511113,0
1668,gradient_boosting,0,0.29735325402853435,0
1670,gradient_boosting,0,0.23781898327931028,0
1672,gradient_boosting,0,0.05650482884699273,0
1673,gradient_boosting,0,0.2583715267597229,0
1674,gradient_boosting,0,0.10342845608223311,0
1676,gradient_boosting,0,0.3794155379818796,0
1681,gradient_boosting,0,0.09395042253582302,0
1682,gradient_boosting,1,0.5920216624254203,1
1683,gradient_boosting,0,0.06086592560929838,0
1686,gradient_boosting,1,0.3351850879689698,0
1688,gradient_boosting,0,0.3086716033736295,0
1691,gradient_boosting,1,0.15306046158987413,0
1694,gradient_boosting,0,0.08116894402674293,0
1699,gradient_boosting,0,0.15095385480917503,0
1700,gradient_boosting,0,0.20832682957068757,0
1701,gradient_boosting,0,0.07834128590492734,0
1702,gradient_boosting,0,0.06235496534236616,0
1704,gradient_boosting,1,0.09645099582089951,0
1705,gradient_boosting,0,0.30611685499448227,0
1706,gradient_boosting,0,0.2633173015901113,0
1708,gradient_boosting,1,0.6884592285739992,1
1712,gradient_boosting,0,0.31441911557355745,0
1713,gradient_boosting,0,0.08348104672940608,0
1715,gradient_boosting,0,0.3484155840907258,0
1717,gradient_boosting,0,0.17883871470264048,0
1719,gradient_boosting,0,0.3463053584673016,0
1720,gradient_boosting,1,0.4189925953069941,0
1721,gradient_boosting,1,0.5475520265618413,1
1725,gradient_boosting,1,0.8724192458628895,1
1726,gradient_boosting,1,0.15055066980115955,0
1729,gradient_boosting,0,0.06468223582584935,0
1731,gradient_boosting,0,0.10861947221181764,0
1733,gradient_boosting,0,0.12840981911462154,0
1740,gradient_boosting,0,0.06217776303545324,0
1741,gradient_boosting,0,0.6005169775593847,1
1742,gradient_boosting,0,0.3928157981784072,0
1743,gradient_boosting,0,0.06152287998486179,0
1745,gradient_boosting,0,0.25354908721763403,0
1746,gradient_boosting,0,0.13318921437127654,0
1748,gradient_boosting,0,0.09566378720384594,0
1750,gradient_boosting,0,0.5455538210602457,1
1753,gradient_boosting,0,0.07337856058859286,0
1754,gradient_boosting,0,0.1541913545934888,0
1755,gradient_boosting,0,0.8959670815747538,1
1756,gradient_boosting,1,0.34518478452887946,0
1758,gradient_boosting,0,0.14765719846868935,0
1760,gradient_boosting,0,0.08772226765099549,0
1762,gradient_boosting,1,0.08095193527959181,0
1763,gradient_boosting,0,0.2536981485347087,0
1771,gradient_boosting,0,0.18712424580270032,0
1772,gradient_boosting,0,0.14817682206711513,0
1774,gradient_boosting,0,0.05037563064316574,0
1776,gradient_boosting,0,0.03292762253401257,0
1781,gradient_boosting,0,0.32407690169906217,0
1785,gradient_boosting,0,0.17370597152009046,0
1786,gradient_boosting,0,0.07018260073221066,0
1791,gradient_boosting,1,0.7607483957057264,1
1793,gradient_boosting,0,0.2069352217353422,0
1795,gradient_boosting,0,0.17889828284992276,0
1797,gradient_boosting,0,0.18732361699372738,0
1798,gradient_boosting,0,0.23312764188771862,0
1799,gradient_boosting,1,0.40929260428756936,0
1801,gradient_boosting,0,0.057415847907243744,0
1802,gradient_boosting,0,0.16808511938562815,0
1806,gradient_boosting,0,0.11701384779931552,0
1809,gradient_boosting,0,0.0459314463355655,0
1813,gradient_boosting,0,0.15933424006423846,0
1819,gradient_boosting,0,0.210904048363472,0
1832,gradient_boosting,0,0.3725213059755247,0
1835,gradient_boosting,0,0.16046884984556242,0
1839,gradient_boosting,0,0.16298315714258588,0
1843,gradient_boosting,0,0.24405233163581996,0
1847,gradient_boosting,0,0.10095761985153776,0
1849,gradient_boosting,0,0.08467269548803422,0
1859,gradient_boosting,0,0.05611610103339345,0
1868,gradient_boosting,0,0.3030371912454336,0
1870,gradient_boosting,0,0.14402618272341758,0
1871,gradient_boosting,0,0.2824179498186733,0
1875,gradient_boosting,0,0.23925961618188982,0
1880,gradient_boosting,0,0.07596954808769737,0
1881,gradient_boosting,0,0.04479409054515213,0
1884,gradient_boosting,0,0.19338277203701265,0
1885,gradient_boosting,1,0.4380824536688509,0
1886,gradient_boosting,0,0.049909129222804646,0
1890,gradient_boosting,0,0.09813783671501508,0
1891,gradient_boosting,0,0.1032229740874433,0
1893,gradient_boosting,0,0.17426146448596572,0
1895,gradient_boosting,1,0.8663312048302622,1
1896,gradient_boosting,0,0.06968753268216282,0
1897,gradient_boosting,0,0.08836311842587903,0
1903,gradient_boosting,0,0.17083061792179696,0
1905,gradient_boosting,1,0.6549111207434994,1
1908,gradient_boosting,0,0.07456873841946755,0
1913,gradient_boosting,0,0.3210072704346702,0
1915,gradient_boosting,0,0.16731465283861932,0
1919,gradient_boosting,1,0.5148570711176337,1
1920,gradient_boosting,0,0.06702361583325382,0
1921,gradient_boosting,1,0.09524839743183423,0
1927,gradient_boosting,0,0.12770845240094097,0
1928,gradient_boosting,1,0.0674099316459918,0
1930,gradient_boosting,1,0.2655924318751556,0
1934,gradient_boosting,0,0.09686957065187654,0
1937,gradient_boosting,0,0.12541045952034183,0
1938,gradient_boosting,1,0.10007186212281854,0
1939,gradient_boosting,1,0.8742347307101311,1
1940,gradient_boosting,0,0.07329720680608232,0
1947,gradient_boosting,0,0.17376626395304456,0
1949,gradient_boosting,0,0.050072893027374575,0
1950,gradient_boosting,0,0.30849267139349945,0
1955,gradient_boosting,1,0.11873115664016726,0
1956,gradient_boosting,0,0.3114726109337458,0
1969,gradient_boosting,0,0.11494136328956749,0
1971,gradient_boosting,0,0.2731071091985563,0
1974,gradient_boosting,1,0.4517796978989241,0
1976,gradient_boosting,0,0.09875948578948987,0
1979,gradient_boosting,0,0.15064537601934672,0
1981,gradient_boosting,1,0.7844044136821864,1
1983,gradient_boosting,0,0.10892899674851236,0
1984,gradient_boosting,0,0.2361791019662757,0
1991,gradient_boosting,0,0.1446359882815207,0
1994,gradient_boosting,0,0.10352654327660918,0
1996,gradient_boosting,1,0.23285640850967815,0
1997,gradient_boosting,0,0.18945032842168388,0
2001,gradient_boosting,1,0.5691696943763371,1
2002,gradient_boosting,1,0.7090859199750407,1
2003,gradient_boosting,0,0.575982231312228,1
2004,gradient_boosting,0,0.18318922132651752,0
2006,gradient_boosting,1,0.24471072646493505,0
2014,gradient_boosting,0,0.5405621472153344,1
2018,gradient_boosting,0,0.23511015574827093,0
2020,gradient_boosting,1,0.14710759275487154,0
2023,gradient_boosting,1,0.7507799099863539,1
2024,gradient_boosting,1,0.38841040172076263,0
2025,gradient_boosting,1,0.4636825220976408,0
2026,gradient_boosting,1,0.7140178431026888,1
2027,gradient_boosting,1,0.714636020150623,1
2028,gradient_boosting,0,0.407864518105644,0
2030,gradient_boosting,1,0.6975187804679797,1
2032,gradient_boosting,1,0.15768382904246558,0
2034,gradient_boosting,1,0.5104052033517574,1
2035,gradient_boosting,1,0.24695803854442103,0
2037,gradient_boosting,1,0.42948391686602966,0
2039,gradient_boosting,0,0.15872148286405285,0
2040,gradient_boosting,1,0.4702231654057828,0
2041,gradient_boosting,0,0.5838522362197884,1
2042,gradient_boosting,0,0.23235440236786384,0
2043,gradient_boosting,0,0.17153980666464286,0
2044,gradient_boosting,1,0.1977038736831925,0
2047,gradient_boosting,1,0.3246754161306611,0
2049,gradient_boosting,0,0.8415960753516152,1
2050,gradient_boosting,1,0.32619181960601673,0
2052,gradient_boosting,0,0.1564138988691369,0
2053,gradient_boosting,0,0.11547102232398183,0
2054,gradient_boosting,1,0.3623169839077818,0
2056,gradient_boosting,0,0.48015363375340187,0
2057,gradient_boosting,1,0.34043593426457525,0
2058,gradient_boosting,0,0.10597369901107034,0
2060,gradient_boosting,0,0.6016392524366135,1
2063,gradient_boosting,0,0.10440232961522643,0
2066,gradient_boosting,0,0.16136353331268163,0
2071,gradient_boosting,1,0.5875142296831238,1
2073,gradient_boosting,0,0.1112810449438333,0
2077,gradient_boosting,0,0.4603195891698219,0
2079,gradient_boosting,0,0.5019986438687283,1
2083,gradient_boosting,1,0.9454388425450934,1
2090,gradient_boosting,0,0.15352934860155565,0
2091,gradient_boosting,0,0.06658896706615461,0
2095,gradient_boosting,1,0.7698110313592351,1
2096,gradient_boosting,0,0.24850583943065743,0
2097,gradient_boosting,0,0.09205057826261108,0
2098,gradient_boosting,1,0.3634741478521596,0
2099,gradient_boosting,1,0.1786036336581413,0
2103,gradient_boosting,0,0.10309974614075781,0
2104,gradient_boosting,0,0.2890785460804518,0
2105,gradient_boosting,0,0.2039191910429467,0
2107,gradient_boosting,0,0.2129113428807138,0
2109,gradient_boosting,0,0.20609132765650792,0
2111,gradient_boosting,0,0.5425744161470042,1
2113,gradient_boosting,1,0.6824047673864002,1
2114,gradient_boosting,0,0.6310025974716273,1
2115,gradient_boosting,1,0.4837446896783518,0
2119,gradient_boosting,0,0.11581323951337426,0
2121,gradient_boosting,0,0.19991213024660884,0
2127,gradient_boosting,0,0.05233454030925588,0
2128,gradient_boosting,0,0.24888498176623902,0
2130,gradient_boosting,0,0.34063143063646517,0
2134,gradient_boosting,1,0.40646359804683696,0
2136,gradient_boosting,0,0.4409945487116077,0
2139,gradient_boosting,0,0.3015888380331419,0
2142,gradient_boosting,1,0.2910519119098488,0
2144,gradient_boosting,0,0.6184026871389215,1
2145,gradient_boosting,1,0.3285612352538432,0
2153,gradient_boosting,1,0.9481118403907624,1
2155,gradient_boosting,0,0.07977909315021645,0
2156,gradient_boosting,1,0.6635795694754363,1
2158,gradient_boosting,1,0.37921334873351215,0
2163,gradient_boosting,0,0.2969871948456086,0
2164,gradient_boosting,1,0.8130981865999117,1
2166,gradient_boosting,0,0.11458102403682835,0
2167,gradient_boosting,1,0.24847405482652393,0
2168,gradient_boosting,0,0.20111590442057356,0
2169,gradient_boosting,1,0.24208280567511267,0
2170,gradient_boosting,1,0.6276699790914847,1
2173,gradient_boosting,0,0.24131614578972185,0
2175,gradient_boosting,1,0.41715110155910773,0
2178,gradient_boosting,0,0.1539551256205889,0
2180,gradient_boosting,0,0.4103323467443758,0
2182,gradient_boosting,0,0.34708502798764834,0
2183,gradient_boosting,0,0.25864702805130163,0
2184,gradient_boosting,0,0.3391671650282967,0
2185,gradient_boosting,0,0.3377458033616456,0
2186,gradient_boosting,1,0.3764106930495856,0
2188,gradient_boosting,1,0.3470907051390096,0
2189,gradient_boosting,1,0.7746653513347304,1
2193,gradient_boosting,0,0.2399455374793266,0
2195,gradient_boosting,0,0.6411683795669546,1
2198,gradient_boosting,0,0.23856191221011455,0
2200,gradient_boosting,1,0.6008433366593472,1
2201,gradient_boosting,0,0.056036151312325526,0
2202,gradient_boosting,1,0.7974797710878581,1
2203,gradient_boosting,1,0.8151879209097743,1
2204,gradient_boosting,1,0.39941107733537484,0
2208,gradient_boosting,0,0.10619646635680557,0
2212,gradient_boosting,0,0.05887388559875115,0
2220,gradient_boosting,1,0.41881386463692133,0
2224,gradient_boosting,0,0.22476561598072375,0
2225,gradient_boosting,1,0.6218825428777172,1
2227,gradient_boosting,0,0.07901802601860919,0
2229,gradient_boosting,1,0.6844548939695179,1
2230,gradient_boosting,0,0.20979700254504127,0
2231,gradient_boosting,0,0.07092985667281902,0
2232,gradient_boosting,0,0.08107985978202031,0
2233,gradient_boosting,0,0.6336757390892231,1
2234,gradient_boosting,0,0.19682109495361894,0
2235,gradient_boosting,1,0.6304007494424841,1
2238,gradient_boosting,0,0.16704808765157428,0
2242,gradient_boosting,0,0.23960603706452624,0
2243,gradient_boosting,1,0.1797826715575038,0
2246,gradient_boosting,0,0.14955248824516856,0
2251,gradient_boosting,1,0.3712667923400262,0
2259,gradient_boosting,0,0.04665629109279665,0
2265,gradient_boosting,1,0.7817935954021369,1
2269,gradient_boosting,1,0.4721241263251632,0
2270,gradient_boosting,1,0.7450586035010581,1
2275,gradient_boosting,1,0.689336529879249,1
2276,gradient_boosting,1,0.8219385910853934,1
2277,gradient_boosting,0,0.06471894961525075,0
2282,gradient_boosting,1,0.33510881930061437,0
2284,gradient_boosting,0,0.1660377076694572,0
2285,gradient_boosting,0,0.40979335001795336,0
2288,gradient_boosting,0,0.29273546089523245,0
2289,gradient_boosting,1,0.621439585862612,1
2294,gradient_boosting,0,0.6371685062408844,1
2297,gradient_boosting,1,0.21817754831314667,0
2299,gradient_boosting,1,0.18517597142224818,0
2300,gradient_boosting,0,0.05933857002964952,0
2305,gradient_boosting,0,0.13362595923929435,0
2306,gradient_boosting,0,0.21811144994326498,0
2307,gradient_boosting,0,0.40429427233468895,0
2308,gradient_boosting,0,0.10049376146900939,0
2315,gradient_boosting,1,0.2101806037433733,0
2317,gradient_boosting,1,0.16708076526138146,0
2319,gradient_boosting,0,0.09302033115465644,0
2326,gradient_boosting,0,0.21712621358102402,0
2327,gradient_boosting,0,0.2564227754285203,0
2328,gradient_boosting,0,0.5533672860871854,1
2331,gradient_boosting,1,0.2514357001862905,0
2332,gradient_boosting,0,0.18552307435897036,0
2333,gradient_boosting,0,0.16745061659397834,0
2335,gradient_boosting,0,0.33467043709218064,0
2337,gradient_boosting,0,0.05273099422437658,0
2339,gradient_boosting,0,0.4346316016213425,0
2340,gradient_boosting,0,0.42853864398816627,0
2342,gradient_boosting,0,0.21023902523176397,0
2343,gradient_boosting,0,0.6818148034632547,1
2347,gradient_boosting,0,0.12819557813023927,0
2349,gradient_boosting,0,0.19406343447613142,0
2350,gradient_boosting,1,0.41738182310769933,0
2351,gradient_boosting,0,0.4942242183145826,0
2356,gradient_boosting,1,0.3401840873716984,0
2358,gradient_boosting,0,0.7376802983550573,1
2359,gradient_boosting,1,0.8866753223092804,1
2360,gradient_boosting,1,0.5685318302892645,1
2363,gradient_boosting,0,0.37011820035004295,0
2368,gradient_boosting,0,0.31343784992809165,0
2370,gradient_boosting,1,0.35285914573004745,0
2372,gradient_boosting,1,0.20199024773426646,0
2377,gradient_boosting,1,0.4866349004526085,0
2379,gradient_boosting,1,0.5012851760958893,1
2380,gradient_boosting,0,0.7256801887300552,1
2381,gradient_boosting,1,0.3304297342880809,0
2382,gradient_boosting,0,0.41038537978818,0
2386,gradient_boosting,0,0.22675152158797648,0
2387,gradient_boosting,1,0.3382511162568362,0
2389,gradient_boosting,0,0.2489149732662295,0
2392,gradient_boosting,0,0.15201431734787793,0
2395,gradient_boosting,0,0.14448656117519204,0
2396,gradient_boosting,1,0.5059302859557846,1
2399,gradient_boosting,0,0.2667425711200691,0
2400,gradient_boosting,0,0.5016489174951407,1
2408,gradient_boosting,0,0.13257864235170097,0
2410,gradient_boosting,0,0.05563143082529362,0
2415,gradient_boosting,0,0.10556708697745057,0
2418,gradient_boosting,0,0.12281831484839043,0
2424,gradient_boosting,0,0.07645587330248876,0
2425,gradient_boosting,0,0.17805150618525462,0
2426,gradient_boosting,0,0.3075763511178744,0
2427,gradient_boosting,0,0.23908270852170374,0
2430,gradient_boosting,0,0.20953730875814164,0
2436,gradient_boosting,0,0.35027082912055885,0
2439,gradient_boosting,1,0.20444223943130624,0
2440,gradient_boosting,1,0.37683212647437436,0
2443,gradient_boosting,0,0.35345803682573596,0
2444,gradient_boosting,1,0.09771787297595565,0
2447,gradient_boosting,1,0.47786689861915876,0
2448,gradient_boosting,0,0.5077319574255365,1
2449,gradient_boosting,0,0.19416283831317122,0
2451,gradient_boosting,0,0.4277941017172694,0
2452,gradient_boosting,0,0.2306065356065236,0
2453,gradient_boosting,0,0.15463241324527585,0
2455,gradient_boosting,0,0.10905658650546768,0
2458,gradient_boosting,0,0.22995714284261812,0
2459,gradient_boosting,0,0.1064743924613873,0
2460,gradient_boosting,0,0.14277665242272222,0
2464,gradient_boosting,1,0.8442051959133067,1
2470,gradient_boosting,1,0.3477742211601133,0
2478,gradient_boosting,0,0.2726132355053387,0
2479,gradient_boosting,0,0.09580191701620615,0
2480,gradient_boosting,1,0.14599388850740458,0
2481,gradient_boosting,0,0.6079364576002996,1
2482,gradient_boosting,0,0.1678698696472302,0
2486,gradient_boosting,0,0.4395206577570585,0
2487,gradient_boosting,1,0.35140434528896225,0
2491,gradient_boosting,1,0.43216422521145004,0
2494,gradient_boosting,0,0.15563708750543176,0
2496,gradient_boosting,1,0.47367835034268846,0
2499,gradient_boosting,1,0.819771509027784,1
2502,gradient_boosting,1,0.545780280153534,1
2503,gradient_boosting,1,0.8711380356064403,1
2504,gradient_boosting,1,0.13256268278728822,0
2505,gradient_boosting,0,0.2954792586473726,0
2508,gradient_boosting,0,0.5510086166264201,1
2509,gradient_boosting,0,0.13373169084150174,0
2510,gradient_boosting,0,0.0934658484112979,0
2511,gradient_boosting,1,0.1654596408323679,0
2512,gradient_boosting,0,0.5395557828623424,1
2513,gradient_boosting,1,0.7894294218571725,1
2514,gradient_boosting,0,0.15620786312962823,0
2515,gradient_boosting,0,0.3913688773059257,0
2517,gradient_boosting,0,0.07750252351384103,0
2524,gradient_boosting,1,0.15841956505851096,0
2527,gradient_boosting,0,0.07186864188149279,0
2528,gradient_boosting,0,0.35920076972737175,0
2529,gradient_boosting,1,0.23778576587989667,0
2530,gradient_boosting,1,0.14071017585399745,0
2534,gradient_boosting,1,0.579061210704497,1
2536,gradient_boosting,1,0.36061057521129447,0
2538,gradient_boosting,1,0.24788303103065124,0
2539,gradient_boosting,0,0.12699883892820982,0
2540,gradient_boosting,0,0.37237097553374454,0
2541,gradient_boosting,0,0.2722673537183792,0
2544,gradient_boosting,0,0.4500353857518314,0
2546,gradient_boosting,0,0.28671414920155397,0
2547,gradient_boosting,0,0.23834016070501624,0
2549,gradient_boosting,0,0.21169404848266066,0
2550,gradient_boosting,0,0.10110632729223941,0
2551,gradient_boosting,0,0.7372616999586343,1
2553,gradient_boosting,0,0.10942061842422739,0
2554,gradient_boosting,0,0.27598974634087114,0
2559,gradient_boosting,0,0.17137469481664136,0
2561,gradient_boosting,0,0.10234178188576379,0
2564,gradient_boosting,0,0.12659485110210925,0
2565,gradient_boosting,0,0.09415489265308521,0
2567,gradient_boosting,1,0.6364387272839344,1
2572,gradient_boosting,0,0.3252500330782269,0
2573,gradient_boosting,0,0.06897323004890728,0
2574,gradient_boosting,0,0.18500926066025386,0
2576,gradient_boosting,0,0.21259483817467148,0
2577,gradient_boosting,0,0.26177880406828025,0
2578,gradient_boosting,0,0.16183361689338396,0
2579,gradient_boosting,0,0.11418450414580857,0
2581,gradient_boosting,1,0.21534707621128174,0
2582,gradient_boosting,0,0.16230166066723667,0
2588,gradient_boosting,0,0.7737446551286574,1
2589,gradient_boosting,0,0.2599443779461857,0
2590,gradient_boosting,0,0.21773043540310913,0
2593,gradient_boosting,0,0.026247417478471348,0
2594,gradient_boosting,0,0.10294390145098434,0
2595,gradient_boosting,0,0.4185961138341282,0
2596,gradient_boosting,0,0.08134198749647437,0
2599,gradient_boosting,0,0.8638316590819671,1
2604,gradient_boosting,0,0.42135223308935527,0
2605,gradient_boosting,0,0.2795376272596276,0
2610,gradient_boosting,1,0.2747441403701874,0
2614,gradient_boosting,0,0.10449562697137324,0
2615,gradient_boosting,0,0.26166891894994754,0
2616,gradient_boosting,0,0.2218990990460604,0
2618,gradient_boosting,0,0.21096319631442909,0
2620,gradient_boosting,0,0.11645610203379017,0
2624,gradient_boosting,0,0.3449635167438048,0
2634,gradient_boosting,0,0.20913169591642516,0
2635,gradient_boosting,1,0.9135538112796505,1
2638,gradient_boosting,0,0.6294355010714453,1
2640,gradient_boosting,1,0.2669809846562608,0
2641,gradient_boosting,1,0.8019508337390947,1
2644,gradient_boosting,1,0.11470678003114879,0
2648,gradient_boosting,1,0.13633107471417769,0
2652,gradient_boosting,1,0.6251019238100312,1
2653,gradient_boosting,1,0.7394163955438068,1
2654,gradient_boosting,1,0.5618667422886894,1
2656,gradient_boosting,1,0.7430005457474081,1
2657,gradient_boosting,1,0.7125084536701782,1
2658,gradient_boosting,0,0.09223878035189718,0
2660,gradient_boosting,0,0.14320961205830696,0
2661,gradient_boosting,0,0.20675125837604771,0
2662,gradient_boosting,1,0.32864160684365734,0
2667,gradient_boosting,1,0.6401937935873593,1
2668,gradient_boosting,0,0.13175719665182703,0
2669,gradient_boosting,0,0.10035976999429012,0
2673,gradient_boosting,0,0.4471292377546906,0
2676,gradient_boosting,0,0.20116263782085264,0
2679,gradient_boosting,1,0.36105571499956773,0
2681,gradient_boosting,0,0.06473149230677705,0
2682,gradient_boosting,1,0.3326500297781977,0
2685,gradient_boosting,1,0.5560013654430588,1
2686,gradient_boosting,0,0.6174931822549001,1
2687,gradient_boosting,1,0.7884777377263681,1
2691,gradient_boosting,0,0.0466647447639536,0
2696,gradient_boosting,0,0.36051872353655073,0
2697,gradient_boosting,0,0.09698068022284484,0
2698,gradient_boosting,0,0.16916853456465847,0
2699,gradient_boosting,0,0.08893529561027115,0
2706,gradient_boosting,0,0.1666174934072352,0
2708,gradient_boosting,1,0.3410244462641205,0
2711,gradient_boosting,0,0.1874969438087399,0
2713,gradient_boosting,0,0.06301271271800143,0
2715,gradient_boosting,0,0.14890194878579682,0
2716,gradient_boosting,0,0.06748767715573166,0
2719,gradient_boosting,0,0.10595795404278538,0
2720,gradient_boosting,1,0.336194788103758,0
2722,gradient_boosting,0,0.12882895791015847,0
2724,gradient_boosting,0,0.3304826846523619,0
2725,gradient_boosting,0,0.36126739146631054,0
2727,gradient_boosting,0,0.10101855661558755,0
2729,gradient_boosting,0,0.12873880275417102,0
2733,gradient_boosting,0,0.16199091302801966,0
2734,gradient_boosting,0,0.4936652939809544,0
2736,gradient_boosting,0,0.08344559460793623,0
2740,gradient_boosting,0,0.17965690075843913,0
2741,gradient_boosting,0,0.12508233605881322,0
2742,gradient_boosting,0,0.7181238832644631,1
2743,gradient_boosting,1,0.17954069587478846,0
2745,gradient_boosting,1,0.8452911567976713,1
2746,gradient_boosting,0,0.8452276305031958,1
2750,gradient_boosting,0,0.054684526761006304,0
2755,gradient_boosting,0,0.09272731006053207,0
2756,gradient_boosting,0,0.08333588701747792,0
2758,gradient_boosting,0,0.08782738114723465,0
2759,gradient_boosting,1,0.07433739108702851,0
2762,gradient_boosting,0,0.12605403577024896,0
2763,gradient_boosting,0,0.07157288562450206,0
2766,gradient_boosting,0,0.2266139475935031,0
2767,gradient_boosting,0,0.23055818591477378,0
2769,gradient_boosting,0,0.37137570546413634,0
2777,gradient_boosting,0,0.20424186221154822,0
2778,gradient_boosting,1,0.35871982486374315,0
2779,gradient_boosting,0,0.14548050532745238,0
2781,gradient_boosting,0,0.11129546872518432,0
2789,gradient_boosting,0,0.13952132204649229,0
2791,gradient_boosting,0,0.3556008030340925,0
2792,gradient_boosting,1,0.502047971726095,1
2794,gradient_boosting,1,0.18834939369738746,0
2796,gradient_boosting,0,0.32395455586745586,0
2797,gradient_boosting,0,0.27759875436055886,0
2799,gradient_boosting,0,0.09579198330066986,0
2801,gradient_boosting,0,0.19643392373679738,0
2802,gradient_boosting,0,0.04866303379738402,0
2803,gradient_boosting,0,0.19987943525458904,0
2804,gradient_boosting,1,0.28812104063649413,0
2805,gradient_boosting,0,0.20053950426633238,0
2806,gradient_boosting,0,0.06846724329496462,0
2810,gradient_boosting,1,0.6896742828687065,1
2811,gradient_boosting,0,0.14440242573284118,0
2812,gradient_boosting,0,0.20974598129329006,0
2814,gradient_boosting,1,0.3876575895232898,0
2815,gradient_boosting,0,0.2733384450802707,0
2816,gradient_boosting,0,0.06548058049982995,0
2818,gradient_boosting,0,0.27317975590323845,0
2821,gradient_boosting,0,0.13429958652431156,0
2823,gradient_boosting,0,0.14331506483958156,0
2824,gradient_boosting,0,0.4665980808751746,0
2827,gradient_boosting,0,0.5664910399000834,1
2829,gradient_boosting,1,0.8744819936103435,1
2830,gradient_boosting,1,0.5920268460800148,1
2834,gradient_boosting,1,0.3516119431948383,0
2836,gradient_boosting,0,0.3981017100254505,0
2840,gradient_boosting,0,0.16146928527245127,0
2844,gradient_boosting,0,0.0409966706429029,0
2849,gradient_boosting,0,0.03855980711792476,0
2850,gradient_boosting,0,0.08125077749887313,0
2851,gradient_boosting,0,0.34499956489350975,0
2853,gradient_boosting,0,0.23178251352755358,0
2856,gradient_boosting,0,0.05068609493375146,0
2858,gradient_boosting,0,0.2222214352330189,0
2860,gradient_boosting,0,0.05416084871959027,0
2861,gradient_boosting,1,0.18810936549472743,0
2862,gradient_boosting,0,0.1112196683580341,0
2864,gradient_boosting,1,0.6859882018007986,1
2866,gradient_boosting,1,0.8717155701365995,1
2867,gradient_boosting,0,0.2341786547083108,0
2868,gradient_boosting,0,0.14540836388270456,0
2869,gradient_boosting,0,0.06255230385062073,0
2870,gradient_boosting,0,0.24541894260402425,0
2873,gradient_boosting,1,0.11538369411487417,0
2877,gradient_boosting,1,0.07103861616775328,0
2878,gradient_boosting,0,0.14260068716827914,0
2881,gradient_boosting,0,0.05093509350529133,0
2887,gradient_boosting,0,0.1657030905761589,0
2889,gradient_boosting,0,0.27185112560559654,0
2890,gradient_boosting,0,0.3639293674098513,0
2891,gradient_boosting,0,0.21669869749975834,0
2892,gradient_boosting,0,0.2701790992027037,0
2896,gradient_boosting,0,0.10492952597728544,0
2897,gradient_boosting,0,0.237938173516828,0
2898,gradient_boosting,0,0.2570427428204375,0
2899,gradient_boosting,0,0.1408663038117601,0
2901,gradient_boosting,0,0.17533959056566167,0
2904,gradient_boosting,0,0.07605776291570028,0
2905,gradient_boosting,0,0.10022352883124862,0
2906,gradient_boosting,0,0.13434525920211735,0
2907,gradient_boosting,0,0.13585770870744826,0
2908,gradient_boosting,0,0.08668349264935292,0
2910,gradient_boosting,0,0.12311518977064276,0
2911,gradient_boosting,0,0.10099807626054187,0
2912,gradient_boosting,0,0.13422717333921044,0
2913,gradient_boosting,0,0.1461208420147022,0
2914,gradient_boosting,0,0.644754834305955,1
2916,gradient_boosting,0,0.05207771575857412,0
2917,gradient_boosting,0,0.12881740350500667,0
2920,gradient_boosting,0,0.2030320936494671,0
2921,gradient_boosting,0,0.03342321717707886,0
2922,gradient_boosting,0,0.36578580773731967,0
2924,gradient_boosting,0,0.6376966540333714,1
2927,gradient_boosting,0,0.0708632834273638,0
2928,gradient_boosting,0,0.09498694017533411,0
2930,gradient_boosting,0,0.06878246589144625,0
2931,gradient_boosting,0,0.17212452878790968,0
2934,gradient_boosting,0,0.15586284436313508,0
2935,gradient_boosting,0,0.6175845341184383,1
2936,gradient_boosting,0,0.1622431751578438,0
2937,gradient_boosting,1,0.38626288813104087,0
2940,gradient_boosting,0,0.12216759470455604,0
2943,gradient_boosting,0,0.11455088630294728,0
2944,gradient_boosting,1,0.39097014506944294,0
2945,gradient_boosting,0,0.20766689410493774,0
2946,gradient_boosting,0,0.08701745088055443,0
2947,gradient_boosting,0,0.03546169296158702,0
2949,gradient_boosting,0,0.08937416754430415,0
2950,gradient_boosting,1,0.321672428479998,0
2953,gradient_boosting,0,0.13337474392817103,0
2954,gradient_boosting,0,0.13314960662605482,0
2955,gradient_boosting,0,0.04980922193770925,0
2956,gradient_boosting,0,0.295368906414996,0
2959,gradient_boosting,1,0.783729708195897,1
2960,gradient_boosting,1,0.640922755100988,1
2961,gradient_boosting,0,0.24185938588072153,0
2963,gradient_boosting,0,0.15216381830630454,0
2966,gradient_boosting,0,0.06462075231708768,0
2968,gradient_boosting,0,0.7865708220920344,1
2969,gradient_boosting,0,0.1360423642856782,0
2980,gradient_boosting,0,0.1258753702109288,0
2982,gradient_boosting,1,0.2926371926750747,0
2985,gradient_boosting,0,0.11636394483478185,0
2987,gradient_boosting,0,0.5505403920373526,1
2988,gradient_boosting,0,0.09020609593948263,0
2989,gradient_boosting,0,0.04775237867408873,0
2990,gradient_boosting,1,0.7085987036020892,1
2994,gradient_boosting,0,0.22834193014651932,0
2995,gradient_boosting,0,0.07778205479865383,0
2997,gradient_boosting,0,0.7829140327247326,1
2999,gradient_boosting,0,0.05809037827108138,0
