contrast_id,base_id,rq0_id,language,score_stratum,variant_i,variant_j,contrast_type,preference_target_variant
rq3g_cuda_000__c1,rq3g_cuda_000,dorn_cuda_108,cuda,low,golden,ugly_gold,visual_only_gold,golden
rq3g_cuda_000__c2,rq3g_cuda_000,dorn_cuda_108,cuda,low,golden,beautiful_trash,semantic_and_visual_aligned,golden
rq3g_cuda_000__c3,rq3g_cuda_000,dorn_cuda_108,cuda,low,golden,ugly_trash,semantic_and_visual_aligned,golden
rq3g_cuda_000__c4,rq3g_cuda_000,dorn_cuda_108,cuda,low,ugly_gold,beautiful_trash,semantic_visual_conflict_primary,ugly_gold
rq3g_cuda_000__c5,rq3g_cuda_000,dorn_cuda_108,cuda,low,ugly_gold,ugly_trash,semantic_only_under_ugly,ugly_gold
rq3g_cuda_000__c6,rq3g_cuda_000,dorn_cuda_108,cuda,low,beautiful_trash,ugly_trash,visual_only_trash,beautiful_trash
rq3g_cuda_001__c1,rq3g_cuda_001,dorn_cuda_069,cuda,low,golden,ugly_gold,visual_only_gold,golden
rq3g_cuda_001__c2,rq3g_cuda_001,dorn_cuda_069,cuda,low,golden,beautiful_trash,semantic_and_visual_aligned,golden
rq3g_cuda_001__c3,rq3g_cuda_001,dorn_cuda_069,cuda,low,golden,ugly_trash,semantic_and_visual_aligned,golden
rq3g_cuda_001__c4,rq3g_cuda_001,dorn_cuda_069,cuda,low,ugly_gold,beautiful_trash,semantic_visual_conflict_primary,ugly_gold
rq3g_cuda_001__c5,rq3g_cuda_001,dorn_cuda_069,cuda,low,ugly_gold,ugly_trash,semantic_only_under_ugly,ugly_gold
rq3g_cuda_001__c6,rq3g_cuda_001,dorn_cuda_069,cuda,low,beautiful_trash,ugly_trash,visual_only_trash,beautiful_trash
rq3g_cuda_002__c1,rq3g_cuda_002,dorn_cuda_078,cuda,low,golden,ugly_gold,visual_only_gold,golden
rq3g_cuda_002__c2,rq3g_cuda_002,dorn_cuda_078,cuda,low,golden,beautiful_trash,semantic_and_visual_aligned,golden
rq3g_cuda_002__c3,rq3g_cuda_002,dorn_cuda_078,cuda,low,golden,ugly_trash,semantic_and_visual_aligned,golden
rq3g_cuda_002__c4,rq3g_cuda_002,dorn_cuda_078,cuda,low,ugly_gold,beautiful_trash,semantic_visual_conflict_primary,ugly_gold
rq3g_cuda_002__c5,rq3g_cuda_002,dorn_cuda_078,cuda,low,ugly_gold,ugly_trash,semantic_only_under_ugly,ugly_gold
rq3g_cuda_002__c6,rq3g_cuda_002,dorn_cuda_078,cuda,low,beautiful_trash,ugly_trash,visual_only_trash,beautiful_trash
rq3g_cuda_003__c1,rq3g_cuda_003,dorn_cuda_016,cuda,low,golden,ugly_gold,visual_only_gold,golden
rq3g_cuda_003__c2,rq3g_cuda_003,dorn_cuda_016,cuda,low,golden,beautiful_trash,semantic_and_visual_aligned,golden
rq3g_cuda_003__c3,rq3g_cuda_003,dorn_cuda_016,cuda,low,golden,ugly_trash,semantic_and_visual_aligned,golden
rq3g_cuda_003__c4,rq3g_cuda_003,dorn_cuda_016,cuda,low,ugly_gold,beautiful_trash,semantic_visual_conflict_primary,ugly_gold
rq3g_cuda_003__c5,rq3g_cuda_003,dorn_cuda_016,cuda,low,ugly_gold,ugly_trash,semantic_only_under_ugly,ugly_gold
rq3g_cuda_003__c6,rq3g_cuda_003,dorn_cuda_016,cuda,low,beautiful_trash,ugly_trash,visual_only_trash,beautiful_trash
rq3g_cuda_004__c1,rq3g_cuda_004,dorn_cuda_050,cuda,low,golden,ugly_gold,visual_only_gold,golden
rq3g_cuda_004__c2,rq3g_cuda_004,dorn_cuda_050,cuda,low,golden,beautiful_trash,semantic_and_visual_aligned,golden
rq3g_cuda_004__c3,rq3g_cuda_004,dorn_cuda_050,cuda,low,golden,ugly_trash,semantic_and_visual_aligned,golden
rq3g_cuda_004__c4,rq3g_cuda_004,dorn_cuda_050,cuda,low,ugly_gold,beautiful_trash,semantic_visual_conflict_primary,ugly_gold
rq3g_cuda_004__c5,rq3g_cuda_004,dorn_cuda_050,cuda,low,ugly_gold,ugly_trash,semantic_only_under_ugly,ugly_gold
rq3g_cuda_004__c6,rq3g_cuda_004,dorn_cuda_050,cuda,low,beautiful_trash,ugly_trash,visual_only_trash,beautiful_trash
rq3g_cuda_005__c1,rq3g_cuda_005,dorn_cuda_025,cuda,low,golden,ugly_gold,visual_only_gold,golden
rq3g_cuda_005__c2,rq3g_cuda_005,dorn_cuda_025,cuda,low,golden,beautiful_trash,semantic_and_visual_aligned,golden
rq3g_cuda_005__c3,rq3g_cuda_005,dorn_cuda_025,cuda,low,golden,ugly_trash,semantic_and_visual_aligned,golden
rq3g_cuda_005__c4,rq3g_cuda_005,dorn_cuda_025,cuda,low,ugly_gold,beautiful_trash,semantic_visual_conflict_primary,ugly_gold
rq3g_cuda_005__c5,rq3g_cuda_005,dorn_cuda_025,cuda,low,ugly_gold,ugly_trash,semantic_only_under_ugly,ugly_gold
rq3g_cuda_005__c6,rq3g_cuda_005,dorn_cuda_025,cuda,low,beautiful_trash,ugly_trash,visual_only_trash,beautiful_trash
rq3g_cuda_006__c1,rq3g_cuda_006,dorn_cuda_093,cuda,low,golden,ugly_gold,visual_only_gold,golden
rq3g_cuda_006__c2,rq3g_cuda_006,dorn_cuda_093,cuda,low,golden,beautiful_trash,semantic_and_visual_aligned,golden
rq3g_cuda_006__c3,rq3g_cuda_006,dorn_cuda_093,cuda,low,golden,ugly_trash,semantic_and_visual_aligned,golden
rq3g_cuda_006__c4,rq3g_cuda_006,dorn_cuda_093,cuda,low,ugly_gold,beautiful_trash,semantic_visual_conflict_primary,ugly_gold
rq3g_cuda_006__c5,rq3g_cuda_006,dorn_cuda_093,cuda,low,ugly_gold,ugly_trash,semantic_only_under_ugly,ugly_gold
rq3g_cuda_006__c6,rq3g_cuda_006,dorn_cuda_093,cuda,low,beautiful_trash,ugly_trash,visual_only_trash,beautiful_trash
rq3g_cuda_007__c1,rq3g_cuda_007,dorn_cuda_084,cuda,low,golden,ugly_gold,visual_only_gold,golden
rq3g_cuda_007__c2,rq3g_cuda_007,dorn_cuda_084,cuda,low,golden,beautiful_trash,semantic_and_visual_aligned,golden
rq3g_cuda_007__c3,rq3g_cuda_007,dorn_cuda_084,cuda,low,golden,ugly_trash,semantic_and_visual_aligned,golden
rq3g_cuda_007__c4,rq3g_cuda_007,dorn_cuda_084,cuda,low,ugly_gold,beautiful_trash,semantic_visual_conflict_primary,ugly_gold
rq3g_cuda_007__c5,rq3g_cuda_007,dorn_cuda_084,cuda,low,ugly_gold,ugly_trash,semantic_only_under_ugly,ugly_gold
rq3g_cuda_007__c6,rq3g_cuda_007,dorn_cuda_084,cuda,low,beautiful_trash,ugly_trash,visual_only_trash,beautiful_trash
rq3g_cuda_008__c1,rq3g_cuda_008,dorn_cuda_092,cuda,low,golden,ugly_gold,visual_only_gold,golden
rq3g_cuda_008__c2,rq3g_cuda_008,dorn_cuda_092,cuda,low,golden,beautiful_trash,semantic_and_visual_aligned,golden
rq3g_cuda_008__c3,rq3g_cuda_008,dorn_cuda_092,cuda,low,golden,ugly_trash,semantic_and_visual_aligned,golden
rq3g_cuda_008__c4,rq3g_cuda_008,dorn_cuda_092,cuda,low,ugly_gold,beautiful_trash,semantic_visual_conflict_primary,ugly_gold
rq3g_cuda_008__c5,rq3g_cuda_008,dorn_cuda_092,cuda,low,ugly_gold,ugly_trash,semantic_only_under_ugly,ugly_gold
rq3g_cuda_008__c6,rq3g_cuda_008,dorn_cuda_092,cuda,low,beautiful_trash,ugly_trash,visual_only_trash,beautiful_trash
rq3g_cuda_009__c1,rq3g_cuda_009,dorn_cuda_047,cuda,low,golden,ugly_gold,visual_only_gold,golden
rq3g_cuda_009__c2,rq3g_cuda_009,dorn_cuda_047,cuda,low,golden,beautiful_trash,semantic_and_visual_aligned,golden
rq3g_cuda_009__c3,rq3g_cuda_009,dorn_cuda_047,cuda,low,golden,ugly_trash,semantic_and_visual_aligned,golden
rq3g_cuda_009__c4,rq3g_cuda_009,dorn_cuda_047,cuda,low,ugly_gold,beautiful_trash,semantic_visual_conflict_primary,ugly_gold
rq3g_cuda_009__c5,rq3g_cuda_009,dorn_cuda_047,cuda,low,ugly_gold,ugly_trash,semantic_only_under_ugly,ugly_gold
rq3g_cuda_009__c6,rq3g_cuda_009,dorn_cuda_047,cuda,low,beautiful_trash,ugly_trash,visual_only_trash,beautiful_trash
rq3g_cuda_010__c1,rq3g_cuda_010,dorn_cuda_114,cuda,low,golden,ugly_gold,visual_only_gold,golden
rq3g_cuda_010__c2,rq3g_cuda_010,dorn_cuda_114,cuda,low,golden,beautiful_trash,semantic_and_visual_aligned,golden
rq3g_cuda_010__c3,rq3g_cuda_010,dorn_cuda_114,cuda,low,golden,ugly_trash,semantic_and_visual_aligned,golden
rq3g_cuda_010__c4,rq3g_cuda_010,dorn_cuda_114,cuda,low,ugly_gold,beautiful_trash,semantic_visual_conflict_primary,ugly_gold
rq3g_cuda_010__c5,rq3g_cuda_010,dorn_cuda_114,cuda,low,ugly_gold,ugly_trash,semantic_only_under_ugly,ugly_gold
rq3g_cuda_010__c6,rq3g_cuda_010,dorn_cuda_114,cuda,low,beautiful_trash,ugly_trash,visual_only_trash,beautiful_trash
rq3g_cuda_011__c1,rq3g_cuda_011,dorn_cuda_098,cuda,low,golden,ugly_gold,visual_only_gold,golden
rq3g_cuda_011__c2,rq3g_cuda_011,dorn_cuda_098,cuda,low,golden,beautiful_trash,semantic_and_visual_aligned,golden
rq3g_cuda_011__c3,rq3g_cuda_011,dorn_cuda_098,cuda,low,golden,ugly_trash,semantic_and_visual_aligned,golden
rq3g_cuda_011__c4,rq3g_cuda_011,dorn_cuda_098,cuda,low,ugly_gold,beautiful_trash,semantic_visual_conflict_primary,ugly_gold
rq3g_cuda_011__c5,rq3g_cuda_011,dorn_cuda_098,cuda,low,ugly_gold,ugly_trash,semantic_only_under_ugly,ugly_gold
rq3g_cuda_011__c6,rq3g_cuda_011,dorn_cuda_098,cuda,low,beautiful_trash,ugly_trash,visual_only_trash,beautiful_trash
rq3g_cuda_012__c1,rq3g_cuda_012,dorn_cuda_115,cuda,low,golden,ugly_gold,visual_only_gold,golden
rq3g_cuda_012__c2,rq3g_cuda_012,dorn_cuda_115,cuda,low,golden,beautiful_trash,semantic_and_visual_aligned,golden
rq3g_cuda_012__c3,rq3g_cuda_012,dorn_cuda_115,cuda,low,golden,ugly_trash,semantic_and_visual_aligned,golden
rq3g_cuda_012__c4,rq3g_cuda_012,dorn_cuda_115,cuda,low,ugly_gold,beautiful_trash,semantic_visual_conflict_primary,ugly_gold
rq3g_cuda_012__c5,rq3g_cuda_012,dorn_cuda_115,cuda,low,ugly_gold,ugly_trash,semantic_only_under_ugly,ugly_gold
rq3g_cuda_012__c6,rq3g_cuda_012,dorn_cuda_115,cuda,low,beautiful_trash,ugly_trash,visual_only_trash,beautiful_trash
rq3g_cuda_013__c1,rq3g_cuda_013,dorn_cuda_055,cuda,low,golden,ugly_gold,visual_only_gold,golden
rq3g_cuda_013__c2,rq3g_cuda_013,dorn_cuda_055,cuda,low,golden,beautiful_trash,semantic_and_visual_aligned,golden
rq3g_cuda_013__c3,rq3g_cuda_013,dorn_cuda_055,cuda,low,golden,ugly_trash,semantic_and_visual_aligned,golden
rq3g_cuda_013__c4,rq3g_cuda_013,dorn_cuda_055,cuda,low,ugly_gold,beautiful_trash,semantic_visual_conflict_primary,ugly_gold
rq3g_cuda_013__c5,rq3g_cuda_013,dorn_cuda_055,cuda,low,ugly_gold,ugly_trash,semantic_only_under_ugly,ugly_gold
rq3g_cuda_013__c6,rq3g_cuda_013,dorn_cuda_055,cuda,low,beautiful_trash,ugly_trash,visual_only_trash,beautiful_trash
rq3g_cuda_014__c1,rq3g_cuda_014,dorn_cuda_064,cuda,low,golden,ugly_gold,visual_only_gold,golden
rq3g_cuda_014__c2,rq3g_cuda_014,dorn_cuda_064,cuda,low,golden,beautiful_trash,semantic_and_visual_aligned,golden
rq3g_cuda_014__c3,rq3g_cuda_014,dorn_cuda_064,cuda,low,golden,ugly_trash,semantic_and_visual_aligned,golden
rq3g_cuda_014__c4,rq3g_cuda_014,dorn_cuda_064,cuda,low,ugly_gold,beautiful_trash,semantic_visual_conflict_primary,ugly_gold
rq3g_cuda_014__c5,rq3g_cuda_014,dorn_cuda_064,cuda,low,ugly_gold,ugly_trash,semantic_only_under_ugly,ugly_gold
rq3g_cuda_014__c6,rq3g_cuda_014,dorn_cuda_064,cuda,low,beautiful_trash,ugly_trash,visual_only_trash,beautiful_trash
rq3g_cuda_015__c1,rq3g_cuda_015,dorn_cuda_056,cuda,low,golden,ugly_gold,visual_only_gold,golden
rq3g_cuda_015__c2,rq3g_cuda_015,dorn_cuda_056,cuda,low,golden,beautiful_trash,semantic_and_visual_aligned,golden
rq3g_cuda_015__c3,rq3g_cuda_015,dorn_cuda_056,cuda,low,golden,ugly_trash,semantic_and_visual_aligned,golden
rq3g_cuda_015__c4,rq3g_cuda_015,dorn_cuda_056,cuda,low,ugly_gold,beautiful_trash,semantic_visual_conflict_primary,ugly_gold
rq3g_cuda_015__c5,rq3g_cuda_015,dorn_cuda_056,cuda,low,ugly_gold,ugly_trash,semantic_only_under_ugly,ugly_gold
rq3g_cuda_015__c6,rq3g_cuda_015,dorn_cuda_056,cuda,low,beautiful_trash,ugly_trash,visual_only_trash,beautiful_trash
rq3g_cuda_016__c1,rq3g_cuda_016,dorn_cuda_072,cuda,low,golden,ugly_gold,visual_only_gold,golden
rq3g_cuda_016__c2,rq3g_cuda_016,dorn_cuda_072,cuda,low,golden,beautiful_trash,semantic_and_visual_aligned,golden
rq3g_cuda_016__c3,rq3g_cuda_016,dorn_cuda_072,cuda,low,golden,ugly_trash,semantic_and_visual_aligned,golden
rq3g_cuda_016__c4,rq3g_cuda_016,dorn_cuda_072,cuda,low,ugly_gold,beautiful_trash,semantic_visual_conflict_primary,ugly_gold
rq3g_cuda_016__c5,rq3g_cuda_016,dorn_cuda_072,cuda,low,ugly_gold,ugly_trash,semantic_only_under_ugly,ugly_gold
rq3g_cuda_016__c6,rq3g_cuda_016,dorn_cuda_072,cuda,low,beautiful_trash,ugly_trash,visual_only_trash,beautiful_trash
rq3g_cuda_017__c1,rq3g_cuda_017,dorn_cuda_089,cuda,low,golden,ugly_gold,visual_only_gold,golden
rq3g_cuda_017__c2,rq3g_cuda_017,dorn_cuda_089,cuda,low,golden,beautiful_trash,semantic_and_visual_aligned,golden
rq3g_cuda_017__c3,rq3g_cuda_017,dorn_cuda_089,cuda,low,golden,ugly_trash,semantic_and_visual_aligned,golden
rq3g_cuda_017__c4,rq3g_cuda_017,dorn_cuda_089,cuda,low,ugly_gold,beautiful_trash,semantic_visual_conflict_primary,ugly_gold
rq3g_cuda_017__c5,rq3g_cuda_017,dorn_cuda_089,cuda,low,ugly_gold,ugly_trash,semantic_only_under_ugly,ugly_gold
rq3g_cuda_017__c6,rq3g_cuda_017,dorn_cuda_089,cuda,low,beautiful_trash,ugly_trash,visual_only_trash,beautiful_trash
rq3g_cuda_018__c1,rq3g_cuda_018,dorn_cuda_034,cuda,low,golden,ugly_gold,visual_only_gold,golden
rq3g_cuda_018__c2,rq3g_cuda_018,dorn_cuda_034,cuda,low,golden,beautiful_trash,semantic_and_visual_aligned,golden
rq3g_cuda_018__c3,rq3g_cuda_018,dorn_cuda_034,cuda,low,golden,ugly_trash,semantic_and_visual_aligned,golden
rq3g_cuda_018__c4,rq3g_cuda_018,dorn_cuda_034,cuda,low,ugly_gold,beautiful_trash,semantic_visual_conflict_primary,ugly_gold
rq3g_cuda_018__c5,rq3g_cuda_018,dorn_cuda_034,cuda,low,ugly_gold,ugly_trash,semantic_only_under_ugly,ugly_gold
rq3g_cuda_018__c6,rq3g_cuda_018,dorn_cuda_034,cuda,low,beautiful_trash,ugly_trash,visual_only_trash,beautiful_trash
rq3g_cuda_019__c1,rq3g_cuda_019,dorn_cuda_110,cuda,low,golden,ugly_gold,visual_only_gold,golden
rq3g_cuda_019__c2,rq3g_cuda_019,dorn_cuda_110,cuda,low,golden,beautiful_trash,semantic_and_visual_aligned,golden
rq3g_cuda_019__c3,rq3g_cuda_019,dorn_cuda_110,cuda,low,golden,ugly_trash,semantic_and_visual_aligned,golden
rq3g_cuda_019__c4,rq3g_cuda_019,dorn_cuda_110,cuda,low,ugly_gold,beautiful_trash,semantic_visual_conflict_primary,ugly_gold
rq3g_cuda_019__c5,rq3g_cuda_019,dorn_cuda_110,cuda,low,ugly_gold,ugly_trash,semantic_only_under_ugly,ugly_gold
rq3g_cuda_019__c6,rq3g_cuda_019,dorn_cuda_110,cuda,low,beautiful_trash,ugly_trash,visual_only_trash,beautiful_trash
rq3g_cuda_020__c1,rq3g_cuda_020,dorn_cuda_058,cuda,low,golden,ugly_gold,visual_only_gold,golden
rq3g_cuda_020__c2,rq3g_cuda_020,dorn_cuda_058,cuda,low,golden,beautiful_trash,semantic_and_visual_aligned,golden
rq3g_cuda_020__c3,rq3g_cuda_020,dorn_cuda_058,cuda,low,golden,ugly_trash,semantic_and_visual_aligned,golden
rq3g_cuda_020__c4,rq3g_cuda_020,dorn_cuda_058,cuda,low,ugly_gold,beautiful_trash,semantic_visual_conflict_primary,ugly_gold
rq3g_cuda_020__c5,rq3g_cuda_020,dorn_cuda_058,cuda,low,ugly_gold,ugly_trash,semantic_only_under_ugly,ugly_gold
rq3g_cuda_020__c6,rq3g_cuda_020,dorn_cuda_058,cuda,low,beautiful_trash,ugly_trash,visual_only_trash,beautiful_trash
rq3g_cuda_021__c1,rq3g_cuda_021,dorn_cuda_006,cuda,low,golden,ugly_gold,visual_only_gold,golden
rq3g_cuda_021__c2,rq3g_cuda_021,dorn_cuda_006,cuda,low,golden,beautiful_trash,semantic_and_visual_aligned,golden
rq3g_cuda_021__c3,rq3g_cuda_021,dorn_cuda_006,cuda,low,golden,ugly_trash,semantic_and_visual_aligned,golden
rq3g_cuda_021__c4,rq3g_cuda_021,dorn_cuda_006,cuda,low,ugly_gold,beautiful_trash,semantic_visual_conflict_primary,ugly_gold
rq3g_cuda_021__c5,rq3g_cuda_021,dorn_cuda_006,cuda,low,ugly_gold,ugly_trash,semantic_only_under_ugly,ugly_gold
rq3g_cuda_021__c6,rq3g_cuda_021,dorn_cuda_006,cuda,low,beautiful_trash,ugly_trash,visual_only_trash,beautiful_trash
rq3g_cuda_022__c1,rq3g_cuda_022,dorn_cuda_020,cuda,low,golden,ugly_gold,visual_only_gold,golden
rq3g_cuda_022__c2,rq3g_cuda_022,dorn_cuda_020,cuda,low,golden,beautiful_trash,semantic_and_visual_aligned,golden
rq3g_cuda_022__c3,rq3g_cuda_022,dorn_cuda_020,cuda,low,golden,ugly_trash,semantic_and_visual_aligned,golden
rq3g_cuda_022__c4,rq3g_cuda_022,dorn_cuda_020,cuda,low,ugly_gold,beautiful_trash,semantic_visual_conflict_primary,ugly_gold
rq3g_cuda_022__c5,rq3g_cuda_022,dorn_cuda_020,cuda,low,ugly_gold,ugly_trash,semantic_only_under_ugly,ugly_gold
rq3g_cuda_022__c6,rq3g_cuda_022,dorn_cuda_020,cuda,low,beautiful_trash,ugly_trash,visual_only_trash,beautiful_trash
rq3g_cuda_023__c1,rq3g_cuda_023,dorn_cuda_067,cuda,low,golden,ugly_gold,visual_only_gold,golden
rq3g_cuda_023__c2,rq3g_cuda_023,dorn_cuda_067,cuda,low,golden,beautiful_trash,semantic_and_visual_aligned,golden
rq3g_cuda_023__c3,rq3g_cuda_023,dorn_cuda_067,cuda,low,golden,ugly_trash,semantic_and_visual_aligned,golden
rq3g_cuda_023__c4,rq3g_cuda_023,dorn_cuda_067,cuda,low,ugly_gold,beautiful_trash,semantic_visual_conflict_primary,ugly_gold
rq3g_cuda_023__c5,rq3g_cuda_023,dorn_cuda_067,cuda,low,ugly_gold,ugly_trash,semantic_only_under_ugly,ugly_gold
rq3g_cuda_023__c6,rq3g_cuda_023,dorn_cuda_067,cuda,low,beautiful_trash,ugly_trash,visual_only_trash,beautiful_trash
rq3g_cuda_024__c1,rq3g_cuda_024,dorn_cuda_030,cuda,low,golden,ugly_gold,visual_only_gold,golden
rq3g_cuda_024__c2,rq3g_cuda_024,dorn_cuda_030,cuda,low,golden,beautiful_trash,semantic_and_visual_aligned,golden
rq3g_cuda_024__c3,rq3g_cuda_024,dorn_cuda_030,cuda,low,golden,ugly_trash,semantic_and_visual_aligned,golden
rq3g_cuda_024__c4,rq3g_cuda_024,dorn_cuda_030,cuda,low,ugly_gold,beautiful_trash,semantic_visual_conflict_primary,ugly_gold
rq3g_cuda_024__c5,rq3g_cuda_024,dorn_cuda_030,cuda,low,ugly_gold,ugly_trash,semantic_only_under_ugly,ugly_gold
rq3g_cuda_024__c6,rq3g_cuda_024,dorn_cuda_030,cuda,low,beautiful_trash,ugly_trash,visual_only_trash,beautiful_trash
rq3g_cuda_025__c1,rq3g_cuda_025,dorn_cuda_010,cuda,low,golden,ugly_gold,visual_only_gold,golden
rq3g_cuda_025__c2,rq3g_cuda_025,dorn_cuda_010,cuda,low,golden,beautiful_trash,semantic_and_visual_aligned,golden
rq3g_cuda_025__c3,rq3g_cuda_025,dorn_cuda_010,cuda,low,golden,ugly_trash,semantic_and_visual_aligned,golden
rq3g_cuda_025__c4,rq3g_cuda_025,dorn_cuda_010,cuda,low,ugly_gold,beautiful_trash,semantic_visual_conflict_primary,ugly_gold
rq3g_cuda_025__c5,rq3g_cuda_025,dorn_cuda_010,cuda,low,ugly_gold,ugly_trash,semantic_only_under_ugly,ugly_gold
rq3g_cuda_025__c6,rq3g_cuda_025,dorn_cuda_010,cuda,low,beautiful_trash,ugly_trash,visual_only_trash,beautiful_trash
rq3g_cuda_026__c1,rq3g_cuda_026,dorn_cuda_032,cuda,low,golden,ugly_gold,visual_only_gold,golden
rq3g_cuda_026__c2,rq3g_cuda_026,dorn_cuda_032,cuda,low,golden,beautiful_trash,semantic_and_visual_aligned,golden
rq3g_cuda_026__c3,rq3g_cuda_026,dorn_cuda_032,cuda,low,golden,ugly_trash,semantic_and_visual_aligned,golden
rq3g_cuda_026__c4,rq3g_cuda_026,dorn_cuda_032,cuda,low,ugly_gold,beautiful_trash,semantic_visual_conflict_primary,ugly_gold
rq3g_cuda_026__c5,rq3g_cuda_026,dorn_cuda_032,cuda,low,ugly_gold,ugly_trash,semantic_only_under_ugly,ugly_gold
rq3g_cuda_026__c6,rq3g_cuda_026,dorn_cuda_032,cuda,low,beautiful_trash,ugly_trash,visual_only_trash,beautiful_trash
rq3g_cuda_027__c1,rq3g_cuda_027,dorn_cuda_118,cuda,low,golden,ugly_gold,visual_only_gold,golden
rq3g_cuda_027__c2,rq3g_cuda_027,dorn_cuda_118,cuda,low,golden,beautiful_trash,semantic_and_visual_aligned,golden
rq3g_cuda_027__c3,rq3g_cuda_027,dorn_cuda_118,cuda,low,golden,ugly_trash,semantic_and_visual_aligned,golden
rq3g_cuda_027__c4,rq3g_cuda_027,dorn_cuda_118,cuda,low,ugly_gold,beautiful_trash,semantic_visual_conflict_primary,ugly_gold
rq3g_cuda_027__c5,rq3g_cuda_027,dorn_cuda_118,cuda,low,ugly_gold,ugly_trash,semantic_only_under_ugly,ugly_gold
rq3g_cuda_027__c6,rq3g_cuda_027,dorn_cuda_118,cuda,low,beautiful_trash,ugly_trash,visual_only_trash,beautiful_trash
rq3g_cuda_028__c1,rq3g_cuda_028,dorn_cuda_063,cuda,low,golden,ugly_gold,visual_only_gold,golden
rq3g_cuda_028__c2,rq3g_cuda_028,dorn_cuda_063,cuda,low,golden,beautiful_trash,semantic_and_visual_aligned,golden
rq3g_cuda_028__c3,rq3g_cuda_028,dorn_cuda_063,cuda,low,golden,ugly_trash,semantic_and_visual_aligned,golden
rq3g_cuda_028__c4,rq3g_cuda_028,dorn_cuda_063,cuda,low,ugly_gold,beautiful_trash,semantic_visual_conflict_primary,ugly_gold
rq3g_cuda_028__c5,rq3g_cuda_028,dorn_cuda_063,cuda,low,ugly_gold,ugly_trash,semantic_only_under_ugly,ugly_gold
rq3g_cuda_028__c6,rq3g_cuda_028,dorn_cuda_063,cuda,low,beautiful_trash,ugly_trash,visual_only_trash,beautiful_trash
rq3g_cuda_029__c1,rq3g_cuda_029,dorn_cuda_082,cuda,low,golden,ugly_gold,visual_only_gold,golden
rq3g_cuda_029__c2,rq3g_cuda_029,dorn_cuda_082,cuda,low,golden,beautiful_trash,semantic_and_visual_aligned,golden
rq3g_cuda_029__c3,rq3g_cuda_029,dorn_cuda_082,cuda,low,golden,ugly_trash,semantic_and_visual_aligned,golden
rq3g_cuda_029__c4,rq3g_cuda_029,dorn_cuda_082,cuda,low,ugly_gold,beautiful_trash,semantic_visual_conflict_primary,ugly_gold
rq3g_cuda_029__c5,rq3g_cuda_029,dorn_cuda_082,cuda,low,ugly_gold,ugly_trash,semantic_only_under_ugly,ugly_gold
rq3g_cuda_029__c6,rq3g_cuda_029,dorn_cuda_082,cuda,low,beautiful_trash,ugly_trash,visual_only_trash,beautiful_trash
rq3g_cuda_030__c1,rq3g_cuda_030,dorn_cuda_000,cuda,low,golden,ugly_gold,visual_only_gold,golden
rq3g_cuda_030__c2,rq3g_cuda_030,dorn_cuda_000,cuda,low,golden,beautiful_trash,semantic_and_visual_aligned,golden
rq3g_cuda_030__c3,rq3g_cuda_030,dorn_cuda_000,cuda,low,golden,ugly_trash,semantic_and_visual_aligned,golden
rq3g_cuda_030__c4,rq3g_cuda_030,dorn_cuda_000,cuda,low,ugly_gold,beautiful_trash,semantic_visual_conflict_primary,ugly_gold
rq3g_cuda_030__c5,rq3g_cuda_030,dorn_cuda_000,cuda,low,ugly_gold,ugly_trash,semantic_only_under_ugly,ugly_gold
rq3g_cuda_030__c6,rq3g_cuda_030,dorn_cuda_000,cuda,low,beautiful_trash,ugly_trash,visual_only_trash,beautiful_trash
rq3g_cuda_031__c1,rq3g_cuda_031,dorn_cuda_001,cuda,low,golden,ugly_gold,visual_only_gold,golden
rq3g_cuda_031__c2,rq3g_cuda_031,dorn_cuda_001,cuda,low,golden,beautiful_trash,semantic_and_visual_aligned,golden
rq3g_cuda_031__c3,rq3g_cuda_031,dorn_cuda_001,cuda,low,golden,ugly_trash,semantic_and_visual_aligned,golden
rq3g_cuda_031__c4,rq3g_cuda_031,dorn_cuda_001,cuda,low,ugly_gold,beautiful_trash,semantic_visual_conflict_primary,ugly_gold
rq3g_cuda_031__c5,rq3g_cuda_031,dorn_cuda_001,cuda,low,ugly_gold,ugly_trash,semantic_only_under_ugly,ugly_gold
rq3g_cuda_031__c6,rq3g_cuda_031,dorn_cuda_001,cuda,low,beautiful_trash,ugly_trash,visual_only_trash,beautiful_trash
rq3g_cuda_032__c1,rq3g_cuda_032,dorn_cuda_079,cuda,low,golden,ugly_gold,visual_only_gold,golden
rq3g_cuda_032__c2,rq3g_cuda_032,dorn_cuda_079,cuda,low,golden,beautiful_trash,semantic_and_visual_aligned,golden
rq3g_cuda_032__c3,rq3g_cuda_032,dorn_cuda_079,cuda,low,golden,ugly_trash,semantic_and_visual_aligned,golden
rq3g_cuda_032__c4,rq3g_cuda_032,dorn_cuda_079,cuda,low,ugly_gold,beautiful_trash,semantic_visual_conflict_primary,ugly_gold
rq3g_cuda_032__c5,rq3g_cuda_032,dorn_cuda_079,cuda,low,ugly_gold,ugly_trash,semantic_only_under_ugly,ugly_gold
rq3g_cuda_032__c6,rq3g_cuda_032,dorn_cuda_079,cuda,low,beautiful_trash,ugly_trash,visual_only_trash,beautiful_trash
rq3g_cuda_033__c1,rq3g_cuda_033,dorn_cuda_023,cuda,low,golden,ugly_gold,visual_only_gold,golden
rq3g_cuda_033__c2,rq3g_cuda_033,dorn_cuda_023,cuda,low,golden,beautiful_trash,semantic_and_visual_aligned,golden
rq3g_cuda_033__c3,rq3g_cuda_033,dorn_cuda_023,cuda,low,golden,ugly_trash,semantic_and_visual_aligned,golden
rq3g_cuda_033__c4,rq3g_cuda_033,dorn_cuda_023,cuda,low,ugly_gold,beautiful_trash,semantic_visual_conflict_primary,ugly_gold
rq3g_cuda_033__c5,rq3g_cuda_033,dorn_cuda_023,cuda,low,ugly_gold,ugly_trash,semantic_only_under_ugly,ugly_gold
rq3g_cuda_033__c6,rq3g_cuda_033,dorn_cuda_023,cuda,low,beautiful_trash,ugly_trash,visual_only_trash,beautiful_trash
rq3g_cuda_034__c1,rq3g_cuda_034,dorn_cuda_051,cuda,mid,golden,ugly_gold,visual_only_gold,golden
rq3g_cuda_034__c2,rq3g_cuda_034,dorn_cuda_051,cuda,mid,golden,beautiful_trash,semantic_and_visual_aligned,golden
rq3g_cuda_034__c3,rq3g_cuda_034,dorn_cuda_051,cuda,mid,golden,ugly_trash,semantic_and_visual_aligned,golden
rq3g_cuda_034__c4,rq3g_cuda_034,dorn_cuda_051,cuda,mid,ugly_gold,beautiful_trash,semantic_visual_conflict_primary,ugly_gold
rq3g_cuda_034__c5,rq3g_cuda_034,dorn_cuda_051,cuda,mid,ugly_gold,ugly_trash,semantic_only_under_ugly,ugly_gold
rq3g_cuda_034__c6,rq3g_cuda_034,dorn_cuda_051,cuda,mid,beautiful_trash,ugly_trash,visual_only_trash,beautiful_trash
rq3g_cuda_035__c1,rq3g_cuda_035,dorn_cuda_003,cuda,mid,golden,ugly_gold,visual_only_gold,golden
rq3g_cuda_035__c2,rq3g_cuda_035,dorn_cuda_003,cuda,mid,golden,beautiful_trash,semantic_and_visual_aligned,golden
rq3g_cuda_035__c3,rq3g_cuda_035,dorn_cuda_003,cuda,mid,golden,ugly_trash,semantic_and_visual_aligned,golden
rq3g_cuda_035__c4,rq3g_cuda_035,dorn_cuda_003,cuda,mid,ugly_gold,beautiful_trash,semantic_visual_conflict_primary,ugly_gold
rq3g_cuda_035__c5,rq3g_cuda_035,dorn_cuda_003,cuda,mid,ugly_gold,ugly_trash,semantic_only_under_ugly,ugly_gold
rq3g_cuda_035__c6,rq3g_cuda_035,dorn_cuda_003,cuda,mid,beautiful_trash,ugly_trash,visual_only_trash,beautiful_trash
rq3g_cuda_036__c1,rq3g_cuda_036,dorn_cuda_066,cuda,mid,golden,ugly_gold,visual_only_gold,golden
rq3g_cuda_036__c2,rq3g_cuda_036,dorn_cuda_066,cuda,mid,golden,beautiful_trash,semantic_and_visual_aligned,golden
rq3g_cuda_036__c3,rq3g_cuda_036,dorn_cuda_066,cuda,mid,golden,ugly_trash,semantic_and_visual_aligned,golden
rq3g_cuda_036__c4,rq3g_cuda_036,dorn_cuda_066,cuda,mid,ugly_gold,beautiful_trash,semantic_visual_conflict_primary,ugly_gold
rq3g_cuda_036__c5,rq3g_cuda_036,dorn_cuda_066,cuda,mid,ugly_gold,ugly_trash,semantic_only_under_ugly,ugly_gold
rq3g_cuda_036__c6,rq3g_cuda_036,dorn_cuda_066,cuda,mid,beautiful_trash,ugly_trash,visual_only_trash,beautiful_trash
rq3g_cuda_037__c1,rq3g_cuda_037,dorn_cuda_043,cuda,mid,golden,ugly_gold,visual_only_gold,golden
rq3g_cuda_037__c2,rq3g_cuda_037,dorn_cuda_043,cuda,mid,golden,beautiful_trash,semantic_and_visual_aligned,golden
rq3g_cuda_037__c3,rq3g_cuda_037,dorn_cuda_043,cuda,mid,golden,ugly_trash,semantic_and_visual_aligned,golden
rq3g_cuda_037__c4,rq3g_cuda_037,dorn_cuda_043,cuda,mid,ugly_gold,beautiful_trash,semantic_visual_conflict_primary,ugly_gold
rq3g_cuda_037__c5,rq3g_cuda_037,dorn_cuda_043,cuda,mid,ugly_gold,ugly_trash,semantic_only_under_ugly,ugly_gold
rq3g_cuda_037__c6,rq3g_cuda_037,dorn_cuda_043,cuda,mid,beautiful_trash,ugly_trash,visual_only_trash,beautiful_trash
rq3g_cuda_038__c1,rq3g_cuda_038,dorn_cuda_103,cuda,mid,golden,ugly_gold,visual_only_gold,golden
rq3g_cuda_038__c2,rq3g_cuda_038,dorn_cuda_103,cuda,mid,golden,beautiful_trash,semantic_and_visual_aligned,golden
rq3g_cuda_038__c3,rq3g_cuda_038,dorn_cuda_103,cuda,mid,golden,ugly_trash,semantic_and_visual_aligned,golden
rq3g_cuda_038__c4,rq3g_cuda_038,dorn_cuda_103,cuda,mid,ugly_gold,beautiful_trash,semantic_visual_conflict_primary,ugly_gold
rq3g_cuda_038__c5,rq3g_cuda_038,dorn_cuda_103,cuda,mid,ugly_gold,ugly_trash,semantic_only_under_ugly,ugly_gold
rq3g_cuda_038__c6,rq3g_cuda_038,dorn_cuda_103,cuda,mid,beautiful_trash,ugly_trash,visual_only_trash,beautiful_trash
rq3g_cuda_039__c1,rq3g_cuda_039,dorn_cuda_033,cuda,mid,golden,ugly_gold,visual_only_gold,golden
rq3g_cuda_039__c2,rq3g_cuda_039,dorn_cuda_033,cuda,mid,golden,beautiful_trash,semantic_and_visual_aligned,golden
rq3g_cuda_039__c3,rq3g_cuda_039,dorn_cuda_033,cuda,mid,golden,ugly_trash,semantic_and_visual_aligned,golden
rq3g_cuda_039__c4,rq3g_cuda_039,dorn_cuda_033,cuda,mid,ugly_gold,beautiful_trash,semantic_visual_conflict_primary,ugly_gold
rq3g_cuda_039__c5,rq3g_cuda_039,dorn_cuda_033,cuda,mid,ugly_gold,ugly_trash,semantic_only_under_ugly,ugly_gold
rq3g_cuda_039__c6,rq3g_cuda_039,dorn_cuda_033,cuda,mid,beautiful_trash,ugly_trash,visual_only_trash,beautiful_trash
rq3g_cuda_040__c1,rq3g_cuda_040,dorn_cuda_081,cuda,mid,golden,ugly_gold,visual_only_gold,golden
rq3g_cuda_040__c2,rq3g_cuda_040,dorn_cuda_081,cuda,mid,golden,beautiful_trash,semantic_and_visual_aligned,golden
rq3g_cuda_040__c3,rq3g_cuda_040,dorn_cuda_081,cuda,mid,golden,ugly_trash,semantic_and_visual_aligned,golden
rq3g_cuda_040__c4,rq3g_cuda_040,dorn_cuda_081,cuda,mid,ugly_gold,beautiful_trash,semantic_visual_conflict_primary,ugly_gold
rq3g_cuda_040__c5,rq3g_cuda_040,dorn_cuda_081,cuda,mid,ugly_gold,ugly_trash,semantic_only_under_ugly,ugly_gold
rq3g_cuda_040__c6,rq3g_cuda_040,dorn_cuda_081,cuda,mid,beautiful_trash,ugly_trash,visual_only_trash,beautiful_trash
rq3g_cuda_041__c1,rq3g_cuda_041,dorn_cuda_053,cuda,mid,golden,ugly_gold,visual_only_gold,golden
rq3g_cuda_041__c2,rq3g_cuda_041,dorn_cuda_053,cuda,mid,golden,beautiful_trash,semantic_and_visual_aligned,golden
rq3g_cuda_041__c3,rq3g_cuda_041,dorn_cuda_053,cuda,mid,golden,ugly_trash,semantic_and_visual_aligned,golden
rq3g_cuda_041__c4,rq3g_cuda_041,dorn_cuda_053,cuda,mid,ugly_gold,beautiful_trash,semantic_visual_conflict_primary,ugly_gold
rq3g_cuda_041__c5,rq3g_cuda_041,dorn_cuda_053,cuda,mid,ugly_gold,ugly_trash,semantic_only_under_ugly,ugly_gold
rq3g_cuda_041__c6,rq3g_cuda_041,dorn_cuda_053,cuda,mid,beautiful_trash,ugly_trash,visual_only_trash,beautiful_trash
rq3g_cuda_042__c1,rq3g_cuda_042,dorn_cuda_045,cuda,mid,golden,ugly_gold,visual_only_gold,golden
rq3g_cuda_042__c2,rq3g_cuda_042,dorn_cuda_045,cuda,mid,golden,beautiful_trash,semantic_and_visual_aligned,golden
rq3g_cuda_042__c3,rq3g_cuda_042,dorn_cuda_045,cuda,mid,golden,ugly_trash,semantic_and_visual_aligned,golden
rq3g_cuda_042__c4,rq3g_cuda_042,dorn_cuda_045,cuda,mid,ugly_gold,beautiful_trash,semantic_visual_conflict_primary,ugly_gold
rq3g_cuda_042__c5,rq3g_cuda_042,dorn_cuda_045,cuda,mid,ugly_gold,ugly_trash,semantic_only_under_ugly,ugly_gold
rq3g_cuda_042__c6,rq3g_cuda_042,dorn_cuda_045,cuda,mid,beautiful_trash,ugly_trash,visual_only_trash,beautiful_trash
rq3g_cuda_043__c1,rq3g_cuda_043,dorn_cuda_046,cuda,mid,golden,ugly_gold,visual_only_gold,golden
rq3g_cuda_043__c2,rq3g_cuda_043,dorn_cuda_046,cuda,mid,golden,beautiful_trash,semantic_and_visual_aligned,golden
rq3g_cuda_043__c3,rq3g_cuda_043,dorn_cuda_046,cuda,mid,golden,ugly_trash,semantic_and_visual_aligned,golden
rq3g_cuda_043__c4,rq3g_cuda_043,dorn_cuda_046,cuda,mid,ugly_gold,beautiful_trash,semantic_visual_conflict_primary,ugly_gold
rq3g_cuda_043__c5,rq3g_cuda_043,dorn_cuda_046,cuda,mid,ugly_gold,ugly_trash,semantic_only_under_ugly,ugly_gold
rq3g_cuda_043__c6,rq3g_cuda_043,dorn_cuda_046,cuda,mid,beautiful_trash,ugly_trash,visual_only_trash,beautiful_trash
rq3g_cuda_044__c1,rq3g_cuda_044,dorn_cuda_007,cuda,mid,golden,ugly_gold,visual_only_gold,golden
rq3g_cuda_044__c2,rq3g_cuda_044,dorn_cuda_007,cuda,mid,golden,beautiful_trash,semantic_and_visual_aligned,golden
rq3g_cuda_044__c3,rq3g_cuda_044,dorn_cuda_007,cuda,mid,golden,ugly_trash,semantic_and_visual_aligned,golden
rq3g_cuda_044__c4,rq3g_cuda_044,dorn_cuda_007,cuda,mid,ugly_gold,beautiful_trash,semantic_visual_conflict_primary,ugly_gold
rq3g_cuda_044__c5,rq3g_cuda_044,dorn_cuda_007,cuda,mid,ugly_gold,ugly_trash,semantic_only_under_ugly,ugly_gold
rq3g_cuda_044__c6,rq3g_cuda_044,dorn_cuda_007,cuda,mid,beautiful_trash,ugly_trash,visual_only_trash,beautiful_trash
rq3g_cuda_045__c1,rq3g_cuda_045,dorn_cuda_087,cuda,mid,golden,ugly_gold,visual_only_gold,golden
rq3g_cuda_045__c2,rq3g_cuda_045,dorn_cuda_087,cuda,mid,golden,beautiful_trash,semantic_and_visual_aligned,golden
rq3g_cuda_045__c3,rq3g_cuda_045,dorn_cuda_087,cuda,mid,golden,ugly_trash,semantic_and_visual_aligned,golden
rq3g_cuda_045__c4,rq3g_cuda_045,dorn_cuda_087,cuda,mid,ugly_gold,beautiful_trash,semantic_visual_conflict_primary,ugly_gold
rq3g_cuda_045__c5,rq3g_cuda_045,dorn_cuda_087,cuda,mid,ugly_gold,ugly_trash,semantic_only_under_ugly,ugly_gold
rq3g_cuda_045__c6,rq3g_cuda_045,dorn_cuda_087,cuda,mid,beautiful_trash,ugly_trash,visual_only_trash,beautiful_trash
rq3g_cuda_046__c1,rq3g_cuda_046,dorn_cuda_071,cuda,mid,golden,ugly_gold,visual_only_gold,golden
rq3g_cuda_046__c2,rq3g_cuda_046,dorn_cuda_071,cuda,mid,golden,beautiful_trash,semantic_and_visual_aligned,golden
rq3g_cuda_046__c3,rq3g_cuda_046,dorn_cuda_071,cuda,mid,golden,ugly_trash,semantic_and_visual_aligned,golden
rq3g_cuda_046__c4,rq3g_cuda_046,dorn_cuda_071,cuda,mid,ugly_gold,beautiful_trash,semantic_visual_conflict_primary,ugly_gold
rq3g_cuda_046__c5,rq3g_cuda_046,dorn_cuda_071,cuda,mid,ugly_gold,ugly_trash,semantic_only_under_ugly,ugly_gold
rq3g_cuda_046__c6,rq3g_cuda_046,dorn_cuda_071,cuda,mid,beautiful_trash,ugly_trash,visual_only_trash,beautiful_trash
rq3g_cuda_047__c1,rq3g_cuda_047,dorn_cuda_036,cuda,mid,golden,ugly_gold,visual_only_gold,golden
rq3g_cuda_047__c2,rq3g_cuda_047,dorn_cuda_036,cuda,mid,golden,beautiful_trash,semantic_and_visual_aligned,golden
rq3g_cuda_047__c3,rq3g_cuda_047,dorn_cuda_036,cuda,mid,golden,ugly_trash,semantic_and_visual_aligned,golden
rq3g_cuda_047__c4,rq3g_cuda_047,dorn_cuda_036,cuda,mid,ugly_gold,beautiful_trash,semantic_visual_conflict_primary,ugly_gold
rq3g_cuda_047__c5,rq3g_cuda_047,dorn_cuda_036,cuda,mid,ugly_gold,ugly_trash,semantic_only_under_ugly,ugly_gold
rq3g_cuda_047__c6,rq3g_cuda_047,dorn_cuda_036,cuda,mid,beautiful_trash,ugly_trash,visual_only_trash,beautiful_trash
rq3g_cuda_048__c1,rq3g_cuda_048,dorn_cuda_061,cuda,mid,golden,ugly_gold,visual_only_gold,golden
rq3g_cuda_048__c2,rq3g_cuda_048,dorn_cuda_061,cuda,mid,golden,beautiful_trash,semantic_and_visual_aligned,golden
rq3g_cuda_048__c3,rq3g_cuda_048,dorn_cuda_061,cuda,mid,golden,ugly_trash,semantic_and_visual_aligned,golden
rq3g_cuda_048__c4,rq3g_cuda_048,dorn_cuda_061,cuda,mid,ugly_gold,beautiful_trash,semantic_visual_conflict_primary,ugly_gold
rq3g_cuda_048__c5,rq3g_cuda_048,dorn_cuda_061,cuda,mid,ugly_gold,ugly_trash,semantic_only_under_ugly,ugly_gold
rq3g_cuda_048__c6,rq3g_cuda_048,dorn_cuda_061,cuda,mid,beautiful_trash,ugly_trash,visual_only_trash,beautiful_trash
rq3g_cuda_049__c1,rq3g_cuda_049,dorn_cuda_086,cuda,mid,golden,ugly_gold,visual_only_gold,golden
rq3g_cuda_049__c2,rq3g_cuda_049,dorn_cuda_086,cuda,mid,golden,beautiful_trash,semantic_and_visual_aligned,golden
rq3g_cuda_049__c3,rq3g_cuda_049,dorn_cuda_086,cuda,mid,golden,ugly_trash,semantic_and_visual_aligned,golden
rq3g_cuda_049__c4,rq3g_cuda_049,dorn_cuda_086,cuda,mid,ugly_gold,beautiful_trash,semantic_visual_conflict_primary,ugly_gold
rq3g_cuda_049__c5,rq3g_cuda_049,dorn_cuda_086,cuda,mid,ugly_gold,ugly_trash,semantic_only_under_ugly,ugly_gold
rq3g_cuda_049__c6,rq3g_cuda_049,dorn_cuda_086,cuda,mid,beautiful_trash,ugly_trash,visual_only_trash,beautiful_trash
rq3g_cuda_050__c1,rq3g_cuda_050,dorn_cuda_102,cuda,mid,golden,ugly_gold,visual_only_gold,golden
rq3g_cuda_050__c2,rq3g_cuda_050,dorn_cuda_102,cuda,mid,golden,beautiful_trash,semantic_and_visual_aligned,golden
rq3g_cuda_050__c3,rq3g_cuda_050,dorn_cuda_102,cuda,mid,golden,ugly_trash,semantic_and_visual_aligned,golden
rq3g_cuda_050__c4,rq3g_cuda_050,dorn_cuda_102,cuda,mid,ugly_gold,beautiful_trash,semantic_visual_conflict_primary,ugly_gold
rq3g_cuda_050__c5,rq3g_cuda_050,dorn_cuda_102,cuda,mid,ugly_gold,ugly_trash,semantic_only_under_ugly,ugly_gold
rq3g_cuda_050__c6,rq3g_cuda_050,dorn_cuda_102,cuda,mid,beautiful_trash,ugly_trash,visual_only_trash,beautiful_trash
rq3g_cuda_051__c1,rq3g_cuda_051,dorn_cuda_113,cuda,mid,golden,ugly_gold,visual_only_gold,golden
rq3g_cuda_051__c2,rq3g_cuda_051,dorn_cuda_113,cuda,mid,golden,beautiful_trash,semantic_and_visual_aligned,golden
rq3g_cuda_051__c3,rq3g_cuda_051,dorn_cuda_113,cuda,mid,golden,ugly_trash,semantic_and_visual_aligned,golden
rq3g_cuda_051__c4,rq3g_cuda_051,dorn_cuda_113,cuda,mid,ugly_gold,beautiful_trash,semantic_visual_conflict_primary,ugly_gold
rq3g_cuda_051__c5,rq3g_cuda_051,dorn_cuda_113,cuda,mid,ugly_gold,ugly_trash,semantic_only_under_ugly,ugly_gold
rq3g_cuda_051__c6,rq3g_cuda_051,dorn_cuda_113,cuda,mid,beautiful_trash,ugly_trash,visual_only_trash,beautiful_trash
rq3g_cuda_052__c1,rq3g_cuda_052,dorn_cuda_097,cuda,mid,golden,ugly_gold,visual_only_gold,golden
rq3g_cuda_052__c2,rq3g_cuda_052,dorn_cuda_097,cuda,mid,golden,beautiful_trash,semantic_and_visual_aligned,golden
rq3g_cuda_052__c3,rq3g_cuda_052,dorn_cuda_097,cuda,mid,golden,ugly_trash,semantic_and_visual_aligned,golden
rq3g_cuda_052__c4,rq3g_cuda_052,dorn_cuda_097,cuda,mid,ugly_gold,beautiful_trash,semantic_visual_conflict_primary,ugly_gold
rq3g_cuda_052__c5,rq3g_cuda_052,dorn_cuda_097,cuda,mid,ugly_gold,ugly_trash,semantic_only_under_ugly,ugly_gold
rq3g_cuda_052__c6,rq3g_cuda_052,dorn_cuda_097,cuda,mid,beautiful_trash,ugly_trash,visual_only_trash,beautiful_trash
rq3g_cuda_053__c1,rq3g_cuda_053,dorn_cuda_104,cuda,mid,golden,ugly_gold,visual_only_gold,golden
rq3g_cuda_053__c2,rq3g_cuda_053,dorn_cuda_104,cuda,mid,golden,beautiful_trash,semantic_and_visual_aligned,golden
rq3g_cuda_053__c3,rq3g_cuda_053,dorn_cuda_104,cuda,mid,golden,ugly_trash,semantic_and_visual_aligned,golden
rq3g_cuda_053__c4,rq3g_cuda_053,dorn_cuda_104,cuda,mid,ugly_gold,beautiful_trash,semantic_visual_conflict_primary,ugly_gold
rq3g_cuda_053__c5,rq3g_cuda_053,dorn_cuda_104,cuda,mid,ugly_gold,ugly_trash,semantic_only_under_ugly,ugly_gold
rq3g_cuda_053__c6,rq3g_cuda_053,dorn_cuda_104,cuda,mid,beautiful_trash,ugly_trash,visual_only_trash,beautiful_trash
rq3g_cuda_054__c1,rq3g_cuda_054,dorn_cuda_002,cuda,mid,golden,ugly_gold,visual_only_gold,golden
rq3g_cuda_054__c2,rq3g_cuda_054,dorn_cuda_002,cuda,mid,golden,beautiful_trash,semantic_and_visual_aligned,golden
rq3g_cuda_054__c3,rq3g_cuda_054,dorn_cuda_002,cuda,mid,golden,ugly_trash,semantic_and_visual_aligned,golden
rq3g_cuda_054__c4,rq3g_cuda_054,dorn_cuda_002,cuda,mid,ugly_gold,beautiful_trash,semantic_visual_conflict_primary,ugly_gold
rq3g_cuda_054__c5,rq3g_cuda_054,dorn_cuda_002,cuda,mid,ugly_gold,ugly_trash,semantic_only_under_ugly,ugly_gold
rq3g_cuda_054__c6,rq3g_cuda_054,dorn_cuda_002,cuda,mid,beautiful_trash,ugly_trash,visual_only_trash,beautiful_trash
rq3g_cuda_055__c1,rq3g_cuda_055,dorn_cuda_048,cuda,mid,golden,ugly_gold,visual_only_gold,golden
rq3g_cuda_055__c2,rq3g_cuda_055,dorn_cuda_048,cuda,mid,golden,beautiful_trash,semantic_and_visual_aligned,golden
rq3g_cuda_055__c3,rq3g_cuda_055,dorn_cuda_048,cuda,mid,golden,ugly_trash,semantic_and_visual_aligned,golden
rq3g_cuda_055__c4,rq3g_cuda_055,dorn_cuda_048,cuda,mid,ugly_gold,beautiful_trash,semantic_visual_conflict_primary,ugly_gold
rq3g_cuda_055__c5,rq3g_cuda_055,dorn_cuda_048,cuda,mid,ugly_gold,ugly_trash,semantic_only_under_ugly,ugly_gold
rq3g_cuda_055__c6,rq3g_cuda_055,dorn_cuda_048,cuda,mid,beautiful_trash,ugly_trash,visual_only_trash,beautiful_trash
rq3g_cuda_056__c1,rq3g_cuda_056,dorn_cuda_029,cuda,mid,golden,ugly_gold,visual_only_gold,golden
rq3g_cuda_056__c2,rq3g_cuda_056,dorn_cuda_029,cuda,mid,golden,beautiful_trash,semantic_and_visual_aligned,golden
rq3g_cuda_056__c3,rq3g_cuda_056,dorn_cuda_029,cuda,mid,golden,ugly_trash,semantic_and_visual_aligned,golden
rq3g_cuda_056__c4,rq3g_cuda_056,dorn_cuda_029,cuda,mid,ugly_gold,beautiful_trash,semantic_visual_conflict_primary,ugly_gold
rq3g_cuda_056__c5,rq3g_cuda_056,dorn_cuda_029,cuda,mid,ugly_gold,ugly_trash,semantic_only_under_ugly,ugly_gold
rq3g_cuda_056__c6,rq3g_cuda_056,dorn_cuda_029,cuda,mid,beautiful_trash,ugly_trash,visual_only_trash,beautiful_trash
rq3g_cuda_057__c1,rq3g_cuda_057,dorn_cuda_117,cuda,mid,golden,ugly_gold,visual_only_gold,golden
rq3g_cuda_057__c2,rq3g_cuda_057,dorn_cuda_117,cuda,mid,golden,beautiful_trash,semantic_and_visual_aligned,golden
rq3g_cuda_057__c3,rq3g_cuda_057,dorn_cuda_117,cuda,mid,golden,ugly_trash,semantic_and_visual_aligned,golden
rq3g_cuda_057__c4,rq3g_cuda_057,dorn_cuda_117,cuda,mid,ugly_gold,beautiful_trash,semantic_visual_conflict_primary,ugly_gold
rq3g_cuda_057__c5,rq3g_cuda_057,dorn_cuda_117,cuda,mid,ugly_gold,ugly_trash,semantic_only_under_ugly,ugly_gold
rq3g_cuda_057__c6,rq3g_cuda_057,dorn_cuda_117,cuda,mid,beautiful_trash,ugly_trash,visual_only_trash,beautiful_trash
rq3g_cuda_058__c1,rq3g_cuda_058,dorn_cuda_101,cuda,mid,golden,ugly_gold,visual_only_gold,golden
rq3g_cuda_058__c2,rq3g_cuda_058,dorn_cuda_101,cuda,mid,golden,beautiful_trash,semantic_and_visual_aligned,golden
rq3g_cuda_058__c3,rq3g_cuda_058,dorn_cuda_101,cuda,mid,golden,ugly_trash,semantic_and_visual_aligned,golden
rq3g_cuda_058__c4,rq3g_cuda_058,dorn_cuda_101,cuda,mid,ugly_gold,beautiful_trash,semantic_visual_conflict_primary,ugly_gold
rq3g_cuda_058__c5,rq3g_cuda_058,dorn_cuda_101,cuda,mid,ugly_gold,ugly_trash,semantic_only_under_ugly,ugly_gold
rq3g_cuda_058__c6,rq3g_cuda_058,dorn_cuda_101,cuda,mid,beautiful_trash,ugly_trash,visual_only_trash,beautiful_trash
rq3g_cuda_059__c1,rq3g_cuda_059,dorn_cuda_044,cuda,mid,golden,ugly_gold,visual_only_gold,golden
rq3g_cuda_059__c2,rq3g_cuda_059,dorn_cuda_044,cuda,mid,golden,beautiful_trash,semantic_and_visual_aligned,golden
rq3g_cuda_059__c3,rq3g_cuda_059,dorn_cuda_044,cuda,mid,golden,ugly_trash,semantic_and_visual_aligned,golden
rq3g_cuda_059__c4,rq3g_cuda_059,dorn_cuda_044,cuda,mid,ugly_gold,beautiful_trash,semantic_visual_conflict_primary,ugly_gold
rq3g_cuda_059__c5,rq3g_cuda_059,dorn_cuda_044,cuda,mid,ugly_gold,ugly_trash,semantic_only_under_ugly,ugly_gold
rq3g_cuda_059__c6,rq3g_cuda_059,dorn_cuda_044,cuda,mid,beautiful_trash,ugly_trash,visual_only_trash,beautiful_trash
rq3g_cuda_060__c1,rq3g_cuda_060,dorn_cuda_085,cuda,mid,golden,ugly_gold,visual_only_gold,golden
rq3g_cuda_060__c2,rq3g_cuda_060,dorn_cuda_085,cuda,mid,golden,beautiful_trash,semantic_and_visual_aligned,golden
rq3g_cuda_060__c3,rq3g_cuda_060,dorn_cuda_085,cuda,mid,golden,ugly_trash,semantic_and_visual_aligned,golden
rq3g_cuda_060__c4,rq3g_cuda_060,dorn_cuda_085,cuda,mid,ugly_gold,beautiful_trash,semantic_visual_conflict_primary,ugly_gold
rq3g_cuda_060__c5,rq3g_cuda_060,dorn_cuda_085,cuda,mid,ugly_gold,ugly_trash,semantic_only_under_ugly,ugly_gold
rq3g_cuda_060__c6,rq3g_cuda_060,dorn_cuda_085,cuda,mid,beautiful_trash,ugly_trash,visual_only_trash,beautiful_trash
rq3g_cuda_061__c1,rq3g_cuda_061,dorn_cuda_080,cuda,mid,golden,ugly_gold,visual_only_gold,golden
rq3g_cuda_061__c2,rq3g_cuda_061,dorn_cuda_080,cuda,mid,golden,beautiful_trash,semantic_and_visual_aligned,golden
rq3g_cuda_061__c3,rq3g_cuda_061,dorn_cuda_080,cuda,mid,golden,ugly_trash,semantic_and_visual_aligned,golden
rq3g_cuda_061__c4,rq3g_cuda_061,dorn_cuda_080,cuda,mid,ugly_gold,beautiful_trash,semantic_visual_conflict_primary,ugly_gold
rq3g_cuda_061__c5,rq3g_cuda_061,dorn_cuda_080,cuda,mid,ugly_gold,ugly_trash,semantic_only_under_ugly,ugly_gold
rq3g_cuda_061__c6,rq3g_cuda_061,dorn_cuda_080,cuda,mid,beautiful_trash,ugly_trash,visual_only_trash,beautiful_trash
rq3g_cuda_062__c1,rq3g_cuda_062,dorn_cuda_059,cuda,mid,golden,ugly_gold,visual_only_gold,golden
rq3g_cuda_062__c2,rq3g_cuda_062,dorn_cuda_059,cuda,mid,golden,beautiful_trash,semantic_and_visual_aligned,golden
rq3g_cuda_062__c3,rq3g_cuda_062,dorn_cuda_059,cuda,mid,golden,ugly_trash,semantic_and_visual_aligned,golden
rq3g_cuda_062__c4,rq3g_cuda_062,dorn_cuda_059,cuda,mid,ugly_gold,beautiful_trash,semantic_visual_conflict_primary,ugly_gold
rq3g_cuda_062__c5,rq3g_cuda_062,dorn_cuda_059,cuda,mid,ugly_gold,ugly_trash,semantic_only_under_ugly,ugly_gold
rq3g_cuda_062__c6,rq3g_cuda_062,dorn_cuda_059,cuda,mid,beautiful_trash,ugly_trash,visual_only_trash,beautiful_trash
rq3g_cuda_063__c1,rq3g_cuda_063,dorn_cuda_083,cuda,mid,golden,ugly_gold,visual_only_gold,golden
rq3g_cuda_063__c2,rq3g_cuda_063,dorn_cuda_083,cuda,mid,golden,beautiful_trash,semantic_and_visual_aligned,golden
rq3g_cuda_063__c3,rq3g_cuda_063,dorn_cuda_083,cuda,mid,golden,ugly_trash,semantic_and_visual_aligned,golden
rq3g_cuda_063__c4,rq3g_cuda_063,dorn_cuda_083,cuda,mid,ugly_gold,beautiful_trash,semantic_visual_conflict_primary,ugly_gold
rq3g_cuda_063__c5,rq3g_cuda_063,dorn_cuda_083,cuda,mid,ugly_gold,ugly_trash,semantic_only_under_ugly,ugly_gold
rq3g_cuda_063__c6,rq3g_cuda_063,dorn_cuda_083,cuda,mid,beautiful_trash,ugly_trash,visual_only_trash,beautiful_trash
rq3g_cuda_064__c1,rq3g_cuda_064,dorn_cuda_014,cuda,mid,golden,ugly_gold,visual_only_gold,golden
rq3g_cuda_064__c2,rq3g_cuda_064,dorn_cuda_014,cuda,mid,golden,beautiful_trash,semantic_and_visual_aligned,golden
rq3g_cuda_064__c3,rq3g_cuda_064,dorn_cuda_014,cuda,mid,golden,ugly_trash,semantic_and_visual_aligned,golden
rq3g_cuda_064__c4,rq3g_cuda_064,dorn_cuda_014,cuda,mid,ugly_gold,beautiful_trash,semantic_visual_conflict_primary,ugly_gold
rq3g_cuda_064__c5,rq3g_cuda_064,dorn_cuda_014,cuda,mid,ugly_gold,ugly_trash,semantic_only_under_ugly,ugly_gold
rq3g_cuda_064__c6,rq3g_cuda_064,dorn_cuda_014,cuda,mid,beautiful_trash,ugly_trash,visual_only_trash,beautiful_trash
rq3g_cuda_065__c1,rq3g_cuda_065,dorn_cuda_015,cuda,mid,golden,ugly_gold,visual_only_gold,golden
rq3g_cuda_065__c2,rq3g_cuda_065,dorn_cuda_015,cuda,mid,golden,beautiful_trash,semantic_and_visual_aligned,golden
rq3g_cuda_065__c3,rq3g_cuda_065,dorn_cuda_015,cuda,mid,golden,ugly_trash,semantic_and_visual_aligned,golden
rq3g_cuda_065__c4,rq3g_cuda_065,dorn_cuda_015,cuda,mid,ugly_gold,beautiful_trash,semantic_visual_conflict_primary,ugly_gold
rq3g_cuda_065__c5,rq3g_cuda_065,dorn_cuda_015,cuda,mid,ugly_gold,ugly_trash,semantic_only_under_ugly,ugly_gold
rq3g_cuda_065__c6,rq3g_cuda_065,dorn_cuda_015,cuda,mid,beautiful_trash,ugly_trash,visual_only_trash,beautiful_trash
rq3g_cuda_066__c1,rq3g_cuda_066,dorn_cuda_018,cuda,mid,golden,ugly_gold,visual_only_gold,golden
rq3g_cuda_066__c2,rq3g_cuda_066,dorn_cuda_018,cuda,mid,golden,beautiful_trash,semantic_and_visual_aligned,golden
rq3g_cuda_066__c3,rq3g_cuda_066,dorn_cuda_018,cuda,mid,golden,ugly_trash,semantic_and_visual_aligned,golden
rq3g_cuda_066__c4,rq3g_cuda_066,dorn_cuda_018,cuda,mid,ugly_gold,beautiful_trash,semantic_visual_conflict_primary,ugly_gold
rq3g_cuda_066__c5,rq3g_cuda_066,dorn_cuda_018,cuda,mid,ugly_gold,ugly_trash,semantic_only_under_ugly,ugly_gold
rq3g_cuda_066__c6,rq3g_cuda_066,dorn_cuda_018,cuda,mid,beautiful_trash,ugly_trash,visual_only_trash,beautiful_trash
rq3g_cuda_067__c1,rq3g_cuda_067,dorn_cuda_077,cuda,high,golden,ugly_gold,visual_only_gold,golden
rq3g_cuda_067__c2,rq3g_cuda_067,dorn_cuda_077,cuda,high,golden,beautiful_trash,semantic_and_visual_aligned,golden
rq3g_cuda_067__c3,rq3g_cuda_067,dorn_cuda_077,cuda,high,golden,ugly_trash,semantic_and_visual_aligned,golden
rq3g_cuda_067__c4,rq3g_cuda_067,dorn_cuda_077,cuda,high,ugly_gold,beautiful_trash,semantic_visual_conflict_primary,ugly_gold
rq3g_cuda_067__c5,rq3g_cuda_067,dorn_cuda_077,cuda,high,ugly_gold,ugly_trash,semantic_only_under_ugly,ugly_gold
rq3g_cuda_067__c6,rq3g_cuda_067,dorn_cuda_077,cuda,high,beautiful_trash,ugly_trash,visual_only_trash,beautiful_trash
rq3g_cuda_068__c1,rq3g_cuda_068,dorn_cuda_054,cuda,high,golden,ugly_gold,visual_only_gold,golden
rq3g_cuda_068__c2,rq3g_cuda_068,dorn_cuda_054,cuda,high,golden,beautiful_trash,semantic_and_visual_aligned,golden
rq3g_cuda_068__c3,rq3g_cuda_068,dorn_cuda_054,cuda,high,golden,ugly_trash,semantic_and_visual_aligned,golden
rq3g_cuda_068__c4,rq3g_cuda_068,dorn_cuda_054,cuda,high,ugly_gold,beautiful_trash,semantic_visual_conflict_primary,ugly_gold
rq3g_cuda_068__c5,rq3g_cuda_068,dorn_cuda_054,cuda,high,ugly_gold,ugly_trash,semantic_only_under_ugly,ugly_gold
rq3g_cuda_068__c6,rq3g_cuda_068,dorn_cuda_054,cuda,high,beautiful_trash,ugly_trash,visual_only_trash,beautiful_trash
rq3g_cuda_069__c1,rq3g_cuda_069,dorn_cuda_095,cuda,high,golden,ugly_gold,visual_only_gold,golden
rq3g_cuda_069__c2,rq3g_cuda_069,dorn_cuda_095,cuda,high,golden,beautiful_trash,semantic_and_visual_aligned,golden
rq3g_cuda_069__c3,rq3g_cuda_069,dorn_cuda_095,cuda,high,golden,ugly_trash,semantic_and_visual_aligned,golden
rq3g_cuda_069__c4,rq3g_cuda_069,dorn_cuda_095,cuda,high,ugly_gold,beautiful_trash,semantic_visual_conflict_primary,ugly_gold
rq3g_cuda_069__c5,rq3g_cuda_069,dorn_cuda_095,cuda,high,ugly_gold,ugly_trash,semantic_only_under_ugly,ugly_gold
rq3g_cuda_069__c6,rq3g_cuda_069,dorn_cuda_095,cuda,high,beautiful_trash,ugly_trash,visual_only_trash,beautiful_trash
rq3g_cuda_070__c1,rq3g_cuda_070,dorn_cuda_012,cuda,high,golden,ugly_gold,visual_only_gold,golden
rq3g_cuda_070__c2,rq3g_cuda_070,dorn_cuda_012,cuda,high,golden,beautiful_trash,semantic_and_visual_aligned,golden
rq3g_cuda_070__c3,rq3g_cuda_070,dorn_cuda_012,cuda,high,golden,ugly_trash,semantic_and_visual_aligned,golden
rq3g_cuda_070__c4,rq3g_cuda_070,dorn_cuda_012,cuda,high,ugly_gold,beautiful_trash,semantic_visual_conflict_primary,ugly_gold
rq3g_cuda_070__c5,rq3g_cuda_070,dorn_cuda_012,cuda,high,ugly_gold,ugly_trash,semantic_only_under_ugly,ugly_gold
rq3g_cuda_070__c6,rq3g_cuda_070,dorn_cuda_012,cuda,high,beautiful_trash,ugly_trash,visual_only_trash,beautiful_trash
rq3g_cuda_071__c1,rq3g_cuda_071,dorn_cuda_073,cuda,high,golden,ugly_gold,visual_only_gold,golden
rq3g_cuda_071__c2,rq3g_cuda_071,dorn_cuda_073,cuda,high,golden,beautiful_trash,semantic_and_visual_aligned,golden
rq3g_cuda_071__c3,rq3g_cuda_071,dorn_cuda_073,cuda,high,golden,ugly_trash,semantic_and_visual_aligned,golden
rq3g_cuda_071__c4,rq3g_cuda_071,dorn_cuda_073,cuda,high,ugly_gold,beautiful_trash,semantic_visual_conflict_primary,ugly_gold
rq3g_cuda_071__c5,rq3g_cuda_071,dorn_cuda_073,cuda,high,ugly_gold,ugly_trash,semantic_only_under_ugly,ugly_gold
rq3g_cuda_071__c6,rq3g_cuda_071,dorn_cuda_073,cuda,high,beautiful_trash,ugly_trash,visual_only_trash,beautiful_trash
rq3g_cuda_072__c1,rq3g_cuda_072,dorn_cuda_099,cuda,high,golden,ugly_gold,visual_only_gold,golden
rq3g_cuda_072__c2,rq3g_cuda_072,dorn_cuda_099,cuda,high,golden,beautiful_trash,semantic_and_visual_aligned,golden
rq3g_cuda_072__c3,rq3g_cuda_072,dorn_cuda_099,cuda,high,golden,ugly_trash,semantic_and_visual_aligned,golden
rq3g_cuda_072__c4,rq3g_cuda_072,dorn_cuda_099,cuda,high,ugly_gold,beautiful_trash,semantic_visual_conflict_primary,ugly_gold
rq3g_cuda_072__c5,rq3g_cuda_072,dorn_cuda_099,cuda,high,ugly_gold,ugly_trash,semantic_only_under_ugly,ugly_gold
rq3g_cuda_072__c6,rq3g_cuda_072,dorn_cuda_099,cuda,high,beautiful_trash,ugly_trash,visual_only_trash,beautiful_trash
rq3g_cuda_073__c1,rq3g_cuda_073,dorn_cuda_049,cuda,high,golden,ugly_gold,visual_only_gold,golden
rq3g_cuda_073__c2,rq3g_cuda_073,dorn_cuda_049,cuda,high,golden,beautiful_trash,semantic_and_visual_aligned,golden
rq3g_cuda_073__c3,rq3g_cuda_073,dorn_cuda_049,cuda,high,golden,ugly_trash,semantic_and_visual_aligned,golden
rq3g_cuda_073__c4,rq3g_cuda_073,dorn_cuda_049,cuda,high,ugly_gold,beautiful_trash,semantic_visual_conflict_primary,ugly_gold
rq3g_cuda_073__c5,rq3g_cuda_073,dorn_cuda_049,cuda,high,ugly_gold,ugly_trash,semantic_only_under_ugly,ugly_gold
rq3g_cuda_073__c6,rq3g_cuda_073,dorn_cuda_049,cuda,high,beautiful_trash,ugly_trash,visual_only_trash,beautiful_trash
rq3g_cuda_074__c1,rq3g_cuda_074,dorn_cuda_017,cuda,high,golden,ugly_gold,visual_only_gold,golden
rq3g_cuda_074__c2,rq3g_cuda_074,dorn_cuda_017,cuda,high,golden,beautiful_trash,semantic_and_visual_aligned,golden
rq3g_cuda_074__c3,rq3g_cuda_074,dorn_cuda_017,cuda,high,golden,ugly_trash,semantic_and_visual_aligned,golden
rq3g_cuda_074__c4,rq3g_cuda_074,dorn_cuda_017,cuda,high,ugly_gold,beautiful_trash,semantic_visual_conflict_primary,ugly_gold
rq3g_cuda_074__c5,rq3g_cuda_074,dorn_cuda_017,cuda,high,ugly_gold,ugly_trash,semantic_only_under_ugly,ugly_gold
rq3g_cuda_074__c6,rq3g_cuda_074,dorn_cuda_017,cuda,high,beautiful_trash,ugly_trash,visual_only_trash,beautiful_trash
rq3g_cuda_075__c1,rq3g_cuda_075,dorn_cuda_037,cuda,high,golden,ugly_gold,visual_only_gold,golden
rq3g_cuda_075__c2,rq3g_cuda_075,dorn_cuda_037,cuda,high,golden,beautiful_trash,semantic_and_visual_aligned,golden
rq3g_cuda_075__c3,rq3g_cuda_075,dorn_cuda_037,cuda,high,golden,ugly_trash,semantic_and_visual_aligned,golden
rq3g_cuda_075__c4,rq3g_cuda_075,dorn_cuda_037,cuda,high,ugly_gold,beautiful_trash,semantic_visual_conflict_primary,ugly_gold
rq3g_cuda_075__c5,rq3g_cuda_075,dorn_cuda_037,cuda,high,ugly_gold,ugly_trash,semantic_only_under_ugly,ugly_gold
rq3g_cuda_075__c6,rq3g_cuda_075,dorn_cuda_037,cuda,high,beautiful_trash,ugly_trash,visual_only_trash,beautiful_trash
rq3g_cuda_076__c1,rq3g_cuda_076,dorn_cuda_076,cuda,high,golden,ugly_gold,visual_only_gold,golden
rq3g_cuda_076__c2,rq3g_cuda_076,dorn_cuda_076,cuda,high,golden,beautiful_trash,semantic_and_visual_aligned,golden
rq3g_cuda_076__c3,rq3g_cuda_076,dorn_cuda_076,cuda,high,golden,ugly_trash,semantic_and_visual_aligned,golden
rq3g_cuda_076__c4,rq3g_cuda_076,dorn_cuda_076,cuda,high,ugly_gold,beautiful_trash,semantic_visual_conflict_primary,ugly_gold
rq3g_cuda_076__c5,rq3g_cuda_076,dorn_cuda_076,cuda,high,ugly_gold,ugly_trash,semantic_only_under_ugly,ugly_gold
rq3g_cuda_076__c6,rq3g_cuda_076,dorn_cuda_076,cuda,high,beautiful_trash,ugly_trash,visual_only_trash,beautiful_trash
rq3g_cuda_077__c1,rq3g_cuda_077,dorn_cuda_027,cuda,high,golden,ugly_gold,visual_only_gold,golden
rq3g_cuda_077__c2,rq3g_cuda_077,dorn_cuda_027,cuda,high,golden,beautiful_trash,semantic_and_visual_aligned,golden
rq3g_cuda_077__c3,rq3g_cuda_077,dorn_cuda_027,cuda,high,golden,ugly_trash,semantic_and_visual_aligned,golden
rq3g_cuda_077__c4,rq3g_cuda_077,dorn_cuda_027,cuda,high,ugly_gold,beautiful_trash,semantic_visual_conflict_primary,ugly_gold
rq3g_cuda_077__c5,rq3g_cuda_077,dorn_cuda_027,cuda,high,ugly_gold,ugly_trash,semantic_only_under_ugly,ugly_gold
rq3g_cuda_077__c6,rq3g_cuda_077,dorn_cuda_027,cuda,high,beautiful_trash,ugly_trash,visual_only_trash,beautiful_trash
rq3g_cuda_078__c1,rq3g_cuda_078,dorn_cuda_022,cuda,high,golden,ugly_gold,visual_only_gold,golden
rq3g_cuda_078__c2,rq3g_cuda_078,dorn_cuda_022,cuda,high,golden,beautiful_trash,semantic_and_visual_aligned,golden
rq3g_cuda_078__c3,rq3g_cuda_078,dorn_cuda_022,cuda,high,golden,ugly_trash,semantic_and_visual_aligned,golden
rq3g_cuda_078__c4,rq3g_cuda_078,dorn_cuda_022,cuda,high,ugly_gold,beautiful_trash,semantic_visual_conflict_primary,ugly_gold
rq3g_cuda_078__c5,rq3g_cuda_078,dorn_cuda_022,cuda,high,ugly_gold,ugly_trash,semantic_only_under_ugly,ugly_gold
rq3g_cuda_078__c6,rq3g_cuda_078,dorn_cuda_022,cuda,high,beautiful_trash,ugly_trash,visual_only_trash,beautiful_trash
rq3g_cuda_079__c1,rq3g_cuda_079,dorn_cuda_074,cuda,high,golden,ugly_gold,visual_only_gold,golden
rq3g_cuda_079__c2,rq3g_cuda_079,dorn_cuda_074,cuda,high,golden,beautiful_trash,semantic_and_visual_aligned,golden
rq3g_cuda_079__c3,rq3g_cuda_079,dorn_cuda_074,cuda,high,golden,ugly_trash,semantic_and_visual_aligned,golden
rq3g_cuda_079__c4,rq3g_cuda_079,dorn_cuda_074,cuda,high,ugly_gold,beautiful_trash,semantic_visual_conflict_primary,ugly_gold
rq3g_cuda_079__c5,rq3g_cuda_079,dorn_cuda_074,cuda,high,ugly_gold,ugly_trash,semantic_only_under_ugly,ugly_gold
rq3g_cuda_079__c6,rq3g_cuda_079,dorn_cuda_074,cuda,high,beautiful_trash,ugly_trash,visual_only_trash,beautiful_trash
rq3g_cuda_080__c1,rq3g_cuda_080,dorn_cuda_021,cuda,high,golden,ugly_gold,visual_only_gold,golden
rq3g_cuda_080__c2,rq3g_cuda_080,dorn_cuda_021,cuda,high,golden,beautiful_trash,semantic_and_visual_aligned,golden
rq3g_cuda_080__c3,rq3g_cuda_080,dorn_cuda_021,cuda,high,golden,ugly_trash,semantic_and_visual_aligned,golden
rq3g_cuda_080__c4,rq3g_cuda_080,dorn_cuda_021,cuda,high,ugly_gold,beautiful_trash,semantic_visual_conflict_primary,ugly_gold
rq3g_cuda_080__c5,rq3g_cuda_080,dorn_cuda_021,cuda,high,ugly_gold,ugly_trash,semantic_only_under_ugly,ugly_gold
rq3g_cuda_080__c6,rq3g_cuda_080,dorn_cuda_021,cuda,high,beautiful_trash,ugly_trash,visual_only_trash,beautiful_trash
rq3g_cuda_081__c1,rq3g_cuda_081,dorn_cuda_009,cuda,high,golden,ugly_gold,visual_only_gold,golden
rq3g_cuda_081__c2,rq3g_cuda_081,dorn_cuda_009,cuda,high,golden,beautiful_trash,semantic_and_visual_aligned,golden
rq3g_cuda_081__c3,rq3g_cuda_081,dorn_cuda_009,cuda,high,golden,ugly_trash,semantic_and_visual_aligned,golden
rq3g_cuda_081__c4,rq3g_cuda_081,dorn_cuda_009,cuda,high,ugly_gold,beautiful_trash,semantic_visual_conflict_primary,ugly_gold
rq3g_cuda_081__c5,rq3g_cuda_081,dorn_cuda_009,cuda,high,ugly_gold,ugly_trash,semantic_only_under_ugly,ugly_gold
rq3g_cuda_081__c6,rq3g_cuda_081,dorn_cuda_009,cuda,high,beautiful_trash,ugly_trash,visual_only_trash,beautiful_trash
rq3g_cuda_082__c1,rq3g_cuda_082,dorn_cuda_068,cuda,high,golden,ugly_gold,visual_only_gold,golden
rq3g_cuda_082__c2,rq3g_cuda_082,dorn_cuda_068,cuda,high,golden,beautiful_trash,semantic_and_visual_aligned,golden
rq3g_cuda_082__c3,rq3g_cuda_082,dorn_cuda_068,cuda,high,golden,ugly_trash,semantic_and_visual_aligned,golden
rq3g_cuda_082__c4,rq3g_cuda_082,dorn_cuda_068,cuda,high,ugly_gold,beautiful_trash,semantic_visual_conflict_primary,ugly_gold
rq3g_cuda_082__c5,rq3g_cuda_082,dorn_cuda_068,cuda,high,ugly_gold,ugly_trash,semantic_only_under_ugly,ugly_gold
rq3g_cuda_082__c6,rq3g_cuda_082,dorn_cuda_068,cuda,high,beautiful_trash,ugly_trash,visual_only_trash,beautiful_trash
rq3g_cuda_083__c1,rq3g_cuda_083,dorn_cuda_060,cuda,high,golden,ugly_gold,visual_only_gold,golden
rq3g_cuda_083__c2,rq3g_cuda_083,dorn_cuda_060,cuda,high,golden,beautiful_trash,semantic_and_visual_aligned,golden
rq3g_cuda_083__c3,rq3g_cuda_083,dorn_cuda_060,cuda,high,golden,ugly_trash,semantic_and_visual_aligned,golden
rq3g_cuda_083__c4,rq3g_cuda_083,dorn_cuda_060,cuda,high,ugly_gold,beautiful_trash,semantic_visual_conflict_primary,ugly_gold
rq3g_cuda_083__c5,rq3g_cuda_083,dorn_cuda_060,cuda,high,ugly_gold,ugly_trash,semantic_only_under_ugly,ugly_gold
rq3g_cuda_083__c6,rq3g_cuda_083,dorn_cuda_060,cuda,high,beautiful_trash,ugly_trash,visual_only_trash,beautiful_trash
rq3g_cuda_084__c1,rq3g_cuda_084,dorn_cuda_119,cuda,high,golden,ugly_gold,visual_only_gold,golden
rq3g_cuda_084__c2,rq3g_cuda_084,dorn_cuda_119,cuda,high,golden,beautiful_trash,semantic_and_visual_aligned,golden
rq3g_cuda_084__c3,rq3g_cuda_084,dorn_cuda_119,cuda,high,golden,ugly_trash,semantic_and_visual_aligned,golden
rq3g_cuda_084__c4,rq3g_cuda_084,dorn_cuda_119,cuda,high,ugly_gold,beautiful_trash,semantic_visual_conflict_primary,ugly_gold
rq3g_cuda_084__c5,rq3g_cuda_084,dorn_cuda_119,cuda,high,ugly_gold,ugly_trash,semantic_only_under_ugly,ugly_gold
rq3g_cuda_084__c6,rq3g_cuda_084,dorn_cuda_119,cuda,high,beautiful_trash,ugly_trash,visual_only_trash,beautiful_trash
rq3g_cuda_085__c1,rq3g_cuda_085,dorn_cuda_028,cuda,high,golden,ugly_gold,visual_only_gold,golden
rq3g_cuda_085__c2,rq3g_cuda_085,dorn_cuda_028,cuda,high,golden,beautiful_trash,semantic_and_visual_aligned,golden
rq3g_cuda_085__c3,rq3g_cuda_085,dorn_cuda_028,cuda,high,golden,ugly_trash,semantic_and_visual_aligned,golden
rq3g_cuda_085__c4,rq3g_cuda_085,dorn_cuda_028,cuda,high,ugly_gold,beautiful_trash,semantic_visual_conflict_primary,ugly_gold
rq3g_cuda_085__c5,rq3g_cuda_085,dorn_cuda_028,cuda,high,ugly_gold,ugly_trash,semantic_only_under_ugly,ugly_gold
rq3g_cuda_085__c6,rq3g_cuda_085,dorn_cuda_028,cuda,high,beautiful_trash,ugly_trash,visual_only_trash,beautiful_trash
rq3g_cuda_086__c1,rq3g_cuda_086,dorn_cuda_057,cuda,high,golden,ugly_gold,visual_only_gold,golden
rq3g_cuda_086__c2,rq3g_cuda_086,dorn_cuda_057,cuda,high,golden,beautiful_trash,semantic_and_visual_aligned,golden
rq3g_cuda_086__c3,rq3g_cuda_086,dorn_cuda_057,cuda,high,golden,ugly_trash,semantic_and_visual_aligned,golden
rq3g_cuda_086__c4,rq3g_cuda_086,dorn_cuda_057,cuda,high,ugly_gold,beautiful_trash,semantic_visual_conflict_primary,ugly_gold
rq3g_cuda_086__c5,rq3g_cuda_086,dorn_cuda_057,cuda,high,ugly_gold,ugly_trash,semantic_only_under_ugly,ugly_gold
rq3g_cuda_086__c6,rq3g_cuda_086,dorn_cuda_057,cuda,high,beautiful_trash,ugly_trash,visual_only_trash,beautiful_trash
rq3g_cuda_087__c1,rq3g_cuda_087,dorn_cuda_013,cuda,high,golden,ugly_gold,visual_only_gold,golden
rq3g_cuda_087__c2,rq3g_cuda_087,dorn_cuda_013,cuda,high,golden,beautiful_trash,semantic_and_visual_aligned,golden
rq3g_cuda_087__c3,rq3g_cuda_087,dorn_cuda_013,cuda,high,golden,ugly_trash,semantic_and_visual_aligned,golden
rq3g_cuda_087__c4,rq3g_cuda_087,dorn_cuda_013,cuda,high,ugly_gold,beautiful_trash,semantic_visual_conflict_primary,ugly_gold
rq3g_cuda_087__c5,rq3g_cuda_087,dorn_cuda_013,cuda,high,ugly_gold,ugly_trash,semantic_only_under_ugly,ugly_gold
rq3g_cuda_087__c6,rq3g_cuda_087,dorn_cuda_013,cuda,high,beautiful_trash,ugly_trash,visual_only_trash,beautiful_trash
rq3g_cuda_088__c1,rq3g_cuda_088,dorn_cuda_091,cuda,high,golden,ugly_gold,visual_only_gold,golden
rq3g_cuda_088__c2,rq3g_cuda_088,dorn_cuda_091,cuda,high,golden,beautiful_trash,semantic_and_visual_aligned,golden
rq3g_cuda_088__c3,rq3g_cuda_088,dorn_cuda_091,cuda,high,golden,ugly_trash,semantic_and_visual_aligned,golden
rq3g_cuda_088__c4,rq3g_cuda_088,dorn_cuda_091,cuda,high,ugly_gold,beautiful_trash,semantic_visual_conflict_primary,ugly_gold
rq3g_cuda_088__c5,rq3g_cuda_088,dorn_cuda_091,cuda,high,ugly_gold,ugly_trash,semantic_only_under_ugly,ugly_gold
rq3g_cuda_088__c6,rq3g_cuda_088,dorn_cuda_091,cuda,high,beautiful_trash,ugly_trash,visual_only_trash,beautiful_trash
rq3g_cuda_089__c1,rq3g_cuda_089,dorn_cuda_005,cuda,high,golden,ugly_gold,visual_only_gold,golden
rq3g_cuda_089__c2,rq3g_cuda_089,dorn_cuda_005,cuda,high,golden,beautiful_trash,semantic_and_visual_aligned,golden
rq3g_cuda_089__c3,rq3g_cuda_089,dorn_cuda_005,cuda,high,golden,ugly_trash,semantic_and_visual_aligned,golden
rq3g_cuda_089__c4,rq3g_cuda_089,dorn_cuda_005,cuda,high,ugly_gold,beautiful_trash,semantic_visual_conflict_primary,ugly_gold
rq3g_cuda_089__c5,rq3g_cuda_089,dorn_cuda_005,cuda,high,ugly_gold,ugly_trash,semantic_only_under_ugly,ugly_gold
rq3g_cuda_089__c6,rq3g_cuda_089,dorn_cuda_005,cuda,high,beautiful_trash,ugly_trash,visual_only_trash,beautiful_trash
rq3g_cuda_090__c1,rq3g_cuda_090,dorn_cuda_052,cuda,high,golden,ugly_gold,visual_only_gold,golden
rq3g_cuda_090__c2,rq3g_cuda_090,dorn_cuda_052,cuda,high,golden,beautiful_trash,semantic_and_visual_aligned,golden
rq3g_cuda_090__c3,rq3g_cuda_090,dorn_cuda_052,cuda,high,golden,ugly_trash,semantic_and_visual_aligned,golden
rq3g_cuda_090__c4,rq3g_cuda_090,dorn_cuda_052,cuda,high,ugly_gold,beautiful_trash,semantic_visual_conflict_primary,ugly_gold
rq3g_cuda_090__c5,rq3g_cuda_090,dorn_cuda_052,cuda,high,ugly_gold,ugly_trash,semantic_only_under_ugly,ugly_gold
rq3g_cuda_090__c6,rq3g_cuda_090,dorn_cuda_052,cuda,high,beautiful_trash,ugly_trash,visual_only_trash,beautiful_trash
rq3g_cuda_091__c1,rq3g_cuda_091,dorn_cuda_062,cuda,high,golden,ugly_gold,visual_only_gold,golden
rq3g_cuda_091__c2,rq3g_cuda_091,dorn_cuda_062,cuda,high,golden,beautiful_trash,semantic_and_visual_aligned,golden
rq3g_cuda_091__c3,rq3g_cuda_091,dorn_cuda_062,cuda,high,golden,ugly_trash,semantic_and_visual_aligned,golden
rq3g_cuda_091__c4,rq3g_cuda_091,dorn_cuda_062,cuda,high,ugly_gold,beautiful_trash,semantic_visual_conflict_primary,ugly_gold
rq3g_cuda_091__c5,rq3g_cuda_091,dorn_cuda_062,cuda,high,ugly_gold,ugly_trash,semantic_only_under_ugly,ugly_gold
rq3g_cuda_091__c6,rq3g_cuda_091,dorn_cuda_062,cuda,high,beautiful_trash,ugly_trash,visual_only_trash,beautiful_trash
rq3g_cuda_092__c1,rq3g_cuda_092,dorn_cuda_026,cuda,high,golden,ugly_gold,visual_only_gold,golden
rq3g_cuda_092__c2,rq3g_cuda_092,dorn_cuda_026,cuda,high,golden,beautiful_trash,semantic_and_visual_aligned,golden
rq3g_cuda_092__c3,rq3g_cuda_092,dorn_cuda_026,cuda,high,golden,ugly_trash,semantic_and_visual_aligned,golden
rq3g_cuda_092__c4,rq3g_cuda_092,dorn_cuda_026,cuda,high,ugly_gold,beautiful_trash,semantic_visual_conflict_primary,ugly_gold
rq3g_cuda_092__c5,rq3g_cuda_092,dorn_cuda_026,cuda,high,ugly_gold,ugly_trash,semantic_only_under_ugly,ugly_gold
rq3g_cuda_092__c6,rq3g_cuda_092,dorn_cuda_026,cuda,high,beautiful_trash,ugly_trash,visual_only_trash,beautiful_trash
rq3g_cuda_093__c1,rq3g_cuda_093,dorn_cuda_039,cuda,high,golden,ugly_gold,visual_only_gold,golden
rq3g_cuda_093__c2,rq3g_cuda_093,dorn_cuda_039,cuda,high,golden,beautiful_trash,semantic_and_visual_aligned,golden
rq3g_cuda_093__c3,rq3g_cuda_093,dorn_cuda_039,cuda,high,golden,ugly_trash,semantic_and_visual_aligned,golden
rq3g_cuda_093__c4,rq3g_cuda_093,dorn_cuda_039,cuda,high,ugly_gold,beautiful_trash,semantic_visual_conflict_primary,ugly_gold
rq3g_cuda_093__c5,rq3g_cuda_093,dorn_cuda_039,cuda,high,ugly_gold,ugly_trash,semantic_only_under_ugly,ugly_gold
rq3g_cuda_093__c6,rq3g_cuda_093,dorn_cuda_039,cuda,high,beautiful_trash,ugly_trash,visual_only_trash,beautiful_trash
rq3g_cuda_094__c1,rq3g_cuda_094,dorn_cuda_019,cuda,high,golden,ugly_gold,visual_only_gold,golden
rq3g_cuda_094__c2,rq3g_cuda_094,dorn_cuda_019,cuda,high,golden,beautiful_trash,semantic_and_visual_aligned,golden
rq3g_cuda_094__c3,rq3g_cuda_094,dorn_cuda_019,cuda,high,golden,ugly_trash,semantic_and_visual_aligned,golden
rq3g_cuda_094__c4,rq3g_cuda_094,dorn_cuda_019,cuda,high,ugly_gold,beautiful_trash,semantic_visual_conflict_primary,ugly_gold
rq3g_cuda_094__c5,rq3g_cuda_094,dorn_cuda_019,cuda,high,ugly_gold,ugly_trash,semantic_only_under_ugly,ugly_gold
rq3g_cuda_094__c6,rq3g_cuda_094,dorn_cuda_019,cuda,high,beautiful_trash,ugly_trash,visual_only_trash,beautiful_trash
rq3g_cuda_095__c1,rq3g_cuda_095,dorn_cuda_116,cuda,high,golden,ugly_gold,visual_only_gold,golden
rq3g_cuda_095__c2,rq3g_cuda_095,dorn_cuda_116,cuda,high,golden,beautiful_trash,semantic_and_visual_aligned,golden
rq3g_cuda_095__c3,rq3g_cuda_095,dorn_cuda_116,cuda,high,golden,ugly_trash,semantic_and_visual_aligned,golden
rq3g_cuda_095__c4,rq3g_cuda_095,dorn_cuda_116,cuda,high,ugly_gold,beautiful_trash,semantic_visual_conflict_primary,ugly_gold
rq3g_cuda_095__c5,rq3g_cuda_095,dorn_cuda_116,cuda,high,ugly_gold,ugly_trash,semantic_only_under_ugly,ugly_gold
rq3g_cuda_095__c6,rq3g_cuda_095,dorn_cuda_116,cuda,high,beautiful_trash,ugly_trash,visual_only_trash,beautiful_trash
rq3g_cuda_096__c1,rq3g_cuda_096,dorn_cuda_090,cuda,high,golden,ugly_gold,visual_only_gold,golden
rq3g_cuda_096__c2,rq3g_cuda_096,dorn_cuda_090,cuda,high,golden,beautiful_trash,semantic_and_visual_aligned,golden
rq3g_cuda_096__c3,rq3g_cuda_096,dorn_cuda_090,cuda,high,golden,ugly_trash,semantic_and_visual_aligned,golden
rq3g_cuda_096__c4,rq3g_cuda_096,dorn_cuda_090,cuda,high,ugly_gold,beautiful_trash,semantic_visual_conflict_primary,ugly_gold
rq3g_cuda_096__c5,rq3g_cuda_096,dorn_cuda_090,cuda,high,ugly_gold,ugly_trash,semantic_only_under_ugly,ugly_gold
rq3g_cuda_096__c6,rq3g_cuda_096,dorn_cuda_090,cuda,high,beautiful_trash,ugly_trash,visual_only_trash,beautiful_trash
rq3g_cuda_097__c1,rq3g_cuda_097,dorn_cuda_065,cuda,high,golden,ugly_gold,visual_only_gold,golden
rq3g_cuda_097__c2,rq3g_cuda_097,dorn_cuda_065,cuda,high,golden,beautiful_trash,semantic_and_visual_aligned,golden
rq3g_cuda_097__c3,rq3g_cuda_097,dorn_cuda_065,cuda,high,golden,ugly_trash,semantic_and_visual_aligned,golden
rq3g_cuda_097__c4,rq3g_cuda_097,dorn_cuda_065,cuda,high,ugly_gold,beautiful_trash,semantic_visual_conflict_primary,ugly_gold
rq3g_cuda_097__c5,rq3g_cuda_097,dorn_cuda_065,cuda,high,ugly_gold,ugly_trash,semantic_only_under_ugly,ugly_gold
rq3g_cuda_097__c6,rq3g_cuda_097,dorn_cuda_065,cuda,high,beautiful_trash,ugly_trash,visual_only_trash,beautiful_trash
rq3g_cuda_098__c1,rq3g_cuda_098,dorn_cuda_008,cuda,high,golden,ugly_gold,visual_only_gold,golden
rq3g_cuda_098__c2,rq3g_cuda_098,dorn_cuda_008,cuda,high,golden,beautiful_trash,semantic_and_visual_aligned,golden
rq3g_cuda_098__c3,rq3g_cuda_098,dorn_cuda_008,cuda,high,golden,ugly_trash,semantic_and_visual_aligned,golden
rq3g_cuda_098__c4,rq3g_cuda_098,dorn_cuda_008,cuda,high,ugly_gold,beautiful_trash,semantic_visual_conflict_primary,ugly_gold
rq3g_cuda_098__c5,rq3g_cuda_098,dorn_cuda_008,cuda,high,ugly_gold,ugly_trash,semantic_only_under_ugly,ugly_gold
rq3g_cuda_098__c6,rq3g_cuda_098,dorn_cuda_008,cuda,high,beautiful_trash,ugly_trash,visual_only_trash,beautiful_trash
rq3g_cuda_099__c1,rq3g_cuda_099,dorn_cuda_107,cuda,high,golden,ugly_gold,visual_only_gold,golden
rq3g_cuda_099__c2,rq3g_cuda_099,dorn_cuda_107,cuda,high,golden,beautiful_trash,semantic_and_visual_aligned,golden
rq3g_cuda_099__c3,rq3g_cuda_099,dorn_cuda_107,cuda,high,golden,ugly_trash,semantic_and_visual_aligned,golden
rq3g_cuda_099__c4,rq3g_cuda_099,dorn_cuda_107,cuda,high,ugly_gold,beautiful_trash,semantic_visual_conflict_primary,ugly_gold
rq3g_cuda_099__c5,rq3g_cuda_099,dorn_cuda_107,cuda,high,ugly_gold,ugly_trash,semantic_only_under_ugly,ugly_gold
rq3g_cuda_099__c6,rq3g_cuda_099,dorn_cuda_107,cuda,high,beautiful_trash,ugly_trash,visual_only_trash,beautiful_trash
rq3g_java_000__c1,rq3g_java_000,rq0_0218,java,low,golden,ugly_gold,visual_only_gold,golden
rq3g_java_000__c2,rq3g_java_000,rq0_0218,java,low,golden,beautiful_trash,semantic_and_visual_aligned,golden
rq3g_java_000__c3,rq3g_java_000,rq0_0218,java,low,golden,ugly_trash,semantic_and_visual_aligned,golden
rq3g_java_000__c4,rq3g_java_000,rq0_0218,java,low,ugly_gold,beautiful_trash,semantic_visual_conflict_primary,ugly_gold
rq3g_java_000__c5,rq3g_java_000,rq0_0218,java,low,ugly_gold,ugly_trash,semantic_only_under_ugly,ugly_gold
rq3g_java_000__c6,rq3g_java_000,rq0_0218,java,low,beautiful_trash,ugly_trash,visual_only_trash,beautiful_trash
rq3g_java_001__c1,rq3g_java_001,rq0_0211,java,low,golden,ugly_gold,visual_only_gold,golden
rq3g_java_001__c2,rq3g_java_001,rq0_0211,java,low,golden,beautiful_trash,semantic_and_visual_aligned,golden
rq3g_java_001__c3,rq3g_java_001,rq0_0211,java,low,golden,ugly_trash,semantic_and_visual_aligned,golden
rq3g_java_001__c4,rq3g_java_001,rq0_0211,java,low,ugly_gold,beautiful_trash,semantic_visual_conflict_primary,ugly_gold
rq3g_java_001__c5,rq3g_java_001,rq0_0211,java,low,ugly_gold,ugly_trash,semantic_only_under_ugly,ugly_gold
rq3g_java_001__c6,rq3g_java_001,rq0_0211,java,low,beautiful_trash,ugly_trash,visual_only_trash,beautiful_trash
rq3g_java_002__c1,rq3g_java_002,rq0_0089,java,low,golden,ugly_gold,visual_only_gold,golden
rq3g_java_002__c2,rq3g_java_002,rq0_0089,java,low,golden,beautiful_trash,semantic_and_visual_aligned,golden
rq3g_java_002__c3,rq3g_java_002,rq0_0089,java,low,golden,ugly_trash,semantic_and_visual_aligned,golden
rq3g_java_002__c4,rq3g_java_002,rq0_0089,java,low,ugly_gold,beautiful_trash,semantic_visual_conflict_primary,ugly_gold
rq3g_java_002__c5,rq3g_java_002,rq0_0089,java,low,ugly_gold,ugly_trash,semantic_only_under_ugly,ugly_gold
rq3g_java_002__c6,rq3g_java_002,rq0_0089,java,low,beautiful_trash,ugly_trash,visual_only_trash,beautiful_trash
rq3g_java_003__c1,rq3g_java_003,rq0_0310,java,low,golden,ugly_gold,visual_only_gold,golden
rq3g_java_003__c2,rq3g_java_003,rq0_0310,java,low,golden,beautiful_trash,semantic_and_visual_aligned,golden
rq3g_java_003__c3,rq3g_java_003,rq0_0310,java,low,golden,ugly_trash,semantic_and_visual_aligned,golden
rq3g_java_003__c4,rq3g_java_003,rq0_0310,java,low,ugly_gold,beautiful_trash,semantic_visual_conflict_primary,ugly_gold
rq3g_java_003__c5,rq3g_java_003,rq0_0310,java,low,ugly_gold,ugly_trash,semantic_only_under_ugly,ugly_gold
rq3g_java_003__c6,rq3g_java_003,rq0_0310,java,low,beautiful_trash,ugly_trash,visual_only_trash,beautiful_trash
rq3g_java_004__c1,rq3g_java_004,rq0_0005,java,low,golden,ugly_gold,visual_only_gold,golden
rq3g_java_004__c2,rq3g_java_004,rq0_0005,java,low,golden,beautiful_trash,semantic_and_visual_aligned,golden
rq3g_java_004__c3,rq3g_java_004,rq0_0005,java,low,golden,ugly_trash,semantic_and_visual_aligned,golden
rq3g_java_004__c4,rq3g_java_004,rq0_0005,java,low,ugly_gold,beautiful_trash,semantic_visual_conflict_primary,ugly_gold
rq3g_java_004__c5,rq3g_java_004,rq0_0005,java,low,ugly_gold,ugly_trash,semantic_only_under_ugly,ugly_gold
rq3g_java_004__c6,rq3g_java_004,rq0_0005,java,low,beautiful_trash,ugly_trash,visual_only_trash,beautiful_trash
rq3g_java_005__c1,rq3g_java_005,rq0_0149,java,low,golden,ugly_gold,visual_only_gold,golden
rq3g_java_005__c2,rq3g_java_005,rq0_0149,java,low,golden,beautiful_trash,semantic_and_visual_aligned,golden
rq3g_java_005__c3,rq3g_java_005,rq0_0149,java,low,golden,ugly_trash,semantic_and_visual_aligned,golden
rq3g_java_005__c4,rq3g_java_005,rq0_0149,java,low,ugly_gold,beautiful_trash,semantic_visual_conflict_primary,ugly_gold
rq3g_java_005__c5,rq3g_java_005,rq0_0149,java,low,ugly_gold,ugly_trash,semantic_only_under_ugly,ugly_gold
rq3g_java_005__c6,rq3g_java_005,rq0_0149,java,low,beautiful_trash,ugly_trash,visual_only_trash,beautiful_trash
rq3g_java_006__c1,rq3g_java_006,rq0_0202,java,low,golden,ugly_gold,visual_only_gold,golden
rq3g_java_006__c2,rq3g_java_006,rq0_0202,java,low,golden,beautiful_trash,semantic_and_visual_aligned,golden
rq3g_java_006__c3,rq3g_java_006,rq0_0202,java,low,golden,ugly_trash,semantic_and_visual_aligned,golden
rq3g_java_006__c4,rq3g_java_006,rq0_0202,java,low,ugly_gold,beautiful_trash,semantic_visual_conflict_primary,ugly_gold
rq3g_java_006__c5,rq3g_java_006,rq0_0202,java,low,ugly_gold,ugly_trash,semantic_only_under_ugly,ugly_gold
rq3g_java_006__c6,rq3g_java_006,rq0_0202,java,low,beautiful_trash,ugly_trash,visual_only_trash,beautiful_trash
rq3g_java_007__c1,rq3g_java_007,rq0_0076,java,low,golden,ugly_gold,visual_only_gold,golden
rq3g_java_007__c2,rq3g_java_007,rq0_0076,java,low,golden,beautiful_trash,semantic_and_visual_aligned,golden
rq3g_java_007__c3,rq3g_java_007,rq0_0076,java,low,golden,ugly_trash,semantic_and_visual_aligned,golden
rq3g_java_007__c4,rq3g_java_007,rq0_0076,java,low,ugly_gold,beautiful_trash,semantic_visual_conflict_primary,ugly_gold
rq3g_java_007__c5,rq3g_java_007,rq0_0076,java,low,ugly_gold,ugly_trash,semantic_only_under_ugly,ugly_gold
rq3g_java_007__c6,rq3g_java_007,rq0_0076,java,low,beautiful_trash,ugly_trash,visual_only_trash,beautiful_trash
rq3g_java_008__c1,rq3g_java_008,rq0_0091,java,low,golden,ugly_gold,visual_only_gold,golden
rq3g_java_008__c2,rq3g_java_008,rq0_0091,java,low,golden,beautiful_trash,semantic_and_visual_aligned,golden
rq3g_java_008__c3,rq3g_java_008,rq0_0091,java,low,golden,ugly_trash,semantic_and_visual_aligned,golden
rq3g_java_008__c4,rq3g_java_008,rq0_0091,java,low,ugly_gold,beautiful_trash,semantic_visual_conflict_primary,ugly_gold
rq3g_java_008__c5,rq3g_java_008,rq0_0091,java,low,ugly_gold,ugly_trash,semantic_only_under_ugly,ugly_gold
rq3g_java_008__c6,rq3g_java_008,rq0_0091,java,low,beautiful_trash,ugly_trash,visual_only_trash,beautiful_trash
rq3g_java_009__c1,rq3g_java_009,rq0_0231,java,low,golden,ugly_gold,visual_only_gold,golden
rq3g_java_009__c2,rq3g_java_009,rq0_0231,java,low,golden,beautiful_trash,semantic_and_visual_aligned,golden
rq3g_java_009__c3,rq3g_java_009,rq0_0231,java,low,golden,ugly_trash,semantic_and_visual_aligned,golden
rq3g_java_009__c4,rq3g_java_009,rq0_0231,java,low,ugly_gold,beautiful_trash,semantic_visual_conflict_primary,ugly_gold
rq3g_java_009__c5,rq3g_java_009,rq0_0231,java,low,ugly_gold,ugly_trash,semantic_only_under_ugly,ugly_gold
rq3g_java_009__c6,rq3g_java_009,rq0_0231,java,low,beautiful_trash,ugly_trash,visual_only_trash,beautiful_trash
rq3g_java_010__c1,rq3g_java_010,rq0_0024,java,low,golden,ugly_gold,visual_only_gold,golden
rq3g_java_010__c2,rq3g_java_010,rq0_0024,java,low,golden,beautiful_trash,semantic_and_visual_aligned,golden
rq3g_java_010__c3,rq3g_java_010,rq0_0024,java,low,golden,ugly_trash,semantic_and_visual_aligned,golden
rq3g_java_010__c4,rq3g_java_010,rq0_0024,java,low,ugly_gold,beautiful_trash,semantic_visual_conflict_primary,ugly_gold
rq3g_java_010__c5,rq3g_java_010,rq0_0024,java,low,ugly_gold,ugly_trash,semantic_only_under_ugly,ugly_gold
rq3g_java_010__c6,rq3g_java_010,rq0_0024,java,low,beautiful_trash,ugly_trash,visual_only_trash,beautiful_trash
rq3g_java_011__c1,rq3g_java_011,rq0_0286,java,low,golden,ugly_gold,visual_only_gold,golden
rq3g_java_011__c2,rq3g_java_011,rq0_0286,java,low,golden,beautiful_trash,semantic_and_visual_aligned,golden
rq3g_java_011__c3,rq3g_java_011,rq0_0286,java,low,golden,ugly_trash,semantic_and_visual_aligned,golden
rq3g_java_011__c4,rq3g_java_011,rq0_0286,java,low,ugly_gold,beautiful_trash,semantic_visual_conflict_primary,ugly_gold
rq3g_java_011__c5,rq3g_java_011,rq0_0286,java,low,ugly_gold,ugly_trash,semantic_only_under_ugly,ugly_gold
rq3g_java_011__c6,rq3g_java_011,rq0_0286,java,low,beautiful_trash,ugly_trash,visual_only_trash,beautiful_trash
rq3g_java_012__c1,rq3g_java_012,rq0_0170,java,low,golden,ugly_gold,visual_only_gold,golden
rq3g_java_012__c2,rq3g_java_012,rq0_0170,java,low,golden,beautiful_trash,semantic_and_visual_aligned,golden
rq3g_java_012__c3,rq3g_java_012,rq0_0170,java,low,golden,ugly_trash,semantic_and_visual_aligned,golden
rq3g_java_012__c4,rq3g_java_012,rq0_0170,java,low,ugly_gold,beautiful_trash,semantic_visual_conflict_primary,ugly_gold
rq3g_java_012__c5,rq3g_java_012,rq0_0170,java,low,ugly_gold,ugly_trash,semantic_only_under_ugly,ugly_gold
rq3g_java_012__c6,rq3g_java_012,rq0_0170,java,low,beautiful_trash,ugly_trash,visual_only_trash,beautiful_trash
rq3g_java_013__c1,rq3g_java_013,rq0_0064,java,low,golden,ugly_gold,visual_only_gold,golden
rq3g_java_013__c2,rq3g_java_013,rq0_0064,java,low,golden,beautiful_trash,semantic_and_visual_aligned,golden
rq3g_java_013__c3,rq3g_java_013,rq0_0064,java,low,golden,ugly_trash,semantic_and_visual_aligned,golden
rq3g_java_013__c4,rq3g_java_013,rq0_0064,java,low,ugly_gold,beautiful_trash,semantic_visual_conflict_primary,ugly_gold
rq3g_java_013__c5,rq3g_java_013,rq0_0064,java,low,ugly_gold,ugly_trash,semantic_only_under_ugly,ugly_gold
rq3g_java_013__c6,rq3g_java_013,rq0_0064,java,low,beautiful_trash,ugly_trash,visual_only_trash,beautiful_trash
rq3g_java_014__c1,rq3g_java_014,rq0_0127,java,low,golden,ugly_gold,visual_only_gold,golden
rq3g_java_014__c2,rq3g_java_014,rq0_0127,java,low,golden,beautiful_trash,semantic_and_visual_aligned,golden
rq3g_java_014__c3,rq3g_java_014,rq0_0127,java,low,golden,ugly_trash,semantic_and_visual_aligned,golden
rq3g_java_014__c4,rq3g_java_014,rq0_0127,java,low,ugly_gold,beautiful_trash,semantic_visual_conflict_primary,ugly_gold
rq3g_java_014__c5,rq3g_java_014,rq0_0127,java,low,ugly_gold,ugly_trash,semantic_only_under_ugly,ugly_gold
rq3g_java_014__c6,rq3g_java_014,rq0_0127,java,low,beautiful_trash,ugly_trash,visual_only_trash,beautiful_trash
rq3g_java_015__c1,rq3g_java_015,rq0_0050,java,low,golden,ugly_gold,visual_only_gold,golden
rq3g_java_015__c2,rq3g_java_015,rq0_0050,java,low,golden,beautiful_trash,semantic_and_visual_aligned,golden
rq3g_java_015__c3,rq3g_java_015,rq0_0050,java,low,golden,ugly_trash,semantic_and_visual_aligned,golden
rq3g_java_015__c4,rq3g_java_015,rq0_0050,java,low,ugly_gold,beautiful_trash,semantic_visual_conflict_primary,ugly_gold
rq3g_java_015__c5,rq3g_java_015,rq0_0050,java,low,ugly_gold,ugly_trash,semantic_only_under_ugly,ugly_gold
rq3g_java_015__c6,rq3g_java_015,rq0_0050,java,low,beautiful_trash,ugly_trash,visual_only_trash,beautiful_trash
rq3g_java_016__c1,rq3g_java_016,rq0_0084,java,low,golden,ugly_gold,visual_only_gold,golden
rq3g_java_016__c2,rq3g_java_016,rq0_0084,java,low,golden,beautiful_trash,semantic_and_visual_aligned,golden
rq3g_java_016__c3,rq3g_java_016,rq0_0084,java,low,golden,ugly_trash,semantic_and_visual_aligned,golden
rq3g_java_016__c4,rq3g_java_016,rq0_0084,java,low,ugly_gold,beautiful_trash,semantic_visual_conflict_primary,ugly_gold
rq3g_java_016__c5,rq3g_java_016,rq0_0084,java,low,ugly_gold,ugly_trash,semantic_only_under_ugly,ugly_gold
rq3g_java_016__c6,rq3g_java_016,rq0_0084,java,low,beautiful_trash,ugly_trash,visual_only_trash,beautiful_trash
rq3g_java_017__c1,rq3g_java_017,rq0_0232,java,low,golden,ugly_gold,visual_only_gold,golden
rq3g_java_017__c2,rq3g_java_017,rq0_0232,java,low,golden,beautiful_trash,semantic_and_visual_aligned,golden
rq3g_java_017__c3,rq3g_java_017,rq0_0232,java,low,golden,ugly_trash,semantic_and_visual_aligned,golden
rq3g_java_017__c4,rq3g_java_017,rq0_0232,java,low,ugly_gold,beautiful_trash,semantic_visual_conflict_primary,ugly_gold
rq3g_java_017__c5,rq3g_java_017,rq0_0232,java,low,ugly_gold,ugly_trash,semantic_only_under_ugly,ugly_gold
rq3g_java_017__c6,rq3g_java_017,rq0_0232,java,low,beautiful_trash,ugly_trash,visual_only_trash,beautiful_trash
rq3g_java_018__c1,rq3g_java_018,rq0_0308,java,low,golden,ugly_gold,visual_only_gold,golden
rq3g_java_018__c2,rq3g_java_018,rq0_0308,java,low,golden,beautiful_trash,semantic_and_visual_aligned,golden
rq3g_java_018__c3,rq3g_java_018,rq0_0308,java,low,golden,ugly_trash,semantic_and_visual_aligned,golden
rq3g_java_018__c4,rq3g_java_018,rq0_0308,java,low,ugly_gold,beautiful_trash,semantic_visual_conflict_primary,ugly_gold
rq3g_java_018__c5,rq3g_java_018,rq0_0308,java,low,ugly_gold,ugly_trash,semantic_only_under_ugly,ugly_gold
rq3g_java_018__c6,rq3g_java_018,rq0_0308,java,low,beautiful_trash,ugly_trash,visual_only_trash,beautiful_trash
rq3g_java_019__c1,rq3g_java_019,rq0_0053,java,low,golden,ugly_gold,visual_only_gold,golden
rq3g_java_019__c2,rq3g_java_019,rq0_0053,java,low,golden,beautiful_trash,semantic_and_visual_aligned,golden
rq3g_java_019__c3,rq3g_java_019,rq0_0053,java,low,golden,ugly_trash,semantic_and_visual_aligned,golden
rq3g_java_019__c4,rq3g_java_019,rq0_0053,java,low,ugly_gold,beautiful_trash,semantic_visual_conflict_primary,ugly_gold
rq3g_java_019__c5,rq3g_java_019,rq0_0053,java,low,ugly_gold,ugly_trash,semantic_only_under_ugly,ugly_gold
rq3g_java_019__c6,rq3g_java_019,rq0_0053,java,low,beautiful_trash,ugly_trash,visual_only_trash,beautiful_trash
rq3g_java_020__c1,rq3g_java_020,rq0_0081,java,low,golden,ugly_gold,visual_only_gold,golden
rq3g_java_020__c2,rq3g_java_020,rq0_0081,java,low,golden,beautiful_trash,semantic_and_visual_aligned,golden
rq3g_java_020__c3,rq3g_java_020,rq0_0081,java,low,golden,ugly_trash,semantic_and_visual_aligned,golden
rq3g_java_020__c4,rq3g_java_020,rq0_0081,java,low,ugly_gold,beautiful_trash,semantic_visual_conflict_primary,ugly_gold
rq3g_java_020__c5,rq3g_java_020,rq0_0081,java,low,ugly_gold,ugly_trash,semantic_only_under_ugly,ugly_gold
rq3g_java_020__c6,rq3g_java_020,rq0_0081,java,low,beautiful_trash,ugly_trash,visual_only_trash,beautiful_trash
rq3g_java_021__c1,rq3g_java_021,rq0_0028,java,low,golden,ugly_gold,visual_only_gold,golden
rq3g_java_021__c2,rq3g_java_021,rq0_0028,java,low,golden,beautiful_trash,semantic_and_visual_aligned,golden
rq3g_java_021__c3,rq3g_java_021,rq0_0028,java,low,golden,ugly_trash,semantic_and_visual_aligned,golden
rq3g_java_021__c4,rq3g_java_021,rq0_0028,java,low,ugly_gold,beautiful_trash,semantic_visual_conflict_primary,ugly_gold
rq3g_java_021__c5,rq3g_java_021,rq0_0028,java,low,ugly_gold,ugly_trash,semantic_only_under_ugly,ugly_gold
rq3g_java_021__c6,rq3g_java_021,rq0_0028,java,low,beautiful_trash,ugly_trash,visual_only_trash,beautiful_trash
rq3g_java_022__c1,rq3g_java_022,rq0_0247,java,low,golden,ugly_gold,visual_only_gold,golden
rq3g_java_022__c2,rq3g_java_022,rq0_0247,java,low,golden,beautiful_trash,semantic_and_visual_aligned,golden
rq3g_java_022__c3,rq3g_java_022,rq0_0247,java,low,golden,ugly_trash,semantic_and_visual_aligned,golden
rq3g_java_022__c4,rq3g_java_022,rq0_0247,java,low,ugly_gold,beautiful_trash,semantic_visual_conflict_primary,ugly_gold
rq3g_java_022__c5,rq3g_java_022,rq0_0247,java,low,ugly_gold,ugly_trash,semantic_only_under_ugly,ugly_gold
rq3g_java_022__c6,rq3g_java_022,rq0_0247,java,low,beautiful_trash,ugly_trash,visual_only_trash,beautiful_trash
rq3g_java_023__c1,rq3g_java_023,rq0_0104,java,low,golden,ugly_gold,visual_only_gold,golden
rq3g_java_023__c2,rq3g_java_023,rq0_0104,java,low,golden,beautiful_trash,semantic_and_visual_aligned,golden
rq3g_java_023__c3,rq3g_java_023,rq0_0104,java,low,golden,ugly_trash,semantic_and_visual_aligned,golden
rq3g_java_023__c4,rq3g_java_023,rq0_0104,java,low,ugly_gold,beautiful_trash,semantic_visual_conflict_primary,ugly_gold
rq3g_java_023__c5,rq3g_java_023,rq0_0104,java,low,ugly_gold,ugly_trash,semantic_only_under_ugly,ugly_gold
rq3g_java_023__c6,rq3g_java_023,rq0_0104,java,low,beautiful_trash,ugly_trash,visual_only_trash,beautiful_trash
rq3g_java_024__c1,rq3g_java_024,rq0_0026,java,low,golden,ugly_gold,visual_only_gold,golden
rq3g_java_024__c2,rq3g_java_024,rq0_0026,java,low,golden,beautiful_trash,semantic_and_visual_aligned,golden
rq3g_java_024__c3,rq3g_java_024,rq0_0026,java,low,golden,ugly_trash,semantic_and_visual_aligned,golden
rq3g_java_024__c4,rq3g_java_024,rq0_0026,java,low,ugly_gold,beautiful_trash,semantic_visual_conflict_primary,ugly_gold
rq3g_java_024__c5,rq3g_java_024,rq0_0026,java,low,ugly_gold,ugly_trash,semantic_only_under_ugly,ugly_gold
rq3g_java_024__c6,rq3g_java_024,rq0_0026,java,low,beautiful_trash,ugly_trash,visual_only_trash,beautiful_trash
rq3g_java_025__c1,rq3g_java_025,rq0_0112,java,low,golden,ugly_gold,visual_only_gold,golden
rq3g_java_025__c2,rq3g_java_025,rq0_0112,java,low,golden,beautiful_trash,semantic_and_visual_aligned,golden
rq3g_java_025__c3,rq3g_java_025,rq0_0112,java,low,golden,ugly_trash,semantic_and_visual_aligned,golden
rq3g_java_025__c4,rq3g_java_025,rq0_0112,java,low,ugly_gold,beautiful_trash,semantic_visual_conflict_primary,ugly_gold
rq3g_java_025__c5,rq3g_java_025,rq0_0112,java,low,ugly_gold,ugly_trash,semantic_only_under_ugly,ugly_gold
rq3g_java_025__c6,rq3g_java_025,rq0_0112,java,low,beautiful_trash,ugly_trash,visual_only_trash,beautiful_trash
rq3g_java_026__c1,rq3g_java_026,rq0_0179,java,low,golden,ugly_gold,visual_only_gold,golden
rq3g_java_026__c2,rq3g_java_026,rq0_0179,java,low,golden,beautiful_trash,semantic_and_visual_aligned,golden
rq3g_java_026__c3,rq3g_java_026,rq0_0179,java,low,golden,ugly_trash,semantic_and_visual_aligned,golden
rq3g_java_026__c4,rq3g_java_026,rq0_0179,java,low,ugly_gold,beautiful_trash,semantic_visual_conflict_primary,ugly_gold
rq3g_java_026__c5,rq3g_java_026,rq0_0179,java,low,ugly_gold,ugly_trash,semantic_only_under_ugly,ugly_gold
rq3g_java_026__c6,rq3g_java_026,rq0_0179,java,low,beautiful_trash,ugly_trash,visual_only_trash,beautiful_trash
rq3g_java_027__c1,rq3g_java_027,rq0_0038,java,low,golden,ugly_gold,visual_only_gold,golden
rq3g_java_027__c2,rq3g_java_027,rq0_0038,java,low,golden,beautiful_trash,semantic_and_visual_aligned,golden
rq3g_java_027__c3,rq3g_java_027,rq0_0038,java,low,golden,ugly_trash,semantic_and_visual_aligned,golden
rq3g_java_027__c4,rq3g_java_027,rq0_0038,java,low,ugly_gold,beautiful_trash,semantic_visual_conflict_primary,ugly_gold
rq3g_java_027__c5,rq3g_java_027,rq0_0038,java,low,ugly_gold,ugly_trash,semantic_only_under_ugly,ugly_gold
rq3g_java_027__c6,rq3g_java_027,rq0_0038,java,low,beautiful_trash,ugly_trash,visual_only_trash,beautiful_trash
rq3g_java_028__c1,rq3g_java_028,rq0_0067,java,low,golden,ugly_gold,visual_only_gold,golden
rq3g_java_028__c2,rq3g_java_028,rq0_0067,java,low,golden,beautiful_trash,semantic_and_visual_aligned,golden
rq3g_java_028__c3,rq3g_java_028,rq0_0067,java,low,golden,ugly_trash,semantic_and_visual_aligned,golden
rq3g_java_028__c4,rq3g_java_028,rq0_0067,java,low,ugly_gold,beautiful_trash,semantic_visual_conflict_primary,ugly_gold
rq3g_java_028__c5,rq3g_java_028,rq0_0067,java,low,ugly_gold,ugly_trash,semantic_only_under_ugly,ugly_gold
rq3g_java_028__c6,rq3g_java_028,rq0_0067,java,low,beautiful_trash,ugly_trash,visual_only_trash,beautiful_trash
rq3g_java_029__c1,rq3g_java_029,rq0_0254,java,low,golden,ugly_gold,visual_only_gold,golden
rq3g_java_029__c2,rq3g_java_029,rq0_0254,java,low,golden,beautiful_trash,semantic_and_visual_aligned,golden
rq3g_java_029__c3,rq3g_java_029,rq0_0254,java,low,golden,ugly_trash,semantic_and_visual_aligned,golden
rq3g_java_029__c4,rq3g_java_029,rq0_0254,java,low,ugly_gold,beautiful_trash,semantic_visual_conflict_primary,ugly_gold
rq3g_java_029__c5,rq3g_java_029,rq0_0254,java,low,ugly_gold,ugly_trash,semantic_only_under_ugly,ugly_gold
rq3g_java_029__c6,rq3g_java_029,rq0_0254,java,low,beautiful_trash,ugly_trash,visual_only_trash,beautiful_trash
rq3g_java_030__c1,rq3g_java_030,rq0_0260,java,low,golden,ugly_gold,visual_only_gold,golden
rq3g_java_030__c2,rq3g_java_030,rq0_0260,java,low,golden,beautiful_trash,semantic_and_visual_aligned,golden
rq3g_java_030__c3,rq3g_java_030,rq0_0260,java,low,golden,ugly_trash,semantic_and_visual_aligned,golden
rq3g_java_030__c4,rq3g_java_030,rq0_0260,java,low,ugly_gold,beautiful_trash,semantic_visual_conflict_primary,ugly_gold
rq3g_java_030__c5,rq3g_java_030,rq0_0260,java,low,ugly_gold,ugly_trash,semantic_only_under_ugly,ugly_gold
rq3g_java_030__c6,rq3g_java_030,rq0_0260,java,low,beautiful_trash,ugly_trash,visual_only_trash,beautiful_trash
rq3g_java_031__c1,rq3g_java_031,rq0_0267,java,low,golden,ugly_gold,visual_only_gold,golden
rq3g_java_031__c2,rq3g_java_031,rq0_0267,java,low,golden,beautiful_trash,semantic_and_visual_aligned,golden
rq3g_java_031__c3,rq3g_java_031,rq0_0267,java,low,golden,ugly_trash,semantic_and_visual_aligned,golden
rq3g_java_031__c4,rq3g_java_031,rq0_0267,java,low,ugly_gold,beautiful_trash,semantic_visual_conflict_primary,ugly_gold
rq3g_java_031__c5,rq3g_java_031,rq0_0267,java,low,ugly_gold,ugly_trash,semantic_only_under_ugly,ugly_gold
rq3g_java_031__c6,rq3g_java_031,rq0_0267,java,low,beautiful_trash,ugly_trash,visual_only_trash,beautiful_trash
rq3g_java_032__c1,rq3g_java_032,rq0_0302,java,low,golden,ugly_gold,visual_only_gold,golden
rq3g_java_032__c2,rq3g_java_032,rq0_0302,java,low,golden,beautiful_trash,semantic_and_visual_aligned,golden
rq3g_java_032__c3,rq3g_java_032,rq0_0302,java,low,golden,ugly_trash,semantic_and_visual_aligned,golden
rq3g_java_032__c4,rq3g_java_032,rq0_0302,java,low,ugly_gold,beautiful_trash,semantic_visual_conflict_primary,ugly_gold
rq3g_java_032__c5,rq3g_java_032,rq0_0302,java,low,ugly_gold,ugly_trash,semantic_only_under_ugly,ugly_gold
rq3g_java_032__c6,rq3g_java_032,rq0_0302,java,low,beautiful_trash,ugly_trash,visual_only_trash,beautiful_trash
rq3g_java_033__c1,rq3g_java_033,rq0_0309,java,low,golden,ugly_gold,visual_only_gold,golden
rq3g_java_033__c2,rq3g_java_033,rq0_0309,java,low,golden,beautiful_trash,semantic_and_visual_aligned,golden
rq3g_java_033__c3,rq3g_java_033,rq0_0309,java,low,golden,ugly_trash,semantic_and_visual_aligned,golden
rq3g_java_033__c4,rq3g_java_033,rq0_0309,java,low,ugly_gold,beautiful_trash,semantic_visual_conflict_primary,ugly_gold
rq3g_java_033__c5,rq3g_java_033,rq0_0309,java,low,ugly_gold,ugly_trash,semantic_only_under_ugly,ugly_gold
rq3g_java_033__c6,rq3g_java_033,rq0_0309,java,low,beautiful_trash,ugly_trash,visual_only_trash,beautiful_trash
rq3g_java_034__c1,rq3g_java_034,rq0_0188,java,mid,golden,ugly_gold,visual_only_gold,golden
rq3g_java_034__c2,rq3g_java_034,rq0_0188,java,mid,golden,beautiful_trash,semantic_and_visual_aligned,golden
rq3g_java_034__c3,rq3g_java_034,rq0_0188,java,mid,golden,ugly_trash,semantic_and_visual_aligned,golden
rq3g_java_034__c4,rq3g_java_034,rq0_0188,java,mid,ugly_gold,beautiful_trash,semantic_visual_conflict_primary,ugly_gold
rq3g_java_034__c5,rq3g_java_034,rq0_0188,java,mid,ugly_gold,ugly_trash,semantic_only_under_ugly,ugly_gold
rq3g_java_034__c6,rq3g_java_034,rq0_0188,java,mid,beautiful_trash,ugly_trash,visual_only_trash,beautiful_trash
rq3g_java_035__c1,rq3g_java_035,rq0_0181,java,mid,golden,ugly_gold,visual_only_gold,golden
rq3g_java_035__c2,rq3g_java_035,rq0_0181,java,mid,golden,beautiful_trash,semantic_and_visual_aligned,golden
rq3g_java_035__c3,rq3g_java_035,rq0_0181,java,mid,golden,ugly_trash,semantic_and_visual_aligned,golden
rq3g_java_035__c4,rq3g_java_035,rq0_0181,java,mid,ugly_gold,beautiful_trash,semantic_visual_conflict_primary,ugly_gold
rq3g_java_035__c5,rq3g_java_035,rq0_0181,java,mid,ugly_gold,ugly_trash,semantic_only_under_ugly,ugly_gold
rq3g_java_035__c6,rq3g_java_035,rq0_0181,java,mid,beautiful_trash,ugly_trash,visual_only_trash,beautiful_trash
rq3g_java_036__c1,rq3g_java_036,rq0_0113,java,mid,golden,ugly_gold,visual_only_gold,golden
rq3g_java_036__c2,rq3g_java_036,rq0_0113,java,mid,golden,beautiful_trash,semantic_and_visual_aligned,golden
rq3g_java_036__c3,rq3g_java_036,rq0_0113,java,mid,golden,ugly_trash,semantic_and_visual_aligned,golden
rq3g_java_036__c4,rq3g_java_036,rq0_0113,java,mid,ugly_gold,beautiful_trash,semantic_visual_conflict_primary,ugly_gold
rq3g_java_036__c5,rq3g_java_036,rq0_0113,java,mid,ugly_gold,ugly_trash,semantic_only_under_ugly,ugly_gold
rq3g_java_036__c6,rq3g_java_036,rq0_0113,java,mid,beautiful_trash,ugly_trash,visual_only_trash,beautiful_trash
rq3g_java_037__c1,rq3g_java_037,rq0_0213,java,mid,golden,ugly_gold,visual_only_gold,golden
rq3g_java_037__c2,rq3g_java_037,rq0_0213,java,mid,golden,beautiful_trash,semantic_and_visual_aligned,golden
rq3g_java_037__c3,rq3g_java_037,rq0_0213,java,mid,golden,ugly_trash,semantic_and_visual_aligned,golden
rq3g_java_037__c4,rq3g_java_037,rq0_0213,java,mid,ugly_gold,beautiful_trash,semantic_visual_conflict_primary,ugly_gold
rq3g_java_037__c5,rq3g_java_037,rq0_0213,java,mid,ugly_gold,ugly_trash,semantic_only_under_ugly,ugly_gold
rq3g_java_037__c6,rq3g_java_037,rq0_0213,java,mid,beautiful_trash,ugly_trash,visual_only_trash,beautiful_trash
rq3g_java_038__c1,rq3g_java_038,rq0_0233,java,mid,golden,ugly_gold,visual_only_gold,golden
rq3g_java_038__c2,rq3g_java_038,rq0_0233,java,mid,golden,beautiful_trash,semantic_and_visual_aligned,golden
rq3g_java_038__c3,rq3g_java_038,rq0_0233,java,mid,golden,ugly_trash,semantic_and_visual_aligned,golden
rq3g_java_038__c4,rq3g_java_038,rq0_0233,java,mid,ugly_gold,beautiful_trash,semantic_visual_conflict_primary,ugly_gold
rq3g_java_038__c5,rq3g_java_038,rq0_0233,java,mid,ugly_gold,ugly_trash,semantic_only_under_ugly,ugly_gold
rq3g_java_038__c6,rq3g_java_038,rq0_0233,java,mid,beautiful_trash,ugly_trash,visual_only_trash,beautiful_trash
rq3g_java_039__c1,rq3g_java_039,rq0_0284,java,mid,golden,ugly_gold,visual_only_gold,golden
rq3g_java_039__c2,rq3g_java_039,rq0_0284,java,mid,golden,beautiful_trash,semantic_and_visual_aligned,golden
rq3g_java_039__c3,rq3g_java_039,rq0_0284,java,mid,golden,ugly_trash,semantic_and_visual_aligned,golden
rq3g_java_039__c4,rq3g_java_039,rq0_0284,java,mid,ugly_gold,beautiful_trash,semantic_visual_conflict_primary,ugly_gold
rq3g_java_039__c5,rq3g_java_039,rq0_0284,java,mid,ugly_gold,ugly_trash,semantic_only_under_ugly,ugly_gold
rq3g_java_039__c6,rq3g_java_039,rq0_0284,java,mid,beautiful_trash,ugly_trash,visual_only_trash,beautiful_trash
rq3g_java_040__c1,rq3g_java_040,rq0_0301,java,mid,golden,ugly_gold,visual_only_gold,golden
rq3g_java_040__c2,rq3g_java_040,rq0_0301,java,mid,golden,beautiful_trash,semantic_and_visual_aligned,golden
rq3g_java_040__c3,rq3g_java_040,rq0_0301,java,mid,golden,ugly_trash,semantic_and_visual_aligned,golden
rq3g_java_040__c4,rq3g_java_040,rq0_0301,java,mid,ugly_gold,beautiful_trash,semantic_visual_conflict_primary,ugly_gold
rq3g_java_040__c5,rq3g_java_040,rq0_0301,java,mid,ugly_gold,ugly_trash,semantic_only_under_ugly,ugly_gold
rq3g_java_040__c6,rq3g_java_040,rq0_0301,java,mid,beautiful_trash,ugly_trash,visual_only_trash,beautiful_trash
rq3g_java_041__c1,rq3g_java_041,rq0_0123,java,mid,golden,ugly_gold,visual_only_gold,golden
rq3g_java_041__c2,rq3g_java_041,rq0_0123,java,mid,golden,beautiful_trash,semantic_and_visual_aligned,golden
rq3g_java_041__c3,rq3g_java_041,rq0_0123,java,mid,golden,ugly_trash,semantic_and_visual_aligned,golden
rq3g_java_041__c4,rq3g_java_041,rq0_0123,java,mid,ugly_gold,beautiful_trash,semantic_visual_conflict_primary,ugly_gold
rq3g_java_041__c5,rq3g_java_041,rq0_0123,java,mid,ugly_gold,ugly_trash,semantic_only_under_ugly,ugly_gold
rq3g_java_041__c6,rq3g_java_041,rq0_0123,java,mid,beautiful_trash,ugly_trash,visual_only_trash,beautiful_trash
rq3g_java_042__c1,rq3g_java_042,rq0_0237,java,mid,golden,ugly_gold,visual_only_gold,golden
rq3g_java_042__c2,rq3g_java_042,rq0_0237,java,mid,golden,beautiful_trash,semantic_and_visual_aligned,golden
rq3g_java_042__c3,rq3g_java_042,rq0_0237,java,mid,golden,ugly_trash,semantic_and_visual_aligned,golden
rq3g_java_042__c4,rq3g_java_042,rq0_0237,java,mid,ugly_gold,beautiful_trash,semantic_visual_conflict_primary,ugly_gold
rq3g_java_042__c5,rq3g_java_042,rq0_0237,java,mid,ugly_gold,ugly_trash,semantic_only_under_ugly,ugly_gold
rq3g_java_042__c6,rq3g_java_042,rq0_0237,java,mid,beautiful_trash,ugly_trash,visual_only_trash,beautiful_trash
rq3g_java_043__c1,rq3g_java_043,rq0_0262,java,mid,golden,ugly_gold,visual_only_gold,golden
rq3g_java_043__c2,rq3g_java_043,rq0_0262,java,mid,golden,beautiful_trash,semantic_and_visual_aligned,golden
rq3g_java_043__c3,rq3g_java_043,rq0_0262,java,mid,golden,ugly_trash,semantic_and_visual_aligned,golden
rq3g_java_043__c4,rq3g_java_043,rq0_0262,java,mid,ugly_gold,beautiful_trash,semantic_visual_conflict_primary,ugly_gold
rq3g_java_043__c5,rq3g_java_043,rq0_0262,java,mid,ugly_gold,ugly_trash,semantic_only_under_ugly,ugly_gold
rq3g_java_043__c6,rq3g_java_043,rq0_0262,java,mid,beautiful_trash,ugly_trash,visual_only_trash,beautiful_trash
rq3g_java_044__c1,rq3g_java_044,rq0_0160,java,mid,golden,ugly_gold,visual_only_gold,golden
rq3g_java_044__c2,rq3g_java_044,rq0_0160,java,mid,golden,beautiful_trash,semantic_and_visual_aligned,golden
rq3g_java_044__c3,rq3g_java_044,rq0_0160,java,mid,golden,ugly_trash,semantic_and_visual_aligned,golden
rq3g_java_044__c4,rq3g_java_044,rq0_0160,java,mid,ugly_gold,beautiful_trash,semantic_visual_conflict_primary,ugly_gold
rq3g_java_044__c5,rq3g_java_044,rq0_0160,java,mid,ugly_gold,ugly_trash,semantic_only_under_ugly,ugly_gold
rq3g_java_044__c6,rq3g_java_044,rq0_0160,java,mid,beautiful_trash,ugly_trash,visual_only_trash,beautiful_trash
rq3g_java_045__c1,rq3g_java_045,rq0_0169,java,mid,golden,ugly_gold,visual_only_gold,golden
rq3g_java_045__c2,rq3g_java_045,rq0_0169,java,mid,golden,beautiful_trash,semantic_and_visual_aligned,golden
rq3g_java_045__c3,rq3g_java_045,rq0_0169,java,mid,golden,ugly_trash,semantic_and_visual_aligned,golden
rq3g_java_045__c4,rq3g_java_045,rq0_0169,java,mid,ugly_gold,beautiful_trash,semantic_visual_conflict_primary,ugly_gold
rq3g_java_045__c5,rq3g_java_045,rq0_0169,java,mid,ugly_gold,ugly_trash,semantic_only_under_ugly,ugly_gold
rq3g_java_045__c6,rq3g_java_045,rq0_0169,java,mid,beautiful_trash,ugly_trash,visual_only_trash,beautiful_trash
rq3g_java_046__c1,rq3g_java_046,rq0_0229,java,mid,golden,ugly_gold,visual_only_gold,golden
rq3g_java_046__c2,rq3g_java_046,rq0_0229,java,mid,golden,beautiful_trash,semantic_and_visual_aligned,golden
rq3g_java_046__c3,rq3g_java_046,rq0_0229,java,mid,golden,ugly_trash,semantic_and_visual_aligned,golden
rq3g_java_046__c4,rq3g_java_046,rq0_0229,java,mid,ugly_gold,beautiful_trash,semantic_visual_conflict_primary,ugly_gold
rq3g_java_046__c5,rq3g_java_046,rq0_0229,java,mid,ugly_gold,ugly_trash,semantic_only_under_ugly,ugly_gold
rq3g_java_046__c6,rq3g_java_046,rq0_0229,java,mid,beautiful_trash,ugly_trash,visual_only_trash,beautiful_trash
rq3g_java_047__c1,rq3g_java_047,rq0_0041,java,mid,golden,ugly_gold,visual_only_gold,golden
rq3g_java_047__c2,rq3g_java_047,rq0_0041,java,mid,golden,beautiful_trash,semantic_and_visual_aligned,golden
rq3g_java_047__c3,rq3g_java_047,rq0_0041,java,mid,golden,ugly_trash,semantic_and_visual_aligned,golden
rq3g_java_047__c4,rq3g_java_047,rq0_0041,java,mid,ugly_gold,beautiful_trash,semantic_visual_conflict_primary,ugly_gold
rq3g_java_047__c5,rq3g_java_047,rq0_0041,java,mid,ugly_gold,ugly_trash,semantic_only_under_ugly,ugly_gold
rq3g_java_047__c6,rq3g_java_047,rq0_0041,java,mid,beautiful_trash,ugly_trash,visual_only_trash,beautiful_trash
rq3g_java_048__c1,rq3g_java_048,rq0_0009,java,mid,golden,ugly_gold,visual_only_gold,golden
rq3g_java_048__c2,rq3g_java_048,rq0_0009,java,mid,golden,beautiful_trash,semantic_and_visual_aligned,golden
rq3g_java_048__c3,rq3g_java_048,rq0_0009,java,mid,golden,ugly_trash,semantic_and_visual_aligned,golden
rq3g_java_048__c4,rq3g_java_048,rq0_0009,java,mid,ugly_gold,beautiful_trash,semantic_visual_conflict_primary,ugly_gold
rq3g_java_048__c5,rq3g_java_048,rq0_0009,java,mid,ugly_gold,ugly_trash,semantic_only_under_ugly,ugly_gold
rq3g_java_048__c6,rq3g_java_048,rq0_0009,java,mid,beautiful_trash,ugly_trash,visual_only_trash,beautiful_trash
rq3g_java_049__c1,rq3g_java_049,rq0_0090,java,mid,golden,ugly_gold,visual_only_gold,golden
rq3g_java_049__c2,rq3g_java_049,rq0_0090,java,mid,golden,beautiful_trash,semantic_and_visual_aligned,golden
rq3g_java_049__c3,rq3g_java_049,rq0_0090,java,mid,golden,ugly_trash,semantic_and_visual_aligned,golden
rq3g_java_049__c4,rq3g_java_049,rq0_0090,java,mid,ugly_gold,beautiful_trash,semantic_visual_conflict_primary,ugly_gold
rq3g_java_049__c5,rq3g_java_049,rq0_0090,java,mid,ugly_gold,ugly_trash,semantic_only_under_ugly,ugly_gold
rq3g_java_049__c6,rq3g_java_049,rq0_0090,java,mid,beautiful_trash,ugly_trash,visual_only_trash,beautiful_trash
rq3g_java_050__c1,rq3g_java_050,rq0_0129,java,mid,golden,ugly_gold,visual_only_gold,golden
rq3g_java_050__c2,rq3g_java_050,rq0_0129,java,mid,golden,beautiful_trash,semantic_and_visual_aligned,golden
rq3g_java_050__c3,rq3g_java_050,rq0_0129,java,mid,golden,ugly_trash,semantic_and_visual_aligned,golden
rq3g_java_050__c4,rq3g_java_050,rq0_0129,java,mid,ugly_gold,beautiful_trash,semantic_visual_conflict_primary,ugly_gold
rq3g_java_050__c5,rq3g_java_050,rq0_0129,java,mid,ugly_gold,ugly_trash,semantic_only_under_ugly,ugly_gold
rq3g_java_050__c6,rq3g_java_050,rq0_0129,java,mid,beautiful_trash,ugly_trash,visual_only_trash,beautiful_trash
rq3g_java_051__c1,rq3g_java_051,rq0_0307,java,mid,golden,ugly_gold,visual_only_gold,golden
rq3g_java_051__c2,rq3g_java_051,rq0_0307,java,mid,golden,beautiful_trash,semantic_and_visual_aligned,golden
rq3g_java_051__c3,rq3g_java_051,rq0_0307,java,mid,golden,ugly_trash,semantic_and_visual_aligned,golden
rq3g_java_051__c4,rq3g_java_051,rq0_0307,java,mid,ugly_gold,beautiful_trash,semantic_visual_conflict_primary,ugly_gold
rq3g_java_051__c5,rq3g_java_051,rq0_0307,java,mid,ugly_gold,ugly_trash,semantic_only_under_ugly,ugly_gold
rq3g_java_051__c6,rq3g_java_051,rq0_0307,java,mid,beautiful_trash,ugly_trash,visual_only_trash,beautiful_trash
rq3g_java_052__c1,rq3g_java_052,rq0_0136,java,mid,golden,ugly_gold,visual_only_gold,golden
rq3g_java_052__c2,rq3g_java_052,rq0_0136,java,mid,golden,beautiful_trash,semantic_and_visual_aligned,golden
rq3g_java_052__c3,rq3g_java_052,rq0_0136,java,mid,golden,ugly_trash,semantic_and_visual_aligned,golden
rq3g_java_052__c4,rq3g_java_052,rq0_0136,java,mid,ugly_gold,beautiful_trash,semantic_visual_conflict_primary,ugly_gold
rq3g_java_052__c5,rq3g_java_052,rq0_0136,java,mid,ugly_gold,ugly_trash,semantic_only_under_ugly,ugly_gold
rq3g_java_052__c6,rq3g_java_052,rq0_0136,java,mid,beautiful_trash,ugly_trash,visual_only_trash,beautiful_trash
rq3g_java_053__c1,rq3g_java_053,rq0_0060,java,mid,golden,ugly_gold,visual_only_gold,golden
rq3g_java_053__c2,rq3g_java_053,rq0_0060,java,mid,golden,beautiful_trash,semantic_and_visual_aligned,golden
rq3g_java_053__c3,rq3g_java_053,rq0_0060,java,mid,golden,ugly_trash,semantic_and_visual_aligned,golden
rq3g_java_053__c4,rq3g_java_053,rq0_0060,java,mid,ugly_gold,beautiful_trash,semantic_visual_conflict_primary,ugly_gold
rq3g_java_053__c5,rq3g_java_053,rq0_0060,java,mid,ugly_gold,ugly_trash,semantic_only_under_ugly,ugly_gold
rq3g_java_053__c6,rq3g_java_053,rq0_0060,java,mid,beautiful_trash,ugly_trash,visual_only_trash,beautiful_trash
rq3g_java_054__c1,rq3g_java_054,rq0_0176,java,mid,golden,ugly_gold,visual_only_gold,golden
rq3g_java_054__c2,rq3g_java_054,rq0_0176,java,mid,golden,beautiful_trash,semantic_and_visual_aligned,golden
rq3g_java_054__c3,rq3g_java_054,rq0_0176,java,mid,golden,ugly_trash,semantic_and_visual_aligned,golden
rq3g_java_054__c4,rq3g_java_054,rq0_0176,java,mid,ugly_gold,beautiful_trash,semantic_visual_conflict_primary,ugly_gold
rq3g_java_054__c5,rq3g_java_054,rq0_0176,java,mid,ugly_gold,ugly_trash,semantic_only_under_ugly,ugly_gold
rq3g_java_054__c6,rq3g_java_054,rq0_0176,java,mid,beautiful_trash,ugly_trash,visual_only_trash,beautiful_trash
rq3g_java_055__c1,rq3g_java_055,rq0_0206,java,mid,golden,ugly_gold,visual_only_gold,golden
rq3g_java_055__c2,rq3g_java_055,rq0_0206,java,mid,golden,beautiful_trash,semantic_and_visual_aligned,golden
rq3g_java_055__c3,rq3g_java_055,rq0_0206,java,mid,golden,ugly_trash,semantic_and_visual_aligned,golden
rq3g_java_055__c4,rq3g_java_055,rq0_0206,java,mid,ugly_gold,beautiful_trash,semantic_visual_conflict_primary,ugly_gold
rq3g_java_055__c5,rq3g_java_055,rq0_0206,java,mid,ugly_gold,ugly_trash,semantic_only_under_ugly,ugly_gold
rq3g_java_055__c6,rq3g_java_055,rq0_0206,java,mid,beautiful_trash,ugly_trash,visual_only_trash,beautiful_trash
rq3g_java_056__c1,rq3g_java_056,rq0_0257,java,mid,golden,ugly_gold,visual_only_gold,golden
rq3g_java_056__c2,rq3g_java_056,rq0_0257,java,mid,golden,beautiful_trash,semantic_and_visual_aligned,golden
rq3g_java_056__c3,rq3g_java_056,rq0_0257,java,mid,golden,ugly_trash,semantic_and_visual_aligned,golden
rq3g_java_056__c4,rq3g_java_056,rq0_0257,java,mid,ugly_gold,beautiful_trash,semantic_visual_conflict_primary,ugly_gold
rq3g_java_056__c5,rq3g_java_056,rq0_0257,java,mid,ugly_gold,ugly_trash,semantic_only_under_ugly,ugly_gold
rq3g_java_056__c6,rq3g_java_056,rq0_0257,java,mid,beautiful_trash,ugly_trash,visual_only_trash,beautiful_trash
rq3g_java_057__c1,rq3g_java_057,rq0_0259,java,mid,golden,ugly_gold,visual_only_gold,golden
rq3g_java_057__c2,rq3g_java_057,rq0_0259,java,mid,golden,beautiful_trash,semantic_and_visual_aligned,golden
rq3g_java_057__c3,rq3g_java_057,rq0_0259,java,mid,golden,ugly_trash,semantic_and_visual_aligned,golden
rq3g_java_057__c4,rq3g_java_057,rq0_0259,java,mid,ugly_gold,beautiful_trash,semantic_visual_conflict_primary,ugly_gold
rq3g_java_057__c5,rq3g_java_057,rq0_0259,java,mid,ugly_gold,ugly_trash,semantic_only_under_ugly,ugly_gold
rq3g_java_057__c6,rq3g_java_057,rq0_0259,java,mid,beautiful_trash,ugly_trash,visual_only_trash,beautiful_trash
rq3g_java_058__c1,rq3g_java_058,rq0_0299,java,mid,golden,ugly_gold,visual_only_gold,golden
rq3g_java_058__c2,rq3g_java_058,rq0_0299,java,mid,golden,beautiful_trash,semantic_and_visual_aligned,golden
rq3g_java_058__c3,rq3g_java_058,rq0_0299,java,mid,golden,ugly_trash,semantic_and_visual_aligned,golden
rq3g_java_058__c4,rq3g_java_058,rq0_0299,java,mid,ugly_gold,beautiful_trash,semantic_visual_conflict_primary,ugly_gold
rq3g_java_058__c5,rq3g_java_058,rq0_0299,java,mid,ugly_gold,ugly_trash,semantic_only_under_ugly,ugly_gold
rq3g_java_058__c6,rq3g_java_058,rq0_0299,java,mid,beautiful_trash,ugly_trash,visual_only_trash,beautiful_trash
rq3g_java_059__c1,rq3g_java_059,rq0_0144,java,mid,golden,ugly_gold,visual_only_gold,golden
rq3g_java_059__c2,rq3g_java_059,rq0_0144,java,mid,golden,beautiful_trash,semantic_and_visual_aligned,golden
rq3g_java_059__c3,rq3g_java_059,rq0_0144,java,mid,golden,ugly_trash,semantic_and_visual_aligned,golden
rq3g_java_059__c4,rq3g_java_059,rq0_0144,java,mid,ugly_gold,beautiful_trash,semantic_visual_conflict_primary,ugly_gold
rq3g_java_059__c5,rq3g_java_059,rq0_0144,java,mid,ugly_gold,ugly_trash,semantic_only_under_ugly,ugly_gold
rq3g_java_059__c6,rq3g_java_059,rq0_0144,java,mid,beautiful_trash,ugly_trash,visual_only_trash,beautiful_trash
rq3g_java_060__c1,rq3g_java_060,rq0_0103,java,mid,golden,ugly_gold,visual_only_gold,golden
rq3g_java_060__c2,rq3g_java_060,rq0_0103,java,mid,golden,beautiful_trash,semantic_and_visual_aligned,golden
rq3g_java_060__c3,rq3g_java_060,rq0_0103,java,mid,golden,ugly_trash,semantic_and_visual_aligned,golden
rq3g_java_060__c4,rq3g_java_060,rq0_0103,java,mid,ugly_gold,beautiful_trash,semantic_visual_conflict_primary,ugly_gold
rq3g_java_060__c5,rq3g_java_060,rq0_0103,java,mid,ugly_gold,ugly_trash,semantic_only_under_ugly,ugly_gold
rq3g_java_060__c6,rq3g_java_060,rq0_0103,java,mid,beautiful_trash,ugly_trash,visual_only_trash,beautiful_trash
rq3g_java_061__c1,rq3g_java_061,rq0_0062,java,mid,golden,ugly_gold,visual_only_gold,golden
rq3g_java_061__c2,rq3g_java_061,rq0_0062,java,mid,golden,beautiful_trash,semantic_and_visual_aligned,golden
rq3g_java_061__c3,rq3g_java_061,rq0_0062,java,mid,golden,ugly_trash,semantic_and_visual_aligned,golden
rq3g_java_061__c4,rq3g_java_061,rq0_0062,java,mid,ugly_gold,beautiful_trash,semantic_visual_conflict_primary,ugly_gold
rq3g_java_061__c5,rq3g_java_061,rq0_0062,java,mid,ugly_gold,ugly_trash,semantic_only_under_ugly,ugly_gold
rq3g_java_061__c6,rq3g_java_061,rq0_0062,java,mid,beautiful_trash,ugly_trash,visual_only_trash,beautiful_trash
rq3g_java_062__c1,rq3g_java_062,rq0_0163,java,mid,golden,ugly_gold,visual_only_gold,golden
rq3g_java_062__c2,rq3g_java_062,rq0_0163,java,mid,golden,beautiful_trash,semantic_and_visual_aligned,golden
rq3g_java_062__c3,rq3g_java_062,rq0_0163,java,mid,golden,ugly_trash,semantic_and_visual_aligned,golden
rq3g_java_062__c4,rq3g_java_062,rq0_0163,java,mid,ugly_gold,beautiful_trash,semantic_visual_conflict_primary,ugly_gold
rq3g_java_062__c5,rq3g_java_062,rq0_0163,java,mid,ugly_gold,ugly_trash,semantic_only_under_ugly,ugly_gold
rq3g_java_062__c6,rq3g_java_062,rq0_0163,java,mid,beautiful_trash,ugly_trash,visual_only_trash,beautiful_trash
rq3g_java_063__c1,rq3g_java_063,rq0_0052,java,mid,golden,ugly_gold,visual_only_gold,golden
rq3g_java_063__c2,rq3g_java_063,rq0_0052,java,mid,golden,beautiful_trash,semantic_and_visual_aligned,golden
rq3g_java_063__c3,rq3g_java_063,rq0_0052,java,mid,golden,ugly_trash,semantic_and_visual_aligned,golden
rq3g_java_063__c4,rq3g_java_063,rq0_0052,java,mid,ugly_gold,beautiful_trash,semantic_visual_conflict_primary,ugly_gold
rq3g_java_063__c5,rq3g_java_063,rq0_0052,java,mid,ugly_gold,ugly_trash,semantic_only_under_ugly,ugly_gold
rq3g_java_063__c6,rq3g_java_063,rq0_0052,java,mid,beautiful_trash,ugly_trash,visual_only_trash,beautiful_trash
rq3g_java_064__c1,rq3g_java_064,rq0_0055,java,mid,golden,ugly_gold,visual_only_gold,golden
rq3g_java_064__c2,rq3g_java_064,rq0_0055,java,mid,golden,beautiful_trash,semantic_and_visual_aligned,golden
rq3g_java_064__c3,rq3g_java_064,rq0_0055,java,mid,golden,ugly_trash,semantic_and_visual_aligned,golden
rq3g_java_064__c4,rq3g_java_064,rq0_0055,java,mid,ugly_gold,beautiful_trash,semantic_visual_conflict_primary,ugly_gold
rq3g_java_064__c5,rq3g_java_064,rq0_0055,java,mid,ugly_gold,ugly_trash,semantic_only_under_ugly,ugly_gold
rq3g_java_064__c6,rq3g_java_064,rq0_0055,java,mid,beautiful_trash,ugly_trash,visual_only_trash,beautiful_trash
rq3g_java_065__c1,rq3g_java_065,rq0_0083,java,mid,golden,ugly_gold,visual_only_gold,golden
rq3g_java_065__c2,rq3g_java_065,rq0_0083,java,mid,golden,beautiful_trash,semantic_and_visual_aligned,golden
rq3g_java_065__c3,rq3g_java_065,rq0_0083,java,mid,golden,ugly_trash,semantic_and_visual_aligned,golden
rq3g_java_065__c4,rq3g_java_065,rq0_0083,java,mid,ugly_gold,beautiful_trash,semantic_visual_conflict_primary,ugly_gold
rq3g_java_065__c5,rq3g_java_065,rq0_0083,java,mid,ugly_gold,ugly_trash,semantic_only_under_ugly,ugly_gold
rq3g_java_065__c6,rq3g_java_065,rq0_0083,java,mid,beautiful_trash,ugly_trash,visual_only_trash,beautiful_trash
rq3g_java_066__c1,rq3g_java_066,rq0_0193,java,mid,golden,ugly_gold,visual_only_gold,golden
rq3g_java_066__c2,rq3g_java_066,rq0_0193,java,mid,golden,beautiful_trash,semantic_and_visual_aligned,golden
rq3g_java_066__c3,rq3g_java_066,rq0_0193,java,mid,golden,ugly_trash,semantic_and_visual_aligned,golden
rq3g_java_066__c4,rq3g_java_066,rq0_0193,java,mid,ugly_gold,beautiful_trash,semantic_visual_conflict_primary,ugly_gold
rq3g_java_066__c5,rq3g_java_066,rq0_0193,java,mid,ugly_gold,ugly_trash,semantic_only_under_ugly,ugly_gold
rq3g_java_066__c6,rq3g_java_066,rq0_0193,java,mid,beautiful_trash,ugly_trash,visual_only_trash,beautiful_trash
rq3g_java_067__c1,rq3g_java_067,rq0_0199,java,high,golden,ugly_gold,visual_only_gold,golden
rq3g_java_067__c2,rq3g_java_067,rq0_0199,java,high,golden,beautiful_trash,semantic_and_visual_aligned,golden
rq3g_java_067__c3,rq3g_java_067,rq0_0199,java,high,golden,ugly_trash,semantic_and_visual_aligned,golden
rq3g_java_067__c4,rq3g_java_067,rq0_0199,java,high,ugly_gold,beautiful_trash,semantic_visual_conflict_primary,ugly_gold
rq3g_java_067__c5,rq3g_java_067,rq0_0199,java,high,ugly_gold,ugly_trash,semantic_only_under_ugly,ugly_gold
rq3g_java_067__c6,rq3g_java_067,rq0_0199,java,high,beautiful_trash,ugly_trash,visual_only_trash,beautiful_trash
rq3g_java_068__c1,rq3g_java_068,rq0_0205,java,high,golden,ugly_gold,visual_only_gold,golden
rq3g_java_068__c2,rq3g_java_068,rq0_0205,java,high,golden,beautiful_trash,semantic_and_visual_aligned,golden
rq3g_java_068__c3,rq3g_java_068,rq0_0205,java,high,golden,ugly_trash,semantic_and_visual_aligned,golden
rq3g_java_068__c4,rq3g_java_068,rq0_0205,java,high,ugly_gold,beautiful_trash,semantic_visual_conflict_primary,ugly_gold
rq3g_java_068__c5,rq3g_java_068,rq0_0205,java,high,ugly_gold,ugly_trash,semantic_only_under_ugly,ugly_gold
rq3g_java_068__c6,rq3g_java_068,rq0_0205,java,high,beautiful_trash,ugly_trash,visual_only_trash,beautiful_trash
rq3g_java_069__c1,rq3g_java_069,rq0_0216,java,high,golden,ugly_gold,visual_only_gold,golden
rq3g_java_069__c2,rq3g_java_069,rq0_0216,java,high,golden,beautiful_trash,semantic_and_visual_aligned,golden
rq3g_java_069__c3,rq3g_java_069,rq0_0216,java,high,golden,ugly_trash,semantic_and_visual_aligned,golden
rq3g_java_069__c4,rq3g_java_069,rq0_0216,java,high,ugly_gold,beautiful_trash,semantic_visual_conflict_primary,ugly_gold
rq3g_java_069__c5,rq3g_java_069,rq0_0216,java,high,ugly_gold,ugly_trash,semantic_only_under_ugly,ugly_gold
rq3g_java_069__c6,rq3g_java_069,rq0_0216,java,high,beautiful_trash,ugly_trash,visual_only_trash,beautiful_trash
rq3g_java_070__c1,rq3g_java_070,rq0_0226,java,high,golden,ugly_gold,visual_only_gold,golden
rq3g_java_070__c2,rq3g_java_070,rq0_0226,java,high,golden,beautiful_trash,semantic_and_visual_aligned,golden
rq3g_java_070__c3,rq3g_java_070,rq0_0226,java,high,golden,ugly_trash,semantic_and_visual_aligned,golden
rq3g_java_070__c4,rq3g_java_070,rq0_0226,java,high,ugly_gold,beautiful_trash,semantic_visual_conflict_primary,ugly_gold
rq3g_java_070__c5,rq3g_java_070,rq0_0226,java,high,ugly_gold,ugly_trash,semantic_only_under_ugly,ugly_gold
rq3g_java_070__c6,rq3g_java_070,rq0_0226,java,high,beautiful_trash,ugly_trash,visual_only_trash,beautiful_trash
rq3g_java_071__c1,rq3g_java_071,rq0_0157,java,high,golden,ugly_gold,visual_only_gold,golden
rq3g_java_071__c2,rq3g_java_071,rq0_0157,java,high,golden,beautiful_trash,semantic_and_visual_aligned,golden
rq3g_java_071__c3,rq3g_java_071,rq0_0157,java,high,golden,ugly_trash,semantic_and_visual_aligned,golden
rq3g_java_071__c4,rq3g_java_071,rq0_0157,java,high,ugly_gold,beautiful_trash,semantic_visual_conflict_primary,ugly_gold
rq3g_java_071__c5,rq3g_java_071,rq0_0157,java,high,ugly_gold,ugly_trash,semantic_only_under_ugly,ugly_gold
rq3g_java_071__c6,rq3g_java_071,rq0_0157,java,high,beautiful_trash,ugly_trash,visual_only_trash,beautiful_trash
rq3g_java_072__c1,rq3g_java_072,rq0_0140,java,high,golden,ugly_gold,visual_only_gold,golden
rq3g_java_072__c2,rq3g_java_072,rq0_0140,java,high,golden,beautiful_trash,semantic_and_visual_aligned,golden
rq3g_java_072__c3,rq3g_java_072,rq0_0140,java,high,golden,ugly_trash,semantic_and_visual_aligned,golden
rq3g_java_072__c4,rq3g_java_072,rq0_0140,java,high,ugly_gold,beautiful_trash,semantic_visual_conflict_primary,ugly_gold
rq3g_java_072__c5,rq3g_java_072,rq0_0140,java,high,ugly_gold,ugly_trash,semantic_only_under_ugly,ugly_gold
rq3g_java_072__c6,rq3g_java_072,rq0_0140,java,high,beautiful_trash,ugly_trash,visual_only_trash,beautiful_trash
rq3g_java_073__c1,rq3g_java_073,rq0_0102,java,high,golden,ugly_gold,visual_only_gold,golden
rq3g_java_073__c2,rq3g_java_073,rq0_0102,java,high,golden,beautiful_trash,semantic_and_visual_aligned,golden
rq3g_java_073__c3,rq3g_java_073,rq0_0102,java,high,golden,ugly_trash,semantic_and_visual_aligned,golden
rq3g_java_073__c4,rq3g_java_073,rq0_0102,java,high,ugly_gold,beautiful_trash,semantic_visual_conflict_primary,ugly_gold
rq3g_java_073__c5,rq3g_java_073,rq0_0102,java,high,ugly_gold,ugly_trash,semantic_only_under_ugly,ugly_gold
rq3g_java_073__c6,rq3g_java_073,rq0_0102,java,high,beautiful_trash,ugly_trash,visual_only_trash,beautiful_trash
rq3g_java_074__c1,rq3g_java_074,rq0_0137,java,high,golden,ugly_gold,visual_only_gold,golden
rq3g_java_074__c2,rq3g_java_074,rq0_0137,java,high,golden,beautiful_trash,semantic_and_visual_aligned,golden
rq3g_java_074__c3,rq3g_java_074,rq0_0137,java,high,golden,ugly_trash,semantic_and_visual_aligned,golden
rq3g_java_074__c4,rq3g_java_074,rq0_0137,java,high,ugly_gold,beautiful_trash,semantic_visual_conflict_primary,ugly_gold
rq3g_java_074__c5,rq3g_java_074,rq0_0137,java,high,ugly_gold,ugly_trash,semantic_only_under_ugly,ugly_gold
rq3g_java_074__c6,rq3g_java_074,rq0_0137,java,high,beautiful_trash,ugly_trash,visual_only_trash,beautiful_trash
rq3g_java_075__c1,rq3g_java_075,rq0_0015,java,high,golden,ugly_gold,visual_only_gold,golden
rq3g_java_075__c2,rq3g_java_075,rq0_0015,java,high,golden,beautiful_trash,semantic_and_visual_aligned,golden
rq3g_java_075__c3,rq3g_java_075,rq0_0015,java,high,golden,ugly_trash,semantic_and_visual_aligned,golden
rq3g_java_075__c4,rq3g_java_075,rq0_0015,java,high,ugly_gold,beautiful_trash,semantic_visual_conflict_primary,ugly_gold
rq3g_java_075__c5,rq3g_java_075,rq0_0015,java,high,ugly_gold,ugly_trash,semantic_only_under_ugly,ugly_gold
rq3g_java_075__c6,rq3g_java_075,rq0_0015,java,high,beautiful_trash,ugly_trash,visual_only_trash,beautiful_trash
rq3g_java_076__c1,rq3g_java_076,rq0_0223,java,high,golden,ugly_gold,visual_only_gold,golden
rq3g_java_076__c2,rq3g_java_076,rq0_0223,java,high,golden,beautiful_trash,semantic_and_visual_aligned,golden
rq3g_java_076__c3,rq3g_java_076,rq0_0223,java,high,golden,ugly_trash,semantic_and_visual_aligned,golden
rq3g_java_076__c4,rq3g_java_076,rq0_0223,java,high,ugly_gold,beautiful_trash,semantic_visual_conflict_primary,ugly_gold
rq3g_java_076__c5,rq3g_java_076,rq0_0223,java,high,ugly_gold,ugly_trash,semantic_only_under_ugly,ugly_gold
rq3g_java_076__c6,rq3g_java_076,rq0_0223,java,high,beautiful_trash,ugly_trash,visual_only_trash,beautiful_trash
rq3g_java_077__c1,rq3g_java_077,rq0_0235,java,high,golden,ugly_gold,visual_only_gold,golden
rq3g_java_077__c2,rq3g_java_077,rq0_0235,java,high,golden,beautiful_trash,semantic_and_visual_aligned,golden
rq3g_java_077__c3,rq3g_java_077,rq0_0235,java,high,golden,ugly_trash,semantic_and_visual_aligned,golden
rq3g_java_077__c4,rq3g_java_077,rq0_0235,java,high,ugly_gold,beautiful_trash,semantic_visual_conflict_primary,ugly_gold
rq3g_java_077__c5,rq3g_java_077,rq0_0235,java,high,ugly_gold,ugly_trash,semantic_only_under_ugly,ugly_gold
rq3g_java_077__c6,rq3g_java_077,rq0_0235,java,high,beautiful_trash,ugly_trash,visual_only_trash,beautiful_trash
rq3g_java_078__c1,rq3g_java_078,rq0_0265,java,high,golden,ugly_gold,visual_only_gold,golden
rq3g_java_078__c2,rq3g_java_078,rq0_0265,java,high,golden,beautiful_trash,semantic_and_visual_aligned,golden
rq3g_java_078__c3,rq3g_java_078,rq0_0265,java,high,golden,ugly_trash,semantic_and_visual_aligned,golden
rq3g_java_078__c4,rq3g_java_078,rq0_0265,java,high,ugly_gold,beautiful_trash,semantic_visual_conflict_primary,ugly_gold
rq3g_java_078__c5,rq3g_java_078,rq0_0265,java,high,ugly_gold,ugly_trash,semantic_only_under_ugly,ugly_gold
rq3g_java_078__c6,rq3g_java_078,rq0_0265,java,high,beautiful_trash,ugly_trash,visual_only_trash,beautiful_trash
rq3g_java_079__c1,rq3g_java_079,rq0_0057,java,high,golden,ugly_gold,visual_only_gold,golden
rq3g_java_079__c2,rq3g_java_079,rq0_0057,java,high,golden,beautiful_trash,semantic_and_visual_aligned,golden
rq3g_java_079__c3,rq3g_java_079,rq0_0057,java,high,golden,ugly_trash,semantic_and_visual_aligned,golden
rq3g_java_079__c4,rq3g_java_079,rq0_0057,java,high,ugly_gold,beautiful_trash,semantic_visual_conflict_primary,ugly_gold
rq3g_java_079__c5,rq3g_java_079,rq0_0057,java,high,ugly_gold,ugly_trash,semantic_only_under_ugly,ugly_gold
rq3g_java_079__c6,rq3g_java_079,rq0_0057,java,high,beautiful_trash,ugly_trash,visual_only_trash,beautiful_trash
rq3g_java_080__c1,rq3g_java_080,rq0_0220,java,high,golden,ugly_gold,visual_only_gold,golden
rq3g_java_080__c2,rq3g_java_080,rq0_0220,java,high,golden,beautiful_trash,semantic_and_visual_aligned,golden
rq3g_java_080__c3,rq3g_java_080,rq0_0220,java,high,golden,ugly_trash,semantic_and_visual_aligned,golden
rq3g_java_080__c4,rq3g_java_080,rq0_0220,java,high,ugly_gold,beautiful_trash,semantic_visual_conflict_primary,ugly_gold
rq3g_java_080__c5,rq3g_java_080,rq0_0220,java,high,ugly_gold,ugly_trash,semantic_only_under_ugly,ugly_gold
rq3g_java_080__c6,rq3g_java_080,rq0_0220,java,high,beautiful_trash,ugly_trash,visual_only_trash,beautiful_trash
rq3g_java_081__c1,rq3g_java_081,rq0_0222,java,high,golden,ugly_gold,visual_only_gold,golden
rq3g_java_081__c2,rq3g_java_081,rq0_0222,java,high,golden,beautiful_trash,semantic_and_visual_aligned,golden
rq3g_java_081__c3,rq3g_java_081,rq0_0222,java,high,golden,ugly_trash,semantic_and_visual_aligned,golden
rq3g_java_081__c4,rq3g_java_081,rq0_0222,java,high,ugly_gold,beautiful_trash,semantic_visual_conflict_primary,ugly_gold
rq3g_java_081__c5,rq3g_java_081,rq0_0222,java,high,ugly_gold,ugly_trash,semantic_only_under_ugly,ugly_gold
rq3g_java_081__c6,rq3g_java_081,rq0_0222,java,high,beautiful_trash,ugly_trash,visual_only_trash,beautiful_trash
rq3g_java_082__c1,rq3g_java_082,rq0_0304,java,high,golden,ugly_gold,visual_only_gold,golden
rq3g_java_082__c2,rq3g_java_082,rq0_0304,java,high,golden,beautiful_trash,semantic_and_visual_aligned,golden
rq3g_java_082__c3,rq3g_java_082,rq0_0304,java,high,golden,ugly_trash,semantic_and_visual_aligned,golden
rq3g_java_082__c4,rq3g_java_082,rq0_0304,java,high,ugly_gold,beautiful_trash,semantic_visual_conflict_primary,ugly_gold
rq3g_java_082__c5,rq3g_java_082,rq0_0304,java,high,ugly_gold,ugly_trash,semantic_only_under_ugly,ugly_gold
rq3g_java_082__c6,rq3g_java_082,rq0_0304,java,high,beautiful_trash,ugly_trash,visual_only_trash,beautiful_trash
rq3g_java_083__c1,rq3g_java_083,rq0_0058,java,high,golden,ugly_gold,visual_only_gold,golden
rq3g_java_083__c2,rq3g_java_083,rq0_0058,java,high,golden,beautiful_trash,semantic_and_visual_aligned,golden
rq3g_java_083__c3,rq3g_java_083,rq0_0058,java,high,golden,ugly_trash,semantic_and_visual_aligned,golden
rq3g_java_083__c4,rq3g_java_083,rq0_0058,java,high,ugly_gold,beautiful_trash,semantic_visual_conflict_primary,ugly_gold
rq3g_java_083__c5,rq3g_java_083,rq0_0058,java,high,ugly_gold,ugly_trash,semantic_only_under_ugly,ugly_gold
rq3g_java_083__c6,rq3g_java_083,rq0_0058,java,high,beautiful_trash,ugly_trash,visual_only_trash,beautiful_trash
rq3g_java_084__c1,rq3g_java_084,rq0_0049,java,high,golden,ugly_gold,visual_only_gold,golden
rq3g_java_084__c2,rq3g_java_084,rq0_0049,java,high,golden,beautiful_trash,semantic_and_visual_aligned,golden
rq3g_java_084__c3,rq3g_java_084,rq0_0049,java,high,golden,ugly_trash,semantic_and_visual_aligned,golden
rq3g_java_084__c4,rq3g_java_084,rq0_0049,java,high,ugly_gold,beautiful_trash,semantic_visual_conflict_primary,ugly_gold
rq3g_java_084__c5,rq3g_java_084,rq0_0049,java,high,ugly_gold,ugly_trash,semantic_only_under_ugly,ugly_gold
rq3g_java_084__c6,rq3g_java_084,rq0_0049,java,high,beautiful_trash,ugly_trash,visual_only_trash,beautiful_trash
rq3g_java_085__c1,rq3g_java_085,rq0_0215,java,high,golden,ugly_gold,visual_only_gold,golden
rq3g_java_085__c2,rq3g_java_085,rq0_0215,java,high,golden,beautiful_trash,semantic_and_visual_aligned,golden
rq3g_java_085__c3,rq3g_java_085,rq0_0215,java,high,golden,ugly_trash,semantic_and_visual_aligned,golden
rq3g_java_085__c4,rq3g_java_085,rq0_0215,java,high,ugly_gold,beautiful_trash,semantic_visual_conflict_primary,ugly_gold
rq3g_java_085__c5,rq3g_java_085,rq0_0215,java,high,ugly_gold,ugly_trash,semantic_only_under_ugly,ugly_gold
rq3g_java_085__c6,rq3g_java_085,rq0_0215,java,high,beautiful_trash,ugly_trash,visual_only_trash,beautiful_trash
rq3g_java_086__c1,rq3g_java_086,rq0_0227,java,high,golden,ugly_gold,visual_only_gold,golden
rq3g_java_086__c2,rq3g_java_086,rq0_0227,java,high,golden,beautiful_trash,semantic_and_visual_aligned,golden
rq3g_java_086__c3,rq3g_java_086,rq0_0227,java,high,golden,ugly_trash,semantic_and_visual_aligned,golden
rq3g_java_086__c4,rq3g_java_086,rq0_0227,java,high,ugly_gold,beautiful_trash,semantic_visual_conflict_primary,ugly_gold
rq3g_java_086__c5,rq3g_java_086,rq0_0227,java,high,ugly_gold,ugly_trash,semantic_only_under_ugly,ugly_gold
rq3g_java_086__c6,rq3g_java_086,rq0_0227,java,high,beautiful_trash,ugly_trash,visual_only_trash,beautiful_trash
rq3g_java_087__c1,rq3g_java_087,rq0_0280,java,high,golden,ugly_gold,visual_only_gold,golden
rq3g_java_087__c2,rq3g_java_087,rq0_0280,java,high,golden,beautiful_trash,semantic_and_visual_aligned,golden
rq3g_java_087__c3,rq3g_java_087,rq0_0280,java,high,golden,ugly_trash,semantic_and_visual_aligned,golden
rq3g_java_087__c4,rq3g_java_087,rq0_0280,java,high,ugly_gold,beautiful_trash,semantic_visual_conflict_primary,ugly_gold
rq3g_java_087__c5,rq3g_java_087,rq0_0280,java,high,ugly_gold,ugly_trash,semantic_only_under_ugly,ugly_gold
rq3g_java_087__c6,rq3g_java_087,rq0_0280,java,high,beautiful_trash,ugly_trash,visual_only_trash,beautiful_trash
rq3g_java_088__c1,rq3g_java_088,rq0_0290,java,high,golden,ugly_gold,visual_only_gold,golden
rq3g_java_088__c2,rq3g_java_088,rq0_0290,java,high,golden,beautiful_trash,semantic_and_visual_aligned,golden
rq3g_java_088__c3,rq3g_java_088,rq0_0290,java,high,golden,ugly_trash,semantic_and_visual_aligned,golden
rq3g_java_088__c4,rq3g_java_088,rq0_0290,java,high,ugly_gold,beautiful_trash,semantic_visual_conflict_primary,ugly_gold
rq3g_java_088__c5,rq3g_java_088,rq0_0290,java,high,ugly_gold,ugly_trash,semantic_only_under_ugly,ugly_gold
rq3g_java_088__c6,rq3g_java_088,rq0_0290,java,high,beautiful_trash,ugly_trash,visual_only_trash,beautiful_trash
rq3g_java_089__c1,rq3g_java_089,rq0_0031,java,high,golden,ugly_gold,visual_only_gold,golden
rq3g_java_089__c2,rq3g_java_089,rq0_0031,java,high,golden,beautiful_trash,semantic_and_visual_aligned,golden
rq3g_java_089__c3,rq3g_java_089,rq0_0031,java,high,golden,ugly_trash,semantic_and_visual_aligned,golden
rq3g_java_089__c4,rq3g_java_089,rq0_0031,java,high,ugly_gold,beautiful_trash,semantic_visual_conflict_primary,ugly_gold
rq3g_java_089__c5,rq3g_java_089,rq0_0031,java,high,ugly_gold,ugly_trash,semantic_only_under_ugly,ugly_gold
rq3g_java_089__c6,rq3g_java_089,rq0_0031,java,high,beautiful_trash,ugly_trash,visual_only_trash,beautiful_trash
rq3g_java_090__c1,rq3g_java_090,rq0_0115,java,high,golden,ugly_gold,visual_only_gold,golden
rq3g_java_090__c2,rq3g_java_090,rq0_0115,java,high,golden,beautiful_trash,semantic_and_visual_aligned,golden
rq3g_java_090__c3,rq3g_java_090,rq0_0115,java,high,golden,ugly_trash,semantic_and_visual_aligned,golden
rq3g_java_090__c4,rq3g_java_090,rq0_0115,java,high,ugly_gold,beautiful_trash,semantic_visual_conflict_primary,ugly_gold
rq3g_java_090__c5,rq3g_java_090,rq0_0115,java,high,ugly_gold,ugly_trash,semantic_only_under_ugly,ugly_gold
rq3g_java_090__c6,rq3g_java_090,rq0_0115,java,high,beautiful_trash,ugly_trash,visual_only_trash,beautiful_trash
rq3g_java_091__c1,rq3g_java_091,rq0_0092,java,high,golden,ugly_gold,visual_only_gold,golden
rq3g_java_091__c2,rq3g_java_091,rq0_0092,java,high,golden,beautiful_trash,semantic_and_visual_aligned,golden
rq3g_java_091__c3,rq3g_java_091,rq0_0092,java,high,golden,ugly_trash,semantic_and_visual_aligned,golden
rq3g_java_091__c4,rq3g_java_091,rq0_0092,java,high,ugly_gold,beautiful_trash,semantic_visual_conflict_primary,ugly_gold
rq3g_java_091__c5,rq3g_java_091,rq0_0092,java,high,ugly_gold,ugly_trash,semantic_only_under_ugly,ugly_gold
rq3g_java_091__c6,rq3g_java_091,rq0_0092,java,high,beautiful_trash,ugly_trash,visual_only_trash,beautiful_trash
rq3g_java_092__c1,rq3g_java_092,rq0_0203,java,high,golden,ugly_gold,visual_only_gold,golden
rq3g_java_092__c2,rq3g_java_092,rq0_0203,java,high,golden,beautiful_trash,semantic_and_visual_aligned,golden
rq3g_java_092__c3,rq3g_java_092,rq0_0203,java,high,golden,ugly_trash,semantic_and_visual_aligned,golden
rq3g_java_092__c4,rq3g_java_092,rq0_0203,java,high,ugly_gold,beautiful_trash,semantic_visual_conflict_primary,ugly_gold
rq3g_java_092__c5,rq3g_java_092,rq0_0203,java,high,ugly_gold,ugly_trash,semantic_only_under_ugly,ugly_gold
rq3g_java_092__c6,rq3g_java_092,rq0_0203,java,high,beautiful_trash,ugly_trash,visual_only_trash,beautiful_trash
rq3g_java_093__c1,rq3g_java_093,rq0_0250,java,high,golden,ugly_gold,visual_only_gold,golden
rq3g_java_093__c2,rq3g_java_093,rq0_0250,java,high,golden,beautiful_trash,semantic_and_visual_aligned,golden
rq3g_java_093__c3,rq3g_java_093,rq0_0250,java,high,golden,ugly_trash,semantic_and_visual_aligned,golden
rq3g_java_093__c4,rq3g_java_093,rq0_0250,java,high,ugly_gold,beautiful_trash,semantic_visual_conflict_primary,ugly_gold
rq3g_java_093__c5,rq3g_java_093,rq0_0250,java,high,ugly_gold,ugly_trash,semantic_only_under_ugly,ugly_gold
rq3g_java_093__c6,rq3g_java_093,rq0_0250,java,high,beautiful_trash,ugly_trash,visual_only_trash,beautiful_trash
rq3g_java_094__c1,rq3g_java_094,rq0_0114,java,high,golden,ugly_gold,visual_only_gold,golden
rq3g_java_094__c2,rq3g_java_094,rq0_0114,java,high,golden,beautiful_trash,semantic_and_visual_aligned,golden
rq3g_java_094__c3,rq3g_java_094,rq0_0114,java,high,golden,ugly_trash,semantic_and_visual_aligned,golden
rq3g_java_094__c4,rq3g_java_094,rq0_0114,java,high,ugly_gold,beautiful_trash,semantic_visual_conflict_primary,ugly_gold
rq3g_java_094__c5,rq3g_java_094,rq0_0114,java,high,ugly_gold,ugly_trash,semantic_only_under_ugly,ugly_gold
rq3g_java_094__c6,rq3g_java_094,rq0_0114,java,high,beautiful_trash,ugly_trash,visual_only_trash,beautiful_trash
rq3g_java_095__c1,rq3g_java_095,rq0_0004,java,high,golden,ugly_gold,visual_only_gold,golden
rq3g_java_095__c2,rq3g_java_095,rq0_0004,java,high,golden,beautiful_trash,semantic_and_visual_aligned,golden
rq3g_java_095__c3,rq3g_java_095,rq0_0004,java,high,golden,ugly_trash,semantic_and_visual_aligned,golden
rq3g_java_095__c4,rq3g_java_095,rq0_0004,java,high,ugly_gold,beautiful_trash,semantic_visual_conflict_primary,ugly_gold
rq3g_java_095__c5,rq3g_java_095,rq0_0004,java,high,ugly_gold,ugly_trash,semantic_only_under_ugly,ugly_gold
rq3g_java_095__c6,rq3g_java_095,rq0_0004,java,high,beautiful_trash,ugly_trash,visual_only_trash,beautiful_trash
rq3g_java_096__c1,rq3g_java_096,rq0_0288,java,high,golden,ugly_gold,visual_only_gold,golden
rq3g_java_096__c2,rq3g_java_096,rq0_0288,java,high,golden,beautiful_trash,semantic_and_visual_aligned,golden
rq3g_java_096__c3,rq3g_java_096,rq0_0288,java,high,golden,ugly_trash,semantic_and_visual_aligned,golden
rq3g_java_096__c4,rq3g_java_096,rq0_0288,java,high,ugly_gold,beautiful_trash,semantic_visual_conflict_primary,ugly_gold
rq3g_java_096__c5,rq3g_java_096,rq0_0288,java,high,ugly_gold,ugly_trash,semantic_only_under_ugly,ugly_gold
rq3g_java_096__c6,rq3g_java_096,rq0_0288,java,high,beautiful_trash,ugly_trash,visual_only_trash,beautiful_trash
rq3g_java_097__c1,rq3g_java_097,rq0_0150,java,high,golden,ugly_gold,visual_only_gold,golden
rq3g_java_097__c2,rq3g_java_097,rq0_0150,java,high,golden,beautiful_trash,semantic_and_visual_aligned,golden
rq3g_java_097__c3,rq3g_java_097,rq0_0150,java,high,golden,ugly_trash,semantic_and_visual_aligned,golden
rq3g_java_097__c4,rq3g_java_097,rq0_0150,java,high,ugly_gold,beautiful_trash,semantic_visual_conflict_primary,ugly_gold
rq3g_java_097__c5,rq3g_java_097,rq0_0150,java,high,ugly_gold,ugly_trash,semantic_only_under_ugly,ugly_gold
rq3g_java_097__c6,rq3g_java_097,rq0_0150,java,high,beautiful_trash,ugly_trash,visual_only_trash,beautiful_trash
rq3g_java_098__c1,rq3g_java_098,rq0_0087,java,high,golden,ugly_gold,visual_only_gold,golden
rq3g_java_098__c2,rq3g_java_098,rq0_0087,java,high,golden,beautiful_trash,semantic_and_visual_aligned,golden
rq3g_java_098__c3,rq3g_java_098,rq0_0087,java,high,golden,ugly_trash,semantic_and_visual_aligned,golden
rq3g_java_098__c4,rq3g_java_098,rq0_0087,java,high,ugly_gold,beautiful_trash,semantic_visual_conflict_primary,ugly_gold
rq3g_java_098__c5,rq3g_java_098,rq0_0087,java,high,ugly_gold,ugly_trash,semantic_only_under_ugly,ugly_gold
rq3g_java_098__c6,rq3g_java_098,rq0_0087,java,high,beautiful_trash,ugly_trash,visual_only_trash,beautiful_trash
rq3g_java_099__c1,rq3g_java_099,rq0_0221,java,high,golden,ugly_gold,visual_only_gold,golden
rq3g_java_099__c2,rq3g_java_099,rq0_0221,java,high,golden,beautiful_trash,semantic_and_visual_aligned,golden
rq3g_java_099__c3,rq3g_java_099,rq0_0221,java,high,golden,ugly_trash,semantic_and_visual_aligned,golden
rq3g_java_099__c4,rq3g_java_099,rq0_0221,java,high,ugly_gold,beautiful_trash,semantic_visual_conflict_primary,ugly_gold
rq3g_java_099__c5,rq3g_java_099,rq0_0221,java,high,ugly_gold,ugly_trash,semantic_only_under_ugly,ugly_gold
rq3g_java_099__c6,rq3g_java_099,rq0_0221,java,high,beautiful_trash,ugly_trash,visual_only_trash,beautiful_trash
rq3g_python_000__c1,rq3g_python_000,dorn_python_104,python,low,golden,ugly_gold,visual_only_gold,golden
rq3g_python_000__c2,rq3g_python_000,dorn_python_104,python,low,golden,beautiful_trash,semantic_and_visual_aligned,golden
rq3g_python_000__c3,rq3g_python_000,dorn_python_104,python,low,golden,ugly_trash,semantic_and_visual_aligned,golden
rq3g_python_000__c4,rq3g_python_000,dorn_python_104,python,low,ugly_gold,beautiful_trash,semantic_visual_conflict_primary,ugly_gold
rq3g_python_000__c5,rq3g_python_000,dorn_python_104,python,low,ugly_gold,ugly_trash,semantic_only_under_ugly,ugly_gold
rq3g_python_000__c6,rq3g_python_000,dorn_python_104,python,low,beautiful_trash,ugly_trash,visual_only_trash,beautiful_trash
rq3g_python_001__c1,rq3g_python_001,dorn_python_043,python,low,golden,ugly_gold,visual_only_gold,golden
rq3g_python_001__c2,rq3g_python_001,dorn_python_043,python,low,golden,beautiful_trash,semantic_and_visual_aligned,golden
rq3g_python_001__c3,rq3g_python_001,dorn_python_043,python,low,golden,ugly_trash,semantic_and_visual_aligned,golden
rq3g_python_001__c4,rq3g_python_001,dorn_python_043,python,low,ugly_gold,beautiful_trash,semantic_visual_conflict_primary,ugly_gold
rq3g_python_001__c5,rq3g_python_001,dorn_python_043,python,low,ugly_gold,ugly_trash,semantic_only_under_ugly,ugly_gold
rq3g_python_001__c6,rq3g_python_001,dorn_python_043,python,low,beautiful_trash,ugly_trash,visual_only_trash,beautiful_trash
rq3g_python_002__c1,rq3g_python_002,dorn_python_106,python,low,golden,ugly_gold,visual_only_gold,golden
rq3g_python_002__c2,rq3g_python_002,dorn_python_106,python,low,golden,beautiful_trash,semantic_and_visual_aligned,golden
rq3g_python_002__c3,rq3g_python_002,dorn_python_106,python,low,golden,ugly_trash,semantic_and_visual_aligned,golden
rq3g_python_002__c4,rq3g_python_002,dorn_python_106,python,low,ugly_gold,beautiful_trash,semantic_visual_conflict_primary,ugly_gold
rq3g_python_002__c5,rq3g_python_002,dorn_python_106,python,low,ugly_gold,ugly_trash,semantic_only_under_ugly,ugly_gold
rq3g_python_002__c6,rq3g_python_002,dorn_python_106,python,low,beautiful_trash,ugly_trash,visual_only_trash,beautiful_trash
rq3g_python_003__c1,rq3g_python_003,dorn_python_054,python,low,golden,ugly_gold,visual_only_gold,golden
rq3g_python_003__c2,rq3g_python_003,dorn_python_054,python,low,golden,beautiful_trash,semantic_and_visual_aligned,golden
rq3g_python_003__c3,rq3g_python_003,dorn_python_054,python,low,golden,ugly_trash,semantic_and_visual_aligned,golden
rq3g_python_003__c4,rq3g_python_003,dorn_python_054,python,low,ugly_gold,beautiful_trash,semantic_visual_conflict_primary,ugly_gold
rq3g_python_003__c5,rq3g_python_003,dorn_python_054,python,low,ugly_gold,ugly_trash,semantic_only_under_ugly,ugly_gold
rq3g_python_003__c6,rq3g_python_003,dorn_python_054,python,low,beautiful_trash,ugly_trash,visual_only_trash,beautiful_trash
rq3g_python_004__c1,rq3g_python_004,dorn_python_019,python,low,golden,ugly_gold,visual_only_gold,golden
rq3g_python_004__c2,rq3g_python_004,dorn_python_019,python,low,golden,beautiful_trash,semantic_and_visual_aligned,golden
rq3g_python_004__c3,rq3g_python_004,dorn_python_019,python,low,golden,ugly_trash,semantic_and_visual_aligned,golden
rq3g_python_004__c4,rq3g_python_004,dorn_python_019,python,low,ugly_gold,beautiful_trash,semantic_visual_conflict_primary,ugly_gold
rq3g_python_004__c5,rq3g_python_004,dorn_python_019,python,low,ugly_gold,ugly_trash,semantic_only_under_ugly,ugly_gold
rq3g_python_004__c6,rq3g_python_004,dorn_python_019,python,low,beautiful_trash,ugly_trash,visual_only_trash,beautiful_trash
rq3g_python_005__c1,rq3g_python_005,dorn_python_085,python,low,golden,ugly_gold,visual_only_gold,golden
rq3g_python_005__c2,rq3g_python_005,dorn_python_085,python,low,golden,beautiful_trash,semantic_and_visual_aligned,golden
rq3g_python_005__c3,rq3g_python_005,dorn_python_085,python,low,golden,ugly_trash,semantic_and_visual_aligned,golden
rq3g_python_005__c4,rq3g_python_005,dorn_python_085,python,low,ugly_gold,beautiful_trash,semantic_visual_conflict_primary,ugly_gold
rq3g_python_005__c5,rq3g_python_005,dorn_python_085,python,low,ugly_gold,ugly_trash,semantic_only_under_ugly,ugly_gold
rq3g_python_005__c6,rq3g_python_005,dorn_python_085,python,low,beautiful_trash,ugly_trash,visual_only_trash,beautiful_trash
rq3g_python_006__c1,rq3g_python_006,dorn_python_006,python,low,golden,ugly_gold,visual_only_gold,golden
rq3g_python_006__c2,rq3g_python_006,dorn_python_006,python,low,golden,beautiful_trash,semantic_and_visual_aligned,golden
rq3g_python_006__c3,rq3g_python_006,dorn_python_006,python,low,golden,ugly_trash,semantic_and_visual_aligned,golden
rq3g_python_006__c4,rq3g_python_006,dorn_python_006,python,low,ugly_gold,beautiful_trash,semantic_visual_conflict_primary,ugly_gold
rq3g_python_006__c5,rq3g_python_006,dorn_python_006,python,low,ugly_gold,ugly_trash,semantic_only_under_ugly,ugly_gold
rq3g_python_006__c6,rq3g_python_006,dorn_python_006,python,low,beautiful_trash,ugly_trash,visual_only_trash,beautiful_trash
rq3g_python_007__c1,rq3g_python_007,dorn_python_100,python,low,golden,ugly_gold,visual_only_gold,golden
rq3g_python_007__c2,rq3g_python_007,dorn_python_100,python,low,golden,beautiful_trash,semantic_and_visual_aligned,golden
rq3g_python_007__c3,rq3g_python_007,dorn_python_100,python,low,golden,ugly_trash,semantic_and_visual_aligned,golden
rq3g_python_007__c4,rq3g_python_007,dorn_python_100,python,low,ugly_gold,beautiful_trash,semantic_visual_conflict_primary,ugly_gold
rq3g_python_007__c5,rq3g_python_007,dorn_python_100,python,low,ugly_gold,ugly_trash,semantic_only_under_ugly,ugly_gold
rq3g_python_007__c6,rq3g_python_007,dorn_python_100,python,low,beautiful_trash,ugly_trash,visual_only_trash,beautiful_trash
rq3g_python_008__c1,rq3g_python_008,dorn_python_111,python,low,golden,ugly_gold,visual_only_gold,golden
rq3g_python_008__c2,rq3g_python_008,dorn_python_111,python,low,golden,beautiful_trash,semantic_and_visual_aligned,golden
rq3g_python_008__c3,rq3g_python_008,dorn_python_111,python,low,golden,ugly_trash,semantic_and_visual_aligned,golden
rq3g_python_008__c4,rq3g_python_008,dorn_python_111,python,low,ugly_gold,beautiful_trash,semantic_visual_conflict_primary,ugly_gold
rq3g_python_008__c5,rq3g_python_008,dorn_python_111,python,low,ugly_gold,ugly_trash,semantic_only_under_ugly,ugly_gold
rq3g_python_008__c6,rq3g_python_008,dorn_python_111,python,low,beautiful_trash,ugly_trash,visual_only_trash,beautiful_trash
rq3g_python_009__c1,rq3g_python_009,dorn_python_023,python,low,golden,ugly_gold,visual_only_gold,golden
rq3g_python_009__c2,rq3g_python_009,dorn_python_023,python,low,golden,beautiful_trash,semantic_and_visual_aligned,golden
rq3g_python_009__c3,rq3g_python_009,dorn_python_023,python,low,golden,ugly_trash,semantic_and_visual_aligned,golden
rq3g_python_009__c4,rq3g_python_009,dorn_python_023,python,low,ugly_gold,beautiful_trash,semantic_visual_conflict_primary,ugly_gold
rq3g_python_009__c5,rq3g_python_009,dorn_python_023,python,low,ugly_gold,ugly_trash,semantic_only_under_ugly,ugly_gold
rq3g_python_009__c6,rq3g_python_009,dorn_python_023,python,low,beautiful_trash,ugly_trash,visual_only_trash,beautiful_trash
rq3g_python_010__c1,rq3g_python_010,dorn_python_071,python,low,golden,ugly_gold,visual_only_gold,golden
rq3g_python_010__c2,rq3g_python_010,dorn_python_071,python,low,golden,beautiful_trash,semantic_and_visual_aligned,golden
rq3g_python_010__c3,rq3g_python_010,dorn_python_071,python,low,golden,ugly_trash,semantic_and_visual_aligned,golden
rq3g_python_010__c4,rq3g_python_010,dorn_python_071,python,low,ugly_gold,beautiful_trash,semantic_visual_conflict_primary,ugly_gold
rq3g_python_010__c5,rq3g_python_010,dorn_python_071,python,low,ugly_gold,ugly_trash,semantic_only_under_ugly,ugly_gold
rq3g_python_010__c6,rq3g_python_010,dorn_python_071,python,low,beautiful_trash,ugly_trash,visual_only_trash,beautiful_trash
rq3g_python_011__c1,rq3g_python_011,dorn_python_007,python,low,golden,ugly_gold,visual_only_gold,golden
rq3g_python_011__c2,rq3g_python_011,dorn_python_007,python,low,golden,beautiful_trash,semantic_and_visual_aligned,golden
rq3g_python_011__c3,rq3g_python_011,dorn_python_007,python,low,golden,ugly_trash,semantic_and_visual_aligned,golden
rq3g_python_011__c4,rq3g_python_011,dorn_python_007,python,low,ugly_gold,beautiful_trash,semantic_visual_conflict_primary,ugly_gold
rq3g_python_011__c5,rq3g_python_011,dorn_python_007,python,low,ugly_gold,ugly_trash,semantic_only_under_ugly,ugly_gold
rq3g_python_011__c6,rq3g_python_011,dorn_python_007,python,low,beautiful_trash,ugly_trash,visual_only_trash,beautiful_trash
rq3g_python_012__c1,rq3g_python_012,dorn_python_099,python,low,golden,ugly_gold,visual_only_gold,golden
rq3g_python_012__c2,rq3g_python_012,dorn_python_099,python,low,golden,beautiful_trash,semantic_and_visual_aligned,golden
rq3g_python_012__c3,rq3g_python_012,dorn_python_099,python,low,golden,ugly_trash,semantic_and_visual_aligned,golden
rq3g_python_012__c4,rq3g_python_012,dorn_python_099,python,low,ugly_gold,beautiful_trash,semantic_visual_conflict_primary,ugly_gold
rq3g_python_012__c5,rq3g_python_012,dorn_python_099,python,low,ugly_gold,ugly_trash,semantic_only_under_ugly,ugly_gold
rq3g_python_012__c6,rq3g_python_012,dorn_python_099,python,low,beautiful_trash,ugly_trash,visual_only_trash,beautiful_trash
rq3g_python_013__c1,rq3g_python_013,dorn_python_029,python,low,golden,ugly_gold,visual_only_gold,golden
rq3g_python_013__c2,rq3g_python_013,dorn_python_029,python,low,golden,beautiful_trash,semantic_and_visual_aligned,golden
rq3g_python_013__c3,rq3g_python_013,dorn_python_029,python,low,golden,ugly_trash,semantic_and_visual_aligned,golden
rq3g_python_013__c4,rq3g_python_013,dorn_python_029,python,low,ugly_gold,beautiful_trash,semantic_visual_conflict_primary,ugly_gold
rq3g_python_013__c5,rq3g_python_013,dorn_python_029,python,low,ugly_gold,ugly_trash,semantic_only_under_ugly,ugly_gold
rq3g_python_013__c6,rq3g_python_013,dorn_python_029,python,low,beautiful_trash,ugly_trash,visual_only_trash,beautiful_trash
rq3g_python_014__c1,rq3g_python_014,dorn_python_020,python,low,golden,ugly_gold,visual_only_gold,golden
rq3g_python_014__c2,rq3g_python_014,dorn_python_020,python,low,golden,beautiful_trash,semantic_and_visual_aligned,golden
rq3g_python_014__c3,rq3g_python_014,dorn_python_020,python,low,golden,ugly_trash,semantic_and_visual_aligned,golden
rq3g_python_014__c4,rq3g_python_014,dorn_python_020,python,low,ugly_gold,beautiful_trash,semantic_visual_conflict_primary,ugly_gold
rq3g_python_014__c5,rq3g_python_014,dorn_python_020,python,low,ugly_gold,ugly_trash,semantic_only_under_ugly,ugly_gold
rq3g_python_014__c6,rq3g_python_014,dorn_python_020,python,low,beautiful_trash,ugly_trash,visual_only_trash,beautiful_trash
rq3g_python_015__c1,rq3g_python_015,dorn_python_036,python,low,golden,ugly_gold,visual_only_gold,golden
rq3g_python_015__c2,rq3g_python_015,dorn_python_036,python,low,golden,beautiful_trash,semantic_and_visual_aligned,golden
rq3g_python_015__c3,rq3g_python_015,dorn_python_036,python,low,golden,ugly_trash,semantic_and_visual_aligned,golden
rq3g_python_015__c4,rq3g_python_015,dorn_python_036,python,low,ugly_gold,beautiful_trash,semantic_visual_conflict_primary,ugly_gold
rq3g_python_015__c5,rq3g_python_015,dorn_python_036,python,low,ugly_gold,ugly_trash,semantic_only_under_ugly,ugly_gold
rq3g_python_015__c6,rq3g_python_015,dorn_python_036,python,low,beautiful_trash,ugly_trash,visual_only_trash,beautiful_trash
rq3g_python_016__c1,rq3g_python_016,dorn_python_035,python,low,golden,ugly_gold,visual_only_gold,golden
rq3g_python_016__c2,rq3g_python_016,dorn_python_035,python,low,golden,beautiful_trash,semantic_and_visual_aligned,golden
rq3g_python_016__c3,rq3g_python_016,dorn_python_035,python,low,golden,ugly_trash,semantic_and_visual_aligned,golden
rq3g_python_016__c4,rq3g_python_016,dorn_python_035,python,low,ugly_gold,beautiful_trash,semantic_visual_conflict_primary,ugly_gold
rq3g_python_016__c5,rq3g_python_016,dorn_python_035,python,low,ugly_gold,ugly_trash,semantic_only_under_ugly,ugly_gold
rq3g_python_016__c6,rq3g_python_016,dorn_python_035,python,low,beautiful_trash,ugly_trash,visual_only_trash,beautiful_trash
rq3g_python_017__c1,rq3g_python_017,dorn_python_079,python,low,golden,ugly_gold,visual_only_gold,golden
rq3g_python_017__c2,rq3g_python_017,dorn_python_079,python,low,golden,beautiful_trash,semantic_and_visual_aligned,golden
rq3g_python_017__c3,rq3g_python_017,dorn_python_079,python,low,golden,ugly_trash,semantic_and_visual_aligned,golden
rq3g_python_017__c4,rq3g_python_017,dorn_python_079,python,low,ugly_gold,beautiful_trash,semantic_visual_conflict_primary,ugly_gold
rq3g_python_017__c5,rq3g_python_017,dorn_python_079,python,low,ugly_gold,ugly_trash,semantic_only_under_ugly,ugly_gold
rq3g_python_017__c6,rq3g_python_017,dorn_python_079,python,low,beautiful_trash,ugly_trash,visual_only_trash,beautiful_trash
rq3g_python_018__c1,rq3g_python_018,dorn_python_076,python,low,golden,ugly_gold,visual_only_gold,golden
rq3g_python_018__c2,rq3g_python_018,dorn_python_076,python,low,golden,beautiful_trash,semantic_and_visual_aligned,golden
rq3g_python_018__c3,rq3g_python_018,dorn_python_076,python,low,golden,ugly_trash,semantic_and_visual_aligned,golden
rq3g_python_018__c4,rq3g_python_018,dorn_python_076,python,low,ugly_gold,beautiful_trash,semantic_visual_conflict_primary,ugly_gold
rq3g_python_018__c5,rq3g_python_018,dorn_python_076,python,low,ugly_gold,ugly_trash,semantic_only_under_ugly,ugly_gold
rq3g_python_018__c6,rq3g_python_018,dorn_python_076,python,low,beautiful_trash,ugly_trash,visual_only_trash,beautiful_trash
rq3g_python_019__c1,rq3g_python_019,dorn_python_095,python,low,golden,ugly_gold,visual_only_gold,golden
rq3g_python_019__c2,rq3g_python_019,dorn_python_095,python,low,golden,beautiful_trash,semantic_and_visual_aligned,golden
rq3g_python_019__c3,rq3g_python_019,dorn_python_095,python,low,golden,ugly_trash,semantic_and_visual_aligned,golden
rq3g_python_019__c4,rq3g_python_019,dorn_python_095,python,low,ugly_gold,beautiful_trash,semantic_visual_conflict_primary,ugly_gold
rq3g_python_019__c5,rq3g_python_019,dorn_python_095,python,low,ugly_gold,ugly_trash,semantic_only_under_ugly,ugly_gold
rq3g_python_019__c6,rq3g_python_019,dorn_python_095,python,low,beautiful_trash,ugly_trash,visual_only_trash,beautiful_trash
rq3g_python_020__c1,rq3g_python_020,dorn_python_081,python,low,golden,ugly_gold,visual_only_gold,golden
rq3g_python_020__c2,rq3g_python_020,dorn_python_081,python,low,golden,beautiful_trash,semantic_and_visual_aligned,golden
rq3g_python_020__c3,rq3g_python_020,dorn_python_081,python,low,golden,ugly_trash,semantic_and_visual_aligned,golden
rq3g_python_020__c4,rq3g_python_020,dorn_python_081,python,low,ugly_gold,beautiful_trash,semantic_visual_conflict_primary,ugly_gold
rq3g_python_020__c5,rq3g_python_020,dorn_python_081,python,low,ugly_gold,ugly_trash,semantic_only_under_ugly,ugly_gold
rq3g_python_020__c6,rq3g_python_020,dorn_python_081,python,low,beautiful_trash,ugly_trash,visual_only_trash,beautiful_trash
rq3g_python_021__c1,rq3g_python_021,dorn_python_072,python,low,golden,ugly_gold,visual_only_gold,golden
rq3g_python_021__c2,rq3g_python_021,dorn_python_072,python,low,golden,beautiful_trash,semantic_and_visual_aligned,golden
rq3g_python_021__c3,rq3g_python_021,dorn_python_072,python,low,golden,ugly_trash,semantic_and_visual_aligned,golden
rq3g_python_021__c4,rq3g_python_021,dorn_python_072,python,low,ugly_gold,beautiful_trash,semantic_visual_conflict_primary,ugly_gold
rq3g_python_021__c5,rq3g_python_021,dorn_python_072,python,low,ugly_gold,ugly_trash,semantic_only_under_ugly,ugly_gold
rq3g_python_021__c6,rq3g_python_021,dorn_python_072,python,low,beautiful_trash,ugly_trash,visual_only_trash,beautiful_trash
rq3g_python_022__c1,rq3g_python_022,dorn_python_031,python,low,golden,ugly_gold,visual_only_gold,golden
rq3g_python_022__c2,rq3g_python_022,dorn_python_031,python,low,golden,beautiful_trash,semantic_and_visual_aligned,golden
rq3g_python_022__c3,rq3g_python_022,dorn_python_031,python,low,golden,ugly_trash,semantic_and_visual_aligned,golden
rq3g_python_022__c4,rq3g_python_022,dorn_python_031,python,low,ugly_gold,beautiful_trash,semantic_visual_conflict_primary,ugly_gold
rq3g_python_022__c5,rq3g_python_022,dorn_python_031,python,low,ugly_gold,ugly_trash,semantic_only_under_ugly,ugly_gold
rq3g_python_022__c6,rq3g_python_022,dorn_python_031,python,low,beautiful_trash,ugly_trash,visual_only_trash,beautiful_trash
rq3g_python_023__c1,rq3g_python_023,dorn_python_038,python,low,golden,ugly_gold,visual_only_gold,golden
rq3g_python_023__c2,rq3g_python_023,dorn_python_038,python,low,golden,beautiful_trash,semantic_and_visual_aligned,golden
rq3g_python_023__c3,rq3g_python_023,dorn_python_038,python,low,golden,ugly_trash,semantic_and_visual_aligned,golden
rq3g_python_023__c4,rq3g_python_023,dorn_python_038,python,low,ugly_gold,beautiful_trash,semantic_visual_conflict_primary,ugly_gold
rq3g_python_023__c5,rq3g_python_023,dorn_python_038,python,low,ugly_gold,ugly_trash,semantic_only_under_ugly,ugly_gold
rq3g_python_023__c6,rq3g_python_023,dorn_python_038,python,low,beautiful_trash,ugly_trash,visual_only_trash,beautiful_trash
rq3g_python_024__c1,rq3g_python_024,dorn_python_037,python,low,golden,ugly_gold,visual_only_gold,golden
rq3g_python_024__c2,rq3g_python_024,dorn_python_037,python,low,golden,beautiful_trash,semantic_and_visual_aligned,golden
rq3g_python_024__c3,rq3g_python_024,dorn_python_037,python,low,golden,ugly_trash,semantic_and_visual_aligned,golden
rq3g_python_024__c4,rq3g_python_024,dorn_python_037,python,low,ugly_gold,beautiful_trash,semantic_visual_conflict_primary,ugly_gold
rq3g_python_024__c5,rq3g_python_024,dorn_python_037,python,low,ugly_gold,ugly_trash,semantic_only_under_ugly,ugly_gold
rq3g_python_024__c6,rq3g_python_024,dorn_python_037,python,low,beautiful_trash,ugly_trash,visual_only_trash,beautiful_trash
rq3g_python_025__c1,rq3g_python_025,dorn_python_077,python,low,golden,ugly_gold,visual_only_gold,golden
rq3g_python_025__c2,rq3g_python_025,dorn_python_077,python,low,golden,beautiful_trash,semantic_and_visual_aligned,golden
rq3g_python_025__c3,rq3g_python_025,dorn_python_077,python,low,golden,ugly_trash,semantic_and_visual_aligned,golden
rq3g_python_025__c4,rq3g_python_025,dorn_python_077,python,low,ugly_gold,beautiful_trash,semantic_visual_conflict_primary,ugly_gold
rq3g_python_025__c5,rq3g_python_025,dorn_python_077,python,low,ugly_gold,ugly_trash,semantic_only_under_ugly,ugly_gold
rq3g_python_025__c6,rq3g_python_025,dorn_python_077,python,low,beautiful_trash,ugly_trash,visual_only_trash,beautiful_trash
rq3g_python_026__c1,rq3g_python_026,dorn_python_033,python,low,golden,ugly_gold,visual_only_gold,golden
rq3g_python_026__c2,rq3g_python_026,dorn_python_033,python,low,golden,beautiful_trash,semantic_and_visual_aligned,golden
rq3g_python_026__c3,rq3g_python_026,dorn_python_033,python,low,golden,ugly_trash,semantic_and_visual_aligned,golden
rq3g_python_026__c4,rq3g_python_026,dorn_python_033,python,low,ugly_gold,beautiful_trash,semantic_visual_conflict_primary,ugly_gold
rq3g_python_026__c5,rq3g_python_026,dorn_python_033,python,low,ugly_gold,ugly_trash,semantic_only_under_ugly,ugly_gold
rq3g_python_026__c6,rq3g_python_026,dorn_python_033,python,low,beautiful_trash,ugly_trash,visual_only_trash,beautiful_trash
rq3g_python_027__c1,rq3g_python_027,dorn_python_115,python,low,golden,ugly_gold,visual_only_gold,golden
rq3g_python_027__c2,rq3g_python_027,dorn_python_115,python,low,golden,beautiful_trash,semantic_and_visual_aligned,golden
rq3g_python_027__c3,rq3g_python_027,dorn_python_115,python,low,golden,ugly_trash,semantic_and_visual_aligned,golden
rq3g_python_027__c4,rq3g_python_027,dorn_python_115,python,low,ugly_gold,beautiful_trash,semantic_visual_conflict_primary,ugly_gold
rq3g_python_027__c5,rq3g_python_027,dorn_python_115,python,low,ugly_gold,ugly_trash,semantic_only_under_ugly,ugly_gold
rq3g_python_027__c6,rq3g_python_027,dorn_python_115,python,low,beautiful_trash,ugly_trash,visual_only_trash,beautiful_trash
rq3g_python_028__c1,rq3g_python_028,dorn_python_056,python,low,golden,ugly_gold,visual_only_gold,golden
rq3g_python_028__c2,rq3g_python_028,dorn_python_056,python,low,golden,beautiful_trash,semantic_and_visual_aligned,golden
rq3g_python_028__c3,rq3g_python_028,dorn_python_056,python,low,golden,ugly_trash,semantic_and_visual_aligned,golden
rq3g_python_028__c4,rq3g_python_028,dorn_python_056,python,low,ugly_gold,beautiful_trash,semantic_visual_conflict_primary,ugly_gold
rq3g_python_028__c5,rq3g_python_028,dorn_python_056,python,low,ugly_gold,ugly_trash,semantic_only_under_ugly,ugly_gold
rq3g_python_028__c6,rq3g_python_028,dorn_python_056,python,low,beautiful_trash,ugly_trash,visual_only_trash,beautiful_trash
rq3g_python_029__c1,rq3g_python_029,dorn_python_000,python,low,golden,ugly_gold,visual_only_gold,golden
rq3g_python_029__c2,rq3g_python_029,dorn_python_000,python,low,golden,beautiful_trash,semantic_and_visual_aligned,golden
rq3g_python_029__c3,rq3g_python_029,dorn_python_000,python,low,golden,ugly_trash,semantic_and_visual_aligned,golden
rq3g_python_029__c4,rq3g_python_029,dorn_python_000,python,low,ugly_gold,beautiful_trash,semantic_visual_conflict_primary,ugly_gold
rq3g_python_029__c5,rq3g_python_029,dorn_python_000,python,low,ugly_gold,ugly_trash,semantic_only_under_ugly,ugly_gold
rq3g_python_029__c6,rq3g_python_029,dorn_python_000,python,low,beautiful_trash,ugly_trash,visual_only_trash,beautiful_trash
rq3g_python_030__c1,rq3g_python_030,dorn_python_004,python,low,golden,ugly_gold,visual_only_gold,golden
rq3g_python_030__c2,rq3g_python_030,dorn_python_004,python,low,golden,beautiful_trash,semantic_and_visual_aligned,golden
rq3g_python_030__c3,rq3g_python_030,dorn_python_004,python,low,golden,ugly_trash,semantic_and_visual_aligned,golden
rq3g_python_030__c4,rq3g_python_030,dorn_python_004,python,low,ugly_gold,beautiful_trash,semantic_visual_conflict_primary,ugly_gold
rq3g_python_030__c5,rq3g_python_030,dorn_python_004,python,low,ugly_gold,ugly_trash,semantic_only_under_ugly,ugly_gold
rq3g_python_030__c6,rq3g_python_030,dorn_python_004,python,low,beautiful_trash,ugly_trash,visual_only_trash,beautiful_trash
rq3g_python_031__c1,rq3g_python_031,dorn_python_074,python,low,golden,ugly_gold,visual_only_gold,golden
rq3g_python_031__c2,rq3g_python_031,dorn_python_074,python,low,golden,beautiful_trash,semantic_and_visual_aligned,golden
rq3g_python_031__c3,rq3g_python_031,dorn_python_074,python,low,golden,ugly_trash,semantic_and_visual_aligned,golden
rq3g_python_031__c4,rq3g_python_031,dorn_python_074,python,low,ugly_gold,beautiful_trash,semantic_visual_conflict_primary,ugly_gold
rq3g_python_031__c5,rq3g_python_031,dorn_python_074,python,low,ugly_gold,ugly_trash,semantic_only_under_ugly,ugly_gold
rq3g_python_031__c6,rq3g_python_031,dorn_python_074,python,low,beautiful_trash,ugly_trash,visual_only_trash,beautiful_trash
rq3g_python_032__c1,rq3g_python_032,dorn_python_014,python,low,golden,ugly_gold,visual_only_gold,golden
rq3g_python_032__c2,rq3g_python_032,dorn_python_014,python,low,golden,beautiful_trash,semantic_and_visual_aligned,golden
rq3g_python_032__c3,rq3g_python_032,dorn_python_014,python,low,golden,ugly_trash,semantic_and_visual_aligned,golden
rq3g_python_032__c4,rq3g_python_032,dorn_python_014,python,low,ugly_gold,beautiful_trash,semantic_visual_conflict_primary,ugly_gold
rq3g_python_032__c5,rq3g_python_032,dorn_python_014,python,low,ugly_gold,ugly_trash,semantic_only_under_ugly,ugly_gold
rq3g_python_032__c6,rq3g_python_032,dorn_python_014,python,low,beautiful_trash,ugly_trash,visual_only_trash,beautiful_trash
rq3g_python_033__c1,rq3g_python_033,dorn_python_064,python,low,golden,ugly_gold,visual_only_gold,golden
rq3g_python_033__c2,rq3g_python_033,dorn_python_064,python,low,golden,beautiful_trash,semantic_and_visual_aligned,golden
rq3g_python_033__c3,rq3g_python_033,dorn_python_064,python,low,golden,ugly_trash,semantic_and_visual_aligned,golden
rq3g_python_033__c4,rq3g_python_033,dorn_python_064,python,low,ugly_gold,beautiful_trash,semantic_visual_conflict_primary,ugly_gold
rq3g_python_033__c5,rq3g_python_033,dorn_python_064,python,low,ugly_gold,ugly_trash,semantic_only_under_ugly,ugly_gold
rq3g_python_033__c6,rq3g_python_033,dorn_python_064,python,low,beautiful_trash,ugly_trash,visual_only_trash,beautiful_trash
rq3g_python_034__c1,rq3g_python_034,dorn_python_008,python,mid,golden,ugly_gold,visual_only_gold,golden
rq3g_python_034__c2,rq3g_python_034,dorn_python_008,python,mid,golden,beautiful_trash,semantic_and_visual_aligned,golden
rq3g_python_034__c3,rq3g_python_034,dorn_python_008,python,mid,golden,ugly_trash,semantic_and_visual_aligned,golden
rq3g_python_034__c4,rq3g_python_034,dorn_python_008,python,mid,ugly_gold,beautiful_trash,semantic_visual_conflict_primary,ugly_gold
rq3g_python_034__c5,rq3g_python_034,dorn_python_008,python,mid,ugly_gold,ugly_trash,semantic_only_under_ugly,ugly_gold
rq3g_python_034__c6,rq3g_python_034,dorn_python_008,python,mid,beautiful_trash,ugly_trash,visual_only_trash,beautiful_trash
rq3g_python_035__c1,rq3g_python_035,dorn_python_112,python,mid,golden,ugly_gold,visual_only_gold,golden
rq3g_python_035__c2,rq3g_python_035,dorn_python_112,python,mid,golden,beautiful_trash,semantic_and_visual_aligned,golden
rq3g_python_035__c3,rq3g_python_035,dorn_python_112,python,mid,golden,ugly_trash,semantic_and_visual_aligned,golden
rq3g_python_035__c4,rq3g_python_035,dorn_python_112,python,mid,ugly_gold,beautiful_trash,semantic_visual_conflict_primary,ugly_gold
rq3g_python_035__c5,rq3g_python_035,dorn_python_112,python,mid,ugly_gold,ugly_trash,semantic_only_under_ugly,ugly_gold
rq3g_python_035__c6,rq3g_python_035,dorn_python_112,python,mid,beautiful_trash,ugly_trash,visual_only_trash,beautiful_trash
rq3g_python_036__c1,rq3g_python_036,dorn_python_013,python,mid,golden,ugly_gold,visual_only_gold,golden
rq3g_python_036__c2,rq3g_python_036,dorn_python_013,python,mid,golden,beautiful_trash,semantic_and_visual_aligned,golden
rq3g_python_036__c3,rq3g_python_036,dorn_python_013,python,mid,golden,ugly_trash,semantic_and_visual_aligned,golden
rq3g_python_036__c4,rq3g_python_036,dorn_python_013,python,mid,ugly_gold,beautiful_trash,semantic_visual_conflict_primary,ugly_gold
rq3g_python_036__c5,rq3g_python_036,dorn_python_013,python,mid,ugly_gold,ugly_trash,semantic_only_under_ugly,ugly_gold
rq3g_python_036__c6,rq3g_python_036,dorn_python_013,python,mid,beautiful_trash,ugly_trash,visual_only_trash,beautiful_trash
rq3g_python_037__c1,rq3g_python_037,dorn_python_078,python,mid,golden,ugly_gold,visual_only_gold,golden
rq3g_python_037__c2,rq3g_python_037,dorn_python_078,python,mid,golden,beautiful_trash,semantic_and_visual_aligned,golden
rq3g_python_037__c3,rq3g_python_037,dorn_python_078,python,mid,golden,ugly_trash,semantic_and_visual_aligned,golden
rq3g_python_037__c4,rq3g_python_037,dorn_python_078,python,mid,ugly_gold,beautiful_trash,semantic_visual_conflict_primary,ugly_gold
rq3g_python_037__c5,rq3g_python_037,dorn_python_078,python,mid,ugly_gold,ugly_trash,semantic_only_under_ugly,ugly_gold
rq3g_python_037__c6,rq3g_python_037,dorn_python_078,python,mid,beautiful_trash,ugly_trash,visual_only_trash,beautiful_trash
rq3g_python_038__c1,rq3g_python_038,dorn_python_017,python,mid,golden,ugly_gold,visual_only_gold,golden
rq3g_python_038__c2,rq3g_python_038,dorn_python_017,python,mid,golden,beautiful_trash,semantic_and_visual_aligned,golden
rq3g_python_038__c3,rq3g_python_038,dorn_python_017,python,mid,golden,ugly_trash,semantic_and_visual_aligned,golden
rq3g_python_038__c4,rq3g_python_038,dorn_python_017,python,mid,ugly_gold,beautiful_trash,semantic_visual_conflict_primary,ugly_gold
rq3g_python_038__c5,rq3g_python_038,dorn_python_017,python,mid,ugly_gold,ugly_trash,semantic_only_under_ugly,ugly_gold
rq3g_python_038__c6,rq3g_python_038,dorn_python_017,python,mid,beautiful_trash,ugly_trash,visual_only_trash,beautiful_trash
rq3g_python_039__c1,rq3g_python_039,dorn_python_090,python,mid,golden,ugly_gold,visual_only_gold,golden
rq3g_python_039__c2,rq3g_python_039,dorn_python_090,python,mid,golden,beautiful_trash,semantic_and_visual_aligned,golden
rq3g_python_039__c3,rq3g_python_039,dorn_python_090,python,mid,golden,ugly_trash,semantic_and_visual_aligned,golden
rq3g_python_039__c4,rq3g_python_039,dorn_python_090,python,mid,ugly_gold,beautiful_trash,semantic_visual_conflict_primary,ugly_gold
rq3g_python_039__c5,rq3g_python_039,dorn_python_090,python,mid,ugly_gold,ugly_trash,semantic_only_under_ugly,ugly_gold
rq3g_python_039__c6,rq3g_python_039,dorn_python_090,python,mid,beautiful_trash,ugly_trash,visual_only_trash,beautiful_trash
rq3g_python_040__c1,rq3g_python_040,dorn_python_105,python,mid,golden,ugly_gold,visual_only_gold,golden
rq3g_python_040__c2,rq3g_python_040,dorn_python_105,python,mid,golden,beautiful_trash,semantic_and_visual_aligned,golden
rq3g_python_040__c3,rq3g_python_040,dorn_python_105,python,mid,golden,ugly_trash,semantic_and_visual_aligned,golden
rq3g_python_040__c4,rq3g_python_040,dorn_python_105,python,mid,ugly_gold,beautiful_trash,semantic_visual_conflict_primary,ugly_gold
rq3g_python_040__c5,rq3g_python_040,dorn_python_105,python,mid,ugly_gold,ugly_trash,semantic_only_under_ugly,ugly_gold
rq3g_python_040__c6,rq3g_python_040,dorn_python_105,python,mid,beautiful_trash,ugly_trash,visual_only_trash,beautiful_trash
rq3g_python_041__c1,rq3g_python_041,dorn_python_026,python,mid,golden,ugly_gold,visual_only_gold,golden
rq3g_python_041__c2,rq3g_python_041,dorn_python_026,python,mid,golden,beautiful_trash,semantic_and_visual_aligned,golden
rq3g_python_041__c3,rq3g_python_041,dorn_python_026,python,mid,golden,ugly_trash,semantic_and_visual_aligned,golden
rq3g_python_041__c4,rq3g_python_041,dorn_python_026,python,mid,ugly_gold,beautiful_trash,semantic_visual_conflict_primary,ugly_gold
rq3g_python_041__c5,rq3g_python_041,dorn_python_026,python,mid,ugly_gold,ugly_trash,semantic_only_under_ugly,ugly_gold
rq3g_python_041__c6,rq3g_python_041,dorn_python_026,python,mid,beautiful_trash,ugly_trash,visual_only_trash,beautiful_trash
rq3g_python_042__c1,rq3g_python_042,dorn_python_080,python,mid,golden,ugly_gold,visual_only_gold,golden
rq3g_python_042__c2,rq3g_python_042,dorn_python_080,python,mid,golden,beautiful_trash,semantic_and_visual_aligned,golden
rq3g_python_042__c3,rq3g_python_042,dorn_python_080,python,mid,golden,ugly_trash,semantic_and_visual_aligned,golden
rq3g_python_042__c4,rq3g_python_042,dorn_python_080,python,mid,ugly_gold,beautiful_trash,semantic_visual_conflict_primary,ugly_gold
rq3g_python_042__c5,rq3g_python_042,dorn_python_080,python,mid,ugly_gold,ugly_trash,semantic_only_under_ugly,ugly_gold
rq3g_python_042__c6,rq3g_python_042,dorn_python_080,python,mid,beautiful_trash,ugly_trash,visual_only_trash,beautiful_trash
rq3g_python_043__c1,rq3g_python_043,dorn_python_003,python,mid,golden,ugly_gold,visual_only_gold,golden
rq3g_python_043__c2,rq3g_python_043,dorn_python_003,python,mid,golden,beautiful_trash,semantic_and_visual_aligned,golden
rq3g_python_043__c3,rq3g_python_043,dorn_python_003,python,mid,golden,ugly_trash,semantic_and_visual_aligned,golden
rq3g_python_043__c4,rq3g_python_043,dorn_python_003,python,mid,ugly_gold,beautiful_trash,semantic_visual_conflict_primary,ugly_gold
rq3g_python_043__c5,rq3g_python_043,dorn_python_003,python,mid,ugly_gold,ugly_trash,semantic_only_under_ugly,ugly_gold
rq3g_python_043__c6,rq3g_python_043,dorn_python_003,python,mid,beautiful_trash,ugly_trash,visual_only_trash,beautiful_trash
rq3g_python_044__c1,rq3g_python_044,dorn_python_062,python,mid,golden,ugly_gold,visual_only_gold,golden
rq3g_python_044__c2,rq3g_python_044,dorn_python_062,python,mid,golden,beautiful_trash,semantic_and_visual_aligned,golden
rq3g_python_044__c3,rq3g_python_044,dorn_python_062,python,mid,golden,ugly_trash,semantic_and_visual_aligned,golden
rq3g_python_044__c4,rq3g_python_044,dorn_python_062,python,mid,ugly_gold,beautiful_trash,semantic_visual_conflict_primary,ugly_gold
rq3g_python_044__c5,rq3g_python_044,dorn_python_062,python,mid,ugly_gold,ugly_trash,semantic_only_under_ugly,ugly_gold
rq3g_python_044__c6,rq3g_python_044,dorn_python_062,python,mid,beautiful_trash,ugly_trash,visual_only_trash,beautiful_trash
rq3g_python_045__c1,rq3g_python_045,dorn_python_065,python,mid,golden,ugly_gold,visual_only_gold,golden
rq3g_python_045__c2,rq3g_python_045,dorn_python_065,python,mid,golden,beautiful_trash,semantic_and_visual_aligned,golden
rq3g_python_045__c3,rq3g_python_045,dorn_python_065,python,mid,golden,ugly_trash,semantic_and_visual_aligned,golden
rq3g_python_045__c4,rq3g_python_045,dorn_python_065,python,mid,ugly_gold,beautiful_trash,semantic_visual_conflict_primary,ugly_gold
rq3g_python_045__c5,rq3g_python_045,dorn_python_065,python,mid,ugly_gold,ugly_trash,semantic_only_under_ugly,ugly_gold
rq3g_python_045__c6,rq3g_python_045,dorn_python_065,python,mid,beautiful_trash,ugly_trash,visual_only_trash,beautiful_trash
rq3g_python_046__c1,rq3g_python_046,dorn_python_001,python,mid,golden,ugly_gold,visual_only_gold,golden
rq3g_python_046__c2,rq3g_python_046,dorn_python_001,python,mid,golden,beautiful_trash,semantic_and_visual_aligned,golden
rq3g_python_046__c3,rq3g_python_046,dorn_python_001,python,mid,golden,ugly_trash,semantic_and_visual_aligned,golden
rq3g_python_046__c4,rq3g_python_046,dorn_python_001,python,mid,ugly_gold,beautiful_trash,semantic_visual_conflict_primary,ugly_gold
rq3g_python_046__c5,rq3g_python_046,dorn_python_001,python,mid,ugly_gold,ugly_trash,semantic_only_under_ugly,ugly_gold
rq3g_python_046__c6,rq3g_python_046,dorn_python_001,python,mid,beautiful_trash,ugly_trash,visual_only_trash,beautiful_trash
rq3g_python_047__c1,rq3g_python_047,dorn_python_117,python,mid,golden,ugly_gold,visual_only_gold,golden
rq3g_python_047__c2,rq3g_python_047,dorn_python_117,python,mid,golden,beautiful_trash,semantic_and_visual_aligned,golden
rq3g_python_047__c3,rq3g_python_047,dorn_python_117,python,mid,golden,ugly_trash,semantic_and_visual_aligned,golden
rq3g_python_047__c4,rq3g_python_047,dorn_python_117,python,mid,ugly_gold,beautiful_trash,semantic_visual_conflict_primary,ugly_gold
rq3g_python_047__c5,rq3g_python_047,dorn_python_117,python,mid,ugly_gold,ugly_trash,semantic_only_under_ugly,ugly_gold
rq3g_python_047__c6,rq3g_python_047,dorn_python_117,python,mid,beautiful_trash,ugly_trash,visual_only_trash,beautiful_trash
rq3g_python_048__c1,rq3g_python_048,dorn_python_091,python,mid,golden,ugly_gold,visual_only_gold,golden
rq3g_python_048__c2,rq3g_python_048,dorn_python_091,python,mid,golden,beautiful_trash,semantic_and_visual_aligned,golden
rq3g_python_048__c3,rq3g_python_048,dorn_python_091,python,mid,golden,ugly_trash,semantic_and_visual_aligned,golden
rq3g_python_048__c4,rq3g_python_048,dorn_python_091,python,mid,ugly_gold,beautiful_trash,semantic_visual_conflict_primary,ugly_gold
rq3g_python_048__c5,rq3g_python_048,dorn_python_091,python,mid,ugly_gold,ugly_trash,semantic_only_under_ugly,ugly_gold
rq3g_python_048__c6,rq3g_python_048,dorn_python_091,python,mid,beautiful_trash,ugly_trash,visual_only_trash,beautiful_trash
rq3g_python_049__c1,rq3g_python_049,dorn_python_096,python,mid,golden,ugly_gold,visual_only_gold,golden
rq3g_python_049__c2,rq3g_python_049,dorn_python_096,python,mid,golden,beautiful_trash,semantic_and_visual_aligned,golden
rq3g_python_049__c3,rq3g_python_049,dorn_python_096,python,mid,golden,ugly_trash,semantic_and_visual_aligned,golden
rq3g_python_049__c4,rq3g_python_049,dorn_python_096,python,mid,ugly_gold,beautiful_trash,semantic_visual_conflict_primary,ugly_gold
rq3g_python_049__c5,rq3g_python_049,dorn_python_096,python,mid,ugly_gold,ugly_trash,semantic_only_under_ugly,ugly_gold
rq3g_python_049__c6,rq3g_python_049,dorn_python_096,python,mid,beautiful_trash,ugly_trash,visual_only_trash,beautiful_trash
rq3g_python_050__c1,rq3g_python_050,dorn_python_093,python,mid,golden,ugly_gold,visual_only_gold,golden
rq3g_python_050__c2,rq3g_python_050,dorn_python_093,python,mid,golden,beautiful_trash,semantic_and_visual_aligned,golden
rq3g_python_050__c3,rq3g_python_050,dorn_python_093,python,mid,golden,ugly_trash,semantic_and_visual_aligned,golden
rq3g_python_050__c4,rq3g_python_050,dorn_python_093,python,mid,ugly_gold,beautiful_trash,semantic_visual_conflict_primary,ugly_gold
rq3g_python_050__c5,rq3g_python_050,dorn_python_093,python,mid,ugly_gold,ugly_trash,semantic_only_under_ugly,ugly_gold
rq3g_python_050__c6,rq3g_python_050,dorn_python_093,python,mid,beautiful_trash,ugly_trash,visual_only_trash,beautiful_trash
rq3g_python_051__c1,rq3g_python_051,dorn_python_028,python,mid,golden,ugly_gold,visual_only_gold,golden
rq3g_python_051__c2,rq3g_python_051,dorn_python_028,python,mid,golden,beautiful_trash,semantic_and_visual_aligned,golden
rq3g_python_051__c3,rq3g_python_051,dorn_python_028,python,mid,golden,ugly_trash,semantic_and_visual_aligned,golden
rq3g_python_051__c4,rq3g_python_051,dorn_python_028,python,mid,ugly_gold,beautiful_trash,semantic_visual_conflict_primary,ugly_gold
rq3g_python_051__c5,rq3g_python_051,dorn_python_028,python,mid,ugly_gold,ugly_trash,semantic_only_under_ugly,ugly_gold
rq3g_python_051__c6,rq3g_python_051,dorn_python_028,python,mid,beautiful_trash,ugly_trash,visual_only_trash,beautiful_trash
rq3g_python_052__c1,rq3g_python_052,dorn_python_040,python,mid,golden,ugly_gold,visual_only_gold,golden
rq3g_python_052__c2,rq3g_python_052,dorn_python_040,python,mid,golden,beautiful_trash,semantic_and_visual_aligned,golden
rq3g_python_052__c3,rq3g_python_052,dorn_python_040,python,mid,golden,ugly_trash,semantic_and_visual_aligned,golden
rq3g_python_052__c4,rq3g_python_052,dorn_python_040,python,mid,ugly_gold,beautiful_trash,semantic_visual_conflict_primary,ugly_gold
rq3g_python_052__c5,rq3g_python_052,dorn_python_040,python,mid,ugly_gold,ugly_trash,semantic_only_under_ugly,ugly_gold
rq3g_python_052__c6,rq3g_python_052,dorn_python_040,python,mid,beautiful_trash,ugly_trash,visual_only_trash,beautiful_trash
rq3g_python_053__c1,rq3g_python_053,dorn_python_024,python,mid,golden,ugly_gold,visual_only_gold,golden
rq3g_python_053__c2,rq3g_python_053,dorn_python_024,python,mid,golden,beautiful_trash,semantic_and_visual_aligned,golden
rq3g_python_053__c3,rq3g_python_053,dorn_python_024,python,mid,golden,ugly_trash,semantic_and_visual_aligned,golden
rq3g_python_053__c4,rq3g_python_053,dorn_python_024,python,mid,ugly_gold,beautiful_trash,semantic_visual_conflict_primary,ugly_gold
rq3g_python_053__c5,rq3g_python_053,dorn_python_024,python,mid,ugly_gold,ugly_trash,semantic_only_under_ugly,ugly_gold
rq3g_python_053__c6,rq3g_python_053,dorn_python_024,python,mid,beautiful_trash,ugly_trash,visual_only_trash,beautiful_trash
rq3g_python_054__c1,rq3g_python_054,dorn_python_046,python,mid,golden,ugly_gold,visual_only_gold,golden
rq3g_python_054__c2,rq3g_python_054,dorn_python_046,python,mid,golden,beautiful_trash,semantic_and_visual_aligned,golden
rq3g_python_054__c3,rq3g_python_054,dorn_python_046,python,mid,golden,ugly_trash,semantic_and_visual_aligned,golden
rq3g_python_054__c4,rq3g_python_054,dorn_python_046,python,mid,ugly_gold,beautiful_trash,semantic_visual_conflict_primary,ugly_gold
rq3g_python_054__c5,rq3g_python_054,dorn_python_046,python,mid,ugly_gold,ugly_trash,semantic_only_under_ugly,ugly_gold
rq3g_python_054__c6,rq3g_python_054,dorn_python_046,python,mid,beautiful_trash,ugly_trash,visual_only_trash,beautiful_trash
rq3g_python_055__c1,rq3g_python_055,dorn_python_098,python,mid,golden,ugly_gold,visual_only_gold,golden
rq3g_python_055__c2,rq3g_python_055,dorn_python_098,python,mid,golden,beautiful_trash,semantic_and_visual_aligned,golden
rq3g_python_055__c3,rq3g_python_055,dorn_python_098,python,mid,golden,ugly_trash,semantic_and_visual_aligned,golden
rq3g_python_055__c4,rq3g_python_055,dorn_python_098,python,mid,ugly_gold,beautiful_trash,semantic_visual_conflict_primary,ugly_gold
rq3g_python_055__c5,rq3g_python_055,dorn_python_098,python,mid,ugly_gold,ugly_trash,semantic_only_under_ugly,ugly_gold
rq3g_python_055__c6,rq3g_python_055,dorn_python_098,python,mid,beautiful_trash,ugly_trash,visual_only_trash,beautiful_trash
rq3g_python_056__c1,rq3g_python_056,dorn_python_058,python,mid,golden,ugly_gold,visual_only_gold,golden
rq3g_python_056__c2,rq3g_python_056,dorn_python_058,python,mid,golden,beautiful_trash,semantic_and_visual_aligned,golden
rq3g_python_056__c3,rq3g_python_056,dorn_python_058,python,mid,golden,ugly_trash,semantic_and_visual_aligned,golden
rq3g_python_056__c4,rq3g_python_056,dorn_python_058,python,mid,ugly_gold,beautiful_trash,semantic_visual_conflict_primary,ugly_gold
rq3g_python_056__c5,rq3g_python_056,dorn_python_058,python,mid,ugly_gold,ugly_trash,semantic_only_under_ugly,ugly_gold
rq3g_python_056__c6,rq3g_python_056,dorn_python_058,python,mid,beautiful_trash,ugly_trash,visual_only_trash,beautiful_trash
rq3g_python_057__c1,rq3g_python_057,dorn_python_084,python,mid,golden,ugly_gold,visual_only_gold,golden
rq3g_python_057__c2,rq3g_python_057,dorn_python_084,python,mid,golden,beautiful_trash,semantic_and_visual_aligned,golden
rq3g_python_057__c3,rq3g_python_057,dorn_python_084,python,mid,golden,ugly_trash,semantic_and_visual_aligned,golden
rq3g_python_057__c4,rq3g_python_057,dorn_python_084,python,mid,ugly_gold,beautiful_trash,semantic_visual_conflict_primary,ugly_gold
rq3g_python_057__c5,rq3g_python_057,dorn_python_084,python,mid,ugly_gold,ugly_trash,semantic_only_under_ugly,ugly_gold
rq3g_python_057__c6,rq3g_python_057,dorn_python_084,python,mid,beautiful_trash,ugly_trash,visual_only_trash,beautiful_trash
rq3g_python_058__c1,rq3g_python_058,dorn_python_068,python,mid,golden,ugly_gold,visual_only_gold,golden
rq3g_python_058__c2,rq3g_python_058,dorn_python_068,python,mid,golden,beautiful_trash,semantic_and_visual_aligned,golden
rq3g_python_058__c3,rq3g_python_058,dorn_python_068,python,mid,golden,ugly_trash,semantic_and_visual_aligned,golden
rq3g_python_058__c4,rq3g_python_058,dorn_python_068,python,mid,ugly_gold,beautiful_trash,semantic_visual_conflict_primary,ugly_gold
rq3g_python_058__c5,rq3g_python_058,dorn_python_068,python,mid,ugly_gold,ugly_trash,semantic_only_under_ugly,ugly_gold
rq3g_python_058__c6,rq3g_python_058,dorn_python_068,python,mid,beautiful_trash,ugly_trash,visual_only_trash,beautiful_trash
rq3g_python_059__c1,rq3g_python_059,dorn_python_051,python,mid,golden,ugly_gold,visual_only_gold,golden
rq3g_python_059__c2,rq3g_python_059,dorn_python_051,python,mid,golden,beautiful_trash,semantic_and_visual_aligned,golden
rq3g_python_059__c3,rq3g_python_059,dorn_python_051,python,mid,golden,ugly_trash,semantic_and_visual_aligned,golden
rq3g_python_059__c4,rq3g_python_059,dorn_python_051,python,mid,ugly_gold,beautiful_trash,semantic_visual_conflict_primary,ugly_gold
rq3g_python_059__c5,rq3g_python_059,dorn_python_051,python,mid,ugly_gold,ugly_trash,semantic_only_under_ugly,ugly_gold
rq3g_python_059__c6,rq3g_python_059,dorn_python_051,python,mid,beautiful_trash,ugly_trash,visual_only_trash,beautiful_trash
rq3g_python_060__c1,rq3g_python_060,dorn_python_109,python,mid,golden,ugly_gold,visual_only_gold,golden
rq3g_python_060__c2,rq3g_python_060,dorn_python_109,python,mid,golden,beautiful_trash,semantic_and_visual_aligned,golden
rq3g_python_060__c3,rq3g_python_060,dorn_python_109,python,mid,golden,ugly_trash,semantic_and_visual_aligned,golden
rq3g_python_060__c4,rq3g_python_060,dorn_python_109,python,mid,ugly_gold,beautiful_trash,semantic_visual_conflict_primary,ugly_gold
rq3g_python_060__c5,rq3g_python_060,dorn_python_109,python,mid,ugly_gold,ugly_trash,semantic_only_under_ugly,ugly_gold
rq3g_python_060__c6,rq3g_python_060,dorn_python_109,python,mid,beautiful_trash,ugly_trash,visual_only_trash,beautiful_trash
rq3g_python_061__c1,rq3g_python_061,dorn_python_002,python,mid,golden,ugly_gold,visual_only_gold,golden
rq3g_python_061__c2,rq3g_python_061,dorn_python_002,python,mid,golden,beautiful_trash,semantic_and_visual_aligned,golden
rq3g_python_061__c3,rq3g_python_061,dorn_python_002,python,mid,golden,ugly_trash,semantic_and_visual_aligned,golden
rq3g_python_061__c4,rq3g_python_061,dorn_python_002,python,mid,ugly_gold,beautiful_trash,semantic_visual_conflict_primary,ugly_gold
rq3g_python_061__c5,rq3g_python_061,dorn_python_002,python,mid,ugly_gold,ugly_trash,semantic_only_under_ugly,ugly_gold
rq3g_python_061__c6,rq3g_python_061,dorn_python_002,python,mid,beautiful_trash,ugly_trash,visual_only_trash,beautiful_trash
rq3g_python_062__c1,rq3g_python_062,dorn_python_009,python,mid,golden,ugly_gold,visual_only_gold,golden
rq3g_python_062__c2,rq3g_python_062,dorn_python_009,python,mid,golden,beautiful_trash,semantic_and_visual_aligned,golden
rq3g_python_062__c3,rq3g_python_062,dorn_python_009,python,mid,golden,ugly_trash,semantic_and_visual_aligned,golden
rq3g_python_062__c4,rq3g_python_062,dorn_python_009,python,mid,ugly_gold,beautiful_trash,semantic_visual_conflict_primary,ugly_gold
rq3g_python_062__c5,rq3g_python_062,dorn_python_009,python,mid,ugly_gold,ugly_trash,semantic_only_under_ugly,ugly_gold
rq3g_python_062__c6,rq3g_python_062,dorn_python_009,python,mid,beautiful_trash,ugly_trash,visual_only_trash,beautiful_trash
rq3g_python_063__c1,rq3g_python_063,dorn_python_049,python,mid,golden,ugly_gold,visual_only_gold,golden
rq3g_python_063__c2,rq3g_python_063,dorn_python_049,python,mid,golden,beautiful_trash,semantic_and_visual_aligned,golden
rq3g_python_063__c3,rq3g_python_063,dorn_python_049,python,mid,golden,ugly_trash,semantic_and_visual_aligned,golden
rq3g_python_063__c4,rq3g_python_063,dorn_python_049,python,mid,ugly_gold,beautiful_trash,semantic_visual_conflict_primary,ugly_gold
rq3g_python_063__c5,rq3g_python_063,dorn_python_049,python,mid,ugly_gold,ugly_trash,semantic_only_under_ugly,ugly_gold
rq3g_python_063__c6,rq3g_python_063,dorn_python_049,python,mid,beautiful_trash,ugly_trash,visual_only_trash,beautiful_trash
rq3g_python_064__c1,rq3g_python_064,dorn_python_059,python,mid,golden,ugly_gold,visual_only_gold,golden
rq3g_python_064__c2,rq3g_python_064,dorn_python_059,python,mid,golden,beautiful_trash,semantic_and_visual_aligned,golden
rq3g_python_064__c3,rq3g_python_064,dorn_python_059,python,mid,golden,ugly_trash,semantic_and_visual_aligned,golden
rq3g_python_064__c4,rq3g_python_064,dorn_python_059,python,mid,ugly_gold,beautiful_trash,semantic_visual_conflict_primary,ugly_gold
rq3g_python_064__c5,rq3g_python_064,dorn_python_059,python,mid,ugly_gold,ugly_trash,semantic_only_under_ugly,ugly_gold
rq3g_python_064__c6,rq3g_python_064,dorn_python_059,python,mid,beautiful_trash,ugly_trash,visual_only_trash,beautiful_trash
rq3g_python_065__c1,rq3g_python_065,dorn_python_053,python,mid,golden,ugly_gold,visual_only_gold,golden
rq3g_python_065__c2,rq3g_python_065,dorn_python_053,python,mid,golden,beautiful_trash,semantic_and_visual_aligned,golden
rq3g_python_065__c3,rq3g_python_065,dorn_python_053,python,mid,golden,ugly_trash,semantic_and_visual_aligned,golden
rq3g_python_065__c4,rq3g_python_065,dorn_python_053,python,mid,ugly_gold,beautiful_trash,semantic_visual_conflict_primary,ugly_gold
rq3g_python_065__c5,rq3g_python_065,dorn_python_053,python,mid,ugly_gold,ugly_trash,semantic_only_under_ugly,ugly_gold
rq3g_python_065__c6,rq3g_python_065,dorn_python_053,python,mid,beautiful_trash,ugly_trash,visual_only_trash,beautiful_trash
rq3g_python_066__c1,rq3g_python_066,dorn_python_032,python,mid,golden,ugly_gold,visual_only_gold,golden
rq3g_python_066__c2,rq3g_python_066,dorn_python_032,python,mid,golden,beautiful_trash,semantic_and_visual_aligned,golden
rq3g_python_066__c3,rq3g_python_066,dorn_python_032,python,mid,golden,ugly_trash,semantic_and_visual_aligned,golden
rq3g_python_066__c4,rq3g_python_066,dorn_python_032,python,mid,ugly_gold,beautiful_trash,semantic_visual_conflict_primary,ugly_gold
rq3g_python_066__c5,rq3g_python_066,dorn_python_032,python,mid,ugly_gold,ugly_trash,semantic_only_under_ugly,ugly_gold
rq3g_python_066__c6,rq3g_python_066,dorn_python_032,python,mid,beautiful_trash,ugly_trash,visual_only_trash,beautiful_trash
rq3g_python_067__c1,rq3g_python_067,dorn_python_057,python,high,golden,ugly_gold,visual_only_gold,golden
rq3g_python_067__c2,rq3g_python_067,dorn_python_057,python,high,golden,beautiful_trash,semantic_and_visual_aligned,golden
rq3g_python_067__c3,rq3g_python_067,dorn_python_057,python,high,golden,ugly_trash,semantic_and_visual_aligned,golden
rq3g_python_067__c4,rq3g_python_067,dorn_python_057,python,high,ugly_gold,beautiful_trash,semantic_visual_conflict_primary,ugly_gold
rq3g_python_067__c5,rq3g_python_067,dorn_python_057,python,high,ugly_gold,ugly_trash,semantic_only_under_ugly,ugly_gold
rq3g_python_067__c6,rq3g_python_067,dorn_python_057,python,high,beautiful_trash,ugly_trash,visual_only_trash,beautiful_trash
rq3g_python_068__c1,rq3g_python_068,dorn_python_061,python,high,golden,ugly_gold,visual_only_gold,golden
rq3g_python_068__c2,rq3g_python_068,dorn_python_061,python,high,golden,beautiful_trash,semantic_and_visual_aligned,golden
rq3g_python_068__c3,rq3g_python_068,dorn_python_061,python,high,golden,ugly_trash,semantic_and_visual_aligned,golden
rq3g_python_068__c4,rq3g_python_068,dorn_python_061,python,high,ugly_gold,beautiful_trash,semantic_visual_conflict_primary,ugly_gold
rq3g_python_068__c5,rq3g_python_068,dorn_python_061,python,high,ugly_gold,ugly_trash,semantic_only_under_ugly,ugly_gold
rq3g_python_068__c6,rq3g_python_068,dorn_python_061,python,high,beautiful_trash,ugly_trash,visual_only_trash,beautiful_trash
rq3g_python_069__c1,rq3g_python_069,dorn_python_018,python,high,golden,ugly_gold,visual_only_gold,golden
rq3g_python_069__c2,rq3g_python_069,dorn_python_018,python,high,golden,beautiful_trash,semantic_and_visual_aligned,golden
rq3g_python_069__c3,rq3g_python_069,dorn_python_018,python,high,golden,ugly_trash,semantic_and_visual_aligned,golden
rq3g_python_069__c4,rq3g_python_069,dorn_python_018,python,high,ugly_gold,beautiful_trash,semantic_visual_conflict_primary,ugly_gold
rq3g_python_069__c5,rq3g_python_069,dorn_python_018,python,high,ugly_gold,ugly_trash,semantic_only_under_ugly,ugly_gold
rq3g_python_069__c6,rq3g_python_069,dorn_python_018,python,high,beautiful_trash,ugly_trash,visual_only_trash,beautiful_trash
rq3g_python_070__c1,rq3g_python_070,dorn_python_113,python,high,golden,ugly_gold,visual_only_gold,golden
rq3g_python_070__c2,rq3g_python_070,dorn_python_113,python,high,golden,beautiful_trash,semantic_and_visual_aligned,golden
rq3g_python_070__c3,rq3g_python_070,dorn_python_113,python,high,golden,ugly_trash,semantic_and_visual_aligned,golden
rq3g_python_070__c4,rq3g_python_070,dorn_python_113,python,high,ugly_gold,beautiful_trash,semantic_visual_conflict_primary,ugly_gold
rq3g_python_070__c5,rq3g_python_070,dorn_python_113,python,high,ugly_gold,ugly_trash,semantic_only_under_ugly,ugly_gold
rq3g_python_070__c6,rq3g_python_070,dorn_python_113,python,high,beautiful_trash,ugly_trash,visual_only_trash,beautiful_trash
rq3g_python_071__c1,rq3g_python_071,dorn_python_055,python,high,golden,ugly_gold,visual_only_gold,golden
rq3g_python_071__c2,rq3g_python_071,dorn_python_055,python,high,golden,beautiful_trash,semantic_and_visual_aligned,golden
rq3g_python_071__c3,rq3g_python_071,dorn_python_055,python,high,golden,ugly_trash,semantic_and_visual_aligned,golden
rq3g_python_071__c4,rq3g_python_071,dorn_python_055,python,high,ugly_gold,beautiful_trash,semantic_visual_conflict_primary,ugly_gold
rq3g_python_071__c5,rq3g_python_071,dorn_python_055,python,high,ugly_gold,ugly_trash,semantic_only_under_ugly,ugly_gold
rq3g_python_071__c6,rq3g_python_071,dorn_python_055,python,high,beautiful_trash,ugly_trash,visual_only_trash,beautiful_trash
rq3g_python_072__c1,rq3g_python_072,dorn_python_075,python,high,golden,ugly_gold,visual_only_gold,golden
rq3g_python_072__c2,rq3g_python_072,dorn_python_075,python,high,golden,beautiful_trash,semantic_and_visual_aligned,golden
rq3g_python_072__c3,rq3g_python_072,dorn_python_075,python,high,golden,ugly_trash,semantic_and_visual_aligned,golden
rq3g_python_072__c4,rq3g_python_072,dorn_python_075,python,high,ugly_gold,beautiful_trash,semantic_visual_conflict_primary,ugly_gold
rq3g_python_072__c5,rq3g_python_072,dorn_python_075,python,high,ugly_gold,ugly_trash,semantic_only_under_ugly,ugly_gold
rq3g_python_072__c6,rq3g_python_072,dorn_python_075,python,high,beautiful_trash,ugly_trash,visual_only_trash,beautiful_trash
rq3g_python_073__c1,rq3g_python_073,dorn_python_087,python,high,golden,ugly_gold,visual_only_gold,golden
rq3g_python_073__c2,rq3g_python_073,dorn_python_087,python,high,golden,beautiful_trash,semantic_and_visual_aligned,golden
rq3g_python_073__c3,rq3g_python_073,dorn_python_087,python,high,golden,ugly_trash,semantic_and_visual_aligned,golden
rq3g_python_073__c4,rq3g_python_073,dorn_python_087,python,high,ugly_gold,beautiful_trash,semantic_visual_conflict_primary,ugly_gold
rq3g_python_073__c5,rq3g_python_073,dorn_python_087,python,high,ugly_gold,ugly_trash,semantic_only_under_ugly,ugly_gold
rq3g_python_073__c6,rq3g_python_073,dorn_python_087,python,high,beautiful_trash,ugly_trash,visual_only_trash,beautiful_trash
rq3g_python_074__c1,rq3g_python_074,dorn_python_083,python,high,golden,ugly_gold,visual_only_gold,golden
rq3g_python_074__c2,rq3g_python_074,dorn_python_083,python,high,golden,beautiful_trash,semantic_and_visual_aligned,golden
rq3g_python_074__c3,rq3g_python_074,dorn_python_083,python,high,golden,ugly_trash,semantic_and_visual_aligned,golden
rq3g_python_074__c4,rq3g_python_074,dorn_python_083,python,high,ugly_gold,beautiful_trash,semantic_visual_conflict_primary,ugly_gold
rq3g_python_074__c5,rq3g_python_074,dorn_python_083,python,high,ugly_gold,ugly_trash,semantic_only_under_ugly,ugly_gold
rq3g_python_074__c6,rq3g_python_074,dorn_python_083,python,high,beautiful_trash,ugly_trash,visual_only_trash,beautiful_trash
rq3g_python_075__c1,rq3g_python_075,dorn_python_114,python,high,golden,ugly_gold,visual_only_gold,golden
rq3g_python_075__c2,rq3g_python_075,dorn_python_114,python,high,golden,beautiful_trash,semantic_and_visual_aligned,golden
rq3g_python_075__c3,rq3g_python_075,dorn_python_114,python,high,golden,ugly_trash,semantic_and_visual_aligned,golden
rq3g_python_075__c4,rq3g_python_075,dorn_python_114,python,high,ugly_gold,beautiful_trash,semantic_visual_conflict_primary,ugly_gold
rq3g_python_075__c5,rq3g_python_075,dorn_python_114,python,high,ugly_gold,ugly_trash,semantic_only_under_ugly,ugly_gold
rq3g_python_075__c6,rq3g_python_075,dorn_python_114,python,high,beautiful_trash,ugly_trash,visual_only_trash,beautiful_trash
rq3g_python_076__c1,rq3g_python_076,dorn_python_045,python,high,golden,ugly_gold,visual_only_gold,golden
rq3g_python_076__c2,rq3g_python_076,dorn_python_045,python,high,golden,beautiful_trash,semantic_and_visual_aligned,golden
rq3g_python_076__c3,rq3g_python_076,dorn_python_045,python,high,golden,ugly_trash,semantic_and_visual_aligned,golden
rq3g_python_076__c4,rq3g_python_076,dorn_python_045,python,high,ugly_gold,beautiful_trash,semantic_visual_conflict_primary,ugly_gold
rq3g_python_076__c5,rq3g_python_076,dorn_python_045,python,high,ugly_gold,ugly_trash,semantic_only_under_ugly,ugly_gold
rq3g_python_076__c6,rq3g_python_076,dorn_python_045,python,high,beautiful_trash,ugly_trash,visual_only_trash,beautiful_trash
rq3g_python_077__c1,rq3g_python_077,dorn_python_042,python,high,golden,ugly_gold,visual_only_gold,golden
rq3g_python_077__c2,rq3g_python_077,dorn_python_042,python,high,golden,beautiful_trash,semantic_and_visual_aligned,golden
rq3g_python_077__c3,rq3g_python_077,dorn_python_042,python,high,golden,ugly_trash,semantic_and_visual_aligned,golden
rq3g_python_077__c4,rq3g_python_077,dorn_python_042,python,high,ugly_gold,beautiful_trash,semantic_visual_conflict_primary,ugly_gold
rq3g_python_077__c5,rq3g_python_077,dorn_python_042,python,high,ugly_gold,ugly_trash,semantic_only_under_ugly,ugly_gold
rq3g_python_077__c6,rq3g_python_077,dorn_python_042,python,high,beautiful_trash,ugly_trash,visual_only_trash,beautiful_trash
rq3g_python_078__c1,rq3g_python_078,dorn_python_060,python,high,golden,ugly_gold,visual_only_gold,golden
rq3g_python_078__c2,rq3g_python_078,dorn_python_060,python,high,golden,beautiful_trash,semantic_and_visual_aligned,golden
rq3g_python_078__c3,rq3g_python_078,dorn_python_060,python,high,golden,ugly_trash,semantic_and_visual_aligned,golden
rq3g_python_078__c4,rq3g_python_078,dorn_python_060,python,high,ugly_gold,beautiful_trash,semantic_visual_conflict_primary,ugly_gold
rq3g_python_078__c5,rq3g_python_078,dorn_python_060,python,high,ugly_gold,ugly_trash,semantic_only_under_ugly,ugly_gold
rq3g_python_078__c6,rq3g_python_078,dorn_python_060,python,high,beautiful_trash,ugly_trash,visual_only_trash,beautiful_trash
rq3g_python_079__c1,rq3g_python_079,dorn_python_047,python,high,golden,ugly_gold,visual_only_gold,golden
rq3g_python_079__c2,rq3g_python_079,dorn_python_047,python,high,golden,beautiful_trash,semantic_and_visual_aligned,golden
rq3g_python_079__c3,rq3g_python_079,dorn_python_047,python,high,golden,ugly_trash,semantic_and_visual_aligned,golden
rq3g_python_079__c4,rq3g_python_079,dorn_python_047,python,high,ugly_gold,beautiful_trash,semantic_visual_conflict_primary,ugly_gold
rq3g_python_079__c5,rq3g_python_079,dorn_python_047,python,high,ugly_gold,ugly_trash,semantic_only_under_ugly,ugly_gold
rq3g_python_079__c6,rq3g_python_079,dorn_python_047,python,high,beautiful_trash,ugly_trash,visual_only_trash,beautiful_trash
rq3g_python_080__c1,rq3g_python_080,dorn_python_069,python,high,golden,ugly_gold,visual_only_gold,golden
rq3g_python_080__c2,rq3g_python_080,dorn_python_069,python,high,golden,beautiful_trash,semantic_and_visual_aligned,golden
rq3g_python_080__c3,rq3g_python_080,dorn_python_069,python,high,golden,ugly_trash,semantic_and_visual_aligned,golden
rq3g_python_080__c4,rq3g_python_080,dorn_python_069,python,high,ugly_gold,beautiful_trash,semantic_visual_conflict_primary,ugly_gold
rq3g_python_080__c5,rq3g_python_080,dorn_python_069,python,high,ugly_gold,ugly_trash,semantic_only_under_ugly,ugly_gold
rq3g_python_080__c6,rq3g_python_080,dorn_python_069,python,high,beautiful_trash,ugly_trash,visual_only_trash,beautiful_trash
rq3g_python_081__c1,rq3g_python_081,dorn_python_101,python,high,golden,ugly_gold,visual_only_gold,golden
rq3g_python_081__c2,rq3g_python_081,dorn_python_101,python,high,golden,beautiful_trash,semantic_and_visual_aligned,golden
rq3g_python_081__c3,rq3g_python_081,dorn_python_101,python,high,golden,ugly_trash,semantic_and_visual_aligned,golden
rq3g_python_081__c4,rq3g_python_081,dorn_python_101,python,high,ugly_gold,beautiful_trash,semantic_visual_conflict_primary,ugly_gold
rq3g_python_081__c5,rq3g_python_081,dorn_python_101,python,high,ugly_gold,ugly_trash,semantic_only_under_ugly,ugly_gold
rq3g_python_081__c6,rq3g_python_081,dorn_python_101,python,high,beautiful_trash,ugly_trash,visual_only_trash,beautiful_trash
rq3g_python_082__c1,rq3g_python_082,dorn_python_005,python,high,golden,ugly_gold,visual_only_gold,golden
rq3g_python_082__c2,rq3g_python_082,dorn_python_005,python,high,golden,beautiful_trash,semantic_and_visual_aligned,golden
rq3g_python_082__c3,rq3g_python_082,dorn_python_005,python,high,golden,ugly_trash,semantic_and_visual_aligned,golden
rq3g_python_082__c4,rq3g_python_082,dorn_python_005,python,high,ugly_gold,beautiful_trash,semantic_visual_conflict_primary,ugly_gold
rq3g_python_082__c5,rq3g_python_082,dorn_python_005,python,high,ugly_gold,ugly_trash,semantic_only_under_ugly,ugly_gold
rq3g_python_082__c6,rq3g_python_082,dorn_python_005,python,high,beautiful_trash,ugly_trash,visual_only_trash,beautiful_trash
rq3g_python_083__c1,rq3g_python_083,dorn_python_082,python,high,golden,ugly_gold,visual_only_gold,golden
rq3g_python_083__c2,rq3g_python_083,dorn_python_082,python,high,golden,beautiful_trash,semantic_and_visual_aligned,golden
rq3g_python_083__c3,rq3g_python_083,dorn_python_082,python,high,golden,ugly_trash,semantic_and_visual_aligned,golden
rq3g_python_083__c4,rq3g_python_083,dorn_python_082,python,high,ugly_gold,beautiful_trash,semantic_visual_conflict_primary,ugly_gold
rq3g_python_083__c5,rq3g_python_083,dorn_python_082,python,high,ugly_gold,ugly_trash,semantic_only_under_ugly,ugly_gold
rq3g_python_083__c6,rq3g_python_083,dorn_python_082,python,high,beautiful_trash,ugly_trash,visual_only_trash,beautiful_trash
rq3g_python_084__c1,rq3g_python_084,dorn_python_012,python,high,golden,ugly_gold,visual_only_gold,golden
rq3g_python_084__c2,rq3g_python_084,dorn_python_012,python,high,golden,beautiful_trash,semantic_and_visual_aligned,golden
rq3g_python_084__c3,rq3g_python_084,dorn_python_012,python,high,golden,ugly_trash,semantic_and_visual_aligned,golden
rq3g_python_084__c4,rq3g_python_084,dorn_python_012,python,high,ugly_gold,beautiful_trash,semantic_visual_conflict_primary,ugly_gold
rq3g_python_084__c5,rq3g_python_084,dorn_python_012,python,high,ugly_gold,ugly_trash,semantic_only_under_ugly,ugly_gold
rq3g_python_084__c6,rq3g_python_084,dorn_python_012,python,high,beautiful_trash,ugly_trash,visual_only_trash,beautiful_trash
rq3g_python_085__c1,rq3g_python_085,dorn_python_044,python,high,golden,ugly_gold,visual_only_gold,golden
rq3g_python_085__c2,rq3g_python_085,dorn_python_044,python,high,golden,beautiful_trash,semantic_and_visual_aligned,golden
rq3g_python_085__c3,rq3g_python_085,dorn_python_044,python,high,golden,ugly_trash,semantic_and_visual_aligned,golden
rq3g_python_085__c4,rq3g_python_085,dorn_python_044,python,high,ugly_gold,beautiful_trash,semantic_visual_conflict_primary,ugly_gold
rq3g_python_085__c5,rq3g_python_085,dorn_python_044,python,high,ugly_gold,ugly_trash,semantic_only_under_ugly,ugly_gold
rq3g_python_085__c6,rq3g_python_085,dorn_python_044,python,high,beautiful_trash,ugly_trash,visual_only_trash,beautiful_trash
rq3g_python_086__c1,rq3g_python_086,dorn_python_052,python,high,golden,ugly_gold,visual_only_gold,golden
rq3g_python_086__c2,rq3g_python_086,dorn_python_052,python,high,golden,beautiful_trash,semantic_and_visual_aligned,golden
rq3g_python_086__c3,rq3g_python_086,dorn_python_052,python,high,golden,ugly_trash,semantic_and_visual_aligned,golden
rq3g_python_086__c4,rq3g_python_086,dorn_python_052,python,high,ugly_gold,beautiful_trash,semantic_visual_conflict_primary,ugly_gold
rq3g_python_086__c5,rq3g_python_086,dorn_python_052,python,high,ugly_gold,ugly_trash,semantic_only_under_ugly,ugly_gold
rq3g_python_086__c6,rq3g_python_086,dorn_python_052,python,high,beautiful_trash,ugly_trash,visual_only_trash,beautiful_trash
rq3g_python_087__c1,rq3g_python_087,dorn_python_010,python,high,golden,ugly_gold,visual_only_gold,golden
rq3g_python_087__c2,rq3g_python_087,dorn_python_010,python,high,golden,beautiful_trash,semantic_and_visual_aligned,golden
rq3g_python_087__c3,rq3g_python_087,dorn_python_010,python,high,golden,ugly_trash,semantic_and_visual_aligned,golden
rq3g_python_087__c4,rq3g_python_087,dorn_python_010,python,high,ugly_gold,beautiful_trash,semantic_visual_conflict_primary,ugly_gold
rq3g_python_087__c5,rq3g_python_087,dorn_python_010,python,high,ugly_gold,ugly_trash,semantic_only_under_ugly,ugly_gold
rq3g_python_087__c6,rq3g_python_087,dorn_python_010,python,high,beautiful_trash,ugly_trash,visual_only_trash,beautiful_trash
rq3g_python_088__c1,rq3g_python_088,dorn_python_116,python,high,golden,ugly_gold,visual_only_gold,golden
rq3g_python_088__c2,rq3g_python_088,dorn_python_116,python,high,golden,beautiful_trash,semantic_and_visual_aligned,golden
rq3g_python_088__c3,rq3g_python_088,dorn_python_116,python,high,golden,ugly_trash,semantic_and_visual_aligned,golden
rq3g_python_088__c4,rq3g_python_088,dorn_python_116,python,high,ugly_gold,beautiful_trash,semantic_visual_conflict_primary,ugly_gold
rq3g_python_088__c5,rq3g_python_088,dorn_python_116,python,high,ugly_gold,ugly_trash,semantic_only_under_ugly,ugly_gold
rq3g_python_088__c6,rq3g_python_088,dorn_python_116,python,high,beautiful_trash,ugly_trash,visual_only_trash,beautiful_trash
rq3g_python_089__c1,rq3g_python_089,dorn_python_048,python,high,golden,ugly_gold,visual_only_gold,golden
rq3g_python_089__c2,rq3g_python_089,dorn_python_048,python,high,golden,beautiful_trash,semantic_and_visual_aligned,golden
rq3g_python_089__c3,rq3g_python_089,dorn_python_048,python,high,golden,ugly_trash,semantic_and_visual_aligned,golden
rq3g_python_089__c4,rq3g_python_089,dorn_python_048,python,high,ugly_gold,beautiful_trash,semantic_visual_conflict_primary,ugly_gold
rq3g_python_089__c5,rq3g_python_089,dorn_python_048,python,high,ugly_gold,ugly_trash,semantic_only_under_ugly,ugly_gold
rq3g_python_089__c6,rq3g_python_089,dorn_python_048,python,high,beautiful_trash,ugly_trash,visual_only_trash,beautiful_trash
rq3g_python_090__c1,rq3g_python_090,dorn_python_089,python,high,golden,ugly_gold,visual_only_gold,golden
rq3g_python_090__c2,rq3g_python_090,dorn_python_089,python,high,golden,beautiful_trash,semantic_and_visual_aligned,golden
rq3g_python_090__c3,rq3g_python_090,dorn_python_089,python,high,golden,ugly_trash,semantic_and_visual_aligned,golden
rq3g_python_090__c4,rq3g_python_090,dorn_python_089,python,high,ugly_gold,beautiful_trash,semantic_visual_conflict_primary,ugly_gold
rq3g_python_090__c5,rq3g_python_090,dorn_python_089,python,high,ugly_gold,ugly_trash,semantic_only_under_ugly,ugly_gold
rq3g_python_090__c6,rq3g_python_090,dorn_python_089,python,high,beautiful_trash,ugly_trash,visual_only_trash,beautiful_trash
rq3g_python_091__c1,rq3g_python_091,dorn_python_034,python,high,golden,ugly_gold,visual_only_gold,golden
rq3g_python_091__c2,rq3g_python_091,dorn_python_034,python,high,golden,beautiful_trash,semantic_and_visual_aligned,golden
rq3g_python_091__c3,rq3g_python_091,dorn_python_034,python,high,golden,ugly_trash,semantic_and_visual_aligned,golden
rq3g_python_091__c4,rq3g_python_091,dorn_python_034,python,high,ugly_gold,beautiful_trash,semantic_visual_conflict_primary,ugly_gold
rq3g_python_091__c5,rq3g_python_091,dorn_python_034,python,high,ugly_gold,ugly_trash,semantic_only_under_ugly,ugly_gold
rq3g_python_091__c6,rq3g_python_091,dorn_python_034,python,high,beautiful_trash,ugly_trash,visual_only_trash,beautiful_trash
rq3g_python_092__c1,rq3g_python_092,dorn_python_063,python,high,golden,ugly_gold,visual_only_gold,golden
rq3g_python_092__c2,rq3g_python_092,dorn_python_063,python,high,golden,beautiful_trash,semantic_and_visual_aligned,golden
rq3g_python_092__c3,rq3g_python_092,dorn_python_063,python,high,golden,ugly_trash,semantic_and_visual_aligned,golden
rq3g_python_092__c4,rq3g_python_092,dorn_python_063,python,high,ugly_gold,beautiful_trash,semantic_visual_conflict_primary,ugly_gold
rq3g_python_092__c5,rq3g_python_092,dorn_python_063,python,high,ugly_gold,ugly_trash,semantic_only_under_ugly,ugly_gold
rq3g_python_092__c6,rq3g_python_092,dorn_python_063,python,high,beautiful_trash,ugly_trash,visual_only_trash,beautiful_trash
rq3g_python_093__c1,rq3g_python_093,dorn_python_030,python,high,golden,ugly_gold,visual_only_gold,golden
rq3g_python_093__c2,rq3g_python_093,dorn_python_030,python,high,golden,beautiful_trash,semantic_and_visual_aligned,golden
rq3g_python_093__c3,rq3g_python_093,dorn_python_030,python,high,golden,ugly_trash,semantic_and_visual_aligned,golden
rq3g_python_093__c4,rq3g_python_093,dorn_python_030,python,high,ugly_gold,beautiful_trash,semantic_visual_conflict_primary,ugly_gold
rq3g_python_093__c5,rq3g_python_093,dorn_python_030,python,high,ugly_gold,ugly_trash,semantic_only_under_ugly,ugly_gold
rq3g_python_093__c6,rq3g_python_093,dorn_python_030,python,high,beautiful_trash,ugly_trash,visual_only_trash,beautiful_trash
rq3g_python_094__c1,rq3g_python_094,dorn_python_097,python,high,golden,ugly_gold,visual_only_gold,golden
rq3g_python_094__c2,rq3g_python_094,dorn_python_097,python,high,golden,beautiful_trash,semantic_and_visual_aligned,golden
rq3g_python_094__c3,rq3g_python_094,dorn_python_097,python,high,golden,ugly_trash,semantic_and_visual_aligned,golden
rq3g_python_094__c4,rq3g_python_094,dorn_python_097,python,high,ugly_gold,beautiful_trash,semantic_visual_conflict_primary,ugly_gold
rq3g_python_094__c5,rq3g_python_094,dorn_python_097,python,high,ugly_gold,ugly_trash,semantic_only_under_ugly,ugly_gold
rq3g_python_094__c6,rq3g_python_094,dorn_python_097,python,high,beautiful_trash,ugly_trash,visual_only_trash,beautiful_trash
rq3g_python_095__c1,rq3g_python_095,dorn_python_039,python,high,golden,ugly_gold,visual_only_gold,golden
rq3g_python_095__c2,rq3g_python_095,dorn_python_039,python,high,golden,beautiful_trash,semantic_and_visual_aligned,golden
rq3g_python_095__c3,rq3g_python_095,dorn_python_039,python,high,golden,ugly_trash,semantic_and_visual_aligned,golden
rq3g_python_095__c4,rq3g_python_095,dorn_python_039,python,high,ugly_gold,beautiful_trash,semantic_visual_conflict_primary,ugly_gold
rq3g_python_095__c5,rq3g_python_095,dorn_python_039,python,high,ugly_gold,ugly_trash,semantic_only_under_ugly,ugly_gold
rq3g_python_095__c6,rq3g_python_095,dorn_python_039,python,high,beautiful_trash,ugly_trash,visual_only_trash,beautiful_trash
rq3g_python_096__c1,rq3g_python_096,dorn_python_022,python,high,golden,ugly_gold,visual_only_gold,golden
rq3g_python_096__c2,rq3g_python_096,dorn_python_022,python,high,golden,beautiful_trash,semantic_and_visual_aligned,golden
rq3g_python_096__c3,rq3g_python_096,dorn_python_022,python,high,golden,ugly_trash,semantic_and_visual_aligned,golden
rq3g_python_096__c4,rq3g_python_096,dorn_python_022,python,high,ugly_gold,beautiful_trash,semantic_visual_conflict_primary,ugly_gold
rq3g_python_096__c5,rq3g_python_096,dorn_python_022,python,high,ugly_gold,ugly_trash,semantic_only_under_ugly,ugly_gold
rq3g_python_096__c6,rq3g_python_096,dorn_python_022,python,high,beautiful_trash,ugly_trash,visual_only_trash,beautiful_trash
rq3g_python_097__c1,rq3g_python_097,dorn_python_108,python,high,golden,ugly_gold,visual_only_gold,golden
rq3g_python_097__c2,rq3g_python_097,dorn_python_108,python,high,golden,beautiful_trash,semantic_and_visual_aligned,golden
rq3g_python_097__c3,rq3g_python_097,dorn_python_108,python,high,golden,ugly_trash,semantic_and_visual_aligned,golden
rq3g_python_097__c4,rq3g_python_097,dorn_python_108,python,high,ugly_gold,beautiful_trash,semantic_visual_conflict_primary,ugly_gold
rq3g_python_097__c5,rq3g_python_097,dorn_python_108,python,high,ugly_gold,ugly_trash,semantic_only_under_ugly,ugly_gold
rq3g_python_097__c6,rq3g_python_097,dorn_python_108,python,high,beautiful_trash,ugly_trash,visual_only_trash,beautiful_trash
rq3g_python_098__c1,rq3g_python_098,dorn_python_086,python,high,golden,ugly_gold,visual_only_gold,golden
rq3g_python_098__c2,rq3g_python_098,dorn_python_086,python,high,golden,beautiful_trash,semantic_and_visual_aligned,golden
rq3g_python_098__c3,rq3g_python_098,dorn_python_086,python,high,golden,ugly_trash,semantic_and_visual_aligned,golden
rq3g_python_098__c4,rq3g_python_098,dorn_python_086,python,high,ugly_gold,beautiful_trash,semantic_visual_conflict_primary,ugly_gold
rq3g_python_098__c5,rq3g_python_098,dorn_python_086,python,high,ugly_gold,ugly_trash,semantic_only_under_ugly,ugly_gold
rq3g_python_098__c6,rq3g_python_098,dorn_python_086,python,high,beautiful_trash,ugly_trash,visual_only_trash,beautiful_trash
rq3g_python_099__c1,rq3g_python_099,dorn_python_103,python,high,golden,ugly_gold,visual_only_gold,golden
rq3g_python_099__c2,rq3g_python_099,dorn_python_103,python,high,golden,beautiful_trash,semantic_and_visual_aligned,golden
rq3g_python_099__c3,rq3g_python_099,dorn_python_103,python,high,golden,ugly_trash,semantic_and_visual_aligned,golden
rq3g_python_099__c4,rq3g_python_099,dorn_python_103,python,high,ugly_gold,beautiful_trash,semantic_visual_conflict_primary,ugly_gold
rq3g_python_099__c5,rq3g_python_099,dorn_python_103,python,high,ugly_gold,ugly_trash,semantic_only_under_ugly,ugly_gold
rq3g_python_099__c6,rq3g_python_099,dorn_python_103,python,high,beautiful_trash,ugly_trash,visual_only_trash,beautiful_trash
