model_key,model_name,pair_id,snippet_x_id,snippet_y_id,difficulty,human_preference,parsed_ab,parsed_ba,choice_ab,choice_ba,parsed_both,is_valid_strict_swap,is_correct_and_valid,parse_failures_count,pair_parse_failure
qwen,Qwen2.5-VL-32B-Instruct,full_rq0_seed42__rq0_0000__rq0_0279,rq0_0000,rq0_0279,easy,rq0_0279,A,B,rq0_0000,rq0_0000,True,True,False,0,False
qwen,Qwen2.5-VL-32B-Instruct,full_rq0_seed42__rq0_0001__rq0_0080,rq0_0001,rq0_0080,hard,rq0_0080,B,A,rq0_0080,rq0_0080,True,True,True,0,False
qwen,Qwen2.5-VL-32B-Instruct,full_rq0_seed42__rq0_0001__rq0_0153,rq0_0001,rq0_0153,easy,rq0_0001,B,A,rq0_0153,rq0_0153,True,True,False,0,False
qwen,Qwen2.5-VL-32B-Instruct,full_rq0_seed42__rq0_0001__rq0_0167,rq0_0001,rq0_0167,medium,rq0_0001,B,A,rq0_0167,rq0_0167,True,True,False,0,False
qwen,Qwen2.5-VL-32B-Instruct,full_rq0_seed42__rq0_0001__rq0_0211,rq0_0001,rq0_0211,easy,rq0_0001,A,B,rq0_0001,rq0_0001,True,True,True,0,False
qwen,Qwen2.5-VL-32B-Instruct,full_rq0_seed42__rq0_0001__rq0_0266,rq0_0001,rq0_0266,medium,rq0_0266,B,A,rq0_0266,rq0_0266,True,True,True,0,False
qwen,Qwen2.5-VL-32B-Instruct,full_rq0_seed42__rq0_0002__rq0_0014,rq0_0002,rq0_0014,hard,rq0_0014,A,B,rq0_0002,rq0_0002,True,True,False,0,False
qwen,Qwen2.5-VL-32B-Instruct,full_rq0_seed42__rq0_0002__rq0_0095,rq0_0002,rq0_0095,hard,rq0_0095,B,A,rq0_0095,rq0_0095,True,True,True,0,False
qwen,Qwen2.5-VL-32B-Instruct,full_rq0_seed42__rq0_0003__rq0_0017,rq0_0003,rq0_0017,medium,rq0_0003,A,B,rq0_0003,rq0_0003,True,True,True,0,False
qwen,Qwen2.5-VL-32B-Instruct,full_rq0_seed42__rq0_0005__rq0_0022,rq0_0005,rq0_0022,easy,rq0_0022,B,A,rq0_0022,rq0_0022,True,True,True,0,False
qwen,Qwen2.5-VL-32B-Instruct,full_rq0_seed42__rq0_0005__rq0_0283,rq0_0005,rq0_0283,hard,rq0_0283,A,B,rq0_0005,rq0_0005,True,True,False,0,False
qwen,Qwen2.5-VL-32B-Instruct,full_rq0_seed42__rq0_0006__rq0_0020,rq0_0006,rq0_0020,easy,rq0_0006,B,A,rq0_0020,rq0_0020,True,True,False,0,False
qwen,Qwen2.5-VL-32B-Instruct,full_rq0_seed42__rq0_0007__rq0_0063,rq0_0007,rq0_0063,medium,rq0_0063,B,A,rq0_0063,rq0_0063,True,True,True,0,False
qwen,Qwen2.5-VL-32B-Instruct,full_rq0_seed42__rq0_0007__rq0_0127,rq0_0007,rq0_0127,hard,rq0_0007,B,A,rq0_0127,rq0_0127,True,True,False,0,False
qwen,Qwen2.5-VL-32B-Instruct,full_rq0_seed42__rq0_0008__rq0_0237,rq0_0008,rq0_0237,easy,rq0_0008,A,B,rq0_0008,rq0_0008,True,True,True,0,False
qwen,Qwen2.5-VL-32B-Instruct,full_rq0_seed42__rq0_0008__rq0_0304,rq0_0008,rq0_0304,hard,rq0_0008,A,B,rq0_0008,rq0_0008,True,True,True,0,False
qwen,Qwen2.5-VL-32B-Instruct,full_rq0_seed42__rq0_0009__rq0_0096,rq0_0009,rq0_0096,medium,rq0_0009,A,B,rq0_0009,rq0_0009,True,True,True,0,False
qwen,Qwen2.5-VL-32B-Instruct,full_rq0_seed42__rq0_0010__rq0_0301,rq0_0010,rq0_0301,medium,rq0_0010,A,B,rq0_0010,rq0_0010,True,True,True,0,False
qwen,Qwen2.5-VL-32B-Instruct,full_rq0_seed42__rq0_0011__rq0_0235,rq0_0011,rq0_0235,hard,rq0_0235,A,B,rq0_0011,rq0_0011,True,True,False,0,False
qwen,Qwen2.5-VL-32B-Instruct,full_rq0_seed42__rq0_0013__rq0_0052,rq0_0013,rq0_0052,easy,rq0_0052,A,A,rq0_0013,rq0_0052,True,False,False,0,False
qwen,Qwen2.5-VL-32B-Instruct,full_rq0_seed42__rq0_0014__rq0_0094,rq0_0014,rq0_0094,easy,rq0_0094,B,A,rq0_0094,rq0_0094,True,True,True,0,False
qwen,Qwen2.5-VL-32B-Instruct,full_rq0_seed42__rq0_0014__rq0_0233,rq0_0014,rq0_0233,hard,rq0_0233,B,B,rq0_0233,rq0_0014,True,False,False,0,False
qwen,Qwen2.5-VL-32B-Instruct,full_rq0_seed42__rq0_0015__rq0_0116,rq0_0015,rq0_0116,easy,rq0_0015,B,A,rq0_0116,rq0_0116,True,True,False,0,False
qwen,Qwen2.5-VL-32B-Instruct,full_rq0_seed42__rq0_0016__rq0_0028,rq0_0016,rq0_0028,medium,rq0_0028,A,A,rq0_0016,rq0_0028,True,False,False,0,False
qwen,Qwen2.5-VL-32B-Instruct,full_rq0_seed42__rq0_0016__rq0_0029,rq0_0016,rq0_0029,easy,rq0_0029,A,A,rq0_0016,rq0_0029,True,False,False,0,False
qwen,Qwen2.5-VL-32B-Instruct,full_rq0_seed42__rq0_0016__rq0_0107,rq0_0016,rq0_0107,easy,rq0_0107,B,A,rq0_0107,rq0_0107,True,True,True,0,False
qwen,Qwen2.5-VL-32B-Instruct,full_rq0_seed42__rq0_0016__rq0_0196,rq0_0016,rq0_0196,hard,rq0_0196,A,B,rq0_0016,rq0_0016,True,True,False,0,False
qwen,Qwen2.5-VL-32B-Instruct,full_rq0_seed42__rq0_0017__rq0_0169,rq0_0017,rq0_0169,hard,rq0_0017,A,A,rq0_0017,rq0_0169,True,False,False,0,False
qwen,Qwen2.5-VL-32B-Instruct,full_rq0_seed42__rq0_0017__rq0_0219,rq0_0017,rq0_0219,hard,rq0_0017,A,B,rq0_0017,rq0_0017,True,True,True,0,False
qwen,Qwen2.5-VL-32B-Instruct,full_rq0_seed42__rq0_0018__rq0_0051,rq0_0018,rq0_0051,medium,rq0_0018,A,B,rq0_0018,rq0_0018,True,True,True,0,False
qwen,Qwen2.5-VL-32B-Instruct,full_rq0_seed42__rq0_0018__rq0_0111,rq0_0018,rq0_0111,easy,rq0_0018,B,A,rq0_0111,rq0_0111,True,True,False,0,False
qwen,Qwen2.5-VL-32B-Instruct,full_rq0_seed42__rq0_0018__rq0_0267,rq0_0018,rq0_0267,medium,rq0_0018,A,B,rq0_0018,rq0_0018,True,True,True,0,False
qwen,Qwen2.5-VL-32B-Instruct,full_rq0_seed42__rq0_0019__rq0_0114,rq0_0019,rq0_0114,medium,rq0_0114,B,A,rq0_0114,rq0_0114,True,True,True,0,False
qwen,Qwen2.5-VL-32B-Instruct,full_rq0_seed42__rq0_0019__rq0_0123,rq0_0019,rq0_0123,medium,rq0_0019,A,A,rq0_0019,rq0_0123,True,False,False,0,False
qwen,Qwen2.5-VL-32B-Instruct,full_rq0_seed42__rq0_0019__rq0_0243,rq0_0019,rq0_0243,hard,rq0_0019,B,A,rq0_0243,rq0_0243,True,True,False,0,False
qwen,Qwen2.5-VL-32B-Instruct,full_rq0_seed42__rq0_0020__rq0_0109,rq0_0020,rq0_0109,easy,rq0_0109,A,B,rq0_0020,rq0_0020,True,True,False,0,False
qwen,Qwen2.5-VL-32B-Instruct,full_rq0_seed42__rq0_0020__rq0_0186,rq0_0020,rq0_0186,hard,rq0_0186,B,A,rq0_0186,rq0_0186,True,True,True,0,False
qwen,Qwen2.5-VL-32B-Instruct,full_rq0_seed42__rq0_0020__rq0_0311,rq0_0020,rq0_0311,hard,rq0_0020,A,B,rq0_0020,rq0_0020,True,True,True,0,False
qwen,Qwen2.5-VL-32B-Instruct,full_rq0_seed42__rq0_0021__rq0_0041,rq0_0021,rq0_0041,easy,rq0_0021,A,B,rq0_0021,rq0_0021,True,True,True,0,False
qwen,Qwen2.5-VL-32B-Instruct,full_rq0_seed42__rq0_0021__rq0_0264,rq0_0021,rq0_0264,medium,rq0_0021,A,B,rq0_0021,rq0_0021,True,True,True,0,False
qwen,Qwen2.5-VL-32B-Instruct,full_rq0_seed42__rq0_0022__rq0_0063,rq0_0022,rq0_0063,hard,rq0_0022,A,A,rq0_0022,rq0_0063,True,False,False,0,False
qwen,Qwen2.5-VL-32B-Instruct,full_rq0_seed42__rq0_0022__rq0_0149,rq0_0022,rq0_0149,easy,rq0_0022,B,A,rq0_0149,rq0_0149,True,True,False,0,False
qwen,Qwen2.5-VL-32B-Instruct,full_rq0_seed42__rq0_0022__rq0_0166,rq0_0022,rq0_0166,hard,rq0_0166,A,B,rq0_0022,rq0_0022,True,True,False,0,False
qwen,Qwen2.5-VL-32B-Instruct,full_rq0_seed42__rq0_0022__rq0_0179,rq0_0022,rq0_0179,medium,rq0_0022,A,B,rq0_0022,rq0_0022,True,True,True,0,False
qwen,Qwen2.5-VL-32B-Instruct,full_rq0_seed42__rq0_0022__rq0_0204,rq0_0022,rq0_0204,hard,rq0_0204,A,B,rq0_0022,rq0_0022,True,True,False,0,False
qwen,Qwen2.5-VL-32B-Instruct,full_rq0_seed42__rq0_0022__rq0_0253,rq0_0022,rq0_0253,hard,rq0_0022,A,B,rq0_0022,rq0_0022,True,True,True,0,False
qwen,Qwen2.5-VL-32B-Instruct,full_rq0_seed42__rq0_0022__rq0_0262,rq0_0022,rq0_0262,hard,rq0_0022,A,B,rq0_0022,rq0_0022,True,True,True,0,False
qwen,Qwen2.5-VL-32B-Instruct,full_rq0_seed42__rq0_0022__rq0_0300,rq0_0022,rq0_0300,hard,rq0_0022,A,B,rq0_0022,rq0_0022,True,True,True,0,False
qwen,Qwen2.5-VL-32B-Instruct,full_rq0_seed42__rq0_0022__rq0_0308,rq0_0022,rq0_0308,easy,rq0_0022,A,B,rq0_0022,rq0_0022,True,True,True,0,False
qwen,Qwen2.5-VL-32B-Instruct,full_rq0_seed42__rq0_0023__rq0_0130,rq0_0023,rq0_0130,easy,rq0_0130,B,A,rq0_0130,rq0_0130,True,True,True,0,False
qwen,Qwen2.5-VL-32B-Instruct,full_rq0_seed42__rq0_0023__rq0_0160,rq0_0023,rq0_0160,easy,rq0_0160,B,A,rq0_0160,rq0_0160,True,True,True,0,False
qwen,Qwen2.5-VL-32B-Instruct,full_rq0_seed42__rq0_0023__rq0_0203,rq0_0023,rq0_0203,easy,rq0_0203,B,A,rq0_0203,rq0_0203,True,True,True,0,False
qwen,Qwen2.5-VL-32B-Instruct,full_rq0_seed42__rq0_0023__rq0_0260,rq0_0023,rq0_0260,easy,rq0_0260,A,B,rq0_0023,rq0_0023,True,True,False,0,False
qwen,Qwen2.5-VL-32B-Instruct,full_rq0_seed42__rq0_0023__rq0_0277,rq0_0023,rq0_0277,medium,rq0_0277,B,A,rq0_0277,rq0_0277,True,True,True,0,False
qwen,Qwen2.5-VL-32B-Instruct,full_rq0_seed42__rq0_0024__rq0_0250,rq0_0024,rq0_0250,easy,rq0_0250,B,A,rq0_0250,rq0_0250,True,True,True,0,False
qwen,Qwen2.5-VL-32B-Instruct,full_rq0_seed42__rq0_0024__rq0_0302,rq0_0024,rq0_0302,medium,rq0_0302,B,A,rq0_0302,rq0_0302,True,True,True,0,False
qwen,Qwen2.5-VL-32B-Instruct,full_rq0_seed42__rq0_0025__rq0_0054,rq0_0025,rq0_0054,hard,rq0_0025,A,A,rq0_0025,rq0_0054,True,False,False,0,False
qwen,Qwen2.5-VL-32B-Instruct,full_rq0_seed42__rq0_0025__rq0_0159,rq0_0025,rq0_0159,hard,rq0_0025,A,B,rq0_0025,rq0_0025,True,True,True,0,False
qwen,Qwen2.5-VL-32B-Instruct,full_rq0_seed42__rq0_0025__rq0_0181,rq0_0025,rq0_0181,easy,rq0_0025,A,A,rq0_0025,rq0_0181,True,False,False,0,False
qwen,Qwen2.5-VL-32B-Instruct,full_rq0_seed42__rq0_0025__rq0_0237,rq0_0025,rq0_0237,medium,rq0_0025,A,B,rq0_0025,rq0_0025,True,True,True,0,False
qwen,Qwen2.5-VL-32B-Instruct,full_rq0_seed42__rq0_0026__rq0_0088,rq0_0026,rq0_0088,medium,rq0_0088,B,B,rq0_0088,rq0_0026,True,False,False,0,False
qwen,Qwen2.5-VL-32B-Instruct,full_rq0_seed42__rq0_0026__rq0_0109,rq0_0026,rq0_0109,medium,rq0_0109,A,B,rq0_0026,rq0_0026,True,True,False,0,False
qwen,Qwen2.5-VL-32B-Instruct,full_rq0_seed42__rq0_0026__rq0_0151,rq0_0026,rq0_0151,medium,rq0_0026,A,B,rq0_0026,rq0_0026,True,True,True,0,False
qwen,Qwen2.5-VL-32B-Instruct,full_rq0_seed42__rq0_0027__rq0_0032,rq0_0027,rq0_0032,medium,rq0_0032,B,A,rq0_0032,rq0_0032,True,True,True,0,False
qwen,Qwen2.5-VL-32B-Instruct,full_rq0_seed42__rq0_0027__rq0_0272,rq0_0027,rq0_0272,medium,rq0_0027,A,A,rq0_0027,rq0_0272,True,False,False,0,False
qwen,Qwen2.5-VL-32B-Instruct,full_rq0_seed42__rq0_0028__rq0_0068,rq0_0028,rq0_0068,medium,rq0_0028,A,B,rq0_0028,rq0_0028,True,True,True,0,False
qwen,Qwen2.5-VL-32B-Instruct,full_rq0_seed42__rq0_0029__rq0_0264,rq0_0029,rq0_0264,hard,rq0_0264,B,B,rq0_0264,rq0_0029,True,False,False,0,False
qwen,Qwen2.5-VL-32B-Instruct,full_rq0_seed42__rq0_0030__rq0_0049,rq0_0030,rq0_0049,hard,rq0_0030,A,A,rq0_0030,rq0_0049,True,False,False,0,False
qwen,Qwen2.5-VL-32B-Instruct,full_rq0_seed42__rq0_0030__rq0_0156,rq0_0030,rq0_0156,easy,rq0_0030,A,B,rq0_0030,rq0_0030,True,True,True,0,False
qwen,Qwen2.5-VL-32B-Instruct,full_rq0_seed42__rq0_0030__rq0_0225,rq0_0030,rq0_0225,easy,rq0_0030,A,B,rq0_0030,rq0_0030,True,True,True,0,False
qwen,Qwen2.5-VL-32B-Instruct,full_rq0_seed42__rq0_0031__rq0_0282,rq0_0031,rq0_0282,medium,rq0_0282,A,B,rq0_0031,rq0_0031,True,True,False,0,False
qwen,Qwen2.5-VL-32B-Instruct,full_rq0_seed42__rq0_0033__rq0_0135,rq0_0033,rq0_0135,medium,rq0_0135,A,B,rq0_0033,rq0_0033,True,True,False,0,False
qwen,Qwen2.5-VL-32B-Instruct,full_rq0_seed42__rq0_0033__rq0_0171,rq0_0033,rq0_0171,easy,rq0_0171,B,A,rq0_0171,rq0_0171,True,True,True,0,False
qwen,Qwen2.5-VL-32B-Instruct,full_rq0_seed42__rq0_0033__rq0_0272,rq0_0033,rq0_0272,easy,rq0_0272,B,A,rq0_0272,rq0_0272,True,True,True,0,False
qwen,Qwen2.5-VL-32B-Instruct,full_rq0_seed42__rq0_0034__rq0_0167,rq0_0034,rq0_0167,easy,rq0_0167,B,A,rq0_0167,rq0_0167,True,True,True,0,False
qwen,Qwen2.5-VL-32B-Instruct,full_rq0_seed42__rq0_0035__rq0_0056,rq0_0035,rq0_0056,hard,rq0_0035,A,B,rq0_0035,rq0_0035,True,True,True,0,False
qwen,Qwen2.5-VL-32B-Instruct,full_rq0_seed42__rq0_0036__rq0_0132,rq0_0036,rq0_0132,medium,rq0_0132,B,A,rq0_0132,rq0_0132,True,True,True,0,False
qwen,Qwen2.5-VL-32B-Instruct,full_rq0_seed42__rq0_0036__rq0_0135,rq0_0036,rq0_0135,hard,rq0_0036,A,B,rq0_0036,rq0_0036,True,True,True,0,False
qwen,Qwen2.5-VL-32B-Instruct,full_rq0_seed42__rq0_0036__rq0_0268,rq0_0036,rq0_0268,medium,rq0_0268,A,B,rq0_0036,rq0_0036,True,True,False,0,False
qwen,Qwen2.5-VL-32B-Instruct,full_rq0_seed42__rq0_0037__rq0_0053,rq0_0037,rq0_0053,hard,rq0_0037,A,A,rq0_0037,rq0_0053,True,False,False,0,False
qwen,Qwen2.5-VL-32B-Instruct,full_rq0_seed42__rq0_0037__rq0_0159,rq0_0037,rq0_0159,medium,rq0_0159,B,A,rq0_0159,rq0_0159,True,True,True,0,False
qwen,Qwen2.5-VL-32B-Instruct,full_rq0_seed42__rq0_0038__rq0_0059,rq0_0038,rq0_0059,easy,rq0_0059,A,B,rq0_0038,rq0_0038,True,True,False,0,False
qwen,Qwen2.5-VL-32B-Instruct,full_rq0_seed42__rq0_0039__rq0_0117,rq0_0039,rq0_0117,easy,rq0_0117,B,A,rq0_0117,rq0_0117,True,True,True,0,False
qwen,Qwen2.5-VL-32B-Instruct,full_rq0_seed42__rq0_0039__rq0_0175,rq0_0039,rq0_0175,medium,rq0_0175,B,A,rq0_0175,rq0_0175,True,True,True,0,False
qwen,Qwen2.5-VL-32B-Instruct,full_rq0_seed42__rq0_0040__rq0_0281,rq0_0040,rq0_0281,hard,rq0_0040,A,B,rq0_0040,rq0_0040,True,True,True,0,False
qwen,Qwen2.5-VL-32B-Instruct,full_rq0_seed42__rq0_0041__rq0_0055,rq0_0041,rq0_0055,medium,rq0_0055,A,A,rq0_0041,rq0_0055,True,False,False,0,False
qwen,Qwen2.5-VL-32B-Instruct,full_rq0_seed42__rq0_0041__rq0_0245,rq0_0041,rq0_0245,hard,rq0_0041,B,B,rq0_0245,rq0_0041,True,False,False,0,False
qwen,Qwen2.5-VL-32B-Instruct,full_rq0_seed42__rq0_0041__rq0_0246,rq0_0041,rq0_0246,easy,rq0_0246,B,A,rq0_0246,rq0_0246,True,True,True,0,False
qwen,Qwen2.5-VL-32B-Instruct,full_rq0_seed42__rq0_0043__rq0_0048,rq0_0043,rq0_0048,medium,rq0_0048,B,A,rq0_0048,rq0_0048,True,True,True,0,False
qwen,Qwen2.5-VL-32B-Instruct,full_rq0_seed42__rq0_0044__rq0_0049,rq0_0044,rq0_0049,hard,rq0_0049,B,A,rq0_0049,rq0_0049,True,True,True,0,False
qwen,Qwen2.5-VL-32B-Instruct,full_rq0_seed42__rq0_0046__rq0_0098,rq0_0046,rq0_0098,easy,rq0_0046,A,B,rq0_0046,rq0_0046,True,True,True,0,False
qwen,Qwen2.5-VL-32B-Instruct,full_rq0_seed42__rq0_0046__rq0_0166,rq0_0046,rq0_0166,hard,rq0_0046,A,B,rq0_0046,rq0_0046,True,True,True,0,False
qwen,Qwen2.5-VL-32B-Instruct,full_rq0_seed42__rq0_0047__rq0_0225,rq0_0047,rq0_0225,easy,rq0_0047,A,B,rq0_0047,rq0_0047,True,True,True,0,False
qwen,Qwen2.5-VL-32B-Instruct,full_rq0_seed42__rq0_0048__rq0_0072,rq0_0048,rq0_0072,medium,rq0_0048,A,B,rq0_0048,rq0_0048,True,True,True,0,False
qwen,Qwen2.5-VL-32B-Instruct,full_rq0_seed42__rq0_0048__rq0_0269,rq0_0048,rq0_0269,easy,rq0_0048,A,B,rq0_0048,rq0_0048,True,True,True,0,False
qwen,Qwen2.5-VL-32B-Instruct,full_rq0_seed42__rq0_0049__rq0_0223,rq0_0049,rq0_0223,hard,rq0_0049,B,B,rq0_0223,rq0_0049,True,False,False,0,False
qwen,Qwen2.5-VL-32B-Instruct,full_rq0_seed42__rq0_0050__rq0_0243,rq0_0050,rq0_0243,easy,rq0_0243,B,A,rq0_0243,rq0_0243,True,True,True,0,False
qwen,Qwen2.5-VL-32B-Instruct,full_rq0_seed42__rq0_0051__rq0_0130,rq0_0051,rq0_0130,hard,rq0_0130,B,A,rq0_0130,rq0_0130,True,True,True,0,False
qwen,Qwen2.5-VL-32B-Instruct,full_rq0_seed42__rq0_0052__rq0_0217,rq0_0052,rq0_0217,easy,rq0_0052,A,B,rq0_0052,rq0_0052,True,True,True,0,False
qwen,Qwen2.5-VL-32B-Instruct,full_rq0_seed42__rq0_0053__rq0_0101,rq0_0053,rq0_0101,hard,rq0_0101,B,A,rq0_0101,rq0_0101,True,True,True,0,False
qwen,Qwen2.5-VL-32B-Instruct,full_rq0_seed42__rq0_0054__rq0_0090,rq0_0054,rq0_0090,hard,rq0_0054,A,B,rq0_0054,rq0_0054,True,True,True,0,False
qwen,Qwen2.5-VL-32B-Instruct,full_rq0_seed42__rq0_0054__rq0_0168,rq0_0054,rq0_0168,medium,rq0_0168,A,A,rq0_0054,rq0_0168,True,False,False,0,False
qwen,Qwen2.5-VL-32B-Instruct,full_rq0_seed42__rq0_0055__rq0_0089,rq0_0055,rq0_0089,easy,rq0_0055,A,B,rq0_0055,rq0_0055,True,True,True,0,False
qwen,Qwen2.5-VL-32B-Instruct,full_rq0_seed42__rq0_0056__rq0_0067,rq0_0056,rq0_0067,medium,rq0_0067,B,A,rq0_0067,rq0_0067,True,True,True,0,False
qwen,Qwen2.5-VL-32B-Instruct,full_rq0_seed42__rq0_0056__rq0_0196,rq0_0056,rq0_0196,hard,rq0_0196,B,B,rq0_0196,rq0_0056,True,False,False,0,False
qwen,Qwen2.5-VL-32B-Instruct,full_rq0_seed42__rq0_0059__rq0_0136,rq0_0059,rq0_0136,medium,rq0_0059,B,A,rq0_0136,rq0_0136,True,True,False,0,False
qwen,Qwen2.5-VL-32B-Instruct,full_rq0_seed42__rq0_0060__rq0_0168,rq0_0060,rq0_0168,medium,rq0_0168,B,A,rq0_0168,rq0_0168,True,True,True,0,False
qwen,Qwen2.5-VL-32B-Instruct,full_rq0_seed42__rq0_0061__rq0_0203,rq0_0061,rq0_0203,easy,rq0_0203,B,A,rq0_0203,rq0_0203,True,True,True,0,False
qwen,Qwen2.5-VL-32B-Instruct,full_rq0_seed42__rq0_0062__rq0_0183,rq0_0062,rq0_0183,easy,rq0_0062,B,B,rq0_0183,rq0_0062,True,False,False,0,False
qwen,Qwen2.5-VL-32B-Instruct,full_rq0_seed42__rq0_0062__rq0_0230,rq0_0062,rq0_0230,hard,rq0_0230,B,B,rq0_0230,rq0_0062,True,False,False,0,False
qwen,Qwen2.5-VL-32B-Instruct,full_rq0_seed42__rq0_0063__rq0_0113,rq0_0063,rq0_0113,hard,rq0_0063,B,A,rq0_0113,rq0_0113,True,True,False,0,False
qwen,Qwen2.5-VL-32B-Instruct,full_rq0_seed42__rq0_0063__rq0_0291,rq0_0063,rq0_0291,medium,rq0_0063,A,B,rq0_0063,rq0_0063,True,True,True,0,False
qwen,Qwen2.5-VL-32B-Instruct,full_rq0_seed42__rq0_0064__rq0_0068,rq0_0064,rq0_0068,hard,rq0_0064,B,B,rq0_0068,rq0_0064,True,False,False,0,False
qwen,Qwen2.5-VL-32B-Instruct,full_rq0_seed42__rq0_0064__rq0_0079,rq0_0064,rq0_0079,easy,rq0_0079,B,A,rq0_0079,rq0_0079,True,True,True,0,False
qwen,Qwen2.5-VL-32B-Instruct,full_rq0_seed42__rq0_0064__rq0_0199,rq0_0064,rq0_0199,easy,rq0_0199,B,A,rq0_0199,rq0_0199,True,True,True,0,False
qwen,Qwen2.5-VL-32B-Instruct,full_rq0_seed42__rq0_0064__rq0_0280,rq0_0064,rq0_0280,easy,rq0_0280,B,A,rq0_0280,rq0_0280,True,True,True,0,False
qwen,Qwen2.5-VL-32B-Instruct,full_rq0_seed42__rq0_0065__rq0_0150,rq0_0065,rq0_0150,hard,rq0_0150,A,B,rq0_0065,rq0_0065,True,True,False,0,False
qwen,Qwen2.5-VL-32B-Instruct,full_rq0_seed42__rq0_0065__rq0_0262,rq0_0065,rq0_0262,easy,rq0_0065,A,B,rq0_0065,rq0_0065,True,True,True,0,False
qwen,Qwen2.5-VL-32B-Instruct,full_rq0_seed42__rq0_0066__rq0_0131,rq0_0066,rq0_0131,hard,rq0_0131,A,B,rq0_0066,rq0_0066,True,True,False,0,False
qwen,Qwen2.5-VL-32B-Instruct,full_rq0_seed42__rq0_0066__rq0_0257,rq0_0066,rq0_0257,hard,rq0_0257,A,B,rq0_0066,rq0_0066,True,True,False,0,False
qwen,Qwen2.5-VL-32B-Instruct,full_rq0_seed42__rq0_0067__rq0_0078,rq0_0067,rq0_0078,easy,rq0_0078,B,A,rq0_0078,rq0_0078,True,True,True,0,False
qwen,Qwen2.5-VL-32B-Instruct,full_rq0_seed42__rq0_0067__rq0_0093,rq0_0067,rq0_0093,hard,rq0_0093,A,A,rq0_0067,rq0_0093,True,False,False,0,False
qwen,Qwen2.5-VL-32B-Instruct,full_rq0_seed42__rq0_0069__rq0_0259,rq0_0069,rq0_0259,hard,rq0_0069,A,B,rq0_0069,rq0_0069,True,True,True,0,False
qwen,Qwen2.5-VL-32B-Instruct,full_rq0_seed42__rq0_0070__rq0_0220,rq0_0070,rq0_0220,easy,rq0_0220,B,A,rq0_0220,rq0_0220,True,True,True,0,False
qwen,Qwen2.5-VL-32B-Instruct,full_rq0_seed42__rq0_0071__rq0_0093,rq0_0071,rq0_0093,hard,rq0_0071,B,A,rq0_0093,rq0_0093,True,True,False,0,False
qwen,Qwen2.5-VL-32B-Instruct,full_rq0_seed42__rq0_0071__rq0_0261,rq0_0071,rq0_0261,easy,rq0_0071,A,B,rq0_0071,rq0_0071,True,True,True,0,False
qwen,Qwen2.5-VL-32B-Instruct,full_rq0_seed42__rq0_0072__rq0_0131,rq0_0072,rq0_0131,hard,rq0_0072,B,A,rq0_0131,rq0_0131,True,True,False,0,False
qwen,Qwen2.5-VL-32B-Instruct,full_rq0_seed42__rq0_0072__rq0_0140,rq0_0072,rq0_0140,hard,rq0_0072,A,A,rq0_0072,rq0_0140,True,False,False,0,False
qwen,Qwen2.5-VL-32B-Instruct,full_rq0_seed42__rq0_0072__rq0_0291,rq0_0072,rq0_0291,easy,rq0_0072,A,B,rq0_0072,rq0_0072,True,True,True,0,False
qwen,Qwen2.5-VL-32B-Instruct,full_rq0_seed42__rq0_0072__rq0_0301,rq0_0072,rq0_0301,easy,rq0_0072,A,B,rq0_0072,rq0_0072,True,True,True,0,False
qwen,Qwen2.5-VL-32B-Instruct,full_rq0_seed42__rq0_0073__rq0_0181,rq0_0073,rq0_0181,medium,rq0_0073,A,B,rq0_0073,rq0_0073,True,True,True,0,False
qwen,Qwen2.5-VL-32B-Instruct,full_rq0_seed42__rq0_0073__rq0_0204,rq0_0073,rq0_0204,hard,rq0_0204,A,B,rq0_0073,rq0_0073,True,True,False,0,False
qwen,Qwen2.5-VL-32B-Instruct,full_rq0_seed42__rq0_0073__rq0_0279,rq0_0073,rq0_0279,medium,rq0_0279,A,B,rq0_0073,rq0_0073,True,True,False,0,False
qwen,Qwen2.5-VL-32B-Instruct,full_rq0_seed42__rq0_0074__rq0_0230,rq0_0074,rq0_0230,hard,rq0_0230,B,B,rq0_0230,rq0_0074,True,False,False,0,False
qwen,Qwen2.5-VL-32B-Instruct,full_rq0_seed42__rq0_0074__rq0_0302,rq0_0074,rq0_0302,medium,rq0_0074,A,B,rq0_0074,rq0_0074,True,True,True,0,False
qwen,Qwen2.5-VL-32B-Instruct,full_rq0_seed42__rq0_0075__rq0_0110,rq0_0075,rq0_0110,hard,rq0_0110,A,A,rq0_0075,rq0_0110,True,False,False,0,False
qwen,Qwen2.5-VL-32B-Instruct,full_rq0_seed42__rq0_0075__rq0_0135,rq0_0075,rq0_0135,hard,rq0_0075,A,B,rq0_0075,rq0_0075,True,True,True,0,False
qwen,Qwen2.5-VL-32B-Instruct,full_rq0_seed42__rq0_0075__rq0_0245,rq0_0075,rq0_0245,medium,rq0_0245,B,B,rq0_0245,rq0_0075,True,False,False,0,False
qwen,Qwen2.5-VL-32B-Instruct,full_rq0_seed42__rq0_0075__rq0_0275,rq0_0075,rq0_0275,easy,rq0_0275,B,B,rq0_0275,rq0_0075,True,False,False,0,False
qwen,Qwen2.5-VL-32B-Instruct,full_rq0_seed42__rq0_0075__rq0_0302,rq0_0075,rq0_0302,hard,rq0_0302,A,B,rq0_0075,rq0_0075,True,True,False,0,False
qwen,Qwen2.5-VL-32B-Instruct,full_rq0_seed42__rq0_0076__rq0_0166,rq0_0076,rq0_0166,easy,rq0_0166,B,A,rq0_0166,rq0_0166,True,True,True,0,False
qwen,Qwen2.5-VL-32B-Instruct,full_rq0_seed42__rq0_0076__rq0_0207,rq0_0076,rq0_0207,easy,rq0_0207,B,B,rq0_0207,rq0_0076,True,False,False,0,False
qwen,Qwen2.5-VL-32B-Instruct,full_rq0_seed42__rq0_0077__rq0_0080,rq0_0077,rq0_0080,easy,rq0_0080,B,A,rq0_0080,rq0_0080,True,True,True,0,False
qwen,Qwen2.5-VL-32B-Instruct,full_rq0_seed42__rq0_0077__rq0_0121,rq0_0077,rq0_0121,hard,rq0_0077,B,A,rq0_0121,rq0_0121,True,True,False,0,False
qwen,Qwen2.5-VL-32B-Instruct,full_rq0_seed42__rq0_0077__rq0_0230,rq0_0077,rq0_0230,medium,rq0_0230,B,A,rq0_0230,rq0_0230,True,True,True,0,False
qwen,Qwen2.5-VL-32B-Instruct,full_rq0_seed42__rq0_0078__rq0_0230,rq0_0078,rq0_0230,medium,rq0_0078,A,B,rq0_0078,rq0_0078,True,True,True,0,False
qwen,Qwen2.5-VL-32B-Instruct,full_rq0_seed42__rq0_0078__rq0_0240,rq0_0078,rq0_0240,easy,rq0_0078,A,B,rq0_0078,rq0_0078,True,True,True,0,False
qwen,Qwen2.5-VL-32B-Instruct,full_rq0_seed42__rq0_0078__rq0_0287,rq0_0078,rq0_0287,hard,rq0_0287,B,A,rq0_0287,rq0_0287,True,True,True,0,False
qwen,Qwen2.5-VL-32B-Instruct,full_rq0_seed42__rq0_0080__rq0_0091,rq0_0080,rq0_0091,easy,rq0_0080,A,B,rq0_0080,rq0_0080,True,True,True,0,False
qwen,Qwen2.5-VL-32B-Instruct,full_rq0_seed42__rq0_0080__rq0_0156,rq0_0080,rq0_0156,medium,rq0_0080,A,B,rq0_0080,rq0_0080,True,True,True,0,False
qwen,Qwen2.5-VL-32B-Instruct,full_rq0_seed42__rq0_0081__rq0_0222,rq0_0081,rq0_0222,easy,rq0_0222,B,A,rq0_0222,rq0_0222,True,True,True,0,False
qwen,Qwen2.5-VL-32B-Instruct,full_rq0_seed42__rq0_0081__rq0_0311,rq0_0081,rq0_0311,hard,rq0_0081,A,B,rq0_0081,rq0_0081,True,True,True,0,False
qwen,Qwen2.5-VL-32B-Instruct,full_rq0_seed42__rq0_0083__rq0_0113,rq0_0083,rq0_0113,medium,rq0_0083,A,A,rq0_0083,rq0_0113,True,False,False,0,False
qwen,Qwen2.5-VL-32B-Instruct,full_rq0_seed42__rq0_0084__rq0_0095,rq0_0084,rq0_0095,hard,rq0_0095,B,A,rq0_0095,rq0_0095,True,True,True,0,False
qwen,Qwen2.5-VL-32B-Instruct,full_rq0_seed42__rq0_0084__rq0_0123,rq0_0084,rq0_0123,medium,rq0_0123,B,A,rq0_0123,rq0_0123,True,True,True,0,False
qwen,Qwen2.5-VL-32B-Instruct,full_rq0_seed42__rq0_0084__rq0_0205,rq0_0084,rq0_0205,easy,rq0_0205,B,A,rq0_0205,rq0_0205,True,True,True,0,False
qwen,Qwen2.5-VL-32B-Instruct,full_rq0_seed42__rq0_0085__rq0_0109,rq0_0085,rq0_0109,medium,rq0_0109,B,A,rq0_0109,rq0_0109,True,True,True,0,False
qwen,Qwen2.5-VL-32B-Instruct,full_rq0_seed42__rq0_0085__rq0_0136,rq0_0085,rq0_0136,medium,rq0_0136,B,A,rq0_0136,rq0_0136,True,True,True,0,False
qwen,Qwen2.5-VL-32B-Instruct,full_rq0_seed42__rq0_0086__rq0_0119,rq0_0086,rq0_0119,hard,rq0_0086,A,A,rq0_0086,rq0_0119,True,False,False,0,False
qwen,Qwen2.5-VL-32B-Instruct,full_rq0_seed42__rq0_0086__rq0_0255,rq0_0086,rq0_0255,hard,rq0_0255,A,B,rq0_0086,rq0_0086,True,True,False,0,False
qwen,Qwen2.5-VL-32B-Instruct,full_rq0_seed42__rq0_0087__rq0_0290,rq0_0087,rq0_0290,medium,rq0_0087,A,B,rq0_0087,rq0_0087,True,True,True,0,False
qwen,Qwen2.5-VL-32B-Instruct,full_rq0_seed42__rq0_0089__rq0_0131,rq0_0089,rq0_0131,easy,rq0_0131,B,A,rq0_0131,rq0_0131,True,True,True,0,False
qwen,Qwen2.5-VL-32B-Instruct,full_rq0_seed42__rq0_0089__rq0_0145,rq0_0089,rq0_0145,hard,rq0_0145,B,A,rq0_0145,rq0_0145,True,True,True,0,False
qwen,Qwen2.5-VL-32B-Instruct,full_rq0_seed42__rq0_0089__rq0_0195,rq0_0089,rq0_0195,medium,rq0_0195,B,A,rq0_0195,rq0_0195,True,True,True,0,False
qwen,Qwen2.5-VL-32B-Instruct,full_rq0_seed42__rq0_0089__rq0_0232,rq0_0089,rq0_0232,medium,rq0_0232,B,A,rq0_0232,rq0_0232,True,True,True,0,False
qwen,Qwen2.5-VL-32B-Instruct,full_rq0_seed42__rq0_0089__rq0_0263,rq0_0089,rq0_0263,medium,rq0_0263,B,A,rq0_0263,rq0_0263,True,True,True,0,False
qwen,Qwen2.5-VL-32B-Instruct,full_rq0_seed42__rq0_0090__rq0_0121,rq0_0090,rq0_0121,hard,rq0_0090,B,A,rq0_0121,rq0_0121,True,True,False,0,False
qwen,Qwen2.5-VL-32B-Instruct,full_rq0_seed42__rq0_0090__rq0_0168,rq0_0090,rq0_0168,medium,rq0_0168,A,A,rq0_0090,rq0_0168,True,False,False,0,False
qwen,Qwen2.5-VL-32B-Instruct,full_rq0_seed42__rq0_0090__rq0_0240,rq0_0090,rq0_0240,hard,rq0_0240,A,B,rq0_0090,rq0_0090,True,True,False,0,False
qwen,Qwen2.5-VL-32B-Instruct,full_rq0_seed42__rq0_0091__rq0_0204,rq0_0091,rq0_0204,easy,rq0_0204,B,B,rq0_0204,rq0_0091,True,False,False,0,False
qwen,Qwen2.5-VL-32B-Instruct,full_rq0_seed42__rq0_0092__rq0_0222,rq0_0092,rq0_0222,hard,rq0_0092,A,B,rq0_0092,rq0_0092,True,True,True,0,False
qwen,Qwen2.5-VL-32B-Instruct,full_rq0_seed42__rq0_0092__rq0_0235,rq0_0092,rq0_0235,medium,rq0_0092,A,B,rq0_0092,rq0_0092,True,True,True,0,False
qwen,Qwen2.5-VL-32B-Instruct,full_rq0_seed42__rq0_0093__rq0_0252,rq0_0093,rq0_0252,medium,rq0_0252,A,B,rq0_0093,rq0_0093,True,True,False,0,False
qwen,Qwen2.5-VL-32B-Instruct,full_rq0_seed42__rq0_0094__rq0_0111,rq0_0094,rq0_0111,easy,rq0_0094,A,A,rq0_0094,rq0_0111,True,False,False,0,False
qwen,Qwen2.5-VL-32B-Instruct,full_rq0_seed42__rq0_0097__rq0_0129,rq0_0097,rq0_0129,medium,rq0_0129,B,A,rq0_0129,rq0_0129,True,True,True,0,False
qwen,Qwen2.5-VL-32B-Instruct,full_rq0_seed42__rq0_0099__rq0_0149,rq0_0099,rq0_0149,easy,rq0_0099,B,A,rq0_0149,rq0_0149,True,True,False,0,False
qwen,Qwen2.5-VL-32B-Instruct,full_rq0_seed42__rq0_0099__rq0_0199,rq0_0099,rq0_0199,hard,rq0_0099,A,B,rq0_0099,rq0_0099,True,True,True,0,False
qwen,Qwen2.5-VL-32B-Instruct,full_rq0_seed42__rq0_0099__rq0_0307,rq0_0099,rq0_0307,medium,rq0_0099,B,B,rq0_0307,rq0_0099,True,False,False,0,False
qwen,Qwen2.5-VL-32B-Instruct,full_rq0_seed42__rq0_0100__rq0_0152,rq0_0100,rq0_0152,easy,rq0_0100,B,A,rq0_0152,rq0_0152,True,True,False,0,False
qwen,Qwen2.5-VL-32B-Instruct,full_rq0_seed42__rq0_0100__rq0_0224,rq0_0100,rq0_0224,easy,rq0_0224,B,A,rq0_0224,rq0_0224,True,True,True,0,False
qwen,Qwen2.5-VL-32B-Instruct,full_rq0_seed42__rq0_0101__rq0_0154,rq0_0101,rq0_0154,easy,rq0_0154,A,A,rq0_0101,rq0_0154,True,False,False,0,False
qwen,Qwen2.5-VL-32B-Instruct,full_rq0_seed42__rq0_0102__rq0_0132,rq0_0102,rq0_0132,medium,rq0_0102,B,A,rq0_0132,rq0_0132,True,True,False,0,False
qwen,Qwen2.5-VL-32B-Instruct,full_rq0_seed42__rq0_0103__rq0_0142,rq0_0103,rq0_0142,hard,rq0_0103,B,A,rq0_0142,rq0_0142,True,True,False,0,False
qwen,Qwen2.5-VL-32B-Instruct,full_rq0_seed42__rq0_0103__rq0_0175,rq0_0103,rq0_0175,medium,rq0_0103,B,A,rq0_0175,rq0_0175,True,True,False,0,False
qwen,Qwen2.5-VL-32B-Instruct,full_rq0_seed42__rq0_0105__rq0_0192,rq0_0105,rq0_0192,hard,rq0_0192,B,A,rq0_0192,rq0_0192,True,True,True,0,False
qwen,Qwen2.5-VL-32B-Instruct,full_rq0_seed42__rq0_0105__rq0_0205,rq0_0105,rq0_0205,hard,rq0_0105,B,A,rq0_0205,rq0_0205,True,True,False,0,False
qwen,Qwen2.5-VL-32B-Instruct,full_rq0_seed42__rq0_0108__rq0_0175,rq0_0108,rq0_0175,medium,rq0_0108,B,A,rq0_0175,rq0_0175,True,True,False,0,False
qwen,Qwen2.5-VL-32B-Instruct,full_rq0_seed42__rq0_0108__rq0_0186,rq0_0108,rq0_0186,medium,rq0_0108,B,A,rq0_0186,rq0_0186,True,True,False,0,False
qwen,Qwen2.5-VL-32B-Instruct,full_rq0_seed42__rq0_0108__rq0_0284,rq0_0108,rq0_0284,medium,rq0_0108,B,B,rq0_0284,rq0_0108,True,False,False,0,False
qwen,Qwen2.5-VL-32B-Instruct,full_rq0_seed42__rq0_0110__rq0_0116,rq0_0110,rq0_0116,hard,rq0_0110,B,A,rq0_0116,rq0_0116,True,True,False,0,False
qwen,Qwen2.5-VL-32B-Instruct,full_rq0_seed42__rq0_0110__rq0_0156,rq0_0110,rq0_0156,medium,rq0_0156,B,A,rq0_0156,rq0_0156,True,True,True,0,False
qwen,Qwen2.5-VL-32B-Instruct,full_rq0_seed42__rq0_0110__rq0_0269,rq0_0110,rq0_0269,hard,rq0_0269,A,A,rq0_0110,rq0_0269,True,False,False,0,False
qwen,Qwen2.5-VL-32B-Instruct,full_rq0_seed42__rq0_0111__rq0_0214,rq0_0111,rq0_0214,easy,rq0_0214,A,B,rq0_0111,rq0_0111,True,True,False,0,False
qwen,Qwen2.5-VL-32B-Instruct,full_rq0_seed42__rq0_0112__rq0_0127,rq0_0112,rq0_0127,hard,rq0_0112,B,B,rq0_0127,rq0_0112,True,False,False,0,False
qwen,Qwen2.5-VL-32B-Instruct,full_rq0_seed42__rq0_0115__rq0_0258,rq0_0115,rq0_0258,easy,rq0_0115,A,B,rq0_0115,rq0_0115,True,True,True,0,False
qwen,Qwen2.5-VL-32B-Instruct,full_rq0_seed42__rq0_0119__rq0_0210,rq0_0119,rq0_0210,medium,rq0_0210,A,B,rq0_0119,rq0_0119,True,True,False,0,False
qwen,Qwen2.5-VL-32B-Instruct,full_rq0_seed42__rq0_0120__rq0_0183,rq0_0120,rq0_0183,easy,rq0_0120,B,A,rq0_0183,rq0_0183,True,True,False,0,False
qwen,Qwen2.5-VL-32B-Instruct,full_rq0_seed42__rq0_0120__rq0_0198,rq0_0120,rq0_0198,easy,rq0_0120,B,B,rq0_0198,rq0_0120,True,False,False,0,False
qwen,Qwen2.5-VL-32B-Instruct,full_rq0_seed42__rq0_0121__rq0_0134,rq0_0121,rq0_0134,hard,rq0_0134,A,B,rq0_0121,rq0_0121,True,True,False,0,False
qwen,Qwen2.5-VL-32B-Instruct,full_rq0_seed42__rq0_0122__rq0_0246,rq0_0122,rq0_0246,hard,rq0_0122,B,A,rq0_0246,rq0_0246,True,True,False,0,False
qwen,Qwen2.5-VL-32B-Instruct,full_rq0_seed42__rq0_0123__rq0_0198,rq0_0123,rq0_0198,medium,rq0_0123,B,B,rq0_0198,rq0_0123,True,False,False,0,False
qwen,Qwen2.5-VL-32B-Instruct,full_rq0_seed42__rq0_0124__rq0_0154,rq0_0124,rq0_0154,hard,rq0_0154,B,A,rq0_0154,rq0_0154,True,True,True,0,False
qwen,Qwen2.5-VL-32B-Instruct,full_rq0_seed42__rq0_0125__rq0_0202,rq0_0125,rq0_0202,hard,rq0_0125,B,B,rq0_0202,rq0_0125,True,False,False,0,False
qwen,Qwen2.5-VL-32B-Instruct,full_rq0_seed42__rq0_0126__rq0_0169,rq0_0126,rq0_0169,easy,rq0_0126,B,A,rq0_0169,rq0_0169,True,True,False,0,False
qwen,Qwen2.5-VL-32B-Instruct,full_rq0_seed42__rq0_0126__rq0_0178,rq0_0126,rq0_0178,hard,rq0_0126,B,A,rq0_0178,rq0_0178,True,True,False,0,False
qwen,Qwen2.5-VL-32B-Instruct,full_rq0_seed42__rq0_0126__rq0_0282,rq0_0126,rq0_0282,medium,rq0_0282,B,A,rq0_0282,rq0_0282,True,True,True,0,False
qwen,Qwen2.5-VL-32B-Instruct,full_rq0_seed42__rq0_0126__rq0_0287,rq0_0126,rq0_0287,medium,rq0_0287,B,A,rq0_0287,rq0_0287,True,True,True,0,False
qwen,Qwen2.5-VL-32B-Instruct,full_rq0_seed42__rq0_0127__rq0_0182,rq0_0127,rq0_0182,easy,rq0_0182,A,B,rq0_0127,rq0_0127,True,True,False,0,False
qwen,Qwen2.5-VL-32B-Instruct,full_rq0_seed42__rq0_0127__rq0_0275,rq0_0127,rq0_0275,easy,rq0_0275,A,B,rq0_0127,rq0_0127,True,True,False,0,False
qwen,Qwen2.5-VL-32B-Instruct,full_rq0_seed42__rq0_0130__rq0_0188,rq0_0130,rq0_0188,hard,rq0_0188,B,B,rq0_0188,rq0_0130,True,False,False,0,False
qwen,Qwen2.5-VL-32B-Instruct,full_rq0_seed42__rq0_0130__rq0_0263,rq0_0130,rq0_0263,hard,rq0_0130,A,B,rq0_0130,rq0_0130,True,True,True,0,False
qwen,Qwen2.5-VL-32B-Instruct,full_rq0_seed42__rq0_0133__rq0_0166,rq0_0133,rq0_0166,hard,rq0_0166,B,B,rq0_0166,rq0_0133,True,False,False,0,False
qwen,Qwen2.5-VL-32B-Instruct,full_rq0_seed42__rq0_0133__rq0_0177,rq0_0133,rq0_0177,medium,rq0_0177,B,A,rq0_0177,rq0_0177,True,True,True,0,False
qwen,Qwen2.5-VL-32B-Instruct,full_rq0_seed42__rq0_0134__rq0_0280,rq0_0134,rq0_0280,medium,rq0_0280,B,A,rq0_0280,rq0_0280,True,True,True,0,False
qwen,Qwen2.5-VL-32B-Instruct,full_rq0_seed42__rq0_0136__rq0_0236,rq0_0136,rq0_0236,medium,rq0_0236,A,B,rq0_0136,rq0_0136,True,True,False,0,False
qwen,Qwen2.5-VL-32B-Instruct,full_rq0_seed42__rq0_0140__rq0_0276,rq0_0140,rq0_0276,easy,rq0_0140,B,B,rq0_0276,rq0_0140,True,False,False,0,False
qwen,Qwen2.5-VL-32B-Instruct,full_rq0_seed42__rq0_0143__rq0_0267,rq0_0143,rq0_0267,easy,rq0_0143,A,B,rq0_0143,rq0_0143,True,True,True,0,False
qwen,Qwen2.5-VL-32B-Instruct,full_rq0_seed42__rq0_0144__rq0_0209,rq0_0144,rq0_0209,hard,rq0_0209,B,A,rq0_0209,rq0_0209,True,True,True,0,False
qwen,Qwen2.5-VL-32B-Instruct,full_rq0_seed42__rq0_0145__rq0_0240,rq0_0145,rq0_0240,easy,rq0_0240,A,B,rq0_0145,rq0_0145,True,True,False,0,False
qwen,Qwen2.5-VL-32B-Instruct,full_rq0_seed42__rq0_0147__rq0_0210,rq0_0147,rq0_0210,easy,rq0_0147,A,B,rq0_0147,rq0_0147,True,True,True,0,False
qwen,Qwen2.5-VL-32B-Instruct,full_rq0_seed42__rq0_0147__rq0_0234,rq0_0147,rq0_0234,medium,rq0_0147,A,B,rq0_0147,rq0_0147,True,True,True,0,False
qwen,Qwen2.5-VL-32B-Instruct,full_rq0_seed42__rq0_0147__rq0_0286,rq0_0147,rq0_0286,easy,rq0_0147,A,B,rq0_0147,rq0_0147,True,True,True,0,False
qwen,Qwen2.5-VL-32B-Instruct,full_rq0_seed42__rq0_0148__rq0_0175,rq0_0148,rq0_0175,hard,rq0_0148,B,A,rq0_0175,rq0_0175,True,True,False,0,False
qwen,Qwen2.5-VL-32B-Instruct,full_rq0_seed42__rq0_0148__rq0_0210,rq0_0148,rq0_0210,hard,rq0_0210,B,A,rq0_0210,rq0_0210,True,True,True,0,False
qwen,Qwen2.5-VL-32B-Instruct,full_rq0_seed42__rq0_0148__rq0_0263,rq0_0148,rq0_0263,medium,rq0_0148,B,A,rq0_0263,rq0_0263,True,True,False,0,False
qwen,Qwen2.5-VL-32B-Instruct,full_rq0_seed42__rq0_0150__rq0_0202,rq0_0150,rq0_0202,easy,rq0_0150,B,B,rq0_0202,rq0_0150,True,False,False,0,False
qwen,Qwen2.5-VL-32B-Instruct,full_rq0_seed42__rq0_0150__rq0_0241,rq0_0150,rq0_0241,easy,rq0_0150,B,A,rq0_0241,rq0_0241,True,True,False,0,False
qwen,Qwen2.5-VL-32B-Instruct,full_rq0_seed42__rq0_0151__rq0_0214,rq0_0151,rq0_0214,medium,rq0_0214,B,B,rq0_0214,rq0_0151,True,False,False,0,False
qwen,Qwen2.5-VL-32B-Instruct,full_rq0_seed42__rq0_0152__rq0_0269,rq0_0152,rq0_0269,easy,rq0_0269,A,B,rq0_0152,rq0_0152,True,True,False,0,False
qwen,Qwen2.5-VL-32B-Instruct,full_rq0_seed42__rq0_0152__rq0_0274,rq0_0152,rq0_0274,medium,rq0_0274,A,B,rq0_0152,rq0_0152,True,True,False,0,False
qwen,Qwen2.5-VL-32B-Instruct,full_rq0_seed42__rq0_0153__rq0_0241,rq0_0153,rq0_0241,medium,rq0_0241,A,B,rq0_0153,rq0_0153,True,True,False,0,False
qwen,Qwen2.5-VL-32B-Instruct,full_rq0_seed42__rq0_0154__rq0_0166,rq0_0154,rq0_0166,hard,rq0_0154,A,A,rq0_0154,rq0_0166,True,False,False,0,False
qwen,Qwen2.5-VL-32B-Instruct,full_rq0_seed42__rq0_0154__rq0_0297,rq0_0154,rq0_0297,hard,rq0_0154,A,A,rq0_0154,rq0_0297,True,False,False,0,False
qwen,Qwen2.5-VL-32B-Instruct,full_rq0_seed42__rq0_0155__rq0_0205,rq0_0155,rq0_0205,hard,rq0_0155,A,A,rq0_0155,rq0_0205,True,False,False,0,False
qwen,Qwen2.5-VL-32B-Instruct,full_rq0_seed42__rq0_0155__rq0_0215,rq0_0155,rq0_0215,hard,rq0_0215,B,A,rq0_0215,rq0_0215,True,True,True,0,False
qwen,Qwen2.5-VL-32B-Instruct,full_rq0_seed42__rq0_0156__rq0_0229,rq0_0156,rq0_0229,hard,rq0_0156,A,B,rq0_0156,rq0_0156,True,True,True,0,False
qwen,Qwen2.5-VL-32B-Instruct,full_rq0_seed42__rq0_0158__rq0_0180,rq0_0158,rq0_0180,medium,rq0_0180,B,A,rq0_0180,rq0_0180,True,True,True,0,False
qwen,Qwen2.5-VL-32B-Instruct,full_rq0_seed42__rq0_0159__rq0_0250,rq0_0159,rq0_0250,medium,rq0_0250,B,A,rq0_0250,rq0_0250,True,True,True,0,False
qwen,Qwen2.5-VL-32B-Instruct,full_rq0_seed42__rq0_0159__rq0_0271,rq0_0159,rq0_0271,hard,rq0_0271,A,B,rq0_0159,rq0_0159,True,True,False,0,False
qwen,Qwen2.5-VL-32B-Instruct,full_rq0_seed42__rq0_0162__rq0_0298,rq0_0162,rq0_0298,medium,rq0_0162,A,B,rq0_0162,rq0_0162,True,True,True,0,False
qwen,Qwen2.5-VL-32B-Instruct,full_rq0_seed42__rq0_0163__rq0_0223,rq0_0163,rq0_0223,hard,rq0_0223,B,A,rq0_0223,rq0_0223,True,True,True,0,False
qwen,Qwen2.5-VL-32B-Instruct,full_rq0_seed42__rq0_0167__rq0_0248,rq0_0167,rq0_0248,easy,rq0_0248,A,B,rq0_0167,rq0_0167,True,True,False,0,False
qwen,Qwen2.5-VL-32B-Instruct,full_rq0_seed42__rq0_0171__rq0_0174,rq0_0171,rq0_0174,hard,rq0_0171,B,B,rq0_0174,rq0_0171,True,False,False,0,False
qwen,Qwen2.5-VL-32B-Instruct,full_rq0_seed42__rq0_0171__rq0_0197,rq0_0171,rq0_0197,easy,rq0_0197,B,B,rq0_0197,rq0_0171,True,False,False,0,False
qwen,Qwen2.5-VL-32B-Instruct,full_rq0_seed42__rq0_0173__rq0_0201,rq0_0173,rq0_0201,easy,rq0_0173,B,A,rq0_0201,rq0_0201,True,True,False,0,False
qwen,Qwen2.5-VL-32B-Instruct,full_rq0_seed42__rq0_0175__rq0_0300,rq0_0175,rq0_0300,hard,rq0_0300,A,B,rq0_0175,rq0_0175,True,True,False,0,False
qwen,Qwen2.5-VL-32B-Instruct,full_rq0_seed42__rq0_0177__rq0_0235,rq0_0177,rq0_0235,hard,rq0_0177,A,B,rq0_0177,rq0_0177,True,True,True,0,False
qwen,Qwen2.5-VL-32B-Instruct,full_rq0_seed42__rq0_0178__rq0_0233,rq0_0178,rq0_0233,easy,rq0_0178,B,B,rq0_0233,rq0_0178,True,False,False,0,False
qwen,Qwen2.5-VL-32B-Instruct,full_rq0_seed42__rq0_0178__rq0_0299,rq0_0178,rq0_0299,medium,rq0_0178,A,B,rq0_0178,rq0_0178,True,True,True,0,False
qwen,Qwen2.5-VL-32B-Instruct,full_rq0_seed42__rq0_0179__rq0_0263,rq0_0179,rq0_0263,hard,rq0_0179,A,B,rq0_0179,rq0_0179,True,True,True,0,False
qwen,Qwen2.5-VL-32B-Instruct,full_rq0_seed42__rq0_0181__rq0_0271,rq0_0181,rq0_0271,easy,rq0_0271,A,B,rq0_0181,rq0_0181,True,True,False,0,False
qwen,Qwen2.5-VL-32B-Instruct,full_rq0_seed42__rq0_0182__rq0_0217,rq0_0182,rq0_0217,easy,rq0_0182,A,B,rq0_0182,rq0_0182,True,True,True,0,False
qwen,Qwen2.5-VL-32B-Instruct,full_rq0_seed42__rq0_0182__rq0_0220,rq0_0182,rq0_0220,easy,rq0_0182,B,A,rq0_0220,rq0_0220,True,True,False,0,False
qwen,Qwen2.5-VL-32B-Instruct,full_rq0_seed42__rq0_0183__rq0_0199,rq0_0183,rq0_0199,easy,rq0_0199,B,B,rq0_0199,rq0_0183,True,False,False,0,False
qwen,Qwen2.5-VL-32B-Instruct,full_rq0_seed42__rq0_0184__rq0_0288,rq0_0184,rq0_0288,medium,rq0_0288,A,B,rq0_0184,rq0_0184,True,True,False,0,False
qwen,Qwen2.5-VL-32B-Instruct,full_rq0_seed42__rq0_0185__rq0_0199,rq0_0185,rq0_0199,medium,rq0_0185,A,B,rq0_0185,rq0_0185,True,True,True,0,False
qwen,Qwen2.5-VL-32B-Instruct,full_rq0_seed42__rq0_0188__rq0_0271,rq0_0188,rq0_0271,easy,rq0_0271,A,B,rq0_0188,rq0_0188,True,True,False,0,False
qwen,Qwen2.5-VL-32B-Instruct,full_rq0_seed42__rq0_0189__rq0_0306,rq0_0189,rq0_0306,hard,rq0_0306,B,B,rq0_0306,rq0_0189,True,False,False,0,False
qwen,Qwen2.5-VL-32B-Instruct,full_rq0_seed42__rq0_0190__rq0_0223,rq0_0190,rq0_0223,medium,rq0_0223,B,A,rq0_0223,rq0_0223,True,True,True,0,False
qwen,Qwen2.5-VL-32B-Instruct,full_rq0_seed42__rq0_0191__rq0_0285,rq0_0191,rq0_0285,medium,rq0_0191,A,B,rq0_0191,rq0_0191,True,True,True,0,False
qwen,Qwen2.5-VL-32B-Instruct,full_rq0_seed42__rq0_0192__rq0_0226,rq0_0192,rq0_0226,medium,rq0_0192,B,B,rq0_0226,rq0_0192,True,False,False,0,False
qwen,Qwen2.5-VL-32B-Instruct,full_rq0_seed42__rq0_0192__rq0_0246,rq0_0192,rq0_0246,medium,rq0_0246,B,A,rq0_0246,rq0_0246,True,True,True,0,False
qwen,Qwen2.5-VL-32B-Instruct,full_rq0_seed42__rq0_0192__rq0_0269,rq0_0192,rq0_0269,easy,rq0_0192,A,B,rq0_0192,rq0_0192,True,True,True,0,False
qwen,Qwen2.5-VL-32B-Instruct,full_rq0_seed42__rq0_0194__rq0_0234,rq0_0194,rq0_0234,medium,rq0_0194,A,B,rq0_0194,rq0_0194,True,True,True,0,False
qwen,Qwen2.5-VL-32B-Instruct,full_rq0_seed42__rq0_0197__rq0_0199,rq0_0197,rq0_0199,hard,rq0_0199,B,B,rq0_0199,rq0_0197,True,False,False,0,False
qwen,Qwen2.5-VL-32B-Instruct,full_rq0_seed42__rq0_0199__rq0_0280,rq0_0199,rq0_0280,medium,rq0_0280,B,A,rq0_0280,rq0_0280,True,True,True,0,False
qwen,Qwen2.5-VL-32B-Instruct,full_rq0_seed42__rq0_0201__rq0_0277,rq0_0201,rq0_0277,medium,rq0_0201,B,B,rq0_0277,rq0_0201,True,False,False,0,False
qwen,Qwen2.5-VL-32B-Instruct,full_rq0_seed42__rq0_0202__rq0_0286,rq0_0202,rq0_0286,hard,rq0_0286,B,B,rq0_0286,rq0_0202,True,False,False,0,False
qwen,Qwen2.5-VL-32B-Instruct,full_rq0_seed42__rq0_0204__rq0_0295,rq0_0204,rq0_0295,easy,rq0_0204,B,B,rq0_0295,rq0_0204,True,False,False,0,False
qwen,Qwen2.5-VL-32B-Instruct,full_rq0_seed42__rq0_0212__rq0_0216,rq0_0212,rq0_0216,medium,rq0_0216,B,B,rq0_0216,rq0_0212,True,False,False,0,False
qwen,Qwen2.5-VL-32B-Instruct,full_rq0_seed42__rq0_0213__rq0_0306,rq0_0213,rq0_0306,easy,rq0_0306,B,B,rq0_0306,rq0_0213,True,False,False,0,False
qwen,Qwen2.5-VL-32B-Instruct,full_rq0_seed42__rq0_0214__rq0_0287,rq0_0214,rq0_0287,easy,rq0_0287,B,A,rq0_0287,rq0_0287,True,True,True,0,False
qwen,Qwen2.5-VL-32B-Instruct,full_rq0_seed42__rq0_0216__rq0_0302,rq0_0216,rq0_0302,easy,rq0_0216,B,B,rq0_0302,rq0_0216,True,False,False,0,False
qwen,Qwen2.5-VL-32B-Instruct,full_rq0_seed42__rq0_0217__rq0_0286,rq0_0217,rq0_0286,medium,rq0_0286,B,B,rq0_0286,rq0_0217,True,False,False,0,False
qwen,Qwen2.5-VL-32B-Instruct,full_rq0_seed42__rq0_0217__rq0_0292,rq0_0217,rq0_0292,medium,rq0_0292,B,B,rq0_0292,rq0_0217,True,False,False,0,False
qwen,Qwen2.5-VL-32B-Instruct,full_rq0_seed42__rq0_0221__rq0_0222,rq0_0221,rq0_0222,medium,rq0_0221,A,B,rq0_0221,rq0_0221,True,True,True,0,False
qwen,Qwen2.5-VL-32B-Instruct,full_rq0_seed42__rq0_0224__rq0_0259,rq0_0224,rq0_0259,easy,rq0_0224,A,B,rq0_0224,rq0_0224,True,True,True,0,False
qwen,Qwen2.5-VL-32B-Instruct,full_rq0_seed42__rq0_0227__rq0_0262,rq0_0227,rq0_0262,easy,rq0_0227,A,B,rq0_0227,rq0_0227,True,True,True,0,False
qwen,Qwen2.5-VL-32B-Instruct,full_rq0_seed42__rq0_0229__rq0_0274,rq0_0229,rq0_0274,medium,rq0_0229,B,B,rq0_0274,rq0_0229,True,False,False,0,False
qwen,Qwen2.5-VL-32B-Instruct,full_rq0_seed42__rq0_0231__rq0_0291,rq0_0231,rq0_0291,hard,rq0_0291,A,B,rq0_0231,rq0_0231,True,True,False,0,False
qwen,Qwen2.5-VL-32B-Instruct,full_rq0_seed42__rq0_0233__rq0_0256,rq0_0233,rq0_0256,medium,rq0_0256,B,B,rq0_0256,rq0_0233,True,False,False,0,False
qwen,Qwen2.5-VL-32B-Instruct,full_rq0_seed42__rq0_0234__rq0_0267,rq0_0234,rq0_0267,easy,rq0_0234,A,B,rq0_0234,rq0_0234,True,True,True,0,False
qwen,Qwen2.5-VL-32B-Instruct,full_rq0_seed42__rq0_0234__rq0_0307,rq0_0234,rq0_0307,hard,rq0_0234,B,B,rq0_0307,rq0_0234,True,False,False,0,False
qwen,Qwen2.5-VL-32B-Instruct,full_rq0_seed42__rq0_0235__rq0_0280,rq0_0235,rq0_0280,hard,rq0_0280,B,A,rq0_0280,rq0_0280,True,True,True,0,False
qwen,Qwen2.5-VL-32B-Instruct,full_rq0_seed42__rq0_0238__rq0_0265,rq0_0238,rq0_0265,medium,rq0_0265,B,A,rq0_0265,rq0_0265,True,True,True,0,False
qwen,Qwen2.5-VL-32B-Instruct,full_rq0_seed42__rq0_0246__rq0_0268,rq0_0246,rq0_0268,easy,rq0_0246,A,B,rq0_0246,rq0_0246,True,True,True,0,False
qwen,Qwen2.5-VL-32B-Instruct,full_rq0_seed42__rq0_0247__rq0_0295,rq0_0247,rq0_0295,medium,rq0_0247,B,B,rq0_0295,rq0_0247,True,False,False,0,False
qwen,Qwen2.5-VL-32B-Instruct,full_rq0_seed42__rq0_0249__rq0_0283,rq0_0249,rq0_0283,easy,rq0_0283,B,A,rq0_0283,rq0_0283,True,True,True,0,False
qwen,Qwen2.5-VL-32B-Instruct,full_rq0_seed42__rq0_0250__rq0_0294,rq0_0250,rq0_0294,easy,rq0_0250,A,B,rq0_0250,rq0_0250,True,True,True,0,False
qwen,Qwen2.5-VL-32B-Instruct,full_rq0_seed42__rq0_0251__rq0_0281,rq0_0251,rq0_0281,medium,rq0_0281,B,A,rq0_0281,rq0_0281,True,True,True,0,False
qwen,Qwen2.5-VL-32B-Instruct,full_rq0_seed42__rq0_0253__rq0_0279,rq0_0253,rq0_0279,medium,rq0_0279,B,A,rq0_0279,rq0_0279,True,True,True,0,False
qwen,Qwen2.5-VL-32B-Instruct,full_rq0_seed42__rq0_0260__rq0_0277,rq0_0260,rq0_0277,hard,rq0_0260,B,A,rq0_0277,rq0_0277,True,True,False,0,False
qwen,Qwen2.5-VL-32B-Instruct,full_rq0_seed42__rq0_0267__rq0_0285,rq0_0267,rq0_0285,medium,rq0_0267,A,B,rq0_0267,rq0_0267,True,True,True,0,False
qwen,Qwen2.5-VL-32B-Instruct,full_rq0_seed42__rq0_0269__rq0_0310,rq0_0269,rq0_0310,easy,rq0_0269,B,B,rq0_0310,rq0_0269,True,False,False,0,False
qwen,Qwen2.5-VL-32B-Instruct,full_rq0_seed42__rq0_0273__rq0_0277,rq0_0273,rq0_0277,hard,rq0_0273,B,B,rq0_0277,rq0_0273,True,False,False,0,False
qwen,Qwen2.5-VL-32B-Instruct,full_rq0_seed42__rq0_0275__rq0_0297,rq0_0275,rq0_0297,medium,rq0_0275,B,B,rq0_0297,rq0_0275,True,False,False,0,False
qwen,Qwen2.5-VL-32B-Instruct,full_rq0_seed42__rq0_0285__rq0_0289,rq0_0285,rq0_0289,easy,rq0_0289,B,B,rq0_0289,rq0_0285,True,False,False,0,False
qwen,Qwen2.5-VL-32B-Instruct,full_rq0_seed42__rq0_0288__rq0_0290,rq0_0288,rq0_0290,hard,rq0_0288,B,B,rq0_0290,rq0_0288,True,False,False,0,False
qwen,Qwen2.5-VL-32B-Instruct,full_rq0_seed42__rq0_0293__rq0_0300,rq0_0293,rq0_0300,medium,rq0_0300,A,B,rq0_0293,rq0_0293,True,True,False,0,False
qwen,Qwen2.5-VL-32B-Instruct,full_rq0_seed42__rq0_0297__rq0_0312,rq0_0297,rq0_0312,easy,rq0_0297,A,B,rq0_0297,rq0_0297,True,True,True,0,False
gemma,gemma-3-27b-it,full_rq0_seed42__rq0_0000__rq0_0279,rq0_0000,rq0_0279,easy,rq0_0279,A,A,rq0_0000,rq0_0279,True,False,False,0,False
gemma,gemma-3-27b-it,full_rq0_seed42__rq0_0001__rq0_0080,rq0_0001,rq0_0080,hard,rq0_0080,B,A,rq0_0080,rq0_0080,True,True,True,0,False
gemma,gemma-3-27b-it,full_rq0_seed42__rq0_0001__rq0_0153,rq0_0001,rq0_0153,easy,rq0_0001,A,A,rq0_0001,rq0_0153,True,False,False,0,False
gemma,gemma-3-27b-it,full_rq0_seed42__rq0_0001__rq0_0167,rq0_0001,rq0_0167,medium,rq0_0001,A,A,rq0_0001,rq0_0167,True,False,False,0,False
gemma,gemma-3-27b-it,full_rq0_seed42__rq0_0001__rq0_0211,rq0_0001,rq0_0211,easy,rq0_0001,A,B,rq0_0001,rq0_0001,True,True,True,0,False
gemma,gemma-3-27b-it,full_rq0_seed42__rq0_0001__rq0_0266,rq0_0001,rq0_0266,medium,rq0_0266,B,A,rq0_0266,rq0_0266,True,True,True,0,False
gemma,gemma-3-27b-it,full_rq0_seed42__rq0_0002__rq0_0014,rq0_0002,rq0_0014,hard,rq0_0014,B,A,rq0_0014,rq0_0014,True,True,True,0,False
gemma,gemma-3-27b-it,full_rq0_seed42__rq0_0002__rq0_0095,rq0_0002,rq0_0095,hard,rq0_0095,A,A,rq0_0002,rq0_0095,True,False,False,0,False
gemma,gemma-3-27b-it,full_rq0_seed42__rq0_0003__rq0_0017,rq0_0003,rq0_0017,medium,rq0_0003,A,B,rq0_0003,rq0_0003,True,True,True,0,False
gemma,gemma-3-27b-it,full_rq0_seed42__rq0_0005__rq0_0022,rq0_0005,rq0_0022,easy,rq0_0022,B,A,rq0_0022,rq0_0022,True,True,True,0,False
gemma,gemma-3-27b-it,full_rq0_seed42__rq0_0005__rq0_0283,rq0_0005,rq0_0283,hard,rq0_0283,A,A,rq0_0005,rq0_0283,True,False,False,0,False
gemma,gemma-3-27b-it,full_rq0_seed42__rq0_0006__rq0_0020,rq0_0006,rq0_0020,easy,rq0_0006,B,A,rq0_0020,rq0_0020,True,True,False,0,False
gemma,gemma-3-27b-it,full_rq0_seed42__rq0_0007__rq0_0063,rq0_0007,rq0_0063,medium,rq0_0063,A,A,rq0_0007,rq0_0063,True,False,False,0,False
gemma,gemma-3-27b-it,full_rq0_seed42__rq0_0007__rq0_0127,rq0_0007,rq0_0127,hard,rq0_0007,B,A,rq0_0127,rq0_0127,True,True,False,0,False
gemma,gemma-3-27b-it,full_rq0_seed42__rq0_0008__rq0_0237,rq0_0008,rq0_0237,easy,rq0_0008,A,B,rq0_0008,rq0_0008,True,True,True,0,False
gemma,gemma-3-27b-it,full_rq0_seed42__rq0_0008__rq0_0304,rq0_0008,rq0_0304,hard,rq0_0008,A,A,rq0_0008,rq0_0304,True,False,False,0,False
gemma,gemma-3-27b-it,full_rq0_seed42__rq0_0009__rq0_0096,rq0_0009,rq0_0096,medium,rq0_0009,A,B,rq0_0009,rq0_0009,True,True,True,0,False
gemma,gemma-3-27b-it,full_rq0_seed42__rq0_0010__rq0_0301,rq0_0010,rq0_0301,medium,rq0_0010,A,B,rq0_0010,rq0_0010,True,True,True,0,False
gemma,gemma-3-27b-it,full_rq0_seed42__rq0_0011__rq0_0235,rq0_0011,rq0_0235,hard,rq0_0235,A,A,rq0_0011,rq0_0235,True,False,False,0,False
gemma,gemma-3-27b-it,full_rq0_seed42__rq0_0013__rq0_0052,rq0_0013,rq0_0052,easy,rq0_0052,A,A,rq0_0013,rq0_0052,True,False,False,0,False
gemma,gemma-3-27b-it,full_rq0_seed42__rq0_0014__rq0_0094,rq0_0014,rq0_0094,easy,rq0_0094,B,A,rq0_0094,rq0_0094,True,True,True,0,False
gemma,gemma-3-27b-it,full_rq0_seed42__rq0_0014__rq0_0233,rq0_0014,rq0_0233,hard,rq0_0233,A,B,rq0_0014,rq0_0014,True,True,False,0,False
gemma,gemma-3-27b-it,full_rq0_seed42__rq0_0015__rq0_0116,rq0_0015,rq0_0116,easy,rq0_0015,A,A,rq0_0015,rq0_0116,True,False,False,0,False
gemma,gemma-3-27b-it,full_rq0_seed42__rq0_0016__rq0_0028,rq0_0016,rq0_0028,medium,rq0_0028,B,A,rq0_0028,rq0_0028,True,True,True,0,False
gemma,gemma-3-27b-it,full_rq0_seed42__rq0_0016__rq0_0029,rq0_0016,rq0_0029,easy,rq0_0029,B,A,rq0_0029,rq0_0029,True,True,True,0,False
gemma,gemma-3-27b-it,full_rq0_seed42__rq0_0016__rq0_0107,rq0_0016,rq0_0107,easy,rq0_0107,B,A,rq0_0107,rq0_0107,True,True,True,0,False
gemma,gemma-3-27b-it,full_rq0_seed42__rq0_0016__rq0_0196,rq0_0016,rq0_0196,hard,rq0_0196,A,A,rq0_0016,rq0_0196,True,False,False,0,False
gemma,gemma-3-27b-it,full_rq0_seed42__rq0_0017__rq0_0169,rq0_0017,rq0_0169,hard,rq0_0017,A,A,rq0_0017,rq0_0169,True,False,False,0,False
gemma,gemma-3-27b-it,full_rq0_seed42__rq0_0017__rq0_0219,rq0_0017,rq0_0219,hard,rq0_0017,A,A,rq0_0017,rq0_0219,True,False,False,0,False
gemma,gemma-3-27b-it,full_rq0_seed42__rq0_0018__rq0_0051,rq0_0018,rq0_0051,medium,rq0_0018,A,B,rq0_0018,rq0_0018,True,True,True,0,False
gemma,gemma-3-27b-it,full_rq0_seed42__rq0_0018__rq0_0111,rq0_0018,rq0_0111,easy,rq0_0018,A,A,rq0_0018,rq0_0111,True,False,False,0,False
gemma,gemma-3-27b-it,full_rq0_seed42__rq0_0018__rq0_0267,rq0_0018,rq0_0267,medium,rq0_0018,A,B,rq0_0018,rq0_0018,True,True,True,0,False
gemma,gemma-3-27b-it,full_rq0_seed42__rq0_0019__rq0_0114,rq0_0019,rq0_0114,medium,rq0_0114,A,A,rq0_0019,rq0_0114,True,False,False,0,False
gemma,gemma-3-27b-it,full_rq0_seed42__rq0_0019__rq0_0123,rq0_0019,rq0_0123,medium,rq0_0019,A,A,rq0_0019,rq0_0123,True,False,False,0,False
gemma,gemma-3-27b-it,full_rq0_seed42__rq0_0019__rq0_0243,rq0_0019,rq0_0243,hard,rq0_0019,A,A,rq0_0019,rq0_0243,True,False,False,0,False
gemma,gemma-3-27b-it,full_rq0_seed42__rq0_0020__rq0_0109,rq0_0020,rq0_0109,easy,rq0_0109,A,A,rq0_0020,rq0_0109,True,False,False,0,False
gemma,gemma-3-27b-it,full_rq0_seed42__rq0_0020__rq0_0186,rq0_0020,rq0_0186,hard,rq0_0186,A,A,rq0_0020,rq0_0186,True,False,False,0,False
gemma,gemma-3-27b-it,full_rq0_seed42__rq0_0020__rq0_0311,rq0_0020,rq0_0311,hard,rq0_0020,A,B,rq0_0020,rq0_0020,True,True,True,0,False
gemma,gemma-3-27b-it,full_rq0_seed42__rq0_0021__rq0_0041,rq0_0021,rq0_0041,easy,rq0_0021,A,A,rq0_0021,rq0_0041,True,False,False,0,False
gemma,gemma-3-27b-it,full_rq0_seed42__rq0_0021__rq0_0264,rq0_0021,rq0_0264,medium,rq0_0021,A,B,rq0_0021,rq0_0021,True,True,True,0,False
gemma,gemma-3-27b-it,full_rq0_seed42__rq0_0022__rq0_0063,rq0_0022,rq0_0063,hard,rq0_0022,A,A,rq0_0022,rq0_0063,True,False,False,0,False
gemma,gemma-3-27b-it,full_rq0_seed42__rq0_0022__rq0_0149,rq0_0022,rq0_0149,easy,rq0_0022,A,A,rq0_0022,rq0_0149,True,False,False,0,False
gemma,gemma-3-27b-it,full_rq0_seed42__rq0_0022__rq0_0166,rq0_0022,rq0_0166,hard,rq0_0166,A,A,rq0_0022,rq0_0166,True,False,False,0,False
gemma,gemma-3-27b-it,full_rq0_seed42__rq0_0022__rq0_0179,rq0_0022,rq0_0179,medium,rq0_0022,A,B,rq0_0022,rq0_0022,True,True,True,0,False
gemma,gemma-3-27b-it,full_rq0_seed42__rq0_0022__rq0_0204,rq0_0022,rq0_0204,hard,rq0_0204,A,B,rq0_0022,rq0_0022,True,True,False,0,False
gemma,gemma-3-27b-it,full_rq0_seed42__rq0_0022__rq0_0253,rq0_0022,rq0_0253,hard,rq0_0022,A,B,rq0_0022,rq0_0022,True,True,True,0,False
gemma,gemma-3-27b-it,full_rq0_seed42__rq0_0022__rq0_0262,rq0_0022,rq0_0262,hard,rq0_0022,A,B,rq0_0022,rq0_0022,True,True,True,0,False
gemma,gemma-3-27b-it,full_rq0_seed42__rq0_0022__rq0_0300,rq0_0022,rq0_0300,hard,rq0_0022,A,B,rq0_0022,rq0_0022,True,True,True,0,False
gemma,gemma-3-27b-it,full_rq0_seed42__rq0_0022__rq0_0308,rq0_0022,rq0_0308,easy,rq0_0022,A,B,rq0_0022,rq0_0022,True,True,True,0,False
gemma,gemma-3-27b-it,full_rq0_seed42__rq0_0023__rq0_0130,rq0_0023,rq0_0130,easy,rq0_0130,B,A,rq0_0130,rq0_0130,True,True,True,0,False
gemma,gemma-3-27b-it,full_rq0_seed42__rq0_0023__rq0_0160,rq0_0023,rq0_0160,easy,rq0_0160,A,A,rq0_0023,rq0_0160,True,False,False,0,False
gemma,gemma-3-27b-it,full_rq0_seed42__rq0_0023__rq0_0203,rq0_0023,rq0_0203,easy,rq0_0203,B,A,rq0_0203,rq0_0203,True,True,True,0,False
gemma,gemma-3-27b-it,full_rq0_seed42__rq0_0023__rq0_0260,rq0_0023,rq0_0260,easy,rq0_0260,A,B,rq0_0023,rq0_0023,True,True,False,0,False
gemma,gemma-3-27b-it,full_rq0_seed42__rq0_0023__rq0_0277,rq0_0023,rq0_0277,medium,rq0_0277,A,A,rq0_0023,rq0_0277,True,False,False,0,False
gemma,gemma-3-27b-it,full_rq0_seed42__rq0_0024__rq0_0250,rq0_0024,rq0_0250,easy,rq0_0250,A,A,rq0_0024,rq0_0250,True,False,False,0,False
gemma,gemma-3-27b-it,full_rq0_seed42__rq0_0024__rq0_0302,rq0_0024,rq0_0302,medium,rq0_0302,A,A,rq0_0024,rq0_0302,True,False,False,0,False
gemma,gemma-3-27b-it,full_rq0_seed42__rq0_0025__rq0_0054,rq0_0025,rq0_0054,hard,rq0_0025,A,B,rq0_0025,rq0_0025,True,True,True,0,False
gemma,gemma-3-27b-it,full_rq0_seed42__rq0_0025__rq0_0159,rq0_0025,rq0_0159,hard,rq0_0025,A,B,rq0_0025,rq0_0025,True,True,True,0,False
gemma,gemma-3-27b-it,full_rq0_seed42__rq0_0025__rq0_0181,rq0_0025,rq0_0181,easy,rq0_0025,A,A,rq0_0025,rq0_0181,True,False,False,0,False
gemma,gemma-3-27b-it,full_rq0_seed42__rq0_0025__rq0_0237,rq0_0025,rq0_0237,medium,rq0_0025,A,B,rq0_0025,rq0_0025,True,True,True,0,False
gemma,gemma-3-27b-it,full_rq0_seed42__rq0_0026__rq0_0088,rq0_0026,rq0_0088,medium,rq0_0088,B,A,rq0_0088,rq0_0088,True,True,True,0,False
gemma,gemma-3-27b-it,full_rq0_seed42__rq0_0026__rq0_0109,rq0_0026,rq0_0109,medium,rq0_0109,A,A,rq0_0026,rq0_0109,True,False,False,0,False
gemma,gemma-3-27b-it,full_rq0_seed42__rq0_0026__rq0_0151,rq0_0026,rq0_0151,medium,rq0_0026,A,A,rq0_0026,rq0_0151,True,False,False,0,False
gemma,gemma-3-27b-it,full_rq0_seed42__rq0_0027__rq0_0032,rq0_0027,rq0_0032,medium,rq0_0032,B,A,rq0_0032,rq0_0032,True,True,True,0,False
gemma,gemma-3-27b-it,full_rq0_seed42__rq0_0027__rq0_0272,rq0_0027,rq0_0272,medium,rq0_0027,A,A,rq0_0027,rq0_0272,True,False,False,0,False
gemma,gemma-3-27b-it,full_rq0_seed42__rq0_0028__rq0_0068,rq0_0028,rq0_0068,medium,rq0_0028,A,A,rq0_0028,rq0_0068,True,False,False,0,False
gemma,gemma-3-27b-it,full_rq0_seed42__rq0_0029__rq0_0264,rq0_0029,rq0_0264,hard,rq0_0264,A,A,rq0_0029,rq0_0264,True,False,False,0,False
gemma,gemma-3-27b-it,full_rq0_seed42__rq0_0030__rq0_0049,rq0_0030,rq0_0049,hard,rq0_0030,A,A,rq0_0030,rq0_0049,True,False,False,0,False
gemma,gemma-3-27b-it,full_rq0_seed42__rq0_0030__rq0_0156,rq0_0030,rq0_0156,easy,rq0_0030,A,A,rq0_0030,rq0_0156,True,False,False,0,False
gemma,gemma-3-27b-it,full_rq0_seed42__rq0_0030__rq0_0225,rq0_0030,rq0_0225,easy,rq0_0030,A,B,rq0_0030,rq0_0030,True,True,True,0,False
gemma,gemma-3-27b-it,full_rq0_seed42__rq0_0031__rq0_0282,rq0_0031,rq0_0282,medium,rq0_0282,A,A,rq0_0031,rq0_0282,True,False,False,0,False
gemma,gemma-3-27b-it,full_rq0_seed42__rq0_0033__rq0_0135,rq0_0033,rq0_0135,medium,rq0_0135,A,A,rq0_0033,rq0_0135,True,False,False,0,False
gemma,gemma-3-27b-it,full_rq0_seed42__rq0_0033__rq0_0171,rq0_0033,rq0_0171,easy,rq0_0171,A,A,rq0_0033,rq0_0171,True,False,False,0,False
gemma,gemma-3-27b-it,full_rq0_seed42__rq0_0033__rq0_0272,rq0_0033,rq0_0272,easy,rq0_0272,A,A,rq0_0033,rq0_0272,True,False,False,0,False
gemma,gemma-3-27b-it,full_rq0_seed42__rq0_0034__rq0_0167,rq0_0034,rq0_0167,easy,rq0_0167,A,A,rq0_0034,rq0_0167,True,False,False,0,False
gemma,gemma-3-27b-it,full_rq0_seed42__rq0_0035__rq0_0056,rq0_0035,rq0_0056,hard,rq0_0035,A,A,rq0_0035,rq0_0056,True,False,False,0,False
gemma,gemma-3-27b-it,full_rq0_seed42__rq0_0036__rq0_0132,rq0_0036,rq0_0132,medium,rq0_0132,A,A,rq0_0036,rq0_0132,True,False,False,0,False
gemma,gemma-3-27b-it,full_rq0_seed42__rq0_0036__rq0_0135,rq0_0036,rq0_0135,hard,rq0_0036,A,A,rq0_0036,rq0_0135,True,False,False,0,False
gemma,gemma-3-27b-it,full_rq0_seed42__rq0_0036__rq0_0268,rq0_0036,rq0_0268,medium,rq0_0268,A,A,rq0_0036,rq0_0268,True,False,False,0,False
gemma,gemma-3-27b-it,full_rq0_seed42__rq0_0037__rq0_0053,rq0_0037,rq0_0053,hard,rq0_0037,A,A,rq0_0037,rq0_0053,True,False,False,0,False
gemma,gemma-3-27b-it,full_rq0_seed42__rq0_0037__rq0_0159,rq0_0037,rq0_0159,medium,rq0_0159,A,A,rq0_0037,rq0_0159,True,False,False,0,False
gemma,gemma-3-27b-it,full_rq0_seed42__rq0_0038__rq0_0059,rq0_0038,rq0_0059,easy,rq0_0059,A,A,rq0_0038,rq0_0059,True,False,False,0,False
gemma,gemma-3-27b-it,full_rq0_seed42__rq0_0039__rq0_0117,rq0_0039,rq0_0117,easy,rq0_0117,B,A,rq0_0117,rq0_0117,True,True,True,0,False
gemma,gemma-3-27b-it,full_rq0_seed42__rq0_0039__rq0_0175,rq0_0039,rq0_0175,medium,rq0_0175,B,A,rq0_0175,rq0_0175,True,True,True,0,False
gemma,gemma-3-27b-it,full_rq0_seed42__rq0_0040__rq0_0281,rq0_0040,rq0_0281,hard,rq0_0040,A,A,rq0_0040,rq0_0281,True,False,False,0,False
gemma,gemma-3-27b-it,full_rq0_seed42__rq0_0041__rq0_0055,rq0_0041,rq0_0055,medium,rq0_0055,B,A,rq0_0055,rq0_0055,True,True,True,0,False
gemma,gemma-3-27b-it,full_rq0_seed42__rq0_0041__rq0_0245,rq0_0041,rq0_0245,hard,rq0_0041,A,A,rq0_0041,rq0_0245,True,False,False,0,False
gemma,gemma-3-27b-it,full_rq0_seed42__rq0_0041__rq0_0246,rq0_0041,rq0_0246,easy,rq0_0246,A,A,rq0_0041,rq0_0246,True,False,False,0,False
gemma,gemma-3-27b-it,full_rq0_seed42__rq0_0043__rq0_0048,rq0_0043,rq0_0048,medium,rq0_0048,A,A,rq0_0043,rq0_0048,True,False,False,0,False
gemma,gemma-3-27b-it,full_rq0_seed42__rq0_0044__rq0_0049,rq0_0044,rq0_0049,hard,rq0_0049,B,A,rq0_0049,rq0_0049,True,True,True,0,False
gemma,gemma-3-27b-it,full_rq0_seed42__rq0_0046__rq0_0098,rq0_0046,rq0_0098,easy,rq0_0046,A,A,rq0_0046,rq0_0098,True,False,False,0,False
gemma,gemma-3-27b-it,full_rq0_seed42__rq0_0046__rq0_0166,rq0_0046,rq0_0166,hard,rq0_0046,A,A,rq0_0046,rq0_0166,True,False,False,0,False
gemma,gemma-3-27b-it,full_rq0_seed42__rq0_0047__rq0_0225,rq0_0047,rq0_0225,easy,rq0_0047,A,B,rq0_0047,rq0_0047,True,True,True,0,False
gemma,gemma-3-27b-it,full_rq0_seed42__rq0_0048__rq0_0072,rq0_0048,rq0_0072,medium,rq0_0048,A,B,rq0_0048,rq0_0048,True,True,True,0,False
gemma,gemma-3-27b-it,full_rq0_seed42__rq0_0048__rq0_0269,rq0_0048,rq0_0269,easy,rq0_0048,A,B,rq0_0048,rq0_0048,True,True,True,0,False
gemma,gemma-3-27b-it,full_rq0_seed42__rq0_0049__rq0_0223,rq0_0049,rq0_0223,hard,rq0_0049,A,B,rq0_0049,rq0_0049,True,True,True,0,False
gemma,gemma-3-27b-it,full_rq0_seed42__rq0_0050__rq0_0243,rq0_0050,rq0_0243,easy,rq0_0243,B,A,rq0_0243,rq0_0243,True,True,True,0,False
gemma,gemma-3-27b-it,full_rq0_seed42__rq0_0051__rq0_0130,rq0_0051,rq0_0130,hard,rq0_0130,B,A,rq0_0130,rq0_0130,True,True,True,0,False
gemma,gemma-3-27b-it,full_rq0_seed42__rq0_0052__rq0_0217,rq0_0052,rq0_0217,easy,rq0_0052,A,A,rq0_0052,rq0_0217,True,False,False,0,False
gemma,gemma-3-27b-it,full_rq0_seed42__rq0_0053__rq0_0101,rq0_0053,rq0_0101,hard,rq0_0101,B,A,rq0_0101,rq0_0101,True,True,True,0,False
gemma,gemma-3-27b-it,full_rq0_seed42__rq0_0054__rq0_0090,rq0_0054,rq0_0090,hard,rq0_0054,A,A,rq0_0054,rq0_0090,True,False,False,0,False
gemma,gemma-3-27b-it,full_rq0_seed42__rq0_0054__rq0_0168,rq0_0054,rq0_0168,medium,rq0_0168,A,B,rq0_0054,rq0_0054,True,True,False,0,False
gemma,gemma-3-27b-it,full_rq0_seed42__rq0_0055__rq0_0089,rq0_0055,rq0_0089,easy,rq0_0055,A,B,rq0_0055,rq0_0055,True,True,True,0,False
gemma,gemma-3-27b-it,full_rq0_seed42__rq0_0056__rq0_0067,rq0_0056,rq0_0067,medium,rq0_0067,A,B,rq0_0056,rq0_0056,True,True,False,0,False
gemma,gemma-3-27b-it,full_rq0_seed42__rq0_0056__rq0_0196,rq0_0056,rq0_0196,hard,rq0_0196,A,B,rq0_0056,rq0_0056,True,True,False,0,False
gemma,gemma-3-27b-it,full_rq0_seed42__rq0_0059__rq0_0136,rq0_0059,rq0_0136,medium,rq0_0059,A,A,rq0_0059,rq0_0136,True,False,False,0,False
gemma,gemma-3-27b-it,full_rq0_seed42__rq0_0060__rq0_0168,rq0_0060,rq0_0168,medium,rq0_0168,A,A,rq0_0060,rq0_0168,True,False,False,0,False
gemma,gemma-3-27b-it,full_rq0_seed42__rq0_0061__rq0_0203,rq0_0061,rq0_0203,easy,rq0_0203,A,A,rq0_0061,rq0_0203,True,False,False,0,False
gemma,gemma-3-27b-it,full_rq0_seed42__rq0_0062__rq0_0183,rq0_0062,rq0_0183,easy,rq0_0062,A,A,rq0_0062,rq0_0183,True,False,False,0,False
gemma,gemma-3-27b-it,full_rq0_seed42__rq0_0062__rq0_0230,rq0_0062,rq0_0230,hard,rq0_0230,A,B,rq0_0062,rq0_0062,True,True,False,0,False
gemma,gemma-3-27b-it,full_rq0_seed42__rq0_0063__rq0_0113,rq0_0063,rq0_0113,hard,rq0_0063,A,A,rq0_0063,rq0_0113,True,False,False,0,False
gemma,gemma-3-27b-it,full_rq0_seed42__rq0_0063__rq0_0291,rq0_0063,rq0_0291,medium,rq0_0063,A,B,rq0_0063,rq0_0063,True,True,True,0,False
gemma,gemma-3-27b-it,full_rq0_seed42__rq0_0064__rq0_0068,rq0_0064,rq0_0068,hard,rq0_0064,A,A,rq0_0064,rq0_0068,True,False,False,0,False
gemma,gemma-3-27b-it,full_rq0_seed42__rq0_0064__rq0_0079,rq0_0064,rq0_0079,easy,rq0_0079,B,A,rq0_0079,rq0_0079,True,True,True,0,False
gemma,gemma-3-27b-it,full_rq0_seed42__rq0_0064__rq0_0199,rq0_0064,rq0_0199,easy,rq0_0199,B,A,rq0_0199,rq0_0199,True,True,True,0,False
gemma,gemma-3-27b-it,full_rq0_seed42__rq0_0064__rq0_0280,rq0_0064,rq0_0280,easy,rq0_0280,B,A,rq0_0280,rq0_0280,True,True,True,0,False
gemma,gemma-3-27b-it,full_rq0_seed42__rq0_0065__rq0_0150,rq0_0065,rq0_0150,hard,rq0_0150,A,B,rq0_0065,rq0_0065,True,True,False,0,False
gemma,gemma-3-27b-it,full_rq0_seed42__rq0_0065__rq0_0262,rq0_0065,rq0_0262,easy,rq0_0065,A,B,rq0_0065,rq0_0065,True,True,True,0,False
gemma,gemma-3-27b-it,full_rq0_seed42__rq0_0066__rq0_0131,rq0_0066,rq0_0131,hard,rq0_0131,A,B,rq0_0066,rq0_0066,True,True,False,0,False
gemma,gemma-3-27b-it,full_rq0_seed42__rq0_0066__rq0_0257,rq0_0066,rq0_0257,hard,rq0_0257,A,B,rq0_0066,rq0_0066,True,True,False,0,False
gemma,gemma-3-27b-it,full_rq0_seed42__rq0_0067__rq0_0078,rq0_0067,rq0_0078,easy,rq0_0078,B,A,rq0_0078,rq0_0078,True,True,True,0,False
gemma,gemma-3-27b-it,full_rq0_seed42__rq0_0067__rq0_0093,rq0_0067,rq0_0093,hard,rq0_0093,B,A,rq0_0093,rq0_0093,True,True,True,0,False
gemma,gemma-3-27b-it,full_rq0_seed42__rq0_0069__rq0_0259,rq0_0069,rq0_0259,hard,rq0_0069,A,B,rq0_0069,rq0_0069,True,True,True,0,False
gemma,gemma-3-27b-it,full_rq0_seed42__rq0_0070__rq0_0220,rq0_0070,rq0_0220,easy,rq0_0220,A,A,rq0_0070,rq0_0220,True,False,False,0,False
gemma,gemma-3-27b-it,full_rq0_seed42__rq0_0071__rq0_0093,rq0_0071,rq0_0093,hard,rq0_0071,B,A,rq0_0093,rq0_0093,True,True,False,0,False
gemma,gemma-3-27b-it,full_rq0_seed42__rq0_0071__rq0_0261,rq0_0071,rq0_0261,easy,rq0_0071,A,B,rq0_0071,rq0_0071,True,True,True,0,False
gemma,gemma-3-27b-it,full_rq0_seed42__rq0_0072__rq0_0131,rq0_0072,rq0_0131,hard,rq0_0072,A,A,rq0_0072,rq0_0131,True,False,False,0,False
gemma,gemma-3-27b-it,full_rq0_seed42__rq0_0072__rq0_0140,rq0_0072,rq0_0140,hard,rq0_0072,A,A,rq0_0072,rq0_0140,True,False,False,0,False
gemma,gemma-3-27b-it,full_rq0_seed42__rq0_0072__rq0_0291,rq0_0072,rq0_0291,easy,rq0_0072,A,B,rq0_0072,rq0_0072,True,True,True,0,False
gemma,gemma-3-27b-it,full_rq0_seed42__rq0_0072__rq0_0301,rq0_0072,rq0_0301,easy,rq0_0072,A,B,rq0_0072,rq0_0072,True,True,True,0,False
gemma,gemma-3-27b-it,full_rq0_seed42__rq0_0073__rq0_0181,rq0_0073,rq0_0181,medium,rq0_0073,A,A,rq0_0073,rq0_0181,True,False,False,0,False
gemma,gemma-3-27b-it,full_rq0_seed42__rq0_0073__rq0_0204,rq0_0073,rq0_0204,hard,rq0_0204,A,A,rq0_0073,rq0_0204,True,False,False,0,False
gemma,gemma-3-27b-it,full_rq0_seed42__rq0_0073__rq0_0279,rq0_0073,rq0_0279,medium,rq0_0279,A,A,rq0_0073,rq0_0279,True,False,False,0,False
gemma,gemma-3-27b-it,full_rq0_seed42__rq0_0074__rq0_0230,rq0_0074,rq0_0230,hard,rq0_0230,A,B,rq0_0074,rq0_0074,True,True,False,0,False
gemma,gemma-3-27b-it,full_rq0_seed42__rq0_0074__rq0_0302,rq0_0074,rq0_0302,medium,rq0_0074,A,B,rq0_0074,rq0_0074,True,True,True,0,False
gemma,gemma-3-27b-it,full_rq0_seed42__rq0_0075__rq0_0110,rq0_0075,rq0_0110,hard,rq0_0110,A,A,rq0_0075,rq0_0110,True,False,False,0,False
gemma,gemma-3-27b-it,full_rq0_seed42__rq0_0075__rq0_0135,rq0_0075,rq0_0135,hard,rq0_0075,A,A,rq0_0075,rq0_0135,True,False,False,0,False
gemma,gemma-3-27b-it,full_rq0_seed42__rq0_0075__rq0_0245,rq0_0075,rq0_0245,medium,rq0_0245,A,A,rq0_0075,rq0_0245,True,False,False,0,False
gemma,gemma-3-27b-it,full_rq0_seed42__rq0_0075__rq0_0275,rq0_0075,rq0_0275,easy,rq0_0275,B,A,rq0_0275,rq0_0275,True,True,True,0,False
gemma,gemma-3-27b-it,full_rq0_seed42__rq0_0075__rq0_0302,rq0_0075,rq0_0302,hard,rq0_0302,A,B,rq0_0075,rq0_0075,True,True,False,0,False
gemma,gemma-3-27b-it,full_rq0_seed42__rq0_0076__rq0_0166,rq0_0076,rq0_0166,easy,rq0_0166,A,A,rq0_0076,rq0_0166,True,False,False,0,False
gemma,gemma-3-27b-it,full_rq0_seed42__rq0_0076__rq0_0207,rq0_0076,rq0_0207,easy,rq0_0207,A,A,rq0_0076,rq0_0207,True,False,False,0,False
gemma,gemma-3-27b-it,full_rq0_seed42__rq0_0077__rq0_0080,rq0_0077,rq0_0080,easy,rq0_0080,B,A,rq0_0080,rq0_0080,True,True,True,0,False
gemma,gemma-3-27b-it,full_rq0_seed42__rq0_0077__rq0_0121,rq0_0077,rq0_0121,hard,rq0_0077,A,A,rq0_0077,rq0_0121,True,False,False,0,False
gemma,gemma-3-27b-it,full_rq0_seed42__rq0_0077__rq0_0230,rq0_0077,rq0_0230,medium,rq0_0230,A,A,rq0_0077,rq0_0230,True,False,False,0,False
gemma,gemma-3-27b-it,full_rq0_seed42__rq0_0078__rq0_0230,rq0_0078,rq0_0230,medium,rq0_0078,A,B,rq0_0078,rq0_0078,True,True,True,0,False
gemma,gemma-3-27b-it,full_rq0_seed42__rq0_0078__rq0_0240,rq0_0078,rq0_0240,easy,rq0_0078,A,A,rq0_0078,rq0_0240,True,False,False,0,False
gemma,gemma-3-27b-it,full_rq0_seed42__rq0_0078__rq0_0287,rq0_0078,rq0_0287,hard,rq0_0287,B,A,rq0_0287,rq0_0287,True,True,True,0,False
gemma,gemma-3-27b-it,full_rq0_seed42__rq0_0080__rq0_0091,rq0_0080,rq0_0091,easy,rq0_0080,A,B,rq0_0080,rq0_0080,True,True,True,0,False
gemma,gemma-3-27b-it,full_rq0_seed42__rq0_0080__rq0_0156,rq0_0080,rq0_0156,medium,rq0_0080,A,B,rq0_0080,rq0_0080,True,True,True,0,False
gemma,gemma-3-27b-it,full_rq0_seed42__rq0_0081__rq0_0222,rq0_0081,rq0_0222,easy,rq0_0222,B,A,rq0_0222,rq0_0222,True,True,True,0,False
gemma,gemma-3-27b-it,full_rq0_seed42__rq0_0081__rq0_0311,rq0_0081,rq0_0311,hard,rq0_0081,A,B,rq0_0081,rq0_0081,True,True,True,0,False
gemma,gemma-3-27b-it,full_rq0_seed42__rq0_0083__rq0_0113,rq0_0083,rq0_0113,medium,rq0_0083,A,A,rq0_0083,rq0_0113,True,False,False,0,False
gemma,gemma-3-27b-it,full_rq0_seed42__rq0_0084__rq0_0095,rq0_0084,rq0_0095,hard,rq0_0095,A,A,rq0_0084,rq0_0095,True,False,False,0,False
gemma,gemma-3-27b-it,full_rq0_seed42__rq0_0084__rq0_0123,rq0_0084,rq0_0123,medium,rq0_0123,A,A,rq0_0084,rq0_0123,True,False,False,0,False
gemma,gemma-3-27b-it,full_rq0_seed42__rq0_0084__rq0_0205,rq0_0084,rq0_0205,easy,rq0_0205,A,A,rq0_0084,rq0_0205,True,False,False,0,False
gemma,gemma-3-27b-it,full_rq0_seed42__rq0_0085__rq0_0109,rq0_0085,rq0_0109,medium,rq0_0109,A,A,rq0_0085,rq0_0109,True,False,False,0,False
gemma,gemma-3-27b-it,full_rq0_seed42__rq0_0085__rq0_0136,rq0_0085,rq0_0136,medium,rq0_0136,A,A,rq0_0085,rq0_0136,True,False,False,0,False
gemma,gemma-3-27b-it,full_rq0_seed42__rq0_0086__rq0_0119,rq0_0086,rq0_0119,hard,rq0_0086,A,A,rq0_0086,rq0_0119,True,False,False,0,False
gemma,gemma-3-27b-it,full_rq0_seed42__rq0_0086__rq0_0255,rq0_0086,rq0_0255,hard,rq0_0255,A,B,rq0_0086,rq0_0086,True,True,False,0,False
gemma,gemma-3-27b-it,full_rq0_seed42__rq0_0087__rq0_0290,rq0_0087,rq0_0290,medium,rq0_0087,A,B,rq0_0087,rq0_0087,True,True,True,0,False
gemma,gemma-3-27b-it,full_rq0_seed42__rq0_0089__rq0_0131,rq0_0089,rq0_0131,easy,rq0_0131,B,A,rq0_0131,rq0_0131,True,True,True,0,False
gemma,gemma-3-27b-it,full_rq0_seed42__rq0_0089__rq0_0145,rq0_0089,rq0_0145,hard,rq0_0145,B,A,rq0_0145,rq0_0145,True,True,True,0,False
gemma,gemma-3-27b-it,full_rq0_seed42__rq0_0089__rq0_0195,rq0_0089,rq0_0195,medium,rq0_0195,B,A,rq0_0195,rq0_0195,True,True,True,0,False
gemma,gemma-3-27b-it,full_rq0_seed42__rq0_0089__rq0_0232,rq0_0089,rq0_0232,medium,rq0_0232,B,A,rq0_0232,rq0_0232,True,True,True,0,False
gemma,gemma-3-27b-it,full_rq0_seed42__rq0_0089__rq0_0263,rq0_0089,rq0_0263,medium,rq0_0263,B,A,rq0_0263,rq0_0263,True,True,True,0,False
gemma,gemma-3-27b-it,full_rq0_seed42__rq0_0090__rq0_0121,rq0_0090,rq0_0121,hard,rq0_0090,B,A,rq0_0121,rq0_0121,True,True,False,0,False
gemma,gemma-3-27b-it,full_rq0_seed42__rq0_0090__rq0_0168,rq0_0090,rq0_0168,medium,rq0_0168,A,A,rq0_0090,rq0_0168,True,False,False,0,False
gemma,gemma-3-27b-it,full_rq0_seed42__rq0_0090__rq0_0240,rq0_0090,rq0_0240,hard,rq0_0240,A,B,rq0_0090,rq0_0090,True,True,False,0,False
gemma,gemma-3-27b-it,full_rq0_seed42__rq0_0091__rq0_0204,rq0_0091,rq0_0204,easy,rq0_0204,B,A,rq0_0204,rq0_0204,True,True,True,0,False
gemma,gemma-3-27b-it,full_rq0_seed42__rq0_0092__rq0_0222,rq0_0092,rq0_0222,hard,rq0_0092,A,A,rq0_0092,rq0_0222,True,False,False,0,False
gemma,gemma-3-27b-it,full_rq0_seed42__rq0_0092__rq0_0235,rq0_0092,rq0_0235,medium,rq0_0092,A,B,rq0_0092,rq0_0092,True,True,True,0,False
gemma,gemma-3-27b-it,full_rq0_seed42__rq0_0093__rq0_0252,rq0_0093,rq0_0252,medium,rq0_0252,A,B,rq0_0093,rq0_0093,True,True,False,0,False
gemma,gemma-3-27b-it,full_rq0_seed42__rq0_0094__rq0_0111,rq0_0094,rq0_0111,easy,rq0_0094,A,A,rq0_0094,rq0_0111,True,False,False,0,False
gemma,gemma-3-27b-it,full_rq0_seed42__rq0_0097__rq0_0129,rq0_0097,rq0_0129,medium,rq0_0129,B,A,rq0_0129,rq0_0129,True,True,True,0,False
gemma,gemma-3-27b-it,full_rq0_seed42__rq0_0099__rq0_0149,rq0_0099,rq0_0149,easy,rq0_0099,A,A,rq0_0099,rq0_0149,True,False,False,0,False
gemma,gemma-3-27b-it,full_rq0_seed42__rq0_0099__rq0_0199,rq0_0099,rq0_0199,hard,rq0_0099,B,A,rq0_0199,rq0_0199,True,True,False,0,False
gemma,gemma-3-27b-it,full_rq0_seed42__rq0_0099__rq0_0307,rq0_0099,rq0_0307,medium,rq0_0099,A,A,rq0_0099,rq0_0307,True,False,False,0,False
gemma,gemma-3-27b-it,full_rq0_seed42__rq0_0100__rq0_0152,rq0_0100,rq0_0152,easy,rq0_0100,A,A,rq0_0100,rq0_0152,True,False,False,0,False
gemma,gemma-3-27b-it,full_rq0_seed42__rq0_0100__rq0_0224,rq0_0100,rq0_0224,easy,rq0_0224,B,A,rq0_0224,rq0_0224,True,True,True,0,False
gemma,gemma-3-27b-it,full_rq0_seed42__rq0_0101__rq0_0154,rq0_0101,rq0_0154,easy,rq0_0154,A,A,rq0_0101,rq0_0154,True,False,False,0,False
gemma,gemma-3-27b-it,full_rq0_seed42__rq0_0102__rq0_0132,rq0_0102,rq0_0132,medium,rq0_0102,B,A,rq0_0132,rq0_0132,True,True,False,0,False
gemma,gemma-3-27b-it,full_rq0_seed42__rq0_0103__rq0_0142,rq0_0103,rq0_0142,hard,rq0_0103,A,A,rq0_0103,rq0_0142,True,False,False,0,False
gemma,gemma-3-27b-it,full_rq0_seed42__rq0_0103__rq0_0175,rq0_0103,rq0_0175,medium,rq0_0103,A,A,rq0_0103,rq0_0175,True,False,False,0,False
gemma,gemma-3-27b-it,full_rq0_seed42__rq0_0105__rq0_0192,rq0_0105,rq0_0192,hard,rq0_0192,A,A,rq0_0105,rq0_0192,True,False,False,0,False
gemma,gemma-3-27b-it,full_rq0_seed42__rq0_0105__rq0_0205,rq0_0105,rq0_0205,hard,rq0_0105,A,A,rq0_0105,rq0_0205,True,False,False,0,False
gemma,gemma-3-27b-it,full_rq0_seed42__rq0_0108__rq0_0175,rq0_0108,rq0_0175,medium,rq0_0108,B,A,rq0_0175,rq0_0175,True,True,False,0,False
gemma,gemma-3-27b-it,full_rq0_seed42__rq0_0108__rq0_0186,rq0_0108,rq0_0186,medium,rq0_0108,A,A,rq0_0108,rq0_0186,True,False,False,0,False
gemma,gemma-3-27b-it,full_rq0_seed42__rq0_0108__rq0_0284,rq0_0108,rq0_0284,medium,rq0_0108,A,A,rq0_0108,rq0_0284,True,False,False,0,False
gemma,gemma-3-27b-it,full_rq0_seed42__rq0_0110__rq0_0116,rq0_0110,rq0_0116,hard,rq0_0110,A,A,rq0_0110,rq0_0116,True,False,False,0,False
gemma,gemma-3-27b-it,full_rq0_seed42__rq0_0110__rq0_0156,rq0_0110,rq0_0156,medium,rq0_0156,A,A,rq0_0110,rq0_0156,True,False,False,0,False
gemma,gemma-3-27b-it,full_rq0_seed42__rq0_0110__rq0_0269,rq0_0110,rq0_0269,hard,rq0_0269,A,A,rq0_0110,rq0_0269,True,False,False,0,False
gemma,gemma-3-27b-it,full_rq0_seed42__rq0_0111__rq0_0214,rq0_0111,rq0_0214,easy,rq0_0214,A,A,rq0_0111,rq0_0214,True,False,False,0,False
gemma,gemma-3-27b-it,full_rq0_seed42__rq0_0112__rq0_0127,rq0_0112,rq0_0127,hard,rq0_0112,B,A,rq0_0127,rq0_0127,True,True,False,0,False
gemma,gemma-3-27b-it,full_rq0_seed42__rq0_0115__rq0_0258,rq0_0115,rq0_0258,easy,rq0_0115,A,A,rq0_0115,rq0_0258,True,False,False,0,False
gemma,gemma-3-27b-it,full_rq0_seed42__rq0_0119__rq0_0210,rq0_0119,rq0_0210,medium,rq0_0210,A,A,rq0_0119,rq0_0210,True,False,False,0,False
gemma,gemma-3-27b-it,full_rq0_seed42__rq0_0120__rq0_0183,rq0_0120,rq0_0183,easy,rq0_0120,A,A,rq0_0120,rq0_0183,True,False,False,0,False
gemma,gemma-3-27b-it,full_rq0_seed42__rq0_0120__rq0_0198,rq0_0120,rq0_0198,easy,rq0_0120,A,A,rq0_0120,rq0_0198,True,False,False,0,False
gemma,gemma-3-27b-it,full_rq0_seed42__rq0_0121__rq0_0134,rq0_0121,rq0_0134,hard,rq0_0134,A,B,rq0_0121,rq0_0121,True,True,False,0,False
gemma,gemma-3-27b-it,full_rq0_seed42__rq0_0122__rq0_0246,rq0_0122,rq0_0246,hard,rq0_0122,B,A,rq0_0246,rq0_0246,True,True,False,0,False
gemma,gemma-3-27b-it,full_rq0_seed42__rq0_0123__rq0_0198,rq0_0123,rq0_0198,medium,rq0_0123,A,A,rq0_0123,rq0_0198,True,False,False,0,False
gemma,gemma-3-27b-it,full_rq0_seed42__rq0_0124__rq0_0154,rq0_0124,rq0_0154,hard,rq0_0154,A,A,rq0_0124,rq0_0154,True,False,False,0,False
gemma,gemma-3-27b-it,full_rq0_seed42__rq0_0125__rq0_0202,rq0_0125,rq0_0202,hard,rq0_0125,B,A,rq0_0202,rq0_0202,True,True,False,0,False
gemma,gemma-3-27b-it,full_rq0_seed42__rq0_0126__rq0_0169,rq0_0126,rq0_0169,easy,rq0_0126,A,A,rq0_0126,rq0_0169,True,False,False,0,False
gemma,gemma-3-27b-it,full_rq0_seed42__rq0_0126__rq0_0178,rq0_0126,rq0_0178,hard,rq0_0126,B,A,rq0_0178,rq0_0178,True,True,False,0,False
gemma,gemma-3-27b-it,full_rq0_seed42__rq0_0126__rq0_0282,rq0_0126,rq0_0282,medium,rq0_0282,A,B,rq0_0126,rq0_0126,True,True,False,0,False
gemma,gemma-3-27b-it,full_rq0_seed42__rq0_0126__rq0_0287,rq0_0126,rq0_0287,medium,rq0_0287,B,A,rq0_0287,rq0_0287,True,True,True,0,False
gemma,gemma-3-27b-it,full_rq0_seed42__rq0_0127__rq0_0182,rq0_0127,rq0_0182,easy,rq0_0182,A,A,rq0_0127,rq0_0182,True,False,False,0,False
gemma,gemma-3-27b-it,full_rq0_seed42__rq0_0127__rq0_0275,rq0_0127,rq0_0275,easy,rq0_0275,A,B,rq0_0127,rq0_0127,True,True,False,0,False
gemma,gemma-3-27b-it,full_rq0_seed42__rq0_0130__rq0_0188,rq0_0130,rq0_0188,hard,rq0_0188,A,A,rq0_0130,rq0_0188,True,False,False,0,False
gemma,gemma-3-27b-it,full_rq0_seed42__rq0_0130__rq0_0263,rq0_0130,rq0_0263,hard,rq0_0130,A,B,rq0_0130,rq0_0130,True,True,True,0,False
gemma,gemma-3-27b-it,full_rq0_seed42__rq0_0133__rq0_0166,rq0_0133,rq0_0166,hard,rq0_0166,B,A,rq0_0166,rq0_0166,True,True,True,0,False
gemma,gemma-3-27b-it,full_rq0_seed42__rq0_0133__rq0_0177,rq0_0133,rq0_0177,medium,rq0_0177,A,B,rq0_0133,rq0_0133,True,True,False,0,False
gemma,gemma-3-27b-it,full_rq0_seed42__rq0_0134__rq0_0280,rq0_0134,rq0_0280,medium,rq0_0280,B,A,rq0_0280,rq0_0280,True,True,True,0,False
gemma,gemma-3-27b-it,full_rq0_seed42__rq0_0136__rq0_0236,rq0_0136,rq0_0236,medium,rq0_0236,A,A,rq0_0136,rq0_0236,True,False,False,0,False
gemma,gemma-3-27b-it,full_rq0_seed42__rq0_0140__rq0_0276,rq0_0140,rq0_0276,easy,rq0_0140,B,A,rq0_0276,rq0_0276,True,True,False,0,False
gemma,gemma-3-27b-it,full_rq0_seed42__rq0_0143__rq0_0267,rq0_0143,rq0_0267,easy,rq0_0143,A,B,rq0_0143,rq0_0143,True,True,True,0,False
gemma,gemma-3-27b-it,full_rq0_seed42__rq0_0144__rq0_0209,rq0_0144,rq0_0209,hard,rq0_0209,B,A,rq0_0209,rq0_0209,True,True,True,0,False
gemma,gemma-3-27b-it,full_rq0_seed42__rq0_0145__rq0_0240,rq0_0145,rq0_0240,easy,rq0_0240,A,B,rq0_0145,rq0_0145,True,True,False,0,False
gemma,gemma-3-27b-it,full_rq0_seed42__rq0_0147__rq0_0210,rq0_0147,rq0_0210,easy,rq0_0147,A,B,rq0_0147,rq0_0147,True,True,True,0,False
gemma,gemma-3-27b-it,full_rq0_seed42__rq0_0147__rq0_0234,rq0_0147,rq0_0234,medium,rq0_0147,A,B,rq0_0147,rq0_0147,True,True,True,0,False
gemma,gemma-3-27b-it,full_rq0_seed42__rq0_0147__rq0_0286,rq0_0147,rq0_0286,easy,rq0_0147,A,B,rq0_0147,rq0_0147,True,True,True,0,False
gemma,gemma-3-27b-it,full_rq0_seed42__rq0_0148__rq0_0175,rq0_0148,rq0_0175,hard,rq0_0148,B,A,rq0_0175,rq0_0175,True,True,False,0,False
gemma,gemma-3-27b-it,full_rq0_seed42__rq0_0148__rq0_0210,rq0_0148,rq0_0210,hard,rq0_0210,B,A,rq0_0210,rq0_0210,True,True,True,0,False
gemma,gemma-3-27b-it,full_rq0_seed42__rq0_0148__rq0_0263,rq0_0148,rq0_0263,medium,rq0_0148,B,A,rq0_0263,rq0_0263,True,True,False,0,False
gemma,gemma-3-27b-it,full_rq0_seed42__rq0_0150__rq0_0202,rq0_0150,rq0_0202,easy,rq0_0150,B,A,rq0_0202,rq0_0202,True,True,False,0,False
gemma,gemma-3-27b-it,full_rq0_seed42__rq0_0150__rq0_0241,rq0_0150,rq0_0241,easy,rq0_0150,B,A,rq0_0241,rq0_0241,True,True,False,0,False
gemma,gemma-3-27b-it,full_rq0_seed42__rq0_0151__rq0_0214,rq0_0151,rq0_0214,medium,rq0_0214,A,A,rq0_0151,rq0_0214,True,False,False,0,False
gemma,gemma-3-27b-it,full_rq0_seed42__rq0_0152__rq0_0269,rq0_0152,rq0_0269,easy,rq0_0269,A,A,rq0_0152,rq0_0269,True,False,False,0,False
gemma,gemma-3-27b-it,full_rq0_seed42__rq0_0152__rq0_0274,rq0_0152,rq0_0274,medium,rq0_0274,A,A,rq0_0152,rq0_0274,True,False,False,0,False
gemma,gemma-3-27b-it,full_rq0_seed42__rq0_0153__rq0_0241,rq0_0153,rq0_0241,medium,rq0_0241,B,A,rq0_0241,rq0_0241,True,True,True,0,False
gemma,gemma-3-27b-it,full_rq0_seed42__rq0_0154__rq0_0166,rq0_0154,rq0_0166,hard,rq0_0154,A,A,rq0_0154,rq0_0166,True,False,False,0,False
gemma,gemma-3-27b-it,full_rq0_seed42__rq0_0154__rq0_0297,rq0_0154,rq0_0297,hard,rq0_0154,A,A,rq0_0154,rq0_0297,True,False,False,0,False
gemma,gemma-3-27b-it,full_rq0_seed42__rq0_0155__rq0_0205,rq0_0155,rq0_0205,hard,rq0_0155,A,A,rq0_0155,rq0_0205,True,False,False,0,False
gemma,gemma-3-27b-it,full_rq0_seed42__rq0_0155__rq0_0215,rq0_0155,rq0_0215,hard,rq0_0215,A,A,rq0_0155,rq0_0215,True,False,False,0,False
gemma,gemma-3-27b-it,full_rq0_seed42__rq0_0156__rq0_0229,rq0_0156,rq0_0229,hard,rq0_0156,A,B,rq0_0156,rq0_0156,True,True,True,0,False
gemma,gemma-3-27b-it,full_rq0_seed42__rq0_0158__rq0_0180,rq0_0158,rq0_0180,medium,rq0_0180,B,A,rq0_0180,rq0_0180,True,True,True,0,False
gemma,gemma-3-27b-it,full_rq0_seed42__rq0_0159__rq0_0250,rq0_0159,rq0_0250,medium,rq0_0250,A,A,rq0_0159,rq0_0250,True,False,False,0,False
gemma,gemma-3-27b-it,full_rq0_seed42__rq0_0159__rq0_0271,rq0_0159,rq0_0271,hard,rq0_0271,A,A,rq0_0159,rq0_0271,True,False,False,0,False
gemma,gemma-3-27b-it,full_rq0_seed42__rq0_0162__rq0_0298,rq0_0162,rq0_0298,medium,rq0_0162,B,A,rq0_0298,rq0_0298,True,True,False,0,False
gemma,gemma-3-27b-it,full_rq0_seed42__rq0_0163__rq0_0223,rq0_0163,rq0_0223,hard,rq0_0223,A,A,rq0_0163,rq0_0223,True,False,False,0,False
gemma,gemma-3-27b-it,full_rq0_seed42__rq0_0167__rq0_0248,rq0_0167,rq0_0248,easy,rq0_0248,A,A,rq0_0167,rq0_0248,True,False,False,0,False
gemma,gemma-3-27b-it,full_rq0_seed42__rq0_0171__rq0_0174,rq0_0171,rq0_0174,hard,rq0_0171,A,A,rq0_0171,rq0_0174,True,False,False,0,False
gemma,gemma-3-27b-it,full_rq0_seed42__rq0_0171__rq0_0197,rq0_0171,rq0_0197,easy,rq0_0197,A,A,rq0_0171,rq0_0197,True,False,False,0,False
gemma,gemma-3-27b-it,full_rq0_seed42__rq0_0173__rq0_0201,rq0_0173,rq0_0201,easy,rq0_0173,B,A,rq0_0201,rq0_0201,True,True,False,0,False
gemma,gemma-3-27b-it,full_rq0_seed42__rq0_0175__rq0_0300,rq0_0175,rq0_0300,hard,rq0_0300,A,A,rq0_0175,rq0_0300,True,False,False,0,False
gemma,gemma-3-27b-it,full_rq0_seed42__rq0_0177__rq0_0235,rq0_0177,rq0_0235,hard,rq0_0177,B,A,rq0_0235,rq0_0235,True,True,False,0,False
gemma,gemma-3-27b-it,full_rq0_seed42__rq0_0178__rq0_0233,rq0_0178,rq0_0233,easy,rq0_0178,A,B,rq0_0178,rq0_0178,True,True,True,0,False
gemma,gemma-3-27b-it,full_rq0_seed42__rq0_0178__rq0_0299,rq0_0178,rq0_0299,medium,rq0_0178,A,A,rq0_0178,rq0_0299,True,False,False,0,False
gemma,gemma-3-27b-it,full_rq0_seed42__rq0_0179__rq0_0263,rq0_0179,rq0_0263,hard,rq0_0179,A,A,rq0_0179,rq0_0263,True,False,False,0,False
gemma,gemma-3-27b-it,full_rq0_seed42__rq0_0181__rq0_0271,rq0_0181,rq0_0271,easy,rq0_0271,A,B,rq0_0181,rq0_0181,True,True,False,0,False
gemma,gemma-3-27b-it,full_rq0_seed42__rq0_0182__rq0_0217,rq0_0182,rq0_0217,easy,rq0_0182,A,A,rq0_0182,rq0_0217,True,False,False,0,False
gemma,gemma-3-27b-it,full_rq0_seed42__rq0_0182__rq0_0220,rq0_0182,rq0_0220,easy,rq0_0182,A,A,rq0_0182,rq0_0220,True,False,False,0,False
gemma,gemma-3-27b-it,full_rq0_seed42__rq0_0183__rq0_0199,rq0_0183,rq0_0199,easy,rq0_0199,B,A,rq0_0199,rq0_0199,True,True,True,0,False
gemma,gemma-3-27b-it,full_rq0_seed42__rq0_0184__rq0_0288,rq0_0184,rq0_0288,medium,rq0_0288,A,A,rq0_0184,rq0_0288,True,False,False,0,False
gemma,gemma-3-27b-it,full_rq0_seed42__rq0_0185__rq0_0199,rq0_0185,rq0_0199,medium,rq0_0185,A,A,rq0_0185,rq0_0199,True,False,False,0,False
gemma,gemma-3-27b-it,full_rq0_seed42__rq0_0188__rq0_0271,rq0_0188,rq0_0271,easy,rq0_0271,A,B,rq0_0188,rq0_0188,True,True,False,0,False
gemma,gemma-3-27b-it,full_rq0_seed42__rq0_0189__rq0_0306,rq0_0189,rq0_0306,hard,rq0_0306,B,A,rq0_0306,rq0_0306,True,True,True,0,False
gemma,gemma-3-27b-it,full_rq0_seed42__rq0_0190__rq0_0223,rq0_0190,rq0_0223,medium,rq0_0223,B,A,rq0_0223,rq0_0223,True,True,True,0,False
gemma,gemma-3-27b-it,full_rq0_seed42__rq0_0191__rq0_0285,rq0_0191,rq0_0285,medium,rq0_0191,A,A,rq0_0191,rq0_0285,True,False,False,0,False
gemma,gemma-3-27b-it,full_rq0_seed42__rq0_0192__rq0_0226,rq0_0192,rq0_0226,medium,rq0_0192,A,B,rq0_0192,rq0_0192,True,True,True,0,False
gemma,gemma-3-27b-it,full_rq0_seed42__rq0_0192__rq0_0246,rq0_0192,rq0_0246,medium,rq0_0246,B,A,rq0_0246,rq0_0246,True,True,True,0,False
gemma,gemma-3-27b-it,full_rq0_seed42__rq0_0192__rq0_0269,rq0_0192,rq0_0269,easy,rq0_0192,A,B,rq0_0192,rq0_0192,True,True,True,0,False
gemma,gemma-3-27b-it,full_rq0_seed42__rq0_0194__rq0_0234,rq0_0194,rq0_0234,medium,rq0_0194,A,A,rq0_0194,rq0_0234,True,False,False,0,False
gemma,gemma-3-27b-it,full_rq0_seed42__rq0_0197__rq0_0199,rq0_0197,rq0_0199,hard,rq0_0199,B,A,rq0_0199,rq0_0199,True,True,True,0,False
gemma,gemma-3-27b-it,full_rq0_seed42__rq0_0199__rq0_0280,rq0_0199,rq0_0280,medium,rq0_0280,B,A,rq0_0280,rq0_0280,True,True,True,0,False
gemma,gemma-3-27b-it,full_rq0_seed42__rq0_0201__rq0_0277,rq0_0201,rq0_0277,medium,rq0_0201,B,A,rq0_0277,rq0_0277,True,True,False,0,False
gemma,gemma-3-27b-it,full_rq0_seed42__rq0_0202__rq0_0286,rq0_0202,rq0_0286,hard,rq0_0286,A,A,rq0_0202,rq0_0286,True,False,False,0,False
gemma,gemma-3-27b-it,full_rq0_seed42__rq0_0204__rq0_0295,rq0_0204,rq0_0295,easy,rq0_0204,A,B,rq0_0204,rq0_0204,True,True,True,0,False
gemma,gemma-3-27b-it,full_rq0_seed42__rq0_0212__rq0_0216,rq0_0212,rq0_0216,medium,rq0_0216,A,A,rq0_0212,rq0_0216,True,False,False,0,False
gemma,gemma-3-27b-it,full_rq0_seed42__rq0_0213__rq0_0306,rq0_0213,rq0_0306,easy,rq0_0306,B,A,rq0_0306,rq0_0306,True,True,True,0,False
gemma,gemma-3-27b-it,full_rq0_seed42__rq0_0214__rq0_0287,rq0_0214,rq0_0287,easy,rq0_0287,B,A,rq0_0287,rq0_0287,True,True,True,0,False
gemma,gemma-3-27b-it,full_rq0_seed42__rq0_0216__rq0_0302,rq0_0216,rq0_0302,easy,rq0_0216,A,A,rq0_0216,rq0_0302,True,False,False,0,False
gemma,gemma-3-27b-it,full_rq0_seed42__rq0_0217__rq0_0286,rq0_0217,rq0_0286,medium,rq0_0286,B,A,rq0_0286,rq0_0286,True,True,True,0,False
gemma,gemma-3-27b-it,full_rq0_seed42__rq0_0217__rq0_0292,rq0_0217,rq0_0292,medium,rq0_0292,A,A,rq0_0217,rq0_0292,True,False,False,0,False
gemma,gemma-3-27b-it,full_rq0_seed42__rq0_0221__rq0_0222,rq0_0221,rq0_0222,medium,rq0_0221,A,B,rq0_0221,rq0_0221,True,True,True,0,False
gemma,gemma-3-27b-it,full_rq0_seed42__rq0_0224__rq0_0259,rq0_0224,rq0_0259,easy,rq0_0224,A,B,rq0_0224,rq0_0224,True,True,True,0,False
gemma,gemma-3-27b-it,full_rq0_seed42__rq0_0227__rq0_0262,rq0_0227,rq0_0262,easy,rq0_0227,A,A,rq0_0227,rq0_0262,True,False,False,0,False
gemma,gemma-3-27b-it,full_rq0_seed42__rq0_0229__rq0_0274,rq0_0229,rq0_0274,medium,rq0_0229,A,B,rq0_0229,rq0_0229,True,True,True,0,False
gemma,gemma-3-27b-it,full_rq0_seed42__rq0_0231__rq0_0291,rq0_0231,rq0_0291,hard,rq0_0291,A,B,rq0_0231,rq0_0231,True,True,False,0,False
gemma,gemma-3-27b-it,full_rq0_seed42__rq0_0233__rq0_0256,rq0_0233,rq0_0256,medium,rq0_0256,A,B,rq0_0233,rq0_0233,True,True,False,0,False
gemma,gemma-3-27b-it,full_rq0_seed42__rq0_0234__rq0_0267,rq0_0234,rq0_0267,easy,rq0_0234,A,B,rq0_0234,rq0_0234,True,True,True,0,False
gemma,gemma-3-27b-it,full_rq0_seed42__rq0_0234__rq0_0307,rq0_0234,rq0_0307,hard,rq0_0234,A,A,rq0_0234,rq0_0307,True,False,False,0,False
gemma,gemma-3-27b-it,full_rq0_seed42__rq0_0235__rq0_0280,rq0_0235,rq0_0280,hard,rq0_0280,B,A,rq0_0280,rq0_0280,True,True,True,0,False
gemma,gemma-3-27b-it,full_rq0_seed42__rq0_0238__rq0_0265,rq0_0238,rq0_0265,medium,rq0_0265,B,A,rq0_0265,rq0_0265,True,True,True,0,False
gemma,gemma-3-27b-it,full_rq0_seed42__rq0_0246__rq0_0268,rq0_0246,rq0_0268,easy,rq0_0246,A,B,rq0_0246,rq0_0246,True,True,True,0,False
gemma,gemma-3-27b-it,full_rq0_seed42__rq0_0247__rq0_0295,rq0_0247,rq0_0295,medium,rq0_0247,B,A,rq0_0295,rq0_0295,True,True,False,0,False
gemma,gemma-3-27b-it,full_rq0_seed42__rq0_0249__rq0_0283,rq0_0249,rq0_0283,easy,rq0_0283,A,A,rq0_0249,rq0_0283,True,False,False,0,False
gemma,gemma-3-27b-it,full_rq0_seed42__rq0_0250__rq0_0294,rq0_0250,rq0_0294,easy,rq0_0250,A,B,rq0_0250,rq0_0250,True,True,True,0,False
gemma,gemma-3-27b-it,full_rq0_seed42__rq0_0251__rq0_0281,rq0_0251,rq0_0281,medium,rq0_0281,A,A,rq0_0251,rq0_0281,True,False,False,0,False
gemma,gemma-3-27b-it,full_rq0_seed42__rq0_0253__rq0_0279,rq0_0253,rq0_0279,medium,rq0_0279,B,A,rq0_0279,rq0_0279,True,True,True,0,False
gemma,gemma-3-27b-it,full_rq0_seed42__rq0_0260__rq0_0277,rq0_0260,rq0_0277,hard,rq0_0260,B,A,rq0_0277,rq0_0277,True,True,False,0,False
gemma,gemma-3-27b-it,full_rq0_seed42__rq0_0267__rq0_0285,rq0_0267,rq0_0285,medium,rq0_0267,A,A,rq0_0267,rq0_0285,True,False,False,0,False
gemma,gemma-3-27b-it,full_rq0_seed42__rq0_0269__rq0_0310,rq0_0269,rq0_0310,easy,rq0_0269,A,A,rq0_0269,rq0_0310,True,False,False,0,False
gemma,gemma-3-27b-it,full_rq0_seed42__rq0_0273__rq0_0277,rq0_0273,rq0_0277,hard,rq0_0273,B,A,rq0_0277,rq0_0277,True,True,False,0,False
gemma,gemma-3-27b-it,full_rq0_seed42__rq0_0275__rq0_0297,rq0_0275,rq0_0297,medium,rq0_0275,A,A,rq0_0275,rq0_0297,True,False,False,0,False
gemma,gemma-3-27b-it,full_rq0_seed42__rq0_0285__rq0_0289,rq0_0285,rq0_0289,easy,rq0_0289,A,A,rq0_0285,rq0_0289,True,False,False,0,False
gemma,gemma-3-27b-it,full_rq0_seed42__rq0_0288__rq0_0290,rq0_0288,rq0_0290,hard,rq0_0288,A,A,rq0_0288,rq0_0290,True,False,False,0,False
gemma,gemma-3-27b-it,full_rq0_seed42__rq0_0293__rq0_0300,rq0_0293,rq0_0300,medium,rq0_0300,A,A,rq0_0293,rq0_0300,True,False,False,0,False
gemma,gemma-3-27b-it,full_rq0_seed42__rq0_0297__rq0_0312,rq0_0297,rq0_0312,easy,rq0_0297,A,B,rq0_0297,rq0_0297,True,True,True,0,False
mistral,Mistral-Small-3.1-24B-Instruct-2503,full_rq0_seed42__rq0_0000__rq0_0279,rq0_0000,rq0_0279,easy,rq0_0279,A,A,rq0_0000,rq0_0279,True,False,False,0,False
mistral,Mistral-Small-3.1-24B-Instruct-2503,full_rq0_seed42__rq0_0001__rq0_0080,rq0_0001,rq0_0080,hard,rq0_0080,A,B,rq0_0001,rq0_0001,True,True,False,0,False
mistral,Mistral-Small-3.1-24B-Instruct-2503,full_rq0_seed42__rq0_0001__rq0_0153,rq0_0001,rq0_0153,easy,rq0_0001,A,B,rq0_0001,rq0_0001,True,True,True,0,False
mistral,Mistral-Small-3.1-24B-Instruct-2503,full_rq0_seed42__rq0_0001__rq0_0167,rq0_0001,rq0_0167,medium,rq0_0001,A,A,rq0_0001,rq0_0167,True,False,False,0,False
mistral,Mistral-Small-3.1-24B-Instruct-2503,full_rq0_seed42__rq0_0001__rq0_0211,rq0_0001,rq0_0211,easy,rq0_0001,A,A,rq0_0001,rq0_0211,True,False,False,0,False
mistral,Mistral-Small-3.1-24B-Instruct-2503,full_rq0_seed42__rq0_0001__rq0_0266,rq0_0001,rq0_0266,medium,rq0_0266,B,A,rq0_0266,rq0_0266,True,True,True,0,False
mistral,Mistral-Small-3.1-24B-Instruct-2503,full_rq0_seed42__rq0_0002__rq0_0014,rq0_0002,rq0_0014,hard,rq0_0014,A,A,rq0_0002,rq0_0014,True,False,False,0,False
mistral,Mistral-Small-3.1-24B-Instruct-2503,full_rq0_seed42__rq0_0002__rq0_0095,rq0_0002,rq0_0095,hard,rq0_0095,A,A,rq0_0002,rq0_0095,True,False,False,0,False
mistral,Mistral-Small-3.1-24B-Instruct-2503,full_rq0_seed42__rq0_0003__rq0_0017,rq0_0003,rq0_0017,medium,rq0_0003,A,B,rq0_0003,rq0_0003,True,True,True,0,False
mistral,Mistral-Small-3.1-24B-Instruct-2503,full_rq0_seed42__rq0_0005__rq0_0022,rq0_0005,rq0_0022,easy,rq0_0022,B,A,rq0_0022,rq0_0022,True,True,True,0,False
mistral,Mistral-Small-3.1-24B-Instruct-2503,full_rq0_seed42__rq0_0005__rq0_0283,rq0_0005,rq0_0283,hard,rq0_0283,A,A,rq0_0005,rq0_0283,True,False,False,0,False
mistral,Mistral-Small-3.1-24B-Instruct-2503,full_rq0_seed42__rq0_0006__rq0_0020,rq0_0006,rq0_0020,easy,rq0_0006,B,A,rq0_0020,rq0_0020,True,True,False,0,False
mistral,Mistral-Small-3.1-24B-Instruct-2503,full_rq0_seed42__rq0_0007__rq0_0063,rq0_0007,rq0_0063,medium,rq0_0063,A,A,rq0_0007,rq0_0063,True,False,False,0,False
mistral,Mistral-Small-3.1-24B-Instruct-2503,full_rq0_seed42__rq0_0007__rq0_0127,rq0_0007,rq0_0127,hard,rq0_0007,B,A,rq0_0127,rq0_0127,True,True,False,0,False
mistral,Mistral-Small-3.1-24B-Instruct-2503,full_rq0_seed42__rq0_0008__rq0_0237,rq0_0008,rq0_0237,easy,rq0_0008,A,B,rq0_0008,rq0_0008,True,True,True,0,False
mistral,Mistral-Small-3.1-24B-Instruct-2503,full_rq0_seed42__rq0_0008__rq0_0304,rq0_0008,rq0_0304,hard,rq0_0008,A,A,rq0_0008,rq0_0304,True,False,False,0,False
mistral,Mistral-Small-3.1-24B-Instruct-2503,full_rq0_seed42__rq0_0009__rq0_0096,rq0_0009,rq0_0096,medium,rq0_0009,A,A,rq0_0009,rq0_0096,True,False,False,0,False
mistral,Mistral-Small-3.1-24B-Instruct-2503,full_rq0_seed42__rq0_0010__rq0_0301,rq0_0010,rq0_0301,medium,rq0_0010,A,B,rq0_0010,rq0_0010,True,True,True,0,False
mistral,Mistral-Small-3.1-24B-Instruct-2503,full_rq0_seed42__rq0_0011__rq0_0235,rq0_0011,rq0_0235,hard,rq0_0235,A,A,rq0_0011,rq0_0235,True,False,False,0,False
mistral,Mistral-Small-3.1-24B-Instruct-2503,full_rq0_seed42__rq0_0013__rq0_0052,rq0_0013,rq0_0052,easy,rq0_0052,A,B,rq0_0013,rq0_0013,True,True,False,0,False
mistral,Mistral-Small-3.1-24B-Instruct-2503,full_rq0_seed42__rq0_0014__rq0_0094,rq0_0014,rq0_0094,easy,rq0_0094,B,A,rq0_0094,rq0_0094,True,True,True,0,False
mistral,Mistral-Small-3.1-24B-Instruct-2503,full_rq0_seed42__rq0_0014__rq0_0233,rq0_0014,rq0_0233,hard,rq0_0233,B,A,rq0_0233,rq0_0233,True,True,True,0,False
mistral,Mistral-Small-3.1-24B-Instruct-2503,full_rq0_seed42__rq0_0015__rq0_0116,rq0_0015,rq0_0116,easy,rq0_0015,B,A,rq0_0116,rq0_0116,True,True,False,0,False
mistral,Mistral-Small-3.1-24B-Instruct-2503,full_rq0_seed42__rq0_0016__rq0_0028,rq0_0016,rq0_0028,medium,rq0_0028,B,A,rq0_0028,rq0_0028,True,True,True,0,False
mistral,Mistral-Small-3.1-24B-Instruct-2503,full_rq0_seed42__rq0_0016__rq0_0029,rq0_0016,rq0_0029,easy,rq0_0029,A,A,rq0_0016,rq0_0029,True,False,False,0,False
mistral,Mistral-Small-3.1-24B-Instruct-2503,full_rq0_seed42__rq0_0016__rq0_0107,rq0_0016,rq0_0107,easy,rq0_0107,A,A,rq0_0016,rq0_0107,True,False,False,0,False
mistral,Mistral-Small-3.1-24B-Instruct-2503,full_rq0_seed42__rq0_0016__rq0_0196,rq0_0016,rq0_0196,hard,rq0_0196,A,A,rq0_0016,rq0_0196,True,False,False,0,False
mistral,Mistral-Small-3.1-24B-Instruct-2503,full_rq0_seed42__rq0_0017__rq0_0169,rq0_0017,rq0_0169,hard,rq0_0017,A,A,rq0_0017,rq0_0169,True,False,False,0,False
mistral,Mistral-Small-3.1-24B-Instruct-2503,full_rq0_seed42__rq0_0017__rq0_0219,rq0_0017,rq0_0219,hard,rq0_0017,A,A,rq0_0017,rq0_0219,True,False,False,0,False
mistral,Mistral-Small-3.1-24B-Instruct-2503,full_rq0_seed42__rq0_0018__rq0_0051,rq0_0018,rq0_0051,medium,rq0_0018,A,A,rq0_0018,rq0_0051,True,False,False,0,False
mistral,Mistral-Small-3.1-24B-Instruct-2503,full_rq0_seed42__rq0_0018__rq0_0111,rq0_0018,rq0_0111,easy,rq0_0018,A,A,rq0_0018,rq0_0111,True,False,False,0,False
mistral,Mistral-Small-3.1-24B-Instruct-2503,full_rq0_seed42__rq0_0018__rq0_0267,rq0_0018,rq0_0267,medium,rq0_0018,A,B,rq0_0018,rq0_0018,True,True,True,0,False
mistral,Mistral-Small-3.1-24B-Instruct-2503,full_rq0_seed42__rq0_0019__rq0_0114,rq0_0019,rq0_0114,medium,rq0_0114,B,A,rq0_0114,rq0_0114,True,True,True,0,False
mistral,Mistral-Small-3.1-24B-Instruct-2503,full_rq0_seed42__rq0_0019__rq0_0123,rq0_0019,rq0_0123,medium,rq0_0019,B,A,rq0_0123,rq0_0123,True,True,False,0,False
mistral,Mistral-Small-3.1-24B-Instruct-2503,full_rq0_seed42__rq0_0019__rq0_0243,rq0_0019,rq0_0243,hard,rq0_0019,B,A,rq0_0243,rq0_0243,True,True,False,0,False
mistral,Mistral-Small-3.1-24B-Instruct-2503,full_rq0_seed42__rq0_0020__rq0_0109,rq0_0020,rq0_0109,easy,rq0_0109,A,A,rq0_0020,rq0_0109,True,False,False,0,False
mistral,Mistral-Small-3.1-24B-Instruct-2503,full_rq0_seed42__rq0_0020__rq0_0186,rq0_0020,rq0_0186,hard,rq0_0186,B,A,rq0_0186,rq0_0186,True,True,True,0,False
mistral,Mistral-Small-3.1-24B-Instruct-2503,full_rq0_seed42__rq0_0020__rq0_0311,rq0_0020,rq0_0311,hard,rq0_0020,A,A,rq0_0020,rq0_0311,True,False,False,0,False
mistral,Mistral-Small-3.1-24B-Instruct-2503,full_rq0_seed42__rq0_0021__rq0_0041,rq0_0021,rq0_0041,easy,rq0_0021,A,B,rq0_0021,rq0_0021,True,True,True,0,False
mistral,Mistral-Small-3.1-24B-Instruct-2503,full_rq0_seed42__rq0_0021__rq0_0264,rq0_0021,rq0_0264,medium,rq0_0021,A,A,rq0_0021,rq0_0264,True,False,False,0,False
mistral,Mistral-Small-3.1-24B-Instruct-2503,full_rq0_seed42__rq0_0022__rq0_0063,rq0_0022,rq0_0063,hard,rq0_0022,A,A,rq0_0022,rq0_0063,True,False,False,0,False
mistral,Mistral-Small-3.1-24B-Instruct-2503,full_rq0_seed42__rq0_0022__rq0_0149,rq0_0022,rq0_0149,easy,rq0_0022,A,A,rq0_0022,rq0_0149,True,False,False,0,False
mistral,Mistral-Small-3.1-24B-Instruct-2503,full_rq0_seed42__rq0_0022__rq0_0166,rq0_0022,rq0_0166,hard,rq0_0166,A,A,rq0_0022,rq0_0166,True,False,False,0,False
mistral,Mistral-Small-3.1-24B-Instruct-2503,full_rq0_seed42__rq0_0022__rq0_0179,rq0_0022,rq0_0179,medium,rq0_0022,A,B,rq0_0022,rq0_0022,True,True,True,0,False
mistral,Mistral-Small-3.1-24B-Instruct-2503,full_rq0_seed42__rq0_0022__rq0_0204,rq0_0022,rq0_0204,hard,rq0_0204,A,A,rq0_0022,rq0_0204,True,False,False,0,False
mistral,Mistral-Small-3.1-24B-Instruct-2503,full_rq0_seed42__rq0_0022__rq0_0253,rq0_0022,rq0_0253,hard,rq0_0022,A,B,rq0_0022,rq0_0022,True,True,True,0,False
mistral,Mistral-Small-3.1-24B-Instruct-2503,full_rq0_seed42__rq0_0022__rq0_0262,rq0_0022,rq0_0262,hard,rq0_0022,A,A,rq0_0022,rq0_0262,True,False,False,0,False
mistral,Mistral-Small-3.1-24B-Instruct-2503,full_rq0_seed42__rq0_0022__rq0_0300,rq0_0022,rq0_0300,hard,rq0_0022,A,A,rq0_0022,rq0_0300,True,False,False,0,False
mistral,Mistral-Small-3.1-24B-Instruct-2503,full_rq0_seed42__rq0_0022__rq0_0308,rq0_0022,rq0_0308,easy,rq0_0022,A,A,rq0_0022,rq0_0308,True,False,False,0,False
mistral,Mistral-Small-3.1-24B-Instruct-2503,full_rq0_seed42__rq0_0023__rq0_0130,rq0_0023,rq0_0130,easy,rq0_0130,B,A,rq0_0130,rq0_0130,True,True,True,0,False
mistral,Mistral-Small-3.1-24B-Instruct-2503,full_rq0_seed42__rq0_0023__rq0_0160,rq0_0023,rq0_0160,easy,rq0_0160,B,A,rq0_0160,rq0_0160,True,True,True,0,False
mistral,Mistral-Small-3.1-24B-Instruct-2503,full_rq0_seed42__rq0_0023__rq0_0203,rq0_0023,rq0_0203,easy,rq0_0203,B,A,rq0_0203,rq0_0203,True,True,True,0,False
mistral,Mistral-Small-3.1-24B-Instruct-2503,full_rq0_seed42__rq0_0023__rq0_0260,rq0_0023,rq0_0260,easy,rq0_0260,A,A,rq0_0023,rq0_0260,True,False,False,0,False
mistral,Mistral-Small-3.1-24B-Instruct-2503,full_rq0_seed42__rq0_0023__rq0_0277,rq0_0023,rq0_0277,medium,rq0_0277,B,A,rq0_0277,rq0_0277,True,True,True,0,False
mistral,Mistral-Small-3.1-24B-Instruct-2503,full_rq0_seed42__rq0_0024__rq0_0250,rq0_0024,rq0_0250,easy,rq0_0250,B,A,rq0_0250,rq0_0250,True,True,True,0,False
mistral,Mistral-Small-3.1-24B-Instruct-2503,full_rq0_seed42__rq0_0024__rq0_0302,rq0_0024,rq0_0302,medium,rq0_0302,B,A,rq0_0302,rq0_0302,True,True,True,0,False
mistral,Mistral-Small-3.1-24B-Instruct-2503,full_rq0_seed42__rq0_0025__rq0_0054,rq0_0025,rq0_0054,hard,rq0_0025,A,A,rq0_0025,rq0_0054,True,False,False,0,False
mistral,Mistral-Small-3.1-24B-Instruct-2503,full_rq0_seed42__rq0_0025__rq0_0159,rq0_0025,rq0_0159,hard,rq0_0025,A,A,rq0_0025,rq0_0159,True,False,False,0,False
mistral,Mistral-Small-3.1-24B-Instruct-2503,full_rq0_seed42__rq0_0025__rq0_0181,rq0_0025,rq0_0181,easy,rq0_0025,A,A,rq0_0025,rq0_0181,True,False,False,0,False
mistral,Mistral-Small-3.1-24B-Instruct-2503,full_rq0_seed42__rq0_0025__rq0_0237,rq0_0025,rq0_0237,medium,rq0_0025,A,B,rq0_0025,rq0_0025,True,True,True,0,False
mistral,Mistral-Small-3.1-24B-Instruct-2503,full_rq0_seed42__rq0_0026__rq0_0088,rq0_0026,rq0_0088,medium,rq0_0088,A,A,rq0_0026,rq0_0088,True,False,False,0,False
mistral,Mistral-Small-3.1-24B-Instruct-2503,full_rq0_seed42__rq0_0026__rq0_0109,rq0_0026,rq0_0109,medium,rq0_0109,A,A,rq0_0026,rq0_0109,True,False,False,0,False
mistral,Mistral-Small-3.1-24B-Instruct-2503,full_rq0_seed42__rq0_0026__rq0_0151,rq0_0026,rq0_0151,medium,rq0_0026,A,B,rq0_0026,rq0_0026,True,True,True,0,False
mistral,Mistral-Small-3.1-24B-Instruct-2503,full_rq0_seed42__rq0_0027__rq0_0032,rq0_0027,rq0_0032,medium,rq0_0032,B,A,rq0_0032,rq0_0032,True,True,True,0,False
mistral,Mistral-Small-3.1-24B-Instruct-2503,full_rq0_seed42__rq0_0027__rq0_0272,rq0_0027,rq0_0272,medium,rq0_0027,A,A,rq0_0027,rq0_0272,True,False,False,0,False
mistral,Mistral-Small-3.1-24B-Instruct-2503,full_rq0_seed42__rq0_0028__rq0_0068,rq0_0028,rq0_0068,medium,rq0_0028,A,B,rq0_0028,rq0_0028,True,True,True,0,False
mistral,Mistral-Small-3.1-24B-Instruct-2503,full_rq0_seed42__rq0_0029__rq0_0264,rq0_0029,rq0_0264,hard,rq0_0264,B,A,rq0_0264,rq0_0264,True,True,True,0,False
mistral,Mistral-Small-3.1-24B-Instruct-2503,full_rq0_seed42__rq0_0030__rq0_0049,rq0_0030,rq0_0049,hard,rq0_0030,A,A,rq0_0030,rq0_0049,True,False,False,0,False
mistral,Mistral-Small-3.1-24B-Instruct-2503,full_rq0_seed42__rq0_0030__rq0_0156,rq0_0030,rq0_0156,easy,rq0_0030,A,B,rq0_0030,rq0_0030,True,True,True,0,False
mistral,Mistral-Small-3.1-24B-Instruct-2503,full_rq0_seed42__rq0_0030__rq0_0225,rq0_0030,rq0_0225,easy,rq0_0030,A,B,rq0_0030,rq0_0030,True,True,True,0,False
mistral,Mistral-Small-3.1-24B-Instruct-2503,full_rq0_seed42__rq0_0031__rq0_0282,rq0_0031,rq0_0282,medium,rq0_0282,A,B,rq0_0031,rq0_0031,True,True,False,0,False
mistral,Mistral-Small-3.1-24B-Instruct-2503,full_rq0_seed42__rq0_0033__rq0_0135,rq0_0033,rq0_0135,medium,rq0_0135,A,B,rq0_0033,rq0_0033,True,True,False,0,False
mistral,Mistral-Small-3.1-24B-Instruct-2503,full_rq0_seed42__rq0_0033__rq0_0171,rq0_0033,rq0_0171,easy,rq0_0171,A,A,rq0_0033,rq0_0171,True,False,False,0,False
mistral,Mistral-Small-3.1-24B-Instruct-2503,full_rq0_seed42__rq0_0033__rq0_0272,rq0_0033,rq0_0272,easy,rq0_0272,A,B,rq0_0033,rq0_0033,True,True,False,0,False
mistral,Mistral-Small-3.1-24B-Instruct-2503,full_rq0_seed42__rq0_0034__rq0_0167,rq0_0034,rq0_0167,easy,rq0_0167,B,A,rq0_0167,rq0_0167,True,True,True,0,False
mistral,Mistral-Small-3.1-24B-Instruct-2503,full_rq0_seed42__rq0_0035__rq0_0056,rq0_0035,rq0_0056,hard,rq0_0035,A,B,rq0_0035,rq0_0035,True,True,True,0,False
mistral,Mistral-Small-3.1-24B-Instruct-2503,full_rq0_seed42__rq0_0036__rq0_0132,rq0_0036,rq0_0132,medium,rq0_0132,A,A,rq0_0036,rq0_0132,True,False,False,0,False
mistral,Mistral-Small-3.1-24B-Instruct-2503,full_rq0_seed42__rq0_0036__rq0_0135,rq0_0036,rq0_0135,hard,rq0_0036,A,B,rq0_0036,rq0_0036,True,True,True,0,False
mistral,Mistral-Small-3.1-24B-Instruct-2503,full_rq0_seed42__rq0_0036__rq0_0268,rq0_0036,rq0_0268,medium,rq0_0268,A,B,rq0_0036,rq0_0036,True,True,False,0,False
mistral,Mistral-Small-3.1-24B-Instruct-2503,full_rq0_seed42__rq0_0037__rq0_0053,rq0_0037,rq0_0053,hard,rq0_0037,B,A,rq0_0053,rq0_0053,True,True,False,0,False
mistral,Mistral-Small-3.1-24B-Instruct-2503,full_rq0_seed42__rq0_0037__rq0_0159,rq0_0037,rq0_0159,medium,rq0_0159,B,A,rq0_0159,rq0_0159,True,True,True,0,False
mistral,Mistral-Small-3.1-24B-Instruct-2503,full_rq0_seed42__rq0_0038__rq0_0059,rq0_0038,rq0_0059,easy,rq0_0059,A,B,rq0_0038,rq0_0038,True,True,False,0,False
mistral,Mistral-Small-3.1-24B-Instruct-2503,full_rq0_seed42__rq0_0039__rq0_0117,rq0_0039,rq0_0117,easy,rq0_0117,B,A,rq0_0117,rq0_0117,True,True,True,0,False
mistral,Mistral-Small-3.1-24B-Instruct-2503,full_rq0_seed42__rq0_0039__rq0_0175,rq0_0039,rq0_0175,medium,rq0_0175,B,A,rq0_0175,rq0_0175,True,True,True,0,False
mistral,Mistral-Small-3.1-24B-Instruct-2503,full_rq0_seed42__rq0_0040__rq0_0281,rq0_0040,rq0_0281,hard,rq0_0040,A,B,rq0_0040,rq0_0040,True,True,True,0,False
mistral,Mistral-Small-3.1-24B-Instruct-2503,full_rq0_seed42__rq0_0041__rq0_0055,rq0_0041,rq0_0055,medium,rq0_0055,A,A,rq0_0041,rq0_0055,True,False,False,0,False
mistral,Mistral-Small-3.1-24B-Instruct-2503,full_rq0_seed42__rq0_0041__rq0_0245,rq0_0041,rq0_0245,hard,rq0_0041,B,A,rq0_0245,rq0_0245,True,True,False,0,False
mistral,Mistral-Small-3.1-24B-Instruct-2503,full_rq0_seed42__rq0_0041__rq0_0246,rq0_0041,rq0_0246,easy,rq0_0246,B,A,rq0_0246,rq0_0246,True,True,True,0,False
mistral,Mistral-Small-3.1-24B-Instruct-2503,full_rq0_seed42__rq0_0043__rq0_0048,rq0_0043,rq0_0048,medium,rq0_0048,A,A,rq0_0043,rq0_0048,True,False,False,0,False
mistral,Mistral-Small-3.1-24B-Instruct-2503,full_rq0_seed42__rq0_0044__rq0_0049,rq0_0044,rq0_0049,hard,rq0_0049,A,B,rq0_0044,rq0_0044,True,True,False,0,False
mistral,Mistral-Small-3.1-24B-Instruct-2503,full_rq0_seed42__rq0_0046__rq0_0098,rq0_0046,rq0_0098,easy,rq0_0046,A,A,rq0_0046,rq0_0098,True,False,False,0,False
mistral,Mistral-Small-3.1-24B-Instruct-2503,full_rq0_seed42__rq0_0046__rq0_0166,rq0_0046,rq0_0166,hard,rq0_0046,A,A,rq0_0046,rq0_0166,True,False,False,0,False
mistral,Mistral-Small-3.1-24B-Instruct-2503,full_rq0_seed42__rq0_0047__rq0_0225,rq0_0047,rq0_0225,easy,rq0_0047,A,B,rq0_0047,rq0_0047,True,True,True,0,False
mistral,Mistral-Small-3.1-24B-Instruct-2503,full_rq0_seed42__rq0_0048__rq0_0072,rq0_0048,rq0_0072,medium,rq0_0048,A,B,rq0_0048,rq0_0048,True,True,True,0,False
mistral,Mistral-Small-3.1-24B-Instruct-2503,full_rq0_seed42__rq0_0048__rq0_0269,rq0_0048,rq0_0269,easy,rq0_0048,A,B,rq0_0048,rq0_0048,True,True,True,0,False
mistral,Mistral-Small-3.1-24B-Instruct-2503,full_rq0_seed42__rq0_0049__rq0_0223,rq0_0049,rq0_0223,hard,rq0_0049,B,A,rq0_0223,rq0_0223,True,True,False,0,False
mistral,Mistral-Small-3.1-24B-Instruct-2503,full_rq0_seed42__rq0_0050__rq0_0243,rq0_0050,rq0_0243,easy,rq0_0243,A,A,rq0_0050,rq0_0243,True,False,False,0,False
mistral,Mistral-Small-3.1-24B-Instruct-2503,full_rq0_seed42__rq0_0051__rq0_0130,rq0_0051,rq0_0130,hard,rq0_0130,B,A,rq0_0130,rq0_0130,True,True,True,0,False
mistral,Mistral-Small-3.1-24B-Instruct-2503,full_rq0_seed42__rq0_0052__rq0_0217,rq0_0052,rq0_0217,easy,rq0_0052,A,A,rq0_0052,rq0_0217,True,False,False,0,False
mistral,Mistral-Small-3.1-24B-Instruct-2503,full_rq0_seed42__rq0_0053__rq0_0101,rq0_0053,rq0_0101,hard,rq0_0101,A,A,rq0_0053,rq0_0101,True,False,False,0,False
mistral,Mistral-Small-3.1-24B-Instruct-2503,full_rq0_seed42__rq0_0054__rq0_0090,rq0_0054,rq0_0090,hard,rq0_0054,A,B,rq0_0054,rq0_0054,True,True,True,0,False
mistral,Mistral-Small-3.1-24B-Instruct-2503,full_rq0_seed42__rq0_0054__rq0_0168,rq0_0054,rq0_0168,medium,rq0_0168,A,B,rq0_0054,rq0_0054,True,True,False,0,False
mistral,Mistral-Small-3.1-24B-Instruct-2503,full_rq0_seed42__rq0_0055__rq0_0089,rq0_0055,rq0_0089,easy,rq0_0055,A,B,rq0_0055,rq0_0055,True,True,True,0,False
mistral,Mistral-Small-3.1-24B-Instruct-2503,full_rq0_seed42__rq0_0056__rq0_0067,rq0_0056,rq0_0067,medium,rq0_0067,A,A,rq0_0056,rq0_0067,True,False,False,0,False
mistral,Mistral-Small-3.1-24B-Instruct-2503,full_rq0_seed42__rq0_0056__rq0_0196,rq0_0056,rq0_0196,hard,rq0_0196,A,B,rq0_0056,rq0_0056,True,True,False,0,False
mistral,Mistral-Small-3.1-24B-Instruct-2503,full_rq0_seed42__rq0_0059__rq0_0136,rq0_0059,rq0_0136,medium,rq0_0059,A,A,rq0_0059,rq0_0136,True,False,False,0,False
mistral,Mistral-Small-3.1-24B-Instruct-2503,full_rq0_seed42__rq0_0060__rq0_0168,rq0_0060,rq0_0168,medium,rq0_0168,B,A,rq0_0168,rq0_0168,True,True,True,0,False
mistral,Mistral-Small-3.1-24B-Instruct-2503,full_rq0_seed42__rq0_0061__rq0_0203,rq0_0061,rq0_0203,easy,rq0_0203,A,A,rq0_0061,rq0_0203,True,False,False,0,False
mistral,Mistral-Small-3.1-24B-Instruct-2503,full_rq0_seed42__rq0_0062__rq0_0183,rq0_0062,rq0_0183,easy,rq0_0062,A,A,rq0_0062,rq0_0183,True,False,False,0,False
mistral,Mistral-Small-3.1-24B-Instruct-2503,full_rq0_seed42__rq0_0062__rq0_0230,rq0_0062,rq0_0230,hard,rq0_0230,B,A,rq0_0230,rq0_0230,True,True,True,0,False
mistral,Mistral-Small-3.1-24B-Instruct-2503,full_rq0_seed42__rq0_0063__rq0_0113,rq0_0063,rq0_0113,hard,rq0_0063,A,A,rq0_0063,rq0_0113,True,False,False,0,False
mistral,Mistral-Small-3.1-24B-Instruct-2503,full_rq0_seed42__rq0_0063__rq0_0291,rq0_0063,rq0_0291,medium,rq0_0063,A,A,rq0_0063,rq0_0291,True,False,False,0,False
mistral,Mistral-Small-3.1-24B-Instruct-2503,full_rq0_seed42__rq0_0064__rq0_0068,rq0_0064,rq0_0068,hard,rq0_0064,B,A,rq0_0068,rq0_0068,True,True,False,0,False
mistral,Mistral-Small-3.1-24B-Instruct-2503,full_rq0_seed42__rq0_0064__rq0_0079,rq0_0064,rq0_0079,easy,rq0_0079,B,A,rq0_0079,rq0_0079,True,True,True,0,False
mistral,Mistral-Small-3.1-24B-Instruct-2503,full_rq0_seed42__rq0_0064__rq0_0199,rq0_0064,rq0_0199,easy,rq0_0199,B,A,rq0_0199,rq0_0199,True,True,True,0,False
mistral,Mistral-Small-3.1-24B-Instruct-2503,full_rq0_seed42__rq0_0064__rq0_0280,rq0_0064,rq0_0280,easy,rq0_0280,B,A,rq0_0280,rq0_0280,True,True,True,0,False
mistral,Mistral-Small-3.1-24B-Instruct-2503,full_rq0_seed42__rq0_0065__rq0_0150,rq0_0065,rq0_0150,hard,rq0_0150,A,B,rq0_0065,rq0_0065,True,True,False,0,False
mistral,Mistral-Small-3.1-24B-Instruct-2503,full_rq0_seed42__rq0_0065__rq0_0262,rq0_0065,rq0_0262,easy,rq0_0065,A,B,rq0_0065,rq0_0065,True,True,True,0,False
mistral,Mistral-Small-3.1-24B-Instruct-2503,full_rq0_seed42__rq0_0066__rq0_0131,rq0_0066,rq0_0131,hard,rq0_0131,A,B,rq0_0066,rq0_0066,True,True,False,0,False
mistral,Mistral-Small-3.1-24B-Instruct-2503,full_rq0_seed42__rq0_0066__rq0_0257,rq0_0066,rq0_0257,hard,rq0_0257,A,B,rq0_0066,rq0_0066,True,True,False,0,False
mistral,Mistral-Small-3.1-24B-Instruct-2503,full_rq0_seed42__rq0_0067__rq0_0078,rq0_0067,rq0_0078,easy,rq0_0078,B,A,rq0_0078,rq0_0078,True,True,True,0,False
mistral,Mistral-Small-3.1-24B-Instruct-2503,full_rq0_seed42__rq0_0067__rq0_0093,rq0_0067,rq0_0093,hard,rq0_0093,A,A,rq0_0067,rq0_0093,True,False,False,0,False
mistral,Mistral-Small-3.1-24B-Instruct-2503,full_rq0_seed42__rq0_0069__rq0_0259,rq0_0069,rq0_0259,hard,rq0_0069,A,A,rq0_0069,rq0_0259,True,False,False,0,False
mistral,Mistral-Small-3.1-24B-Instruct-2503,full_rq0_seed42__rq0_0070__rq0_0220,rq0_0070,rq0_0220,easy,rq0_0220,B,A,rq0_0220,rq0_0220,True,True,True,0,False
mistral,Mistral-Small-3.1-24B-Instruct-2503,full_rq0_seed42__rq0_0071__rq0_0093,rq0_0071,rq0_0093,hard,rq0_0071,A,A,rq0_0071,rq0_0093,True,False,False,0,False
mistral,Mistral-Small-3.1-24B-Instruct-2503,full_rq0_seed42__rq0_0071__rq0_0261,rq0_0071,rq0_0261,easy,rq0_0071,A,A,rq0_0071,rq0_0261,True,False,False,0,False
mistral,Mistral-Small-3.1-24B-Instruct-2503,full_rq0_seed42__rq0_0072__rq0_0131,rq0_0072,rq0_0131,hard,rq0_0072,A,A,rq0_0072,rq0_0131,True,False,False,0,False
mistral,Mistral-Small-3.1-24B-Instruct-2503,full_rq0_seed42__rq0_0072__rq0_0140,rq0_0072,rq0_0140,hard,rq0_0072,A,A,rq0_0072,rq0_0140,True,False,False,0,False
mistral,Mistral-Small-3.1-24B-Instruct-2503,full_rq0_seed42__rq0_0072__rq0_0291,rq0_0072,rq0_0291,easy,rq0_0072,A,B,rq0_0072,rq0_0072,True,True,True,0,False
mistral,Mistral-Small-3.1-24B-Instruct-2503,full_rq0_seed42__rq0_0072__rq0_0301,rq0_0072,rq0_0301,easy,rq0_0072,A,B,rq0_0072,rq0_0072,True,True,True,0,False
mistral,Mistral-Small-3.1-24B-Instruct-2503,full_rq0_seed42__rq0_0073__rq0_0181,rq0_0073,rq0_0181,medium,rq0_0073,A,A,rq0_0073,rq0_0181,True,False,False,0,False
mistral,Mistral-Small-3.1-24B-Instruct-2503,full_rq0_seed42__rq0_0073__rq0_0204,rq0_0073,rq0_0204,hard,rq0_0204,A,A,rq0_0073,rq0_0204,True,False,False,0,False
mistral,Mistral-Small-3.1-24B-Instruct-2503,full_rq0_seed42__rq0_0073__rq0_0279,rq0_0073,rq0_0279,medium,rq0_0279,A,B,rq0_0073,rq0_0073,True,True,False,0,False
mistral,Mistral-Small-3.1-24B-Instruct-2503,full_rq0_seed42__rq0_0074__rq0_0230,rq0_0074,rq0_0230,hard,rq0_0230,B,A,rq0_0230,rq0_0230,True,True,True,0,False
mistral,Mistral-Small-3.1-24B-Instruct-2503,full_rq0_seed42__rq0_0074__rq0_0302,rq0_0074,rq0_0302,medium,rq0_0074,A,B,rq0_0074,rq0_0074,True,True,True,0,False
mistral,Mistral-Small-3.1-24B-Instruct-2503,full_rq0_seed42__rq0_0075__rq0_0110,rq0_0075,rq0_0110,hard,rq0_0110,A,A,rq0_0075,rq0_0110,True,False,False,0,False
mistral,Mistral-Small-3.1-24B-Instruct-2503,full_rq0_seed42__rq0_0075__rq0_0135,rq0_0075,rq0_0135,hard,rq0_0075,A,A,rq0_0075,rq0_0135,True,False,False,0,False
mistral,Mistral-Small-3.1-24B-Instruct-2503,full_rq0_seed42__rq0_0075__rq0_0245,rq0_0075,rq0_0245,medium,rq0_0245,B,A,rq0_0245,rq0_0245,True,True,True,0,False
mistral,Mistral-Small-3.1-24B-Instruct-2503,full_rq0_seed42__rq0_0075__rq0_0275,rq0_0075,rq0_0275,easy,rq0_0275,B,A,rq0_0275,rq0_0275,True,True,True,0,False
mistral,Mistral-Small-3.1-24B-Instruct-2503,full_rq0_seed42__rq0_0075__rq0_0302,rq0_0075,rq0_0302,hard,rq0_0302,A,A,rq0_0075,rq0_0302,True,False,False,0,False
mistral,Mistral-Small-3.1-24B-Instruct-2503,full_rq0_seed42__rq0_0076__rq0_0166,rq0_0076,rq0_0166,easy,rq0_0166,A,B,rq0_0076,rq0_0076,True,True,False,0,False
mistral,Mistral-Small-3.1-24B-Instruct-2503,full_rq0_seed42__rq0_0076__rq0_0207,rq0_0076,rq0_0207,easy,rq0_0207,A,A,rq0_0076,rq0_0207,True,False,False,0,False
mistral,Mistral-Small-3.1-24B-Instruct-2503,full_rq0_seed42__rq0_0077__rq0_0080,rq0_0077,rq0_0080,easy,rq0_0080,B,A,rq0_0080,rq0_0080,True,True,True,0,False
mistral,Mistral-Small-3.1-24B-Instruct-2503,full_rq0_seed42__rq0_0077__rq0_0121,rq0_0077,rq0_0121,hard,rq0_0077,B,A,rq0_0121,rq0_0121,True,True,False,0,False
mistral,Mistral-Small-3.1-24B-Instruct-2503,full_rq0_seed42__rq0_0077__rq0_0230,rq0_0077,rq0_0230,medium,rq0_0230,B,A,rq0_0230,rq0_0230,True,True,True,0,False
mistral,Mistral-Small-3.1-24B-Instruct-2503,full_rq0_seed42__rq0_0078__rq0_0230,rq0_0078,rq0_0230,medium,rq0_0078,A,A,rq0_0078,rq0_0230,True,False,False,0,False
mistral,Mistral-Small-3.1-24B-Instruct-2503,full_rq0_seed42__rq0_0078__rq0_0240,rq0_0078,rq0_0240,easy,rq0_0078,A,A,rq0_0078,rq0_0240,True,False,False,0,False
mistral,Mistral-Small-3.1-24B-Instruct-2503,full_rq0_seed42__rq0_0078__rq0_0287,rq0_0078,rq0_0287,hard,rq0_0287,B,A,rq0_0287,rq0_0287,True,True,True,0,False
mistral,Mistral-Small-3.1-24B-Instruct-2503,full_rq0_seed42__rq0_0080__rq0_0091,rq0_0080,rq0_0091,easy,rq0_0080,A,A,rq0_0080,rq0_0091,True,False,False,0,False
mistral,Mistral-Small-3.1-24B-Instruct-2503,full_rq0_seed42__rq0_0080__rq0_0156,rq0_0080,rq0_0156,medium,rq0_0080,A,A,rq0_0080,rq0_0156,True,False,False,0,False
mistral,Mistral-Small-3.1-24B-Instruct-2503,full_rq0_seed42__rq0_0081__rq0_0222,rq0_0081,rq0_0222,easy,rq0_0222,A,A,rq0_0081,rq0_0222,True,False,False,0,False
mistral,Mistral-Small-3.1-24B-Instruct-2503,full_rq0_seed42__rq0_0081__rq0_0311,rq0_0081,rq0_0311,hard,rq0_0081,A,A,rq0_0081,rq0_0311,True,False,False,0,False
mistral,Mistral-Small-3.1-24B-Instruct-2503,full_rq0_seed42__rq0_0083__rq0_0113,rq0_0083,rq0_0113,medium,rq0_0083,A,A,rq0_0083,rq0_0113,True,False,False,0,False
mistral,Mistral-Small-3.1-24B-Instruct-2503,full_rq0_seed42__rq0_0084__rq0_0095,rq0_0084,rq0_0095,hard,rq0_0095,B,A,rq0_0095,rq0_0095,True,True,True,0,False
mistral,Mistral-Small-3.1-24B-Instruct-2503,full_rq0_seed42__rq0_0084__rq0_0123,rq0_0084,rq0_0123,medium,rq0_0123,B,A,rq0_0123,rq0_0123,True,True,True,0,False
mistral,Mistral-Small-3.1-24B-Instruct-2503,full_rq0_seed42__rq0_0084__rq0_0205,rq0_0084,rq0_0205,easy,rq0_0205,B,A,rq0_0205,rq0_0205,True,True,True,0,False
mistral,Mistral-Small-3.1-24B-Instruct-2503,full_rq0_seed42__rq0_0085__rq0_0109,rq0_0085,rq0_0109,medium,rq0_0109,B,A,rq0_0109,rq0_0109,True,True,True,0,False
mistral,Mistral-Small-3.1-24B-Instruct-2503,full_rq0_seed42__rq0_0085__rq0_0136,rq0_0085,rq0_0136,medium,rq0_0136,B,A,rq0_0136,rq0_0136,True,True,True,0,False
mistral,Mistral-Small-3.1-24B-Instruct-2503,full_rq0_seed42__rq0_0086__rq0_0119,rq0_0086,rq0_0119,hard,rq0_0086,A,B,rq0_0086,rq0_0086,True,True,True,0,False
mistral,Mistral-Small-3.1-24B-Instruct-2503,full_rq0_seed42__rq0_0086__rq0_0255,rq0_0086,rq0_0255,hard,rq0_0255,A,B,rq0_0086,rq0_0086,True,True,False,0,False
mistral,Mistral-Small-3.1-24B-Instruct-2503,full_rq0_seed42__rq0_0087__rq0_0290,rq0_0087,rq0_0290,medium,rq0_0087,A,B,rq0_0087,rq0_0087,True,True,True,0,False
mistral,Mistral-Small-3.1-24B-Instruct-2503,full_rq0_seed42__rq0_0089__rq0_0131,rq0_0089,rq0_0131,easy,rq0_0131,B,A,rq0_0131,rq0_0131,True,True,True,0,False
mistral,Mistral-Small-3.1-24B-Instruct-2503,full_rq0_seed42__rq0_0089__rq0_0145,rq0_0089,rq0_0145,hard,rq0_0145,B,A,rq0_0145,rq0_0145,True,True,True,0,False
mistral,Mistral-Small-3.1-24B-Instruct-2503,full_rq0_seed42__rq0_0089__rq0_0195,rq0_0089,rq0_0195,medium,rq0_0195,B,A,rq0_0195,rq0_0195,True,True,True,0,False
mistral,Mistral-Small-3.1-24B-Instruct-2503,full_rq0_seed42__rq0_0089__rq0_0232,rq0_0089,rq0_0232,medium,rq0_0232,B,A,rq0_0232,rq0_0232,True,True,True,0,False
mistral,Mistral-Small-3.1-24B-Instruct-2503,full_rq0_seed42__rq0_0089__rq0_0263,rq0_0089,rq0_0263,medium,rq0_0263,B,A,rq0_0263,rq0_0263,True,True,True,0,False
mistral,Mistral-Small-3.1-24B-Instruct-2503,full_rq0_seed42__rq0_0090__rq0_0121,rq0_0090,rq0_0121,hard,rq0_0090,B,A,rq0_0121,rq0_0121,True,True,False,0,False
mistral,Mistral-Small-3.1-24B-Instruct-2503,full_rq0_seed42__rq0_0090__rq0_0168,rq0_0090,rq0_0168,medium,rq0_0168,A,B,rq0_0090,rq0_0090,True,True,False,0,False
mistral,Mistral-Small-3.1-24B-Instruct-2503,full_rq0_seed42__rq0_0090__rq0_0240,rq0_0090,rq0_0240,hard,rq0_0240,A,A,rq0_0090,rq0_0240,True,False,False,0,False
mistral,Mistral-Small-3.1-24B-Instruct-2503,full_rq0_seed42__rq0_0091__rq0_0204,rq0_0091,rq0_0204,easy,rq0_0204,A,A,rq0_0091,rq0_0204,True,False,False,0,False
mistral,Mistral-Small-3.1-24B-Instruct-2503,full_rq0_seed42__rq0_0092__rq0_0222,rq0_0092,rq0_0222,hard,rq0_0092,B,A,rq0_0222,rq0_0222,True,True,False,0,False
mistral,Mistral-Small-3.1-24B-Instruct-2503,full_rq0_seed42__rq0_0092__rq0_0235,rq0_0092,rq0_0235,medium,rq0_0092,A,A,rq0_0092,rq0_0235,True,False,False,0,False
mistral,Mistral-Small-3.1-24B-Instruct-2503,full_rq0_seed42__rq0_0093__rq0_0252,rq0_0093,rq0_0252,medium,rq0_0252,B,A,rq0_0252,rq0_0252,True,True,True,0,False
mistral,Mistral-Small-3.1-24B-Instruct-2503,full_rq0_seed42__rq0_0094__rq0_0111,rq0_0094,rq0_0111,easy,rq0_0094,A,A,rq0_0094,rq0_0111,True,False,False,0,False
mistral,Mistral-Small-3.1-24B-Instruct-2503,full_rq0_seed42__rq0_0097__rq0_0129,rq0_0097,rq0_0129,medium,rq0_0129,B,A,rq0_0129,rq0_0129,True,True,True,0,False
mistral,Mistral-Small-3.1-24B-Instruct-2503,full_rq0_seed42__rq0_0099__rq0_0149,rq0_0099,rq0_0149,easy,rq0_0099,A,A,rq0_0099,rq0_0149,True,False,False,0,False
mistral,Mistral-Small-3.1-24B-Instruct-2503,full_rq0_seed42__rq0_0099__rq0_0199,rq0_0099,rq0_0199,hard,rq0_0099,A,A,rq0_0099,rq0_0199,True,False,False,0,False
mistral,Mistral-Small-3.1-24B-Instruct-2503,full_rq0_seed42__rq0_0099__rq0_0307,rq0_0099,rq0_0307,medium,rq0_0099,A,A,rq0_0099,rq0_0307,True,False,False,0,False
mistral,Mistral-Small-3.1-24B-Instruct-2503,full_rq0_seed42__rq0_0100__rq0_0152,rq0_0100,rq0_0152,easy,rq0_0100,B,A,rq0_0152,rq0_0152,True,True,False,0,False
mistral,Mistral-Small-3.1-24B-Instruct-2503,full_rq0_seed42__rq0_0100__rq0_0224,rq0_0100,rq0_0224,easy,rq0_0224,B,A,rq0_0224,rq0_0224,True,True,True,0,False
mistral,Mistral-Small-3.1-24B-Instruct-2503,full_rq0_seed42__rq0_0101__rq0_0154,rq0_0101,rq0_0154,easy,rq0_0154,A,A,rq0_0101,rq0_0154,True,False,False,0,False
mistral,Mistral-Small-3.1-24B-Instruct-2503,full_rq0_seed42__rq0_0102__rq0_0132,rq0_0102,rq0_0132,medium,rq0_0102,A,A,rq0_0102,rq0_0132,True,False,False,0,False
mistral,Mistral-Small-3.1-24B-Instruct-2503,full_rq0_seed42__rq0_0103__rq0_0142,rq0_0103,rq0_0142,hard,rq0_0103,B,A,rq0_0142,rq0_0142,True,True,False,0,False
mistral,Mistral-Small-3.1-24B-Instruct-2503,full_rq0_seed42__rq0_0103__rq0_0175,rq0_0103,rq0_0175,medium,rq0_0103,B,A,rq0_0175,rq0_0175,True,True,False,0,False
mistral,Mistral-Small-3.1-24B-Instruct-2503,full_rq0_seed42__rq0_0105__rq0_0192,rq0_0105,rq0_0192,hard,rq0_0192,B,A,rq0_0192,rq0_0192,True,True,True,0,False
mistral,Mistral-Small-3.1-24B-Instruct-2503,full_rq0_seed42__rq0_0105__rq0_0205,rq0_0105,rq0_0205,hard,rq0_0105,B,A,rq0_0205,rq0_0205,True,True,False,0,False
mistral,Mistral-Small-3.1-24B-Instruct-2503,full_rq0_seed42__rq0_0108__rq0_0175,rq0_0108,rq0_0175,medium,rq0_0108,B,A,rq0_0175,rq0_0175,True,True,False,0,False
mistral,Mistral-Small-3.1-24B-Instruct-2503,full_rq0_seed42__rq0_0108__rq0_0186,rq0_0108,rq0_0186,medium,rq0_0108,B,A,rq0_0186,rq0_0186,True,True,False,0,False
mistral,Mistral-Small-3.1-24B-Instruct-2503,full_rq0_seed42__rq0_0108__rq0_0284,rq0_0108,rq0_0284,medium,rq0_0108,A,A,rq0_0108,rq0_0284,True,False,False,0,False
mistral,Mistral-Small-3.1-24B-Instruct-2503,full_rq0_seed42__rq0_0110__rq0_0116,rq0_0110,rq0_0116,hard,rq0_0110,B,A,rq0_0116,rq0_0116,True,True,False,0,False
mistral,Mistral-Small-3.1-24B-Instruct-2503,full_rq0_seed42__rq0_0110__rq0_0156,rq0_0110,rq0_0156,medium,rq0_0156,B,A,rq0_0156,rq0_0156,True,True,True,0,False
mistral,Mistral-Small-3.1-24B-Instruct-2503,full_rq0_seed42__rq0_0110__rq0_0269,rq0_0110,rq0_0269,hard,rq0_0269,A,A,rq0_0110,rq0_0269,True,False,False,0,False
mistral,Mistral-Small-3.1-24B-Instruct-2503,full_rq0_seed42__rq0_0111__rq0_0214,rq0_0111,rq0_0214,easy,rq0_0214,A,B,rq0_0111,rq0_0111,True,True,False,0,False
mistral,Mistral-Small-3.1-24B-Instruct-2503,full_rq0_seed42__rq0_0112__rq0_0127,rq0_0112,rq0_0127,hard,rq0_0112,A,B,rq0_0112,rq0_0112,True,True,True,0,False
mistral,Mistral-Small-3.1-24B-Instruct-2503,full_rq0_seed42__rq0_0115__rq0_0258,rq0_0115,rq0_0258,easy,rq0_0115,B,A,rq0_0258,rq0_0258,True,True,False,0,False
mistral,Mistral-Small-3.1-24B-Instruct-2503,full_rq0_seed42__rq0_0119__rq0_0210,rq0_0119,rq0_0210,medium,rq0_0210,A,A,rq0_0119,rq0_0210,True,False,False,0,False
mistral,Mistral-Small-3.1-24B-Instruct-2503,full_rq0_seed42__rq0_0120__rq0_0183,rq0_0120,rq0_0183,easy,rq0_0120,B,A,rq0_0183,rq0_0183,True,True,False,0,False
mistral,Mistral-Small-3.1-24B-Instruct-2503,full_rq0_seed42__rq0_0120__rq0_0198,rq0_0120,rq0_0198,easy,rq0_0120,B,A,rq0_0198,rq0_0198,True,True,False,0,False
mistral,Mistral-Small-3.1-24B-Instruct-2503,full_rq0_seed42__rq0_0121__rq0_0134,rq0_0121,rq0_0134,hard,rq0_0134,A,B,rq0_0121,rq0_0121,True,True,False,0,False
mistral,Mistral-Small-3.1-24B-Instruct-2503,full_rq0_seed42__rq0_0122__rq0_0246,rq0_0122,rq0_0246,hard,rq0_0122,B,A,rq0_0246,rq0_0246,True,True,False,0,False
mistral,Mistral-Small-3.1-24B-Instruct-2503,full_rq0_seed42__rq0_0123__rq0_0198,rq0_0123,rq0_0198,medium,rq0_0123,B,A,rq0_0198,rq0_0198,True,True,False,0,False
mistral,Mistral-Small-3.1-24B-Instruct-2503,full_rq0_seed42__rq0_0124__rq0_0154,rq0_0124,rq0_0154,hard,rq0_0154,A,A,rq0_0124,rq0_0154,True,False,False,0,False
mistral,Mistral-Small-3.1-24B-Instruct-2503,full_rq0_seed42__rq0_0125__rq0_0202,rq0_0125,rq0_0202,hard,rq0_0125,B,A,rq0_0202,rq0_0202,True,True,False,0,False
mistral,Mistral-Small-3.1-24B-Instruct-2503,full_rq0_seed42__rq0_0126__rq0_0169,rq0_0126,rq0_0169,easy,rq0_0126,A,A,rq0_0126,rq0_0169,True,False,False,0,False
mistral,Mistral-Small-3.1-24B-Instruct-2503,full_rq0_seed42__rq0_0126__rq0_0178,rq0_0126,rq0_0178,hard,rq0_0126,A,A,rq0_0126,rq0_0178,True,False,False,0,False
mistral,Mistral-Small-3.1-24B-Instruct-2503,full_rq0_seed42__rq0_0126__rq0_0282,rq0_0126,rq0_0282,medium,rq0_0282,A,A,rq0_0126,rq0_0282,True,False,False,0,False
mistral,Mistral-Small-3.1-24B-Instruct-2503,full_rq0_seed42__rq0_0126__rq0_0287,rq0_0126,rq0_0287,medium,rq0_0287,B,A,rq0_0287,rq0_0287,True,True,True,0,False
mistral,Mistral-Small-3.1-24B-Instruct-2503,full_rq0_seed42__rq0_0127__rq0_0182,rq0_0127,rq0_0182,easy,rq0_0182,A,B,rq0_0127,rq0_0127,True,True,False,0,False
mistral,Mistral-Small-3.1-24B-Instruct-2503,full_rq0_seed42__rq0_0127__rq0_0275,rq0_0127,rq0_0275,easy,rq0_0275,A,A,rq0_0127,rq0_0275,True,False,False,0,False
mistral,Mistral-Small-3.1-24B-Instruct-2503,full_rq0_seed42__rq0_0130__rq0_0188,rq0_0130,rq0_0188,hard,rq0_0188,A,A,rq0_0130,rq0_0188,True,False,False,0,False
mistral,Mistral-Small-3.1-24B-Instruct-2503,full_rq0_seed42__rq0_0130__rq0_0263,rq0_0130,rq0_0263,hard,rq0_0130,A,B,rq0_0130,rq0_0130,True,True,True,0,False
mistral,Mistral-Small-3.1-24B-Instruct-2503,full_rq0_seed42__rq0_0133__rq0_0166,rq0_0133,rq0_0166,hard,rq0_0166,B,A,rq0_0166,rq0_0166,True,True,True,0,False
mistral,Mistral-Small-3.1-24B-Instruct-2503,full_rq0_seed42__rq0_0133__rq0_0177,rq0_0133,rq0_0177,medium,rq0_0177,A,A,rq0_0133,rq0_0177,True,False,False,0,False
mistral,Mistral-Small-3.1-24B-Instruct-2503,full_rq0_seed42__rq0_0134__rq0_0280,rq0_0134,rq0_0280,medium,rq0_0280,B,A,rq0_0280,rq0_0280,True,True,True,0,False
mistral,Mistral-Small-3.1-24B-Instruct-2503,full_rq0_seed42__rq0_0136__rq0_0236,rq0_0136,rq0_0236,medium,rq0_0236,A,A,rq0_0136,rq0_0236,True,False,False,0,False
mistral,Mistral-Small-3.1-24B-Instruct-2503,full_rq0_seed42__rq0_0140__rq0_0276,rq0_0140,rq0_0276,easy,rq0_0140,B,A,rq0_0276,rq0_0276,True,True,False,0,False
mistral,Mistral-Small-3.1-24B-Instruct-2503,full_rq0_seed42__rq0_0143__rq0_0267,rq0_0143,rq0_0267,easy,rq0_0143,A,B,rq0_0143,rq0_0143,True,True,True,0,False
mistral,Mistral-Small-3.1-24B-Instruct-2503,full_rq0_seed42__rq0_0144__rq0_0209,rq0_0144,rq0_0209,hard,rq0_0209,B,A,rq0_0209,rq0_0209,True,True,True,0,False
mistral,Mistral-Small-3.1-24B-Instruct-2503,full_rq0_seed42__rq0_0145__rq0_0240,rq0_0145,rq0_0240,easy,rq0_0240,A,A,rq0_0145,rq0_0240,True,False,False,0,False
mistral,Mistral-Small-3.1-24B-Instruct-2503,full_rq0_seed42__rq0_0147__rq0_0210,rq0_0147,rq0_0210,easy,rq0_0147,A,B,rq0_0147,rq0_0147,True,True,True,0,False
mistral,Mistral-Small-3.1-24B-Instruct-2503,full_rq0_seed42__rq0_0147__rq0_0234,rq0_0147,rq0_0234,medium,rq0_0147,A,A,rq0_0147,rq0_0234,True,False,False,0,False
mistral,Mistral-Small-3.1-24B-Instruct-2503,full_rq0_seed42__rq0_0147__rq0_0286,rq0_0147,rq0_0286,easy,rq0_0147,A,B,rq0_0147,rq0_0147,True,True,True,0,False
mistral,Mistral-Small-3.1-24B-Instruct-2503,full_rq0_seed42__rq0_0148__rq0_0175,rq0_0148,rq0_0175,hard,rq0_0148,B,A,rq0_0175,rq0_0175,True,True,False,0,False
mistral,Mistral-Small-3.1-24B-Instruct-2503,full_rq0_seed42__rq0_0148__rq0_0210,rq0_0148,rq0_0210,hard,rq0_0210,B,A,rq0_0210,rq0_0210,True,True,True,0,False
mistral,Mistral-Small-3.1-24B-Instruct-2503,full_rq0_seed42__rq0_0148__rq0_0263,rq0_0148,rq0_0263,medium,rq0_0148,B,A,rq0_0263,rq0_0263,True,True,False,0,False
mistral,Mistral-Small-3.1-24B-Instruct-2503,full_rq0_seed42__rq0_0150__rq0_0202,rq0_0150,rq0_0202,easy,rq0_0150,B,A,rq0_0202,rq0_0202,True,True,False,0,False
mistral,Mistral-Small-3.1-24B-Instruct-2503,full_rq0_seed42__rq0_0150__rq0_0241,rq0_0150,rq0_0241,easy,rq0_0150,B,A,rq0_0241,rq0_0241,True,True,False,0,False
mistral,Mistral-Small-3.1-24B-Instruct-2503,full_rq0_seed42__rq0_0151__rq0_0214,rq0_0151,rq0_0214,medium,rq0_0214,B,A,rq0_0214,rq0_0214,True,True,True,0,False
mistral,Mistral-Small-3.1-24B-Instruct-2503,full_rq0_seed42__rq0_0152__rq0_0269,rq0_0152,rq0_0269,easy,rq0_0269,A,B,rq0_0152,rq0_0152,True,True,False,0,False
mistral,Mistral-Small-3.1-24B-Instruct-2503,full_rq0_seed42__rq0_0152__rq0_0274,rq0_0152,rq0_0274,medium,rq0_0274,A,A,rq0_0152,rq0_0274,True,False,False,0,False
mistral,Mistral-Small-3.1-24B-Instruct-2503,full_rq0_seed42__rq0_0153__rq0_0241,rq0_0153,rq0_0241,medium,rq0_0241,B,A,rq0_0241,rq0_0241,True,True,True,0,False
mistral,Mistral-Small-3.1-24B-Instruct-2503,full_rq0_seed42__rq0_0154__rq0_0166,rq0_0154,rq0_0166,hard,rq0_0154,A,A,rq0_0154,rq0_0166,True,False,False,0,False
mistral,Mistral-Small-3.1-24B-Instruct-2503,full_rq0_seed42__rq0_0154__rq0_0297,rq0_0154,rq0_0297,hard,rq0_0154,B,A,rq0_0297,rq0_0297,True,True,False,0,False
mistral,Mistral-Small-3.1-24B-Instruct-2503,full_rq0_seed42__rq0_0155__rq0_0205,rq0_0155,rq0_0205,hard,rq0_0155,B,A,rq0_0205,rq0_0205,True,True,False,0,False
mistral,Mistral-Small-3.1-24B-Instruct-2503,full_rq0_seed42__rq0_0155__rq0_0215,rq0_0155,rq0_0215,hard,rq0_0215,A,A,rq0_0155,rq0_0215,True,False,False,0,False
mistral,Mistral-Small-3.1-24B-Instruct-2503,full_rq0_seed42__rq0_0156__rq0_0229,rq0_0156,rq0_0229,hard,rq0_0156,A,B,rq0_0156,rq0_0156,True,True,True,0,False
mistral,Mistral-Small-3.1-24B-Instruct-2503,full_rq0_seed42__rq0_0158__rq0_0180,rq0_0158,rq0_0180,medium,rq0_0180,B,A,rq0_0180,rq0_0180,True,True,True,0,False
mistral,Mistral-Small-3.1-24B-Instruct-2503,full_rq0_seed42__rq0_0159__rq0_0250,rq0_0159,rq0_0250,medium,rq0_0250,A,A,rq0_0159,rq0_0250,True,False,False,0,False
mistral,Mistral-Small-3.1-24B-Instruct-2503,full_rq0_seed42__rq0_0159__rq0_0271,rq0_0159,rq0_0271,hard,rq0_0271,A,B,rq0_0159,rq0_0159,True,True,False,0,False
mistral,Mistral-Small-3.1-24B-Instruct-2503,full_rq0_seed42__rq0_0162__rq0_0298,rq0_0162,rq0_0298,medium,rq0_0162,A,A,rq0_0162,rq0_0298,True,False,False,0,False
mistral,Mistral-Small-3.1-24B-Instruct-2503,full_rq0_seed42__rq0_0163__rq0_0223,rq0_0163,rq0_0223,hard,rq0_0223,B,A,rq0_0223,rq0_0223,True,True,True,0,False
mistral,Mistral-Small-3.1-24B-Instruct-2503,full_rq0_seed42__rq0_0167__rq0_0248,rq0_0167,rq0_0248,easy,rq0_0248,A,A,rq0_0167,rq0_0248,True,False,False,0,False
mistral,Mistral-Small-3.1-24B-Instruct-2503,full_rq0_seed42__rq0_0171__rq0_0174,rq0_0171,rq0_0174,hard,rq0_0171,A,A,rq0_0171,rq0_0174,True,False,False,0,False
mistral,Mistral-Small-3.1-24B-Instruct-2503,full_rq0_seed42__rq0_0171__rq0_0197,rq0_0171,rq0_0197,easy,rq0_0197,B,A,rq0_0197,rq0_0197,True,True,True,0,False
mistral,Mistral-Small-3.1-24B-Instruct-2503,full_rq0_seed42__rq0_0173__rq0_0201,rq0_0173,rq0_0201,easy,rq0_0173,B,A,rq0_0201,rq0_0201,True,True,False,0,False
mistral,Mistral-Small-3.1-24B-Instruct-2503,full_rq0_seed42__rq0_0175__rq0_0300,rq0_0175,rq0_0300,hard,rq0_0300,A,A,rq0_0175,rq0_0300,True,False,False,0,False
mistral,Mistral-Small-3.1-24B-Instruct-2503,full_rq0_seed42__rq0_0177__rq0_0235,rq0_0177,rq0_0235,hard,rq0_0177,A,A,rq0_0177,rq0_0235,True,False,False,0,False
mistral,Mistral-Small-3.1-24B-Instruct-2503,full_rq0_seed42__rq0_0178__rq0_0233,rq0_0178,rq0_0233,easy,rq0_0178,B,A,rq0_0233,rq0_0233,True,True,False,0,False
mistral,Mistral-Small-3.1-24B-Instruct-2503,full_rq0_seed42__rq0_0178__rq0_0299,rq0_0178,rq0_0299,medium,rq0_0178,A,B,rq0_0178,rq0_0178,True,True,True,0,False
mistral,Mistral-Small-3.1-24B-Instruct-2503,full_rq0_seed42__rq0_0179__rq0_0263,rq0_0179,rq0_0263,hard,rq0_0179,A,A,rq0_0179,rq0_0263,True,False,False,0,False
mistral,Mistral-Small-3.1-24B-Instruct-2503,full_rq0_seed42__rq0_0181__rq0_0271,rq0_0181,rq0_0271,easy,rq0_0271,A,B,rq0_0181,rq0_0181,True,True,False,0,False
mistral,Mistral-Small-3.1-24B-Instruct-2503,full_rq0_seed42__rq0_0182__rq0_0217,rq0_0182,rq0_0217,easy,rq0_0182,A,A,rq0_0182,rq0_0217,True,False,False,0,False
mistral,Mistral-Small-3.1-24B-Instruct-2503,full_rq0_seed42__rq0_0182__rq0_0220,rq0_0182,rq0_0220,easy,rq0_0182,B,A,rq0_0220,rq0_0220,True,True,False,0,False
mistral,Mistral-Small-3.1-24B-Instruct-2503,full_rq0_seed42__rq0_0183__rq0_0199,rq0_0183,rq0_0199,easy,rq0_0199,B,A,rq0_0199,rq0_0199,True,True,True,0,False
mistral,Mistral-Small-3.1-24B-Instruct-2503,full_rq0_seed42__rq0_0184__rq0_0288,rq0_0184,rq0_0288,medium,rq0_0288,B,A,rq0_0288,rq0_0288,True,True,True,0,False
mistral,Mistral-Small-3.1-24B-Instruct-2503,full_rq0_seed42__rq0_0185__rq0_0199,rq0_0185,rq0_0199,medium,rq0_0185,A,A,rq0_0185,rq0_0199,True,False,False,0,False
mistral,Mistral-Small-3.1-24B-Instruct-2503,full_rq0_seed42__rq0_0188__rq0_0271,rq0_0188,rq0_0271,easy,rq0_0271,A,B,rq0_0188,rq0_0188,True,True,False,0,False
mistral,Mistral-Small-3.1-24B-Instruct-2503,full_rq0_seed42__rq0_0189__rq0_0306,rq0_0189,rq0_0306,hard,rq0_0306,A,A,rq0_0189,rq0_0306,True,False,False,0,False
mistral,Mistral-Small-3.1-24B-Instruct-2503,full_rq0_seed42__rq0_0190__rq0_0223,rq0_0190,rq0_0223,medium,rq0_0223,B,A,rq0_0223,rq0_0223,True,True,True,0,False
mistral,Mistral-Small-3.1-24B-Instruct-2503,full_rq0_seed42__rq0_0191__rq0_0285,rq0_0191,rq0_0285,medium,rq0_0191,A,B,rq0_0191,rq0_0191,True,True,True,0,False
mistral,Mistral-Small-3.1-24B-Instruct-2503,full_rq0_seed42__rq0_0192__rq0_0226,rq0_0192,rq0_0226,medium,rq0_0192,A,A,rq0_0192,rq0_0226,True,False,False,0,False
mistral,Mistral-Small-3.1-24B-Instruct-2503,full_rq0_seed42__rq0_0192__rq0_0246,rq0_0192,rq0_0246,medium,rq0_0246,A,A,rq0_0192,rq0_0246,True,False,False,0,False
mistral,Mistral-Small-3.1-24B-Instruct-2503,full_rq0_seed42__rq0_0192__rq0_0269,rq0_0192,rq0_0269,easy,rq0_0192,A,B,rq0_0192,rq0_0192,True,True,True,0,False
mistral,Mistral-Small-3.1-24B-Instruct-2503,full_rq0_seed42__rq0_0194__rq0_0234,rq0_0194,rq0_0234,medium,rq0_0194,A,A,rq0_0194,rq0_0234,True,False,False,0,False
mistral,Mistral-Small-3.1-24B-Instruct-2503,full_rq0_seed42__rq0_0197__rq0_0199,rq0_0197,rq0_0199,hard,rq0_0199,A,A,rq0_0197,rq0_0199,True,False,False,0,False
mistral,Mistral-Small-3.1-24B-Instruct-2503,full_rq0_seed42__rq0_0199__rq0_0280,rq0_0199,rq0_0280,medium,rq0_0280,A,A,rq0_0199,rq0_0280,True,False,False,0,False
mistral,Mistral-Small-3.1-24B-Instruct-2503,full_rq0_seed42__rq0_0201__rq0_0277,rq0_0201,rq0_0277,medium,rq0_0201,B,A,rq0_0277,rq0_0277,True,True,False,0,False
mistral,Mistral-Small-3.1-24B-Instruct-2503,full_rq0_seed42__rq0_0202__rq0_0286,rq0_0202,rq0_0286,hard,rq0_0286,A,B,rq0_0202,rq0_0202,True,True,False,0,False
mistral,Mistral-Small-3.1-24B-Instruct-2503,full_rq0_seed42__rq0_0204__rq0_0295,rq0_0204,rq0_0295,easy,rq0_0204,A,A,rq0_0204,rq0_0295,True,False,False,0,False
mistral,Mistral-Small-3.1-24B-Instruct-2503,full_rq0_seed42__rq0_0212__rq0_0216,rq0_0212,rq0_0216,medium,rq0_0216,A,A,rq0_0212,rq0_0216,True,False,False,0,False
mistral,Mistral-Small-3.1-24B-Instruct-2503,full_rq0_seed42__rq0_0213__rq0_0306,rq0_0213,rq0_0306,easy,rq0_0306,B,A,rq0_0306,rq0_0306,True,True,True,0,False
mistral,Mistral-Small-3.1-24B-Instruct-2503,full_rq0_seed42__rq0_0214__rq0_0287,rq0_0214,rq0_0287,easy,rq0_0287,B,A,rq0_0287,rq0_0287,True,True,True,0,False
mistral,Mistral-Small-3.1-24B-Instruct-2503,full_rq0_seed42__rq0_0216__rq0_0302,rq0_0216,rq0_0302,easy,rq0_0216,A,B,rq0_0216,rq0_0216,True,True,True,0,False
mistral,Mistral-Small-3.1-24B-Instruct-2503,full_rq0_seed42__rq0_0217__rq0_0286,rq0_0217,rq0_0286,medium,rq0_0286,A,B,rq0_0217,rq0_0217,True,True,False,0,False
mistral,Mistral-Small-3.1-24B-Instruct-2503,full_rq0_seed42__rq0_0217__rq0_0292,rq0_0217,rq0_0292,medium,rq0_0292,A,B,rq0_0217,rq0_0217,True,True,False,0,False
mistral,Mistral-Small-3.1-24B-Instruct-2503,full_rq0_seed42__rq0_0221__rq0_0222,rq0_0221,rq0_0222,medium,rq0_0221,A,B,rq0_0221,rq0_0221,True,True,True,0,False
mistral,Mistral-Small-3.1-24B-Instruct-2503,full_rq0_seed42__rq0_0224__rq0_0259,rq0_0224,rq0_0259,easy,rq0_0224,A,A,rq0_0224,rq0_0259,True,False,False,0,False
mistral,Mistral-Small-3.1-24B-Instruct-2503,full_rq0_seed42__rq0_0227__rq0_0262,rq0_0227,rq0_0262,easy,rq0_0227,A,A,rq0_0227,rq0_0262,True,False,False,0,False
mistral,Mistral-Small-3.1-24B-Instruct-2503,full_rq0_seed42__rq0_0229__rq0_0274,rq0_0229,rq0_0274,medium,rq0_0229,B,A,rq0_0274,rq0_0274,True,True,False,0,False
mistral,Mistral-Small-3.1-24B-Instruct-2503,full_rq0_seed42__rq0_0231__rq0_0291,rq0_0231,rq0_0291,hard,rq0_0291,A,B,rq0_0231,rq0_0231,True,True,False,0,False
mistral,Mistral-Small-3.1-24B-Instruct-2503,full_rq0_seed42__rq0_0233__rq0_0256,rq0_0233,rq0_0256,medium,rq0_0256,A,B,rq0_0233,rq0_0233,True,True,False,0,False
mistral,Mistral-Small-3.1-24B-Instruct-2503,full_rq0_seed42__rq0_0234__rq0_0267,rq0_0234,rq0_0267,easy,rq0_0234,A,B,rq0_0234,rq0_0234,True,True,True,0,False
mistral,Mistral-Small-3.1-24B-Instruct-2503,full_rq0_seed42__rq0_0234__rq0_0307,rq0_0234,rq0_0307,hard,rq0_0234,A,A,rq0_0234,rq0_0307,True,False,False,0,False
mistral,Mistral-Small-3.1-24B-Instruct-2503,full_rq0_seed42__rq0_0235__rq0_0280,rq0_0235,rq0_0280,hard,rq0_0280,A,A,rq0_0235,rq0_0280,True,False,False,0,False
mistral,Mistral-Small-3.1-24B-Instruct-2503,full_rq0_seed42__rq0_0238__rq0_0265,rq0_0238,rq0_0265,medium,rq0_0265,B,A,rq0_0265,rq0_0265,True,True,True,0,False
mistral,Mistral-Small-3.1-24B-Instruct-2503,full_rq0_seed42__rq0_0246__rq0_0268,rq0_0246,rq0_0268,easy,rq0_0246,A,B,rq0_0246,rq0_0246,True,True,True,0,False
mistral,Mistral-Small-3.1-24B-Instruct-2503,full_rq0_seed42__rq0_0247__rq0_0295,rq0_0247,rq0_0295,medium,rq0_0247,B,A,rq0_0295,rq0_0295,True,True,False,0,False
mistral,Mistral-Small-3.1-24B-Instruct-2503,full_rq0_seed42__rq0_0249__rq0_0283,rq0_0249,rq0_0283,easy,rq0_0283,B,A,rq0_0283,rq0_0283,True,True,True,0,False
mistral,Mistral-Small-3.1-24B-Instruct-2503,full_rq0_seed42__rq0_0250__rq0_0294,rq0_0250,rq0_0294,easy,rq0_0250,A,B,rq0_0250,rq0_0250,True,True,True,0,False
mistral,Mistral-Small-3.1-24B-Instruct-2503,full_rq0_seed42__rq0_0251__rq0_0281,rq0_0251,rq0_0281,medium,rq0_0281,A,B,rq0_0251,rq0_0251,True,True,False,0,False
mistral,Mistral-Small-3.1-24B-Instruct-2503,full_rq0_seed42__rq0_0253__rq0_0279,rq0_0253,rq0_0279,medium,rq0_0279,B,A,rq0_0279,rq0_0279,True,True,True,0,False
mistral,Mistral-Small-3.1-24B-Instruct-2503,full_rq0_seed42__rq0_0260__rq0_0277,rq0_0260,rq0_0277,hard,rq0_0260,B,A,rq0_0277,rq0_0277,True,True,False,0,False
mistral,Mistral-Small-3.1-24B-Instruct-2503,full_rq0_seed42__rq0_0267__rq0_0285,rq0_0267,rq0_0285,medium,rq0_0267,B,A,rq0_0285,rq0_0285,True,True,False,0,False
mistral,Mistral-Small-3.1-24B-Instruct-2503,full_rq0_seed42__rq0_0269__rq0_0310,rq0_0269,rq0_0310,easy,rq0_0269,A,A,rq0_0269,rq0_0310,True,False,False,0,False
mistral,Mistral-Small-3.1-24B-Instruct-2503,full_rq0_seed42__rq0_0273__rq0_0277,rq0_0273,rq0_0277,hard,rq0_0273,B,A,rq0_0277,rq0_0277,True,True,False,0,False
mistral,Mistral-Small-3.1-24B-Instruct-2503,full_rq0_seed42__rq0_0275__rq0_0297,rq0_0275,rq0_0297,medium,rq0_0275,A,A,rq0_0275,rq0_0297,True,False,False,0,False
mistral,Mistral-Small-3.1-24B-Instruct-2503,full_rq0_seed42__rq0_0285__rq0_0289,rq0_0285,rq0_0289,easy,rq0_0289,B,A,rq0_0289,rq0_0289,True,True,True,0,False
mistral,Mistral-Small-3.1-24B-Instruct-2503,full_rq0_seed42__rq0_0288__rq0_0290,rq0_0288,rq0_0290,hard,rq0_0288,A,B,rq0_0288,rq0_0288,True,True,True,0,False
mistral,Mistral-Small-3.1-24B-Instruct-2503,full_rq0_seed42__rq0_0293__rq0_0300,rq0_0293,rq0_0300,medium,rq0_0300,A,A,rq0_0293,rq0_0300,True,False,False,0,False
mistral,Mistral-Small-3.1-24B-Instruct-2503,full_rq0_seed42__rq0_0297__rq0_0312,rq0_0297,rq0_0312,easy,rq0_0297,A,B,rq0_0297,rq0_0297,True,True,True,0,False
