snippet_id,dataset_name,ocr_engine,feature_loc_total,feature_loc_nonempty,feature_blank_line_ratio,feature_comment_line_ratio,feature_avg_line_length,feature_avg_nonempty_line_length,feature_max_line_length,feature_token_count,feature_avg_token_length,feature_token_entropy,feature_identifier_count,feature_identifier_unique_count,feature_avg_identifier_length,feature_keyword_count,feature_operator_count,feature_literal_count,feature_indent_mean,feature_indent_max,feature_indent_std,feature_nesting_mean,feature_nesting_max,feature_cyclomatic_estimate,feature_halstead_distinct_operators,feature_halstead_distinct_operands,feature_halstead_vocabulary,feature_halstead_length,feature_halstead_volume
rq0_0000,Buse,easyocr,21.0,21.0,0.0,0.0,7.333333333333333,7.333333333333333,32.0,41.0,3.658536585365854,4.558652309443365,15.0,11.0,6.333333333333333,6.0,16.0,4.0,0.0,0.0,0.0,0.6666666666666666,2.0,4.0,7.0,15.0,22.0,35.0,156.0801066523054
rq0_0001,Buse,easyocr,28.0,28.0,0.0,0.0,7.035714285714286,7.035714285714286,30.0,68.0,2.661764705882353,4.467156819671162,22.0,13.0,5.7272727272727275,4.0,32.0,10.0,0.0,0.0,0.0,0.8571428571428571,1.0,4.0,8.0,20.0,28.0,64.0,307.67071501168664
rq0_0002,Buse,easyocr,28.0,28.0,0.0,0.0,8.035714285714286,8.035714285714286,29.0,55.0,3.981818181818182,4.562531305530889,24.0,15.0,7.5,3.0,22.0,6.0,0.0,0.0,0.0,0.8571428571428571,1.0,3.0,8.0,21.0,29.0,52.0,252.61501174663374
rq0_0003,Buse,easyocr,53.0,53.0,0.0,0.03773584905660377,6.7924528301886795,6.7924528301886795,20.0,78.0,4.435897435897436,5.830148693165749,53.0,42.0,5.773584905660377,5.0,13.0,7.0,0.0,0.0,0.0,0.0,0.0,2.0,8.0,49.0,57.0,73.0,425.80097103402613
rq0_0004,Buse,easyocr,15.0,15.0,0.0,0.06666666666666667,11.066666666666666,11.066666666666666,40.0,45.0,3.4444444444444446,4.694646363420182,17.0,17.0,6.9411764705882355,3.0,19.0,6.0,0.0,0.0,0.0,0.0,0.0,2.0,6.0,23.0,29.0,42.0,204.035201795358
rq0_0005,Buse,easyocr,8.0,8.0,0.0,0.0,11.0,11.0,24.0,23.0,3.608695652173913,3.2733494559629492,7.0,4.0,8.0,3.0,11.0,2.0,0.0,0.0,0.0,0.0,0.0,3.0,3.0,6.0,9.0,20.0,63.39850002884624
rq0_0006,Buse,easyocr,39.0,39.0,0.0,0.02564102564102564,6.153846153846154,6.153846153846154,26.0,71.0,3.23943661971831,5.547565605389704,32.0,26.0,5.21875,5.0,19.0,15.0,0.0,0.0,0.0,0.0,0.0,1.0,9.0,39.0,48.0,66.0,368.6075250475963
rq0_0007,Buse,easyocr,15.0,15.0,0.0,0.0,11.533333333333333,11.533333333333333,30.0,40.0,4.15,4.515311532225103,20.0,16.0,6.45,4.0,15.0,1.0,0.0,0.0,0.0,0.0,0.0,1.0,6.0,17.0,23.0,36.0,162.84823041805248
rq0_0008,Buse,easyocr,28.0,28.0,0.0,0.03571428571428571,8.178571428571429,8.178571428571429,36.0,65.0,3.292307692307692,4.709701466375346,26.0,20.0,5.961538461538462,5.0,27.0,7.0,0.0,0.0,0.0,0.0,0.0,3.0,5.0,27.0,32.0,60.0,300.0
rq0_0009,Buse,easyocr,24.0,24.0,0.0,0.0,9.666666666666666,9.666666666666666,42.0,53.0,4.132075471698113,4.720673700124442,19.0,15.0,7.894736842105263,9.0,19.0,6.0,0.0,0.0,0.0,0.0,0.0,6.0,5.0,21.0,26.0,44.0,206.81934759820803
rq0_0010,Buse,easyocr,17.0,17.0,0.0,0.0,6.294117647058823,6.294117647058823,27.0,26.0,3.9615384615384617,4.469670487371861,13.0,11.0,6.0,4.0,6.0,3.0,0.0,0.0,0.0,0.0,0.0,2.0,5.0,14.0,19.0,22.0,93.45440529575887
rq0_0011,Buse,easyocr,6.0,6.0,0.0,0.0,17.333333333333332,17.333333333333332,41.0,28.0,3.357142857142857,3.807354922057604,11.0,9.0,7.0,0.0,14.0,3.0,0.0,0.0,0.0,0.0,0.0,1.0,5.0,12.0,17.0,28.0,114.4489595550095
rq0_0012,Buse,easyocr,26.0,26.0,0.0,0.0,6.846153846153846,6.846153846153846,39.0,46.0,3.717391304347826,4.768020923401285,20.0,15.0,6.35,4.0,14.0,8.0,0.0,0.0,0.0,1.2307692307692308,2.0,2.0,5.0,22.0,27.0,42.0,199.70527509086565
rq0_0013,Buse,easyocr,18.0,18.0,0.0,0.0,15.666666666666666,15.666666666666666,54.0,71.0,3.732394366197183,4.226041868547061,28.0,17.0,7.571428571428571,3.0,33.0,7.0,0.0,0.0,0.0,0.0,0.0,1.0,5.0,24.0,29.0,68.0,330.3427076686749
rq0_0014,Buse,easyocr,18.0,18.0,0.0,0.0,8.38888888888889,8.38888888888889,30.0,31.0,4.774193548387097,4.147114052043202,12.0,10.0,10.083333333333334,3.0,13.0,3.0,0.0,0.0,0.0,0.0,0.0,2.0,5.0,13.0,18.0,28.0,116.75790004038474
rq0_0015,Buse,easyocr,19.0,19.0,0.0,0.0,7.7368421052631575,7.7368421052631575,26.0,42.0,3.2857142857142856,4.496849792435026,13.0,11.0,7.769230769230769,4.0,18.0,7.0,0.0,0.0,0.0,0.0,0.0,2.0,6.0,18.0,24.0,38.0,174.22857502740393
rq0_0016,Buse,easyocr,22.0,22.0,0.0,0.045454545454545456,10.136363636363637,10.136363636363637,30.0,66.0,3.121212121212121,5.082516188216575,28.0,24.0,5.678571428571429,3.0,30.0,5.0,0.0,0.0,0.0,0.5909090909090909,1.0,1.0,10.0,29.0,39.0,63.0,332.98033978832166
rq0_0017,Buse,easyocr,26.0,26.0,0.0,0.038461538461538464,7.6923076923076925,7.6923076923076925,25.0,48.0,3.9583333333333335,4.91070150120865,19.0,17.0,7.7368421052631575,6.0,15.0,8.0,0.0,0.0,0.0,0.0,0.0,1.0,7.0,25.0,32.0,42.0,210.0
rq0_0018,Buse,easyocr,11.0,11.0,0.0,0.0,10.545454545454545,10.545454545454545,30.0,25.0,4.36,4.133660689688186,11.0,9.0,7.454545454545454,3.0,9.0,2.0,0.0,0.0,0.0,0.0,0.0,1.0,5.0,11.0,16.0,22.0,88.0
rq0_0019,Buse,easyocr,7.0,7.0,0.0,0.0,10.428571428571429,10.428571428571429,23.0,16.0,4.25,3.375,8.0,7.0,6.75,3.0,5.0,0.0,0.0,0.0,0.0,0.0,0.0,2.0,2.0,7.0,9.0,13.0,41.209025018750054
rq0_0020,Buse,easyocr,16.0,16.0,0.0,0.0625,16.4375,16.4375,56.0,57.0,4.350877192982456,4.668319129820816,26.0,20.0,8.076923076923077,2.0,24.0,5.0,0.0,0.0,0.0,0.0,0.0,1.0,6.0,25.0,31.0,55.0,272.4807970712781
rq0_0021,Buse,easyocr,24.0,24.0,0.0,0.0,10.833333333333334,10.833333333333334,34.0,48.0,5.333333333333333,4.2588899079210885,16.0,12.0,7.625,5.0,23.0,4.0,0.0,0.0,0.0,0.875,1.0,3.0,7.0,16.0,23.0,43.0,194.51316411045156
rq0_0022,Buse,easyocr,16.0,16.0,0.0,0.0,11.0625,11.0625,37.0,34.0,5.0588235294117645,3.9590943713503313,10.0,6.0,11.6,6.0,14.0,4.0,0.0,0.0,0.0,1.375,2.0,1.0,4.0,10.0,14.0,28.0,106.60593781761291
rq0_0023,Buse,easyocr,43.0,43.0,0.0,0.0,6.837209302325581,6.837209302325581,38.0,95.0,2.9263157894736844,4.788433205165647,37.0,24.0,5.378378378378378,5.0,44.0,9.0,0.0,0.0,0.0,0.8837209302325582,1.0,2.0,8.0,32.0,40.0,90.0,478.9735285398626
rq0_0024,Buse,easyocr,37.0,37.0,0.0,0.0,5.243243243243243,5.243243243243243,26.0,67.0,2.656716417910448,4.459391571178003,29.0,13.0,4.620689655172414,2.0,23.0,13.0,0.0,0.0,0.0,0.0,0.0,2.0,5.0,21.0,26.0,65.0,305.52858167917094
rq0_0025,Buse,easyocr,25.0,25.0,0.0,0.04,8.84,8.84,53.0,54.0,3.9444444444444446,4.720178187701853,24.0,17.0,7.125,4.0,18.0,8.0,0.0,0.0,0.0,0.0,0.0,2.0,5.0,23.0,28.0,50.0,240.36774610288018
rq0_0026,Buse,easyocr,26.0,26.0,0.0,0.0,9.153846153846153,9.153846153846153,22.0,65.0,3.4615384615384617,4.564997721440753,25.0,17.0,6.64,6.0,30.0,4.0,0.0,0.0,0.0,0.0,0.0,3.0,7.0,21.0,28.0,59.0,283.6339404013986
rq0_0027,Buse,easyocr,8.0,8.0,0.0,0.0,7.0,7.0,18.0,13.0,4.3076923076923075,3.334679141051595,5.0,5.0,8.4,1.0,4.0,3.0,0.0,0.0,0.0,0.0,0.0,1.0,2.0,8.0,10.0,12.0,39.86313713864835
rq0_0028,Buse,easyocr,43.0,43.0,0.0,0.023255813953488372,8.953488372093023,8.953488372093023,54.0,95.0,3.8947368421052633,5.467172581992385,50.0,37.0,6.36,2.0,35.0,8.0,0.0,0.0,0.0,0.046511627906976744,1.0,2.0,11.0,44.0,55.0,93.0,537.6664533577933
rq0_0029,Buse,easyocr,26.0,26.0,0.0,0.0,11.884615384615385,11.884615384615385,40.0,63.0,4.603174603174603,4.396053405811862,22.0,17.0,9.636363636363637,8.0,28.0,5.0,0.0,0.0,0.0,0.0,0.0,3.0,5.0,22.0,27.0,55.0,261.51881261899075
rq0_0030,Buse,easyocr,22.0,22.0,0.0,0.045454545454545456,8.863636363636363,8.863636363636363,30.0,51.0,3.588235294117647,4.701645439925869,24.0,17.0,6.208333333333333,2.0,18.0,7.0,0.0,0.0,0.0,0.0,0.0,1.0,6.0,23.0,29.0,49.0,238.041068761251
rq0_0031,Buse,easyocr,39.0,39.0,0.0,0.02564102564102564,9.256410256410257,9.256410256410257,30.0,76.0,4.5,5.24609902018809,44.0,25.0,6.7727272727272725,3.0,20.0,9.0,0.0,0.0,0.0,0.0,0.0,2.0,8.0,34.0,42.0,73.0,393.63917186284954
rq0_0032,Buse,easyocr,12.0,12.0,0.0,0.0,15.583333333333334,15.583333333333334,34.0,32.0,5.46875,3.98345859334435,12.0,8.0,10.916666666666666,6.0,10.0,4.0,0.0,0.0,0.0,0.0,0.0,4.0,4.0,12.0,16.0,26.0,104.0
rq0_0033,Buse,easyocr,39.0,39.0,0.0,0.02564102564102564,11.666666666666666,11.666666666666666,55.0,86.0,5.093023255813954,5.391910645827567,40.0,31.0,9.55,3.0,31.0,12.0,0.0,0.0,0.0,0.0,0.0,2.0,10.0,41.0,51.0,83.0,470.8113033836341
rq0_0034,Buse,easyocr,25.0,25.0,0.0,0.04,6.96,6.96,19.0,50.0,3.32,4.651663380285989,21.0,16.0,6.0476190476190474,4.0,22.0,3.0,0.0,0.0,0.0,0.0,0.0,2.0,8.0,19.0,27.0,46.0,218.72482509951953
rq0_0035,Buse,easyocr,31.0,31.0,0.0,0.0,11.0,11.0,50.0,93.0,3.4623655913978495,4.623104846319579,31.0,19.0,7.709677419354839,8.0,44.0,10.0,0.0,0.0,0.0,0.0,0.0,4.0,8.0,28.0,36.0,85.0,439.44362512259653
rq0_0036,Buse,easyocr,17.0,17.0,0.0,0.0,11.647058823529411,11.647058823529411,47.0,50.0,3.7,4.597082261221977,17.0,13.0,7.294117647058823,7.0,22.0,4.0,0.0,0.0,0.0,0.0,0.0,2.0,8.0,17.0,25.0,43.0,199.68581616031315
rq0_0037,Buse,easyocr,16.0,16.0,0.0,0.0,6.625,6.625,18.0,32.0,3.0625,4.265319531114783,15.0,11.0,5.4,0.0,12.0,5.0,0.0,0.0,0.0,0.0,0.0,1.0,6.0,16.0,22.0,32.0,142.7018117963935
rq0_0038,Buse,easyocr,42.0,42.0,0.0,0.023809523809523808,8.880952380952381,8.880952380952381,40.0,17.0,23.764705882352942,3.572469458770135,6.0,6.0,8.833333333333334,0.0,8.0,3.0,0.0,0.0,0.0,0.0,0.0,1.0,4.0,9.0,13.0,17.0,62.907475208398566
rq0_0039,Buse,easyocr,11.0,11.0,0.0,0.0,9.545454545454545,9.545454545454545,37.0,38.0,2.5789473684210527,4.0907125542057665,11.0,6.0,5.090909090909091,4.0,18.0,5.0,0.0,0.0,0.0,0.0,0.0,4.0,6.0,11.0,17.0,34.0,138.97373660251154
rq0_0040,Buse,easyocr,20.0,20.0,0.0,0.0,10.0,10.0,55.0,49.0,3.836734693877551,4.486460609112264,18.0,12.0,7.555555555555555,5.0,20.0,6.0,0.0,0.0,0.0,0.9,1.0,3.0,7.0,17.0,24.0,44.0,201.73835003173087
rq0_0041,Buse,easyocr,12.0,12.0,0.0,0.0,11.5,11.5,45.0,30.0,4.433333333333334,4.306890595608519,9.0,8.0,11.11111111111111,3.0,16.0,2.0,0.0,0.0,0.0,0.0,0.0,1.0,10.0,9.0,19.0,27.0,114.6940428629768
rq0_0042,Buse,easyocr,11.0,11.0,0.0,0.0,7.181818181818182,7.181818181818182,29.0,22.0,3.5,3.334209459448049,11.0,5.0,5.454545454545454,2.0,9.0,0.0,0.0,0.0,0.0,0.6363636363636364,1.0,1.0,5.0,5.0,10.0,20.0,66.43856189774725
rq0_0043,Buse,easyocr,21.0,21.0,0.0,0.0,10.333333333333334,10.333333333333334,26.0,43.0,4.790697674418604,4.693479289485192,22.0,17.0,7.681818181818182,5.0,12.0,4.0,0.0,0.0,0.0,0.0,0.0,1.0,7.0,21.0,28.0,38.0,182.67948703818894
rq0_0044,Buse,easyocr,40.0,40.0,0.0,0.025,7.75,7.75,56.0,69.0,4.188405797101449,5.456067210275939,36.0,29.0,6.194444444444445,9.0,17.0,7.0,0.0,0.0,0.0,0.0,0.0,3.0,8.0,36.0,44.0,60.0,327.56589711823784
rq0_0045,Buse,easyocr,27.0,27.0,0.0,0.037037037037037035,9.481481481481481,9.481481481481481,26.0,52.0,4.5576923076923075,4.794297112780251,22.0,16.0,8.409090909090908,5.0,17.0,8.0,0.0,0.0,0.0,0.0,0.0,1.0,6.0,23.0,29.0,47.0,228.3251067709959
rq0_0046,Buse,easyocr,33.0,33.0,0.0,0.030303030303030304,8.151515151515152,8.151515151515152,32.0,53.0,4.811320754716981,4.864251822283627,34.0,19.0,6.617647058823529,2.0,9.0,8.0,0.0,0.0,0.0,0.0,0.0,1.0,5.0,26.0,31.0,51.0,252.6640118297306
rq0_0047,Buse,easyocr,15.0,15.0,0.0,0.0,8.066666666666666,8.066666666666666,49.0,31.0,3.7096774193548385,4.518397116698909,10.0,9.0,7.6,5.0,9.0,7.0,0.0,0.0,0.0,0.0,0.0,2.0,4.0,16.0,20.0,26.0,112.37013046707143
rq0_0048,Buse,easyocr,15.0,15.0,0.0,0.0,8.4,8.4,38.0,33.0,3.484848484848485,3.8966879684212654,10.0,8.0,8.2,4.0,15.0,4.0,0.0,0.0,0.0,0.8,1.0,3.0,4.0,12.0,16.0,29.0,116.0
rq0_0049,Buse,easyocr,15.0,15.0,0.0,0.0,9.4,9.4,33.0,37.0,3.5405405405405403,4.479195257286953,10.0,7.0,7.7,6.0,13.0,8.0,0.0,0.0,0.0,0.0,0.0,2.0,7.0,13.0,20.0,31.0,133.97977094150824
rq0_0050,Buse,easyocr,13.0,13.0,0.0,0.0,13.615384615384615,13.615384615384615,51.0,49.0,3.326530612244898,4.197854293804585,19.0,14.0,6.631578947368421,1.0,23.0,6.0,0.0,0.0,0.0,0.0,0.0,1.0,5.0,17.0,22.0,48.0,214.05271769459029
rq0_0051,Buse,easyocr,22.0,22.0,0.0,0.0,9.272727272727273,9.272727272727273,50.0,27.0,7.814814814814815,4.106377316818026,10.0,8.0,6.6,2.0,11.0,4.0,0.0,0.0,0.0,0.0,0.0,1.0,5.0,12.0,17.0,25.0,102.18657103125848
rq0_0052,Buse,easyocr,21.0,21.0,0.0,0.0,7.380952380952381,7.380952380952381,17.0,30.0,5.133333333333334,4.440223928941852,17.0,13.0,5.294117647058823,0.0,9.0,4.0,0.0,0.0,0.0,0.0,0.0,1.0,6.0,17.0,23.0,30.0,135.7068586817104
rq0_0053,Buse,easyocr,20.0,20.0,0.0,0.0,12.6,12.6,52.0,46.0,5.282608695652174,4.364801762387308,19.0,15.0,11.263157894736842,2.0,21.0,4.0,0.0,0.0,0.0,0.85,1.0,3.0,7.0,19.0,26.0,44.0,206.81934759820803
rq0_0054,Buse,easyocr,29.0,29.0,0.0,0.034482758620689655,6.724137931034483,6.724137931034483,36.0,52.0,3.5,4.7483286603655745,29.0,18.0,5.068965517241379,3.0,15.0,5.0,0.0,0.0,0.0,0.0,0.0,1.0,6.0,23.0,29.0,49.0,238.041068761251
rq0_0055,Buse,easyocr,14.0,14.0,0.0,0.0,11.214285714285714,11.214285714285714,28.0,40.0,3.725,3.977567157116929,18.0,11.0,7.055555555555555,0.0,18.0,4.0,0.0,0.0,0.0,0.0,0.0,1.0,5.0,15.0,20.0,40.0,172.8771237954945
rq0_0056,Buse,easyocr,19.0,19.0,0.0,0.0,11.736842105263158,11.736842105263158,32.0,42.0,4.9523809523809526,4.431257232859706,21.0,17.0,8.571428571428571,2.0,17.0,2.0,0.0,0.0,0.0,0.0,0.0,1.0,5.0,19.0,24.0,40.0,183.39850002884623
rq0_0057,Buse,easyocr,16.0,16.0,0.0,0.0,10.75,10.75,39.0,35.0,4.6571428571428575,4.354442574694573,13.0,10.0,9.23076923076923,4.0,13.0,5.0,0.0,0.0,0.0,0.8125,1.0,1.0,5.0,15.0,20.0,31.0,133.97977094150824
rq0_0058,Buse,easyocr,10.0,10.0,0.0,0.0,9.3,9.3,33.0,18.0,5.055555555555555,3.6835423624332306,8.0,7.0,8.75,2.0,7.0,1.0,0.0,0.0,0.0,0.0,0.0,1.0,4.0,8.0,12.0,16.0,57.3594000115385
rq0_0059,Buse,easyocr,15.0,15.0,0.0,0.0,7.666666666666667,7.666666666666667,23.0,31.0,3.6129032258064515,4.018081793978686,12.0,8.0,6.75,4.0,11.0,4.0,0.0,0.0,0.0,0.0,0.0,3.0,4.0,12.0,16.0,27.0,108.0
rq0_0060,Buse,easyocr,8.0,8.0,0.0,0.0,12.5,12.5,27.0,31.0,3.0,3.857422116838488,11.0,8.0,6.545454545454546,1.0,19.0,0.0,0.0,0.0,0.0,0.5,1.0,2.0,8.0,8.0,16.0,30.0,120.0
rq0_0061,Buse,easyocr,16.0,16.0,0.0,0.0,13.9375,13.9375,44.0,43.0,4.883720930232558,4.379298475431078,19.0,13.0,9.421052631578947,2.0,17.0,5.0,0.0,0.0,0.0,0.0,0.0,2.0,5.0,18.0,23.0,41.0,185.46604019833754
rq0_0062,Buse,easyocr,16.0,16.0,0.0,0.0,8.375,8.375,25.0,34.0,3.735294117647059,3.858802914461594,14.0,10.0,7.357142857142857,1.0,17.0,2.0,0.0,0.0,0.0,0.75,1.0,2.0,6.0,12.0,18.0,33.0,137.6075250475963
rq0_0063,Buse,easyocr,19.0,19.0,0.0,0.0,8.473684210526315,8.473684210526315,33.0,45.0,3.2888888888888888,4.305540252212916,17.0,9.0,6.588235294117647,4.0,20.0,4.0,0.0,0.0,0.0,0.0,0.0,2.0,7.0,13.0,20.0,41.0,177.19905189038187
rq0_0064,Buse,easyocr,15.0,15.0,0.0,0.0,14.0,14.0,52.0,42.0,4.809523809523809,4.5444688400540745,20.0,18.0,9.0,0.0,17.0,5.0,0.0,0.0,0.0,0.0,0.0,1.0,5.0,23.0,28.0,42.0,201.90890672641936
rq0_0065,Buse,easyocr,28.0,28.0,0.0,0.03571428571428571,7.714285714285714,7.714285714285714,46.0,56.0,3.5714285714285716,4.811382823650152,21.0,14.0,7.095238095238095,5.0,18.0,12.0,0.0,0.0,0.0,0.0,0.0,3.0,5.0,25.0,30.0,51.0,250.25142037603445
rq0_0066,Buse,easyocr,13.0,13.0,0.0,0.0,11.846153846153847,11.846153846153847,56.0,34.0,4.323529411764706,3.948372960273852,14.0,9.0,8.357142857142858,3.0,16.0,1.0,0.0,0.0,0.0,0.5384615384615384,1.0,1.0,6.0,10.0,16.0,31.0,124.0
rq0_0067,Buse,easyocr,12.0,12.0,0.0,0.0,12.333333333333334,12.333333333333334,42.0,41.0,3.4634146341463414,4.103261224978557,19.0,12.0,6.2105263157894735,1.0,18.0,3.0,0.0,0.0,0.0,0.0,0.0,1.0,5.0,15.0,20.0,40.0,172.8771237954945
rq0_0068,Buse,easyocr,29.0,29.0,0.0,0.0,9.379310344827585,9.379310344827585,53.0,70.0,3.6714285714285713,4.484161367001088,30.0,23.0,6.9,3.0,31.0,6.0,0.0,0.0,0.0,0.0,0.0,2.0,4.0,29.0,33.0,67.0,337.9744059970164
rq0_0069,Buse,easyocr,27.0,27.0,0.0,0.037037037037037035,7.148148148148148,7.148148148148148,33.0,46.0,4.021739130434782,4.952591032002874,19.0,14.0,7.0,6.0,12.0,9.0,0.0,0.0,0.0,0.0,0.0,3.0,7.0,23.0,30.0,40.0,196.27562382434076
rq0_0070,Buse,easyocr,30.0,30.0,0.0,0.0,9.8,9.8,52.0,58.0,4.810344827586207,4.927391883902795,27.0,18.0,7.888888888888889,7.0,17.0,7.0,0.0,0.0,0.0,0.13333333333333333,1.0,2.0,6.0,25.0,31.0,51.0,252.6640118297306
rq0_0071,Buse,easyocr,21.0,21.0,0.0,0.0,8.761904761904763,8.761904761904763,38.0,45.0,3.8,4.578088307912703,19.0,14.0,7.052631578947368,3.0,19.0,4.0,0.0,0.0,0.0,0.9047619047619048,1.0,2.0,8.0,18.0,26.0,42.0,197.41846816192586
rq0_0072,Buse,easyocr,16.0,16.0,0.0,0.0,10.125,10.125,36.0,38.0,3.9473684210526314,4.076103170996722,15.0,12.0,8.2,1.0,19.0,3.0,0.0,0.0,0.0,0.625,1.0,2.0,6.0,15.0,21.0,37.0,162.51574464281416
rq0_0073,Buse,easyocr,42.0,42.0,0.0,0.023809523809523808,9.642857142857142,9.642857142857142,53.0,97.0,3.8556701030927836,5.676728563613574,58.0,45.0,5.568965517241379,3.0,25.0,11.0,0.0,0.0,0.0,0.0,0.0,2.0,6.0,53.0,59.0,94.0,552.9684466400131
rq0_0074,Buse,easyocr,9.0,9.0,0.0,0.0,14.0,14.0,43.0,38.0,3.026315789473684,3.5750951077778788,13.0,8.0,6.923076923076923,0.0,21.0,4.0,0.0,0.0,0.0,0.0,0.0,1.0,4.0,12.0,16.0,38.0,152.0
rq0_0075,Buse,easyocr,23.0,23.0,0.0,0.0,11.26086956521739,11.26086956521739,45.0,53.0,4.69811320754717,4.488911079366845,21.0,16.0,8.095238095238095,2.0,21.0,9.0,0.0,0.0,0.0,0.0,0.0,1.0,4.0,25.0,29.0,51.0,247.75703075150616
rq0_0076,Buse,easyocr,31.0,31.0,0.0,0.0,9.64516129032258,9.64516129032258,47.0,57.0,5.245614035087719,4.838661339374267,21.0,17.0,8.428571428571429,6.0,27.0,3.0,0.0,0.0,0.0,0.0,0.0,2.0,10.0,20.0,30.0,51.0,250.25142037603445
rq0_0077,Buse,easyocr,24.0,24.0,0.0,0.0,6.166666666666667,6.166666666666667,41.0,66.0,2.1363636363636362,4.928504111907778,18.0,15.0,4.222222222222222,6.0,32.0,10.0,0.0,0.0,0.0,0.25,1.0,3.0,11.0,22.0,33.0,60.0,302.6636471615072
rq0_0078,Buse,easyocr,58.0,58.0,0.0,0.017241379310344827,5.568965517241379,5.568965517241379,26.0,91.0,3.340659340659341,5.867523623643858,55.0,47.0,4.709090909090909,3.0,21.0,12.0,0.0,0.0,0.0,0.7758620689655172,1.0,2.0,9.0,55.0,64.0,88.0,528.0
rq0_0079,Buse,easyocr,38.0,38.0,0.0,0.02631578947368421,7.7105263157894735,7.7105263157894735,36.0,67.0,4.164179104477612,5.137151414972287,37.0,27.0,6.351351351351352,5.0,17.0,8.0,0.0,0.0,0.0,0.0,0.0,3.0,5.0,35.0,40.0,62.0,329.95954188301647
rq0_0080,Buse,easyocr,11.0,11.0,0.0,0.0,11.818181818181818,11.818181818181818,45.0,33.0,3.727272727272727,4.233639952626227,12.0,10.0,8.0,2.0,14.0,5.0,0.0,0.0,0.0,0.0,0.0,2.0,5.0,15.0,20.0,31.0,133.97977094150824
rq0_0081,Buse,easyocr,26.0,26.0,0.0,0.0,11.115384615384615,11.115384615384615,46.0,75.0,3.6266666666666665,4.547310237983151,25.0,17.0,7.92,8.0,36.0,6.0,0.0,0.0,0.0,0.0,0.0,4.0,6.0,23.0,29.0,67.0,325.4847266735473
rq0_0082,Buse,easyocr,45.0,45.0,0.0,0.0,5.7555555555555555,5.7555555555555555,25.0,58.0,4.362068965517241,5.349191770915039,45.0,35.0,5.266666666666667,1.0,6.0,6.0,0.0,0.0,0.0,0.0,0.0,2.0,3.0,41.0,44.0,57.0,311.1876022623259
rq0_0083,Buse,easyocr,43.0,43.0,0.0,0.023255813953488372,7.348837209302325,7.348837209302325,42.0,85.0,3.447058823529412,5.283651636031204,39.0,30.0,5.717948717948718,4.0,29.0,13.0,0.0,0.0,0.0,0.0,0.0,2.0,7.0,42.0,49.0,81.0,454.7914973733319
rq0_0084,Buse,easyocr,31.0,31.0,0.0,0.0,6.645161290322581,6.645161290322581,26.0,70.0,2.6857142857142855,5.109510474298478,12.0,10.0,4.75,16.0,25.0,17.0,0.0,0.0,0.0,0.0,0.0,4.0,10.0,21.0,31.0,54.0,267.52660076089126
rq0_0085,Buse,easyocr,19.0,19.0,0.0,0.0,11.947368421052632,11.947368421052632,55.0,67.0,3.253731343283582,4.567527578608399,23.0,12.0,6.391304347826087,6.0,30.0,8.0,0.0,0.0,0.0,0.7368421052631579,1.0,3.0,8.0,19.0,27.0,61.0,290.04813763197154
rq0_0086,Buse,easyocr,22.0,22.0,0.0,0.0,7.7272727272727275,7.7272727272727275,23.0,40.0,4.125,4.4939427079182686,18.0,13.0,7.166666666666667,2.0,14.0,6.0,0.0,0.0,0.0,0.0,0.0,2.0,5.0,19.0,24.0,38.0,174.22857502740393
rq0_0087,Buse,easyocr,23.0,23.0,0.0,0.0,6.565217391304348,6.565217391304348,23.0,26.0,6.0,4.180832987205441,9.0,8.0,9.333333333333334,3.0,9.0,5.0,0.0,0.0,0.0,1.4782608695652173,2.0,3.0,4.0,13.0,17.0,23.0,94.0116453487578
rq0_0088,Buse,easyocr,33.0,33.0,0.0,0.0,9.424242424242424,9.424242424242424,37.0,78.0,3.858974358974359,4.8164595600780835,31.0,22.0,7.354838709677419,8.0,33.0,6.0,0.0,0.0,0.0,0.12121212121212122,1.0,4.0,7.0,28.0,35.0,70.0,359.0498111861476
rq0_0089,Buse,easyocr,32.0,32.0,0.0,0.0,9.3125,9.3125,46.0,84.0,3.2857142857142856,4.8760982257578105,25.0,16.0,7.12,11.0,39.0,9.0,0.0,0.0,0.0,0.40625,2.0,3.0,9.0,25.0,34.0,73.0,371.3847874112748
rq0_0090,Buse,easyocr,27.0,27.0,0.0,0.037037037037037035,8.962962962962964,8.962962962962964,47.0,51.0,4.490196078431373,5.172233675219986,26.0,21.0,7.384615384615385,3.0,14.0,8.0,0.0,0.0,0.0,0.0,0.0,1.0,7.0,29.0,36.0,48.0,248.15640006923098
rq0_0091,Buse,easyocr,37.0,37.0,0.0,0.0,9.783783783783784,9.783783783783784,42.0,86.0,3.988372093023256,4.969771952769756,28.0,20.0,8.428571428571429,13.0,37.0,8.0,0.0,0.0,0.0,2.108108108108108,3.0,5.0,8.0,28.0,36.0,73.0,377.40452510528877
rq0_0092,Buse,easyocr,12.0,12.0,0.0,0.0,4.666666666666667,4.666666666666667,14.0,26.0,1.9230769230769231,3.873140679513133,9.0,7.0,3.4444444444444446,1.0,13.0,3.0,0.0,0.0,0.0,0.5,1.0,2.0,6.0,10.0,16.0,25.0,100.0
rq0_0093,Buse,easyocr,10.0,10.0,0.0,0.0,16.5,16.5,55.0,28.0,5.642857142857143,4.012188403968661,12.0,12.0,11.833333333333334,0.0,13.0,3.0,0.0,0.0,0.0,0.0,0.0,1.0,4.0,15.0,19.0,28.0,118.94197037642039
rq0_0094,Buse,easyocr,22.0,22.0,0.0,0.045454545454545456,9.272727272727273,9.272727272727273,33.0,51.0,3.784313725490196,4.951741273301623,20.0,17.0,7.1,5.0,20.0,6.0,0.0,0.0,0.0,0.0,0.0,1.0,9.0,22.0,31.0,46.0,227.89303027779624
rq0_0095,Buse,easyocr,27.0,27.0,0.0,0.0,11.333333333333334,11.333333333333334,40.0,64.0,4.546875,4.837400438178645,25.0,20.0,8.04,4.0,27.0,8.0,0.0,0.0,0.0,0.37037037037037035,1.0,1.0,7.0,28.0,35.0,60.0,307.756981016698
rq0_0096,Buse,easyocr,12.0,12.0,0.0,0.0,13.916666666666666,13.916666666666666,55.0,50.0,3.1,4.12307418942857,18.0,11.0,6.5,3.0,28.0,1.0,0.0,0.0,0.0,0.0,0.0,2.0,8.0,12.0,20.0,47.0,203.13062045970605
rq0_0097,Buse,easyocr,28.0,28.0,0.0,0.0,11.214285714285714,11.214285714285714,53.0,80.0,3.65,4.9016417331025925,37.0,21.0,6.1891891891891895,3.0,29.0,11.0,0.0,0.0,0.0,0.0,0.0,2.0,7.0,32.0,39.0,77.0,406.9759708523932
rq0_0098,Buse,easyocr,39.0,39.0,0.0,0.0,10.179487179487179,10.179487179487179,35.0,80.0,4.8,4.940634426587139,28.0,21.0,7.857142857142857,8.0,35.0,9.0,0.0,0.0,0.0,1.0512820512820513,2.0,4.0,8.0,30.0,38.0,72.0,377.85078096793814
rq0_0099,Dorn,easyocr,84.0,84.0,0.0,0.0,8.976190476190476,8.976190476190476,48.0,173.0,4.132947976878612,5.54982289387633,54.0,34.0,9.24074074074074,21.0,64.0,34.0,0.0,0.0,0.0,0.39285714285714285,3.0,7.0,5.0,68.0,73.0,152.0,940.8533329497627
rq0_0100,Dorn,easyocr,123.0,123.0,0.0,0.0,10.235772357723578,10.235772357723578,44.0,135.0,9.488888888888889,5.712381788471926,60.0,45.0,9.316666666666666,4.0,46.0,25.0,0.0,0.0,0.0,0.6341463414634146,2.0,1.0,8.0,69.0,77.0,131.0,820.949036831032
rq0_0101,Dorn,easyocr,33.0,33.0,0.0,0.0,10.93939393939394,10.93939393939394,41.0,49.0,7.244897959183674,4.9208322930948,21.0,17.0,13.238095238095237,4.0,16.0,8.0,0.0,0.0,0.0,0.3333333333333333,1.0,1.0,7.0,25.0,32.0,45.0,225.0
rq0_0102,Dorn,easyocr,13.0,13.0,0.0,0.0,7.0,7.0,35.0,29.0,2.9655172413793105,4.237291339955158,6.0,6.0,6.333333333333333,4.0,12.0,7.0,0.0,0.0,0.0,0.8461538461538461,1.0,3.0,5.0,13.0,18.0,25.0,104.2481250360578
rq0_0103,Dorn,easyocr,187.0,187.0,0.0,0.0,10.251336898395722,10.251336898395722,53.0,173.0,11.653179190751445,5.775002319270509,72.0,47.0,7.069444444444445,9.0,63.0,29.0,0.0,0.0,0.0,0.09090909090909091,1.0,3.0,9.0,76.0,85.0,164.0,1051.140113526583
rq0_0104,Dorn,easyocr,85.0,85.0,0.0,0.0,8.176470588235293,8.176470588235293,36.0,145.0,4.544827586206897,5.788208102050349,44.0,31.0,9.431818181818182,17.0,40.0,44.0,0.0,0.0,0.0,0.32941176470588235,1.0,1.0,6.0,72.0,78.0,128.0,804.5314840143678
rq0_0105,Dorn,easyocr,19.0,19.0,0.0,0.0,8.157894736842104,8.157894736842104,39.0,41.0,3.4878048780487805,4.352203688791898,12.0,7.0,7.25,7.0,15.0,7.0,0.0,0.0,0.0,0.8421052631578947,1.0,2.0,5.0,14.0,19.0,34.0,144.4295354570819
rq0_0106,Dorn,easyocr,103.0,103.0,0.0,0.0,9.728155339805825,9.728155339805825,41.0,55.0,19.4,4.809979314157013,20.0,16.0,8.0,5.0,20.0,10.0,0.0,0.0,0.0,0.6699029126213593,2.0,3.0,5.0,26.0,31.0,50.0,247.70981551934375
rq0_0107,Dorn,easyocr,51.0,51.0,0.0,0.0,9.823529411764707,9.823529411764707,38.0,120.0,4.008333333333334,5.251729167565758,48.0,19.0,7.916666666666667,6.0,45.0,21.0,0.0,0.0,0.0,0.0,0.0,4.0,10.0,39.0,49.0,114.0,640.0769222291337
rq0_0108,Dorn,easyocr,61.0,61.0,0.0,0.0,6.278688524590164,6.278688524590164,48.0,122.0,2.9508196721311477,5.697600222716855,43.0,29.0,5.744186046511628,8.0,46.0,25.0,0.0,0.0,0.0,1.9508196721311475,4.0,6.0,14.0,51.0,65.0,114.0,686.5499306852438
rq0_0109,Dorn,easyocr,117.0,117.0,0.0,0.0,9.649572649572649,9.649572649572649,44.0,158.0,7.189873417721519,5.06677555467409,53.0,29.0,8.11320754716981,17.0,65.0,23.0,0.0,0.0,0.0,2.299145299145299,4.0,7.0,6.0,52.0,58.0,141.0,825.9753203129876
rq0_0110,Dorn,easyocr,13.0,13.0,0.0,0.0,4.769230769230769,4.769230769230769,14.0,19.0,3.1578947368421053,4.037401197654112,7.0,6.0,5.285714285714286,2.0,5.0,5.0,0.0,0.0,0.0,0.0,0.0,1.0,4.0,11.0,15.0,17.0,66.41714012534482
rq0_0111,Dorn,easyocr,19.0,19.0,0.0,0.05263157894736842,8.578947368421053,8.578947368421053,24.0,32.0,4.625,4.351409765557392,19.0,13.0,6.684210526315789,2.0,7.0,4.0,0.0,0.0,0.0,0.0,0.0,1.0,4.0,17.0,21.0,30.0,131.76952268336282
rq0_0112,Dorn,easyocr,58.0,58.0,0.0,0.017241379310344827,10.482758620689655,10.482758620689655,37.0,134.0,4.2611940298507465,5.611449121460545,53.0,30.0,7.716981132075472,16.0,44.0,21.0,0.0,0.0,0.0,0.3793103448275862,1.0,3.0,10.0,50.0,60.0,118.0,697.0130902818053
rq0_0113,Dorn,easyocr,129.0,129.0,0.0,0.023255813953488372,7.550387596899225,7.550387596899225,56.0,228.0,4.057017543859649,6.176652800971611,111.0,54.0,6.1891891891891895,21.0,56.0,40.0,0.0,0.0,0.0,0.0,0.0,5.0,7.0,93.0,100.0,207.0,1375.2782312833679
rq0_0114,Dorn,easyocr,63.0,63.0,0.0,0.0,11.80952380952381,11.80952380952381,53.0,150.0,4.793333333333333,5.661440775036066,60.0,39.0,8.616666666666667,14.0,53.0,23.0,0.0,0.0,0.0,0.6190476190476191,1.0,1.0,9.0,62.0,71.0,136.0,836.3656082526368
rq0_0115,Dorn,easyocr,13.0,13.0,0.0,0.0,8.923076923076923,8.923076923076923,23.0,35.0,3.085714285714286,4.614997302659251,11.0,11.0,6.363636363636363,3.0,14.0,7.0,0.0,0.0,0.0,0.0,0.0,3.0,7.0,18.0,25.0,32.0,148.60339807279118
rq0_0116,Dorn,easyocr,175.0,175.0,0.0,0.011428571428571429,8.01142857142857,8.01142857142857,59.0,298.0,4.506711409395973,7.070039194847507,161.0,113.0,6.627329192546584,17.0,63.0,57.0,0.0,0.0,0.0,0.2857142857142857,1.0,2.0,11.0,169.0,180.0,281.0,2105.2107200686387
rq0_0117,Dorn,easyocr,29.0,29.0,0.0,0.034482758620689655,4.9655172413793105,4.9655172413793105,20.0,38.0,3.6315789473684212,5.037401197654112,21.0,20.0,5.285714285714286,3.0,7.0,7.0,0.0,0.0,0.0,0.0,0.0,2.0,4.0,27.0,31.0,35.0,173.3968708635406
rq0_0118,Dorn,easyocr,138.0,138.0,0.0,0.0,8.920289855072463,8.920289855072463,40.0,155.0,8.161290322580646,5.847698977648547,67.0,41.0,6.970149253731344,8.0,49.0,31.0,0.0,0.0,0.0,0.5,2.0,1.0,7.0,72.0,79.0,147.0,926.6557699820341
rq0_0119,Dorn,easyocr,12.0,12.0,0.0,0.0,12.0,12.0,51.0,30.0,4.6,4.453235913127291,11.0,11.0,8.454545454545455,5.0,9.0,5.0,0.0,0.0,0.0,0.0,0.0,1.0,4.0,16.0,20.0,25.0,108.04820237218406
rq0_0120,Dorn,easyocr,15.0,15.0,0.0,0.0,11.333333333333334,11.333333333333334,45.0,25.0,6.68,4.213660689688186,8.0,8.0,14.625,1.0,8.0,8.0,0.0,0.0,0.0,0.0,0.0,2.0,4.0,15.0,19.0,24.0,101.95026032264605
rq0_0121,Dorn,easyocr,90.0,90.0,0.0,0.044444444444444446,7.188888888888889,7.188888888888889,43.0,142.0,4.288732394366197,5.363832884599912,76.0,28.0,5.921052631578948,22.0,24.0,20.0,0.0,0.0,0.0,0.0,0.0,2.0,5.0,48.0,53.0,120.0,687.3504545475838
rq0_0122,Dorn,easyocr,70.0,70.0,0.0,0.0,10.071428571428571,10.071428571428571,53.0,155.0,4.316129032258065,5.465198042890294,55.0,37.0,9.254545454545454,18.0,61.0,21.0,0.0,0.0,0.0,0.9714285714285714,2.0,5.0,9.0,58.0,67.0,137.0,831.0542190927148
rq0_0123,Dorn,easyocr,20.0,20.0,0.0,0.0,8.1,8.1,34.0,44.0,3.3636363636363638,4.578638720860855,18.0,13.0,5.555555555555555,5.0,16.0,5.0,0.0,0.0,0.0,0.7,2.0,1.0,6.0,18.0,24.0,39.0,178.8135375281251
rq0_0124,Dorn,easyocr,17.0,17.0,0.0,0.0,14.647058823529411,14.647058823529411,31.0,42.0,5.642857142857143,4.061976875613826,18.0,12.0,11.722222222222221,1.0,18.0,5.0,0.0,0.0,0.0,0.0,0.0,2.0,4.0,17.0,21.0,41.0,180.0850143339292
rq0_0125,Dorn,easyocr,142.0,142.0,0.0,0.007042253521126761,8.76056338028169,8.76056338028169,56.0,303.0,3.966996699669967,6.2018506101879725,169.0,102.0,5.704142011834319,13.0,80.0,41.0,0.0,0.0,0.0,0.0,0.0,2.0,10.0,143.0,153.0,290.0,2104.6424743808693
rq0_0126,Dorn,easyocr,35.0,35.0,0.0,0.0,10.342857142857143,10.342857142857143,26.0,64.0,5.40625,5.177668898701708,38.0,28.0,8.289473684210526,1.0,17.0,8.0,0.0,0.0,0.0,0.0,0.0,1.0,7.0,36.0,43.0,63.0,341.85467954623215
rq0_0127,Dorn,easyocr,104.0,104.0,0.0,0.028846153846153848,9.134615384615385,9.134615384615385,57.0,164.0,5.579268292682927,5.748089893322598,88.0,30.0,8.545454545454545,14.0,27.0,35.0,0.0,0.0,0.0,0.7884615384615384,1.0,1.0,6.0,65.0,71.0,150.0,922.4620679257023
rq0_0128,Dorn,easyocr,72.0,72.0,0.0,0.05555555555555555,10.902777777777779,10.902777777777779,54.0,155.0,4.864516129032258,5.881330736078586,55.0,41.0,9.745454545454546,23.0,49.0,28.0,0.0,0.0,0.0,0.0,0.0,4.0,8.0,65.0,73.0,132.0,817.0568417721623
rq0_0129,Dorn,easyocr,71.0,71.0,0.0,0.0,8.56338028169014,8.56338028169014,36.0,99.0,5.97979797979798,5.254491931029305,23.0,16.0,18.565217391304348,15.0,25.0,36.0,0.0,0.0,0.0,0.7464788732394366,2.0,1.0,4.0,49.0,53.0,84.0,481.1453181833087
rq0_0130,Dorn,easyocr,55.0,55.0,0.0,0.0,10.872727272727273,10.872727272727273,46.0,115.0,4.947826086956522,5.20441698182516,48.0,19.0,8.791666666666666,15.0,32.0,20.0,0.0,0.0,0.0,0.41818181818181815,1.0,2.0,6.0,39.0,45.0,100.0,549.1853096329675
rq0_0131,Dorn,easyocr,43.0,43.0,0.0,0.0,11.30232558139535,11.30232558139535,51.0,113.0,4.061946902654867,5.0135220247535734,33.0,16.0,9.06060606060606,18.0,43.0,19.0,0.0,0.0,0.0,0.0,0.0,3.0,6.0,35.0,41.0,95.0,508.967440438718
rq0_0132,Dorn,easyocr,23.0,23.0,0.0,0.043478260869565216,7.304347826086956,7.304347826086956,38.0,45.0,3.4,4.624751985026256,18.0,12.0,4.5,11.0,11.0,5.0,0.0,0.0,0.0,0.0,0.0,1.0,4.0,17.0,21.0,34.0,149.33879237447786
rq0_0133,Dorn,easyocr,68.0,68.0,0.0,0.0,9.132352941176471,9.132352941176471,38.0,121.0,4.983471074380165,5.227483554134392,49.0,25.0,10.326530612244898,5.0,44.0,23.0,0.0,0.0,0.0,1.3823529411764706,2.0,4.0,8.0,47.0,55.0,116.0,670.6377267688606
rq0_0134,Dorn,easyocr,12.0,12.0,0.0,0.0,9.833333333333334,9.833333333333334,47.0,32.0,3.34375,4.538909765557392,12.0,12.0,6.166666666666667,3.0,11.0,6.0,0.0,0.0,0.0,0.0,0.0,3.0,5.0,18.0,23.0,29.0,131.18329672565338
rq0_0135,Dorn,easyocr,221.0,221.0,0.0,0.0,10.633484162895927,10.633484162895927,48.0,510.0,4.447058823529412,5.6154512303205015,249.0,51.0,7.208835341365462,46.0,157.0,58.0,0.0,0.0,0.0,0.0,0.0,1.0,8.0,104.0,112.0,464.0,3158.612683834728
rq0_0136,Dorn,easyocr,95.0,95.0,0.0,0.021052631578947368,9.31578947368421,9.31578947368421,56.0,198.0,4.237373737373737,6.107351457722465,74.0,44.0,7.8108108108108105,22.0,64.0,38.0,0.0,0.0,0.0,2.2842105263157895,5.0,2.0,10.0,81.0,91.0,176.0,1145.3718566749706
rq0_0137,Dorn,easyocr,55.0,55.0,0.0,0.0,21.30909090909091,21.30909090909091,61.0,203.0,5.561576354679803,4.882279413629886,81.0,53.0,12.209876543209877,1.0,100.0,21.0,0.0,0.0,0.0,1.0,2.0,2.0,6.0,74.0,80.0,202.0,1277.0294751672473
rq0_0138,Dorn,easyocr,23.0,23.0,0.0,0.0,11.217391304347826,11.217391304347826,39.0,40.0,6.325,4.106198332810095,10.0,7.0,12.1,2.0,19.0,9.0,0.0,0.0,0.0,0.13043478260869565,1.0,2.0,5.0,15.0,20.0,38.0,164.2332676057198
rq0_0139,Dorn,easyocr,94.0,94.0,0.0,0.010638297872340425,7.840425531914893,7.840425531914893,51.0,188.0,3.675531914893617,5.580409131803808,60.0,31.0,6.866666666666666,30.0,61.0,37.0,0.0,0.0,0.0,1.6063829787234043,2.0,5.0,6.0,67.0,73.0,158.0,977.9922803030428
rq0_0140,Dorn,easyocr,131.0,131.0,0.0,0.0,8.84732824427481,8.84732824427481,57.0,263.0,4.262357414448669,6.187343224330377,109.0,61.0,6.990825688073395,33.0,74.0,47.0,0.0,0.0,0.0,0.2748091603053435,2.0,2.0,11.0,106.0,117.0,230.0,1580.183885504183
rq0_0141,Dorn,easyocr,56.0,56.0,0.0,0.0,13.339285714285714,13.339285714285714,58.0,132.0,5.363636363636363,5.494157186099551,50.0,27.0,10.6,19.0,40.0,23.0,0.0,0.0,0.0,1.2678571428571428,2.0,2.0,7.0,50.0,57.0,113.0,659.1165716006158
rq0_0142,Dorn,easyocr,66.0,66.0,0.0,0.0,8.43939393939394,8.43939393939394,43.0,143.0,3.664335664335664,5.316222062514915,52.0,29.0,7.211538461538462,12.0,57.0,22.0,0.0,0.0,0.0,0.9090909090909091,2.0,4.0,8.0,51.0,59.0,131.0,770.6262394664012
rq0_0143,Dorn,easyocr,20.0,20.0,0.0,0.0,24.35,24.35,50.0,77.0,6.246753246753247,3.7621345624785536,31.0,13.0,12.838709677419354,9.0,31.0,6.0,0.0,0.0,0.0,0.0,0.0,1.0,4.0,19.0,23.0,68.0,307.60221301187687
rq0_0144,Dorn,easyocr,23.0,23.0,0.0,0.0,11.782608695652174,11.782608695652174,47.0,44.0,6.068181818181818,4.795357051617442,19.0,17.0,11.578947368421053,4.0,15.0,6.0,0.0,0.0,0.0,0.08695652173913043,1.0,2.0,6.0,23.0,29.0,40.0,194.31923980510288
rq0_0145,Dorn,easyocr,13.0,13.0,0.0,0.0,7.153846153846154,7.153846153846154,24.0,23.0,3.8260869565217392,3.729446194905256,4.0,4.0,11.5,6.0,8.0,5.0,0.0,0.0,0.0,0.0,0.0,1.0,3.0,9.0,12.0,17.0,60.94436251225965
rq0_0146,Dorn,easyocr,141.0,141.0,0.0,0.014184397163120567,5.943262411347518,5.943262411347518,43.0,206.0,3.8592233009708736,6.846759261106039,130.0,96.0,4.969230769230769,6.0,28.0,42.0,0.0,0.0,0.0,0.0,0.0,3.0,6.0,133.0,139.0,200.0,1423.7882145447015
rq0_0147,Dorn,easyocr,19.0,19.0,0.0,0.05263157894736842,13.0,13.0,50.0,34.0,7.0,4.616874605956221,19.0,13.0,11.105263157894736,3.0,6.0,6.0,0.0,0.0,0.0,0.0,0.0,1.0,5.0,19.0,24.0,31.0,142.13383752235583
rq0_0148,Dorn,easyocr,150.0,150.0,0.0,0.0,10.593333333333334,10.593333333333334,53.0,69.0,24.666666666666668,5.006508514498346,33.0,23.0,10.484848484848484,5.0,20.0,11.0,0.0,0.0,0.0,0.0,0.0,1.0,5.0,34.0,39.0,64.0,338.2657420071839
rq0_0149,Dorn,easyocr,159.0,159.0,0.0,0.006289308176100629,6.459119496855346,6.459119496855346,43.0,247.0,3.9595141700404857,7.1195164343726605,135.0,105.0,5.37037037037037,20.0,41.0,51.0,0.0,0.0,0.0,0.2641509433962264,1.0,3.0,10.0,155.0,165.0,227.0,1672.1551426338003
rq0_0150,Dorn,easyocr,62.0,62.0,0.0,0.0,3.774193548387097,3.774193548387097,19.0,97.0,2.185567010309278,5.303104079900315,21.0,13.0,4.0476190476190474,11.0,40.0,25.0,0.0,0.0,0.0,2.032258064516129,5.0,7.0,14.0,36.0,50.0,86.0,485.3716323206263
rq0_0151,Dorn,easyocr,130.0,130.0,0.0,0.0,9.36923076923077,9.36923076923077,44.0,130.0,9.815384615384616,5.473200827450263,54.0,36.0,7.648148148148148,12.0,46.0,18.0,0.0,0.0,0.0,2.1384615384615384,5.0,2.0,6.0,54.0,60.0,118.0,697.0130902818053
rq0_0152,Dorn,easyocr,106.0,106.0,0.0,0.009433962264150943,9.49056603773585,9.49056603773585,38.0,259.0,3.637065637065637,6.025724681100842,94.0,57.0,7.0,22.0,102.0,41.0,0.0,0.0,0.0,1.679245283018868,3.0,4.0,10.0,94.0,104.0,237.0,1588.0042131994387
rq0_0153,Dorn,easyocr,23.0,23.0,0.0,0.043478260869565216,7.521739130434782,7.521739130434782,37.0,40.0,4.025,4.671928094887363,20.0,13.0,6.05,5.0,8.0,7.0,0.0,0.0,0.0,0.0,0.0,1.0,4.0,20.0,24.0,35.0,160.47368752524045
rq0_0154,Dorn,easyocr,13.0,13.0,0.0,0.0,9.692307692307692,9.692307692307692,32.0,32.0,3.71875,4.226409765557392,10.0,8.0,7.0,6.0,13.0,3.0,0.0,0.0,0.0,0.0,0.0,1.0,5.0,11.0,16.0,26.0,104.0
rq0_0155,Dorn,easyocr,51.0,51.0,0.0,0.0,8.686274509803921,8.686274509803921,43.0,110.0,3.8,5.0699769914712745,38.0,21.0,7.552631578947368,12.0,42.0,18.0,0.0,0.0,0.0,0.0,0.0,3.0,7.0,39.0,46.0,98.0,541.3090716935873
rq0_0156,Dorn,easyocr,13.0,13.0,0.0,0.0,12.538461538461538,12.538461538461538,28.0,40.0,3.75,4.393942707918269,14.0,11.0,7.785714285714286,4.0,17.0,5.0,0.0,0.0,0.0,0.0,0.0,2.0,6.0,16.0,22.0,36.0,160.5395382709427
rq0_0157,Dorn,easyocr,86.0,86.0,0.0,0.011627906976744186,11.744186046511627,11.744186046511627,53.0,154.0,6.441558441558442,5.787369202883784,65.0,40.0,8.784615384615385,25.0,39.0,25.0,0.0,0.0,0.0,0.0,0.0,2.0,6.0,65.0,71.0,129.0,793.317378416104
rq0_0158,Dorn,easyocr,18.0,18.0,0.0,0.0,7.944444444444445,7.944444444444445,43.0,25.0,5.72,4.163856189774725,7.0,7.0,5.571428571428571,1.0,10.0,7.0,0.0,0.0,0.0,0.7222222222222222,1.0,2.0,5.0,14.0,19.0,24.0,101.95026032264605
rq0_0159,Dorn,easyocr,125.0,125.0,0.0,0.0,11.784,11.784,55.0,268.0,5.298507462686567,6.235084917821788,110.0,63.0,10.163636363636364,22.0,87.0,49.0,0.0,0.0,0.0,1.368,2.0,1.0,8.0,112.0,120.0,246.0,1699.0950865196955
rq0_0160,Dorn,easyocr,23.0,23.0,0.0,0.043478260869565216,10.08695652173913,10.08695652173913,48.0,48.0,4.520833333333333,4.912782031835939,19.0,15.0,8.368421052631579,6.0,15.0,8.0,0.0,0.0,0.0,0.34782608695652173,1.0,1.0,6.0,23.0,29.0,42.0,204.035201795358
rq0_0161,Dorn,easyocr,127.0,127.0,0.0,0.0,7.771653543307087,7.771653543307087,53.0,238.0,3.9747899159663866,6.151289136671522,107.0,52.0,5.710280373831775,12.0,75.0,44.0,0.0,0.0,0.0,0.0,0.0,4.0,12.0,93.0,105.0,226.0,1517.4194869925436
rq0_0162,Dorn,easyocr,18.0,18.0,0.0,0.05555555555555555,16.72222222222222,16.72222222222222,56.0,56.0,5.125,4.409073448418351,27.0,17.0,8.185185185185185,6.0,17.0,6.0,0.0,0.0,0.0,0.0,0.0,1.0,3.0,23.0,26.0,50.0,235.02198590705459
rq0_0163,Dorn,easyocr,94.0,94.0,0.0,0.0,9.382978723404255,9.382978723404255,41.0,179.0,4.798882681564246,5.745118954171776,69.0,41.0,9.652173913043478,14.0,61.0,35.0,0.0,0.0,0.0,0.776595744680851,1.0,7.0,6.0,76.0,82.0,165.0,1048.9960807619839
rq0_0164,Dorn,easyocr,17.0,17.0,0.0,0.0,13.764705882352942,13.764705882352942,56.0,40.0,5.625,4.765311532225103,17.0,16.0,11.0,3.0,14.0,6.0,0.0,0.0,0.0,0.0,0.0,1.0,6.0,22.0,28.0,37.0,177.87213211613133
rq0_0165,Dorn,easyocr,14.0,14.0,0.0,0.0,11.928571428571429,11.928571428571429,52.0,34.0,4.647058823529412,4.499227547132692,12.0,10.0,8.833333333333334,6.0,10.0,6.0,0.0,0.0,0.0,0.0,0.0,1.0,4.0,16.0,20.0,28.0,121.01398665684616
rq0_0166,Dorn,easyocr,54.0,54.0,0.0,0.0,15.481481481481481,15.481481481481481,59.0,181.0,4.298342541436464,4.633190768194056,56.0,35.0,10.964285714285714,7.0,95.0,23.0,0.0,0.0,0.0,0.0,0.0,2.0,5.0,56.0,61.0,174.0,1031.9482967359422
rq0_0167,Dorn,easyocr,192.0,192.0,0.0,0.010416666666666666,7.036458333333333,7.036458333333333,35.0,301.0,4.179401993355482,6.471354407095386,189.0,78.0,5.243386243386244,35.0,33.0,44.0,0.0,0.0,0.0,0.0,0.0,9.0,9.0,122.0,131.0,266.0,1870.8905184089617
rq0_0168,Dorn,easyocr,16.0,16.0,0.0,0.0,9.1875,9.1875,35.0,40.0,3.35,4.118453957701922,13.0,9.0,6.769230769230769,3.0,18.0,6.0,0.0,0.0,0.0,0.625,1.0,2.0,5.0,15.0,20.0,37.0,159.91133951083242
rq0_0169,Dorn,easyocr,78.0,78.0,0.0,0.0,10.371794871794872,10.371794871794872,40.0,67.0,12.492537313432836,5.256168854540005,32.0,24.0,9.5625,2.0,18.0,15.0,0.0,0.0,0.0,0.0,0.0,2.0,5.0,39.0,44.0,65.0,354.86305521142435
rq0_0170,Dorn,easyocr,66.0,66.0,0.0,0.0,11.606060606060606,11.606060606060606,49.0,147.0,5.0476190476190474,5.673823404213486,53.0,33.0,11.471698113207546,7.0,55.0,32.0,0.0,0.0,0.0,1.0757575757575757,3.0,4.0,10.0,62.0,72.0,140.0,863.7895002019237
rq0_0171,Dorn,easyocr,118.0,118.0,0.0,0.0,8.330508474576272,8.330508474576272,45.0,249.0,3.7670682730923697,5.620480527261606,108.0,34.0,6.175925925925926,26.0,73.0,42.0,0.0,0.0,0.0,1.9661016949152543,5.0,4.0,7.0,73.0,80.0,223.0,1409.7899651598818
rq0_0172,Dorn,easyocr,23.0,23.0,0.0,0.043478260869565216,6.434782608695652,6.434782608695652,23.0,28.0,5.071428571428571,4.351823225551766,11.0,11.0,7.636363636363637,10.0,2.0,5.0,0.0,0.0,0.0,0.0,0.0,1.0,1.0,16.0,17.0,18.0,73.57433114250611
rq0_0173,Dorn,easyocr,148.0,148.0,0.0,0.006756756756756757,6.716216216216216,6.716216216216216,49.0,263.0,3.596958174904943,6.944976176200585,160.0,109.0,4.90625,5.0,57.0,41.0,0.0,0.0,0.0,0.0,0.0,4.0,11.0,149.0,160.0,258.0,1889.0574484809395
rq0_0174,Dorn,easyocr,15.0,15.0,0.0,0.0,18.466666666666665,18.466666666666665,46.0,30.0,8.933333333333334,4.123231428797621,14.0,9.0,16.5,4.0,7.0,5.0,0.0,0.0,0.0,0.0,0.0,1.0,3.0,14.0,17.0,26.0,106.27403387250882
rq0_0175,Dorn,easyocr,22.0,22.0,0.0,0.0,12.681818181818182,12.681818181818182,40.0,69.0,3.7246376811594204,4.694500813078214,28.0,19.0,6.714285714285714,3.0,31.0,7.0,0.0,0.0,0.0,0.0,0.0,1.0,8.0,26.0,34.0,66.0,335.77254752252236
rq0_0176,Dorn,easyocr,101.0,101.0,0.0,0.0,11.554455445544555,11.554455445544555,53.0,206.0,5.5,5.3048703645064235,79.0,36.0,9.772151898734178,6.0,84.0,37.0,0.0,0.0,0.0,0.3069306930693069,1.0,3.0,6.0,73.0,79.0,200.0,1260.7561496354206
rq0_0177,Dorn,easyocr,187.0,187.0,0.0,0.0106951871657754,8.417112299465241,8.417112299465241,58.0,332.0,4.478915662650603,7.154364988504602,178.0,125.0,6.584269662921348,21.0,68.0,65.0,0.0,0.0,0.0,0.0,0.0,3.0,9.0,189.0,198.0,311.0,2372.7299088447585
rq0_0178,Dorn,easyocr,123.0,123.0,0.0,0.0,5.983739837398374,5.983739837398374,24.0,156.0,4.519230769230769,5.819374556282726,80.0,28.0,6.975,9.0,26.0,41.0,0.0,0.0,0.0,0.0,0.0,1.0,8.0,66.0,74.0,147.0,912.7896447474557
rq0_0179,Dorn,easyocr,64.0,64.0,0.0,0.0,8.5,8.5,52.0,141.0,3.673758865248227,5.431679012324505,55.0,35.0,7.1454545454545455,8.0,58.0,20.0,0.0,0.0,0.0,0.921875,2.0,4.0,9.0,55.0,64.0,133.0,798.0
rq0_0180,Dorn,easyocr,67.0,67.0,0.0,0.0,14.149253731343284,14.149253731343284,56.0,77.0,12.441558441558442,4.998621079763154,30.0,16.0,15.3,5.0,25.0,17.0,0.0,0.0,0.0,0.3880597014925373,2.0,3.0,6.0,33.0,39.0,72.0,380.5489597580819
rq0_0181,Dorn,easyocr,19.0,19.0,0.0,0.05263157894736842,12.68421052631579,12.68421052631579,45.0,53.0,4.226415094339623,4.697181011486017,20.0,15.0,8.15,6.0,20.0,7.0,0.0,0.0,0.0,0.0,0.0,1.0,5.0,22.0,27.0,47.0,223.47971260168302
rq0_0182,Dorn,easyocr,30.0,30.0,0.0,0.0,11.233333333333333,11.233333333333333,31.0,80.0,4.1625,3.770313765269135,40.0,15.0,6.325,8.0,28.0,4.0,0.0,0.0,0.0,0.0,0.0,1.0,3.0,19.0,22.0,72.0,321.0790765418854
rq0_0183,Dorn,easyocr,118.0,118.0,0.0,0.0,11.076271186440678,11.076271186440678,54.0,285.0,4.392982456140351,5.935629028287922,119.0,62.0,8.067226890756302,20.0,107.0,39.0,0.0,0.0,0.0,0.4915254237288136,1.0,4.0,11.0,100.0,111.0,265.0,1800.5202045827782
rq0_0184,Dorn,easyocr,14.0,14.0,0.0,0.0,7.928571428571429,7.928571428571429,39.0,27.0,3.888888888888889,4.106377316818026,7.0,5.0,9.857142857142858,4.0,10.0,6.0,0.0,0.0,0.0,0.7142857142857143,2.0,1.0,4.0,11.0,15.0,23.0,89.85848369899593
rq0_0185,Dorn,easyocr,33.0,33.0,0.0,0.0,12.515151515151516,12.515151515151516,56.0,85.0,4.705882352941177,5.07906850767154,42.0,27.0,7.619047619047619,10.0,27.0,6.0,0.0,0.0,0.0,0.0,0.0,1.0,7.0,33.0,40.0,75.0,399.1446071165522
rq0_0186,Dorn,easyocr,84.0,84.0,0.0,0.023809523809523808,7.571428571428571,7.571428571428571,44.0,157.0,3.7770700636942673,6.303970138525079,78.0,54.0,5.67948717948718,11.0,40.0,28.0,0.0,0.0,0.0,0.8452380952380952,1.0,4.0,14.0,81.0,95.0,146.0,959.1989188163184
rq0_0187,Dorn,easyocr,13.0,13.0,0.0,0.0,8.23076923076923,8.23076923076923,51.0,29.0,3.5172413793103448,4.237291339955158,6.0,6.0,7.5,4.0,12.0,7.0,0.0,0.0,0.0,0.8461538461538461,1.0,3.0,5.0,13.0,18.0,25.0,104.2481250360578
rq0_0188,Dorn,easyocr,127.0,127.0,0.0,0.015748031496062992,7.834645669291339,7.834645669291339,44.0,198.0,4.777777777777778,6.337323919050177,115.0,57.0,6.747826086956522,15.0,32.0,36.0,0.0,0.0,0.0,1.125984251968504,2.0,2.0,7.0,93.0,100.0,183.0,1215.8256827287746
rq0_0189,Scalabrino,easyocr,41.0,41.0,0.0,0.0,6.609756097560975,6.609756097560975,22.0,72.0,3.5416666666666665,5.176511287062723,31.0,23.0,5.516129032258065,11.0,23.0,7.0,0.0,0.0,0.0,0.0,0.0,1.0,7.0,30.0,37.0,61.0,317.77665530336594
rq0_0190,Scalabrino,easyocr,120.0,120.0,0.0,0.0,8.175,8.175,55.0,169.0,5.810650887573964,5.87709900336347,64.0,41.0,6.578125,15.0,64.0,26.0,0.0,0.0,0.0,2.441666666666667,4.0,6.0,13.0,67.0,80.0,154.0,973.5769266126539
rq0_0191,Scalabrino,easyocr,132.0,132.0,0.0,0.0,11.462121212121213,11.462121212121213,42.0,292.0,5.051369863013699,5.548495047610851,133.0,62.0,8.977443609022556,29.0,92.0,38.0,0.0,0.0,0.0,0.0,0.0,3.0,7.0,100.0,107.0,263.0,1773.0058174235019
rq0_0192,Scalabrino,easyocr,46.0,46.0,0.0,0.0,6.869565217391305,6.869565217391305,33.0,61.0,4.983606557377049,5.39377196867496,40.0,30.0,6.8,1.0,6.0,14.0,0.0,0.0,0.0,0.0,0.0,1.0,3.0,44.0,47.0,60.0,333.27533110065826
rq0_0193,Scalabrino,easyocr,66.0,66.0,0.0,0.030303030303030304,12.530303030303031,12.530303030303031,53.0,126.0,6.388888888888889,5.4924332974049275,57.0,36.0,12.035087719298245,8.0,39.0,22.0,0.0,0.0,0.0,0.0,0.0,1.0,7.0,58.0,65.0,118.0,710.6394019373577
rq0_0194,Scalabrino,easyocr,35.0,35.0,0.0,0.0,4.828571428571428,4.828571428571428,27.0,43.0,4.023255813953488,4.972549056927053,19.0,17.0,4.052631578947368,6.0,12.0,6.0,0.0,0.0,0.0,2.2285714285714286,4.0,2.0,6.0,23.0,29.0,37.0,179.74529681972015
rq0_0195,Scalabrino,easyocr,111.0,111.0,0.0,0.0,6.783783783783784,6.783783783783784,33.0,159.0,4.660377358490566,5.7936069335696505,75.0,45.0,5.613333333333333,10.0,49.0,25.0,0.0,0.0,0.0,1.5405405405405406,4.0,5.0,6.0,70.0,76.0,149.0,930.9411995030941
rq0_0196,Scalabrino,easyocr,69.0,69.0,0.0,0.0,9.53623188405797,9.53623188405797,46.0,198.0,3.0656565656565657,5.195269749339625,71.0,41.0,5.859154929577465,11.0,88.0,28.0,0.0,0.0,0.0,1.318840579710145,3.0,8.0,6.0,69.0,75.0,187.0,1164.7890951227296
rq0_0197,Scalabrino,easyocr,110.0,110.0,0.0,0.0,6.590909090909091,6.590909090909091,38.0,181.0,3.81767955801105,6.382623978121696,89.0,63.0,6.168539325842697,12.0,50.0,30.0,0.0,0.0,0.0,1.2818181818181817,3.0,4.0,11.0,88.0,99.0,169.0,1120.361268793454
rq0_0198,Scalabrino,easyocr,69.0,69.0,0.0,0.0,7.826086956521739,7.826086956521739,48.0,147.0,3.45578231292517,5.240148890966407,58.0,30.0,6.5,11.0,58.0,20.0,0.0,0.0,0.0,1.3043478260869565,2.0,5.0,7.0,50.0,57.0,136.0,793.2730419264049
rq0_0199,Scalabrino,easyocr,37.0,37.0,0.0,0.0,11.405405405405405,11.405405405405405,47.0,105.0,3.780952380952381,4.920663295313558,42.0,34.0,7.666666666666667,4.0,50.0,9.0,0.0,0.0,0.0,1.2702702702702702,2.0,3.0,8.0,40.0,48.0,101.0,564.0812125728368
rq0_0200,Scalabrino,easyocr,101.0,101.0,0.0,0.0,9.594059405940595,9.594059405940595,48.0,208.0,4.418269230769231,6.170109278010006,93.0,67.0,7.913978494623656,13.0,72.0,30.0,0.0,0.0,0.0,0.6237623762376238,1.0,4.0,11.0,97.0,108.0,195.0,1317.2030629218764
rq0_0201,Scalabrino,easyocr,120.0,120.0,0.0,0.0,7.866666666666666,7.866666666666666,46.0,197.0,4.695431472081219,5.958026430378838,77.0,51.0,7.636363636363637,18.0,72.0,30.0,0.0,0.0,0.0,1.1583333333333334,2.0,6.0,12.0,80.0,92.0,179.0,1167.7175901342052
rq0_0202,Scalabrino,easyocr,113.0,113.0,0.0,0.0,7.601769911504425,7.601769911504425,40.0,214.0,3.869158878504673,5.6563641359588885,63.0,33.0,6.809523809523809,18.0,91.0,42.0,0.0,0.0,0.0,3.327433628318584,5.0,7.0,12.0,68.0,80.0,196.0,1239.0979065979232
rq0_0203,Scalabrino,easyocr,67.0,67.0,0.0,0.0,6.731343283582089,6.731343283582089,40.0,109.0,3.944954128440367,4.609705165896088,57.0,26.0,6.280701754385965,4.0,39.0,9.0,0.0,0.0,0.0,0.9402985074626866,1.0,1.0,7.0,34.0,41.0,105.0,562.5429604848988
rq0_0204,Scalabrino,easyocr,177.0,177.0,0.0,0.0,9.655367231638419,9.655367231638419,29.0,120.0,14.933333333333334,5.186388427981005,47.0,28.0,10.46808510638298,9.0,38.0,26.0,0.0,0.0,0.0,0.0,0.0,1.0,4.0,53.0,57.0,111.0,647.4507915722863
rq0_0205,Scalabrino,easyocr,19.0,19.0,0.0,0.0,16.0,16.0,42.0,47.0,6.0,3.7873835319763263,11.0,10.0,21.272727272727273,2.0,26.0,8.0,0.0,0.0,0.0,0.0,0.0,1.0,3.0,18.0,21.0,45.0,197.65428402504423
rq0_0206,Scalabrino,easyocr,125.0,125.0,0.0,0.0,8.76,8.76,36.0,70.0,16.7,5.24536440293172,28.0,23.0,10.107142857142858,3.0,22.0,17.0,0.0,0.0,0.0,0.0,0.0,1.0,5.0,40.0,45.0,67.0,367.9541574540882
rq0_0207,Scalabrino,easyocr,70.0,70.0,0.0,0.0,10.142857142857142,10.142857142857142,29.0,109.0,6.440366972477064,5.031612790628039,33.0,24.0,11.090909090909092,7.0,44.0,25.0,0.0,0.0,0.0,0.0,0.0,1.0,6.0,41.0,47.0,102.0,566.5680628711191
rq0_0208,Scalabrino,easyocr,94.0,94.0,0.0,0.0,7.617021276595745,7.617021276595745,56.0,106.0,6.886792452830188,5.737961049190109,38.0,28.0,8.31578947368421,13.0,31.0,24.0,0.0,0.0,0.0,1.851063829787234,3.0,5.0,8.0,50.0,58.0,93.0,544.7922325468642
rq0_0209,Scalabrino,easyocr,85.0,85.0,0.0,0.0,8.764705882352942,8.764705882352942,27.0,80.0,9.6,4.842171339792316,36.0,21.0,8.61111111111111,2.0,24.0,18.0,0.0,0.0,0.0,0.0,0.0,1.0,4.0,39.0,43.0,78.0,423.2486508667636
rq0_0210,Scalabrino,easyocr,173.0,173.0,0.0,0.0,6.953757225433526,6.953757225433526,57.0,191.0,6.356020942408377,6.127796575750469,100.0,52.0,6.14,16.0,43.0,32.0,0.0,0.0,0.0,0.4277456647398844,1.0,8.0,8.0,82.0,90.0,175.0,1136.0742918576932
rq0_0211,Scalabrino,easyocr,114.0,114.0,0.0,0.0,12.210526315789474,12.210526315789474,52.0,220.0,6.15,5.974585753430135,101.0,65.0,11.574257425742575,11.0,77.0,31.0,0.0,0.0,0.0,1.2456140350877194,3.0,4.0,8.0,95.0,103.0,209.0,1397.4786101812927
rq0_0212,Scalabrino,easyocr,75.0,75.0,0.0,0.0,10.626666666666667,10.626666666666667,52.0,154.0,4.9480519480519485,5.958303980444348,78.0,56.0,8.038461538461538,12.0,44.0,20.0,0.0,0.0,0.0,0.8133333333333334,2.0,4.0,9.0,76.0,85.0,142.0,910.1335129315537
rq0_0213,Scalabrino,easyocr,82.0,82.0,0.0,0.0,9.804878048780488,9.804878048780488,39.0,142.0,5.443661971830986,5.527327068021094,62.0,35.0,10.451612903225806,9.0,45.0,26.0,0.0,0.0,0.0,1.4634146341463414,2.0,5.0,7.0,61.0,68.0,133.0,809.6325578862951
rq0_0214,Scalabrino,easyocr,143.0,143.0,0.0,0.0,10.027972027972028,10.027972027972028,41.0,179.0,8.11731843575419,5.91306321408484,85.0,50.0,8.329411764705883,11.0,57.0,26.0,0.0,0.0,0.0,0.32867132867132864,1.0,4.0,9.0,76.0,85.0,168.0,1076.7776772711338
rq0_0215,Scalabrino,easyocr,82.0,82.0,0.0,0.0,8.768292682926829,8.768292682926829,56.0,139.0,4.884892086330935,6.14293565601309,77.0,55.0,6.857142857142857,15.0,29.0,18.0,0.0,0.0,0.0,0.5,2.0,5.0,8.0,73.0,81.0,124.0,786.1414003576934
rq0_0216,Scalabrino,easyocr,84.0,84.0,0.0,0.0,8.726190476190476,8.726190476190476,49.0,151.0,4.662251655629139,5.955750664134671,63.0,41.0,8.46031746031746,16.0,50.0,22.0,0.0,0.0,0.0,0.4880952380952381,2.0,4.0,12.0,63.0,75.0,135.0,840.8905232169438
rq0_0217,Scalabrino,easyocr,141.0,141.0,0.0,0.0070921985815602835,9.48936170212766,9.48936170212766,44.0,302.0,4.208609271523179,6.2188520358940265,124.0,65.0,8.064516129032258,18.0,110.0,50.0,0.0,0.0,0.0,0.9078014184397163,2.0,6.0,14.0,105.0,119.0,284.0,1958.128244779456
rq0_0218,Scalabrino,easyocr,57.0,57.0,0.0,0.0,9.087719298245615,9.087719298245615,47.0,153.0,3.176470588235294,4.691722725728635,65.0,28.0,5.569230769230769,8.0,71.0,9.0,0.0,0.0,0.0,0.8070175438596491,1.0,3.0,8.0,37.0,45.0,145.0,796.3186989678028
rq0_0219,Scalabrino,easyocr,60.0,60.0,0.0,0.0,8.683333333333334,8.683333333333334,35.0,126.0,3.8492063492063493,5.556601985474999,51.0,35.0,6.8431372549019605,12.0,44.0,19.0,0.0,0.0,0.0,0.3333333333333333,1.0,3.0,10.0,53.0,63.0,114.0,681.4099112789905
rq0_0220,Scalabrino,easyocr,73.0,73.0,0.0,0.0,10.821917808219178,10.821917808219178,48.0,148.0,5.195945945945946,5.363086348117936,71.0,41.0,8.915492957746478,14.0,44.0,19.0,0.0,0.0,0.0,0.726027397260274,1.0,2.0,7.0,60.0,67.0,134.0,812.8559515213415
rq0_0221,Scalabrino,easyocr,40.0,40.0,0.0,0.0,7.05,7.05,26.0,78.0,3.3974358974358974,5.246484751687154,32.0,23.0,4.84375,15.0,24.0,7.0,0.0,0.0,0.0,0.125,1.0,5.0,10.0,30.0,40.0,63.0,335.28146997790384
rq0_0222,Scalabrino,easyocr,105.0,105.0,0.0,0.0,6.59047619047619,6.59047619047619,57.0,208.0,3.125,5.7632330775605185,69.0,41.0,5.72463768115942,28.0,81.0,30.0,0.0,0.0,0.0,1.3238095238095238,4.0,11.0,13.0,70.0,83.0,180.0,1147.5070976424465
rq0_0223,Scalabrino,easyocr,149.0,149.0,0.0,0.0,7.194630872483222,7.194630872483222,50.0,190.0,5.689473684210526,5.851343414031092,81.0,41.0,6.333333333333333,18.0,54.0,37.0,0.0,0.0,0.0,0.3691275167785235,1.0,8.0,8.0,72.0,80.0,172.0,1087.3716323206263
rq0_0224,Scalabrino,easyocr,101.0,101.0,0.0,0.0,6.306930693069307,6.306930693069307,34.0,183.0,3.289617486338798,5.904602346200866,82.0,44.0,4.7317073170731705,26.0,49.0,26.0,0.0,0.0,0.0,0.9603960396039604,2.0,9.0,10.0,70.0,80.0,157.0,992.5427108973159
rq0_0225,Scalabrino,easyocr,120.0,120.0,0.0,0.0,10.141666666666667,10.141666666666667,48.0,234.0,4.9914529914529915,5.510724508764652,92.0,46.0,10.097826086956522,17.0,84.0,41.0,0.0,0.0,0.0,1.4833333333333334,4.0,10.0,7.0,83.0,90.0,217.0,1408.7321219035393
rq0_0226,Scalabrino,easyocr,140.0,140.0,0.0,0.0,6.228571428571429,6.228571428571429,40.0,243.0,3.382716049382716,6.446989382158809,132.0,81.0,4.8106060606060606,15.0,61.0,35.0,0.0,0.0,0.0,0.4785714285714286,1.0,6.0,10.0,113.0,123.0,228.0,1582.8933072173468
rq0_0227,Scalabrino,easyocr,67.0,67.0,0.0,0.0,11.985074626865671,11.985074626865671,33.0,183.0,4.174863387978142,4.632248569269032,79.0,27.0,7.670886075949367,16.0,70.0,18.0,0.0,0.0,0.0,0.835820895522388,1.0,2.0,5.0,45.0,50.0,167.0,942.5239836923789
rq0_0228,Scalabrino,easyocr,78.0,78.0,0.0,0.0,8.217948717948717,8.217948717948717,43.0,178.0,3.3707865168539324,5.543955846181521,62.0,39.0,6.67741935483871,12.0,78.0,26.0,0.0,0.0,0.0,1.6538461538461537,3.0,5.0,9.0,62.0,71.0,166.0,1020.8580218377773
rq0_0229,Scalabrino,easyocr,57.0,57.0,0.0,0.0,9.719298245614034,9.719298245614034,60.0,122.0,4.30327868852459,5.286235776226077,48.0,32.0,8.5,8.0,48.0,18.0,0.0,0.0,0.0,1.3508771929824561,2.0,4.0,10.0,49.0,59.0,114.0,670.62130762725
rq0_0230,Scalabrino,easyocr,92.0,92.0,0.0,0.0,6.239130434782608,6.239130434782608,27.0,163.0,3.374233128834356,5.661114529389465,66.0,33.0,5.954545454545454,14.0,56.0,27.0,0.0,0.0,0.0,1.9782608695652173,5.0,7.0,10.0,59.0,69.0,149.0,910.1701440599472
rq0_0231,Scalabrino,easyocr,75.0,75.0,0.0,0.0,8.88,8.88,62.0,159.0,4.0,5.887066593115621,66.0,45.0,7.257575757575758,14.0,57.0,22.0,0.0,0.0,0.0,0.76,2.0,4.0,13.0,65.0,78.0,145.0,911.383321735026
rq0_0232,Scalabrino,easyocr,78.0,78.0,0.0,0.0,8.179487179487179,8.179487179487179,39.0,160.0,3.78125,5.36351860565924,50.0,32.0,8.9,12.0,69.0,29.0,0.0,0.0,0.0,2.2948717948717947,3.0,7.0,8.0,58.0,66.0,148.0,894.5703296650511
rq0_0233,Scalabrino,easyocr,127.0,127.0,0.0,0.0,7.74015748031496,7.74015748031496,48.0,266.0,3.4849624060150375,6.034104734864744,112.0,63.0,6.294642857142857,15.0,99.0,40.0,0.0,0.0,0.0,3.1338582677165356,5.0,7.0,12.0,94.0,106.0,251.0,1688.7080340953628
rq0_0234,Scalabrino,easyocr,56.0,56.0,0.0,0.0,11.196428571428571,11.196428571428571,45.0,125.0,4.808,5.954644730800906,64.0,55.0,7.890625,8.0,41.0,12.0,0.0,0.0,0.0,0.6428571428571429,2.0,3.0,10.0,67.0,77.0,117.0,733.2140252613034
rq0_0235,Scalabrino,easyocr,96.0,96.0,0.0,0.0,9.260416666666666,9.260416666666666,48.0,214.0,3.925233644859813,5.489876928802791,84.0,43.0,7.071428571428571,25.0,81.0,24.0,0.0,0.0,0.0,1.9895833333333333,3.0,7.0,9.0,65.0,74.0,189.0,1173.5866861038717
rq0_0236,Scalabrino,easyocr,26.0,26.0,0.0,0.0,13.23076923076923,13.23076923076923,64.0,49.0,6.673469387755102,5.272773364479219,25.0,21.0,11.4,4.0,10.0,10.0,0.0,0.0,0.0,0.0,0.0,1.0,7.0,30.0,37.0,45.0,234.42540145330275
rq0_0237,Scalabrino,easyocr,164.0,164.0,0.0,0.0,7.969512195121951,7.969512195121951,37.0,379.0,3.3034300791556728,5.821600051460387,132.0,53.0,6.757575757575758,19.0,158.0,70.0,0.0,0.0,0.0,1.8841463414634145,2.0,3.0,13.0,105.0,118.0,360.0,2477.751497770263
rq0_0238,Scalabrino,easyocr,159.0,159.0,0.0,0.0,8.452830188679245,8.452830188679245,62.0,293.0,4.279863481228669,4.864003510682058,115.0,16.0,8.295652173913043,25.0,126.0,27.0,0.006289308176100629,1.0,0.07905537792438071,1.069182389937107,4.0,1.0,8.0,43.0,51.0,268.0,1520.2099916483608
rq0_0239,Scalabrino,easyocr,52.0,52.0,0.0,0.0,5.884615384615385,5.884615384615385,31.0,95.0,3.0736842105263156,4.7881884402658805,35.0,13.0,4.885714285714286,15.0,31.0,14.0,0.0,0.0,0.0,0.9423076923076923,1.0,6.0,8.0,22.0,30.0,80.0,392.5512476486815
rq0_0240,Scalabrino,easyocr,106.0,106.0,0.0,0.0,7.037735849056604,7.037735849056604,41.0,161.0,4.633540372670807,5.155002809202913,56.0,29.0,5.178571428571429,8.0,69.0,28.0,0.0,0.0,0.0,3.2547169811320753,4.0,6.0,8.0,55.0,63.0,153.0,914.5238282954873
rq0_0241,Scalabrino,easyocr,98.0,98.0,0.0,0.0,7.540816326530612,7.540816326530612,38.0,181.0,3.845303867403315,5.7938388476874225,90.0,59.0,6.155555555555556,13.0,60.0,18.0,0.0,0.0,0.0,1.2551020408163265,2.0,4.0,8.0,76.0,84.0,168.0,1073.9093270268318
rq0_0242,Scalabrino,easyocr,49.0,49.0,0.0,0.0,10.73469387755102,10.73469387755102,28.0,58.0,9.189655172413794,4.458648935494294,22.0,14.0,8.954545454545455,6.0,23.0,7.0,0.0,0.0,0.0,0.9591836734693877,1.0,1.0,7.0,21.0,28.0,52.0,249.9824559469954
rq0_0243,Scalabrino,easyocr,56.0,56.0,0.0,0.0,9.589285714285714,9.589285714285714,38.0,37.0,15.243243243243244,4.409192812265793,11.0,7.0,9.090909090909092,3.0,17.0,6.0,0.0,0.0,0.0,0.9642857142857143,1.0,1.0,9.0,13.0,22.0,34.0,151.6206750336681
rq0_0244,Scalabrino,easyocr,28.0,28.0,0.0,0.0,9.035714285714286,9.035714285714286,56.0,55.0,4.290909090909091,5.004467787102831,28.0,23.0,7.178571428571429,3.0,15.0,9.0,0.0,0.0,0.0,0.0,0.0,3.0,6.0,30.0,36.0,52.0,268.8361000750002
rq0_0245,Scalabrino,easyocr,139.0,139.0,0.0,0.007194244604316547,9.97841726618705,9.97841726618705,53.0,232.0,5.818965517241379,6.2041458221234205,123.0,81.0,8.333333333333334,5.0,72.0,32.0,0.0,0.0,0.0,1.3381294964028776,2.0,3.0,10.0,111.0,121.0,227.0,1570.581954861333
rq0_0246,Scalabrino,easyocr,29.0,29.0,0.0,0.0,12.586206896551724,12.586206896551724,46.0,54.0,6.5,4.884155094595804,34.0,23.0,9.176470588235293,4.0,9.0,7.0,0.0,0.0,0.0,0.0,0.0,1.0,3.0,30.0,33.0,50.0,252.21970596792266
rq0_0247,Scalabrino,easyocr,46.0,46.0,0.0,0.0,7.217391304347826,7.217391304347826,30.0,92.0,3.4456521739130435,4.837337130544963,32.0,14.0,6.21875,14.0,31.0,15.0,0.0,0.0,0.0,0.9347826086956522,1.0,5.0,8.0,23.0,31.0,78.0,386.42731221017624
rq0_0248,Scalabrino,easyocr,41.0,41.0,0.0,0.0,6.609756097560975,6.609756097560975,22.0,72.0,3.5416666666666665,5.176511287062723,31.0,23.0,5.516129032258065,11.0,23.0,7.0,0.0,0.0,0.0,0.0,0.0,1.0,7.0,30.0,37.0,61.0,317.77665530336594
rq0_0249,Scalabrino,easyocr,257.0,257.0,0.0,0.0,6.093385214007782,6.093385214007782,38.0,539.0,2.831168831168831,5.777585645542302,228.0,73.0,4.285087719298246,60.0,197.0,54.0,0.0,0.0,0.0,0.0,0.0,6.0,14.0,111.0,125.0,479.0,3336.6106723531398
rq0_0250,Scalabrino,easyocr,102.0,102.0,0.0,0.0,7.205882352941177,7.205882352941177,29.0,142.0,5.119718309859155,5.236023148919556,54.0,30.0,5.962962962962963,7.0,50.0,31.0,0.0,0.0,0.0,0.0,0.0,1.0,6.0,51.0,57.0,135.0,787.44015191224
rq0_0251,Scalabrino,easyocr,153.0,153.0,0.0,0.0,10.117647058823529,10.117647058823529,48.0,317.0,4.662460567823344,6.362527983966688,150.0,84.0,7.933333333333334,15.0,108.0,44.0,0.0,0.0,0.0,1.0392156862745099,2.0,6.0,14.0,124.0,138.0,302.0,2146.774385947007
rq0_0252,Scalabrino,easyocr,25.0,25.0,0.0,0.0,8.92,8.92,63.0,55.0,3.7454545454545456,4.860068177832712,20.0,16.0,7.7,5.0,22.0,8.0,0.0,0.0,0.0,0.8,2.0,3.0,8.0,24.0,32.0,50.0,250.0
rq0_0253,Scalabrino,easyocr,82.0,82.0,0.0,0.0,10.341463414634147,10.341463414634147,40.0,152.0,5.473684210526316,5.383238953832817,55.0,44.0,8.654545454545454,9.0,65.0,23.0,0.0,0.0,0.0,2.268292682926829,3.0,1.0,6.0,66.0,72.0,143.0,882.2992752062506
rq0_0254,Scalabrino,easyocr,164.0,164.0,0.0,0.0,9.896341463414634,9.896341463414634,48.0,271.0,5.7749077490774905,6.717239460928913,154.0,101.0,8.75974025974026,16.0,63.0,38.0,0.0,0.0,0.0,1.2560975609756098,2.0,4.0,7.0,139.0,146.0,255.0,1833.4052625144045
rq0_0255,Scalabrino,easyocr,66.0,66.0,0.0,0.0,10.454545454545455,10.454545454545455,57.0,132.0,4.946969696969697,5.962752067851701,68.0,58.0,8.308823529411764,4.0,41.0,19.0,0.0,0.0,0.0,0.7727272727272727,1.0,3.0,8.0,76.0,84.0,128.0,818.2166301156814
rq0_0256,Scalabrino,easyocr,43.0,43.0,0.0,0.0,10.488372093023257,10.488372093023257,51.0,97.0,4.298969072164948,5.387305533498657,42.0,30.0,7.476190476190476,11.0,34.0,10.0,0.0,0.0,0.0,0.0,0.0,2.0,9.0,39.0,48.0,86.0,480.3067750620194
rq0_0257,Scalabrino,easyocr,35.0,35.0,0.0,0.0,12.485714285714286,12.485714285714286,58.0,73.0,5.808219178082192,5.016554141184886,29.0,21.0,12.655172413793103,4.0,30.0,10.0,0.0,0.0,0.0,0.6571428571428571,1.0,2.0,9.0,29.0,38.0,69.0,362.1069984276074
rq0_0258,Scalabrino,easyocr,153.0,153.0,0.0,0.0,7.477124183006536,7.477124183006536,34.0,253.0,4.304347826086956,6.533942526522061,119.0,77.0,7.294117647058823,18.0,78.0,38.0,0.0,0.0,0.0,1.0065359477124183,4.0,6.0,14.0,109.0,123.0,235.0,1631.4909087547214
rq0_0259,Scalabrino,easyocr,167.0,167.0,0.0,0.0,8.778443113772456,8.778443113772456,61.0,295.0,4.698305084745763,6.3330577722251915,143.0,97.0,7.986013986013986,21.0,87.0,44.0,0.0,0.0,0.0,1.9221556886227544,3.0,10.0,9.0,132.0,141.0,274.0,1956.2370705572694
rq0_0260,Scalabrino,easyocr,202.0,202.0,0.0,0.0,9.648514851485148,9.648514851485148,64.0,214.0,9.341121495327103,5.862220488902565,91.0,49.0,8.351648351648352,23.0,71.0,29.0,0.0,0.0,0.0,0.034653465346534656,1.0,5.0,11.0,77.0,88.0,191.0,1233.7514391597238
rq0_0261,Scalabrino,easyocr,147.0,147.0,0.0,0.0,9.149659863945578,9.149659863945578,32.0,232.0,5.724137931034483,5.741605370362502,100.0,68.0,8.22,12.0,97.0,23.0,0.0,0.0,0.0,2.142857142857143,3.0,4.0,10.0,90.0,100.0,220.0,1461.6483617504393
rq0_0262,Scalabrino,easyocr,144.0,144.0,0.0,0.0,8.45138888888889,8.45138888888889,53.0,268.0,4.291044776119403,6.7658681877813445,134.0,104.0,6.955223880597015,14.0,77.0,43.0,0.0,0.0,0.0,1.125,2.0,4.0,14.0,142.0,156.0,254.0,1850.4921635910111
rq0_0263,Scalabrino,easyocr,76.0,76.0,0.0,0.0,12.210526315789474,12.210526315789474,52.0,177.0,5.011299435028248,5.512203219648132,68.0,50.0,10.132352941176471,12.0,72.0,25.0,0.0,0.0,0.0,1.3157894736842106,2.0,5.0,8.0,74.0,82.0,165.0,1048.9960807619839
rq0_0264,Scalabrino,easyocr,81.0,81.0,0.0,0.0,7.777777777777778,7.777777777777778,39.0,140.0,4.292857142857143,5.765941185791791,62.0,36.0,7.5,10.0,44.0,24.0,0.0,0.0,0.0,0.7777777777777778,1.0,2.0,10.0,59.0,69.0,130.0,794.108179381162
rq0_0265,Scalabrino,easyocr,81.0,81.0,0.0,0.0,5.308641975308642,5.308641975308642,34.0,150.0,2.7066666666666666,4.863372218263806,38.0,16.0,5.7368421052631575,18.0,62.0,32.0,0.0,0.0,0.0,0.0,0.0,1.0,8.0,34.0,42.0,132.0,711.7858998067965
rq0_0266,Scalabrino,easyocr,70.0,70.0,0.0,0.0,6.128571428571429,6.128571428571429,29.0,134.0,3.044776119402985,5.54064276279395,50.0,31.0,4.44,24.0,43.0,17.0,0.0,0.0,0.0,0.9285714285714286,2.0,8.0,11.0,48.0,59.0,110.0,647.0907354298025
rq0_0267,Scalabrino,easyocr,20.0,20.0,0.0,0.0,8.7,8.7,35.0,47.0,3.4468085106382977,4.620202746126709,11.0,10.0,8.636363636363637,9.0,19.0,8.0,0.0,0.0,0.0,0.0,0.0,3.0,6.0,17.0,23.0,38.0,171.8953543301665
rq0_0268,Scalabrino,easyocr,53.0,53.0,0.0,0.018867924528301886,10.849056603773585,10.849056603773585,54.0,133.0,4.037593984962406,5.496902177762652,57.0,37.0,7.614035087719298,6.0,51.0,19.0,0.0,0.0,0.0,0.16981132075471697,1.0,2.0,10.0,52.0,62.0,127.0,756.1829314191331
rq0_0269,Scalabrino,easyocr,121.0,121.0,0.0,0.0,6.322314049586777,6.322314049586777,59.0,209.0,3.569377990430622,6.123750817577145,55.0,41.0,6.254545454545455,28.0,74.0,52.0,0.0,0.0,0.0,0.1487603305785124,1.0,14.0,12.0,86.0,98.0,181.0,1197.2624817848528
rq0_0270,Scalabrino,easyocr,79.0,79.0,0.0,0.0,12.417721518987342,12.417721518987342,61.0,37.0,27.972972972972972,4.465945933079574,12.0,11.0,8.166666666666666,3.0,14.0,8.0,0.0,0.0,0.0,0.0,0.0,1.0,5.0,19.0,24.0,34.0,155.88872502451932
rq0_0271,Scalabrino,easyocr,91.0,91.0,0.0,0.0,9.868131868131869,9.868131868131869,45.0,262.0,3.1946564885496183,4.598181226799156,97.0,37.0,6.443298969072165,15.0,119.0,31.0,0.0,0.0,0.0,0.0,0.0,13.0,4.0,67.0,71.0,247.0,1518.9875385176565
rq0_0272,Scalabrino,easyocr,44.0,44.0,0.0,0.0,8.840909090909092,8.840909090909092,62.0,112.0,3.1964285714285716,4.90225358433026,45.0,27.0,5.933333333333334,7.0,51.0,9.0,0.0,0.0,0.0,1.4090909090909092,3.0,4.0,8.0,35.0,43.0,105.0,569.7577992437202
rq0_0273,Scalabrino,easyocr,150.0,150.0,0.0,0.0,7.973333333333334,7.973333333333334,41.0,338.0,3.3254437869822486,5.857832264727657,148.0,78.0,5.75,20.0,131.0,39.0,0.0,0.0,0.0,0.21333333333333335,1.0,9.0,8.0,111.0,119.0,318.0,2192.552048731926
rq0_0274,Scalabrino,easyocr,64.0,64.0,0.0,0.0,10.203125,10.203125,39.0,176.0,3.465909090909091,5.001883075968631,65.0,33.0,7.276923076923077,8.0,86.0,17.0,0.0,0.0,0.0,2.34375,4.0,5.0,10.0,48.0,58.0,168.0,984.140807181432
rq0_0275,Scalabrino,easyocr,41.0,41.0,0.0,0.0,14.170731707317072,14.170731707317072,56.0,155.0,3.4193548387096775,4.34090534679857,63.0,27.0,6.619047619047619,5.0,78.0,9.0,0.0,0.0,0.0,0.9512195121951219,1.0,2.0,5.0,36.0,41.0,150.0,803.6328006927125
rq0_0276,Scalabrino,easyocr,69.0,69.0,0.0,0.0,10.782608695652174,10.782608695652174,51.0,147.0,4.761904761904762,5.6199919692402815,64.0,44.0,8.96875,10.0,55.0,18.0,0.0,0.0,0.0,0.9565217391304348,1.0,3.0,11.0,61.0,72.0,137.0,845.2797251975968
rq0_0277,Scalabrino,easyocr,98.0,98.0,0.0,0.0,11.13265306122449,11.13265306122449,41.0,184.0,5.630434782608695,6.2088545497322265,102.0,71.0,8.901960784313726,7.0,53.0,22.0,0.0,0.0,0.0,1.2244897959183674,2.0,2.0,9.0,93.0,102.0,177.0,1181.0192855289547
rq0_0278,Scalabrino,easyocr,76.0,76.0,0.0,0.0,11.539473684210526,11.539473684210526,59.0,149.0,5.651006711409396,5.992944423027891,60.0,44.0,10.866666666666667,18.0,42.0,29.0,0.0,0.0,0.0,1.1842105263157894,2.0,2.0,7.0,72.0,79.0,131.0,825.7952780112005
rq0_0279,Scalabrino,easyocr,113.0,113.0,0.0,0.0,11.345132743362832,11.345132743362832,38.0,178.0,6.98314606741573,5.736986904194702,81.0,53.0,13.345679012345679,16.0,54.0,27.0,0.0,0.0,0.0,0.9646017699115044,1.0,1.0,6.0,80.0,86.0,162.0,1041.05489026174
rq0_0280,Scalabrino,easyocr,33.0,33.0,0.0,0.0,4.9393939393939394,4.9393939393939394,18.0,59.0,2.5762711864406778,4.46979141484843,17.0,7.0,5.117647058823529,8.0,24.0,10.0,0.0,0.0,0.0,0.0,0.0,3.0,7.0,15.0,22.0,51.0,227.43101255050217
rq0_0281,Scalabrino,easyocr,24.0,24.0,0.0,0.0,15.75,15.75,52.0,44.0,8.25,5.033184175406309,25.0,20.0,13.28,3.0,9.0,7.0,0.0,0.0,0.0,0.0,0.0,1.0,5.0,27.0,32.0,41.0,205.0
rq0_0282,Scalabrino,easyocr,43.0,43.0,0.0,0.0,10.372093023255815,10.372093023255815,59.0,87.0,5.091954022988506,4.513145793331312,37.0,20.0,6.351351351351352,2.0,37.0,11.0,0.0,0.0,0.0,0.0,0.0,1.0,5.0,31.0,36.0,85.0,439.44362512259653
rq0_0283,Scalabrino,easyocr,113.0,113.0,0.0,0.0,13.283185840707965,13.283185840707965,55.0,259.0,5.532818532818533,5.328399500238484,106.0,64.0,11.69811320754717,4.0,111.0,38.0,0.0,0.0,0.0,0.22123893805309736,1.0,3.0,8.0,100.0,108.0,255.0,1722.4963130516844
rq0_0284,Scalabrino,easyocr,93.0,93.0,0.0,0.0,9.548387096774194,9.548387096774194,56.0,160.0,5.35,5.9885639339307835,69.0,47.0,10.289855072463768,13.0,48.0,30.0,0.0,0.0,0.0,1.8172043010752688,3.0,7.0,9.0,77.0,86.0,147.0,944.6609189412084
rq0_0285,Scalabrino,easyocr,25.0,25.0,0.0,0.0,23.0,23.0,63.0,72.0,7.75,4.7574293510730445,29.0,23.0,17.06896551724138,4.0,31.0,8.0,0.0,0.0,0.0,0.8,1.0,1.0,7.0,31.0,38.0,68.0,356.8590709141638
rq0_0286,Scalabrino,easyocr,237.0,237.0,0.0,0.004219409282700422,8.135021097046414,8.135021097046414,42.0,170.0,11.952941176470588,6.2298805718296855,87.0,68.0,7.793103448275862,8.0,46.0,29.0,0.0,0.0,0.0,0.759493670886076,1.0,4.0,7.0,91.0,98.0,162.0,1071.5829947466636
rq0_0287,Scalabrino,easyocr,20.0,20.0,0.0,0.0,5.4,5.4,18.0,35.0,2.914285714285714,4.6505719454545815,9.0,8.0,6.0,6.0,12.0,8.0,0.0,0.0,0.0,0.6,1.0,3.0,6.0,16.0,22.0,29.0,129.32351694048162
rq0_0288,Scalabrino,easyocr,107.0,107.0,0.0,0.0,6.94392523364486,6.94392523364486,32.0,195.0,3.6307692307692307,6.099642233414984,100.0,64.0,5.3,20.0,50.0,25.0,0.0,0.0,0.0,0.6822429906542056,1.0,5.0,9.0,89.0,98.0,175.0,1157.5742227201615
rq0_0289,Scalabrino,easyocr,135.0,135.0,0.0,0.0,8.785185185185185,8.785185185185185,37.0,235.0,4.872340425531915,6.0888130199358255,102.0,61.0,8.068627450980392,28.0,72.0,33.0,0.0,0.0,0.0,2.6814814814814816,4.0,10.0,8.0,94.0,102.0,207.0,1381.1920457880994
rq0_0290,Scalabrino,easyocr,51.0,51.0,0.0,0.0,5.0,5.0,36.0,110.0,2.172727272727273,4.7287192595081065,50.0,18.0,3.2,4.0,40.0,16.0,0.0,0.0,0.0,1.6470588235294117,2.0,1.0,9.0,30.0,39.0,106.0,560.2526351993984
rq0_0291,Scalabrino,easyocr,134.0,134.0,0.0,0.0,7.6716417910447765,7.6716417910447765,43.0,274.0,3.5145985401459856,5.827770385888568,110.0,64.0,6.5636363636363635,17.0,108.0,39.0,0.0,0.0,0.0,1.626865671641791,2.0,7.0,12.0,98.0,110.0,257.0,1742.8094463758375
rq0_0292,Scalabrino,easyocr,130.0,130.0,0.0,0.0,8.538461538461538,8.538461538461538,46.0,297.0,3.5521885521885523,5.738768637642345,107.0,63.0,7.233644859813084,19.0,124.0,47.0,0.0,0.0,0.0,3.8153846153846156,6.0,11.0,11.0,103.0,114.0,278.0,1899.543423937798
rq0_0293,Scalabrino,easyocr,40.0,40.0,0.0,0.0,10.825,10.825,40.0,85.0,4.847058823529411,4.911872804550791,31.0,21.0,10.870967741935484,2.0,38.0,14.0,0.0,0.0,0.0,0.225,1.0,1.0,8.0,35.0,43.0,83.0,450.3799746402741
rq0_0294,Scalabrino,easyocr,60.0,60.0,0.0,0.0,10.55,10.55,51.0,135.0,4.362962962962963,5.045131877055444,49.0,29.0,9.551020408163266,9.0,55.0,22.0,0.0,0.0,0.0,1.6666666666666667,3.0,5.0,6.0,50.0,56.0,126.0,731.7267201792581
rq0_0295,Scalabrino,easyocr,79.0,79.0,0.0,0.0,14.075949367088608,14.075949367088608,54.0,185.0,5.724324324324324,5.39532156016505,63.0,47.0,10.571428571428571,11.0,79.0,32.0,0.0,0.0,0.0,0.0,0.0,2.0,7.0,79.0,86.0,174.0,1118.1700673181651
rq0_0296,Scalabrino,easyocr,74.0,74.0,0.0,0.0,6.797297297297297,6.797297297297297,53.0,120.0,3.9833333333333334,5.722073383069141,54.0,35.0,6.203703703703703,18.0,30.0,18.0,0.0,0.0,0.0,0.3783783783783784,1.0,5.0,6.0,53.0,59.0,102.0,600.0295910349079
rq0_0297,Scalabrino,easyocr,55.0,55.0,0.0,0.0,7.363636363636363,7.363636363636363,41.0,98.0,3.9285714285714284,5.160856151104443,35.0,20.0,7.3428571428571425,17.0,33.0,13.0,0.0,0.0,0.0,2.1454545454545455,5.0,7.0,8.0,33.0,41.0,81.0,433.9617123740648
rq0_0298,Scalabrino,easyocr,126.0,126.0,0.0,0.0,10.055555555555555,10.055555555555555,62.0,201.0,6.134328358208955,6.196327015847222,110.0,71.0,8.5,6.0,52.0,33.0,0.0,0.0,0.0,0.0,0.0,1.0,6.0,99.0,105.0,195.0,1309.2778759448938
rq0_0299,Scalabrino,easyocr,66.0,66.0,0.0,0.0,14.06060606060606,14.06060606060606,59.0,126.0,7.23015873015873,4.873553751059142,60.0,26.0,13.033333333333333,14.0,39.0,13.0,0.0,0.0,0.0,0.0,0.0,1.0,6.0,39.0,45.0,112.0,615.0875467889235
rq0_0300,Scalabrino,easyocr,123.0,123.0,0.0,0.0,6.7560975609756095,6.7560975609756095,37.0,119.0,7.420168067226891,5.478493448338821,40.0,30.0,5.05,8.0,51.0,20.0,0.0,0.0,0.0,0.5121951219512195,1.0,4.0,10.0,46.0,56.0,111.0,644.616396348394
rq0_0301,Scalabrino,easyocr,82.0,82.0,0.0,0.0,10.707317073170731,10.707317073170731,46.0,139.0,6.115107913669065,5.9589946740384825,59.0,43.0,11.677966101694915,14.0,35.0,31.0,0.0,0.0,0.0,1.3048780487804879,2.0,1.0,6.0,74.0,80.0,125.0,790.2410118609204
rq0_0302,Scalabrino,easyocr,47.0,47.0,0.0,0.0,16.72340425531915,16.72340425531915,51.0,107.0,7.018691588785047,5.0025474005467485,40.0,29.0,16.3,5.0,44.0,18.0,0.0,0.0,0.0,0.0,0.0,2.0,5.0,47.0,52.0,102.0,581.4448512503914
rq0_0303,Scalabrino,easyocr,100.0,100.0,0.0,0.0,10.04,10.04,50.0,183.0,5.311475409836065,5.9632179596012165,75.0,51.0,10.64,14.0,60.0,34.0,0.0,0.0,0.0,1.12,2.0,5.0,10.0,83.0,93.0,169.0,1105.1178390772573
rq0_0304,Scalabrino,easyocr,52.0,52.0,0.0,0.0,11.51923076923077,11.51923076923077,54.0,112.0,5.071428571428571,4.993295021965568,39.0,30.0,11.717948717948717,9.0,49.0,15.0,0.0,0.0,0.0,0.0,0.0,4.0,6.0,44.0,50.0,103.0,581.3171875467966
rq0_0305,Scalabrino,easyocr,46.0,46.0,0.0,0.0,13.26086956521739,13.26086956521739,46.0,94.0,6.340425531914893,4.6122747305588625,43.0,19.0,11.674418604651162,4.0,37.0,10.0,0.0,0.0,0.0,0.0,0.0,1.0,5.0,29.0,34.0,90.0,457.8716557125305
rq0_0306,Scalabrino,easyocr,52.0,52.0,0.0,0.0,11.0,11.0,42.0,107.0,5.074766355140187,4.837787627758375,54.0,33.0,8.925925925925926,2.0,43.0,8.0,0.0,0.0,0.0,0.0,0.0,1.0,6.0,40.0,46.0,105.0,579.9740053859864
rq0_0307,Scalabrino,easyocr,45.0,45.0,0.0,0.0,10.244444444444444,10.244444444444444,57.0,77.0,5.701298701298701,5.365151190497231,31.0,25.0,11.612903225806452,7.0,25.0,14.0,0.0,0.0,0.0,1.4444444444444444,2.0,3.0,9.0,38.0,47.0,70.0,388.8212196174346
rq0_0308,Scalabrino,easyocr,64.0,64.0,0.0,0.0,8.953125,8.953125,30.0,110.0,5.0181818181818185,5.465140000783643,56.0,39.0,8.339285714285714,8.0,39.0,7.0,0.0,0.0,0.0,0.0,0.0,1.0,7.0,46.0,53.0,102.0,584.2478863654462
rq0_0309,Scalabrino,easyocr,98.0,98.0,0.0,0.0,10.040816326530612,10.040816326530612,53.0,176.0,5.4147727272727275,5.833222332674848,76.0,43.0,10.421052631578947,11.0,56.0,33.0,0.0,0.0,0.0,1.4795918367346939,2.0,6.0,9.0,74.0,83.0,165.0,1051.8815061722426
rq0_0310,Scalabrino,easyocr,51.0,51.0,0.0,0.0,15.411764705882353,15.411764705882353,60.0,101.0,7.594059405940594,5.365454799283591,45.0,30.0,15.2,7.0,36.0,13.0,0.0,0.0,0.0,0.9607843137254902,1.0,1.0,10.0,42.0,52.0,94.0,535.8413335052626
rq0_0311,Scalabrino,easyocr,121.0,121.0,0.0,0.0,10.611570247933884,10.611570247933884,56.0,182.0,6.917582417582418,6.111000965698971,80.0,48.0,13.5625,14.0,51.0,37.0,0.0,0.0,0.0,1.3801652892561984,3.0,6.0,9.0,83.0,92.0,168.0,1095.9584086175782
rq0_0312,Scalabrino,easyocr,91.0,91.0,0.0,0.0,10.384615384615385,10.384615384615385,44.0,167.0,5.431137724550898,5.720555323592284,65.0,39.0,11.4,12.0,58.0,32.0,0.0,0.0,0.0,0.6153846153846154,2.0,4.0,11.0,68.0,79.0,155.0,977.086015967451
rq0_0000,Buse,rapidocr,13.0,13.0,0.0,0.0,11.76923076923077,11.76923076923077,40.0,38.0,3.8684210526315788,4.4058222502856905,16.0,13.0,6.5625,5.0,17.0,0.0,0.07692307692307693,1.0,0.26646935501059654,0.0,0.0,4.0,7.0,13.0,20.0,33.0,142.62362713128297
rq0_0001,Buse,rapidocr,16.0,16.0,0.0,0.0,11.0625,11.0625,34.0,55.0,3.109090909090909,4.338012841065494,22.0,15.0,5.7727272727272725,4.0,26.0,3.0,0.0,0.0,0.0,0.4375,1.0,4.0,7.0,18.0,25.0,51.0,236.83666567851094
rq0_0002,Buse,rapidocr,26.0,26.0,0.0,0.0,8.307692307692308,8.307692307692308,22.0,54.0,3.962962962962963,4.588337160317339,27.0,19.0,6.62962962962963,3.0,22.0,2.0,0.0,0.0,0.0,0.0,0.0,3.0,7.0,21.0,28.0,51.0,245.1751010249378
rq0_0003,Buse,rapidocr,27.0,27.0,0.0,0.18518518518518517,15.185185185185185,15.185185185185185,55.0,91.0,4.021978021978022,5.820659200495611,55.0,43.0,5.618181818181818,5.0,24.0,7.0,0.0,0.0,0.0,0.37037037037037035,1.0,2.0,10.0,50.0,60.0,86.0,507.99259122233263
rq0_0004,Buse,rapidocr,12.0,12.0,0.0,0.08333333333333333,13.583333333333334,13.583333333333334,39.0,44.0,3.522727272727273,4.5963823356591815,17.0,17.0,7.0,3.0,23.0,1.0,0.0,0.0,0.0,0.08333333333333333,1.0,2.0,9.0,18.0,27.0,41.0,194.9503875887022
rq0_0005,Buse,rapidocr,15.0,15.0,0.0,0.0,5.866666666666666,5.866666666666666,13.0,30.0,2.8666666666666667,4.056564762130955,14.0,11.0,4.357142857142857,3.0,11.0,2.0,0.0,0.0,0.0,0.5333333333333333,1.0,3.0,4.0,13.0,17.0,27.0,110.36149671375915
rq0_0006,Buse,rapidocr,28.0,28.0,0.0,0.07142857142857142,8.928571428571429,8.928571428571429,39.0,76.0,3.0789473684210527,5.275897211062964,33.0,25.0,5.0606060606060606,5.0,30.0,8.0,0.0,0.0,0.0,0.0,0.0,1.0,10.0,32.0,42.0,71.0,382.854537017292
rq0_0007,Buse,rapidocr,17.0,17.0,0.0,0.0,10.0,10.0,23.0,43.0,3.9302325581395348,4.5340664296648825,20.0,16.0,6.45,4.0,19.0,0.0,0.0,0.0,0.0,0.47058823529411764,1.0,1.0,8.0,16.0,24.0,39.0,178.8135375281251
rq0_0008,Buse,rapidocr,23.0,23.0,0.0,0.13043478260869565,10.130434782608695,10.130434782608695,39.0,67.0,3.253731343283582,4.8925191832474635,28.0,23.0,5.678571428571429,5.0,32.0,2.0,0.0,0.0,0.0,0.5652173913043478,1.0,2.0,9.0,25.0,34.0,62.0,315.42269615752105
rq0_0009,Buse,rapidocr,20.0,20.0,0.0,0.05,11.35,11.35,41.0,58.0,3.8275862068965516,4.762708797966702,20.0,17.0,7.4,9.0,26.0,3.0,0.0,0.0,0.0,0.8,1.0,6.0,8.0,20.0,28.0,49.0,235.5603911808226
rq0_0010,Buse,rapidocr,16.0,16.0,0.0,0.0,6.3125,6.3125,23.0,23.0,4.3478260869565215,4.1429146733542535,11.0,9.0,6.545454545454546,5.0,7.0,0.0,0.0,0.0,0.0,0.0,0.0,2.0,5.0,9.0,14.0,18.0,68.53238859703687
rq0_0011,Buse,rapidocr,4.0,4.0,0.0,0.0,23.25,23.25,35.0,27.0,3.4444444444444446,3.5417435206018584,11.0,9.0,7.0,0.0,16.0,0.0,0.0,0.0,0.0,0.0,0.0,1.0,5.0,9.0,14.0,27.0,102.79858289555531
rq0_0012,Buse,rapidocr,18.0,18.0,0.0,0.05555555555555555,9.222222222222221,9.222222222222221,33.0,41.0,4.0,4.436224260451807,20.0,14.0,6.3,4.0,15.0,2.0,0.0,0.0,0.0,0.0,0.0,2.0,5.0,16.0,21.0,37.0,162.51574464281416
rq0_0013,Buse,rapidocr,13.0,13.0,0.0,0.0,20.76923076923077,20.76923076923077,52.0,71.0,3.7183098591549295,4.013298661630706,25.0,16.0,8.4,2.0,41.0,3.0,0.0,0.0,0.0,0.0,0.0,1.0,6.0,19.0,25.0,69.0,320.426077094456
rq0_0014,Buse,rapidocr,13.0,13.0,0.0,0.0,10.76923076923077,10.76923076923077,30.0,22.0,6.2727272727272725,3.788754913993503,12.0,10.0,10.083333333333334,3.0,7.0,0.0,0.07692307692307693,1.0,0.26646935501059654,0.0,0.0,2.0,3.0,10.0,13.0,19.0,70.30835464468075
rq0_0015,Buse,rapidocr,16.0,16.0,0.0,0.0,8.375,8.375,19.0,38.0,3.526315789473684,4.41872290806656,16.0,13.0,6.5,4.0,18.0,0.0,0.0,0.0,0.0,0.0,0.0,2.0,9.0,13.0,22.0,34.0,151.6206750336681
rq0_0016,Buse,rapidocr,18.0,18.0,0.0,0.05555555555555555,11.722222222222221,11.722222222222221,27.0,66.0,3.121212121212121,4.725916088924304,26.0,23.0,5.884615384615385,4.0,36.0,0.0,0.0,0.0,0.0,0.0,0.0,1.0,9.0,23.0,32.0,62.0,310.0
rq0_0017,Buse,rapidocr,22.0,22.0,0.0,0.13636363636363635,8.909090909090908,8.909090909090908,28.0,45.0,4.155555555555556,4.470204908528851,19.0,17.0,7.7368421052631575,6.0,18.0,2.0,0.045454545454545456,1.0,0.2082988952252655,0.0,0.0,1.0,6.0,19.0,25.0,39.0,181.11039140121426
rq0_0018,Buse,rapidocr,11.0,11.0,0.0,0.0,9.909090909090908,9.909090909090908,28.0,25.0,4.36,4.053660689688186,11.0,9.0,7.454545454545454,3.0,10.0,1.0,0.0,0.0,0.0,0.0,0.0,1.0,5.0,10.0,15.0,22.0,85.95159310338741
rq0_0019,Buse,rapidocr,11.0,11.0,0.0,0.0,6.090909090909091,6.090909090909091,12.0,15.0,4.466666666666667,3.456564762130954,8.0,7.0,6.75,3.0,4.0,0.0,0.0,0.0,0.0,0.0,0.0,2.0,2.0,7.0,9.0,12.0,38.039100017307746
rq0_0020,Buse,rapidocr,14.0,14.0,0.0,0.14285714285714285,17.928571428571427,17.928571428571427,54.0,55.0,4.490909090909091,4.473793405144775,24.0,17.0,8.5,3.0,28.0,0.0,0.0,0.0,0.0,0.0,0.0,1.0,8.0,17.0,25.0,52.0,241.48052186828568
rq0_0021,Buse,rapidocr,21.0,21.0,0.0,0.0,11.380952380952381,11.380952380952381,26.0,45.0,5.444444444444445,3.8542845525138754,12.0,7.0,8.916666666666666,6.0,24.0,3.0,0.047619047619047616,1.0,0.21295885499997996,0.0,0.0,3.0,5.0,10.0,15.0,39.0,152.36873322873222
rq0_0022,Buse,rapidocr,10.0,10.0,0.0,0.0,16.8,16.8,35.0,29.0,5.758620689655173,3.741962789037907,10.0,7.0,11.9,5.0,14.0,0.0,0.0,0.0,0.0,0.4,1.0,1.0,5.0,7.0,12.0,24.0,86.03910001730775
rq0_0023,Buse,rapidocr,25.0,25.0,0.0,0.0,11.6,11.6,38.0,92.0,3.0,4.499159518333409,34.0,21.0,5.764705882352941,5.0,50.0,3.0,0.04,1.0,0.19595917942265428,0.88,1.0,2.0,10.0,24.0,34.0,87.0,442.6092671887795
rq0_0024,Buse,rapidocr,15.0,15.0,0.0,0.0,14.666666666666666,14.666666666666666,52.0,77.0,2.4675324675324677,4.371807280977564,30.0,14.0,4.5,2.0,37.0,8.0,0.0,0.0,0.0,0.0,0.0,2.0,8.0,19.0,27.0,75.0,356.6165626622601
rq0_0025,Buse,rapidocr,17.0,17.0,0.0,0.058823529411764705,13.529411764705882,13.529411764705882,34.0,58.0,3.7413793103448274,4.6684341251329,26.0,20.0,6.653846153846154,4.0,26.0,2.0,0.0,0.0,0.0,0.0,0.0,2.0,7.0,21.0,28.0,54.0,259.5971657911106
rq0_0026,Buse,rapidocr,20.0,20.0,0.0,0.0,11.25,11.25,42.0,60.0,3.716666666666667,4.609685696912064,26.0,19.0,6.538461538461538,6.0,28.0,0.0,0.0,0.0,0.0,0.4,1.0,3.0,8.0,19.0,27.0,54.0,256.7639251168273
rq0_0027,Buse,rapidocr,6.0,6.0,0.0,0.0,9.0,9.0,18.0,11.0,4.909090909090909,3.0271691184406184,5.0,5.0,8.4,1.0,4.0,1.0,0.0,0.0,0.0,0.0,0.0,1.0,2.0,6.0,8.0,10.0,30.0
rq0_0028,Buse,rapidocr,22.0,22.0,0.0,0.09090909090909091,18.181818181818183,18.181818181818183,52.0,97.0,3.865979381443299,5.26835346632393,48.0,35.0,6.520833333333333,3.0,43.0,3.0,0.045454545454545456,1.0,0.2082988952252655,0.09090909090909091,1.0,2.0,11.0,38.0,49.0,94.0,527.7827253468296
rq0_0029,Buse,rapidocr,21.0,21.0,0.0,0.0,14.238095238095237,14.238095238095237,44.0,55.0,5.4,4.257477213013295,17.0,13.0,11.0,8.0,26.0,4.0,0.0,0.0,0.0,0.0,0.0,3.0,5.0,17.0,22.0,47.0,209.59328607595296
rq0_0030,Buse,rapidocr,17.0,17.0,0.0,0.058823529411764705,11.0,11.0,29.0,48.0,3.75,4.605388542207534,26.0,19.0,5.8076923076923075,2.0,20.0,0.0,0.0,0.0,0.0,0.0,0.0,1.0,9.0,19.0,28.0,46.0,221.13832641464978
rq0_0031,Buse,rapidocr,20.0,20.0,0.0,0.15,19.05,19.05,51.0,82.0,4.2317073170731705,5.0819012859092085,45.0,24.0,6.6,3.0,30.0,4.0,0.0,0.0,0.0,0.3,1.0,1.0,11.0,28.0,39.0,79.0,417.54677529011764
rq0_0032,Buse,rapidocr,12.0,12.0,0.0,0.0,14.416666666666666,14.416666666666666,27.0,30.0,5.766666666666667,3.638920595031594,12.0,8.0,10.916666666666666,6.0,12.0,0.0,0.0,0.0,0.0,0.0,0.0,4.0,4.0,8.0,12.0,24.0,86.03910001730775
rq0_0033,Buse,rapidocr,22.0,22.0,0.0,0.09090909090909091,22.136363636363637,22.136363636363637,53.0,100.0,4.65,5.288814969776364,38.0,32.0,9.81578947368421,3.0,48.0,11.0,0.045454545454545456,1.0,0.2082988952252655,0.7272727272727273,1.0,2.0,10.0,43.0,53.0,97.0,555.6082840926302
rq0_0034,Buse,rapidocr,24.0,24.0,0.0,0.041666666666666664,6.833333333333333,6.833333333333333,25.0,48.0,3.3958333333333335,4.584962500721156,21.0,15.0,5.809523809523809,5.0,20.0,2.0,0.0,0.0,0.0,0.0,0.0,2.0,7.0,17.0,24.0,43.0,197.1533875310097
rq0_0035,Buse,rapidocr,16.0,16.0,0.0,0.0,21.0625,21.0625,54.0,94.0,3.4468085106382977,4.435227294905292,31.0,19.0,7.580645161290323,9.0,50.0,4.0,0.0,0.0,0.0,0.0,0.0,4.0,9.0,23.0,32.0,85.0,425.0
rq0_0036,Buse,rapidocr,17.0,17.0,0.0,0.0,10.411764705882353,10.411764705882353,32.0,41.0,4.317073170731708,4.531349492888151,17.0,14.0,7.352941176470588,7.0,17.0,0.0,0.0,0.0,0.0,0.0,0.0,2.0,8.0,14.0,22.0,34.0,151.6206750336681
rq0_0037,Buse,rapidocr,11.0,11.0,0.0,0.0,9.545454545454545,9.545454545454545,24.0,39.0,2.6923076923076925,4.1217079115480395,16.0,12.0,5.125,0.0,20.0,3.0,0.0,0.0,0.0,0.0,0.0,1.0,6.0,15.0,21.0,39.0,171.30037948837168
rq0_0038,Buse,rapidocr,18.0,18.0,0.0,0.05555555555555555,21.666666666666668,21.666666666666668,53.0,89.0,4.078651685393258,5.251297509765776,44.0,35.0,6.636363636363637,1.0,37.0,7.0,0.0,0.0,0.0,0.0,0.0,1.0,10.0,42.0,52.0,88.0,501.63869519641605
rq0_0039,Buse,rapidocr,12.0,12.0,0.0,0.0,8.5,8.5,30.0,38.0,2.6578947368421053,3.9983500540919,12.0,7.0,4.916666666666667,4.0,21.0,1.0,0.0,0.0,0.0,0.0,0.0,4.0,8.0,8.0,16.0,34.0,136.0
rq0_0040,Buse,rapidocr,18.0,18.0,0.0,0.0,9.88888888888889,9.88888888888889,28.0,40.0,4.45,4.246439344671016,18.0,13.0,7.5,5.0,17.0,0.0,0.0,0.0,0.0,0.3333333333333333,2.0,3.0,6.0,13.0,19.0,35.0,148.67746297052548
rq0_0041,Buse,rapidocr,12.0,12.0,0.0,0.0,11.333333333333334,11.333333333333334,37.0,32.0,4.1875,4.413909765557392,10.0,7.0,9.6,4.0,17.0,1.0,0.0,0.0,0.0,0.4166666666666667,1.0,1.0,11.0,8.0,19.0,28.0,118.94197037642039
rq0_0042,Buse,rapidocr,9.0,9.0,0.0,0.0,8.444444444444445,8.444444444444445,21.0,21.0,3.619047619047619,3.2368573034220742,11.0,5.0,5.454545454545454,2.0,8.0,0.0,0.0,0.0,0.0,0.0,0.0,1.0,4.0,5.0,9.0,19.0,60.228575027403934
rq0_0043,Buse,rapidocr,16.0,16.0,0.0,0.0,13.1875,13.1875,35.0,42.0,4.976190476190476,4.2321018048454135,20.0,15.0,8.3,4.0,17.0,1.0,0.0,0.0,0.0,0.0,0.0,1.0,5.0,16.0,21.0,38.0,166.9080620655929
rq0_0044,Buse,rapidocr,26.0,26.0,0.0,0.038461538461538464,12.115384615384615,12.115384615384615,52.0,65.0,4.430769230769231,5.372142236005525,36.0,28.0,6.166666666666667,9.0,15.0,5.0,0.0,0.0,0.0,0.0,0.0,3.0,8.0,33.0,41.0,56.0,300.0229122586127
rq0_0045,Buse,rapidocr,20.0,20.0,0.0,0.1,12.5,12.5,38.0,52.0,4.538461538461538,4.587472353123261,20.0,14.0,8.8,6.0,23.0,3.0,0.0,0.0,0.0,0.35,1.0,1.0,9.0,16.0,25.0,46.0,213.6173847296373
rq0_0046,Buse,rapidocr,24.0,24.0,0.0,0.08333333333333333,11.708333333333334,11.708333333333334,39.0,59.0,4.423728813559322,4.855029651343355,36.0,21.0,6.305555555555555,2.0,19.0,2.0,0.0,0.0,0.0,0.3333333333333333,1.0,1.0,9.0,23.0,32.0,57.0,285.0
rq0_0047,Buse,rapidocr,12.0,12.0,0.0,0.0,9.583333333333334,9.583333333333334,48.0,28.0,4.0,4.253434386188785,9.0,8.0,8.333333333333334,5.0,12.0,2.0,0.0,0.0,0.0,0.75,1.0,2.0,6.0,10.0,16.0,23.0,92.0
rq0_0048,Buse,rapidocr,13.0,13.0,0.0,0.0,8.615384615384615,8.615384615384615,27.0,29.0,3.8620689655172415,3.8798938235206655,10.0,9.0,8.2,4.0,14.0,1.0,0.0,0.0,0.0,0.0,0.0,3.0,5.0,10.0,15.0,25.0,97.67226489021297
rq0_0049,Buse,rapidocr,15.0,15.0,0.0,0.0,8.333333333333334,8.333333333333334,25.0,33.0,3.787878787878788,4.150158513166728,11.0,6.0,7.0,6.0,13.0,3.0,0.0,0.0,0.0,0.0,0.0,2.0,7.0,8.0,15.0,27.0,105.48604608143
rq0_0050,Buse,rapidocr,10.0,10.0,0.0,0.0,16.9,16.9,56.0,50.0,3.4,4.008047190938307,16.0,11.0,6.875,1.0,27.0,6.0,0.0,0.0,0.0,0.0,0.0,1.0,5.0,15.0,20.0,49.0,211.77447664948076
rq0_0051,Buse,rapidocr,17.0,17.0,0.0,0.0,11.764705882352942,11.764705882352942,47.0,51.0,3.9019607843137254,4.370025648097569,17.0,14.0,7.352941176470588,5.0,27.0,2.0,0.0,0.0,0.0,0.0,0.0,2.0,7.0,16.0,23.0,46.0,208.0838499786226
rq0_0052,Buse,rapidocr,11.0,11.0,0.0,0.0,14.272727272727273,14.272727272727273,25.0,39.0,3.948717948717949,3.8061564631773517,17.0,9.0,5.0588235294117645,0.0,19.0,3.0,0.0,0.0,0.0,0.0,0.0,1.0,5.0,12.0,17.0,39.0,159.41105080876324
rq0_0053,Buse,rapidocr,13.0,13.0,0.0,0.0,19.0,19.0,48.0,46.0,5.282608695652174,4.130999860166362,19.0,15.0,11.263157894736842,2.0,25.0,0.0,0.0,0.0,0.0,0.7692307692307693,1.0,3.0,7.0,15.0,22.0,44.0,196.21499122004107
rq0_0054,Buse,rapidocr,20.0,20.0,0.0,0.05,9.65,9.65,32.0,51.0,3.549019607843137,4.686843724197173,29.0,18.0,5.068965517241379,3.0,17.0,2.0,0.0,0.0,0.0,0.3,1.0,1.0,8.0,19.0,27.0,48.0,228.23460010384647
rq0_0055,Buse,rapidocr,14.0,14.0,0.0,0.0,10.214285714285714,10.214285714285714,25.0,33.0,4.303030303030303,3.930609649595924,18.0,12.0,7.055555555555555,0.0,14.0,1.0,0.0,0.0,0.0,0.0,0.0,1.0,5.0,13.0,18.0,33.0,137.6075250475963
rq0_0056,Buse,rapidocr,18.0,18.0,0.0,0.0,11.61111111111111,11.61111111111111,31.0,42.0,4.9523809523809526,4.46328051781081,21.0,17.0,8.571428571428571,2.0,18.0,1.0,0.0,0.0,0.0,0.0,0.0,1.0,6.0,18.0,24.0,40.0,183.39850002884623
rq0_0057,Buse,rapidocr,14.0,14.0,0.0,0.0,11.357142857142858,11.357142857142858,38.0,32.0,4.90625,4.163909765557392,14.0,12.0,8.428571428571429,4.0,14.0,0.0,0.0,0.0,0.0,0.0,0.0,1.0,5.0,12.0,17.0,28.0,114.4489595550095
rq0_0058,Buse,rapidocr,7.0,7.0,0.0,0.0,13.0,13.0,33.0,15.0,6.0,3.323231428797621,7.0,5.0,10.142857142857142,2.0,6.0,0.0,0.0,0.0,0.0,0.0,0.0,1.0,4.0,5.0,9.0,13.0,41.209025018750054
rq0_0059,Buse,rapidocr,12.0,12.0,0.0,0.08333333333333333,9.25,9.25,22.0,32.0,3.46875,3.9445488277869583,11.0,7.0,6.818181818181818,5.0,14.0,2.0,0.0,0.0,0.0,0.0,0.0,3.0,5.0,9.0,14.0,27.0,102.79858289555531
rq0_0060,Buse,rapidocr,8.0,8.0,0.0,0.0,10.75,10.75,21.0,22.0,3.8636363636363638,3.913977073182752,11.0,8.0,6.545454545454546,1.0,10.0,0.0,0.0,0.0,0.0,0.0,0.0,2.0,7.0,8.0,15.0,21.0,82.0447025077789
rq0_0061,Buse,rapidocr,16.0,16.0,0.0,0.0,13.1875,13.1875,41.0,42.0,4.976190476190476,4.234479554133744,19.0,13.0,9.421052631578947,2.0,21.0,0.0,0.0,0.0,0.0,0.75,1.0,2.0,8.0,13.0,21.0,40.0,175.69269691115042
rq0_0062,Buse,rapidocr,10.0,10.0,0.0,0.0,12.3,12.3,26.0,30.0,4.1,3.574418313907282,15.0,11.0,6.933333333333334,1.0,14.0,0.0,0.0,0.0,0.0,0.0,0.0,2.0,3.0,11.0,14.0,29.0,110.41329273967052
rq0_0063,Buse,rapidocr,20.0,20.0,0.0,0.0,7.45,7.45,19.0,43.0,3.4651162790697674,4.376976022637825,20.0,13.0,6.0,3.0,19.0,1.0,0.0,0.0,0.0,0.0,0.0,2.0,8.0,14.0,22.0,40.0,178.37726474549189
rq0_0064,Buse,rapidocr,9.0,9.0,0.0,0.0,23.0,23.0,52.0,42.0,4.785714285714286,4.306988638838905,20.0,18.0,8.95,0.0,20.0,2.0,0.0,0.0,0.0,0.0,0.0,1.0,5.0,20.0,25.0,42.0,195.04195997053841
rq0_0065,Buse,rapidocr,19.0,19.0,0.0,0.10526315789473684,11.526315789473685,11.526315789473685,41.0,59.0,3.4745762711864407,4.761643634320865,21.0,14.0,6.809523809523809,6.0,26.0,6.0,0.0,0.0,0.0,0.8421052631578947,2.0,3.0,9.0,19.0,28.0,53.0,254.78981086905299
rq0_0066,Buse,rapidocr,12.0,12.0,0.0,0.0,12.333333333333334,12.333333333333334,53.0,34.0,4.323529411764706,3.8895494308620875,15.0,10.0,7.866666666666666,3.0,16.0,0.0,0.0,0.0,0.0,0.0,0.0,1.0,5.0,10.0,15.0,31.0,121.11360846386408
rq0_0067,Buse,rapidocr,9.0,9.0,0.0,0.0,15.88888888888889,15.88888888888889,41.0,40.0,3.525,3.8586949695628423,19.0,12.0,6.2105263157894735,1.0,20.0,0.0,0.0,0.0,0.0,0.0,0.0,1.0,5.0,12.0,17.0,39.0,159.41105080876324
rq0_0068,Buse,rapidocr,16.0,16.0,0.0,0.0,16.625,16.625,48.0,75.0,3.453333333333333,4.220695893164519,28.0,21.0,7.035714285714286,4.0,42.0,1.0,0.0,0.0,0.0,0.0,0.0,2.0,6.0,22.0,28.0,71.0,341.32219946608984
rq0_0069,Buse,rapidocr,20.0,20.0,0.0,0.1,9.6,9.6,32.0,45.0,4.044444444444444,4.69686559608929,19.0,14.0,6.894736842105263,6.0,16.0,4.0,0.0,0.0,0.0,0.0,0.0,3.0,7.0,18.0,25.0,39.0,181.11039140121426
rq0_0070,Buse,rapidocr,21.0,21.0,0.0,0.0,14.142857142857142,14.142857142857142,52.0,60.0,4.7,4.779796380517847,29.0,20.0,7.413793103448276,7.0,21.0,3.0,0.047619047619047616,1.0,0.21295885499998,0.0,0.0,2.0,6.0,23.0,29.0,53.0,257.4729927417613
rq0_0071,Buse,rapidocr,16.0,16.0,0.0,0.0,10.375,10.375,34.0,38.0,4.315789473684211,4.0433370526326025,17.0,13.0,7.764705882352941,3.0,18.0,0.0,0.0,0.0,0.0,0.0,0.0,2.0,5.0,13.0,18.0,35.0,145.94737505048093
rq0_0072,Buse,rapidocr,11.0,11.0,0.0,0.0,13.363636363636363,13.363636363636363,35.0,33.0,4.424242424242424,3.9313924238069213,14.0,11.0,8.785714285714286,1.0,17.0,1.0,0.0,0.0,0.0,0.0,0.0,2.0,6.0,12.0,18.0,32.0,133.437600046154
rq0_0073,Buse,rapidocr,20.0,20.0,0.0,0.1,21.8,21.8,56.0,104.0,3.7115384615384617,5.692805222761561,59.0,44.0,5.491525423728813,3.0,33.0,9.0,0.0,0.0,0.0,0.5,1.0,2.0,9.0,52.0,61.0,101.0,599.0044710938515
rq0_0074,Buse,rapidocr,5.0,5.0,0.0,0.0,21.6,21.6,43.0,30.0,3.533333333333333,3.347860597836286,15.0,9.0,6.066666666666666,0.0,15.0,0.0,0.0,0.0,0.0,0.0,0.0,1.0,4.0,9.0,13.0,30.0,111.01319154423277
rq0_0075,Buse,rapidocr,16.0,16.0,0.0,0.0,15.9375,15.9375,42.0,56.0,4.410714285714286,4.457932932498732,24.0,19.0,7.875,2.0,26.0,4.0,0.0,0.0,0.0,0.0,0.0,1.0,6.0,23.0,29.0,54.0,262.3309737368889
rq0_0076,Buse,rapidocr,26.0,26.0,0.0,0.0,10.961538461538462,10.961538461538462,38.0,57.0,5.0701754385964914,4.874483163584204,19.0,16.0,8.736842105263158,10.0,25.0,3.0,0.0,0.0,0.0,0.0,0.0,2.0,9.0,19.0,28.0,47.0,225.94568133670737
rq0_0077,Buse,rapidocr,12.0,12.0,0.0,0.0,12.666666666666666,12.666666666666666,48.0,61.0,2.262295081967213,4.844854862849321,20.0,13.0,3.8,6.0,31.0,4.0,0.0,0.0,0.0,1.3333333333333333,2.0,3.0,13.0,17.0,30.0,55.0,269.8789827584685
rq0_0078,Buse,rapidocr,21.0,21.0,0.0,0.23809523809523808,17.714285714285715,17.714285714285715,53.0,75.0,4.52,5.648688357104855,42.0,39.0,5.142857142857143,4.0,23.0,6.0,0.0,0.0,0.0,0.7619047619047619,1.0,2.0,9.0,45.0,54.0,71.0,408.59701265360627
rq0_0079,Buse,rapidocr,25.0,25.0,0.0,0.12,12.24,12.24,36.0,72.0,3.986111111111111,5.010425786784478,36.0,26.0,6.5,5.0,26.0,5.0,0.0,0.0,0.0,0.0,0.0,3.0,7.0,31.0,38.0,67.0,351.6111434007202
rq0_0080,Buse,rapidocr,10.0,10.0,0.0,0.0,12.1,12.1,44.0,28.0,4.25,3.851823225551766,11.0,9.0,8.636363636363637,2.0,14.0,1.0,0.0,0.0,0.0,0.0,0.0,2.0,5.0,10.0,15.0,26.0,101.57915548582149
rq0_0081,Buse,rapidocr,22.0,22.0,0.0,0.0,12.227272727272727,12.227272727272727,49.0,66.0,4.03030303030303,4.616141657138902,25.0,17.0,8.04,8.0,32.0,1.0,0.0,0.0,0.0,0.45454545454545453,1.0,4.0,9.0,18.0,27.0,58.0,275.7834751254812
rq0_0082,Buse,rapidocr,23.0,23.0,0.0,0.043478260869565216,12.043478260869565,12.043478260869565,33.0,59.0,4.305084745762712,5.219602109043812,46.0,36.0,5.173913043478261,1.0,11.0,1.0,0.043478260869565216,1.0,0.20393111999232305,0.0,0.0,2.0,5.0,37.0,42.0,58.0,312.7544105211681
rq0_0083,Buse,rapidocr,22.0,22.0,0.0,0.13636363636363635,14.454545454545455,14.454545454545455,49.0,82.0,3.573170731707317,5.070175328366398,38.0,28.0,5.868421052631579,4.0,34.0,6.0,0.0,0.0,0.0,0.0,0.0,2.0,8.0,34.0,42.0,78.0,420.60075897674335
rq0_0084,Buse,rapidocr,24.0,24.0,0.0,0.0,7.875,7.875,21.0,59.0,3.016949152542373,4.761643634320865,14.0,10.0,4.571428571428571,16.0,25.0,4.0,0.0,0.0,0.0,0.0,0.0,4.0,8.0,13.0,21.0,43.0,188.86964917948671
rq0_0085,Buse,rapidocr,14.0,14.0,0.0,0.0,15.714285714285714,15.714285714285714,53.0,70.0,3.142857142857143,4.282176145752264,24.0,13.0,6.125,6.0,36.0,4.0,0.0,0.0,0.0,0.0,0.0,3.0,7.0,16.0,23.0,64.0,289.50796518764884
rq0_0086,Buse,rapidocr,16.0,16.0,0.0,0.0,9.9375,9.9375,25.0,35.0,4.457142857142857,4.147439360470672,18.0,13.0,7.277777777777778,3.0,14.0,0.0,0.0,0.0,0.0,0.0,0.0,2.0,5.0,13.0,18.0,32.0,133.437600046154
rq0_0087,Buse,rapidocr,21.0,21.0,0.0,0.0,6.761904761904762,6.761904761904762,18.0,25.0,5.88,3.9132696895151087,11.0,7.0,7.454545454545454,4.0,9.0,1.0,0.0,0.0,0.0,0.9047619047619048,1.0,3.0,5.0,8.0,13.0,21.0,77.70923408096293
rq0_0088,Buse,rapidocr,26.0,26.0,0.0,0.0,12.23076923076923,12.23076923076923,43.0,75.0,4.013333333333334,5.053074564264094,34.0,28.0,6.764705882352941,8.0,30.0,3.0,0.0,0.0,0.0,0.0,0.0,4.0,8.0,31.0,39.0,67.0,354.12194866377064
rq0_0089,Buse,rapidocr,23.0,23.0,0.0,0.0,12.0,12.0,41.0,74.0,3.554054054054054,4.728281319242401,25.0,17.0,7.04,11.0,34.0,4.0,0.043478260869565216,1.0,0.20393111999232305,0.0,0.0,3.0,8.0,20.0,28.0,63.0,302.86336008962905
rq0_0090,Buse,rapidocr,17.0,17.0,0.0,0.058823529411764705,14.529411764705882,14.529411764705882,47.0,53.0,4.3584905660377355,5.194624935572815,24.0,21.0,7.708333333333333,4.0,22.0,3.0,0.0,0.0,0.0,0.7058823529411765,1.0,1.0,12.0,24.0,36.0,49.0,253.3263250706733
rq0_0091,Buse,rapidocr,26.0,26.0,0.0,0.0,13.538461538461538,13.538461538461538,48.0,78.0,4.358974358974359,4.840489085474586,28.0,21.0,8.75,12.0,34.0,4.0,0.0,0.0,0.0,0.7307692307692307,1.0,5.0,7.0,25.0,32.0,66.0,330.0
rq0_0092,Buse,rapidocr,8.0,8.0,0.0,0.0,5.125,5.125,10.0,17.0,2.3529411764705883,3.616874605956222,9.0,7.0,3.4444444444444446,1.0,7.0,0.0,0.0,0.0,0.0,0.375,1.0,2.0,5.0,7.0,12.0,16.0,57.3594000115385
rq0_0093,Buse,rapidocr,8.0,8.0,0.0,0.0,19.75,19.75,52.0,27.0,5.814814814814815,3.9121138909722286,13.0,13.0,11.0,0.0,14.0,0.0,0.0,0.0,0.0,0.0,0.0,1.0,5.0,13.0,18.0,27.0,112.58797503894243
rq0_0094,Buse,rapidocr,19.0,19.0,0.0,0.05263157894736842,8.789473684210526,8.789473684210526,27.0,37.0,4.378378378378378,4.607705730318399,16.0,15.0,7.5625,5.0,15.0,1.0,0.0,0.0,0.0,0.0,0.0,1.0,7.0,16.0,23.0,32.0,144.75398259382442
rq0_0095,Buse,rapidocr,20.0,20.0,0.0,0.0,14.6,14.6,51.0,56.0,5.196428571428571,4.5006179240266455,21.0,16.0,8.523809523809524,4.0,25.0,6.0,0.0,0.0,0.0,0.0,0.0,1.0,5.0,22.0,27.0,52.0,247.25415011250035
rq0_0096,Buse,rapidocr,13.0,13.0,0.0,0.0,11.538461538461538,11.538461538461538,52.0,45.0,3.3333333333333335,4.0810987973215855,17.0,12.0,6.823529411764706,3.0,24.0,1.0,0.0,0.0,0.0,0.0,0.0,2.0,6.0,13.0,19.0,42.0,178.41295556463058
rq0_0097,Buse,rapidocr,28.0,28.0,0.0,0.0,10.392857142857142,10.392857142857142,47.0,64.0,4.40625,4.514162751096862,28.0,16.0,7.321428571428571,3.0,28.0,5.0,0.0,0.0,0.0,0.0,0.0,2.0,7.0,21.0,28.0,61.0,293.24865024551383
rq0_0098,Buse,rapidocr,28.0,28.0,0.0,0.0,14.071428571428571,14.071428571428571,33.0,87.0,4.413793103448276,5.032561606144847,33.0,26.0,7.2727272727272725,8.0,41.0,5.0,0.0,0.0,0.0,0.6428571428571429,1.0,4.0,10.0,31.0,41.0,79.0,423.2466083648286
rq0_0099,Dorn,rapidocr,68.0,68.0,0.0,0.0,11.264705882352942,11.264705882352942,50.0,194.0,3.6907216494845363,5.610355430721918,49.0,28.0,9.346938775510203,20.0,83.0,42.0,0.0,0.0,0.0,5.264705882352941,10.0,7.0,9.0,70.0,79.0,174.0,1096.857850182816
rq0_0100,Dorn,rapidocr,84.0,84.0,0.0,0.0,15.773809523809524,15.773809523809524,56.0,153.0,8.627450980392156,5.612973577384347,55.0,37.0,8.290909090909091,7.0,65.0,26.0,0.011904761904761904,1.0,0.1084575426088607,1.4404761904761905,5.0,4.0,9.0,63.0,72.0,146.0,900.8090502105775
rq0_0101,Dorn,rapidocr,20.0,20.0,0.0,0.0,18.15,18.15,57.0,43.0,8.232558139534884,4.5829005103651115,18.0,13.0,15.222222222222221,5.0,16.0,4.0,0.0,0.0,0.0,0.7,1.0,1.0,7.0,17.0,24.0,38.0,174.22857502740393
rq0_0102,Dorn,rapidocr,8.0,8.0,0.0,0.0,10.0,10.0,33.0,23.0,3.4782608695652173,3.795088586397732,5.0,5.0,7.4,4.0,11.0,3.0,0.0,0.0,0.0,0.0,0.0,3.0,4.0,8.0,12.0,19.0,68.11428751370197
rq0_0103,Dorn,rapidocr,105.0,105.0,0.0,0.01904761904761905,17.4,17.4,56.0,279.0,6.419354838709677,6.218328381076926,102.0,71.0,8.558823529411764,21.0,111.0,45.0,0.0,0.0,0.0,1.4,4.0,3.0,11.0,116.0,127.0,258.0,1803.0806491872188
rq0_0104,Dorn,rapidocr,75.0,75.0,0.0,0.0,9.653333333333334,9.653333333333334,45.0,110.0,6.536363636363636,5.447694037122499,27.0,19.0,9.222222222222221,16.0,38.0,29.0,0.0,0.0,0.0,3.066666666666667,4.0,1.0,8.0,48.0,56.0,94.0,545.8913626734147
rq0_0105,Dorn,rapidocr,14.0,14.0,0.0,0.0,10.357142857142858,10.357142857142858,39.0,34.0,4.088235294117647,4.1973257087065035,12.0,8.0,7.5,7.0,13.0,2.0,0.0,0.0,0.0,0.0,0.0,2.0,5.0,10.0,15.0,27.0,105.48604608143
rq0_0106,Dorn,rapidocr,75.0,75.0,0.0,0.0,13.92,13.92,56.0,234.0,4.222222222222222,5.796077469001846,78.0,45.0,8.35897435897436,19.0,94.0,43.0,0.013333333333333334,1.0,0.11469767022723505,2.453333333333333,4.0,6.0,9.0,87.0,96.0,215.0,1415.7669376550487
rq0_0107,Dorn,rapidocr,39.0,39.0,0.0,0.0,13.923076923076923,13.923076923076923,53.0,140.0,3.6714285714285713,5.078939344481259,46.0,16.0,8.23913043478261,6.0,63.0,25.0,0.0,0.0,0.0,0.0,0.0,4.0,9.0,40.0,49.0,134.0,752.3711191114379
rq0_0108,Dorn,rapidocr,43.0,43.0,0.0,0.046511627906976744,9.255813953488373,9.255813953488373,46.0,118.0,3.110169491525424,5.568292042153136,42.0,26.0,6.0,7.0,44.0,25.0,0.0,0.0,0.0,1.1627906976744187,3.0,5.0,10.0,50.0,60.0,111.0,655.6648561125455
rq0_0109,Dorn,rapidocr,69.0,69.0,0.0,0.0,17.666666666666668,17.666666666666668,58.0,265.0,4.350943396226415,5.3866278797786755,73.0,31.0,8.821917808219178,28.0,120.0,44.0,0.0,0.0,0.0,4.565217391304348,8.0,9.0,11.0,73.0,84.0,237.0,1514.9792291985664
rq0_0110,Dorn,rapidocr,9.0,9.0,0.0,0.0,6.111111111111111,6.111111111111111,13.0,15.0,3.6666666666666665,3.640223928941852,7.0,6.0,5.142857142857143,2.0,5.0,1.0,0.0,0.0,0.0,0.0,0.0,1.0,4.0,7.0,11.0,13.0,44.97261104228487
rq0_0111,Dorn,rapidocr,22.0,22.0,0.0,0.13636363636363635,6.590909090909091,6.590909090909091,19.0,26.0,5.461538461538462,3.825251737288651,19.0,13.0,6.684210526315789,2.0,5.0,0.0,0.0,0.0,0.0,0.0,0.0,1.0,2.0,13.0,15.0,24.0,93.76537429460444
rq0_0112,Dorn,rapidocr,39.0,39.0,0.0,0.02564102564102564,17.076923076923077,17.076923076923077,58.0,160.0,3.8625,5.588718761046784,56.0,29.0,7.571428571428571,16.0,68.0,20.0,0.0,0.0,0.0,2.769230769230769,5.0,3.0,13.0,49.0,62.0,144.0,857.40426869571
rq0_0113,Dorn,rapidocr,80.0,80.0,0.0,0.05,12.975,12.975,59.0,252.0,3.7857142857142856,6.138635963015688,114.0,57.0,5.947368421052632,23.0,74.0,41.0,0.0125,1.0,0.11110243021644486,0.0,0.0,5.0,8.0,98.0,106.0,229.0,1540.6937840949724
rq0_0114,Dorn,rapidocr,46.0,46.0,0.0,0.0,16.76086956521739,16.76086956521739,60.0,166.0,4.481927710843373,5.582975772089656,58.0,36.0,8.89655172413793,14.0,66.0,28.0,0.0,0.0,0.0,1.391304347826087,2.0,1.0,10.0,64.0,74.0,152.0,943.8369115756004
rq0_0115,Dorn,rapidocr,9.0,9.0,0.0,0.0,12.333333333333334,12.333333333333334,24.0,24.0,4.625,3.8868421881310113,6.0,6.0,6.666666666666667,3.0,12.0,3.0,0.0,0.0,0.0,0.5555555555555556,1.0,3.0,5.0,9.0,14.0,21.0,79.9544533632097
rq0_0116,Dorn,rapidocr,92.0,92.0,0.0,0.07608695652173914,15.576086956521738,15.576086956521738,60.0,306.0,4.316993464052287,6.843905705016534,149.0,104.0,6.724832214765101,18.0,87.0,52.0,0.010869565217391304,1.0,0.10368904363227667,1.0978260869565217,3.0,2.0,12.0,156.0,168.0,288.0,2128.9874177602833
rq0_0117,Dorn,rapidocr,14.0,14.0,0.0,0.14285714285714285,10.5,10.5,24.0,36.0,3.6944444444444446,4.81562257082666,19.0,18.0,5.368421052631579,4.0,12.0,1.0,0.0,0.0,0.0,0.0,0.0,2.0,7.0,19.0,26.0,32.0,150.41407098051494
rq0_0118,Dorn,rapidocr,90.0,90.0,0.0,0.0,14.8,14.8,58.0,212.0,6.183962264150943,6.02579222496477,45.0,27.0,10.0,12.0,88.0,67.0,0.0,0.0,0.0,1.7444444444444445,3.0,1.0,10.0,93.0,103.0,200.0,1337.3001054366437
rq0_0119,Dorn,rapidocr,11.0,11.0,0.0,0.0,12.363636363636363,12.363636363636363,43.0,27.0,5.037037037037037,4.0043444463675275,11.0,11.0,8.545454545454545,5.0,11.0,0.0,0.0,0.0,0.0,0.0,0.0,1.0,4.0,11.0,15.0,22.0,85.95159310338741
rq0_0120,Dorn,rapidocr,11.0,11.0,0.0,0.0,15.090909090909092,15.090909090909092,37.0,10.0,17.1,3.1219280948873624,3.0,3.0,23.0,0.0,3.0,4.0,0.0,0.0,0.0,0.0,0.0,1.0,2.0,7.0,9.0,10.0,31.69925001442312
rq0_0121,Dorn,rapidocr,36.0,36.0,0.0,0.2222222222222222,19.583333333333332,19.583333333333332,54.0,148.0,4.168918918918919,5.281248913822905,73.0,26.0,5.958904109589041,24.0,34.0,17.0,0.0,0.0,0.0,0.0,0.0,2.0,6.0,43.0,49.0,124.0,696.2240206702859
rq0_0122,Dorn,rapidocr,45.0,45.0,0.0,0.0,16.288888888888888,16.288888888888888,56.0,160.0,4.3125,5.364110623199958,48.0,33.0,10.333333333333334,20.0,70.0,22.0,0.0,0.0,0.0,3.533333333333333,5.0,5.0,10.0,55.0,65.0,140.0,843.1314938239836
rq0_0123,Dorn,rapidocr,11.0,11.0,0.0,0.0,14.363636363636363,14.363636363636363,36.0,42.0,3.4761904761904763,4.490548304185255,18.0,15.0,5.555555555555555,5.0,17.0,2.0,0.09090909090909091,1.0,0.28747978728803447,0.0,0.0,1.0,6.0,17.0,23.0,37.0,167.37179237410948
rq0_0124,Dorn,rapidocr,13.0,13.0,0.0,0.0,18.23076923076923,18.23076923076923,42.0,43.0,5.395348837209302,4.088455744578134,21.0,17.0,9.904761904761905,1.0,20.0,1.0,0.0,0.0,0.0,0.0,0.0,2.0,4.0,18.0,22.0,42.0,187.29612798276648
rq0_0125,Dorn,rapidocr,66.0,66.0,0.0,0.12121212121212122,19.818181818181817,19.818181818181817,60.0,312.0,3.878205128205128,5.9702482029169595,169.0,103.0,5.710059171597633,13.0,97.0,33.0,0.015151515151515152,1.0,0.12215542042876588,0.0,0.0,2.0,8.0,136.0,144.0,299.0,2143.8075754312513
rq0_0126,Dorn,rapidocr,19.0,19.0,0.0,0.0,19.68421052631579,19.68421052631579,48.0,70.0,5.071428571428571,4.7896481953618615,33.0,28.0,8.969696969696969,1.0,32.0,4.0,0.05263157894736842,1.0,0.22329687826943606,0.0,0.0,1.0,9.0,32.0,41.0,69.0,369.6710883186478
rq0_0127,Dorn,rapidocr,72.0,72.0,0.0,0.1111111111111111,14.5,14.5,59.0,190.0,5.015789473684211,5.817261428725984,83.0,28.0,8.795180722891565,17.0,47.0,43.0,0.041666666666666664,1.0,0.19982631347136334,2.8194444444444446,5.0,1.0,8.0,71.0,79.0,173.0,1090.554069434639
rq0_0128,Dorn,rapidocr,48.0,48.0,0.0,0.0625,17.041666666666668,17.041666666666668,56.0,164.0,4.7560975609756095,5.850600452874699,50.0,38.0,9.9,23.0,65.0,26.0,0.0,0.0,0.0,0.0,0.0,4.0,11.0,64.0,75.0,141.0,878.2634353599192
rq0_0129,Dorn,rapidocr,65.0,65.0,0.0,0.0,9.492307692307692,9.492307692307692,36.0,97.0,6.237113402061856,5.338301845048256,23.0,14.0,18.73913043478261,15.0,21.0,38.0,0.0,0.0,0.0,0.0,0.0,1.0,3.0,52.0,55.0,82.0,474.0714965090221
rq0_0130,Dorn,rapidocr,39.0,39.0,0.0,0.0,16.153846153846153,16.153846153846153,56.0,119.0,4.957983193277311,5.249701927120326,45.0,16.0,9.377777777777778,16.0,38.0,20.0,0.0,0.0,0.0,0.20512820512820512,1.0,2.0,8.0,36.0,44.0,103.0,562.3214567196417
rq0_0131,Dorn,rapidocr,38.0,38.0,0.0,0.0,13.605263157894736,13.605263157894736,56.0,131.0,3.7099236641221376,4.872669947904155,37.0,13.0,8.108108108108109,19.0,54.0,21.0,0.0,0.0,0.0,1.894736842105263,3.0,4.0,6.0,34.0,40.0,112.0,596.0559466273846
rq0_0132,Dorn,rapidocr,22.0,22.0,0.0,0.13636363636363635,7.454545454545454,7.454545454545454,26.0,43.0,3.604651162790698,4.563022534265731,17.0,14.0,5.117647058823529,10.0,15.0,1.0,0.0,0.0,0.0,0.0,0.0,1.0,6.0,15.0,21.0,33.0,144.94647495169912
rq0_0133,Dorn,rapidocr,39.0,39.0,0.0,0.0,17.692307692307693,17.692307692307693,56.0,142.0,4.535211267605634,4.934979557628525,48.0,20.0,10.729166666666666,4.0,69.0,21.0,0.05128205128205128,1.0,0.2205724427446827,2.2051282051282053,4.0,3.0,9.0,41.0,50.0,138.0,778.852154188912
rq0_0134,Dorn,rapidocr,12.0,12.0,0.0,0.0,8.833333333333334,8.833333333333334,20.0,23.0,4.739130434782608,3.9148663038831,6.0,6.0,6.666666666666667,3.0,11.0,3.0,0.0,0.0,0.0,0.4166666666666667,1.0,3.0,5.0,9.0,14.0,20.0,76.14709844115208
rq0_0135,Dorn,rapidocr,130.0,130.0,0.0,0.0,19.161538461538463,19.161538461538463,58.0,591.0,4.006768189509306,5.511472732882548,253.0,48.0,7.071146245059288,49.0,225.0,64.0,0.0,0.0,0.0,0.0,0.0,1.0,8.0,112.0,120.0,542.0,3743.534702819817
rq0_0136,Dorn,rapidocr,74.0,74.0,0.0,0.02702702702702703,12.864864864864865,12.864864864864865,60.0,210.0,4.20952380952381,6.082620590704889,72.0,36.0,8.25,23.0,71.0,44.0,0.0,0.0,0.0,2.324324324324324,6.0,2.0,10.0,80.0,90.0,187.0,1213.9765290136493
rq0_0137,Dorn,rapidocr,54.0,54.0,0.0,0.0,21.944444444444443,21.944444444444443,57.0,226.0,5.230088495575221,4.774453821490724,84.0,54.0,12.05952380952381,1.0,117.0,24.0,0.0,0.0,0.0,0.4074074074074074,1.0,2.0,5.0,78.0,83.0,225.0,1434.383872053058
rq0_0138,Dorn,rapidocr,15.0,15.0,0.0,0.0,16.333333333333332,16.333333333333332,36.0,41.0,6.024390243902439,4.236230822885472,12.0,10.0,12.0,2.0,21.0,6.0,0.0,0.0,0.0,0.0,0.0,2.0,6.0,16.0,22.0,39.0,173.9178331268546
rq0_0139,Dorn,rapidocr,73.0,73.0,0.0,0.0410958904109589,11.219178082191782,11.219178082191782,52.0,224.0,3.361607142857143,5.755745504662333,60.0,28.0,6.966666666666667,31.0,87.0,46.0,0.0,0.0,0.0,0.547945205479452,1.0,5.0,14.0,74.0,88.0,193.0,1246.6703023969983
rq0_0140,Dorn,rapidocr,92.0,92.0,0.0,0.021739130434782608,13.315217391304348,13.315217391304348,60.0,287.0,4.062717770034843,5.975130261218917,106.0,59.0,7.113207547169812,32.0,105.0,44.0,0.010869565217391304,1.0,0.10368904363227668,0.09782608695652174,1.0,2.0,14.0,103.0,117.0,255.0,1751.9430034937682
rq0_0141,Dorn,rapidocr,39.0,39.0,0.0,0.0,19.358974358974358,19.358974358974358,56.0,134.0,5.335820895522388,5.4281337564096495,48.0,25.0,10.916666666666666,20.0,46.0,20.0,0.0,0.0,0.0,2.41025641025641,4.0,2.0,9.0,45.0,54.0,114.0,656.0571752466353
rq0_0142,Dorn,rapidocr,45.0,45.0,0.0,0.0,13.466666666666667,13.466666666666667,55.0,154.0,3.642857142857143,5.433559066719947,46.0,26.0,7.804347826086956,12.0,70.0,26.0,0.0,0.0,0.0,3.7555555555555555,6.0,4.0,12.0,52.0,64.0,142.0,852.0
rq0_0143,Dorn,rapidocr,11.0,11.0,0.0,0.0,44.90909090909091,44.90909090909091,52.0,91.0,5.428571428571429,3.3676380732647515,30.0,12.0,13.066666666666666,10.0,50.0,1.0,0.0,0.0,0.0,0.0,0.0,1.0,4.0,13.0,17.0,81.0,331.08449014127746
rq0_0144,Dorn,rapidocr,16.0,16.0,0.0,0.0,17.3125,17.3125,48.0,45.0,5.977777777777778,4.6312074084807735,18.0,16.0,12.166666666666666,4.0,20.0,3.0,0.0625,1.0,0.24206145913796356,1.0625,2.0,2.0,7.0,19.0,26.0,41.0,192.71802844378476
rq0_0145,Dorn,rapidocr,9.0,9.0,0.0,0.0,9.444444444444445,9.444444444444445,22.0,17.0,4.9411764705882355,3.1751231351134606,3.0,3.0,15.666666666666666,6.0,7.0,1.0,0.0,0.0,0.0,0.0,0.0,1.0,3.0,4.0,7.0,11.0,30.880904142633646
rq0_0146,Dorn,rapidocr,55.0,55.0,0.0,0.21818181818181817,17.072727272727274,17.072727272727274,59.0,220.0,3.672727272727273,6.7424763852192235,134.0,102.0,4.858208955223881,6.0,43.0,37.0,0.01818181818181818,1.0,0.133608531424537,0.0,0.0,1.0,6.0,135.0,141.0,214.0,1527.8639894133419
rq0_0147,Dorn,rapidocr,11.0,11.0,0.0,0.18181818181818182,22.818181818181817,22.818181818181817,57.0,33.0,7.181818181818182,4.392582755590971,18.0,12.0,11.666666666666666,3.0,11.0,1.0,0.0,0.0,0.0,0.0,0.0,1.0,7.0,13.0,20.0,30.0,129.65784284662087
rq0_0148,Dorn,rapidocr,100.0,100.0,0.0,0.0,16.33,16.33,57.0,363.0,4.333333333333333,5.682443773530604,143.0,53.0,8.265734265734265,25.0,142.0,53.0,0.0,0.0,0.0,2.72,5.0,5.0,7.0,106.0,113.0,338.0,2305.2204892963337
rq0_0149,Dorn,rapidocr,80.0,80.0,0.0,0.0875,14.15,14.15,59.0,261.0,3.8314176245210727,7.009035721688255,135.0,106.0,5.4,20.0,60.0,46.0,0.0125,1.0,0.11110243021644485,1.6625,6.0,3.0,11.0,152.0,163.0,241.0,1771.0434851696896
rq0_0150,Dorn,rapidocr,45.0,45.0,0.0,0.0,4.777777777777778,4.777777777777778,23.0,57.0,3.6842105263157894,5.153432892178767,14.0,9.0,5.142857142857143,7.0,14.0,22.0,0.022222222222222223,1.0,0.14740554623801777,1.6666666666666667,2.0,6.0,8.0,31.0,39.0,50.0,264.27011094311246
rq0_0151,Dorn,rapidocr,87.0,87.0,0.0,0.0,14.827586206896552,14.827586206896552,56.0,146.0,8.979452054794521,5.393310624879972,54.0,34.0,7.444444444444445,15.0,57.0,20.0,0.0,0.0,0.0,4.988505747126437,10.0,4.0,7.0,54.0,61.0,131.0,776.9265912207381
rq0_0152,Dorn,rapidocr,79.0,79.0,0.0,0.02531645569620253,13.455696202531646,13.455696202531646,56.0,283.0,3.501766784452297,6.09447289953801,87.0,50.0,7.183908045977011,23.0,124.0,49.0,0.0,0.0,0.0,2.240506329113924,5.0,4.0,15.0,97.0,112.0,260.0,1769.912279734977
rq0_0153,Dorn,rapidocr,18.0,18.0,0.0,0.1111111111111111,9.61111111111111,9.61111111111111,31.0,39.0,4.076923076923077,4.496815359832416,21.0,13.0,5.523809523809524,6.0,11.0,1.0,0.0,0.0,0.0,0.0,0.0,1.0,6.0,14.0,20.0,33.0,142.62362713128297
rq0_0154,Dorn,rapidocr,12.0,12.0,0.0,0.0,9.833333333333334,9.833333333333334,27.0,29.0,4.068965517241379,4.099360305472399,10.0,8.0,7.0,6.0,12.0,1.0,0.0,0.0,0.0,0.0,0.0,1.0,5.0,9.0,14.0,23.0,87.56916320732489
rq0_0155,Dorn,rapidocr,38.0,38.0,0.0,0.0,12.157894736842104,12.157894736842104,56.0,123.0,3.5772357723577235,5.092551787486452,38.0,22.0,7.526315789473684,12.0,52.0,21.0,0.0,0.0,0.0,0.0,0.0,3.0,7.0,43.0,50.0,111.0,626.4680370649944
rq0_0156,Dorn,rapidocr,8.0,8.0,0.0,0.0,19.5,19.5,35.0,37.0,4.027027027027027,4.280682339234348,14.0,11.0,7.928571428571429,4.0,18.0,1.0,0.0,0.0,0.0,0.875,2.0,2.0,7.0,12.0,19.0,33.0,140.1816079436383
rq0_0157,Dorn,rapidocr,56.0,56.0,0.0,0.017857142857142856,17.785714285714285,17.785714285714285,60.0,186.0,5.145161290322581,5.70864255670664,67.0,35.0,8.686567164179104,25.0,61.0,33.0,0.0,0.0,0.0,0.0,0.0,2.0,9.0,68.0,77.0,161.0,1008.952633051879
rq0_0158,Dorn,rapidocr,9.0,9.0,0.0,0.0,15.11111111111111,15.11111111111111,41.0,28.0,4.928571428571429,3.994680368408909,9.0,9.0,6.888888888888889,1.0,14.0,4.0,0.0,0.0,0.0,0.0,0.0,2.0,5.0,13.0,18.0,27.0,112.58797503894243
rq0_0159,Dorn,rapidocr,90.0,90.0,0.0,0.011111111111111112,16.766666666666666,16.766666666666666,60.0,290.0,4.989655172413793,6.030851501370908,108.0,57.0,10.342592592592593,22.0,112.0,48.0,0.0,0.0,0.0,2.1444444444444444,4.0,1.0,9.0,105.0,114.0,268.0,1831.2145237961506
rq0_0160,Dorn,rapidocr,17.0,17.0,0.0,0.11764705882352941,13.352941176470589,13.352941176470589,40.0,48.0,4.583333333333333,4.662782031835939,20.0,16.0,8.15,6.0,20.0,2.0,0.0,0.0,0.0,0.0,0.0,1.0,7.0,18.0,25.0,42.0,195.04195997053841
rq0_0161,Dorn,rapidocr,79.0,79.0,0.0,0.0379746835443038,12.987341772151899,12.987341772151899,58.0,240.0,3.941666666666667,6.144215859625458,98.0,45.0,6.244897959183674,12.0,76.0,54.0,0.0,0.0,0.0,0.26582278481012656,1.0,4.0,11.0,98.0,109.0,228.0,1543.1460260491392
rq0_0162,Dorn,rapidocr,20.0,20.0,0.0,0.1,14.7,14.7,53.0,59.0,4.915254237288136,4.153166777882049,27.0,17.0,8.185185185185185,6.0,23.0,3.0,0.0,0.0,0.0,0.0,0.0,1.0,4.0,20.0,24.0,53.0,243.00301253822127
rq0_0163,Dorn,rapidocr,67.0,67.0,0.0,0.0,13.91044776119403,13.91044776119403,55.0,196.0,4.530612244897959,5.728530636052636,67.0,38.0,9.940298507462687,14.0,78.0,37.0,0.0,0.0,0.0,3.2388059701492535,5.0,7.0,8.0,75.0,83.0,182.0,1160.2571765051403
rq0_0164,Dorn,rapidocr,14.0,14.0,0.0,0.07142857142857142,16.714285714285715,16.714285714285715,55.0,34.0,6.764705882352941,4.51364592935837,12.0,11.0,14.0,3.0,15.0,4.0,0.0,0.0,0.0,0.42857142857142855,1.0,1.0,8.0,15.0,23.0,31.0,140.2304206377674
rq0_0165,Dorn,rapidocr,11.0,11.0,0.0,0.09090909090909091,14.818181818181818,14.818181818181818,52.0,33.0,4.757575757575758,4.268344408011884,12.0,10.0,8.833333333333334,6.0,14.0,1.0,0.0,0.0,0.0,0.0,0.0,1.0,6.0,11.0,17.0,27.0,110.36149671375915
rq0_0166,Dorn,rapidocr,45.0,45.0,0.0,0.0,18.11111111111111,18.11111111111111,54.0,189.0,4.227513227513228,4.711703431700387,56.0,35.0,10.982142857142858,7.0,101.0,25.0,0.0,0.0,0.0,0.17777777777777778,1.0,2.0,7.0,59.0,66.0,182.0,1100.0797297232384
rq0_0167,Dorn,rapidocr,91.0,91.0,0.0,0.06593406593406594,16.494505494505493,16.494505494505493,55.0,219.0,6.392694063926941,6.236685349104644,117.0,57.0,5.641025641025641,30.0,37.0,35.0,0.01098901098901099,1.0,0.10425091187368282,0.0,0.0,8.0,9.0,91.0,100.0,189.0,1255.6888198674228
rq0_0168,Dorn,rapidocr,11.0,11.0,0.0,0.0,12.0,12.0,42.0,32.0,3.9375,4.116729296672175,13.0,10.0,6.769230769230769,3.0,14.0,2.0,0.0,0.0,0.0,0.0,0.0,2.0,6.0,12.0,18.0,29.0,120.92782504182705
rq0_0169,Dorn,rapidocr,53.0,53.0,0.0,0.0,15.981132075471699,15.981132075471699,56.0,152.0,5.355263157894737,5.788394066574617,57.0,41.0,10.578947368421053,7.0,59.0,29.0,0.0,0.0,0.0,0.6226415094339622,2.0,2.0,8.0,70.0,78.0,145.0,911.383321735026
rq0_0170,Dorn,rapidocr,45.0,45.0,0.0,0.0,18.11111111111111,18.11111111111111,48.0,161.0,4.913043478260869,5.381231721623049,58.0,29.0,11.068965517241379,7.0,71.0,25.0,0.0,0.0,0.0,0.0,0.0,4.0,9.0,54.0,63.0,154.0,920.5011082189872
rq0_0171,Dorn,rapidocr,80.0,80.0,0.0,0.0,13.225,13.225,56.0,291.0,3.422680412371134,5.5862744290418735,110.0,35.0,5.990909090909091,28.0,103.0,50.0,0.0125,1.0,0.11110243021644485,1.975,4.0,4.0,9.0,85.0,94.0,263.0,1723.8568679912187
rq0_0172,Dorn,rapidocr,23.0,23.0,0.0,0.08695652173913043,6.478260869565218,6.478260869565218,19.0,34.0,4.147058823529412,4.51364592935837,14.0,14.0,5.714285714285714,10.0,8.0,2.0,0.0,0.0,0.0,0.0,0.0,1.0,4.0,16.0,20.0,24.0,103.72627427729671
rq0_0173,Dorn,rapidocr,64.0,64.0,0.0,0.015625,16.671875,16.671875,60.0,279.0,3.4050179211469533,6.760603308107321,166.0,114.0,4.728915662650603,5.0,75.0,33.0,0.0,0.0,0.0,0.0,0.0,4.0,11.0,146.0,157.0,274.0,1998.7260851963058
rq0_0174,Dorn,rapidocr,18.0,18.0,0.0,0.0,14.38888888888889,14.38888888888889,24.0,22.0,11.727272727272727,3.7321588913645702,14.0,9.0,16.357142857142858,4.0,3.0,1.0,0.0,0.0,0.0,0.0,0.0,1.0,2.0,10.0,12.0,18.0,64.5293250129808
rq0_0175,Dorn,rapidocr,16.0,16.0,0.0,0.0,16.0,16.0,42.0,69.0,3.63768115942029,4.458781066607339,28.0,19.0,6.75,4.0,35.0,2.0,0.0,0.0,0.0,0.0,0.0,1.0,8.0,21.0,29.0,65.0,315.76876468329215
rq0_0176,Dorn,rapidocr,79.0,79.0,0.0,0.0,15.253164556962025,15.253164556962025,52.0,285.0,4.15438596491228,5.052233078995491,91.0,30.0,9.043956043956044,8.0,136.0,50.0,0.0,0.0,0.0,1.9873417721518987,5.0,3.0,7.0,79.0,86.0,277.0,1780.075337052481
rq0_0177,Dorn,rapidocr,101.0,101.0,0.0,0.06930693069306931,15.851485148514852,15.851485148514852,60.0,342.0,4.2631578947368425,7.039642938373764,171.0,125.0,6.555555555555555,22.0,88.0,61.0,0.04950495049504951,1.0,0.21691982475452123,0.0,0.0,3.0,10.0,185.0,195.0,320.0,2434.3457003998756
rq0_0178,Dorn,rapidocr,97.0,97.0,0.0,0.041237113402061855,7.979381443298969,7.979381443298969,38.0,160.0,4.55,5.785654854823827,70.0,25.0,7.757142857142857,13.0,37.0,40.0,0.0,0.0,0.0,0.0,0.0,1.0,9.0,63.0,72.0,147.0,906.9789752120199
rq0_0179,Dorn,rapidocr,41.0,41.0,0.0,0.0,14.073170731707316,14.073170731707316,53.0,153.0,3.5359477124183005,5.365883983762863,52.0,32.0,7.538461538461538,8.0,73.0,20.0,0.0,0.0,0.0,0.6585365853658537,3.0,4.0,10.0,52.0,62.0,145.0,863.3584650060968
rq0_0180,Dorn,rapidocr,47.0,47.0,0.0,0.0,19.914893617021278,19.914893617021278,57.0,146.0,6.239726027397261,5.146676530014338,43.0,16.0,12.906976744186046,9.0,63.0,31.0,0.0,0.0,0.0,2.276595744680851,4.0,5.0,7.0,46.0,53.0,137.0,784.7251022751582
rq0_0181,Dorn,rapidocr,18.0,18.0,0.0,0.05555555555555555,12.38888888888889,12.38888888888889,43.0,46.0,4.739130434782608,4.4043457939838815,20.0,15.0,8.2,6.0,19.0,1.0,0.0,0.0,0.0,0.0,0.0,1.0,5.0,16.0,21.0,40.0,175.69269691115042
rq0_0182,Dorn,rapidocr,16.0,16.0,0.0,0.0,21.3125,21.3125,53.0,89.0,3.831460674157303,3.35561450431796,41.0,16.0,6.2926829268292686,7.0,40.0,1.0,0.0,0.0,0.0,0.0,0.0,1.0,2.0,17.0,19.0,82.0,348.330056102374
rq0_0183,Dorn,rapidocr,78.0,78.0,0.0,0.0,17.807692307692307,17.807692307692307,58.0,325.0,4.0430769230769235,5.839188717472659,111.0,54.0,8.522522522522523,20.0,150.0,44.0,0.0,0.0,0.0,4.4743589743589745,8.0,3.0,12.0,98.0,110.0,305.0,2068.3147126250215
rq0_0184,Dorn,rapidocr,8.0,8.0,0.0,0.0,12.0,12.0,29.0,17.0,5.647058823529412,3.1751231351134606,5.0,3.0,12.6,5.0,7.0,0.0,0.0,0.0,0.0,0.0,0.0,1.0,3.0,3.0,6.0,12.0,31.019550008653873
rq0_0185,Dorn,rapidocr,18.0,18.0,0.0,0.0,24.0,24.0,56.0,91.0,4.549450549450549,4.818452082351642,39.0,23.0,8.051282051282051,11.0,35.0,6.0,0.0,0.0,0.0,0.0,0.0,1.0,7.0,29.0,36.0,80.0,413.594000115385
rq0_0186,Dorn,rapidocr,44.0,44.0,0.0,0.13636363636363635,15.318181818181818,15.318181818181818,60.0,163.0,3.705521472392638,6.145383621712908,78.0,55.0,5.487179487179487,13.0,49.0,23.0,0.0,0.0,0.0,1.5454545454545454,2.0,4.0,13.0,78.0,91.0,150.0,976.1691960298044
rq0_0187,Dorn,rapidocr,8.0,8.0,0.0,0.0,12.25,12.25,51.0,24.0,4.041666666666667,3.8868421881310113,5.0,5.0,8.8,4.0,12.0,3.0,0.0,0.0,0.0,0.625,1.0,3.0,5.0,8.0,13.0,20.0,74.00879436282185
rq0_0188,Dorn,rapidocr,78.0,78.0,0.0,0.01282051282051282,13.371794871794872,13.371794871794872,53.0,224.0,4.21875,6.287282362997141,109.0,53.0,6.651376146788991,16.0,56.0,43.0,0.0,0.0,0.0,1.5,4.0,2.0,8.0,96.0,104.0,208.0,1393.691461373347
rq0_0189,Scalabrino,rapidocr,23.0,23.0,0.0,0.08695652173913043,13.08695652173913,13.08695652173913,56.0,86.0,3.2209302325581395,5.133505779240078,29.0,19.0,5.862068965517241,11.0,37.0,9.0,0.0,0.0,0.0,2.347826086956522,3.0,1.0,9.0,28.0,37.0,75.0,390.70900242217124
rq0_0190,Scalabrino,rapidocr,67.0,67.0,0.0,0.014925373134328358,15.746268656716419,15.746268656716419,55.0,154.0,6.681818181818182,5.794144252615872,59.0,43.0,6.864406779661017,10.0,66.0,19.0,0.04477611940298507,1.0,0.20681203672464207,3.08955223880597,6.0,4.0,15.0,62.0,77.0,144.0,902.4172618600658
rq0_0191,Scalabrino,rapidocr,96.0,96.0,0.0,0.010416666666666666,16.916666666666668,16.916666666666668,52.0,354.0,4.378531073446328,5.622417315152337,132.0,65.0,9.015151515151516,29.0,147.0,46.0,0.010416666666666666,1.0,0.1015291077584267,0.8541666666666666,1.0,3.0,12.0,111.0,123.0,325.0,2256.317214235253
rq0_0192,Scalabrino,rapidocr,39.0,39.0,0.0,0.02564102564102564,9.461538461538462,9.461538461538462,53.0,80.0,4.325,5.150070520364182,43.0,26.0,6.651162790697675,2.0,20.0,15.0,0.0,0.0,0.0,0.8717948717948718,1.0,1.0,6.0,41.0,47.0,78.0,433.2579304308557
rq0_0193,Scalabrino,rapidocr,53.0,53.0,0.0,0.03773584905660377,16.358490566037737,16.358490566037737,53.0,155.0,5.451612903225806,5.429788901208599,55.0,34.0,12.054545454545455,8.0,64.0,28.0,0.0,0.0,0.0,0.9245283018867925,1.0,1.0,9.0,61.0,70.0,147.0,901.0046034909101
rq0_0194,Scalabrino,rapidocr,20.0,20.0,0.0,0.05,10.2,10.2,43.0,65.0,2.6769230769230767,5.13199392101419,22.0,17.0,3.909090909090909,8.0,25.0,10.0,0.0,0.0,0.0,2.9,4.0,3.0,10.0,27.0,37.0,57.0,296.93884184085016
rq0_0195,Scalabrino,rapidocr,59.0,59.0,0.0,0.0,14.135593220338983,14.135593220338983,44.0,134.0,6.022388059701493,5.663562938337512,57.0,36.0,5.9298245614035086,10.0,48.0,19.0,0.03389830508474576,1.0,0.1809674280005307,1.576271186440678,3.0,4.0,9.0,55.0,64.0,124.0,744.0
rq0_0196,Scalabrino,rapidocr,51.0,51.0,0.0,0.0,13.549019607843137,13.549019607843137,52.0,221.0,2.9502262443438916,5.130191047219295,69.0,34.0,5.768115942028985,10.0,109.0,33.0,0.0,0.0,0.0,1.7843137254901962,4.0,7.0,8.0,65.0,73.0,211.0,1306.0529819236838
rq0_0197,Scalabrino,rapidocr,52.0,52.0,0.0,0.17307692307692307,15.75,15.75,55.0,205.0,3.551219512195122,6.322054353308644,87.0,59.0,6.310344827586207,12.0,78.0,28.0,0.0,0.0,0.0,1.5192307692307692,3.0,4.0,16.0,86.0,102.0,193.0,1287.7780910004985
rq0_0198,Scalabrino,rapidocr,39.0,39.0,0.0,0.0,15.102564102564102,15.102564102564102,52.0,174.0,3.1206896551724137,5.08090393084817,56.0,25.0,6.625,12.0,89.0,17.0,0.02564102564102564,1.0,0.15806189751202507,3.3846153846153846,5.0,6.0,11.0,42.0,53.0,162.0,927.9231136392382
rq0_0199,Scalabrino,rapidocr,22.0,22.0,0.0,0.13636363636363635,19.727272727272727,19.727272727272727,53.0,112.0,3.6964285714285716,4.852956451521848,41.0,32.0,7.902439024390244,4.0,59.0,8.0,0.0,0.0,0.0,1.4545454545454546,2.0,3.0,9.0,40.0,49.0,108.0,606.3886631644425
rq0_0200,Scalabrino,rapidocr,66.0,66.0,0.0,0.0,16.181818181818183,16.181818181818183,60.0,113.0,9.451327433628318,5.7047459651846495,42.0,37.0,8.928571428571429,6.0,48.0,17.0,0.030303030303030304,1.0,0.17141982574219336,2.272727272727273,4.0,2.0,13.0,54.0,67.0,107.0,649.0715433789816
rq0_0201,Scalabrino,rapidocr,73.0,73.0,0.0,0.0,14.561643835616438,14.561643835616438,52.0,236.0,4.22457627118644,5.9777558983800905,75.0,45.0,7.693333333333333,18.0,102.0,41.0,0.0,0.0,0.0,2.712328767123288,4.0,6.0,14.0,85.0,99.0,218.0,1445.1997431773548
rq0_0202,Scalabrino,rapidocr,77.0,77.0,0.0,0.0,11.922077922077921,11.922077922077921,47.0,215.0,4.088372093023255,5.663748311289538,71.0,34.0,4.943661971830986,17.0,95.0,32.0,0.025974025974025976,1.0,0.1590577755054012,3.9220779220779223,5.0,8.0,14.0,64.0,78.0,198.0,1244.5096393347253
rq0_0203,Scalabrino,rapidocr,33.0,33.0,0.0,0.0,14.484848484848484,14.484848484848484,51.0,127.0,3.52755905511811,4.552689806256712,61.0,27.0,5.852459016393443,4.0,55.0,7.0,0.0,0.0,0.0,0.0,0.0,1.0,7.0,34.0,41.0,123.0,658.9788965680243
rq0_0204,Scalabrino,rapidocr,87.0,87.0,0.0,0.022988505747126436,21.804597701149426,21.804597701149426,52.0,173.0,10.913294797687861,5.921402625468794,57.0,33.0,10.649122807017545,10.0,53.0,53.0,0.0,0.0,0.0,0.9540229885057471,1.0,1.0,9.0,82.0,91.0,163.0,1060.7705263523876
rq0_0205,Scalabrino,rapidocr,15.0,15.0,0.0,0.06666666666666667,19.133333333333333,19.133333333333333,39.0,45.0,6.266666666666667,3.802964207440786,11.0,10.0,21.363636363636363,2.0,28.0,4.0,0.0,0.0,0.0,0.8,1.0,1.0,6.0,14.0,20.0,43.0,185.8429080801566
rq0_0206,Scalabrino,rapidocr,51.0,51.0,0.0,0.0392156862745098,22.313725490196077,22.313725490196077,53.0,225.0,4.791111111111111,5.17479944581594,69.0,35.0,10.028985507246377,4.0,106.0,46.0,0.0,0.0,0.0,0.9215686274509803,1.0,1.0,8.0,76.0,84.0,221.0,1412.7021504341062
rq0_0207,Scalabrino,rapidocr,35.0,35.0,0.0,0.05714285714285714,21.514285714285716,21.514285714285716,52.0,117.0,6.119658119658119,5.152306276901694,34.0,21.0,12.205882352941176,8.0,50.0,25.0,0.0,0.0,0.0,0.9142857142857143,1.0,1.0,9.0,46.0,55.0,109.0,630.168208774188
rq0_0208,Scalabrino,rapidocr,53.0,53.0,0.0,0.11320754716981132,15.18867924528302,15.18867924528302,56.0,147.0,5.183673469387755,5.756535948955397,49.0,33.0,7.714285714285714,17.0,53.0,28.0,0.018867924528301886,1.0,0.1360585386967543,1.849056603773585,2.0,7.0,10.0,61.0,71.0,130.0,799.4671255356087
rq0_0209,Scalabrino,rapidocr,33.0,33.0,0.0,0.06060606060606061,23.606060606060606,23.606060606060606,54.0,160.0,4.575,4.713401427325536,49.0,20.0,9.653061224489797,2.0,80.0,29.0,0.0,0.0,0.0,0.9090909090909091,1.0,1.0,8.0,49.0,57.0,158.0,921.5966222380291
rq0_0210,Scalabrino,rapidocr,73.0,73.0,0.0,0.0547945205479452,18.273972602739725,18.273972602739725,55.0,272.0,4.4338235294117645,6.0345551212719695,115.0,42.0,6.182608695652174,27.0,86.0,44.0,0.0273972602739726,1.0,0.16323801764127377,2.3698630136986303,4.0,7.0,10.0,84.0,94.0,245.0,1605.8742686610212
rq0_0211,Scalabrino,rapidocr,68.0,68.0,0.0,0.0,21.426470588235293,21.426470588235293,60.0,242.0,5.7190082644628095,5.9352138081018175,98.0,62.0,11.86734693877551,11.0,99.0,34.0,0.0,0.0,0.0,2.161764705882353,3.0,4.0,12.0,96.0,108.0,231.0,1560.3790129997612
rq0_0212,Scalabrino,rapidocr,45.0,45.0,0.0,0.022222222222222223,18.77777777777778,18.77777777777778,60.0,141.0,5.716312056737588,5.611755538566689,57.0,41.0,8.929824561403509,11.0,53.0,20.0,0.0,0.0,0.0,0.37777777777777777,1.0,4.0,10.0,61.0,71.0,130.0,799.4671255356087
rq0_0213,Scalabrino,rapidocr,52.0,52.0,0.0,0.019230769230769232,16.423076923076923,16.423076923076923,60.0,157.0,5.063694267515924,5.325482353177809,59.0,30.0,10.932203389830509,9.0,62.0,27.0,0.0,0.0,0.0,4.5,6.0,5.0,8.0,57.0,65.0,148.0,891.3104363282113
rq0_0214,Scalabrino,rapidocr,76.0,76.0,0.0,0.013157894736842105,20.42105263157895,20.42105263157895,60.0,317.0,4.561514195583596,6.442167381150268,139.0,94.0,7.654676258992806,13.0,122.0,43.0,0.0,0.0,0.0,1.894736842105263,3.0,5.0,15.0,137.0,152.0,304.0,2203.36996408685
rq0_0215,Scalabrino,rapidocr,38.0,38.0,0.0,0.07894736842105263,18.236842105263158,18.236842105263158,56.0,146.0,4.184931506849315,6.102886902991079,70.0,53.0,6.671428571428572,13.0,45.0,18.0,0.0,0.0,0.0,1.263157894736842,4.0,4.0,13.0,71.0,84.0,133.0,850.1782172295751
rq0_0216,Scalabrino,rapidocr,47.0,47.0,0.0,0.0,17.595744680851062,17.595744680851062,52.0,174.0,4.35632183908046,5.819009836204742,65.0,41.0,8.615384615384615,16.0,70.0,23.0,0.0,0.0,0.0,1.6595744680851063,4.0,4.0,12.0,64.0,76.0,158.0,987.1725471240865
rq0_0217,Scalabrino,rapidocr,92.0,92.0,0.0,0.010869565217391304,16.043478260869566,16.043478260869566,54.0,341.0,3.967741935483871,6.291400855221983,127.0,66.0,8.039370078740157,18.0,145.0,51.0,0.010869565217391304,1.0,0.10368904363227668,2.0543478260869565,3.0,5.0,20.0,112.0,132.0,323.0,2275.3393005527805
rq0_0218,Scalabrino,rapidocr,23.0,23.0,0.0,0.0,25.130434782608695,25.130434782608695,52.0,171.0,3.0350877192982457,4.6215366000988185,58.0,24.0,6.120689655172414,8.0,97.0,8.0,0.0,0.0,0.0,1.7391304347826086,2.0,3.0,10.0,32.0,42.0,163.0,878.947739912938
rq0_0219,Scalabrino,rapidocr,31.0,31.0,0.0,0.0,16.580645161290324,16.580645161290324,60.0,114.0,4.157894736842105,5.295126710643082,41.0,29.0,6.853658536585366,10.0,50.0,13.0,0.03225806451612903,1.0,0.17668469596940847,2.5483870967741935,3.0,3.0,11.0,42.0,53.0,104.0,595.7037272745727
rq0_0220,Scalabrino,rapidocr,49.0,49.0,0.0,0.02040816326530612,17.122448979591837,17.122448979591837,56.0,179.0,4.5195530726256985,5.325261331480287,69.0,41.0,9.130434782608695,14.0,73.0,23.0,0.0,0.0,0.0,0.8367346938775511,1.0,2.0,8.0,64.0,72.0,165.0,1018.0376252379815
rq0_0221,Scalabrino,rapidocr,29.0,29.0,0.0,0.06896551724137931,11.10344827586207,11.10344827586207,53.0,96.0,3.0104166666666665,5.3439684599944135,31.0,21.0,4.709677419354839,16.0,37.0,12.0,0.0,0.0,0.0,0.9310344827586207,2.0,5.0,11.0,33.0,44.0,80.0,436.75452949098377
rq0_0222,Scalabrino,rapidocr,62.0,62.0,0.0,0.016129032258064516,12.483870967741936,12.483870967741936,53.0,245.0,2.804081632653061,5.730447417114676,75.0,38.0,5.1466666666666665,29.0,110.0,31.0,0.0,0.0,0.0,4.661290322580645,9.0,11.0,15.0,69.0,84.0,216.0,1380.7405633202122
rq0_0223,Scalabrino,rapidocr,79.0,79.0,0.0,0.0379746835443038,15.455696202531646,15.455696202531646,56.0,319.0,3.4106583072100314,6.220615848300385,129.0,63.0,5.976744186046512,24.0,124.0,42.0,0.0,0.0,0.0,1.5569620253164558,5.0,10.0,15.0,104.0,119.0,295.0,2033.9712401758434
rq0_0224,Scalabrino,rapidocr,53.0,53.0,0.0,0.018867924528301886,13.264150943396226,13.264150943396226,54.0,202.0,3.0742574257425743,5.817386790242816,83.0,41.0,4.554216867469879,27.0,67.0,25.0,0.018867924528301886,1.0,0.13605853869675427,1.7924528301886793,5.0,9.0,13.0,66.0,79.0,175.0,1103.161630930993
rq0_0225,Scalabrino,rapidocr,83.0,83.0,0.0,0.0,15.216867469879517,15.216867469879517,60.0,244.0,4.94672131147541,5.532441556454261,83.0,41.0,11.204819277108435,17.0,101.0,43.0,0.0,0.0,0.0,2.5180722891566263,5.0,10.0,11.0,83.0,94.0,227.0,1487.8916693308238
rq0_0226,Scalabrino,rapidocr,64.0,64.0,0.0,0.109375,15.375,15.375,55.0,274.0,3.1313868613138687,6.3950875271776315,135.0,78.0,4.644444444444445,17.0,89.0,33.0,0.015625,1.0,0.12401959270615269,2.34375,5.0,6.0,14.0,111.0,125.0,257.0,1790.2065611581563
rq0_0227,Scalabrino,rapidocr,50.0,50.0,0.0,0.04,16.8,16.8,48.0,207.0,3.893719806763285,4.655108554868792,79.0,24.0,7.7215189873417724,17.0,90.0,21.0,0.0,0.0,0.0,0.92,1.0,2.0,9.0,45.0,54.0,190.0,1093.4286254110589
rq0_0228,Scalabrino,rapidocr,43.0,43.0,0.0,0.0,16.069767441860463,16.069767441860463,56.0,203.0,3.1133004926108376,5.547800758152847,63.0,37.0,6.571428571428571,12.0,103.0,25.0,0.0,0.0,0.0,1.5116279069767442,3.0,5.0,14.0,62.0,76.0,191.0,1193.3541550677248
rq0_0229,Scalabrino,rapidocr,34.0,34.0,0.0,0.058823529411764705,17.08823529411765,17.08823529411765,59.0,133.0,4.135338345864661,5.091178262829638,44.0,26.0,8.840909090909092,9.0,65.0,15.0,0.0,0.0,0.0,0.6764705882352942,2.0,4.0,12.0,41.0,53.0,124.0,710.2621363658367
rq0_0230,Scalabrino,rapidocr,51.0,51.0,0.0,0.0196078431372549,12.843137254901961,12.843137254901961,42.0,185.0,3.1297297297297297,5.5379535232108426,65.0,31.0,6.030769230769231,14.0,81.0,25.0,0.058823529411764705,1.0,0.23529411764705882,5.137254901960785,8.0,7.0,12.0,55.0,67.0,171.0,1037.301251568279
rq0_0231,Scalabrino,rapidocr,50.0,50.0,0.0,0.0,14.06,14.06,60.0,156.0,4.256410256410256,5.648972807159891,52.0,36.0,8.01923076923077,14.0,68.0,22.0,0.06,1.0,0.23748684174075835,1.98,3.0,4.0,15.0,58.0,73.0,142.0,878.9550873609625
rq0_0232,Scalabrino,rapidocr,51.0,51.0,0.0,0.0,14.137254901960784,14.137254901960784,42.0,195.0,3.3846153846153846,5.466402466864649,60.0,33.0,7.766666666666667,12.0,95.0,28.0,0.0,0.0,0.0,3.6470588235294117,5.0,7.0,13.0,60.0,73.0,183.0,1132.7378942750431
rq0_0233,Scalabrino,rapidocr,70.0,70.0,0.0,0.08571428571428572,15.014285714285714,15.014285714285714,55.0,289.0,3.328719723183391,6.112231502805977,120.0,62.0,5.941666666666666,15.0,120.0,34.0,0.02857142857142857,1.0,0.16659862556700858,1.042857142857143,2.0,4.0,19.0,96.0,115.0,274.0,1875.6642739587587
rq0_0234,Scalabrino,rapidocr,29.0,29.0,0.0,0.06896551724137931,23.275862068965516,23.275862068965516,60.0,139.0,4.525179856115108,5.831132028079182,61.0,53.0,8.327868852459016,8.0,58.0,12.0,0.0,0.0,0.0,1.9310344827586208,3.0,4.0,11.0,65.0,76.0,131.0,818.4785042611097
rq0_0235,Scalabrino,rapidocr,51.0,51.0,0.0,0.0196078431372549,19.0,19.0,55.0,244.0,3.610655737704918,5.552528319787213,88.0,43.0,6.795454545454546,25.0,108.0,23.0,0.058823529411764705,1.0,0.23529411764705882,2.196078431372549,4.0,6.0,14.0,66.0,80.0,219.0,1384.5022527803324
rq0_0236,Scalabrino,rapidocr,20.0,20.0,0.0,0.05,17.25,17.25,60.0,53.0,6.30188679245283,4.911237199560477,22.0,19.0,12.727272727272727,4.0,20.0,7.0,0.0,0.0,0.0,0.9,1.0,1.0,8.0,26.0,34.0,49.0,249.2856792212666
rq0_0237,Scalabrino,rapidocr,101.0,101.0,0.0,0.0,14.287128712871286,14.287128712871286,57.0,162.0,8.95679012345679,5.58520741383603,55.0,30.0,6.109090909090909,9.0,68.0,30.0,0.009900990099009901,1.0,0.09900990099009899,1.0495049504950495,2.0,2.0,12.0,57.0,69.0,153.0,934.6042418870599
rq0_0238,Scalabrino,rapidocr,59.0,59.0,0.0,0.0,23.406779661016948,23.406779661016948,60.0,291.0,4.319587628865979,4.7800219894040845,111.0,14.0,8.594594594594595,24.0,128.0,28.0,0.01694915254237288,1.0,0.1290809000993883,4.338983050847458,8.0,1.0,9.0,42.0,51.0,267.0,1514.5375663063892
rq0_0239,Scalabrino,rapidocr,29.0,29.0,0.0,0.0,11.517241379310345,11.517241379310345,41.0,99.0,3.0707070707070705,4.667447409578922,36.0,14.0,4.777777777777778,15.0,43.0,5.0,0.06896551724137931,1.0,0.2533954906327426,0.0,0.0,6.0,9.0,19.0,28.0,84.0,403.8178134528387
rq0_0240,Scalabrino,rapidocr,61.0,61.0,0.0,0.0,12.868852459016393,12.868852459016393,58.0,248.0,2.967741935483871,5.118368461572156,78.0,28.0,5.230769230769231,15.0,122.0,33.0,0.04918032786885246,1.0,0.2162443599716872,3.2950819672131146,5.0,9.0,10.0,61.0,71.0,233.0,1432.891078844591
rq0_0241,Scalabrino,rapidocr,41.0,41.0,0.0,0.0975609756097561,19.658536585365855,19.658536585365855,52.0,204.0,3.549019607843137,5.7891874453283165,89.0,57.0,6.146067415730337,14.0,84.0,17.0,0.024390243902439025,1.0,0.1542574468374819,1.4634146341463414,2.0,3.0,12.0,74.0,86.0,190.0,1220.9903033933986
rq0_0242,Scalabrino,rapidocr,26.0,26.0,0.0,0.0,22.26923076923077,22.26923076923077,56.0,135.0,4.237037037037037,3.9547039384014155,34.0,15.0,7.794117647058823,11.0,71.0,19.0,0.0,0.0,0.0,0.0,0.0,1.0,4.0,34.0,38.0,124.0,650.7430116670046
rq0_0243,Scalabrino,rapidocr,27.0,27.0,0.0,0.037037037037037035,21.296296296296298,21.296296296296298,51.0,146.0,3.767123287671233,4.65743663033489,45.0,25.0,6.311111111111111,11.0,72.0,18.0,0.0,0.0,0.0,1.6296296296296295,2.0,2.0,8.0,43.0,51.0,135.0,765.7774211661518
rq0_0244,Scalabrino,rapidocr,18.0,18.0,0.0,0.1111111111111111,13.944444444444445,13.944444444444445,48.0,55.0,4.363636363636363,4.981829378051258,27.0,25.0,7.444444444444445,3.0,22.0,3.0,0.0,0.0,0.0,0.5,1.0,2.0,8.0,28.0,36.0,52.0,268.8361000750002
rq0_0245,Scalabrino,rapidocr,71.0,71.0,0.0,0.11267605633802817,20.591549295774648,20.591549295774648,56.0,292.0,4.640410958904109,6.329556336615956,134.0,88.0,8.395522388059701,8.0,111.0,39.0,0.014084507042253521,1.0,0.11783944035691203,1.6901408450704225,3.0,3.0,14.0,127.0,141.0,284.0,2027.6325840812574
rq0_0246,Scalabrino,rapidocr,21.0,21.0,0.0,0.047619047619047616,19.714285714285715,19.714285714285715,52.0,72.0,5.416666666666667,4.808048439660212,35.0,22.0,9.257142857142858,5.0,25.0,7.0,0.0,0.0,0.0,0.0,0.0,1.0,6.0,29.0,35.0,67.0,343.66196213531276
rq0_0247,Scalabrino,rapidocr,22.0,22.0,0.0,0.0,16.636363636363637,16.636363636363637,52.0,97.0,3.3917525773195876,4.846795641304111,35.0,16.0,5.771428571428571,14.0,43.0,5.0,0.09090909090909091,1.0,0.2874797872880344,0.9545454545454546,1.0,5.0,10.0,21.0,31.0,83.0,411.1982937621106
rq0_0248,Scalabrino,rapidocr,23.0,23.0,0.0,0.08695652173913043,13.08695652173913,13.08695652173913,56.0,86.0,3.2209302325581395,5.133505779240078,29.0,19.0,5.862068965517241,11.0,37.0,9.0,0.0,0.0,0.0,2.347826086956522,3.0,1.0,9.0,28.0,37.0,75.0,390.70900242217124
rq0_0249,Scalabrino,rapidocr,90.0,90.0,0.0,0.022222222222222223,22.055555555555557,22.055555555555557,54.0,598.0,2.8444816053511706,5.272346398050276,215.0,68.0,4.920930232558139,52.0,289.0,42.0,0.011111111111111112,1.0,0.10482201257840673,1.8888888888888888,2.0,6.0,15.0,109.0,124.0,546.0,3796.9911854712336
rq0_0250,Scalabrino,rapidocr,57.0,57.0,0.0,0.0,14.333333333333334,14.333333333333334,47.0,240.0,3.066666666666667,4.895682788563156,82.0,25.0,5.426829268292683,11.0,112.0,35.0,0.0,0.0,0.0,0.0,0.0,1.0,5.0,59.0,64.0,229.0,1374.0
rq0_0251,Scalabrino,rapidocr,91.0,91.0,0.0,0.02197802197802198,18.252747252747252,18.252747252747252,56.0,346.0,4.416184971098266,6.321880115853647,147.0,80.0,7.884353741496598,15.0,133.0,51.0,0.02197802197802198,1.0,0.1466116930123773,3.197802197802198,5.0,5.0,13.0,131.0,144.0,331.0,2373.245175477405
rq0_0252,Scalabrino,rapidocr,19.0,19.0,0.0,0.05263157894736842,11.052631578947368,11.052631578947368,44.0,47.0,4.297872340425532,4.618968246336423,18.0,14.0,8.444444444444445,5.0,20.0,4.0,0.0,0.0,0.0,1.4210526315789473,2.0,3.0,7.0,18.0,25.0,42.0,195.04195997053841
rq0_0253,Scalabrino,rapidocr,55.0,55.0,0.0,0.0,16.418181818181818,16.418181818181818,55.0,212.0,4.070754716981132,5.2367608141838,65.0,43.0,9.323076923076924,10.0,104.0,33.0,0.0,0.0,0.0,3.890909090909091,5.0,2.0,7.0,73.0,80.0,202.0,1277.0294751672473
rq0_0254,Scalabrino,rapidocr,93.0,93.0,0.0,0.08602150537634409,18.870967741935484,18.870967741935484,56.0,284.0,5.830985915492958,6.474236470783371,129.0,86.0,9.37984496124031,15.0,95.0,45.0,0.0,0.0,0.0,2.956989247311828,4.0,4.0,11.0,131.0,142.0,269.0,1923.2819751467596
rq0_0255,Scalabrino,rapidocr,44.0,44.0,0.0,0.09090909090909091,15.613636363636363,15.613636363636363,57.0,140.0,4.578571428571428,5.901824461610459,66.0,52.0,8.075757575757576,4.0,49.0,21.0,0.0,0.0,0.0,0.8409090909090909,1.0,3.0,8.0,73.0,81.0,136.0,862.2196003923088
rq0_0256,Scalabrino,rapidocr,23.0,23.0,0.0,0.043478260869565216,20.695652173913043,20.695652173913043,52.0,101.0,4.247524752475248,5.445305606870429,41.0,30.0,7.634146341463414,11.0,40.0,9.0,0.0,0.0,0.0,1.2173913043478262,2.0,2.0,12.0,39.0,51.0,90.0,510.51828077743454
rq0_0257,Scalabrino,rapidocr,19.0,19.0,0.0,0.0,23.68421052631579,23.68421052631579,52.0,78.0,5.564102564102564,4.583246373086501,26.0,17.0,14.0,4.0,43.0,5.0,0.0,0.0,0.0,0.7894736842105263,1.0,2.0,11.0,22.0,33.0,74.0,373.28516483252554
rq0_0258,Scalabrino,rapidocr,67.0,67.0,0.0,0.1044776119402985,18.34328358208955,18.34328358208955,58.0,272.0,4.0,6.480407293036353,115.0,73.0,7.2,17.0,104.0,36.0,0.0,0.0,0.0,2.8656716417910446,6.0,5.0,16.0,109.0,125.0,255.0,1776.2749925888322
rq0_0259,Scalabrino,rapidocr,79.0,79.0,0.0,0.10126582278481013,19.379746835443036,19.379746835443036,59.0,309.0,4.46925566343042,6.201543271598795,133.0,87.0,8.1203007518797,23.0,112.0,41.0,0.0,0.0,0.0,3.8354430379746836,6.0,7.0,9.0,128.0,137.0,286.0,2030.0371757267105
rq0_0260,Scalabrino,rapidocr,106.0,106.0,0.0,0.009433962264150943,20.330188679245282,20.330188679245282,60.0,208.0,10.307692307692308,5.6907455466969425,66.0,33.0,9.621212121212121,23.0,86.0,33.0,0.0,0.0,0.0,3.1037735849056602,5.0,7.0,13.0,66.0,79.0,185.0,1166.199438412764
rq0_0261,Scalabrino,rapidocr,78.0,78.0,0.0,0.0,18.44871794871795,18.44871794871795,54.0,349.0,3.816618911174785,5.806086740624128,124.0,79.0,8.048387096774194,16.0,169.0,40.0,0.0,0.0,0.0,1.9230769230769231,2.0,4.0,15.0,119.0,134.0,333.0,2353.007700422438
rq0_0262,Scalabrino,rapidocr,84.0,84.0,0.0,0.07142857142857142,15.892857142857142,15.892857142857142,56.0,308.0,3.9415584415584415,6.819191085685535,146.0,111.0,6.541095890410959,14.0,104.0,44.0,0.0,0.0,0.0,2.238095238095238,4.0,4.0,18.0,155.0,173.0,294.0,2185.780698925197
rq0_0263,Scalabrino,rapidocr,51.0,51.0,0.0,0.0196078431372549,19.176470588235293,19.176470588235293,56.0,193.0,4.766839378238342,5.520101258979631,66.0,47.0,10.409090909090908,13.0,87.0,27.0,0.0,0.0,0.0,2.3529411764705883,4.0,5.0,11.0,74.0,85.0,180.0,1153.6903685047864
rq0_0264,Scalabrino,rapidocr,47.0,47.0,0.0,0.0425531914893617,14.659574468085106,14.659574468085106,48.0,154.0,4.084415584415584,5.617984672478541,60.0,33.0,7.733333333333333,11.0,58.0,25.0,0.0,0.0,0.0,2.2127659574468086,3.0,3.0,13.0,57.0,70.0,143.0,876.4874714231302
rq0_0265,Scalabrino,rapidocr,51.0,51.0,0.0,0.0196078431372549,9.509803921568627,9.509803921568627,48.0,168.0,2.5535714285714284,4.873268284653322,35.0,13.0,5.9714285714285715,19.0,82.0,32.0,0.0,0.0,0.0,0.0,0.0,1.0,10.0,37.0,47.0,149.0,827.633738899968
rq0_0266,Scalabrino,rapidocr,42.0,42.0,0.0,0.023809523809523808,11.452380952380953,11.452380952380953,53.0,148.0,2.891891891891892,5.458806955920266,47.0,27.0,4.468085106382978,25.0,58.0,18.0,0.0,0.0,0.0,2.4285714285714284,4.0,8.0,14.0,45.0,59.0,123.0,723.5650950715066
rq0_0267,Scalabrino,rapidocr,18.0,18.0,0.0,0.0,10.277777777777779,10.277777777777779,34.0,51.0,3.411764705882353,4.889755793718678,12.0,12.0,8.083333333333334,9.0,21.0,9.0,0.05555555555555555,1.0,0.2290614236454256,0.6666666666666666,1.0,3.0,8.0,21.0,29.0,42.0,204.035201795358
rq0_0268,Scalabrino,rapidocr,34.0,34.0,0.0,0.08823529411764706,17.852941176470587,17.852941176470587,52.0,143.0,3.937062937062937,5.447190813904473,57.0,37.0,7.7368421052631575,7.0,65.0,14.0,0.029411764705882353,1.0,0.1689577248981773,1.7352941176470589,3.0,3.0,11.0,51.0,62.0,136.0,809.770698212615
rq0_0269,Scalabrino,rapidocr,81.0,81.0,0.0,0.0,9.11111111111111,9.11111111111111,59.0,191.0,3.764397905759162,5.766802912019369,50.0,37.0,6.98,34.0,73.0,34.0,0.0,0.0,0.0,0.0,0.0,20.0,11.0,69.0,80.0,157.0,992.5427108973159
rq0_0270,Scalabrino,rapidocr,57.0,57.0,0.0,0.03508771929824561,17.36842105263158,17.36842105263158,59.0,250.0,3.848,5.332374416711288,77.0,50.0,9.272727272727273,10.0,125.0,38.0,0.0,0.0,0.0,0.9298245614035088,1.0,1.0,10.0,84.0,94.0,240.0,1573.101324402633
rq0_0271,Scalabrino,rapidocr,67.0,67.0,0.0,0.0,14.08955223880597,14.08955223880597,53.0,307.0,2.9315960912052117,4.721433254943444,93.0,34.0,6.451612903225806,14.0,164.0,36.0,0.0,0.0,0.0,4.462686567164179,6.0,12.0,9.0,70.0,79.0,293.0,1847.0077592158912
rq0_0272,Scalabrino,rapidocr,22.0,22.0,0.0,0.0,18.454545454545453,18.454545454545453,54.0,122.0,3.057377049180328,4.830709786957654,44.0,25.0,5.9772727272727275,7.0,63.0,8.0,0.0,0.0,0.0,1.1363636363636365,2.0,4.0,9.0,33.0,42.0,115.0,620.1165036195575
rq0_0273,Scalabrino,rapidocr,73.0,73.0,0.0,0.0547945205479452,18.013698630136986,18.013698630136986,55.0,382.0,3.081151832460733,5.887525628316933,157.0,79.0,5.464968152866242,19.0,170.0,36.0,0.0,0.0,0.0,1.7671232876712328,4.0,8.0,13.0,114.0,127.0,363.0,2536.8925412982962
rq0_0274,Scalabrino,rapidocr,34.0,34.0,0.0,0.08823529411764706,20.38235294117647,20.38235294117647,53.0,197.0,3.284263959390863,4.902807713582969,60.0,30.0,7.816666666666666,8.0,115.0,14.0,0.0,0.0,0.0,2.9411764705882355,4.0,5.0,13.0,44.0,57.0,189.0,1102.4162126771362
rq0_0275,Scalabrino,rapidocr,30.0,30.0,0.0,0.0,18.933333333333334,18.933333333333334,52.0,171.0,3.2514619883040936,4.278980653183699,62.0,23.0,6.725806451612903,5.0,92.0,12.0,0.0,0.0,0.0,1.9,2.0,2.0,6.0,35.0,41.0,166.0,889.3536327666019
rq0_0276,Scalabrino,rapidocr,39.0,39.0,0.0,0.0,19.846153846153847,19.846153846153847,56.0,155.0,4.696774193548387,5.520180198074942,58.0,38.0,9.568965517241379,10.0,70.0,17.0,0.0,0.0,0.0,0.717948717948718,1.0,3.0,15.0,55.0,70.0,145.0,888.7460374570201
rq0_0277,Scalabrino,rapidocr,51.0,51.0,0.0,0.058823529411764705,22.352941176470587,22.352941176470587,55.0,196.0,5.372448979591836,6.230434437804412,100.0,67.0,8.99,8.0,65.0,23.0,0.0,0.0,0.0,1.6666666666666667,3.0,2.0,13.0,90.0,103.0,188.0,1257.0620991104452
rq0_0278,Scalabrino,rapidocr,55.0,55.0,0.0,0.0,16.8,16.8,60.0,162.0,5.401234567901234,5.9431959887389665,61.0,45.0,10.836065573770492,19.0,54.0,28.0,0.0,0.0,0.0,4.418181818181818,6.0,2.0,8.0,72.0,80.0,143.0,904.0357175688929
rq0_0279,Scalabrino,rapidocr,61.0,61.0,0.0,0.0,22.098360655737704,22.098360655737704,52.0,198.0,6.459595959595959,5.55667522796761,75.0,48.0,14.426666666666666,16.0,78.0,29.0,0.0,0.0,0.0,0.9672131147540983,1.0,1.0,7.0,77.0,84.0,182.0,1163.4017709457344
rq0_0280,Scalabrino,rapidocr,27.0,27.0,0.0,0.0,5.37037037037037,5.37037037037037,15.0,42.0,3.3095238095238093,4.252453066090017,16.0,7.0,5.4375,8.0,13.0,5.0,0.037037037037037035,1.0,0.18885257457751053,1.1481481481481481,2.0,3.0,6.0,12.0,18.0,34.0,141.7774500490386
rq0_0281,Scalabrino,rapidocr,19.0,19.0,0.0,0.0,20.157894736842106,20.157894736842106,52.0,44.0,8.431818181818182,4.814783255532745,22.0,18.0,15.272727272727273,2.0,14.0,6.0,0.0,0.0,0.0,0.7368421052631579,1.0,1.0,6.0,24.0,30.0,42.0,206.0894050155578
rq0_0282,Scalabrino,rapidocr,36.0,36.0,0.0,0.0,12.555555555555555,12.555555555555555,60.0,115.0,3.8173913043478263,4.577439204837377,48.0,24.0,6.1875,2.0,51.0,14.0,0.027777777777777776,1.0,0.16433554953054486,0.0,0.0,1.0,7.0,38.0,45.0,113.0,620.5793998852532
rq0_0283,Scalabrino,rapidocr,78.0,78.0,0.0,0.0,19.884615384615383,19.884615384615383,60.0,297.0,5.077441077441078,5.145962205014491,105.0,63.0,12.00952380952381,4.0,147.0,41.0,0.0,0.0,0.0,2.1153846153846154,3.0,3.0,9.0,104.0,113.0,293.0,1998.3124359876501
rq0_0284,Scalabrino,rapidocr,49.0,49.0,0.0,0.02040816326530612,19.183673469387756,19.183673469387756,56.0,167.0,5.191616766467066,5.786297515941526,65.0,45.0,10.846153846153847,13.0,65.0,24.0,0.0,0.0,0.0,2.326530612244898,4.0,6.0,12.0,69.0,81.0,154.0,976.3369004442321
rq0_0285,Scalabrino,rapidocr,22.0,22.0,0.0,0.0,26.318181818181817,26.318181818181817,60.0,79.0,7.215189873417722,4.665545443497552,29.0,23.0,17.03448275862069,4.0,39.0,7.0,0.0,0.0,0.0,0.0,0.0,1.0,8.0,30.0,38.0,75.0,393.5945635082689
rq0_0286,Scalabrino,rapidocr,100.0,100.0,0.0,0.09,21.1,21.1,56.0,420.0,4.609523809523809,6.35332761019122,181.0,108.0,8.397790055248619,10.0,168.0,61.0,0.0,0.0,0.0,1.62,2.0,4.0,13.0,166.0,179.0,410.0,3068.364468678345
rq0_0287,Scalabrino,rapidocr,14.0,14.0,0.0,0.0,7.142857142857143,7.142857142857143,16.0,25.0,3.72,4.213660689688186,8.0,7.0,6.75,6.0,9.0,2.0,0.0,0.0,0.0,0.5714285714285714,1.0,3.0,5.0,9.0,14.0,19.0,72.33974351909448
rq0_0288,Scalabrino,rapidocr,48.0,48.0,0.0,0.125,17.145833333333332,17.145833333333332,56.0,218.0,3.3623853211009176,5.999702080675775,94.0,60.0,5.457446808510638,22.0,77.0,25.0,0.0,0.0,0.0,1.8125,3.0,5.0,13.0,85.0,98.0,196.0,1296.4831294465807
rq0_0289,Scalabrino,rapidocr,75.0,75.0,0.0,0.013333333333333334,16.8,16.8,56.0,255.0,4.709803921568628,5.762545837868717,74.0,47.0,10.04054054054054,31.0,114.0,36.0,0.013333333333333334,1.0,0.11469767022723505,4.493333333333333,6.0,11.0,12.0,83.0,95.0,224.0,1471.6476562661323
rq0_0290,Scalabrino,rapidocr,33.0,33.0,0.0,0.0,9.454545454545455,9.454545454545455,47.0,136.0,2.0073529411764706,4.724113991311465,51.0,15.0,3.156862745098039,4.0,62.0,19.0,0.0,0.0,0.0,1.878787878787879,2.0,1.0,11.0,30.0,41.0,132.0,707.196864609587
rq0_0291,Scalabrino,rapidocr,77.0,77.0,0.0,0.05194805194805195,14.285714285714286,14.285714285714286,54.0,306.0,3.323529411764706,5.8745269334398,110.0,65.0,6.454545454545454,17.0,140.0,39.0,0.0,0.0,0.0,2.064935064935065,3.0,7.0,16.0,104.0,120.0,289.0,1996.0913821308618
rq0_0292,Scalabrino,rapidocr,84.0,84.0,0.0,0.05952380952380952,14.095238095238095,14.095238095238095,48.0,321.0,3.4174454828660434,5.858195482777432,110.0,66.0,7.054545454545455,19.0,147.0,45.0,0.0,0.0,0.0,1.869047619047619,4.0,11.0,14.0,111.0,125.0,302.0,2103.6668539679504
rq0_0293,Scalabrino,rapidocr,38.0,38.0,0.0,0.0,11.578947368421053,11.578947368421053,36.0,93.0,4.655913978494624,4.529244029618498,24.0,18.0,13.958333333333334,2.0,51.0,16.0,0.0,0.0,0.0,1.9210526315789473,2.0,1.0,8.0,34.0,42.0,91.0,490.70088547286724
rq0_0294,Scalabrino,rapidocr,44.0,44.0,0.0,0.0,14.590909090909092,14.590909090909092,48.0,148.0,4.135135135135135,4.844622946844362,44.0,24.0,10.545454545454545,9.0,76.0,19.0,0.045454545454545456,1.0,0.20829889522526546,3.227272727272727,5.0,5.0,9.0,43.0,52.0,139.0,792.3611208216117
rq0_0295,Scalabrino,rapidocr,66.0,66.0,0.0,0.015151515151515152,16.924242424242426,16.924242424242426,53.0,132.0,8.583333333333334,5.037178744628647,39.0,27.0,10.743589743589743,5.0,63.0,25.0,0.0,0.0,0.0,0.9393939393939394,1.0,2.0,8.0,52.0,60.0,127.0,750.1751056422819
rq0_0296,Scalabrino,rapidocr,41.0,41.0,0.0,0.04878048780487805,13.829268292682928,13.829268292682928,55.0,134.0,3.7388059701492535,5.788495044835539,53.0,33.0,6.188679245283019,19.0,41.0,21.0,0.0,0.0,0.0,1.0975609756097562,3.0,5.0,10.0,54.0,64.0,115.0,690.0
rq0_0297,Scalabrino,rapidocr,33.0,33.0,0.0,0.0,13.757575757575758,13.757575757575758,52.0,102.0,3.911764705882353,5.08089801465968,31.0,16.0,8.129032258064516,17.0,39.0,15.0,0.0,0.0,0.0,3.1515151515151514,4.0,7.0,9.0,31.0,40.0,85.0,452.36388806542584
rq0_0298,Scalabrino,rapidocr,75.0,75.0,0.0,0.06666666666666667,18.64,18.64,60.0,275.0,4.672727272727273,6.3218327576535005,132.0,79.0,7.946969696969697,8.0,94.0,41.0,0.013333333333333334,1.0,0.11469767022723505,1.5066666666666666,2.0,2.0,11.0,120.0,131.0,267.0,1877.923941410499
rq0_0299,Scalabrino,rapidocr,34.0,34.0,0.0,0.0,28.58823529411765,28.58823529411765,60.0,122.0,7.795081967213115,4.5070171019651575,41.0,16.0,15.78048780487805,14.0,52.0,15.0,0.0,0.0,0.0,0.9411764705882353,1.0,1.0,6.0,31.0,37.0,108.0,562.6209634879266
rq0_0300,Scalabrino,rapidocr,71.0,71.0,0.0,0.0,12.507042253521126,12.507042253521126,46.0,230.0,3.6652173913043478,5.5641742953610045,67.0,35.0,5.955223880597015,15.0,108.0,40.0,0.014084507042253521,1.0,0.11783944035691203,2.7183098591549295,4.0,7.0,12.0,75.0,87.0,215.0,1385.2328516074765
rq0_0301,Scalabrino,rapidocr,68.0,68.0,0.0,0.0,13.352941176470589,13.352941176470589,56.0,147.0,5.91156462585034,5.919447727657276,56.0,41.0,12.25,14.0,43.0,34.0,0.0,0.0,0.0,2.6323529411764706,5.0,1.0,6.0,75.0,81.0,133.0,843.200050383655
rq0_0302,Scalabrino,rapidocr,40.0,40.0,0.0,0.0,20.075,20.075,56.0,122.0,6.434426229508197,4.725762034874068,39.0,26.0,17.0,5.0,60.0,18.0,0.0,0.0,0.0,0.0,0.0,2.0,7.0,44.0,51.0,117.0,663.673765010665
rq0_0303,Scalabrino,rapidocr,65.0,65.0,0.0,0.0,16.984615384615385,16.984615384615385,56.0,136.0,7.970588235294118,5.634288689379767,49.0,42.0,11.693877551020408,9.0,54.0,24.0,0.0,0.0,0.0,1.7692307692307692,4.0,3.0,9.0,66.0,75.0,127.0,791.0599736929768
rq0_0304,Scalabrino,rapidocr,32.0,32.0,0.0,0.03125,19.46875,19.46875,52.0,121.0,4.8429752066115705,4.959607154608472,37.0,27.0,12.324324324324325,9.0,61.0,14.0,0.0,0.0,0.0,1.53125,2.0,3.0,10.0,41.0,51.0,112.0,635.3116383008074
rq0_0305,Scalabrino,rapidocr,20.0,20.0,0.0,0.0,28.7,28.7,52.0,91.0,6.032967032967033,4.3426574360067995,37.0,14.0,12.216216216216216,2.0,43.0,9.0,0.0,0.0,0.0,0.95,1.0,1.0,7.0,23.0,30.0,89.0,436.71326300915814
rq0_0306,Scalabrino,rapidocr,24.0,24.0,0.0,0.0,25.458333333333332,25.458333333333332,56.0,127.0,4.5984251968503935,4.454793171108476,46.0,24.0,10.130434782608695,3.0,67.0,11.0,0.0,0.0,0.0,0.9166666666666666,1.0,1.0,6.0,35.0,41.0,124.0,664.3364485726424
rq0_0307,Scalabrino,rapidocr,27.0,27.0,0.0,0.0,17.74074074074074,17.74074074074074,60.0,75.0,6.026666666666666,5.19182619035165,25.0,19.0,14.04,7.0,29.0,14.0,0.0,0.0,0.0,1.7037037037037037,2.0,3.0,10.0,33.0,43.0,68.0,368.9860033197427
rq0_0308,Scalabrino,rapidocr,26.0,26.0,0.0,0.0,24.5,24.5,60.0,134.0,4.358208955223881,5.393102994847251,59.0,37.0,7.983050847457627,8.0,59.0,8.0,0.038461538461538464,1.0,0.1923076923076923,0.8461538461538461,1.0,1.0,9.0,45.0,54.0,126.0,725.115825272597
rq0_0309,Scalabrino,rapidocr,60.0,60.0,0.0,0.0,17.383333333333333,17.383333333333333,60.0,197.0,5.01015228426396,5.638094438513671,70.0,39.0,10.9,10.0,85.0,32.0,0.0,0.0,0.0,1.65,2.0,5.0,12.0,69.0,81.0,187.0,1185.5519505394248
rq0_0310,Scalabrino,rapidocr,35.0,35.0,0.0,0.0,24.17142857142857,24.17142857142857,59.0,133.0,6.12781954887218,5.2108524902760935,46.0,29.0,15.021739130434783,7.0,66.0,14.0,0.0,0.0,0.0,0.9714285714285714,1.0,1.0,11.0,43.0,54.0,126.0,725.115825272597
rq0_0311,Scalabrino,rapidocr,80.0,80.0,0.0,0.0125,16.625,16.625,55.0,205.0,6.151219512195122,6.011754323504129,78.0,45.0,13.487179487179487,13.0,74.0,40.0,0.0,0.0,0.0,1.075,3.0,6.0,12.0,85.0,97.0,192.0,1267.1832656999286
rq0_0312,Scalabrino,rapidocr,62.0,62.0,0.0,0.016129032258064516,15.951612903225806,15.951612903225806,45.0,180.0,5.161111111111111,5.673339592488631,63.0,37.0,11.698412698412698,12.0,75.0,30.0,0.0,0.0,0.0,3.903225806451613,5.0,4.0,13.0,67.0,80.0,168.0,1062.0839199410768
rq0_0000,Buse,easyocr_preprocessed,21.0,21.0,0.0,0.0,7.714285714285714,7.714285714285714,36.0,44.0,3.477272727272727,4.431720687981079,15.0,11.0,6.333333333333333,6.0,20.0,3.0,0.0,0.0,0.0,0.0,0.0,4.0,7.0,14.0,21.0,38.0,166.9080620655929
rq0_0001,Buse,easyocr_preprocessed,27.0,27.0,0.0,0.0,7.814814814814815,7.814814814814815,34.0,71.0,2.6338028169014085,4.373997823242492,19.0,12.0,6.473684210526316,4.0,39.0,9.0,0.0,0.0,0.0,1.2592592592592593,2.0,4.0,9.0,18.0,27.0,67.0,318.5774626449524
rq0_0002,Buse,easyocr_preprocessed,39.0,39.0,0.0,0.0,5.897435897435898,5.897435897435898,29.0,63.0,3.5396825396825395,4.5384671788317545,26.0,16.0,6.846153846153846,3.0,29.0,5.0,0.0,0.0,0.0,0.8717948717948718,1.0,3.0,8.0,20.0,28.0,60.0,288.44129532345625
rq0_0003,Buse,easyocr_preprocessed,73.0,73.0,0.0,0.0684931506849315,5.2465753424657535,5.2465753424657535,20.0,97.0,3.8247422680412373,5.92814728075692,56.0,44.0,5.517857142857143,5.0,26.0,10.0,0.0,0.0,0.0,0.136986301369863,1.0,2.0,12.0,54.0,66.0,92.0,556.0842589809777
rq0_0004,Buse,easyocr_preprocessed,18.0,18.0,0.0,0.1111111111111111,9.555555555555555,9.555555555555555,42.0,50.0,3.2,4.6732696895151085,16.0,16.0,7.3125,3.0,27.0,4.0,0.0,0.0,0.0,0.3333333333333333,1.0,2.0,10.0,20.0,30.0,47.0,230.62385799360038
rq0_0005,Buse,easyocr_preprocessed,16.0,16.0,0.0,0.0,5.8125,5.8125,12.0,31.0,2.870967741935484,3.9621031651557956,9.0,6.0,6.222222222222222,3.0,14.0,5.0,0.0,0.0,0.0,0.5625,1.0,3.0,5.0,11.0,16.0,28.0,112.0
rq0_0006,Buse,easyocr_preprocessed,46.0,46.0,0.0,0.13043478260869565,5.673913043478261,5.673913043478261,30.0,89.0,2.752808988764045,5.415748077846876,35.0,28.0,4.857142857142857,4.0,37.0,13.0,0.0,0.0,0.0,0.34782608695652173,1.0,1.0,12.0,39.0,51.0,85.0,482.15615406757706
rq0_0007,Buse,easyocr_preprocessed,15.0,15.0,0.0,0.0,12.0,12.0,30.0,43.0,3.9302325581395348,4.594301091659834,20.0,16.0,6.45,4.0,18.0,1.0,0.0,0.0,0.0,0.4,1.0,1.0,8.0,17.0,25.0,39.0,181.11039140121426
rq0_0008,Buse,easyocr_preprocessed,38.0,38.0,0.0,0.05263157894736842,6.368421052631579,6.368421052631579,40.0,74.0,3.0135135135135136,4.8840722840800925,28.0,22.0,5.607142857142857,5.0,36.0,5.0,0.0,0.0,0.0,0.6578947368421053,2.0,3.0,9.0,27.0,36.0,69.0,356.72482509951953
rq0_0009,Buse,easyocr_preprocessed,29.0,29.0,0.0,0.0,8.448275862068966,8.448275862068966,43.0,68.0,3.3970588235294117,4.8384084740511115,21.0,16.0,7.0476190476190474,9.0,31.0,7.0,0.0,0.0,0.0,2.0344827586206895,3.0,6.0,8.0,23.0,31.0,59.0,292.2975823128256
rq0_0010,Buse,easyocr_preprocessed,20.0,20.0,0.0,0.0,5.75,5.75,27.0,23.0,5.0,4.0559581516151235,6.0,4.0,8.0,4.0,9.0,4.0,0.0,0.0,0.0,0.0,0.0,2.0,6.0,8.0,14.0,19.0,72.33974351909448
rq0_0011,Buse,easyocr_preprocessed,7.0,7.0,0.0,0.0,15.571428571428571,15.571428571428571,40.0,30.0,3.2,3.8150610122030697,11.0,9.0,7.0,0.0,16.0,3.0,0.0,0.0,0.0,0.0,0.0,1.0,5.0,12.0,17.0,30.0,122.62388523751017
rq0_0012,Buse,easyocr_preprocessed,30.0,30.0,0.0,0.0,5.966666666666667,5.966666666666667,36.0,49.0,3.5510204081632653,4.823793772642484,20.0,15.0,6.35,4.0,19.0,6.0,0.0,0.0,0.0,1.1666666666666667,2.0,2.0,8.0,21.0,29.0,45.0,218.60914478074073
rq0_0013,Buse,easyocr_preprocessed,22.0,22.0,0.0,0.0,13.090909090909092,13.090909090909092,53.0,73.0,3.643835616438356,4.1971530248727795,24.0,15.0,8.625,3.0,41.0,5.0,0.0,0.0,0.0,0.0,0.0,1.0,7.0,20.0,27.0,70.0,332.84212515144276
rq0_0014,Buse,easyocr_preprocessed,19.0,19.0,0.0,0.0,7.947368421052632,7.947368421052632,30.0,32.0,4.625,4.093139062229566,12.0,9.0,10.083333333333334,3.0,14.0,3.0,0.0,0.0,0.0,0.0,0.0,2.0,5.0,12.0,17.0,29.0,118.53642239625984
rq0_0015,Buse,easyocr_preprocessed,25.0,25.0,0.0,0.0,6.08,6.08,22.0,47.0,3.0425531914893615,4.38801605543699,14.0,11.0,7.285714285714286,4.0,25.0,4.0,0.0,0.0,0.0,0.0,0.0,2.0,8.0,15.0,23.0,43.0,194.51316411045156
rq0_0016,Buse,easyocr_preprocessed,21.0,21.0,0.0,0.09523809523809523,10.666666666666666,10.666666666666666,29.0,69.0,3.0434782608695654,4.960793306054825,27.0,24.0,5.888888888888889,3.0,38.0,1.0,0.0,0.0,0.0,0.0,0.0,1.0,12.0,25.0,37.0,66.0,343.8239221315107
rq0_0017,Buse,easyocr_preprocessed,30.0,30.0,0.0,0.06666666666666667,6.9,6.9,20.0,53.0,3.6792452830188678,4.838874879492185,20.0,18.0,7.4,6.0,22.0,5.0,0.0,0.0,0.0,0.0,0.0,1.0,9.0,23.0,32.0,47.0,235.0
rq0_0018,Buse,easyocr_preprocessed,17.0,17.0,0.0,0.0,6.823529411764706,6.823529411764706,30.0,27.0,4.037037037037037,4.134336113194451,12.0,10.0,7.25,3.0,10.0,2.0,0.0,0.0,0.0,0.0,0.0,1.0,5.0,11.0,16.0,24.0,96.0
rq0_0019,Buse,easyocr_preprocessed,11.0,11.0,0.0,0.0,6.909090909090909,6.909090909090909,14.0,19.0,3.736842105263158,3.787143960698139,8.0,7.0,6.75,3.0,7.0,1.0,0.0,0.0,0.0,0.0,0.0,2.0,4.0,8.0,12.0,16.0,57.3594000115385
rq0_0020,Buse,easyocr_preprocessed,27.0,27.0,0.0,0.1111111111111111,10.0,10.0,58.0,62.0,4.064516129032258,4.766685779653966,25.0,20.0,8.12,3.0,31.0,3.0,0.0,0.0,0.0,0.4444444444444444,1.0,1.0,10.0,23.0,33.0,59.0,297.6192530421487
rq0_0021,Buse,easyocr_preprocessed,32.0,32.0,0.0,0.0,8.40625,8.40625,28.0,54.0,4.925925925925926,4.091673844235226,11.0,6.0,9.0,6.0,31.0,6.0,0.0,0.0,0.0,0.84375,1.0,3.0,7.0,12.0,19.0,48.0,203.9005206452921
rq0_0022,Buse,easyocr_preprocessed,16.0,16.0,0.0,0.0,11.0,11.0,34.0,31.0,5.451612903225806,3.8054982305663327,10.0,6.0,11.6,6.0,14.0,1.0,0.0,0.0,0.0,1.1875,2.0,1.0,5.0,7.0,12.0,25.0,89.62406251802891
rq0_0023,Buse,easyocr_preprocessed,43.0,43.0,0.0,0.0,7.674418604651163,7.674418604651163,44.0,108.0,2.75,4.714902221501425,37.0,24.0,5.297297297297297,5.0,60.0,6.0,0.0,0.0,0.0,0.8372093023255814,1.0,2.0,12.0,30.0,42.0,103.0,555.4086945462124
rq0_0024,Buse,easyocr_preprocessed,43.0,43.0,0.0,0.0,4.790697674418604,4.790697674418604,32.0,77.0,2.4545454545454546,4.567655533723746,28.0,15.0,4.75,2.0,30.0,17.0,0.0,0.0,0.0,0.0,0.0,2.0,7.0,23.0,30.0,75.0,368.0167946706389
rq0_0025,Buse,easyocr_preprocessed,31.0,31.0,0.0,0.06451612903225806,7.548387096774194,7.548387096774194,40.0,65.0,3.4461538461538463,4.8686182982639785,27.0,20.0,6.444444444444445,4.0,29.0,5.0,0.0,0.0,0.0,0.5161290322580645,1.0,2.0,10.0,23.0,33.0,61.0,307.70804128086564
rq0_0026,Buse,easyocr_preprocessed,25.0,25.0,0.0,0.0,9.96,9.96,46.0,73.0,3.191780821917808,4.503391732019684,26.0,18.0,6.423076923076923,6.0,38.0,3.0,0.0,0.0,0.0,0.4,1.0,3.0,8.0,21.0,29.0,67.0,325.4847266735473
rq0_0027,Buse,easyocr_preprocessed,10.0,10.0,0.0,0.0,5.8,5.8,19.0,14.0,4.071428571428571,3.521640636343318,5.0,5.0,8.4,1.0,5.0,3.0,0.0,0.0,0.0,0.0,0.0,1.0,3.0,8.0,11.0,13.0,44.97261104228487
rq0_0028,Buse,easyocr_preprocessed,50.0,50.0,0.0,0.08,8.12,8.12,55.0,106.0,3.6320754716981134,5.457438997364547,48.0,37.0,6.5625,3.0,48.0,7.0,0.0,0.0,0.0,0.44,2.0,2.0,12.0,44.0,56.0,103.0,598.1575569719332
rq0_0029,Buse,easyocr_preprocessed,26.0,26.0,0.0,0.0,12.346153846153847,12.346153846153847,47.0,66.0,4.46969696969697,4.468213570024402,22.0,17.0,9.636363636363637,8.0,30.0,6.0,0.0,0.0,0.0,0.0,0.0,3.0,5.0,23.0,28.0,58.0,278.826585479341
rq0_0030,Buse,easyocr_preprocessed,25.0,25.0,0.0,0.12,7.6,7.6,32.0,52.0,3.4423076923076925,4.779780045430954,23.0,19.0,6.434782608695652,1.0,25.0,3.0,0.0,0.0,0.0,0.0,0.0,1.0,10.0,22.0,32.0,51.0,255.0
rq0_0031,Buse,easyocr_preprocessed,49.0,49.0,0.0,0.12244897959183673,7.448979591836735,7.448979591836735,30.0,83.0,4.228915662650603,5.282617329382381,44.0,26.0,6.795454545454546,3.0,28.0,8.0,0.0,0.0,0.0,0.0,0.0,2.0,11.0,34.0,45.0,80.0,439.34824770637397
rq0_0032,Buse,easyocr_preprocessed,16.0,16.0,0.0,0.0,11.375,11.375,29.0,32.0,5.46875,3.79595859334435,12.0,8.0,10.916666666666666,6.0,12.0,2.0,0.0,0.0,0.0,0.0,0.0,4.0,4.0,10.0,14.0,26.0,98.99122797349771
rq0_0033,Buse,easyocr_preprocessed,49.0,49.0,0.0,0.08163265306122448,10.081632653061224,10.081632653061224,57.0,107.0,4.327102803738318,5.455030159375497,43.0,33.0,8.883720930232558,3.0,46.0,15.0,0.0,0.0,0.0,0.0,0.0,2.0,12.0,46.0,58.0,104.0,609.2300234932675
rq0_0034,Buse,easyocr_preprocessed,26.0,26.0,0.0,0.038461538461538464,7.0,7.0,25.0,54.0,3.1296296296296298,4.609067076590742,21.0,15.0,6.0,4.0,26.0,3.0,0.0,0.0,0.0,0.0,0.0,2.0,8.0,18.0,26.0,50.0,235.02198590705459
rq0_0035,Buse,easyocr_preprocessed,26.0,26.0,0.0,0.0,13.307692307692308,13.307692307692308,50.0,95.0,3.389473684210526,4.560850783488841,31.0,20.0,7.548387096774194,9.0,47.0,8.0,0.0,0.0,0.0,0.0,0.0,4.0,8.0,28.0,36.0,86.0,444.61355012403885
rq0_0036,Buse,easyocr_preprocessed,19.0,19.0,0.0,0.0,10.368421052631579,10.368421052631579,37.0,49.0,3.7551020408163267,4.480346396656557,17.0,13.0,7.294117647058823,7.0,24.0,1.0,0.0,0.0,0.0,0.5789473684210527,1.0,2.0,9.0,14.0,23.0,42.0,189.98960215439456
rq0_0037,Buse,easyocr_preprocessed,15.0,15.0,0.0,0.0,8.066666666666666,8.066666666666666,26.0,42.0,2.5714285714285716,4.415661470191763,16.0,12.0,5.125,0.0,19.0,7.0,0.0,0.0,0.0,0.0,0.0,1.0,7.0,18.0,25.0,42.0,195.04195997053841
rq0_0038,Buse,easyocr_preprocessed,50.0,50.0,0.0,0.1,7.66,7.66,40.0,19.0,22.0,3.6421498816369042,5.0,5.0,8.4,0.0,11.0,3.0,0.0,0.0,0.0,0.0,0.0,1.0,6.0,8.0,14.0,19.0,72.33974351909448
rq0_0039,Buse,easyocr_preprocessed,19.0,19.0,0.0,0.0,5.842105263157895,5.842105263157895,31.0,43.0,2.441860465116279,4.164896592899133,13.0,6.0,4.615384615384615,4.0,22.0,4.0,0.0,0.0,0.0,0.7894736842105263,1.0,4.0,8.0,10.0,18.0,39.0,162.62707505625016
rq0_0040,Buse,easyocr_preprocessed,26.0,26.0,0.0,0.0,7.269230769230769,7.269230769230769,28.0,45.0,4.088888888888889,4.129981707104247,18.0,12.0,7.555555555555555,5.0,21.0,1.0,0.0,0.0,0.0,1.0769230769230769,2.0,3.0,5.0,13.0,18.0,40.0,166.7970000576925
rq0_0041,Buse,easyocr_preprocessed,11.0,11.0,0.0,0.0,11.545454545454545,11.545454545454545,38.0,27.0,4.481481481481482,4.356558335416673,9.0,8.0,10.555555555555555,2.0,14.0,2.0,0.0,0.0,0.0,0.18181818181818182,1.0,1.0,11.0,9.0,20.0,25.0,108.04820237218406
rq0_0042,Buse,easyocr_preprocessed,13.0,13.0,0.0,0.0,5.846153846153846,5.846153846153846,16.0,21.0,3.619047619047619,3.3680424225727155,11.0,5.0,5.454545454545454,2.0,7.0,1.0,0.0,0.0,0.0,0.5384615384615384,1.0,1.0,4.0,6.0,10.0,19.0,63.11663380285988
rq0_0043,Buse,easyocr_preprocessed,22.0,22.0,0.0,0.0,9.818181818181818,9.818181818181818,25.0,39.0,5.282051282051282,4.2504143220263435,19.0,14.0,8.578947368421053,5.0,13.0,2.0,0.0,0.0,0.0,0.0,0.0,1.0,5.0,16.0,21.0,34.0,149.33879237447786
rq0_0044,Buse,easyocr_preprocessed,48.0,48.0,0.0,0.0,6.5,6.5,39.0,71.0,4.140845070422535,5.441794126455521,35.0,27.0,6.314285714285714,9.0,19.0,8.0,0.0,0.0,0.0,0.2916666666666667,1.0,3.0,9.0,35.0,44.0,62.0,338.48476035551244
rq0_0045,Buse,easyocr_preprocessed,37.0,37.0,0.0,0.13513513513513514,7.054054054054054,7.054054054054054,26.0,61.0,4.016393442622951,4.725396559934518,21.0,15.0,8.476190476190476,6.0,28.0,6.0,0.0,0.0,0.0,0.35135135135135137,1.0,1.0,9.0,21.0,30.0,55.0,269.8789827584685
rq0_0046,Buse,easyocr_preprocessed,40.0,40.0,0.0,0.125,7.05,7.05,24.0,65.0,4.092307692307692,4.87358266744296,36.0,20.0,6.277777777777778,2.0,21.0,6.0,0.0,0.0,0.0,0.2,1.0,1.0,8.0,26.0,34.0,63.0,320.5101589987714
rq0_0047,Buse,easyocr_preprocessed,20.0,20.0,0.0,0.0,6.2,6.2,50.0,35.0,3.4,4.378864088188098,9.0,8.0,8.333333333333334,5.0,16.0,5.0,0.0,0.0,0.0,1.65,3.0,2.0,6.0,13.0,19.0,30.0,127.43782540330756
rq0_0048,Buse,easyocr_preprocessed,17.0,17.0,0.0,0.0,7.235294117647059,7.235294117647059,28.0,35.0,3.342857142857143,3.785867302411998,10.0,8.0,8.2,4.0,19.0,2.0,0.0,0.0,0.0,1.1176470588235294,2.0,3.0,5.0,10.0,15.0,31.0,121.11360846386408
rq0_0049,Buse,easyocr_preprocessed,19.0,19.0,0.0,0.0,7.473684210526316,7.473684210526316,34.0,40.0,3.325,4.253055907333276,10.0,6.0,7.6,6.0,18.0,6.0,0.0,0.0,0.0,0.6842105263157895,1.0,2.0,9.0,9.0,18.0,34.0,141.7774500490386
rq0_0050,Buse,easyocr_preprocessed,12.0,12.0,0.0,0.0,15.333333333333334,15.333333333333334,43.0,52.0,3.1923076923076925,4.173018141886851,19.0,15.0,6.631578947368421,1.0,26.0,6.0,0.0,0.0,0.0,0.0,0.0,1.0,5.0,18.0,23.0,51.0,230.70165975890765
rq0_0051,Buse,easyocr_preprocessed,23.0,23.0,0.0,0.0,9.565217391304348,9.565217391304348,50.0,64.0,3.140625,4.602762843709971,20.0,17.0,6.6,6.0,35.0,3.0,0.0,0.0,0.0,1.4782608695652173,2.0,2.0,10.0,20.0,30.0,58.0,284.5996545452941
rq0_0052,Buse,easyocr_preprocessed,23.0,23.0,0.0,0.0,6.739130434782608,6.739130434782608,17.0,32.0,4.78125,4.4375,17.0,12.0,5.235294117647059,0.0,10.0,5.0,0.0,0.0,0.0,0.0,0.0,1.0,6.0,17.0,23.0,32.0,144.75398259382442
rq0_0053,Buse,easyocr_preprocessed,23.0,23.0,0.0,0.0,10.652173913043478,10.652173913043478,52.0,45.0,5.177777777777778,4.38353525230907,17.0,15.0,11.882352941176471,2.0,23.0,3.0,0.0,0.0,0.0,0.9130434782608695,2.0,3.0,7.0,18.0,25.0,43.0,199.68581616031315
rq0_0054,Buse,easyocr_preprocessed,31.0,31.0,0.0,0.0,6.387096774193548,6.387096774193548,37.0,54.0,3.4074074074074074,4.8240604187099425,29.0,18.0,5.068965517241379,3.0,17.0,5.0,0.0,0.0,0.0,0.25806451612903225,1.0,1.0,8.0,22.0,30.0,51.0,250.25142037603445
rq0_0055,Buse,easyocr_preprocessed,18.0,18.0,0.0,0.0,9.277777777777779,9.277777777777779,44.0,43.0,3.558139534883721,3.972094405563009,18.0,12.0,7.111111111111111,0.0,22.0,3.0,0.0,0.0,0.0,0.0,0.0,1.0,5.0,15.0,20.0,43.0,185.8429080801566
rq0_0056,Buse,easyocr_preprocessed,19.0,19.0,0.0,0.0,11.578947368421053,11.578947368421053,39.0,41.0,5.024390243902439,4.500980895379944,21.0,17.0,8.523809523809524,2.0,15.0,3.0,0.0,0.0,0.0,0.0,0.0,1.0,5.0,20.0,25.0,39.0,181.11039140121426
rq0_0057,Buse,easyocr_preprocessed,24.0,24.0,0.0,0.0,7.0,7.0,20.0,38.0,4.2631578947368425,4.195975712100504,15.0,12.0,7.866666666666666,4.0,17.0,2.0,0.0,0.0,0.0,0.7083333333333334,1.0,1.0,5.0,14.0,19.0,34.0,144.4295354570819
rq0_0058,Buse,easyocr_preprocessed,8.0,8.0,0.0,0.0,11.375,11.375,34.0,15.0,5.933333333333334,3.506890595608519,6.0,4.0,11.5,2.0,6.0,1.0,0.0,0.0,0.0,0.0,0.0,1.0,5.0,5.0,10.0,13.0,43.18506523353571
rq0_0059,Buse,easyocr_preprocessed,19.0,19.0,0.0,0.0,6.473684210526316,6.473684210526316,24.0,37.0,3.1621621621621623,4.111367136356229,12.0,8.0,6.666666666666667,4.0,16.0,5.0,0.0,0.0,0.0,0.0,0.0,3.0,5.0,13.0,18.0,33.0,137.6075250475963
rq0_0060,Buse,easyocr_preprocessed,10.0,10.0,0.0,0.0,10.6,10.6,28.0,32.0,2.96875,4.038909765557392,12.0,9.0,6.166666666666667,1.0,18.0,1.0,0.0,0.0,0.0,0.5,1.0,2.0,8.0,10.0,18.0,31.0,129.26767504471167
rq0_0061,Buse,easyocr_preprocessed,16.0,16.0,0.0,0.0,13.875,13.875,43.0,43.0,4.883720930232558,4.175696440497044,19.0,13.0,9.421052631578947,2.0,21.0,1.0,0.0,0.0,0.0,0.75,1.0,2.0,7.0,14.0,21.0,41.0,180.0850143339292
rq0_0062,Buse,easyocr_preprocessed,17.0,17.0,0.0,0.0,8.117647058823529,8.117647058823529,28.0,35.0,3.657142857142857,3.935727659493042,14.0,10.0,7.357142857142857,1.0,17.0,3.0,0.0,0.0,0.0,0.7058823529411765,1.0,2.0,6.0,13.0,19.0,34.0,144.4295354570819
rq0_0063,Buse,easyocr_preprocessed,25.0,25.0,0.0,0.0,7.2,7.2,34.0,57.0,2.807017543859649,4.436682840033621,18.0,10.0,6.277777777777778,4.0,30.0,5.0,0.0,0.0,0.0,0.0,0.0,2.0,9.0,14.0,23.0,53.0,239.7487836710217
rq0_0064,Buse,easyocr_preprocessed,20.0,20.0,0.0,0.0,10.85,10.85,44.0,47.0,4.382978723404255,4.517800427141455,21.0,18.0,8.571428571428571,0.0,22.0,4.0,0.0,0.0,0.0,0.0,0.0,1.0,6.0,22.0,28.0,47.0,225.94568133670737
rq0_0065,Buse,easyocr_preprocessed,33.0,33.0,0.0,0.09090909090909091,6.787878787878788,6.787878787878788,46.0,62.0,3.370967741935484,4.822922673493042,20.0,13.0,7.1,6.0,27.0,9.0,0.0,0.0,0.0,0.5151515151515151,1.0,3.0,10.0,21.0,31.0,56.0,277.434993381665
rq0_0066,Buse,easyocr_preprocessed,14.0,14.0,0.0,0.0,10.928571428571429,10.928571428571429,55.0,34.0,4.323529411764706,3.948372960273852,14.0,9.0,8.357142857142858,3.0,16.0,1.0,0.0,0.0,0.0,0.5714285714285714,1.0,1.0,6.0,10.0,16.0,31.0,124.0
rq0_0067,Buse,easyocr_preprocessed,16.0,16.0,0.0,0.0,9.5,9.5,43.0,42.0,3.4047619047619047,4.248529327128575,19.0,13.0,6.2105263157894735,1.0,19.0,3.0,0.0,0.0,0.0,0.0,0.0,1.0,6.0,16.0,22.0,41.0,182.83669636412918
rq0_0068,Buse,easyocr_preprocessed,29.0,29.0,0.0,0.0,10.068965517241379,10.068965517241379,54.0,82.0,3.2804878048780486,4.554292427384725,29.0,20.0,6.896551724137931,4.0,44.0,5.0,0.0,0.0,0.0,1.1379310344827587,2.0,2.0,8.0,25.0,33.0,78.0,393.46274130995937
rq0_0069,Buse,easyocr_preprocessed,33.0,33.0,0.0,0.06060606060606061,6.090909090909091,6.090909090909091,34.0,52.0,3.6923076923076925,4.95006375643621,18.0,13.0,7.333333333333333,6.0,21.0,7.0,0.0,0.0,0.0,0.0,0.0,3.0,11.0,20.0,31.0,46.0,227.89303027779624
rq0_0070,Buse,easyocr_preprocessed,36.0,36.0,0.0,0.0,8.11111111111111,8.11111111111111,35.0,63.0,4.476190476190476,4.999759146905093,29.0,21.0,7.310344827586207,7.0,21.0,6.0,0.0,0.0,0.0,0.0,0.0,2.0,6.0,27.0,33.0,56.0,282.4860706840734
rq0_0071,Buse,easyocr_preprocessed,22.0,22.0,0.0,0.0,8.454545454545455,8.454545454545455,29.0,45.0,3.8444444444444446,4.313640873915144,19.0,14.0,7.052631578947368,3.0,22.0,1.0,0.0,0.0,0.0,0.8181818181818182,1.0,2.0,7.0,15.0,22.0,42.0,187.29612798276648
rq0_0072,Buse,easyocr_preprocessed,16.0,16.0,0.0,0.0,10.0,10.0,34.0,37.0,4.054054054054054,4.0059580950078475,14.0,11.0,8.785714285714286,1.0,19.0,3.0,0.0,0.0,0.0,0.0,0.0,2.0,6.0,14.0,20.0,36.0,155.58941141594505
rq0_0073,Buse,easyocr_preprocessed,64.0,64.0,0.0,0.09375,6.59375,6.59375,40.0,113.0,3.495575221238938,5.781011511395537,59.0,47.0,5.491525423728813,3.0,38.0,13.0,0.0,0.0,0.0,0.265625,1.0,2.0,9.0,58.0,67.0,110.0,667.2698109503549
rq0_0074,Buse,easyocr_preprocessed,7.0,7.0,0.0,0.0,18.571428571428573,18.571428571428573,61.0,39.0,2.948717948717949,3.4116225670770226,13.0,7.0,6.846153846153846,0.0,23.0,3.0,0.0,0.0,0.0,0.0,0.0,1.0,4.0,10.0,14.0,39.0,148.48684196024655
rq0_0075,Buse,easyocr_preprocessed,31.0,31.0,0.0,0.0,8.580645161290322,8.580645161290322,45.0,56.0,4.607142857142857,4.456149620532484,21.0,16.0,8.095238095238095,2.0,27.0,6.0,0.0,0.0,0.0,0.0,0.0,1.0,6.0,22.0,28.0,54.0,259.5971657911106
rq0_0076,Buse,easyocr_preprocessed,36.0,36.0,0.0,0.0,8.61111111111111,8.61111111111111,41.0,68.0,4.426470588235294,5.075510724880731,26.0,22.0,7.0,6.0,32.0,4.0,0.0,0.0,0.0,0.7222222222222222,1.0,2.0,11.0,26.0,37.0,62.0,322.9861086689949
rq0_0077,Buse,easyocr_preprocessed,31.0,31.0,0.0,0.0,5.225806451612903,5.225806451612903,42.0,75.0,2.026666666666667,4.913241483823902,22.0,14.0,3.5454545454545454,6.0,37.0,10.0,0.0,0.0,0.0,0.967741935483871,2.0,3.0,12.0,22.0,34.0,69.0,351.0349360462734
rq0_0078,Buse,easyocr_preprocessed,68.0,68.0,0.0,0.029411764705882353,5.014705882352941,5.014705882352941,28.0,96.0,3.3645833333333335,5.8116413449135775,55.0,45.0,4.8,4.0,25.0,12.0,0.0,0.0,0.0,0.75,1.0,2.0,9.0,54.0,63.0,92.0,549.9097529619924
rq0_0079,Buse,easyocr_preprocessed,50.0,50.0,0.0,0.02,6.06,6.06,26.0,77.0,3.792207792207792,5.2345275347810825,37.0,27.0,6.351351351351352,5.0,26.0,9.0,0.0,0.0,0.0,0.76,1.0,3.0,9.0,35.0,44.0,72.0,393.0790765418854
rq0_0080,Buse,easyocr_preprocessed,12.0,12.0,0.0,0.0,11.333333333333334,11.333333333333334,47.0,34.0,3.676470588235294,4.146286370662104,11.0,9.0,8.636363636363637,2.0,19.0,2.0,0.0,0.0,0.0,0.16666666666666666,1.0,2.0,8.0,11.0,19.0,32.0,135.93368043019473
rq0_0081,Buse,easyocr_preprocessed,26.0,26.0,0.0,0.0,11.384615384615385,11.384615384615385,48.0,79.0,3.4936708860759493,4.533989133897038,25.0,17.0,7.92,8.0,42.0,4.0,0.0,0.0,0.0,0.5384615384615384,1.0,4.0,9.0,21.0,30.0,71.0,348.3892322882048
rq0_0082,Buse,easyocr_preprocessed,50.0,50.0,0.0,0.02,5.16,5.16,26.0,61.0,4.19672131147541,5.348609878475559,46.0,36.0,5.173913043478261,1.0,10.0,4.0,0.0,0.0,0.0,0.0,0.0,2.0,5.0,40.0,45.0,60.0,329.5111857797805
rq0_0083,Buse,easyocr_preprocessed,47.0,47.0,0.0,0.0851063829787234,6.76595744680851,6.76595744680851,42.0,87.0,3.4022988505747125,5.2504307836435045,37.0,27.0,5.945945945945946,4.0,35.0,11.0,0.0,0.0,0.0,0.0851063829787234,1.0,2.0,11.0,36.0,47.0,83.0,461.03087468924394
rq0_0084,Buse,easyocr_preprocessed,34.0,34.0,0.0,0.0,6.0,6.0,17.0,73.0,2.6027397260273974,4.956412229875801,11.0,9.0,5.0,16.0,29.0,17.0,0.0,0.0,0.0,0.0,0.0,4.0,9.0,18.0,27.0,57.0,271.02858762331766
rq0_0085,Buse,easyocr_preprocessed,18.0,18.0,0.0,0.0,13.277777777777779,13.277777777777779,58.0,75.0,3.0,4.461584110744872,24.0,13.0,6.125,6.0,38.0,7.0,0.0,0.0,0.0,0.6111111111111112,1.0,3.0,8.0,19.0,27.0,69.0,328.0872376492793
rq0_0086,Buse,easyocr_preprocessed,21.0,21.0,0.0,0.0,8.285714285714286,8.285714285714286,28.0,36.0,4.722222222222222,4.083274571476652,13.0,8.0,7.923076923076923,3.0,17.0,3.0,0.0,0.0,0.0,0.8095238095238095,1.0,2.0,6.0,11.0,17.0,33.0,134.88627376126118
rq0_0087,Buse,easyocr_preprocessed,27.0,27.0,0.0,0.0,5.444444444444445,5.444444444444445,24.0,35.0,4.085714285714285,4.229003731107054,13.0,7.0,7.384615384615385,6.0,11.0,5.0,0.0,0.0,0.0,1.4814814814814814,2.0,4.0,5.0,12.0,17.0,29.0,118.53642239625984
rq0_0088,Buse,easyocr_preprocessed,37.0,37.0,0.0,0.0,8.756756756756756,8.756756756756756,36.0,83.0,3.7349397590361444,4.882696252275023,29.0,22.0,7.793103448275862,8.0,40.0,6.0,0.0,0.0,0.0,0.8648648648648649,2.0,4.0,9.0,28.0,37.0,75.0,390.70900242217124
rq0_0089,Buse,easyocr_preprocessed,38.0,38.0,0.0,0.0,7.842105263157895,7.842105263157895,31.0,88.0,3.147727272727273,5.009568265922042,28.0,20.0,6.571428571428571,9.0,42.0,9.0,0.0,0.0,0.0,0.10526315789473684,1.0,3.0,10.0,27.0,37.0,79.0,411.5468158846871
rq0_0090,Buse,easyocr_preprocessed,39.0,39.0,0.0,0.10256410256410256,6.358974358974359,6.358974358974359,42.0,60.0,3.966666666666667,5.135812887167012,25.0,20.0,7.44,4.0,24.0,7.0,0.0,0.0,0.0,0.0,0.0,1.0,10.0,27.0,37.0,56.0,291.7293884752212
rq0_0091,Buse,easyocr_preprocessed,41.0,41.0,0.0,0.0,9.073170731707316,9.073170731707316,46.0,87.0,3.9770114942528734,4.96740144853251,28.0,20.0,8.428571428571429,13.0,39.0,7.0,0.0,0.0,0.0,2.268292682926829,3.0,5.0,9.0,27.0,36.0,74.0,382.5744501067311
rq0_0092,Buse,easyocr_preprocessed,17.0,17.0,0.0,0.0,3.588235294117647,3.588235294117647,15.0,33.0,1.696969696969697,3.9603202553942918,12.0,7.0,2.8333333333333335,1.0,16.0,4.0,0.0,0.0,0.0,0.4117647058823529,1.0,2.0,6.0,11.0,17.0,32.0,130.79881092001085
rq0_0093,Buse,easyocr_preprocessed,11.0,11.0,0.0,0.0,15.454545454545455,15.454545454545455,56.0,32.0,5.0625,4.101409765557392,13.0,13.0,11.0,0.0,16.0,3.0,0.0,0.0,0.0,0.0,0.0,1.0,5.0,16.0,21.0,32.0,140.55415752892034
rq0_0094,Buse,easyocr_preprocessed,33.0,33.0,0.0,0.12121212121212122,6.545454545454546,6.545454545454546,28.0,60.0,3.3833333333333333,5.002479553833679,21.0,19.0,6.857142857142857,5.0,29.0,5.0,0.0,0.0,0.0,0.5151515151515151,1.0,1.0,11.0,24.0,35.0,55.0,282.11056593197316
rq0_0095,Buse,easyocr_preprocessed,31.0,31.0,0.0,0.0,10.32258064516129,10.32258064516129,36.0,65.0,4.676923076923077,4.6265361829792155,22.0,16.0,8.272727272727273,4.0,31.0,8.0,0.0,0.0,0.0,1.5806451612903225,3.0,1.0,7.0,24.0,31.0,61.0,302.20597493359935
rq0_0096,Buse,easyocr_preprocessed,14.0,14.0,0.0,0.0,11.785714285714286,11.785714285714286,34.0,48.0,3.1875,4.189260032810927,18.0,11.0,6.5,3.0,24.0,3.0,0.0,0.0,0.0,0.0,0.0,2.0,7.0,13.0,20.0,45.0,194.4867642699313
rq0_0097,Buse,easyocr_preprocessed,33.0,33.0,0.0,0.0,9.848484848484848,9.848484848484848,58.0,84.0,3.5,4.719964304742391,35.0,17.0,6.4,3.0,36.0,10.0,0.0,0.0,0.0,0.0,0.0,2.0,7.0,27.0,34.0,81.0,412.08449014127746
rq0_0098,Buse,easyocr_preprocessed,45.0,45.0,0.0,0.0,9.022222222222222,9.022222222222222,37.0,91.0,4.373626373626373,4.873617338216666,29.0,22.0,7.862068965517241,8.0,47.0,7.0,0.0,0.0,0.0,1.9777777777777779,3.0,4.0,9.0,29.0,38.0,83.0,435.5779836158176
rq0_0099,Dorn,easyocr_preprocessed,113.0,113.0,0.0,0.0,7.115044247787611,7.115044247787611,52.0,204.0,3.7254901960784315,5.732909203750876,53.0,33.0,9.377358490566039,21.0,85.0,45.0,0.0,0.0,0.0,2.336283185840708,6.0,7.0,9.0,78.0,87.0,183.0,1179.0586597403171
rq0_0100,Dorn,easyocr_preprocessed,159.0,159.0,0.0,0.0,8.377358490566039,8.377358490566039,43.0,195.0,6.938461538461539,6.072381233774822,74.0,55.0,8.675675675675675,4.0,81.0,36.0,0.0,0.0,0.0,2.138364779874214,6.0,4.0,13.0,90.0,103.0,191.0,1277.1216006919947
rq0_0101,Dorn,easyocr_preprocessed,34.0,34.0,0.0,0.0,10.823529411764707,10.823529411764707,41.0,53.0,6.830188679245283,4.6575609082763965,18.0,13.0,15.11111111111111,5.0,23.0,7.0,0.0,0.0,0.0,1.1470588235294117,2.0,1.0,7.0,20.0,27.0,48.0,228.23460010384647
rq0_0102,Dorn,easyocr_preprocessed,16.0,16.0,0.0,0.0,5.9375,5.9375,36.0,32.0,2.8125,4.140319531114783,6.0,6.0,6.333333333333333,4.0,16.0,6.0,0.0,0.0,0.0,1.6875,3.0,3.0,5.0,12.0,17.0,28.0,114.4489595550095
rq0_0103,Dorn,easyocr_preprocessed,214.0,214.0,0.0,0.0,9.467289719626168,9.467289719626168,54.0,316.0,6.424050632911392,6.081139501637409,120.0,65.0,8.258333333333333,18.0,125.0,53.0,0.0,0.0,0.0,1.266355140186916,4.0,3.0,11.0,118.0,129.0,298.0,2089.3457221161298
rq0_0104,Dorn,easyocr_preprocessed,127.0,127.0,0.0,0.031496062992125984,6.05511811023622,6.05511811023622,32.0,136.0,5.6911764705882355,5.6807560120504,30.0,22.0,8.966666666666667,14.0,55.0,37.0,0.0,0.0,0.0,2.9763779527559056,4.0,1.0,12.0,57.0,69.0,122.0,745.2399837269367
rq0_0105,Dorn,easyocr_preprocessed,23.0,23.0,0.0,0.0,7.086956521739131,7.086956521739131,41.0,45.0,3.2666666666666666,4.353646853021372,12.0,7.0,7.25,7.0,21.0,5.0,0.0,0.0,0.0,0.2608695652173913,1.0,2.0,7.0,12.0,19.0,38.0,161.42124551085624
rq0_0106,Dorn,easyocr_preprocessed,121.0,121.0,0.0,0.0,8.49586776859504,8.49586776859504,48.0,58.0,19.189655172413794,4.741962789037907,22.0,14.0,7.909090909090909,5.0,24.0,7.0,0.0,0.0,0.0,1.6859504132231404,4.0,3.0,7.0,21.0,28.0,53.0,254.78981086905299
rq0_0107,Dorn,easyocr_preprocessed,75.0,75.0,0.0,0.0,7.173333333333333,7.173333333333333,31.0,153.0,3.372549019607843,5.24556527724947,48.0,17.0,7.854166666666667,6.0,67.0,32.0,0.0,0.0,0.0,0.0,0.0,4.0,10.0,44.0,54.0,147.0,845.9684628180298
rq0_0108,Dorn,easyocr_preprocessed,77.0,77.0,0.0,0.0,5.298701298701299,5.298701298701299,43.0,136.0,2.8308823529411766,5.676099401101501,45.0,28.0,5.5777777777777775,8.0,53.0,30.0,0.0,0.0,0.0,1.896103896103896,4.0,6.0,11.0,57.0,68.0,128.0,779.1952436800434
rq0_0109,Dorn,easyocr_preprocessed,130.0,130.0,0.0,0.0,8.792307692307693,8.792307692307693,53.0,243.0,4.522633744855967,5.674202932646716,76.0,35.0,8.894736842105264,26.0,95.0,46.0,0.0,0.0,0.0,4.007692307692308,8.0,8.0,10.0,81.0,91.0,217.0,1412.1914369231172
rq0_0110,Dorn,easyocr_preprocessed,14.0,14.0,0.0,0.0,4.5,4.5,14.0,20.0,3.05,4.021928094887363,7.0,6.0,5.285714285714286,2.0,7.0,4.0,0.0,0.0,0.0,0.0,0.0,1.0,5.0,10.0,15.0,18.0,70.32403072095333
rq0_0111,Dorn,easyocr_preprocessed,20.0,20.0,0.0,0.2,8.05,8.05,24.0,34.0,4.411764705882353,4.135564959585625,19.0,13.0,6.684210526315789,2.0,11.0,2.0,0.0,0.0,0.0,0.0,0.0,1.0,4.0,15.0,19.0,32.0,135.93368043019473
rq0_0112,Dorn,easyocr_preprocessed,80.0,80.0,0.0,0.0375,8.1375,8.1375,47.0,161.0,3.8633540372670807,5.786051021290333,57.0,33.0,7.578947368421052,15.0,63.0,26.0,0.0,0.0,0.0,1.15,3.0,3.0,13.0,59.0,72.0,146.0,900.8090502105775
rq0_0113,Dorn,easyocr_preprocessed,176.0,176.0,0.0,0.07386363636363637,5.801136363636363,5.801136363636363,56.0,274.0,3.5839416058394162,6.379792908934026,117.0,59.0,5.82051282051282,23.0,78.0,56.0,0.0,0.0,0.0,0.38636363636363635,2.0,5.0,11.0,114.0,125.0,251.0,1748.4118554501838
rq0_0114,Dorn,easyocr_preprocessed,83.0,83.0,0.0,0.024096385542168676,9.53012048192771,9.53012048192771,55.0,174.0,4.379310344827586,5.857403163504347,57.0,38.0,8.859649122807017,12.0,69.0,36.0,0.0,0.0,0.0,0.7108433734939759,1.0,1.0,12.0,74.0,86.0,162.0,1041.05489026174
rq0_0115,Dorn,easyocr_preprocessed,17.0,17.0,0.0,0.0,7.176470588235294,7.176470588235294,24.0,30.0,3.966666666666667,4.081727678869736,6.0,6.0,6.333333333333333,3.0,15.0,6.0,0.0,0.0,0.0,0.8235294117647058,2.0,3.0,5.0,12.0,17.0,27.0,110.36149671375915
rq0_0116,Dorn,easyocr_preprocessed,210.0,210.0,0.0,0.06666666666666667,6.8238095238095235,6.8238095238095235,61.0,326.0,4.254601226993865,7.033919948390437,159.0,109.0,6.610062893081761,17.0,89.0,61.0,0.0,0.0,0.0,0.4857142857142857,2.0,2.0,15.0,170.0,185.0,309.0,2327.1968712995404
rq0_0117,Dorn,easyocr_preprocessed,31.0,31.0,0.0,0.12903225806451613,4.870967741935484,4.870967741935484,20.0,44.0,3.227272727272727,4.951146891896382,19.0,18.0,5.368421052631579,4.0,14.0,7.0,0.0,0.0,0.0,0.0,0.0,2.0,6.0,25.0,31.0,40.0,198.167852415475
rq0_0118,Dorn,easyocr_preprocessed,166.0,166.0,0.0,0.0,7.831325301204819,7.831325301204819,32.0,179.0,7.4525139664804465,6.045881300737451,58.0,32.0,7.741379310344827,10.0,60.0,51.0,0.0,0.0,0.0,1.1024096385542168,2.0,1.0,9.0,81.0,90.0,169.0,1097.123173279715
rq0_0119,Dorn,easyocr_preprocessed,16.0,16.0,0.0,0.0625,9.375,9.375,43.0,36.0,4.0,4.516875695766563,11.0,11.0,8.454545454545455,5.0,13.0,7.0,0.0,0.0,0.0,0.0,0.0,1.0,5.0,18.0,23.0,31.0,140.2304206377674
rq0_0120,Dorn,easyocr_preprocessed,17.0,17.0,0.0,0.0,10.588235294117647,10.588235294117647,46.0,15.0,12.466666666666667,3.773557262275186,5.0,5.0,19.4,0.0,5.0,5.0,0.0,0.0,0.0,0.7058823529411765,1.0,1.0,4.0,10.0,14.0,15.0,57.11032383086406
rq0_0121,Dorn,easyocr_preprocessed,116.0,116.0,0.0,0.1810344827586207,5.879310344827586,5.879310344827586,31.0,170.0,3.7823529411764705,5.272885047283746,73.0,27.0,5.972602739726027,24.0,47.0,26.0,0.0,0.0,0.0,0.0,0.0,2.0,5.0,52.0,57.0,146.0,851.6019420680523
rq0_0122,Dorn,easyocr_preprocessed,87.0,87.0,0.0,0.0,8.28735632183908,8.28735632183908,54.0,164.0,4.195121951219512,5.427982433890504,48.0,32.0,10.229166666666666,20.0,69.0,27.0,0.0,0.0,0.0,2.793103448275862,4.0,5.0,9.0,59.0,68.0,144.0,876.5946491400489
rq0_0123,Dorn,easyocr_preprocessed,26.0,26.0,0.0,0.0,6.153846153846154,6.153846153846154,23.0,47.0,3.1914893617021276,4.602357202695436,19.0,14.0,5.2631578947368425,5.0,19.0,4.0,0.0,0.0,0.0,0.7692307692307693,2.0,1.0,7.0,18.0,25.0,42.0,195.04195997053841
rq0_0124,Dorn,easyocr_preprocessed,22.0,22.0,0.0,0.0,11.090909090909092,11.090909090909092,29.0,47.0,4.9787234042553195,4.224177681188684,22.0,15.0,9.409090909090908,1.0,20.0,4.0,0.0,0.0,0.0,0.45454545454545453,1.0,2.0,5.0,19.0,24.0,46.0,210.90827503317317
rq0_0125,Dorn,easyocr_preprocessed,162.0,162.0,0.0,0.07407407407407407,7.685185185185185,7.685185185185185,50.0,311.0,3.8938906752411575,6.264416920033627,170.0,103.0,5.682352941176471,13.0,87.0,41.0,0.0,0.0,0.0,0.0,0.0,2.0,9.0,143.0,152.0,298.0,2159.8823990061883
rq0_0126,Dorn,easyocr_preprocessed,39.0,39.0,0.0,0.0,9.487179487179487,9.487179487179487,26.0,71.0,5.0,5.103008946103264,33.0,28.0,8.93939393939394,1.0,29.0,8.0,0.0,0.0,0.0,0.0,0.0,1.0,9.0,36.0,45.0,70.0,384.4297167430772
rq0_0127,Dorn,easyocr_preprocessed,151.0,151.0,0.0,0.16556291390728478,6.735099337748345,6.735099337748345,58.0,219.0,4.4840182648401825,5.706938165946444,83.0,27.0,8.795180722891565,17.0,72.0,47.0,0.0,0.0,0.0,1.7086092715231789,3.0,1.0,10.0,74.0,84.0,202.0,1291.2481194013096
rq0_0128,Dorn,easyocr_preprocessed,81.0,81.0,0.0,0.037037037037037035,10.0,10.0,54.0,164.0,4.7317073170731705,5.978043779449085,52.0,41.0,9.51923076923077,23.0,58.0,31.0,0.0,0.0,0.0,0.0,0.0,4.0,10.0,71.0,81.0,141.0,893.9188504067321
rq0_0129,Dorn,easyocr_preprocessed,93.0,93.0,0.0,0.0,7.0,7.0,36.0,122.0,5.155737704918033,5.452833095690688,22.0,13.0,19.363636363636363,15.0,32.0,53.0,0.0,0.0,0.0,0.3870967741935484,1.0,1.0,6.0,58.0,64.0,107.0,642.0
rq0_0130,Dorn,easyocr_preprocessed,72.0,72.0,0.0,0.013888888888888888,8.48611111111111,8.48611111111111,44.0,130.0,4.484615384615385,5.368001314496352,44.0,16.0,9.181818181818182,16.0,43.0,27.0,0.0,0.0,0.0,3.5416666666666665,6.0,2.0,9.0,42.0,51.0,114.0,646.6564889847505
rq0_0131,Dorn,easyocr_preprocessed,69.0,69.0,0.0,0.0,7.405797101449275,7.405797101449275,52.0,136.0,3.6029411764705883,4.981548625208907,36.0,11.0,8.277777777777779,19.0,56.0,25.0,0.0,0.0,0.0,2.579710144927536,5.0,4.0,7.0,36.0,43.0,117.0,634.8729763001454
rq0_0132,Dorn,easyocr_preprocessed,25.0,25.0,0.0,0.2,7.12,7.12,38.0,51.0,3.1176470588235294,4.6032228907365775,20.0,13.0,4.3,10.0,17.0,4.0,0.0,0.0,0.0,0.0,0.0,1.0,5.0,17.0,22.0,41.0,182.83669636412918
rq0_0133,Dorn,easyocr_preprocessed,89.0,89.0,0.0,0.0,7.617977528089888,7.617977528089888,40.0,154.0,4.2272727272727275,5.199356896014008,54.0,24.0,9.574074074074074,5.0,68.0,27.0,0.0,0.0,0.0,1.6292134831460674,3.0,4.0,9.0,51.0,60.0,149.0,880.1266987456693
rq0_0134,Dorn,easyocr_preprocessed,19.0,19.0,0.0,0.0,6.105263157894737,6.105263157894737,22.0,35.0,3.142857142857143,4.514718016821339,12.0,12.0,6.166666666666667,3.0,15.0,5.0,0.0,0.0,0.0,0.7368421052631579,2.0,3.0,6.0,17.0,23.0,32.0,144.75398259382442
rq0_0135,Dorn,easyocr_preprocessed,248.0,248.0,0.0,0.0,9.870967741935484,9.870967741935484,53.0,570.0,4.136842105263158,5.760261029780487,251.0,52.0,7.163346613545817,48.0,192.0,79.0,0.0,0.0,0.0,0.0,0.0,1.0,8.0,128.0,136.0,522.0,3699.655603132677
rq0_0136,Dorn,easyocr_preprocessed,131.0,131.0,0.0,0.07633587786259542,7.229007633587786,7.229007633587786,57.0,232.0,3.8793103448275863,6.075302310350625,72.0,34.0,8.152777777777779,23.0,83.0,54.0,0.0,0.0,0.0,3.9236641221374047,8.0,2.0,9.0,85.0,94.0,209.0,1369.9090700006263
rq0_0137,Dorn,easyocr_preprocessed,62.0,62.0,0.0,0.0,19.387096774193548,19.387096774193548,62.0,215.0,5.311627906976744,4.977701351923031,81.0,55.0,12.135802469135802,1.0,106.0,27.0,0.0,0.0,0.0,0.0,0.0,2.0,4.0,82.0,86.0,214.0,1375.220657506249
rq0_0138,Dorn,easyocr_preprocessed,25.0,25.0,0.0,0.0,10.52,10.52,41.0,27.0,10.074074074074074,4.458591205867172,7.0,7.0,7.0,1.0,10.0,9.0,0.0,0.0,0.0,0.16,1.0,2.0,7.0,15.0,22.0,26.0,115.94522208456974
rq0_0139,Dorn,easyocr_preprocessed,123.0,123.0,0.0,0.032520325203252036,6.626016260162602,6.626016260162602,55.0,231.0,3.272727272727273,5.758277983862965,59.0,28.0,7.016949152542373,31.0,91.0,50.0,0.0,0.0,0.0,0.3008130081300813,1.0,5.0,11.0,76.0,87.0,200.0,1288.5886991697455
rq0_0140,Dorn,easyocr_preprocessed,150.0,150.0,0.0,0.02666666666666667,8.113333333333333,8.113333333333333,59.0,293.0,3.969283276450512,6.192884762551085,108.0,62.0,6.953703703703703,34.0,100.0,51.0,0.0,0.0,0.0,0.34,2.0,2.0,15.0,110.0,125.0,259.0,1804.1381297274804
rq0_0141,Dorn,easyocr_preprocessed,71.0,71.0,0.0,0.0,10.774647887323944,10.774647887323944,58.0,145.0,5.027586206896552,5.590355351704826,49.0,26.0,10.775510204081632,19.0,49.0,28.0,0.0,0.0,0.0,3.3098591549295775,6.0,2.0,9.0,54.0,63.0,126.0,753.1372703609895
rq0_0142,Dorn,easyocr_preprocessed,90.0,90.0,0.0,0.0,6.477777777777778,6.477777777777778,45.0,162.0,3.4012345679012346,5.401574043701126,49.0,27.0,7.591836734693878,12.0,74.0,27.0,0.0,0.0,0.0,3.2444444444444445,5.0,4.0,11.0,54.0,65.0,150.0,903.3551719542681
rq0_0143,Dorn,easyocr_preprocessed,15.0,15.0,0.0,0.0,33.733333333333334,33.733333333333334,53.0,92.0,5.380434782608695,3.5177471012514108,30.0,12.0,13.066666666666666,10.0,48.0,4.0,0.0,0.0,0.0,0.0,0.0,1.0,4.0,16.0,20.0,82.0,354.39810378076373
rq0_0144,Dorn,easyocr_preprocessed,28.0,28.0,0.0,0.0,10.035714285714286,10.035714285714286,49.0,49.0,5.591836734693878,4.814316355362685,18.0,16.0,12.166666666666666,4.0,21.0,6.0,0.0,0.0,0.0,1.4642857142857142,2.0,2.0,8.0,22.0,30.0,45.0,220.81007680238335
rq0_0145,Dorn,easyocr_preprocessed,11.0,11.0,0.0,0.0,7.7272727272727275,7.7272727272727275,26.0,20.0,3.95,3.3464393446710154,3.0,3.0,15.666666666666666,4.0,10.0,3.0,0.0,0.0,0.0,0.0,0.0,1.0,3.0,6.0,9.0,16.0,50.718800023076994
rq0_0146,Dorn,easyocr_preprocessed,178.0,178.0,0.0,0.12359550561797752,4.764044943820225,4.764044943820225,37.0,230.0,3.5565217391304347,6.679258842452911,133.0,99.0,4.864661654135339,6.0,46.0,45.0,0.0,0.0,0.0,0.0,0.0,3.0,7.0,136.0,143.0,224.0,1603.8111794383592
rq0_0147,Dorn,easyocr_preprocessed,26.0,26.0,0.0,0.15384615384615385,9.692307692307692,9.692307692307692,50.0,41.0,5.951219512195122,4.491459931341817,19.0,12.0,11.052631578947368,3.0,14.0,5.0,0.0,0.0,0.0,0.0,0.0,1.0,7.0,17.0,24.0,38.0,174.22857502740393
rq0_0148,Dorn,easyocr_preprocessed,177.0,177.0,0.0,0.0,9.384180790960452,9.384180790960452,52.0,373.0,4.343163538873995,5.932963600632049,150.0,57.0,8.3,26.0,137.0,60.0,0.0,0.0,0.0,1.7796610169491525,4.0,5.0,8.0,117.0,125.0,347.0,2417.127146777744
rq0_0149,Dorn,easyocr_preprocessed,206.0,206.0,0.0,0.07766990291262135,5.116504854368932,5.116504854368932,39.0,285.0,3.585964912280702,7.0074390338282715,136.0,105.0,5.338235294117647,20.0,73.0,56.0,0.0,0.0,0.0,1.1213592233009708,6.0,3.0,12.0,160.0,172.0,265.0,1967.9601599960558
rq0_0150,Dorn,easyocr_preprocessed,71.0,71.0,0.0,0.0,3.492957746478873,3.492957746478873,19.0,107.0,2.1401869158878504,5.196846487362035,18.0,8.0,4.111111111111111,12.0,46.0,31.0,0.0,0.0,0.0,2.0422535211267605,4.0,7.0,12.0,37.0,49.0,95.0,533.3974351909447
rq0_0151,Dorn,easyocr_preprocessed,155.0,155.0,0.0,0.0,8.148387096774194,8.148387096774194,48.0,149.0,8.912751677852349,5.5872668374645515,55.0,35.0,7.2727272727272725,15.0,54.0,25.0,0.0,0.0,0.0,1.5419354838709678,3.0,4.0,8.0,60.0,68.0,134.0,815.7200207275455
rq0_0152,Dorn,easyocr_preprocessed,142.0,142.0,0.0,0.04929577464788732,7.591549295774648,7.591549295774648,45.0,304.0,3.289473684210526,6.098947715506144,90.0,51.0,7.177777777777778,23.0,134.0,57.0,0.0,0.0,0.0,0.8661971830985915,2.0,4.0,14.0,100.0,114.0,281.0,1920.0420939802923
rq0_0153,Dorn,easyocr_preprocessed,32.0,32.0,0.0,0.15625,5.4375,5.4375,37.0,46.0,3.608695652173913,4.561286684176787,19.0,12.0,6.0,6.0,14.0,7.0,0.0,0.0,0.0,0.0,0.0,1.0,5.0,18.0,23.0,40.0,180.94247824228052
rq0_0154,Dorn,easyocr_preprocessed,13.0,13.0,0.0,0.0,9.76923076923077,9.76923076923077,30.0,32.0,3.78125,4.3125,10.0,8.0,7.0,6.0,12.0,4.0,0.0,0.0,0.0,0.0,0.0,1.0,5.0,12.0,17.0,26.0,106.27403387250882
rq0_0155,Dorn,easyocr_preprocessed,65.0,65.0,0.0,0.0,7.2,7.2,43.0,126.0,3.5238095238095237,5.2513287278469685,39.0,23.0,7.487179487179487,11.0,50.0,26.0,0.0,0.0,0.0,0.0,0.0,3.0,7.0,49.0,56.0,115.0,667.8458160366245
rq0_0156,Dorn,easyocr_preprocessed,14.0,14.0,0.0,0.0,11.928571428571429,11.928571428571429,54.0,44.0,3.5,4.40194695925137,14.0,11.0,7.785714285714286,4.0,22.0,4.0,0.0,0.0,0.0,0.07142857142857142,1.0,2.0,8.0,15.0,23.0,40.0,180.94247824228052
rq0_0157,Dorn,easyocr_preprocessed,112.0,112.0,0.0,0.026785714285714284,9.330357142857142,9.330357142857142,55.0,206.0,4.912621359223301,6.031809348327773,77.0,47.0,8.2987012987013,25.0,64.0,40.0,0.0,0.0,0.0,0.0,0.0,2.0,10.0,87.0,97.0,181.0,1194.58422443587
rq0_0158,Dorn,easyocr_preprocessed,17.0,17.0,0.0,0.0,8.764705882352942,8.764705882352942,43.0,31.0,4.67741935483871,4.1313003425053605,8.0,8.0,7.375,1.0,16.0,6.0,0.0,0.0,0.0,0.6470588235294118,1.0,2.0,6.0,14.0,20.0,30.0,129.65784284662087
rq0_0159,Dorn,easyocr_preprocessed,154.0,154.0,0.0,0.01948051948051948,9.772727272727273,9.772727272727273,57.0,287.0,5.038327526132404,6.302284697517496,110.0,59.0,10.227272727272727,20.0,98.0,59.0,0.0,0.0,0.0,1.2662337662337662,2.0,1.0,10.0,118.0,128.0,267.0,1869.0
rq0_0160,Dorn,easyocr_preprocessed,31.0,31.0,0.0,0.0967741935483871,7.67741935483871,7.67741935483871,43.0,60.0,3.816666666666667,4.752153720356114,21.0,15.0,7.666666666666667,6.0,27.0,6.0,0.0,0.0,0.0,0.3548387096774194,1.0,1.0,8.0,21.0,29.0,54.0,262.3309737368889
rq0_0161,Dorn,easyocr_preprocessed,161.0,161.0,0.0,0.024844720496894408,6.496894409937888,6.496894409937888,55.0,243.0,4.148148148148148,6.23997869308628,99.0,48.0,5.9393939393939394,12.0,74.0,58.0,0.0,0.0,0.0,0.0,0.0,4.0,11.0,105.0,116.0,231.0,1584.193609874469
rq0_0162,Dorn,easyocr_preprocessed,29.0,29.0,0.0,0.10344827586206896,10.655172413793103,10.655172413793103,53.0,70.0,4.3,4.673746281955365,27.0,17.0,8.185185185185185,6.0,24.0,13.0,0.0,0.0,0.0,0.0,1.0,1.0,5.0,29.0,34.0,64.0,325.5976218400217
rq0_0163,Dorn,easyocr_preprocessed,122.0,122.0,0.0,0.0,7.614754098360656,7.614754098360656,44.0,211.0,4.2843601895734595,5.94046311114051,69.0,41.0,9.652173913043478,14.0,81.0,47.0,0.0,0.0,0.0,3.1639344262295084,5.0,7.0,8.0,88.0,96.0,197.0,1297.2376126420677
rq0_0164,Dorn,easyocr_preprocessed,24.0,24.0,0.0,0.0,10.083333333333334,10.083333333333334,52.0,47.0,4.9787234042553195,4.979704808940321,17.0,16.0,10.941176470588236,3.0,20.0,7.0,0.0,0.0,0.0,0.7083333333333334,1.0,1.0,10.0,23.0,33.0,44.0,221.95334125177195
rq0_0165,Dorn,easyocr_preprocessed,25.0,25.0,0.0,0.12,7.0,7.0,26.0,43.0,3.883720930232558,4.739990917392169,13.0,11.0,8.23076923076923,6.0,18.0,6.0,0.0,0.0,0.0,0.36,2.0,1.0,8.0,17.0,25.0,37.0,171.8226790216648
rq0_0166,Dorn,easyocr_preprocessed,61.0,61.0,0.0,0.0,14.360655737704919,14.360655737704919,59.0,194.0,4.123711340206185,4.705177562826064,54.0,33.0,11.351851851851851,7.0,104.0,29.0,0.0,0.0,0.0,0.5737704918032787,2.0,2.0,6.0,59.0,65.0,187.0,1126.1827810363209
rq0_0167,Dorn,easyocr_preprocessed,290.0,290.0,0.0,0.10689655172413794,4.73448275862069,4.73448275862069,32.0,361.0,3.6759002770083105,6.404034239643515,194.0,82.0,5.036082474226804,38.0,75.0,54.0,0.0,0.0,0.0,0.0,0.0,9.0,10.0,136.0,146.0,323.0,2322.3133325182457
rq0_0168,Dorn,easyocr_preprocessed,19.0,19.0,0.0,0.0,8.157894736842104,8.157894736842104,37.0,44.0,3.1363636363636362,4.172404562203418,13.0,8.0,6.6923076923076925,3.0,23.0,5.0,0.0,0.0,0.0,0.5789473684210527,1.0,2.0,8.0,13.0,21.0,41.0,180.0850143339292
rq0_0169,Dorn,easyocr_preprocessed,95.0,95.0,0.0,0.0,8.842105263157896,8.842105263157896,39.0,87.0,9.988505747126437,5.415059335328952,38.0,30.0,7.868421052631579,2.0,32.0,15.0,0.0,0.0,0.0,0.23157894736842105,1.0,2.0,8.0,45.0,53.0,85.0,486.8732386378719
rq0_0170,Dorn,easyocr_preprocessed,93.0,93.0,0.0,0.0,8.763440860215054,8.763440860215054,42.0,176.0,4.465909090909091,5.640266419452587,66.0,32.0,9.545454545454545,7.0,70.0,33.0,0.0,0.0,0.0,0.053763440860215055,1.0,4.0,10.0,65.0,75.0,169.0,1052.6703586938038
rq0_0171,Dorn,easyocr_preprocessed,161.0,161.0,0.0,0.08074534161490683,6.46583850931677,6.46583850931677,41.0,303.0,3.3135313531353137,5.726355264211571,107.0,35.0,6.11214953271028,28.0,114.0,54.0,0.0,0.0,0.0,1.4596273291925466,3.0,4.0,12.0,86.0,98.0,275.0,1819.0452071316822
rq0_0172,Dorn,easyocr_preprocessed,34.0,34.0,0.0,0.11764705882352941,4.5,4.5,17.0,42.0,3.5,4.508521816141528,15.0,12.0,5.266666666666667,10.0,13.0,4.0,0.0,0.0,0.0,0.9411764705882353,1.0,1.0,5.0,16.0,21.0,32.0,140.55415752892034
rq0_0173,Dorn,easyocr_preprocessed,196.0,196.0,0.0,0.10714285714285714,5.153061224489796,5.153061224489796,55.0,296.0,3.314189189189189,6.831794263663732,166.0,114.0,4.77710843373494,5.0,82.0,43.0,0.0,0.0,0.0,0.0,0.0,4.0,12.0,154.0,166.0,291.0,2146.136474521955
rq0_0174,Dorn,easyocr_preprocessed,17.0,17.0,0.0,0.0,16.294117647058822,16.294117647058822,45.0,32.0,8.375,4.163909765557392,15.0,10.0,15.333333333333334,4.0,9.0,4.0,0.0,0.0,0.0,0.0,0.0,1.0,4.0,14.0,18.0,28.0,116.75790004038474
rq0_0175,Dorn,easyocr_preprocessed,28.0,28.0,0.0,0.0,9.428571428571429,9.428571428571429,37.0,72.0,3.375,4.783946530028134,29.0,21.0,6.586206896551724,4.0,34.0,5.0,0.0,0.0,0.0,0.0,0.0,1.0,9.0,26.0,35.0,68.0,348.7912451522577
rq0_0176,Dorn,easyocr_preprocessed,109.0,109.0,0.0,0.0,11.541284403669724,11.541284403669724,56.0,247.0,4.862348178137652,5.279416599091591,79.0,32.0,9.734177215189874,8.0,111.0,49.0,0.0,0.0,0.0,0.3302752293577982,1.0,3.0,7.0,80.0,87.0,239.0,1539.863495507846
rq0_0177,Dorn,easyocr_preprocessed,248.0,248.0,0.0,0.07661290322580645,6.379032258064516,6.379032258064516,57.0,370.0,4.108108108108108,7.096616250230349,185.0,131.0,6.308108108108108,22.0,96.0,67.0,0.0,0.0,0.0,0.0,0.0,3.0,11.0,197.0,208.0,348.0,2679.7530219131
rq0_0178,Dorn,easyocr_preprocessed,138.0,138.0,0.0,0.050724637681159424,5.681159420289855,5.681159420289855,22.0,187.0,3.9679144385026737,5.909745256357014,75.0,28.0,7.04,13.0,48.0,51.0,0.0,0.0,0.0,0.0,0.0,1.0,9.0,75.0,84.0,174.0,1112.2632315635044
rq0_0179,Dorn,easyocr_preprocessed,80.0,80.0,0.0,0.0,7.15,7.15,43.0,159.0,3.40251572327044,5.544134403745086,55.0,35.0,7.090909090909091,8.0,71.0,25.0,0.0,0.0,0.0,0.15,1.0,4.0,11.0,60.0,71.0,151.0,928.611815045207
rq0_0180,Dorn,easyocr_preprocessed,78.0,78.0,0.0,0.0,12.525641025641026,12.525641025641026,54.0,79.0,12.594936708860759,4.785394634056309,28.0,12.0,13.0,4.0,30.0,17.0,0.0,0.0,0.0,1.5897435897435896,4.0,3.0,7.0,29.0,36.0,75.0,387.7443751081734
rq0_0181,Dorn,easyocr_preprocessed,33.0,33.0,0.0,0.09090909090909091,7.2727272727272725,7.2727272727272725,45.0,59.0,3.8983050847457625,4.793411481455225,20.0,15.0,8.15,6.0,27.0,6.0,0.0,0.0,0.0,0.8181818181818182,2.0,1.0,8.0,21.0,29.0,53.0,257.4729927417613
rq0_0182,Dorn,easyocr_preprocessed,30.0,30.0,0.0,0.0,11.633333333333333,11.633333333333333,49.0,91.0,3.791208791208791,3.8457008743857717,40.0,16.0,6.35,8.0,34.0,9.0,0.0,0.0,0.0,0.0,0.0,1.0,2.0,25.0,27.0,83.0,394.65566267956785
rq0_0183,Dorn,easyocr_preprocessed,141.0,141.0,0.0,0.0,9.78014184397163,9.78014184397163,57.0,322.0,4.03416149068323,5.9962222129816904,117.0,60.0,8.196581196581196,21.0,135.0,49.0,0.0,0.0,0.0,2.1347517730496453,4.0,4.0,11.0,108.0,119.0,301.0,2075.340146755691
rq0_0184,Dorn,easyocr_preprocessed,11.0,11.0,0.0,0.0,10.090909090909092,10.090909090909092,46.0,24.0,4.291666666666667,3.688721875540867,5.0,3.0,12.6,5.0,10.0,4.0,0.0,0.0,0.0,1.0909090909090908,2.0,1.0,4.0,6.0,10.0,19.0,63.11663380285988
rq0_0185,Dorn,easyocr_preprocessed,36.0,36.0,0.0,0.0,11.527777777777779,11.527777777777779,45.0,90.0,4.5,5.116581568431704,40.0,26.0,7.8,10.0,30.0,10.0,0.0,0.0,0.0,0.0,0.0,1.0,7.0,36.0,43.0,80.0,434.1011803761678
rq0_0186,Dorn,easyocr_preprocessed,117.0,117.0,0.0,0.11965811965811966,5.64957264957265,5.64957264957265,54.0,191.0,3.2722513089005236,6.2499056135322535,81.0,57.0,5.308641975308642,13.0,62.0,35.0,0.0,0.0,0.0,1.5384615384615385,2.0,4.0,14.0,91.0,105.0,178.0,1195.13570214457
rq0_0187,Dorn,easyocr_preprocessed,17.0,17.0,0.0,0.0,6.470588235294118,6.470588235294118,41.0,32.0,3.28125,4.140319531114783,6.0,6.0,7.5,4.0,16.0,6.0,0.0,0.0,0.0,1.6470588235294117,3.0,3.0,5.0,12.0,17.0,28.0,114.4489595550095
rq0_0188,Dorn,easyocr_preprocessed,182.0,182.0,0.0,0.1043956043956044,5.813186813186813,5.813186813186813,37.0,257.0,3.9571984435797667,6.398329827535084,121.0,62.0,6.396694214876033,16.0,71.0,49.0,0.0,0.0,0.0,0.4340659340659341,3.0,2.0,11.0,109.0,120.0,241.0,1664.560633541653
rq0_0189,Scalabrino,easyocr_preprocessed,53.0,53.0,0.0,0.0,5.679245283018868,5.679245283018868,39.0,90.0,3.111111111111111,5.399380663913449,31.0,22.0,5.516129032258065,11.0,34.0,14.0,0.0,0.0,0.0,1.8113207547169812,3.0,1.0,10.0,35.0,45.0,79.0,433.85639461004433
rq0_0190,Scalabrino,easyocr_preprocessed,154.0,154.0,0.0,0.025974025974025976,6.746753246753247,6.746753246753247,43.0,217.0,4.7695852534562215,5.950405418600805,68.0,44.0,7.102941176470588,14.0,100.0,35.0,0.0,0.0,0.0,0.5,2.0,6.0,18.0,78.0,96.0,203.0,1336.7473876463946
rq0_0191,Scalabrino,easyocr_preprocessed,174.0,174.0,0.0,0.040229885057471264,9.25287356321839,9.25287356321839,42.0,352.0,4.3977272727272725,5.615087844508932,131.0,62.0,9.091603053435115,29.0,144.0,48.0,0.0,0.0,0.0,0.7471264367816092,1.0,3.0,11.0,110.0,121.0,323.0,2234.792825639694
rq0_0192,Scalabrino,easyocr_preprocessed,68.0,68.0,0.0,0.07352941176470588,5.338235294117647,5.338235294117647,22.0,88.0,4.0,5.433808398313081,45.0,27.0,6.355555555555555,2.0,20.0,21.0,0.0,0.0,0.0,0.6764705882352942,1.0,1.0,8.0,46.0,54.0,86.0,494.9203251860583
rq0_0193,Scalabrino,easyocr_preprocessed,80.0,80.0,0.0,0.0375,11.1,11.1,44.0,159.0,5.333333333333333,5.581531270360639,59.0,36.0,11.305084745762711,8.0,61.0,31.0,0.0,0.0,0.0,0.0,0.0,1.0,9.0,67.0,76.0,151.0,943.4370545299814
rq0_0194,Scalabrino,easyocr_preprocessed,46.0,46.0,0.0,0.10869565217391304,4.3478260869565215,4.3478260869565215,20.0,75.0,2.493333333333333,5.214964023598444,21.0,16.0,4.0476190476190474,8.0,30.0,16.0,0.0,0.0,0.0,2.239130434782609,4.0,3.0,10.0,31.0,41.0,67.0,358.95598430941163
rq0_0195,Scalabrino,easyocr_preprocessed,140.0,140.0,0.0,0.03571428571428571,5.835714285714285,5.835714285714285,34.0,163.0,5.0920245398773005,5.869206897504347,64.0,38.0,5.609375,11.0,60.0,28.0,0.0,0.0,0.0,1.1642857142857144,2.0,4.0,11.0,64.0,75.0,152.0,946.7804409553738
rq0_0196,Scalabrino,easyocr_preprocessed,90.0,90.0,0.0,0.0,7.9222222222222225,7.9222222222222225,45.0,181.0,3.7955801104972378,5.294561867594986,57.0,33.0,5.87719298245614,9.0,86.0,29.0,0.0,0.0,0.0,2.3333333333333335,4.0,6.0,9.0,61.0,70.0,172.0,1054.2366789145342
rq0_0197,Scalabrino,easyocr_preprocessed,136.0,136.0,0.0,0.051470588235294115,5.5661764705882355,5.5661764705882355,32.0,208.0,3.519230769230769,6.354561430171942,85.0,59.0,6.458823529411765,12.0,69.0,42.0,0.0,0.0,0.0,1.1397058823529411,3.0,4.0,16.0,91.0,107.0,196.0,1321.3275293346248
rq0_0198,Scalabrino,easyocr_preprocessed,87.0,87.0,0.0,0.0,6.804597701149425,6.804597701149425,49.0,181.0,3.022099447513812,5.20191919971348,56.0,26.0,6.660714285714286,12.0,87.0,26.0,0.0,0.0,0.0,1.3448275862068966,2.0,6.0,9.0,51.0,60.0,169.0,998.2645106578397
rq0_0199,Scalabrino,easyocr_preprocessed,45.0,45.0,0.0,0.0,9.755555555555556,9.755555555555556,49.0,115.0,3.5739130434782607,5.136498845696111,44.0,35.0,7.318181818181818,4.0,52.0,15.0,0.0,0.0,0.0,0.8888888888888888,1.0,3.0,9.0,47.0,56.0,111.0,644.616396348394
rq0_0200,Scalabrino,easyocr_preprocessed,136.0,136.0,0.0,0.0,7.661764705882353,7.661764705882353,46.0,214.0,4.747663551401869,5.970244221527909,77.0,56.0,8.12987012987013,12.0,93.0,32.0,0.0,0.0,0.0,0.5882352941176471,1.0,4.0,14.0,88.0,102.0,202.0,1347.829919078242
rq0_0201,Scalabrino,easyocr_preprocessed,160.0,160.0,0.0,0.0,6.325,6.325,44.0,153.0,6.947712418300654,5.573179534961434,45.0,30.0,8.8,14.0,67.0,27.0,0.0,0.0,0.0,1.63125,3.0,5.0,12.0,55.0,67.0,139.0,843.1863974736303
rq0_0202,Scalabrino,easyocr_preprocessed,149.0,149.0,0.0,0.0,6.228187919463087,6.228187919463087,40.0,224.0,4.084821428571429,5.652233511688226,58.0,29.0,5.706896551724138,17.0,102.0,47.0,0.0,0.0,0.0,3.7986577181208054,5.0,8.0,13.0,66.0,79.0,207.0,1304.8826148726603
rq0_0203,Scalabrino,easyocr_preprocessed,75.0,75.0,0.0,0.0,6.226666666666667,6.226666666666667,29.0,135.0,3.2814814814814817,4.642692314048315,67.0,27.0,5.223880597014926,4.0,53.0,11.0,0.0,0.0,0.0,0.9333333333333333,1.0,1.0,8.0,38.0,46.0,131.0,723.5866162434687
rq0_0204,Scalabrino,easyocr_preprocessed,204.0,204.0,0.0,0.014705882352941176,8.686274509803921,8.686274509803921,29.0,36.0,54.083333333333336,3.8944764747508223,8.0,6.0,13.625,0.0,20.0,8.0,0.0,0.0,0.0,0.9509803921568627,1.0,1.0,6.0,13.0,19.0,36.0,152.92539048396907
rq0_0205,Scalabrino,easyocr_preprocessed,21.0,21.0,0.0,0.09523809523809523,14.19047619047619,14.19047619047619,42.0,45.0,6.2,3.9304161517409995,11.0,11.0,21.90909090909091,0.0,26.0,8.0,0.0,0.0,0.0,0.0,0.0,1.0,5.0,18.0,23.0,45.0,203.5602880225656
rq0_0206,Scalabrino,easyocr_preprocessed,118.0,118.0,0.0,0.01694915254237288,9.830508474576272,9.830508474576272,40.0,163.0,6.9815950920245395,5.444705795049179,60.0,35.0,9.116666666666667,3.0,65.0,35.0,0.0,0.0,0.0,0.923728813559322,1.0,1.0,9.0,67.0,76.0,160.0,999.6684021509736
rq0_0207,Scalabrino,easyocr_preprocessed,87.0,87.0,0.0,0.034482758620689655,8.517241379310345,8.517241379310345,38.0,102.0,7.323529411764706,5.139108723360005,29.0,22.0,11.344827586206897,4.0,44.0,25.0,0.0,0.0,0.0,0.8850574712643678,1.0,1.0,9.0,41.0,50.0,98.0,553.097906597923
rq0_0208,Scalabrino,easyocr_preprocessed,109.0,109.0,0.0,0.0,7.091743119266055,7.091743119266055,41.0,151.0,5.046357615894039,5.851972760593295,52.0,36.0,7.596153846153846,17.0,48.0,34.0,0.0,0.0,0.0,2.7981651376146788,4.0,7.0,9.0,65.0,74.0,134.0,832.0667509942793
rq0_0209,Scalabrino,easyocr_preprocessed,81.0,81.0,0.0,0.037037037037037035,10.135802469135802,10.135802469135802,33.0,82.0,10.365853658536585,5.333476779605436,33.0,24.0,8.303030303030303,2.0,29.0,18.0,0.0,0.0,0.0,0.8765432098765432,1.0,1.0,9.0,41.0,50.0,80.0,451.50849518197793
rq0_0210,Scalabrino,easyocr_preprocessed,203.0,203.0,0.0,0.0,6.374384236453202,6.374384236453202,49.0,171.0,7.935672514619883,6.004590176723244,78.0,51.0,5.9743589743589745,16.0,51.0,26.0,0.0,0.0,0.0,3.0985221674876846,5.0,8.0,9.0,74.0,83.0,155.0,988.1311118587734
rq0_0211,Scalabrino,easyocr_preprocessed,128.0,128.0,0.0,0.0,11.1875,11.1875,52.0,246.0,5.638211382113822,5.976757534329795,98.0,60.0,11.86734693877551,11.0,93.0,44.0,0.0,0.0,0.0,1.078125,2.0,4.0,8.0,102.0,110.0,235.0,1593.6195326782952
rq0_0212,Scalabrino,easyocr_preprocessed,91.0,91.0,0.0,0.0,8.934065934065934,8.934065934065934,39.0,168.0,4.642857142857143,6.081834260686705,76.0,54.0,8.171052631578947,12.0,52.0,28.0,0.0,0.0,0.0,1.2527472527472527,2.0,4.0,11.0,82.0,93.0,156.0,1020.1087745328529
rq0_0213,Scalabrino,easyocr_preprocessed,95.0,95.0,0.0,0.0,9.094736842105263,9.094736842105263,46.0,172.0,4.6976744186046515,5.4260405446006,61.0,33.0,10.59016393442623,9.0,70.0,32.0,0.0,0.0,0.0,3.4210526315789473,6.0,5.0,8.0,65.0,73.0,163.0,1008.9414030974428
rq0_0214,Scalabrino,easyocr_preprocessed,175.0,175.0,0.0,0.0,8.588571428571429,8.588571428571429,51.0,218.0,7.004587155963303,6.492335713606365,105.0,81.0,7.6761904761904765,10.0,70.0,33.0,0.0,0.0,0.0,1.3885714285714286,2.0,4.0,12.0,112.0,124.0,208.0,1446.47283256047
rq0_0215,Scalabrino,easyocr_preprocessed,114.0,114.0,0.0,0.07894736842105263,6.535087719298246,6.535087719298246,42.0,172.0,4.1104651162790695,6.263076493558748,83.0,58.0,6.518072289156627,16.0,48.0,25.0,0.0,0.0,0.0,0.4473684210526316,2.0,5.0,12.0,82.0,94.0,156.0,1022.5158608617114
rq0_0216,Scalabrino,easyocr_preprocessed,103.0,103.0,0.0,0.02912621359223301,7.902912621359223,7.902912621359223,54.0,186.0,4.145161290322581,5.966349168735313,66.0,41.0,8.5,16.0,75.0,29.0,0.0,0.0,0.0,0.8932038834951457,2.0,4.0,15.0,70.0,85.0,170.0,1089.5964591434092
rq0_0217,Scalabrino,easyocr_preprocessed,174.0,174.0,0.0,0.017241379310344827,8.206896551724139,8.206896551724139,44.0,348.0,3.8764367816091956,6.310049852476873,126.0,67.0,8.031746031746032,19.0,138.0,65.0,0.0,0.0,0.0,2.6494252873563218,4.0,6.0,17.0,119.0,136.0,329.0,2331.7752747713616
rq0_0218,Scalabrino,easyocr_preprocessed,76.0,76.0,0.0,0.0,7.368421052631579,7.368421052631579,50.0,177.0,2.937853107344633,4.935065094247304,61.0,25.0,5.852459016393443,8.0,84.0,24.0,0.0,0.0,0.0,1.7763157894736843,2.0,3.0,11.0,42.0,53.0,169.0,968.0185568211806
rq0_0219,Scalabrino,easyocr_preprocessed,79.0,79.0,0.0,0.0,6.987341772151899,6.987341772151899,31.0,106.0,5.169811320754717,5.295960964193744,39.0,28.0,6.615384615384615,7.0,46.0,14.0,0.0,0.0,0.0,2.0632911392405062,3.0,3.0,11.0,42.0,53.0,99.0,567.0641250017567
rq0_0220,Scalabrino,easyocr_preprocessed,83.0,83.0,0.0,0.08433734939759036,10.132530120481928,10.132530120481928,54.0,182.0,4.450549450549451,5.4754643614979805,69.0,41.0,9.130434782608695,14.0,71.0,28.0,0.0,0.0,0.0,0.6024096385542169,1.0,2.0,9.0,68.0,77.0,168.0,1052.8201388367434
rq0_0221,Scalabrino,easyocr_preprocessed,63.0,63.0,0.0,0.1111111111111111,5.015873015873016,5.015873015873016,23.0,103.0,2.8932038834951457,5.420514577293828,30.0,21.0,4.9,16.0,40.0,17.0,0.0,0.0,0.0,0.2857142857142857,1.0,5.0,12.0,37.0,49.0,87.0,488.4797564380231
rq0_0222,Scalabrino,easyocr_preprocessed,135.0,135.0,0.0,0.044444444444444446,5.592592592592593,5.592592592592593,61.0,255.0,2.7411764705882353,5.794263181317294,72.0,37.0,5.375,29.0,114.0,40.0,0.0,0.0,0.0,2.1481481481481484,6.0,11.0,15.0,74.0,89.0,226.0,1463.5157553984059
rq0_0223,Scalabrino,easyocr_preprocessed,206.0,206.0,0.0,0.038834951456310676,5.490291262135922,5.490291262135922,51.0,318.0,3.4150943396226414,6.3165777169226915,127.0,65.0,6.141732283464567,24.0,117.0,50.0,0.0,0.0,0.0,0.8592233009708737,3.0,10.0,17.0,110.0,127.0,294.0,2054.6732979110166
rq0_0224,Scalabrino,easyocr_preprocessed,139.0,139.0,0.0,0.07913669064748201,4.848920863309353,4.848920863309353,22.0,221.0,2.923076923076923,6.015129830710642,84.0,45.0,4.619047619047619,26.0,77.0,34.0,0.0,0.0,0.0,0.5107913669064749,2.0,9.0,14.0,78.0,92.0,195.0,1272.0945814311176
rq0_0225,Scalabrino,easyocr_preprocessed,150.0,150.0,0.0,0.0,8.26,8.26,45.0,256.0,4.6875,5.75880889585512,96.0,45.0,9.645833333333334,17.0,92.0,51.0,0.0,0.0,0.0,0.12666666666666668,1.0,10.0,11.0,94.0,105.0,239.0,1604.7046787222032
rq0_0226,Scalabrino,easyocr_preprocessed,187.0,187.0,0.0,0.06951871657754011,4.834224598930481,4.834224598930481,26.0,278.0,3.115107913669065,6.493705615327695,132.0,78.0,4.765151515151516,16.0,84.0,46.0,0.0,0.0,0.0,1.2299465240641712,4.0,6.0,13.0,119.0,132.0,262.0,1845.6312592719148
rq0_0227,Scalabrino,easyocr_preprocessed,68.0,68.0,0.0,0.04411764705882353,12.75,12.75,50.0,217.0,3.751152073732719,4.799710224124737,80.0,26.0,7.625,17.0,94.0,26.0,0.0,0.0,0.0,0.7941176470588235,1.0,2.0,8.0,51.0,59.0,200.0,1176.5286098723684
rq0_0228,Scalabrino,easyocr_preprocessed,97.0,97.0,0.0,0.0,7.216494845360825,7.216494845360825,43.0,212.0,3.018867924528302,5.5578174978722625,61.0,36.0,6.754098360655738,12.0,106.0,33.0,0.0,0.0,0.0,2.3092783505154637,5.0,5.0,13.0,65.0,78.0,200.0,1257.0804437724498
rq0_0229,Scalabrino,easyocr_preprocessed,63.0,63.0,0.0,0.0,9.634920634920634,9.634920634920634,53.0,145.0,3.9034482758620688,5.250117446230948,45.0,28.0,8.666666666666666,9.0,67.0,24.0,0.0,0.0,0.0,1.6825396825396826,3.0,4.0,10.0,51.0,61.0,136.0,806.5802779085526
rq0_0230,Scalabrino,easyocr_preprocessed,126.0,126.0,0.0,0.023809523809523808,4.857142857142857,4.857142857142857,22.0,197.0,2.99492385786802,5.796581890282541,70.0,35.0,5.671428571428572,14.0,80.0,33.0,0.0,0.0,0.0,2.0952380952380953,4.0,7.0,13.0,67.0,80.0,183.0,1156.9128413643873
rq0_0231,Scalabrino,easyocr_preprocessed,94.0,94.0,0.0,0.0,7.372340425531915,7.372340425531915,59.0,160.0,4.1875,5.768326200539935,54.0,36.0,7.703703703703703,14.0,65.0,27.0,0.0,0.0,0.0,1.6914893617021276,3.0,4.0,13.0,62.0,75.0,146.0,909.4075288123986
rq0_0232,Scalabrino,easyocr_preprocessed,104.0,104.0,0.0,0.0,6.855769230769231,6.855769230769231,43.0,205.0,3.2536585365853656,5.5232725451348585,57.0,32.0,8.087719298245615,12.0,100.0,36.0,0.0,0.0,0.0,2.3461538461538463,4.0,7.0,15.0,63.0,78.0,193.0,1213.082628240414
rq0_0233,Scalabrino,easyocr_preprocessed,158.0,158.0,0.0,0.0379746835443038,6.525316455696203,6.525316455696203,47.0,299.0,3.240802675585284,6.134557925067033,115.0,63.0,6.147826086956521,15.0,119.0,50.0,0.0,0.0,0.0,1.7658227848101267,3.0,7.0,17.0,103.0,120.0,284.0,1961.5569291528193
rq0_0234,Scalabrino,easyocr_preprocessed,75.0,75.0,0.0,0.0,8.626666666666667,8.626666666666667,46.0,137.0,4.569343065693431,6.070134975110026,62.0,53.0,8.161290322580646,9.0,47.0,19.0,0.0,0.0,0.0,0.14666666666666667,1.0,4.0,13.0,70.0,83.0,128.0,816.0050472124063
rq0_0235,Scalabrino,easyocr_preprocessed,129.0,129.0,0.0,0.0,7.0852713178294575,7.0852713178294575,39.0,242.0,3.6198347107438016,5.635457380009987,85.0,43.0,7.0,25.0,100.0,32.0,0.0,0.0,0.0,1.751937984496124,3.0,7.0,12.0,71.0,83.0,217.0,1383.3835566022826
rq0_0236,Scalabrino,easyocr_preprocessed,35.0,35.0,0.0,0.0,10.085714285714285,10.085714285714285,38.0,57.0,5.964912280701754,5.357110795239062,24.0,22.0,11.833333333333334,4.0,17.0,12.0,0.0,0.0,0.0,0.7714285714285715,1.0,1.0,8.0,34.0,42.0,53.0,285.79282340727434
rq0_0237,Scalabrino,easyocr_preprocessed,230.0,230.0,0.0,0.0,6.760869565217392,6.760869565217392,44.0,535.0,2.7532710280373833,5.716654031001207,149.0,59.0,6.409395973154362,21.0,278.0,87.0,0.0,0.0,0.0,1.934782608695652,3.0,3.0,15.0,124.0,139.0,514.0,3659.135711379883
rq0_0238,Scalabrino,easyocr_preprocessed,153.0,153.0,0.0,0.0,9.254901960784315,9.254901960784315,61.0,330.0,3.93030303030303,4.975817618837574,114.0,19.0,8.350877192982455,25.0,157.0,34.0,0.0,0.0,0.0,1.0784313725490196,2.0,1.0,9.0,52.0,61.0,305.0,1808.8748879566804
rq0_0239,Scalabrino,easyocr_preprocessed,58.0,58.0,0.0,0.0,5.637931034482759,5.637931034482759,27.0,107.0,2.878504672897196,4.843878941243436,36.0,14.0,4.777777777777778,15.0,42.0,14.0,0.0,0.0,0.0,0.9310344827586207,1.0,6.0,9.0,25.0,34.0,92.0,468.0465813950312
rq0_0240,Scalabrino,easyocr_preprocessed,126.0,126.0,0.0,0.0,6.2063492063492065,6.2063492063492065,34.0,252.0,2.9523809523809526,5.261979626667781,78.0,28.0,5.230769230769231,15.0,119.0,40.0,0.0,0.0,0.0,2.2301587301587302,3.0,9.0,10.0,67.0,77.0,237.0,1485.2284101446915
rq0_0241,Scalabrino,easyocr_preprocessed,116.0,116.0,0.0,0.05172413793103448,6.801724137931035,6.801724137931035,39.0,213.0,3.4460093896713615,5.964368789916763,95.0,60.0,5.957894736842105,10.0,81.0,27.0,0.0,0.0,0.0,0.0,0.0,5.0,11.0,83.0,94.0,203.0,1330.5815368905605
rq0_0242,Scalabrino,easyocr_preprocessed,37.0,37.0,0.0,0.0,16.64864864864865,16.64864864864865,62.0,89.0,6.696629213483146,4.604449405869977,24.0,14.0,9.583333333333334,7.0,42.0,16.0,0.0,0.0,0.0,0.0,0.0,1.0,7.0,30.0,37.0,82.0,427.1751759815739
rq0_0243,Scalabrino,easyocr_preprocessed,53.0,53.0,0.0,0.0,11.415094339622641,11.415094339622641,54.0,82.0,7.353658536585366,4.758372932092369,22.0,13.0,8.318181818181818,5.0,40.0,15.0,0.0,0.0,0.0,0.24528301886792453,1.0,1.0,8.0,28.0,36.0,77.0,398.08422511105806
rq0_0244,Scalabrino,easyocr_preprocessed,36.0,36.0,0.0,0.0,7.111111111111111,7.111111111111111,41.0,61.0,4.016393442622951,5.119525149770033,28.0,23.0,7.178571428571429,3.0,20.0,10.0,0.0,0.0,0.0,0.75,1.0,3.0,8.0,31.0,39.0,58.0,306.5533286940104
rq0_0245,Scalabrino,easyocr_preprocessed,166.0,166.0,0.0,0.03614457831325301,8.632530120481928,8.632530120481928,54.0,299.0,4.555183946488294,6.455630889147607,138.0,91.0,8.253623188405797,7.0,107.0,47.0,0.0,0.0,0.0,1.7228915662650603,3.0,3.0,14.0,134.0,148.0,292.0,2105.1603827636536
rq0_0246,Scalabrino,easyocr_preprocessed,50.0,50.0,0.0,0.12,8.48,8.48,42.0,86.0,4.732558139534884,5.102447238971973,35.0,22.0,9.257142857142858,5.0,32.0,14.0,0.0,0.0,0.0,0.34,1.0,1.0,9.0,36.0,45.0,81.0,444.84010080270366
rq0_0247,Scalabrino,easyocr_preprocessed,50.0,50.0,0.0,0.0,6.98,6.98,33.0,97.0,3.3711340206185567,4.912244255176243,32.0,14.0,6.21875,14.0,37.0,14.0,0.0,0.0,0.0,0.92,1.0,5.0,9.0,25.0,34.0,83.0,422.25941582377817
rq0_0248,Scalabrino,easyocr_preprocessed,53.0,53.0,0.0,0.0,5.679245283018868,5.679245283018868,39.0,90.0,3.111111111111111,5.399380663913449,31.0,22.0,5.516129032258065,11.0,34.0,14.0,0.0,0.0,0.0,1.8113207547169812,3.0,1.0,10.0,35.0,45.0,79.0,433.85639461004433
rq0_0249,Scalabrino,easyocr_preprocessed,248.0,248.0,0.0,0.0,6.689516129032258,6.689516129032258,38.0,554.0,2.8303249097472922,5.729898577552114,201.0,73.0,4.601990049751244,68.0,227.0,58.0,0.0,0.0,0.0,0.0,0.0,6.0,17.0,123.0,140.0,486.0,3464.8315462352534
rq0_0250,Scalabrino,easyocr_preprocessed,133.0,133.0,0.0,0.0,5.796992481203008,5.796992481203008,22.0,184.0,4.038043478260869,5.066805513874144,68.0,26.0,5.5,10.0,73.0,33.0,0.0,0.0,0.0,0.9398496240601504,1.0,1.0,6.0,57.0,63.0,174.0,1040.0467066889855
rq0_0251,Scalabrino,easyocr_preprocessed,191.0,191.0,0.0,0.04712041884816754,8.429319371727749,8.429319371727749,47.0,341.0,4.510263929618769,6.394772038801187,139.0,78.0,8.050359712230216,16.0,134.0,52.0,0.0,0.0,0.0,0.8586387434554974,2.0,6.0,16.0,129.0,145.0,325.0,2333.470454254854
rq0_0252,Scalabrino,easyocr_preprocessed,33.0,33.0,0.0,0.0,6.909090909090909,6.909090909090909,50.0,56.0,3.7857142857142856,4.8230796456511085,19.0,15.0,8.052631578947368,5.0,22.0,10.0,0.0,0.0,0.0,0.7272727272727273,2.0,3.0,7.0,24.0,31.0,51.0,252.6640118297306
rq0_0253,Scalabrino,easyocr_preprocessed,93.0,93.0,0.0,0.0,10.086021505376344,10.086021505376344,41.0,224.0,3.8973214285714284,5.384329691264814,69.0,47.0,9.072463768115941,9.0,107.0,39.0,0.0,0.0,0.0,0.9139784946236559,1.0,2.0,8.0,82.0,90.0,215.0,1395.7484157108802
rq0_0254,Scalabrino,easyocr_preprocessed,199.0,199.0,0.0,0.05527638190954774,8.542713567839195,8.542713567839195,53.0,182.0,9.593406593406593,6.158098089432161,93.0,61.0,7.172043010752688,8.0,54.0,27.0,0.0,0.0,0.0,1.9698492462311559,3.0,4.0,10.0,86.0,96.0,174.0,1145.7834751254811
rq0_0255,Scalabrino,easyocr_preprocessed,86.0,86.0,0.0,0.05813953488372093,8.546511627906977,8.546511627906977,60.0,152.0,4.546052631578948,5.992073008592625,68.0,55.0,8.455882352941176,4.0,53.0,27.0,0.0,0.0,0.0,0.7441860465116279,1.0,3.0,10.0,80.0,90.0,148.0,960.7942582567919
rq0_0256,Scalabrino,easyocr_preprocessed,58.0,58.0,0.0,0.0,8.120689655172415,8.120689655172415,35.0,109.0,4.0,5.442317298217097,41.0,30.0,7.609756097560975,11.0,43.0,14.0,0.0,0.0,0.0,0.4482758620689655,1.0,2.0,11.0,43.0,54.0,98.0,563.9789752120199
rq0_0257,Scalabrino,easyocr_preprocessed,36.0,36.0,0.0,0.0,13.0,13.0,56.0,88.0,5.056818181818182,4.9416488066754996,22.0,19.0,16.40909090909091,4.0,45.0,17.0,0.0,0.0,0.0,0.8055555555555556,1.0,2.0,11.0,30.0,41.0,84.0,450.034368387919
rq0_0258,Scalabrino,easyocr_preprocessed,176.0,176.0,0.0,0.017045454545454544,6.818181818181818,6.818181818181818,36.0,290.0,3.913793103448276,6.518654627745589,121.0,76.0,7.190082644628099,18.0,103.0,48.0,0.0,0.0,0.0,1.3125,3.0,6.0,15.0,118.0,133.0,272.0,1919.0368224563235
rq0_0259,Scalabrino,easyocr_preprocessed,200.0,200.0,0.0,0.0,7.48,7.48,59.0,321.0,4.417445482866044,6.341757562468095,144.0,95.0,7.847222222222222,23.0,102.0,52.0,0.0,0.0,0.0,3.885,6.0,10.0,10.0,139.0,149.0,298.0,2151.312219097724
rq0_0260,Scalabrino,easyocr_preprocessed,280.0,280.0,0.0,0.0,7.414285714285715,7.414285714285715,55.0,293.0,7.273037542662116,5.938857072024033,99.0,49.0,8.06060606060606,30.0,119.0,45.0,0.0,0.0,0.0,0.5821428571428572,2.0,9.0,12.0,92.0,104.0,263.0,1762.2156458711072
rq0_0261,Scalabrino,easyocr_preprocessed,170.0,170.0,0.0,0.0,8.264705882352942,8.264705882352942,35.0,159.0,9.220125786163521,5.581088380476437,58.0,46.0,7.5,10.0,70.0,21.0,0.0,0.0,0.0,1.8941176470588235,2.0,2.0,10.0,67.0,77.0,149.0,933.7511945635403
rq0_0262,Scalabrino,easyocr_preprocessed,187.0,187.0,0.0,0.03208556149732621,6.973262032085562,6.973262032085562,54.0,322.0,3.813664596273292,6.79701235465544,145.0,108.0,6.572413793103448,14.0,106.0,57.0,0.0,0.0,0.0,0.983957219251337,2.0,4.0,16.0,156.0,172.0,308.0,2287.289544448246
rq0_0263,Scalabrino,easyocr_preprocessed,87.0,87.0,0.0,0.0,11.160919540229886,11.160919540229886,51.0,196.0,4.6938775510204085,5.4621363375674425,66.0,47.0,10.409090909090908,13.0,86.0,31.0,0.0,0.0,0.0,2.6091954022988504,4.0,5.0,8.0,77.0,85.0,183.0,1172.9185413131995
rq0_0264,Scalabrino,easyocr_preprocessed,100.0,100.0,0.0,0.0,6.75,6.75,43.0,132.0,5.0,5.7249169197416006,56.0,33.0,6.303571428571429,8.0,44.0,24.0,0.0,0.0,0.0,2.33,4.0,2.0,11.0,54.0,65.0,124.0,746.7736088155283
rq0_0265,Scalabrino,easyocr_preprocessed,99.0,99.0,0.0,0.06060606060606061,4.898989898989899,4.898989898989899,15.0,189.0,2.3915343915343916,5.045677982758549,38.0,18.0,5.7631578947368425,17.0,96.0,38.0,0.0,0.0,0.0,0.7272727272727273,1.0,1.0,10.0,43.0,53.0,172.0,985.2023181848701
rq0_0266,Scalabrino,easyocr_preprocessed,92.0,92.0,0.0,0.06521739130434782,5.0978260869565215,5.0978260869565215,29.0,164.0,2.7134146341463414,5.657963557644998,47.0,29.0,4.531914893617022,25.0,64.0,28.0,0.0,0.0,0.0,0.7608695652173914,2.0,8.0,13.0,56.0,69.0,139.0,849.0848994921655
rq0_0267,Scalabrino,easyocr_preprocessed,35.0,35.0,0.0,0.0,5.485714285714286,5.485714285714286,22.0,60.0,3.0166666666666666,4.97259298875902,11.0,10.0,8.545454545454545,9.0,25.0,15.0,0.0,0.0,0.0,1.6571428571428573,3.0,3.0,8.0,24.0,32.0,51.0,255.0
rq0_0268,Scalabrino,easyocr_preprocessed,69.0,69.0,0.0,0.014492753623188406,8.782608695652174,8.782608695652174,57.0,147.0,3.8503401360544216,5.585930941186021,58.0,36.0,7.603448275862069,7.0,61.0,21.0,0.0,0.0,0.0,0.7391304347826086,2.0,3.0,12.0,55.0,67.0,140.0,849.2524866640881
rq0_0269,Scalabrino,easyocr_preprocessed,142.0,142.0,0.0,0.0,5.753521126760563,5.753521126760563,46.0,232.0,3.413793103448276,6.108787022505696,54.0,37.0,6.37037037037037,33.0,82.0,63.0,0.0,0.0,0.0,0.11971830985915492,1.0,19.0,12.0,91.0,103.0,199.0,1330.6136049094605
rq0_0270,Scalabrino,easyocr_preprocessed,87.0,87.0,0.0,0.022988505747126436,11.942528735632184,11.942528735632184,61.0,249.0,3.8714859437751006,5.35093907921301,76.0,48.0,9.06578947368421,10.0,122.0,41.0,0.0,0.0,0.0,0.9195402298850575,1.0,1.0,10.0,82.0,92.0,239.0,1559.131307497626
rq0_0271,Scalabrino,easyocr_preprocessed,121.0,121.0,0.0,0.0,8.429752066115702,8.429752066115702,47.0,267.0,3.5917602996254683,4.695682087378725,72.0,25.0,6.486111111111111,13.0,143.0,39.0,0.0,0.0,0.0,2.231404958677686,3.0,11.0,7.0,64.0,71.0,254.0,1562.0357683541893
rq0_0272,Scalabrino,easyocr_preprocessed,54.0,54.0,0.0,0.0,7.592592592592593,7.592592592592593,62.0,127.0,2.9763779527559056,5.031172369277248,44.0,25.0,5.9772727272727275,7.0,63.0,13.0,0.0,0.0,0.0,1.5555555555555556,3.0,4.0,11.0,37.0,48.0,120.0,670.1955000865387
rq0_0273,Scalabrino,easyocr_preprocessed,204.0,204.0,0.0,0.0392156862745098,6.122549019607843,6.122549019607843,41.0,388.0,3.051546391752577,5.970744780570017,148.0,79.0,5.736486486486487,20.0,167.0,53.0,0.0,0.0,0.0,0.7009803921568627,2.0,9.0,12.0,122.0,134.0,368.0,2600.3208220884603
rq0_0274,Scalabrino,easyocr_preprocessed,80.0,80.0,0.0,0.0,8.925,8.925,43.0,206.0,3.150485436893204,5.103203024868495,63.0,32.0,7.4603174603174605,8.0,111.0,24.0,0.0,0.0,0.0,1.925,4.0,5.0,13.0,54.0,67.0,198.0,1201.0856597106388
rq0_0275,Scalabrino,easyocr_preprocessed,46.0,46.0,0.0,0.0,13.58695652173913,13.58695652173913,60.0,174.0,3.189655172413793,4.474359813317476,62.0,24.0,6.661290322580645,5.0,91.0,16.0,0.0,0.0,0.0,1.7391304347826086,2.0,2.0,7.0,40.0,47.0,169.0,938.7255159335208
rq0_0276,Scalabrino,easyocr_preprocessed,90.0,90.0,0.0,0.0,8.488888888888889,8.488888888888889,48.0,103.0,7.466019417475728,5.638391333220098,43.0,34.0,9.488372093023257,8.0,36.0,16.0,0.0,0.0,0.0,1.3777777777777778,2.0,1.0,11.0,50.0,61.0,95.0,563.4200470684742
rq0_0277,Scalabrino,easyocr_preprocessed,122.0,122.0,0.0,0.09016393442622951,9.21311475409836,9.21311475409836,45.0,210.0,5.076190476190476,6.2615148597261765,102.0,68.0,8.823529411764707,8.0,72.0,28.0,0.0,0.0,0.0,0.8770491803278688,2.0,2.0,13.0,96.0,109.0,202.0,1367.173233604939
rq0_0278,Scalabrino,easyocr_preprocessed,91.0,91.0,0.0,0.0,10.131868131868131,10.131868131868131,57.0,170.0,5.194117647058824,6.007251720682226,60.0,44.0,11.016666666666667,19.0,57.0,34.0,0.0,0.0,0.0,1.5054945054945055,2.0,2.0,8.0,77.0,85.0,151.0,967.818031356793
rq0_0279,Scalabrino,easyocr_preprocessed,131.0,131.0,0.0,0.0,9.992366412213741,9.992366412213741,41.0,204.0,6.230392156862745,5.723531573307457,83.0,52.0,12.987951807228916,16.0,73.0,32.0,0.0,0.0,0.0,0.9694656488549618,1.0,1.0,7.0,84.0,91.0,188.0,1223.4653923573549
rq0_0280,Scalabrino,easyocr_preprocessed,38.0,38.0,0.0,0.0,4.578947368421052,4.578947368421052,18.0,64.0,2.515625,4.540623587245974,17.0,7.0,5.117647058823529,8.0,30.0,9.0,0.0,0.0,0.0,1.6842105263157894,3.0,3.0,9.0,15.0,24.0,56.0,256.75790004038475
rq0_0281,Scalabrino,easyocr_preprocessed,34.0,34.0,0.0,0.0,11.205882352941176,11.205882352941176,52.0,47.0,7.914893617021277,5.096934064351532,23.0,19.0,14.347826086956522,3.0,11.0,10.0,0.0,0.0,0.0,0.0,0.0,1.0,5.0,29.0,34.0,44.0,223.8483650150149
rq0_0282,Scalabrino,easyocr_preprocessed,58.0,58.0,0.0,0.0,7.931034482758621,7.931034482758621,27.0,135.0,3.251851851851852,4.764190135108302,55.0,27.0,6.127272727272727,2.0,60.0,18.0,0.0,0.0,0.0,0.8448275862068966,1.0,1.0,8.0,45.0,53.0,133.0,761.8134204569054
rq0_0283,Scalabrino,easyocr_preprocessed,126.0,126.0,0.0,0.0,12.801587301587302,12.801587301587302,56.0,304.0,4.970394736842105,5.428835678126422,108.0,67.0,11.675925925925926,4.0,142.0,50.0,0.0,0.0,0.0,1.0396825396825398,2.0,3.0,9.0,117.0,126.0,300.0,2093.183977049975
rq0_0284,Scalabrino,easyocr_preprocessed,115.0,115.0,0.0,0.0,8.643478260869566,8.643478260869566,49.0,183.0,5.213114754098361,6.189806446485133,75.0,53.0,10.4,13.0,58.0,37.0,0.0,0.0,0.0,1.8869565217391304,4.0,7.0,11.0,88.0,99.0,170.0,1126.9906254135335
rq0_0285,Scalabrino,easyocr_preprocessed,33.0,33.0,0.0,0.0,16.484848484848484,16.484848484848484,61.0,72.0,7.361111111111111,4.951194363083223,25.0,20.0,18.28,4.0,31.0,12.0,0.0,0.0,0.0,0.7575757575757576,1.0,1.0,8.0,32.0,40.0,68.0,361.8911104523407
rq0_0286,Scalabrino,easyocr_preprocessed,255.0,255.0,0.0,0.027450980392156862,7.874509803921568,7.874509803921568,42.0,222.0,9.36936936936937,6.424533569925342,98.0,75.0,7.816326530612245,10.0,73.0,41.0,0.00392156862745098,1.0,0.06249951941376169,2.156862745098039,3.0,4.0,11.0,111.0,122.0,212.0,1469.316315563332
rq0_0287,Scalabrino,easyocr_preprocessed,25.0,25.0,0.0,0.0,4.44,4.44,17.0,37.0,2.8378378378378377,4.499597622210291,8.0,7.0,6.625,6.0,17.0,6.0,0.0,0.0,0.0,1.0,2.0,3.0,7.0,13.0,20.0,31.0,133.97977094150824
rq0_0288,Scalabrino,easyocr_preprocessed,128.0,128.0,0.0,0.0,5.96875,5.96875,34.0,216.0,3.3981481481481484,6.13767986387981,94.0,61.0,5.48936170212766,21.0,67.0,34.0,0.0,0.0,0.0,0.875,3.0,5.0,12.0,92.0,104.0,195.0,1306.5857450375129
rq0_0289,Scalabrino,easyocr_preprocessed,158.0,158.0,0.0,0.0,7.9113924050632916,7.9113924050632916,51.0,267.0,4.531835205992509,5.9600770296232355,80.0,51.0,9.575,29.0,112.0,46.0,0.0,0.0,0.0,1.5,3.0,11.0,13.0,97.0,110.0,238.0,1613.9636118188691
rq0_0290,Scalabrino,easyocr_preprocessed,58.0,58.0,0.0,0.0,5.517241379310345,5.517241379310345,28.0,142.0,1.9647887323943662,4.9902092421769435,51.0,17.0,3.156862745098039,4.0,61.0,26.0,0.0,0.0,0.0,1.3793103448275863,2.0,1.0,12.0,36.0,48.0,138.0,770.7248250995195
rq0_0291,Scalabrino,easyocr_preprocessed,160.0,160.0,0.0,0.01875,6.99375,6.99375,43.0,326.0,3.184049079754601,5.966954888932472,111.0,66.0,6.414414414414415,17.0,148.0,50.0,0.0,0.0,0.0,2.24375,4.0,7.0,15.0,114.0,129.0,309.0,2166.4692219257854
rq0_0292,Scalabrino,easyocr_preprocessed,154.0,154.0,0.0,0.0,7.6103896103896105,7.6103896103896105,45.0,327.0,3.3547400611620795,5.927559940250684,108.0,65.0,7.166666666666667,19.0,141.0,59.0,0.0,0.0,0.0,2.655844155844156,5.0,11.0,14.0,116.0,130.0,308.0,2162.889286412764
rq0_0293,Scalabrino,easyocr_preprocessed,50.0,50.0,0.0,0.0,9.48,9.48,31.0,98.0,4.479591836734694,4.895414636121332,26.0,21.0,13.0,2.0,50.0,20.0,0.0,0.0,0.0,1.64,2.0,1.0,9.0,41.0,50.0,96.0,541.8101942183736
rq0_0294,Scalabrino,easyocr_preprocessed,71.0,71.0,0.0,0.0,9.309859154929578,9.309859154929578,52.0,147.0,4.163265306122449,5.127499251805703,45.0,25.0,10.4,8.0,68.0,26.0,0.0,0.0,0.0,2.084507042253521,3.0,4.0,7.0,51.0,58.0,139.0,814.2593583227325
rq0_0295,Scalabrino,easyocr_preprocessed,94.0,94.0,0.0,0.02127659574468085,12.53191489361702,12.53191489361702,58.0,144.0,8.145833333333334,5.099055750733411,39.0,27.0,10.743589743589743,5.0,71.0,29.0,0.0,0.0,0.0,0.8617021276595744,1.0,2.0,8.0,56.0,64.0,139.0,834.0
rq0_0296,Scalabrino,easyocr_preprocessed,100.0,100.0,0.0,0.07,5.46,5.46,53.0,151.0,3.423841059602649,5.774131079221296,52.0,32.0,6.288461538461538,19.0,55.0,25.0,0.0,0.0,0.0,1.84,5.0,5.0,11.0,57.0,68.0,132.0,803.5450950450447
rq0_0297,Scalabrino,easyocr_preprocessed,65.0,65.0,0.0,0.0,6.707692307692308,6.707692307692308,41.0,116.0,3.543103448275862,5.226702756057871,33.0,18.0,7.696969696969697,17.0,47.0,19.0,0.0,0.0,0.0,1.4307692307692308,3.0,7.0,10.0,37.0,47.0,99.0,549.9042963160862
rq0_0298,Scalabrino,easyocr_preprocessed,167.0,167.0,0.0,0.0,8.035928143712574,8.035928143712574,52.0,239.0,5.489539748953975,6.294761560891348,118.0,73.0,8.203389830508474,7.0,72.0,42.0,0.0,0.0,0.0,0.49700598802395207,1.0,1.0,9.0,111.0,120.0,232.0,1602.3986181811763
rq0_0299,Scalabrino,easyocr_preprocessed,68.0,68.0,0.0,0.0,14.264705882352942,14.264705882352942,46.0,57.0,17.57894736842105,4.789312058807478,25.0,20.0,12.28,5.0,20.0,7.0,0.0,0.0,0.0,0.8970588235294118,1.0,1.0,6.0,27.0,33.0,52.0,262.3084942066396
rq0_0300,Scalabrino,easyocr_preprocessed,148.0,148.0,0.0,0.0,5.824324324324325,5.824324324324325,27.0,87.0,10.988505747126437,5.26055244480714,33.0,25.0,4.121212121212121,5.0,37.0,12.0,0.0,0.0,0.0,2.3378378378378377,3.0,3.0,9.0,37.0,46.0,82.0,452.9320803966751
rq0_0301,Scalabrino,easyocr_preprocessed,99.0,99.0,0.0,0.0,9.151515151515152,9.151515151515152,46.0,152.0,5.756578947368421,6.116812938251227,57.0,42.0,12.052631578947368,14.0,41.0,40.0,0.0,0.0,0.0,2.6262626262626263,4.0,1.0,7.0,82.0,89.0,138.0,893.6512134733629
rq0_0302,Scalabrino,easyocr_preprocessed,56.0,56.0,0.0,0.0,14.375,14.375,51.0,121.0,6.256198347107438,5.053078593154813,39.0,30.0,16.307692307692307,5.0,54.0,23.0,0.0,0.0,0.0,0.0,0.0,2.0,5.0,53.0,58.0,116.0,679.5257954347983
rq0_0303,Scalabrino,easyocr_preprocessed,121.0,121.0,0.0,0.0,9.165289256198347,9.165289256198347,57.0,135.0,8.296296296296296,5.628740509877438,47.0,33.0,10.212765957446809,9.0,53.0,26.0,0.0,0.0,0.0,2.2975206611570247,4.0,3.0,10.0,59.0,69.0,126.0,769.6740815540493
rq0_0304,Scalabrino,easyocr_preprocessed,67.0,67.0,0.0,0.0,9.373134328358208,9.373134328358208,55.0,121.0,4.859504132231405,5.080200708397092,36.0,26.0,12.61111111111111,9.0,55.0,21.0,0.0,0.0,0.0,1.0597014925373134,2.0,4.0,8.0,46.0,54.0,112.0,644.5474002423084
rq0_0305,Scalabrino,easyocr_preprocessed,58.0,58.0,0.0,0.0,10.931034482758621,10.931034482758621,46.0,106.0,5.80188679245283,4.737602173653271,41.0,17.0,12.195121951219512,4.0,45.0,16.0,0.0,0.0,0.0,0.8793103448275862,1.0,1.0,7.0,33.0,40.0,102.0,542.8366656785109
rq0_0306,Scalabrino,easyocr_preprocessed,68.0,68.0,0.0,0.0,9.044117647058824,9.044117647058824,46.0,120.0,4.833333333333333,4.843581617326696,50.0,31.0,8.5,3.0,54.0,13.0,0.0,0.0,0.0,0.8970588235294118,1.0,1.0,6.0,44.0,50.0,117.0,660.3311742036427
rq0_0307,Scalabrino,easyocr_preprocessed,52.0,52.0,0.0,0.0,9.0,9.0,55.0,84.0,5.357142857142857,5.512861434910579,30.0,25.0,11.8,7.0,27.0,20.0,0.0,0.0,0.0,2.019230769230769,3.0,3.0,9.0,44.0,53.0,77.0,441.04987500136633
rq0_0308,Scalabrino,easyocr_preprocessed,81.0,81.0,0.0,0.0,7.419753086419753,7.419753086419753,35.0,129.0,4.511627906976744,5.599855036249958,58.0,40.0,8.155172413793103,8.0,50.0,13.0,0.0,0.0,0.0,0.0,0.0,1.0,8.0,53.0,61.0,121.0,717.6192178451092
rq0_0309,Scalabrino,easyocr_preprocessed,115.0,115.0,0.0,0.0,8.791304347826086,8.791304347826086,53.0,90.0,11.744444444444444,5.3209188964935175,33.0,26.0,11.484848484848484,6.0,35.0,16.0,0.0,0.0,0.0,0.4608695652173913,1.0,2.0,8.0,42.0,50.0,84.0,474.08391994107683
rq0_0310,Scalabrino,easyocr_preprocessed,63.0,63.0,0.0,0.0,12.936507936507937,12.936507936507937,55.0,113.0,7.106194690265487,5.4655602146779625,43.0,30.0,16.232558139534884,7.0,41.0,22.0,0.0,0.0,0.0,0.9523809523809523,1.0,1.0,8.0,50.0,58.0,106.0,620.9459854835226
rq0_0311,Scalabrino,easyocr_preprocessed,136.0,136.0,0.0,0.0,9.617647058823529,9.617647058823529,56.0,197.0,6.446700507614213,6.185975060786701,80.0,47.0,13.3875,13.0,58.0,46.0,0.0,0.0,0.0,0.3897058823529412,2.0,6.0,9.0,92.0,101.0,184.0,1225.1109128263301
rq0_0312,Scalabrino,easyocr_preprocessed,96.0,96.0,0.0,0.0,10.041666666666666,10.041666666666666,44.0,179.0,5.089385474860335,5.756605946678559,62.0,39.0,11.629032258064516,12.0,70.0,35.0,0.0,0.0,0.0,0.6979166666666666,1.0,4.0,13.0,73.0,86.0,167.0,1073.1862140352503
