model,model_display_name,model_source_name,language,snippet_id,fold,split_id,gold_target,predicted_score,target_definition,cv_scheme,seed,is_out_of_fold,source_file
multilayer_perceptron,Multilayer Perceptron,Multilayer Perceptron,CUDA,dorn_cuda_000,4,cuda_fold4,0.0,0.0018362206623518,binary: human mean >= within-language mean,"StratifiedGroupKFold(n_splits=5, shuffle=True, random_state=42); formatting hash groups",42,True,results/dataset_extension_20260713/data/oof_canonical_predictions.csv
multilayer_perceptron,Multilayer Perceptron,Multilayer Perceptron,CUDA,dorn_cuda_001,4,cuda_fold4,0.0,0.0247477199765596,binary: human mean >= within-language mean,"StratifiedGroupKFold(n_splits=5, shuffle=True, random_state=42); formatting hash groups",42,True,results/dataset_extension_20260713/data/oof_canonical_predictions.csv
multilayer_perceptron,Multilayer Perceptron,Multilayer Perceptron,CUDA,dorn_cuda_002,0,cuda_fold0,1.0,0.8154585593281238,binary: human mean >= within-language mean,"StratifiedGroupKFold(n_splits=5, shuffle=True, random_state=42); formatting hash groups",42,True,results/dataset_extension_20260713/data/oof_canonical_predictions.csv
multilayer_perceptron,Multilayer Perceptron,Multilayer Perceptron,CUDA,dorn_cuda_003,4,cuda_fold4,0.0,0.0002465037061437,binary: human mean >= within-language mean,"StratifiedGroupKFold(n_splits=5, shuffle=True, random_state=42); formatting hash groups",42,True,results/dataset_extension_20260713/data/oof_canonical_predictions.csv
multilayer_perceptron,Multilayer Perceptron,Multilayer Perceptron,CUDA,dorn_cuda_004,3,cuda_fold3,1.0,0.9995597583140472,binary: human mean >= within-language mean,"StratifiedGroupKFold(n_splits=5, shuffle=True, random_state=42); formatting hash groups",42,True,results/dataset_extension_20260713/data/oof_canonical_predictions.csv
multilayer_perceptron,Multilayer Perceptron,Multilayer Perceptron,CUDA,dorn_cuda_005,0,cuda_fold0,1.0,0.9977178899445738,binary: human mean >= within-language mean,"StratifiedGroupKFold(n_splits=5, shuffle=True, random_state=42); formatting hash groups",42,True,results/dataset_extension_20260713/data/oof_canonical_predictions.csv
multilayer_perceptron,Multilayer Perceptron,Multilayer Perceptron,CUDA,dorn_cuda_006,3,cuda_fold3,0.0,0.0006142284181176,binary: human mean >= within-language mean,"StratifiedGroupKFold(n_splits=5, shuffle=True, random_state=42); formatting hash groups",42,True,results/dataset_extension_20260713/data/oof_canonical_predictions.csv
multilayer_perceptron,Multilayer Perceptron,Multilayer Perceptron,CUDA,dorn_cuda_007,2,cuda_fold2,0.0,0.1629103362095735,binary: human mean >= within-language mean,"StratifiedGroupKFold(n_splits=5, shuffle=True, random_state=42); formatting hash groups",42,True,results/dataset_extension_20260713/data/oof_canonical_predictions.csv
multilayer_perceptron,Multilayer Perceptron,Multilayer Perceptron,CUDA,dorn_cuda_008,2,cuda_fold2,1.0,0.3233953275948901,binary: human mean >= within-language mean,"StratifiedGroupKFold(n_splits=5, shuffle=True, random_state=42); formatting hash groups",42,True,results/dataset_extension_20260713/data/oof_canonical_predictions.csv
multilayer_perceptron,Multilayer Perceptron,Multilayer Perceptron,CUDA,dorn_cuda_009,1,cuda_fold1,1.0,0.0207402173124033,binary: human mean >= within-language mean,"StratifiedGroupKFold(n_splits=5, shuffle=True, random_state=42); formatting hash groups",42,True,results/dataset_extension_20260713/data/oof_canonical_predictions.csv
multilayer_perceptron,Multilayer Perceptron,Multilayer Perceptron,CUDA,dorn_cuda_010,3,cuda_fold3,0.0,0.0040097887535596,binary: human mean >= within-language mean,"StratifiedGroupKFold(n_splits=5, shuffle=True, random_state=42); formatting hash groups",42,True,results/dataset_extension_20260713/data/oof_canonical_predictions.csv
multilayer_perceptron,Multilayer Perceptron,Multilayer Perceptron,CUDA,dorn_cuda_011,2,cuda_fold2,0.0,0.4783796086269271,binary: human mean >= within-language mean,"StratifiedGroupKFold(n_splits=5, shuffle=True, random_state=42); formatting hash groups",42,True,results/dataset_extension_20260713/data/oof_canonical_predictions.csv
multilayer_perceptron,Multilayer Perceptron,Multilayer Perceptron,CUDA,dorn_cuda_012,0,cuda_fold0,1.0,0.9531531028742792,binary: human mean >= within-language mean,"StratifiedGroupKFold(n_splits=5, shuffle=True, random_state=42); formatting hash groups",42,True,results/dataset_extension_20260713/data/oof_canonical_predictions.csv
multilayer_perceptron,Multilayer Perceptron,Multilayer Perceptron,CUDA,dorn_cuda_013,4,cuda_fold4,1.0,0.998436335048326,binary: human mean >= within-language mean,"StratifiedGroupKFold(n_splits=5, shuffle=True, random_state=42); formatting hash groups",42,True,results/dataset_extension_20260713/data/oof_canonical_predictions.csv
multilayer_perceptron,Multilayer Perceptron,Multilayer Perceptron,CUDA,dorn_cuda_014,2,cuda_fold2,1.0,0.9685871706074354,binary: human mean >= within-language mean,"StratifiedGroupKFold(n_splits=5, shuffle=True, random_state=42); formatting hash groups",42,True,results/dataset_extension_20260713/data/oof_canonical_predictions.csv
multilayer_perceptron,Multilayer Perceptron,Multilayer Perceptron,CUDA,dorn_cuda_015,4,cuda_fold4,1.0,0.3494566126618413,binary: human mean >= within-language mean,"StratifiedGroupKFold(n_splits=5, shuffle=True, random_state=42); formatting hash groups",42,True,results/dataset_extension_20260713/data/oof_canonical_predictions.csv
multilayer_perceptron,Multilayer Perceptron,Multilayer Perceptron,CUDA,dorn_cuda_016,0,cuda_fold0,0.0,0.0042597078442586,binary: human mean >= within-language mean,"StratifiedGroupKFold(n_splits=5, shuffle=True, random_state=42); formatting hash groups",42,True,results/dataset_extension_20260713/data/oof_canonical_predictions.csv
multilayer_perceptron,Multilayer Perceptron,Multilayer Perceptron,CUDA,dorn_cuda_017,3,cuda_fold3,1.0,0.9998615108882458,binary: human mean >= within-language mean,"StratifiedGroupKFold(n_splits=5, shuffle=True, random_state=42); formatting hash groups",42,True,results/dataset_extension_20260713/data/oof_canonical_predictions.csv
multilayer_perceptron,Multilayer Perceptron,Multilayer Perceptron,CUDA,dorn_cuda_018,3,cuda_fold3,1.0,0.8722631651763402,binary: human mean >= within-language mean,"StratifiedGroupKFold(n_splits=5, shuffle=True, random_state=42); formatting hash groups",42,True,results/dataset_extension_20260713/data/oof_canonical_predictions.csv
multilayer_perceptron,Multilayer Perceptron,Multilayer Perceptron,CUDA,dorn_cuda_019,1,cuda_fold1,1.0,0.9999903038215968,binary: human mean >= within-language mean,"StratifiedGroupKFold(n_splits=5, shuffle=True, random_state=42); formatting hash groups",42,True,results/dataset_extension_20260713/data/oof_canonical_predictions.csv
multilayer_perceptron,Multilayer Perceptron,Multilayer Perceptron,CUDA,dorn_cuda_020,4,cuda_fold4,0.0,0.0777320614061324,binary: human mean >= within-language mean,"StratifiedGroupKFold(n_splits=5, shuffle=True, random_state=42); formatting hash groups",42,True,results/dataset_extension_20260713/data/oof_canonical_predictions.csv
multilayer_perceptron,Multilayer Perceptron,Multilayer Perceptron,CUDA,dorn_cuda_021,3,cuda_fold3,1.0,0.0177928328261528,binary: human mean >= within-language mean,"StratifiedGroupKFold(n_splits=5, shuffle=True, random_state=42); formatting hash groups",42,True,results/dataset_extension_20260713/data/oof_canonical_predictions.csv
multilayer_perceptron,Multilayer Perceptron,Multilayer Perceptron,CUDA,dorn_cuda_022,0,cuda_fold0,1.0,0.9940660798110604,binary: human mean >= within-language mean,"StratifiedGroupKFold(n_splits=5, shuffle=True, random_state=42); formatting hash groups",42,True,results/dataset_extension_20260713/data/oof_canonical_predictions.csv
multilayer_perceptron,Multilayer Perceptron,Multilayer Perceptron,CUDA,dorn_cuda_023,3,cuda_fold3,0.0,0.0014753871406878,binary: human mean >= within-language mean,"StratifiedGroupKFold(n_splits=5, shuffle=True, random_state=42); formatting hash groups",42,True,results/dataset_extension_20260713/data/oof_canonical_predictions.csv
multilayer_perceptron,Multilayer Perceptron,Multilayer Perceptron,CUDA,dorn_cuda_024,1,cuda_fold1,0.0,0.0025187953093693,binary: human mean >= within-language mean,"StratifiedGroupKFold(n_splits=5, shuffle=True, random_state=42); formatting hash groups",42,True,results/dataset_extension_20260713/data/oof_canonical_predictions.csv
multilayer_perceptron,Multilayer Perceptron,Multilayer Perceptron,CUDA,dorn_cuda_025,4,cuda_fold4,0.0,0.0279827484837894,binary: human mean >= within-language mean,"StratifiedGroupKFold(n_splits=5, shuffle=True, random_state=42); formatting hash groups",42,True,results/dataset_extension_20260713/data/oof_canonical_predictions.csv
multilayer_perceptron,Multilayer Perceptron,Multilayer Perceptron,CUDA,dorn_cuda_026,4,cuda_fold4,1.0,0.0625941492352753,binary: human mean >= within-language mean,"StratifiedGroupKFold(n_splits=5, shuffle=True, random_state=42); formatting hash groups",42,True,results/dataset_extension_20260713/data/oof_canonical_predictions.csv
multilayer_perceptron,Multilayer Perceptron,Multilayer Perceptron,CUDA,dorn_cuda_027,0,cuda_fold0,1.0,0.94059705267623,binary: human mean >= within-language mean,"StratifiedGroupKFold(n_splits=5, shuffle=True, random_state=42); formatting hash groups",42,True,results/dataset_extension_20260713/data/oof_canonical_predictions.csv
multilayer_perceptron,Multilayer Perceptron,Multilayer Perceptron,CUDA,dorn_cuda_028,3,cuda_fold3,1.0,0.9990633627754288,binary: human mean >= within-language mean,"StratifiedGroupKFold(n_splits=5, shuffle=True, random_state=42); formatting hash groups",42,True,results/dataset_extension_20260713/data/oof_canonical_predictions.csv
multilayer_perceptron,Multilayer Perceptron,Multilayer Perceptron,CUDA,dorn_cuda_029,4,cuda_fold4,1.0,0.51947083650404,binary: human mean >= within-language mean,"StratifiedGroupKFold(n_splits=5, shuffle=True, random_state=42); formatting hash groups",42,True,results/dataset_extension_20260713/data/oof_canonical_predictions.csv
multilayer_perceptron,Multilayer Perceptron,Multilayer Perceptron,CUDA,dorn_cuda_030,1,cuda_fold1,0.0,2.6288581702021377e-05,binary: human mean >= within-language mean,"StratifiedGroupKFold(n_splits=5, shuffle=True, random_state=42); formatting hash groups",42,True,results/dataset_extension_20260713/data/oof_canonical_predictions.csv
multilayer_perceptron,Multilayer Perceptron,Multilayer Perceptron,CUDA,dorn_cuda_031,1,cuda_fold1,1.0,0.994634385083728,binary: human mean >= within-language mean,"StratifiedGroupKFold(n_splits=5, shuffle=True, random_state=42); formatting hash groups",42,True,results/dataset_extension_20260713/data/oof_canonical_predictions.csv
multilayer_perceptron,Multilayer Perceptron,Multilayer Perceptron,CUDA,dorn_cuda_032,0,cuda_fold0,0.0,0.0125714502156894,binary: human mean >= within-language mean,"StratifiedGroupKFold(n_splits=5, shuffle=True, random_state=42); formatting hash groups",42,True,results/dataset_extension_20260713/data/oof_canonical_predictions.csv
multilayer_perceptron,Multilayer Perceptron,Multilayer Perceptron,CUDA,dorn_cuda_033,3,cuda_fold3,0.0,0.0029850942046757,binary: human mean >= within-language mean,"StratifiedGroupKFold(n_splits=5, shuffle=True, random_state=42); formatting hash groups",42,True,results/dataset_extension_20260713/data/oof_canonical_predictions.csv
multilayer_perceptron,Multilayer Perceptron,Multilayer Perceptron,CUDA,dorn_cuda_034,0,cuda_fold0,0.0,2.820534050271153e-06,binary: human mean >= within-language mean,"StratifiedGroupKFold(n_splits=5, shuffle=True, random_state=42); formatting hash groups",42,True,results/dataset_extension_20260713/data/oof_canonical_predictions.csv
multilayer_perceptron,Multilayer Perceptron,Multilayer Perceptron,CUDA,dorn_cuda_035,3,cuda_fold3,0.0,0.997844323534412,binary: human mean >= within-language mean,"StratifiedGroupKFold(n_splits=5, shuffle=True, random_state=42); formatting hash groups",42,True,results/dataset_extension_20260713/data/oof_canonical_predictions.csv
multilayer_perceptron,Multilayer Perceptron,Multilayer Perceptron,CUDA,dorn_cuda_036,2,cuda_fold2,0.0,0.0099043199110649,binary: human mean >= within-language mean,"StratifiedGroupKFold(n_splits=5, shuffle=True, random_state=42); formatting hash groups",42,True,results/dataset_extension_20260713/data/oof_canonical_predictions.csv
multilayer_perceptron,Multilayer Perceptron,Multilayer Perceptron,CUDA,dorn_cuda_037,4,cuda_fold4,1.0,0.9440363154458272,binary: human mean >= within-language mean,"StratifiedGroupKFold(n_splits=5, shuffle=True, random_state=42); formatting hash groups",42,True,results/dataset_extension_20260713/data/oof_canonical_predictions.csv
multilayer_perceptron,Multilayer Perceptron,Multilayer Perceptron,CUDA,dorn_cuda_038,2,cuda_fold2,0.0,2.8985146519686344e-06,binary: human mean >= within-language mean,"StratifiedGroupKFold(n_splits=5, shuffle=True, random_state=42); formatting hash groups",42,True,results/dataset_extension_20260713/data/oof_canonical_predictions.csv
multilayer_perceptron,Multilayer Perceptron,Multilayer Perceptron,CUDA,dorn_cuda_039,2,cuda_fold2,1.0,0.999719859776056,binary: human mean >= within-language mean,"StratifiedGroupKFold(n_splits=5, shuffle=True, random_state=42); formatting hash groups",42,True,results/dataset_extension_20260713/data/oof_canonical_predictions.csv
multilayer_perceptron,Multilayer Perceptron,Multilayer Perceptron,CUDA,dorn_cuda_040,2,cuda_fold2,1.0,0.750991218353468,binary: human mean >= within-language mean,"StratifiedGroupKFold(n_splits=5, shuffle=True, random_state=42); formatting hash groups",42,True,results/dataset_extension_20260713/data/oof_canonical_predictions.csv
multilayer_perceptron,Multilayer Perceptron,Multilayer Perceptron,CUDA,dorn_cuda_041,3,cuda_fold3,1.0,0.9999010394215788,binary: human mean >= within-language mean,"StratifiedGroupKFold(n_splits=5, shuffle=True, random_state=42); formatting hash groups",42,True,results/dataset_extension_20260713/data/oof_canonical_predictions.csv
multilayer_perceptron,Multilayer Perceptron,Multilayer Perceptron,CUDA,dorn_cuda_042,3,cuda_fold3,1.0,0.962309199062782,binary: human mean >= within-language mean,"StratifiedGroupKFold(n_splits=5, shuffle=True, random_state=42); formatting hash groups",42,True,results/dataset_extension_20260713/data/oof_canonical_predictions.csv
multilayer_perceptron,Multilayer Perceptron,Multilayer Perceptron,CUDA,dorn_cuda_043,2,cuda_fold2,0.0,0.4730953409898364,binary: human mean >= within-language mean,"StratifiedGroupKFold(n_splits=5, shuffle=True, random_state=42); formatting hash groups",42,True,results/dataset_extension_20260713/data/oof_canonical_predictions.csv
multilayer_perceptron,Multilayer Perceptron,Multilayer Perceptron,CUDA,dorn_cuda_044,4,cuda_fold4,1.0,0.8474538230602345,binary: human mean >= within-language mean,"StratifiedGroupKFold(n_splits=5, shuffle=True, random_state=42); formatting hash groups",42,True,results/dataset_extension_20260713/data/oof_canonical_predictions.csv
multilayer_perceptron,Multilayer Perceptron,Multilayer Perceptron,CUDA,dorn_cuda_045,4,cuda_fold4,0.0,0.4652301505547561,binary: human mean >= within-language mean,"StratifiedGroupKFold(n_splits=5, shuffle=True, random_state=42); formatting hash groups",42,True,results/dataset_extension_20260713/data/oof_canonical_predictions.csv
multilayer_perceptron,Multilayer Perceptron,Multilayer Perceptron,CUDA,dorn_cuda_046,2,cuda_fold2,0.0,0.6094402884907724,binary: human mean >= within-language mean,"StratifiedGroupKFold(n_splits=5, shuffle=True, random_state=42); formatting hash groups",42,True,results/dataset_extension_20260713/data/oof_canonical_predictions.csv
multilayer_perceptron,Multilayer Perceptron,Multilayer Perceptron,CUDA,dorn_cuda_047,1,cuda_fold1,0.0,7.104541154480172e-07,binary: human mean >= within-language mean,"StratifiedGroupKFold(n_splits=5, shuffle=True, random_state=42); formatting hash groups",42,True,results/dataset_extension_20260713/data/oof_canonical_predictions.csv
multilayer_perceptron,Multilayer Perceptron,Multilayer Perceptron,CUDA,dorn_cuda_048,4,cuda_fold4,1.0,0.6614969852785813,binary: human mean >= within-language mean,"StratifiedGroupKFold(n_splits=5, shuffle=True, random_state=42); formatting hash groups",42,True,results/dataset_extension_20260713/data/oof_canonical_predictions.csv
multilayer_perceptron,Multilayer Perceptron,Multilayer Perceptron,CUDA,dorn_cuda_049,2,cuda_fold2,1.0,0.4769582996352535,binary: human mean >= within-language mean,"StratifiedGroupKFold(n_splits=5, shuffle=True, random_state=42); formatting hash groups",42,True,results/dataset_extension_20260713/data/oof_canonical_predictions.csv
multilayer_perceptron,Multilayer Perceptron,Multilayer Perceptron,CUDA,dorn_cuda_050,4,cuda_fold4,0.0,0.4815752703284305,binary: human mean >= within-language mean,"StratifiedGroupKFold(n_splits=5, shuffle=True, random_state=42); formatting hash groups",42,True,results/dataset_extension_20260713/data/oof_canonical_predictions.csv
multilayer_perceptron,Multilayer Perceptron,Multilayer Perceptron,CUDA,dorn_cuda_051,3,cuda_fold3,0.0,0.0177740634109508,binary: human mean >= within-language mean,"StratifiedGroupKFold(n_splits=5, shuffle=True, random_state=42); formatting hash groups",42,True,results/dataset_extension_20260713/data/oof_canonical_predictions.csv
multilayer_perceptron,Multilayer Perceptron,Multilayer Perceptron,CUDA,dorn_cuda_052,4,cuda_fold4,1.0,0.9341176498161308,binary: human mean >= within-language mean,"StratifiedGroupKFold(n_splits=5, shuffle=True, random_state=42); formatting hash groups",42,True,results/dataset_extension_20260713/data/oof_canonical_predictions.csv
multilayer_perceptron,Multilayer Perceptron,Multilayer Perceptron,CUDA,dorn_cuda_053,0,cuda_fold0,0.0,0.9995373295388956,binary: human mean >= within-language mean,"StratifiedGroupKFold(n_splits=5, shuffle=True, random_state=42); formatting hash groups",42,True,results/dataset_extension_20260713/data/oof_canonical_predictions.csv
multilayer_perceptron,Multilayer Perceptron,Multilayer Perceptron,CUDA,dorn_cuda_054,2,cuda_fold2,1.0,0.99660518011224,binary: human mean >= within-language mean,"StratifiedGroupKFold(n_splits=5, shuffle=True, random_state=42); formatting hash groups",42,True,results/dataset_extension_20260713/data/oof_canonical_predictions.csv
multilayer_perceptron,Multilayer Perceptron,Multilayer Perceptron,CUDA,dorn_cuda_055,1,cuda_fold1,0.0,0.5498531328786269,binary: human mean >= within-language mean,"StratifiedGroupKFold(n_splits=5, shuffle=True, random_state=42); formatting hash groups",42,True,results/dataset_extension_20260713/data/oof_canonical_predictions.csv
multilayer_perceptron,Multilayer Perceptron,Multilayer Perceptron,CUDA,dorn_cuda_056,2,cuda_fold2,0.0,0.2105558301343125,binary: human mean >= within-language mean,"StratifiedGroupKFold(n_splits=5, shuffle=True, random_state=42); formatting hash groups",42,True,results/dataset_extension_20260713/data/oof_canonical_predictions.csv
multilayer_perceptron,Multilayer Perceptron,Multilayer Perceptron,CUDA,dorn_cuda_057,1,cuda_fold1,1.0,0.7129881038760553,binary: human mean >= within-language mean,"StratifiedGroupKFold(n_splits=5, shuffle=True, random_state=42); formatting hash groups",42,True,results/dataset_extension_20260713/data/oof_canonical_predictions.csv
multilayer_perceptron,Multilayer Perceptron,Multilayer Perceptron,CUDA,dorn_cuda_058,0,cuda_fold0,0.0,0.0014202654085406,binary: human mean >= within-language mean,"StratifiedGroupKFold(n_splits=5, shuffle=True, random_state=42); formatting hash groups",42,True,results/dataset_extension_20260713/data/oof_canonical_predictions.csv
multilayer_perceptron,Multilayer Perceptron,Multilayer Perceptron,CUDA,dorn_cuda_059,1,cuda_fold1,1.0,3.793893501889337e-05,binary: human mean >= within-language mean,"StratifiedGroupKFold(n_splits=5, shuffle=True, random_state=42); formatting hash groups",42,True,results/dataset_extension_20260713/data/oof_canonical_predictions.csv
multilayer_perceptron,Multilayer Perceptron,Multilayer Perceptron,CUDA,dorn_cuda_060,1,cuda_fold1,1.0,0.9999818447765364,binary: human mean >= within-language mean,"StratifiedGroupKFold(n_splits=5, shuffle=True, random_state=42); formatting hash groups",42,True,results/dataset_extension_20260713/data/oof_canonical_predictions.csv
multilayer_perceptron,Multilayer Perceptron,Multilayer Perceptron,CUDA,dorn_cuda_061,0,cuda_fold0,0.0,0.7588864548262431,binary: human mean >= within-language mean,"StratifiedGroupKFold(n_splits=5, shuffle=True, random_state=42); formatting hash groups",42,True,results/dataset_extension_20260713/data/oof_canonical_predictions.csv
multilayer_perceptron,Multilayer Perceptron,Multilayer Perceptron,CUDA,dorn_cuda_062,1,cuda_fold1,1.0,0.9883283349954431,binary: human mean >= within-language mean,"StratifiedGroupKFold(n_splits=5, shuffle=True, random_state=42); formatting hash groups",42,True,results/dataset_extension_20260713/data/oof_canonical_predictions.csv
multilayer_perceptron,Multilayer Perceptron,Multilayer Perceptron,CUDA,dorn_cuda_063,3,cuda_fold3,0.0,0.2422672076923359,binary: human mean >= within-language mean,"StratifiedGroupKFold(n_splits=5, shuffle=True, random_state=42); formatting hash groups",42,True,results/dataset_extension_20260713/data/oof_canonical_predictions.csv
multilayer_perceptron,Multilayer Perceptron,Multilayer Perceptron,CUDA,dorn_cuda_064,0,cuda_fold0,0.0,2.820534050271153e-06,binary: human mean >= within-language mean,"StratifiedGroupKFold(n_splits=5, shuffle=True, random_state=42); formatting hash groups",42,True,results/dataset_extension_20260713/data/oof_canonical_predictions.csv
multilayer_perceptron,Multilayer Perceptron,Multilayer Perceptron,CUDA,dorn_cuda_065,0,cuda_fold0,1.0,0.9234857457432992,binary: human mean >= within-language mean,"StratifiedGroupKFold(n_splits=5, shuffle=True, random_state=42); formatting hash groups",42,True,results/dataset_extension_20260713/data/oof_canonical_predictions.csv
multilayer_perceptron,Multilayer Perceptron,Multilayer Perceptron,CUDA,dorn_cuda_066,1,cuda_fold1,0.0,0.9996888442025216,binary: human mean >= within-language mean,"StratifiedGroupKFold(n_splits=5, shuffle=True, random_state=42); formatting hash groups",42,True,results/dataset_extension_20260713/data/oof_canonical_predictions.csv
multilayer_perceptron,Multilayer Perceptron,Multilayer Perceptron,CUDA,dorn_cuda_067,3,cuda_fold3,0.0,0.0001186325871964,binary: human mean >= within-language mean,"StratifiedGroupKFold(n_splits=5, shuffle=True, random_state=42); formatting hash groups",42,True,results/dataset_extension_20260713/data/oof_canonical_predictions.csv
multilayer_perceptron,Multilayer Perceptron,Multilayer Perceptron,CUDA,dorn_cuda_068,3,cuda_fold3,1.0,0.00095973828604,binary: human mean >= within-language mean,"StratifiedGroupKFold(n_splits=5, shuffle=True, random_state=42); formatting hash groups",42,True,results/dataset_extension_20260713/data/oof_canonical_predictions.csv
multilayer_perceptron,Multilayer Perceptron,Multilayer Perceptron,CUDA,dorn_cuda_069,2,cuda_fold2,0.0,0.0019603300236339,binary: human mean >= within-language mean,"StratifiedGroupKFold(n_splits=5, shuffle=True, random_state=42); formatting hash groups",42,True,results/dataset_extension_20260713/data/oof_canonical_predictions.csv
multilayer_perceptron,Multilayer Perceptron,Multilayer Perceptron,CUDA,dorn_cuda_070,2,cuda_fold2,1.0,0.9494401797251122,binary: human mean >= within-language mean,"StratifiedGroupKFold(n_splits=5, shuffle=True, random_state=42); formatting hash groups",42,True,results/dataset_extension_20260713/data/oof_canonical_predictions.csv
multilayer_perceptron,Multilayer Perceptron,Multilayer Perceptron,CUDA,dorn_cuda_071,2,cuda_fold2,0.0,0.4558293368257965,binary: human mean >= within-language mean,"StratifiedGroupKFold(n_splits=5, shuffle=True, random_state=42); formatting hash groups",42,True,results/dataset_extension_20260713/data/oof_canonical_predictions.csv
multilayer_perceptron,Multilayer Perceptron,Multilayer Perceptron,CUDA,dorn_cuda_072,1,cuda_fold1,0.0,0.171502405446585,binary: human mean >= within-language mean,"StratifiedGroupKFold(n_splits=5, shuffle=True, random_state=42); formatting hash groups",42,True,results/dataset_extension_20260713/data/oof_canonical_predictions.csv
multilayer_perceptron,Multilayer Perceptron,Multilayer Perceptron,CUDA,dorn_cuda_073,4,cuda_fold4,1.0,0.8674636976437139,binary: human mean >= within-language mean,"StratifiedGroupKFold(n_splits=5, shuffle=True, random_state=42); formatting hash groups",42,True,results/dataset_extension_20260713/data/oof_canonical_predictions.csv
multilayer_perceptron,Multilayer Perceptron,Multilayer Perceptron,CUDA,dorn_cuda_074,3,cuda_fold3,1.0,0.7468309394311976,binary: human mean >= within-language mean,"StratifiedGroupKFold(n_splits=5, shuffle=True, random_state=42); formatting hash groups",42,True,results/dataset_extension_20260713/data/oof_canonical_predictions.csv
multilayer_perceptron,Multilayer Perceptron,Multilayer Perceptron,CUDA,dorn_cuda_075,1,cuda_fold1,0.0,0.9994288276415748,binary: human mean >= within-language mean,"StratifiedGroupKFold(n_splits=5, shuffle=True, random_state=42); formatting hash groups",42,True,results/dataset_extension_20260713/data/oof_canonical_predictions.csv
multilayer_perceptron,Multilayer Perceptron,Multilayer Perceptron,CUDA,dorn_cuda_076,2,cuda_fold2,1.0,0.9977574565552548,binary: human mean >= within-language mean,"StratifiedGroupKFold(n_splits=5, shuffle=True, random_state=42); formatting hash groups",42,True,results/dataset_extension_20260713/data/oof_canonical_predictions.csv
multilayer_perceptron,Multilayer Perceptron,Multilayer Perceptron,CUDA,dorn_cuda_077,1,cuda_fold1,1.0,0.9676307794918314,binary: human mean >= within-language mean,"StratifiedGroupKFold(n_splits=5, shuffle=True, random_state=42); formatting hash groups",42,True,results/dataset_extension_20260713/data/oof_canonical_predictions.csv
multilayer_perceptron,Multilayer Perceptron,Multilayer Perceptron,CUDA,dorn_cuda_078,4,cuda_fold4,0.0,6.614816007792276e-06,binary: human mean >= within-language mean,"StratifiedGroupKFold(n_splits=5, shuffle=True, random_state=42); formatting hash groups",42,True,results/dataset_extension_20260713/data/oof_canonical_predictions.csv
multilayer_perceptron,Multilayer Perceptron,Multilayer Perceptron,CUDA,dorn_cuda_079,1,cuda_fold1,0.0,0.1658430522835046,binary: human mean >= within-language mean,"StratifiedGroupKFold(n_splits=5, shuffle=True, random_state=42); formatting hash groups",42,True,results/dataset_extension_20260713/data/oof_canonical_predictions.csv
multilayer_perceptron,Multilayer Perceptron,Multilayer Perceptron,CUDA,dorn_cuda_080,3,cuda_fold3,1.0,0.8935884602703454,binary: human mean >= within-language mean,"StratifiedGroupKFold(n_splits=5, shuffle=True, random_state=42); formatting hash groups",42,True,results/dataset_extension_20260713/data/oof_canonical_predictions.csv
multilayer_perceptron,Multilayer Perceptron,Multilayer Perceptron,CUDA,dorn_cuda_081,3,cuda_fold3,0.0,0.0022596070007302,binary: human mean >= within-language mean,"StratifiedGroupKFold(n_splits=5, shuffle=True, random_state=42); formatting hash groups",42,True,results/dataset_extension_20260713/data/oof_canonical_predictions.csv
multilayer_perceptron,Multilayer Perceptron,Multilayer Perceptron,CUDA,dorn_cuda_082,1,cuda_fold1,0.0,2.5814173197773317e-08,binary: human mean >= within-language mean,"StratifiedGroupKFold(n_splits=5, shuffle=True, random_state=42); formatting hash groups",42,True,results/dataset_extension_20260713/data/oof_canonical_predictions.csv
multilayer_perceptron,Multilayer Perceptron,Multilayer Perceptron,CUDA,dorn_cuda_083,1,cuda_fold1,1.0,9.35644275717974e-05,binary: human mean >= within-language mean,"StratifiedGroupKFold(n_splits=5, shuffle=True, random_state=42); formatting hash groups",42,True,results/dataset_extension_20260713/data/oof_canonical_predictions.csv
multilayer_perceptron,Multilayer Perceptron,Multilayer Perceptron,CUDA,dorn_cuda_084,2,cuda_fold2,0.0,3.956419898915689e-05,binary: human mean >= within-language mean,"StratifiedGroupKFold(n_splits=5, shuffle=True, random_state=42); formatting hash groups",42,True,results/dataset_extension_20260713/data/oof_canonical_predictions.csv
multilayer_perceptron,Multilayer Perceptron,Multilayer Perceptron,CUDA,dorn_cuda_085,0,cuda_fold0,1.0,0.3637189310721318,binary: human mean >= within-language mean,"StratifiedGroupKFold(n_splits=5, shuffle=True, random_state=42); formatting hash groups",42,True,results/dataset_extension_20260713/data/oof_canonical_predictions.csv
multilayer_perceptron,Multilayer Perceptron,Multilayer Perceptron,CUDA,dorn_cuda_086,0,cuda_fold0,0.0,0.9687181358796408,binary: human mean >= within-language mean,"StratifiedGroupKFold(n_splits=5, shuffle=True, random_state=42); formatting hash groups",42,True,results/dataset_extension_20260713/data/oof_canonical_predictions.csv
multilayer_perceptron,Multilayer Perceptron,Multilayer Perceptron,CUDA,dorn_cuda_087,4,cuda_fold4,0.0,0.0003734488200338,binary: human mean >= within-language mean,"StratifiedGroupKFold(n_splits=5, shuffle=True, random_state=42); formatting hash groups",42,True,results/dataset_extension_20260713/data/oof_canonical_predictions.csv
multilayer_perceptron,Multilayer Perceptron,Multilayer Perceptron,CUDA,dorn_cuda_088,0,cuda_fold0,1.0,0.994279509091312,binary: human mean >= within-language mean,"StratifiedGroupKFold(n_splits=5, shuffle=True, random_state=42); formatting hash groups",42,True,results/dataset_extension_20260713/data/oof_canonical_predictions.csv
multilayer_perceptron,Multilayer Perceptron,Multilayer Perceptron,CUDA,dorn_cuda_089,2,cuda_fold2,0.0,0.628012271543516,binary: human mean >= within-language mean,"StratifiedGroupKFold(n_splits=5, shuffle=True, random_state=42); formatting hash groups",42,True,results/dataset_extension_20260713/data/oof_canonical_predictions.csv
multilayer_perceptron,Multilayer Perceptron,Multilayer Perceptron,CUDA,dorn_cuda_090,2,cuda_fold2,1.0,0.9997082918678613,binary: human mean >= within-language mean,"StratifiedGroupKFold(n_splits=5, shuffle=True, random_state=42); formatting hash groups",42,True,results/dataset_extension_20260713/data/oof_canonical_predictions.csv
multilayer_perceptron,Multilayer Perceptron,Multilayer Perceptron,CUDA,dorn_cuda_091,1,cuda_fold1,1.0,0.992568695273738,binary: human mean >= within-language mean,"StratifiedGroupKFold(n_splits=5, shuffle=True, random_state=42); formatting hash groups",42,True,results/dataset_extension_20260713/data/oof_canonical_predictions.csv
multilayer_perceptron,Multilayer Perceptron,Multilayer Perceptron,CUDA,dorn_cuda_092,1,cuda_fold1,0.0,0.0112266829521016,binary: human mean >= within-language mean,"StratifiedGroupKFold(n_splits=5, shuffle=True, random_state=42); formatting hash groups",42,True,results/dataset_extension_20260713/data/oof_canonical_predictions.csv
multilayer_perceptron,Multilayer Perceptron,Multilayer Perceptron,CUDA,dorn_cuda_093,2,cuda_fold2,0.0,0.0007489877067109,binary: human mean >= within-language mean,"StratifiedGroupKFold(n_splits=5, shuffle=True, random_state=42); formatting hash groups",42,True,results/dataset_extension_20260713/data/oof_canonical_predictions.csv
multilayer_perceptron,Multilayer Perceptron,Multilayer Perceptron,CUDA,dorn_cuda_094,3,cuda_fold3,1.0,0.98873430063127,binary: human mean >= within-language mean,"StratifiedGroupKFold(n_splits=5, shuffle=True, random_state=42); formatting hash groups",42,True,results/dataset_extension_20260713/data/oof_canonical_predictions.csv
multilayer_perceptron,Multilayer Perceptron,Multilayer Perceptron,CUDA,dorn_cuda_095,0,cuda_fold0,1.0,0.996096513201566,binary: human mean >= within-language mean,"StratifiedGroupKFold(n_splits=5, shuffle=True, random_state=42); formatting hash groups",42,True,results/dataset_extension_20260713/data/oof_canonical_predictions.csv
multilayer_perceptron,Multilayer Perceptron,Multilayer Perceptron,CUDA,dorn_cuda_096,0,cuda_fold0,1.0,0.2310995631075512,binary: human mean >= within-language mean,"StratifiedGroupKFold(n_splits=5, shuffle=True, random_state=42); formatting hash groups",42,True,results/dataset_extension_20260713/data/oof_canonical_predictions.csv
multilayer_perceptron,Multilayer Perceptron,Multilayer Perceptron,CUDA,dorn_cuda_097,2,cuda_fold2,1.0,0.070389843747408,binary: human mean >= within-language mean,"StratifiedGroupKFold(n_splits=5, shuffle=True, random_state=42); formatting hash groups",42,True,results/dataset_extension_20260713/data/oof_canonical_predictions.csv
multilayer_perceptron,Multilayer Perceptron,Multilayer Perceptron,CUDA,dorn_cuda_098,0,cuda_fold0,0.0,0.0003512886311134,binary: human mean >= within-language mean,"StratifiedGroupKFold(n_splits=5, shuffle=True, random_state=42); formatting hash groups",42,True,results/dataset_extension_20260713/data/oof_canonical_predictions.csv
multilayer_perceptron,Multilayer Perceptron,Multilayer Perceptron,CUDA,dorn_cuda_099,1,cuda_fold1,1.0,3.793893501889337e-05,binary: human mean >= within-language mean,"StratifiedGroupKFold(n_splits=5, shuffle=True, random_state=42); formatting hash groups",42,True,results/dataset_extension_20260713/data/oof_canonical_predictions.csv
multilayer_perceptron,Multilayer Perceptron,Multilayer Perceptron,CUDA,dorn_cuda_100,0,cuda_fold0,1.0,0.9998911801974424,binary: human mean >= within-language mean,"StratifiedGroupKFold(n_splits=5, shuffle=True, random_state=42); formatting hash groups",42,True,results/dataset_extension_20260713/data/oof_canonical_predictions.csv
multilayer_perceptron,Multilayer Perceptron,Multilayer Perceptron,CUDA,dorn_cuda_101,1,cuda_fold1,1.0,0.9998860351924714,binary: human mean >= within-language mean,"StratifiedGroupKFold(n_splits=5, shuffle=True, random_state=42); formatting hash groups",42,True,results/dataset_extension_20260713/data/oof_canonical_predictions.csv
multilayer_perceptron,Multilayer Perceptron,Multilayer Perceptron,CUDA,dorn_cuda_102,3,cuda_fold3,0.0,0.9998915662682584,binary: human mean >= within-language mean,"StratifiedGroupKFold(n_splits=5, shuffle=True, random_state=42); formatting hash groups",42,True,results/dataset_extension_20260713/data/oof_canonical_predictions.csv
multilayer_perceptron,Multilayer Perceptron,Multilayer Perceptron,CUDA,dorn_cuda_103,4,cuda_fold4,0.0,0.0999082387356257,binary: human mean >= within-language mean,"StratifiedGroupKFold(n_splits=5, shuffle=True, random_state=42); formatting hash groups",42,True,results/dataset_extension_20260713/data/oof_canonical_predictions.csv
multilayer_perceptron,Multilayer Perceptron,Multilayer Perceptron,CUDA,dorn_cuda_104,4,cuda_fold4,1.0,0.8336556916669335,binary: human mean >= within-language mean,"StratifiedGroupKFold(n_splits=5, shuffle=True, random_state=42); formatting hash groups",42,True,results/dataset_extension_20260713/data/oof_canonical_predictions.csv
multilayer_perceptron,Multilayer Perceptron,Multilayer Perceptron,CUDA,dorn_cuda_105,0,cuda_fold0,1.0,0.8486091748545768,binary: human mean >= within-language mean,"StratifiedGroupKFold(n_splits=5, shuffle=True, random_state=42); formatting hash groups",42,True,results/dataset_extension_20260713/data/oof_canonical_predictions.csv
multilayer_perceptron,Multilayer Perceptron,Multilayer Perceptron,CUDA,dorn_cuda_106,2,cuda_fold2,1.0,0.3100853509826292,binary: human mean >= within-language mean,"StratifiedGroupKFold(n_splits=5, shuffle=True, random_state=42); formatting hash groups",42,True,results/dataset_extension_20260713/data/oof_canonical_predictions.csv
multilayer_perceptron,Multilayer Perceptron,Multilayer Perceptron,CUDA,dorn_cuda_107,0,cuda_fold0,1.0,0.9968947321086828,binary: human mean >= within-language mean,"StratifiedGroupKFold(n_splits=5, shuffle=True, random_state=42); formatting hash groups",42,True,results/dataset_extension_20260713/data/oof_canonical_predictions.csv
multilayer_perceptron,Multilayer Perceptron,Multilayer Perceptron,CUDA,dorn_cuda_108,4,cuda_fold4,0.0,1.5460867427498186e-06,binary: human mean >= within-language mean,"StratifiedGroupKFold(n_splits=5, shuffle=True, random_state=42); formatting hash groups",42,True,results/dataset_extension_20260713/data/oof_canonical_predictions.csv
multilayer_perceptron,Multilayer Perceptron,Multilayer Perceptron,CUDA,dorn_cuda_109,3,cuda_fold3,1.0,0.9993402455528504,binary: human mean >= within-language mean,"StratifiedGroupKFold(n_splits=5, shuffle=True, random_state=42); formatting hash groups",42,True,results/dataset_extension_20260713/data/oof_canonical_predictions.csv
multilayer_perceptron,Multilayer Perceptron,Multilayer Perceptron,CUDA,dorn_cuda_110,0,cuda_fold0,0.0,4.189211243672239e-06,binary: human mean >= within-language mean,"StratifiedGroupKFold(n_splits=5, shuffle=True, random_state=42); formatting hash groups",42,True,results/dataset_extension_20260713/data/oof_canonical_predictions.csv
multilayer_perceptron,Multilayer Perceptron,Multilayer Perceptron,CUDA,dorn_cuda_111,4,cuda_fold4,1.0,0.9997618875256582,binary: human mean >= within-language mean,"StratifiedGroupKFold(n_splits=5, shuffle=True, random_state=42); formatting hash groups",42,True,results/dataset_extension_20260713/data/oof_canonical_predictions.csv
multilayer_perceptron,Multilayer Perceptron,Multilayer Perceptron,CUDA,dorn_cuda_112,0,cuda_fold0,0.0,0.7036810206654565,binary: human mean >= within-language mean,"StratifiedGroupKFold(n_splits=5, shuffle=True, random_state=42); formatting hash groups",42,True,results/dataset_extension_20260713/data/oof_canonical_predictions.csv
multilayer_perceptron,Multilayer Perceptron,Multilayer Perceptron,CUDA,dorn_cuda_113,1,cuda_fold1,1.0,0.0012779164984653,binary: human mean >= within-language mean,"StratifiedGroupKFold(n_splits=5, shuffle=True, random_state=42); formatting hash groups",42,True,results/dataset_extension_20260713/data/oof_canonical_predictions.csv
multilayer_perceptron,Multilayer Perceptron,Multilayer Perceptron,CUDA,dorn_cuda_114,3,cuda_fold3,0.0,0.0001656410054807,binary: human mean >= within-language mean,"StratifiedGroupKFold(n_splits=5, shuffle=True, random_state=42); formatting hash groups",42,True,results/dataset_extension_20260713/data/oof_canonical_predictions.csv
multilayer_perceptron,Multilayer Perceptron,Multilayer Perceptron,CUDA,dorn_cuda_115,3,cuda_fold3,0.0,0.0020525533103907,binary: human mean >= within-language mean,"StratifiedGroupKFold(n_splits=5, shuffle=True, random_state=42); formatting hash groups",42,True,results/dataset_extension_20260713/data/oof_canonical_predictions.csv
multilayer_perceptron,Multilayer Perceptron,Multilayer Perceptron,CUDA,dorn_cuda_116,4,cuda_fold4,1.0,0.9181959930413462,binary: human mean >= within-language mean,"StratifiedGroupKFold(n_splits=5, shuffle=True, random_state=42); formatting hash groups",42,True,results/dataset_extension_20260713/data/oof_canonical_predictions.csv
multilayer_perceptron,Multilayer Perceptron,Multilayer Perceptron,CUDA,dorn_cuda_117,1,cuda_fold1,1.0,0.008180241291759,binary: human mean >= within-language mean,"StratifiedGroupKFold(n_splits=5, shuffle=True, random_state=42); formatting hash groups",42,True,results/dataset_extension_20260713/data/oof_canonical_predictions.csv
multilayer_perceptron,Multilayer Perceptron,Multilayer Perceptron,CUDA,dorn_cuda_118,2,cuda_fold2,0.0,0.0282795341060278,binary: human mean >= within-language mean,"StratifiedGroupKFold(n_splits=5, shuffle=True, random_state=42); formatting hash groups",42,True,results/dataset_extension_20260713/data/oof_canonical_predictions.csv
multilayer_perceptron,Multilayer Perceptron,Multilayer Perceptron,CUDA,dorn_cuda_119,4,cuda_fold4,1.0,0.7464313253820277,binary: human mean >= within-language mean,"StratifiedGroupKFold(n_splits=5, shuffle=True, random_state=42); formatting hash groups",42,True,results/dataset_extension_20260713/data/oof_canonical_predictions.csv
multilayer_perceptron,Multilayer Perceptron,Multilayer Perceptron,Java,rq0_0000,0,pooled_z_seed42_fold0,0.0,0.9804424433351772,binary: human mean >= own Java benchmark mean,"predefined pooled_stratified_5fold, seed=42",42,True,experiments/rq0_viability/outputs/canonical_baselines/canonical_oof_snippet_scores.csv
multilayer_perceptron,Multilayer Perceptron,Multilayer Perceptron,Java,rq0_0001,3,pooled_z_seed42_fold3,1.0,0.9683168548184444,binary: human mean >= own Java benchmark mean,"predefined pooled_stratified_5fold, seed=42",42,True,experiments/rq0_viability/outputs/canonical_baselines/canonical_oof_snippet_scores.csv
multilayer_perceptron,Multilayer Perceptron,Multilayer Perceptron,Java,rq0_0002,4,pooled_z_seed42_fold4,0.0,0.0621401474318156,binary: human mean >= own Java benchmark mean,"predefined pooled_stratified_5fold, seed=42",42,True,experiments/rq0_viability/outputs/canonical_baselines/canonical_oof_snippet_scores.csv
multilayer_perceptron,Multilayer Perceptron,Multilayer Perceptron,Java,rq0_0003,0,pooled_z_seed42_fold0,1.0,0.9185659085950616,binary: human mean >= own Java benchmark mean,"predefined pooled_stratified_5fold, seed=42",42,True,experiments/rq0_viability/outputs/canonical_baselines/canonical_oof_snippet_scores.csv
multilayer_perceptron,Multilayer Perceptron,Multilayer Perceptron,Java,rq0_0004,0,pooled_z_seed42_fold0,1.0,0.9634776384253976,binary: human mean >= own Java benchmark mean,"predefined pooled_stratified_5fold, seed=42",42,True,experiments/rq0_viability/outputs/canonical_baselines/canonical_oof_snippet_scores.csv
multilayer_perceptron,Multilayer Perceptron,Multilayer Perceptron,Java,rq0_0005,2,pooled_z_seed42_fold2,0.0,0.8508885153451591,binary: human mean >= own Java benchmark mean,"predefined pooled_stratified_5fold, seed=42",42,True,experiments/rq0_viability/outputs/canonical_baselines/canonical_oof_snippet_scores.csv
multilayer_perceptron,Multilayer Perceptron,Multilayer Perceptron,Java,rq0_0006,0,pooled_z_seed42_fold0,1.0,0.9226862177948232,binary: human mean >= own Java benchmark mean,"predefined pooled_stratified_5fold, seed=42",42,True,experiments/rq0_viability/outputs/canonical_baselines/canonical_oof_snippet_scores.csv
multilayer_perceptron,Multilayer Perceptron,Multilayer Perceptron,Java,rq0_0007,3,pooled_z_seed42_fold3,0.0,0.2504109216607444,binary: human mean >= own Java benchmark mean,"predefined pooled_stratified_5fold, seed=42",42,True,experiments/rq0_viability/outputs/canonical_baselines/canonical_oof_snippet_scores.csv
multilayer_perceptron,Multilayer Perceptron,Multilayer Perceptron,Java,rq0_0008,2,pooled_z_seed42_fold2,1.0,0.7784045843703818,binary: human mean >= own Java benchmark mean,"predefined pooled_stratified_5fold, seed=42",42,True,experiments/rq0_viability/outputs/canonical_baselines/canonical_oof_snippet_scores.csv
multilayer_perceptron,Multilayer Perceptron,Multilayer Perceptron,Java,rq0_0009,1,pooled_z_seed42_fold1,1.0,0.5429814017643866,binary: human mean >= own Java benchmark mean,"predefined pooled_stratified_5fold, seed=42",42,True,experiments/rq0_viability/outputs/canonical_baselines/canonical_oof_snippet_scores.csv
multilayer_perceptron,Multilayer Perceptron,Multilayer Perceptron,Java,rq0_0010,3,pooled_z_seed42_fold3,1.0,0.1854817681784098,binary: human mean >= own Java benchmark mean,"predefined pooled_stratified_5fold, seed=42",42,True,experiments/rq0_viability/outputs/canonical_baselines/canonical_oof_snippet_scores.csv
multilayer_perceptron,Multilayer Perceptron,Multilayer Perceptron,Java,rq0_0011,3,pooled_z_seed42_fold3,1.0,0.9966831856880066,binary: human mean >= own Java benchmark mean,"predefined pooled_stratified_5fold, seed=42",42,True,experiments/rq0_viability/outputs/canonical_baselines/canonical_oof_snippet_scores.csv
multilayer_perceptron,Multilayer Perceptron,Multilayer Perceptron,Java,rq0_0012,4,pooled_z_seed42_fold4,1.0,0.996655466995476,binary: human mean >= own Java benchmark mean,"predefined pooled_stratified_5fold, seed=42",42,True,experiments/rq0_viability/outputs/canonical_baselines/canonical_oof_snippet_scores.csv
multilayer_perceptron,Multilayer Perceptron,Multilayer Perceptron,Java,rq0_0013,0,pooled_z_seed42_fold0,0.0,0.003087758192209,binary: human mean >= own Java benchmark mean,"predefined pooled_stratified_5fold, seed=42",42,True,experiments/rq0_viability/outputs/canonical_baselines/canonical_oof_snippet_scores.csv
multilayer_perceptron,Multilayer Perceptron,Multilayer Perceptron,Java,rq0_0014,0,pooled_z_seed42_fold0,0.0,0.1801251471484386,binary: human mean >= own Java benchmark mean,"predefined pooled_stratified_5fold, seed=42",42,True,experiments/rq0_viability/outputs/canonical_baselines/canonical_oof_snippet_scores.csv
multilayer_perceptron,Multilayer Perceptron,Multilayer Perceptron,Java,rq0_0015,0,pooled_z_seed42_fold0,1.0,0.8381265019688,binary: human mean >= own Java benchmark mean,"predefined pooled_stratified_5fold, seed=42",42,True,experiments/rq0_viability/outputs/canonical_baselines/canonical_oof_snippet_scores.csv
multilayer_perceptron,Multilayer Perceptron,Multilayer Perceptron,Java,rq0_0016,4,pooled_z_seed42_fold4,0.0,0.9900437368367948,binary: human mean >= own Java benchmark mean,"predefined pooled_stratified_5fold, seed=42",42,True,experiments/rq0_viability/outputs/canonical_baselines/canonical_oof_snippet_scores.csv
multilayer_perceptron,Multilayer Perceptron,Multilayer Perceptron,Java,rq0_0017,0,pooled_z_seed42_fold0,1.0,0.4602700844492799,binary: human mean >= own Java benchmark mean,"predefined pooled_stratified_5fold, seed=42",42,True,experiments/rq0_viability/outputs/canonical_baselines/canonical_oof_snippet_scores.csv
multilayer_perceptron,Multilayer Perceptron,Multilayer Perceptron,Java,rq0_0018,3,pooled_z_seed42_fold3,0.0,0.4967000680145514,binary: human mean >= own Java benchmark mean,"predefined pooled_stratified_5fold, seed=42",42,True,experiments/rq0_viability/outputs/canonical_baselines/canonical_oof_snippet_scores.csv
multilayer_perceptron,Multilayer Perceptron,Multilayer Perceptron,Java,rq0_0019,2,pooled_z_seed42_fold2,1.0,0.809798703585931,binary: human mean >= own Java benchmark mean,"predefined pooled_stratified_5fold, seed=42",42,True,experiments/rq0_viability/outputs/canonical_baselines/canonical_oof_snippet_scores.csv
multilayer_perceptron,Multilayer Perceptron,Multilayer Perceptron,Java,rq0_0020,4,pooled_z_seed42_fold4,0.0,0.7070766912751865,binary: human mean >= own Java benchmark mean,"predefined pooled_stratified_5fold, seed=42",42,True,experiments/rq0_viability/outputs/canonical_baselines/canonical_oof_snippet_scores.csv
multilayer_perceptron,Multilayer Perceptron,Multilayer Perceptron,Java,rq0_0021,1,pooled_z_seed42_fold1,1.0,0.1336035429106368,binary: human mean >= own Java benchmark mean,"predefined pooled_stratified_5fold, seed=42",42,True,experiments/rq0_viability/outputs/canonical_baselines/canonical_oof_snippet_scores.csv
multilayer_perceptron,Multilayer Perceptron,Multilayer Perceptron,Java,rq0_0022,2,pooled_z_seed42_fold2,1.0,0.9938116041684156,binary: human mean >= own Java benchmark mean,"predefined pooled_stratified_5fold, seed=42",42,True,experiments/rq0_viability/outputs/canonical_baselines/canonical_oof_snippet_scores.csv
multilayer_perceptron,Multilayer Perceptron,Multilayer Perceptron,Java,rq0_0023,3,pooled_z_seed42_fold3,0.0,0.1343559079980755,binary: human mean >= own Java benchmark mean,"predefined pooled_stratified_5fold, seed=42",42,True,experiments/rq0_viability/outputs/canonical_baselines/canonical_oof_snippet_scores.csv
multilayer_perceptron,Multilayer Perceptron,Multilayer Perceptron,Java,rq0_0024,1,pooled_z_seed42_fold1,0.0,0.574598094143016,binary: human mean >= own Java benchmark mean,"predefined pooled_stratified_5fold, seed=42",42,True,experiments/rq0_viability/outputs/canonical_baselines/canonical_oof_snippet_scores.csv
multilayer_perceptron,Multilayer Perceptron,Multilayer Perceptron,Java,rq0_0025,3,pooled_z_seed42_fold3,1.0,0.5350176726035436,binary: human mean >= own Java benchmark mean,"predefined pooled_stratified_5fold, seed=42",42,True,experiments/rq0_viability/outputs/canonical_baselines/canonical_oof_snippet_scores.csv
multilayer_perceptron,Multilayer Perceptron,Multilayer Perceptron,Java,rq0_0026,1,pooled_z_seed42_fold1,0.0,0.2836750151805129,binary: human mean >= own Java benchmark mean,"predefined pooled_stratified_5fold, seed=42",42,True,experiments/rq0_viability/outputs/canonical_baselines/canonical_oof_snippet_scores.csv
multilayer_perceptron,Multilayer Perceptron,Multilayer Perceptron,Java,rq0_0027,1,pooled_z_seed42_fold1,1.0,0.9873726848194292,binary: human mean >= own Java benchmark mean,"predefined pooled_stratified_5fold, seed=42",42,True,experiments/rq0_viability/outputs/canonical_baselines/canonical_oof_snippet_scores.csv
multilayer_perceptron,Multilayer Perceptron,Multilayer Perceptron,Java,rq0_0028,3,pooled_z_seed42_fold3,0.0,0.6900856590350017,binary: human mean >= own Java benchmark mean,"predefined pooled_stratified_5fold, seed=42",42,True,experiments/rq0_viability/outputs/canonical_baselines/canonical_oof_snippet_scores.csv
multilayer_perceptron,Multilayer Perceptron,Multilayer Perceptron,Java,rq0_0029,0,pooled_z_seed42_fold0,0.0,0.1132181642399651,binary: human mean >= own Java benchmark mean,"predefined pooled_stratified_5fold, seed=42",42,True,experiments/rq0_viability/outputs/canonical_baselines/canonical_oof_snippet_scores.csv
multilayer_perceptron,Multilayer Perceptron,Multilayer Perceptron,Java,rq0_0030,1,pooled_z_seed42_fold1,1.0,0.5379737041921899,binary: human mean >= own Java benchmark mean,"predefined pooled_stratified_5fold, seed=42",42,True,experiments/rq0_viability/outputs/canonical_baselines/canonical_oof_snippet_scores.csv
multilayer_perceptron,Multilayer Perceptron,Multilayer Perceptron,Java,rq0_0031,4,pooled_z_seed42_fold4,1.0,0.9549104611771868,binary: human mean >= own Java benchmark mean,"predefined pooled_stratified_5fold, seed=42",42,True,experiments/rq0_viability/outputs/canonical_baselines/canonical_oof_snippet_scores.csv
multilayer_perceptron,Multilayer Perceptron,Multilayer Perceptron,Java,rq0_0032,4,pooled_z_seed42_fold4,1.0,0.7009109239571173,binary: human mean >= own Java benchmark mean,"predefined pooled_stratified_5fold, seed=42",42,True,experiments/rq0_viability/outputs/canonical_baselines/canonical_oof_snippet_scores.csv
multilayer_perceptron,Multilayer Perceptron,Multilayer Perceptron,Java,rq0_0033,1,pooled_z_seed42_fold1,0.0,0.9285479578702582,binary: human mean >= own Java benchmark mean,"predefined pooled_stratified_5fold, seed=42",42,True,experiments/rq0_viability/outputs/canonical_baselines/canonical_oof_snippet_scores.csv
multilayer_perceptron,Multilayer Perceptron,Multilayer Perceptron,Java,rq0_0034,4,pooled_z_seed42_fold4,0.0,0.636833123423251,binary: human mean >= own Java benchmark mean,"predefined pooled_stratified_5fold, seed=42",42,True,experiments/rq0_viability/outputs/canonical_baselines/canonical_oof_snippet_scores.csv
multilayer_perceptron,Multilayer Perceptron,Multilayer Perceptron,Java,rq0_0035,0,pooled_z_seed42_fold0,0.0,0.0012582365360064,binary: human mean >= own Java benchmark mean,"predefined pooled_stratified_5fold, seed=42",42,True,experiments/rq0_viability/outputs/canonical_baselines/canonical_oof_snippet_scores.csv
multilayer_perceptron,Multilayer Perceptron,Multilayer Perceptron,Java,rq0_0036,1,pooled_z_seed42_fold1,0.0,0.169626837193754,binary: human mean >= own Java benchmark mean,"predefined pooled_stratified_5fold, seed=42",42,True,experiments/rq0_viability/outputs/canonical_baselines/canonical_oof_snippet_scores.csv
multilayer_perceptron,Multilayer Perceptron,Multilayer Perceptron,Java,rq0_0037,1,pooled_z_seed42_fold1,0.0,0.9638285737379056,binary: human mean >= own Java benchmark mean,"predefined pooled_stratified_5fold, seed=42",42,True,experiments/rq0_viability/outputs/canonical_baselines/canonical_oof_snippet_scores.csv
multilayer_perceptron,Multilayer Perceptron,Multilayer Perceptron,Java,rq0_0038,4,pooled_z_seed42_fold4,0.0,0.7383200299253062,binary: human mean >= own Java benchmark mean,"predefined pooled_stratified_5fold, seed=42",42,True,experiments/rq0_viability/outputs/canonical_baselines/canonical_oof_snippet_scores.csv
multilayer_perceptron,Multilayer Perceptron,Multilayer Perceptron,Java,rq0_0039,3,pooled_z_seed42_fold3,0.0,0.5596046170064461,binary: human mean >= own Java benchmark mean,"predefined pooled_stratified_5fold, seed=42",42,True,experiments/rq0_viability/outputs/canonical_baselines/canonical_oof_snippet_scores.csv
multilayer_perceptron,Multilayer Perceptron,Multilayer Perceptron,Java,rq0_0040,4,pooled_z_seed42_fold4,0.0,0.0576592060666192,binary: human mean >= own Java benchmark mean,"predefined pooled_stratified_5fold, seed=42",42,True,experiments/rq0_viability/outputs/canonical_baselines/canonical_oof_snippet_scores.csv
multilayer_perceptron,Multilayer Perceptron,Multilayer Perceptron,Java,rq0_0041,1,pooled_z_seed42_fold1,1.0,0.0952363299863164,binary: human mean >= own Java benchmark mean,"predefined pooled_stratified_5fold, seed=42",42,True,experiments/rq0_viability/outputs/canonical_baselines/canonical_oof_snippet_scores.csv
multilayer_perceptron,Multilayer Perceptron,Multilayer Perceptron,Java,rq0_0042,3,pooled_z_seed42_fold3,1.0,0.9892785380333584,binary: human mean >= own Java benchmark mean,"predefined pooled_stratified_5fold, seed=42",42,True,experiments/rq0_viability/outputs/canonical_baselines/canonical_oof_snippet_scores.csv
multilayer_perceptron,Multilayer Perceptron,Multilayer Perceptron,Java,rq0_0043,0,pooled_z_seed42_fold0,1.0,0.0850011138453315,binary: human mean >= own Java benchmark mean,"predefined pooled_stratified_5fold, seed=42",42,True,experiments/rq0_viability/outputs/canonical_baselines/canonical_oof_snippet_scores.csv
multilayer_perceptron,Multilayer Perceptron,Multilayer Perceptron,Java,rq0_0044,3,pooled_z_seed42_fold3,1.0,0.8662329542957052,binary: human mean >= own Java benchmark mean,"predefined pooled_stratified_5fold, seed=42",42,True,experiments/rq0_viability/outputs/canonical_baselines/canonical_oof_snippet_scores.csv
multilayer_perceptron,Multilayer Perceptron,Multilayer Perceptron,Java,rq0_0045,1,pooled_z_seed42_fold1,1.0,0.6001154691994585,binary: human mean >= own Java benchmark mean,"predefined pooled_stratified_5fold, seed=42",42,True,experiments/rq0_viability/outputs/canonical_baselines/canonical_oof_snippet_scores.csv
multilayer_perceptron,Multilayer Perceptron,Multilayer Perceptron,Java,rq0_0046,2,pooled_z_seed42_fold2,1.0,0.9824691249698272,binary: human mean >= own Java benchmark mean,"predefined pooled_stratified_5fold, seed=42",42,True,experiments/rq0_viability/outputs/canonical_baselines/canonical_oof_snippet_scores.csv
multilayer_perceptron,Multilayer Perceptron,Multilayer Perceptron,Java,rq0_0047,0,pooled_z_seed42_fold0,1.0,0.9892883833935036,binary: human mean >= own Java benchmark mean,"predefined pooled_stratified_5fold, seed=42",42,True,experiments/rq0_viability/outputs/canonical_baselines/canonical_oof_snippet_scores.csv
multilayer_perceptron,Multilayer Perceptron,Multilayer Perceptron,Java,rq0_0048,1,pooled_z_seed42_fold1,1.0,0.8234988088355651,binary: human mean >= own Java benchmark mean,"predefined pooled_stratified_5fold, seed=42",42,True,experiments/rq0_viability/outputs/canonical_baselines/canonical_oof_snippet_scores.csv
multilayer_perceptron,Multilayer Perceptron,Multilayer Perceptron,Java,rq0_0049,3,pooled_z_seed42_fold3,1.0,0.7176795112005496,binary: human mean >= own Java benchmark mean,"predefined pooled_stratified_5fold, seed=42",42,True,experiments/rq0_viability/outputs/canonical_baselines/canonical_oof_snippet_scores.csv
multilayer_perceptron,Multilayer Perceptron,Multilayer Perceptron,Java,rq0_0050,4,pooled_z_seed42_fold4,0.0,0.536388541785709,binary: human mean >= own Java benchmark mean,"predefined pooled_stratified_5fold, seed=42",42,True,experiments/rq0_viability/outputs/canonical_baselines/canonical_oof_snippet_scores.csv
multilayer_perceptron,Multilayer Perceptron,Multilayer Perceptron,Java,rq0_0051,2,pooled_z_seed42_fold2,0.0,0.1158761840406111,binary: human mean >= own Java benchmark mean,"predefined pooled_stratified_5fold, seed=42",42,True,experiments/rq0_viability/outputs/canonical_baselines/canonical_oof_snippet_scores.csv
multilayer_perceptron,Multilayer Perceptron,Multilayer Perceptron,Java,rq0_0052,4,pooled_z_seed42_fold4,1.0,0.9984200491125204,binary: human mean >= own Java benchmark mean,"predefined pooled_stratified_5fold, seed=42",42,True,experiments/rq0_viability/outputs/canonical_baselines/canonical_oof_snippet_scores.csv
multilayer_perceptron,Multilayer Perceptron,Multilayer Perceptron,Java,rq0_0053,3,pooled_z_seed42_fold3,0.0,0.3397085059770128,binary: human mean >= own Java benchmark mean,"predefined pooled_stratified_5fold, seed=42",42,True,experiments/rq0_viability/outputs/canonical_baselines/canonical_oof_snippet_scores.csv
multilayer_perceptron,Multilayer Perceptron,Multilayer Perceptron,Java,rq0_0054,2,pooled_z_seed42_fold2,1.0,0.7521372989756522,binary: human mean >= own Java benchmark mean,"predefined pooled_stratified_5fold, seed=42",42,True,experiments/rq0_viability/outputs/canonical_baselines/canonical_oof_snippet_scores.csv
multilayer_perceptron,Multilayer Perceptron,Multilayer Perceptron,Java,rq0_0055,2,pooled_z_seed42_fold2,1.0,0.2667979838222861,binary: human mean >= own Java benchmark mean,"predefined pooled_stratified_5fold, seed=42",42,True,experiments/rq0_viability/outputs/canonical_baselines/canonical_oof_snippet_scores.csv
multilayer_perceptron,Multilayer Perceptron,Multilayer Perceptron,Java,rq0_0056,3,pooled_z_seed42_fold3,0.0,0.3667813650239413,binary: human mean >= own Java benchmark mean,"predefined pooled_stratified_5fold, seed=42",42,True,experiments/rq0_viability/outputs/canonical_baselines/canonical_oof_snippet_scores.csv
multilayer_perceptron,Multilayer Perceptron,Multilayer Perceptron,Java,rq0_0057,4,pooled_z_seed42_fold4,1.0,0.9808013925543452,binary: human mean >= own Java benchmark mean,"predefined pooled_stratified_5fold, seed=42",42,True,experiments/rq0_viability/outputs/canonical_baselines/canonical_oof_snippet_scores.csv
multilayer_perceptron,Multilayer Perceptron,Multilayer Perceptron,Java,rq0_0058,0,pooled_z_seed42_fold0,1.0,0.9083446987171632,binary: human mean >= own Java benchmark mean,"predefined pooled_stratified_5fold, seed=42",42,True,experiments/rq0_viability/outputs/canonical_baselines/canonical_oof_snippet_scores.csv
multilayer_perceptron,Multilayer Perceptron,Multilayer Perceptron,Java,rq0_0059,4,pooled_z_seed42_fold4,1.0,0.4463389562215262,binary: human mean >= own Java benchmark mean,"predefined pooled_stratified_5fold, seed=42",42,True,experiments/rq0_viability/outputs/canonical_baselines/canonical_oof_snippet_scores.csv
multilayer_perceptron,Multilayer Perceptron,Multilayer Perceptron,Java,rq0_0060,2,pooled_z_seed42_fold2,1.0,0.8681015271649501,binary: human mean >= own Java benchmark mean,"predefined pooled_stratified_5fold, seed=42",42,True,experiments/rq0_viability/outputs/canonical_baselines/canonical_oof_snippet_scores.csv
multilayer_perceptron,Multilayer Perceptron,Multilayer Perceptron,Java,rq0_0061,2,pooled_z_seed42_fold2,0.0,0.091243626456457,binary: human mean >= own Java benchmark mean,"predefined pooled_stratified_5fold, seed=42",42,True,experiments/rq0_viability/outputs/canonical_baselines/canonical_oof_snippet_scores.csv
multilayer_perceptron,Multilayer Perceptron,Multilayer Perceptron,Java,rq0_0062,2,pooled_z_seed42_fold2,1.0,0.9255475329497536,binary: human mean >= own Java benchmark mean,"predefined pooled_stratified_5fold, seed=42",42,True,experiments/rq0_viability/outputs/canonical_baselines/canonical_oof_snippet_scores.csv
multilayer_perceptron,Multilayer Perceptron,Multilayer Perceptron,Java,rq0_0063,1,pooled_z_seed42_fold1,0.0,0.5187801781815037,binary: human mean >= own Java benchmark mean,"predefined pooled_stratified_5fold, seed=42",42,True,experiments/rq0_viability/outputs/canonical_baselines/canonical_oof_snippet_scores.csv
multilayer_perceptron,Multilayer Perceptron,Multilayer Perceptron,Java,rq0_0064,1,pooled_z_seed42_fold1,0.0,0.2839743008791167,binary: human mean >= own Java benchmark mean,"predefined pooled_stratified_5fold, seed=42",42,True,experiments/rq0_viability/outputs/canonical_baselines/canonical_oof_snippet_scores.csv
multilayer_perceptron,Multilayer Perceptron,Multilayer Perceptron,Java,rq0_0065,2,pooled_z_seed42_fold2,1.0,0.9815571201077662,binary: human mean >= own Java benchmark mean,"predefined pooled_stratified_5fold, seed=42",42,True,experiments/rq0_viability/outputs/canonical_baselines/canonical_oof_snippet_scores.csv
multilayer_perceptron,Multilayer Perceptron,Multilayer Perceptron,Java,rq0_0066,4,pooled_z_seed42_fold4,1.0,0.2057024551693858,binary: human mean >= own Java benchmark mean,"predefined pooled_stratified_5fold, seed=42",42,True,experiments/rq0_viability/outputs/canonical_baselines/canonical_oof_snippet_scores.csv
multilayer_perceptron,Multilayer Perceptron,Multilayer Perceptron,Java,rq0_0067,0,pooled_z_seed42_fold0,0.0,0.0032582479094137,binary: human mean >= own Java benchmark mean,"predefined pooled_stratified_5fold, seed=42",42,True,experiments/rq0_viability/outputs/canonical_baselines/canonical_oof_snippet_scores.csv
multilayer_perceptron,Multilayer Perceptron,Multilayer Perceptron,Java,rq0_0068,3,pooled_z_seed42_fold3,0.0,0.0358308861088318,binary: human mean >= own Java benchmark mean,"predefined pooled_stratified_5fold, seed=42",42,True,experiments/rq0_viability/outputs/canonical_baselines/canonical_oof_snippet_scores.csv
multilayer_perceptron,Multilayer Perceptron,Multilayer Perceptron,Java,rq0_0069,4,pooled_z_seed42_fold4,1.0,0.9803895023323828,binary: human mean >= own Java benchmark mean,"predefined pooled_stratified_5fold, seed=42",42,True,experiments/rq0_viability/outputs/canonical_baselines/canonical_oof_snippet_scores.csv
multilayer_perceptron,Multilayer Perceptron,Multilayer Perceptron,Java,rq0_0070,0,pooled_z_seed42_fold0,0.0,0.105707221623619,binary: human mean >= own Java benchmark mean,"predefined pooled_stratified_5fold, seed=42",42,True,experiments/rq0_viability/outputs/canonical_baselines/canonical_oof_snippet_scores.csv
multilayer_perceptron,Multilayer Perceptron,Multilayer Perceptron,Java,rq0_0071,4,pooled_z_seed42_fold4,1.0,0.7000645427226309,binary: human mean >= own Java benchmark mean,"predefined pooled_stratified_5fold, seed=42",42,True,experiments/rq0_viability/outputs/canonical_baselines/canonical_oof_snippet_scores.csv
multilayer_perceptron,Multilayer Perceptron,Multilayer Perceptron,Java,rq0_0072,2,pooled_z_seed42_fold2,1.0,0.92697333576133,binary: human mean >= own Java benchmark mean,"predefined pooled_stratified_5fold, seed=42",42,True,experiments/rq0_viability/outputs/canonical_baselines/canonical_oof_snippet_scores.csv
multilayer_perceptron,Multilayer Perceptron,Multilayer Perceptron,Java,rq0_0073,2,pooled_z_seed42_fold2,1.0,0.9953577318609136,binary: human mean >= own Java benchmark mean,"predefined pooled_stratified_5fold, seed=42",42,True,experiments/rq0_viability/outputs/canonical_baselines/canonical_oof_snippet_scores.csv
multilayer_perceptron,Multilayer Perceptron,Multilayer Perceptron,Java,rq0_0074,3,pooled_z_seed42_fold3,1.0,0.957634639829074,binary: human mean >= own Java benchmark mean,"predefined pooled_stratified_5fold, seed=42",42,True,experiments/rq0_viability/outputs/canonical_baselines/canonical_oof_snippet_scores.csv
multilayer_perceptron,Multilayer Perceptron,Multilayer Perceptron,Java,rq0_0075,0,pooled_z_seed42_fold0,0.0,0.0007429079000969,binary: human mean >= own Java benchmark mean,"predefined pooled_stratified_5fold, seed=42",42,True,experiments/rq0_viability/outputs/canonical_baselines/canonical_oof_snippet_scores.csv
multilayer_perceptron,Multilayer Perceptron,Multilayer Perceptron,Java,rq0_0076,0,pooled_z_seed42_fold0,0.0,0.0012672954584124,binary: human mean >= own Java benchmark mean,"predefined pooled_stratified_5fold, seed=42",42,True,experiments/rq0_viability/outputs/canonical_baselines/canonical_oof_snippet_scores.csv
multilayer_perceptron,Multilayer Perceptron,Multilayer Perceptron,Java,rq0_0077,1,pooled_z_seed42_fold1,1.0,0.2899761993892643,binary: human mean >= own Java benchmark mean,"predefined pooled_stratified_5fold, seed=42",42,True,experiments/rq0_viability/outputs/canonical_baselines/canonical_oof_snippet_scores.csv
multilayer_perceptron,Multilayer Perceptron,Multilayer Perceptron,Java,rq0_0078,4,pooled_z_seed42_fold4,1.0,0.9998244076998362,binary: human mean >= own Java benchmark mean,"predefined pooled_stratified_5fold, seed=42",42,True,experiments/rq0_viability/outputs/canonical_baselines/canonical_oof_snippet_scores.csv
multilayer_perceptron,Multilayer Perceptron,Multilayer Perceptron,Java,rq0_0079,2,pooled_z_seed42_fold2,1.0,0.966493025090624,binary: human mean >= own Java benchmark mean,"predefined pooled_stratified_5fold, seed=42",42,True,experiments/rq0_viability/outputs/canonical_baselines/canonical_oof_snippet_scores.csv
multilayer_perceptron,Multilayer Perceptron,Multilayer Perceptron,Java,rq0_0080,1,pooled_z_seed42_fold1,1.0,0.8256213588148593,binary: human mean >= own Java benchmark mean,"predefined pooled_stratified_5fold, seed=42",42,True,experiments/rq0_viability/outputs/canonical_baselines/canonical_oof_snippet_scores.csv
multilayer_perceptron,Multilayer Perceptron,Multilayer Perceptron,Java,rq0_0081,2,pooled_z_seed42_fold2,0.0,0.1049766720899848,binary: human mean >= own Java benchmark mean,"predefined pooled_stratified_5fold, seed=42",42,True,experiments/rq0_viability/outputs/canonical_baselines/canonical_oof_snippet_scores.csv
multilayer_perceptron,Multilayer Perceptron,Multilayer Perceptron,Java,rq0_0082,4,pooled_z_seed42_fold4,1.0,0.3656333245365353,binary: human mean >= own Java benchmark mean,"predefined pooled_stratified_5fold, seed=42",42,True,experiments/rq0_viability/outputs/canonical_baselines/canonical_oof_snippet_scores.csv
multilayer_perceptron,Multilayer Perceptron,Multilayer Perceptron,Java,rq0_0083,4,pooled_z_seed42_fold4,1.0,0.9072342341026596,binary: human mean >= own Java benchmark mean,"predefined pooled_stratified_5fold, seed=42",42,True,experiments/rq0_viability/outputs/canonical_baselines/canonical_oof_snippet_scores.csv
multilayer_perceptron,Multilayer Perceptron,Multilayer Perceptron,Java,rq0_0084,2,pooled_z_seed42_fold2,0.0,0.9354059509124872,binary: human mean >= own Java benchmark mean,"predefined pooled_stratified_5fold, seed=42",42,True,experiments/rq0_viability/outputs/canonical_baselines/canonical_oof_snippet_scores.csv
multilayer_perceptron,Multilayer Perceptron,Multilayer Perceptron,Java,rq0_0085,0,pooled_z_seed42_fold0,0.0,0.0651629119220563,binary: human mean >= own Java benchmark mean,"predefined pooled_stratified_5fold, seed=42",42,True,experiments/rq0_viability/outputs/canonical_baselines/canonical_oof_snippet_scores.csv
multilayer_perceptron,Multilayer Perceptron,Multilayer Perceptron,Java,rq0_0086,3,pooled_z_seed42_fold3,0.0,0.4143883713951157,binary: human mean >= own Java benchmark mean,"predefined pooled_stratified_5fold, seed=42",42,True,experiments/rq0_viability/outputs/canonical_baselines/canonical_oof_snippet_scores.csv
multilayer_perceptron,Multilayer Perceptron,Multilayer Perceptron,Java,rq0_0087,0,pooled_z_seed42_fold0,1.0,0.9978443700500428,binary: human mean >= own Java benchmark mean,"predefined pooled_stratified_5fold, seed=42",42,True,experiments/rq0_viability/outputs/canonical_baselines/canonical_oof_snippet_scores.csv
multilayer_perceptron,Multilayer Perceptron,Multilayer Perceptron,Java,rq0_0088,0,pooled_z_seed42_fold0,1.0,0.2982422418351818,binary: human mean >= own Java benchmark mean,"predefined pooled_stratified_5fold, seed=42",42,True,experiments/rq0_viability/outputs/canonical_baselines/canonical_oof_snippet_scores.csv
multilayer_perceptron,Multilayer Perceptron,Multilayer Perceptron,Java,rq0_0089,1,pooled_z_seed42_fold1,0.0,0.6224291156593346,binary: human mean >= own Java benchmark mean,"predefined pooled_stratified_5fold, seed=42",42,True,experiments/rq0_viability/outputs/canonical_baselines/canonical_oof_snippet_scores.csv
multilayer_perceptron,Multilayer Perceptron,Multilayer Perceptron,Java,rq0_0090,4,pooled_z_seed42_fold4,1.0,0.9942265855294276,binary: human mean >= own Java benchmark mean,"predefined pooled_stratified_5fold, seed=42",42,True,experiments/rq0_viability/outputs/canonical_baselines/canonical_oof_snippet_scores.csv
multilayer_perceptron,Multilayer Perceptron,Multilayer Perceptron,Java,rq0_0091,2,pooled_z_seed42_fold2,0.0,0.4293472018779918,binary: human mean >= own Java benchmark mean,"predefined pooled_stratified_5fold, seed=42",42,True,experiments/rq0_viability/outputs/canonical_baselines/canonical_oof_snippet_scores.csv
multilayer_perceptron,Multilayer Perceptron,Multilayer Perceptron,Java,rq0_0092,3,pooled_z_seed42_fold3,1.0,0.9987542703032422,binary: human mean >= own Java benchmark mean,"predefined pooled_stratified_5fold, seed=42",42,True,experiments/rq0_viability/outputs/canonical_baselines/canonical_oof_snippet_scores.csv
multilayer_perceptron,Multilayer Perceptron,Multilayer Perceptron,Java,rq0_0093,3,pooled_z_seed42_fold3,0.0,0.8106407230503062,binary: human mean >= own Java benchmark mean,"predefined pooled_stratified_5fold, seed=42",42,True,experiments/rq0_viability/outputs/canonical_baselines/canonical_oof_snippet_scores.csv
multilayer_perceptron,Multilayer Perceptron,Multilayer Perceptron,Java,rq0_0094,2,pooled_z_seed42_fold2,1.0,0.9562396379629756,binary: human mean >= own Java benchmark mean,"predefined pooled_stratified_5fold, seed=42",42,True,experiments/rq0_viability/outputs/canonical_baselines/canonical_oof_snippet_scores.csv
multilayer_perceptron,Multilayer Perceptron,Multilayer Perceptron,Java,rq0_0095,4,pooled_z_seed42_fold4,0.0,0.1588207767355956,binary: human mean >= own Java benchmark mean,"predefined pooled_stratified_5fold, seed=42",42,True,experiments/rq0_viability/outputs/canonical_baselines/canonical_oof_snippet_scores.csv
multilayer_perceptron,Multilayer Perceptron,Multilayer Perceptron,Java,rq0_0096,3,pooled_z_seed42_fold3,0.0,0.117956192098732,binary: human mean >= own Java benchmark mean,"predefined pooled_stratified_5fold, seed=42",42,True,experiments/rq0_viability/outputs/canonical_baselines/canonical_oof_snippet_scores.csv
multilayer_perceptron,Multilayer Perceptron,Multilayer Perceptron,Java,rq0_0097,1,pooled_z_seed42_fold1,0.0,0.5083445935193042,binary: human mean >= own Java benchmark mean,"predefined pooled_stratified_5fold, seed=42",42,True,experiments/rq0_viability/outputs/canonical_baselines/canonical_oof_snippet_scores.csv
multilayer_perceptron,Multilayer Perceptron,Multilayer Perceptron,Java,rq0_0098,2,pooled_z_seed42_fold2,0.0,0.0407076192489579,binary: human mean >= own Java benchmark mean,"predefined pooled_stratified_5fold, seed=42",42,True,experiments/rq0_viability/outputs/canonical_baselines/canonical_oof_snippet_scores.csv
multilayer_perceptron,Multilayer Perceptron,Multilayer Perceptron,Java,rq0_0099,2,pooled_z_seed42_fold2,1.0,0.987022914995971,binary: human mean >= own Java benchmark mean,"predefined pooled_stratified_5fold, seed=42",42,True,experiments/rq0_viability/outputs/canonical_baselines/canonical_oof_snippet_scores.csv
multilayer_perceptron,Multilayer Perceptron,Multilayer Perceptron,Java,rq0_0100,1,pooled_z_seed42_fold1,0.0,0.0083615597850631,binary: human mean >= own Java benchmark mean,"predefined pooled_stratified_5fold, seed=42",42,True,experiments/rq0_viability/outputs/canonical_baselines/canonical_oof_snippet_scores.csv
multilayer_perceptron,Multilayer Perceptron,Multilayer Perceptron,Java,rq0_0101,4,pooled_z_seed42_fold4,0.0,0.8612895494046634,binary: human mean >= own Java benchmark mean,"predefined pooled_stratified_5fold, seed=42",42,True,experiments/rq0_viability/outputs/canonical_baselines/canonical_oof_snippet_scores.csv
multilayer_perceptron,Multilayer Perceptron,Multilayer Perceptron,Java,rq0_0102,2,pooled_z_seed42_fold2,1.0,0.4665082689118168,binary: human mean >= own Java benchmark mean,"predefined pooled_stratified_5fold, seed=42",42,True,experiments/rq0_viability/outputs/canonical_baselines/canonical_oof_snippet_scores.csv
multilayer_perceptron,Multilayer Perceptron,Multilayer Perceptron,Java,rq0_0103,3,pooled_z_seed42_fold3,1.0,0.0060918085450309,binary: human mean >= own Java benchmark mean,"predefined pooled_stratified_5fold, seed=42",42,True,experiments/rq0_viability/outputs/canonical_baselines/canonical_oof_snippet_scores.csv
multilayer_perceptron,Multilayer Perceptron,Multilayer Perceptron,Java,rq0_0104,0,pooled_z_seed42_fold0,0.0,0.9927616259526932,binary: human mean >= own Java benchmark mean,"predefined pooled_stratified_5fold, seed=42",42,True,experiments/rq0_viability/outputs/canonical_baselines/canonical_oof_snippet_scores.csv
multilayer_perceptron,Multilayer Perceptron,Multilayer Perceptron,Java,rq0_0105,4,pooled_z_seed42_fold4,1.0,0.2397273778200313,binary: human mean >= own Java benchmark mean,"predefined pooled_stratified_5fold, seed=42",42,True,experiments/rq0_viability/outputs/canonical_baselines/canonical_oof_snippet_scores.csv
multilayer_perceptron,Multilayer Perceptron,Multilayer Perceptron,Java,rq0_0106,2,pooled_z_seed42_fold2,0.0,0.8294593932058699,binary: human mean >= own Java benchmark mean,"predefined pooled_stratified_5fold, seed=42",42,True,experiments/rq0_viability/outputs/canonical_baselines/canonical_oof_snippet_scores.csv
multilayer_perceptron,Multilayer Perceptron,Multilayer Perceptron,Java,rq0_0107,0,pooled_z_seed42_fold0,1.0,0.9547790611136427,binary: human mean >= own Java benchmark mean,"predefined pooled_stratified_5fold, seed=42",42,True,experiments/rq0_viability/outputs/canonical_baselines/canonical_oof_snippet_scores.csv
multilayer_perceptron,Multilayer Perceptron,Multilayer Perceptron,Java,rq0_0108,0,pooled_z_seed42_fold0,1.0,0.999944245222142,binary: human mean >= own Java benchmark mean,"predefined pooled_stratified_5fold, seed=42",42,True,experiments/rq0_viability/outputs/canonical_baselines/canonical_oof_snippet_scores.csv
multilayer_perceptron,Multilayer Perceptron,Multilayer Perceptron,Java,rq0_0109,0,pooled_z_seed42_fold0,1.0,0.635880648125653,binary: human mean >= own Java benchmark mean,"predefined pooled_stratified_5fold, seed=42",42,True,experiments/rq0_viability/outputs/canonical_baselines/canonical_oof_snippet_scores.csv
multilayer_perceptron,Multilayer Perceptron,Multilayer Perceptron,Java,rq0_0110,1,pooled_z_seed42_fold1,0.0,0.7926872965286877,binary: human mean >= own Java benchmark mean,"predefined pooled_stratified_5fold, seed=42",42,True,experiments/rq0_viability/outputs/canonical_baselines/canonical_oof_snippet_scores.csv
multilayer_perceptron,Multilayer Perceptron,Multilayer Perceptron,Java,rq0_0111,4,pooled_z_seed42_fold4,0.0,0.844384879290893,binary: human mean >= own Java benchmark mean,"predefined pooled_stratified_5fold, seed=42",42,True,experiments/rq0_viability/outputs/canonical_baselines/canonical_oof_snippet_scores.csv
multilayer_perceptron,Multilayer Perceptron,Multilayer Perceptron,Java,rq0_0112,2,pooled_z_seed42_fold2,0.0,0.8454331235658106,binary: human mean >= own Java benchmark mean,"predefined pooled_stratified_5fold, seed=42",42,True,experiments/rq0_viability/outputs/canonical_baselines/canonical_oof_snippet_scores.csv
multilayer_perceptron,Multilayer Perceptron,Multilayer Perceptron,Java,rq0_0113,3,pooled_z_seed42_fold3,0.0,0.0020549697362381,binary: human mean >= own Java benchmark mean,"predefined pooled_stratified_5fold, seed=42",42,True,experiments/rq0_viability/outputs/canonical_baselines/canonical_oof_snippet_scores.csv
multilayer_perceptron,Multilayer Perceptron,Multilayer Perceptron,Java,rq0_0114,0,pooled_z_seed42_fold0,1.0,0.7938435942902186,binary: human mean >= own Java benchmark mean,"predefined pooled_stratified_5fold, seed=42",42,True,experiments/rq0_viability/outputs/canonical_baselines/canonical_oof_snippet_scores.csv
multilayer_perceptron,Multilayer Perceptron,Multilayer Perceptron,Java,rq0_0115,1,pooled_z_seed42_fold1,1.0,0.731709441739699,binary: human mean >= own Java benchmark mean,"predefined pooled_stratified_5fold, seed=42",42,True,experiments/rq0_viability/outputs/canonical_baselines/canonical_oof_snippet_scores.csv
multilayer_perceptron,Multilayer Perceptron,Multilayer Perceptron,Java,rq0_0116,3,pooled_z_seed42_fold3,0.0,0.0517458059895947,binary: human mean >= own Java benchmark mean,"predefined pooled_stratified_5fold, seed=42",42,True,experiments/rq0_viability/outputs/canonical_baselines/canonical_oof_snippet_scores.csv
multilayer_perceptron,Multilayer Perceptron,Multilayer Perceptron,Java,rq0_0117,0,pooled_z_seed42_fold0,1.0,0.8674786498383431,binary: human mean >= own Java benchmark mean,"predefined pooled_stratified_5fold, seed=42",42,True,experiments/rq0_viability/outputs/canonical_baselines/canonical_oof_snippet_scores.csv
multilayer_perceptron,Multilayer Perceptron,Multilayer Perceptron,Java,rq0_0118,4,pooled_z_seed42_fold4,1.0,0.0138213119546191,binary: human mean >= own Java benchmark mean,"predefined pooled_stratified_5fold, seed=42",42,True,experiments/rq0_viability/outputs/canonical_baselines/canonical_oof_snippet_scores.csv
multilayer_perceptron,Multilayer Perceptron,Multilayer Perceptron,Java,rq0_0119,2,pooled_z_seed42_fold2,0.0,0.922952533893424,binary: human mean >= own Java benchmark mean,"predefined pooled_stratified_5fold, seed=42",42,True,experiments/rq0_viability/outputs/canonical_baselines/canonical_oof_snippet_scores.csv
multilayer_perceptron,Multilayer Perceptron,Multilayer Perceptron,Java,rq0_0120,0,pooled_z_seed42_fold0,1.0,0.9916938074888092,binary: human mean >= own Java benchmark mean,"predefined pooled_stratified_5fold, seed=42",42,True,experiments/rq0_viability/outputs/canonical_baselines/canonical_oof_snippet_scores.csv
multilayer_perceptron,Multilayer Perceptron,Multilayer Perceptron,Java,rq0_0121,3,pooled_z_seed42_fold3,0.0,0.2178143147115595,binary: human mean >= own Java benchmark mean,"predefined pooled_stratified_5fold, seed=42",42,True,experiments/rq0_viability/outputs/canonical_baselines/canonical_oof_snippet_scores.csv
multilayer_perceptron,Multilayer Perceptron,Multilayer Perceptron,Java,rq0_0122,4,pooled_z_seed42_fold4,1.0,0.9037756847939176,binary: human mean >= own Java benchmark mean,"predefined pooled_stratified_5fold, seed=42",42,True,experiments/rq0_viability/outputs/canonical_baselines/canonical_oof_snippet_scores.csv
multilayer_perceptron,Multilayer Perceptron,Multilayer Perceptron,Java,rq0_0123,4,pooled_z_seed42_fold4,0.0,0.5372135774962483,binary: human mean >= own Java benchmark mean,"predefined pooled_stratified_5fold, seed=42",42,True,experiments/rq0_viability/outputs/canonical_baselines/canonical_oof_snippet_scores.csv
multilayer_perceptron,Multilayer Perceptron,Multilayer Perceptron,Java,rq0_0124,0,pooled_z_seed42_fold0,1.0,0.0953908747582091,binary: human mean >= own Java benchmark mean,"predefined pooled_stratified_5fold, seed=42",42,True,experiments/rq0_viability/outputs/canonical_baselines/canonical_oof_snippet_scores.csv
multilayer_perceptron,Multilayer Perceptron,Multilayer Perceptron,Java,rq0_0125,3,pooled_z_seed42_fold3,0.0,0.9988674700188124,binary: human mean >= own Java benchmark mean,"predefined pooled_stratified_5fold, seed=42",42,True,experiments/rq0_viability/outputs/canonical_baselines/canonical_oof_snippet_scores.csv
multilayer_perceptron,Multilayer Perceptron,Multilayer Perceptron,Java,rq0_0126,4,pooled_z_seed42_fold4,1.0,0.1918112349899607,binary: human mean >= own Java benchmark mean,"predefined pooled_stratified_5fold, seed=42",42,True,experiments/rq0_viability/outputs/canonical_baselines/canonical_oof_snippet_scores.csv
multilayer_perceptron,Multilayer Perceptron,Multilayer Perceptron,Java,rq0_0127,2,pooled_z_seed42_fold2,0.0,0.3939199885620353,binary: human mean >= own Java benchmark mean,"predefined pooled_stratified_5fold, seed=42",42,True,experiments/rq0_viability/outputs/canonical_baselines/canonical_oof_snippet_scores.csv
multilayer_perceptron,Multilayer Perceptron,Multilayer Perceptron,Java,rq0_0128,3,pooled_z_seed42_fold3,1.0,0.0339471738153038,binary: human mean >= own Java benchmark mean,"predefined pooled_stratified_5fold, seed=42",42,True,experiments/rq0_viability/outputs/canonical_baselines/canonical_oof_snippet_scores.csv
multilayer_perceptron,Multilayer Perceptron,Multilayer Perceptron,Java,rq0_0129,0,pooled_z_seed42_fold0,1.0,0.2209157329943808,binary: human mean >= own Java benchmark mean,"predefined pooled_stratified_5fold, seed=42",42,True,experiments/rq0_viability/outputs/canonical_baselines/canonical_oof_snippet_scores.csv
multilayer_perceptron,Multilayer Perceptron,Multilayer Perceptron,Java,rq0_0130,0,pooled_z_seed42_fold0,0.0,0.8779593988374182,binary: human mean >= own Java benchmark mean,"predefined pooled_stratified_5fold, seed=42",42,True,experiments/rq0_viability/outputs/canonical_baselines/canonical_oof_snippet_scores.csv
multilayer_perceptron,Multilayer Perceptron,Multilayer Perceptron,Java,rq0_0131,1,pooled_z_seed42_fold1,1.0,0.6178386529462091,binary: human mean >= own Java benchmark mean,"predefined pooled_stratified_5fold, seed=42",42,True,experiments/rq0_viability/outputs/canonical_baselines/canonical_oof_snippet_scores.csv
multilayer_perceptron,Multilayer Perceptron,Multilayer Perceptron,Java,rq0_0132,4,pooled_z_seed42_fold4,0.0,0.6441445379340979,binary: human mean >= own Java benchmark mean,"predefined pooled_stratified_5fold, seed=42",42,True,experiments/rq0_viability/outputs/canonical_baselines/canonical_oof_snippet_scores.csv
multilayer_perceptron,Multilayer Perceptron,Multilayer Perceptron,Java,rq0_0133,2,pooled_z_seed42_fold2,1.0,0.9246504545485018,binary: human mean >= own Java benchmark mean,"predefined pooled_stratified_5fold, seed=42",42,True,experiments/rq0_viability/outputs/canonical_baselines/canonical_oof_snippet_scores.csv
multilayer_perceptron,Multilayer Perceptron,Multilayer Perceptron,Java,rq0_0134,2,pooled_z_seed42_fold2,1.0,0.5551636819004048,binary: human mean >= own Java benchmark mean,"predefined pooled_stratified_5fold, seed=42",42,True,experiments/rq0_viability/outputs/canonical_baselines/canonical_oof_snippet_scores.csv
multilayer_perceptron,Multilayer Perceptron,Multilayer Perceptron,Java,rq0_0135,1,pooled_z_seed42_fold1,0.0,0.86184967043222,binary: human mean >= own Java benchmark mean,"predefined pooled_stratified_5fold, seed=42",42,True,experiments/rq0_viability/outputs/canonical_baselines/canonical_oof_snippet_scores.csv
multilayer_perceptron,Multilayer Perceptron,Multilayer Perceptron,Java,rq0_0136,3,pooled_z_seed42_fold3,1.0,0.0125756622154093,binary: human mean >= own Java benchmark mean,"predefined pooled_stratified_5fold, seed=42",42,True,experiments/rq0_viability/outputs/canonical_baselines/canonical_oof_snippet_scores.csv
multilayer_perceptron,Multilayer Perceptron,Multilayer Perceptron,Java,rq0_0137,0,pooled_z_seed42_fold0,1.0,0.1145444169902794,binary: human mean >= own Java benchmark mean,"predefined pooled_stratified_5fold, seed=42",42,True,experiments/rq0_viability/outputs/canonical_baselines/canonical_oof_snippet_scores.csv
multilayer_perceptron,Multilayer Perceptron,Multilayer Perceptron,Java,rq0_0138,0,pooled_z_seed42_fold0,0.0,0.3887954279924068,binary: human mean >= own Java benchmark mean,"predefined pooled_stratified_5fold, seed=42",42,True,experiments/rq0_viability/outputs/canonical_baselines/canonical_oof_snippet_scores.csv
multilayer_perceptron,Multilayer Perceptron,Multilayer Perceptron,Java,rq0_0139,2,pooled_z_seed42_fold2,0.0,0.8207597416723786,binary: human mean >= own Java benchmark mean,"predefined pooled_stratified_5fold, seed=42",42,True,experiments/rq0_viability/outputs/canonical_baselines/canonical_oof_snippet_scores.csv
multilayer_perceptron,Multilayer Perceptron,Multilayer Perceptron,Java,rq0_0140,1,pooled_z_seed42_fold1,1.0,0.7487991300025094,binary: human mean >= own Java benchmark mean,"predefined pooled_stratified_5fold, seed=42",42,True,experiments/rq0_viability/outputs/canonical_baselines/canonical_oof_snippet_scores.csv
multilayer_perceptron,Multilayer Perceptron,Multilayer Perceptron,Java,rq0_0141,1,pooled_z_seed42_fold1,0.0,0.5050301730008739,binary: human mean >= own Java benchmark mean,"predefined pooled_stratified_5fold, seed=42",42,True,experiments/rq0_viability/outputs/canonical_baselines/canonical_oof_snippet_scores.csv
multilayer_perceptron,Multilayer Perceptron,Multilayer Perceptron,Java,rq0_0142,2,pooled_z_seed42_fold2,1.0,0.7393624463012199,binary: human mean >= own Java benchmark mean,"predefined pooled_stratified_5fold, seed=42",42,True,experiments/rq0_viability/outputs/canonical_baselines/canonical_oof_snippet_scores.csv
multilayer_perceptron,Multilayer Perceptron,Multilayer Perceptron,Java,rq0_0143,2,pooled_z_seed42_fold2,1.0,0.9997959054870176,binary: human mean >= own Java benchmark mean,"predefined pooled_stratified_5fold, seed=42",42,True,experiments/rq0_viability/outputs/canonical_baselines/canonical_oof_snippet_scores.csv
multilayer_perceptron,Multilayer Perceptron,Multilayer Perceptron,Java,rq0_0144,4,pooled_z_seed42_fold4,1.0,0.0128379752388649,binary: human mean >= own Java benchmark mean,"predefined pooled_stratified_5fold, seed=42",42,True,experiments/rq0_viability/outputs/canonical_baselines/canonical_oof_snippet_scores.csv
multilayer_perceptron,Multilayer Perceptron,Multilayer Perceptron,Java,rq0_0145,2,pooled_z_seed42_fold2,0.0,0.9993325533804378,binary: human mean >= own Java benchmark mean,"predefined pooled_stratified_5fold, seed=42",42,True,experiments/rq0_viability/outputs/canonical_baselines/canonical_oof_snippet_scores.csv
multilayer_perceptron,Multilayer Perceptron,Multilayer Perceptron,Java,rq0_0146,3,pooled_z_seed42_fold3,1.0,0.9999576469102748,binary: human mean >= own Java benchmark mean,"predefined pooled_stratified_5fold, seed=42",42,True,experiments/rq0_viability/outputs/canonical_baselines/canonical_oof_snippet_scores.csv
multilayer_perceptron,Multilayer Perceptron,Multilayer Perceptron,Java,rq0_0147,3,pooled_z_seed42_fold3,1.0,0.1331061175503264,binary: human mean >= own Java benchmark mean,"predefined pooled_stratified_5fold, seed=42",42,True,experiments/rq0_viability/outputs/canonical_baselines/canonical_oof_snippet_scores.csv
multilayer_perceptron,Multilayer Perceptron,Multilayer Perceptron,Java,rq0_0148,1,pooled_z_seed42_fold1,0.0,0.9398216645599444,binary: human mean >= own Java benchmark mean,"predefined pooled_stratified_5fold, seed=42",42,True,experiments/rq0_viability/outputs/canonical_baselines/canonical_oof_snippet_scores.csv
multilayer_perceptron,Multilayer Perceptron,Multilayer Perceptron,Java,rq0_0149,4,pooled_z_seed42_fold4,0.0,0.8051554020374605,binary: human mean >= own Java benchmark mean,"predefined pooled_stratified_5fold, seed=42",42,True,experiments/rq0_viability/outputs/canonical_baselines/canonical_oof_snippet_scores.csv
multilayer_perceptron,Multilayer Perceptron,Multilayer Perceptron,Java,rq0_0150,1,pooled_z_seed42_fold1,1.0,0.9783625214903118,binary: human mean >= own Java benchmark mean,"predefined pooled_stratified_5fold, seed=42",42,True,experiments/rq0_viability/outputs/canonical_baselines/canonical_oof_snippet_scores.csv
multilayer_perceptron,Multilayer Perceptron,Multilayer Perceptron,Java,rq0_0151,4,pooled_z_seed42_fold4,0.0,0.847875384988747,binary: human mean >= own Java benchmark mean,"predefined pooled_stratified_5fold, seed=42",42,True,experiments/rq0_viability/outputs/canonical_baselines/canonical_oof_snippet_scores.csv
multilayer_perceptron,Multilayer Perceptron,Multilayer Perceptron,Java,rq0_0152,1,pooled_z_seed42_fold1,0.0,0.0066784799487365,binary: human mean >= own Java benchmark mean,"predefined pooled_stratified_5fold, seed=42",42,True,experiments/rq0_viability/outputs/canonical_baselines/canonical_oof_snippet_scores.csv
multilayer_perceptron,Multilayer Perceptron,Multilayer Perceptron,Java,rq0_0153,4,pooled_z_seed42_fold4,0.0,0.9542182360544524,binary: human mean >= own Java benchmark mean,"predefined pooled_stratified_5fold, seed=42",42,True,experiments/rq0_viability/outputs/canonical_baselines/canonical_oof_snippet_scores.csv
multilayer_perceptron,Multilayer Perceptron,Multilayer Perceptron,Java,rq0_0154,1,pooled_z_seed42_fold1,1.0,0.3915424985591812,binary: human mean >= own Java benchmark mean,"predefined pooled_stratified_5fold, seed=42",42,True,experiments/rq0_viability/outputs/canonical_baselines/canonical_oof_snippet_scores.csv
multilayer_perceptron,Multilayer Perceptron,Multilayer Perceptron,Java,rq0_0155,1,pooled_z_seed42_fold1,1.0,0.8424810596997147,binary: human mean >= own Java benchmark mean,"predefined pooled_stratified_5fold, seed=42",42,True,experiments/rq0_viability/outputs/canonical_baselines/canonical_oof_snippet_scores.csv
multilayer_perceptron,Multilayer Perceptron,Multilayer Perceptron,Java,rq0_0156,1,pooled_z_seed42_fold1,1.0,0.8270808357867246,binary: human mean >= own Java benchmark mean,"predefined pooled_stratified_5fold, seed=42",42,True,experiments/rq0_viability/outputs/canonical_baselines/canonical_oof_snippet_scores.csv
multilayer_perceptron,Multilayer Perceptron,Multilayer Perceptron,Java,rq0_0157,2,pooled_z_seed42_fold2,1.0,0.7329659598654709,binary: human mean >= own Java benchmark mean,"predefined pooled_stratified_5fold, seed=42",42,True,experiments/rq0_viability/outputs/canonical_baselines/canonical_oof_snippet_scores.csv
multilayer_perceptron,Multilayer Perceptron,Multilayer Perceptron,Java,rq0_0158,0,pooled_z_seed42_fold0,0.0,0.988447773394773,binary: human mean >= own Java benchmark mean,"predefined pooled_stratified_5fold, seed=42",42,True,experiments/rq0_viability/outputs/canonical_baselines/canonical_oof_snippet_scores.csv
multilayer_perceptron,Multilayer Perceptron,Multilayer Perceptron,Java,rq0_0159,3,pooled_z_seed42_fold3,1.0,0.0011886518122469,binary: human mean >= own Java benchmark mean,"predefined pooled_stratified_5fold, seed=42",42,True,experiments/rq0_viability/outputs/canonical_baselines/canonical_oof_snippet_scores.csv
multilayer_perceptron,Multilayer Perceptron,Multilayer Perceptron,Java,rq0_0160,4,pooled_z_seed42_fold4,0.0,0.5911007249472352,binary: human mean >= own Java benchmark mean,"predefined pooled_stratified_5fold, seed=42",42,True,experiments/rq0_viability/outputs/canonical_baselines/canonical_oof_snippet_scores.csv
multilayer_perceptron,Multilayer Perceptron,Multilayer Perceptron,Java,rq0_0161,3,pooled_z_seed42_fold3,1.0,0.9521525050084342,binary: human mean >= own Java benchmark mean,"predefined pooled_stratified_5fold, seed=42",42,True,experiments/rq0_viability/outputs/canonical_baselines/canonical_oof_snippet_scores.csv
multilayer_perceptron,Multilayer Perceptron,Multilayer Perceptron,Java,rq0_0162,1,pooled_z_seed42_fold1,0.0,0.0094274674461375,binary: human mean >= own Java benchmark mean,"predefined pooled_stratified_5fold, seed=42",42,True,experiments/rq0_viability/outputs/canonical_baselines/canonical_oof_snippet_scores.csv
multilayer_perceptron,Multilayer Perceptron,Multilayer Perceptron,Java,rq0_0163,2,pooled_z_seed42_fold2,1.0,0.0209020390487839,binary: human mean >= own Java benchmark mean,"predefined pooled_stratified_5fold, seed=42",42,True,experiments/rq0_viability/outputs/canonical_baselines/canonical_oof_snippet_scores.csv
multilayer_perceptron,Multilayer Perceptron,Multilayer Perceptron,Java,rq0_0164,1,pooled_z_seed42_fold1,0.0,0.7052368442503741,binary: human mean >= own Java benchmark mean,"predefined pooled_stratified_5fold, seed=42",42,True,experiments/rq0_viability/outputs/canonical_baselines/canonical_oof_snippet_scores.csv
multilayer_perceptron,Multilayer Perceptron,Multilayer Perceptron,Java,rq0_0165,1,pooled_z_seed42_fold1,1.0,0.1470812794642386,binary: human mean >= own Java benchmark mean,"predefined pooled_stratified_5fold, seed=42",42,True,experiments/rq0_viability/outputs/canonical_baselines/canonical_oof_snippet_scores.csv
multilayer_perceptron,Multilayer Perceptron,Multilayer Perceptron,Java,rq0_0166,2,pooled_z_seed42_fold2,1.0,0.989748488908501,binary: human mean >= own Java benchmark mean,"predefined pooled_stratified_5fold, seed=42",42,True,experiments/rq0_viability/outputs/canonical_baselines/canonical_oof_snippet_scores.csv
multilayer_perceptron,Multilayer Perceptron,Multilayer Perceptron,Java,rq0_0167,0,pooled_z_seed42_fold0,0.0,0.0628470435226677,binary: human mean >= own Java benchmark mean,"predefined pooled_stratified_5fold, seed=42",42,True,experiments/rq0_viability/outputs/canonical_baselines/canonical_oof_snippet_scores.csv
multilayer_perceptron,Multilayer Perceptron,Multilayer Perceptron,Java,rq0_0168,3,pooled_z_seed42_fold3,1.0,0.9951336612434708,binary: human mean >= own Java benchmark mean,"predefined pooled_stratified_5fold, seed=42",42,True,experiments/rq0_viability/outputs/canonical_baselines/canonical_oof_snippet_scores.csv
multilayer_perceptron,Multilayer Perceptron,Multilayer Perceptron,Java,rq0_0169,3,pooled_z_seed42_fold3,0.0,0.7577775642404154,binary: human mean >= own Java benchmark mean,"predefined pooled_stratified_5fold, seed=42",42,True,experiments/rq0_viability/outputs/canonical_baselines/canonical_oof_snippet_scores.csv
multilayer_perceptron,Multilayer Perceptron,Multilayer Perceptron,Java,rq0_0170,3,pooled_z_seed42_fold3,0.0,0.4803800676338148,binary: human mean >= own Java benchmark mean,"predefined pooled_stratified_5fold, seed=42",42,True,experiments/rq0_viability/outputs/canonical_baselines/canonical_oof_snippet_scores.csv
multilayer_perceptron,Multilayer Perceptron,Multilayer Perceptron,Java,rq0_0171,0,pooled_z_seed42_fold0,0.0,0.1856326983803661,binary: human mean >= own Java benchmark mean,"predefined pooled_stratified_5fold, seed=42",42,True,experiments/rq0_viability/outputs/canonical_baselines/canonical_oof_snippet_scores.csv
multilayer_perceptron,Multilayer Perceptron,Multilayer Perceptron,Java,rq0_0172,1,pooled_z_seed42_fold1,0.0,0.0693776979534585,binary: human mean >= own Java benchmark mean,"predefined pooled_stratified_5fold, seed=42",42,True,experiments/rq0_viability/outputs/canonical_baselines/canonical_oof_snippet_scores.csv
multilayer_perceptron,Multilayer Perceptron,Multilayer Perceptron,Java,rq0_0173,2,pooled_z_seed42_fold2,1.0,0.0020850074387183,binary: human mean >= own Java benchmark mean,"predefined pooled_stratified_5fold, seed=42",42,True,experiments/rq0_viability/outputs/canonical_baselines/canonical_oof_snippet_scores.csv
multilayer_perceptron,Multilayer Perceptron,Multilayer Perceptron,Java,rq0_0174,4,pooled_z_seed42_fold4,0.0,0.6430938569016165,binary: human mean >= own Java benchmark mean,"predefined pooled_stratified_5fold, seed=42",42,True,experiments/rq0_viability/outputs/canonical_baselines/canonical_oof_snippet_scores.csv
multilayer_perceptron,Multilayer Perceptron,Multilayer Perceptron,Java,rq0_0175,3,pooled_z_seed42_fold3,0.0,0.6762841645018894,binary: human mean >= own Java benchmark mean,"predefined pooled_stratified_5fold, seed=42",42,True,experiments/rq0_viability/outputs/canonical_baselines/canonical_oof_snippet_scores.csv
multilayer_perceptron,Multilayer Perceptron,Multilayer Perceptron,Java,rq0_0176,0,pooled_z_seed42_fold0,1.0,0.9132984058990014,binary: human mean >= own Java benchmark mean,"predefined pooled_stratified_5fold, seed=42",42,True,experiments/rq0_viability/outputs/canonical_baselines/canonical_oof_snippet_scores.csv
multilayer_perceptron,Multilayer Perceptron,Multilayer Perceptron,Java,rq0_0177,3,pooled_z_seed42_fold3,1.0,0.9344076739294452,binary: human mean >= own Java benchmark mean,"predefined pooled_stratified_5fold, seed=42",42,True,experiments/rq0_viability/outputs/canonical_baselines/canonical_oof_snippet_scores.csv
multilayer_perceptron,Multilayer Perceptron,Multilayer Perceptron,Java,rq0_0178,0,pooled_z_seed42_fold0,1.0,0.6341010981406459,binary: human mean >= own Java benchmark mean,"predefined pooled_stratified_5fold, seed=42",42,True,experiments/rq0_viability/outputs/canonical_baselines/canonical_oof_snippet_scores.csv
multilayer_perceptron,Multilayer Perceptron,Multilayer Perceptron,Java,rq0_0179,3,pooled_z_seed42_fold3,0.0,0.9414941153381988,binary: human mean >= own Java benchmark mean,"predefined pooled_stratified_5fold, seed=42",42,True,experiments/rq0_viability/outputs/canonical_baselines/canonical_oof_snippet_scores.csv
multilayer_perceptron,Multilayer Perceptron,Multilayer Perceptron,Java,rq0_0180,1,pooled_z_seed42_fold1,0.0,0.1514303507119948,binary: human mean >= own Java benchmark mean,"predefined pooled_stratified_5fold, seed=42",42,True,experiments/rq0_viability/outputs/canonical_baselines/canonical_oof_snippet_scores.csv
multilayer_perceptron,Multilayer Perceptron,Multilayer Perceptron,Java,rq0_0181,2,pooled_z_seed42_fold2,0.0,0.5477935954740438,binary: human mean >= own Java benchmark mean,"predefined pooled_stratified_5fold, seed=42",42,True,experiments/rq0_viability/outputs/canonical_baselines/canonical_oof_snippet_scores.csv
multilayer_perceptron,Multilayer Perceptron,Multilayer Perceptron,Java,rq0_0182,4,pooled_z_seed42_fold4,1.0,0.0640342061889159,binary: human mean >= own Java benchmark mean,"predefined pooled_stratified_5fold, seed=42",42,True,experiments/rq0_viability/outputs/canonical_baselines/canonical_oof_snippet_scores.csv
multilayer_perceptron,Multilayer Perceptron,Multilayer Perceptron,Java,rq0_0183,0,pooled_z_seed42_fold0,0.0,0.0138060271200628,binary: human mean >= own Java benchmark mean,"predefined pooled_stratified_5fold, seed=42",42,True,experiments/rq0_viability/outputs/canonical_baselines/canonical_oof_snippet_scores.csv
multilayer_perceptron,Multilayer Perceptron,Multilayer Perceptron,Java,rq0_0184,4,pooled_z_seed42_fold4,1.0,0.5337490670384303,binary: human mean >= own Java benchmark mean,"predefined pooled_stratified_5fold, seed=42",42,True,experiments/rq0_viability/outputs/canonical_baselines/canonical_oof_snippet_scores.csv
multilayer_perceptron,Multilayer Perceptron,Multilayer Perceptron,Java,rq0_0185,4,pooled_z_seed42_fold4,1.0,0.1608375229698673,binary: human mean >= own Java benchmark mean,"predefined pooled_stratified_5fold, seed=42",42,True,experiments/rq0_viability/outputs/canonical_baselines/canonical_oof_snippet_scores.csv
multilayer_perceptron,Multilayer Perceptron,Multilayer Perceptron,Java,rq0_0186,2,pooled_z_seed42_fold2,0.0,0.9504725198777676,binary: human mean >= own Java benchmark mean,"predefined pooled_stratified_5fold, seed=42",42,True,experiments/rq0_viability/outputs/canonical_baselines/canonical_oof_snippet_scores.csv
multilayer_perceptron,Multilayer Perceptron,Multilayer Perceptron,Java,rq0_0187,3,pooled_z_seed42_fold3,0.0,0.9607397597515316,binary: human mean >= own Java benchmark mean,"predefined pooled_stratified_5fold, seed=42",42,True,experiments/rq0_viability/outputs/canonical_baselines/canonical_oof_snippet_scores.csv
multilayer_perceptron,Multilayer Perceptron,Multilayer Perceptron,Java,rq0_0188,4,pooled_z_seed42_fold4,0.0,0.0251341254267543,binary: human mean >= own Java benchmark mean,"predefined pooled_stratified_5fold, seed=42",42,True,experiments/rq0_viability/outputs/canonical_baselines/canonical_oof_snippet_scores.csv
multilayer_perceptron,Multilayer Perceptron,Multilayer Perceptron,Java,rq0_0189,0,pooled_z_seed42_fold0,1.0,0.9393920761812724,binary: human mean >= own Java benchmark mean,"predefined pooled_stratified_5fold, seed=42",42,True,experiments/rq0_viability/outputs/canonical_baselines/canonical_oof_snippet_scores.csv
multilayer_perceptron,Multilayer Perceptron,Multilayer Perceptron,Java,rq0_0190,2,pooled_z_seed42_fold2,0.0,0.0047947669996528,binary: human mean >= own Java benchmark mean,"predefined pooled_stratified_5fold, seed=42",42,True,experiments/rq0_viability/outputs/canonical_baselines/canonical_oof_snippet_scores.csv
multilayer_perceptron,Multilayer Perceptron,Multilayer Perceptron,Java,rq0_0191,0,pooled_z_seed42_fold0,0.0,0.926001072161292,binary: human mean >= own Java benchmark mean,"predefined pooled_stratified_5fold, seed=42",42,True,experiments/rq0_viability/outputs/canonical_baselines/canonical_oof_snippet_scores.csv
multilayer_perceptron,Multilayer Perceptron,Multilayer Perceptron,Java,rq0_0192,0,pooled_z_seed42_fold0,1.0,0.9867436936884998,binary: human mean >= own Java benchmark mean,"predefined pooled_stratified_5fold, seed=42",42,True,experiments/rq0_viability/outputs/canonical_baselines/canonical_oof_snippet_scores.csv
multilayer_perceptron,Multilayer Perceptron,Multilayer Perceptron,Java,rq0_0193,0,pooled_z_seed42_fold0,1.0,0.0983779876526497,binary: human mean >= own Java benchmark mean,"predefined pooled_stratified_5fold, seed=42",42,True,experiments/rq0_viability/outputs/canonical_baselines/canonical_oof_snippet_scores.csv
multilayer_perceptron,Multilayer Perceptron,Multilayer Perceptron,Java,rq0_0194,4,pooled_z_seed42_fold4,1.0,0.9982847417398376,binary: human mean >= own Java benchmark mean,"predefined pooled_stratified_5fold, seed=42",42,True,experiments/rq0_viability/outputs/canonical_baselines/canonical_oof_snippet_scores.csv
multilayer_perceptron,Multilayer Perceptron,Multilayer Perceptron,Java,rq0_0195,3,pooled_z_seed42_fold3,0.0,0.2917044050861145,binary: human mean >= own Java benchmark mean,"predefined pooled_stratified_5fold, seed=42",42,True,experiments/rq0_viability/outputs/canonical_baselines/canonical_oof_snippet_scores.csv
multilayer_perceptron,Multilayer Perceptron,Multilayer Perceptron,Java,rq0_0196,3,pooled_z_seed42_fold3,0.0,0.9242968801098868,binary: human mean >= own Java benchmark mean,"predefined pooled_stratified_5fold, seed=42",42,True,experiments/rq0_viability/outputs/canonical_baselines/canonical_oof_snippet_scores.csv
multilayer_perceptron,Multilayer Perceptron,Multilayer Perceptron,Java,rq0_0197,1,pooled_z_seed42_fold1,1.0,0.8807155493348485,binary: human mean >= own Java benchmark mean,"predefined pooled_stratified_5fold, seed=42",42,True,experiments/rq0_viability/outputs/canonical_baselines/canonical_oof_snippet_scores.csv
multilayer_perceptron,Multilayer Perceptron,Multilayer Perceptron,Java,rq0_0198,4,pooled_z_seed42_fold4,0.0,0.4566926054529318,binary: human mean >= own Java benchmark mean,"predefined pooled_stratified_5fold, seed=42",42,True,experiments/rq0_viability/outputs/canonical_baselines/canonical_oof_snippet_scores.csv
multilayer_perceptron,Multilayer Perceptron,Multilayer Perceptron,Java,rq0_0199,4,pooled_z_seed42_fold4,1.0,0.9480976138078744,binary: human mean >= own Java benchmark mean,"predefined pooled_stratified_5fold, seed=42",42,True,experiments/rq0_viability/outputs/canonical_baselines/canonical_oof_snippet_scores.csv
multilayer_perceptron,Multilayer Perceptron,Multilayer Perceptron,Java,rq0_0200,4,pooled_z_seed42_fold4,0.0,0.0048307738930105,binary: human mean >= own Java benchmark mean,"predefined pooled_stratified_5fold, seed=42",42,True,experiments/rq0_viability/outputs/canonical_baselines/canonical_oof_snippet_scores.csv
multilayer_perceptron,Multilayer Perceptron,Multilayer Perceptron,Java,rq0_0201,3,pooled_z_seed42_fold3,0.0,1.3262054227145825e-06,binary: human mean >= own Java benchmark mean,"predefined pooled_stratified_5fold, seed=42",42,True,experiments/rq0_viability/outputs/canonical_baselines/canonical_oof_snippet_scores.csv
multilayer_perceptron,Multilayer Perceptron,Multilayer Perceptron,Java,rq0_0202,2,pooled_z_seed42_fold2,0.0,0.0087473534292852,binary: human mean >= own Java benchmark mean,"predefined pooled_stratified_5fold, seed=42",42,True,experiments/rq0_viability/outputs/canonical_baselines/canonical_oof_snippet_scores.csv
multilayer_perceptron,Multilayer Perceptron,Multilayer Perceptron,Java,rq0_0203,3,pooled_z_seed42_fold3,1.0,0.8523548142990726,binary: human mean >= own Java benchmark mean,"predefined pooled_stratified_5fold, seed=42",42,True,experiments/rq0_viability/outputs/canonical_baselines/canonical_oof_snippet_scores.csv
multilayer_perceptron,Multilayer Perceptron,Multilayer Perceptron,Java,rq0_0204,2,pooled_z_seed42_fold2,1.0,0.9995851006096896,binary: human mean >= own Java benchmark mean,"predefined pooled_stratified_5fold, seed=42",42,True,experiments/rq0_viability/outputs/canonical_baselines/canonical_oof_snippet_scores.csv
multilayer_perceptron,Multilayer Perceptron,Multilayer Perceptron,Java,rq0_0205,1,pooled_z_seed42_fold1,1.0,0.7081882147398134,binary: human mean >= own Java benchmark mean,"predefined pooled_stratified_5fold, seed=42",42,True,experiments/rq0_viability/outputs/canonical_baselines/canonical_oof_snippet_scores.csv
multilayer_perceptron,Multilayer Perceptron,Multilayer Perceptron,Java,rq0_0206,2,pooled_z_seed42_fold2,1.0,0.9980071282070448,binary: human mean >= own Java benchmark mean,"predefined pooled_stratified_5fold, seed=42",42,True,experiments/rq0_viability/outputs/canonical_baselines/canonical_oof_snippet_scores.csv
multilayer_perceptron,Multilayer Perceptron,Multilayer Perceptron,Java,rq0_0207,3,pooled_z_seed42_fold3,1.0,0.5405010160711753,binary: human mean >= own Java benchmark mean,"predefined pooled_stratified_5fold, seed=42",42,True,experiments/rq0_viability/outputs/canonical_baselines/canonical_oof_snippet_scores.csv
multilayer_perceptron,Multilayer Perceptron,Multilayer Perceptron,Java,rq0_0208,2,pooled_z_seed42_fold2,1.0,0.9985853088539935,binary: human mean >= own Java benchmark mean,"predefined pooled_stratified_5fold, seed=42",42,True,experiments/rq0_viability/outputs/canonical_baselines/canonical_oof_snippet_scores.csv
multilayer_perceptron,Multilayer Perceptron,Multilayer Perceptron,Java,rq0_0209,2,pooled_z_seed42_fold2,1.0,0.9998568983613292,binary: human mean >= own Java benchmark mean,"predefined pooled_stratified_5fold, seed=42",42,True,experiments/rq0_viability/outputs/canonical_baselines/canonical_oof_snippet_scores.csv
multilayer_perceptron,Multilayer Perceptron,Multilayer Perceptron,Java,rq0_0210,2,pooled_z_seed42_fold2,1.0,0.8754706379853914,binary: human mean >= own Java benchmark mean,"predefined pooled_stratified_5fold, seed=42",42,True,experiments/rq0_viability/outputs/canonical_baselines/canonical_oof_snippet_scores.csv
multilayer_perceptron,Multilayer Perceptron,Multilayer Perceptron,Java,rq0_0211,4,pooled_z_seed42_fold4,0.0,0.0232590698270324,binary: human mean >= own Java benchmark mean,"predefined pooled_stratified_5fold, seed=42",42,True,experiments/rq0_viability/outputs/canonical_baselines/canonical_oof_snippet_scores.csv
multilayer_perceptron,Multilayer Perceptron,Multilayer Perceptron,Java,rq0_0212,1,pooled_z_seed42_fold1,0.0,0.0677942712917995,binary: human mean >= own Java benchmark mean,"predefined pooled_stratified_5fold, seed=42",42,True,experiments/rq0_viability/outputs/canonical_baselines/canonical_oof_snippet_scores.csv
multilayer_perceptron,Multilayer Perceptron,Multilayer Perceptron,Java,rq0_0213,4,pooled_z_seed42_fold4,0.0,0.0011455555893489,binary: human mean >= own Java benchmark mean,"predefined pooled_stratified_5fold, seed=42",42,True,experiments/rq0_viability/outputs/canonical_baselines/canonical_oof_snippet_scores.csv
multilayer_perceptron,Multilayer Perceptron,Multilayer Perceptron,Java,rq0_0214,4,pooled_z_seed42_fold4,0.0,0.0745185921527389,binary: human mean >= own Java benchmark mean,"predefined pooled_stratified_5fold, seed=42",42,True,experiments/rq0_viability/outputs/canonical_baselines/canonical_oof_snippet_scores.csv
multilayer_perceptron,Multilayer Perceptron,Multilayer Perceptron,Java,rq0_0215,1,pooled_z_seed42_fold1,1.0,0.9917234379248956,binary: human mean >= own Java benchmark mean,"predefined pooled_stratified_5fold, seed=42",42,True,experiments/rq0_viability/outputs/canonical_baselines/canonical_oof_snippet_scores.csv
multilayer_perceptron,Multilayer Perceptron,Multilayer Perceptron,Java,rq0_0216,3,pooled_z_seed42_fold3,1.0,0.7002906894093038,binary: human mean >= own Java benchmark mean,"predefined pooled_stratified_5fold, seed=42",42,True,experiments/rq0_viability/outputs/canonical_baselines/canonical_oof_snippet_scores.csv
multilayer_perceptron,Multilayer Perceptron,Multilayer Perceptron,Java,rq0_0217,0,pooled_z_seed42_fold0,0.0,2.5224465854449986e-06,binary: human mean >= own Java benchmark mean,"predefined pooled_stratified_5fold, seed=42",42,True,experiments/rq0_viability/outputs/canonical_baselines/canonical_oof_snippet_scores.csv
multilayer_perceptron,Multilayer Perceptron,Multilayer Perceptron,Java,rq0_0218,2,pooled_z_seed42_fold2,0.0,0.0014836418571256,binary: human mean >= own Java benchmark mean,"predefined pooled_stratified_5fold, seed=42",42,True,experiments/rq0_viability/outputs/canonical_baselines/canonical_oof_snippet_scores.csv
multilayer_perceptron,Multilayer Perceptron,Multilayer Perceptron,Java,rq0_0219,3,pooled_z_seed42_fold3,1.0,0.4368740275600796,binary: human mean >= own Java benchmark mean,"predefined pooled_stratified_5fold, seed=42",42,True,experiments/rq0_viability/outputs/canonical_baselines/canonical_oof_snippet_scores.csv
multilayer_perceptron,Multilayer Perceptron,Multilayer Perceptron,Java,rq0_0220,1,pooled_z_seed42_fold1,1.0,0.3737135676387576,binary: human mean >= own Java benchmark mean,"predefined pooled_stratified_5fold, seed=42",42,True,experiments/rq0_viability/outputs/canonical_baselines/canonical_oof_snippet_scores.csv
multilayer_perceptron,Multilayer Perceptron,Multilayer Perceptron,Java,rq0_0221,3,pooled_z_seed42_fold3,1.0,0.9997376583048616,binary: human mean >= own Java benchmark mean,"predefined pooled_stratified_5fold, seed=42",42,True,experiments/rq0_viability/outputs/canonical_baselines/canonical_oof_snippet_scores.csv
multilayer_perceptron,Multilayer Perceptron,Multilayer Perceptron,Java,rq0_0222,4,pooled_z_seed42_fold4,1.0,0.9588806026892674,binary: human mean >= own Java benchmark mean,"predefined pooled_stratified_5fold, seed=42",42,True,experiments/rq0_viability/outputs/canonical_baselines/canonical_oof_snippet_scores.csv
multilayer_perceptron,Multilayer Perceptron,Multilayer Perceptron,Java,rq0_0223,1,pooled_z_seed42_fold1,1.0,0.99742276252984,binary: human mean >= own Java benchmark mean,"predefined pooled_stratified_5fold, seed=42",42,True,experiments/rq0_viability/outputs/canonical_baselines/canonical_oof_snippet_scores.csv
multilayer_perceptron,Multilayer Perceptron,Multilayer Perceptron,Java,rq0_0224,3,pooled_z_seed42_fold3,1.0,0.998893595156475,binary: human mean >= own Java benchmark mean,"predefined pooled_stratified_5fold, seed=42",42,True,experiments/rq0_viability/outputs/canonical_baselines/canonical_oof_snippet_scores.csv
multilayer_perceptron,Multilayer Perceptron,Multilayer Perceptron,Java,rq0_0225,0,pooled_z_seed42_fold0,0.0,0.0090866368103035,binary: human mean >= own Java benchmark mean,"predefined pooled_stratified_5fold, seed=42",42,True,experiments/rq0_viability/outputs/canonical_baselines/canonical_oof_snippet_scores.csv
multilayer_perceptron,Multilayer Perceptron,Multilayer Perceptron,Java,rq0_0226,3,pooled_z_seed42_fold3,1.0,0.463047151947122,binary: human mean >= own Java benchmark mean,"predefined pooled_stratified_5fold, seed=42",42,True,experiments/rq0_viability/outputs/canonical_baselines/canonical_oof_snippet_scores.csv
multilayer_perceptron,Multilayer Perceptron,Multilayer Perceptron,Java,rq0_0227,1,pooled_z_seed42_fold1,1.0,0.8994420901932042,binary: human mean >= own Java benchmark mean,"predefined pooled_stratified_5fold, seed=42",42,True,experiments/rq0_viability/outputs/canonical_baselines/canonical_oof_snippet_scores.csv
multilayer_perceptron,Multilayer Perceptron,Multilayer Perceptron,Java,rq0_0228,1,pooled_z_seed42_fold1,0.0,0.0165991952396316,binary: human mean >= own Java benchmark mean,"predefined pooled_stratified_5fold, seed=42",42,True,experiments/rq0_viability/outputs/canonical_baselines/canonical_oof_snippet_scores.csv
multilayer_perceptron,Multilayer Perceptron,Multilayer Perceptron,Java,rq0_0229,4,pooled_z_seed42_fold4,0.0,0.7177310394095628,binary: human mean >= own Java benchmark mean,"predefined pooled_stratified_5fold, seed=42",42,True,experiments/rq0_viability/outputs/canonical_baselines/canonical_oof_snippet_scores.csv
multilayer_perceptron,Multilayer Perceptron,Multilayer Perceptron,Java,rq0_0230,2,pooled_z_seed42_fold2,1.0,0.8981579467372575,binary: human mean >= own Java benchmark mean,"predefined pooled_stratified_5fold, seed=42",42,True,experiments/rq0_viability/outputs/canonical_baselines/canonical_oof_snippet_scores.csv
multilayer_perceptron,Multilayer Perceptron,Multilayer Perceptron,Java,rq0_0231,3,pooled_z_seed42_fold3,0.0,0.0102147174898627,binary: human mean >= own Java benchmark mean,"predefined pooled_stratified_5fold, seed=42",42,True,experiments/rq0_viability/outputs/canonical_baselines/canonical_oof_snippet_scores.csv
multilayer_perceptron,Multilayer Perceptron,Multilayer Perceptron,Java,rq0_0232,0,pooled_z_seed42_fold0,0.0,0.0002822044253129,binary: human mean >= own Java benchmark mean,"predefined pooled_stratified_5fold, seed=42",42,True,experiments/rq0_viability/outputs/canonical_baselines/canonical_oof_snippet_scores.csv
multilayer_perceptron,Multilayer Perceptron,Multilayer Perceptron,Java,rq0_0233,4,pooled_z_seed42_fold4,0.0,0.0018142684533488,binary: human mean >= own Java benchmark mean,"predefined pooled_stratified_5fold, seed=42",42,True,experiments/rq0_viability/outputs/canonical_baselines/canonical_oof_snippet_scores.csv
multilayer_perceptron,Multilayer Perceptron,Multilayer Perceptron,Java,rq0_0234,2,pooled_z_seed42_fold2,1.0,0.0153488391554856,binary: human mean >= own Java benchmark mean,"predefined pooled_stratified_5fold, seed=42",42,True,experiments/rq0_viability/outputs/canonical_baselines/canonical_oof_snippet_scores.csv
multilayer_perceptron,Multilayer Perceptron,Multilayer Perceptron,Java,rq0_0235,2,pooled_z_seed42_fold2,1.0,0.0466232919528531,binary: human mean >= own Java benchmark mean,"predefined pooled_stratified_5fold, seed=42",42,True,experiments/rq0_viability/outputs/canonical_baselines/canonical_oof_snippet_scores.csv
multilayer_perceptron,Multilayer Perceptron,Multilayer Perceptron,Java,rq0_0236,2,pooled_z_seed42_fold2,1.0,0.8739937241159178,binary: human mean >= own Java benchmark mean,"predefined pooled_stratified_5fold, seed=42",42,True,experiments/rq0_viability/outputs/canonical_baselines/canonical_oof_snippet_scores.csv
multilayer_perceptron,Multilayer Perceptron,Multilayer Perceptron,Java,rq0_0237,3,pooled_z_seed42_fold3,0.0,0.0003427975608794,binary: human mean >= own Java benchmark mean,"predefined pooled_stratified_5fold, seed=42",42,True,experiments/rq0_viability/outputs/canonical_baselines/canonical_oof_snippet_scores.csv
multilayer_perceptron,Multilayer Perceptron,Multilayer Perceptron,Java,rq0_0238,4,pooled_z_seed42_fold4,1.0,0.893131680523464,binary: human mean >= own Java benchmark mean,"predefined pooled_stratified_5fold, seed=42",42,True,experiments/rq0_viability/outputs/canonical_baselines/canonical_oof_snippet_scores.csv
multilayer_perceptron,Multilayer Perceptron,Multilayer Perceptron,Java,rq0_0239,2,pooled_z_seed42_fold2,1.0,0.1033127272099939,binary: human mean >= own Java benchmark mean,"predefined pooled_stratified_5fold, seed=42",42,True,experiments/rq0_viability/outputs/canonical_baselines/canonical_oof_snippet_scores.csv
multilayer_perceptron,Multilayer Perceptron,Multilayer Perceptron,Java,rq0_0240,3,pooled_z_seed42_fold3,1.0,0.829731993325809,binary: human mean >= own Java benchmark mean,"predefined pooled_stratified_5fold, seed=42",42,True,experiments/rq0_viability/outputs/canonical_baselines/canonical_oof_snippet_scores.csv
multilayer_perceptron,Multilayer Perceptron,Multilayer Perceptron,Java,rq0_0241,3,pooled_z_seed42_fold3,0.0,0.9385659262821392,binary: human mean >= own Java benchmark mean,"predefined pooled_stratified_5fold, seed=42",42,True,experiments/rq0_viability/outputs/canonical_baselines/canonical_oof_snippet_scores.csv
multilayer_perceptron,Multilayer Perceptron,Multilayer Perceptron,Java,rq0_0242,1,pooled_z_seed42_fold1,1.0,0.9990750519124236,binary: human mean >= own Java benchmark mean,"predefined pooled_stratified_5fold, seed=42",42,True,experiments/rq0_viability/outputs/canonical_baselines/canonical_oof_snippet_scores.csv
multilayer_perceptron,Multilayer Perceptron,Multilayer Perceptron,Java,rq0_0243,1,pooled_z_seed42_fold1,1.0,0.9858665312454218,binary: human mean >= own Java benchmark mean,"predefined pooled_stratified_5fold, seed=42",42,True,experiments/rq0_viability/outputs/canonical_baselines/canonical_oof_snippet_scores.csv
multilayer_perceptron,Multilayer Perceptron,Multilayer Perceptron,Java,rq0_0244,4,pooled_z_seed42_fold4,1.0,0.8903028926441648,binary: human mean >= own Java benchmark mean,"predefined pooled_stratified_5fold, seed=42",42,True,experiments/rq0_viability/outputs/canonical_baselines/canonical_oof_snippet_scores.csv
multilayer_perceptron,Multilayer Perceptron,Multilayer Perceptron,Java,rq0_0245,2,pooled_z_seed42_fold2,0.0,5.05428533602562e-05,binary: human mean >= own Java benchmark mean,"predefined pooled_stratified_5fold, seed=42",42,True,experiments/rq0_viability/outputs/canonical_baselines/canonical_oof_snippet_scores.csv
multilayer_perceptron,Multilayer Perceptron,Multilayer Perceptron,Java,rq0_0246,1,pooled_z_seed42_fold1,1.0,0.9999279977142248,binary: human mean >= own Java benchmark mean,"predefined pooled_stratified_5fold, seed=42",42,True,experiments/rq0_viability/outputs/canonical_baselines/canonical_oof_snippet_scores.csv
multilayer_perceptron,Multilayer Perceptron,Multilayer Perceptron,Java,rq0_0247,1,pooled_z_seed42_fold1,0.0,0.6732538412832899,binary: human mean >= own Java benchmark mean,"predefined pooled_stratified_5fold, seed=42",42,True,experiments/rq0_viability/outputs/canonical_baselines/canonical_oof_snippet_scores.csv
multilayer_perceptron,Multilayer Perceptron,Multilayer Perceptron,Java,rq0_0248,0,pooled_z_seed42_fold0,1.0,0.8197810990928956,binary: human mean >= own Java benchmark mean,"predefined pooled_stratified_5fold, seed=42",42,True,experiments/rq0_viability/outputs/canonical_baselines/canonical_oof_snippet_scores.csv
multilayer_perceptron,Multilayer Perceptron,Multilayer Perceptron,Java,rq0_0249,1,pooled_z_seed42_fold1,0.0,0.024757910827763,binary: human mean >= own Java benchmark mean,"predefined pooled_stratified_5fold, seed=42",42,True,experiments/rq0_viability/outputs/canonical_baselines/canonical_oof_snippet_scores.csv
multilayer_perceptron,Multilayer Perceptron,Multilayer Perceptron,Java,rq0_0250,2,pooled_z_seed42_fold2,1.0,0.9993780744155676,binary: human mean >= own Java benchmark mean,"predefined pooled_stratified_5fold, seed=42",42,True,experiments/rq0_viability/outputs/canonical_baselines/canonical_oof_snippet_scores.csv
multilayer_perceptron,Multilayer Perceptron,Multilayer Perceptron,Java,rq0_0251,3,pooled_z_seed42_fold3,0.0,0.0012174659881483,binary: human mean >= own Java benchmark mean,"predefined pooled_stratified_5fold, seed=42",42,True,experiments/rq0_viability/outputs/canonical_baselines/canonical_oof_snippet_scores.csv
multilayer_perceptron,Multilayer Perceptron,Multilayer Perceptron,Java,rq0_0252,0,pooled_z_seed42_fold0,1.0,0.682439961881967,binary: human mean >= own Java benchmark mean,"predefined pooled_stratified_5fold, seed=42",42,True,experiments/rq0_viability/outputs/canonical_baselines/canonical_oof_snippet_scores.csv
multilayer_perceptron,Multilayer Perceptron,Multilayer Perceptron,Java,rq0_0253,1,pooled_z_seed42_fold1,0.0,0.1791588305090592,binary: human mean >= own Java benchmark mean,"predefined pooled_stratified_5fold, seed=42",42,True,experiments/rq0_viability/outputs/canonical_baselines/canonical_oof_snippet_scores.csv
multilayer_perceptron,Multilayer Perceptron,Multilayer Perceptron,Java,rq0_0254,2,pooled_z_seed42_fold2,0.0,0.0100833626240715,binary: human mean >= own Java benchmark mean,"predefined pooled_stratified_5fold, seed=42",42,True,experiments/rq0_viability/outputs/canonical_baselines/canonical_oof_snippet_scores.csv
multilayer_perceptron,Multilayer Perceptron,Multilayer Perceptron,Java,rq0_0255,2,pooled_z_seed42_fold2,1.0,0.4769032396549632,binary: human mean >= own Java benchmark mean,"predefined pooled_stratified_5fold, seed=42",42,True,experiments/rq0_viability/outputs/canonical_baselines/canonical_oof_snippet_scores.csv
multilayer_perceptron,Multilayer Perceptron,Multilayer Perceptron,Java,rq0_0256,0,pooled_z_seed42_fold0,1.0,0.9804106567798764,binary: human mean >= own Java benchmark mean,"predefined pooled_stratified_5fold, seed=42",42,True,experiments/rq0_viability/outputs/canonical_baselines/canonical_oof_snippet_scores.csv
multilayer_perceptron,Multilayer Perceptron,Multilayer Perceptron,Java,rq0_0257,0,pooled_z_seed42_fold0,1.0,0.0432411795436576,binary: human mean >= own Java benchmark mean,"predefined pooled_stratified_5fold, seed=42",42,True,experiments/rq0_viability/outputs/canonical_baselines/canonical_oof_snippet_scores.csv
multilayer_perceptron,Multilayer Perceptron,Multilayer Perceptron,Java,rq0_0258,3,pooled_z_seed42_fold3,0.0,0.0233021103059572,binary: human mean >= own Java benchmark mean,"predefined pooled_stratified_5fold, seed=42",42,True,experiments/rq0_viability/outputs/canonical_baselines/canonical_oof_snippet_scores.csv
multilayer_perceptron,Multilayer Perceptron,Multilayer Perceptron,Java,rq0_0259,1,pooled_z_seed42_fold1,1.0,0.5000607094293842,binary: human mean >= own Java benchmark mean,"predefined pooled_stratified_5fold, seed=42",42,True,experiments/rq0_viability/outputs/canonical_baselines/canonical_oof_snippet_scores.csv
multilayer_perceptron,Multilayer Perceptron,Multilayer Perceptron,Java,rq0_0260,2,pooled_z_seed42_fold2,0.0,0.0008608993595842,binary: human mean >= own Java benchmark mean,"predefined pooled_stratified_5fold, seed=42",42,True,experiments/rq0_viability/outputs/canonical_baselines/canonical_oof_snippet_scores.csv
multilayer_perceptron,Multilayer Perceptron,Multilayer Perceptron,Java,rq0_0261,0,pooled_z_seed42_fold0,0.0,3.2051299893664327e-06,binary: human mean >= own Java benchmark mean,"predefined pooled_stratified_5fold, seed=42",42,True,experiments/rq0_viability/outputs/canonical_baselines/canonical_oof_snippet_scores.csv
multilayer_perceptron,Multilayer Perceptron,Multilayer Perceptron,Java,rq0_0262,4,pooled_z_seed42_fold4,0.0,0.0002202262856055,binary: human mean >= own Java benchmark mean,"predefined pooled_stratified_5fold, seed=42",42,True,experiments/rq0_viability/outputs/canonical_baselines/canonical_oof_snippet_scores.csv
multilayer_perceptron,Multilayer Perceptron,Multilayer Perceptron,Java,rq0_0263,2,pooled_z_seed42_fold2,0.0,0.4015644186186267,binary: human mean >= own Java benchmark mean,"predefined pooled_stratified_5fold, seed=42",42,True,experiments/rq0_viability/outputs/canonical_baselines/canonical_oof_snippet_scores.csv
multilayer_perceptron,Multilayer Perceptron,Multilayer Perceptron,Java,rq0_0264,3,pooled_z_seed42_fold3,1.0,0.050448151915532,binary: human mean >= own Java benchmark mean,"predefined pooled_stratified_5fold, seed=42",42,True,experiments/rq0_viability/outputs/canonical_baselines/canonical_oof_snippet_scores.csv
multilayer_perceptron,Multilayer Perceptron,Multilayer Perceptron,Java,rq0_0265,0,pooled_z_seed42_fold0,1.0,0.9999815278376678,binary: human mean >= own Java benchmark mean,"predefined pooled_stratified_5fold, seed=42",42,True,experiments/rq0_viability/outputs/canonical_baselines/canonical_oof_snippet_scores.csv
multilayer_perceptron,Multilayer Perceptron,Multilayer Perceptron,Java,rq0_0266,3,pooled_z_seed42_fold3,1.0,0.998968568230422,binary: human mean >= own Java benchmark mean,"predefined pooled_stratified_5fold, seed=42",42,True,experiments/rq0_viability/outputs/canonical_baselines/canonical_oof_snippet_scores.csv
multilayer_perceptron,Multilayer Perceptron,Multilayer Perceptron,Java,rq0_0267,3,pooled_z_seed42_fold3,0.0,0.99548899689261,binary: human mean >= own Java benchmark mean,"predefined pooled_stratified_5fold, seed=42",42,True,experiments/rq0_viability/outputs/canonical_baselines/canonical_oof_snippet_scores.csv
multilayer_perceptron,Multilayer Perceptron,Multilayer Perceptron,Java,rq0_0268,1,pooled_z_seed42_fold1,0.0,0.7284791458481313,binary: human mean >= own Java benchmark mean,"predefined pooled_stratified_5fold, seed=42",42,True,experiments/rq0_viability/outputs/canonical_baselines/canonical_oof_snippet_scores.csv
multilayer_perceptron,Multilayer Perceptron,Multilayer Perceptron,Java,rq0_0269,0,pooled_z_seed42_fold0,0.0,0.9999997613043096,binary: human mean >= own Java benchmark mean,"predefined pooled_stratified_5fold, seed=42",42,True,experiments/rq0_viability/outputs/canonical_baselines/canonical_oof_snippet_scores.csv
multilayer_perceptron,Multilayer Perceptron,Multilayer Perceptron,Java,rq0_0270,3,pooled_z_seed42_fold3,1.0,0.5736167510887025,binary: human mean >= own Java benchmark mean,"predefined pooled_stratified_5fold, seed=42",42,True,experiments/rq0_viability/outputs/canonical_baselines/canonical_oof_snippet_scores.csv
multilayer_perceptron,Multilayer Perceptron,Multilayer Perceptron,Java,rq0_0271,3,pooled_z_seed42_fold3,1.0,0.5581513898535236,binary: human mean >= own Java benchmark mean,"predefined pooled_stratified_5fold, seed=42",42,True,experiments/rq0_viability/outputs/canonical_baselines/canonical_oof_snippet_scores.csv
multilayer_perceptron,Multilayer Perceptron,Multilayer Perceptron,Java,rq0_0272,0,pooled_z_seed42_fold0,1.0,0.0052973859678232,binary: human mean >= own Java benchmark mean,"predefined pooled_stratified_5fold, seed=42",42,True,experiments/rq0_viability/outputs/canonical_baselines/canonical_oof_snippet_scores.csv
multilayer_perceptron,Multilayer Perceptron,Multilayer Perceptron,Java,rq0_0273,1,pooled_z_seed42_fold1,0.0,0.0384991894449722,binary: human mean >= own Java benchmark mean,"predefined pooled_stratified_5fold, seed=42",42,True,experiments/rq0_viability/outputs/canonical_baselines/canonical_oof_snippet_scores.csv
multilayer_perceptron,Multilayer Perceptron,Multilayer Perceptron,Java,rq0_0274,1,pooled_z_seed42_fold1,0.0,0.2885956238336529,binary: human mean >= own Java benchmark mean,"predefined pooled_stratified_5fold, seed=42",42,True,experiments/rq0_viability/outputs/canonical_baselines/canonical_oof_snippet_scores.csv
multilayer_perceptron,Multilayer Perceptron,Multilayer Perceptron,Java,rq0_0275,4,pooled_z_seed42_fold4,1.0,0.8945486725493592,binary: human mean >= own Java benchmark mean,"predefined pooled_stratified_5fold, seed=42",42,True,experiments/rq0_viability/outputs/canonical_baselines/canonical_oof_snippet_scores.csv
multilayer_perceptron,Multilayer Perceptron,Multilayer Perceptron,Java,rq0_0276,1,pooled_z_seed42_fold1,0.0,0.0001154120562981,binary: human mean >= own Java benchmark mean,"predefined pooled_stratified_5fold, seed=42",42,True,experiments/rq0_viability/outputs/canonical_baselines/canonical_oof_snippet_scores.csv
multilayer_perceptron,Multilayer Perceptron,Multilayer Perceptron,Java,rq0_0277,2,pooled_z_seed42_fold2,0.0,0.7499642899614223,binary: human mean >= own Java benchmark mean,"predefined pooled_stratified_5fold, seed=42",42,True,experiments/rq0_viability/outputs/canonical_baselines/canonical_oof_snippet_scores.csv
multilayer_perceptron,Multilayer Perceptron,Multilayer Perceptron,Java,rq0_0278,0,pooled_z_seed42_fold0,0.0,0.9417524220264916,binary: human mean >= own Java benchmark mean,"predefined pooled_stratified_5fold, seed=42",42,True,experiments/rq0_viability/outputs/canonical_baselines/canonical_oof_snippet_scores.csv
multilayer_perceptron,Multilayer Perceptron,Multilayer Perceptron,Java,rq0_0279,2,pooled_z_seed42_fold2,1.0,0.9648209263056888,binary: human mean >= own Java benchmark mean,"predefined pooled_stratified_5fold, seed=42",42,True,experiments/rq0_viability/outputs/canonical_baselines/canonical_oof_snippet_scores.csv
multilayer_perceptron,Multilayer Perceptron,Multilayer Perceptron,Java,rq0_0280,4,pooled_z_seed42_fold4,1.0,0.8877378981276864,binary: human mean >= own Java benchmark mean,"predefined pooled_stratified_5fold, seed=42",42,True,experiments/rq0_viability/outputs/canonical_baselines/canonical_oof_snippet_scores.csv
multilayer_perceptron,Multilayer Perceptron,Multilayer Perceptron,Java,rq0_0281,4,pooled_z_seed42_fold4,0.0,0.9864240863839872,binary: human mean >= own Java benchmark mean,"predefined pooled_stratified_5fold, seed=42",42,True,experiments/rq0_viability/outputs/canonical_baselines/canonical_oof_snippet_scores.csv
multilayer_perceptron,Multilayer Perceptron,Multilayer Perceptron,Java,rq0_0282,4,pooled_z_seed42_fold4,1.0,0.0231688383109168,binary: human mean >= own Java benchmark mean,"predefined pooled_stratified_5fold, seed=42",42,True,experiments/rq0_viability/outputs/canonical_baselines/canonical_oof_snippet_scores.csv
multilayer_perceptron,Multilayer Perceptron,Multilayer Perceptron,Java,rq0_0283,4,pooled_z_seed42_fold4,0.0,0.0014554216601971,binary: human mean >= own Java benchmark mean,"predefined pooled_stratified_5fold, seed=42",42,True,experiments/rq0_viability/outputs/canonical_baselines/canonical_oof_snippet_scores.csv
multilayer_perceptron,Multilayer Perceptron,Multilayer Perceptron,Java,rq0_0284,3,pooled_z_seed42_fold3,0.0,0.0002188954513474,binary: human mean >= own Java benchmark mean,"predefined pooled_stratified_5fold, seed=42",42,True,experiments/rq0_viability/outputs/canonical_baselines/canonical_oof_snippet_scores.csv
multilayer_perceptron,Multilayer Perceptron,Multilayer Perceptron,Java,rq0_0285,4,pooled_z_seed42_fold4,0.0,0.99451975294325,binary: human mean >= own Java benchmark mean,"predefined pooled_stratified_5fold, seed=42",42,True,experiments/rq0_viability/outputs/canonical_baselines/canonical_oof_snippet_scores.csv
multilayer_perceptron,Multilayer Perceptron,Multilayer Perceptron,Java,rq0_0286,4,pooled_z_seed42_fold4,0.0,0.0004189744093829,binary: human mean >= own Java benchmark mean,"predefined pooled_stratified_5fold, seed=42",42,True,experiments/rq0_viability/outputs/canonical_baselines/canonical_oof_snippet_scores.csv
multilayer_perceptron,Multilayer Perceptron,Multilayer Perceptron,Java,rq0_0287,0,pooled_z_seed42_fold0,1.0,0.2988155061325084,binary: human mean >= own Java benchmark mean,"predefined pooled_stratified_5fold, seed=42",42,True,experiments/rq0_viability/outputs/canonical_baselines/canonical_oof_snippet_scores.csv
multilayer_perceptron,Multilayer Perceptron,Multilayer Perceptron,Java,rq0_0288,3,pooled_z_seed42_fold3,1.0,0.9710086495848744,binary: human mean >= own Java benchmark mean,"predefined pooled_stratified_5fold, seed=42",42,True,experiments/rq0_viability/outputs/canonical_baselines/canonical_oof_snippet_scores.csv
multilayer_perceptron,Multilayer Perceptron,Multilayer Perceptron,Java,rq0_0289,0,pooled_z_seed42_fold0,1.0,0.9995491191875536,binary: human mean >= own Java benchmark mean,"predefined pooled_stratified_5fold, seed=42",42,True,experiments/rq0_viability/outputs/canonical_baselines/canonical_oof_snippet_scores.csv
multilayer_perceptron,Multilayer Perceptron,Multilayer Perceptron,Java,rq0_0290,1,pooled_z_seed42_fold1,1.0,0.9657102291249088,binary: human mean >= own Java benchmark mean,"predefined pooled_stratified_5fold, seed=42",42,True,experiments/rq0_viability/outputs/canonical_baselines/canonical_oof_snippet_scores.csv
multilayer_perceptron,Multilayer Perceptron,Multilayer Perceptron,Java,rq0_0291,1,pooled_z_seed42_fold1,0.0,0.0002748005279277,binary: human mean >= own Java benchmark mean,"predefined pooled_stratified_5fold, seed=42",42,True,experiments/rq0_viability/outputs/canonical_baselines/canonical_oof_snippet_scores.csv
multilayer_perceptron,Multilayer Perceptron,Multilayer Perceptron,Java,rq0_0292,1,pooled_z_seed42_fold1,0.0,0.0019567533119816,binary: human mean >= own Java benchmark mean,"predefined pooled_stratified_5fold, seed=42",42,True,experiments/rq0_viability/outputs/canonical_baselines/canonical_oof_snippet_scores.csv
multilayer_perceptron,Multilayer Perceptron,Multilayer Perceptron,Java,rq0_0293,2,pooled_z_seed42_fold2,0.0,0.9995649224167508,binary: human mean >= own Java benchmark mean,"predefined pooled_stratified_5fold, seed=42",42,True,experiments/rq0_viability/outputs/canonical_baselines/canonical_oof_snippet_scores.csv
multilayer_perceptron,Multilayer Perceptron,Multilayer Perceptron,Java,rq0_0294,4,pooled_z_seed42_fold4,0.0,8.769554585022116e-05,binary: human mean >= own Java benchmark mean,"predefined pooled_stratified_5fold, seed=42",42,True,experiments/rq0_viability/outputs/canonical_baselines/canonical_oof_snippet_scores.csv
multilayer_perceptron,Multilayer Perceptron,Multilayer Perceptron,Java,rq0_0295,3,pooled_z_seed42_fold3,0.0,0.5497040364178434,binary: human mean >= own Java benchmark mean,"predefined pooled_stratified_5fold, seed=42",42,True,experiments/rq0_viability/outputs/canonical_baselines/canonical_oof_snippet_scores.csv
multilayer_perceptron,Multilayer Perceptron,Multilayer Perceptron,Java,rq0_0296,1,pooled_z_seed42_fold1,1.0,0.9746525823775888,binary: human mean >= own Java benchmark mean,"predefined pooled_stratified_5fold, seed=42",42,True,experiments/rq0_viability/outputs/canonical_baselines/canonical_oof_snippet_scores.csv
multilayer_perceptron,Multilayer Perceptron,Multilayer Perceptron,Java,rq0_0297,4,pooled_z_seed42_fold4,1.0,0.9803790117226864,binary: human mean >= own Java benchmark mean,"predefined pooled_stratified_5fold, seed=42",42,True,experiments/rq0_viability/outputs/canonical_baselines/canonical_oof_snippet_scores.csv
multilayer_perceptron,Multilayer Perceptron,Multilayer Perceptron,Java,rq0_0298,0,pooled_z_seed42_fold0,0.0,0.0479915878378341,binary: human mean >= own Java benchmark mean,"predefined pooled_stratified_5fold, seed=42",42,True,experiments/rq0_viability/outputs/canonical_baselines/canonical_oof_snippet_scores.csv
multilayer_perceptron,Multilayer Perceptron,Multilayer Perceptron,Java,rq0_0299,2,pooled_z_seed42_fold2,1.0,0.9984216666572692,binary: human mean >= own Java benchmark mean,"predefined pooled_stratified_5fold, seed=42",42,True,experiments/rq0_viability/outputs/canonical_baselines/canonical_oof_snippet_scores.csv
multilayer_perceptron,Multilayer Perceptron,Multilayer Perceptron,Java,rq0_0300,0,pooled_z_seed42_fold0,0.0,0.0185502966551619,binary: human mean >= own Java benchmark mean,"predefined pooled_stratified_5fold, seed=42",42,True,experiments/rq0_viability/outputs/canonical_baselines/canonical_oof_snippet_scores.csv
multilayer_perceptron,Multilayer Perceptron,Multilayer Perceptron,Java,rq0_0301,1,pooled_z_seed42_fold1,0.0,2.2134752591597314e-09,binary: human mean >= own Java benchmark mean,"predefined pooled_stratified_5fold, seed=42",42,True,experiments/rq0_viability/outputs/canonical_baselines/canonical_oof_snippet_scores.csv
multilayer_perceptron,Multilayer Perceptron,Multilayer Perceptron,Java,rq0_0302,3,pooled_z_seed42_fold3,0.0,0.3044638994186026,binary: human mean >= own Java benchmark mean,"predefined pooled_stratified_5fold, seed=42",42,True,experiments/rq0_viability/outputs/canonical_baselines/canonical_oof_snippet_scores.csv
multilayer_perceptron,Multilayer Perceptron,Multilayer Perceptron,Java,rq0_0303,0,pooled_z_seed42_fold0,0.0,1.263731865360102e-05,binary: human mean >= own Java benchmark mean,"predefined pooled_stratified_5fold, seed=42",42,True,experiments/rq0_viability/outputs/canonical_baselines/canonical_oof_snippet_scores.csv
multilayer_perceptron,Multilayer Perceptron,Multilayer Perceptron,Java,rq0_0304,0,pooled_z_seed42_fold0,1.0,0.0410731642666114,binary: human mean >= own Java benchmark mean,"predefined pooled_stratified_5fold, seed=42",42,True,experiments/rq0_viability/outputs/canonical_baselines/canonical_oof_snippet_scores.csv
multilayer_perceptron,Multilayer Perceptron,Multilayer Perceptron,Java,rq0_0305,1,pooled_z_seed42_fold1,1.0,0.4669869282075791,binary: human mean >= own Java benchmark mean,"predefined pooled_stratified_5fold, seed=42",42,True,experiments/rq0_viability/outputs/canonical_baselines/canonical_oof_snippet_scores.csv
multilayer_perceptron,Multilayer Perceptron,Multilayer Perceptron,Java,rq0_0306,0,pooled_z_seed42_fold0,1.0,0.9990819494778512,binary: human mean >= own Java benchmark mean,"predefined pooled_stratified_5fold, seed=42",42,True,experiments/rq0_viability/outputs/canonical_baselines/canonical_oof_snippet_scores.csv
multilayer_perceptron,Multilayer Perceptron,Multilayer Perceptron,Java,rq0_0307,4,pooled_z_seed42_fold4,1.0,0.0671880913838492,binary: human mean >= own Java benchmark mean,"predefined pooled_stratified_5fold, seed=42",42,True,experiments/rq0_viability/outputs/canonical_baselines/canonical_oof_snippet_scores.csv
multilayer_perceptron,Multilayer Perceptron,Multilayer Perceptron,Java,rq0_0308,0,pooled_z_seed42_fold0,0.0,0.6550844932453304,binary: human mean >= own Java benchmark mean,"predefined pooled_stratified_5fold, seed=42",42,True,experiments/rq0_viability/outputs/canonical_baselines/canonical_oof_snippet_scores.csv
multilayer_perceptron,Multilayer Perceptron,Multilayer Perceptron,Java,rq0_0309,2,pooled_z_seed42_fold2,0.0,0.0064375342137313,binary: human mean >= own Java benchmark mean,"predefined pooled_stratified_5fold, seed=42",42,True,experiments/rq0_viability/outputs/canonical_baselines/canonical_oof_snippet_scores.csv
multilayer_perceptron,Multilayer Perceptron,Multilayer Perceptron,Java,rq0_0310,4,pooled_z_seed42_fold4,0.0,0.999304527546544,binary: human mean >= own Java benchmark mean,"predefined pooled_stratified_5fold, seed=42",42,True,experiments/rq0_viability/outputs/canonical_baselines/canonical_oof_snippet_scores.csv
multilayer_perceptron,Multilayer Perceptron,Multilayer Perceptron,Java,rq0_0311,0,pooled_z_seed42_fold0,0.0,0.0055741155660708,binary: human mean >= own Java benchmark mean,"predefined pooled_stratified_5fold, seed=42",42,True,experiments/rq0_viability/outputs/canonical_baselines/canonical_oof_snippet_scores.csv
multilayer_perceptron,Multilayer Perceptron,Multilayer Perceptron,Java,rq0_0312,1,pooled_z_seed42_fold1,0.0,0.0137256351126251,binary: human mean >= own Java benchmark mean,"predefined pooled_stratified_5fold, seed=42",42,True,experiments/rq0_viability/outputs/canonical_baselines/canonical_oof_snippet_scores.csv
multilayer_perceptron,Multilayer Perceptron,Multilayer Perceptron,Python,dorn_python_000,1,python_fold1,0.0,0.002235482579503,binary: human mean >= within-language mean,"StratifiedGroupKFold(n_splits=5, shuffle=True, random_state=42); formatting hash groups",42,True,results/dataset_extension_20260713/data/oof_canonical_predictions.csv
multilayer_perceptron,Multilayer Perceptron,Multilayer Perceptron,Python,dorn_python_001,4,python_fold4,0.0,0.4746327289711071,binary: human mean >= within-language mean,"StratifiedGroupKFold(n_splits=5, shuffle=True, random_state=42); formatting hash groups",42,True,results/dataset_extension_20260713/data/oof_canonical_predictions.csv
multilayer_perceptron,Multilayer Perceptron,Multilayer Perceptron,Python,dorn_python_002,3,python_fold3,1.0,0.2803707934468215,binary: human mean >= within-language mean,"StratifiedGroupKFold(n_splits=5, shuffle=True, random_state=42); formatting hash groups",42,True,results/dataset_extension_20260713/data/oof_canonical_predictions.csv
multilayer_perceptron,Multilayer Perceptron,Multilayer Perceptron,Python,dorn_python_003,0,python_fold0,0.0,0.0001831222537335,binary: human mean >= within-language mean,"StratifiedGroupKFold(n_splits=5, shuffle=True, random_state=42); formatting hash groups",42,True,results/dataset_extension_20260713/data/oof_canonical_predictions.csv
multilayer_perceptron,Multilayer Perceptron,Multilayer Perceptron,Python,dorn_python_004,1,python_fold1,0.0,0.4200096081189506,binary: human mean >= within-language mean,"StratifiedGroupKFold(n_splits=5, shuffle=True, random_state=42); formatting hash groups",42,True,results/dataset_extension_20260713/data/oof_canonical_predictions.csv
multilayer_perceptron,Multilayer Perceptron,Multilayer Perceptron,Python,dorn_python_005,3,python_fold3,1.0,0.9999158974815368,binary: human mean >= within-language mean,"StratifiedGroupKFold(n_splits=5, shuffle=True, random_state=42); formatting hash groups",42,True,results/dataset_extension_20260713/data/oof_canonical_predictions.csv
multilayer_perceptron,Multilayer Perceptron,Multilayer Perceptron,Python,dorn_python_006,3,python_fold3,0.0,0.99863943574159,binary: human mean >= within-language mean,"StratifiedGroupKFold(n_splits=5, shuffle=True, random_state=42); formatting hash groups",42,True,results/dataset_extension_20260713/data/oof_canonical_predictions.csv
multilayer_perceptron,Multilayer Perceptron,Multilayer Perceptron,Python,dorn_python_007,3,python_fold3,0.0,0.9907785557751017,binary: human mean >= within-language mean,"StratifiedGroupKFold(n_splits=5, shuffle=True, random_state=42); formatting hash groups",42,True,results/dataset_extension_20260713/data/oof_canonical_predictions.csv
multilayer_perceptron,Multilayer Perceptron,Multilayer Perceptron,Python,dorn_python_008,3,python_fold3,0.0,0.9999993939187278,binary: human mean >= within-language mean,"StratifiedGroupKFold(n_splits=5, shuffle=True, random_state=42); formatting hash groups",42,True,results/dataset_extension_20260713/data/oof_canonical_predictions.csv
multilayer_perceptron,Multilayer Perceptron,Multilayer Perceptron,Python,dorn_python_009,2,python_fold2,1.0,0.0151309166855651,binary: human mean >= within-language mean,"StratifiedGroupKFold(n_splits=5, shuffle=True, random_state=42); formatting hash groups",42,True,results/dataset_extension_20260713/data/oof_canonical_predictions.csv
multilayer_perceptron,Multilayer Perceptron,Multilayer Perceptron,Python,dorn_python_010,1,python_fold1,1.0,0.5207494392667992,binary: human mean >= within-language mean,"StratifiedGroupKFold(n_splits=5, shuffle=True, random_state=42); formatting hash groups",42,True,results/dataset_extension_20260713/data/oof_canonical_predictions.csv
multilayer_perceptron,Multilayer Perceptron,Multilayer Perceptron,Python,dorn_python_011,4,python_fold4,1.0,8.529949317335788e-06,binary: human mean >= within-language mean,"StratifiedGroupKFold(n_splits=5, shuffle=True, random_state=42); formatting hash groups",42,True,results/dataset_extension_20260713/data/oof_canonical_predictions.csv
multilayer_perceptron,Multilayer Perceptron,Multilayer Perceptron,Python,dorn_python_012,2,python_fold2,1.0,0.9901392325592124,binary: human mean >= within-language mean,"StratifiedGroupKFold(n_splits=5, shuffle=True, random_state=42); formatting hash groups",42,True,results/dataset_extension_20260713/data/oof_canonical_predictions.csv
multilayer_perceptron,Multilayer Perceptron,Multilayer Perceptron,Python,dorn_python_013,1,python_fold1,0.0,0.654788527254613,binary: human mean >= within-language mean,"StratifiedGroupKFold(n_splits=5, shuffle=True, random_state=42); formatting hash groups",42,True,results/dataset_extension_20260713/data/oof_canonical_predictions.csv
multilayer_perceptron,Multilayer Perceptron,Multilayer Perceptron,Python,dorn_python_014,3,python_fold3,0.0,0.0001066500235257,binary: human mean >= within-language mean,"StratifiedGroupKFold(n_splits=5, shuffle=True, random_state=42); formatting hash groups",42,True,results/dataset_extension_20260713/data/oof_canonical_predictions.csv
multilayer_perceptron,Multilayer Perceptron,Multilayer Perceptron,Python,dorn_python_015,4,python_fold4,1.0,0.8867407273772188,binary: human mean >= within-language mean,"StratifiedGroupKFold(n_splits=5, shuffle=True, random_state=42); formatting hash groups",42,True,results/dataset_extension_20260713/data/oof_canonical_predictions.csv
multilayer_perceptron,Multilayer Perceptron,Multilayer Perceptron,Python,dorn_python_016,2,python_fold2,0.0,0.022207981071397,binary: human mean >= within-language mean,"StratifiedGroupKFold(n_splits=5, shuffle=True, random_state=42); formatting hash groups",42,True,results/dataset_extension_20260713/data/oof_canonical_predictions.csv
multilayer_perceptron,Multilayer Perceptron,Multilayer Perceptron,Python,dorn_python_017,1,python_fold1,0.0,0.0036703442852808,binary: human mean >= within-language mean,"StratifiedGroupKFold(n_splits=5, shuffle=True, random_state=42); formatting hash groups",42,True,results/dataset_extension_20260713/data/oof_canonical_predictions.csv
multilayer_perceptron,Multilayer Perceptron,Multilayer Perceptron,Python,dorn_python_018,4,python_fold4,1.0,0.997892916957419,binary: human mean >= within-language mean,"StratifiedGroupKFold(n_splits=5, shuffle=True, random_state=42); formatting hash groups",42,True,results/dataset_extension_20260713/data/oof_canonical_predictions.csv
multilayer_perceptron,Multilayer Perceptron,Multilayer Perceptron,Python,dorn_python_019,4,python_fold4,0.0,0.0028390435633186,binary: human mean >= within-language mean,"StratifiedGroupKFold(n_splits=5, shuffle=True, random_state=42); formatting hash groups",42,True,results/dataset_extension_20260713/data/oof_canonical_predictions.csv
multilayer_perceptron,Multilayer Perceptron,Multilayer Perceptron,Python,dorn_python_020,0,python_fold0,0.0,0.0105184109159337,binary: human mean >= within-language mean,"StratifiedGroupKFold(n_splits=5, shuffle=True, random_state=42); formatting hash groups",42,True,results/dataset_extension_20260713/data/oof_canonical_predictions.csv
multilayer_perceptron,Multilayer Perceptron,Multilayer Perceptron,Python,dorn_python_021,1,python_fold1,1.0,0.0065298811268185,binary: human mean >= within-language mean,"StratifiedGroupKFold(n_splits=5, shuffle=True, random_state=42); formatting hash groups",42,True,results/dataset_extension_20260713/data/oof_canonical_predictions.csv
multilayer_perceptron,Multilayer Perceptron,Multilayer Perceptron,Python,dorn_python_022,0,python_fold0,1.0,0.943894948549322,binary: human mean >= within-language mean,"StratifiedGroupKFold(n_splits=5, shuffle=True, random_state=42); formatting hash groups",42,True,results/dataset_extension_20260713/data/oof_canonical_predictions.csv
multilayer_perceptron,Multilayer Perceptron,Multilayer Perceptron,Python,dorn_python_023,1,python_fold1,0.0,0.3677498335180812,binary: human mean >= within-language mean,"StratifiedGroupKFold(n_splits=5, shuffle=True, random_state=42); formatting hash groups",42,True,results/dataset_extension_20260713/data/oof_canonical_predictions.csv
multilayer_perceptron,Multilayer Perceptron,Multilayer Perceptron,Python,dorn_python_024,3,python_fold3,1.0,0.0104985591586595,binary: human mean >= within-language mean,"StratifiedGroupKFold(n_splits=5, shuffle=True, random_state=42); formatting hash groups",42,True,results/dataset_extension_20260713/data/oof_canonical_predictions.csv
multilayer_perceptron,Multilayer Perceptron,Multilayer Perceptron,Python,dorn_python_025,0,python_fold0,0.0,0.8979734122571336,binary: human mean >= within-language mean,"StratifiedGroupKFold(n_splits=5, shuffle=True, random_state=42); formatting hash groups",42,True,results/dataset_extension_20260713/data/oof_canonical_predictions.csv
multilayer_perceptron,Multilayer Perceptron,Multilayer Perceptron,Python,dorn_python_026,4,python_fold4,0.0,0.0062058355395984,binary: human mean >= within-language mean,"StratifiedGroupKFold(n_splits=5, shuffle=True, random_state=42); formatting hash groups",42,True,results/dataset_extension_20260713/data/oof_canonical_predictions.csv
multilayer_perceptron,Multilayer Perceptron,Multilayer Perceptron,Python,dorn_python_027,2,python_fold2,1.0,0.0022771511767295,binary: human mean >= within-language mean,"StratifiedGroupKFold(n_splits=5, shuffle=True, random_state=42); formatting hash groups",42,True,results/dataset_extension_20260713/data/oof_canonical_predictions.csv
multilayer_perceptron,Multilayer Perceptron,Multilayer Perceptron,Python,dorn_python_028,2,python_fold2,1.0,0.709019552349199,binary: human mean >= within-language mean,"StratifiedGroupKFold(n_splits=5, shuffle=True, random_state=42); formatting hash groups",42,True,results/dataset_extension_20260713/data/oof_canonical_predictions.csv
multilayer_perceptron,Multilayer Perceptron,Multilayer Perceptron,Python,dorn_python_029,1,python_fold1,0.0,0.0211690490346086,binary: human mean >= within-language mean,"StratifiedGroupKFold(n_splits=5, shuffle=True, random_state=42); formatting hash groups",42,True,results/dataset_extension_20260713/data/oof_canonical_predictions.csv
multilayer_perceptron,Multilayer Perceptron,Multilayer Perceptron,Python,dorn_python_030,0,python_fold0,1.0,0.0329952200129405,binary: human mean >= within-language mean,"StratifiedGroupKFold(n_splits=5, shuffle=True, random_state=42); formatting hash groups",42,True,results/dataset_extension_20260713/data/oof_canonical_predictions.csv
multilayer_perceptron,Multilayer Perceptron,Multilayer Perceptron,Python,dorn_python_031,3,python_fold3,0.0,0.5374858627025598,binary: human mean >= within-language mean,"StratifiedGroupKFold(n_splits=5, shuffle=True, random_state=42); formatting hash groups",42,True,results/dataset_extension_20260713/data/oof_canonical_predictions.csv
multilayer_perceptron,Multilayer Perceptron,Multilayer Perceptron,Python,dorn_python_032,2,python_fold2,1.0,0.0074024020281693,binary: human mean >= within-language mean,"StratifiedGroupKFold(n_splits=5, shuffle=True, random_state=42); formatting hash groups",42,True,results/dataset_extension_20260713/data/oof_canonical_predictions.csv
multilayer_perceptron,Multilayer Perceptron,Multilayer Perceptron,Python,dorn_python_033,2,python_fold2,0.0,0.1187983634200393,binary: human mean >= within-language mean,"StratifiedGroupKFold(n_splits=5, shuffle=True, random_state=42); formatting hash groups",42,True,results/dataset_extension_20260713/data/oof_canonical_predictions.csv
multilayer_perceptron,Multilayer Perceptron,Multilayer Perceptron,Python,dorn_python_034,2,python_fold2,1.0,0.422158044182538,binary: human mean >= within-language mean,"StratifiedGroupKFold(n_splits=5, shuffle=True, random_state=42); formatting hash groups",42,True,results/dataset_extension_20260713/data/oof_canonical_predictions.csv
multilayer_perceptron,Multilayer Perceptron,Multilayer Perceptron,Python,dorn_python_035,2,python_fold2,0.0,0.6858971197363488,binary: human mean >= within-language mean,"StratifiedGroupKFold(n_splits=5, shuffle=True, random_state=42); formatting hash groups",42,True,results/dataset_extension_20260713/data/oof_canonical_predictions.csv
multilayer_perceptron,Multilayer Perceptron,Multilayer Perceptron,Python,dorn_python_036,1,python_fold1,0.0,0.9272575220674316,binary: human mean >= within-language mean,"StratifiedGroupKFold(n_splits=5, shuffle=True, random_state=42); formatting hash groups",42,True,results/dataset_extension_20260713/data/oof_canonical_predictions.csv
multilayer_perceptron,Multilayer Perceptron,Multilayer Perceptron,Python,dorn_python_037,4,python_fold4,0.0,0.0040934624341892,binary: human mean >= within-language mean,"StratifiedGroupKFold(n_splits=5, shuffle=True, random_state=42); formatting hash groups",42,True,results/dataset_extension_20260713/data/oof_canonical_predictions.csv
multilayer_perceptron,Multilayer Perceptron,Multilayer Perceptron,Python,dorn_python_038,0,python_fold0,0.0,0.9938656538082506,binary: human mean >= within-language mean,"StratifiedGroupKFold(n_splits=5, shuffle=True, random_state=42); formatting hash groups",42,True,results/dataset_extension_20260713/data/oof_canonical_predictions.csv
multilayer_perceptron,Multilayer Perceptron,Multilayer Perceptron,Python,dorn_python_039,2,python_fold2,1.0,0.8744450171329858,binary: human mean >= within-language mean,"StratifiedGroupKFold(n_splits=5, shuffle=True, random_state=42); formatting hash groups",42,True,results/dataset_extension_20260713/data/oof_canonical_predictions.csv
multilayer_perceptron,Multilayer Perceptron,Multilayer Perceptron,Python,dorn_python_040,4,python_fold4,1.0,0.9523362091869316,binary: human mean >= within-language mean,"StratifiedGroupKFold(n_splits=5, shuffle=True, random_state=42); formatting hash groups",42,True,results/dataset_extension_20260713/data/oof_canonical_predictions.csv
multilayer_perceptron,Multilayer Perceptron,Multilayer Perceptron,Python,dorn_python_041,3,python_fold3,1.0,0.8211295837885403,binary: human mean >= within-language mean,"StratifiedGroupKFold(n_splits=5, shuffle=True, random_state=42); formatting hash groups",42,True,results/dataset_extension_20260713/data/oof_canonical_predictions.csv
multilayer_perceptron,Multilayer Perceptron,Multilayer Perceptron,Python,dorn_python_042,3,python_fold3,1.0,0.8964141758021877,binary: human mean >= within-language mean,"StratifiedGroupKFold(n_splits=5, shuffle=True, random_state=42); formatting hash groups",42,True,results/dataset_extension_20260713/data/oof_canonical_predictions.csv
multilayer_perceptron,Multilayer Perceptron,Multilayer Perceptron,Python,dorn_python_043,3,python_fold3,0.0,5.1484826961753764e-08,binary: human mean >= within-language mean,"StratifiedGroupKFold(n_splits=5, shuffle=True, random_state=42); formatting hash groups",42,True,results/dataset_extension_20260713/data/oof_canonical_predictions.csv
multilayer_perceptron,Multilayer Perceptron,Multilayer Perceptron,Python,dorn_python_044,1,python_fold1,1.0,0.9995260981917132,binary: human mean >= within-language mean,"StratifiedGroupKFold(n_splits=5, shuffle=True, random_state=42); formatting hash groups",42,True,results/dataset_extension_20260713/data/oof_canonical_predictions.csv
multilayer_perceptron,Multilayer Perceptron,Multilayer Perceptron,Python,dorn_python_045,0,python_fold0,1.0,0.9490021081225962,binary: human mean >= within-language mean,"StratifiedGroupKFold(n_splits=5, shuffle=True, random_state=42); formatting hash groups",42,True,results/dataset_extension_20260713/data/oof_canonical_predictions.csv
multilayer_perceptron,Multilayer Perceptron,Multilayer Perceptron,Python,dorn_python_046,1,python_fold1,1.0,0.9796958817172852,binary: human mean >= within-language mean,"StratifiedGroupKFold(n_splits=5, shuffle=True, random_state=42); formatting hash groups",42,True,results/dataset_extension_20260713/data/oof_canonical_predictions.csv
multilayer_perceptron,Multilayer Perceptron,Multilayer Perceptron,Python,dorn_python_047,1,python_fold1,1.0,0.9647486978698556,binary: human mean >= within-language mean,"StratifiedGroupKFold(n_splits=5, shuffle=True, random_state=42); formatting hash groups",42,True,results/dataset_extension_20260713/data/oof_canonical_predictions.csv
multilayer_perceptron,Multilayer Perceptron,Multilayer Perceptron,Python,dorn_python_048,2,python_fold2,1.0,2.208386497658397e-06,binary: human mean >= within-language mean,"StratifiedGroupKFold(n_splits=5, shuffle=True, random_state=42); formatting hash groups",42,True,results/dataset_extension_20260713/data/oof_canonical_predictions.csv
multilayer_perceptron,Multilayer Perceptron,Multilayer Perceptron,Python,dorn_python_049,3,python_fold3,1.0,0.9946155552042082,binary: human mean >= within-language mean,"StratifiedGroupKFold(n_splits=5, shuffle=True, random_state=42); formatting hash groups",42,True,results/dataset_extension_20260713/data/oof_canonical_predictions.csv
multilayer_perceptron,Multilayer Perceptron,Multilayer Perceptron,Python,dorn_python_050,4,python_fold4,0.0,0.2459269114067036,binary: human mean >= within-language mean,"StratifiedGroupKFold(n_splits=5, shuffle=True, random_state=42); formatting hash groups",42,True,results/dataset_extension_20260713/data/oof_canonical_predictions.csv
multilayer_perceptron,Multilayer Perceptron,Multilayer Perceptron,Python,dorn_python_051,1,python_fold1,1.0,0.8691943141857525,binary: human mean >= within-language mean,"StratifiedGroupKFold(n_splits=5, shuffle=True, random_state=42); formatting hash groups",42,True,results/dataset_extension_20260713/data/oof_canonical_predictions.csv
multilayer_perceptron,Multilayer Perceptron,Multilayer Perceptron,Python,dorn_python_052,4,python_fold4,1.0,0.0004189250643214,binary: human mean >= within-language mean,"StratifiedGroupKFold(n_splits=5, shuffle=True, random_state=42); formatting hash groups",42,True,results/dataset_extension_20260713/data/oof_canonical_predictions.csv
multilayer_perceptron,Multilayer Perceptron,Multilayer Perceptron,Python,dorn_python_053,3,python_fold3,1.0,0.9701476452355048,binary: human mean >= within-language mean,"StratifiedGroupKFold(n_splits=5, shuffle=True, random_state=42); formatting hash groups",42,True,results/dataset_extension_20260713/data/oof_canonical_predictions.csv
multilayer_perceptron,Multilayer Perceptron,Multilayer Perceptron,Python,dorn_python_054,1,python_fold1,0.0,0.0211690490346086,binary: human mean >= within-language mean,"StratifiedGroupKFold(n_splits=5, shuffle=True, random_state=42); formatting hash groups",42,True,results/dataset_extension_20260713/data/oof_canonical_predictions.csv
multilayer_perceptron,Multilayer Perceptron,Multilayer Perceptron,Python,dorn_python_055,3,python_fold3,1.0,0.9998527194097244,binary: human mean >= within-language mean,"StratifiedGroupKFold(n_splits=5, shuffle=True, random_state=42); formatting hash groups",42,True,results/dataset_extension_20260713/data/oof_canonical_predictions.csv
multilayer_perceptron,Multilayer Perceptron,Multilayer Perceptron,Python,dorn_python_056,1,python_fold1,0.0,0.0081233576657995,binary: human mean >= within-language mean,"StratifiedGroupKFold(n_splits=5, shuffle=True, random_state=42); formatting hash groups",42,True,results/dataset_extension_20260713/data/oof_canonical_predictions.csv
multilayer_perceptron,Multilayer Perceptron,Multilayer Perceptron,Python,dorn_python_057,0,python_fold0,1.0,0.0814765021650694,binary: human mean >= within-language mean,"StratifiedGroupKFold(n_splits=5, shuffle=True, random_state=42); formatting hash groups",42,True,results/dataset_extension_20260713/data/oof_canonical_predictions.csv
multilayer_perceptron,Multilayer Perceptron,Multilayer Perceptron,Python,dorn_python_058,0,python_fold0,1.0,0.246385155981971,binary: human mean >= within-language mean,"StratifiedGroupKFold(n_splits=5, shuffle=True, random_state=42); formatting hash groups",42,True,results/dataset_extension_20260713/data/oof_canonical_predictions.csv
multilayer_perceptron,Multilayer Perceptron,Multilayer Perceptron,Python,dorn_python_059,0,python_fold0,1.0,0.6999481064678674,binary: human mean >= within-language mean,"StratifiedGroupKFold(n_splits=5, shuffle=True, random_state=42); formatting hash groups",42,True,results/dataset_extension_20260713/data/oof_canonical_predictions.csv
multilayer_perceptron,Multilayer Perceptron,Multilayer Perceptron,Python,dorn_python_060,4,python_fold4,1.0,0.9882437836710088,binary: human mean >= within-language mean,"StratifiedGroupKFold(n_splits=5, shuffle=True, random_state=42); formatting hash groups",42,True,results/dataset_extension_20260713/data/oof_canonical_predictions.csv
multilayer_perceptron,Multilayer Perceptron,Multilayer Perceptron,Python,dorn_python_061,1,python_fold1,1.0,0.9793641202570492,binary: human mean >= within-language mean,"StratifiedGroupKFold(n_splits=5, shuffle=True, random_state=42); formatting hash groups",42,True,results/dataset_extension_20260713/data/oof_canonical_predictions.csv
multilayer_perceptron,Multilayer Perceptron,Multilayer Perceptron,Python,dorn_python_062,3,python_fold3,0.0,0.0004267950400689,binary: human mean >= within-language mean,"StratifiedGroupKFold(n_splits=5, shuffle=True, random_state=42); formatting hash groups",42,True,results/dataset_extension_20260713/data/oof_canonical_predictions.csv
multilayer_perceptron,Multilayer Perceptron,Multilayer Perceptron,Python,dorn_python_063,0,python_fold0,1.0,0.9984528789691154,binary: human mean >= within-language mean,"StratifiedGroupKFold(n_splits=5, shuffle=True, random_state=42); formatting hash groups",42,True,results/dataset_extension_20260713/data/oof_canonical_predictions.csv
multilayer_perceptron,Multilayer Perceptron,Multilayer Perceptron,Python,dorn_python_064,0,python_fold0,0.0,0.0745360256499772,binary: human mean >= within-language mean,"StratifiedGroupKFold(n_splits=5, shuffle=True, random_state=42); formatting hash groups",42,True,results/dataset_extension_20260713/data/oof_canonical_predictions.csv
multilayer_perceptron,Multilayer Perceptron,Multilayer Perceptron,Python,dorn_python_065,0,python_fold0,0.0,0.0391736416955234,binary: human mean >= within-language mean,"StratifiedGroupKFold(n_splits=5, shuffle=True, random_state=42); formatting hash groups",42,True,results/dataset_extension_20260713/data/oof_canonical_predictions.csv
multilayer_perceptron,Multilayer Perceptron,Multilayer Perceptron,Python,dorn_python_066,1,python_fold1,1.0,0.5829861389876573,binary: human mean >= within-language mean,"StratifiedGroupKFold(n_splits=5, shuffle=True, random_state=42); formatting hash groups",42,True,results/dataset_extension_20260713/data/oof_canonical_predictions.csv
multilayer_perceptron,Multilayer Perceptron,Multilayer Perceptron,Python,dorn_python_067,3,python_fold3,1.0,0.9846357951208108,binary: human mean >= within-language mean,"StratifiedGroupKFold(n_splits=5, shuffle=True, random_state=42); formatting hash groups",42,True,results/dataset_extension_20260713/data/oof_canonical_predictions.csv
multilayer_perceptron,Multilayer Perceptron,Multilayer Perceptron,Python,dorn_python_068,2,python_fold2,1.0,0.9997527630650266,binary: human mean >= within-language mean,"StratifiedGroupKFold(n_splits=5, shuffle=True, random_state=42); formatting hash groups",42,True,results/dataset_extension_20260713/data/oof_canonical_predictions.csv
multilayer_perceptron,Multilayer Perceptron,Multilayer Perceptron,Python,dorn_python_069,3,python_fold3,1.0,0.9371561383120912,binary: human mean >= within-language mean,"StratifiedGroupKFold(n_splits=5, shuffle=True, random_state=42); formatting hash groups",42,True,results/dataset_extension_20260713/data/oof_canonical_predictions.csv
multilayer_perceptron,Multilayer Perceptron,Multilayer Perceptron,Python,dorn_python_070,0,python_fold0,0.0,0.8634234194104196,binary: human mean >= within-language mean,"StratifiedGroupKFold(n_splits=5, shuffle=True, random_state=42); formatting hash groups",42,True,results/dataset_extension_20260713/data/oof_canonical_predictions.csv
multilayer_perceptron,Multilayer Perceptron,Multilayer Perceptron,Python,dorn_python_071,2,python_fold2,0.0,0.9930909915117756,binary: human mean >= within-language mean,"StratifiedGroupKFold(n_splits=5, shuffle=True, random_state=42); formatting hash groups",42,True,results/dataset_extension_20260713/data/oof_canonical_predictions.csv
multilayer_perceptron,Multilayer Perceptron,Multilayer Perceptron,Python,dorn_python_072,4,python_fold4,0.0,0.9840948583395666,binary: human mean >= within-language mean,"StratifiedGroupKFold(n_splits=5, shuffle=True, random_state=42); formatting hash groups",42,True,results/dataset_extension_20260713/data/oof_canonical_predictions.csv
multilayer_perceptron,Multilayer Perceptron,Multilayer Perceptron,Python,dorn_python_073,1,python_fold1,0.0,0.8642674226003112,binary: human mean >= within-language mean,"StratifiedGroupKFold(n_splits=5, shuffle=True, random_state=42); formatting hash groups",42,True,results/dataset_extension_20260713/data/oof_canonical_predictions.csv
multilayer_perceptron,Multilayer Perceptron,Multilayer Perceptron,Python,dorn_python_074,2,python_fold2,0.0,0.999264943276478,binary: human mean >= within-language mean,"StratifiedGroupKFold(n_splits=5, shuffle=True, random_state=42); formatting hash groups",42,True,results/dataset_extension_20260713/data/oof_canonical_predictions.csv
multilayer_perceptron,Multilayer Perceptron,Multilayer Perceptron,Python,dorn_python_075,1,python_fold1,1.0,0.5643176723887409,binary: human mean >= within-language mean,"StratifiedGroupKFold(n_splits=5, shuffle=True, random_state=42); formatting hash groups",42,True,results/dataset_extension_20260713/data/oof_canonical_predictions.csv
multilayer_perceptron,Multilayer Perceptron,Multilayer Perceptron,Python,dorn_python_076,0,python_fold0,0.0,0.0026079595699626,binary: human mean >= within-language mean,"StratifiedGroupKFold(n_splits=5, shuffle=True, random_state=42); formatting hash groups",42,True,results/dataset_extension_20260713/data/oof_canonical_predictions.csv
multilayer_perceptron,Multilayer Perceptron,Multilayer Perceptron,Python,dorn_python_077,0,python_fold0,0.0,0.6274551783292007,binary: human mean >= within-language mean,"StratifiedGroupKFold(n_splits=5, shuffle=True, random_state=42); formatting hash groups",42,True,results/dataset_extension_20260713/data/oof_canonical_predictions.csv
multilayer_perceptron,Multilayer Perceptron,Multilayer Perceptron,Python,dorn_python_078,2,python_fold2,0.0,0.0001691010565359,binary: human mean >= within-language mean,"StratifiedGroupKFold(n_splits=5, shuffle=True, random_state=42); formatting hash groups",42,True,results/dataset_extension_20260713/data/oof_canonical_predictions.csv
multilayer_perceptron,Multilayer Perceptron,Multilayer Perceptron,Python,dorn_python_079,0,python_fold0,0.0,0.0002567510107246,binary: human mean >= within-language mean,"StratifiedGroupKFold(n_splits=5, shuffle=True, random_state=42); formatting hash groups",42,True,results/dataset_extension_20260713/data/oof_canonical_predictions.csv
multilayer_perceptron,Multilayer Perceptron,Multilayer Perceptron,Python,dorn_python_080,1,python_fold1,0.0,0.1001391381892095,binary: human mean >= within-language mean,"StratifiedGroupKFold(n_splits=5, shuffle=True, random_state=42); formatting hash groups",42,True,results/dataset_extension_20260713/data/oof_canonical_predictions.csv
multilayer_perceptron,Multilayer Perceptron,Multilayer Perceptron,Python,dorn_python_081,3,python_fold3,0.0,9.203734140442318e-08,binary: human mean >= within-language mean,"StratifiedGroupKFold(n_splits=5, shuffle=True, random_state=42); formatting hash groups",42,True,results/dataset_extension_20260713/data/oof_canonical_predictions.csv
multilayer_perceptron,Multilayer Perceptron,Multilayer Perceptron,Python,dorn_python_082,0,python_fold0,1.0,0.9660572012813564,binary: human mean >= within-language mean,"StratifiedGroupKFold(n_splits=5, shuffle=True, random_state=42); formatting hash groups",42,True,results/dataset_extension_20260713/data/oof_canonical_predictions.csv
multilayer_perceptron,Multilayer Perceptron,Multilayer Perceptron,Python,dorn_python_083,1,python_fold1,1.0,0.8894450485298029,binary: human mean >= within-language mean,"StratifiedGroupKFold(n_splits=5, shuffle=True, random_state=42); formatting hash groups",42,True,results/dataset_extension_20260713/data/oof_canonical_predictions.csv
multilayer_perceptron,Multilayer Perceptron,Multilayer Perceptron,Python,dorn_python_084,1,python_fold1,1.0,1.1531389231625837e-07,binary: human mean >= within-language mean,"StratifiedGroupKFold(n_splits=5, shuffle=True, random_state=42); formatting hash groups",42,True,results/dataset_extension_20260713/data/oof_canonical_predictions.csv
multilayer_perceptron,Multilayer Perceptron,Multilayer Perceptron,Python,dorn_python_085,4,python_fold4,0.0,0.012720665699206,binary: human mean >= within-language mean,"StratifiedGroupKFold(n_splits=5, shuffle=True, random_state=42); formatting hash groups",42,True,results/dataset_extension_20260713/data/oof_canonical_predictions.csv
multilayer_perceptron,Multilayer Perceptron,Multilayer Perceptron,Python,dorn_python_086,4,python_fold4,1.0,0.6299585169952697,binary: human mean >= within-language mean,"StratifiedGroupKFold(n_splits=5, shuffle=True, random_state=42); formatting hash groups",42,True,results/dataset_extension_20260713/data/oof_canonical_predictions.csv
multilayer_perceptron,Multilayer Perceptron,Multilayer Perceptron,Python,dorn_python_087,3,python_fold3,1.0,0.9989380886451964,binary: human mean >= within-language mean,"StratifiedGroupKFold(n_splits=5, shuffle=True, random_state=42); formatting hash groups",42,True,results/dataset_extension_20260713/data/oof_canonical_predictions.csv
multilayer_perceptron,Multilayer Perceptron,Multilayer Perceptron,Python,dorn_python_088,3,python_fold3,1.0,0.9998920149592552,binary: human mean >= within-language mean,"StratifiedGroupKFold(n_splits=5, shuffle=True, random_state=42); formatting hash groups",42,True,results/dataset_extension_20260713/data/oof_canonical_predictions.csv
multilayer_perceptron,Multilayer Perceptron,Multilayer Perceptron,Python,dorn_python_089,1,python_fold1,1.0,0.9847175331840772,binary: human mean >= within-language mean,"StratifiedGroupKFold(n_splits=5, shuffle=True, random_state=42); formatting hash groups",42,True,results/dataset_extension_20260713/data/oof_canonical_predictions.csv
multilayer_perceptron,Multilayer Perceptron,Multilayer Perceptron,Python,dorn_python_090,1,python_fold1,0.0,0.1145914910114409,binary: human mean >= within-language mean,"StratifiedGroupKFold(n_splits=5, shuffle=True, random_state=42); formatting hash groups",42,True,results/dataset_extension_20260713/data/oof_canonical_predictions.csv
multilayer_perceptron,Multilayer Perceptron,Multilayer Perceptron,Python,dorn_python_091,4,python_fold4,0.0,0.5221976964291826,binary: human mean >= within-language mean,"StratifiedGroupKFold(n_splits=5, shuffle=True, random_state=42); formatting hash groups",42,True,results/dataset_extension_20260713/data/oof_canonical_predictions.csv
multilayer_perceptron,Multilayer Perceptron,Multilayer Perceptron,Python,dorn_python_092,4,python_fold4,1.0,0.9815186361621138,binary: human mean >= within-language mean,"StratifiedGroupKFold(n_splits=5, shuffle=True, random_state=42); formatting hash groups",42,True,results/dataset_extension_20260713/data/oof_canonical_predictions.csv
multilayer_perceptron,Multilayer Perceptron,Multilayer Perceptron,Python,dorn_python_093,2,python_fold2,1.0,0.9635243549255424,binary: human mean >= within-language mean,"StratifiedGroupKFold(n_splits=5, shuffle=True, random_state=42); formatting hash groups",42,True,results/dataset_extension_20260713/data/oof_canonical_predictions.csv
multilayer_perceptron,Multilayer Perceptron,Multilayer Perceptron,Python,dorn_python_094,2,python_fold2,0.0,5.814655579634276e-05,binary: human mean >= within-language mean,"StratifiedGroupKFold(n_splits=5, shuffle=True, random_state=42); formatting hash groups",42,True,results/dataset_extension_20260713/data/oof_canonical_predictions.csv
multilayer_perceptron,Multilayer Perceptron,Multilayer Perceptron,Python,dorn_python_095,2,python_fold2,0.0,0.1876848862197096,binary: human mean >= within-language mean,"StratifiedGroupKFold(n_splits=5, shuffle=True, random_state=42); formatting hash groups",42,True,results/dataset_extension_20260713/data/oof_canonical_predictions.csv
multilayer_perceptron,Multilayer Perceptron,Multilayer Perceptron,Python,dorn_python_096,3,python_fold3,0.0,0.522526457899216,binary: human mean >= within-language mean,"StratifiedGroupKFold(n_splits=5, shuffle=True, random_state=42); formatting hash groups",42,True,results/dataset_extension_20260713/data/oof_canonical_predictions.csv
multilayer_perceptron,Multilayer Perceptron,Multilayer Perceptron,Python,dorn_python_097,0,python_fold0,1.0,0.9984528789691154,binary: human mean >= within-language mean,"StratifiedGroupKFold(n_splits=5, shuffle=True, random_state=42); formatting hash groups",42,True,results/dataset_extension_20260713/data/oof_canonical_predictions.csv
multilayer_perceptron,Multilayer Perceptron,Multilayer Perceptron,Python,dorn_python_098,0,python_fold0,1.0,0.0046692321441939,binary: human mean >= within-language mean,"StratifiedGroupKFold(n_splits=5, shuffle=True, random_state=42); formatting hash groups",42,True,results/dataset_extension_20260713/data/oof_canonical_predictions.csv
multilayer_perceptron,Multilayer Perceptron,Multilayer Perceptron,Python,dorn_python_099,4,python_fold4,0.0,0.0425677131191234,binary: human mean >= within-language mean,"StratifiedGroupKFold(n_splits=5, shuffle=True, random_state=42); formatting hash groups",42,True,results/dataset_extension_20260713/data/oof_canonical_predictions.csv
multilayer_perceptron,Multilayer Perceptron,Multilayer Perceptron,Python,dorn_python_100,2,python_fold2,0.0,0.0517706858738277,binary: human mean >= within-language mean,"StratifiedGroupKFold(n_splits=5, shuffle=True, random_state=42); formatting hash groups",42,True,results/dataset_extension_20260713/data/oof_canonical_predictions.csv
multilayer_perceptron,Multilayer Perceptron,Multilayer Perceptron,Python,dorn_python_101,4,python_fold4,1.0,0.9063438876677246,binary: human mean >= within-language mean,"StratifiedGroupKFold(n_splits=5, shuffle=True, random_state=42); formatting hash groups",42,True,results/dataset_extension_20260713/data/oof_canonical_predictions.csv
multilayer_perceptron,Multilayer Perceptron,Multilayer Perceptron,Python,dorn_python_102,4,python_fold4,1.0,0.1665787583948099,binary: human mean >= within-language mean,"StratifiedGroupKFold(n_splits=5, shuffle=True, random_state=42); formatting hash groups",42,True,results/dataset_extension_20260713/data/oof_canonical_predictions.csv
multilayer_perceptron,Multilayer Perceptron,Multilayer Perceptron,Python,dorn_python_103,2,python_fold2,1.0,0.9539390933483846,binary: human mean >= within-language mean,"StratifiedGroupKFold(n_splits=5, shuffle=True, random_state=42); formatting hash groups",42,True,results/dataset_extension_20260713/data/oof_canonical_predictions.csv
multilayer_perceptron,Multilayer Perceptron,Multilayer Perceptron,Python,dorn_python_104,3,python_fold3,0.0,2.961952982123132e-05,binary: human mean >= within-language mean,"StratifiedGroupKFold(n_splits=5, shuffle=True, random_state=42); formatting hash groups",42,True,results/dataset_extension_20260713/data/oof_canonical_predictions.csv
multilayer_perceptron,Multilayer Perceptron,Multilayer Perceptron,Python,dorn_python_105,4,python_fold4,0.0,0.6852252734145532,binary: human mean >= within-language mean,"StratifiedGroupKFold(n_splits=5, shuffle=True, random_state=42); formatting hash groups",42,True,results/dataset_extension_20260713/data/oof_canonical_predictions.csv
multilayer_perceptron,Multilayer Perceptron,Multilayer Perceptron,Python,dorn_python_106,2,python_fold2,0.0,2.2791153733556185e-05,binary: human mean >= within-language mean,"StratifiedGroupKFold(n_splits=5, shuffle=True, random_state=42); formatting hash groups",42,True,results/dataset_extension_20260713/data/oof_canonical_predictions.csv
multilayer_perceptron,Multilayer Perceptron,Multilayer Perceptron,Python,dorn_python_107,0,python_fold0,1.0,0.996187629504192,binary: human mean >= within-language mean,"StratifiedGroupKFold(n_splits=5, shuffle=True, random_state=42); formatting hash groups",42,True,results/dataset_extension_20260713/data/oof_canonical_predictions.csv
multilayer_perceptron,Multilayer Perceptron,Multilayer Perceptron,Python,dorn_python_108,0,python_fold0,1.0,0.9984528789691154,binary: human mean >= within-language mean,"StratifiedGroupKFold(n_splits=5, shuffle=True, random_state=42); formatting hash groups",42,True,results/dataset_extension_20260713/data/oof_canonical_predictions.csv
multilayer_perceptron,Multilayer Perceptron,Multilayer Perceptron,Python,dorn_python_109,3,python_fold3,1.0,0.9987932724119968,binary: human mean >= within-language mean,"StratifiedGroupKFold(n_splits=5, shuffle=True, random_state=42); formatting hash groups",42,True,results/dataset_extension_20260713/data/oof_canonical_predictions.csv
multilayer_perceptron,Multilayer Perceptron,Multilayer Perceptron,Python,dorn_python_110,0,python_fold0,0.0,0.9327766928115316,binary: human mean >= within-language mean,"StratifiedGroupKFold(n_splits=5, shuffle=True, random_state=42); formatting hash groups",42,True,results/dataset_extension_20260713/data/oof_canonical_predictions.csv
multilayer_perceptron,Multilayer Perceptron,Multilayer Perceptron,Python,dorn_python_111,4,python_fold4,0.0,1.5101649596974171e-05,binary: human mean >= within-language mean,"StratifiedGroupKFold(n_splits=5, shuffle=True, random_state=42); formatting hash groups",42,True,results/dataset_extension_20260713/data/oof_canonical_predictions.csv
multilayer_perceptron,Multilayer Perceptron,Multilayer Perceptron,Python,dorn_python_112,4,python_fold4,0.0,7.353850042402883e-05,binary: human mean >= within-language mean,"StratifiedGroupKFold(n_splits=5, shuffle=True, random_state=42); formatting hash groups",42,True,results/dataset_extension_20260713/data/oof_canonical_predictions.csv
multilayer_perceptron,Multilayer Perceptron,Multilayer Perceptron,Python,dorn_python_113,0,python_fold0,1.0,0.0001587783034593,binary: human mean >= within-language mean,"StratifiedGroupKFold(n_splits=5, shuffle=True, random_state=42); formatting hash groups",42,True,results/dataset_extension_20260713/data/oof_canonical_predictions.csv
multilayer_perceptron,Multilayer Perceptron,Multilayer Perceptron,Python,dorn_python_114,2,python_fold2,1.0,0.9515846272632348,binary: human mean >= within-language mean,"StratifiedGroupKFold(n_splits=5, shuffle=True, random_state=42); formatting hash groups",42,True,results/dataset_extension_20260713/data/oof_canonical_predictions.csv
multilayer_perceptron,Multilayer Perceptron,Multilayer Perceptron,Python,dorn_python_115,3,python_fold3,0.0,0.2884224696200965,binary: human mean >= within-language mean,"StratifiedGroupKFold(n_splits=5, shuffle=True, random_state=42); formatting hash groups",42,True,results/dataset_extension_20260713/data/oof_canonical_predictions.csv
multilayer_perceptron,Multilayer Perceptron,Multilayer Perceptron,Python,dorn_python_116,2,python_fold2,1.0,0.909412721775686,binary: human mean >= within-language mean,"StratifiedGroupKFold(n_splits=5, shuffle=True, random_state=42); formatting hash groups",42,True,results/dataset_extension_20260713/data/oof_canonical_predictions.csv
multilayer_perceptron,Multilayer Perceptron,Multilayer Perceptron,Python,dorn_python_117,2,python_fold2,0.0,0.7072303589480207,binary: human mean >= within-language mean,"StratifiedGroupKFold(n_splits=5, shuffle=True, random_state=42); formatting hash groups",42,True,results/dataset_extension_20260713/data/oof_canonical_predictions.csv
multilayer_perceptron,Multilayer Perceptron,Multilayer Perceptron,Python,dorn_python_118,4,python_fold4,0.0,0.7765041544905559,binary: human mean >= within-language mean,"StratifiedGroupKFold(n_splits=5, shuffle=True, random_state=42); formatting hash groups",42,True,results/dataset_extension_20260713/data/oof_canonical_predictions.csv
svr,Support Vector Regression,svr,CUDA,dorn_cuda_000,4,cuda_fold4,-1.3330681991182871,-1.1173817651669344,regression: human score z-normalized within benchmark,"StratifiedGroupKFold(n_splits=5, shuffle=True, random_state=42); formatting hash groups",42,True,results/dataset_extension_20260713/data/oof_predictions.csv
svr,Support Vector Regression,svr,CUDA,dorn_cuda_001,4,cuda_fold4,-1.330870411035722,-0.8257824192684728,regression: human score z-normalized within benchmark,"StratifiedGroupKFold(n_splits=5, shuffle=True, random_state=42); formatting hash groups",42,True,results/dataset_extension_20260713/data/oof_predictions.csv
svr,Support Vector Regression,svr,CUDA,dorn_cuda_002,0,cuda_fold0,-0.5118803805538301,-0.2974228937018752,regression: human score z-normalized within benchmark,"StratifiedGroupKFold(n_splits=5, shuffle=True, random_state=42); formatting hash groups",42,True,results/dataset_extension_20260713/data/oof_predictions.csv
svr,Support Vector Regression,svr,CUDA,dorn_cuda_003,4,cuda_fold4,-1.1928144339254612,-0.9520871069207526,regression: human score z-normalized within benchmark,"StratifiedGroupKFold(n_splits=5, shuffle=True, random_state=42); formatting hash groups",42,True,results/dataset_extension_20260713/data/oof_predictions.csv
svr,Support Vector Regression,svr,CUDA,dorn_cuda_004,3,cuda_fold3,0.8624995683892187,0.4719706391042433,regression: human score z-normalized within benchmark,"StratifiedGroupKFold(n_splits=5, shuffle=True, random_state=42); formatting hash groups",42,True,results/dataset_extension_20260713/data/oof_predictions.csv
svr,Support Vector Regression,svr,CUDA,dorn_cuda_005,0,cuda_fold0,0.4815651839486285,0.0732095093490299,regression: human score z-normalized within benchmark,"StratifiedGroupKFold(n_splits=5, shuffle=True, random_state=42); formatting hash groups",42,True,results/dataset_extension_20260713/data/oof_predictions.csv
svr,Support Vector Regression,svr,CUDA,dorn_cuda_006,3,cuda_fold3,-1.6759716503425175,-1.287563466907693,regression: human score z-normalized within benchmark,"StratifiedGroupKFold(n_splits=5, shuffle=True, random_state=42); formatting hash groups",42,True,results/dataset_extension_20260713/data/oof_predictions.csv
svr,Support Vector Regression,svr,CUDA,dorn_cuda_007,2,cuda_fold2,-0.9433191902657118,-0.9419198105527676,regression: human score z-normalized within benchmark,"StratifiedGroupKFold(n_splits=5, shuffle=True, random_state=42); formatting hash groups",42,True,results/dataset_extension_20260713/data/oof_predictions.csv
svr,Support Vector Regression,svr,CUDA,dorn_cuda_008,2,cuda_fold2,1.3649261843489906,-0.5337625206144441,regression: human score z-normalized within benchmark,"StratifiedGroupKFold(n_splits=5, shuffle=True, random_state=42); formatting hash groups",42,True,results/dataset_extension_20260713/data/oof_predictions.csv
svr,Support Vector Regression,svr,CUDA,dorn_cuda_009,1,cuda_fold1,0.1497061605861965,-0.5510500860740164,regression: human score z-normalized within benchmark,"StratifiedGroupKFold(n_splits=5, shuffle=True, random_state=42); formatting hash groups",42,True,results/dataset_extension_20260713/data/oof_predictions.csv
svr,Support Vector Regression,svr,CUDA,dorn_cuda_010,3,cuda_fold3,-1.47158076457386,-1.5352665352027537,regression: human score z-normalized within benchmark,"StratifiedGroupKFold(n_splits=5, shuffle=True, random_state=42); formatting hash groups",42,True,results/dataset_extension_20260713/data/oof_predictions.csv
svr,Support Vector Regression,svr,CUDA,dorn_cuda_011,2,cuda_fold2,-1.6992360408578573,-0.6415776398961438,regression: human score z-normalized within benchmark,"StratifiedGroupKFold(n_splits=5, shuffle=True, random_state=42); formatting hash groups",42,True,results/dataset_extension_20260713/data/oof_predictions.csv
svr,Support Vector Regression,svr,CUDA,dorn_cuda_012,0,cuda_fold0,-0.2117585432836727,-0.7700528808159331,regression: human score z-normalized within benchmark,"StratifiedGroupKFold(n_splits=5, shuffle=True, random_state=42); formatting hash groups",42,True,results/dataset_extension_20260713/data/oof_predictions.csv
svr,Support Vector Regression,svr,CUDA,dorn_cuda_013,4,cuda_fold4,0.3813377771082697,-0.1087699019466907,regression: human score z-normalized within benchmark,"StratifiedGroupKFold(n_splits=5, shuffle=True, random_state=42); formatting hash groups",42,True,results/dataset_extension_20260713/data/oof_predictions.csv
svr,Support Vector Regression,svr,CUDA,dorn_cuda_014,2,cuda_fold2,-0.3609670524478493,-0.4542114444687123,regression: human score z-normalized within benchmark,"StratifiedGroupKFold(n_splits=5, shuffle=True, random_state=42); formatting hash groups",42,True,results/dataset_extension_20260713/data/oof_predictions.csv
svr,Support Vector Regression,svr,CUDA,dorn_cuda_015,4,cuda_fold4,-0.3204601062791145,-0.7238700263338921,regression: human score z-normalized within benchmark,"StratifiedGroupKFold(n_splits=5, shuffle=True, random_state=42); formatting hash groups",42,True,results/dataset_extension_20260713/data/oof_predictions.csv
svr,Support Vector Regression,svr,CUDA,dorn_cuda_016,0,cuda_fold0,-2.589813763677307,-1.5179096188237349,regression: human score z-normalized within benchmark,"StratifiedGroupKFold(n_splits=5, shuffle=True, random_state=42); formatting hash groups",42,True,results/dataset_extension_20260713/data/oof_predictions.csv
svr,Support Vector Regression,svr,CUDA,dorn_cuda_017,3,cuda_fold3,0.0013340189934547,0.2834741315873212,regression: human score z-normalized within benchmark,"StratifiedGroupKFold(n_splits=5, shuffle=True, random_state=42); formatting hash groups",42,True,results/dataset_extension_20260713/data/oof_predictions.csv
svr,Support Vector Regression,svr,CUDA,dorn_cuda_018,3,cuda_fold3,-0.3046835230415748,-0.2694674030418724,regression: human score z-normalized within benchmark,"StratifiedGroupKFold(n_splits=5, shuffle=True, random_state=42); formatting hash groups",42,True,results/dataset_extension_20260713/data/oof_predictions.csv
svr,Support Vector Regression,svr,CUDA,dorn_cuda_019,1,cuda_fold1,0.7455130416695493,-0.0569804140263774,regression: human score z-normalized within benchmark,"StratifiedGroupKFold(n_splits=5, shuffle=True, random_state=42); formatting hash groups",42,True,results/dataset_extension_20260713/data/oof_predictions.csv
svr,Support Vector Regression,svr,CUDA,dorn_cuda_020,4,cuda_fold4,-1.6213758837384722,-0.979512724121052,regression: human score z-normalized within benchmark,"StratifiedGroupKFold(n_splits=5, shuffle=True, random_state=42); formatting hash groups",42,True,results/dataset_extension_20260713/data/oof_predictions.csv
svr,Support Vector Regression,svr,CUDA,dorn_cuda_021,3,cuda_fold3,0.1115711859914327,-1.1501464029737287,regression: human score z-normalized within benchmark,"StratifiedGroupKFold(n_splits=5, shuffle=True, random_state=42); formatting hash groups",42,True,results/dataset_extension_20260713/data/oof_predictions.csv
svr,Support Vector Regression,svr,CUDA,dorn_cuda_022,0,cuda_fold0,0.0959442508096944,-0.0244688900707408,regression: human score z-normalized within benchmark,"StratifiedGroupKFold(n_splits=5, shuffle=True, random_state=42); formatting hash groups",42,True,results/dataset_extension_20260713/data/oof_predictions.csv
svr,Support Vector Regression,svr,CUDA,dorn_cuda_023,3,cuda_fold3,-1.2714207581067822,-1.6421478429689809,regression: human score z-normalized within benchmark,"StratifiedGroupKFold(n_splits=5, shuffle=True, random_state=42); formatting hash groups",42,True,results/dataset_extension_20260713/data/oof_predictions.csv
svr,Support Vector Regression,svr,CUDA,dorn_cuda_024,1,cuda_fold1,-3.3644292943332053,-2.0236534509133053,regression: human score z-normalized within benchmark,"StratifiedGroupKFold(n_splits=5, shuffle=True, random_state=42); formatting hash groups",42,True,results/dataset_extension_20260713/data/oof_predictions.csv
svr,Support Vector Regression,svr,CUDA,dorn_cuda_025,4,cuda_fold4,-2.393676819216449,-1.4888793220848169,regression: human score z-normalized within benchmark,"StratifiedGroupKFold(n_splits=5, shuffle=True, random_state=42); formatting hash groups",42,True,results/dataset_extension_20260713/data/oof_predictions.csv
svr,Support Vector Regression,svr,CUDA,dorn_cuda_026,4,cuda_fold4,0.5865160368968738,-0.7367734743698616,regression: human score z-normalized within benchmark,"StratifiedGroupKFold(n_splits=5, shuffle=True, random_state=42); formatting hash groups",42,True,results/dataset_extension_20260713/data/oof_predictions.csv
svr,Support Vector Regression,svr,CUDA,dorn_cuda_027,0,cuda_fold0,0.0633445132850774,-0.1475576552672663,regression: human score z-normalized within benchmark,"StratifiedGroupKFold(n_splits=5, shuffle=True, random_state=42); formatting hash groups",42,True,results/dataset_extension_20260713/data/oof_predictions.csv
svr,Support Vector Regression,svr,CUDA,dorn_cuda_028,3,cuda_fold3,0.3604006086171846,-0.3359518391378675,regression: human score z-normalized within benchmark,"StratifiedGroupKFold(n_splits=5, shuffle=True, random_state=42); formatting hash groups",42,True,results/dataset_extension_20260713/data/oof_predictions.csv
svr,Support Vector Regression,svr,CUDA,dorn_cuda_029,4,cuda_fold4,-0.482773903624595,-0.1708198480230363,regression: human score z-normalized within benchmark,"StratifiedGroupKFold(n_splits=5, shuffle=True, random_state=42); formatting hash groups",42,True,results/dataset_extension_20260713/data/oof_predictions.csv
svr,Support Vector Regression,svr,CUDA,dorn_cuda_030,1,cuda_fold1,-1.6019014434196213,-1.444353840851383,regression: human score z-normalized within benchmark,"StratifiedGroupKFold(n_splits=5, shuffle=True, random_state=42); formatting hash groups",42,True,results/dataset_extension_20260713/data/oof_predictions.csv
svr,Support Vector Regression,svr,CUDA,dorn_cuda_031,1,cuda_fold1,0.6821003157130926,0.2523444995147805,regression: human score z-normalized within benchmark,"StratifiedGroupKFold(n_splits=5, shuffle=True, random_state=42); formatting hash groups",42,True,results/dataset_extension_20260713/data/oof_predictions.csv
svr,Support Vector Regression,svr,CUDA,dorn_cuda_032,0,cuda_fold0,-1.4633337478915345,-1.1246850575737484,regression: human score z-normalized within benchmark,"StratifiedGroupKFold(n_splits=5, shuffle=True, random_state=42); formatting hash groups",42,True,results/dataset_extension_20260713/data/oof_predictions.csv
svr,Support Vector Regression,svr,CUDA,dorn_cuda_033,3,cuda_fold3,-1.079160520751964,-1.3289909483306472,regression: human score z-normalized within benchmark,"StratifiedGroupKFold(n_splits=5, shuffle=True, random_state=42); formatting hash groups",42,True,results/dataset_extension_20260713/data/oof_predictions.csv
svr,Support Vector Regression,svr,CUDA,dorn_cuda_034,0,cuda_fold0,-1.832415526331556,-1.584961994658241,regression: human score z-normalized within benchmark,"StratifiedGroupKFold(n_splits=5, shuffle=True, random_state=42); formatting hash groups",42,True,results/dataset_extension_20260713/data/oof_predictions.csv
svr,Support Vector Regression,svr,CUDA,dorn_cuda_035,3,cuda_fold3,-1.0082511268148038,0.6081865637860298,regression: human score z-normalized within benchmark,"StratifiedGroupKFold(n_splits=5, shuffle=True, random_state=42); formatting hash groups",42,True,results/dataset_extension_20260713/data/oof_predictions.csv
svr,Support Vector Regression,svr,CUDA,dorn_cuda_036,2,cuda_fold2,-0.8235114030057609,-1.0429862494736146,regression: human score z-normalized within benchmark,"StratifiedGroupKFold(n_splits=5, shuffle=True, random_state=42); formatting hash groups",42,True,results/dataset_extension_20260713/data/oof_predictions.csv
svr,Support Vector Regression,svr,CUDA,dorn_cuda_037,4,cuda_fold4,0.0173155927554386,-0.0781550923207253,regression: human score z-normalized within benchmark,"StratifiedGroupKFold(n_splits=5, shuffle=True, random_state=42); formatting hash groups",42,True,results/dataset_extension_20260713/data/oof_predictions.csv
svr,Support Vector Regression,svr,CUDA,dorn_cuda_038,2,cuda_fold2,-2.6049582402712725,-2.2716809937832387,regression: human score z-normalized within benchmark,"StratifiedGroupKFold(n_splits=5, shuffle=True, random_state=42); formatting hash groups",42,True,results/dataset_extension_20260713/data/oof_predictions.csv
svr,Support Vector Regression,svr,CUDA,dorn_cuda_039,2,cuda_fold2,0.6106214708117965,0.6462001644691182,regression: human score z-normalized within benchmark,"StratifiedGroupKFold(n_splits=5, shuffle=True, random_state=42); formatting hash groups",42,True,results/dataset_extension_20260713/data/oof_predictions.csv
svr,Support Vector Regression,svr,CUDA,dorn_cuda_040,2,cuda_fold2,1.4032281988324742,0.1132278148708849,regression: human score z-normalized within benchmark,"StratifiedGroupKFold(n_splits=5, shuffle=True, random_state=42); formatting hash groups",42,True,results/dataset_extension_20260713/data/oof_predictions.csv
svr,Support Vector Regression,svr,CUDA,dorn_cuda_041,3,cuda_fold3,1.356926138865554,0.5687700104384248,regression: human score z-normalized within benchmark,"StratifiedGroupKFold(n_splits=5, shuffle=True, random_state=42); formatting hash groups",42,True,results/dataset_extension_20260713/data/oof_predictions.csv
svr,Support Vector Regression,svr,CUDA,dorn_cuda_042,3,cuda_fold3,-0.5295697502046325,-0.6119204761432934,regression: human score z-normalized within benchmark,"StratifiedGroupKFold(n_splits=5, shuffle=True, random_state=42); formatting hash groups",42,True,results/dataset_extension_20260713/data/oof_predictions.csv
svr,Support Vector Regression,svr,CUDA,dorn_cuda_043,2,cuda_fold2,-1.1181721614293654,-0.9371318182285564,regression: human score z-normalized within benchmark,"StratifiedGroupKFold(n_splits=5, shuffle=True, random_state=42); formatting hash groups",42,True,results/dataset_extension_20260713/data/oof_predictions.csv
svr,Support Vector Regression,svr,CUDA,dorn_cuda_044,4,cuda_fold4,-0.4084537514951267,-0.215350919580522,regression: human score z-normalized within benchmark,"StratifiedGroupKFold(n_splits=5, shuffle=True, random_state=42); formatting hash groups",42,True,results/dataset_extension_20260713/data/oof_predictions.csv
svr,Support Vector Regression,svr,CUDA,dorn_cuda_045,4,cuda_fold4,-1.0260434314825255,-0.7433507120235888,regression: human score z-normalized within benchmark,"StratifiedGroupKFold(n_splits=5, shuffle=True, random_state=42); formatting hash groups",42,True,results/dataset_extension_20260713/data/oof_predictions.csv
svr,Support Vector Regression,svr,CUDA,dorn_cuda_046,2,cuda_fold2,-1.007227291901098,-0.8255290351121128,regression: human score z-normalized within benchmark,"StratifiedGroupKFold(n_splits=5, shuffle=True, random_state=42); formatting hash groups",42,True,results/dataset_extension_20260713/data/oof_predictions.csv
svr,Support Vector Regression,svr,CUDA,dorn_cuda_047,1,cuda_fold1,-2.155394157939788,-1.924269593224631,regression: human score z-normalized within benchmark,"StratifiedGroupKFold(n_splits=5, shuffle=True, random_state=42); formatting hash groups",42,True,results/dataset_extension_20260713/data/oof_predictions.csv
svr,Support Vector Regression,svr,CUDA,dorn_cuda_048,4,cuda_fold4,-0.5075023919044743,-0.0915602883145384,regression: human score z-normalized within benchmark,"StratifiedGroupKFold(n_splits=5, shuffle=True, random_state=42); formatting hash groups",42,True,results/dataset_extension_20260713/data/oof_predictions.csv
svr,Support Vector Regression,svr,CUDA,dorn_cuda_049,2,cuda_fold2,-0.0586981304009766,-0.6729379985079508,regression: human score z-normalized within benchmark,"StratifiedGroupKFold(n_splits=5, shuffle=True, random_state=42); formatting hash groups",42,True,results/dataset_extension_20260713/data/oof_predictions.csv
svr,Support Vector Regression,svr,CUDA,dorn_cuda_050,4,cuda_fold4,-2.5664200933785017,-0.884421911054531,regression: human score z-normalized within benchmark,"StratifiedGroupKFold(n_splits=5, shuffle=True, random_state=42); formatting hash groups",42,True,results/dataset_extension_20260713/data/oof_predictions.csv
svr,Support Vector Regression,svr,CUDA,dorn_cuda_051,3,cuda_fold3,-1.2574533909552963,-0.9760085871915184,regression: human score z-normalized within benchmark,"StratifiedGroupKFold(n_splits=5, shuffle=True, random_state=42); formatting hash groups",42,True,results/dataset_extension_20260713/data/oof_predictions.csv
svr,Support Vector Regression,svr,CUDA,dorn_cuda_052,4,cuda_fold4,0.5657765927695609,-0.13230912883316,regression: human score z-normalized within benchmark,"StratifiedGroupKFold(n_splits=5, shuffle=True, random_state=42); formatting hash groups",42,True,results/dataset_extension_20260713/data/oof_predictions.csv
svr,Support Vector Regression,svr,CUDA,dorn_cuda_053,0,cuda_fold0,-1.03495265744335,-0.905865089746594,regression: human score z-normalized within benchmark,"StratifiedGroupKFold(n_splits=5, shuffle=True, random_state=42); formatting hash groups",42,True,results/dataset_extension_20260713/data/oof_predictions.csv
svr,Support Vector Regression,svr,CUDA,dorn_cuda_054,2,cuda_fold2,-0.2305753787901582,0.3521515458559521,regression: human score z-normalized within benchmark,"StratifiedGroupKFold(n_splits=5, shuffle=True, random_state=42); formatting hash groups",42,True,results/dataset_extension_20260713/data/oof_predictions.csv
svr,Support Vector Regression,svr,CUDA,dorn_cuda_055,1,cuda_fold1,-1.956759207371425,-0.5253264810983272,regression: human score z-normalized within benchmark,"StratifiedGroupKFold(n_splits=5, shuffle=True, random_state=42); formatting hash groups",42,True,results/dataset_extension_20260713/data/oof_predictions.csv
svr,Support Vector Regression,svr,CUDA,dorn_cuda_056,2,cuda_fold2,-1.900843202519741,-0.8344048237295498,regression: human score z-normalized within benchmark,"StratifiedGroupKFold(n_splits=5, shuffle=True, random_state=42); formatting hash groups",42,True,results/dataset_extension_20260713/data/oof_predictions.csv
svr,Support Vector Regression,svr,CUDA,dorn_cuda_057,1,cuda_fold1,0.3651990328994641,-0.094735092807731,regression: human score z-normalized within benchmark,"StratifiedGroupKFold(n_splits=5, shuffle=True, random_state=42); formatting hash groups",42,True,results/dataset_extension_20260713/data/oof_predictions.csv
svr,Support Vector Regression,svr,CUDA,dorn_cuda_058,0,cuda_fold0,-1.722337343844676,-1.4902476653462515,regression: human score z-normalized within benchmark,"StratifiedGroupKFold(n_splits=5, shuffle=True, random_state=42); formatting hash groups",42,True,results/dataset_extension_20260713/data/oof_predictions.csv
svr,Support Vector Regression,svr,CUDA,dorn_cuda_059,1,cuda_fold1,-0.3794678686024327,-0.7689117649222807,regression: human score z-normalized within benchmark,"StratifiedGroupKFold(n_splits=5, shuffle=True, random_state=42); formatting hash groups",42,True,results/dataset_extension_20260713/data/oof_predictions.csv
svr,Support Vector Regression,svr,CUDA,dorn_cuda_060,1,cuda_fold1,0.2843892057819883,0.1218074431373292,regression: human score z-normalized within benchmark,"StratifiedGroupKFold(n_splits=5, shuffle=True, random_state=42); formatting hash groups",42,True,results/dataset_extension_20260713/data/oof_predictions.csv
svr,Support Vector Regression,svr,CUDA,dorn_cuda_061,0,cuda_fold0,-0.7590732066693463,-0.0387727742216086,regression: human score z-normalized within benchmark,"StratifiedGroupKFold(n_splits=5, shuffle=True, random_state=42); formatting hash groups",42,True,results/dataset_extension_20260713/data/oof_predictions.csv
svr,Support Vector Regression,svr,CUDA,dorn_cuda_062,1,cuda_fold1,0.5702557320771413,-0.3481808962572071,regression: human score z-normalized within benchmark,"StratifiedGroupKFold(n_splits=5, shuffle=True, random_state=42); formatting hash groups",42,True,results/dataset_extension_20260713/data/oof_predictions.csv
svr,Support Vector Regression,svr,CUDA,dorn_cuda_063,3,cuda_fold3,-1.434166450916321,-0.8205258459102243,regression: human score z-normalized within benchmark,"StratifiedGroupKFold(n_splits=5, shuffle=True, random_state=42); formatting hash groups",42,True,results/dataset_extension_20260713/data/oof_predictions.csv
svr,Support Vector Regression,svr,CUDA,dorn_cuda_064,0,cuda_fold0,-1.9389170633731667,-1.584961994658241,regression: human score z-normalized within benchmark,"StratifiedGroupKFold(n_splits=5, shuffle=True, random_state=42); formatting hash groups",42,True,results/dataset_extension_20260713/data/oof_predictions.csv
svr,Support Vector Regression,svr,CUDA,dorn_cuda_065,0,cuda_fold0,1.149152053484713,-0.2429263802874185,regression: human score z-normalized within benchmark,"StratifiedGroupKFold(n_splits=5, shuffle=True, random_state=42); formatting hash groups",42,True,results/dataset_extension_20260713/data/oof_predictions.csv
svr,Support Vector Regression,svr,CUDA,dorn_cuda_066,1,cuda_fold1,-1.13427220361369,-0.3805676220162275,regression: human score z-normalized within benchmark,"StratifiedGroupKFold(n_splits=5, shuffle=True, random_state=42); formatting hash groups",42,True,results/dataset_extension_20260713/data/oof_predictions.csv
svr,Support Vector Regression,svr,CUDA,dorn_cuda_067,3,cuda_fold3,-1.6065325428935953,-1.864364655376332,regression: human score z-normalized within benchmark,"StratifiedGroupKFold(n_splits=5, shuffle=True, random_state=42); formatting hash groups",42,True,results/dataset_extension_20260713/data/oof_predictions.csv
svr,Support Vector Regression,svr,CUDA,dorn_cuda_068,3,cuda_fold3,0.2367321282511696,-1.0015104088456073,regression: human score z-normalized within benchmark,"StratifiedGroupKFold(n_splits=5, shuffle=True, random_state=42); formatting hash groups",42,True,results/dataset_extension_20260713/data/oof_predictions.csv
svr,Support Vector Regression,svr,CUDA,dorn_cuda_069,2,cuda_fold2,-2.618460257693279,-1.4404742544526756,regression: human score z-normalized within benchmark,"StratifiedGroupKFold(n_splits=5, shuffle=True, random_state=42); formatting hash groups",42,True,results/dataset_extension_20260713/data/oof_predictions.csv
svr,Support Vector Regression,svr,CUDA,dorn_cuda_070,2,cuda_fold2,0.6022411924440584,-0.018216851760751,regression: human score z-normalized within benchmark,"StratifiedGroupKFold(n_splits=5, shuffle=True, random_state=42); formatting hash groups",42,True,results/dataset_extension_20260713/data/oof_predictions.csv
svr,Support Vector Regression,svr,CUDA,dorn_cuda_071,2,cuda_fold2,-0.827952614887075,-0.8694955092515,regression: human score z-normalized within benchmark,"StratifiedGroupKFold(n_splits=5, shuffle=True, random_state=42); formatting hash groups",42,True,results/dataset_extension_20260713/data/oof_predictions.csv
svr,Support Vector Regression,svr,CUDA,dorn_cuda_072,1,cuda_fold1,-1.900843202519741,-1.0065228796128411,regression: human score z-normalized within benchmark,"StratifiedGroupKFold(n_splits=5, shuffle=True, random_state=42); formatting hash groups",42,True,results/dataset_extension_20260713/data/oof_predictions.csv
svr,Support Vector Regression,svr,CUDA,dorn_cuda_073,4,cuda_fold4,-0.0848394351937928,-0.0183595572515097,regression: human score z-normalized within benchmark,"StratifiedGroupKFold(n_splits=5, shuffle=True, random_state=42); formatting hash groups",42,True,results/dataset_extension_20260713/data/oof_predictions.csv
svr,Support Vector Regression,svr,CUDA,dorn_cuda_074,3,cuda_fold3,0.1076850504851093,-0.2656269975292918,regression: human score z-normalized within benchmark,"StratifiedGroupKFold(n_splits=5, shuffle=True, random_state=42); formatting hash groups",42,True,results/dataset_extension_20260713/data/oof_predictions.csv
svr,Support Vector Regression,svr,CUDA,dorn_cuda_075,1,cuda_fold1,-1.1446771290660704,-0.1658984357907491,regression: human score z-normalized within benchmark,"StratifiedGroupKFold(n_splits=5, shuffle=True, random_state=42); formatting hash groups",42,True,results/dataset_extension_20260713/data/oof_predictions.csv
svr,Support Vector Regression,svr,CUDA,dorn_cuda_076,2,cuda_fold2,0.0496793623859066,0.2078438195003087,regression: human score z-normalized within benchmark,"StratifiedGroupKFold(n_splits=5, shuffle=True, random_state=42); formatting hash groups",42,True,results/dataset_extension_20260713/data/oof_predictions.csv
svr,Support Vector Regression,svr,CUDA,dorn_cuda_077,1,cuda_fold1,-0.2452578465086835,-0.3716501703992545,regression: human score z-normalized within benchmark,"StratifiedGroupKFold(n_splits=5, shuffle=True, random_state=42); formatting hash groups",42,True,results/dataset_extension_20260713/data/oof_predictions.csv
svr,Support Vector Regression,svr,CUDA,dorn_cuda_078,4,cuda_fold4,-2.6115245422753346,-1.5576876074504982,regression: human score z-normalized within benchmark,"StratifiedGroupKFold(n_splits=5, shuffle=True, random_state=42); formatting hash groups",42,True,results/dataset_extension_20260713/data/oof_predictions.csv
svr,Support Vector Regression,svr,CUDA,dorn_cuda_079,1,cuda_fold1,-1.319047890180549,-1.0290421490437958,regression: human score z-normalized within benchmark,"StratifiedGroupKFold(n_splits=5, shuffle=True, random_state=42); formatting hash groups",42,True,results/dataset_extension_20260713/data/oof_predictions.csv
svr,Support Vector Regression,svr,CUDA,dorn_cuda_080,3,cuda_fold3,-0.3964568088974301,-0.1808265471597874,regression: human score z-normalized within benchmark,"StratifiedGroupKFold(n_splits=5, shuffle=True, random_state=42); formatting hash groups",42,True,results/dataset_extension_20260713/data/oof_predictions.csv
svr,Support Vector Regression,svr,CUDA,dorn_cuda_081,3,cuda_fold3,-1.0451897100497312,-1.3718714741651905,regression: human score z-normalized within benchmark,"StratifiedGroupKFold(n_splits=5, shuffle=True, random_state=42); formatting hash groups",42,True,results/dataset_extension_20260713/data/oof_predictions.csv
svr,Support Vector Regression,svr,CUDA,dorn_cuda_082,1,cuda_fold1,-1.4267478438366836,-1.5470702916076973,regression: human score z-normalized within benchmark,"StratifiedGroupKFold(n_splits=5, shuffle=True, random_state=42); formatting hash groups",42,True,results/dataset_extension_20260713/data/oof_predictions.csv
svr,Support Vector Regression,svr,CUDA,dorn_cuda_083,1,cuda_fold1,-0.3640134546606111,-0.947138172841513,regression: human score z-normalized within benchmark,"StratifiedGroupKFold(n_splits=5, shuffle=True, random_state=42); formatting hash groups",42,True,results/dataset_extension_20260713/data/oof_predictions.csv
svr,Support Vector Regression,svr,CUDA,dorn_cuda_084,2,cuda_fold2,-2.1937788258205893,-1.8107312457618536,regression: human score z-normalized within benchmark,"StratifiedGroupKFold(n_splits=5, shuffle=True, random_state=42); formatting hash groups",42,True,results/dataset_extension_20260713/data/oof_predictions.csv
svr,Support Vector Regression,svr,CUDA,dorn_cuda_085,0,cuda_fold0,-0.4071698501197219,-0.9310559100517094,regression: human score z-normalized within benchmark,"StratifiedGroupKFold(n_splits=5, shuffle=True, random_state=42); formatting hash groups",42,True,results/dataset_extension_20260713/data/oof_predictions.csv
svr,Support Vector Regression,svr,CUDA,dorn_cuda_086,0,cuda_fold0,-0.7535391650978425,-0.6123400459002654,regression: human score z-normalized within benchmark,"StratifiedGroupKFold(n_splits=5, shuffle=True, random_state=42); formatting hash groups",42,True,results/dataset_extension_20260713/data/oof_predictions.csv
svr,Support Vector Regression,svr,CUDA,dorn_cuda_087,4,cuda_fold4,-0.8379209697522461,-1.0804955999274122,regression: human score z-normalized within benchmark,"StratifiedGroupKFold(n_splits=5, shuffle=True, random_state=42); formatting hash groups",42,True,results/dataset_extension_20260713/data/oof_predictions.csv
svr,Support Vector Regression,svr,CUDA,dorn_cuda_088,0,cuda_fold0,1.1812198361445585,0.2482015876389713,regression: human score z-normalized within benchmark,"StratifiedGroupKFold(n_splits=5, shuffle=True, random_state=42); formatting hash groups",42,True,results/dataset_extension_20260713/data/oof_predictions.csv
svr,Support Vector Regression,svr,CUDA,dorn_cuda_089,2,cuda_fold2,-1.8634092384873813,-1.6508255956630322,regression: human score z-normalized within benchmark,"StratifiedGroupKFold(n_splits=5, shuffle=True, random_state=42); formatting hash groups",42,True,results/dataset_extension_20260713/data/oof_predictions.csv
svr,Support Vector Regression,svr,CUDA,dorn_cuda_090,2,cuda_fold2,1.0487154872681097,0.0222377867045621,regression: human score z-normalized within benchmark,"StratifiedGroupKFold(n_splits=5, shuffle=True, random_state=42); formatting hash groups",42,True,results/dataset_extension_20260713/data/oof_predictions.csv
svr,Support Vector Regression,svr,CUDA,dorn_cuda_091,1,cuda_fold1,0.4280031053116198,-0.1268192279562482,regression: human score z-normalized within benchmark,"StratifiedGroupKFold(n_splits=5, shuffle=True, random_state=42); formatting hash groups",42,True,results/dataset_extension_20260713/data/oof_predictions.csv
svr,Support Vector Regression,svr,CUDA,dorn_cuda_092,1,cuda_fold1,-2.1758210864611502,-1.3567548693170688,regression: human score z-normalized within benchmark,"StratifiedGroupKFold(n_splits=5, shuffle=True, random_state=42); formatting hash groups",42,True,results/dataset_extension_20260713/data/oof_predictions.csv
svr,Support Vector Regression,svr,CUDA,dorn_cuda_093,2,cuda_fold2,-2.2872561393510744,-1.6480144992895474,regression: human score z-normalized within benchmark,"StratifiedGroupKFold(n_splits=5, shuffle=True, random_state=42); formatting hash groups",42,True,results/dataset_extension_20260713/data/oof_predictions.csv
svr,Support Vector Regression,svr,CUDA,dorn_cuda_094,3,cuda_fold3,-0.3983770710033127,-0.3704398896191292,regression: human score z-normalized within benchmark,"StratifiedGroupKFold(n_splits=5, shuffle=True, random_state=42); formatting hash groups",42,True,results/dataset_extension_20260713/data/oof_predictions.csv
svr,Support Vector Regression,svr,CUDA,dorn_cuda_095,0,cuda_fold0,-0.2292919285947633,0.2381819738170441,regression: human score z-normalized within benchmark,"StratifiedGroupKFold(n_splits=5, shuffle=True, random_state=42); formatting hash groups",42,True,results/dataset_extension_20260713/data/oof_predictions.csv
svr,Support Vector Regression,svr,CUDA,dorn_cuda_096,0,cuda_fold0,0.8267945605250427,-0.5583053348677457,regression: human score z-normalized within benchmark,"StratifiedGroupKFold(n_splits=5, shuffle=True, random_state=42); formatting hash groups",42,True,results/dataset_extension_20260713/data/oof_predictions.csv
svr,Support Vector Regression,svr,CUDA,dorn_cuda_097,2,cuda_fold2,-0.5416668047522039,-0.9669619004400968,regression: human score z-normalized within benchmark,"StratifiedGroupKFold(n_splits=5, shuffle=True, random_state=42); formatting hash groups",42,True,results/dataset_extension_20260713/data/oof_predictions.csv
svr,Support Vector Regression,svr,CUDA,dorn_cuda_098,0,cuda_fold0,-2.0952918490211663,-1.6590188366937455,regression: human score z-normalized within benchmark,"StratifiedGroupKFold(n_splits=5, shuffle=True, random_state=42); formatting hash groups",42,True,results/dataset_extension_20260713/data/oof_predictions.csv
svr,Support Vector Regression,svr,CUDA,dorn_cuda_099,1,cuda_fold1,-0.065786711727071,-0.7689117649222807,regression: human score z-normalized within benchmark,"StratifiedGroupKFold(n_splits=5, shuffle=True, random_state=42); formatting hash groups",42,True,results/dataset_extension_20260713/data/oof_predictions.csv
svr,Support Vector Regression,svr,CUDA,dorn_cuda_100,0,cuda_fold0,-0.2882309670181864,-0.3820847140614178,regression: human score z-normalized within benchmark,"StratifiedGroupKFold(n_splits=5, shuffle=True, random_state=42); formatting hash groups",42,True,results/dataset_extension_20260713/data/oof_predictions.csv
svr,Support Vector Regression,svr,CUDA,dorn_cuda_101,1,cuda_fold1,-0.425550235843289,0.2241700198020548,regression: human score z-normalized within benchmark,"StratifiedGroupKFold(n_splits=5, shuffle=True, random_state=42); formatting hash groups",42,True,results/dataset_extension_20260713/data/oof_predictions.csv
svr,Support Vector Regression,svr,CUDA,dorn_cuda_102,3,cuda_fold3,-0.7254167319036394,0.1777086933643483,regression: human score z-normalized within benchmark,"StratifiedGroupKFold(n_splits=5, shuffle=True, random_state=42); formatting hash groups",42,True,results/dataset_extension_20260713/data/oof_predictions.csv
svr,Support Vector Regression,svr,CUDA,dorn_cuda_103,4,cuda_fold4,-1.087095091737198,-1.084161856262997,regression: human score z-normalized within benchmark,"StratifiedGroupKFold(n_splits=5, shuffle=True, random_state=42); formatting hash groups",42,True,results/dataset_extension_20260713/data/oof_predictions.csv
svr,Support Vector Regression,svr,CUDA,dorn_cuda_104,4,cuda_fold4,-0.5152027678014517,-0.3241749471021384,regression: human score z-normalized within benchmark,"StratifiedGroupKFold(n_splits=5, shuffle=True, random_state=42); formatting hash groups",42,True,results/dataset_extension_20260713/data/oof_predictions.csv
svr,Support Vector Regression,svr,CUDA,dorn_cuda_105,0,cuda_fold0,-0.6415761928068863,-0.1800962334094218,regression: human score z-normalized within benchmark,"StratifiedGroupKFold(n_splits=5, shuffle=True, random_state=42); formatting hash groups",42,True,results/dataset_extension_20260713/data/oof_predictions.csv
svr,Support Vector Regression,svr,CUDA,dorn_cuda_106,2,cuda_fold2,0.3935289148199578,-0.8135938749175553,regression: human score z-normalized within benchmark,"StratifiedGroupKFold(n_splits=5, shuffle=True, random_state=42); formatting hash groups",42,True,results/dataset_extension_20260713/data/oof_predictions.csv
svr,Support Vector Regression,svr,CUDA,dorn_cuda_107,0,cuda_fold0,1.5494967252312777,0.0720024518889432,regression: human score z-normalized within benchmark,"StratifiedGroupKFold(n_splits=5, shuffle=True, random_state=42); formatting hash groups",42,True,results/dataset_extension_20260713/data/oof_predictions.csv
svr,Support Vector Regression,svr,CUDA,dorn_cuda_108,4,cuda_fold4,-2.722391175583522,-2.214329975961584,regression: human score z-normalized within benchmark,"StratifiedGroupKFold(n_splits=5, shuffle=True, random_state=42); formatting hash groups",42,True,results/dataset_extension_20260713/data/oof_predictions.csv
svr,Support Vector Regression,svr,CUDA,dorn_cuda_109,3,cuda_fold3,1.546736656662551,0.1984569928253727,regression: human score z-normalized within benchmark,"StratifiedGroupKFold(n_splits=5, shuffle=True, random_state=42); formatting hash groups",42,True,results/dataset_extension_20260713/data/oof_predictions.csv
svr,Support Vector Regression,svr,CUDA,dorn_cuda_110,0,cuda_fold0,-1.778843392279563,-2.0154144554082167,regression: human score z-normalized within benchmark,"StratifiedGroupKFold(n_splits=5, shuffle=True, random_state=42); formatting hash groups",42,True,results/dataset_extension_20260713/data/oof_predictions.csv
svr,Support Vector Regression,svr,CUDA,dorn_cuda_111,4,cuda_fold4,0.2833063270266451,-0.7057790518970599,regression: human score z-normalized within benchmark,"StratifiedGroupKFold(n_splits=5, shuffle=True, random_state=42); formatting hash groups",42,True,results/dataset_extension_20260713/data/oof_predictions.csv
svr,Support Vector Regression,svr,CUDA,dorn_cuda_112,0,cuda_fold0,-1.2073127497129623,-0.7302000765609021,regression: human score z-normalized within benchmark,"StratifiedGroupKFold(n_splits=5, shuffle=True, random_state=42); formatting hash groups",42,True,results/dataset_extension_20260713/data/oof_predictions.csv
svr,Support Vector Regression,svr,CUDA,dorn_cuda_113,1,cuda_fold1,-0.649413240908838,-1.0786761872881478,regression: human score z-normalized within benchmark,"StratifiedGroupKFold(n_splits=5, shuffle=True, random_state=42); formatting hash groups",42,True,results/dataset_extension_20260713/data/oof_predictions.csv
svr,Support Vector Regression,svr,CUDA,dorn_cuda_114,3,cuda_fold3,-2.104310802940527,-2.0444151589990462,regression: human score z-normalized within benchmark,"StratifiedGroupKFold(n_splits=5, shuffle=True, random_state=42); formatting hash groups",42,True,results/dataset_extension_20260713/data/oof_predictions.csv
svr,Support Vector Regression,svr,CUDA,dorn_cuda_115,3,cuda_fold3,-2.008537837505146,-1.8053437660360492,regression: human score z-normalized within benchmark,"StratifiedGroupKFold(n_splits=5, shuffle=True, random_state=42); formatting hash groups",42,True,results/dataset_extension_20260713/data/oof_predictions.csv
svr,Support Vector Regression,svr,CUDA,dorn_cuda_116,4,cuda_fold4,0.8567921478641056,0.205330716117401,regression: human score z-normalized within benchmark,"StratifiedGroupKFold(n_splits=5, shuffle=True, random_state=42); formatting hash groups",42,True,results/dataset_extension_20260713/data/oof_predictions.csv
svr,Support Vector Regression,svr,CUDA,dorn_cuda_117,1,cuda_fold1,-0.4775120830509961,-1.2378781482829917,regression: human score z-normalized within benchmark,"StratifiedGroupKFold(n_splits=5, shuffle=True, random_state=42); formatting hash groups",42,True,results/dataset_extension_20260713/data/oof_predictions.csv
svr,Support Vector Regression,svr,CUDA,dorn_cuda_118,2,cuda_fold2,-1.4588157054448916,-1.5153282963575028,regression: human score z-normalized within benchmark,"StratifiedGroupKFold(n_splits=5, shuffle=True, random_state=42); formatting hash groups",42,True,results/dataset_extension_20260713/data/oof_predictions.csv
svr,Support Vector Regression,svr,CUDA,dorn_cuda_119,4,cuda_fold4,0.3513008888739403,0.290884303432246,regression: human score z-normalized within benchmark,"StratifiedGroupKFold(n_splits=5, shuffle=True, random_state=42); formatting hash groups",42,True,results/dataset_extension_20260713/data/oof_predictions.csv
svr,Support Vector Regression,svr,Java,rq0_0000,0,pooled_z_seed42_fold0,-0.4688692505494623,0.6089492033305223,regression: human score z-normalized within benchmark,"predefined pooled_stratified_5fold, seed=42",42,True,experiments/rq0_viability/outputs/classical_baselines/classical_regression_predictions.csv
svr,Support Vector Regression,svr,Java,rq0_0001,3,pooled_z_seed42_fold3,0.7294408425569501,0.5932111280723619,regression: human score z-normalized within benchmark,"predefined pooled_stratified_5fold, seed=42",42,True,experiments/rq0_viability/outputs/classical_baselines/classical_regression_predictions.csv
svr,Support Vector Regression,svr,Java,rq0_0002,4,pooled_z_seed42_fold4,-0.9429259906794712,-0.8559192337253833,regression: human score z-normalized within benchmark,"predefined pooled_stratified_5fold, seed=42",42,True,experiments/rq0_viability/outputs/classical_baselines/classical_regression_predictions.csv
svr,Support Vector Regression,svr,Java,rq0_0003,0,pooled_z_seed42_fold0,1.1903293399055694,0.6085595443314958,regression: human score z-normalized within benchmark,"predefined pooled_stratified_5fold, seed=42",42,True,experiments/rq0_viability/outputs/classical_baselines/classical_regression_predictions.csv
svr,Support Vector Regression,svr,Java,rq0_0004,0,pooled_z_seed42_fold0,1.4405259527519627,0.7199041772434941,regression: human score z-normalized within benchmark,"predefined pooled_stratified_5fold, seed=42",42,True,experiments/rq0_viability/outputs/classical_baselines/classical_regression_predictions.csv
svr,Support Vector Regression,svr,Java,rq0_0005,2,pooled_z_seed42_fold2,-1.7461888003442083,0.5835825067125394,regression: human score z-normalized within benchmark,"predefined pooled_stratified_5fold, seed=42",42,True,experiments/rq0_viability/outputs/classical_baselines/classical_regression_predictions.csv
svr,Support Vector Regression,svr,Java,rq0_0006,0,pooled_z_seed42_fold0,0.545085443617502,0.6293546076914383,regression: human score z-normalized within benchmark,"predefined pooled_stratified_5fold, seed=42",42,True,experiments/rq0_viability/outputs/classical_baselines/classical_regression_predictions.csv
svr,Support Vector Regression,svr,Java,rq0_0007,3,pooled_z_seed42_fold3,-0.6795611350516886,-0.3156697486460907,regression: human score z-normalized within benchmark,"predefined pooled_stratified_5fold, seed=42",42,True,experiments/rq0_viability/outputs/classical_baselines/classical_regression_predictions.csv
svr,Support Vector Regression,svr,Java,rq0_0008,2,pooled_z_seed42_fold2,1.3483482532822386,0.4113188189195268,regression: human score z-normalized within benchmark,"predefined pooled_stratified_5fold, seed=42",42,True,experiments/rq0_viability/outputs/classical_baselines/classical_regression_predictions.csv
svr,Support Vector Regression,svr,Java,rq0_0009,1,pooled_z_seed42_fold1,0.0973651890502713,0.8702487721012001,regression: human score z-normalized within benchmark,"predefined pooled_stratified_5fold, seed=42",42,True,experiments/rq0_viability/outputs/classical_baselines/classical_regression_predictions.csv
svr,Support Vector Regression,svr,Java,rq0_0010,3,pooled_z_seed42_fold3,0.5714219291802802,0.4196238633418035,regression: human score z-normalized within benchmark,"predefined pooled_stratified_5fold, seed=42",42,True,experiments/rq0_viability/outputs/classical_baselines/classical_regression_predictions.csv
svr,Support Vector Regression,svr,Java,rq0_0011,3,pooled_z_seed42_fold3,0.4002347730222216,1.0473523073718316,regression: human score z-normalized within benchmark,"predefined pooled_stratified_5fold, seed=42",42,True,experiments/rq0_viability/outputs/classical_baselines/classical_regression_predictions.csv
svr,Support Vector Regression,svr,Java,rq0_0012,4,pooled_z_seed42_fold4,1.2166658254683484,0.7729450167409819,regression: human score z-normalized within benchmark,"predefined pooled_stratified_5fold, seed=42",42,True,experiments/rq0_viability/outputs/classical_baselines/classical_regression_predictions.csv
svr,Support Vector Regression,svr,Java,rq0_0013,0,pooled_z_seed42_fold0,-2.312423239943941,-1.0833772048811372,regression: human score z-normalized within benchmark,"predefined pooled_stratified_5fold, seed=42",42,True,experiments/rq0_viability/outputs/classical_baselines/classical_regression_predictions.csv
svr,Support Vector Regression,svr,Java,rq0_0014,0,pooled_z_seed42_fold0,-0.613719921144742,0.0585982076679814,regression: human score z-normalized within benchmark,"predefined pooled_stratified_5fold, seed=42",42,True,experiments/rq0_viability/outputs/classical_baselines/classical_regression_predictions.csv
svr,Support Vector Regression,svr,Java,rq0_0015,0,pooled_z_seed42_fold0,0.7162725997755606,0.3481762234864276,regression: human score z-normalized within benchmark,"predefined pooled_stratified_5fold, seed=42",42,True,experiments/rq0_viability/outputs/classical_baselines/classical_regression_predictions.csv
svr,Support Vector Regression,svr,Java,rq0_0016,4,pooled_z_seed42_fold4,-1.298468545776979,0.6879722374217494,regression: human score z-normalized within benchmark,"predefined pooled_stratified_5fold, seed=42",42,True,experiments/rq0_viability/outputs/classical_baselines/classical_regression_predictions.csv
svr,Support Vector Regression,svr,Java,rq0_0017,0,pooled_z_seed42_fold0,0.4265712585849998,0.2332199781381151,regression: human score z-normalized within benchmark,"predefined pooled_stratified_5fold, seed=42",42,True,experiments/rq0_viability/outputs/classical_baselines/classical_regression_predictions.csv
svr,Support Vector Regression,svr,Java,rq0_0018,3,pooled_z_seed42_fold3,-0.0343172387636203,0.2805366175353219,regression: human score z-normalized within benchmark,"predefined pooled_stratified_5fold, seed=42",42,True,experiments/rq0_viability/outputs/classical_baselines/classical_regression_predictions.csv
svr,Support Vector Regression,svr,Java,rq0_0019,2,pooled_z_seed42_fold2,0.7031043569941712,0.972728452802088,regression: human score z-normalized within benchmark,"predefined pooled_stratified_5fold, seed=42",42,True,experiments/rq0_viability/outputs/classical_baselines/classical_regression_predictions.csv
svr,Support Vector Regression,svr,Java,rq0_0020,4,pooled_z_seed42_fold4,-0.8770847767725254,0.5084257954166467,regression: human score z-normalized within benchmark,"predefined pooled_stratified_5fold, seed=42",42,True,experiments/rq0_viability/outputs/classical_baselines/classical_regression_predictions.csv
svr,Support Vector Regression,svr,Java,rq0_0021,1,pooled_z_seed42_fold1,1.0323104265288996,-0.1211440143498018,regression: human score z-normalized within benchmark,"predefined pooled_stratified_5fold, seed=42",42,True,experiments/rq0_viability/outputs/classical_baselines/classical_regression_predictions.csv
svr,Support Vector Regression,svr,Java,rq0_0022,2,pooled_z_seed42_fold2,0.3080570735524975,0.8851900430846985,regression: human score z-normalized within benchmark,"predefined pooled_stratified_5fold, seed=42",42,True,experiments/rq0_viability/outputs/classical_baselines/classical_regression_predictions.csv
svr,Support Vector Regression,svr,Java,rq0_0023,3,pooled_z_seed42_fold3,-1.891039470939489,-0.806872393564784,regression: human score z-normalized within benchmark,"predefined pooled_stratified_5fold, seed=42",42,True,experiments/rq0_viability/outputs/classical_baselines/classical_regression_predictions.csv
svr,Support Vector Regression,svr,Java,rq0_0024,1,pooled_z_seed42_fold1,-1.4301509735908695,-0.064315885427373,regression: human score z-normalized within benchmark,"predefined pooled_stratified_5fold, seed=42",42,True,experiments/rq0_viability/outputs/classical_baselines/classical_regression_predictions.csv
svr,Support Vector Regression,svr,Java,rq0_0025,3,pooled_z_seed42_fold3,0.7426090853383388,0.4742182970565159,regression: human score z-normalized within benchmark,"predefined pooled_stratified_5fold, seed=42",42,True,experiments/rq0_viability/outputs/classical_baselines/classical_regression_predictions.csv
svr,Support Vector Regression,svr,Java,rq0_0026,1,pooled_z_seed42_fold1,-0.6663928922702992,0.1674501141997532,regression: human score z-normalized within benchmark,"predefined pooled_stratified_5fold, seed=42",42,True,experiments/rq0_viability/outputs/classical_baselines/classical_regression_predictions.csv
svr,Support Vector Regression,svr,Java,rq0_0027,1,pooled_z_seed42_fold1,1.045478669310289,0.3584269754840853,regression: human score z-normalized within benchmark,"predefined pooled_stratified_5fold, seed=42",42,True,experiments/rq0_viability/outputs/classical_baselines/classical_regression_predictions.csv
svr,Support Vector Regression,svr,Java,rq0_0028,3,pooled_z_seed42_fold3,-0.7849070773028014,0.3357188264066263,regression: human score z-normalized within benchmark,"predefined pooled_stratified_5fold, seed=42",42,True,experiments/rq0_viability/outputs/classical_baselines/classical_regression_predictions.csv
svr,Support Vector Regression,svr,Java,rq0_0029,0,pooled_z_seed42_fold0,-0.0343172387636203,0.1330668413193392,regression: human score z-normalized within benchmark,"predefined pooled_stratified_5fold, seed=42",42,True,experiments/rq0_viability/outputs/classical_baselines/classical_regression_predictions.csv
svr,Support Vector Regression,svr,Java,rq0_0030,1,pooled_z_seed42_fold1,1.4931989238775203,0.2929334927947825,regression: human score z-normalized within benchmark,"predefined pooled_stratified_5fold, seed=42",42,True,experiments/rq0_viability/outputs/classical_baselines/classical_regression_predictions.csv
svr,Support Vector Regression,svr,Java,rq0_0031,4,pooled_z_seed42_fold4,1.163992854342792,0.4656549658626752,regression: human score z-normalized within benchmark,"predefined pooled_stratified_5fold, seed=42",42,True,experiments/rq0_viability/outputs/classical_baselines/classical_regression_predictions.csv
svr,Support Vector Regression,svr,Java,rq0_0032,4,pooled_z_seed42_fold4,1.690722565598357,0.2867715884536669,regression: human score z-normalized within benchmark,"predefined pooled_stratified_5fold, seed=42",42,True,experiments/rq0_viability/outputs/classical_baselines/classical_regression_predictions.csv
svr,Support Vector Regression,svr,Java,rq0_0033,1,pooled_z_seed42_fold1,-2.0358901415347703,0.0035010894243946,regression: human score z-normalized within benchmark,"predefined pooled_stratified_5fold, seed=42",42,True,experiments/rq0_viability/outputs/classical_baselines/classical_regression_predictions.csv
svr,Support Vector Regression,svr,Java,rq0_0034,4,pooled_z_seed42_fold4,-1.1799543607444758,0.1031890591015704,regression: human score z-normalized within benchmark,"predefined pooled_stratified_5fold, seed=42",42,True,experiments/rq0_viability/outputs/classical_baselines/classical_regression_predictions.csv
svr,Support Vector Regression,svr,Java,rq0_0035,0,pooled_z_seed42_fold0,-1.127281389618919,-0.6586097600503437,regression: human score z-normalized within benchmark,"predefined pooled_stratified_5fold, seed=42",42,True,experiments/rq0_viability/outputs/classical_baselines/classical_regression_predictions.csv
svr,Support Vector Regression,svr,Java,rq0_0036,1,pooled_z_seed42_fold1,-0.8112435628655795,0.129944058465891,regression: human score z-normalized within benchmark,"predefined pooled_stratified_5fold, seed=42",42,True,experiments/rq0_viability/outputs/classical_baselines/classical_regression_predictions.csv
svr,Support Vector Regression,svr,Java,rq0_0037,1,pooled_z_seed42_fold1,-0.5083739788936292,-0.2886306778237304,regression: human score z-normalized within benchmark,"predefined pooled_stratified_5fold, seed=42",42,True,experiments/rq0_viability/outputs/classical_baselines/classical_regression_predictions.csv
svr,Support Vector Regression,svr,Java,rq0_0038,4,pooled_z_seed42_fold4,-0.6005516783633533,0.2812865882636162,regression: human score z-normalized within benchmark,"predefined pooled_stratified_5fold, seed=42",42,True,experiments/rq0_viability/outputs/classical_baselines/classical_regression_predictions.csv
svr,Support Vector Regression,svr,Java,rq0_0039,3,pooled_z_seed42_fold3,-1.3774780024653124,0.3345572885657241,regression: human score z-normalized within benchmark,"predefined pooled_stratified_5fold, seed=42",42,True,experiments/rq0_viability/outputs/classical_baselines/classical_regression_predictions.csv
svr,Support Vector Regression,svr,Java,rq0_0040,4,pooled_z_seed42_fold4,-0.3240185799541812,-0.267630747185517,regression: human score z-normalized within benchmark,"predefined pooled_stratified_5fold, seed=42",42,True,experiments/rq0_viability/outputs/classical_baselines/classical_regression_predictions.csv
svr,Support Vector Regression,svr,Java,rq0_0041,1,pooled_z_seed42_fold1,0.0051874895805479,-0.2665090699765809,regression: human score z-normalized within benchmark,"predefined pooled_stratified_5fold, seed=42",42,True,experiments/rq0_viability/outputs/classical_baselines/classical_regression_predictions.csv
svr,Support Vector Regression,svr,Java,rq0_0042,3,pooled_z_seed42_fold3,1.256170553812516,0.8756211695546298,regression: human score z-normalized within benchmark,"predefined pooled_stratified_5fold, seed=42",42,True,experiments/rq0_viability/outputs/classical_baselines/classical_regression_predictions.csv
svr,Support Vector Regression,svr,Java,rq0_0043,0,pooled_z_seed42_fold0,0.8874597559336193,-0.6586975887942125,regression: human score z-normalized within benchmark,"predefined pooled_stratified_5fold, seed=42",42,True,experiments/rq0_viability/outputs/classical_baselines/classical_regression_predictions.csv
svr,Support Vector Regression,svr,Java,rq0_0044,3,pooled_z_seed42_fold3,0.7557773281197283,0.6799032920970661,regression: human score z-normalized within benchmark,"predefined pooled_stratified_5fold, seed=42",42,True,experiments/rq0_viability/outputs/classical_baselines/classical_regression_predictions.csv
svr,Support Vector Regression,svr,Java,rq0_0045,1,pooled_z_seed42_fold1,0.9401327270591764,0.4157240496138945,regression: human score z-normalized within benchmark,"predefined pooled_stratified_5fold, seed=42",42,True,experiments/rq0_viability/outputs/classical_baselines/classical_regression_predictions.csv
svr,Support Vector Regression,svr,Java,rq0_0046,2,pooled_z_seed42_fold2,1.0323104265288996,0.7444747225225437,regression: human score z-normalized within benchmark,"predefined pooled_stratified_5fold, seed=42",42,True,experiments/rq0_viability/outputs/classical_baselines/classical_regression_predictions.csv
svr,Support Vector Regression,svr,Java,rq0_0047,0,pooled_z_seed42_fold0,1.2166658254683484,0.5771270346730045,regression: human score z-normalized within benchmark,"predefined pooled_stratified_5fold, seed=42",42,True,experiments/rq0_viability/outputs/classical_baselines/classical_regression_predictions.csv
svr,Support Vector Regression,svr,Java,rq0_0048,1,pooled_z_seed42_fold1,1.4010212244077964,0.6467391454486268,regression: human score z-normalized within benchmark,"predefined pooled_stratified_5fold, seed=42",42,True,experiments/rq0_viability/outputs/classical_baselines/classical_regression_predictions.csv
svr,Support Vector Regression,svr,Java,rq0_0049,3,pooled_z_seed42_fold3,1.00597394096612,0.2499992781834519,regression: human score z-normalized within benchmark,"predefined pooled_stratified_5fold, seed=42",42,True,experiments/rq0_viability/outputs/classical_baselines/classical_regression_predictions.csv
svr,Support Vector Regression,svr,Java,rq0_0050,4,pooled_z_seed42_fold4,-1.0219354473678055,-0.3745673057301903,regression: human score z-normalized within benchmark,"predefined pooled_stratified_5fold, seed=42",42,True,experiments/rq0_viability/outputs/classical_baselines/classical_regression_predictions.csv
svr,Support Vector Regression,svr,Java,rq0_0051,2,pooled_z_seed42_fold2,-0.8902530195539149,0.0097101863703084,regression: human score z-normalized within benchmark,"predefined pooled_stratified_5fold, seed=42",42,True,experiments/rq0_viability/outputs/classical_baselines/classical_regression_predictions.csv
svr,Support Vector Regression,svr,Java,rq0_0052,4,pooled_z_seed42_fold4,0.5055807152733344,0.095399939576974,regression: human score z-normalized within benchmark,"predefined pooled_stratified_5fold, seed=42",42,True,experiments/rq0_viability/outputs/classical_baselines/classical_regression_predictions.csv
svr,Support Vector Regression,svr,Java,rq0_0053,3,pooled_z_seed42_fold3,-0.9034212623353036,-0.336760308343508,regression: human score z-normalized within benchmark,"predefined pooled_stratified_5fold, seed=42",42,True,experiments/rq0_viability/outputs/classical_baselines/classical_regression_predictions.csv
svr,Support Vector Regression,svr,Java,rq0_0054,2,pooled_z_seed42_fold2,0.5187489580547245,0.6259830196321565,regression: human score z-normalized within benchmark,"predefined pooled_stratified_5fold, seed=42",42,True,experiments/rq0_viability/outputs/classical_baselines/classical_regression_predictions.csv
svr,Support Vector Regression,svr,Java,rq0_0055,2,pooled_z_seed42_fold2,0.5055807152733344,-0.2844093730982635,regression: human score z-normalized within benchmark,"predefined pooled_stratified_5fold, seed=42",42,True,experiments/rq0_viability/outputs/classical_baselines/classical_regression_predictions.csv
svr,Support Vector Regression,svr,Java,rq0_0056,3,pooled_z_seed42_fold3,-1.3906462452467012,-0.4654768027546226,regression: human score z-normalized within benchmark,"predefined pooled_stratified_5fold, seed=42",42,True,experiments/rq0_viability/outputs/classical_baselines/classical_regression_predictions.csv
svr,Support Vector Regression,svr,Java,rq0_0057,4,pooled_z_seed42_fold4,0.8611232703708418,0.3333427997717718,regression: human score z-normalized within benchmark,"predefined pooled_stratified_5fold, seed=42",42,True,experiments/rq0_viability/outputs/classical_baselines/classical_regression_predictions.csv
svr,Support Vector Regression,svr,Java,rq0_0058,0,pooled_z_seed42_fold0,0.9533009698405652,0.2918908638860014,regression: human score z-normalized within benchmark,"predefined pooled_stratified_5fold, seed=42",42,True,experiments/rq0_viability/outputs/classical_baselines/classical_regression_predictions.csv
svr,Support Vector Regression,svr,Java,rq0_0059,4,pooled_z_seed42_fold4,0.7821138136825072,0.521419299362239,regression: human score z-normalized within benchmark,"predefined pooled_stratified_5fold, seed=42",42,True,experiments/rq0_viability/outputs/classical_baselines/classical_regression_predictions.csv
svr,Support Vector Regression,svr,Java,rq0_0060,2,pooled_z_seed42_fold2,0.2948888307711074,0.5743566474882468,regression: human score z-normalized within benchmark,"predefined pooled_stratified_5fold, seed=42",42,True,experiments/rq0_viability/outputs/classical_baselines/classical_regression_predictions.csv
svr,Support Vector Regression,svr,Java,rq0_0061,2,pooled_z_seed42_fold2,-1.008767204586417,-0.2126598530998662,regression: human score z-normalized within benchmark,"predefined pooled_stratified_5fold, seed=42",42,True,experiments/rq0_viability/outputs/classical_baselines/classical_regression_predictions.csv
svr,Support Vector Regression,svr,Java,rq0_0062,2,pooled_z_seed42_fold2,0.4924124724919449,0.0891074707673476,regression: human score z-normalized within benchmark,"predefined pooled_stratified_5fold, seed=42",42,True,experiments/rq0_viability/outputs/classical_baselines/classical_regression_predictions.csv
svr,Support Vector Regression,svr,Java,rq0_0063,1,pooled_z_seed42_fold1,-0.1133266954519549,-0.1758489595948559,regression: human score z-normalized within benchmark,"predefined pooled_stratified_5fold, seed=42",42,True,experiments/rq0_viability/outputs/classical_baselines/classical_regression_predictions.csv
svr,Support Vector Regression,svr,Java,rq0_0064,1,pooled_z_seed42_fold1,-1.0877766612747517,-0.2158631766430213,regression: human score z-normalized within benchmark,"predefined pooled_stratified_5fold, seed=42",42,True,experiments/rq0_viability/outputs/classical_baselines/classical_regression_predictions.csv
svr,Support Vector Regression,svr,Java,rq0_0065,2,pooled_z_seed42_fold2,1.163992854342792,0.707230081527239,regression: human score z-normalized within benchmark,"predefined pooled_stratified_5fold, seed=42",42,True,experiments/rq0_viability/outputs/classical_baselines/classical_regression_predictions.csv
svr,Support Vector Regression,svr,Java,rq0_0066,4,pooled_z_seed42_fold4,0.1237016746130502,0.1633549666193356,regression: human score z-normalized within benchmark,"predefined pooled_stratified_5fold, seed=42",42,True,experiments/rq0_viability/outputs/classical_baselines/classical_regression_predictions.csv
svr,Support Vector Regression,svr,Java,rq0_0067,0,pooled_z_seed42_fold0,-0.5742151928005751,-0.3985018423836786,regression: human score z-normalized within benchmark,"predefined pooled_stratified_5fold, seed=42",42,True,experiments/rq0_viability/outputs/classical_baselines/classical_regression_predictions.csv
svr,Support Vector Regression,svr,Java,rq0_0068,3,pooled_z_seed42_fold3,-1.4038144880280907,-0.6681442765477188,regression: human score z-normalized within benchmark,"predefined pooled_stratified_5fold, seed=42",42,True,experiments/rq0_viability/outputs/classical_baselines/classical_regression_predictions.csv
svr,Support Vector Regression,svr,Java,rq0_0069,4,pooled_z_seed42_fold4,0.6504313858686148,0.7002295297948857,regression: human score z-normalized within benchmark,"predefined pooled_stratified_5fold, seed=42",42,True,experiments/rq0_viability/outputs/classical_baselines/classical_regression_predictions.csv
svr,Support Vector Regression,svr,Java,rq0_0070,0,pooled_z_seed42_fold0,-0.6795611350516886,-0.8601200782425211,regression: human score z-normalized within benchmark,"predefined pooled_stratified_5fold, seed=42",42,True,experiments/rq0_viability/outputs/classical_baselines/classical_regression_predictions.csv
svr,Support Vector Regression,svr,Java,rq0_0071,4,pooled_z_seed42_fold4,0.1500381601758277,0.1231866309538372,regression: human score z-normalized within benchmark,"predefined pooled_stratified_5fold, seed=42",42,True,experiments/rq0_viability/outputs/classical_baselines/classical_regression_predictions.csv
svr,Support Vector Regression,svr,Java,rq0_0072,2,pooled_z_seed42_fold2,0.8347867848080629,0.2766514449087351,regression: human score z-normalized within benchmark,"predefined pooled_stratified_5fold, seed=42",42,True,experiments/rq0_viability/outputs/classical_baselines/classical_regression_predictions.csv
svr,Support Vector Regression,svr,Java,rq0_0073,2,pooled_z_seed42_fold2,0.1763746457386059,0.975408077220679,regression: human score z-normalized within benchmark,"predefined pooled_stratified_5fold, seed=42",42,True,experiments/rq0_viability/outputs/classical_baselines/classical_regression_predictions.csv
svr,Support Vector Regression,svr,Java,rq0_0074,3,pooled_z_seed42_fold3,0.3212253163338863,0.7770021707597572,regression: human score z-normalized within benchmark,"predefined pooled_stratified_5fold, seed=42",42,True,experiments/rq0_viability/outputs/classical_baselines/classical_regression_predictions.csv
svr,Support Vector Regression,svr,Java,rq0_0075,0,pooled_z_seed42_fold0,-0.8902530195539149,-0.8061049555867529,regression: human score z-normalized within benchmark,"predefined pooled_stratified_5fold, seed=42",42,True,experiments/rq0_viability/outputs/classical_baselines/classical_regression_predictions.csv
svr,Support Vector Regression,svr,Java,rq0_0076,0,pooled_z_seed42_fold0,-1.57500164418615,-1.4185422548454452,regression: human score z-normalized within benchmark,"predefined pooled_stratified_5fold, seed=42",42,True,experiments/rq0_viability/outputs/classical_baselines/classical_regression_predictions.csv
svr,Support Vector Regression,svr,Java,rq0_0077,1,pooled_z_seed42_fold1,0.0973651890502713,-0.4163964775264923,regression: human score z-normalized within benchmark,"predefined pooled_stratified_5fold, seed=42",42,True,experiments/rq0_viability/outputs/classical_baselines/classical_regression_predictions.csv
svr,Support Vector Regression,svr,Java,rq0_0078,4,pooled_z_seed42_fold4,1.3746847388450176,0.6676132010865945,regression: human score z-normalized within benchmark,"predefined pooled_stratified_5fold, seed=42",42,True,experiments/rq0_viability/outputs/classical_baselines/classical_regression_predictions.csv
svr,Support Vector Regression,svr,Java,rq0_0079,2,pooled_z_seed42_fold2,1.0323104265288996,0.63978372901232,regression: human score z-normalized within benchmark,"predefined pooled_stratified_5fold, seed=42",42,True,experiments/rq0_viability/outputs/classical_baselines/classical_regression_predictions.csv
svr,Support Vector Regression,svr,Java,rq0_0080,1,pooled_z_seed42_fold1,1.1376563687800132,0.4269142953169645,regression: human score z-normalized within benchmark,"predefined pooled_stratified_5fold, seed=42",42,True,experiments/rq0_viability/outputs/classical_baselines/classical_regression_predictions.csv
svr,Support Vector Regression,svr,Java,rq0_0081,2,pooled_z_seed42_fold2,-0.824411805646969,-0.0791281861831656,regression: human score z-normalized within benchmark,"predefined pooled_stratified_5fold, seed=42",42,True,experiments/rq0_viability/outputs/classical_baselines/classical_regression_predictions.csv
svr,Support Vector Regression,svr,Java,rq0_0082,4,pooled_z_seed42_fold4,1.045478669310289,-0.273762014673937,regression: human score z-normalized within benchmark,"predefined pooled_stratified_5fold, seed=42",42,True,experiments/rq0_viability/outputs/classical_baselines/classical_regression_predictions.csv
svr,Support Vector Regression,svr,Java,rq0_0083,4,pooled_z_seed42_fold4,0.5055807152733344,0.4627831604333865,regression: human score z-normalized within benchmark,"predefined pooled_stratified_5fold, seed=42",42,True,experiments/rq0_viability/outputs/classical_baselines/classical_regression_predictions.csv
svr,Support Vector Regression,svr,Java,rq0_0084,2,pooled_z_seed42_fold2,-1.0219354473678055,0.4791274029518308,regression: human score z-normalized within benchmark,"predefined pooled_stratified_5fold, seed=42",42,True,experiments/rq0_viability/outputs/classical_baselines/classical_regression_predictions.csv
svr,Support Vector Regression,svr,Java,rq0_0085,0,pooled_z_seed42_fold0,-0.6532246494889097,-0.3441829509653805,regression: human score z-normalized within benchmark,"predefined pooled_stratified_5fold, seed=42",42,True,experiments/rq0_viability/outputs/classical_baselines/classical_regression_predictions.csv
svr,Support Vector Regression,svr,Java,rq0_0086,3,pooled_z_seed42_fold3,-0.0869902098891767,0.0703455938139645,regression: human score z-normalized within benchmark,"predefined pooled_stratified_5fold, seed=42",42,True,experiments/rq0_viability/outputs/classical_baselines/classical_regression_predictions.csv
svr,Support Vector Regression,svr,Java,rq0_0087,0,pooled_z_seed42_fold0,1.5985448661286332,0.6029070669680062,regression: human score z-normalized within benchmark,"predefined pooled_stratified_5fold, seed=42",42,True,experiments/rq0_viability/outputs/classical_baselines/classical_regression_predictions.csv
svr,Support Vector Regression,svr,Java,rq0_0088,0,pooled_z_seed42_fold0,0.11053343183166,-0.9603797036331916,regression: human score z-normalized within benchmark,"predefined pooled_stratified_5fold, seed=42",42,True,experiments/rq0_viability/outputs/classical_baselines/classical_regression_predictions.csv
svr,Support Vector Regression,svr,Java,rq0_0089,1,pooled_z_seed42_fold1,-1.9042077137208784,-0.3681098466301442,regression: human score z-normalized within benchmark,"predefined pooled_stratified_5fold, seed=42",42,True,experiments/rq0_viability/outputs/classical_baselines/classical_regression_predictions.csv
svr,Support Vector Regression,svr,Java,rq0_0090,4,pooled_z_seed42_fold4,0.1237016746130502,0.8292797795467225,regression: human score z-normalized within benchmark,"predefined pooled_stratified_5fold, seed=42",42,True,experiments/rq0_viability/outputs/classical_baselines/classical_regression_predictions.csv
svr,Support Vector Regression,svr,Java,rq0_0091,2,pooled_z_seed42_fold2,-1.482823944716426,-0.105523098441759,regression: human score z-normalized within benchmark,"predefined pooled_stratified_5fold, seed=42",42,True,experiments/rq0_viability/outputs/classical_baselines/classical_regression_predictions.csv
svr,Support Vector Regression,svr,Java,rq0_0092,3,pooled_z_seed42_fold3,1.256170553812516,0.9785846706688875,regression: human score z-normalized within benchmark,"predefined pooled_stratified_5fold, seed=42",42,True,experiments/rq0_viability/outputs/classical_baselines/classical_regression_predictions.csv
svr,Support Vector Regression,svr,Java,rq0_0093,3,pooled_z_seed42_fold3,-0.1528314237961226,0.1233999541782119,regression: human score z-normalized within benchmark,"predefined pooled_stratified_5fold, seed=42",42,True,experiments/rq0_viability/outputs/classical_baselines/classical_regression_predictions.csv
svr,Support Vector Regression,svr,Java,rq0_0094,2,pooled_z_seed42_fold2,0.8347867848080629,0.7557651438394015,regression: human score z-normalized within benchmark,"predefined pooled_stratified_5fold, seed=42",42,True,experiments/rq0_viability/outputs/classical_baselines/classical_regression_predictions.csv
svr,Support Vector Regression,svr,Java,rq0_0095,4,pooled_z_seed42_fold4,-0.6005516783633533,-0.5796599507463197,regression: human score z-normalized within benchmark,"predefined pooled_stratified_5fold, seed=42",42,True,experiments/rq0_viability/outputs/classical_baselines/classical_regression_predictions.csv
svr,Support Vector Regression,svr,Java,rq0_0096,3,pooled_z_seed42_fold3,-0.4425327649866841,-0.0033352809798906,regression: human score z-normalized within benchmark,"predefined pooled_stratified_5fold, seed=42",42,True,experiments/rq0_viability/outputs/classical_baselines/classical_regression_predictions.csv
svr,Support Vector Regression,svr,Java,rq0_0097,1,pooled_z_seed42_fold1,-0.5215422216750187,-0.1637159110631684,regression: human score z-normalized within benchmark,"predefined pooled_stratified_5fold, seed=42",42,True,experiments/rq0_viability/outputs/classical_baselines/classical_regression_predictions.csv
svr,Support Vector Regression,svr,Java,rq0_0098,2,pooled_z_seed42_fold2,-1.8383664998139329,-0.8672858320841548,regression: human score z-normalized within benchmark,"predefined pooled_stratified_5fold, seed=42",42,True,experiments/rq0_viability/outputs/classical_baselines/classical_regression_predictions.csv
svr,Support Vector Regression,svr,Java,rq0_0099,2,pooled_z_seed42_fold2,0.739520701811303,0.1625407960754263,regression: human score z-normalized within benchmark,"predefined pooled_stratified_5fold, seed=42",42,True,experiments/rq0_viability/outputs/classical_baselines/classical_regression_predictions.csv
svr,Support Vector Regression,svr,Java,rq0_0100,1,pooled_z_seed42_fold1,-0.2450761344070205,-0.773931869049596,regression: human score z-normalized within benchmark,"predefined pooled_stratified_5fold, seed=42",42,True,experiments/rq0_viability/outputs/classical_baselines/classical_regression_predictions.csv
svr,Support Vector Regression,svr,Java,rq0_0101,4,pooled_z_seed42_fold4,-0.5948447330311896,-0.0177544104362863,regression: human score z-normalized within benchmark,"predefined pooled_stratified_5fold, seed=42",42,True,experiments/rq0_viability/outputs/classical_baselines/classical_regression_predictions.csv
svr,Support Vector Regression,svr,Java,rq0_0102,2,pooled_z_seed42_fold2,0.6617131359263368,1.03705041267903,regression: human score z-normalized within benchmark,"predefined pooled_stratified_5fold, seed=42",42,True,experiments/rq0_viability/outputs/classical_baselines/classical_regression_predictions.csv
svr,Support Vector Regression,svr,Java,rq0_0103,3,pooled_z_seed42_fold3,0.4591595231293185,-0.5715165590273292,regression: human score z-normalized within benchmark,"predefined pooled_stratified_5fold, seed=42",42,True,experiments/rq0_viability/outputs/classical_baselines/classical_regression_predictions.csv
svr,Support Vector Regression,svr,Java,rq0_0104,0,pooled_z_seed42_fold0,-0.6870949502021848,0.1290275040242835,regression: human score z-normalized within benchmark,"predefined pooled_stratified_5fold, seed=42",42,True,experiments/rq0_viability/outputs/classical_baselines/classical_regression_predictions.csv
svr,Support Vector Regression,svr,Java,rq0_0105,4,pooled_z_seed42_fold4,0.8465461902194238,0.3250694268681433,regression: human score z-normalized within benchmark,"predefined pooled_stratified_5fold, seed=42",42,True,experiments/rq0_viability/outputs/classical_baselines/classical_regression_predictions.csv
svr,Support Vector Regression,svr,Java,rq0_0106,2,pooled_z_seed42_fold2,-0.040092713875891,-0.0915167991941187,regression: human score z-normalized within benchmark,"predefined pooled_stratified_5fold, seed=42",42,True,experiments/rq0_viability/outputs/classical_baselines/classical_regression_predictions.csv
svr,Support Vector Regression,svr,Java,rq0_0107,0,pooled_z_seed42_fold0,0.2782772124968096,0.699652336527886,regression: human score z-normalized within benchmark,"predefined pooled_stratified_5fold, seed=42",42,True,experiments/rq0_viability/outputs/classical_baselines/classical_regression_predictions.csv
svr,Support Vector Regression,svr,Java,rq0_0108,0,pooled_z_seed42_fold0,0.2669350349474289,0.9170054161858542,regression: human score z-normalized within benchmark,"predefined pooled_stratified_5fold, seed=42",42,True,experiments/rq0_viability/outputs/classical_baselines/classical_regression_predictions.csv
svr,Support Vector Regression,svr,Java,rq0_0109,0,pooled_z_seed42_fold0,0.1576946123788241,0.2788418354983677,regression: human score z-normalized within benchmark,"predefined pooled_stratified_5fold, seed=42",42,True,experiments/rq0_viability/outputs/classical_baselines/classical_regression_predictions.csv
svr,Support Vector Regression,svr,Java,rq0_0110,1,pooled_z_seed42_fold1,-0.4840660110150188,0.5053710152942079,regression: human score z-normalized within benchmark,"predefined pooled_stratified_5fold, seed=42",42,True,experiments/rq0_viability/outputs/classical_baselines/classical_regression_predictions.csv
svr,Support Vector Regression,svr,Java,rq0_0111,4,pooled_z_seed42_fold4,-2.949200914026875,0.5078594103712875,regression: human score z-normalized within benchmark,"predefined pooled_stratified_5fold, seed=42",42,True,experiments/rq0_viability/outputs/classical_baselines/classical_regression_predictions.csv
svr,Support Vector Regression,svr,Java,rq0_0112,2,pooled_z_seed42_fold2,-0.6534146027559996,0.2826737803122046,regression: human score z-normalized within benchmark,"predefined pooled_stratified_5fold, seed=42",42,True,experiments/rq0_viability/outputs/classical_baselines/classical_regression_predictions.csv
svr,Support Vector Regression,svr,Java,rq0_0113,3,pooled_z_seed42_fold3,-0.3875774668652065,-0.0481407585353224,regression: human score z-normalized within benchmark,"predefined pooled_stratified_5fold, seed=42",42,True,experiments/rq0_viability/outputs/classical_baselines/classical_regression_predictions.csv
svr,Support Vector Regression,svr,Java,rq0_0114,0,pooled_z_seed42_fold0,1.3513140582244638,0.0408423696606213,regression: human score z-normalized within benchmark,"predefined pooled_stratified_5fold, seed=42",42,True,experiments/rq0_viability/outputs/classical_baselines/classical_regression_predictions.csv
svr,Support Vector Regression,svr,Java,rq0_0115,1,pooled_z_seed42_fold1,1.191082400281727,0.0965675589190358,regression: human score z-normalized within benchmark,"predefined pooled_stratified_5fold, seed=42",42,True,experiments/rq0_viability/outputs/classical_baselines/classical_regression_predictions.csv
svr,Support Vector Regression,svr,Java,rq0_0116,3,pooled_z_seed42_fold3,-0.7507403941889145,-0.7036152717256976,regression: human score z-normalized within benchmark,"predefined pooled_stratified_5fold, seed=42",42,True,experiments/rq0_viability/outputs/classical_baselines/classical_regression_predictions.csv
svr,Support Vector Regression,svr,Java,rq0_0117,0,pooled_z_seed42_fold0,0.7269815265260033,0.2940936166141079,regression: human score z-normalized within benchmark,"predefined pooled_stratified_5fold, seed=42",42,True,experiments/rq0_viability/outputs/classical_baselines/classical_regression_predictions.csv
svr,Support Vector Regression,svr,Java,rq0_0118,4,pooled_z_seed42_fold4,0.3051472614010487,-0.0060702437846061,regression: human score z-normalized within benchmark,"predefined pooled_stratified_5fold, seed=42",42,True,experiments/rq0_viability/outputs/classical_baselines/classical_regression_predictions.csv
svr,Support Vector Regression,svr,Java,rq0_0119,2,pooled_z_seed42_fold2,-0.5001820716471844,0.3409068163666252,regression: human score z-normalized within benchmark,"predefined pooled_stratified_5fold, seed=42",42,True,experiments/rq0_viability/outputs/classical_baselines/classical_regression_predictions.csv
svr,Support Vector Regression,svr,Java,rq0_0120,0,pooled_z_seed42_fold0,1.8349727680606496,0.60275401141052,regression: human score z-normalized within benchmark,"predefined pooled_stratified_5fold, seed=42",42,True,experiments/rq0_viability/outputs/classical_baselines/classical_regression_predictions.csv
svr,Support Vector Regression,svr,Java,rq0_0121,3,pooled_z_seed42_fold3,-0.3510012096653474,0.4429532418830573,regression: human score z-normalized within benchmark,"predefined pooled_stratified_5fold, seed=42",42,True,experiments/rq0_viability/outputs/classical_baselines/classical_regression_predictions.csv
svr,Support Vector Regression,svr,Java,rq0_0122,4,pooled_z_seed42_fold4,1.889309736906987,0.3027738543444297,regression: human score z-normalized within benchmark,"predefined pooled_stratified_5fold, seed=42",42,True,experiments/rq0_viability/outputs/classical_baselines/classical_regression_predictions.csv
svr,Support Vector Regression,svr,Java,rq0_0123,4,pooled_z_seed42_fold4,-0.2044161940881527,0.4724290731918007,regression: human score z-normalized within benchmark,"predefined pooled_stratified_5fold, seed=42",42,True,experiments/rq0_viability/outputs/classical_baselines/classical_regression_predictions.csv
svr,Support Vector Regression,svr,Java,rq0_0124,0,pooled_z_seed42_fold0,0.8282651155499416,0.0061228046171828,regression: human score z-normalized within benchmark,"predefined pooled_stratified_5fold, seed=42",42,True,experiments/rq0_viability/outputs/classical_baselines/classical_regression_predictions.csv
svr,Support Vector Regression,svr,Java,rq0_0125,3,pooled_z_seed42_fold3,-1.3126928485009026,0.0429339752260125,regression: human score z-normalized within benchmark,"predefined pooled_stratified_5fold, seed=42",42,True,experiments/rq0_viability/outputs/classical_baselines/classical_regression_predictions.csv
svr,Support Vector Regression,svr,Java,rq0_0126,4,pooled_z_seed42_fold4,1.223622724045606,-0.3188819913490072,regression: human score z-normalized within benchmark,"predefined pooled_stratified_5fold, seed=42",42,True,experiments/rq0_viability/outputs/classical_baselines/classical_regression_predictions.csv
svr,Support Vector Regression,svr,Java,rq0_0127,2,pooled_z_seed42_fold2,-1.0552721368539235,0.4280812337411337,regression: human score z-normalized within benchmark,"predefined pooled_stratified_5fold, seed=42",42,True,experiments/rq0_viability/outputs/classical_baselines/classical_regression_predictions.csv
svr,Support Vector Regression,svr,Java,rq0_0128,3,pooled_z_seed42_fold3,1.7884819403119565,-0.165738392967986,regression: human score z-normalized within benchmark,"predefined pooled_stratified_5fold, seed=42",42,True,experiments/rq0_viability/outputs/classical_baselines/classical_regression_predictions.csv
svr,Support Vector Regression,svr,Java,rq0_0129,0,pooled_z_seed42_fold0,0.1363526745052059,-0.1236706294684943,regression: human score z-normalized within benchmark,"predefined pooled_stratified_5fold, seed=42",42,True,experiments/rq0_viability/outputs/classical_baselines/classical_regression_predictions.csv
svr,Support Vector Regression,svr,Java,rq0_0130,0,pooled_z_seed42_fold0,-0.6158448265831262,0.3021266627708036,regression: human score z-normalized within benchmark,"predefined pooled_stratified_5fold, seed=42",42,True,experiments/rq0_viability/outputs/classical_baselines/classical_regression_predictions.csv
svr,Support Vector Regression,svr,Java,rq0_0131,1,pooled_z_seed42_fold1,0.5292994666179637,1.0576461048366077,regression: human score z-normalized within benchmark,"predefined pooled_stratified_5fold, seed=42",42,True,experiments/rq0_viability/outputs/classical_baselines/classical_regression_predictions.csv
svr,Support Vector Regression,svr,Java,rq0_0132,4,pooled_z_seed42_fold4,-0.3048185844162018,0.3558284447901084,regression: human score z-normalized within benchmark,"predefined pooled_stratified_5fold, seed=42",42,True,experiments/rq0_viability/outputs/classical_baselines/classical_regression_predictions.csv
svr,Support Vector Regression,svr,Java,rq0_0133,2,pooled_z_seed42_fold2,0.4328429364601818,0.0410393932767029,regression: human score z-normalized within benchmark,"predefined pooled_stratified_5fold, seed=42",42,True,experiments/rq0_viability/outputs/classical_baselines/classical_regression_predictions.csv
svr,Support Vector Regression,svr,Java,rq0_0134,2,pooled_z_seed42_fold2,0.0953443785442435,0.5903327509154541,regression: human score z-normalized within benchmark,"predefined pooled_stratified_5fold, seed=42",42,True,experiments/rq0_viability/outputs/classical_baselines/classical_regression_predictions.csv
svr,Support Vector Regression,svr,Java,rq0_0135,1,pooled_z_seed42_fold1,-1.2823766832680903,-0.2705069143569445,regression: human score z-normalized within benchmark,"predefined pooled_stratified_5fold, seed=42",42,True,experiments/rq0_viability/outputs/classical_baselines/classical_regression_predictions.csv
svr,Support Vector Regression,svr,Java,rq0_0136,3,pooled_z_seed42_fold3,0.2228713018826735,-0.4197646561486262,regression: human score z-normalized within benchmark,"predefined pooled_stratified_5fold, seed=42",42,True,experiments/rq0_viability/outputs/classical_baselines/classical_regression_predictions.csv
svr,Support Vector Regression,svr,Java,rq0_0137,0,pooled_z_seed42_fold0,0.7095745966219621,-0.1435960977589674,regression: human score z-normalized within benchmark,"predefined pooled_stratified_5fold, seed=42",42,True,experiments/rq0_viability/outputs/classical_baselines/classical_regression_predictions.csv
svr,Support Vector Regression,svr,Java,rq0_0138,0,pooled_z_seed42_fold0,-1.954902210393207,0.1309203372458377,regression: human score z-normalized within benchmark,"predefined pooled_stratified_5fold, seed=42",42,True,experiments/rq0_viability/outputs/classical_baselines/classical_regression_predictions.csv
svr,Support Vector Regression,svr,Java,rq0_0139,2,pooled_z_seed42_fold2,-0.5473755793904456,0.5388873339643335,regression: human score z-normalized within benchmark,"predefined pooled_stratified_5fold, seed=42",42,True,experiments/rq0_viability/outputs/classical_baselines/classical_regression_predictions.csv
svr,Support Vector Regression,svr,Java,rq0_0140,1,pooled_z_seed42_fold1,0.6024199670256514,-0.3517357264585014,regression: human score z-normalized within benchmark,"predefined pooled_stratified_5fold, seed=42",42,True,experiments/rq0_viability/outputs/classical_baselines/classical_regression_predictions.csv
svr,Support Vector Regression,svr,Java,rq0_0141,1,pooled_z_seed42_fold1,-2.444826438296785,0.4104970790828204,regression: human score z-normalized within benchmark,"predefined pooled_stratified_5fold, seed=42",42,True,experiments/rq0_viability/outputs/classical_baselines/classical_regression_predictions.csv
svr,Support Vector Regression,svr,Java,rq0_0142,2,pooled_z_seed42_fold2,0.1231384923370928,0.0713079171614448,regression: human score z-normalized within benchmark,"predefined pooled_stratified_5fold, seed=42",42,True,experiments/rq0_viability/outputs/classical_baselines/classical_regression_predictions.csv
svr,Support Vector Regression,svr,Java,rq0_0143,2,pooled_z_seed42_fold2,0.458548544230568,0.2695851998164123,regression: human score z-normalized within benchmark,"predefined pooled_stratified_5fold, seed=42",42,True,experiments/rq0_viability/outputs/classical_baselines/classical_regression_predictions.csv
svr,Support Vector Regression,svr,Java,rq0_0144,4,pooled_z_seed42_fold4,0.4318895706297144,-0.2163548373547823,regression: human score z-normalized within benchmark,"predefined pooled_stratified_5fold, seed=42",42,True,experiments/rq0_viability/outputs/classical_baselines/classical_regression_predictions.csv
svr,Support Vector Regression,svr,Java,rq0_0145,2,pooled_z_seed42_fold2,-1.5143164276989332,0.7903606918351946,regression: human score z-normalized within benchmark,"predefined pooled_stratified_5fold, seed=42",42,True,experiments/rq0_viability/outputs/classical_baselines/classical_regression_predictions.csv
svr,Support Vector Regression,svr,Java,rq0_0146,3,pooled_z_seed42_fold3,0.7857782072451989,0.2151729896524812,regression: human score z-normalized within benchmark,"predefined pooled_stratified_5fold, seed=42",42,True,experiments/rq0_viability/outputs/classical_baselines/classical_regression_predictions.csv
svr,Support Vector Regression,svr,Java,rq0_0147,3,pooled_z_seed42_fold3,1.348907040111799,0.2188025694728672,regression: human score z-normalized within benchmark,"predefined pooled_stratified_5fold, seed=42",42,True,experiments/rq0_viability/outputs/classical_baselines/classical_regression_predictions.csv
svr,Support Vector Regression,svr,Java,rq0_0148,1,pooled_z_seed42_fold1,-0.1390436223618795,-0.5710660642897799,regression: human score z-normalized within benchmark,"predefined pooled_stratified_5fold, seed=42",42,True,experiments/rq0_viability/outputs/classical_baselines/classical_regression_predictions.csv
svr,Support Vector Regression,svr,Java,rq0_0149,4,pooled_z_seed42_fold4,-1.6607153280343243,0.3698524631775816,regression: human score z-normalized within benchmark,"predefined pooled_stratified_5fold, seed=42",42,True,experiments/rq0_viability/outputs/classical_baselines/classical_regression_predictions.csv
svr,Support Vector Regression,svr,Java,rq0_0150,1,pooled_z_seed42_fold1,1.5470877586414644,0.2897725788744168,regression: human score z-normalized within benchmark,"predefined pooled_stratified_5fold, seed=42",42,True,experiments/rq0_viability/outputs/classical_baselines/classical_regression_predictions.csv
svr,Support Vector Regression,svr,Java,rq0_0151,4,pooled_z_seed42_fold4,-1.3525605781695242,0.207296008277176,regression: human score z-normalized within benchmark,"predefined pooled_stratified_5fold, seed=42",42,True,experiments/rq0_viability/outputs/classical_baselines/classical_regression_predictions.csv
svr,Support Vector Regression,svr,Java,rq0_0152,1,pooled_z_seed42_fold1,-1.3436845632265606,-0.3558735200221656,regression: human score z-normalized within benchmark,"predefined pooled_stratified_5fold, seed=42",42,True,experiments/rq0_viability/outputs/classical_baselines/classical_regression_predictions.csv
svr,Support Vector Regression,svr,Java,rq0_0153,4,pooled_z_seed42_fold4,-1.3132262341647327,0.5229594970274005,regression: human score z-normalized within benchmark,"predefined pooled_stratified_5fold, seed=42",42,True,experiments/rq0_viability/outputs/classical_baselines/classical_regression_predictions.csv
svr,Support Vector Regression,svr,Java,rq0_0154,1,pooled_z_seed42_fold1,1.1128114454273683,0.3329970378074243,regression: human score z-normalized within benchmark,"predefined pooled_stratified_5fold, seed=42",42,True,experiments/rq0_viability/outputs/classical_baselines/classical_regression_predictions.csv
svr,Support Vector Regression,svr,Java,rq0_0155,1,pooled_z_seed42_fold1,0.8784766203046201,0.9485323910759624,regression: human score z-normalized within benchmark,"predefined pooled_stratified_5fold, seed=42",42,True,experiments/rq0_viability/outputs/classical_baselines/classical_regression_predictions.csv
svr,Support Vector Regression,svr,Java,rq0_0156,1,pooled_z_seed42_fold1,0.2481840599881421,0.4841438189679568,regression: human score z-normalized within benchmark,"predefined pooled_stratified_5fold, seed=42",42,True,experiments/rq0_viability/outputs/classical_baselines/classical_regression_predictions.csv
svr,Support Vector Regression,svr,Java,rq0_0157,2,pooled_z_seed42_fold2,0.5735715619359334,0.4327182623867991,regression: human score z-normalized within benchmark,"predefined pooled_stratified_5fold, seed=42",42,True,experiments/rq0_viability/outputs/classical_baselines/classical_regression_predictions.csv
svr,Support Vector Regression,svr,Java,rq0_0158,0,pooled_z_seed42_fold0,-1.7219716600395232,0.6191655630722389,regression: human score z-normalized within benchmark,"predefined pooled_stratified_5fold, seed=42",42,True,experiments/rq0_viability/outputs/classical_baselines/classical_regression_predictions.csv
svr,Support Vector Regression,svr,Java,rq0_0159,3,pooled_z_seed42_fold3,0.3834317815062668,-0.5431290589571797,regression: human score z-normalized within benchmark,"predefined pooled_stratified_5fold, seed=42",42,True,experiments/rq0_viability/outputs/classical_baselines/classical_regression_predictions.csv
svr,Support Vector Regression,svr,Java,rq0_0160,4,pooled_z_seed42_fold4,-0.031746828936551,0.5576653322249376,regression: human score z-normalized within benchmark,"predefined pooled_stratified_5fold, seed=42",42,True,experiments/rq0_viability/outputs/classical_baselines/classical_regression_predictions.csv
svr,Support Vector Regression,svr,Java,rq0_0161,3,pooled_z_seed42_fold3,1.0912844775320143,-0.5244568085186054,regression: human score z-normalized within benchmark,"predefined pooled_stratified_5fold, seed=42",42,True,experiments/rq0_viability/outputs/classical_baselines/classical_regression_predictions.csv
svr,Support Vector Regression,svr,Java,rq0_0162,1,pooled_z_seed42_fold1,-0.1644681581344376,0.0050746858465005,regression: human score z-normalized within benchmark,"predefined pooled_stratified_5fold, seed=42",42,True,experiments/rq0_viability/outputs/classical_baselines/classical_regression_predictions.csv
svr,Support Vector Regression,svr,Java,rq0_0163,2,pooled_z_seed42_fold2,0.4983397658843361,-0.3889997734421778,regression: human score z-normalized within benchmark,"predefined pooled_stratified_5fold, seed=42",42,True,experiments/rq0_viability/outputs/classical_baselines/classical_regression_predictions.csv
svr,Support Vector Regression,svr,Java,rq0_0164,1,pooled_z_seed42_fold1,-1.1903120387288662,0.1549920102400171,regression: human score z-normalized within benchmark,"predefined pooled_stratified_5fold, seed=42",42,True,experiments/rq0_viability/outputs/classical_baselines/classical_regression_predictions.csv
svr,Support Vector Regression,svr,Java,rq0_0165,1,pooled_z_seed42_fold1,0.0230426766784883,0.4912321538380687,regression: human score z-normalized within benchmark,"predefined pooled_stratified_5fold, seed=42",42,True,experiments/rq0_viability/outputs/classical_baselines/classical_regression_predictions.csv
svr,Support Vector Regression,svr,Java,rq0_0166,2,pooled_z_seed42_fold2,0.7720995508876254,0.3534924144324743,regression: human score z-normalized within benchmark,"predefined pooled_stratified_5fold, seed=42",42,True,experiments/rq0_viability/outputs/classical_baselines/classical_regression_predictions.csv
svr,Support Vector Regression,svr,Java,rq0_0167,0,pooled_z_seed42_fold0,-0.0796072044121084,-0.2334537107349688,regression: human score z-normalized within benchmark,"predefined pooled_stratified_5fold, seed=42",42,True,experiments/rq0_viability/outputs/classical_baselines/classical_regression_predictions.csv
svr,Support Vector Regression,svr,Java,rq0_0168,3,pooled_z_seed42_fold3,1.045712288571589,0.6992267978962726,regression: human score z-normalized within benchmark,"predefined pooled_stratified_5fold, seed=42",42,True,experiments/rq0_viability/outputs/classical_baselines/classical_regression_predictions.csv
svr,Support Vector Regression,svr,Java,rq0_0169,3,pooled_z_seed42_fold3,-0.0064595735026999,0.3624886098470358,regression: human score z-normalized within benchmark,"predefined pooled_stratified_5fold, seed=42",42,True,experiments/rq0_viability/outputs/classical_baselines/classical_regression_predictions.csv
svr,Support Vector Regression,svr,Java,rq0_0170,3,pooled_z_seed42_fold3,-1.253474017174932,-0.1382560585842596,regression: human score z-normalized within benchmark,"predefined pooled_stratified_5fold, seed=42",42,True,experiments/rq0_viability/outputs/classical_baselines/classical_regression_predictions.csv
svr,Support Vector Regression,svr,Java,rq0_0171,0,pooled_z_seed42_fold0,-0.968442593926736,-0.0989890650834133,regression: human score z-normalized within benchmark,"predefined pooled_stratified_5fold, seed=42",42,True,experiments/rq0_viability/outputs/classical_baselines/classical_regression_predictions.csv
svr,Support Vector Regression,svr,Java,rq0_0172,1,pooled_z_seed42_fold1,-0.0101254468952089,0.1513456006572603,regression: human score z-normalized within benchmark,"predefined pooled_stratified_5fold, seed=42",42,True,experiments/rq0_viability/outputs/classical_baselines/classical_regression_predictions.csv
svr,Support Vector Regression,svr,Java,rq0_0173,2,pooled_z_seed42_fold2,1.2878737208307431,0.1106616998097695,regression: human score z-normalized within benchmark,"predefined pooled_stratified_5fold, seed=42",42,True,experiments/rq0_viability/outputs/classical_baselines/classical_regression_predictions.csv
svr,Support Vector Regression,svr,Java,rq0_0174,4,pooled_z_seed42_fold4,-1.316395076765717,0.0802285478477687,regression: human score z-normalized within benchmark,"predefined pooled_stratified_5fold, seed=42",42,True,experiments/rq0_viability/outputs/classical_baselines/classical_regression_predictions.csv
svr,Support Vector Regression,svr,Java,rq0_0175,3,pooled_z_seed42_fold3,-0.4869212250161115,0.3014209789133466,regression: human score z-normalized within benchmark,"predefined pooled_stratified_5fold, seed=42",42,True,experiments/rq0_viability/outputs/classical_baselines/classical_regression_predictions.csv
svr,Support Vector Regression,svr,Java,rq0_0176,0,pooled_z_seed42_fold0,0.3222774601875363,0.0156836252591802,regression: human score z-normalized within benchmark,"predefined pooled_stratified_5fold, seed=42",42,True,experiments/rq0_viability/outputs/classical_baselines/classical_regression_predictions.csv
svr,Support Vector Regression,svr,Java,rq0_0177,3,pooled_z_seed42_fold3,0.9976907579158094,-0.2930737357128364,regression: human score z-normalized within benchmark,"predefined pooled_stratified_5fold, seed=42",42,True,experiments/rq0_viability/outputs/classical_baselines/classical_regression_predictions.csv
svr,Support Vector Regression,svr,Java,rq0_0178,0,pooled_z_seed42_fold0,0.8950381637750405,-0.0207060479772833,regression: human score z-normalized within benchmark,"predefined pooled_stratified_5fold, seed=42",42,True,experiments/rq0_viability/outputs/classical_baselines/classical_regression_predictions.csv
svr,Support Vector Regression,svr,Java,rq0_0179,3,pooled_z_seed42_fold3,-0.606178771430054,0.5771572431331703,regression: human score z-normalized within benchmark,"predefined pooled_stratified_5fold, seed=42",42,True,experiments/rq0_viability/outputs/classical_baselines/classical_regression_predictions.csv
svr,Support Vector Regression,svr,Java,rq0_0180,1,pooled_z_seed42_fold1,-0.7412159602548247,0.2267309502489974,regression: human score z-normalized within benchmark,"predefined pooled_stratified_5fold, seed=42",42,True,experiments/rq0_viability/outputs/classical_baselines/classical_regression_predictions.csv
svr,Support Vector Regression,svr,Java,rq0_0181,2,pooled_z_seed42_fold2,-0.3984150170825811,0.5968193374350941,regression: human score z-normalized within benchmark,"predefined pooled_stratified_5fold, seed=42",42,True,experiments/rq0_viability/outputs/classical_baselines/classical_regression_predictions.csv
svr,Support Vector Regression,svr,Java,rq0_0182,4,pooled_z_seed42_fold4,1.92871407760622,-0.1481758960385273,regression: human score z-normalized within benchmark,"predefined pooled_stratified_5fold, seed=42",42,True,experiments/rq0_viability/outputs/classical_baselines/classical_regression_predictions.csv
svr,Support Vector Regression,svr,Java,rq0_0183,0,pooled_z_seed42_fold0,-1.312494795838341,-0.4238799729345929,regression: human score z-normalized within benchmark,"predefined pooled_stratified_5fold, seed=42",42,True,experiments/rq0_viability/outputs/classical_baselines/classical_regression_predictions.csv
svr,Support Vector Regression,svr,Java,rq0_0184,4,pooled_z_seed42_fold4,0.91823474274629,-0.0718314789772662,regression: human score z-normalized within benchmark,"predefined pooled_stratified_5fold, seed=42",42,True,experiments/rq0_viability/outputs/classical_baselines/classical_regression_predictions.csv
svr,Support Vector Regression,svr,Java,rq0_0185,4,pooled_z_seed42_fold4,1.434035500581094,-0.3524552220105604,regression: human score z-normalized within benchmark,"predefined pooled_stratified_5fold, seed=42",42,True,experiments/rq0_viability/outputs/classical_baselines/classical_regression_predictions.csv
svr,Support Vector Regression,svr,Java,rq0_0186,2,pooled_z_seed42_fold2,-0.4477257891801303,0.9893132184879494,regression: human score z-normalized within benchmark,"predefined pooled_stratified_5fold, seed=42",42,True,experiments/rq0_viability/outputs/classical_baselines/classical_regression_predictions.csv
svr,Support Vector Regression,svr,Java,rq0_0187,3,pooled_z_seed42_fold3,-0.5454954356211968,0.7363993323516919,regression: human score z-normalized within benchmark,"predefined pooled_stratified_5fold, seed=42",42,True,experiments/rq0_viability/outputs/classical_baselines/classical_regression_predictions.csv
svr,Support Vector Regression,svr,Java,rq0_0188,4,pooled_z_seed42_fold4,-0.4130844793629947,0.1046782473727122,regression: human score z-normalized within benchmark,"predefined pooled_stratified_5fold, seed=42",42,True,experiments/rq0_viability/outputs/classical_baselines/classical_regression_predictions.csv
svr,Support Vector Regression,svr,Java,rq0_0189,0,pooled_z_seed42_fold0,0.9016801442968184,0.1972670401887022,regression: human score z-normalized within benchmark,"predefined pooled_stratified_5fold, seed=42",42,True,experiments/rq0_viability/outputs/classical_baselines/classical_regression_predictions.csv
svr,Support Vector Regression,svr,Java,rq0_0190,2,pooled_z_seed42_fold2,-0.187362107905831,-0.0966515027492198,regression: human score z-normalized within benchmark,"predefined pooled_stratified_5fold, seed=42",42,True,experiments/rq0_viability/outputs/classical_baselines/classical_regression_predictions.csv
svr,Support Vector Regression,svr,Java,rq0_0191,0,pooled_z_seed42_fold0,-0.187362107905831,-0.1365158066823885,regression: human score z-normalized within benchmark,"predefined pooled_stratified_5fold, seed=42",42,True,experiments/rq0_viability/outputs/classical_baselines/classical_regression_predictions.csv
svr,Support Vector Regression,svr,Java,rq0_0192,0,pooled_z_seed42_fold0,1.0831871863305926,0.8966277353410949,regression: human score z-normalized within benchmark,"predefined pooled_stratified_5fold, seed=42",42,True,experiments/rq0_viability/outputs/classical_baselines/classical_regression_predictions.csv
svr,Support Vector Regression,svr,Java,rq0_0193,0,pooled_z_seed42_fold0,0.5386660602292682,-0.1118753003025244,regression: human score z-normalized within benchmark,"predefined pooled_stratified_5fold, seed=42",42,True,experiments/rq0_viability/outputs/classical_baselines/classical_regression_predictions.csv
svr,Support Vector Regression,svr,Java,rq0_0194,4,pooled_z_seed42_fold4,1.4462012703981426,0.9970059452987484,regression: human score z-normalized within benchmark,"predefined pooled_stratified_5fold, seed=42",42,True,experiments/rq0_viability/outputs/classical_baselines/classical_regression_predictions.csv
svr,Support Vector Regression,svr,Java,rq0_0195,3,pooled_z_seed42_fold3,-1.094897318074706,-0.1177987245496941,regression: human score z-normalized within benchmark,"predefined pooled_stratified_5fold, seed=42",42,True,experiments/rq0_viability/outputs/classical_baselines/classical_regression_predictions.csv
svr,Support Vector Regression,svr,Java,rq0_0196,3,pooled_z_seed42_fold3,-0.9133902760409311,0.2986944642575073,regression: human score z-normalized within benchmark,"predefined pooled_stratified_5fold, seed=42",42,True,experiments/rq0_viability/outputs/classical_baselines/classical_regression_predictions.csv
svr,Support Vector Regression,svr,Java,rq0_0197,1,pooled_z_seed42_fold1,0.1756519761617182,0.2227800880028287,regression: human score z-normalized within benchmark,"predefined pooled_stratified_5fold, seed=42",42,True,experiments/rq0_viability/outputs/classical_baselines/classical_regression_predictions.csv
svr,Support Vector Regression,svr,Java,rq0_0198,4,pooled_z_seed42_fold4,-0.731883234007156,0.2947950925753405,regression: human score z-normalized within benchmark,"predefined pooled_stratified_5fold, seed=42",42,True,experiments/rq0_viability/outputs/classical_baselines/classical_regression_predictions.csv
svr,Support Vector Regression,svr,Java,rq0_0199,4,pooled_z_seed42_fold4,0.5386660602292682,0.0576345535020327,regression: human score z-normalized within benchmark,"predefined pooled_stratified_5fold, seed=42",42,True,experiments/rq0_viability/outputs/classical_baselines/classical_regression_predictions.csv
svr,Support Vector Regression,svr,Java,rq0_0200,4,pooled_z_seed42_fold4,-0.187362107905831,-0.4886100952161056,regression: human score z-normalized within benchmark,"predefined pooled_stratified_5fold, seed=42",42,True,experiments/rq0_viability/outputs/classical_baselines/classical_regression_predictions.csv
svr,Support Vector Regression,svr,Java,rq0_0201,3,pooled_z_seed42_fold3,-0.187362107905831,-0.4221607002231408,regression: human score z-normalized within benchmark,"predefined pooled_stratified_5fold, seed=42",42,True,experiments/rq0_viability/outputs/classical_baselines/classical_regression_predictions.csv
svr,Support Vector Regression,svr,Java,rq0_0202,2,pooled_z_seed42_fold2,-1.639418444176031,-0.3065424648809011,regression: human score z-normalized within benchmark,"predefined pooled_stratified_5fold, seed=42",42,True,experiments/rq0_viability/outputs/classical_baselines/classical_regression_predictions.csv
svr,Support Vector Regression,svr,Java,rq0_0203,3,pooled_z_seed42_fold3,1.2646942283643683,0.8040751378891831,regression: human score z-normalized within benchmark,"predefined pooled_stratified_5fold, seed=42",42,True,experiments/rq0_viability/outputs/classical_baselines/classical_regression_predictions.csv
svr,Support Vector Regression,svr,Java,rq0_0204,2,pooled_z_seed42_fold2,0.5386660602292682,0.1220204526382731,regression: human score z-normalized within benchmark,"predefined pooled_stratified_5fold, seed=42",42,True,experiments/rq0_viability/outputs/classical_baselines/classical_regression_predictions.csv
svr,Support Vector Regression,svr,Java,rq0_0205,1,pooled_z_seed42_fold1,0.5386660602292682,0.0901324376718391,regression: human score z-normalized within benchmark,"predefined pooled_stratified_5fold, seed=42",42,True,experiments/rq0_viability/outputs/classical_baselines/classical_regression_predictions.csv
svr,Support Vector Regression,svr,Java,rq0_0206,2,pooled_z_seed42_fold2,0.3571590181954932,0.2616024422118595,regression: human score z-normalized within benchmark,"predefined pooled_stratified_5fold, seed=42",42,True,experiments/rq0_viability/outputs/classical_baselines/classical_regression_predictions.csv
svr,Support Vector Regression,svr,Java,rq0_0207,3,pooled_z_seed42_fold3,0.5386660602292682,-0.3199330261144475,regression: human score z-normalized within benchmark,"predefined pooled_stratified_5fold, seed=42",42,True,experiments/rq0_viability/outputs/classical_baselines/classical_regression_predictions.csv
svr,Support Vector Regression,svr,Java,rq0_0208,2,pooled_z_seed42_fold2,1.4462012703981426,0.5848777204022423,regression: human score z-normalized within benchmark,"predefined pooled_stratified_5fold, seed=42",42,True,experiments/rq0_viability/outputs/classical_baselines/classical_regression_predictions.csv
svr,Support Vector Regression,svr,Java,rq0_0209,2,pooled_z_seed42_fold2,0.9016801442968184,0.6926467223300651,regression: human score z-normalized within benchmark,"predefined pooled_stratified_5fold, seed=42",42,True,experiments/rq0_viability/outputs/classical_baselines/classical_regression_predictions.csv
svr,Support Vector Regression,svr,Java,rq0_0210,2,pooled_z_seed42_fold2,0.1756519761617182,0.3407696222776373,regression: human score z-normalized within benchmark,"predefined pooled_stratified_5fold, seed=42",42,True,experiments/rq0_viability/outputs/classical_baselines/classical_regression_predictions.csv
svr,Support Vector Regression,svr,Java,rq0_0211,4,pooled_z_seed42_fold4,-2.183939570277356,-0.3664606265966208,regression: human score z-normalized within benchmark,"predefined pooled_stratified_5fold, seed=42",42,True,experiments/rq0_viability/outputs/classical_baselines/classical_regression_predictions.csv
svr,Support Vector Regression,svr,Java,rq0_0212,1,pooled_z_seed42_fold1,-0.0058550658720567,-0.5701552665185263,regression: human score z-normalized within benchmark,"predefined pooled_stratified_5fold, seed=42",42,True,experiments/rq0_viability/outputs/classical_baselines/classical_regression_predictions.csv
svr,Support Vector Regression,svr,Java,rq0_0213,4,pooled_z_seed42_fold4,-0.368869149939606,-0.844637941167112,regression: human score z-normalized within benchmark,"predefined pooled_stratified_5fold, seed=42",42,True,experiments/rq0_viability/outputs/classical_baselines/classical_regression_predictions.csv
svr,Support Vector Regression,svr,Java,rq0_0214,4,pooled_z_seed42_fold4,-0.731883234007156,-0.2191905230951706,regression: human score z-normalized within benchmark,"predefined pooled_stratified_5fold, seed=42",42,True,experiments/rq0_viability/outputs/classical_baselines/classical_regression_predictions.csv
svr,Support Vector Regression,svr,Java,rq0_0215,1,pooled_z_seed42_fold1,1.0831871863305926,0.2877972801186266,regression: human score z-normalized within benchmark,"predefined pooled_stratified_5fold, seed=42",42,True,experiments/rq0_viability/outputs/classical_baselines/classical_regression_predictions.csv
svr,Support Vector Regression,svr,Java,rq0_0216,3,pooled_z_seed42_fold3,0.5386660602292682,-0.1557792165131744,regression: human score z-normalized within benchmark,"predefined pooled_stratified_5fold, seed=42",42,True,experiments/rq0_viability/outputs/classical_baselines/classical_regression_predictions.csv
svr,Support Vector Regression,svr,Java,rq0_0217,0,pooled_z_seed42_fold0,-1.8209254862098048,-0.8264488744655566,regression: human score z-normalized within benchmark,"predefined pooled_stratified_5fold, seed=42",42,True,experiments/rq0_viability/outputs/classical_baselines/classical_regression_predictions.csv
svr,Support Vector Regression,svr,Java,rq0_0218,2,pooled_z_seed42_fold2,-2.36544661231113,-0.8059601740280098,regression: human score z-normalized within benchmark,"predefined pooled_stratified_5fold, seed=42",42,True,experiments/rq0_viability/outputs/classical_baselines/classical_regression_predictions.csv
svr,Support Vector Regression,svr,Java,rq0_0219,3,pooled_z_seed42_fold3,0.1756519761617182,0.0430033342092599,regression: human score z-normalized within benchmark,"predefined pooled_stratified_5fold, seed=42",42,True,experiments/rq0_viability/outputs/classical_baselines/classical_regression_predictions.csv
svr,Support Vector Regression,svr,Java,rq0_0220,1,pooled_z_seed42_fold1,0.9016801442968184,0.9383319306085915,regression: human score z-normalized within benchmark,"predefined pooled_stratified_5fold, seed=42",42,True,experiments/rq0_viability/outputs/classical_baselines/classical_regression_predictions.csv
svr,Support Vector Regression,svr,Java,rq0_0221,3,pooled_z_seed42_fold3,1.8092153544656928,1.0665422933359856,regression: human score z-normalized within benchmark,"predefined pooled_stratified_5fold, seed=42",42,True,experiments/rq0_viability/outputs/classical_baselines/classical_regression_predictions.csv
svr,Support Vector Regression,svr,Java,rq0_0222,4,pooled_z_seed42_fold4,0.9016801442968184,0.191119732426077,regression: human score z-normalized within benchmark,"predefined pooled_stratified_5fold, seed=42",42,True,experiments/rq0_viability/outputs/classical_baselines/classical_regression_predictions.csv
svr,Support Vector Regression,svr,Java,rq0_0223,1,pooled_z_seed42_fold1,0.7201731022630425,-0.0767917639344297,regression: human score z-normalized within benchmark,"predefined pooled_stratified_5fold, seed=42",42,True,experiments/rq0_viability/outputs/classical_baselines/classical_regression_predictions.csv
svr,Support Vector Regression,svr,Java,rq0_0224,3,pooled_z_seed42_fold3,1.6277083124319185,0.5212938883413827,regression: human score z-normalized within benchmark,"predefined pooled_stratified_5fold, seed=42",42,True,experiments/rq0_viability/outputs/classical_baselines/classical_regression_predictions.csv
svr,Support Vector Regression,svr,Java,rq0_0225,0,pooled_z_seed42_fold0,-1.2764043601084811,-0.4202407298962555,regression: human score z-normalized within benchmark,"predefined pooled_stratified_5fold, seed=42",42,True,experiments/rq0_viability/outputs/classical_baselines/classical_regression_predictions.csv
svr,Support Vector Regression,svr,Java,rq0_0226,3,pooled_z_seed42_fold3,0.5386660602292682,-0.2748576124820329,regression: human score z-normalized within benchmark,"predefined pooled_stratified_5fold, seed=42",42,True,experiments/rq0_viability/outputs/classical_baselines/classical_regression_predictions.csv
svr,Support Vector Regression,svr,Java,rq0_0227,1,pooled_z_seed42_fold1,1.0831871863305926,0.6181109318262202,regression: human score z-normalized within benchmark,"predefined pooled_stratified_5fold, seed=42",42,True,experiments/rq0_viability/outputs/classical_baselines/classical_regression_predictions.csv
svr,Support Vector Regression,svr,Java,rq0_0228,1,pooled_z_seed42_fold1,-0.5503761919733818,-0.1367399988525569,regression: human score z-normalized within benchmark,"predefined pooled_stratified_5fold, seed=42",42,True,experiments/rq0_viability/outputs/classical_baselines/classical_regression_predictions.csv
svr,Support Vector Regression,svr,Java,rq0_0229,4,pooled_z_seed42_fold4,-0.0058550658720567,-0.35284239241908,regression: human score z-normalized within benchmark,"predefined pooled_stratified_5fold, seed=42",42,True,experiments/rq0_viability/outputs/classical_baselines/classical_regression_predictions.csv
svr,Support Vector Regression,svr,Java,rq0_0230,2,pooled_z_seed42_fold2,0.7201731022630425,-0.5337989386192326,regression: human score z-normalized within benchmark,"predefined pooled_stratified_5fold, seed=42",42,True,experiments/rq0_viability/outputs/classical_baselines/classical_regression_predictions.csv
svr,Support Vector Regression,svr,Java,rq0_0231,3,pooled_z_seed42_fold3,-1.457911402142256,-0.1957468867352637,regression: human score z-normalized within benchmark,"predefined pooled_stratified_5fold, seed=42",42,True,experiments/rq0_viability/outputs/classical_baselines/classical_regression_predictions.csv
svr,Support Vector Regression,svr,Java,rq0_0232,0,pooled_z_seed42_fold0,-0.9133902760409311,-0.5140146031080071,regression: human score z-normalized within benchmark,"predefined pooled_stratified_5fold, seed=42",42,True,experiments/rq0_viability/outputs/classical_baselines/classical_regression_predictions.csv
svr,Support Vector Regression,svr,Java,rq0_0233,4,pooled_z_seed42_fold4,-0.368869149939606,-0.7313325120610991,regression: human score z-normalized within benchmark,"predefined pooled_stratified_5fold, seed=42",42,True,experiments/rq0_viability/outputs/classical_baselines/classical_regression_predictions.csv
svr,Support Vector Regression,svr,Java,rq0_0234,2,pooled_z_seed42_fold2,0.5386660602292682,-0.519987458053307,regression: human score z-normalized within benchmark,"predefined pooled_stratified_5fold, seed=42",42,True,experiments/rq0_viability/outputs/classical_baselines/classical_regression_predictions.csv
svr,Support Vector Regression,svr,Java,rq0_0235,2,pooled_z_seed42_fold2,0.7201731022630425,-0.0165988599319666,regression: human score z-normalized within benchmark,"predefined pooled_stratified_5fold, seed=42",42,True,experiments/rq0_viability/outputs/classical_baselines/classical_regression_predictions.csv
svr,Support Vector Regression,svr,Java,rq0_0236,2,pooled_z_seed42_fold2,0.9016801442968184,0.242089832686644,regression: human score z-normalized within benchmark,"predefined pooled_stratified_5fold, seed=42",42,True,experiments/rq0_viability/outputs/classical_baselines/classical_regression_predictions.csv
svr,Support Vector Regression,svr,Java,rq0_0237,3,pooled_z_seed42_fold3,-0.187362107905831,-0.3423867805225465,regression: human score z-normalized within benchmark,"predefined pooled_stratified_5fold, seed=42",42,True,experiments/rq0_viability/outputs/classical_baselines/classical_regression_predictions.csv
svr,Support Vector Regression,svr,Java,rq0_0238,4,pooled_z_seed42_fold4,0.1756519761617182,-0.0982298672601209,regression: human score z-normalized within benchmark,"predefined pooled_stratified_5fold, seed=42",42,True,experiments/rq0_viability/outputs/classical_baselines/classical_regression_predictions.csv
svr,Support Vector Regression,svr,Java,rq0_0239,2,pooled_z_seed42_fold2,0.3571590181954932,-0.455275256381427,regression: human score z-normalized within benchmark,"predefined pooled_stratified_5fold, seed=42",42,True,experiments/rq0_viability/outputs/classical_baselines/classical_regression_predictions.csv
svr,Support Vector Regression,svr,Java,rq0_0240,3,pooled_z_seed42_fold3,0.3571590181954932,-0.2397124450042718,regression: human score z-normalized within benchmark,"predefined pooled_stratified_5fold, seed=42",42,True,experiments/rq0_viability/outputs/classical_baselines/classical_regression_predictions.csv
svr,Support Vector Regression,svr,Java,rq0_0241,3,pooled_z_seed42_fold3,-0.5503761919733818,0.2572204229687316,regression: human score z-normalized within benchmark,"predefined pooled_stratified_5fold, seed=42",42,True,experiments/rq0_viability/outputs/classical_baselines/classical_regression_predictions.csv
svr,Support Vector Regression,svr,Java,rq0_0242,1,pooled_z_seed42_fold1,0.5386660602292682,0.4992225207731217,regression: human score z-normalized within benchmark,"predefined pooled_stratified_5fold, seed=42",42,True,experiments/rq0_viability/outputs/classical_baselines/classical_regression_predictions.csv
svr,Support Vector Regression,svr,Java,rq0_0243,1,pooled_z_seed42_fold1,0.3571590181954932,0.4613110794671969,regression: human score z-normalized within benchmark,"predefined pooled_stratified_5fold, seed=42",42,True,experiments/rq0_viability/outputs/classical_baselines/classical_regression_predictions.csv
svr,Support Vector Regression,svr,Java,rq0_0244,4,pooled_z_seed42_fold4,1.4462012703981426,0.4340207432510603,regression: human score z-normalized within benchmark,"predefined pooled_stratified_5fold, seed=42",42,True,experiments/rq0_viability/outputs/classical_baselines/classical_regression_predictions.csv
svr,Support Vector Regression,svr,Java,rq0_0245,2,pooled_z_seed42_fold2,-0.368869149939606,-0.7191767512959222,regression: human score z-normalized within benchmark,"predefined pooled_stratified_5fold, seed=42",42,True,experiments/rq0_viability/outputs/classical_baselines/classical_regression_predictions.csv
svr,Support Vector Regression,svr,Java,rq0_0246,1,pooled_z_seed42_fold1,1.6277083124319185,0.906735077217936,regression: human score z-normalized within benchmark,"predefined pooled_stratified_5fold, seed=42",42,True,experiments/rq0_viability/outputs/classical_baselines/classical_regression_predictions.csv
svr,Support Vector Regression,svr,Java,rq0_0247,1,pooled_z_seed42_fold1,-0.731883234007156,-0.2329421849467785,regression: human score z-normalized within benchmark,"predefined pooled_stratified_5fold, seed=42",42,True,experiments/rq0_viability/outputs/classical_baselines/classical_regression_predictions.csv
svr,Support Vector Regression,svr,Java,rq0_0248,0,pooled_z_seed42_fold0,1.4462012703981426,0.1814338728835448,regression: human score z-normalized within benchmark,"predefined pooled_stratified_5fold, seed=42",42,True,experiments/rq0_viability/outputs/classical_baselines/classical_regression_predictions.csv
svr,Support Vector Regression,svr,Java,rq0_0249,1,pooled_z_seed42_fold1,-2.909967738412456,-0.0891506039626098,regression: human score z-normalized within benchmark,"predefined pooled_stratified_5fold, seed=42",42,True,experiments/rq0_viability/outputs/classical_baselines/classical_regression_predictions.csv
svr,Support Vector Regression,svr,Java,rq0_0250,2,pooled_z_seed42_fold2,1.2646942283643683,0.684569013952806,regression: human score z-normalized within benchmark,"predefined pooled_stratified_5fold, seed=42",42,True,experiments/rq0_viability/outputs/classical_baselines/classical_regression_predictions.csv
svr,Support Vector Regression,svr,Java,rq0_0251,3,pooled_z_seed42_fold3,-1.2764043601084811,-0.9124336101303304,regression: human score z-normalized within benchmark,"predefined pooled_stratified_5fold, seed=42",42,True,experiments/rq0_viability/outputs/classical_baselines/classical_regression_predictions.csv
svr,Support Vector Regression,svr,Java,rq0_0252,0,pooled_z_seed42_fold0,0.3571590181954932,-0.0489038737475608,regression: human score z-normalized within benchmark,"predefined pooled_stratified_5fold, seed=42",42,True,experiments/rq0_viability/outputs/classical_baselines/classical_regression_predictions.csv
svr,Support Vector Regression,svr,Java,rq0_0253,1,pooled_z_seed42_fold1,-0.0058550658720567,-0.2561336369307337,regression: human score z-normalized within benchmark,"predefined pooled_stratified_5fold, seed=42",42,True,experiments/rq0_viability/outputs/classical_baselines/classical_regression_predictions.csv
svr,Support Vector Regression,svr,Java,rq0_0254,2,pooled_z_seed42_fold2,-0.5503761919733818,-0.5071521315936387,regression: human score z-normalized within benchmark,"predefined pooled_stratified_5fold, seed=42",42,True,experiments/rq0_viability/outputs/classical_baselines/classical_regression_predictions.csv
svr,Support Vector Regression,svr,Java,rq0_0255,2,pooled_z_seed42_fold2,0.3571590181954932,0.5737052790076548,regression: human score z-normalized within benchmark,"predefined pooled_stratified_5fold, seed=42",42,True,experiments/rq0_viability/outputs/classical_baselines/classical_regression_predictions.csv
svr,Support Vector Regression,svr,Java,rq0_0256,0,pooled_z_seed42_fold0,0.3571590181954932,0.3684876007779284,regression: human score z-normalized within benchmark,"predefined pooled_stratified_5fold, seed=42",42,True,experiments/rq0_viability/outputs/classical_baselines/classical_regression_predictions.csv
svr,Support Vector Regression,svr,Java,rq0_0257,0,pooled_z_seed42_fold0,0.3571590181954932,-0.8733959384736486,regression: human score z-normalized within benchmark,"predefined pooled_stratified_5fold, seed=42",42,True,experiments/rq0_viability/outputs/classical_baselines/classical_regression_predictions.csv
svr,Support Vector Regression,svr,Java,rq0_0258,3,pooled_z_seed42_fold3,-0.187362107905831,-0.6617721095616388,regression: human score z-normalized within benchmark,"predefined pooled_stratified_5fold, seed=42",42,True,experiments/rq0_viability/outputs/classical_baselines/classical_regression_predictions.csv
svr,Support Vector Regression,svr,Java,rq0_0259,1,pooled_z_seed42_fold1,0.3571590181954932,-0.3263934635256472,regression: human score z-normalized within benchmark,"predefined pooled_stratified_5fold, seed=42",42,True,experiments/rq0_viability/outputs/classical_baselines/classical_regression_predictions.csv
svr,Support Vector Regression,svr,Java,rq0_0260,2,pooled_z_seed42_fold2,-0.5503761919733818,-0.0368729702715165,regression: human score z-normalized within benchmark,"predefined pooled_stratified_5fold, seed=42",42,True,experiments/rq0_viability/outputs/classical_baselines/classical_regression_predictions.csv
svr,Support Vector Regression,svr,Java,rq0_0261,0,pooled_z_seed42_fold0,-1.094897318074706,-1.092412841388995,regression: human score z-normalized within benchmark,"predefined pooled_stratified_5fold, seed=42",42,True,experiments/rq0_viability/outputs/classical_baselines/classical_regression_predictions.csv
svr,Support Vector Regression,svr,Java,rq0_0262,4,pooled_z_seed42_fold4,-0.187362107905831,-0.4731824994908551,regression: human score z-normalized within benchmark,"predefined pooled_stratified_5fold, seed=42",42,True,experiments/rq0_viability/outputs/classical_baselines/classical_regression_predictions.csv
svr,Support Vector Regression,svr,Java,rq0_0263,2,pooled_z_seed42_fold2,-1.094897318074706,-0.4403422633146222,regression: human score z-normalized within benchmark,"predefined pooled_stratified_5fold, seed=42",42,True,experiments/rq0_viability/outputs/classical_baselines/classical_regression_predictions.csv
svr,Support Vector Regression,svr,Java,rq0_0264,3,pooled_z_seed42_fold3,0.3571590181954932,0.0024997484008628,regression: human score z-normalized within benchmark,"predefined pooled_stratified_5fold, seed=42",42,True,experiments/rq0_viability/outputs/classical_baselines/classical_regression_predictions.csv
svr,Support Vector Regression,svr,Java,rq0_0265,0,pooled_z_seed42_fold0,0.7201731022630425,0.7613247398883781,regression: human score z-normalized within benchmark,"predefined pooled_stratified_5fold, seed=42",42,True,experiments/rq0_viability/outputs/classical_baselines/classical_regression_predictions.csv
svr,Support Vector Regression,svr,Java,rq0_0266,3,pooled_z_seed42_fold3,1.6277083124319185,0.7593129046535255,regression: human score z-normalized within benchmark,"predefined pooled_stratified_5fold, seed=42",42,True,experiments/rq0_viability/outputs/classical_baselines/classical_regression_predictions.csv
svr,Support Vector Regression,svr,Java,rq0_0267,3,pooled_z_seed42_fold3,-0.5503761919733818,0.7296551009925879,regression: human score z-normalized within benchmark,"predefined pooled_stratified_5fold, seed=42",42,True,experiments/rq0_viability/outputs/classical_baselines/classical_regression_predictions.csv
svr,Support Vector Regression,svr,Java,rq0_0268,1,pooled_z_seed42_fold1,-0.187362107905831,0.1355633662499943,regression: human score z-normalized within benchmark,"predefined pooled_stratified_5fold, seed=42",42,True,experiments/rq0_viability/outputs/classical_baselines/classical_regression_predictions.csv
svr,Support Vector Regression,svr,Java,rq0_0269,0,pooled_z_seed42_fold0,-0.187362107905831,-0.1090977920029482,regression: human score z-normalized within benchmark,"predefined pooled_stratified_5fold, seed=42",42,True,experiments/rq0_viability/outputs/classical_baselines/classical_regression_predictions.csv
svr,Support Vector Regression,svr,Java,rq0_0270,3,pooled_z_seed42_fold3,0.3571590181954932,0.2110304667277502,regression: human score z-normalized within benchmark,"predefined pooled_stratified_5fold, seed=42",42,True,experiments/rq0_viability/outputs/classical_baselines/classical_regression_predictions.csv
svr,Support Vector Regression,svr,Java,rq0_0271,3,pooled_z_seed42_fold3,0.7201731022630425,-0.3428653079840187,regression: human score z-normalized within benchmark,"predefined pooled_stratified_5fold, seed=42",42,True,experiments/rq0_viability/outputs/classical_baselines/classical_regression_predictions.csv
svr,Support Vector Regression,svr,Java,rq0_0272,0,pooled_z_seed42_fold0,0.3571590181954932,-0.0049836407298506,regression: human score z-normalized within benchmark,"predefined pooled_stratified_5fold, seed=42",42,True,experiments/rq0_viability/outputs/classical_baselines/classical_regression_predictions.csv
svr,Support Vector Regression,svr,Java,rq0_0273,1,pooled_z_seed42_fold1,-0.5503761919733818,-0.595775744643921,regression: human score z-normalized within benchmark,"predefined pooled_stratified_5fold, seed=42",42,True,experiments/rq0_viability/outputs/classical_baselines/classical_regression_predictions.csv
svr,Support Vector Regression,svr,Java,rq0_0274,1,pooled_z_seed42_fold1,-0.731883234007156,0.307216530286814,regression: human score z-normalized within benchmark,"predefined pooled_stratified_5fold, seed=42",42,True,experiments/rq0_viability/outputs/classical_baselines/classical_regression_predictions.csv
svr,Support Vector Regression,svr,Java,rq0_0275,4,pooled_z_seed42_fold4,1.6277083124319185,0.3952720021443312,regression: human score z-normalized within benchmark,"predefined pooled_stratified_5fold, seed=42",42,True,experiments/rq0_viability/outputs/classical_baselines/classical_regression_predictions.csv
svr,Support Vector Regression,svr,Java,rq0_0276,1,pooled_z_seed42_fold1,-1.2764043601084811,-0.576528890914881,regression: human score z-normalized within benchmark,"predefined pooled_stratified_5fold, seed=42",42,True,experiments/rq0_viability/outputs/classical_baselines/classical_regression_predictions.csv
svr,Support Vector Regression,svr,Java,rq0_0277,2,pooled_z_seed42_fold2,-0.9133902760409311,-0.0665902757122051,regression: human score z-normalized within benchmark,"predefined pooled_stratified_5fold, seed=42",42,True,experiments/rq0_viability/outputs/classical_baselines/classical_regression_predictions.csv
svr,Support Vector Regression,svr,Java,rq0_0278,0,pooled_z_seed42_fold0,-1.2764043601084811,-0.272268833892299,regression: human score z-normalized within benchmark,"predefined pooled_stratified_5fold, seed=42",42,True,experiments/rq0_viability/outputs/classical_baselines/classical_regression_predictions.csv
svr,Support Vector Regression,svr,Java,rq0_0279,2,pooled_z_seed42_fold2,0.7201731022630425,-0.6195155455006682,regression: human score z-normalized within benchmark,"predefined pooled_stratified_5fold, seed=42",42,True,experiments/rq0_viability/outputs/classical_baselines/classical_regression_predictions.csv
svr,Support Vector Regression,svr,Java,rq0_0280,4,pooled_z_seed42_fold4,1.0831871863305926,0.5404681058974906,regression: human score z-normalized within benchmark,"predefined pooled_stratified_5fold, seed=42",42,True,experiments/rq0_viability/outputs/classical_baselines/classical_regression_predictions.csv
svr,Support Vector Regression,svr,Java,rq0_0281,4,pooled_z_seed42_fold4,-0.5503761919733818,0.127894919897458,regression: human score z-normalized within benchmark,"predefined pooled_stratified_5fold, seed=42",42,True,experiments/rq0_viability/outputs/classical_baselines/classical_regression_predictions.csv
svr,Support Vector Regression,svr,Java,rq0_0282,4,pooled_z_seed42_fold4,1.990722396499468,-0.915637458726168,regression: human score z-normalized within benchmark,"predefined pooled_stratified_5fold, seed=42",42,True,experiments/rq0_viability/outputs/classical_baselines/classical_regression_predictions.csv
svr,Support Vector Regression,svr,Java,rq0_0283,4,pooled_z_seed42_fold4,-1.457911402142256,-0.3503612252265382,regression: human score z-normalized within benchmark,"predefined pooled_stratified_5fold, seed=42",42,True,experiments/rq0_viability/outputs/classical_baselines/classical_regression_predictions.csv
svr,Support Vector Regression,svr,Java,rq0_0284,3,pooled_z_seed42_fold3,-0.368869149939606,-0.8396005420266371,regression: human score z-normalized within benchmark,"predefined pooled_stratified_5fold, seed=42",42,True,experiments/rq0_viability/outputs/classical_baselines/classical_regression_predictions.csv
svr,Support Vector Regression,svr,Java,rq0_0285,4,pooled_z_seed42_fold4,-1.094897318074706,0.0315316055976944,regression: human score z-normalized within benchmark,"predefined pooled_stratified_5fold, seed=42",42,True,experiments/rq0_viability/outputs/classical_baselines/classical_regression_predictions.csv
svr,Support Vector Regression,svr,Java,rq0_0286,4,pooled_z_seed42_fold4,-1.2764043601084811,-0.494660163342981,regression: human score z-normalized within benchmark,"predefined pooled_stratified_5fold, seed=42",42,True,experiments/rq0_viability/outputs/classical_baselines/classical_regression_predictions.csv
svr,Support Vector Regression,svr,Java,rq0_0287,0,pooled_z_seed42_fold0,1.8092153544656928,0.2425180362689112,regression: human score z-normalized within benchmark,"predefined pooled_stratified_5fold, seed=42",42,True,experiments/rq0_viability/outputs/classical_baselines/classical_regression_predictions.csv
svr,Support Vector Regression,svr,Java,rq0_0288,3,pooled_z_seed42_fold3,1.4462012703981426,0.2085135157981462,regression: human score z-normalized within benchmark,"predefined pooled_stratified_5fold, seed=42",42,True,experiments/rq0_viability/outputs/classical_baselines/classical_regression_predictions.csv
svr,Support Vector Regression,svr,Java,rq0_0289,0,pooled_z_seed42_fold0,0.7201731022630425,0.1703201632122251,regression: human score z-normalized within benchmark,"predefined pooled_stratified_5fold, seed=42",42,True,experiments/rq0_viability/outputs/classical_baselines/classical_regression_predictions.csv
svr,Support Vector Regression,svr,Java,rq0_0290,1,pooled_z_seed42_fold1,1.0831871863305926,0.2984282513962494,regression: human score z-normalized within benchmark,"predefined pooled_stratified_5fold, seed=42",42,True,experiments/rq0_viability/outputs/classical_baselines/classical_regression_predictions.csv
svr,Support Vector Regression,svr,Java,rq0_0291,1,pooled_z_seed42_fold1,-1.094897318074706,-0.4075782050951593,regression: human score z-normalized within benchmark,"predefined pooled_stratified_5fold, seed=42",42,True,experiments/rq0_viability/outputs/classical_baselines/classical_regression_predictions.csv
svr,Support Vector Regression,svr,Java,rq0_0292,1,pooled_z_seed42_fold1,-1.2764043601084811,-0.2021170691016035,regression: human score z-normalized within benchmark,"predefined pooled_stratified_5fold, seed=42",42,True,experiments/rq0_viability/outputs/classical_baselines/classical_regression_predictions.csv
svr,Support Vector Regression,svr,Java,rq0_0293,2,pooled_z_seed42_fold2,-0.731883234007156,0.7783492894935937,regression: human score z-normalized within benchmark,"predefined pooled_stratified_5fold, seed=42",42,True,experiments/rq0_viability/outputs/classical_baselines/classical_regression_predictions.csv
svr,Support Vector Regression,svr,Java,rq0_0294,4,pooled_z_seed42_fold4,-1.8209254862098048,-0.7935954851989757,regression: human score z-normalized within benchmark,"predefined pooled_stratified_5fold, seed=42",42,True,experiments/rq0_viability/outputs/classical_baselines/classical_regression_predictions.csv
svr,Support Vector Regression,svr,Java,rq0_0295,3,pooled_z_seed42_fold3,-1.639418444176031,0.1765846469856971,regression: human score z-normalized within benchmark,"predefined pooled_stratified_5fold, seed=42",42,True,experiments/rq0_viability/outputs/classical_baselines/classical_regression_predictions.csv
svr,Support Vector Regression,svr,Java,rq0_0296,1,pooled_z_seed42_fold1,0.9016801442968184,1.057710291259835,regression: human score z-normalized within benchmark,"predefined pooled_stratified_5fold, seed=42",42,True,experiments/rq0_viability/outputs/classical_baselines/classical_regression_predictions.csv
svr,Support Vector Regression,svr,Java,rq0_0297,4,pooled_z_seed42_fold4,0.9016801442968184,0.225368861646902,regression: human score z-normalized within benchmark,"predefined pooled_stratified_5fold, seed=42",42,True,experiments/rq0_viability/outputs/classical_baselines/classical_regression_predictions.csv
svr,Support Vector Regression,svr,Java,rq0_0298,0,pooled_z_seed42_fold0,-0.9133902760409311,-0.5035397001445364,regression: human score z-normalized within benchmark,"predefined pooled_stratified_5fold, seed=42",42,True,experiments/rq0_viability/outputs/classical_baselines/classical_regression_predictions.csv
svr,Support Vector Regression,svr,Java,rq0_0299,2,pooled_z_seed42_fold2,0.3571590181954932,-0.3653307684501016,regression: human score z-normalized within benchmark,"predefined pooled_stratified_5fold, seed=42",42,True,experiments/rq0_viability/outputs/classical_baselines/classical_regression_predictions.csv
svr,Support Vector Regression,svr,Java,rq0_0300,0,pooled_z_seed42_fold0,-0.0058550658720567,-0.1561794105344312,regression: human score z-normalized within benchmark,"predefined pooled_stratified_5fold, seed=42",42,True,experiments/rq0_viability/outputs/classical_baselines/classical_regression_predictions.csv
svr,Support Vector Regression,svr,Java,rq0_0301,1,pooled_z_seed42_fold1,-0.368869149939606,-0.065851758370503,regression: human score z-normalized within benchmark,"predefined pooled_stratified_5fold, seed=42",42,True,experiments/rq0_viability/outputs/classical_baselines/classical_regression_predictions.csv
svr,Support Vector Regression,svr,Java,rq0_0302,3,pooled_z_seed42_fold3,-0.5503761919733818,-0.2833125711419917,regression: human score z-normalized within benchmark,"predefined pooled_stratified_5fold, seed=42",42,True,experiments/rq0_viability/outputs/classical_baselines/classical_regression_predictions.csv
svr,Support Vector Regression,svr,Java,rq0_0303,0,pooled_z_seed42_fold0,-0.187362107905831,-0.685091538303592,regression: human score z-normalized within benchmark,"predefined pooled_stratified_5fold, seed=42",42,True,experiments/rq0_viability/outputs/classical_baselines/classical_regression_predictions.csv
svr,Support Vector Regression,svr,Java,rq0_0304,0,pooled_z_seed42_fold0,0.9016801442968184,-0.7060838546932445,regression: human score z-normalized within benchmark,"predefined pooled_stratified_5fold, seed=42",42,True,experiments/rq0_viability/outputs/classical_baselines/classical_regression_predictions.csv
svr,Support Vector Regression,svr,Java,rq0_0305,1,pooled_z_seed42_fold1,0.1756519761617182,-0.0611353519868585,regression: human score z-normalized within benchmark,"predefined pooled_stratified_5fold, seed=42",42,True,experiments/rq0_viability/outputs/classical_baselines/classical_regression_predictions.csv
svr,Support Vector Regression,svr,Java,rq0_0306,0,pooled_z_seed42_fold0,1.2646942283643683,-0.0690855980914623,regression: human score z-normalized within benchmark,"predefined pooled_stratified_5fold, seed=42",42,True,experiments/rq0_viability/outputs/classical_baselines/classical_regression_predictions.csv
svr,Support Vector Regression,svr,Java,rq0_0307,4,pooled_z_seed42_fold4,0.1756519761617182,-0.4630783097372178,regression: human score z-normalized within benchmark,"predefined pooled_stratified_5fold, seed=42",42,True,experiments/rq0_viability/outputs/classical_baselines/classical_regression_predictions.csv
svr,Support Vector Regression,svr,Java,rq0_0308,0,pooled_z_seed42_fold0,-0.9133902760409311,-0.5233247213476249,regression: human score z-normalized within benchmark,"predefined pooled_stratified_5fold, seed=42",42,True,experiments/rq0_viability/outputs/classical_baselines/classical_regression_predictions.csv
svr,Support Vector Regression,svr,Java,rq0_0309,2,pooled_z_seed42_fold2,-0.5503761919733818,-0.537310850818419,regression: human score z-normalized within benchmark,"predefined pooled_stratified_5fold, seed=42",42,True,experiments/rq0_viability/outputs/classical_baselines/classical_regression_predictions.csv
svr,Support Vector Regression,svr,Java,rq0_0310,4,pooled_z_seed42_fold4,-1.8209254862098048,-0.0668541500814397,regression: human score z-normalized within benchmark,"predefined pooled_stratified_5fold, seed=42",42,True,experiments/rq0_viability/outputs/classical_baselines/classical_regression_predictions.csv
svr,Support Vector Regression,svr,Java,rq0_0311,0,pooled_z_seed42_fold0,-1.094897318074706,-0.5473568813852189,regression: human score z-normalized within benchmark,"predefined pooled_stratified_5fold, seed=42",42,True,experiments/rq0_viability/outputs/classical_baselines/classical_regression_predictions.csv
svr,Support Vector Regression,svr,Java,rq0_0312,1,pooled_z_seed42_fold1,-1.094897318074706,-0.4531399817446165,regression: human score z-normalized within benchmark,"predefined pooled_stratified_5fold, seed=42",42,True,experiments/rq0_viability/outputs/classical_baselines/classical_regression_predictions.csv
svr,Support Vector Regression,svr,Python,dorn_python_000,1,python_fold1,0.1758505164183208,-0.0689064386001288,regression: human score z-normalized within benchmark,"StratifiedGroupKFold(n_splits=5, shuffle=True, random_state=42); formatting hash groups",42,True,results/dataset_extension_20260713/data/oof_predictions.csv
svr,Support Vector Regression,svr,Python,dorn_python_001,4,python_fold4,0.4469219654080971,0.7207847125100809,regression: human score z-normalized within benchmark,"StratifiedGroupKFold(n_splits=5, shuffle=True, random_state=42); formatting hash groups",42,True,results/dataset_extension_20260713/data/oof_predictions.csv
svr,Support Vector Regression,svr,Python,dorn_python_002,3,python_fold3,0.7004889296237258,0.536741977665437,regression: human score z-normalized within benchmark,"StratifiedGroupKFold(n_splits=5, shuffle=True, random_state=42); formatting hash groups",42,True,results/dataset_extension_20260713/data/oof_predictions.csv
svr,Support Vector Regression,svr,Python,dorn_python_003,0,python_fold0,0.4016858942343241,-0.2594569000842578,regression: human score z-normalized within benchmark,"StratifiedGroupKFold(n_splits=5, shuffle=True, random_state=42); formatting hash groups",42,True,results/dataset_extension_20260713/data/oof_predictions.csv
svr,Support Vector Regression,svr,Python,dorn_python_004,1,python_fold1,0.1802828519279436,0.447058987350787,regression: human score z-normalized within benchmark,"StratifiedGroupKFold(n_splits=5, shuffle=True, random_state=42); formatting hash groups",42,True,results/dataset_extension_20260713/data/oof_predictions.csv
svr,Support Vector Regression,svr,Python,dorn_python_005,3,python_fold3,1.1432526247613095,1.1470624002466994,regression: human score z-normalized within benchmark,"StratifiedGroupKFold(n_splits=5, shuffle=True, random_state=42); formatting hash groups",42,True,results/dataset_extension_20260713/data/oof_predictions.csv
svr,Support Vector Regression,svr,Python,dorn_python_006,3,python_fold3,-0.6516579583287676,0.750165991876898,regression: human score z-normalized within benchmark,"StratifiedGroupKFold(n_splits=5, shuffle=True, random_state=42); formatting hash groups",42,True,results/dataset_extension_20260713/data/oof_predictions.csv
svr,Support Vector Regression,svr,Python,dorn_python_007,3,python_fold3,-0.4606206915905252,0.8317208468622268,regression: human score z-normalized within benchmark,"StratifiedGroupKFold(n_splits=5, shuffle=True, random_state=42); formatting hash groups",42,True,results/dataset_extension_20260713/data/oof_predictions.csv
svr,Support Vector Regression,svr,Python,dorn_python_008,3,python_fold3,0.2298616571197241,1.032134963692652,regression: human score z-normalized within benchmark,"StratifiedGroupKFold(n_splits=5, shuffle=True, random_state=42); formatting hash groups",42,True,results/dataset_extension_20260713/data/oof_predictions.csv
svr,Support Vector Regression,svr,Python,dorn_python_009,2,python_fold2,0.7340747451133941,0.4970903848171639,regression: human score z-normalized within benchmark,"StratifiedGroupKFold(n_splits=5, shuffle=True, random_state=42); formatting hash groups",42,True,results/dataset_extension_20260713/data/oof_predictions.csv
svr,Support Vector Regression,svr,Python,dorn_python_010,1,python_fold1,1.2302785924262836,0.6902875374386694,regression: human score z-normalized within benchmark,"StratifiedGroupKFold(n_splits=5, shuffle=True, random_state=42); formatting hash groups",42,True,results/dataset_extension_20260713/data/oof_predictions.csv
svr,Support Vector Regression,svr,Python,dorn_python_011,4,python_fold4,1.5327184136687515,0.4309709084471643,regression: human score z-normalized within benchmark,"StratifiedGroupKFold(n_splits=5, shuffle=True, random_state=42); formatting hash groups",42,True,results/dataset_extension_20260713/data/oof_predictions.csv
svr,Support Vector Regression,svr,Python,dorn_python_012,2,python_fold2,1.174505223762072,0.7203511357865735,regression: human score z-normalized within benchmark,"StratifiedGroupKFold(n_splits=5, shuffle=True, random_state=42); formatting hash groups",42,True,results/dataset_extension_20260713/data/oof_predictions.csv
svr,Support Vector Regression,svr,Python,dorn_python_013,1,python_fold1,0.2480833414248618,0.967521129781902,regression: human score z-normalized within benchmark,"StratifiedGroupKFold(n_splits=5, shuffle=True, random_state=42); formatting hash groups",42,True,results/dataset_extension_20260713/data/oof_predictions.csv
svr,Support Vector Regression,svr,Python,dorn_python_014,3,python_fold3,0.2251286658958399,-0.1814465059107349,regression: human score z-normalized within benchmark,"StratifiedGroupKFold(n_splits=5, shuffle=True, random_state=42); formatting hash groups",42,True,results/dataset_extension_20260713/data/oof_predictions.csv
svr,Support Vector Regression,svr,Python,dorn_python_015,4,python_fold4,1.5549999254362827,0.5004888207169715,regression: human score z-normalized within benchmark,"StratifiedGroupKFold(n_splits=5, shuffle=True, random_state=42); formatting hash groups",42,True,results/dataset_extension_20260713/data/oof_predictions.csv
svr,Support Vector Regression,svr,Python,dorn_python_016,2,python_fold2,-0.2401466540210834,0.3859842808579231,regression: human score z-normalized within benchmark,"StratifiedGroupKFold(n_splits=5, shuffle=True, random_state=42); formatting hash groups",42,True,results/dataset_extension_20260713/data/oof_predictions.csv
svr,Support Vector Regression,svr,Python,dorn_python_017,1,python_fold1,0.2689278337774489,0.2858432418724315,regression: human score z-normalized within benchmark,"StratifiedGroupKFold(n_splits=5, shuffle=True, random_state=42); formatting hash groups",42,True,results/dataset_extension_20260713/data/oof_predictions.csv
svr,Support Vector Regression,svr,Python,dorn_python_018,4,python_fold4,0.8435932094349182,1.2532755947876997,regression: human score z-normalized within benchmark,"StratifiedGroupKFold(n_splits=5, shuffle=True, random_state=42); formatting hash groups",42,True,results/dataset_extension_20260713/data/oof_predictions.csv
svr,Support Vector Regression,svr,Python,dorn_python_019,4,python_fold4,-0.8385887365746516,0.2861641104903122,regression: human score z-normalized within benchmark,"StratifiedGroupKFold(n_splits=5, shuffle=True, random_state=42); formatting hash groups",42,True,results/dataset_extension_20260713/data/oof_predictions.csv
svr,Support Vector Regression,svr,Python,dorn_python_020,0,python_fold0,-0.4091473426117658,0.6894910055210798,regression: human score z-normalized within benchmark,"StratifiedGroupKFold(n_splits=5, shuffle=True, random_state=42); formatting hash groups",42,True,results/dataset_extension_20260713/data/oof_predictions.csv
svr,Support Vector Regression,svr,Python,dorn_python_021,1,python_fold1,1.9665012149567311,0.0514685662729879,regression: human score z-normalized within benchmark,"StratifiedGroupKFold(n_splits=5, shuffle=True, random_state=42); formatting hash groups",42,True,results/dataset_extension_20260713/data/oof_predictions.csv
svr,Support Vector Regression,svr,Python,dorn_python_022,0,python_fold0,1.6273715707343168,0.9355906207925182,regression: human score z-normalized within benchmark,"StratifiedGroupKFold(n_splits=5, shuffle=True, random_state=42); formatting hash groups",42,True,results/dataset_extension_20260713/data/oof_predictions.csv
svr,Support Vector Regression,svr,Python,dorn_python_023,1,python_fold1,-0.5416668047522039,0.4379510370710984,regression: human score z-normalized within benchmark,"StratifiedGroupKFold(n_splits=5, shuffle=True, random_state=42); formatting hash groups",42,True,results/dataset_extension_20260713/data/oof_predictions.csv
svr,Support Vector Regression,svr,Python,dorn_python_024,3,python_fold3,0.6163829121896166,0.3873653628837495,regression: human score z-normalized within benchmark,"StratifiedGroupKFold(n_splits=5, shuffle=True, random_state=42); formatting hash groups",42,True,results/dataset_extension_20260713/data/oof_predictions.csv
svr,Support Vector Regression,svr,Python,dorn_python_025,0,python_fold0,0.3476902370240112,1.1502420831901312,regression: human score z-normalized within benchmark,"StratifiedGroupKFold(n_splits=5, shuffle=True, random_state=42); formatting hash groups",42,True,results/dataset_extension_20260713/data/oof_predictions.csv
svr,Support Vector Regression,svr,Python,dorn_python_026,4,python_fold4,0.325642516475818,0.4402689382934263,regression: human score z-normalized within benchmark,"StratifiedGroupKFold(n_splits=5, shuffle=True, random_state=42); formatting hash groups",42,True,results/dataset_extension_20260713/data/oof_predictions.csv
svr,Support Vector Regression,svr,Python,dorn_python_027,2,python_fold2,1.5496818141619186,0.4931025561480798,regression: human score z-normalized within benchmark,"StratifiedGroupKFold(n_splits=5, shuffle=True, random_state=42); formatting hash groups",42,True,results/dataset_extension_20260713/data/oof_predictions.csv
svr,Support Vector Regression,svr,Python,dorn_python_028,2,python_fold2,0.5245469249262924,0.2980350023565726,regression: human score z-normalized within benchmark,"StratifiedGroupKFold(n_splits=5, shuffle=True, random_state=42); formatting hash groups",42,True,results/dataset_extension_20260713/data/oof_predictions.csv
svr,Support Vector Regression,svr,Python,dorn_python_029,1,python_fold1,-0.4094356816612582,0.4696022170991741,regression: human score z-normalized within benchmark,"StratifiedGroupKFold(n_splits=5, shuffle=True, random_state=42); formatting hash groups",42,True,results/dataset_extension_20260713/data/oof_predictions.csv
svr,Support Vector Regression,svr,Python,dorn_python_030,0,python_fold0,1.445270163082495,0.0492175186469533,regression: human score z-normalized within benchmark,"StratifiedGroupKFold(n_splits=5, shuffle=True, random_state=42); formatting hash groups",42,True,results/dataset_extension_20260713/data/oof_predictions.csv
svr,Support Vector Regression,svr,Python,dorn_python_031,3,python_fold3,-0.0089570365590908,0.5969148765365487,regression: human score z-normalized within benchmark,"StratifiedGroupKFold(n_splits=5, shuffle=True, random_state=42); formatting hash groups",42,True,results/dataset_extension_20260713/data/oof_predictions.csv
svr,Support Vector Regression,svr,Python,dorn_python_032,2,python_fold2,0.8124143662357847,0.3606803869791755,regression: human score z-normalized within benchmark,"StratifiedGroupKFold(n_splits=5, shuffle=True, random_state=42); formatting hash groups",42,True,results/dataset_extension_20260713/data/oof_predictions.csv
svr,Support Vector Regression,svr,Python,dorn_python_033,2,python_fold2,0.1587208026550782,0.5509347031284593,regression: human score z-normalized within benchmark,"StratifiedGroupKFold(n_splits=5, shuffle=True, random_state=42); formatting hash groups",42,True,results/dataset_extension_20260713/data/oof_predictions.csv
svr,Support Vector Regression,svr,Python,dorn_python_034,2,python_fold2,1.371830089214681,0.7697425265931761,regression: human score z-normalized within benchmark,"StratifiedGroupKFold(n_splits=5, shuffle=True, random_state=42); formatting hash groups",42,True,results/dataset_extension_20260713/data/oof_predictions.csv
svr,Support Vector Regression,svr,Python,dorn_python_035,2,python_fold2,-0.387199809414657,0.668299942387549,regression: human score z-normalized within benchmark,"StratifiedGroupKFold(n_splits=5, shuffle=True, random_state=42); formatting hash groups",42,True,results/dataset_extension_20260713/data/oof_predictions.csv
svr,Support Vector Regression,svr,Python,dorn_python_036,1,python_fold1,-0.3940185813550929,0.6103531119796946,regression: human score z-normalized within benchmark,"StratifiedGroupKFold(n_splits=5, shuffle=True, random_state=42); formatting hash groups",42,True,results/dataset_extension_20260713/data/oof_predictions.csv
svr,Support Vector Regression,svr,Python,dorn_python_037,4,python_fold4,0.114819098658828,-0.3431169293688692,regression: human score z-normalized within benchmark,"StratifiedGroupKFold(n_splits=5, shuffle=True, random_state=42); formatting hash groups",42,True,results/dataset_extension_20260713/data/oof_predictions.csv
svr,Support Vector Regression,svr,Python,dorn_python_038,0,python_fold0,0.0156036457576274,0.8030068415442502,regression: human score z-normalized within benchmark,"StratifiedGroupKFold(n_splits=5, shuffle=True, random_state=42); formatting hash groups",42,True,results/dataset_extension_20260713/data/oof_predictions.csv
svr,Support Vector Regression,svr,Python,dorn_python_039,2,python_fold2,1.5787641559268126,0.6753315861162574,regression: human score z-normalized within benchmark,"StratifiedGroupKFold(n_splits=5, shuffle=True, random_state=42); formatting hash groups",42,True,results/dataset_extension_20260713/data/oof_predictions.csv
svr,Support Vector Regression,svr,Python,dorn_python_040,4,python_fold4,0.5354970088750637,0.5395526936717097,regression: human score z-normalized within benchmark,"StratifiedGroupKFold(n_splits=5, shuffle=True, random_state=42); formatting hash groups",42,True,results/dataset_extension_20260713/data/oof_predictions.csv
svr,Support Vector Regression,svr,Python,dorn_python_041,3,python_fold3,0.93588990237316,0.6508085571151271,regression: human score z-normalized within benchmark,"StratifiedGroupKFold(n_splits=5, shuffle=True, random_state=42); formatting hash groups",42,True,results/dataset_extension_20260713/data/oof_predictions.csv
svr,Support Vector Regression,svr,Python,dorn_python_042,3,python_fold3,0.9982093453196876,0.7339227912247044,regression: human score z-normalized within benchmark,"StratifiedGroupKFold(n_splits=5, shuffle=True, random_state=42); formatting hash groups",42,True,results/dataset_extension_20260713/data/oof_predictions.csv
svr,Support Vector Regression,svr,Python,dorn_python_043,3,python_fold3,-1.402256929439164,0.0865326094220144,regression: human score z-normalized within benchmark,"StratifiedGroupKFold(n_splits=5, shuffle=True, random_state=42); formatting hash groups",42,True,results/dataset_extension_20260713/data/oof_predictions.csv
svr,Support Vector Regression,svr,Python,dorn_python_044,1,python_fold1,1.1807986382370208,0.95704050688758,regression: human score z-normalized within benchmark,"StratifiedGroupKFold(n_splits=5, shuffle=True, random_state=42); formatting hash groups",42,True,results/dataset_extension_20260713/data/oof_predictions.csv
svr,Support Vector Regression,svr,Python,dorn_python_045,0,python_fold0,0.9757246026280052,0.8991379561380026,regression: human score z-normalized within benchmark,"StratifiedGroupKFold(n_splits=5, shuffle=True, random_state=42); formatting hash groups",42,True,results/dataset_extension_20260713/data/oof_predictions.csv
svr,Support Vector Regression,svr,Python,dorn_python_046,1,python_fold1,0.6203240472006736,0.6566385288989591,regression: human score z-normalized within benchmark,"StratifiedGroupKFold(n_splits=5, shuffle=True, random_state=42); formatting hash groups",42,True,results/dataset_extension_20260713/data/oof_predictions.csv
svr,Support Vector Regression,svr,Python,dorn_python_047,1,python_fold1,1.0697981340731355,0.7876409355643625,regression: human score z-normalized within benchmark,"StratifiedGroupKFold(n_splits=5, shuffle=True, random_state=42); formatting hash groups",42,True,results/dataset_extension_20260713/data/oof_predictions.csv
svr,Support Vector Regression,svr,Python,dorn_python_048,2,python_fold2,1.246269019545052,0.5074107777502612,regression: human score z-normalized within benchmark,"StratifiedGroupKFold(n_splits=5, shuffle=True, random_state=42); formatting hash groups",42,True,results/dataset_extension_20260713/data/oof_predictions.csv
svr,Support Vector Regression,svr,Python,dorn_python_049,3,python_fold3,0.7594229299438686,0.6046460055100448,regression: human score z-normalized within benchmark,"StratifiedGroupKFold(n_splits=5, shuffle=True, random_state=42); formatting hash groups",42,True,results/dataset_extension_20260713/data/oof_predictions.csv
svr,Support Vector Regression,svr,Python,dorn_python_050,4,python_fold4,-0.0286790179469857,0.5136900474141628,regression: human score z-normalized within benchmark,"StratifiedGroupKFold(n_splits=5, shuffle=True, random_state=42); formatting hash groups",42,True,results/dataset_extension_20260713/data/oof_predictions.csv
svr,Support Vector Regression,svr,Python,dorn_python_051,1,python_fold1,0.67957312826787,0.7481303049795822,regression: human score z-normalized within benchmark,"StratifiedGroupKFold(n_splits=5, shuffle=True, random_state=42); formatting hash groups",42,True,results/dataset_extension_20260713/data/oof_predictions.csv
svr,Support Vector Regression,svr,Python,dorn_python_052,4,python_fold4,1.184071947689881,0.5076846513884206,regression: human score z-normalized within benchmark,"StratifiedGroupKFold(n_splits=5, shuffle=True, random_state=42); formatting hash groups",42,True,results/dataset_extension_20260713/data/oof_predictions.csv
svr,Support Vector Regression,svr,Python,dorn_python_053,3,python_fold3,0.8055893694750154,0.3029804849540086,regression: human score z-normalized within benchmark,"StratifiedGroupKFold(n_splits=5, shuffle=True, random_state=42); formatting hash groups",42,True,results/dataset_extension_20260713/data/oof_predictions.csv
svr,Support Vector Regression,svr,Python,dorn_python_054,1,python_fold1,-1.0362968903438097,0.4696022170991741,regression: human score z-normalized within benchmark,"StratifiedGroupKFold(n_splits=5, shuffle=True, random_state=42); formatting hash groups",42,True,results/dataset_extension_20260713/data/oof_predictions.csv
svr,Support Vector Regression,svr,Python,dorn_python_055,3,python_fold3,0.9168792832636878,1.062047211389272,regression: human score z-normalized within benchmark,"StratifiedGroupKFold(n_splits=5, shuffle=True, random_state=42); formatting hash groups",42,True,results/dataset_extension_20260713/data/oof_predictions.csv
svr,Support Vector Regression,svr,Python,dorn_python_056,1,python_fold1,0.170656856505542,0.2909460226722215,regression: human score z-normalized within benchmark,"StratifiedGroupKFold(n_splits=5, shuffle=True, random_state=42); formatting hash groups",42,True,results/dataset_extension_20260713/data/oof_predictions.csv
svr,Support Vector Regression,svr,Python,dorn_python_057,0,python_fold0,0.8145360131662223,1.0960416026849304,regression: human score z-normalized within benchmark,"StratifiedGroupKFold(n_splits=5, shuffle=True, random_state=42); formatting hash groups",42,True,results/dataset_extension_20260713/data/oof_predictions.csv
svr,Support Vector Regression,svr,Python,dorn_python_058,0,python_fold0,0.6394925517738215,0.7258815047405986,regression: human score z-normalized within benchmark,"StratifiedGroupKFold(n_splits=5, shuffle=True, random_state=42); formatting hash groups",42,True,results/dataset_extension_20260713/data/oof_predictions.csv
svr,Support Vector Regression,svr,Python,dorn_python_059,0,python_fold0,0.7621244371706994,0.5863806395612187,regression: human score z-normalized within benchmark,"StratifiedGroupKFold(n_splits=5, shuffle=True, random_state=42); formatting hash groups",42,True,results/dataset_extension_20260713/data/oof_predictions.csv
svr,Support Vector Regression,svr,Python,dorn_python_060,4,python_fold4,1.0541712309438214,0.3433993332089773,regression: human score z-normalized within benchmark,"StratifiedGroupKFold(n_splits=5, shuffle=True, random_state=42); formatting hash groups",42,True,results/dataset_extension_20260713/data/oof_predictions.csv
svr,Support Vector Regression,svr,Python,dorn_python_061,1,python_fold1,0.8354610622143809,1.153799174917752,regression: human score z-normalized within benchmark,"StratifiedGroupKFold(n_splits=5, shuffle=True, random_state=42); formatting hash groups",42,True,results/dataset_extension_20260713/data/oof_predictions.csv
svr,Support Vector Regression,svr,Python,dorn_python_062,3,python_fold3,0.4054606666228865,-0.1365137142182395,regression: human score z-normalized within benchmark,"StratifiedGroupKFold(n_splits=5, shuffle=True, random_state=42); formatting hash groups",42,True,results/dataset_extension_20260713/data/oof_predictions.csv
svr,Support Vector Regression,svr,Python,dorn_python_063,0,python_fold0,1.409465843866191,0.882036689656087,regression: human score z-normalized within benchmark,"StratifiedGroupKFold(n_splits=5, shuffle=True, random_state=42); formatting hash groups",42,True,results/dataset_extension_20260713/data/oof_predictions.csv
svr,Support Vector Regression,svr,Python,dorn_python_064,0,python_fold0,0.2296376200176123,0.5333498418560657,regression: human score z-normalized within benchmark,"StratifiedGroupKFold(n_splits=5, shuffle=True, random_state=42); formatting hash groups",42,True,results/dataset_extension_20260713/data/oof_predictions.csv
svr,Support Vector Regression,svr,Python,dorn_python_065,0,python_fold0,0.4189282049401385,0.3045168361200032,regression: human score z-normalized within benchmark,"StratifiedGroupKFold(n_splits=5, shuffle=True, random_state=42); formatting hash groups",42,True,results/dataset_extension_20260713/data/oof_predictions.csv
svr,Support Vector Regression,svr,Python,dorn_python_066,1,python_fold1,0.9308678227217912,0.3926409766915062,regression: human score z-normalized within benchmark,"StratifiedGroupKFold(n_splits=5, shuffle=True, random_state=42); formatting hash groups",42,True,results/dataset_extension_20260713/data/oof_predictions.csv
svr,Support Vector Regression,svr,Python,dorn_python_067,3,python_fold3,1.5742437935942573,0.8700094121776846,regression: human score z-normalized within benchmark,"StratifiedGroupKFold(n_splits=5, shuffle=True, random_state=42); formatting hash groups",42,True,results/dataset_extension_20260713/data/oof_predictions.csv
svr,Support Vector Regression,svr,Python,dorn_python_068,2,python_fold2,0.6469974043860446,0.6295087431386546,regression: human score z-normalized within benchmark,"StratifiedGroupKFold(n_splits=5, shuffle=True, random_state=42); formatting hash groups",42,True,results/dataset_extension_20260713/data/oof_predictions.csv
svr,Support Vector Regression,svr,Python,dorn_python_069,3,python_fold3,1.1009145725220653,0.4277636510493767,regression: human score z-normalized within benchmark,"StratifiedGroupKFold(n_splits=5, shuffle=True, random_state=42); formatting hash groups",42,True,results/dataset_extension_20260713/data/oof_predictions.csv
svr,Support Vector Regression,svr,Python,dorn_python_070,0,python_fold0,0.1497061605861965,1.121112018837376,regression: human score z-normalized within benchmark,"StratifiedGroupKFold(n_splits=5, shuffle=True, random_state=42); formatting hash groups",42,True,results/dataset_extension_20260713/data/oof_predictions.csv
svr,Support Vector Regression,svr,Python,dorn_python_071,2,python_fold2,-0.515786533322424,1.0024331842877323,regression: human score z-normalized within benchmark,"StratifiedGroupKFold(n_splits=5, shuffle=True, random_state=42); formatting hash groups",42,True,results/dataset_extension_20260713/data/oof_predictions.csv
svr,Support Vector Regression,svr,Python,dorn_python_072,4,python_fold4,-0.1432294627146521,0.5805529986258251,regression: human score z-normalized within benchmark,"StratifiedGroupKFold(n_splits=5, shuffle=True, random_state=42); formatting hash groups",42,True,results/dataset_extension_20260713/data/oof_predictions.csv
svr,Support Vector Regression,svr,Python,dorn_python_073,1,python_fold1,0.1800098457552496,1.1716156219594558,regression: human score z-normalized within benchmark,"StratifiedGroupKFold(n_splits=5, shuffle=True, random_state=42); formatting hash groups",42,True,results/dataset_extension_20260713/data/oof_predictions.csv
svr,Support Vector Regression,svr,Python,dorn_python_074,2,python_fold2,0.1984707114329489,0.8404338496415835,regression: human score z-normalized within benchmark,"StratifiedGroupKFold(n_splits=5, shuffle=True, random_state=42); formatting hash groups",42,True,results/dataset_extension_20260713/data/oof_predictions.csv
svr,Support Vector Regression,svr,Python,dorn_python_075,1,python_fold1,0.9416424663374544,0.7253321515154232,regression: human score z-normalized within benchmark,"StratifiedGroupKFold(n_splits=5, shuffle=True, random_state=42); formatting hash groups",42,True,results/dataset_extension_20260713/data/oof_predictions.csv
svr,Support Vector Regression,svr,Python,dorn_python_076,0,python_fold0,-0.2894776824435608,0.1803961874806692,regression: human score z-normalized within benchmark,"StratifiedGroupKFold(n_splits=5, shuffle=True, random_state=42); formatting hash groups",42,True,results/dataset_extension_20260713/data/oof_predictions.csv
svr,Support Vector Regression,svr,Python,dorn_python_077,0,python_fold0,0.1566468819337092,0.7175484859144569,regression: human score z-normalized within benchmark,"StratifiedGroupKFold(n_splits=5, shuffle=True, random_state=42); formatting hash groups",42,True,results/dataset_extension_20260713/data/oof_predictions.csv
svr,Support Vector Regression,svr,Python,dorn_python_078,2,python_fold2,0.2608780614761332,0.546198541956347,regression: human score z-normalized within benchmark,"StratifiedGroupKFold(n_splits=5, shuffle=True, random_state=42); formatting hash groups",42,True,results/dataset_extension_20260713/data/oof_predictions.csv
svr,Support Vector Regression,svr,Python,dorn_python_079,0,python_fold0,-0.2934010581079599,0.3598969294076752,regression: human score z-normalized within benchmark,"StratifiedGroupKFold(n_splits=5, shuffle=True, random_state=42); formatting hash groups",42,True,results/dataset_extension_20260713/data/oof_predictions.csv
svr,Support Vector Regression,svr,Python,dorn_python_080,1,python_fold1,0.3672710797486301,0.4076480627604564,regression: human score z-normalized within benchmark,"StratifiedGroupKFold(n_splits=5, shuffle=True, random_state=42); formatting hash groups",42,True,results/dataset_extension_20260713/data/oof_predictions.csv
svr,Support Vector Regression,svr,Python,dorn_python_081,3,python_fold3,-0.2001583510380181,0.1191003390583942,regression: human score z-normalized within benchmark,"StratifiedGroupKFold(n_splits=5, shuffle=True, random_state=42); formatting hash groups",42,True,results/dataset_extension_20260713/data/oof_predictions.csv
svr,Support Vector Regression,svr,Python,dorn_python_082,0,python_fold0,1.164318434394498,0.4854132695404351,regression: human score z-normalized within benchmark,"StratifiedGroupKFold(n_splits=5, shuffle=True, random_state=42); formatting hash groups",42,True,results/dataset_extension_20260713/data/oof_predictions.csv
svr,Support Vector Regression,svr,Python,dorn_python_083,1,python_fold1,0.9741383329868224,0.504708436406562,regression: human score z-normalized within benchmark,"StratifiedGroupKFold(n_splits=5, shuffle=True, random_state=42); formatting hash groups",42,True,results/dataset_extension_20260713/data/oof_predictions.csv
svr,Support Vector Regression,svr,Python,dorn_python_084,1,python_fold1,0.6468992547984524,0.0810226085704769,regression: human score z-normalized within benchmark,"StratifiedGroupKFold(n_splits=5, shuffle=True, random_state=42); formatting hash groups",42,True,results/dataset_extension_20260713/data/oof_predictions.csv
svr,Support Vector Regression,svr,Python,dorn_python_085,4,python_fold4,-0.8239860186161705,0.2382833092338363,regression: human score z-normalized within benchmark,"StratifiedGroupKFold(n_splits=5, shuffle=True, random_state=42); formatting hash groups",42,True,results/dataset_extension_20260713/data/oof_predictions.csv
svr,Support Vector Regression,svr,Python,dorn_python_086,4,python_fold4,1.7544192011874302,0.8464355146401061,regression: human score z-normalized within benchmark,"StratifiedGroupKFold(n_splits=5, shuffle=True, random_state=42); formatting hash groups",42,True,results/dataset_extension_20260713/data/oof_predictions.csv
svr,Support Vector Regression,svr,Python,dorn_python_087,3,python_fold3,0.9564796804967288,0.8116929172244373,regression: human score z-normalized within benchmark,"StratifiedGroupKFold(n_splits=5, shuffle=True, random_state=42); formatting hash groups",42,True,results/dataset_extension_20260713/data/oof_predictions.csv
svr,Support Vector Regression,svr,Python,dorn_python_088,3,python_fold3,1.4716166480319564,0.7031715451199892,regression: human score z-normalized within benchmark,"StratifiedGroupKFold(n_splits=5, shuffle=True, random_state=42); formatting hash groups",42,True,results/dataset_extension_20260713/data/oof_predictions.csv
svr,Support Vector Regression,svr,Python,dorn_python_089,1,python_fold1,1.26153791989215,0.5705040397631018,regression: human score z-normalized within benchmark,"StratifiedGroupKFold(n_splits=5, shuffle=True, random_state=42); formatting hash groups",42,True,results/dataset_extension_20260713/data/oof_predictions.csv
svr,Support Vector Regression,svr,Python,dorn_python_090,1,python_fold1,0.2851956910825622,0.3301732155366799,regression: human score z-normalized within benchmark,"StratifiedGroupKFold(n_splits=5, shuffle=True, random_state=42); formatting hash groups",42,True,results/dataset_extension_20260713/data/oof_predictions.csv
svr,Support Vector Regression,svr,Python,dorn_python_091,4,python_fold4,0.4576442000161027,0.3205658765832017,regression: human score z-normalized within benchmark,"StratifiedGroupKFold(n_splits=5, shuffle=True, random_state=42); formatting hash groups",42,True,results/dataset_extension_20260713/data/oof_predictions.csv
svr,Support Vector Regression,svr,Python,dorn_python_092,4,python_fold4,1.5592415057172415,1.0122381337909916,regression: human score z-normalized within benchmark,"StratifiedGroupKFold(n_splits=5, shuffle=True, random_state=42); formatting hash groups",42,True,results/dataset_extension_20260713/data/oof_predictions.csv
svr,Support Vector Regression,svr,Python,dorn_python_093,2,python_fold2,0.5122342247817212,0.693585435685994,regression: human score z-normalized within benchmark,"StratifiedGroupKFold(n_splits=5, shuffle=True, random_state=42); formatting hash groups",42,True,results/dataset_extension_20260713/data/oof_predictions.csv
svr,Support Vector Regression,svr,Python,dorn_python_094,2,python_fold2,0.3334767318990334,0.423018566505202,regression: human score z-normalized within benchmark,"StratifiedGroupKFold(n_splits=5, shuffle=True, random_state=42); formatting hash groups",42,True,results/dataset_extension_20260713/data/oof_predictions.csv
svr,Support Vector Regression,svr,Python,dorn_python_095,2,python_fold2,-0.2253897214350262,0.2600479956666542,regression: human score z-normalized within benchmark,"StratifiedGroupKFold(n_splits=5, shuffle=True, random_state=42); formatting hash groups",42,True,results/dataset_extension_20260713/data/oof_predictions.csv
svr,Support Vector Regression,svr,Python,dorn_python_096,3,python_fold3,0.4649969614707721,0.4803690460668304,regression: human score z-normalized within benchmark,"StratifiedGroupKFold(n_splits=5, shuffle=True, random_state=42); formatting hash groups",42,True,results/dataset_extension_20260713/data/oof_predictions.csv
svr,Support Vector Regression,svr,Python,dorn_python_097,0,python_fold0,1.4725008690937922,0.882036689656087,regression: human score z-normalized within benchmark,"StratifiedGroupKFold(n_splits=5, shuffle=True, random_state=42); formatting hash groups",42,True,results/dataset_extension_20260713/data/oof_predictions.csv
svr,Support Vector Regression,svr,Python,dorn_python_098,0,python_fold0,0.6283489827435503,0.4125407827856549,regression: human score z-normalized within benchmark,"StratifiedGroupKFold(n_splits=5, shuffle=True, random_state=42); formatting hash groups",42,True,results/dataset_extension_20260713/data/oof_predictions.csv
svr,Support Vector Regression,svr,Python,dorn_python_099,4,python_fold4,-0.4579677373912545,0.6179684984341691,regression: human score z-normalized within benchmark,"StratifiedGroupKFold(n_splits=5, shuffle=True, random_state=42); formatting hash groups",42,True,results/dataset_extension_20260713/data/oof_predictions.csv
svr,Support Vector Regression,svr,Python,dorn_python_100,2,python_fold2,-0.6324175233007971,0.4134006055104398,regression: human score z-normalized within benchmark,"StratifiedGroupKFold(n_splits=5, shuffle=True, random_state=42); formatting hash groups",42,True,results/dataset_extension_20260713/data/oof_predictions.csv
svr,Support Vector Regression,svr,Python,dorn_python_101,4,python_fold4,1.101962666065994,0.7499232938288594,regression: human score z-normalized within benchmark,"StratifiedGroupKFold(n_splits=5, shuffle=True, random_state=42); formatting hash groups",42,True,results/dataset_extension_20260713/data/oof_predictions.csv
svr,Support Vector Regression,svr,Python,dorn_python_102,4,python_fold4,0.9347159097273858,0.7662603542182934,regression: human score z-normalized within benchmark,"StratifiedGroupKFold(n_splits=5, shuffle=True, random_state=42); formatting hash groups",42,True,results/dataset_extension_20260713/data/oof_predictions.csv
svr,Support Vector Regression,svr,Python,dorn_python_103,2,python_fold2,1.7892381610337984,0.6657452824935841,regression: human score z-normalized within benchmark,"StratifiedGroupKFold(n_splits=5, shuffle=True, random_state=42); formatting hash groups",42,True,results/dataset_extension_20260713/data/oof_predictions.csv
svr,Support Vector Regression,svr,Python,dorn_python_104,3,python_fold3,-1.617626598966805,-0.0255600166938489,regression: human score z-normalized within benchmark,"StratifiedGroupKFold(n_splits=5, shuffle=True, random_state=42); formatting hash groups",42,True,results/dataset_extension_20260713/data/oof_predictions.csv
svr,Support Vector Regression,svr,Python,dorn_python_105,4,python_fold4,0.2918795997394014,0.5951522518267987,regression: human score z-normalized within benchmark,"StratifiedGroupKFold(n_splits=5, shuffle=True, random_state=42); formatting hash groups",42,True,results/dataset_extension_20260713/data/oof_predictions.csv
svr,Support Vector Regression,svr,Python,dorn_python_106,2,python_fold2,-1.148989049183408,0.2212077870354291,regression: human score z-normalized within benchmark,"StratifiedGroupKFold(n_splits=5, shuffle=True, random_state=42); formatting hash groups",42,True,results/dataset_extension_20260713/data/oof_predictions.csv
svr,Support Vector Regression,svr,Python,dorn_python_107,0,python_fold0,0.6630587617544357,0.9518084332507906,regression: human score z-normalized within benchmark,"StratifiedGroupKFold(n_splits=5, shuffle=True, random_state=42); formatting hash groups",42,True,results/dataset_extension_20260713/data/oof_predictions.csv
svr,Support Vector Regression,svr,Python,dorn_python_108,0,python_fold0,1.628158679440006,0.882036689656087,regression: human score z-normalized within benchmark,"StratifiedGroupKFold(n_splits=5, shuffle=True, random_state=42); formatting hash groups",42,True,results/dataset_extension_20260713/data/oof_predictions.csv
svr,Support Vector Regression,svr,Python,dorn_python_109,3,python_fold3,0.6895158057309314,0.5241391057006908,regression: human score z-normalized within benchmark,"StratifiedGroupKFold(n_splits=5, shuffle=True, random_state=42); formatting hash groups",42,True,results/dataset_extension_20260713/data/oof_predictions.csv
svr,Support Vector Regression,svr,Python,dorn_python_110,0,python_fold0,-0.6874836483508486,0.7790508219857648,regression: human score z-normalized within benchmark,"StratifiedGroupKFold(n_splits=5, shuffle=True, random_state=42); formatting hash groups",42,True,results/dataset_extension_20260713/data/oof_predictions.csv
svr,Support Vector Regression,svr,Python,dorn_python_111,4,python_fold4,-0.6156104374087175,0.4302384160030935,regression: human score z-normalized within benchmark,"StratifiedGroupKFold(n_splits=5, shuffle=True, random_state=42); formatting hash groups",42,True,results/dataset_extension_20260713/data/oof_predictions.csv
svr,Support Vector Regression,svr,Python,dorn_python_112,4,python_fold4,0.2318193720120182,0.2751811994648498,regression: human score z-normalized within benchmark,"StratifiedGroupKFold(n_splits=5, shuffle=True, random_state=42); formatting hash groups",42,True,results/dataset_extension_20260713/data/oof_predictions.csv
svr,Support Vector Regression,svr,Python,dorn_python_113,0,python_fold0,0.8701895665704241,0.2597490974094801,regression: human score z-normalized within benchmark,"StratifiedGroupKFold(n_splits=5, shuffle=True, random_state=42); formatting hash groups",42,True,results/dataset_extension_20260713/data/oof_predictions.csv
svr,Support Vector Regression,svr,Python,dorn_python_114,2,python_fold2,0.9748827972857774,0.5169304919903539,regression: human score z-normalized within benchmark,"StratifiedGroupKFold(n_splits=5, shuffle=True, random_state=42); formatting hash groups",42,True,results/dataset_extension_20260713/data/oof_predictions.csv
svr,Support Vector Regression,svr,Python,dorn_python_115,3,python_fold3,0.1608523436368827,0.5352923198566135,regression: human score z-normalized within benchmark,"StratifiedGroupKFold(n_splits=5, shuffle=True, random_state=42); formatting hash groups",42,True,results/dataset_extension_20260713/data/oof_predictions.csv
svr,Support Vector Regression,svr,Python,dorn_python_116,2,python_fold2,1.2381900440321905,0.5701698844766269,regression: human score z-normalized within benchmark,"StratifiedGroupKFold(n_splits=5, shuffle=True, random_state=42); formatting hash groups",42,True,results/dataset_extension_20260713/data/oof_predictions.csv
svr,Support Vector Regression,svr,Python,dorn_python_117,2,python_fold2,0.4538597309931768,0.4527348213227556,regression: human score z-normalized within benchmark,"StratifiedGroupKFold(n_splits=5, shuffle=True, random_state=42); formatting hash groups",42,True,results/dataset_extension_20260713/data/oof_predictions.csv
svr,Support Vector Regression,svr,Python,dorn_python_118,4,python_fold4,0.1802828519279436,0.8074053775093835,regression: human score z-normalized within benchmark,"StratifiedGroupKFold(n_splits=5, shuffle=True, random_state=42); formatting hash groups",42,True,results/dataset_extension_20260713/data/oof_predictions.csv
voting_lr_nb_rf,Voting (LR+NB+RF),Voting ensemble (LR+NB+RF),CUDA,dorn_cuda_000,4,cuda_fold4,0.0,0.2005640505581655,binary: human mean >= within-language mean,"StratifiedGroupKFold(n_splits=5, shuffle=True, random_state=42); formatting hash groups",42,True,results/dataset_extension_20260713/data/oof_canonical_predictions.csv
voting_lr_nb_rf,Voting (LR+NB+RF),Voting ensemble (LR+NB+RF),CUDA,dorn_cuda_001,4,cuda_fold4,0.0,0.5402202822623626,binary: human mean >= within-language mean,"StratifiedGroupKFold(n_splits=5, shuffle=True, random_state=42); formatting hash groups",42,True,results/dataset_extension_20260713/data/oof_canonical_predictions.csv
voting_lr_nb_rf,Voting (LR+NB+RF),Voting ensemble (LR+NB+RF),CUDA,dorn_cuda_002,0,cuda_fold0,1.0,0.9181183574263716,binary: human mean >= within-language mean,"StratifiedGroupKFold(n_splits=5, shuffle=True, random_state=42); formatting hash groups",42,True,results/dataset_extension_20260713/data/oof_canonical_predictions.csv
voting_lr_nb_rf,Voting (LR+NB+RF),Voting ensemble (LR+NB+RF),CUDA,dorn_cuda_003,4,cuda_fold4,0.0,0.130620754784266,binary: human mean >= within-language mean,"StratifiedGroupKFold(n_splits=5, shuffle=True, random_state=42); formatting hash groups",42,True,results/dataset_extension_20260713/data/oof_canonical_predictions.csv
voting_lr_nb_rf,Voting (LR+NB+RF),Voting ensemble (LR+NB+RF),CUDA,dorn_cuda_004,3,cuda_fold3,1.0,0.9770497143930568,binary: human mean >= within-language mean,"StratifiedGroupKFold(n_splits=5, shuffle=True, random_state=42); formatting hash groups",42,True,results/dataset_extension_20260713/data/oof_canonical_predictions.csv
voting_lr_nb_rf,Voting (LR+NB+RF),Voting ensemble (LR+NB+RF),CUDA,dorn_cuda_005,0,cuda_fold0,1.0,0.8124060363816312,binary: human mean >= within-language mean,"StratifiedGroupKFold(n_splits=5, shuffle=True, random_state=42); formatting hash groups",42,True,results/dataset_extension_20260713/data/oof_canonical_predictions.csv
voting_lr_nb_rf,Voting (LR+NB+RF),Voting ensemble (LR+NB+RF),CUDA,dorn_cuda_006,3,cuda_fold3,0.0,0.0443158702766999,binary: human mean >= within-language mean,"StratifiedGroupKFold(n_splits=5, shuffle=True, random_state=42); formatting hash groups",42,True,results/dataset_extension_20260713/data/oof_canonical_predictions.csv
voting_lr_nb_rf,Voting (LR+NB+RF),Voting ensemble (LR+NB+RF),CUDA,dorn_cuda_007,2,cuda_fold2,0.0,0.2983453933953249,binary: human mean >= within-language mean,"StratifiedGroupKFold(n_splits=5, shuffle=True, random_state=42); formatting hash groups",42,True,results/dataset_extension_20260713/data/oof_canonical_predictions.csv
voting_lr_nb_rf,Voting (LR+NB+RF),Voting ensemble (LR+NB+RF),CUDA,dorn_cuda_008,2,cuda_fold2,1.0,0.7065282591541987,binary: human mean >= within-language mean,"StratifiedGroupKFold(n_splits=5, shuffle=True, random_state=42); formatting hash groups",42,True,results/dataset_extension_20260713/data/oof_canonical_predictions.csv
voting_lr_nb_rf,Voting (LR+NB+RF),Voting ensemble (LR+NB+RF),CUDA,dorn_cuda_009,1,cuda_fold1,1.0,0.3659677521617134,binary: human mean >= within-language mean,"StratifiedGroupKFold(n_splits=5, shuffle=True, random_state=42); formatting hash groups",42,True,results/dataset_extension_20260713/data/oof_canonical_predictions.csv
voting_lr_nb_rf,Voting (LR+NB+RF),Voting ensemble (LR+NB+RF),CUDA,dorn_cuda_010,3,cuda_fold3,0.0,0.0425804793538397,binary: human mean >= within-language mean,"StratifiedGroupKFold(n_splits=5, shuffle=True, random_state=42); formatting hash groups",42,True,results/dataset_extension_20260713/data/oof_canonical_predictions.csv
voting_lr_nb_rf,Voting (LR+NB+RF),Voting ensemble (LR+NB+RF),CUDA,dorn_cuda_011,2,cuda_fold2,0.0,0.6819979008418676,binary: human mean >= within-language mean,"StratifiedGroupKFold(n_splits=5, shuffle=True, random_state=42); formatting hash groups",42,True,results/dataset_extension_20260713/data/oof_canonical_predictions.csv
voting_lr_nb_rf,Voting (LR+NB+RF),Voting ensemble (LR+NB+RF),CUDA,dorn_cuda_012,0,cuda_fold0,1.0,0.8507906813970517,binary: human mean >= within-language mean,"StratifiedGroupKFold(n_splits=5, shuffle=True, random_state=42); formatting hash groups",42,True,results/dataset_extension_20260713/data/oof_canonical_predictions.csv
voting_lr_nb_rf,Voting (LR+NB+RF),Voting ensemble (LR+NB+RF),CUDA,dorn_cuda_013,4,cuda_fold4,1.0,0.8898733557134869,binary: human mean >= within-language mean,"StratifiedGroupKFold(n_splits=5, shuffle=True, random_state=42); formatting hash groups",42,True,results/dataset_extension_20260713/data/oof_canonical_predictions.csv
voting_lr_nb_rf,Voting (LR+NB+RF),Voting ensemble (LR+NB+RF),CUDA,dorn_cuda_014,2,cuda_fold2,1.0,0.4245049107980427,binary: human mean >= within-language mean,"StratifiedGroupKFold(n_splits=5, shuffle=True, random_state=42); formatting hash groups",42,True,results/dataset_extension_20260713/data/oof_canonical_predictions.csv
voting_lr_nb_rf,Voting (LR+NB+RF),Voting ensemble (LR+NB+RF),CUDA,dorn_cuda_015,4,cuda_fold4,1.0,0.6076977618196305,binary: human mean >= within-language mean,"StratifiedGroupKFold(n_splits=5, shuffle=True, random_state=42); formatting hash groups",42,True,results/dataset_extension_20260713/data/oof_canonical_predictions.csv
voting_lr_nb_rf,Voting (LR+NB+RF),Voting ensemble (LR+NB+RF),CUDA,dorn_cuda_016,0,cuda_fold0,0.0,0.2602319565870816,binary: human mean >= within-language mean,"StratifiedGroupKFold(n_splits=5, shuffle=True, random_state=42); formatting hash groups",42,True,results/dataset_extension_20260713/data/oof_canonical_predictions.csv
voting_lr_nb_rf,Voting (LR+NB+RF),Voting ensemble (LR+NB+RF),CUDA,dorn_cuda_017,3,cuda_fold3,1.0,0.983592003834938,binary: human mean >= within-language mean,"StratifiedGroupKFold(n_splits=5, shuffle=True, random_state=42); formatting hash groups",42,True,results/dataset_extension_20260713/data/oof_canonical_predictions.csv
voting_lr_nb_rf,Voting (LR+NB+RF),Voting ensemble (LR+NB+RF),CUDA,dorn_cuda_018,3,cuda_fold3,1.0,0.6915501233824285,binary: human mean >= within-language mean,"StratifiedGroupKFold(n_splits=5, shuffle=True, random_state=42); formatting hash groups",42,True,results/dataset_extension_20260713/data/oof_canonical_predictions.csv
voting_lr_nb_rf,Voting (LR+NB+RF),Voting ensemble (LR+NB+RF),CUDA,dorn_cuda_019,1,cuda_fold1,1.0,0.8792517875648471,binary: human mean >= within-language mean,"StratifiedGroupKFold(n_splits=5, shuffle=True, random_state=42); formatting hash groups",42,True,results/dataset_extension_20260713/data/oof_canonical_predictions.csv
voting_lr_nb_rf,Voting (LR+NB+RF),Voting ensemble (LR+NB+RF),CUDA,dorn_cuda_020,4,cuda_fold4,0.0,0.1459037213125958,binary: human mean >= within-language mean,"StratifiedGroupKFold(n_splits=5, shuffle=True, random_state=42); formatting hash groups",42,True,results/dataset_extension_20260713/data/oof_canonical_predictions.csv
voting_lr_nb_rf,Voting (LR+NB+RF),Voting ensemble (LR+NB+RF),CUDA,dorn_cuda_021,3,cuda_fold3,1.0,0.2661577515248989,binary: human mean >= within-language mean,"StratifiedGroupKFold(n_splits=5, shuffle=True, random_state=42); formatting hash groups",42,True,results/dataset_extension_20260713/data/oof_canonical_predictions.csv
voting_lr_nb_rf,Voting (LR+NB+RF),Voting ensemble (LR+NB+RF),CUDA,dorn_cuda_022,0,cuda_fold0,1.0,0.910926834551402,binary: human mean >= within-language mean,"StratifiedGroupKFold(n_splits=5, shuffle=True, random_state=42); formatting hash groups",42,True,results/dataset_extension_20260713/data/oof_canonical_predictions.csv
voting_lr_nb_rf,Voting (LR+NB+RF),Voting ensemble (LR+NB+RF),CUDA,dorn_cuda_023,3,cuda_fold3,0.0,0.0507775257253456,binary: human mean >= within-language mean,"StratifiedGroupKFold(n_splits=5, shuffle=True, random_state=42); formatting hash groups",42,True,results/dataset_extension_20260713/data/oof_canonical_predictions.csv
voting_lr_nb_rf,Voting (LR+NB+RF),Voting ensemble (LR+NB+RF),CUDA,dorn_cuda_024,1,cuda_fold1,0.0,0.083446997316767,binary: human mean >= within-language mean,"StratifiedGroupKFold(n_splits=5, shuffle=True, random_state=42); formatting hash groups",42,True,results/dataset_extension_20260713/data/oof_canonical_predictions.csv
voting_lr_nb_rf,Voting (LR+NB+RF),Voting ensemble (LR+NB+RF),CUDA,dorn_cuda_025,4,cuda_fold4,0.0,0.1462158662324648,binary: human mean >= within-language mean,"StratifiedGroupKFold(n_splits=5, shuffle=True, random_state=42); formatting hash groups",42,True,results/dataset_extension_20260713/data/oof_canonical_predictions.csv
voting_lr_nb_rf,Voting (LR+NB+RF),Voting ensemble (LR+NB+RF),CUDA,dorn_cuda_026,4,cuda_fold4,1.0,0.100873924441704,binary: human mean >= within-language mean,"StratifiedGroupKFold(n_splits=5, shuffle=True, random_state=42); formatting hash groups",42,True,results/dataset_extension_20260713/data/oof_canonical_predictions.csv
voting_lr_nb_rf,Voting (LR+NB+RF),Voting ensemble (LR+NB+RF),CUDA,dorn_cuda_027,0,cuda_fold0,1.0,0.9057515211447532,binary: human mean >= within-language mean,"StratifiedGroupKFold(n_splits=5, shuffle=True, random_state=42); formatting hash groups",42,True,results/dataset_extension_20260713/data/oof_canonical_predictions.csv
voting_lr_nb_rf,Voting (LR+NB+RF),Voting ensemble (LR+NB+RF),CUDA,dorn_cuda_028,3,cuda_fold3,1.0,0.4818897296013564,binary: human mean >= within-language mean,"StratifiedGroupKFold(n_splits=5, shuffle=True, random_state=42); formatting hash groups",42,True,results/dataset_extension_20260713/data/oof_canonical_predictions.csv
voting_lr_nb_rf,Voting (LR+NB+RF),Voting ensemble (LR+NB+RF),CUDA,dorn_cuda_029,4,cuda_fold4,1.0,0.8866118252453042,binary: human mean >= within-language mean,"StratifiedGroupKFold(n_splits=5, shuffle=True, random_state=42); formatting hash groups",42,True,results/dataset_extension_20260713/data/oof_canonical_predictions.csv
voting_lr_nb_rf,Voting (LR+NB+RF),Voting ensemble (LR+NB+RF),CUDA,dorn_cuda_030,1,cuda_fold1,0.0,0.0307402302519794,binary: human mean >= within-language mean,"StratifiedGroupKFold(n_splits=5, shuffle=True, random_state=42); formatting hash groups",42,True,results/dataset_extension_20260713/data/oof_canonical_predictions.csv
voting_lr_nb_rf,Voting (LR+NB+RF),Voting ensemble (LR+NB+RF),CUDA,dorn_cuda_031,1,cuda_fold1,1.0,0.968748251359202,binary: human mean >= within-language mean,"StratifiedGroupKFold(n_splits=5, shuffle=True, random_state=42); formatting hash groups",42,True,results/dataset_extension_20260713/data/oof_canonical_predictions.csv
voting_lr_nb_rf,Voting (LR+NB+RF),Voting ensemble (LR+NB+RF),CUDA,dorn_cuda_032,0,cuda_fold0,0.0,0.4848938399909978,binary: human mean >= within-language mean,"StratifiedGroupKFold(n_splits=5, shuffle=True, random_state=42); formatting hash groups",42,True,results/dataset_extension_20260713/data/oof_canonical_predictions.csv
voting_lr_nb_rf,Voting (LR+NB+RF),Voting ensemble (LR+NB+RF),CUDA,dorn_cuda_033,3,cuda_fold3,0.0,0.0624399428874419,binary: human mean >= within-language mean,"StratifiedGroupKFold(n_splits=5, shuffle=True, random_state=42); formatting hash groups",42,True,results/dataset_extension_20260713/data/oof_canonical_predictions.csv
voting_lr_nb_rf,Voting (LR+NB+RF),Voting ensemble (LR+NB+RF),CUDA,dorn_cuda_034,0,cuda_fold0,0.0,0.0291414670524945,binary: human mean >= within-language mean,"StratifiedGroupKFold(n_splits=5, shuffle=True, random_state=42); formatting hash groups",42,True,results/dataset_extension_20260713/data/oof_canonical_predictions.csv
voting_lr_nb_rf,Voting (LR+NB+RF),Voting ensemble (LR+NB+RF),CUDA,dorn_cuda_035,3,cuda_fold3,0.0,0.9354829750971548,binary: human mean >= within-language mean,"StratifiedGroupKFold(n_splits=5, shuffle=True, random_state=42); formatting hash groups",42,True,results/dataset_extension_20260713/data/oof_canonical_predictions.csv
voting_lr_nb_rf,Voting (LR+NB+RF),Voting ensemble (LR+NB+RF),CUDA,dorn_cuda_036,2,cuda_fold2,0.0,0.1504504190393629,binary: human mean >= within-language mean,"StratifiedGroupKFold(n_splits=5, shuffle=True, random_state=42); formatting hash groups",42,True,results/dataset_extension_20260713/data/oof_canonical_predictions.csv
voting_lr_nb_rf,Voting (LR+NB+RF),Voting ensemble (LR+NB+RF),CUDA,dorn_cuda_037,4,cuda_fold4,1.0,0.8283439756949603,binary: human mean >= within-language mean,"StratifiedGroupKFold(n_splits=5, shuffle=True, random_state=42); formatting hash groups",42,True,results/dataset_extension_20260713/data/oof_canonical_predictions.csv
voting_lr_nb_rf,Voting (LR+NB+RF),Voting ensemble (LR+NB+RF),CUDA,dorn_cuda_038,2,cuda_fold2,0.0,0.0271089764846137,binary: human mean >= within-language mean,"StratifiedGroupKFold(n_splits=5, shuffle=True, random_state=42); formatting hash groups",42,True,results/dataset_extension_20260713/data/oof_canonical_predictions.csv
voting_lr_nb_rf,Voting (LR+NB+RF),Voting ensemble (LR+NB+RF),CUDA,dorn_cuda_039,2,cuda_fold2,1.0,0.952111043639614,binary: human mean >= within-language mean,"StratifiedGroupKFold(n_splits=5, shuffle=True, random_state=42); formatting hash groups",42,True,results/dataset_extension_20260713/data/oof_canonical_predictions.csv
voting_lr_nb_rf,Voting (LR+NB+RF),Voting ensemble (LR+NB+RF),CUDA,dorn_cuda_040,2,cuda_fold2,1.0,0.850177663947731,binary: human mean >= within-language mean,"StratifiedGroupKFold(n_splits=5, shuffle=True, random_state=42); formatting hash groups",42,True,results/dataset_extension_20260713/data/oof_canonical_predictions.csv
voting_lr_nb_rf,Voting (LR+NB+RF),Voting ensemble (LR+NB+RF),CUDA,dorn_cuda_041,3,cuda_fold3,1.0,0.9835219633360144,binary: human mean >= within-language mean,"StratifiedGroupKFold(n_splits=5, shuffle=True, random_state=42); formatting hash groups",42,True,results/dataset_extension_20260713/data/oof_canonical_predictions.csv
voting_lr_nb_rf,Voting (LR+NB+RF),Voting ensemble (LR+NB+RF),CUDA,dorn_cuda_042,3,cuda_fold3,1.0,0.6513676001317521,binary: human mean >= within-language mean,"StratifiedGroupKFold(n_splits=5, shuffle=True, random_state=42); formatting hash groups",42,True,results/dataset_extension_20260713/data/oof_canonical_predictions.csv
voting_lr_nb_rf,Voting (LR+NB+RF),Voting ensemble (LR+NB+RF),CUDA,dorn_cuda_043,2,cuda_fold2,0.0,0.3125670095194817,binary: human mean >= within-language mean,"StratifiedGroupKFold(n_splits=5, shuffle=True, random_state=42); formatting hash groups",42,True,results/dataset_extension_20260713/data/oof_canonical_predictions.csv
voting_lr_nb_rf,Voting (LR+NB+RF),Voting ensemble (LR+NB+RF),CUDA,dorn_cuda_044,4,cuda_fold4,1.0,0.8548761047323343,binary: human mean >= within-language mean,"StratifiedGroupKFold(n_splits=5, shuffle=True, random_state=42); formatting hash groups",42,True,results/dataset_extension_20260713/data/oof_canonical_predictions.csv
voting_lr_nb_rf,Voting (LR+NB+RF),Voting ensemble (LR+NB+RF),CUDA,dorn_cuda_045,4,cuda_fold4,0.0,0.7969346948452328,binary: human mean >= within-language mean,"StratifiedGroupKFold(n_splits=5, shuffle=True, random_state=42); formatting hash groups",42,True,results/dataset_extension_20260713/data/oof_canonical_predictions.csv
voting_lr_nb_rf,Voting (LR+NB+RF),Voting ensemble (LR+NB+RF),CUDA,dorn_cuda_046,2,cuda_fold2,0.0,0.6436863890936176,binary: human mean >= within-language mean,"StratifiedGroupKFold(n_splits=5, shuffle=True, random_state=42); formatting hash groups",42,True,results/dataset_extension_20260713/data/oof_canonical_predictions.csv
voting_lr_nb_rf,Voting (LR+NB+RF),Voting ensemble (LR+NB+RF),CUDA,dorn_cuda_047,1,cuda_fold1,0.0,0.0294420920117907,binary: human mean >= within-language mean,"StratifiedGroupKFold(n_splits=5, shuffle=True, random_state=42); formatting hash groups",42,True,results/dataset_extension_20260713/data/oof_canonical_predictions.csv
voting_lr_nb_rf,Voting (LR+NB+RF),Voting ensemble (LR+NB+RF),CUDA,dorn_cuda_048,4,cuda_fold4,1.0,0.8286407070063273,binary: human mean >= within-language mean,"StratifiedGroupKFold(n_splits=5, shuffle=True, random_state=42); formatting hash groups",42,True,results/dataset_extension_20260713/data/oof_canonical_predictions.csv
voting_lr_nb_rf,Voting (LR+NB+RF),Voting ensemble (LR+NB+RF),CUDA,dorn_cuda_049,2,cuda_fold2,1.0,0.6056439983423251,binary: human mean >= within-language mean,"StratifiedGroupKFold(n_splits=5, shuffle=True, random_state=42); formatting hash groups",42,True,results/dataset_extension_20260713/data/oof_canonical_predictions.csv
voting_lr_nb_rf,Voting (LR+NB+RF),Voting ensemble (LR+NB+RF),CUDA,dorn_cuda_050,4,cuda_fold4,0.0,0.4513524492801684,binary: human mean >= within-language mean,"StratifiedGroupKFold(n_splits=5, shuffle=True, random_state=42); formatting hash groups",42,True,results/dataset_extension_20260713/data/oof_canonical_predictions.csv
voting_lr_nb_rf,Voting (LR+NB+RF),Voting ensemble (LR+NB+RF),CUDA,dorn_cuda_051,3,cuda_fold3,0.0,0.1739796599918479,binary: human mean >= within-language mean,"StratifiedGroupKFold(n_splits=5, shuffle=True, random_state=42); formatting hash groups",42,True,results/dataset_extension_20260713/data/oof_canonical_predictions.csv
voting_lr_nb_rf,Voting (LR+NB+RF),Voting ensemble (LR+NB+RF),CUDA,dorn_cuda_052,4,cuda_fold4,1.0,0.8480667263573176,binary: human mean >= within-language mean,"StratifiedGroupKFold(n_splits=5, shuffle=True, random_state=42); formatting hash groups",42,True,results/dataset_extension_20260713/data/oof_canonical_predictions.csv
voting_lr_nb_rf,Voting (LR+NB+RF),Voting ensemble (LR+NB+RF),CUDA,dorn_cuda_053,0,cuda_fold0,0.0,0.7018654743594334,binary: human mean >= within-language mean,"StratifiedGroupKFold(n_splits=5, shuffle=True, random_state=42); formatting hash groups",42,True,results/dataset_extension_20260713/data/oof_canonical_predictions.csv
voting_lr_nb_rf,Voting (LR+NB+RF),Voting ensemble (LR+NB+RF),CUDA,dorn_cuda_054,2,cuda_fold2,1.0,0.9516619753568634,binary: human mean >= within-language mean,"StratifiedGroupKFold(n_splits=5, shuffle=True, random_state=42); formatting hash groups",42,True,results/dataset_extension_20260713/data/oof_canonical_predictions.csv
voting_lr_nb_rf,Voting (LR+NB+RF),Voting ensemble (LR+NB+RF),CUDA,dorn_cuda_055,1,cuda_fold1,0.0,0.703580515550838,binary: human mean >= within-language mean,"StratifiedGroupKFold(n_splits=5, shuffle=True, random_state=42); formatting hash groups",42,True,results/dataset_extension_20260713/data/oof_canonical_predictions.csv
voting_lr_nb_rf,Voting (LR+NB+RF),Voting ensemble (LR+NB+RF),CUDA,dorn_cuda_056,2,cuda_fold2,0.0,0.5550726626454713,binary: human mean >= within-language mean,"StratifiedGroupKFold(n_splits=5, shuffle=True, random_state=42); formatting hash groups",42,True,results/dataset_extension_20260713/data/oof_canonical_predictions.csv
voting_lr_nb_rf,Voting (LR+NB+RF),Voting ensemble (LR+NB+RF),CUDA,dorn_cuda_057,1,cuda_fold1,1.0,0.7395948275287934,binary: human mean >= within-language mean,"StratifiedGroupKFold(n_splits=5, shuffle=True, random_state=42); formatting hash groups",42,True,results/dataset_extension_20260713/data/oof_canonical_predictions.csv
voting_lr_nb_rf,Voting (LR+NB+RF),Voting ensemble (LR+NB+RF),CUDA,dorn_cuda_058,0,cuda_fold0,0.0,0.0898186330189824,binary: human mean >= within-language mean,"StratifiedGroupKFold(n_splits=5, shuffle=True, random_state=42); formatting hash groups",42,True,results/dataset_extension_20260713/data/oof_canonical_predictions.csv
voting_lr_nb_rf,Voting (LR+NB+RF),Voting ensemble (LR+NB+RF),CUDA,dorn_cuda_059,1,cuda_fold1,1.0,0.166906686551137,binary: human mean >= within-language mean,"StratifiedGroupKFold(n_splits=5, shuffle=True, random_state=42); formatting hash groups",42,True,results/dataset_extension_20260713/data/oof_canonical_predictions.csv
voting_lr_nb_rf,Voting (LR+NB+RF),Voting ensemble (LR+NB+RF),CUDA,dorn_cuda_060,1,cuda_fold1,1.0,0.91725124587856,binary: human mean >= within-language mean,"StratifiedGroupKFold(n_splits=5, shuffle=True, random_state=42); formatting hash groups",42,True,results/dataset_extension_20260713/data/oof_canonical_predictions.csv
voting_lr_nb_rf,Voting (LR+NB+RF),Voting ensemble (LR+NB+RF),CUDA,dorn_cuda_061,0,cuda_fold0,0.0,0.853539600770837,binary: human mean >= within-language mean,"StratifiedGroupKFold(n_splits=5, shuffle=True, random_state=42); formatting hash groups",42,True,results/dataset_extension_20260713/data/oof_canonical_predictions.csv
voting_lr_nb_rf,Voting (LR+NB+RF),Voting ensemble (LR+NB+RF),CUDA,dorn_cuda_062,1,cuda_fold1,1.0,0.9023896669354888,binary: human mean >= within-language mean,"StratifiedGroupKFold(n_splits=5, shuffle=True, random_state=42); formatting hash groups",42,True,results/dataset_extension_20260713/data/oof_canonical_predictions.csv
voting_lr_nb_rf,Voting (LR+NB+RF),Voting ensemble (LR+NB+RF),CUDA,dorn_cuda_063,3,cuda_fold3,0.0,0.6637587188404868,binary: human mean >= within-language mean,"StratifiedGroupKFold(n_splits=5, shuffle=True, random_state=42); formatting hash groups",42,True,results/dataset_extension_20260713/data/oof_canonical_predictions.csv
voting_lr_nb_rf,Voting (LR+NB+RF),Voting ensemble (LR+NB+RF),CUDA,dorn_cuda_064,0,cuda_fold0,0.0,0.0291414670524945,binary: human mean >= within-language mean,"StratifiedGroupKFold(n_splits=5, shuffle=True, random_state=42); formatting hash groups",42,True,results/dataset_extension_20260713/data/oof_canonical_predictions.csv
voting_lr_nb_rf,Voting (LR+NB+RF),Voting ensemble (LR+NB+RF),CUDA,dorn_cuda_065,0,cuda_fold0,1.0,0.9032379289838668,binary: human mean >= within-language mean,"StratifiedGroupKFold(n_splits=5, shuffle=True, random_state=42); formatting hash groups",42,True,results/dataset_extension_20260713/data/oof_canonical_predictions.csv
voting_lr_nb_rf,Voting (LR+NB+RF),Voting ensemble (LR+NB+RF),CUDA,dorn_cuda_066,1,cuda_fold1,0.0,0.960495188009044,binary: human mean >= within-language mean,"StratifiedGroupKFold(n_splits=5, shuffle=True, random_state=42); formatting hash groups",42,True,results/dataset_extension_20260713/data/oof_canonical_predictions.csv
voting_lr_nb_rf,Voting (LR+NB+RF),Voting ensemble (LR+NB+RF),CUDA,dorn_cuda_067,3,cuda_fold3,0.0,0.0429535542650592,binary: human mean >= within-language mean,"StratifiedGroupKFold(n_splits=5, shuffle=True, random_state=42); formatting hash groups",42,True,results/dataset_extension_20260713/data/oof_canonical_predictions.csv
voting_lr_nb_rf,Voting (LR+NB+RF),Voting ensemble (LR+NB+RF),CUDA,dorn_cuda_068,3,cuda_fold3,1.0,0.0423216540849347,binary: human mean >= within-language mean,"StratifiedGroupKFold(n_splits=5, shuffle=True, random_state=42); formatting hash groups",42,True,results/dataset_extension_20260713/data/oof_canonical_predictions.csv
voting_lr_nb_rf,Voting (LR+NB+RF),Voting ensemble (LR+NB+RF),CUDA,dorn_cuda_069,2,cuda_fold2,0.0,0.1212343854418364,binary: human mean >= within-language mean,"StratifiedGroupKFold(n_splits=5, shuffle=True, random_state=42); formatting hash groups",42,True,results/dataset_extension_20260713/data/oof_canonical_predictions.csv
voting_lr_nb_rf,Voting (LR+NB+RF),Voting ensemble (LR+NB+RF),CUDA,dorn_cuda_070,2,cuda_fold2,1.0,0.8926928301842637,binary: human mean >= within-language mean,"StratifiedGroupKFold(n_splits=5, shuffle=True, random_state=42); formatting hash groups",42,True,results/dataset_extension_20260713/data/oof_canonical_predictions.csv
voting_lr_nb_rf,Voting (LR+NB+RF),Voting ensemble (LR+NB+RF),CUDA,dorn_cuda_071,2,cuda_fold2,0.0,0.2684390702902863,binary: human mean >= within-language mean,"StratifiedGroupKFold(n_splits=5, shuffle=True, random_state=42); formatting hash groups",42,True,results/dataset_extension_20260713/data/oof_canonical_predictions.csv
voting_lr_nb_rf,Voting (LR+NB+RF),Voting ensemble (LR+NB+RF),CUDA,dorn_cuda_072,1,cuda_fold1,0.0,0.6524799297776483,binary: human mean >= within-language mean,"StratifiedGroupKFold(n_splits=5, shuffle=True, random_state=42); formatting hash groups",42,True,results/dataset_extension_20260713/data/oof_canonical_predictions.csv
voting_lr_nb_rf,Voting (LR+NB+RF),Voting ensemble (LR+NB+RF),CUDA,dorn_cuda_073,4,cuda_fold4,1.0,0.8863202893559049,binary: human mean >= within-language mean,"StratifiedGroupKFold(n_splits=5, shuffle=True, random_state=42); formatting hash groups",42,True,results/dataset_extension_20260713/data/oof_canonical_predictions.csv
voting_lr_nb_rf,Voting (LR+NB+RF),Voting ensemble (LR+NB+RF),CUDA,dorn_cuda_074,3,cuda_fold3,1.0,0.6587834185157281,binary: human mean >= within-language mean,"StratifiedGroupKFold(n_splits=5, shuffle=True, random_state=42); formatting hash groups",42,True,results/dataset_extension_20260713/data/oof_canonical_predictions.csv
voting_lr_nb_rf,Voting (LR+NB+RF),Voting ensemble (LR+NB+RF),CUDA,dorn_cuda_075,1,cuda_fold1,0.0,0.3903848877899496,binary: human mean >= within-language mean,"StratifiedGroupKFold(n_splits=5, shuffle=True, random_state=42); formatting hash groups",42,True,results/dataset_extension_20260713/data/oof_canonical_predictions.csv
voting_lr_nb_rf,Voting (LR+NB+RF),Voting ensemble (LR+NB+RF),CUDA,dorn_cuda_076,2,cuda_fold2,1.0,0.9600425780743004,binary: human mean >= within-language mean,"StratifiedGroupKFold(n_splits=5, shuffle=True, random_state=42); formatting hash groups",42,True,results/dataset_extension_20260713/data/oof_canonical_predictions.csv
voting_lr_nb_rf,Voting (LR+NB+RF),Voting ensemble (LR+NB+RF),CUDA,dorn_cuda_077,1,cuda_fold1,1.0,0.6320062310067597,binary: human mean >= within-language mean,"StratifiedGroupKFold(n_splits=5, shuffle=True, random_state=42); formatting hash groups",42,True,results/dataset_extension_20260713/data/oof_canonical_predictions.csv
voting_lr_nb_rf,Voting (LR+NB+RF),Voting ensemble (LR+NB+RF),CUDA,dorn_cuda_078,4,cuda_fold4,0.0,0.0246173958024738,binary: human mean >= within-language mean,"StratifiedGroupKFold(n_splits=5, shuffle=True, random_state=42); formatting hash groups",42,True,results/dataset_extension_20260713/data/oof_canonical_predictions.csv
voting_lr_nb_rf,Voting (LR+NB+RF),Voting ensemble (LR+NB+RF),CUDA,dorn_cuda_079,1,cuda_fold1,0.0,0.1060837938952594,binary: human mean >= within-language mean,"StratifiedGroupKFold(n_splits=5, shuffle=True, random_state=42); formatting hash groups",42,True,results/dataset_extension_20260713/data/oof_canonical_predictions.csv
voting_lr_nb_rf,Voting (LR+NB+RF),Voting ensemble (LR+NB+RF),CUDA,dorn_cuda_080,3,cuda_fold3,1.0,0.8640750684064776,binary: human mean >= within-language mean,"StratifiedGroupKFold(n_splits=5, shuffle=True, random_state=42); formatting hash groups",42,True,results/dataset_extension_20260713/data/oof_canonical_predictions.csv
voting_lr_nb_rf,Voting (LR+NB+RF),Voting ensemble (LR+NB+RF),CUDA,dorn_cuda_081,3,cuda_fold3,0.0,0.0618136407532575,binary: human mean >= within-language mean,"StratifiedGroupKFold(n_splits=5, shuffle=True, random_state=42); formatting hash groups",42,True,results/dataset_extension_20260713/data/oof_canonical_predictions.csv
voting_lr_nb_rf,Voting (LR+NB+RF),Voting ensemble (LR+NB+RF),CUDA,dorn_cuda_082,1,cuda_fold1,0.0,0.0666092146017495,binary: human mean >= within-language mean,"StratifiedGroupKFold(n_splits=5, shuffle=True, random_state=42); formatting hash groups",42,True,results/dataset_extension_20260713/data/oof_canonical_predictions.csv
voting_lr_nb_rf,Voting (LR+NB+RF),Voting ensemble (LR+NB+RF),CUDA,dorn_cuda_083,1,cuda_fold1,1.0,0.2201762348102562,binary: human mean >= within-language mean,"StratifiedGroupKFold(n_splits=5, shuffle=True, random_state=42); formatting hash groups",42,True,results/dataset_extension_20260713/data/oof_canonical_predictions.csv
voting_lr_nb_rf,Voting (LR+NB+RF),Voting ensemble (LR+NB+RF),CUDA,dorn_cuda_084,2,cuda_fold2,0.0,0.0378564234382068,binary: human mean >= within-language mean,"StratifiedGroupKFold(n_splits=5, shuffle=True, random_state=42); formatting hash groups",42,True,results/dataset_extension_20260713/data/oof_canonical_predictions.csv
voting_lr_nb_rf,Voting (LR+NB+RF),Voting ensemble (LR+NB+RF),CUDA,dorn_cuda_085,0,cuda_fold0,1.0,0.8151900748955861,binary: human mean >= within-language mean,"StratifiedGroupKFold(n_splits=5, shuffle=True, random_state=42); formatting hash groups",42,True,results/dataset_extension_20260713/data/oof_canonical_predictions.csv
voting_lr_nb_rf,Voting (LR+NB+RF),Voting ensemble (LR+NB+RF),CUDA,dorn_cuda_086,0,cuda_fold0,0.0,0.4425038779205102,binary: human mean >= within-language mean,"StratifiedGroupKFold(n_splits=5, shuffle=True, random_state=42); formatting hash groups",42,True,results/dataset_extension_20260713/data/oof_canonical_predictions.csv
voting_lr_nb_rf,Voting (LR+NB+RF),Voting ensemble (LR+NB+RF),CUDA,dorn_cuda_087,4,cuda_fold4,0.0,0.1174463848692942,binary: human mean >= within-language mean,"StratifiedGroupKFold(n_splits=5, shuffle=True, random_state=42); formatting hash groups",42,True,results/dataset_extension_20260713/data/oof_canonical_predictions.csv
voting_lr_nb_rf,Voting (LR+NB+RF),Voting ensemble (LR+NB+RF),CUDA,dorn_cuda_088,0,cuda_fold0,1.0,0.9206295599285204,binary: human mean >= within-language mean,"StratifiedGroupKFold(n_splits=5, shuffle=True, random_state=42); formatting hash groups",42,True,results/dataset_extension_20260713/data/oof_canonical_predictions.csv
voting_lr_nb_rf,Voting (LR+NB+RF),Voting ensemble (LR+NB+RF),CUDA,dorn_cuda_089,2,cuda_fold2,0.0,0.0487159369958427,binary: human mean >= within-language mean,"StratifiedGroupKFold(n_splits=5, shuffle=True, random_state=42); formatting hash groups",42,True,results/dataset_extension_20260713/data/oof_canonical_predictions.csv
voting_lr_nb_rf,Voting (LR+NB+RF),Voting ensemble (LR+NB+RF),CUDA,dorn_cuda_090,2,cuda_fold2,1.0,0.8418305624741351,binary: human mean >= within-language mean,"StratifiedGroupKFold(n_splits=5, shuffle=True, random_state=42); formatting hash groups",42,True,results/dataset_extension_20260713/data/oof_canonical_predictions.csv
voting_lr_nb_rf,Voting (LR+NB+RF),Voting ensemble (LR+NB+RF),CUDA,dorn_cuda_091,1,cuda_fold1,1.0,0.90250593811596,binary: human mean >= within-language mean,"StratifiedGroupKFold(n_splits=5, shuffle=True, random_state=42); formatting hash groups",42,True,results/dataset_extension_20260713/data/oof_canonical_predictions.csv
voting_lr_nb_rf,Voting (LR+NB+RF),Voting ensemble (LR+NB+RF),CUDA,dorn_cuda_092,1,cuda_fold1,0.0,0.6676619538277638,binary: human mean >= within-language mean,"StratifiedGroupKFold(n_splits=5, shuffle=True, random_state=42); formatting hash groups",42,True,results/dataset_extension_20260713/data/oof_canonical_predictions.csv
voting_lr_nb_rf,Voting (LR+NB+RF),Voting ensemble (LR+NB+RF),CUDA,dorn_cuda_093,2,cuda_fold2,0.0,0.0431372423054638,binary: human mean >= within-language mean,"StratifiedGroupKFold(n_splits=5, shuffle=True, random_state=42); formatting hash groups",42,True,results/dataset_extension_20260713/data/oof_canonical_predictions.csv
voting_lr_nb_rf,Voting (LR+NB+RF),Voting ensemble (LR+NB+RF),CUDA,dorn_cuda_094,3,cuda_fold3,1.0,0.5138963353989293,binary: human mean >= within-language mean,"StratifiedGroupKFold(n_splits=5, shuffle=True, random_state=42); formatting hash groups",42,True,results/dataset_extension_20260713/data/oof_canonical_predictions.csv
voting_lr_nb_rf,Voting (LR+NB+RF),Voting ensemble (LR+NB+RF),CUDA,dorn_cuda_095,0,cuda_fold0,1.0,0.9429977925526783,binary: human mean >= within-language mean,"StratifiedGroupKFold(n_splits=5, shuffle=True, random_state=42); formatting hash groups",42,True,results/dataset_extension_20260713/data/oof_canonical_predictions.csv
voting_lr_nb_rf,Voting (LR+NB+RF),Voting ensemble (LR+NB+RF),CUDA,dorn_cuda_096,0,cuda_fold0,1.0,0.7752861268124756,binary: human mean >= within-language mean,"StratifiedGroupKFold(n_splits=5, shuffle=True, random_state=42); formatting hash groups",42,True,results/dataset_extension_20260713/data/oof_canonical_predictions.csv
voting_lr_nb_rf,Voting (LR+NB+RF),Voting ensemble (LR+NB+RF),CUDA,dorn_cuda_097,2,cuda_fold2,1.0,0.7069112934045658,binary: human mean >= within-language mean,"StratifiedGroupKFold(n_splits=5, shuffle=True, random_state=42); formatting hash groups",42,True,results/dataset_extension_20260713/data/oof_canonical_predictions.csv
voting_lr_nb_rf,Voting (LR+NB+RF),Voting ensemble (LR+NB+RF),CUDA,dorn_cuda_098,0,cuda_fold0,0.0,0.473548800860966,binary: human mean >= within-language mean,"StratifiedGroupKFold(n_splits=5, shuffle=True, random_state=42); formatting hash groups",42,True,results/dataset_extension_20260713/data/oof_canonical_predictions.csv
voting_lr_nb_rf,Voting (LR+NB+RF),Voting ensemble (LR+NB+RF),CUDA,dorn_cuda_099,1,cuda_fold1,1.0,0.166906686551137,binary: human mean >= within-language mean,"StratifiedGroupKFold(n_splits=5, shuffle=True, random_state=42); formatting hash groups",42,True,results/dataset_extension_20260713/data/oof_canonical_predictions.csv
voting_lr_nb_rf,Voting (LR+NB+RF),Voting ensemble (LR+NB+RF),CUDA,dorn_cuda_100,0,cuda_fold0,1.0,0.6171180011902626,binary: human mean >= within-language mean,"StratifiedGroupKFold(n_splits=5, shuffle=True, random_state=42); formatting hash groups",42,True,results/dataset_extension_20260713/data/oof_canonical_predictions.csv
voting_lr_nb_rf,Voting (LR+NB+RF),Voting ensemble (LR+NB+RF),CUDA,dorn_cuda_101,1,cuda_fold1,1.0,0.9445082483272212,binary: human mean >= within-language mean,"StratifiedGroupKFold(n_splits=5, shuffle=True, random_state=42); formatting hash groups",42,True,results/dataset_extension_20260713/data/oof_canonical_predictions.csv
voting_lr_nb_rf,Voting (LR+NB+RF),Voting ensemble (LR+NB+RF),CUDA,dorn_cuda_102,3,cuda_fold3,0.0,0.9552595248423144,binary: human mean >= within-language mean,"StratifiedGroupKFold(n_splits=5, shuffle=True, random_state=42); formatting hash groups",42,True,results/dataset_extension_20260713/data/oof_canonical_predictions.csv
voting_lr_nb_rf,Voting (LR+NB+RF),Voting ensemble (LR+NB+RF),CUDA,dorn_cuda_103,4,cuda_fold4,0.0,0.5713307394577906,binary: human mean >= within-language mean,"StratifiedGroupKFold(n_splits=5, shuffle=True, random_state=42); formatting hash groups",42,True,results/dataset_extension_20260713/data/oof_canonical_predictions.csv
voting_lr_nb_rf,Voting (LR+NB+RF),Voting ensemble (LR+NB+RF),CUDA,dorn_cuda_104,4,cuda_fold4,1.0,0.3915901610057733,binary: human mean >= within-language mean,"StratifiedGroupKFold(n_splits=5, shuffle=True, random_state=42); formatting hash groups",42,True,results/dataset_extension_20260713/data/oof_canonical_predictions.csv
voting_lr_nb_rf,Voting (LR+NB+RF),Voting ensemble (LR+NB+RF),CUDA,dorn_cuda_105,0,cuda_fold0,1.0,0.7098137782154023,binary: human mean >= within-language mean,"StratifiedGroupKFold(n_splits=5, shuffle=True, random_state=42); formatting hash groups",42,True,results/dataset_extension_20260713/data/oof_canonical_predictions.csv
voting_lr_nb_rf,Voting (LR+NB+RF),Voting ensemble (LR+NB+RF),CUDA,dorn_cuda_106,2,cuda_fold2,1.0,0.344385765904633,binary: human mean >= within-language mean,"StratifiedGroupKFold(n_splits=5, shuffle=True, random_state=42); formatting hash groups",42,True,results/dataset_extension_20260713/data/oof_canonical_predictions.csv
voting_lr_nb_rf,Voting (LR+NB+RF),Voting ensemble (LR+NB+RF),CUDA,dorn_cuda_107,0,cuda_fold0,1.0,0.9362092933717752,binary: human mean >= within-language mean,"StratifiedGroupKFold(n_splits=5, shuffle=True, random_state=42); formatting hash groups",42,True,results/dataset_extension_20260713/data/oof_canonical_predictions.csv
voting_lr_nb_rf,Voting (LR+NB+RF),Voting ensemble (LR+NB+RF),CUDA,dorn_cuda_108,4,cuda_fold4,0.0,0.0310364453170671,binary: human mean >= within-language mean,"StratifiedGroupKFold(n_splits=5, shuffle=True, random_state=42); formatting hash groups",42,True,results/dataset_extension_20260713/data/oof_canonical_predictions.csv
voting_lr_nb_rf,Voting (LR+NB+RF),Voting ensemble (LR+NB+RF),CUDA,dorn_cuda_109,3,cuda_fold3,1.0,0.9608382752831292,binary: human mean >= within-language mean,"StratifiedGroupKFold(n_splits=5, shuffle=True, random_state=42); formatting hash groups",42,True,results/dataset_extension_20260713/data/oof_canonical_predictions.csv
voting_lr_nb_rf,Voting (LR+NB+RF),Voting ensemble (LR+NB+RF),CUDA,dorn_cuda_110,0,cuda_fold0,0.0,0.0293787581828502,binary: human mean >= within-language mean,"StratifiedGroupKFold(n_splits=5, shuffle=True, random_state=42); formatting hash groups",42,True,results/dataset_extension_20260713/data/oof_canonical_predictions.csv
voting_lr_nb_rf,Voting (LR+NB+RF),Voting ensemble (LR+NB+RF),CUDA,dorn_cuda_111,4,cuda_fold4,1.0,0.7549087395910128,binary: human mean >= within-language mean,"StratifiedGroupKFold(n_splits=5, shuffle=True, random_state=42); formatting hash groups",42,True,results/dataset_extension_20260713/data/oof_canonical_predictions.csv
voting_lr_nb_rf,Voting (LR+NB+RF),Voting ensemble (LR+NB+RF),CUDA,dorn_cuda_112,0,cuda_fold0,0.0,0.5309758818040982,binary: human mean >= within-language mean,"StratifiedGroupKFold(n_splits=5, shuffle=True, random_state=42); formatting hash groups",42,True,results/dataset_extension_20260713/data/oof_canonical_predictions.csv
voting_lr_nb_rf,Voting (LR+NB+RF),Voting ensemble (LR+NB+RF),CUDA,dorn_cuda_113,1,cuda_fold1,1.0,0.2103884275454742,binary: human mean >= within-language mean,"StratifiedGroupKFold(n_splits=5, shuffle=True, random_state=42); formatting hash groups",42,True,results/dataset_extension_20260713/data/oof_canonical_predictions.csv
voting_lr_nb_rf,Voting (LR+NB+RF),Voting ensemble (LR+NB+RF),CUDA,dorn_cuda_114,3,cuda_fold3,0.0,0.0329246333405116,binary: human mean >= within-language mean,"StratifiedGroupKFold(n_splits=5, shuffle=True, random_state=42); formatting hash groups",42,True,results/dataset_extension_20260713/data/oof_canonical_predictions.csv
voting_lr_nb_rf,Voting (LR+NB+RF),Voting ensemble (LR+NB+RF),CUDA,dorn_cuda_115,3,cuda_fold3,0.0,0.0566118356674294,binary: human mean >= within-language mean,"StratifiedGroupKFold(n_splits=5, shuffle=True, random_state=42); formatting hash groups",42,True,results/dataset_extension_20260713/data/oof_canonical_predictions.csv
voting_lr_nb_rf,Voting (LR+NB+RF),Voting ensemble (LR+NB+RF),CUDA,dorn_cuda_116,4,cuda_fold4,1.0,0.8432985376734815,binary: human mean >= within-language mean,"StratifiedGroupKFold(n_splits=5, shuffle=True, random_state=42); formatting hash groups",42,True,results/dataset_extension_20260713/data/oof_canonical_predictions.csv
voting_lr_nb_rf,Voting (LR+NB+RF),Voting ensemble (LR+NB+RF),CUDA,dorn_cuda_117,1,cuda_fold1,1.0,0.1901798718288615,binary: human mean >= within-language mean,"StratifiedGroupKFold(n_splits=5, shuffle=True, random_state=42); formatting hash groups",42,True,results/dataset_extension_20260713/data/oof_canonical_predictions.csv
voting_lr_nb_rf,Voting (LR+NB+RF),Voting ensemble (LR+NB+RF),CUDA,dorn_cuda_118,2,cuda_fold2,0.0,0.1069768810938635,binary: human mean >= within-language mean,"StratifiedGroupKFold(n_splits=5, shuffle=True, random_state=42); formatting hash groups",42,True,results/dataset_extension_20260713/data/oof_canonical_predictions.csv
voting_lr_nb_rf,Voting (LR+NB+RF),Voting ensemble (LR+NB+RF),CUDA,dorn_cuda_119,4,cuda_fold4,1.0,0.8322930636841469,binary: human mean >= within-language mean,"StratifiedGroupKFold(n_splits=5, shuffle=True, random_state=42); formatting hash groups",42,True,results/dataset_extension_20260713/data/oof_canonical_predictions.csv
voting_lr_nb_rf,Voting (LR+NB+RF),Voting ensemble (LR+NB+RF),Java,rq0_0000,0,pooled_z_seed42_fold0,0.0,0.7315891483549986,binary: human mean >= own Java benchmark mean,"predefined pooled_stratified_5fold, seed=42",42,True,experiments/rq0_viability/outputs/canonical_baselines/canonical_oof_snippet_scores.csv
voting_lr_nb_rf,Voting (LR+NB+RF),Voting ensemble (LR+NB+RF),Java,rq0_0001,3,pooled_z_seed42_fold3,1.0,0.7351395317709937,binary: human mean >= own Java benchmark mean,"predefined pooled_stratified_5fold, seed=42",42,True,experiments/rq0_viability/outputs/canonical_baselines/canonical_oof_snippet_scores.csv
voting_lr_nb_rf,Voting (LR+NB+RF),Voting ensemble (LR+NB+RF),Java,rq0_0002,4,pooled_z_seed42_fold4,0.0,0.5285915710647956,binary: human mean >= own Java benchmark mean,"predefined pooled_stratified_5fold, seed=42",42,True,experiments/rq0_viability/outputs/canonical_baselines/canonical_oof_snippet_scores.csv
voting_lr_nb_rf,Voting (LR+NB+RF),Voting ensemble (LR+NB+RF),Java,rq0_0003,0,pooled_z_seed42_fold0,1.0,0.7359198760916016,binary: human mean >= own Java benchmark mean,"predefined pooled_stratified_5fold, seed=42",42,True,experiments/rq0_viability/outputs/canonical_baselines/canonical_oof_snippet_scores.csv
voting_lr_nb_rf,Voting (LR+NB+RF),Voting ensemble (LR+NB+RF),Java,rq0_0004,0,pooled_z_seed42_fold0,1.0,0.7885175914245607,binary: human mean >= own Java benchmark mean,"predefined pooled_stratified_5fold, seed=42",42,True,experiments/rq0_viability/outputs/canonical_baselines/canonical_oof_snippet_scores.csv
voting_lr_nb_rf,Voting (LR+NB+RF),Voting ensemble (LR+NB+RF),Java,rq0_0005,2,pooled_z_seed42_fold2,0.0,0.8308690765042215,binary: human mean >= own Java benchmark mean,"predefined pooled_stratified_5fold, seed=42",42,True,experiments/rq0_viability/outputs/canonical_baselines/canonical_oof_snippet_scores.csv
voting_lr_nb_rf,Voting (LR+NB+RF),Voting ensemble (LR+NB+RF),Java,rq0_0006,0,pooled_z_seed42_fold0,1.0,0.7802602737097449,binary: human mean >= own Java benchmark mean,"predefined pooled_stratified_5fold, seed=42",42,True,experiments/rq0_viability/outputs/canonical_baselines/canonical_oof_snippet_scores.csv
voting_lr_nb_rf,Voting (LR+NB+RF),Voting ensemble (LR+NB+RF),Java,rq0_0007,3,pooled_z_seed42_fold3,0.0,0.6800950427548846,binary: human mean >= own Java benchmark mean,"predefined pooled_stratified_5fold, seed=42",42,True,experiments/rq0_viability/outputs/canonical_baselines/canonical_oof_snippet_scores.csv
voting_lr_nb_rf,Voting (LR+NB+RF),Voting ensemble (LR+NB+RF),Java,rq0_0008,2,pooled_z_seed42_fold2,1.0,0.8005927698223864,binary: human mean >= own Java benchmark mean,"predefined pooled_stratified_5fold, seed=42",42,True,experiments/rq0_viability/outputs/canonical_baselines/canonical_oof_snippet_scores.csv
voting_lr_nb_rf,Voting (LR+NB+RF),Voting ensemble (LR+NB+RF),Java,rq0_0009,1,pooled_z_seed42_fold1,1.0,0.7648636776473735,binary: human mean >= own Java benchmark mean,"predefined pooled_stratified_5fold, seed=42",42,True,experiments/rq0_viability/outputs/canonical_baselines/canonical_oof_snippet_scores.csv
voting_lr_nb_rf,Voting (LR+NB+RF),Voting ensemble (LR+NB+RF),Java,rq0_0010,3,pooled_z_seed42_fold3,1.0,0.7534237039232727,binary: human mean >= own Java benchmark mean,"predefined pooled_stratified_5fold, seed=42",42,True,experiments/rq0_viability/outputs/canonical_baselines/canonical_oof_snippet_scores.csv
voting_lr_nb_rf,Voting (LR+NB+RF),Voting ensemble (LR+NB+RF),Java,rq0_0011,3,pooled_z_seed42_fold3,1.0,0.7958337131764247,binary: human mean >= own Java benchmark mean,"predefined pooled_stratified_5fold, seed=42",42,True,experiments/rq0_viability/outputs/canonical_baselines/canonical_oof_snippet_scores.csv
voting_lr_nb_rf,Voting (LR+NB+RF),Voting ensemble (LR+NB+RF),Java,rq0_0012,4,pooled_z_seed42_fold4,1.0,0.7988209285409127,binary: human mean >= own Java benchmark mean,"predefined pooled_stratified_5fold, seed=42",42,True,experiments/rq0_viability/outputs/canonical_baselines/canonical_oof_snippet_scores.csv
voting_lr_nb_rf,Voting (LR+NB+RF),Voting ensemble (LR+NB+RF),Java,rq0_0013,0,pooled_z_seed42_fold0,0.0,0.5077211673363906,binary: human mean >= own Java benchmark mean,"predefined pooled_stratified_5fold, seed=42",42,True,experiments/rq0_viability/outputs/canonical_baselines/canonical_oof_snippet_scores.csv
voting_lr_nb_rf,Voting (LR+NB+RF),Voting ensemble (LR+NB+RF),Java,rq0_0014,0,pooled_z_seed42_fold0,0.0,0.7694807224589625,binary: human mean >= own Java benchmark mean,"predefined pooled_stratified_5fold, seed=42",42,True,experiments/rq0_viability/outputs/canonical_baselines/canonical_oof_snippet_scores.csv
voting_lr_nb_rf,Voting (LR+NB+RF),Voting ensemble (LR+NB+RF),Java,rq0_0015,0,pooled_z_seed42_fold0,1.0,0.6948772344989597,binary: human mean >= own Java benchmark mean,"predefined pooled_stratified_5fold, seed=42",42,True,experiments/rq0_viability/outputs/canonical_baselines/canonical_oof_snippet_scores.csv
voting_lr_nb_rf,Voting (LR+NB+RF),Voting ensemble (LR+NB+RF),Java,rq0_0016,4,pooled_z_seed42_fold4,0.0,0.8444656023207736,binary: human mean >= own Java benchmark mean,"predefined pooled_stratified_5fold, seed=42",42,True,experiments/rq0_viability/outputs/canonical_baselines/canonical_oof_snippet_scores.csv
voting_lr_nb_rf,Voting (LR+NB+RF),Voting ensemble (LR+NB+RF),Java,rq0_0017,0,pooled_z_seed42_fold0,1.0,0.6379353736171808,binary: human mean >= own Java benchmark mean,"predefined pooled_stratified_5fold, seed=42",42,True,experiments/rq0_viability/outputs/canonical_baselines/canonical_oof_snippet_scores.csv
voting_lr_nb_rf,Voting (LR+NB+RF),Voting ensemble (LR+NB+RF),Java,rq0_0018,3,pooled_z_seed42_fold3,0.0,0.7800866148463061,binary: human mean >= own Java benchmark mean,"predefined pooled_stratified_5fold, seed=42",42,True,experiments/rq0_viability/outputs/canonical_baselines/canonical_oof_snippet_scores.csv
voting_lr_nb_rf,Voting (LR+NB+RF),Voting ensemble (LR+NB+RF),Java,rq0_0019,2,pooled_z_seed42_fold2,1.0,0.8640447176877543,binary: human mean >= own Java benchmark mean,"predefined pooled_stratified_5fold, seed=42",42,True,experiments/rq0_viability/outputs/canonical_baselines/canonical_oof_snippet_scores.csv
voting_lr_nb_rf,Voting (LR+NB+RF),Voting ensemble (LR+NB+RF),Java,rq0_0020,4,pooled_z_seed42_fold4,0.0,0.79085801182051,binary: human mean >= own Java benchmark mean,"predefined pooled_stratified_5fold, seed=42",42,True,experiments/rq0_viability/outputs/canonical_baselines/canonical_oof_snippet_scores.csv
voting_lr_nb_rf,Voting (LR+NB+RF),Voting ensemble (LR+NB+RF),Java,rq0_0021,1,pooled_z_seed42_fold1,1.0,0.6723156475129094,binary: human mean >= own Java benchmark mean,"predefined pooled_stratified_5fold, seed=42",42,True,experiments/rq0_viability/outputs/canonical_baselines/canonical_oof_snippet_scores.csv
voting_lr_nb_rf,Voting (LR+NB+RF),Voting ensemble (LR+NB+RF),Java,rq0_0022,2,pooled_z_seed42_fold2,1.0,0.771920762284715,binary: human mean >= own Java benchmark mean,"predefined pooled_stratified_5fold, seed=42",42,True,experiments/rq0_viability/outputs/canonical_baselines/canonical_oof_snippet_scores.csv
voting_lr_nb_rf,Voting (LR+NB+RF),Voting ensemble (LR+NB+RF),Java,rq0_0023,3,pooled_z_seed42_fold3,0.0,0.635536152798759,binary: human mean >= own Java benchmark mean,"predefined pooled_stratified_5fold, seed=42",42,True,experiments/rq0_viability/outputs/canonical_baselines/canonical_oof_snippet_scores.csv
voting_lr_nb_rf,Voting (LR+NB+RF),Voting ensemble (LR+NB+RF),Java,rq0_0024,1,pooled_z_seed42_fold1,0.0,0.1800456528422295,binary: human mean >= own Java benchmark mean,"predefined pooled_stratified_5fold, seed=42",42,True,experiments/rq0_viability/outputs/canonical_baselines/canonical_oof_snippet_scores.csv
voting_lr_nb_rf,Voting (LR+NB+RF),Voting ensemble (LR+NB+RF),Java,rq0_0025,3,pooled_z_seed42_fold3,1.0,0.7613541236357655,binary: human mean >= own Java benchmark mean,"predefined pooled_stratified_5fold, seed=42",42,True,experiments/rq0_viability/outputs/canonical_baselines/canonical_oof_snippet_scores.csv
voting_lr_nb_rf,Voting (LR+NB+RF),Voting ensemble (LR+NB+RF),Java,rq0_0026,1,pooled_z_seed42_fold1,0.0,0.5906750424487441,binary: human mean >= own Java benchmark mean,"predefined pooled_stratified_5fold, seed=42",42,True,experiments/rq0_viability/outputs/canonical_baselines/canonical_oof_snippet_scores.csv
voting_lr_nb_rf,Voting (LR+NB+RF),Voting ensemble (LR+NB+RF),Java,rq0_0027,1,pooled_z_seed42_fold1,1.0,0.7827401319478006,binary: human mean >= own Java benchmark mean,"predefined pooled_stratified_5fold, seed=42",42,True,experiments/rq0_viability/outputs/canonical_baselines/canonical_oof_snippet_scores.csv
voting_lr_nb_rf,Voting (LR+NB+RF),Voting ensemble (LR+NB+RF),Java,rq0_0028,3,pooled_z_seed42_fold3,0.0,0.6854304326053401,binary: human mean >= own Java benchmark mean,"predefined pooled_stratified_5fold, seed=42",42,True,experiments/rq0_viability/outputs/canonical_baselines/canonical_oof_snippet_scores.csv
voting_lr_nb_rf,Voting (LR+NB+RF),Voting ensemble (LR+NB+RF),Java,rq0_0029,0,pooled_z_seed42_fold0,0.0,0.7372617634879779,binary: human mean >= own Java benchmark mean,"predefined pooled_stratified_5fold, seed=42",42,True,experiments/rq0_viability/outputs/canonical_baselines/canonical_oof_snippet_scores.csv
voting_lr_nb_rf,Voting (LR+NB+RF),Voting ensemble (LR+NB+RF),Java,rq0_0030,1,pooled_z_seed42_fold1,1.0,0.7514748330285471,binary: human mean >= own Java benchmark mean,"predefined pooled_stratified_5fold, seed=42",42,True,experiments/rq0_viability/outputs/canonical_baselines/canonical_oof_snippet_scores.csv
voting_lr_nb_rf,Voting (LR+NB+RF),Voting ensemble (LR+NB+RF),Java,rq0_0031,4,pooled_z_seed42_fold4,1.0,0.7500377300268465,binary: human mean >= own Java benchmark mean,"predefined pooled_stratified_5fold, seed=42",42,True,experiments/rq0_viability/outputs/canonical_baselines/canonical_oof_snippet_scores.csv
voting_lr_nb_rf,Voting (LR+NB+RF),Voting ensemble (LR+NB+RF),Java,rq0_0032,4,pooled_z_seed42_fold4,1.0,0.7169249380093995,binary: human mean >= own Java benchmark mean,"predefined pooled_stratified_5fold, seed=42",42,True,experiments/rq0_viability/outputs/canonical_baselines/canonical_oof_snippet_scores.csv
voting_lr_nb_rf,Voting (LR+NB+RF),Voting ensemble (LR+NB+RF),Java,rq0_0033,1,pooled_z_seed42_fold1,0.0,0.6161045053261744,binary: human mean >= own Java benchmark mean,"predefined pooled_stratified_5fold, seed=42",42,True,experiments/rq0_viability/outputs/canonical_baselines/canonical_oof_snippet_scores.csv
voting_lr_nb_rf,Voting (LR+NB+RF),Voting ensemble (LR+NB+RF),Java,rq0_0034,4,pooled_z_seed42_fold4,0.0,0.6320174594146661,binary: human mean >= own Java benchmark mean,"predefined pooled_stratified_5fold, seed=42",42,True,experiments/rq0_viability/outputs/canonical_baselines/canonical_oof_snippet_scores.csv
voting_lr_nb_rf,Voting (LR+NB+RF),Voting ensemble (LR+NB+RF),Java,rq0_0035,0,pooled_z_seed42_fold0,0.0,0.5536011944531227,binary: human mean >= own Java benchmark mean,"predefined pooled_stratified_5fold, seed=42",42,True,experiments/rq0_viability/outputs/canonical_baselines/canonical_oof_snippet_scores.csv
voting_lr_nb_rf,Voting (LR+NB+RF),Voting ensemble (LR+NB+RF),Java,rq0_0036,1,pooled_z_seed42_fold1,0.0,0.664923529965813,binary: human mean >= own Java benchmark mean,"predefined pooled_stratified_5fold, seed=42",42,True,experiments/rq0_viability/outputs/canonical_baselines/canonical_oof_snippet_scores.csv
voting_lr_nb_rf,Voting (LR+NB+RF),Voting ensemble (LR+NB+RF),Java,rq0_0037,1,pooled_z_seed42_fold1,0.0,0.2104337924284769,binary: human mean >= own Java benchmark mean,"predefined pooled_stratified_5fold, seed=42",42,True,experiments/rq0_viability/outputs/canonical_baselines/canonical_oof_snippet_scores.csv
voting_lr_nb_rf,Voting (LR+NB+RF),Voting ensemble (LR+NB+RF),Java,rq0_0038,4,pooled_z_seed42_fold4,0.0,0.8019847347583943,binary: human mean >= own Java benchmark mean,"predefined pooled_stratified_5fold, seed=42",42,True,experiments/rq0_viability/outputs/canonical_baselines/canonical_oof_snippet_scores.csv
voting_lr_nb_rf,Voting (LR+NB+RF),Voting ensemble (LR+NB+RF),Java,rq0_0039,3,pooled_z_seed42_fold3,0.0,0.8506323724732371,binary: human mean >= own Java benchmark mean,"predefined pooled_stratified_5fold, seed=42",42,True,experiments/rq0_viability/outputs/canonical_baselines/canonical_oof_snippet_scores.csv
voting_lr_nb_rf,Voting (LR+NB+RF),Voting ensemble (LR+NB+RF),Java,rq0_0040,4,pooled_z_seed42_fold4,0.0,0.6519901301604084,binary: human mean >= own Java benchmark mean,"predefined pooled_stratified_5fold, seed=42",42,True,experiments/rq0_viability/outputs/canonical_baselines/canonical_oof_snippet_scores.csv
voting_lr_nb_rf,Voting (LR+NB+RF),Voting ensemble (LR+NB+RF),Java,rq0_0041,1,pooled_z_seed42_fold1,1.0,0.6311432587623206,binary: human mean >= own Java benchmark mean,"predefined pooled_stratified_5fold, seed=42",42,True,experiments/rq0_viability/outputs/canonical_baselines/canonical_oof_snippet_scores.csv
voting_lr_nb_rf,Voting (LR+NB+RF),Voting ensemble (LR+NB+RF),Java,rq0_0042,3,pooled_z_seed42_fold3,1.0,0.8414643123870876,binary: human mean >= own Java benchmark mean,"predefined pooled_stratified_5fold, seed=42",42,True,experiments/rq0_viability/outputs/canonical_baselines/canonical_oof_snippet_scores.csv
voting_lr_nb_rf,Voting (LR+NB+RF),Voting ensemble (LR+NB+RF),Java,rq0_0043,0,pooled_z_seed42_fold0,1.0,0.5901121658197861,binary: human mean >= own Java benchmark mean,"predefined pooled_stratified_5fold, seed=42",42,True,experiments/rq0_viability/outputs/canonical_baselines/canonical_oof_snippet_scores.csv
voting_lr_nb_rf,Voting (LR+NB+RF),Voting ensemble (LR+NB+RF),Java,rq0_0044,3,pooled_z_seed42_fold3,1.0,0.8521066429937179,binary: human mean >= own Java benchmark mean,"predefined pooled_stratified_5fold, seed=42",42,True,experiments/rq0_viability/outputs/canonical_baselines/canonical_oof_snippet_scores.csv
voting_lr_nb_rf,Voting (LR+NB+RF),Voting ensemble (LR+NB+RF),Java,rq0_0045,1,pooled_z_seed42_fold1,1.0,0.7372388922122929,binary: human mean >= own Java benchmark mean,"predefined pooled_stratified_5fold, seed=42",42,True,experiments/rq0_viability/outputs/canonical_baselines/canonical_oof_snippet_scores.csv
voting_lr_nb_rf,Voting (LR+NB+RF),Voting ensemble (LR+NB+RF),Java,rq0_0046,2,pooled_z_seed42_fold2,1.0,0.8257005472273878,binary: human mean >= own Java benchmark mean,"predefined pooled_stratified_5fold, seed=42",42,True,experiments/rq0_viability/outputs/canonical_baselines/canonical_oof_snippet_scores.csv
voting_lr_nb_rf,Voting (LR+NB+RF),Voting ensemble (LR+NB+RF),Java,rq0_0047,0,pooled_z_seed42_fold0,1.0,0.7997792466008246,binary: human mean >= own Java benchmark mean,"predefined pooled_stratified_5fold, seed=42",42,True,experiments/rq0_viability/outputs/canonical_baselines/canonical_oof_snippet_scores.csv
voting_lr_nb_rf,Voting (LR+NB+RF),Voting ensemble (LR+NB+RF),Java,rq0_0048,1,pooled_z_seed42_fold1,1.0,0.77584085630298,binary: human mean >= own Java benchmark mean,"predefined pooled_stratified_5fold, seed=42",42,True,experiments/rq0_viability/outputs/canonical_baselines/canonical_oof_snippet_scores.csv
voting_lr_nb_rf,Voting (LR+NB+RF),Voting ensemble (LR+NB+RF),Java,rq0_0049,3,pooled_z_seed42_fold3,1.0,0.7948614617216562,binary: human mean >= own Java benchmark mean,"predefined pooled_stratified_5fold, seed=42",42,True,experiments/rq0_viability/outputs/canonical_baselines/canonical_oof_snippet_scores.csv
voting_lr_nb_rf,Voting (LR+NB+RF),Voting ensemble (LR+NB+RF),Java,rq0_0050,4,pooled_z_seed42_fold4,0.0,0.599244625283876,binary: human mean >= own Java benchmark mean,"predefined pooled_stratified_5fold, seed=42",42,True,experiments/rq0_viability/outputs/canonical_baselines/canonical_oof_snippet_scores.csv
voting_lr_nb_rf,Voting (LR+NB+RF),Voting ensemble (LR+NB+RF),Java,rq0_0051,2,pooled_z_seed42_fold2,0.0,0.6396395935990554,binary: human mean >= own Java benchmark mean,"predefined pooled_stratified_5fold, seed=42",42,True,experiments/rq0_viability/outputs/canonical_baselines/canonical_oof_snippet_scores.csv
voting_lr_nb_rf,Voting (LR+NB+RF),Voting ensemble (LR+NB+RF),Java,rq0_0052,4,pooled_z_seed42_fold4,1.0,0.7316739706741829,binary: human mean >= own Java benchmark mean,"predefined pooled_stratified_5fold, seed=42",42,True,experiments/rq0_viability/outputs/canonical_baselines/canonical_oof_snippet_scores.csv
voting_lr_nb_rf,Voting (LR+NB+RF),Voting ensemble (LR+NB+RF),Java,rq0_0053,3,pooled_z_seed42_fold3,0.0,0.5374825336472838,binary: human mean >= own Java benchmark mean,"predefined pooled_stratified_5fold, seed=42",42,True,experiments/rq0_viability/outputs/canonical_baselines/canonical_oof_snippet_scores.csv
voting_lr_nb_rf,Voting (LR+NB+RF),Voting ensemble (LR+NB+RF),Java,rq0_0054,2,pooled_z_seed42_fold2,1.0,0.8371001197457794,binary: human mean >= own Java benchmark mean,"predefined pooled_stratified_5fold, seed=42",42,True,experiments/rq0_viability/outputs/canonical_baselines/canonical_oof_snippet_scores.csv
voting_lr_nb_rf,Voting (LR+NB+RF),Voting ensemble (LR+NB+RF),Java,rq0_0055,2,pooled_z_seed42_fold2,1.0,0.6047610804220196,binary: human mean >= own Java benchmark mean,"predefined pooled_stratified_5fold, seed=42",42,True,experiments/rq0_viability/outputs/canonical_baselines/canonical_oof_snippet_scores.csv
voting_lr_nb_rf,Voting (LR+NB+RF),Voting ensemble (LR+NB+RF),Java,rq0_0056,3,pooled_z_seed42_fold3,0.0,0.6733387718218453,binary: human mean >= own Java benchmark mean,"predefined pooled_stratified_5fold, seed=42",42,True,experiments/rq0_viability/outputs/canonical_baselines/canonical_oof_snippet_scores.csv
voting_lr_nb_rf,Voting (LR+NB+RF),Voting ensemble (LR+NB+RF),Java,rq0_0057,4,pooled_z_seed42_fold4,1.0,0.7404429223901042,binary: human mean >= own Java benchmark mean,"predefined pooled_stratified_5fold, seed=42",42,True,experiments/rq0_viability/outputs/canonical_baselines/canonical_oof_snippet_scores.csv
voting_lr_nb_rf,Voting (LR+NB+RF),Voting ensemble (LR+NB+RF),Java,rq0_0058,0,pooled_z_seed42_fold0,1.0,0.7551373942543474,binary: human mean >= own Java benchmark mean,"predefined pooled_stratified_5fold, seed=42",42,True,experiments/rq0_viability/outputs/canonical_baselines/canonical_oof_snippet_scores.csv
voting_lr_nb_rf,Voting (LR+NB+RF),Voting ensemble (LR+NB+RF),Java,rq0_0059,4,pooled_z_seed42_fold4,1.0,0.7603780340369445,binary: human mean >= own Java benchmark mean,"predefined pooled_stratified_5fold, seed=42",42,True,experiments/rq0_viability/outputs/canonical_baselines/canonical_oof_snippet_scores.csv
voting_lr_nb_rf,Voting (LR+NB+RF),Voting ensemble (LR+NB+RF),Java,rq0_0060,2,pooled_z_seed42_fold2,1.0,0.832351066940982,binary: human mean >= own Java benchmark mean,"predefined pooled_stratified_5fold, seed=42",42,True,experiments/rq0_viability/outputs/canonical_baselines/canonical_oof_snippet_scores.csv
voting_lr_nb_rf,Voting (LR+NB+RF),Voting ensemble (LR+NB+RF),Java,rq0_0061,2,pooled_z_seed42_fold2,0.0,0.5592180340324333,binary: human mean >= own Java benchmark mean,"predefined pooled_stratified_5fold, seed=42",42,True,experiments/rq0_viability/outputs/canonical_baselines/canonical_oof_snippet_scores.csv
voting_lr_nb_rf,Voting (LR+NB+RF),Voting ensemble (LR+NB+RF),Java,rq0_0062,2,pooled_z_seed42_fold2,1.0,0.6414335462480928,binary: human mean >= own Java benchmark mean,"predefined pooled_stratified_5fold, seed=42",42,True,experiments/rq0_viability/outputs/canonical_baselines/canonical_oof_snippet_scores.csv
voting_lr_nb_rf,Voting (LR+NB+RF),Voting ensemble (LR+NB+RF),Java,rq0_0063,1,pooled_z_seed42_fold1,0.0,0.7115799010949592,binary: human mean >= own Java benchmark mean,"predefined pooled_stratified_5fold, seed=42",42,True,experiments/rq0_viability/outputs/canonical_baselines/canonical_oof_snippet_scores.csv
voting_lr_nb_rf,Voting (LR+NB+RF),Voting ensemble (LR+NB+RF),Java,rq0_0064,1,pooled_z_seed42_fold1,0.0,0.5685924107418435,binary: human mean >= own Java benchmark mean,"predefined pooled_stratified_5fold, seed=42",42,True,experiments/rq0_viability/outputs/canonical_baselines/canonical_oof_snippet_scores.csv
voting_lr_nb_rf,Voting (LR+NB+RF),Voting ensemble (LR+NB+RF),Java,rq0_0065,2,pooled_z_seed42_fold2,1.0,0.8528304133354762,binary: human mean >= own Java benchmark mean,"predefined pooled_stratified_5fold, seed=42",42,True,experiments/rq0_viability/outputs/canonical_baselines/canonical_oof_snippet_scores.csv
voting_lr_nb_rf,Voting (LR+NB+RF),Voting ensemble (LR+NB+RF),Java,rq0_0066,4,pooled_z_seed42_fold4,1.0,0.7614223608226447,binary: human mean >= own Java benchmark mean,"predefined pooled_stratified_5fold, seed=42",42,True,experiments/rq0_viability/outputs/canonical_baselines/canonical_oof_snippet_scores.csv
voting_lr_nb_rf,Voting (LR+NB+RF),Voting ensemble (LR+NB+RF),Java,rq0_0067,0,pooled_z_seed42_fold0,0.0,0.4028079723863026,binary: human mean >= own Java benchmark mean,"predefined pooled_stratified_5fold, seed=42",42,True,experiments/rq0_viability/outputs/canonical_baselines/canonical_oof_snippet_scores.csv
voting_lr_nb_rf,Voting (LR+NB+RF),Voting ensemble (LR+NB+RF),Java,rq0_0068,3,pooled_z_seed42_fold3,0.0,0.6339152883694027,binary: human mean >= own Java benchmark mean,"predefined pooled_stratified_5fold, seed=42",42,True,experiments/rq0_viability/outputs/canonical_baselines/canonical_oof_snippet_scores.csv
voting_lr_nb_rf,Voting (LR+NB+RF),Voting ensemble (LR+NB+RF),Java,rq0_0069,4,pooled_z_seed42_fold4,1.0,0.815083401584321,binary: human mean >= own Java benchmark mean,"predefined pooled_stratified_5fold, seed=42",42,True,experiments/rq0_viability/outputs/canonical_baselines/canonical_oof_snippet_scores.csv
voting_lr_nb_rf,Voting (LR+NB+RF),Voting ensemble (LR+NB+RF),Java,rq0_0070,0,pooled_z_seed42_fold0,0.0,0.5504933852785178,binary: human mean >= own Java benchmark mean,"predefined pooled_stratified_5fold, seed=42",42,True,experiments/rq0_viability/outputs/canonical_baselines/canonical_oof_snippet_scores.csv
voting_lr_nb_rf,Voting (LR+NB+RF),Voting ensemble (LR+NB+RF),Java,rq0_0071,4,pooled_z_seed42_fold4,1.0,0.6200596217542741,binary: human mean >= own Java benchmark mean,"predefined pooled_stratified_5fold, seed=42",42,True,experiments/rq0_viability/outputs/canonical_baselines/canonical_oof_snippet_scores.csv
voting_lr_nb_rf,Voting (LR+NB+RF),Voting ensemble (LR+NB+RF),Java,rq0_0072,2,pooled_z_seed42_fold2,1.0,0.7173763392157827,binary: human mean >= own Java benchmark mean,"predefined pooled_stratified_5fold, seed=42",42,True,experiments/rq0_viability/outputs/canonical_baselines/canonical_oof_snippet_scores.csv
voting_lr_nb_rf,Voting (LR+NB+RF),Voting ensemble (LR+NB+RF),Java,rq0_0073,2,pooled_z_seed42_fold2,1.0,0.7362899783918243,binary: human mean >= own Java benchmark mean,"predefined pooled_stratified_5fold, seed=42",42,True,experiments/rq0_viability/outputs/canonical_baselines/canonical_oof_snippet_scores.csv
voting_lr_nb_rf,Voting (LR+NB+RF),Voting ensemble (LR+NB+RF),Java,rq0_0074,3,pooled_z_seed42_fold3,1.0,0.8097835967404747,binary: human mean >= own Java benchmark mean,"predefined pooled_stratified_5fold, seed=42",42,True,experiments/rq0_viability/outputs/canonical_baselines/canonical_oof_snippet_scores.csv
voting_lr_nb_rf,Voting (LR+NB+RF),Voting ensemble (LR+NB+RF),Java,rq0_0075,0,pooled_z_seed42_fold0,0.0,0.4960432651722762,binary: human mean >= own Java benchmark mean,"predefined pooled_stratified_5fold, seed=42",42,True,experiments/rq0_viability/outputs/canonical_baselines/canonical_oof_snippet_scores.csv
voting_lr_nb_rf,Voting (LR+NB+RF),Voting ensemble (LR+NB+RF),Java,rq0_0076,0,pooled_z_seed42_fold0,0.0,0.5288440686966576,binary: human mean >= own Java benchmark mean,"predefined pooled_stratified_5fold, seed=42",42,True,experiments/rq0_viability/outputs/canonical_baselines/canonical_oof_snippet_scores.csv
voting_lr_nb_rf,Voting (LR+NB+RF),Voting ensemble (LR+NB+RF),Java,rq0_0077,1,pooled_z_seed42_fold1,1.0,0.302131148928066,binary: human mean >= own Java benchmark mean,"predefined pooled_stratified_5fold, seed=42",42,True,experiments/rq0_viability/outputs/canonical_baselines/canonical_oof_snippet_scores.csv
voting_lr_nb_rf,Voting (LR+NB+RF),Voting ensemble (LR+NB+RF),Java,rq0_0078,4,pooled_z_seed42_fold4,1.0,0.8989154307115886,binary: human mean >= own Java benchmark mean,"predefined pooled_stratified_5fold, seed=42",42,True,experiments/rq0_viability/outputs/canonical_baselines/canonical_oof_snippet_scores.csv
voting_lr_nb_rf,Voting (LR+NB+RF),Voting ensemble (LR+NB+RF),Java,rq0_0079,2,pooled_z_seed42_fold2,1.0,0.8151336525765346,binary: human mean >= own Java benchmark mean,"predefined pooled_stratified_5fold, seed=42",42,True,experiments/rq0_viability/outputs/canonical_baselines/canonical_oof_snippet_scores.csv
voting_lr_nb_rf,Voting (LR+NB+RF),Voting ensemble (LR+NB+RF),Java,rq0_0080,1,pooled_z_seed42_fold1,1.0,0.7735896415074707,binary: human mean >= own Java benchmark mean,"predefined pooled_stratified_5fold, seed=42",42,True,experiments/rq0_viability/outputs/canonical_baselines/canonical_oof_snippet_scores.csv
voting_lr_nb_rf,Voting (LR+NB+RF),Voting ensemble (LR+NB+RF),Java,rq0_0081,2,pooled_z_seed42_fold2,0.0,0.6085765118569422,binary: human mean >= own Java benchmark mean,"predefined pooled_stratified_5fold, seed=42",42,True,experiments/rq0_viability/outputs/canonical_baselines/canonical_oof_snippet_scores.csv
voting_lr_nb_rf,Voting (LR+NB+RF),Voting ensemble (LR+NB+RF),Java,rq0_0082,4,pooled_z_seed42_fold4,1.0,0.7159029420199192,binary: human mean >= own Java benchmark mean,"predefined pooled_stratified_5fold, seed=42",42,True,experiments/rq0_viability/outputs/canonical_baselines/canonical_oof_snippet_scores.csv
voting_lr_nb_rf,Voting (LR+NB+RF),Voting ensemble (LR+NB+RF),Java,rq0_0083,4,pooled_z_seed42_fold4,1.0,0.8244540339704893,binary: human mean >= own Java benchmark mean,"predefined pooled_stratified_5fold, seed=42",42,True,experiments/rq0_viability/outputs/canonical_baselines/canonical_oof_snippet_scores.csv
voting_lr_nb_rf,Voting (LR+NB+RF),Voting ensemble (LR+NB+RF),Java,rq0_0084,2,pooled_z_seed42_fold2,0.0,0.7951583369289658,binary: human mean >= own Java benchmark mean,"predefined pooled_stratified_5fold, seed=42",42,True,experiments/rq0_viability/outputs/canonical_baselines/canonical_oof_snippet_scores.csv
voting_lr_nb_rf,Voting (LR+NB+RF),Voting ensemble (LR+NB+RF),Java,rq0_0085,0,pooled_z_seed42_fold0,0.0,0.5933787041814532,binary: human mean >= own Java benchmark mean,"predefined pooled_stratified_5fold, seed=42",42,True,experiments/rq0_viability/outputs/canonical_baselines/canonical_oof_snippet_scores.csv
voting_lr_nb_rf,Voting (LR+NB+RF),Voting ensemble (LR+NB+RF),Java,rq0_0086,3,pooled_z_seed42_fold3,0.0,0.8202846247148609,binary: human mean >= own Java benchmark mean,"predefined pooled_stratified_5fold, seed=42",42,True,experiments/rq0_viability/outputs/canonical_baselines/canonical_oof_snippet_scores.csv
voting_lr_nb_rf,Voting (LR+NB+RF),Voting ensemble (LR+NB+RF),Java,rq0_0087,0,pooled_z_seed42_fold0,1.0,0.7393081895319867,binary: human mean >= own Java benchmark mean,"predefined pooled_stratified_5fold, seed=42",42,True,experiments/rq0_viability/outputs/canonical_baselines/canonical_oof_snippet_scores.csv
voting_lr_nb_rf,Voting (LR+NB+RF),Voting ensemble (LR+NB+RF),Java,rq0_0088,0,pooled_z_seed42_fold0,1.0,0.5338728873397861,binary: human mean >= own Java benchmark mean,"predefined pooled_stratified_5fold, seed=42",42,True,experiments/rq0_viability/outputs/canonical_baselines/canonical_oof_snippet_scores.csv
voting_lr_nb_rf,Voting (LR+NB+RF),Voting ensemble (LR+NB+RF),Java,rq0_0089,1,pooled_z_seed42_fold1,0.0,0.684449069483336,binary: human mean >= own Java benchmark mean,"predefined pooled_stratified_5fold, seed=42",42,True,experiments/rq0_viability/outputs/canonical_baselines/canonical_oof_snippet_scores.csv
voting_lr_nb_rf,Voting (LR+NB+RF),Voting ensemble (LR+NB+RF),Java,rq0_0090,4,pooled_z_seed42_fold4,1.0,0.8339098407316446,binary: human mean >= own Java benchmark mean,"predefined pooled_stratified_5fold, seed=42",42,True,experiments/rq0_viability/outputs/canonical_baselines/canonical_oof_snippet_scores.csv
voting_lr_nb_rf,Voting (LR+NB+RF),Voting ensemble (LR+NB+RF),Java,rq0_0091,2,pooled_z_seed42_fold2,0.0,0.3880456803491108,binary: human mean >= own Java benchmark mean,"predefined pooled_stratified_5fold, seed=42",42,True,experiments/rq0_viability/outputs/canonical_baselines/canonical_oof_snippet_scores.csv
voting_lr_nb_rf,Voting (LR+NB+RF),Voting ensemble (LR+NB+RF),Java,rq0_0092,3,pooled_z_seed42_fold3,1.0,0.8406394462077929,binary: human mean >= own Java benchmark mean,"predefined pooled_stratified_5fold, seed=42",42,True,experiments/rq0_viability/outputs/canonical_baselines/canonical_oof_snippet_scores.csv
voting_lr_nb_rf,Voting (LR+NB+RF),Voting ensemble (LR+NB+RF),Java,rq0_0093,3,pooled_z_seed42_fold3,0.0,0.7432469836059812,binary: human mean >= own Java benchmark mean,"predefined pooled_stratified_5fold, seed=42",42,True,experiments/rq0_viability/outputs/canonical_baselines/canonical_oof_snippet_scores.csv
voting_lr_nb_rf,Voting (LR+NB+RF),Voting ensemble (LR+NB+RF),Java,rq0_0094,2,pooled_z_seed42_fold2,1.0,0.8226154684677599,binary: human mean >= own Java benchmark mean,"predefined pooled_stratified_5fold, seed=42",42,True,experiments/rq0_viability/outputs/canonical_baselines/canonical_oof_snippet_scores.csv
voting_lr_nb_rf,Voting (LR+NB+RF),Voting ensemble (LR+NB+RF),Java,rq0_0095,4,pooled_z_seed42_fold4,0.0,0.6294628205561391,binary: human mean >= own Java benchmark mean,"predefined pooled_stratified_5fold, seed=42",42,True,experiments/rq0_viability/outputs/canonical_baselines/canonical_oof_snippet_scores.csv
voting_lr_nb_rf,Voting (LR+NB+RF),Voting ensemble (LR+NB+RF),Java,rq0_0096,3,pooled_z_seed42_fold3,0.0,0.6987935635374424,binary: human mean >= own Java benchmark mean,"predefined pooled_stratified_5fold, seed=42",42,True,experiments/rq0_viability/outputs/canonical_baselines/canonical_oof_snippet_scores.csv
voting_lr_nb_rf,Voting (LR+NB+RF),Voting ensemble (LR+NB+RF),Java,rq0_0097,1,pooled_z_seed42_fold1,0.0,0.6835208827265745,binary: human mean >= own Java benchmark mean,"predefined pooled_stratified_5fold, seed=42",42,True,experiments/rq0_viability/outputs/canonical_baselines/canonical_oof_snippet_scores.csv
voting_lr_nb_rf,Voting (LR+NB+RF),Voting ensemble (LR+NB+RF),Java,rq0_0098,2,pooled_z_seed42_fold2,0.0,0.3174912418629396,binary: human mean >= own Java benchmark mean,"predefined pooled_stratified_5fold, seed=42",42,True,experiments/rq0_viability/outputs/canonical_baselines/canonical_oof_snippet_scores.csv
voting_lr_nb_rf,Voting (LR+NB+RF),Voting ensemble (LR+NB+RF),Java,rq0_0099,2,pooled_z_seed42_fold2,1.0,0.6398319421583643,binary: human mean >= own Java benchmark mean,"predefined pooled_stratified_5fold, seed=42",42,True,experiments/rq0_viability/outputs/canonical_baselines/canonical_oof_snippet_scores.csv
voting_lr_nb_rf,Voting (LR+NB+RF),Voting ensemble (LR+NB+RF),Java,rq0_0100,1,pooled_z_seed42_fold1,0.0,0.2944467650689444,binary: human mean >= own Java benchmark mean,"predefined pooled_stratified_5fold, seed=42",42,True,experiments/rq0_viability/outputs/canonical_baselines/canonical_oof_snippet_scores.csv
voting_lr_nb_rf,Voting (LR+NB+RF),Voting ensemble (LR+NB+RF),Java,rq0_0101,4,pooled_z_seed42_fold4,0.0,0.6455463408367562,binary: human mean >= own Java benchmark mean,"predefined pooled_stratified_5fold, seed=42",42,True,experiments/rq0_viability/outputs/canonical_baselines/canonical_oof_snippet_scores.csv
voting_lr_nb_rf,Voting (LR+NB+RF),Voting ensemble (LR+NB+RF),Java,rq0_0102,2,pooled_z_seed42_fold2,1.0,0.754604797352661,binary: human mean >= own Java benchmark mean,"predefined pooled_stratified_5fold, seed=42",42,True,experiments/rq0_viability/outputs/canonical_baselines/canonical_oof_snippet_scores.csv
voting_lr_nb_rf,Voting (LR+NB+RF),Voting ensemble (LR+NB+RF),Java,rq0_0103,3,pooled_z_seed42_fold3,1.0,0.0701349719202669,binary: human mean >= own Java benchmark mean,"predefined pooled_stratified_5fold, seed=42",42,True,experiments/rq0_viability/outputs/canonical_baselines/canonical_oof_snippet_scores.csv
voting_lr_nb_rf,Voting (LR+NB+RF),Voting ensemble (LR+NB+RF),Java,rq0_0104,0,pooled_z_seed42_fold0,0.0,0.4984966709308673,binary: human mean >= own Java benchmark mean,"predefined pooled_stratified_5fold, seed=42",42,True,experiments/rq0_viability/outputs/canonical_baselines/canonical_oof_snippet_scores.csv
voting_lr_nb_rf,Voting (LR+NB+RF),Voting ensemble (LR+NB+RF),Java,rq0_0105,4,pooled_z_seed42_fold4,1.0,0.7923221793613638,binary: human mean >= own Java benchmark mean,"predefined pooled_stratified_5fold, seed=42",42,True,experiments/rq0_viability/outputs/canonical_baselines/canonical_oof_snippet_scores.csv
voting_lr_nb_rf,Voting (LR+NB+RF),Voting ensemble (LR+NB+RF),Java,rq0_0106,2,pooled_z_seed42_fold2,0.0,0.3466685408132094,binary: human mean >= own Java benchmark mean,"predefined pooled_stratified_5fold, seed=42",42,True,experiments/rq0_viability/outputs/canonical_baselines/canonical_oof_snippet_scores.csv
voting_lr_nb_rf,Voting (LR+NB+RF),Voting ensemble (LR+NB+RF),Java,rq0_0107,0,pooled_z_seed42_fold0,1.0,0.7542505489474159,binary: human mean >= own Java benchmark mean,"predefined pooled_stratified_5fold, seed=42",42,True,experiments/rq0_viability/outputs/canonical_baselines/canonical_oof_snippet_scores.csv
voting_lr_nb_rf,Voting (LR+NB+RF),Voting ensemble (LR+NB+RF),Java,rq0_0108,0,pooled_z_seed42_fold0,1.0,0.7852872240314878,binary: human mean >= own Java benchmark mean,"predefined pooled_stratified_5fold, seed=42",42,True,experiments/rq0_viability/outputs/canonical_baselines/canonical_oof_snippet_scores.csv
voting_lr_nb_rf,Voting (LR+NB+RF),Voting ensemble (LR+NB+RF),Java,rq0_0109,0,pooled_z_seed42_fold0,1.0,0.3637707565027717,binary: human mean >= own Java benchmark mean,"predefined pooled_stratified_5fold, seed=42",42,True,experiments/rq0_viability/outputs/canonical_baselines/canonical_oof_snippet_scores.csv
voting_lr_nb_rf,Voting (LR+NB+RF),Voting ensemble (LR+NB+RF),Java,rq0_0110,1,pooled_z_seed42_fold1,0.0,0.7956169710060109,binary: human mean >= own Java benchmark mean,"predefined pooled_stratified_5fold, seed=42",42,True,experiments/rq0_viability/outputs/canonical_baselines/canonical_oof_snippet_scores.csv
voting_lr_nb_rf,Voting (LR+NB+RF),Voting ensemble (LR+NB+RF),Java,rq0_0111,4,pooled_z_seed42_fold4,0.0,0.7980300266338576,binary: human mean >= own Java benchmark mean,"predefined pooled_stratified_5fold, seed=42",42,True,experiments/rq0_viability/outputs/canonical_baselines/canonical_oof_snippet_scores.csv
voting_lr_nb_rf,Voting (LR+NB+RF),Voting ensemble (LR+NB+RF),Java,rq0_0112,2,pooled_z_seed42_fold2,0.0,0.5934110867791967,binary: human mean >= own Java benchmark mean,"predefined pooled_stratified_5fold, seed=42",42,True,experiments/rq0_viability/outputs/canonical_baselines/canonical_oof_snippet_scores.csv
voting_lr_nb_rf,Voting (LR+NB+RF),Voting ensemble (LR+NB+RF),Java,rq0_0113,3,pooled_z_seed42_fold3,0.0,0.0970716469232373,binary: human mean >= own Java benchmark mean,"predefined pooled_stratified_5fold, seed=42",42,True,experiments/rq0_viability/outputs/canonical_baselines/canonical_oof_snippet_scores.csv
voting_lr_nb_rf,Voting (LR+NB+RF),Voting ensemble (LR+NB+RF),Java,rq0_0114,0,pooled_z_seed42_fold0,1.0,0.6459406726946982,binary: human mean >= own Java benchmark mean,"predefined pooled_stratified_5fold, seed=42",42,True,experiments/rq0_viability/outputs/canonical_baselines/canonical_oof_snippet_scores.csv
voting_lr_nb_rf,Voting (LR+NB+RF),Voting ensemble (LR+NB+RF),Java,rq0_0115,1,pooled_z_seed42_fold1,1.0,0.7174263564187658,binary: human mean >= own Java benchmark mean,"predefined pooled_stratified_5fold, seed=42",42,True,experiments/rq0_viability/outputs/canonical_baselines/canonical_oof_snippet_scores.csv
voting_lr_nb_rf,Voting (LR+NB+RF),Voting ensemble (LR+NB+RF),Java,rq0_0116,3,pooled_z_seed42_fold3,0.0,0.1750713542347433,binary: human mean >= own Java benchmark mean,"predefined pooled_stratified_5fold, seed=42",42,True,experiments/rq0_viability/outputs/canonical_baselines/canonical_oof_snippet_scores.csv
voting_lr_nb_rf,Voting (LR+NB+RF),Voting ensemble (LR+NB+RF),Java,rq0_0117,0,pooled_z_seed42_fold0,1.0,0.7136740231758206,binary: human mean >= own Java benchmark mean,"predefined pooled_stratified_5fold, seed=42",42,True,experiments/rq0_viability/outputs/canonical_baselines/canonical_oof_snippet_scores.csv
voting_lr_nb_rf,Voting (LR+NB+RF),Voting ensemble (LR+NB+RF),Java,rq0_0118,4,pooled_z_seed42_fold4,1.0,0.4848486126176177,binary: human mean >= own Java benchmark mean,"predefined pooled_stratified_5fold, seed=42",42,True,experiments/rq0_viability/outputs/canonical_baselines/canonical_oof_snippet_scores.csv
voting_lr_nb_rf,Voting (LR+NB+RF),Voting ensemble (LR+NB+RF),Java,rq0_0119,2,pooled_z_seed42_fold2,0.0,0.7812889331960825,binary: human mean >= own Java benchmark mean,"predefined pooled_stratified_5fold, seed=42",42,True,experiments/rq0_viability/outputs/canonical_baselines/canonical_oof_snippet_scores.csv
voting_lr_nb_rf,Voting (LR+NB+RF),Voting ensemble (LR+NB+RF),Java,rq0_0120,0,pooled_z_seed42_fold0,1.0,0.7895284031918788,binary: human mean >= own Java benchmark mean,"predefined pooled_stratified_5fold, seed=42",42,True,experiments/rq0_viability/outputs/canonical_baselines/canonical_oof_snippet_scores.csv
voting_lr_nb_rf,Voting (LR+NB+RF),Voting ensemble (LR+NB+RF),Java,rq0_0121,3,pooled_z_seed42_fold3,0.0,0.7934591650159323,binary: human mean >= own Java benchmark mean,"predefined pooled_stratified_5fold, seed=42",42,True,experiments/rq0_viability/outputs/canonical_baselines/canonical_oof_snippet_scores.csv
voting_lr_nb_rf,Voting (LR+NB+RF),Voting ensemble (LR+NB+RF),Java,rq0_0122,4,pooled_z_seed42_fold4,1.0,0.6613401385934926,binary: human mean >= own Java benchmark mean,"predefined pooled_stratified_5fold, seed=42",42,True,experiments/rq0_viability/outputs/canonical_baselines/canonical_oof_snippet_scores.csv
voting_lr_nb_rf,Voting (LR+NB+RF),Voting ensemble (LR+NB+RF),Java,rq0_0123,4,pooled_z_seed42_fold4,0.0,0.7668767176046364,binary: human mean >= own Java benchmark mean,"predefined pooled_stratified_5fold, seed=42",42,True,experiments/rq0_viability/outputs/canonical_baselines/canonical_oof_snippet_scores.csv
voting_lr_nb_rf,Voting (LR+NB+RF),Voting ensemble (LR+NB+RF),Java,rq0_0124,0,pooled_z_seed42_fold0,1.0,0.6564019435438309,binary: human mean >= own Java benchmark mean,"predefined pooled_stratified_5fold, seed=42",42,True,experiments/rq0_viability/outputs/canonical_baselines/canonical_oof_snippet_scores.csv
voting_lr_nb_rf,Voting (LR+NB+RF),Voting ensemble (LR+NB+RF),Java,rq0_0125,3,pooled_z_seed42_fold3,0.0,0.2819109054575368,binary: human mean >= own Java benchmark mean,"predefined pooled_stratified_5fold, seed=42",42,True,experiments/rq0_viability/outputs/canonical_baselines/canonical_oof_snippet_scores.csv
voting_lr_nb_rf,Voting (LR+NB+RF),Voting ensemble (LR+NB+RF),Java,rq0_0126,4,pooled_z_seed42_fold4,1.0,0.669096025687165,binary: human mean >= own Java benchmark mean,"predefined pooled_stratified_5fold, seed=42",42,True,experiments/rq0_viability/outputs/canonical_baselines/canonical_oof_snippet_scores.csv
voting_lr_nb_rf,Voting (LR+NB+RF),Voting ensemble (LR+NB+RF),Java,rq0_0127,2,pooled_z_seed42_fold2,0.0,0.7673274542217671,binary: human mean >= own Java benchmark mean,"predefined pooled_stratified_5fold, seed=42",42,True,experiments/rq0_viability/outputs/canonical_baselines/canonical_oof_snippet_scores.csv
voting_lr_nb_rf,Voting (LR+NB+RF),Voting ensemble (LR+NB+RF),Java,rq0_0128,3,pooled_z_seed42_fold3,1.0,0.4787815859558395,binary: human mean >= own Java benchmark mean,"predefined pooled_stratified_5fold, seed=42",42,True,experiments/rq0_viability/outputs/canonical_baselines/canonical_oof_snippet_scores.csv
voting_lr_nb_rf,Voting (LR+NB+RF),Voting ensemble (LR+NB+RF),Java,rq0_0129,0,pooled_z_seed42_fold0,1.0,0.7728402980806951,binary: human mean >= own Java benchmark mean,"predefined pooled_stratified_5fold, seed=42",42,True,experiments/rq0_viability/outputs/canonical_baselines/canonical_oof_snippet_scores.csv
voting_lr_nb_rf,Voting (LR+NB+RF),Voting ensemble (LR+NB+RF),Java,rq0_0130,0,pooled_z_seed42_fold0,0.0,0.7181147376783638,binary: human mean >= own Java benchmark mean,"predefined pooled_stratified_5fold, seed=42",42,True,experiments/rq0_viability/outputs/canonical_baselines/canonical_oof_snippet_scores.csv
voting_lr_nb_rf,Voting (LR+NB+RF),Voting ensemble (LR+NB+RF),Java,rq0_0131,1,pooled_z_seed42_fold1,1.0,0.8320619284757241,binary: human mean >= own Java benchmark mean,"predefined pooled_stratified_5fold, seed=42",42,True,experiments/rq0_viability/outputs/canonical_baselines/canonical_oof_snippet_scores.csv
voting_lr_nb_rf,Voting (LR+NB+RF),Voting ensemble (LR+NB+RF),Java,rq0_0132,4,pooled_z_seed42_fold4,0.0,0.7687426588972706,binary: human mean >= own Java benchmark mean,"predefined pooled_stratified_5fold, seed=42",42,True,experiments/rq0_viability/outputs/canonical_baselines/canonical_oof_snippet_scores.csv
voting_lr_nb_rf,Voting (LR+NB+RF),Voting ensemble (LR+NB+RF),Java,rq0_0133,2,pooled_z_seed42_fold2,1.0,0.7409834636680448,binary: human mean >= own Java benchmark mean,"predefined pooled_stratified_5fold, seed=42",42,True,experiments/rq0_viability/outputs/canonical_baselines/canonical_oof_snippet_scores.csv
voting_lr_nb_rf,Voting (LR+NB+RF),Voting ensemble (LR+NB+RF),Java,rq0_0134,2,pooled_z_seed42_fold2,1.0,0.7334311955725448,binary: human mean >= own Java benchmark mean,"predefined pooled_stratified_5fold, seed=42",42,True,experiments/rq0_viability/outputs/canonical_baselines/canonical_oof_snippet_scores.csv
voting_lr_nb_rf,Voting (LR+NB+RF),Voting ensemble (LR+NB+RF),Java,rq0_0135,1,pooled_z_seed42_fold1,0.0,0.1852194997264268,binary: human mean >= own Java benchmark mean,"predefined pooled_stratified_5fold, seed=42",42,True,experiments/rq0_viability/outputs/canonical_baselines/canonical_oof_snippet_scores.csv
voting_lr_nb_rf,Voting (LR+NB+RF),Voting ensemble (LR+NB+RF),Java,rq0_0136,3,pooled_z_seed42_fold3,1.0,0.3365989185467025,binary: human mean >= own Java benchmark mean,"predefined pooled_stratified_5fold, seed=42",42,True,experiments/rq0_viability/outputs/canonical_baselines/canonical_oof_snippet_scores.csv
voting_lr_nb_rf,Voting (LR+NB+RF),Voting ensemble (LR+NB+RF),Java,rq0_0137,0,pooled_z_seed42_fold0,1.0,0.3575760200472568,binary: human mean >= own Java benchmark mean,"predefined pooled_stratified_5fold, seed=42",42,True,experiments/rq0_viability/outputs/canonical_baselines/canonical_oof_snippet_scores.csv
voting_lr_nb_rf,Voting (LR+NB+RF),Voting ensemble (LR+NB+RF),Java,rq0_0138,0,pooled_z_seed42_fold0,0.0,0.7076314611632796,binary: human mean >= own Java benchmark mean,"predefined pooled_stratified_5fold, seed=42",42,True,experiments/rq0_viability/outputs/canonical_baselines/canonical_oof_snippet_scores.csv
voting_lr_nb_rf,Voting (LR+NB+RF),Voting ensemble (LR+NB+RF),Java,rq0_0139,2,pooled_z_seed42_fold2,0.0,0.49064855062434,binary: human mean >= own Java benchmark mean,"predefined pooled_stratified_5fold, seed=42",42,True,experiments/rq0_viability/outputs/canonical_baselines/canonical_oof_snippet_scores.csv
voting_lr_nb_rf,Voting (LR+NB+RF),Voting ensemble (LR+NB+RF),Java,rq0_0140,1,pooled_z_seed42_fold1,1.0,0.2974653930093739,binary: human mean >= own Java benchmark mean,"predefined pooled_stratified_5fold, seed=42",42,True,experiments/rq0_viability/outputs/canonical_baselines/canonical_oof_snippet_scores.csv
voting_lr_nb_rf,Voting (LR+NB+RF),Voting ensemble (LR+NB+RF),Java,rq0_0141,1,pooled_z_seed42_fold1,0.0,0.6718635311351552,binary: human mean >= own Java benchmark mean,"predefined pooled_stratified_5fold, seed=42",42,True,experiments/rq0_viability/outputs/canonical_baselines/canonical_oof_snippet_scores.csv
voting_lr_nb_rf,Voting (LR+NB+RF),Voting ensemble (LR+NB+RF),Java,rq0_0142,2,pooled_z_seed42_fold2,1.0,0.6683097032784674,binary: human mean >= own Java benchmark mean,"predefined pooled_stratified_5fold, seed=42",42,True,experiments/rq0_viability/outputs/canonical_baselines/canonical_oof_snippet_scores.csv
voting_lr_nb_rf,Voting (LR+NB+RF),Voting ensemble (LR+NB+RF),Java,rq0_0143,2,pooled_z_seed42_fold2,1.0,0.7520524162647311,binary: human mean >= own Java benchmark mean,"predefined pooled_stratified_5fold, seed=42",42,True,experiments/rq0_viability/outputs/canonical_baselines/canonical_oof_snippet_scores.csv
voting_lr_nb_rf,Voting (LR+NB+RF),Voting ensemble (LR+NB+RF),Java,rq0_0144,4,pooled_z_seed42_fold4,1.0,0.6121197979944552,binary: human mean >= own Java benchmark mean,"predefined pooled_stratified_5fold, seed=42",42,True,experiments/rq0_viability/outputs/canonical_baselines/canonical_oof_snippet_scores.csv
voting_lr_nb_rf,Voting (LR+NB+RF),Voting ensemble (LR+NB+RF),Java,rq0_0145,2,pooled_z_seed42_fold2,0.0,0.8291957690688992,binary: human mean >= own Java benchmark mean,"predefined pooled_stratified_5fold, seed=42",42,True,experiments/rq0_viability/outputs/canonical_baselines/canonical_oof_snippet_scores.csv
voting_lr_nb_rf,Voting (LR+NB+RF),Voting ensemble (LR+NB+RF),Java,rq0_0146,3,pooled_z_seed42_fold3,1.0,0.4487610521126494,binary: human mean >= own Java benchmark mean,"predefined pooled_stratified_5fold, seed=42",42,True,experiments/rq0_viability/outputs/canonical_baselines/canonical_oof_snippet_scores.csv
voting_lr_nb_rf,Voting (LR+NB+RF),Voting ensemble (LR+NB+RF),Java,rq0_0147,3,pooled_z_seed42_fold3,1.0,0.722447114650164,binary: human mean >= own Java benchmark mean,"predefined pooled_stratified_5fold, seed=42",42,True,experiments/rq0_viability/outputs/canonical_baselines/canonical_oof_snippet_scores.csv
voting_lr_nb_rf,Voting (LR+NB+RF),Voting ensemble (LR+NB+RF),Java,rq0_0148,1,pooled_z_seed42_fold1,0.0,0.2924746498925913,binary: human mean >= own Java benchmark mean,"predefined pooled_stratified_5fold, seed=42",42,True,experiments/rq0_viability/outputs/canonical_baselines/canonical_oof_snippet_scores.csv
voting_lr_nb_rf,Voting (LR+NB+RF),Voting ensemble (LR+NB+RF),Java,rq0_0149,4,pooled_z_seed42_fold4,0.0,0.44947030226187,binary: human mean >= own Java benchmark mean,"predefined pooled_stratified_5fold, seed=42",42,True,experiments/rq0_viability/outputs/canonical_baselines/canonical_oof_snippet_scores.csv
voting_lr_nb_rf,Voting (LR+NB+RF),Voting ensemble (LR+NB+RF),Java,rq0_0150,1,pooled_z_seed42_fold1,1.0,0.8139856487503353,binary: human mean >= own Java benchmark mean,"predefined pooled_stratified_5fold, seed=42",42,True,experiments/rq0_viability/outputs/canonical_baselines/canonical_oof_snippet_scores.csv
voting_lr_nb_rf,Voting (LR+NB+RF),Voting ensemble (LR+NB+RF),Java,rq0_0151,4,pooled_z_seed42_fold4,0.0,0.2557526700735341,binary: human mean >= own Java benchmark mean,"predefined pooled_stratified_5fold, seed=42",42,True,experiments/rq0_viability/outputs/canonical_baselines/canonical_oof_snippet_scores.csv
voting_lr_nb_rf,Voting (LR+NB+RF),Voting ensemble (LR+NB+RF),Java,rq0_0152,1,pooled_z_seed42_fold1,0.0,0.2392330864387787,binary: human mean >= own Java benchmark mean,"predefined pooled_stratified_5fold, seed=42",42,True,experiments/rq0_viability/outputs/canonical_baselines/canonical_oof_snippet_scores.csv
voting_lr_nb_rf,Voting (LR+NB+RF),Voting ensemble (LR+NB+RF),Java,rq0_0153,4,pooled_z_seed42_fold4,0.0,0.7887040785684354,binary: human mean >= own Java benchmark mean,"predefined pooled_stratified_5fold, seed=42",42,True,experiments/rq0_viability/outputs/canonical_baselines/canonical_oof_snippet_scores.csv
voting_lr_nb_rf,Voting (LR+NB+RF),Voting ensemble (LR+NB+RF),Java,rq0_0154,1,pooled_z_seed42_fold1,1.0,0.7527827090956815,binary: human mean >= own Java benchmark mean,"predefined pooled_stratified_5fold, seed=42",42,True,experiments/rq0_viability/outputs/canonical_baselines/canonical_oof_snippet_scores.csv
voting_lr_nb_rf,Voting (LR+NB+RF),Voting ensemble (LR+NB+RF),Java,rq0_0155,1,pooled_z_seed42_fold1,1.0,0.8090582192072701,binary: human mean >= own Java benchmark mean,"predefined pooled_stratified_5fold, seed=42",42,True,experiments/rq0_viability/outputs/canonical_baselines/canonical_oof_snippet_scores.csv
voting_lr_nb_rf,Voting (LR+NB+RF),Voting ensemble (LR+NB+RF),Java,rq0_0156,1,pooled_z_seed42_fold1,1.0,0.7517177475061786,binary: human mean >= own Java benchmark mean,"predefined pooled_stratified_5fold, seed=42",42,True,experiments/rq0_viability/outputs/canonical_baselines/canonical_oof_snippet_scores.csv
voting_lr_nb_rf,Voting (LR+NB+RF),Voting ensemble (LR+NB+RF),Java,rq0_0157,2,pooled_z_seed42_fold2,1.0,0.5908842972090006,binary: human mean >= own Java benchmark mean,"predefined pooled_stratified_5fold, seed=42",42,True,experiments/rq0_viability/outputs/canonical_baselines/canonical_oof_snippet_scores.csv
voting_lr_nb_rf,Voting (LR+NB+RF),Voting ensemble (LR+NB+RF),Java,rq0_0158,0,pooled_z_seed42_fold0,0.0,0.8336256453315619,binary: human mean >= own Java benchmark mean,"predefined pooled_stratified_5fold, seed=42",42,True,experiments/rq0_viability/outputs/canonical_baselines/canonical_oof_snippet_scores.csv
voting_lr_nb_rf,Voting (LR+NB+RF),Voting ensemble (LR+NB+RF),Java,rq0_0159,3,pooled_z_seed42_fold3,1.0,0.2228081968329678,binary: human mean >= own Java benchmark mean,"predefined pooled_stratified_5fold, seed=42",42,True,experiments/rq0_viability/outputs/canonical_baselines/canonical_oof_snippet_scores.csv
voting_lr_nb_rf,Voting (LR+NB+RF),Voting ensemble (LR+NB+RF),Java,rq0_0160,4,pooled_z_seed42_fold4,0.0,0.7118119872246934,binary: human mean >= own Java benchmark mean,"predefined pooled_stratified_5fold, seed=42",42,True,experiments/rq0_viability/outputs/canonical_baselines/canonical_oof_snippet_scores.csv
voting_lr_nb_rf,Voting (LR+NB+RF),Voting ensemble (LR+NB+RF),Java,rq0_0161,3,pooled_z_seed42_fold3,1.0,0.2365413919711856,binary: human mean >= own Java benchmark mean,"predefined pooled_stratified_5fold, seed=42",42,True,experiments/rq0_viability/outputs/canonical_baselines/canonical_oof_snippet_scores.csv
voting_lr_nb_rf,Voting (LR+NB+RF),Voting ensemble (LR+NB+RF),Java,rq0_0162,1,pooled_z_seed42_fold1,0.0,0.7393193767353496,binary: human mean >= own Java benchmark mean,"predefined pooled_stratified_5fold, seed=42",42,True,experiments/rq0_viability/outputs/canonical_baselines/canonical_oof_snippet_scores.csv
voting_lr_nb_rf,Voting (LR+NB+RF),Voting ensemble (LR+NB+RF),Java,rq0_0163,2,pooled_z_seed42_fold2,1.0,0.2589045347120249,binary: human mean >= own Java benchmark mean,"predefined pooled_stratified_5fold, seed=42",42,True,experiments/rq0_viability/outputs/canonical_baselines/canonical_oof_snippet_scores.csv
voting_lr_nb_rf,Voting (LR+NB+RF),Voting ensemble (LR+NB+RF),Java,rq0_0164,1,pooled_z_seed42_fold1,0.0,0.6470002744348169,binary: human mean >= own Java benchmark mean,"predefined pooled_stratified_5fold, seed=42",42,True,experiments/rq0_viability/outputs/canonical_baselines/canonical_oof_snippet_scores.csv
voting_lr_nb_rf,Voting (LR+NB+RF),Voting ensemble (LR+NB+RF),Java,rq0_0165,1,pooled_z_seed42_fold1,1.0,0.7141768506176155,binary: human mean >= own Java benchmark mean,"predefined pooled_stratified_5fold, seed=42",42,True,experiments/rq0_viability/outputs/canonical_baselines/canonical_oof_snippet_scores.csv
voting_lr_nb_rf,Voting (LR+NB+RF),Voting ensemble (LR+NB+RF),Java,rq0_0166,2,pooled_z_seed42_fold2,1.0,0.7803612622511311,binary: human mean >= own Java benchmark mean,"predefined pooled_stratified_5fold, seed=42",42,True,experiments/rq0_viability/outputs/canonical_baselines/canonical_oof_snippet_scores.csv
voting_lr_nb_rf,Voting (LR+NB+RF),Voting ensemble (LR+NB+RF),Java,rq0_0167,0,pooled_z_seed42_fold0,0.0,0.4726327490178375,binary: human mean >= own Java benchmark mean,"predefined pooled_stratified_5fold, seed=42",42,True,experiments/rq0_viability/outputs/canonical_baselines/canonical_oof_snippet_scores.csv
voting_lr_nb_rf,Voting (LR+NB+RF),Voting ensemble (LR+NB+RF),Java,rq0_0168,3,pooled_z_seed42_fold3,1.0,0.7987499376304066,binary: human mean >= own Java benchmark mean,"predefined pooled_stratified_5fold, seed=42",42,True,experiments/rq0_viability/outputs/canonical_baselines/canonical_oof_snippet_scores.csv
voting_lr_nb_rf,Voting (LR+NB+RF),Voting ensemble (LR+NB+RF),Java,rq0_0169,3,pooled_z_seed42_fold3,0.0,0.7183559880044238,binary: human mean >= own Java benchmark mean,"predefined pooled_stratified_5fold, seed=42",42,True,experiments/rq0_viability/outputs/canonical_baselines/canonical_oof_snippet_scores.csv
voting_lr_nb_rf,Voting (LR+NB+RF),Voting ensemble (LR+NB+RF),Java,rq0_0170,3,pooled_z_seed42_fold3,0.0,0.673016664723798,binary: human mean >= own Java benchmark mean,"predefined pooled_stratified_5fold, seed=42",42,True,experiments/rq0_viability/outputs/canonical_baselines/canonical_oof_snippet_scores.csv
voting_lr_nb_rf,Voting (LR+NB+RF),Voting ensemble (LR+NB+RF),Java,rq0_0171,0,pooled_z_seed42_fold0,0.0,0.3563054484905043,binary: human mean >= own Java benchmark mean,"predefined pooled_stratified_5fold, seed=42",42,True,experiments/rq0_viability/outputs/canonical_baselines/canonical_oof_snippet_scores.csv
voting_lr_nb_rf,Voting (LR+NB+RF),Voting ensemble (LR+NB+RF),Java,rq0_0172,1,pooled_z_seed42_fold1,0.0,0.7281509854374216,binary: human mean >= own Java benchmark mean,"predefined pooled_stratified_5fold, seed=42",42,True,experiments/rq0_viability/outputs/canonical_baselines/canonical_oof_snippet_scores.csv
voting_lr_nb_rf,Voting (LR+NB+RF),Voting ensemble (LR+NB+RF),Java,rq0_0173,2,pooled_z_seed42_fold2,1.0,0.2811938519965449,binary: human mean >= own Java benchmark mean,"predefined pooled_stratified_5fold, seed=42",42,True,experiments/rq0_viability/outputs/canonical_baselines/canonical_oof_snippet_scores.csv
voting_lr_nb_rf,Voting (LR+NB+RF),Voting ensemble (LR+NB+RF),Java,rq0_0174,4,pooled_z_seed42_fold4,0.0,0.7502279570557695,binary: human mean >= own Java benchmark mean,"predefined pooled_stratified_5fold, seed=42",42,True,experiments/rq0_viability/outputs/canonical_baselines/canonical_oof_snippet_scores.csv
voting_lr_nb_rf,Voting (LR+NB+RF),Voting ensemble (LR+NB+RF),Java,rq0_0175,3,pooled_z_seed42_fold3,0.0,0.7311669514107502,binary: human mean >= own Java benchmark mean,"predefined pooled_stratified_5fold, seed=42",42,True,experiments/rq0_viability/outputs/canonical_baselines/canonical_oof_snippet_scores.csv
voting_lr_nb_rf,Voting (LR+NB+RF),Voting ensemble (LR+NB+RF),Java,rq0_0176,0,pooled_z_seed42_fold0,1.0,0.3976100399174124,binary: human mean >= own Java benchmark mean,"predefined pooled_stratified_5fold, seed=42",42,True,experiments/rq0_viability/outputs/canonical_baselines/canonical_oof_snippet_scores.csv
voting_lr_nb_rf,Voting (LR+NB+RF),Voting ensemble (LR+NB+RF),Java,rq0_0177,3,pooled_z_seed42_fold3,1.0,0.2498452145962933,binary: human mean >= own Java benchmark mean,"predefined pooled_stratified_5fold, seed=42",42,True,experiments/rq0_viability/outputs/canonical_baselines/canonical_oof_snippet_scores.csv
voting_lr_nb_rf,Voting (LR+NB+RF),Voting ensemble (LR+NB+RF),Java,rq0_0178,0,pooled_z_seed42_fold0,1.0,0.7363711340349419,binary: human mean >= own Java benchmark mean,"predefined pooled_stratified_5fold, seed=42",42,True,experiments/rq0_viability/outputs/canonical_baselines/canonical_oof_snippet_scores.csv
voting_lr_nb_rf,Voting (LR+NB+RF),Voting ensemble (LR+NB+RF),Java,rq0_0179,3,pooled_z_seed42_fold3,0.0,0.505748082979126,binary: human mean >= own Java benchmark mean,"predefined pooled_stratified_5fold, seed=42",42,True,experiments/rq0_viability/outputs/canonical_baselines/canonical_oof_snippet_scores.csv
voting_lr_nb_rf,Voting (LR+NB+RF),Voting ensemble (LR+NB+RF),Java,rq0_0180,1,pooled_z_seed42_fold1,0.0,0.6730236180142309,binary: human mean >= own Java benchmark mean,"predefined pooled_stratified_5fold, seed=42",42,True,experiments/rq0_viability/outputs/canonical_baselines/canonical_oof_snippet_scores.csv
voting_lr_nb_rf,Voting (LR+NB+RF),Voting ensemble (LR+NB+RF),Java,rq0_0181,2,pooled_z_seed42_fold2,0.0,0.6961128696775121,binary: human mean >= own Java benchmark mean,"predefined pooled_stratified_5fold, seed=42",42,True,experiments/rq0_viability/outputs/canonical_baselines/canonical_oof_snippet_scores.csv
voting_lr_nb_rf,Voting (LR+NB+RF),Voting ensemble (LR+NB+RF),Java,rq0_0182,4,pooled_z_seed42_fold4,1.0,0.6851523527657731,binary: human mean >= own Java benchmark mean,"predefined pooled_stratified_5fold, seed=42",42,True,experiments/rq0_viability/outputs/canonical_baselines/canonical_oof_snippet_scores.csv
voting_lr_nb_rf,Voting (LR+NB+RF),Voting ensemble (LR+NB+RF),Java,rq0_0183,0,pooled_z_seed42_fold0,0.0,0.1699365176780307,binary: human mean >= own Java benchmark mean,"predefined pooled_stratified_5fold, seed=42",42,True,experiments/rq0_viability/outputs/canonical_baselines/canonical_oof_snippet_scores.csv
voting_lr_nb_rf,Voting (LR+NB+RF),Voting ensemble (LR+NB+RF),Java,rq0_0184,4,pooled_z_seed42_fold4,1.0,0.6834882611606535,binary: human mean >= own Java benchmark mean,"predefined pooled_stratified_5fold, seed=42",42,True,experiments/rq0_viability/outputs/canonical_baselines/canonical_oof_snippet_scores.csv
voting_lr_nb_rf,Voting (LR+NB+RF),Voting ensemble (LR+NB+RF),Java,rq0_0185,4,pooled_z_seed42_fold4,1.0,0.6930271447168744,binary: human mean >= own Java benchmark mean,"predefined pooled_stratified_5fold, seed=42",42,True,experiments/rq0_viability/outputs/canonical_baselines/canonical_oof_snippet_scores.csv
voting_lr_nb_rf,Voting (LR+NB+RF),Voting ensemble (LR+NB+RF),Java,rq0_0186,2,pooled_z_seed42_fold2,0.0,0.7657825386845619,binary: human mean >= own Java benchmark mean,"predefined pooled_stratified_5fold, seed=42",42,True,experiments/rq0_viability/outputs/canonical_baselines/canonical_oof_snippet_scores.csv
voting_lr_nb_rf,Voting (LR+NB+RF),Voting ensemble (LR+NB+RF),Java,rq0_0187,3,pooled_z_seed42_fold3,0.0,0.8798854206185651,binary: human mean >= own Java benchmark mean,"predefined pooled_stratified_5fold, seed=42",42,True,experiments/rq0_viability/outputs/canonical_baselines/canonical_oof_snippet_scores.csv
voting_lr_nb_rf,Voting (LR+NB+RF),Voting ensemble (LR+NB+RF),Java,rq0_0188,4,pooled_z_seed42_fold4,0.0,0.3012475087110117,binary: human mean >= own Java benchmark mean,"predefined pooled_stratified_5fold, seed=42",42,True,experiments/rq0_viability/outputs/canonical_baselines/canonical_oof_snippet_scores.csv
voting_lr_nb_rf,Voting (LR+NB+RF),Voting ensemble (LR+NB+RF),Java,rq0_0189,0,pooled_z_seed42_fold0,1.0,0.6673941929274211,binary: human mean >= own Java benchmark mean,"predefined pooled_stratified_5fold, seed=42",42,True,experiments/rq0_viability/outputs/canonical_baselines/canonical_oof_snippet_scores.csv
voting_lr_nb_rf,Voting (LR+NB+RF),Voting ensemble (LR+NB+RF),Java,rq0_0190,2,pooled_z_seed42_fold2,0.0,0.185314824972646,binary: human mean >= own Java benchmark mean,"predefined pooled_stratified_5fold, seed=42",42,True,experiments/rq0_viability/outputs/canonical_baselines/canonical_oof_snippet_scores.csv
voting_lr_nb_rf,Voting (LR+NB+RF),Voting ensemble (LR+NB+RF),Java,rq0_0191,0,pooled_z_seed42_fold0,0.0,0.3745166858644385,binary: human mean >= own Java benchmark mean,"predefined pooled_stratified_5fold, seed=42",42,True,experiments/rq0_viability/outputs/canonical_baselines/canonical_oof_snippet_scores.csv
voting_lr_nb_rf,Voting (LR+NB+RF),Voting ensemble (LR+NB+RF),Java,rq0_0192,0,pooled_z_seed42_fold0,1.0,0.796528648293218,binary: human mean >= own Java benchmark mean,"predefined pooled_stratified_5fold, seed=42",42,True,experiments/rq0_viability/outputs/canonical_baselines/canonical_oof_snippet_scores.csv
voting_lr_nb_rf,Voting (LR+NB+RF),Voting ensemble (LR+NB+RF),Java,rq0_0193,0,pooled_z_seed42_fold0,1.0,0.4939023271641525,binary: human mean >= own Java benchmark mean,"predefined pooled_stratified_5fold, seed=42",42,True,experiments/rq0_viability/outputs/canonical_baselines/canonical_oof_snippet_scores.csv
voting_lr_nb_rf,Voting (LR+NB+RF),Voting ensemble (LR+NB+RF),Java,rq0_0194,4,pooled_z_seed42_fold4,1.0,0.846082663102814,binary: human mean >= own Java benchmark mean,"predefined pooled_stratified_5fold, seed=42",42,True,experiments/rq0_viability/outputs/canonical_baselines/canonical_oof_snippet_scores.csv
voting_lr_nb_rf,Voting (LR+NB+RF),Voting ensemble (LR+NB+RF),Java,rq0_0195,3,pooled_z_seed42_fold3,0.0,0.2083308519907177,binary: human mean >= own Java benchmark mean,"predefined pooled_stratified_5fold, seed=42",42,True,experiments/rq0_viability/outputs/canonical_baselines/canonical_oof_snippet_scores.csv
voting_lr_nb_rf,Voting (LR+NB+RF),Voting ensemble (LR+NB+RF),Java,rq0_0196,3,pooled_z_seed42_fold3,0.0,0.3745243321125888,binary: human mean >= own Java benchmark mean,"predefined pooled_stratified_5fold, seed=42",42,True,experiments/rq0_viability/outputs/canonical_baselines/canonical_oof_snippet_scores.csv
voting_lr_nb_rf,Voting (LR+NB+RF),Voting ensemble (LR+NB+RF),Java,rq0_0197,1,pooled_z_seed42_fold1,1.0,0.2205360550128378,binary: human mean >= own Java benchmark mean,"predefined pooled_stratified_5fold, seed=42",42,True,experiments/rq0_viability/outputs/canonical_baselines/canonical_oof_snippet_scores.csv
voting_lr_nb_rf,Voting (LR+NB+RF),Voting ensemble (LR+NB+RF),Java,rq0_0198,4,pooled_z_seed42_fold4,0.0,0.5769145703314842,binary: human mean >= own Java benchmark mean,"predefined pooled_stratified_5fold, seed=42",42,True,experiments/rq0_viability/outputs/canonical_baselines/canonical_oof_snippet_scores.csv
voting_lr_nb_rf,Voting (LR+NB+RF),Voting ensemble (LR+NB+RF),Java,rq0_0199,4,pooled_z_seed42_fold4,1.0,0.8041960337535558,binary: human mean >= own Java benchmark mean,"predefined pooled_stratified_5fold, seed=42",42,True,experiments/rq0_viability/outputs/canonical_baselines/canonical_oof_snippet_scores.csv
voting_lr_nb_rf,Voting (LR+NB+RF),Voting ensemble (LR+NB+RF),Java,rq0_0200,4,pooled_z_seed42_fold4,0.0,0.137152435071353,binary: human mean >= own Java benchmark mean,"predefined pooled_stratified_5fold, seed=42",42,True,experiments/rq0_viability/outputs/canonical_baselines/canonical_oof_snippet_scores.csv
voting_lr_nb_rf,Voting (LR+NB+RF),Voting ensemble (LR+NB+RF),Java,rq0_0201,3,pooled_z_seed42_fold3,0.0,0.0805032380325331,binary: human mean >= own Java benchmark mean,"predefined pooled_stratified_5fold, seed=42",42,True,experiments/rq0_viability/outputs/canonical_baselines/canonical_oof_snippet_scores.csv
voting_lr_nb_rf,Voting (LR+NB+RF),Voting ensemble (LR+NB+RF),Java,rq0_0202,2,pooled_z_seed42_fold2,0.0,0.2270960314128423,binary: human mean >= own Java benchmark mean,"predefined pooled_stratified_5fold, seed=42",42,True,experiments/rq0_viability/outputs/canonical_baselines/canonical_oof_snippet_scores.csv
voting_lr_nb_rf,Voting (LR+NB+RF),Voting ensemble (LR+NB+RF),Java,rq0_0203,3,pooled_z_seed42_fold3,1.0,0.8670795293183483,binary: human mean >= own Java benchmark mean,"predefined pooled_stratified_5fold, seed=42",42,True,experiments/rq0_viability/outputs/canonical_baselines/canonical_oof_snippet_scores.csv
voting_lr_nb_rf,Voting (LR+NB+RF),Voting ensemble (LR+NB+RF),Java,rq0_0204,2,pooled_z_seed42_fold2,1.0,0.3142865443181908,binary: human mean >= own Java benchmark mean,"predefined pooled_stratified_5fold, seed=42",42,True,experiments/rq0_viability/outputs/canonical_baselines/canonical_oof_snippet_scores.csv
voting_lr_nb_rf,Voting (LR+NB+RF),Voting ensemble (LR+NB+RF),Java,rq0_0205,1,pooled_z_seed42_fold1,1.0,0.7563252065527756,binary: human mean >= own Java benchmark mean,"predefined pooled_stratified_5fold, seed=42",42,True,experiments/rq0_viability/outputs/canonical_baselines/canonical_oof_snippet_scores.csv
voting_lr_nb_rf,Voting (LR+NB+RF),Voting ensemble (LR+NB+RF),Java,rq0_0206,2,pooled_z_seed42_fold2,1.0,0.3445018047592695,binary: human mean >= own Java benchmark mean,"predefined pooled_stratified_5fold, seed=42",42,True,experiments/rq0_viability/outputs/canonical_baselines/canonical_oof_snippet_scores.csv
voting_lr_nb_rf,Voting (LR+NB+RF),Voting ensemble (LR+NB+RF),Java,rq0_0207,3,pooled_z_seed42_fold3,1.0,0.7571782833622521,binary: human mean >= own Java benchmark mean,"predefined pooled_stratified_5fold, seed=42",42,True,experiments/rq0_viability/outputs/canonical_baselines/canonical_oof_snippet_scores.csv
voting_lr_nb_rf,Voting (LR+NB+RF),Voting ensemble (LR+NB+RF),Java,rq0_0208,2,pooled_z_seed42_fold2,1.0,0.3321066290416426,binary: human mean >= own Java benchmark mean,"predefined pooled_stratified_5fold, seed=42",42,True,experiments/rq0_viability/outputs/canonical_baselines/canonical_oof_snippet_scores.csv
voting_lr_nb_rf,Voting (LR+NB+RF),Voting ensemble (LR+NB+RF),Java,rq0_0209,2,pooled_z_seed42_fold2,1.0,0.7899340801673072,binary: human mean >= own Java benchmark mean,"predefined pooled_stratified_5fold, seed=42",42,True,experiments/rq0_viability/outputs/canonical_baselines/canonical_oof_snippet_scores.csv
voting_lr_nb_rf,Voting (LR+NB+RF),Voting ensemble (LR+NB+RF),Java,rq0_0210,2,pooled_z_seed42_fold2,1.0,0.1762396427039824,binary: human mean >= own Java benchmark mean,"predefined pooled_stratified_5fold, seed=42",42,True,experiments/rq0_viability/outputs/canonical_baselines/canonical_oof_snippet_scores.csv
voting_lr_nb_rf,Voting (LR+NB+RF),Voting ensemble (LR+NB+RF),Java,rq0_0211,4,pooled_z_seed42_fold4,0.0,0.1151767830985959,binary: human mean >= own Java benchmark mean,"predefined pooled_stratified_5fold, seed=42",42,True,experiments/rq0_viability/outputs/canonical_baselines/canonical_oof_snippet_scores.csv
voting_lr_nb_rf,Voting (LR+NB+RF),Voting ensemble (LR+NB+RF),Java,rq0_0212,1,pooled_z_seed42_fold1,0.0,0.1316300811698734,binary: human mean >= own Java benchmark mean,"predefined pooled_stratified_5fold, seed=42",42,True,experiments/rq0_viability/outputs/canonical_baselines/canonical_oof_snippet_scores.csv
voting_lr_nb_rf,Voting (LR+NB+RF),Voting ensemble (LR+NB+RF),Java,rq0_0213,4,pooled_z_seed42_fold4,0.0,0.1075734196305777,binary: human mean >= own Java benchmark mean,"predefined pooled_stratified_5fold, seed=42",42,True,experiments/rq0_viability/outputs/canonical_baselines/canonical_oof_snippet_scores.csv
voting_lr_nb_rf,Voting (LR+NB+RF),Voting ensemble (LR+NB+RF),Java,rq0_0214,4,pooled_z_seed42_fold4,0.0,0.2019177403613659,binary: human mean >= own Java benchmark mean,"predefined pooled_stratified_5fold, seed=42",42,True,experiments/rq0_viability/outputs/canonical_baselines/canonical_oof_snippet_scores.csv
voting_lr_nb_rf,Voting (LR+NB+RF),Voting ensemble (LR+NB+RF),Java,rq0_0215,1,pooled_z_seed42_fold1,1.0,0.3968920770167264,binary: human mean >= own Java benchmark mean,"predefined pooled_stratified_5fold, seed=42",42,True,experiments/rq0_viability/outputs/canonical_baselines/canonical_oof_snippet_scores.csv
voting_lr_nb_rf,Voting (LR+NB+RF),Voting ensemble (LR+NB+RF),Java,rq0_0216,3,pooled_z_seed42_fold3,1.0,0.3107971823248261,binary: human mean >= own Java benchmark mean,"predefined pooled_stratified_5fold, seed=42",42,True,experiments/rq0_viability/outputs/canonical_baselines/canonical_oof_snippet_scores.csv
voting_lr_nb_rf,Voting (LR+NB+RF),Voting ensemble (LR+NB+RF),Java,rq0_0217,0,pooled_z_seed42_fold0,0.0,0.0733526786200175,binary: human mean >= own Java benchmark mean,"predefined pooled_stratified_5fold, seed=42",42,True,experiments/rq0_viability/outputs/canonical_baselines/canonical_oof_snippet_scores.csv
voting_lr_nb_rf,Voting (LR+NB+RF),Voting ensemble (LR+NB+RF),Java,rq0_0218,2,pooled_z_seed42_fold2,0.0,0.3030167298842197,binary: human mean >= own Java benchmark mean,"predefined pooled_stratified_5fold, seed=42",42,True,experiments/rq0_viability/outputs/canonical_baselines/canonical_oof_snippet_scores.csv
voting_lr_nb_rf,Voting (LR+NB+RF),Voting ensemble (LR+NB+RF),Java,rq0_0219,3,pooled_z_seed42_fold3,1.0,0.2336638520708996,binary: human mean >= own Java benchmark mean,"predefined pooled_stratified_5fold, seed=42",42,True,experiments/rq0_viability/outputs/canonical_baselines/canonical_oof_snippet_scores.csv
voting_lr_nb_rf,Voting (LR+NB+RF),Voting ensemble (LR+NB+RF),Java,rq0_0220,1,pooled_z_seed42_fold1,1.0,0.8009071681013028,binary: human mean >= own Java benchmark mean,"predefined pooled_stratified_5fold, seed=42",42,True,experiments/rq0_viability/outputs/canonical_baselines/canonical_oof_snippet_scores.csv
voting_lr_nb_rf,Voting (LR+NB+RF),Voting ensemble (LR+NB+RF),Java,rq0_0221,3,pooled_z_seed42_fold3,1.0,0.8432000567716234,binary: human mean >= own Java benchmark mean,"predefined pooled_stratified_5fold, seed=42",42,True,experiments/rq0_viability/outputs/canonical_baselines/canonical_oof_snippet_scores.csv
voting_lr_nb_rf,Voting (LR+NB+RF),Voting ensemble (LR+NB+RF),Java,rq0_0222,4,pooled_z_seed42_fold4,1.0,0.2596131421650845,binary: human mean >= own Java benchmark mean,"predefined pooled_stratified_5fold, seed=42",42,True,experiments/rq0_viability/outputs/canonical_baselines/canonical_oof_snippet_scores.csv
voting_lr_nb_rf,Voting (LR+NB+RF),Voting ensemble (LR+NB+RF),Java,rq0_0223,1,pooled_z_seed42_fold1,1.0,0.3345098049714466,binary: human mean >= own Java benchmark mean,"predefined pooled_stratified_5fold, seed=42",42,True,experiments/rq0_viability/outputs/canonical_baselines/canonical_oof_snippet_scores.csv
voting_lr_nb_rf,Voting (LR+NB+RF),Voting ensemble (LR+NB+RF),Java,rq0_0224,3,pooled_z_seed42_fold3,1.0,0.3246380016618268,binary: human mean >= own Java benchmark mean,"predefined pooled_stratified_5fold, seed=42",42,True,experiments/rq0_viability/outputs/canonical_baselines/canonical_oof_snippet_scores.csv
voting_lr_nb_rf,Voting (LR+NB+RF),Voting ensemble (LR+NB+RF),Java,rq0_0225,0,pooled_z_seed42_fold0,0.0,0.1495291249562966,binary: human mean >= own Java benchmark mean,"predefined pooled_stratified_5fold, seed=42",42,True,experiments/rq0_viability/outputs/canonical_baselines/canonical_oof_snippet_scores.csv
voting_lr_nb_rf,Voting (LR+NB+RF),Voting ensemble (LR+NB+RF),Java,rq0_0226,3,pooled_z_seed42_fold3,1.0,0.1773238025417336,binary: human mean >= own Java benchmark mean,"predefined pooled_stratified_5fold, seed=42",42,True,experiments/rq0_viability/outputs/canonical_baselines/canonical_oof_snippet_scores.csv
voting_lr_nb_rf,Voting (LR+NB+RF),Voting ensemble (LR+NB+RF),Java,rq0_0227,1,pooled_z_seed42_fold1,1.0,0.6780526248795048,binary: human mean >= own Java benchmark mean,"predefined pooled_stratified_5fold, seed=42",42,True,experiments/rq0_viability/outputs/canonical_baselines/canonical_oof_snippet_scores.csv
voting_lr_nb_rf,Voting (LR+NB+RF),Voting ensemble (LR+NB+RF),Java,rq0_0228,1,pooled_z_seed42_fold1,0.0,0.3302229967624204,binary: human mean >= own Java benchmark mean,"predefined pooled_stratified_5fold, seed=42",42,True,experiments/rq0_viability/outputs/canonical_baselines/canonical_oof_snippet_scores.csv
voting_lr_nb_rf,Voting (LR+NB+RF),Voting ensemble (LR+NB+RF),Java,rq0_0229,4,pooled_z_seed42_fold4,0.0,0.3921315118983355,binary: human mean >= own Java benchmark mean,"predefined pooled_stratified_5fold, seed=42",42,True,experiments/rq0_viability/outputs/canonical_baselines/canonical_oof_snippet_scores.csv
voting_lr_nb_rf,Voting (LR+NB+RF),Voting ensemble (LR+NB+RF),Java,rq0_0230,2,pooled_z_seed42_fold2,1.0,0.3312696368616392,binary: human mean >= own Java benchmark mean,"predefined pooled_stratified_5fold, seed=42",42,True,experiments/rq0_viability/outputs/canonical_baselines/canonical_oof_snippet_scores.csv
voting_lr_nb_rf,Voting (LR+NB+RF),Voting ensemble (LR+NB+RF),Java,rq0_0231,3,pooled_z_seed42_fold3,0.0,0.1892046131408686,binary: human mean >= own Java benchmark mean,"predefined pooled_stratified_5fold, seed=42",42,True,experiments/rq0_viability/outputs/canonical_baselines/canonical_oof_snippet_scores.csv
voting_lr_nb_rf,Voting (LR+NB+RF),Voting ensemble (LR+NB+RF),Java,rq0_0232,0,pooled_z_seed42_fold0,0.0,0.1667188121479153,binary: human mean >= own Java benchmark mean,"predefined pooled_stratified_5fold, seed=42",42,True,experiments/rq0_viability/outputs/canonical_baselines/canonical_oof_snippet_scores.csv
voting_lr_nb_rf,Voting (LR+NB+RF),Voting ensemble (LR+NB+RF),Java,rq0_0233,4,pooled_z_seed42_fold4,0.0,0.1086177187463304,binary: human mean >= own Java benchmark mean,"predefined pooled_stratified_5fold, seed=42",42,True,experiments/rq0_viability/outputs/canonical_baselines/canonical_oof_snippet_scores.csv
voting_lr_nb_rf,Voting (LR+NB+RF),Voting ensemble (LR+NB+RF),Java,rq0_0234,2,pooled_z_seed42_fold2,1.0,0.1976691449538101,binary: human mean >= own Java benchmark mean,"predefined pooled_stratified_5fold, seed=42",42,True,experiments/rq0_viability/outputs/canonical_baselines/canonical_oof_snippet_scores.csv
voting_lr_nb_rf,Voting (LR+NB+RF),Voting ensemble (LR+NB+RF),Java,rq0_0235,2,pooled_z_seed42_fold2,1.0,0.1663941739113925,binary: human mean >= own Java benchmark mean,"predefined pooled_stratified_5fold, seed=42",42,True,experiments/rq0_viability/outputs/canonical_baselines/canonical_oof_snippet_scores.csv
voting_lr_nb_rf,Voting (LR+NB+RF),Voting ensemble (LR+NB+RF),Java,rq0_0236,2,pooled_z_seed42_fold2,1.0,0.7285737128888948,binary: human mean >= own Java benchmark mean,"predefined pooled_stratified_5fold, seed=42",42,True,experiments/rq0_viability/outputs/canonical_baselines/canonical_oof_snippet_scores.csv
voting_lr_nb_rf,Voting (LR+NB+RF),Voting ensemble (LR+NB+RF),Java,rq0_0237,3,pooled_z_seed42_fold3,0.0,0.1358596998821476,binary: human mean >= own Java benchmark mean,"predefined pooled_stratified_5fold, seed=42",42,True,experiments/rq0_viability/outputs/canonical_baselines/canonical_oof_snippet_scores.csv
voting_lr_nb_rf,Voting (LR+NB+RF),Voting ensemble (LR+NB+RF),Java,rq0_0238,4,pooled_z_seed42_fold4,1.0,0.2591230618657498,binary: human mean >= own Java benchmark mean,"predefined pooled_stratified_5fold, seed=42",42,True,experiments/rq0_viability/outputs/canonical_baselines/canonical_oof_snippet_scores.csv
voting_lr_nb_rf,Voting (LR+NB+RF),Voting ensemble (LR+NB+RF),Java,rq0_0239,2,pooled_z_seed42_fold2,1.0,0.6218651785615302,binary: human mean >= own Java benchmark mean,"predefined pooled_stratified_5fold, seed=42",42,True,experiments/rq0_viability/outputs/canonical_baselines/canonical_oof_snippet_scores.csv
voting_lr_nb_rf,Voting (LR+NB+RF),Voting ensemble (LR+NB+RF),Java,rq0_0240,3,pooled_z_seed42_fold3,1.0,0.2792404399650878,binary: human mean >= own Java benchmark mean,"predefined pooled_stratified_5fold, seed=42",42,True,experiments/rq0_viability/outputs/canonical_baselines/canonical_oof_snippet_scores.csv
voting_lr_nb_rf,Voting (LR+NB+RF),Voting ensemble (LR+NB+RF),Java,rq0_0241,3,pooled_z_seed42_fold3,0.0,0.2549106122590182,binary: human mean >= own Java benchmark mean,"predefined pooled_stratified_5fold, seed=42",42,True,experiments/rq0_viability/outputs/canonical_baselines/canonical_oof_snippet_scores.csv
voting_lr_nb_rf,Voting (LR+NB+RF),Voting ensemble (LR+NB+RF),Java,rq0_0242,1,pooled_z_seed42_fold1,1.0,0.8331948213307813,binary: human mean >= own Java benchmark mean,"predefined pooled_stratified_5fold, seed=42",42,True,experiments/rq0_viability/outputs/canonical_baselines/canonical_oof_snippet_scores.csv
voting_lr_nb_rf,Voting (LR+NB+RF),Voting ensemble (LR+NB+RF),Java,rq0_0243,1,pooled_z_seed42_fold1,1.0,0.7305848661889672,binary: human mean >= own Java benchmark mean,"predefined pooled_stratified_5fold, seed=42",42,True,experiments/rq0_viability/outputs/canonical_baselines/canonical_oof_snippet_scores.csv
voting_lr_nb_rf,Voting (LR+NB+RF),Voting ensemble (LR+NB+RF),Java,rq0_0244,4,pooled_z_seed42_fold4,1.0,0.8147239655347921,binary: human mean >= own Java benchmark mean,"predefined pooled_stratified_5fold, seed=42",42,True,experiments/rq0_viability/outputs/canonical_baselines/canonical_oof_snippet_scores.csv
voting_lr_nb_rf,Voting (LR+NB+RF),Voting ensemble (LR+NB+RF),Java,rq0_0245,2,pooled_z_seed42_fold2,0.0,0.0941816835310804,binary: human mean >= own Java benchmark mean,"predefined pooled_stratified_5fold, seed=42",42,True,experiments/rq0_viability/outputs/canonical_baselines/canonical_oof_snippet_scores.csv
voting_lr_nb_rf,Voting (LR+NB+RF),Voting ensemble (LR+NB+RF),Java,rq0_0246,1,pooled_z_seed42_fold1,1.0,0.7616764931931028,binary: human mean >= own Java benchmark mean,"predefined pooled_stratified_5fold, seed=42",42,True,experiments/rq0_viability/outputs/canonical_baselines/canonical_oof_snippet_scores.csv
voting_lr_nb_rf,Voting (LR+NB+RF),Voting ensemble (LR+NB+RF),Java,rq0_0247,1,pooled_z_seed42_fold1,0.0,0.6452920879878742,binary: human mean >= own Java benchmark mean,"predefined pooled_stratified_5fold, seed=42",42,True,experiments/rq0_viability/outputs/canonical_baselines/canonical_oof_snippet_scores.csv
voting_lr_nb_rf,Voting (LR+NB+RF),Voting ensemble (LR+NB+RF),Java,rq0_0248,0,pooled_z_seed42_fold0,1.0,0.6508429236800689,binary: human mean >= own Java benchmark mean,"predefined pooled_stratified_5fold, seed=42",42,True,experiments/rq0_viability/outputs/canonical_baselines/canonical_oof_snippet_scores.csv
voting_lr_nb_rf,Voting (LR+NB+RF),Voting ensemble (LR+NB+RF),Java,rq0_0249,1,pooled_z_seed42_fold1,0.0,0.1778206099344509,binary: human mean >= own Java benchmark mean,"predefined pooled_stratified_5fold, seed=42",42,True,experiments/rq0_viability/outputs/canonical_baselines/canonical_oof_snippet_scores.csv
voting_lr_nb_rf,Voting (LR+NB+RF),Voting ensemble (LR+NB+RF),Java,rq0_0250,2,pooled_z_seed42_fold2,1.0,0.6927222695529736,binary: human mean >= own Java benchmark mean,"predefined pooled_stratified_5fold, seed=42",42,True,experiments/rq0_viability/outputs/canonical_baselines/canonical_oof_snippet_scores.csv
voting_lr_nb_rf,Voting (LR+NB+RF),Voting ensemble (LR+NB+RF),Java,rq0_0251,3,pooled_z_seed42_fold3,0.0,0.0823584489047926,binary: human mean >= own Java benchmark mean,"predefined pooled_stratified_5fold, seed=42",42,True,experiments/rq0_viability/outputs/canonical_baselines/canonical_oof_snippet_scores.csv
voting_lr_nb_rf,Voting (LR+NB+RF),Voting ensemble (LR+NB+RF),Java,rq0_0252,0,pooled_z_seed42_fold0,1.0,0.6967079805660896,binary: human mean >= own Java benchmark mean,"predefined pooled_stratified_5fold, seed=42",42,True,experiments/rq0_viability/outputs/canonical_baselines/canonical_oof_snippet_scores.csv
voting_lr_nb_rf,Voting (LR+NB+RF),Voting ensemble (LR+NB+RF),Java,rq0_0253,1,pooled_z_seed42_fold1,0.0,0.2225865224485396,binary: human mean >= own Java benchmark mean,"predefined pooled_stratified_5fold, seed=42",42,True,experiments/rq0_viability/outputs/canonical_baselines/canonical_oof_snippet_scores.csv
voting_lr_nb_rf,Voting (LR+NB+RF),Voting ensemble (LR+NB+RF),Java,rq0_0254,2,pooled_z_seed42_fold2,0.0,0.1434908724571909,binary: human mean >= own Java benchmark mean,"predefined pooled_stratified_5fold, seed=42",42,True,experiments/rq0_viability/outputs/canonical_baselines/canonical_oof_snippet_scores.csv
voting_lr_nb_rf,Voting (LR+NB+RF),Voting ensemble (LR+NB+RF),Java,rq0_0255,2,pooled_z_seed42_fold2,1.0,0.5776353980066592,binary: human mean >= own Java benchmark mean,"predefined pooled_stratified_5fold, seed=42",42,True,experiments/rq0_viability/outputs/canonical_baselines/canonical_oof_snippet_scores.csv
voting_lr_nb_rf,Voting (LR+NB+RF),Voting ensemble (LR+NB+RF),Java,rq0_0256,0,pooled_z_seed42_fold0,1.0,0.766761365271813,binary: human mean >= own Java benchmark mean,"predefined pooled_stratified_5fold, seed=42",42,True,experiments/rq0_viability/outputs/canonical_baselines/canonical_oof_snippet_scores.csv
voting_lr_nb_rf,Voting (LR+NB+RF),Voting ensemble (LR+NB+RF),Java,rq0_0257,0,pooled_z_seed42_fold0,1.0,0.3162276120040733,binary: human mean >= own Java benchmark mean,"predefined pooled_stratified_5fold, seed=42",42,True,experiments/rq0_viability/outputs/canonical_baselines/canonical_oof_snippet_scores.csv
voting_lr_nb_rf,Voting (LR+NB+RF),Voting ensemble (LR+NB+RF),Java,rq0_0258,3,pooled_z_seed42_fold3,0.0,0.1100868215681146,binary: human mean >= own Java benchmark mean,"predefined pooled_stratified_5fold, seed=42",42,True,experiments/rq0_viability/outputs/canonical_baselines/canonical_oof_snippet_scores.csv
voting_lr_nb_rf,Voting (LR+NB+RF),Voting ensemble (LR+NB+RF),Java,rq0_0259,1,pooled_z_seed42_fold1,1.0,0.1390217764799779,binary: human mean >= own Java benchmark mean,"predefined pooled_stratified_5fold, seed=42",42,True,experiments/rq0_viability/outputs/canonical_baselines/canonical_oof_snippet_scores.csv
voting_lr_nb_rf,Voting (LR+NB+RF),Voting ensemble (LR+NB+RF),Java,rq0_0260,2,pooled_z_seed42_fold2,0.0,0.1686767005682473,binary: human mean >= own Java benchmark mean,"predefined pooled_stratified_5fold, seed=42",42,True,experiments/rq0_viability/outputs/canonical_baselines/canonical_oof_snippet_scores.csv
voting_lr_nb_rf,Voting (LR+NB+RF),Voting ensemble (LR+NB+RF),Java,rq0_0261,0,pooled_z_seed42_fold0,0.0,0.074226970009016,binary: human mean >= own Java benchmark mean,"predefined pooled_stratified_5fold, seed=42",42,True,experiments/rq0_viability/outputs/canonical_baselines/canonical_oof_snippet_scores.csv
voting_lr_nb_rf,Voting (LR+NB+RF),Voting ensemble (LR+NB+RF),Java,rq0_0262,4,pooled_z_seed42_fold4,0.0,0.2006395018727231,binary: human mean >= own Java benchmark mean,"predefined pooled_stratified_5fold, seed=42",42,True,experiments/rq0_viability/outputs/canonical_baselines/canonical_oof_snippet_scores.csv
voting_lr_nb_rf,Voting (LR+NB+RF),Voting ensemble (LR+NB+RF),Java,rq0_0263,2,pooled_z_seed42_fold2,0.0,0.1938147803919773,binary: human mean >= own Java benchmark mean,"predefined pooled_stratified_5fold, seed=42",42,True,experiments/rq0_viability/outputs/canonical_baselines/canonical_oof_snippet_scores.csv
voting_lr_nb_rf,Voting (LR+NB+RF),Voting ensemble (LR+NB+RF),Java,rq0_0264,3,pooled_z_seed42_fold3,1.0,0.6287060480674497,binary: human mean >= own Java benchmark mean,"predefined pooled_stratified_5fold, seed=42",42,True,experiments/rq0_viability/outputs/canonical_baselines/canonical_oof_snippet_scores.csv
voting_lr_nb_rf,Voting (LR+NB+RF),Voting ensemble (LR+NB+RF),Java,rq0_0265,0,pooled_z_seed42_fold0,1.0,0.8495304897398254,binary: human mean >= own Java benchmark mean,"predefined pooled_stratified_5fold, seed=42",42,True,experiments/rq0_viability/outputs/canonical_baselines/canonical_oof_snippet_scores.csv
voting_lr_nb_rf,Voting (LR+NB+RF),Voting ensemble (LR+NB+RF),Java,rq0_0266,3,pooled_z_seed42_fold3,1.0,0.6963800569180352,binary: human mean >= own Java benchmark mean,"predefined pooled_stratified_5fold, seed=42",42,True,experiments/rq0_viability/outputs/canonical_baselines/canonical_oof_snippet_scores.csv
voting_lr_nb_rf,Voting (LR+NB+RF),Voting ensemble (LR+NB+RF),Java,rq0_0267,3,pooled_z_seed42_fold3,0.0,0.7442657937638021,binary: human mean >= own Java benchmark mean,"predefined pooled_stratified_5fold, seed=42",42,True,experiments/rq0_viability/outputs/canonical_baselines/canonical_oof_snippet_scores.csv
voting_lr_nb_rf,Voting (LR+NB+RF),Voting ensemble (LR+NB+RF),Java,rq0_0268,1,pooled_z_seed42_fold1,0.0,0.5016462328982751,binary: human mean >= own Java benchmark mean,"predefined pooled_stratified_5fold, seed=42",42,True,experiments/rq0_viability/outputs/canonical_baselines/canonical_oof_snippet_scores.csv
voting_lr_nb_rf,Voting (LR+NB+RF),Voting ensemble (LR+NB+RF),Java,rq0_0269,0,pooled_z_seed42_fold0,0.0,0.4489733462120648,binary: human mean >= own Java benchmark mean,"predefined pooled_stratified_5fold, seed=42",42,True,experiments/rq0_viability/outputs/canonical_baselines/canonical_oof_snippet_scores.csv
voting_lr_nb_rf,Voting (LR+NB+RF),Voting ensemble (LR+NB+RF),Java,rq0_0270,3,pooled_z_seed42_fold3,1.0,0.3938477614085238,binary: human mean >= own Java benchmark mean,"predefined pooled_stratified_5fold, seed=42",42,True,experiments/rq0_viability/outputs/canonical_baselines/canonical_oof_snippet_scores.csv
voting_lr_nb_rf,Voting (LR+NB+RF),Voting ensemble (LR+NB+RF),Java,rq0_0271,3,pooled_z_seed42_fold3,1.0,0.2805348197001178,binary: human mean >= own Java benchmark mean,"predefined pooled_stratified_5fold, seed=42",42,True,experiments/rq0_viability/outputs/canonical_baselines/canonical_oof_snippet_scores.csv
voting_lr_nb_rf,Voting (LR+NB+RF),Voting ensemble (LR+NB+RF),Java,rq0_0272,0,pooled_z_seed42_fold0,1.0,0.5951672329416454,binary: human mean >= own Java benchmark mean,"predefined pooled_stratified_5fold, seed=42",42,True,experiments/rq0_viability/outputs/canonical_baselines/canonical_oof_snippet_scores.csv
voting_lr_nb_rf,Voting (LR+NB+RF),Voting ensemble (LR+NB+RF),Java,rq0_0273,1,pooled_z_seed42_fold1,0.0,0.252210870596192,binary: human mean >= own Java benchmark mean,"predefined pooled_stratified_5fold, seed=42",42,True,experiments/rq0_viability/outputs/canonical_baselines/canonical_oof_snippet_scores.csv
voting_lr_nb_rf,Voting (LR+NB+RF),Voting ensemble (LR+NB+RF),Java,rq0_0274,1,pooled_z_seed42_fold1,0.0,0.5001737542374632,binary: human mean >= own Java benchmark mean,"predefined pooled_stratified_5fold, seed=42",42,True,experiments/rq0_viability/outputs/canonical_baselines/canonical_oof_snippet_scores.csv
voting_lr_nb_rf,Voting (LR+NB+RF),Voting ensemble (LR+NB+RF),Java,rq0_0275,4,pooled_z_seed42_fold4,1.0,0.6647600407774596,binary: human mean >= own Java benchmark mean,"predefined pooled_stratified_5fold, seed=42",42,True,experiments/rq0_viability/outputs/canonical_baselines/canonical_oof_snippet_scores.csv
voting_lr_nb_rf,Voting (LR+NB+RF),Voting ensemble (LR+NB+RF),Java,rq0_0276,1,pooled_z_seed42_fold1,0.0,0.1420658569780375,binary: human mean >= own Java benchmark mean,"predefined pooled_stratified_5fold, seed=42",42,True,experiments/rq0_viability/outputs/canonical_baselines/canonical_oof_snippet_scores.csv
voting_lr_nb_rf,Voting (LR+NB+RF),Voting ensemble (LR+NB+RF),Java,rq0_0277,2,pooled_z_seed42_fold2,0.0,0.2203805441676034,binary: human mean >= own Java benchmark mean,"predefined pooled_stratified_5fold, seed=42",42,True,experiments/rq0_viability/outputs/canonical_baselines/canonical_oof_snippet_scores.csv
voting_lr_nb_rf,Voting (LR+NB+RF),Voting ensemble (LR+NB+RF),Java,rq0_0278,0,pooled_z_seed42_fold0,0.0,0.2565951085501566,binary: human mean >= own Java benchmark mean,"predefined pooled_stratified_5fold, seed=42",42,True,experiments/rq0_viability/outputs/canonical_baselines/canonical_oof_snippet_scores.csv
voting_lr_nb_rf,Voting (LR+NB+RF),Voting ensemble (LR+NB+RF),Java,rq0_0279,2,pooled_z_seed42_fold2,1.0,0.3004475030995645,binary: human mean >= own Java benchmark mean,"predefined pooled_stratified_5fold, seed=42",42,True,experiments/rq0_viability/outputs/canonical_baselines/canonical_oof_snippet_scores.csv
voting_lr_nb_rf,Voting (LR+NB+RF),Voting ensemble (LR+NB+RF),Java,rq0_0280,4,pooled_z_seed42_fold4,1.0,0.8046430410428336,binary: human mean >= own Java benchmark mean,"predefined pooled_stratified_5fold, seed=42",42,True,experiments/rq0_viability/outputs/canonical_baselines/canonical_oof_snippet_scores.csv
voting_lr_nb_rf,Voting (LR+NB+RF),Voting ensemble (LR+NB+RF),Java,rq0_0281,4,pooled_z_seed42_fold4,0.0,0.6862679235909318,binary: human mean >= own Java benchmark mean,"predefined pooled_stratified_5fold, seed=42",42,True,experiments/rq0_viability/outputs/canonical_baselines/canonical_oof_snippet_scores.csv
voting_lr_nb_rf,Voting (LR+NB+RF),Voting ensemble (LR+NB+RF),Java,rq0_0282,4,pooled_z_seed42_fold4,1.0,0.1678679860080068,binary: human mean >= own Java benchmark mean,"predefined pooled_stratified_5fold, seed=42",42,True,experiments/rq0_viability/outputs/canonical_baselines/canonical_oof_snippet_scores.csv
voting_lr_nb_rf,Voting (LR+NB+RF),Voting ensemble (LR+NB+RF),Java,rq0_0283,4,pooled_z_seed42_fold4,0.0,0.1093100812400412,binary: human mean >= own Java benchmark mean,"predefined pooled_stratified_5fold, seed=42",42,True,experiments/rq0_viability/outputs/canonical_baselines/canonical_oof_snippet_scores.csv
voting_lr_nb_rf,Voting (LR+NB+RF),Voting ensemble (LR+NB+RF),Java,rq0_0284,3,pooled_z_seed42_fold3,0.0,0.0707247091831135,binary: human mean >= own Java benchmark mean,"predefined pooled_stratified_5fold, seed=42",42,True,experiments/rq0_viability/outputs/canonical_baselines/canonical_oof_snippet_scores.csv
voting_lr_nb_rf,Voting (LR+NB+RF),Voting ensemble (LR+NB+RF),Java,rq0_0285,4,pooled_z_seed42_fold4,0.0,0.6134686195342952,binary: human mean >= own Java benchmark mean,"predefined pooled_stratified_5fold, seed=42",42,True,experiments/rq0_viability/outputs/canonical_baselines/canonical_oof_snippet_scores.csv
voting_lr_nb_rf,Voting (LR+NB+RF),Voting ensemble (LR+NB+RF),Java,rq0_0286,4,pooled_z_seed42_fold4,0.0,0.2323175905957771,binary: human mean >= own Java benchmark mean,"predefined pooled_stratified_5fold, seed=42",42,True,experiments/rq0_viability/outputs/canonical_baselines/canonical_oof_snippet_scores.csv
voting_lr_nb_rf,Voting (LR+NB+RF),Voting ensemble (LR+NB+RF),Java,rq0_0287,0,pooled_z_seed42_fold0,1.0,0.7698556775373707,binary: human mean >= own Java benchmark mean,"predefined pooled_stratified_5fold, seed=42",42,True,experiments/rq0_viability/outputs/canonical_baselines/canonical_oof_snippet_scores.csv
voting_lr_nb_rf,Voting (LR+NB+RF),Voting ensemble (LR+NB+RF),Java,rq0_0288,3,pooled_z_seed42_fold3,1.0,0.2546508115026965,binary: human mean >= own Java benchmark mean,"predefined pooled_stratified_5fold, seed=42",42,True,experiments/rq0_viability/outputs/canonical_baselines/canonical_oof_snippet_scores.csv
voting_lr_nb_rf,Voting (LR+NB+RF),Voting ensemble (LR+NB+RF),Java,rq0_0289,0,pooled_z_seed42_fold0,1.0,0.2438320128048711,binary: human mean >= own Java benchmark mean,"predefined pooled_stratified_5fold, seed=42",42,True,experiments/rq0_viability/outputs/canonical_baselines/canonical_oof_snippet_scores.csv
voting_lr_nb_rf,Voting (LR+NB+RF),Voting ensemble (LR+NB+RF),Java,rq0_0290,1,pooled_z_seed42_fold1,1.0,0.7916004151672239,binary: human mean >= own Java benchmark mean,"predefined pooled_stratified_5fold, seed=42",42,True,experiments/rq0_viability/outputs/canonical_baselines/canonical_oof_snippet_scores.csv
voting_lr_nb_rf,Voting (LR+NB+RF),Voting ensemble (LR+NB+RF),Java,rq0_0291,1,pooled_z_seed42_fold1,0.0,0.1084297297717949,binary: human mean >= own Java benchmark mean,"predefined pooled_stratified_5fold, seed=42",42,True,experiments/rq0_viability/outputs/canonical_baselines/canonical_oof_snippet_scores.csv
voting_lr_nb_rf,Voting (LR+NB+RF),Voting ensemble (LR+NB+RF),Java,rq0_0292,1,pooled_z_seed42_fold1,0.0,0.0788771317163415,binary: human mean >= own Java benchmark mean,"predefined pooled_stratified_5fold, seed=42",42,True,experiments/rq0_viability/outputs/canonical_baselines/canonical_oof_snippet_scores.csv
voting_lr_nb_rf,Voting (LR+NB+RF),Voting ensemble (LR+NB+RF),Java,rq0_0293,2,pooled_z_seed42_fold2,0.0,0.8536883835522656,binary: human mean >= own Java benchmark mean,"predefined pooled_stratified_5fold, seed=42",42,True,experiments/rq0_viability/outputs/canonical_baselines/canonical_oof_snippet_scores.csv
voting_lr_nb_rf,Voting (LR+NB+RF),Voting ensemble (LR+NB+RF),Java,rq0_0294,4,pooled_z_seed42_fold4,0.0,0.1957089782857119,binary: human mean >= own Java benchmark mean,"predefined pooled_stratified_5fold, seed=42",42,True,experiments/rq0_viability/outputs/canonical_baselines/canonical_oof_snippet_scores.csv
voting_lr_nb_rf,Voting (LR+NB+RF),Voting ensemble (LR+NB+RF),Java,rq0_0295,3,pooled_z_seed42_fold3,0.0,0.2661687084087076,binary: human mean >= own Java benchmark mean,"predefined pooled_stratified_5fold, seed=42",42,True,experiments/rq0_viability/outputs/canonical_baselines/canonical_oof_snippet_scores.csv
voting_lr_nb_rf,Voting (LR+NB+RF),Voting ensemble (LR+NB+RF),Java,rq0_0296,1,pooled_z_seed42_fold1,1.0,0.4956432399622326,binary: human mean >= own Java benchmark mean,"predefined pooled_stratified_5fold, seed=42",42,True,experiments/rq0_viability/outputs/canonical_baselines/canonical_oof_snippet_scores.csv
voting_lr_nb_rf,Voting (LR+NB+RF),Voting ensemble (LR+NB+RF),Java,rq0_0297,4,pooled_z_seed42_fold4,1.0,0.7043435567070359,binary: human mean >= own Java benchmark mean,"predefined pooled_stratified_5fold, seed=42",42,True,experiments/rq0_viability/outputs/canonical_baselines/canonical_oof_snippet_scores.csv
voting_lr_nb_rf,Voting (LR+NB+RF),Voting ensemble (LR+NB+RF),Java,rq0_0298,0,pooled_z_seed42_fold0,0.0,0.1605141683348959,binary: human mean >= own Java benchmark mean,"predefined pooled_stratified_5fold, seed=42",42,True,experiments/rq0_viability/outputs/canonical_baselines/canonical_oof_snippet_scores.csv
voting_lr_nb_rf,Voting (LR+NB+RF),Voting ensemble (LR+NB+RF),Java,rq0_0299,2,pooled_z_seed42_fold2,1.0,0.3682244290296714,binary: human mean >= own Java benchmark mean,"predefined pooled_stratified_5fold, seed=42",42,True,experiments/rq0_viability/outputs/canonical_baselines/canonical_oof_snippet_scores.csv
voting_lr_nb_rf,Voting (LR+NB+RF),Voting ensemble (LR+NB+RF),Java,rq0_0300,0,pooled_z_seed42_fold0,0.0,0.1916841310220899,binary: human mean >= own Java benchmark mean,"predefined pooled_stratified_5fold, seed=42",42,True,experiments/rq0_viability/outputs/canonical_baselines/canonical_oof_snippet_scores.csv
voting_lr_nb_rf,Voting (LR+NB+RF),Voting ensemble (LR+NB+RF),Java,rq0_0301,1,pooled_z_seed42_fold1,0.0,0.1193666935364022,binary: human mean >= own Java benchmark mean,"predefined pooled_stratified_5fold, seed=42",42,True,experiments/rq0_viability/outputs/canonical_baselines/canonical_oof_snippet_scores.csv
voting_lr_nb_rf,Voting (LR+NB+RF),Voting ensemble (LR+NB+RF),Java,rq0_0302,3,pooled_z_seed42_fold3,0.0,0.4443811376540185,binary: human mean >= own Java benchmark mean,"predefined pooled_stratified_5fold, seed=42",42,True,experiments/rq0_viability/outputs/canonical_baselines/canonical_oof_snippet_scores.csv
voting_lr_nb_rf,Voting (LR+NB+RF),Voting ensemble (LR+NB+RF),Java,rq0_0303,0,pooled_z_seed42_fold0,0.0,0.0922649679259903,binary: human mean >= own Java benchmark mean,"predefined pooled_stratified_5fold, seed=42",42,True,experiments/rq0_viability/outputs/canonical_baselines/canonical_oof_snippet_scores.csv
voting_lr_nb_rf,Voting (LR+NB+RF),Voting ensemble (LR+NB+RF),Java,rq0_0304,0,pooled_z_seed42_fold0,1.0,0.4813346153263287,binary: human mean >= own Java benchmark mean,"predefined pooled_stratified_5fold, seed=42",42,True,experiments/rq0_viability/outputs/canonical_baselines/canonical_oof_snippet_scores.csv
voting_lr_nb_rf,Voting (LR+NB+RF),Voting ensemble (LR+NB+RF),Java,rq0_0305,1,pooled_z_seed42_fold1,1.0,0.6773812266981065,binary: human mean >= own Java benchmark mean,"predefined pooled_stratified_5fold, seed=42",42,True,experiments/rq0_viability/outputs/canonical_baselines/canonical_oof_snippet_scores.csv
voting_lr_nb_rf,Voting (LR+NB+RF),Voting ensemble (LR+NB+RF),Java,rq0_0306,0,pooled_z_seed42_fold0,1.0,0.7572431637414098,binary: human mean >= own Java benchmark mean,"predefined pooled_stratified_5fold, seed=42",42,True,experiments/rq0_viability/outputs/canonical_baselines/canonical_oof_snippet_scores.csv
voting_lr_nb_rf,Voting (LR+NB+RF),Voting ensemble (LR+NB+RF),Java,rq0_0307,4,pooled_z_seed42_fold4,1.0,0.3978067703809461,binary: human mean >= own Java benchmark mean,"predefined pooled_stratified_5fold, seed=42",42,True,experiments/rq0_viability/outputs/canonical_baselines/canonical_oof_snippet_scores.csv
voting_lr_nb_rf,Voting (LR+NB+RF),Voting ensemble (LR+NB+RF),Java,rq0_0308,0,pooled_z_seed42_fold0,0.0,0.6105747722333522,binary: human mean >= own Java benchmark mean,"predefined pooled_stratified_5fold, seed=42",42,True,experiments/rq0_viability/outputs/canonical_baselines/canonical_oof_snippet_scores.csv
voting_lr_nb_rf,Voting (LR+NB+RF),Voting ensemble (LR+NB+RF),Java,rq0_0309,2,pooled_z_seed42_fold2,0.0,0.0984230131556439,binary: human mean >= own Java benchmark mean,"predefined pooled_stratified_5fold, seed=42",42,True,experiments/rq0_viability/outputs/canonical_baselines/canonical_oof_snippet_scores.csv
voting_lr_nb_rf,Voting (LR+NB+RF),Voting ensemble (LR+NB+RF),Java,rq0_0310,4,pooled_z_seed42_fold4,0.0,0.6089463225110988,binary: human mean >= own Java benchmark mean,"predefined pooled_stratified_5fold, seed=42",42,True,experiments/rq0_viability/outputs/canonical_baselines/canonical_oof_snippet_scores.csv
voting_lr_nb_rf,Voting (LR+NB+RF),Voting ensemble (LR+NB+RF),Java,rq0_0311,0,pooled_z_seed42_fold0,0.0,0.1345793814639355,binary: human mean >= own Java benchmark mean,"predefined pooled_stratified_5fold, seed=42",42,True,experiments/rq0_viability/outputs/canonical_baselines/canonical_oof_snippet_scores.csv
voting_lr_nb_rf,Voting (LR+NB+RF),Voting ensemble (LR+NB+RF),Java,rq0_0312,1,pooled_z_seed42_fold1,0.0,0.1457075346301055,binary: human mean >= own Java benchmark mean,"predefined pooled_stratified_5fold, seed=42",42,True,experiments/rq0_viability/outputs/canonical_baselines/canonical_oof_snippet_scores.csv
voting_lr_nb_rf,Voting (LR+NB+RF),Voting ensemble (LR+NB+RF),Python,dorn_python_000,1,python_fold1,0.0,0.1004174204691238,binary: human mean >= within-language mean,"StratifiedGroupKFold(n_splits=5, shuffle=True, random_state=42); formatting hash groups",42,True,results/dataset_extension_20260713/data/oof_canonical_predictions.csv
voting_lr_nb_rf,Voting (LR+NB+RF),Voting ensemble (LR+NB+RF),Python,dorn_python_001,4,python_fold4,0.0,0.7133962244658761,binary: human mean >= within-language mean,"StratifiedGroupKFold(n_splits=5, shuffle=True, random_state=42); formatting hash groups",42,True,results/dataset_extension_20260713/data/oof_canonical_predictions.csv
voting_lr_nb_rf,Voting (LR+NB+RF),Voting ensemble (LR+NB+RF),Python,dorn_python_002,3,python_fold3,1.0,0.471546215755851,binary: human mean >= within-language mean,"StratifiedGroupKFold(n_splits=5, shuffle=True, random_state=42); formatting hash groups",42,True,results/dataset_extension_20260713/data/oof_canonical_predictions.csv
voting_lr_nb_rf,Voting (LR+NB+RF),Voting ensemble (LR+NB+RF),Python,dorn_python_003,0,python_fold0,0.0,0.0826357568701079,binary: human mean >= within-language mean,"StratifiedGroupKFold(n_splits=5, shuffle=True, random_state=42); formatting hash groups",42,True,results/dataset_extension_20260713/data/oof_canonical_predictions.csv
voting_lr_nb_rf,Voting (LR+NB+RF),Voting ensemble (LR+NB+RF),Python,dorn_python_004,1,python_fold1,0.0,0.1496969867111596,binary: human mean >= within-language mean,"StratifiedGroupKFold(n_splits=5, shuffle=True, random_state=42); formatting hash groups",42,True,results/dataset_extension_20260713/data/oof_canonical_predictions.csv
voting_lr_nb_rf,Voting (LR+NB+RF),Voting ensemble (LR+NB+RF),Python,dorn_python_005,3,python_fold3,1.0,0.3309488454058971,binary: human mean >= within-language mean,"StratifiedGroupKFold(n_splits=5, shuffle=True, random_state=42); formatting hash groups",42,True,results/dataset_extension_20260713/data/oof_canonical_predictions.csv
voting_lr_nb_rf,Voting (LR+NB+RF),Voting ensemble (LR+NB+RF),Python,dorn_python_006,3,python_fold3,0.0,0.8622177521607929,binary: human mean >= within-language mean,"StratifiedGroupKFold(n_splits=5, shuffle=True, random_state=42); formatting hash groups",42,True,results/dataset_extension_20260713/data/oof_canonical_predictions.csv
voting_lr_nb_rf,Voting (LR+NB+RF),Voting ensemble (LR+NB+RF),Python,dorn_python_007,3,python_fold3,0.0,0.8560898438097548,binary: human mean >= within-language mean,"StratifiedGroupKFold(n_splits=5, shuffle=True, random_state=42); formatting hash groups",42,True,results/dataset_extension_20260713/data/oof_canonical_predictions.csv
voting_lr_nb_rf,Voting (LR+NB+RF),Voting ensemble (LR+NB+RF),Python,dorn_python_008,3,python_fold3,0.0,0.4353209038750072,binary: human mean >= within-language mean,"StratifiedGroupKFold(n_splits=5, shuffle=True, random_state=42); formatting hash groups",42,True,results/dataset_extension_20260713/data/oof_canonical_predictions.csv
voting_lr_nb_rf,Voting (LR+NB+RF),Voting ensemble (LR+NB+RF),Python,dorn_python_009,2,python_fold2,1.0,0.1686194286417157,binary: human mean >= within-language mean,"StratifiedGroupKFold(n_splits=5, shuffle=True, random_state=42); formatting hash groups",42,True,results/dataset_extension_20260713/data/oof_canonical_predictions.csv
voting_lr_nb_rf,Voting (LR+NB+RF),Voting ensemble (LR+NB+RF),Python,dorn_python_010,1,python_fold1,1.0,0.6874652846828128,binary: human mean >= within-language mean,"StratifiedGroupKFold(n_splits=5, shuffle=True, random_state=42); formatting hash groups",42,True,results/dataset_extension_20260713/data/oof_canonical_predictions.csv
voting_lr_nb_rf,Voting (LR+NB+RF),Voting ensemble (LR+NB+RF),Python,dorn_python_011,4,python_fold4,1.0,0.852834675560409,binary: human mean >= within-language mean,"StratifiedGroupKFold(n_splits=5, shuffle=True, random_state=42); formatting hash groups",42,True,results/dataset_extension_20260713/data/oof_canonical_predictions.csv
voting_lr_nb_rf,Voting (LR+NB+RF),Voting ensemble (LR+NB+RF),Python,dorn_python_012,2,python_fold2,1.0,0.749636707574893,binary: human mean >= within-language mean,"StratifiedGroupKFold(n_splits=5, shuffle=True, random_state=42); formatting hash groups",42,True,results/dataset_extension_20260713/data/oof_canonical_predictions.csv
voting_lr_nb_rf,Voting (LR+NB+RF),Voting ensemble (LR+NB+RF),Python,dorn_python_013,1,python_fold1,0.0,0.7835841711443221,binary: human mean >= within-language mean,"StratifiedGroupKFold(n_splits=5, shuffle=True, random_state=42); formatting hash groups",42,True,results/dataset_extension_20260713/data/oof_canonical_predictions.csv
voting_lr_nb_rf,Voting (LR+NB+RF),Voting ensemble (LR+NB+RF),Python,dorn_python_014,3,python_fold3,0.0,0.0687220918079795,binary: human mean >= within-language mean,"StratifiedGroupKFold(n_splits=5, shuffle=True, random_state=42); formatting hash groups",42,True,results/dataset_extension_20260713/data/oof_canonical_predictions.csv
voting_lr_nb_rf,Voting (LR+NB+RF),Voting ensemble (LR+NB+RF),Python,dorn_python_015,4,python_fold4,1.0,0.7981671148407301,binary: human mean >= within-language mean,"StratifiedGroupKFold(n_splits=5, shuffle=True, random_state=42); formatting hash groups",42,True,results/dataset_extension_20260713/data/oof_canonical_predictions.csv
voting_lr_nb_rf,Voting (LR+NB+RF),Voting ensemble (LR+NB+RF),Python,dorn_python_016,2,python_fold2,0.0,0.2353869334674015,binary: human mean >= within-language mean,"StratifiedGroupKFold(n_splits=5, shuffle=True, random_state=42); formatting hash groups",42,True,results/dataset_extension_20260713/data/oof_canonical_predictions.csv
voting_lr_nb_rf,Voting (LR+NB+RF),Voting ensemble (LR+NB+RF),Python,dorn_python_017,1,python_fold1,0.0,0.1230138937221969,binary: human mean >= within-language mean,"StratifiedGroupKFold(n_splits=5, shuffle=True, random_state=42); formatting hash groups",42,True,results/dataset_extension_20260713/data/oof_canonical_predictions.csv
voting_lr_nb_rf,Voting (LR+NB+RF),Voting ensemble (LR+NB+RF),Python,dorn_python_018,4,python_fold4,1.0,0.6304431754858073,binary: human mean >= within-language mean,"StratifiedGroupKFold(n_splits=5, shuffle=True, random_state=42); formatting hash groups",42,True,results/dataset_extension_20260713/data/oof_canonical_predictions.csv
voting_lr_nb_rf,Voting (LR+NB+RF),Voting ensemble (LR+NB+RF),Python,dorn_python_019,4,python_fold4,0.0,0.1120938079145842,binary: human mean >= within-language mean,"StratifiedGroupKFold(n_splits=5, shuffle=True, random_state=42); formatting hash groups",42,True,results/dataset_extension_20260713/data/oof_canonical_predictions.csv
voting_lr_nb_rf,Voting (LR+NB+RF),Voting ensemble (LR+NB+RF),Python,dorn_python_020,0,python_fold0,0.0,0.5742577227355735,binary: human mean >= within-language mean,"StratifiedGroupKFold(n_splits=5, shuffle=True, random_state=42); formatting hash groups",42,True,results/dataset_extension_20260713/data/oof_canonical_predictions.csv
voting_lr_nb_rf,Voting (LR+NB+RF),Voting ensemble (LR+NB+RF),Python,dorn_python_021,1,python_fold1,1.0,0.605672234879342,binary: human mean >= within-language mean,"StratifiedGroupKFold(n_splits=5, shuffle=True, random_state=42); formatting hash groups",42,True,results/dataset_extension_20260713/data/oof_canonical_predictions.csv
voting_lr_nb_rf,Voting (LR+NB+RF),Voting ensemble (LR+NB+RF),Python,dorn_python_022,0,python_fold0,1.0,0.8817904317874827,binary: human mean >= within-language mean,"StratifiedGroupKFold(n_splits=5, shuffle=True, random_state=42); formatting hash groups",42,True,results/dataset_extension_20260713/data/oof_canonical_predictions.csv
voting_lr_nb_rf,Voting (LR+NB+RF),Voting ensemble (LR+NB+RF),Python,dorn_python_023,1,python_fold1,0.0,0.6168749128389993,binary: human mean >= within-language mean,"StratifiedGroupKFold(n_splits=5, shuffle=True, random_state=42); formatting hash groups",42,True,results/dataset_extension_20260713/data/oof_canonical_predictions.csv
voting_lr_nb_rf,Voting (LR+NB+RF),Voting ensemble (LR+NB+RF),Python,dorn_python_024,3,python_fold3,1.0,0.5480128659085449,binary: human mean >= within-language mean,"StratifiedGroupKFold(n_splits=5, shuffle=True, random_state=42); formatting hash groups",42,True,results/dataset_extension_20260713/data/oof_canonical_predictions.csv
voting_lr_nb_rf,Voting (LR+NB+RF),Voting ensemble (LR+NB+RF),Python,dorn_python_025,0,python_fold0,0.0,0.8094176584231988,binary: human mean >= within-language mean,"StratifiedGroupKFold(n_splits=5, shuffle=True, random_state=42); formatting hash groups",42,True,results/dataset_extension_20260713/data/oof_canonical_predictions.csv
voting_lr_nb_rf,Voting (LR+NB+RF),Voting ensemble (LR+NB+RF),Python,dorn_python_026,4,python_fold4,0.0,0.4119919724444052,binary: human mean >= within-language mean,"StratifiedGroupKFold(n_splits=5, shuffle=True, random_state=42); formatting hash groups",42,True,results/dataset_extension_20260713/data/oof_canonical_predictions.csv
voting_lr_nb_rf,Voting (LR+NB+RF),Voting ensemble (LR+NB+RF),Python,dorn_python_027,2,python_fold2,1.0,0.7134145250332119,binary: human mean >= within-language mean,"StratifiedGroupKFold(n_splits=5, shuffle=True, random_state=42); formatting hash groups",42,True,results/dataset_extension_20260713/data/oof_canonical_predictions.csv
voting_lr_nb_rf,Voting (LR+NB+RF),Voting ensemble (LR+NB+RF),Python,dorn_python_028,2,python_fold2,1.0,0.3927660625599496,binary: human mean >= within-language mean,"StratifiedGroupKFold(n_splits=5, shuffle=True, random_state=42); formatting hash groups",42,True,results/dataset_extension_20260713/data/oof_canonical_predictions.csv
voting_lr_nb_rf,Voting (LR+NB+RF),Voting ensemble (LR+NB+RF),Python,dorn_python_029,1,python_fold1,0.0,0.5655521160016944,binary: human mean >= within-language mean,"StratifiedGroupKFold(n_splits=5, shuffle=True, random_state=42); formatting hash groups",42,True,results/dataset_extension_20260713/data/oof_canonical_predictions.csv
voting_lr_nb_rf,Voting (LR+NB+RF),Voting ensemble (LR+NB+RF),Python,dorn_python_030,0,python_fold0,1.0,0.4495009634942797,binary: human mean >= within-language mean,"StratifiedGroupKFold(n_splits=5, shuffle=True, random_state=42); formatting hash groups",42,True,results/dataset_extension_20260713/data/oof_canonical_predictions.csv
voting_lr_nb_rf,Voting (LR+NB+RF),Voting ensemble (LR+NB+RF),Python,dorn_python_031,3,python_fold3,0.0,0.1356622068318446,binary: human mean >= within-language mean,"StratifiedGroupKFold(n_splits=5, shuffle=True, random_state=42); formatting hash groups",42,True,results/dataset_extension_20260713/data/oof_canonical_predictions.csv
voting_lr_nb_rf,Voting (LR+NB+RF),Voting ensemble (LR+NB+RF),Python,dorn_python_032,2,python_fold2,1.0,0.401587920898219,binary: human mean >= within-language mean,"StratifiedGroupKFold(n_splits=5, shuffle=True, random_state=42); formatting hash groups",42,True,results/dataset_extension_20260713/data/oof_canonical_predictions.csv
voting_lr_nb_rf,Voting (LR+NB+RF),Voting ensemble (LR+NB+RF),Python,dorn_python_033,2,python_fold2,0.0,0.2774745077175821,binary: human mean >= within-language mean,"StratifiedGroupKFold(n_splits=5, shuffle=True, random_state=42); formatting hash groups",42,True,results/dataset_extension_20260713/data/oof_canonical_predictions.csv
voting_lr_nb_rf,Voting (LR+NB+RF),Voting ensemble (LR+NB+RF),Python,dorn_python_034,2,python_fold2,1.0,0.8038457461709817,binary: human mean >= within-language mean,"StratifiedGroupKFold(n_splits=5, shuffle=True, random_state=42); formatting hash groups",42,True,results/dataset_extension_20260713/data/oof_canonical_predictions.csv
voting_lr_nb_rf,Voting (LR+NB+RF),Voting ensemble (LR+NB+RF),Python,dorn_python_035,2,python_fold2,0.0,0.7495889545628134,binary: human mean >= within-language mean,"StratifiedGroupKFold(n_splits=5, shuffle=True, random_state=42); formatting hash groups",42,True,results/dataset_extension_20260713/data/oof_canonical_predictions.csv
voting_lr_nb_rf,Voting (LR+NB+RF),Voting ensemble (LR+NB+RF),Python,dorn_python_036,1,python_fold1,0.0,0.7573023117564879,binary: human mean >= within-language mean,"StratifiedGroupKFold(n_splits=5, shuffle=True, random_state=42); formatting hash groups",42,True,results/dataset_extension_20260713/data/oof_canonical_predictions.csv
voting_lr_nb_rf,Voting (LR+NB+RF),Voting ensemble (LR+NB+RF),Python,dorn_python_037,4,python_fold4,0.0,0.1297814778993162,binary: human mean >= within-language mean,"StratifiedGroupKFold(n_splits=5, shuffle=True, random_state=42); formatting hash groups",42,True,results/dataset_extension_20260713/data/oof_canonical_predictions.csv
voting_lr_nb_rf,Voting (LR+NB+RF),Voting ensemble (LR+NB+RF),Python,dorn_python_038,0,python_fold0,0.0,0.8228209526080182,binary: human mean >= within-language mean,"StratifiedGroupKFold(n_splits=5, shuffle=True, random_state=42); formatting hash groups",42,True,results/dataset_extension_20260713/data/oof_canonical_predictions.csv
voting_lr_nb_rf,Voting (LR+NB+RF),Voting ensemble (LR+NB+RF),Python,dorn_python_039,2,python_fold2,1.0,0.3312813326515624,binary: human mean >= within-language mean,"StratifiedGroupKFold(n_splits=5, shuffle=True, random_state=42); formatting hash groups",42,True,results/dataset_extension_20260713/data/oof_canonical_predictions.csv
voting_lr_nb_rf,Voting (LR+NB+RF),Voting ensemble (LR+NB+RF),Python,dorn_python_040,4,python_fold4,1.0,0.6334179741646464,binary: human mean >= within-language mean,"StratifiedGroupKFold(n_splits=5, shuffle=True, random_state=42); formatting hash groups",42,True,results/dataset_extension_20260713/data/oof_canonical_predictions.csv
voting_lr_nb_rf,Voting (LR+NB+RF),Voting ensemble (LR+NB+RF),Python,dorn_python_041,3,python_fold3,1.0,0.6292830032418898,binary: human mean >= within-language mean,"StratifiedGroupKFold(n_splits=5, shuffle=True, random_state=42); formatting hash groups",42,True,results/dataset_extension_20260713/data/oof_canonical_predictions.csv
voting_lr_nb_rf,Voting (LR+NB+RF),Voting ensemble (LR+NB+RF),Python,dorn_python_042,3,python_fold3,1.0,0.2099054624312712,binary: human mean >= within-language mean,"StratifiedGroupKFold(n_splits=5, shuffle=True, random_state=42); formatting hash groups",42,True,results/dataset_extension_20260713/data/oof_canonical_predictions.csv
voting_lr_nb_rf,Voting (LR+NB+RF),Voting ensemble (LR+NB+RF),Python,dorn_python_043,3,python_fold3,0.0,0.075898548835542,binary: human mean >= within-language mean,"StratifiedGroupKFold(n_splits=5, shuffle=True, random_state=42); formatting hash groups",42,True,results/dataset_extension_20260713/data/oof_canonical_predictions.csv
voting_lr_nb_rf,Voting (LR+NB+RF),Voting ensemble (LR+NB+RF),Python,dorn_python_044,1,python_fold1,1.0,0.8455479559483384,binary: human mean >= within-language mean,"StratifiedGroupKFold(n_splits=5, shuffle=True, random_state=42); formatting hash groups",42,True,results/dataset_extension_20260713/data/oof_canonical_predictions.csv
voting_lr_nb_rf,Voting (LR+NB+RF),Voting ensemble (LR+NB+RF),Python,dorn_python_045,0,python_fold0,1.0,0.8608439298807916,binary: human mean >= within-language mean,"StratifiedGroupKFold(n_splits=5, shuffle=True, random_state=42); formatting hash groups",42,True,results/dataset_extension_20260713/data/oof_canonical_predictions.csv
voting_lr_nb_rf,Voting (LR+NB+RF),Voting ensemble (LR+NB+RF),Python,dorn_python_046,1,python_fold1,1.0,0.6774687872077334,binary: human mean >= within-language mean,"StratifiedGroupKFold(n_splits=5, shuffle=True, random_state=42); formatting hash groups",42,True,results/dataset_extension_20260713/data/oof_canonical_predictions.csv
voting_lr_nb_rf,Voting (LR+NB+RF),Voting ensemble (LR+NB+RF),Python,dorn_python_047,1,python_fold1,1.0,0.8959602725482957,binary: human mean >= within-language mean,"StratifiedGroupKFold(n_splits=5, shuffle=True, random_state=42); formatting hash groups",42,True,results/dataset_extension_20260713/data/oof_canonical_predictions.csv
voting_lr_nb_rf,Voting (LR+NB+RF),Voting ensemble (LR+NB+RF),Python,dorn_python_048,2,python_fold2,1.0,0.6413363764357319,binary: human mean >= within-language mean,"StratifiedGroupKFold(n_splits=5, shuffle=True, random_state=42); formatting hash groups",42,True,results/dataset_extension_20260713/data/oof_canonical_predictions.csv
voting_lr_nb_rf,Voting (LR+NB+RF),Voting ensemble (LR+NB+RF),Python,dorn_python_049,3,python_fold3,1.0,0.1987841402657254,binary: human mean >= within-language mean,"StratifiedGroupKFold(n_splits=5, shuffle=True, random_state=42); formatting hash groups",42,True,results/dataset_extension_20260713/data/oof_canonical_predictions.csv
voting_lr_nb_rf,Voting (LR+NB+RF),Voting ensemble (LR+NB+RF),Python,dorn_python_050,4,python_fold4,0.0,0.4532190376942026,binary: human mean >= within-language mean,"StratifiedGroupKFold(n_splits=5, shuffle=True, random_state=42); formatting hash groups",42,True,results/dataset_extension_20260713/data/oof_canonical_predictions.csv
voting_lr_nb_rf,Voting (LR+NB+RF),Voting ensemble (LR+NB+RF),Python,dorn_python_051,1,python_fold1,1.0,0.704229582968884,binary: human mean >= within-language mean,"StratifiedGroupKFold(n_splits=5, shuffle=True, random_state=42); formatting hash groups",42,True,results/dataset_extension_20260713/data/oof_canonical_predictions.csv
voting_lr_nb_rf,Voting (LR+NB+RF),Voting ensemble (LR+NB+RF),Python,dorn_python_052,4,python_fold4,1.0,0.4332080969196593,binary: human mean >= within-language mean,"StratifiedGroupKFold(n_splits=5, shuffle=True, random_state=42); formatting hash groups",42,True,results/dataset_extension_20260713/data/oof_canonical_predictions.csv
voting_lr_nb_rf,Voting (LR+NB+RF),Voting ensemble (LR+NB+RF),Python,dorn_python_053,3,python_fold3,1.0,0.2463173365660337,binary: human mean >= within-language mean,"StratifiedGroupKFold(n_splits=5, shuffle=True, random_state=42); formatting hash groups",42,True,results/dataset_extension_20260713/data/oof_canonical_predictions.csv
voting_lr_nb_rf,Voting (LR+NB+RF),Voting ensemble (LR+NB+RF),Python,dorn_python_054,1,python_fold1,0.0,0.5655521160016944,binary: human mean >= within-language mean,"StratifiedGroupKFold(n_splits=5, shuffle=True, random_state=42); formatting hash groups",42,True,results/dataset_extension_20260713/data/oof_canonical_predictions.csv
voting_lr_nb_rf,Voting (LR+NB+RF),Voting ensemble (LR+NB+RF),Python,dorn_python_055,3,python_fold3,1.0,0.8694181105140544,binary: human mean >= within-language mean,"StratifiedGroupKFold(n_splits=5, shuffle=True, random_state=42); formatting hash groups",42,True,results/dataset_extension_20260713/data/oof_canonical_predictions.csv
voting_lr_nb_rf,Voting (LR+NB+RF),Voting ensemble (LR+NB+RF),Python,dorn_python_056,1,python_fold1,0.0,0.3051669524201708,binary: human mean >= within-language mean,"StratifiedGroupKFold(n_splits=5, shuffle=True, random_state=42); formatting hash groups",42,True,results/dataset_extension_20260713/data/oof_canonical_predictions.csv
voting_lr_nb_rf,Voting (LR+NB+RF),Voting ensemble (LR+NB+RF),Python,dorn_python_057,0,python_fold0,1.0,0.7127648570544615,binary: human mean >= within-language mean,"StratifiedGroupKFold(n_splits=5, shuffle=True, random_state=42); formatting hash groups",42,True,results/dataset_extension_20260713/data/oof_canonical_predictions.csv
voting_lr_nb_rf,Voting (LR+NB+RF),Voting ensemble (LR+NB+RF),Python,dorn_python_058,0,python_fold0,1.0,0.6930916141395006,binary: human mean >= within-language mean,"StratifiedGroupKFold(n_splits=5, shuffle=True, random_state=42); formatting hash groups",42,True,results/dataset_extension_20260713/data/oof_canonical_predictions.csv
voting_lr_nb_rf,Voting (LR+NB+RF),Voting ensemble (LR+NB+RF),Python,dorn_python_059,0,python_fold0,1.0,0.6166974158585294,binary: human mean >= within-language mean,"StratifiedGroupKFold(n_splits=5, shuffle=True, random_state=42); formatting hash groups",42,True,results/dataset_extension_20260713/data/oof_canonical_predictions.csv
voting_lr_nb_rf,Voting (LR+NB+RF),Voting ensemble (LR+NB+RF),Python,dorn_python_060,4,python_fold4,1.0,0.7653296590548301,binary: human mean >= within-language mean,"StratifiedGroupKFold(n_splits=5, shuffle=True, random_state=42); formatting hash groups",42,True,results/dataset_extension_20260713/data/oof_canonical_predictions.csv
voting_lr_nb_rf,Voting (LR+NB+RF),Voting ensemble (LR+NB+RF),Python,dorn_python_061,1,python_fold1,1.0,0.8701411943793559,binary: human mean >= within-language mean,"StratifiedGroupKFold(n_splits=5, shuffle=True, random_state=42); formatting hash groups",42,True,results/dataset_extension_20260713/data/oof_canonical_predictions.csv
voting_lr_nb_rf,Voting (LR+NB+RF),Voting ensemble (LR+NB+RF),Python,dorn_python_062,3,python_fold3,0.0,0.0947678466654648,binary: human mean >= within-language mean,"StratifiedGroupKFold(n_splits=5, shuffle=True, random_state=42); formatting hash groups",42,True,results/dataset_extension_20260713/data/oof_canonical_predictions.csv
voting_lr_nb_rf,Voting (LR+NB+RF),Voting ensemble (LR+NB+RF),Python,dorn_python_063,0,python_fold0,1.0,0.8118748039207828,binary: human mean >= within-language mean,"StratifiedGroupKFold(n_splits=5, shuffle=True, random_state=42); formatting hash groups",42,True,results/dataset_extension_20260713/data/oof_canonical_predictions.csv
voting_lr_nb_rf,Voting (LR+NB+RF),Voting ensemble (LR+NB+RF),Python,dorn_python_064,0,python_fold0,0.0,0.2759003769900497,binary: human mean >= within-language mean,"StratifiedGroupKFold(n_splits=5, shuffle=True, random_state=42); formatting hash groups",42,True,results/dataset_extension_20260713/data/oof_canonical_predictions.csv
voting_lr_nb_rf,Voting (LR+NB+RF),Voting ensemble (LR+NB+RF),Python,dorn_python_065,0,python_fold0,0.0,0.3163358322613144,binary: human mean >= within-language mean,"StratifiedGroupKFold(n_splits=5, shuffle=True, random_state=42); formatting hash groups",42,True,results/dataset_extension_20260713/data/oof_canonical_predictions.csv
voting_lr_nb_rf,Voting (LR+NB+RF),Voting ensemble (LR+NB+RF),Python,dorn_python_066,1,python_fold1,1.0,0.6872080589083501,binary: human mean >= within-language mean,"StratifiedGroupKFold(n_splits=5, shuffle=True, random_state=42); formatting hash groups",42,True,results/dataset_extension_20260713/data/oof_canonical_predictions.csv
voting_lr_nb_rf,Voting (LR+NB+RF),Voting ensemble (LR+NB+RF),Python,dorn_python_067,3,python_fold3,1.0,0.7967583008091664,binary: human mean >= within-language mean,"StratifiedGroupKFold(n_splits=5, shuffle=True, random_state=42); formatting hash groups",42,True,results/dataset_extension_20260713/data/oof_canonical_predictions.csv
voting_lr_nb_rf,Voting (LR+NB+RF),Voting ensemble (LR+NB+RF),Python,dorn_python_068,2,python_fold2,1.0,0.8436757127725657,binary: human mean >= within-language mean,"StratifiedGroupKFold(n_splits=5, shuffle=True, random_state=42); formatting hash groups",42,True,results/dataset_extension_20260713/data/oof_canonical_predictions.csv
voting_lr_nb_rf,Voting (LR+NB+RF),Voting ensemble (LR+NB+RF),Python,dorn_python_069,3,python_fold3,1.0,0.7963669025395413,binary: human mean >= within-language mean,"StratifiedGroupKFold(n_splits=5, shuffle=True, random_state=42); formatting hash groups",42,True,results/dataset_extension_20260713/data/oof_canonical_predictions.csv
voting_lr_nb_rf,Voting (LR+NB+RF),Voting ensemble (LR+NB+RF),Python,dorn_python_070,0,python_fold0,0.0,0.811621068734607,binary: human mean >= within-language mean,"StratifiedGroupKFold(n_splits=5, shuffle=True, random_state=42); formatting hash groups",42,True,results/dataset_extension_20260713/data/oof_canonical_predictions.csv
voting_lr_nb_rf,Voting (LR+NB+RF),Voting ensemble (LR+NB+RF),Python,dorn_python_071,2,python_fold2,0.0,0.7904662714905627,binary: human mean >= within-language mean,"StratifiedGroupKFold(n_splits=5, shuffle=True, random_state=42); formatting hash groups",42,True,results/dataset_extension_20260713/data/oof_canonical_predictions.csv
voting_lr_nb_rf,Voting (LR+NB+RF),Voting ensemble (LR+NB+RF),Python,dorn_python_072,4,python_fold4,0.0,0.2352887295802883,binary: human mean >= within-language mean,"StratifiedGroupKFold(n_splits=5, shuffle=True, random_state=42); formatting hash groups",42,True,results/dataset_extension_20260713/data/oof_canonical_predictions.csv
voting_lr_nb_rf,Voting (LR+NB+RF),Voting ensemble (LR+NB+RF),Python,dorn_python_073,1,python_fold1,0.0,0.8213104729298809,binary: human mean >= within-language mean,"StratifiedGroupKFold(n_splits=5, shuffle=True, random_state=42); formatting hash groups",42,True,results/dataset_extension_20260713/data/oof_canonical_predictions.csv
voting_lr_nb_rf,Voting (LR+NB+RF),Voting ensemble (LR+NB+RF),Python,dorn_python_074,2,python_fold2,0.0,0.8401121892143716,binary: human mean >= within-language mean,"StratifiedGroupKFold(n_splits=5, shuffle=True, random_state=42); formatting hash groups",42,True,results/dataset_extension_20260713/data/oof_canonical_predictions.csv
voting_lr_nb_rf,Voting (LR+NB+RF),Voting ensemble (LR+NB+RF),Python,dorn_python_075,1,python_fold1,1.0,0.7855496395132797,binary: human mean >= within-language mean,"StratifiedGroupKFold(n_splits=5, shuffle=True, random_state=42); formatting hash groups",42,True,results/dataset_extension_20260713/data/oof_canonical_predictions.csv
voting_lr_nb_rf,Voting (LR+NB+RF),Voting ensemble (LR+NB+RF),Python,dorn_python_076,0,python_fold0,0.0,0.1843849744227629,binary: human mean >= within-language mean,"StratifiedGroupKFold(n_splits=5, shuffle=True, random_state=42); formatting hash groups",42,True,results/dataset_extension_20260713/data/oof_canonical_predictions.csv
voting_lr_nb_rf,Voting (LR+NB+RF),Voting ensemble (LR+NB+RF),Python,dorn_python_077,0,python_fold0,0.0,0.5224524927866057,binary: human mean >= within-language mean,"StratifiedGroupKFold(n_splits=5, shuffle=True, random_state=42); formatting hash groups",42,True,results/dataset_extension_20260713/data/oof_canonical_predictions.csv
voting_lr_nb_rf,Voting (LR+NB+RF),Voting ensemble (LR+NB+RF),Python,dorn_python_078,2,python_fold2,0.0,0.4096820109505285,binary: human mean >= within-language mean,"StratifiedGroupKFold(n_splits=5, shuffle=True, random_state=42); formatting hash groups",42,True,results/dataset_extension_20260713/data/oof_canonical_predictions.csv
voting_lr_nb_rf,Voting (LR+NB+RF),Voting ensemble (LR+NB+RF),Python,dorn_python_079,0,python_fold0,0.0,0.0831635033635723,binary: human mean >= within-language mean,"StratifiedGroupKFold(n_splits=5, shuffle=True, random_state=42); formatting hash groups",42,True,results/dataset_extension_20260713/data/oof_canonical_predictions.csv
voting_lr_nb_rf,Voting (LR+NB+RF),Voting ensemble (LR+NB+RF),Python,dorn_python_080,1,python_fold1,0.0,0.2391861985420982,binary: human mean >= within-language mean,"StratifiedGroupKFold(n_splits=5, shuffle=True, random_state=42); formatting hash groups",42,True,results/dataset_extension_20260713/data/oof_canonical_predictions.csv
voting_lr_nb_rf,Voting (LR+NB+RF),Voting ensemble (LR+NB+RF),Python,dorn_python_081,3,python_fold3,0.0,0.1073677070359232,binary: human mean >= within-language mean,"StratifiedGroupKFold(n_splits=5, shuffle=True, random_state=42); formatting hash groups",42,True,results/dataset_extension_20260713/data/oof_canonical_predictions.csv
voting_lr_nb_rf,Voting (LR+NB+RF),Voting ensemble (LR+NB+RF),Python,dorn_python_082,0,python_fold0,1.0,0.7836428268358975,binary: human mean >= within-language mean,"StratifiedGroupKFold(n_splits=5, shuffle=True, random_state=42); formatting hash groups",42,True,results/dataset_extension_20260713/data/oof_canonical_predictions.csv
voting_lr_nb_rf,Voting (LR+NB+RF),Voting ensemble (LR+NB+RF),Python,dorn_python_083,1,python_fold1,1.0,0.6428854880504213,binary: human mean >= within-language mean,"StratifiedGroupKFold(n_splits=5, shuffle=True, random_state=42); formatting hash groups",42,True,results/dataset_extension_20260713/data/oof_canonical_predictions.csv
voting_lr_nb_rf,Voting (LR+NB+RF),Voting ensemble (LR+NB+RF),Python,dorn_python_084,1,python_fold1,1.0,0.0573808244642515,binary: human mean >= within-language mean,"StratifiedGroupKFold(n_splits=5, shuffle=True, random_state=42); formatting hash groups",42,True,results/dataset_extension_20260713/data/oof_canonical_predictions.csv
voting_lr_nb_rf,Voting (LR+NB+RF),Voting ensemble (LR+NB+RF),Python,dorn_python_085,4,python_fold4,0.0,0.1453929912967959,binary: human mean >= within-language mean,"StratifiedGroupKFold(n_splits=5, shuffle=True, random_state=42); formatting hash groups",42,True,results/dataset_extension_20260713/data/oof_canonical_predictions.csv
voting_lr_nb_rf,Voting (LR+NB+RF),Voting ensemble (LR+NB+RF),Python,dorn_python_086,4,python_fold4,1.0,0.7400793007015087,binary: human mean >= within-language mean,"StratifiedGroupKFold(n_splits=5, shuffle=True, random_state=42); formatting hash groups",42,True,results/dataset_extension_20260713/data/oof_canonical_predictions.csv
voting_lr_nb_rf,Voting (LR+NB+RF),Voting ensemble (LR+NB+RF),Python,dorn_python_087,3,python_fold3,1.0,0.2853371751703392,binary: human mean >= within-language mean,"StratifiedGroupKFold(n_splits=5, shuffle=True, random_state=42); formatting hash groups",42,True,results/dataset_extension_20260713/data/oof_canonical_predictions.csv
voting_lr_nb_rf,Voting (LR+NB+RF),Voting ensemble (LR+NB+RF),Python,dorn_python_088,3,python_fold3,1.0,0.6521783425182235,binary: human mean >= within-language mean,"StratifiedGroupKFold(n_splits=5, shuffle=True, random_state=42); formatting hash groups",42,True,results/dataset_extension_20260713/data/oof_canonical_predictions.csv
voting_lr_nb_rf,Voting (LR+NB+RF),Voting ensemble (LR+NB+RF),Python,dorn_python_089,1,python_fold1,1.0,0.4372452180588484,binary: human mean >= within-language mean,"StratifiedGroupKFold(n_splits=5, shuffle=True, random_state=42); formatting hash groups",42,True,results/dataset_extension_20260713/data/oof_canonical_predictions.csv
voting_lr_nb_rf,Voting (LR+NB+RF),Voting ensemble (LR+NB+RF),Python,dorn_python_090,1,python_fold1,0.0,0.3701451614345137,binary: human mean >= within-language mean,"StratifiedGroupKFold(n_splits=5, shuffle=True, random_state=42); formatting hash groups",42,True,results/dataset_extension_20260713/data/oof_canonical_predictions.csv
voting_lr_nb_rf,Voting (LR+NB+RF),Voting ensemble (LR+NB+RF),Python,dorn_python_091,4,python_fold4,0.0,0.8047564804045555,binary: human mean >= within-language mean,"StratifiedGroupKFold(n_splits=5, shuffle=True, random_state=42); formatting hash groups",42,True,results/dataset_extension_20260713/data/oof_canonical_predictions.csv
voting_lr_nb_rf,Voting (LR+NB+RF),Voting ensemble (LR+NB+RF),Python,dorn_python_092,4,python_fold4,1.0,0.8536680462644584,binary: human mean >= within-language mean,"StratifiedGroupKFold(n_splits=5, shuffle=True, random_state=42); formatting hash groups",42,True,results/dataset_extension_20260713/data/oof_canonical_predictions.csv
voting_lr_nb_rf,Voting (LR+NB+RF),Voting ensemble (LR+NB+RF),Python,dorn_python_093,2,python_fold2,1.0,0.6780576682343403,binary: human mean >= within-language mean,"StratifiedGroupKFold(n_splits=5, shuffle=True, random_state=42); formatting hash groups",42,True,results/dataset_extension_20260713/data/oof_canonical_predictions.csv
voting_lr_nb_rf,Voting (LR+NB+RF),Voting ensemble (LR+NB+RF),Python,dorn_python_094,2,python_fold2,0.0,0.2465347900687542,binary: human mean >= within-language mean,"StratifiedGroupKFold(n_splits=5, shuffle=True, random_state=42); formatting hash groups",42,True,results/dataset_extension_20260713/data/oof_canonical_predictions.csv
voting_lr_nb_rf,Voting (LR+NB+RF),Voting ensemble (LR+NB+RF),Python,dorn_python_095,2,python_fold2,0.0,0.2064306742357171,binary: human mean >= within-language mean,"StratifiedGroupKFold(n_splits=5, shuffle=True, random_state=42); formatting hash groups",42,True,results/dataset_extension_20260713/data/oof_canonical_predictions.csv
voting_lr_nb_rf,Voting (LR+NB+RF),Voting ensemble (LR+NB+RF),Python,dorn_python_096,3,python_fold3,0.0,0.2771230013669397,binary: human mean >= within-language mean,"StratifiedGroupKFold(n_splits=5, shuffle=True, random_state=42); formatting hash groups",42,True,results/dataset_extension_20260713/data/oof_canonical_predictions.csv
voting_lr_nb_rf,Voting (LR+NB+RF),Voting ensemble (LR+NB+RF),Python,dorn_python_097,0,python_fold0,1.0,0.8118748039207828,binary: human mean >= within-language mean,"StratifiedGroupKFold(n_splits=5, shuffle=True, random_state=42); formatting hash groups",42,True,results/dataset_extension_20260713/data/oof_canonical_predictions.csv
voting_lr_nb_rf,Voting (LR+NB+RF),Voting ensemble (LR+NB+RF),Python,dorn_python_098,0,python_fold0,1.0,0.3117601634927022,binary: human mean >= within-language mean,"StratifiedGroupKFold(n_splits=5, shuffle=True, random_state=42); formatting hash groups",42,True,results/dataset_extension_20260713/data/oof_canonical_predictions.csv
voting_lr_nb_rf,Voting (LR+NB+RF),Voting ensemble (LR+NB+RF),Python,dorn_python_099,4,python_fold4,0.0,0.524040869979281,binary: human mean >= within-language mean,"StratifiedGroupKFold(n_splits=5, shuffle=True, random_state=42); formatting hash groups",42,True,results/dataset_extension_20260713/data/oof_canonical_predictions.csv
voting_lr_nb_rf,Voting (LR+NB+RF),Voting ensemble (LR+NB+RF),Python,dorn_python_100,2,python_fold2,0.0,0.3640110139591925,binary: human mean >= within-language mean,"StratifiedGroupKFold(n_splits=5, shuffle=True, random_state=42); formatting hash groups",42,True,results/dataset_extension_20260713/data/oof_canonical_predictions.csv
voting_lr_nb_rf,Voting (LR+NB+RF),Voting ensemble (LR+NB+RF),Python,dorn_python_101,4,python_fold4,1.0,0.7763414867846489,binary: human mean >= within-language mean,"StratifiedGroupKFold(n_splits=5, shuffle=True, random_state=42); formatting hash groups",42,True,results/dataset_extension_20260713/data/oof_canonical_predictions.csv
voting_lr_nb_rf,Voting (LR+NB+RF),Voting ensemble (LR+NB+RF),Python,dorn_python_102,4,python_fold4,1.0,0.6419470380968804,binary: human mean >= within-language mean,"StratifiedGroupKFold(n_splits=5, shuffle=True, random_state=42); formatting hash groups",42,True,results/dataset_extension_20260713/data/oof_canonical_predictions.csv
voting_lr_nb_rf,Voting (LR+NB+RF),Voting ensemble (LR+NB+RF),Python,dorn_python_103,2,python_fold2,1.0,0.7769177157528754,binary: human mean >= within-language mean,"StratifiedGroupKFold(n_splits=5, shuffle=True, random_state=42); formatting hash groups",42,True,results/dataset_extension_20260713/data/oof_canonical_predictions.csv
voting_lr_nb_rf,Voting (LR+NB+RF),Voting ensemble (LR+NB+RF),Python,dorn_python_104,3,python_fold3,0.0,0.1213170705996639,binary: human mean >= within-language mean,"StratifiedGroupKFold(n_splits=5, shuffle=True, random_state=42); formatting hash groups",42,True,results/dataset_extension_20260713/data/oof_canonical_predictions.csv
voting_lr_nb_rf,Voting (LR+NB+RF),Voting ensemble (LR+NB+RF),Python,dorn_python_105,4,python_fold4,0.0,0.7234915451862008,binary: human mean >= within-language mean,"StratifiedGroupKFold(n_splits=5, shuffle=True, random_state=42); formatting hash groups",42,True,results/dataset_extension_20260713/data/oof_canonical_predictions.csv
voting_lr_nb_rf,Voting (LR+NB+RF),Voting ensemble (LR+NB+RF),Python,dorn_python_106,2,python_fold2,0.0,0.0744234320794433,binary: human mean >= within-language mean,"StratifiedGroupKFold(n_splits=5, shuffle=True, random_state=42); formatting hash groups",42,True,results/dataset_extension_20260713/data/oof_canonical_predictions.csv
voting_lr_nb_rf,Voting (LR+NB+RF),Voting ensemble (LR+NB+RF),Python,dorn_python_107,0,python_fold0,1.0,0.843915206386063,binary: human mean >= within-language mean,"StratifiedGroupKFold(n_splits=5, shuffle=True, random_state=42); formatting hash groups",42,True,results/dataset_extension_20260713/data/oof_canonical_predictions.csv
voting_lr_nb_rf,Voting (LR+NB+RF),Voting ensemble (LR+NB+RF),Python,dorn_python_108,0,python_fold0,1.0,0.8118748039207828,binary: human mean >= within-language mean,"StratifiedGroupKFold(n_splits=5, shuffle=True, random_state=42); formatting hash groups",42,True,results/dataset_extension_20260713/data/oof_canonical_predictions.csv
voting_lr_nb_rf,Voting (LR+NB+RF),Voting ensemble (LR+NB+RF),Python,dorn_python_109,3,python_fold3,1.0,0.7486668800204178,binary: human mean >= within-language mean,"StratifiedGroupKFold(n_splits=5, shuffle=True, random_state=42); formatting hash groups",42,True,results/dataset_extension_20260713/data/oof_canonical_predictions.csv
voting_lr_nb_rf,Voting (LR+NB+RF),Voting ensemble (LR+NB+RF),Python,dorn_python_110,0,python_fold0,0.0,0.833707077548679,binary: human mean >= within-language mean,"StratifiedGroupKFold(n_splits=5, shuffle=True, random_state=42); formatting hash groups",42,True,results/dataset_extension_20260713/data/oof_canonical_predictions.csv
voting_lr_nb_rf,Voting (LR+NB+RF),Voting ensemble (LR+NB+RF),Python,dorn_python_111,4,python_fold4,0.0,0.1234248404340227,binary: human mean >= within-language mean,"StratifiedGroupKFold(n_splits=5, shuffle=True, random_state=42); formatting hash groups",42,True,results/dataset_extension_20260713/data/oof_canonical_predictions.csv
voting_lr_nb_rf,Voting (LR+NB+RF),Voting ensemble (LR+NB+RF),Python,dorn_python_112,4,python_fold4,0.0,0.1530818551770905,binary: human mean >= within-language mean,"StratifiedGroupKFold(n_splits=5, shuffle=True, random_state=42); formatting hash groups",42,True,results/dataset_extension_20260713/data/oof_canonical_predictions.csv
voting_lr_nb_rf,Voting (LR+NB+RF),Voting ensemble (LR+NB+RF),Python,dorn_python_113,0,python_fold0,1.0,0.1071975061407007,binary: human mean >= within-language mean,"StratifiedGroupKFold(n_splits=5, shuffle=True, random_state=42); formatting hash groups",42,True,results/dataset_extension_20260713/data/oof_canonical_predictions.csv
voting_lr_nb_rf,Voting (LR+NB+RF),Voting ensemble (LR+NB+RF),Python,dorn_python_114,2,python_fold2,1.0,0.6857471072367142,binary: human mean >= within-language mean,"StratifiedGroupKFold(n_splits=5, shuffle=True, random_state=42); formatting hash groups",42,True,results/dataset_extension_20260713/data/oof_canonical_predictions.csv
voting_lr_nb_rf,Voting (LR+NB+RF),Voting ensemble (LR+NB+RF),Python,dorn_python_115,3,python_fold3,0.0,0.5354694747291455,binary: human mean >= within-language mean,"StratifiedGroupKFold(n_splits=5, shuffle=True, random_state=42); formatting hash groups",42,True,results/dataset_extension_20260713/data/oof_canonical_predictions.csv
voting_lr_nb_rf,Voting (LR+NB+RF),Voting ensemble (LR+NB+RF),Python,dorn_python_116,2,python_fold2,1.0,0.5664863570016078,binary: human mean >= within-language mean,"StratifiedGroupKFold(n_splits=5, shuffle=True, random_state=42); formatting hash groups",42,True,results/dataset_extension_20260713/data/oof_canonical_predictions.csv
voting_lr_nb_rf,Voting (LR+NB+RF),Voting ensemble (LR+NB+RF),Python,dorn_python_117,2,python_fold2,0.0,0.4774943619033957,binary: human mean >= within-language mean,"StratifiedGroupKFold(n_splits=5, shuffle=True, random_state=42); formatting hash groups",42,True,results/dataset_extension_20260713/data/oof_canonical_predictions.csv
voting_lr_nb_rf,Voting (LR+NB+RF),Voting ensemble (LR+NB+RF),Python,dorn_python_118,4,python_fold4,0.0,0.7460098028747298,binary: human mean >= within-language mean,"StratifiedGroupKFold(n_splits=5, shuffle=True, random_state=42); formatting hash groups",42,True,results/dataset_extension_20260713/data/oof_canonical_predictions.csv
