[transformers] The tokenizer you are loading from 'OpenGVLab/InternVL3-8B' with an incorrect regex pattern: https://huggingface.co/mistralai/Mistral-Small-3.1-24B-Instruct-2503/discussions/84#69121093e8b480e709447d5e. This will lead to incorrect tokenization. You should set the `fix_mistral_regex=True` flag when loading this tokenizer to fix this issue.
FlashAttention2 is not installed.
Loading weights:   0%|          | 0/685 [00:00<?, ?it/s]Loading weights:  88%|████████▊ | 602/685 [00:00<00:00, 6019.10it/s]Loading weights: 100%|██████████| 685/685 [00:00<00:00, 6061.95it/s]
[transformers] Setting `pad_token_id` to `eos_token_id`:151645 for open-end generation.
[transformers] Setting `pad_token_id` to `eos_token_id`:151645 for open-end generation.
[transformers] Setting `pad_token_id` to `eos_token_id`:151645 for open-end generation.
[transformers] Setting `pad_token_id` to `eos_token_id`:151645 for open-end generation.
[transformers] Setting `pad_token_id` to `eos_token_id`:151645 for open-end generation.
[transformers] Setting `pad_token_id` to `eos_token_id`:151645 for open-end generation.
[transformers] Setting `pad_token_id` to `eos_token_id`:151645 for open-end generation.
[transformers] Setting `pad_token_id` to `eos_token_id`:151645 for open-end generation.
[transformers] Setting `pad_token_id` to `eos_token_id`:151645 for open-end generation.
[transformers] Setting `pad_token_id` to `eos_token_id`:151645 for open-end generation.
[transformers] Setting `pad_token_id` to `eos_token_id`:151645 for open-end generation.
[transformers] Setting `pad_token_id` to `eos_token_id`:151645 for open-end generation.
[transformers] Setting `pad_token_id` to `eos_token_id`:151645 for open-end generation.
[transformers] Setting `pad_token_id` to `eos_token_id`:151645 for open-end generation.
[transformers] Setting `pad_token_id` to `eos_token_id`:151645 for open-end generation.
[transformers] Setting `pad_token_id` to `eos_token_id`:151645 for open-end generation.
[transformers] Setting `pad_token_id` to `eos_token_id`:151645 for open-end generation.
[transformers] Setting `pad_token_id` to `eos_token_id`:151645 for open-end generation.
[transformers] Setting `pad_token_id` to `eos_token_id`:151645 for open-end generation.
[transformers] Setting `pad_token_id` to `eos_token_id`:151645 for open-end generation.
[transformers] Setting `pad_token_id` to `eos_token_id`:151645 for open-end generation.
[transformers] Setting `pad_token_id` to `eos_token_id`:151645 for open-end generation.
[transformers] Setting `pad_token_id` to `eos_token_id`:151645 for open-end generation.
[transformers] Setting `pad_token_id` to `eos_token_id`:151645 for open-end generation.
[transformers] Setting `pad_token_id` to `eos_token_id`:151645 for open-end generation.
RQ3 OpenGVLab/InternVL3-8B text_plus_image calls=25/3600
[transformers] Setting `pad_token_id` to `eos_token_id`:151645 for open-end generation.
[transformers] Setting `pad_token_id` to `eos_token_id`:151645 for open-end generation.
[transformers] Setting `pad_token_id` to `eos_token_id`:151645 for open-end generation.
[transformers] Setting `pad_token_id` to `eos_token_id`:151645 for open-end generation.
[transformers] Setting `pad_token_id` to `eos_token_id`:151645 for open-end generation.
[transformers] Setting `pad_token_id` to `eos_token_id`:151645 for open-end generation.
[transformers] Setting `pad_token_id` to `eos_token_id`:151645 for open-end generation.
[transformers] Setting `pad_token_id` to `eos_token_id`:151645 for open-end generation.
[transformers] Setting `pad_token_id` to `eos_token_id`:151645 for open-end generation.
[transformers] Setting `pad_token_id` to `eos_token_id`:151645 for open-end generation.
[transformers] Setting `pad_token_id` to `eos_token_id`:151645 for open-end generation.
[transformers] Setting `pad_token_id` to `eos_token_id`:151645 for open-end generation.
[transformers] Setting `pad_token_id` to `eos_token_id`:151645 for open-end generation.
[transformers] Setting `pad_token_id` to `eos_token_id`:151645 for open-end generation.
[transformers] Setting `pad_token_id` to `eos_token_id`:151645 for open-end generation.
[transformers] Setting `pad_token_id` to `eos_token_id`:151645 for open-end generation.
[transformers] Setting `pad_token_id` to `eos_token_id`:151645 for open-end generation.
[transformers] Setting `pad_token_id` to `eos_token_id`:151645 for open-end generation.
[transformers] Setting `pad_token_id` to `eos_token_id`:151645 for open-end generation.
[transformers] Setting `pad_token_id` to `eos_token_id`:151645 for open-end generation.
[transformers] Setting `pad_token_id` to `eos_token_id`:151645 for open-end generation.
[transformers] Setting `pad_token_id` to `eos_token_id`:151645 for open-end generation.
[transformers] Setting `pad_token_id` to `eos_token_id`:151645 for open-end generation.
[transformers] Setting `pad_token_id` to `eos_token_id`:151645 for open-end generation.
[transformers] Setting `pad_token_id` to `eos_token_id`:151645 for open-end generation.
RQ3 OpenGVLab/InternVL3-8B text_plus_image calls=50/3600
[transformers] Setting `pad_token_id` to `eos_token_id`:151645 for open-end generation.
[transformers] Setting `pad_token_id` to `eos_token_id`:151645 for open-end generation.
[transformers] Setting `pad_token_id` to `eos_token_id`:151645 for open-end generation.
[transformers] Setting `pad_token_id` to `eos_token_id`:151645 for open-end generation.
[transformers] Setting `pad_token_id` to `eos_token_id`:151645 for open-end generation.
[transformers] Setting `pad_token_id` to `eos_token_id`:151645 for open-end generation.
[transformers] Setting `pad_token_id` to `eos_token_id`:151645 for open-end generation.
[transformers] Setting `pad_token_id` to `eos_token_id`:151645 for open-end generation.
[transformers] Setting `pad_token_id` to `eos_token_id`:151645 for open-end generation.
[transformers] Setting `pad_token_id` to `eos_token_id`:151645 for open-end generation.
[transformers] Setting `pad_token_id` to `eos_token_id`:151645 for open-end generation.
[transformers] Setting `pad_token_id` to `eos_token_id`:151645 for open-end generation.
[transformers] Setting `pad_token_id` to `eos_token_id`:151645 for open-end generation.
[transformers] Setting `pad_token_id` to `eos_token_id`:151645 for open-end generation.
[transformers] Setting `pad_token_id` to `eos_token_id`:151645 for open-end generation.
[transformers] Setting `pad_token_id` to `eos_token_id`:151645 for open-end generation.
[transformers] Setting `pad_token_id` to `eos_token_id`:151645 for open-end generation.
[transformers] Setting `pad_token_id` to `eos_token_id`:151645 for open-end generation.
[transformers] Setting `pad_token_id` to `eos_token_id`:151645 for open-end generation.
[transformers] Setting `pad_token_id` to `eos_token_id`:151645 for open-end generation.
[transformers] Setting `pad_token_id` to `eos_token_id`:151645 for open-end generation.
[transformers] Setting `pad_token_id` to `eos_token_id`:151645 for open-end generation.
[transformers] Setting `pad_token_id` to `eos_token_id`:151645 for open-end generation.
[transformers] Setting `pad_token_id` to `eos_token_id`:151645 for open-end generation.
[transformers] Setting `pad_token_id` to `eos_token_id`:151645 for open-end generation.
RQ3 OpenGVLab/InternVL3-8B text_plus_image calls=75/3600
[transformers] Setting `pad_token_id` to `eos_token_id`:151645 for open-end generation.
[transformers] Setting `pad_token_id` to `eos_token_id`:151645 for open-end generation.
[transformers] Setting `pad_token_id` to `eos_token_id`:151645 for open-end generation.
[transformers] Setting `pad_token_id` to `eos_token_id`:151645 for open-end generation.
[transformers] Setting `pad_token_id` to `eos_token_id`:151645 for open-end generation.
[transformers] Setting `pad_token_id` to `eos_token_id`:151645 for open-end generation.
[transformers] Setting `pad_token_id` to `eos_token_id`:151645 for open-end generation.
[transformers] Setting `pad_token_id` to `eos_token_id`:151645 for open-end generation.
[transformers] Setting `pad_token_id` to `eos_token_id`:151645 for open-end generation.
[transformers] Setting `pad_token_id` to `eos_token_id`:151645 for open-end generation.
[transformers] Setting `pad_token_id` to `eos_token_id`:151645 for open-end generation.
[transformers] Setting `pad_token_id` to `eos_token_id`:151645 for open-end generation.
[transformers] Setting `pad_token_id` to `eos_token_id`:151645 for open-end generation.
[transformers] Setting `pad_token_id` to `eos_token_id`:151645 for open-end generation.
[transformers] Setting `pad_token_id` to `eos_token_id`:151645 for open-end generation.
[transformers] Setting `pad_token_id` to `eos_token_id`:151645 for open-end generation.
[transformers] Setting `pad_token_id` to `eos_token_id`:151645 for open-end generation.
[transformers] Setting `pad_token_id` to `eos_token_id`:151645 for open-end generation.
[transformers] Setting `pad_token_id` to `eos_token_id`:151645 for open-end generation.
[transformers] Setting `pad_token_id` to `eos_token_id`:151645 for open-end generation.
[transformers] Setting `pad_token_id` to `eos_token_id`:151645 for open-end generation.
[transformers] Setting `pad_token_id` to `eos_token_id`:151645 for open-end generation.
[transformers] Setting `pad_token_id` to `eos_token_id`:151645 for open-end generation.
[transformers] Setting `pad_token_id` to `eos_token_id`:151645 for open-end generation.
[transformers] Setting `pad_token_id` to `eos_token_id`:151645 for open-end generation.
RQ3 OpenGVLab/InternVL3-8B text_plus_image calls=100/3600
[transformers] Setting `pad_token_id` to `eos_token_id`:151645 for open-end generation.
[transformers] Setting `pad_token_id` to `eos_token_id`:151645 for open-end generation.
[transformers] Setting `pad_token_id` to `eos_token_id`:151645 for open-end generation.
[transformers] Setting `pad_token_id` to `eos_token_id`:151645 for open-end generation.
[transformers] Setting `pad_token_id` to `eos_token_id`:151645 for open-end generation.
[transformers] Setting `pad_token_id` to `eos_token_id`:151645 for open-end generation.
[transformers] Setting `pad_token_id` to `eos_token_id`:151645 for open-end generation.
[transformers] Setting `pad_token_id` to `eos_token_id`:151645 for open-end generation.
[transformers] Setting `pad_token_id` to `eos_token_id`:151645 for open-end generation.
[transformers] Setting `pad_token_id` to `eos_token_id`:151645 for open-end generation.
[transformers] Setting `pad_token_id` to `eos_token_id`:151645 for open-end generation.
[transformers] Setting `pad_token_id` to `eos_token_id`:151645 for open-end generation.
[transformers] Setting `pad_token_id` to `eos_token_id`:151645 for open-end generation.
[transformers] Setting `pad_token_id` to `eos_token_id`:151645 for open-end generation.
[transformers] Setting `pad_token_id` to `eos_token_id`:151645 for open-end generation.
[transformers] Setting `pad_token_id` to `eos_token_id`:151645 for open-end generation.
[transformers] Setting `pad_token_id` to `eos_token_id`:151645 for open-end generation.
[transformers] Setting `pad_token_id` to `eos_token_id`:151645 for open-end generation.
[transformers] Setting `pad_token_id` to `eos_token_id`:151645 for open-end generation.
[transformers] Setting `pad_token_id` to `eos_token_id`:151645 for open-end generation.
[transformers] Setting `pad_token_id` to `eos_token_id`:151645 for open-end generation.
[transformers] Setting `pad_token_id` to `eos_token_id`:151645 for open-end generation.
[transformers] Setting `pad_token_id` to `eos_token_id`:151645 for open-end generation.
[transformers] Setting `pad_token_id` to `eos_token_id`:151645 for open-end generation.
[transformers] Setting `pad_token_id` to `eos_token_id`:151645 for open-end generation.
RQ3 OpenGVLab/InternVL3-8B text_plus_image calls=125/3600
[transformers] Setting `pad_token_id` to `eos_token_id`:151645 for open-end generation.
[transformers] Setting `pad_token_id` to `eos_token_id`:151645 for open-end generation.
[transformers] Setting `pad_token_id` to `eos_token_id`:151645 for open-end generation.
[transformers] Setting `pad_token_id` to `eos_token_id`:151645 for open-end generation.
[transformers] Setting `pad_token_id` to `eos_token_id`:151645 for open-end generation.
[transformers] Setting `pad_token_id` to `eos_token_id`:151645 for open-end generation.
[transformers] Setting `pad_token_id` to `eos_token_id`:151645 for open-end generation.
[transformers] Setting `pad_token_id` to `eos_token_id`:151645 for open-end generation.
[transformers] Setting `pad_token_id` to `eos_token_id`:151645 for open-end generation.
[transformers] Setting `pad_token_id` to `eos_token_id`:151645 for open-end generation.
[transformers] Setting `pad_token_id` to `eos_token_id`:151645 for open-end generation.
[transformers] Setting `pad_token_id` to `eos_token_id`:151645 for open-end generation.
[transformers] Setting `pad_token_id` to `eos_token_id`:151645 for open-end generation.
[transformers] Setting `pad_token_id` to `eos_token_id`:151645 for open-end generation.
[transformers] Setting `pad_token_id` to `eos_token_id`:151645 for open-end generation.
[transformers] Setting `pad_token_id` to `eos_token_id`:151645 for open-end generation.
[transformers] Setting `pad_token_id` to `eos_token_id`:151645 for open-end generation.
[transformers] Setting `pad_token_id` to `eos_token_id`:151645 for open-end generation.
[transformers] Setting `pad_token_id` to `eos_token_id`:151645 for open-end generation.
[transformers] Setting `pad_token_id` to `eos_token_id`:151645 for open-end generation.
[transformers] Setting `pad_token_id` to `eos_token_id`:151645 for open-end generation.
[transformers] Setting `pad_token_id` to `eos_token_id`:151645 for open-end generation.
[transformers] Setting `pad_token_id` to `eos_token_id`:151645 for open-end generation.
[transformers] Setting `pad_token_id` to `eos_token_id`:151645 for open-end generation.
[transformers] Setting `pad_token_id` to `eos_token_id`:151645 for open-end generation.
RQ3 OpenGVLab/InternVL3-8B text_plus_image calls=150/3600
[transformers] Setting `pad_token_id` to `eos_token_id`:151645 for open-end generation.
[transformers] Setting `pad_token_id` to `eos_token_id`:151645 for open-end generation.
[transformers] Setting `pad_token_id` to `eos_token_id`:151645 for open-end generation.
[transformers] Setting `pad_token_id` to `eos_token_id`:151645 for open-end generation.
[transformers] Setting `pad_token_id` to `eos_token_id`:151645 for open-end generation.
[transformers] Setting `pad_token_id` to `eos_token_id`:151645 for open-end generation.
[transformers] Setting `pad_token_id` to `eos_token_id`:151645 for open-end generation.
[transformers] Setting `pad_token_id` to `eos_token_id`:151645 for open-end generation.
[transformers] Setting `pad_token_id` to `eos_token_id`:151645 for open-end generation.
[transformers] Setting `pad_token_id` to `eos_token_id`:151645 for open-end generation.
[transformers] Setting `pad_token_id` to `eos_token_id`:151645 for open-end generation.
[transformers] Setting `pad_token_id` to `eos_token_id`:151645 for open-end generation.
[transformers] Setting `pad_token_id` to `eos_token_id`:151645 for open-end generation.
[transformers] Setting `pad_token_id` to `eos_token_id`:151645 for open-end generation.
[transformers] Setting `pad_token_id` to `eos_token_id`:151645 for open-end generation.
[transformers] Setting `pad_token_id` to `eos_token_id`:151645 for open-end generation.
[transformers] Setting `pad_token_id` to `eos_token_id`:151645 for open-end generation.
[transformers] Setting `pad_token_id` to `eos_token_id`:151645 for open-end generation.
[transformers] Setting `pad_token_id` to `eos_token_id`:151645 for open-end generation.
[transformers] Setting `pad_token_id` to `eos_token_id`:151645 for open-end generation.
[transformers] Setting `pad_token_id` to `eos_token_id`:151645 for open-end generation.
[transformers] Setting `pad_token_id` to `eos_token_id`:151645 for open-end generation.
[transformers] Setting `pad_token_id` to `eos_token_id`:151645 for open-end generation.
[transformers] Setting `pad_token_id` to `eos_token_id`:151645 for open-end generation.
[transformers] Setting `pad_token_id` to `eos_token_id`:151645 for open-end generation.
RQ3 OpenGVLab/InternVL3-8B text_plus_image calls=175/3600
[transformers] Setting `pad_token_id` to `eos_token_id`:151645 for open-end generation.
[transformers] Setting `pad_token_id` to `eos_token_id`:151645 for open-end generation.
[transformers] Setting `pad_token_id` to `eos_token_id`:151645 for open-end generation.
[transformers] Setting `pad_token_id` to `eos_token_id`:151645 for open-end generation.
[transformers] Setting `pad_token_id` to `eos_token_id`:151645 for open-end generation.
[transformers] Setting `pad_token_id` to `eos_token_id`:151645 for open-end generation.
[transformers] Setting `pad_token_id` to `eos_token_id`:151645 for open-end generation.
[transformers] Setting `pad_token_id` to `eos_token_id`:151645 for open-end generation.
[transformers] Setting `pad_token_id` to `eos_token_id`:151645 for open-end generation.
[transformers] Setting `pad_token_id` to `eos_token_id`:151645 for open-end generation.
[transformers] Setting `pad_token_id` to `eos_token_id`:151645 for open-end generation.
[transformers] Setting `pad_token_id` to `eos_token_id`:151645 for open-end generation.
[transformers] Setting `pad_token_id` to `eos_token_id`:151645 for open-end generation.
[transformers] Setting `pad_token_id` to `eos_token_id`:151645 for open-end generation.
[transformers] Setting `pad_token_id` to `eos_token_id`:151645 for open-end generation.
[transformers] Setting `pad_token_id` to `eos_token_id`:151645 for open-end generation.
[transformers] Setting `pad_token_id` to `eos_token_id`:151645 for open-end generation.
[transformers] Setting `pad_token_id` to `eos_token_id`:151645 for open-end generation.
[transformers] Setting `pad_token_id` to `eos_token_id`:151645 for open-end generation.
[transformers] Setting `pad_token_id` to `eos_token_id`:151645 for open-end generation.
[transformers] Setting `pad_token_id` to `eos_token_id`:151645 for open-end generation.
[transformers] Setting `pad_token_id` to `eos_token_id`:151645 for open-end generation.
[transformers] Setting `pad_token_id` to `eos_token_id`:151645 for open-end generation.
[transformers] Setting `pad_token_id` to `eos_token_id`:151645 for open-end generation.
[transformers] Setting `pad_token_id` to `eos_token_id`:151645 for open-end generation.
RQ3 OpenGVLab/InternVL3-8B text_plus_image calls=200/3600
[transformers] Setting `pad_token_id` to `eos_token_id`:151645 for open-end generation.
[transformers] Setting `pad_token_id` to `eos_token_id`:151645 for open-end generation.
[transformers] Setting `pad_token_id` to `eos_token_id`:151645 for open-end generation.
[transformers] Setting `pad_token_id` to `eos_token_id`:151645 for open-end generation.
[transformers] Setting `pad_token_id` to `eos_token_id`:151645 for open-end generation.
[transformers] Setting `pad_token_id` to `eos_token_id`:151645 for open-end generation.
[transformers] Setting `pad_token_id` to `eos_token_id`:151645 for open-end generation.
[transformers] Setting `pad_token_id` to `eos_token_id`:151645 for open-end generation.
[transformers] Setting `pad_token_id` to `eos_token_id`:151645 for open-end generation.
[transformers] Setting `pad_token_id` to `eos_token_id`:151645 for open-end generation.
[transformers] Setting `pad_token_id` to `eos_token_id`:151645 for open-end generation.
[transformers] Setting `pad_token_id` to `eos_token_id`:151645 for open-end generation.
[transformers] Setting `pad_token_id` to `eos_token_id`:151645 for open-end generation.
[transformers] Setting `pad_token_id` to `eos_token_id`:151645 for open-end generation.
[transformers] Setting `pad_token_id` to `eos_token_id`:151645 for open-end generation.
[transformers] Setting `pad_token_id` to `eos_token_id`:151645 for open-end generation.
[transformers] Setting `pad_token_id` to `eos_token_id`:151645 for open-end generation.
[transformers] Setting `pad_token_id` to `eos_token_id`:151645 for open-end generation.
[transformers] Setting `pad_token_id` to `eos_token_id`:151645 for open-end generation.
[transformers] Setting `pad_token_id` to `eos_token_id`:151645 for open-end generation.
[transformers] Setting `pad_token_id` to `eos_token_id`:151645 for open-end generation.
[transformers] Setting `pad_token_id` to `eos_token_id`:151645 for open-end generation.
[transformers] Setting `pad_token_id` to `eos_token_id`:151645 for open-end generation.
[transformers] Setting `pad_token_id` to `eos_token_id`:151645 for open-end generation.
[transformers] Setting `pad_token_id` to `eos_token_id`:151645 for open-end generation.
RQ3 OpenGVLab/InternVL3-8B text_plus_image calls=225/3600
[transformers] Setting `pad_token_id` to `eos_token_id`:151645 for open-end generation.
[transformers] Setting `pad_token_id` to `eos_token_id`:151645 for open-end generation.
[transformers] Setting `pad_token_id` to `eos_token_id`:151645 for open-end generation.
[transformers] Setting `pad_token_id` to `eos_token_id`:151645 for open-end generation.
[transformers] Setting `pad_token_id` to `eos_token_id`:151645 for open-end generation.
[transformers] Setting `pad_token_id` to `eos_token_id`:151645 for open-end generation.
[transformers] Setting `pad_token_id` to `eos_token_id`:151645 for open-end generation.
[transformers] Setting `pad_token_id` to `eos_token_id`:151645 for open-end generation.
[transformers] Setting `pad_token_id` to `eos_token_id`:151645 for open-end generation.
[transformers] Setting `pad_token_id` to `eos_token_id`:151645 for open-end generation.
[transformers] Setting `pad_token_id` to `eos_token_id`:151645 for open-end generation.
[transformers] Setting `pad_token_id` to `eos_token_id`:151645 for open-end generation.
[transformers] Setting `pad_token_id` to `eos_token_id`:151645 for open-end generation.
[transformers] Setting `pad_token_id` to `eos_token_id`:151645 for open-end generation.
[transformers] Setting `pad_token_id` to `eos_token_id`:151645 for open-end generation.
[transformers] Setting `pad_token_id` to `eos_token_id`:151645 for open-end generation.
[transformers] Setting `pad_token_id` to `eos_token_id`:151645 for open-end generation.
[transformers] Setting `pad_token_id` to `eos_token_id`:151645 for open-end generation.
[transformers] Setting `pad_token_id` to `eos_token_id`:151645 for open-end generation.
[transformers] Setting `pad_token_id` to `eos_token_id`:151645 for open-end generation.
[transformers] Setting `pad_token_id` to `eos_token_id`:151645 for open-end generation.
[transformers] Setting `pad_token_id` to `eos_token_id`:151645 for open-end generation.
[transformers] Setting `pad_token_id` to `eos_token_id`:151645 for open-end generation.
[transformers] Setting `pad_token_id` to `eos_token_id`:151645 for open-end generation.
[transformers] Setting `pad_token_id` to `eos_token_id`:151645 for open-end generation.
RQ3 OpenGVLab/InternVL3-8B text_plus_image calls=250/3600
[transformers] Setting `pad_token_id` to `eos_token_id`:151645 for open-end generation.
[transformers] Setting `pad_token_id` to `eos_token_id`:151645 for open-end generation.
[transformers] Setting `pad_token_id` to `eos_token_id`:151645 for open-end generation.
[transformers] Setting `pad_token_id` to `eos_token_id`:151645 for open-end generation.
[transformers] Setting `pad_token_id` to `eos_token_id`:151645 for open-end generation.
[transformers] Setting `pad_token_id` to `eos_token_id`:151645 for open-end generation.
[transformers] Setting `pad_token_id` to `eos_token_id`:151645 for open-end generation.
[transformers] Setting `pad_token_id` to `eos_token_id`:151645 for open-end generation.
[transformers] Setting `pad_token_id` to `eos_token_id`:151645 for open-end generation.
[transformers] Setting `pad_token_id` to `eos_token_id`:151645 for open-end generation.
[transformers] Setting `pad_token_id` to `eos_token_id`:151645 for open-end generation.
[transformers] Setting `pad_token_id` to `eos_token_id`:151645 for open-end generation.
[transformers] Setting `pad_token_id` to `eos_token_id`:151645 for open-end generation.
[transformers] Setting `pad_token_id` to `eos_token_id`:151645 for open-end generation.
[transformers] Setting `pad_token_id` to `eos_token_id`:151645 for open-end generation.
[transformers] Setting `pad_token_id` to `eos_token_id`:151645 for open-end generation.
[transformers] Setting `pad_token_id` to `eos_token_id`:151645 for open-end generation.
[transformers] Setting `pad_token_id` to `eos_token_id`:151645 for open-end generation.
[transformers] Setting `pad_token_id` to `eos_token_id`:151645 for open-end generation.
[transformers] Setting `pad_token_id` to `eos_token_id`:151645 for open-end generation.
[transformers] Setting `pad_token_id` to `eos_token_id`:151645 for open-end generation.
[transformers] Setting `pad_token_id` to `eos_token_id`:151645 for open-end generation.
[transformers] Setting `pad_token_id` to `eos_token_id`:151645 for open-end generation.
[transformers] Setting `pad_token_id` to `eos_token_id`:151645 for open-end generation.
[transformers] Setting `pad_token_id` to `eos_token_id`:151645 for open-end generation.
RQ3 OpenGVLab/InternVL3-8B text_plus_image calls=275/3600
[transformers] Setting `pad_token_id` to `eos_token_id`:151645 for open-end generation.
[transformers] Setting `pad_token_id` to `eos_token_id`:151645 for open-end generation.
[transformers] Setting `pad_token_id` to `eos_token_id`:151645 for open-end generation.
[transformers] Setting `pad_token_id` to `eos_token_id`:151645 for open-end generation.
[transformers] Setting `pad_token_id` to `eos_token_id`:151645 for open-end generation.
[transformers] Setting `pad_token_id` to `eos_token_id`:151645 for open-end generation.
[transformers] Setting `pad_token_id` to `eos_token_id`:151645 for open-end generation.
[transformers] Setting `pad_token_id` to `eos_token_id`:151645 for open-end generation.
[transformers] Setting `pad_token_id` to `eos_token_id`:151645 for open-end generation.
[transformers] Setting `pad_token_id` to `eos_token_id`:151645 for open-end generation.
[transformers] Setting `pad_token_id` to `eos_token_id`:151645 for open-end generation.
[transformers] Setting `pad_token_id` to `eos_token_id`:151645 for open-end generation.
[transformers] Setting `pad_token_id` to `eos_token_id`:151645 for open-end generation.
[transformers] Setting `pad_token_id` to `eos_token_id`:151645 for open-end generation.
[transformers] Setting `pad_token_id` to `eos_token_id`:151645 for open-end generation.
[transformers] Setting `pad_token_id` to `eos_token_id`:151645 for open-end generation.
[transformers] Setting `pad_token_id` to `eos_token_id`:151645 for open-end generation.
[transformers] Setting `pad_token_id` to `eos_token_id`:151645 for open-end generation.
[transformers] Setting `pad_token_id` to `eos_token_id`:151645 for open-end generation.
[transformers] Setting `pad_token_id` to `eos_token_id`:151645 for open-end generation.
[transformers] Setting `pad_token_id` to `eos_token_id`:151645 for open-end generation.
[transformers] Setting `pad_token_id` to `eos_token_id`:151645 for open-end generation.
[transformers] Setting `pad_token_id` to `eos_token_id`:151645 for open-end generation.
[transformers] Setting `pad_token_id` to `eos_token_id`:151645 for open-end generation.
[transformers] Setting `pad_token_id` to `eos_token_id`:151645 for open-end generation.
RQ3 OpenGVLab/InternVL3-8B text_plus_image calls=300/3600
[transformers] Setting `pad_token_id` to `eos_token_id`:151645 for open-end generation.
[transformers] Setting `pad_token_id` to `eos_token_id`:151645 for open-end generation.
[transformers] Setting `pad_token_id` to `eos_token_id`:151645 for open-end generation.
[transformers] Setting `pad_token_id` to `eos_token_id`:151645 for open-end generation.
[transformers] Setting `pad_token_id` to `eos_token_id`:151645 for open-end generation.
[transformers] Setting `pad_token_id` to `eos_token_id`:151645 for open-end generation.
[transformers] Setting `pad_token_id` to `eos_token_id`:151645 for open-end generation.
[transformers] Setting `pad_token_id` to `eos_token_id`:151645 for open-end generation.
[transformers] Setting `pad_token_id` to `eos_token_id`:151645 for open-end generation.
[transformers] Setting `pad_token_id` to `eos_token_id`:151645 for open-end generation.
[transformers] Setting `pad_token_id` to `eos_token_id`:151645 for open-end generation.
[transformers] Setting `pad_token_id` to `eos_token_id`:151645 for open-end generation.
[transformers] Setting `pad_token_id` to `eos_token_id`:151645 for open-end generation.
[transformers] Setting `pad_token_id` to `eos_token_id`:151645 for open-end generation.
[transformers] Setting `pad_token_id` to `eos_token_id`:151645 for open-end generation.
[transformers] Setting `pad_token_id` to `eos_token_id`:151645 for open-end generation.
[transformers] Setting `pad_token_id` to `eos_token_id`:151645 for open-end generation.
[transformers] Setting `pad_token_id` to `eos_token_id`:151645 for open-end generation.
[transformers] Setting `pad_token_id` to `eos_token_id`:151645 for open-end generation.
[transformers] Setting `pad_token_id` to `eos_token_id`:151645 for open-end generation.
[transformers] Setting `pad_token_id` to `eos_token_id`:151645 for open-end generation.
[transformers] Setting `pad_token_id` to `eos_token_id`:151645 for open-end generation.
[transformers] Setting `pad_token_id` to `eos_token_id`:151645 for open-end generation.
[transformers] Setting `pad_token_id` to `eos_token_id`:151645 for open-end generation.
[transformers] Setting `pad_token_id` to `eos_token_id`:151645 for open-end generation.
RQ3 OpenGVLab/InternVL3-8B text_plus_image calls=325/3600
[transformers] Setting `pad_token_id` to `eos_token_id`:151645 for open-end generation.
[transformers] Setting `pad_token_id` to `eos_token_id`:151645 for open-end generation.
[transformers] Setting `pad_token_id` to `eos_token_id`:151645 for open-end generation.
[transformers] Setting `pad_token_id` to `eos_token_id`:151645 for open-end generation.
[transformers] Setting `pad_token_id` to `eos_token_id`:151645 for open-end generation.
[transformers] Setting `pad_token_id` to `eos_token_id`:151645 for open-end generation.
[transformers] Setting `pad_token_id` to `eos_token_id`:151645 for open-end generation.
[transformers] Setting `pad_token_id` to `eos_token_id`:151645 for open-end generation.
[transformers] Setting `pad_token_id` to `eos_token_id`:151645 for open-end generation.
[transformers] Setting `pad_token_id` to `eos_token_id`:151645 for open-end generation.
[transformers] Setting `pad_token_id` to `eos_token_id`:151645 for open-end generation.
[transformers] Setting `pad_token_id` to `eos_token_id`:151645 for open-end generation.
[transformers] Setting `pad_token_id` to `eos_token_id`:151645 for open-end generation.
[transformers] Setting `pad_token_id` to `eos_token_id`:151645 for open-end generation.
[transformers] Setting `pad_token_id` to `eos_token_id`:151645 for open-end generation.
[transformers] Setting `pad_token_id` to `eos_token_id`:151645 for open-end generation.
[transformers] Setting `pad_token_id` to `eos_token_id`:151645 for open-end generation.
[transformers] Setting `pad_token_id` to `eos_token_id`:151645 for open-end generation.
[transformers] Setting `pad_token_id` to `eos_token_id`:151645 for open-end generation.
[transformers] Setting `pad_token_id` to `eos_token_id`:151645 for open-end generation.
[transformers] Setting `pad_token_id` to `eos_token_id`:151645 for open-end generation.
[transformers] Setting `pad_token_id` to `eos_token_id`:151645 for open-end generation.
[transformers] Setting `pad_token_id` to `eos_token_id`:151645 for open-end generation.
[transformers] Setting `pad_token_id` to `eos_token_id`:151645 for open-end generation.
[transformers] Setting `pad_token_id` to `eos_token_id`:151645 for open-end generation.
RQ3 OpenGVLab/InternVL3-8B text_plus_image calls=350/3600
[transformers] Setting `pad_token_id` to `eos_token_id`:151645 for open-end generation.
[transformers] Setting `pad_token_id` to `eos_token_id`:151645 for open-end generation.
[transformers] Setting `pad_token_id` to `eos_token_id`:151645 for open-end generation.
[transformers] Setting `pad_token_id` to `eos_token_id`:151645 for open-end generation.
[transformers] Setting `pad_token_id` to `eos_token_id`:151645 for open-end generation.
[transformers] Setting `pad_token_id` to `eos_token_id`:151645 for open-end generation.
[transformers] Setting `pad_token_id` to `eos_token_id`:151645 for open-end generation.
[transformers] Setting `pad_token_id` to `eos_token_id`:151645 for open-end generation.
[transformers] Setting `pad_token_id` to `eos_token_id`:151645 for open-end generation.
[transformers] Setting `pad_token_id` to `eos_token_id`:151645 for open-end generation.
[transformers] Setting `pad_token_id` to `eos_token_id`:151645 for open-end generation.
[transformers] Setting `pad_token_id` to `eos_token_id`:151645 for open-end generation.
[transformers] Setting `pad_token_id` to `eos_token_id`:151645 for open-end generation.
[transformers] Setting `pad_token_id` to `eos_token_id`:151645 for open-end generation.
[transformers] Setting `pad_token_id` to `eos_token_id`:151645 for open-end generation.
[transformers] Setting `pad_token_id` to `eos_token_id`:151645 for open-end generation.
[transformers] Setting `pad_token_id` to `eos_token_id`:151645 for open-end generation.
[transformers] Setting `pad_token_id` to `eos_token_id`:151645 for open-end generation.
[transformers] Setting `pad_token_id` to `eos_token_id`:151645 for open-end generation.
[transformers] Setting `pad_token_id` to `eos_token_id`:151645 for open-end generation.
[transformers] Setting `pad_token_id` to `eos_token_id`:151645 for open-end generation.
[transformers] Setting `pad_token_id` to `eos_token_id`:151645 for open-end generation.
[transformers] Setting `pad_token_id` to `eos_token_id`:151645 for open-end generation.
[transformers] Setting `pad_token_id` to `eos_token_id`:151645 for open-end generation.
[transformers] Setting `pad_token_id` to `eos_token_id`:151645 for open-end generation.
RQ3 OpenGVLab/InternVL3-8B text_plus_image calls=375/3600
[transformers] Setting `pad_token_id` to `eos_token_id`:151645 for open-end generation.
[transformers] Setting `pad_token_id` to `eos_token_id`:151645 for open-end generation.
[transformers] Setting `pad_token_id` to `eos_token_id`:151645 for open-end generation.
[transformers] Setting `pad_token_id` to `eos_token_id`:151645 for open-end generation.
[transformers] Setting `pad_token_id` to `eos_token_id`:151645 for open-end generation.
[transformers] Setting `pad_token_id` to `eos_token_id`:151645 for open-end generation.
[transformers] Setting `pad_token_id` to `eos_token_id`:151645 for open-end generation.
[transformers] Setting `pad_token_id` to `eos_token_id`:151645 for open-end generation.
[transformers] Setting `pad_token_id` to `eos_token_id`:151645 for open-end generation.
[transformers] Setting `pad_token_id` to `eos_token_id`:151645 for open-end generation.
[transformers] Setting `pad_token_id` to `eos_token_id`:151645 for open-end generation.
[transformers] Setting `pad_token_id` to `eos_token_id`:151645 for open-end generation.
[transformers] Setting `pad_token_id` to `eos_token_id`:151645 for open-end generation.
[transformers] Setting `pad_token_id` to `eos_token_id`:151645 for open-end generation.
[transformers] Setting `pad_token_id` to `eos_token_id`:151645 for open-end generation.
[transformers] Setting `pad_token_id` to `eos_token_id`:151645 for open-end generation.
[transformers] Setting `pad_token_id` to `eos_token_id`:151645 for open-end generation.
[transformers] Setting `pad_token_id` to `eos_token_id`:151645 for open-end generation.
[transformers] Setting `pad_token_id` to `eos_token_id`:151645 for open-end generation.
[transformers] Setting `pad_token_id` to `eos_token_id`:151645 for open-end generation.
[transformers] Setting `pad_token_id` to `eos_token_id`:151645 for open-end generation.
[transformers] Setting `pad_token_id` to `eos_token_id`:151645 for open-end generation.
[transformers] Setting `pad_token_id` to `eos_token_id`:151645 for open-end generation.
[transformers] Setting `pad_token_id` to `eos_token_id`:151645 for open-end generation.
[transformers] Setting `pad_token_id` to `eos_token_id`:151645 for open-end generation.
RQ3 OpenGVLab/InternVL3-8B text_plus_image calls=400/3600
[transformers] Setting `pad_token_id` to `eos_token_id`:151645 for open-end generation.
[transformers] Setting `pad_token_id` to `eos_token_id`:151645 for open-end generation.
[transformers] Setting `pad_token_id` to `eos_token_id`:151645 for open-end generation.
[transformers] Setting `pad_token_id` to `eos_token_id`:151645 for open-end generation.
[transformers] Setting `pad_token_id` to `eos_token_id`:151645 for open-end generation.
[transformers] Setting `pad_token_id` to `eos_token_id`:151645 for open-end generation.
[transformers] Setting `pad_token_id` to `eos_token_id`:151645 for open-end generation.
[transformers] Setting `pad_token_id` to `eos_token_id`:151645 for open-end generation.
[transformers] Setting `pad_token_id` to `eos_token_id`:151645 for open-end generation.
[transformers] Setting `pad_token_id` to `eos_token_id`:151645 for open-end generation.
[transformers] Setting `pad_token_id` to `eos_token_id`:151645 for open-end generation.
[transformers] Setting `pad_token_id` to `eos_token_id`:151645 for open-end generation.
[transformers] Setting `pad_token_id` to `eos_token_id`:151645 for open-end generation.
[transformers] Setting `pad_token_id` to `eos_token_id`:151645 for open-end generation.
[transformers] Setting `pad_token_id` to `eos_token_id`:151645 for open-end generation.
[transformers] Setting `pad_token_id` to `eos_token_id`:151645 for open-end generation.
[transformers] Setting `pad_token_id` to `eos_token_id`:151645 for open-end generation.
[transformers] Setting `pad_token_id` to `eos_token_id`:151645 for open-end generation.
[transformers] Setting `pad_token_id` to `eos_token_id`:151645 for open-end generation.
[transformers] Setting `pad_token_id` to `eos_token_id`:151645 for open-end generation.
[transformers] Setting `pad_token_id` to `eos_token_id`:151645 for open-end generation.
[transformers] Setting `pad_token_id` to `eos_token_id`:151645 for open-end generation.
[transformers] Setting `pad_token_id` to `eos_token_id`:151645 for open-end generation.
[transformers] Setting `pad_token_id` to `eos_token_id`:151645 for open-end generation.
[transformers] Setting `pad_token_id` to `eos_token_id`:151645 for open-end generation.
RQ3 OpenGVLab/InternVL3-8B text_plus_image calls=425/3600
[transformers] Setting `pad_token_id` to `eos_token_id`:151645 for open-end generation.
[transformers] Setting `pad_token_id` to `eos_token_id`:151645 for open-end generation.
[transformers] Setting `pad_token_id` to `eos_token_id`:151645 for open-end generation.
[transformers] Setting `pad_token_id` to `eos_token_id`:151645 for open-end generation.
[transformers] Setting `pad_token_id` to `eos_token_id`:151645 for open-end generation.
[transformers] Setting `pad_token_id` to `eos_token_id`:151645 for open-end generation.
[transformers] Setting `pad_token_id` to `eos_token_id`:151645 for open-end generation.
[transformers] Setting `pad_token_id` to `eos_token_id`:151645 for open-end generation.
[transformers] Setting `pad_token_id` to `eos_token_id`:151645 for open-end generation.
[transformers] Setting `pad_token_id` to `eos_token_id`:151645 for open-end generation.
[transformers] Setting `pad_token_id` to `eos_token_id`:151645 for open-end generation.
[transformers] Setting `pad_token_id` to `eos_token_id`:151645 for open-end generation.
[transformers] Setting `pad_token_id` to `eos_token_id`:151645 for open-end generation.
[transformers] Setting `pad_token_id` to `eos_token_id`:151645 for open-end generation.
[transformers] Setting `pad_token_id` to `eos_token_id`:151645 for open-end generation.
[transformers] Setting `pad_token_id` to `eos_token_id`:151645 for open-end generation.
[transformers] Setting `pad_token_id` to `eos_token_id`:151645 for open-end generation.
[transformers] Setting `pad_token_id` to `eos_token_id`:151645 for open-end generation.
[transformers] Setting `pad_token_id` to `eos_token_id`:151645 for open-end generation.
[transformers] Setting `pad_token_id` to `eos_token_id`:151645 for open-end generation.
[transformers] Setting `pad_token_id` to `eos_token_id`:151645 for open-end generation.
[transformers] Setting `pad_token_id` to `eos_token_id`:151645 for open-end generation.
[transformers] Setting `pad_token_id` to `eos_token_id`:151645 for open-end generation.
[transformers] Setting `pad_token_id` to `eos_token_id`:151645 for open-end generation.
[transformers] Setting `pad_token_id` to `eos_token_id`:151645 for open-end generation.
RQ3 OpenGVLab/InternVL3-8B text_plus_image calls=450/3600
[transformers] Setting `pad_token_id` to `eos_token_id`:151645 for open-end generation.
[transformers] Setting `pad_token_id` to `eos_token_id`:151645 for open-end generation.
[transformers] Setting `pad_token_id` to `eos_token_id`:151645 for open-end generation.
[transformers] Setting `pad_token_id` to `eos_token_id`:151645 for open-end generation.
[transformers] Setting `pad_token_id` to `eos_token_id`:151645 for open-end generation.
[transformers] Setting `pad_token_id` to `eos_token_id`:151645 for open-end generation.
[transformers] Setting `pad_token_id` to `eos_token_id`:151645 for open-end generation.
[transformers] Setting `pad_token_id` to `eos_token_id`:151645 for open-end generation.
[transformers] Setting `pad_token_id` to `eos_token_id`:151645 for open-end generation.
[transformers] Setting `pad_token_id` to `eos_token_id`:151645 for open-end generation.
[transformers] Setting `pad_token_id` to `eos_token_id`:151645 for open-end generation.
[transformers] Setting `pad_token_id` to `eos_token_id`:151645 for open-end generation.
[transformers] Setting `pad_token_id` to `eos_token_id`:151645 for open-end generation.
[transformers] Setting `pad_token_id` to `eos_token_id`:151645 for open-end generation.
[transformers] Setting `pad_token_id` to `eos_token_id`:151645 for open-end generation.
[transformers] Setting `pad_token_id` to `eos_token_id`:151645 for open-end generation.
[transformers] Setting `pad_token_id` to `eos_token_id`:151645 for open-end generation.
[transformers] Setting `pad_token_id` to `eos_token_id`:151645 for open-end generation.
[transformers] Setting `pad_token_id` to `eos_token_id`:151645 for open-end generation.
[transformers] Setting `pad_token_id` to `eos_token_id`:151645 for open-end generation.
[transformers] Setting `pad_token_id` to `eos_token_id`:151645 for open-end generation.
[transformers] Setting `pad_token_id` to `eos_token_id`:151645 for open-end generation.
[transformers] Setting `pad_token_id` to `eos_token_id`:151645 for open-end generation.
[transformers] Setting `pad_token_id` to `eos_token_id`:151645 for open-end generation.
[transformers] Setting `pad_token_id` to `eos_token_id`:151645 for open-end generation.
RQ3 OpenGVLab/InternVL3-8B text_plus_image calls=475/3600
[transformers] Setting `pad_token_id` to `eos_token_id`:151645 for open-end generation.
[transformers] Setting `pad_token_id` to `eos_token_id`:151645 for open-end generation.
[transformers] Setting `pad_token_id` to `eos_token_id`:151645 for open-end generation.
[transformers] Setting `pad_token_id` to `eos_token_id`:151645 for open-end generation.
[transformers] Setting `pad_token_id` to `eos_token_id`:151645 for open-end generation.
[transformers] Setting `pad_token_id` to `eos_token_id`:151645 for open-end generation.
[transformers] Setting `pad_token_id` to `eos_token_id`:151645 for open-end generation.
[transformers] Setting `pad_token_id` to `eos_token_id`:151645 for open-end generation.
[transformers] Setting `pad_token_id` to `eos_token_id`:151645 for open-end generation.
[transformers] Setting `pad_token_id` to `eos_token_id`:151645 for open-end generation.
[transformers] Setting `pad_token_id` to `eos_token_id`:151645 for open-end generation.
[transformers] Setting `pad_token_id` to `eos_token_id`:151645 for open-end generation.
[transformers] Setting `pad_token_id` to `eos_token_id`:151645 for open-end generation.
[transformers] Setting `pad_token_id` to `eos_token_id`:151645 for open-end generation.
[transformers] Setting `pad_token_id` to `eos_token_id`:151645 for open-end generation.
[transformers] Setting `pad_token_id` to `eos_token_id`:151645 for open-end generation.
[transformers] Setting `pad_token_id` to `eos_token_id`:151645 for open-end generation.
[transformers] Setting `pad_token_id` to `eos_token_id`:151645 for open-end generation.
[transformers] Setting `pad_token_id` to `eos_token_id`:151645 for open-end generation.
[transformers] Setting `pad_token_id` to `eos_token_id`:151645 for open-end generation.
[transformers] Setting `pad_token_id` to `eos_token_id`:151645 for open-end generation.
[transformers] Setting `pad_token_id` to `eos_token_id`:151645 for open-end generation.
[transformers] Setting `pad_token_id` to `eos_token_id`:151645 for open-end generation.
[transformers] Setting `pad_token_id` to `eos_token_id`:151645 for open-end generation.
[transformers] Setting `pad_token_id` to `eos_token_id`:151645 for open-end generation.
RQ3 OpenGVLab/InternVL3-8B text_plus_image calls=500/3600
[transformers] Setting `pad_token_id` to `eos_token_id`:151645 for open-end generation.
[transformers] Setting `pad_token_id` to `eos_token_id`:151645 for open-end generation.
[transformers] Setting `pad_token_id` to `eos_token_id`:151645 for open-end generation.
[transformers] Setting `pad_token_id` to `eos_token_id`:151645 for open-end generation.
[transformers] Setting `pad_token_id` to `eos_token_id`:151645 for open-end generation.
[transformers] Setting `pad_token_id` to `eos_token_id`:151645 for open-end generation.
[transformers] Setting `pad_token_id` to `eos_token_id`:151645 for open-end generation.
[transformers] Setting `pad_token_id` to `eos_token_id`:151645 for open-end generation.
[transformers] Setting `pad_token_id` to `eos_token_id`:151645 for open-end generation.
[transformers] Setting `pad_token_id` to `eos_token_id`:151645 for open-end generation.
[transformers] Setting `pad_token_id` to `eos_token_id`:151645 for open-end generation.
[transformers] Setting `pad_token_id` to `eos_token_id`:151645 for open-end generation.
[transformers] Setting `pad_token_id` to `eos_token_id`:151645 for open-end generation.
[transformers] Setting `pad_token_id` to `eos_token_id`:151645 for open-end generation.
[transformers] Setting `pad_token_id` to `eos_token_id`:151645 for open-end generation.
[transformers] Setting `pad_token_id` to `eos_token_id`:151645 for open-end generation.
[transformers] Setting `pad_token_id` to `eos_token_id`:151645 for open-end generation.
[transformers] Setting `pad_token_id` to `eos_token_id`:151645 for open-end generation.
[transformers] Setting `pad_token_id` to `eos_token_id`:151645 for open-end generation.
[transformers] Setting `pad_token_id` to `eos_token_id`:151645 for open-end generation.
[transformers] Setting `pad_token_id` to `eos_token_id`:151645 for open-end generation.
[transformers] Setting `pad_token_id` to `eos_token_id`:151645 for open-end generation.
[transformers] Setting `pad_token_id` to `eos_token_id`:151645 for open-end generation.
[transformers] Setting `pad_token_id` to `eos_token_id`:151645 for open-end generation.
[transformers] Setting `pad_token_id` to `eos_token_id`:151645 for open-end generation.
RQ3 OpenGVLab/InternVL3-8B text_plus_image calls=525/3600
[transformers] Setting `pad_token_id` to `eos_token_id`:151645 for open-end generation.
[transformers] Setting `pad_token_id` to `eos_token_id`:151645 for open-end generation.
[transformers] Setting `pad_token_id` to `eos_token_id`:151645 for open-end generation.
[transformers] Setting `pad_token_id` to `eos_token_id`:151645 for open-end generation.
[transformers] Setting `pad_token_id` to `eos_token_id`:151645 for open-end generation.
[transformers] Setting `pad_token_id` to `eos_token_id`:151645 for open-end generation.
[transformers] Setting `pad_token_id` to `eos_token_id`:151645 for open-end generation.
[transformers] Setting `pad_token_id` to `eos_token_id`:151645 for open-end generation.
[transformers] Setting `pad_token_id` to `eos_token_id`:151645 for open-end generation.
[transformers] Setting `pad_token_id` to `eos_token_id`:151645 for open-end generation.
[transformers] Setting `pad_token_id` to `eos_token_id`:151645 for open-end generation.
[transformers] Setting `pad_token_id` to `eos_token_id`:151645 for open-end generation.
[transformers] Setting `pad_token_id` to `eos_token_id`:151645 for open-end generation.
[transformers] Setting `pad_token_id` to `eos_token_id`:151645 for open-end generation.
[transformers] Setting `pad_token_id` to `eos_token_id`:151645 for open-end generation.
[transformers] Setting `pad_token_id` to `eos_token_id`:151645 for open-end generation.
[transformers] Setting `pad_token_id` to `eos_token_id`:151645 for open-end generation.
[transformers] Setting `pad_token_id` to `eos_token_id`:151645 for open-end generation.
[transformers] Setting `pad_token_id` to `eos_token_id`:151645 for open-end generation.
[transformers] Setting `pad_token_id` to `eos_token_id`:151645 for open-end generation.
[transformers] Setting `pad_token_id` to `eos_token_id`:151645 for open-end generation.
[transformers] Setting `pad_token_id` to `eos_token_id`:151645 for open-end generation.
[transformers] Setting `pad_token_id` to `eos_token_id`:151645 for open-end generation.
[transformers] Setting `pad_token_id` to `eos_token_id`:151645 for open-end generation.
[transformers] Setting `pad_token_id` to `eos_token_id`:151645 for open-end generation.
RQ3 OpenGVLab/InternVL3-8B text_plus_image calls=550/3600
[transformers] Setting `pad_token_id` to `eos_token_id`:151645 for open-end generation.
[transformers] Setting `pad_token_id` to `eos_token_id`:151645 for open-end generation.
[transformers] Setting `pad_token_id` to `eos_token_id`:151645 for open-end generation.
[transformers] Setting `pad_token_id` to `eos_token_id`:151645 for open-end generation.
[transformers] Setting `pad_token_id` to `eos_token_id`:151645 for open-end generation.
[transformers] Setting `pad_token_id` to `eos_token_id`:151645 for open-end generation.
[transformers] Setting `pad_token_id` to `eos_token_id`:151645 for open-end generation.
[transformers] Setting `pad_token_id` to `eos_token_id`:151645 for open-end generation.
[transformers] Setting `pad_token_id` to `eos_token_id`:151645 for open-end generation.
[transformers] Setting `pad_token_id` to `eos_token_id`:151645 for open-end generation.
[transformers] Setting `pad_token_id` to `eos_token_id`:151645 for open-end generation.
[transformers] Setting `pad_token_id` to `eos_token_id`:151645 for open-end generation.
[transformers] Setting `pad_token_id` to `eos_token_id`:151645 for open-end generation.
[transformers] Setting `pad_token_id` to `eos_token_id`:151645 for open-end generation.
[transformers] Setting `pad_token_id` to `eos_token_id`:151645 for open-end generation.
[transformers] Setting `pad_token_id` to `eos_token_id`:151645 for open-end generation.
[transformers] Setting `pad_token_id` to `eos_token_id`:151645 for open-end generation.
[transformers] Setting `pad_token_id` to `eos_token_id`:151645 for open-end generation.
[transformers] Setting `pad_token_id` to `eos_token_id`:151645 for open-end generation.
[transformers] Setting `pad_token_id` to `eos_token_id`:151645 for open-end generation.
[transformers] Setting `pad_token_id` to `eos_token_id`:151645 for open-end generation.
[transformers] Setting `pad_token_id` to `eos_token_id`:151645 for open-end generation.
[transformers] Setting `pad_token_id` to `eos_token_id`:151645 for open-end generation.
[transformers] Setting `pad_token_id` to `eos_token_id`:151645 for open-end generation.
[transformers] Setting `pad_token_id` to `eos_token_id`:151645 for open-end generation.
RQ3 OpenGVLab/InternVL3-8B text_plus_image calls=575/3600
[transformers] Setting `pad_token_id` to `eos_token_id`:151645 for open-end generation.
[transformers] Setting `pad_token_id` to `eos_token_id`:151645 for open-end generation.
[transformers] Setting `pad_token_id` to `eos_token_id`:151645 for open-end generation.
[transformers] Setting `pad_token_id` to `eos_token_id`:151645 for open-end generation.
[transformers] Setting `pad_token_id` to `eos_token_id`:151645 for open-end generation.
[transformers] Setting `pad_token_id` to `eos_token_id`:151645 for open-end generation.
[transformers] Setting `pad_token_id` to `eos_token_id`:151645 for open-end generation.
[transformers] Setting `pad_token_id` to `eos_token_id`:151645 for open-end generation.
[transformers] Setting `pad_token_id` to `eos_token_id`:151645 for open-end generation.
[transformers] Setting `pad_token_id` to `eos_token_id`:151645 for open-end generation.
[transformers] Setting `pad_token_id` to `eos_token_id`:151645 for open-end generation.
[transformers] Setting `pad_token_id` to `eos_token_id`:151645 for open-end generation.
[transformers] Setting `pad_token_id` to `eos_token_id`:151645 for open-end generation.
[transformers] Setting `pad_token_id` to `eos_token_id`:151645 for open-end generation.
[transformers] Setting `pad_token_id` to `eos_token_id`:151645 for open-end generation.
[transformers] Setting `pad_token_id` to `eos_token_id`:151645 for open-end generation.
[transformers] Setting `pad_token_id` to `eos_token_id`:151645 for open-end generation.
[transformers] Setting `pad_token_id` to `eos_token_id`:151645 for open-end generation.
[transformers] Setting `pad_token_id` to `eos_token_id`:151645 for open-end generation.
[transformers] Setting `pad_token_id` to `eos_token_id`:151645 for open-end generation.
[transformers] Setting `pad_token_id` to `eos_token_id`:151645 for open-end generation.
[transformers] Setting `pad_token_id` to `eos_token_id`:151645 for open-end generation.
[transformers] Setting `pad_token_id` to `eos_token_id`:151645 for open-end generation.
[transformers] Setting `pad_token_id` to `eos_token_id`:151645 for open-end generation.
[transformers] Setting `pad_token_id` to `eos_token_id`:151645 for open-end generation.
RQ3 OpenGVLab/InternVL3-8B text_plus_image calls=600/3600
[transformers] Setting `pad_token_id` to `eos_token_id`:151645 for open-end generation.
[transformers] Setting `pad_token_id` to `eos_token_id`:151645 for open-end generation.
[transformers] Setting `pad_token_id` to `eos_token_id`:151645 for open-end generation.
[transformers] Setting `pad_token_id` to `eos_token_id`:151645 for open-end generation.
[transformers] Setting `pad_token_id` to `eos_token_id`:151645 for open-end generation.
[transformers] Setting `pad_token_id` to `eos_token_id`:151645 for open-end generation.
[transformers] Setting `pad_token_id` to `eos_token_id`:151645 for open-end generation.
[transformers] Setting `pad_token_id` to `eos_token_id`:151645 for open-end generation.
[transformers] Setting `pad_token_id` to `eos_token_id`:151645 for open-end generation.
[transformers] Setting `pad_token_id` to `eos_token_id`:151645 for open-end generation.
[transformers] Setting `pad_token_id` to `eos_token_id`:151645 for open-end generation.
[transformers] Setting `pad_token_id` to `eos_token_id`:151645 for open-end generation.
[transformers] Setting `pad_token_id` to `eos_token_id`:151645 for open-end generation.
[transformers] Setting `pad_token_id` to `eos_token_id`:151645 for open-end generation.
[transformers] Setting `pad_token_id` to `eos_token_id`:151645 for open-end generation.
[transformers] Setting `pad_token_id` to `eos_token_id`:151645 for open-end generation.
[transformers] Setting `pad_token_id` to `eos_token_id`:151645 for open-end generation.
[transformers] Setting `pad_token_id` to `eos_token_id`:151645 for open-end generation.
[transformers] Setting `pad_token_id` to `eos_token_id`:151645 for open-end generation.
[transformers] Setting `pad_token_id` to `eos_token_id`:151645 for open-end generation.
[transformers] Setting `pad_token_id` to `eos_token_id`:151645 for open-end generation.
[transformers] Setting `pad_token_id` to `eos_token_id`:151645 for open-end generation.
[transformers] Setting `pad_token_id` to `eos_token_id`:151645 for open-end generation.
[transformers] Setting `pad_token_id` to `eos_token_id`:151645 for open-end generation.
[transformers] Setting `pad_token_id` to `eos_token_id`:151645 for open-end generation.
RQ3 OpenGVLab/InternVL3-8B text_plus_image calls=625/3600
[transformers] Setting `pad_token_id` to `eos_token_id`:151645 for open-end generation.
[transformers] Setting `pad_token_id` to `eos_token_id`:151645 for open-end generation.
[transformers] Setting `pad_token_id` to `eos_token_id`:151645 for open-end generation.
[transformers] Setting `pad_token_id` to `eos_token_id`:151645 for open-end generation.
[transformers] Setting `pad_token_id` to `eos_token_id`:151645 for open-end generation.
[transformers] Setting `pad_token_id` to `eos_token_id`:151645 for open-end generation.
[transformers] Setting `pad_token_id` to `eos_token_id`:151645 for open-end generation.
[transformers] Setting `pad_token_id` to `eos_token_id`:151645 for open-end generation.
[transformers] Setting `pad_token_id` to `eos_token_id`:151645 for open-end generation.
[transformers] Setting `pad_token_id` to `eos_token_id`:151645 for open-end generation.
[transformers] Setting `pad_token_id` to `eos_token_id`:151645 for open-end generation.
[transformers] Setting `pad_token_id` to `eos_token_id`:151645 for open-end generation.
[transformers] Setting `pad_token_id` to `eos_token_id`:151645 for open-end generation.
[transformers] Setting `pad_token_id` to `eos_token_id`:151645 for open-end generation.
[transformers] Setting `pad_token_id` to `eos_token_id`:151645 for open-end generation.
[transformers] Setting `pad_token_id` to `eos_token_id`:151645 for open-end generation.
[transformers] Setting `pad_token_id` to `eos_token_id`:151645 for open-end generation.
[transformers] Setting `pad_token_id` to `eos_token_id`:151645 for open-end generation.
[transformers] Setting `pad_token_id` to `eos_token_id`:151645 for open-end generation.
[transformers] Setting `pad_token_id` to `eos_token_id`:151645 for open-end generation.
[transformers] Setting `pad_token_id` to `eos_token_id`:151645 for open-end generation.
[transformers] Setting `pad_token_id` to `eos_token_id`:151645 for open-end generation.
[transformers] Setting `pad_token_id` to `eos_token_id`:151645 for open-end generation.
[transformers] Setting `pad_token_id` to `eos_token_id`:151645 for open-end generation.
[transformers] Setting `pad_token_id` to `eos_token_id`:151645 for open-end generation.
RQ3 OpenGVLab/InternVL3-8B text_plus_image calls=650/3600
[transformers] Setting `pad_token_id` to `eos_token_id`:151645 for open-end generation.
[transformers] Setting `pad_token_id` to `eos_token_id`:151645 for open-end generation.
[transformers] Setting `pad_token_id` to `eos_token_id`:151645 for open-end generation.
[transformers] Setting `pad_token_id` to `eos_token_id`:151645 for open-end generation.
[transformers] Setting `pad_token_id` to `eos_token_id`:151645 for open-end generation.
[transformers] Setting `pad_token_id` to `eos_token_id`:151645 for open-end generation.
[transformers] Setting `pad_token_id` to `eos_token_id`:151645 for open-end generation.
[transformers] Setting `pad_token_id` to `eos_token_id`:151645 for open-end generation.
[transformers] Setting `pad_token_id` to `eos_token_id`:151645 for open-end generation.
[transformers] Setting `pad_token_id` to `eos_token_id`:151645 for open-end generation.
[transformers] Setting `pad_token_id` to `eos_token_id`:151645 for open-end generation.
[transformers] Setting `pad_token_id` to `eos_token_id`:151645 for open-end generation.
[transformers] Setting `pad_token_id` to `eos_token_id`:151645 for open-end generation.
[transformers] Setting `pad_token_id` to `eos_token_id`:151645 for open-end generation.
[transformers] Setting `pad_token_id` to `eos_token_id`:151645 for open-end generation.
[transformers] Setting `pad_token_id` to `eos_token_id`:151645 for open-end generation.
[transformers] Setting `pad_token_id` to `eos_token_id`:151645 for open-end generation.
[transformers] Setting `pad_token_id` to `eos_token_id`:151645 for open-end generation.
[transformers] Setting `pad_token_id` to `eos_token_id`:151645 for open-end generation.
[transformers] Setting `pad_token_id` to `eos_token_id`:151645 for open-end generation.
[transformers] Setting `pad_token_id` to `eos_token_id`:151645 for open-end generation.
[transformers] Setting `pad_token_id` to `eos_token_id`:151645 for open-end generation.
[transformers] Setting `pad_token_id` to `eos_token_id`:151645 for open-end generation.
[transformers] Setting `pad_token_id` to `eos_token_id`:151645 for open-end generation.
[transformers] Setting `pad_token_id` to `eos_token_id`:151645 for open-end generation.
RQ3 OpenGVLab/InternVL3-8B text_plus_image calls=675/3600
[transformers] Setting `pad_token_id` to `eos_token_id`:151645 for open-end generation.
[transformers] Setting `pad_token_id` to `eos_token_id`:151645 for open-end generation.
[transformers] Setting `pad_token_id` to `eos_token_id`:151645 for open-end generation.
[transformers] Setting `pad_token_id` to `eos_token_id`:151645 for open-end generation.
[transformers] Setting `pad_token_id` to `eos_token_id`:151645 for open-end generation.
[transformers] Setting `pad_token_id` to `eos_token_id`:151645 for open-end generation.
[transformers] Setting `pad_token_id` to `eos_token_id`:151645 for open-end generation.
[transformers] Setting `pad_token_id` to `eos_token_id`:151645 for open-end generation.
[transformers] Setting `pad_token_id` to `eos_token_id`:151645 for open-end generation.
[transformers] Setting `pad_token_id` to `eos_token_id`:151645 for open-end generation.
[transformers] Setting `pad_token_id` to `eos_token_id`:151645 for open-end generation.
[transformers] Setting `pad_token_id` to `eos_token_id`:151645 for open-end generation.
[transformers] Setting `pad_token_id` to `eos_token_id`:151645 for open-end generation.
[transformers] Setting `pad_token_id` to `eos_token_id`:151645 for open-end generation.
[transformers] Setting `pad_token_id` to `eos_token_id`:151645 for open-end generation.
[transformers] Setting `pad_token_id` to `eos_token_id`:151645 for open-end generation.
[transformers] Setting `pad_token_id` to `eos_token_id`:151645 for open-end generation.
[transformers] Setting `pad_token_id` to `eos_token_id`:151645 for open-end generation.
[transformers] Setting `pad_token_id` to `eos_token_id`:151645 for open-end generation.
[transformers] Setting `pad_token_id` to `eos_token_id`:151645 for open-end generation.
[transformers] Setting `pad_token_id` to `eos_token_id`:151645 for open-end generation.
[transformers] Setting `pad_token_id` to `eos_token_id`:151645 for open-end generation.
[transformers] Setting `pad_token_id` to `eos_token_id`:151645 for open-end generation.
[transformers] Setting `pad_token_id` to `eos_token_id`:151645 for open-end generation.
[transformers] Setting `pad_token_id` to `eos_token_id`:151645 for open-end generation.
RQ3 OpenGVLab/InternVL3-8B text_plus_image calls=700/3600
[transformers] Setting `pad_token_id` to `eos_token_id`:151645 for open-end generation.
[transformers] Setting `pad_token_id` to `eos_token_id`:151645 for open-end generation.
[transformers] Setting `pad_token_id` to `eos_token_id`:151645 for open-end generation.
[transformers] Setting `pad_token_id` to `eos_token_id`:151645 for open-end generation.
[transformers] Setting `pad_token_id` to `eos_token_id`:151645 for open-end generation.
[transformers] Setting `pad_token_id` to `eos_token_id`:151645 for open-end generation.
[transformers] Setting `pad_token_id` to `eos_token_id`:151645 for open-end generation.
[transformers] Setting `pad_token_id` to `eos_token_id`:151645 for open-end generation.
[transformers] Setting `pad_token_id` to `eos_token_id`:151645 for open-end generation.
[transformers] Setting `pad_token_id` to `eos_token_id`:151645 for open-end generation.
[transformers] Setting `pad_token_id` to `eos_token_id`:151645 for open-end generation.
[transformers] Setting `pad_token_id` to `eos_token_id`:151645 for open-end generation.
[transformers] Setting `pad_token_id` to `eos_token_id`:151645 for open-end generation.
[transformers] Setting `pad_token_id` to `eos_token_id`:151645 for open-end generation.
[transformers] Setting `pad_token_id` to `eos_token_id`:151645 for open-end generation.
[transformers] Setting `pad_token_id` to `eos_token_id`:151645 for open-end generation.
[transformers] Setting `pad_token_id` to `eos_token_id`:151645 for open-end generation.
[transformers] Setting `pad_token_id` to `eos_token_id`:151645 for open-end generation.
[transformers] Setting `pad_token_id` to `eos_token_id`:151645 for open-end generation.
[transformers] Setting `pad_token_id` to `eos_token_id`:151645 for open-end generation.
[transformers] Setting `pad_token_id` to `eos_token_id`:151645 for open-end generation.
[transformers] Setting `pad_token_id` to `eos_token_id`:151645 for open-end generation.
[transformers] Setting `pad_token_id` to `eos_token_id`:151645 for open-end generation.
[transformers] Setting `pad_token_id` to `eos_token_id`:151645 for open-end generation.
[transformers] Setting `pad_token_id` to `eos_token_id`:151645 for open-end generation.
RQ3 OpenGVLab/InternVL3-8B text_plus_image calls=725/3600
[transformers] Setting `pad_token_id` to `eos_token_id`:151645 for open-end generation.
[transformers] Setting `pad_token_id` to `eos_token_id`:151645 for open-end generation.
[transformers] Setting `pad_token_id` to `eos_token_id`:151645 for open-end generation.
[transformers] Setting `pad_token_id` to `eos_token_id`:151645 for open-end generation.
[transformers] Setting `pad_token_id` to `eos_token_id`:151645 for open-end generation.
[transformers] Setting `pad_token_id` to `eos_token_id`:151645 for open-end generation.
[transformers] Setting `pad_token_id` to `eos_token_id`:151645 for open-end generation.
[transformers] Setting `pad_token_id` to `eos_token_id`:151645 for open-end generation.
[transformers] Setting `pad_token_id` to `eos_token_id`:151645 for open-end generation.
[transformers] Setting `pad_token_id` to `eos_token_id`:151645 for open-end generation.
[transformers] Setting `pad_token_id` to `eos_token_id`:151645 for open-end generation.
[transformers] Setting `pad_token_id` to `eos_token_id`:151645 for open-end generation.
[transformers] Setting `pad_token_id` to `eos_token_id`:151645 for open-end generation.
[transformers] Setting `pad_token_id` to `eos_token_id`:151645 for open-end generation.
[transformers] Setting `pad_token_id` to `eos_token_id`:151645 for open-end generation.
[transformers] Setting `pad_token_id` to `eos_token_id`:151645 for open-end generation.
[transformers] Setting `pad_token_id` to `eos_token_id`:151645 for open-end generation.
[transformers] Setting `pad_token_id` to `eos_token_id`:151645 for open-end generation.
[transformers] Setting `pad_token_id` to `eos_token_id`:151645 for open-end generation.
[transformers] Setting `pad_token_id` to `eos_token_id`:151645 for open-end generation.
[transformers] Setting `pad_token_id` to `eos_token_id`:151645 for open-end generation.
[transformers] Setting `pad_token_id` to `eos_token_id`:151645 for open-end generation.
[transformers] Setting `pad_token_id` to `eos_token_id`:151645 for open-end generation.
[transformers] Setting `pad_token_id` to `eos_token_id`:151645 for open-end generation.
[transformers] Setting `pad_token_id` to `eos_token_id`:151645 for open-end generation.
RQ3 OpenGVLab/InternVL3-8B text_plus_image calls=750/3600
[transformers] Setting `pad_token_id` to `eos_token_id`:151645 for open-end generation.
[transformers] Setting `pad_token_id` to `eos_token_id`:151645 for open-end generation.
[transformers] Setting `pad_token_id` to `eos_token_id`:151645 for open-end generation.
[transformers] Setting `pad_token_id` to `eos_token_id`:151645 for open-end generation.
[transformers] Setting `pad_token_id` to `eos_token_id`:151645 for open-end generation.
[transformers] Setting `pad_token_id` to `eos_token_id`:151645 for open-end generation.
[transformers] Setting `pad_token_id` to `eos_token_id`:151645 for open-end generation.
[transformers] Setting `pad_token_id` to `eos_token_id`:151645 for open-end generation.
[transformers] Setting `pad_token_id` to `eos_token_id`:151645 for open-end generation.
[transformers] Setting `pad_token_id` to `eos_token_id`:151645 for open-end generation.
[transformers] Setting `pad_token_id` to `eos_token_id`:151645 for open-end generation.
[transformers] Setting `pad_token_id` to `eos_token_id`:151645 for open-end generation.
[transformers] Setting `pad_token_id` to `eos_token_id`:151645 for open-end generation.
[transformers] Setting `pad_token_id` to `eos_token_id`:151645 for open-end generation.
[transformers] Setting `pad_token_id` to `eos_token_id`:151645 for open-end generation.
[transformers] Setting `pad_token_id` to `eos_token_id`:151645 for open-end generation.
[transformers] Setting `pad_token_id` to `eos_token_id`:151645 for open-end generation.
[transformers] Setting `pad_token_id` to `eos_token_id`:151645 for open-end generation.
[transformers] Setting `pad_token_id` to `eos_token_id`:151645 for open-end generation.
[transformers] Setting `pad_token_id` to `eos_token_id`:151645 for open-end generation.
[transformers] Setting `pad_token_id` to `eos_token_id`:151645 for open-end generation.
[transformers] Setting `pad_token_id` to `eos_token_id`:151645 for open-end generation.
[transformers] Setting `pad_token_id` to `eos_token_id`:151645 for open-end generation.
[transformers] Setting `pad_token_id` to `eos_token_id`:151645 for open-end generation.
[transformers] Setting `pad_token_id` to `eos_token_id`:151645 for open-end generation.
RQ3 OpenGVLab/InternVL3-8B text_plus_image calls=775/3600
[transformers] Setting `pad_token_id` to `eos_token_id`:151645 for open-end generation.
[transformers] Setting `pad_token_id` to `eos_token_id`:151645 for open-end generation.
[transformers] Setting `pad_token_id` to `eos_token_id`:151645 for open-end generation.
[transformers] Setting `pad_token_id` to `eos_token_id`:151645 for open-end generation.
[transformers] Setting `pad_token_id` to `eos_token_id`:151645 for open-end generation.
[transformers] Setting `pad_token_id` to `eos_token_id`:151645 for open-end generation.
[transformers] Setting `pad_token_id` to `eos_token_id`:151645 for open-end generation.
[transformers] Setting `pad_token_id` to `eos_token_id`:151645 for open-end generation.
[transformers] Setting `pad_token_id` to `eos_token_id`:151645 for open-end generation.
[transformers] Setting `pad_token_id` to `eos_token_id`:151645 for open-end generation.
[transformers] Setting `pad_token_id` to `eos_token_id`:151645 for open-end generation.
[transformers] Setting `pad_token_id` to `eos_token_id`:151645 for open-end generation.
[transformers] Setting `pad_token_id` to `eos_token_id`:151645 for open-end generation.
[transformers] Setting `pad_token_id` to `eos_token_id`:151645 for open-end generation.
[transformers] Setting `pad_token_id` to `eos_token_id`:151645 for open-end generation.
[transformers] Setting `pad_token_id` to `eos_token_id`:151645 for open-end generation.
[transformers] Setting `pad_token_id` to `eos_token_id`:151645 for open-end generation.
[transformers] Setting `pad_token_id` to `eos_token_id`:151645 for open-end generation.
[transformers] Setting `pad_token_id` to `eos_token_id`:151645 for open-end generation.
[transformers] Setting `pad_token_id` to `eos_token_id`:151645 for open-end generation.
[transformers] Setting `pad_token_id` to `eos_token_id`:151645 for open-end generation.
[transformers] Setting `pad_token_id` to `eos_token_id`:151645 for open-end generation.
[transformers] Setting `pad_token_id` to `eos_token_id`:151645 for open-end generation.
[transformers] Setting `pad_token_id` to `eos_token_id`:151645 for open-end generation.
[transformers] Setting `pad_token_id` to `eos_token_id`:151645 for open-end generation.
RQ3 OpenGVLab/InternVL3-8B text_plus_image calls=800/3600
[transformers] Setting `pad_token_id` to `eos_token_id`:151645 for open-end generation.
[transformers] Setting `pad_token_id` to `eos_token_id`:151645 for open-end generation.
[transformers] Setting `pad_token_id` to `eos_token_id`:151645 for open-end generation.
[transformers] Setting `pad_token_id` to `eos_token_id`:151645 for open-end generation.
[transformers] Setting `pad_token_id` to `eos_token_id`:151645 for open-end generation.
[transformers] Setting `pad_token_id` to `eos_token_id`:151645 for open-end generation.
[transformers] Setting `pad_token_id` to `eos_token_id`:151645 for open-end generation.
[transformers] Setting `pad_token_id` to `eos_token_id`:151645 for open-end generation.
[transformers] Setting `pad_token_id` to `eos_token_id`:151645 for open-end generation.
[transformers] Setting `pad_token_id` to `eos_token_id`:151645 for open-end generation.
[transformers] Setting `pad_token_id` to `eos_token_id`:151645 for open-end generation.
[transformers] Setting `pad_token_id` to `eos_token_id`:151645 for open-end generation.
[transformers] Setting `pad_token_id` to `eos_token_id`:151645 for open-end generation.
[transformers] Setting `pad_token_id` to `eos_token_id`:151645 for open-end generation.
[transformers] Setting `pad_token_id` to `eos_token_id`:151645 for open-end generation.
[transformers] Setting `pad_token_id` to `eos_token_id`:151645 for open-end generation.
[transformers] Setting `pad_token_id` to `eos_token_id`:151645 for open-end generation.
[transformers] Setting `pad_token_id` to `eos_token_id`:151645 for open-end generation.
[transformers] Setting `pad_token_id` to `eos_token_id`:151645 for open-end generation.
[transformers] Setting `pad_token_id` to `eos_token_id`:151645 for open-end generation.
[transformers] Setting `pad_token_id` to `eos_token_id`:151645 for open-end generation.
[transformers] Setting `pad_token_id` to `eos_token_id`:151645 for open-end generation.
[transformers] Setting `pad_token_id` to `eos_token_id`:151645 for open-end generation.
[transformers] Setting `pad_token_id` to `eos_token_id`:151645 for open-end generation.
[transformers] Setting `pad_token_id` to `eos_token_id`:151645 for open-end generation.
RQ3 OpenGVLab/InternVL3-8B text_plus_image calls=825/3600
[transformers] Setting `pad_token_id` to `eos_token_id`:151645 for open-end generation.
[transformers] Setting `pad_token_id` to `eos_token_id`:151645 for open-end generation.
[transformers] Setting `pad_token_id` to `eos_token_id`:151645 for open-end generation.
[transformers] Setting `pad_token_id` to `eos_token_id`:151645 for open-end generation.
[transformers] Setting `pad_token_id` to `eos_token_id`:151645 for open-end generation.
[transformers] Setting `pad_token_id` to `eos_token_id`:151645 for open-end generation.
[transformers] Setting `pad_token_id` to `eos_token_id`:151645 for open-end generation.
[transformers] Setting `pad_token_id` to `eos_token_id`:151645 for open-end generation.
[transformers] Setting `pad_token_id` to `eos_token_id`:151645 for open-end generation.
[transformers] Setting `pad_token_id` to `eos_token_id`:151645 for open-end generation.
[transformers] Setting `pad_token_id` to `eos_token_id`:151645 for open-end generation.
[transformers] Setting `pad_token_id` to `eos_token_id`:151645 for open-end generation.
[transformers] Setting `pad_token_id` to `eos_token_id`:151645 for open-end generation.
[transformers] Setting `pad_token_id` to `eos_token_id`:151645 for open-end generation.
[transformers] Setting `pad_token_id` to `eos_token_id`:151645 for open-end generation.
[transformers] Setting `pad_token_id` to `eos_token_id`:151645 for open-end generation.
[transformers] Setting `pad_token_id` to `eos_token_id`:151645 for open-end generation.
[transformers] Setting `pad_token_id` to `eos_token_id`:151645 for open-end generation.
[transformers] Setting `pad_token_id` to `eos_token_id`:151645 for open-end generation.
[transformers] Setting `pad_token_id` to `eos_token_id`:151645 for open-end generation.
[transformers] Setting `pad_token_id` to `eos_token_id`:151645 for open-end generation.
[transformers] Setting `pad_token_id` to `eos_token_id`:151645 for open-end generation.
[transformers] Setting `pad_token_id` to `eos_token_id`:151645 for open-end generation.
[transformers] Setting `pad_token_id` to `eos_token_id`:151645 for open-end generation.
[transformers] Setting `pad_token_id` to `eos_token_id`:151645 for open-end generation.
RQ3 OpenGVLab/InternVL3-8B text_plus_image calls=850/3600
[transformers] Setting `pad_token_id` to `eos_token_id`:151645 for open-end generation.
[transformers] Setting `pad_token_id` to `eos_token_id`:151645 for open-end generation.
[transformers] Setting `pad_token_id` to `eos_token_id`:151645 for open-end generation.
[transformers] Setting `pad_token_id` to `eos_token_id`:151645 for open-end generation.
[transformers] Setting `pad_token_id` to `eos_token_id`:151645 for open-end generation.
[transformers] Setting `pad_token_id` to `eos_token_id`:151645 for open-end generation.
[transformers] Setting `pad_token_id` to `eos_token_id`:151645 for open-end generation.
[transformers] Setting `pad_token_id` to `eos_token_id`:151645 for open-end generation.
[transformers] Setting `pad_token_id` to `eos_token_id`:151645 for open-end generation.
[transformers] Setting `pad_token_id` to `eos_token_id`:151645 for open-end generation.
[transformers] Setting `pad_token_id` to `eos_token_id`:151645 for open-end generation.
[transformers] Setting `pad_token_id` to `eos_token_id`:151645 for open-end generation.
[transformers] Setting `pad_token_id` to `eos_token_id`:151645 for open-end generation.
[transformers] Setting `pad_token_id` to `eos_token_id`:151645 for open-end generation.
[transformers] Setting `pad_token_id` to `eos_token_id`:151645 for open-end generation.
[transformers] Setting `pad_token_id` to `eos_token_id`:151645 for open-end generation.
[transformers] Setting `pad_token_id` to `eos_token_id`:151645 for open-end generation.
[transformers] Setting `pad_token_id` to `eos_token_id`:151645 for open-end generation.
[transformers] Setting `pad_token_id` to `eos_token_id`:151645 for open-end generation.
[transformers] Setting `pad_token_id` to `eos_token_id`:151645 for open-end generation.
[transformers] Setting `pad_token_id` to `eos_token_id`:151645 for open-end generation.
[transformers] Setting `pad_token_id` to `eos_token_id`:151645 for open-end generation.
[transformers] Setting `pad_token_id` to `eos_token_id`:151645 for open-end generation.
[transformers] Setting `pad_token_id` to `eos_token_id`:151645 for open-end generation.
[transformers] Setting `pad_token_id` to `eos_token_id`:151645 for open-end generation.
RQ3 OpenGVLab/InternVL3-8B text_plus_image calls=875/3600
[transformers] Setting `pad_token_id` to `eos_token_id`:151645 for open-end generation.
[transformers] Setting `pad_token_id` to `eos_token_id`:151645 for open-end generation.
[transformers] Setting `pad_token_id` to `eos_token_id`:151645 for open-end generation.
[transformers] Setting `pad_token_id` to `eos_token_id`:151645 for open-end generation.
[transformers] Setting `pad_token_id` to `eos_token_id`:151645 for open-end generation.
[transformers] Setting `pad_token_id` to `eos_token_id`:151645 for open-end generation.
[transformers] Setting `pad_token_id` to `eos_token_id`:151645 for open-end generation.
[transformers] Setting `pad_token_id` to `eos_token_id`:151645 for open-end generation.
[transformers] Setting `pad_token_id` to `eos_token_id`:151645 for open-end generation.
[transformers] Setting `pad_token_id` to `eos_token_id`:151645 for open-end generation.
[transformers] Setting `pad_token_id` to `eos_token_id`:151645 for open-end generation.
[transformers] Setting `pad_token_id` to `eos_token_id`:151645 for open-end generation.
[transformers] Setting `pad_token_id` to `eos_token_id`:151645 for open-end generation.
[transformers] Setting `pad_token_id` to `eos_token_id`:151645 for open-end generation.
[transformers] Setting `pad_token_id` to `eos_token_id`:151645 for open-end generation.
[transformers] Setting `pad_token_id` to `eos_token_id`:151645 for open-end generation.
[transformers] Setting `pad_token_id` to `eos_token_id`:151645 for open-end generation.
[transformers] Setting `pad_token_id` to `eos_token_id`:151645 for open-end generation.
[transformers] Setting `pad_token_id` to `eos_token_id`:151645 for open-end generation.
[transformers] Setting `pad_token_id` to `eos_token_id`:151645 for open-end generation.
[transformers] Setting `pad_token_id` to `eos_token_id`:151645 for open-end generation.
[transformers] Setting `pad_token_id` to `eos_token_id`:151645 for open-end generation.
[transformers] Setting `pad_token_id` to `eos_token_id`:151645 for open-end generation.
[transformers] Setting `pad_token_id` to `eos_token_id`:151645 for open-end generation.
[transformers] Setting `pad_token_id` to `eos_token_id`:151645 for open-end generation.
RQ3 OpenGVLab/InternVL3-8B text_plus_image calls=900/3600
[transformers] Setting `pad_token_id` to `eos_token_id`:151645 for open-end generation.
[transformers] Setting `pad_token_id` to `eos_token_id`:151645 for open-end generation.
[transformers] Setting `pad_token_id` to `eos_token_id`:151645 for open-end generation.
[transformers] Setting `pad_token_id` to `eos_token_id`:151645 for open-end generation.
[transformers] Setting `pad_token_id` to `eos_token_id`:151645 for open-end generation.
[transformers] Setting `pad_token_id` to `eos_token_id`:151645 for open-end generation.
[transformers] Setting `pad_token_id` to `eos_token_id`:151645 for open-end generation.
[transformers] Setting `pad_token_id` to `eos_token_id`:151645 for open-end generation.
[transformers] Setting `pad_token_id` to `eos_token_id`:151645 for open-end generation.
[transformers] Setting `pad_token_id` to `eos_token_id`:151645 for open-end generation.
[transformers] Setting `pad_token_id` to `eos_token_id`:151645 for open-end generation.
[transformers] Setting `pad_token_id` to `eos_token_id`:151645 for open-end generation.
[transformers] Setting `pad_token_id` to `eos_token_id`:151645 for open-end generation.
[transformers] Setting `pad_token_id` to `eos_token_id`:151645 for open-end generation.
[transformers] Setting `pad_token_id` to `eos_token_id`:151645 for open-end generation.
[transformers] Setting `pad_token_id` to `eos_token_id`:151645 for open-end generation.
[transformers] Setting `pad_token_id` to `eos_token_id`:151645 for open-end generation.
[transformers] Setting `pad_token_id` to `eos_token_id`:151645 for open-end generation.
[transformers] Setting `pad_token_id` to `eos_token_id`:151645 for open-end generation.
[transformers] Setting `pad_token_id` to `eos_token_id`:151645 for open-end generation.
[transformers] Setting `pad_token_id` to `eos_token_id`:151645 for open-end generation.
[transformers] Setting `pad_token_id` to `eos_token_id`:151645 for open-end generation.
[transformers] Setting `pad_token_id` to `eos_token_id`:151645 for open-end generation.
[transformers] Setting `pad_token_id` to `eos_token_id`:151645 for open-end generation.
[transformers] Setting `pad_token_id` to `eos_token_id`:151645 for open-end generation.
RQ3 OpenGVLab/InternVL3-8B text_plus_image calls=925/3600
[transformers] Setting `pad_token_id` to `eos_token_id`:151645 for open-end generation.
[transformers] Setting `pad_token_id` to `eos_token_id`:151645 for open-end generation.
[transformers] Setting `pad_token_id` to `eos_token_id`:151645 for open-end generation.
[transformers] Setting `pad_token_id` to `eos_token_id`:151645 for open-end generation.
[transformers] Setting `pad_token_id` to `eos_token_id`:151645 for open-end generation.
[transformers] Setting `pad_token_id` to `eos_token_id`:151645 for open-end generation.
[transformers] Setting `pad_token_id` to `eos_token_id`:151645 for open-end generation.
[transformers] Setting `pad_token_id` to `eos_token_id`:151645 for open-end generation.
[transformers] Setting `pad_token_id` to `eos_token_id`:151645 for open-end generation.
[transformers] Setting `pad_token_id` to `eos_token_id`:151645 for open-end generation.
[transformers] Setting `pad_token_id` to `eos_token_id`:151645 for open-end generation.
[transformers] Setting `pad_token_id` to `eos_token_id`:151645 for open-end generation.
[transformers] Setting `pad_token_id` to `eos_token_id`:151645 for open-end generation.
[transformers] Setting `pad_token_id` to `eos_token_id`:151645 for open-end generation.
[transformers] Setting `pad_token_id` to `eos_token_id`:151645 for open-end generation.
[transformers] Setting `pad_token_id` to `eos_token_id`:151645 for open-end generation.
[transformers] Setting `pad_token_id` to `eos_token_id`:151645 for open-end generation.
[transformers] Setting `pad_token_id` to `eos_token_id`:151645 for open-end generation.
[transformers] Setting `pad_token_id` to `eos_token_id`:151645 for open-end generation.
[transformers] Setting `pad_token_id` to `eos_token_id`:151645 for open-end generation.
[transformers] Setting `pad_token_id` to `eos_token_id`:151645 for open-end generation.
[transformers] Setting `pad_token_id` to `eos_token_id`:151645 for open-end generation.
[transformers] Setting `pad_token_id` to `eos_token_id`:151645 for open-end generation.
[transformers] Setting `pad_token_id` to `eos_token_id`:151645 for open-end generation.
[transformers] Setting `pad_token_id` to `eos_token_id`:151645 for open-end generation.
RQ3 OpenGVLab/InternVL3-8B text_plus_image calls=950/3600
[transformers] Setting `pad_token_id` to `eos_token_id`:151645 for open-end generation.
[transformers] Setting `pad_token_id` to `eos_token_id`:151645 for open-end generation.
[transformers] Setting `pad_token_id` to `eos_token_id`:151645 for open-end generation.
[transformers] Setting `pad_token_id` to `eos_token_id`:151645 for open-end generation.
[transformers] Setting `pad_token_id` to `eos_token_id`:151645 for open-end generation.
[transformers] Setting `pad_token_id` to `eos_token_id`:151645 for open-end generation.
[transformers] Setting `pad_token_id` to `eos_token_id`:151645 for open-end generation.
[transformers] Setting `pad_token_id` to `eos_token_id`:151645 for open-end generation.
[transformers] Setting `pad_token_id` to `eos_token_id`:151645 for open-end generation.
[transformers] Setting `pad_token_id` to `eos_token_id`:151645 for open-end generation.
[transformers] Setting `pad_token_id` to `eos_token_id`:151645 for open-end generation.
[transformers] Setting `pad_token_id` to `eos_token_id`:151645 for open-end generation.
[transformers] Setting `pad_token_id` to `eos_token_id`:151645 for open-end generation.
[transformers] Setting `pad_token_id` to `eos_token_id`:151645 for open-end generation.
[transformers] Setting `pad_token_id` to `eos_token_id`:151645 for open-end generation.
[transformers] Setting `pad_token_id` to `eos_token_id`:151645 for open-end generation.
[transformers] Setting `pad_token_id` to `eos_token_id`:151645 for open-end generation.
[transformers] Setting `pad_token_id` to `eos_token_id`:151645 for open-end generation.
[transformers] Setting `pad_token_id` to `eos_token_id`:151645 for open-end generation.
[transformers] Setting `pad_token_id` to `eos_token_id`:151645 for open-end generation.
[transformers] Setting `pad_token_id` to `eos_token_id`:151645 for open-end generation.
[transformers] Setting `pad_token_id` to `eos_token_id`:151645 for open-end generation.
[transformers] Setting `pad_token_id` to `eos_token_id`:151645 for open-end generation.
[transformers] Setting `pad_token_id` to `eos_token_id`:151645 for open-end generation.
[transformers] Setting `pad_token_id` to `eos_token_id`:151645 for open-end generation.
RQ3 OpenGVLab/InternVL3-8B text_plus_image calls=975/3600
[transformers] Setting `pad_token_id` to `eos_token_id`:151645 for open-end generation.
[transformers] Setting `pad_token_id` to `eos_token_id`:151645 for open-end generation.
[transformers] Setting `pad_token_id` to `eos_token_id`:151645 for open-end generation.
[transformers] Setting `pad_token_id` to `eos_token_id`:151645 for open-end generation.
[transformers] Setting `pad_token_id` to `eos_token_id`:151645 for open-end generation.
[transformers] Setting `pad_token_id` to `eos_token_id`:151645 for open-end generation.
[transformers] Setting `pad_token_id` to `eos_token_id`:151645 for open-end generation.
[transformers] Setting `pad_token_id` to `eos_token_id`:151645 for open-end generation.
[transformers] Setting `pad_token_id` to `eos_token_id`:151645 for open-end generation.
[transformers] Setting `pad_token_id` to `eos_token_id`:151645 for open-end generation.
[transformers] Setting `pad_token_id` to `eos_token_id`:151645 for open-end generation.
[transformers] Setting `pad_token_id` to `eos_token_id`:151645 for open-end generation.
[transformers] Setting `pad_token_id` to `eos_token_id`:151645 for open-end generation.
[transformers] Setting `pad_token_id` to `eos_token_id`:151645 for open-end generation.
[transformers] Setting `pad_token_id` to `eos_token_id`:151645 for open-end generation.
[transformers] Setting `pad_token_id` to `eos_token_id`:151645 for open-end generation.
[transformers] Setting `pad_token_id` to `eos_token_id`:151645 for open-end generation.
[transformers] Setting `pad_token_id` to `eos_token_id`:151645 for open-end generation.
[transformers] Setting `pad_token_id` to `eos_token_id`:151645 for open-end generation.
[transformers] Setting `pad_token_id` to `eos_token_id`:151645 for open-end generation.
[transformers] Setting `pad_token_id` to `eos_token_id`:151645 for open-end generation.
[transformers] Setting `pad_token_id` to `eos_token_id`:151645 for open-end generation.
[transformers] Setting `pad_token_id` to `eos_token_id`:151645 for open-end generation.
[transformers] Setting `pad_token_id` to `eos_token_id`:151645 for open-end generation.
[transformers] Setting `pad_token_id` to `eos_token_id`:151645 for open-end generation.
RQ3 OpenGVLab/InternVL3-8B text_plus_image calls=1000/3600
[transformers] Setting `pad_token_id` to `eos_token_id`:151645 for open-end generation.
[transformers] Setting `pad_token_id` to `eos_token_id`:151645 for open-end generation.
[transformers] Setting `pad_token_id` to `eos_token_id`:151645 for open-end generation.
[transformers] Setting `pad_token_id` to `eos_token_id`:151645 for open-end generation.
[transformers] Setting `pad_token_id` to `eos_token_id`:151645 for open-end generation.
[transformers] Setting `pad_token_id` to `eos_token_id`:151645 for open-end generation.
[transformers] Setting `pad_token_id` to `eos_token_id`:151645 for open-end generation.
[transformers] Setting `pad_token_id` to `eos_token_id`:151645 for open-end generation.
[transformers] Setting `pad_token_id` to `eos_token_id`:151645 for open-end generation.
[transformers] Setting `pad_token_id` to `eos_token_id`:151645 for open-end generation.
[transformers] Setting `pad_token_id` to `eos_token_id`:151645 for open-end generation.
[transformers] Setting `pad_token_id` to `eos_token_id`:151645 for open-end generation.
[transformers] Setting `pad_token_id` to `eos_token_id`:151645 for open-end generation.
[transformers] Setting `pad_token_id` to `eos_token_id`:151645 for open-end generation.
[transformers] Setting `pad_token_id` to `eos_token_id`:151645 for open-end generation.
[transformers] Setting `pad_token_id` to `eos_token_id`:151645 for open-end generation.
[transformers] Setting `pad_token_id` to `eos_token_id`:151645 for open-end generation.
[transformers] Setting `pad_token_id` to `eos_token_id`:151645 for open-end generation.
[transformers] Setting `pad_token_id` to `eos_token_id`:151645 for open-end generation.
[transformers] Setting `pad_token_id` to `eos_token_id`:151645 for open-end generation.
[transformers] Setting `pad_token_id` to `eos_token_id`:151645 for open-end generation.
[transformers] Setting `pad_token_id` to `eos_token_id`:151645 for open-end generation.
[transformers] Setting `pad_token_id` to `eos_token_id`:151645 for open-end generation.
[transformers] Setting `pad_token_id` to `eos_token_id`:151645 for open-end generation.
[transformers] Setting `pad_token_id` to `eos_token_id`:151645 for open-end generation.
RQ3 OpenGVLab/InternVL3-8B text_plus_image calls=1025/3600
[transformers] Setting `pad_token_id` to `eos_token_id`:151645 for open-end generation.
[transformers] Setting `pad_token_id` to `eos_token_id`:151645 for open-end generation.
[transformers] Setting `pad_token_id` to `eos_token_id`:151645 for open-end generation.
[transformers] Setting `pad_token_id` to `eos_token_id`:151645 for open-end generation.
[transformers] Setting `pad_token_id` to `eos_token_id`:151645 for open-end generation.
[transformers] Setting `pad_token_id` to `eos_token_id`:151645 for open-end generation.
[transformers] Setting `pad_token_id` to `eos_token_id`:151645 for open-end generation.
[transformers] Setting `pad_token_id` to `eos_token_id`:151645 for open-end generation.
[transformers] Setting `pad_token_id` to `eos_token_id`:151645 for open-end generation.
[transformers] Setting `pad_token_id` to `eos_token_id`:151645 for open-end generation.
[transformers] Setting `pad_token_id` to `eos_token_id`:151645 for open-end generation.
[transformers] Setting `pad_token_id` to `eos_token_id`:151645 for open-end generation.
[transformers] Setting `pad_token_id` to `eos_token_id`:151645 for open-end generation.
[transformers] Setting `pad_token_id` to `eos_token_id`:151645 for open-end generation.
[transformers] Setting `pad_token_id` to `eos_token_id`:151645 for open-end generation.
[transformers] Setting `pad_token_id` to `eos_token_id`:151645 for open-end generation.
[transformers] Setting `pad_token_id` to `eos_token_id`:151645 for open-end generation.
[transformers] Setting `pad_token_id` to `eos_token_id`:151645 for open-end generation.
[transformers] Setting `pad_token_id` to `eos_token_id`:151645 for open-end generation.
[transformers] Setting `pad_token_id` to `eos_token_id`:151645 for open-end generation.
[transformers] Setting `pad_token_id` to `eos_token_id`:151645 for open-end generation.
[transformers] Setting `pad_token_id` to `eos_token_id`:151645 for open-end generation.
[transformers] Setting `pad_token_id` to `eos_token_id`:151645 for open-end generation.
[transformers] Setting `pad_token_id` to `eos_token_id`:151645 for open-end generation.
[transformers] Setting `pad_token_id` to `eos_token_id`:151645 for open-end generation.
RQ3 OpenGVLab/InternVL3-8B text_plus_image calls=1050/3600
[transformers] Setting `pad_token_id` to `eos_token_id`:151645 for open-end generation.
[transformers] Setting `pad_token_id` to `eos_token_id`:151645 for open-end generation.
[transformers] Setting `pad_token_id` to `eos_token_id`:151645 for open-end generation.
[transformers] Setting `pad_token_id` to `eos_token_id`:151645 for open-end generation.
[transformers] Setting `pad_token_id` to `eos_token_id`:151645 for open-end generation.
[transformers] Setting `pad_token_id` to `eos_token_id`:151645 for open-end generation.
[transformers] Setting `pad_token_id` to `eos_token_id`:151645 for open-end generation.
[transformers] Setting `pad_token_id` to `eos_token_id`:151645 for open-end generation.
[transformers] Setting `pad_token_id` to `eos_token_id`:151645 for open-end generation.
[transformers] Setting `pad_token_id` to `eos_token_id`:151645 for open-end generation.
[transformers] Setting `pad_token_id` to `eos_token_id`:151645 for open-end generation.
[transformers] Setting `pad_token_id` to `eos_token_id`:151645 for open-end generation.
[transformers] Setting `pad_token_id` to `eos_token_id`:151645 for open-end generation.
[transformers] Setting `pad_token_id` to `eos_token_id`:151645 for open-end generation.
[transformers] Setting `pad_token_id` to `eos_token_id`:151645 for open-end generation.
[transformers] Setting `pad_token_id` to `eos_token_id`:151645 for open-end generation.
[transformers] Setting `pad_token_id` to `eos_token_id`:151645 for open-end generation.
[transformers] Setting `pad_token_id` to `eos_token_id`:151645 for open-end generation.
[transformers] Setting `pad_token_id` to `eos_token_id`:151645 for open-end generation.
[transformers] Setting `pad_token_id` to `eos_token_id`:151645 for open-end generation.
[transformers] Setting `pad_token_id` to `eos_token_id`:151645 for open-end generation.
[transformers] Setting `pad_token_id` to `eos_token_id`:151645 for open-end generation.
[transformers] Setting `pad_token_id` to `eos_token_id`:151645 for open-end generation.
[transformers] Setting `pad_token_id` to `eos_token_id`:151645 for open-end generation.
[transformers] Setting `pad_token_id` to `eos_token_id`:151645 for open-end generation.
RQ3 OpenGVLab/InternVL3-8B text_plus_image calls=1075/3600
[transformers] Setting `pad_token_id` to `eos_token_id`:151645 for open-end generation.
[transformers] Setting `pad_token_id` to `eos_token_id`:151645 for open-end generation.
[transformers] Setting `pad_token_id` to `eos_token_id`:151645 for open-end generation.
[transformers] Setting `pad_token_id` to `eos_token_id`:151645 for open-end generation.
[transformers] Setting `pad_token_id` to `eos_token_id`:151645 for open-end generation.
[transformers] Setting `pad_token_id` to `eos_token_id`:151645 for open-end generation.
[transformers] Setting `pad_token_id` to `eos_token_id`:151645 for open-end generation.
[transformers] Setting `pad_token_id` to `eos_token_id`:151645 for open-end generation.
[transformers] Setting `pad_token_id` to `eos_token_id`:151645 for open-end generation.
[transformers] Setting `pad_token_id` to `eos_token_id`:151645 for open-end generation.
[transformers] Setting `pad_token_id` to `eos_token_id`:151645 for open-end generation.
[transformers] Setting `pad_token_id` to `eos_token_id`:151645 for open-end generation.
[transformers] Setting `pad_token_id` to `eos_token_id`:151645 for open-end generation.
[transformers] Setting `pad_token_id` to `eos_token_id`:151645 for open-end generation.
[transformers] Setting `pad_token_id` to `eos_token_id`:151645 for open-end generation.
[transformers] Setting `pad_token_id` to `eos_token_id`:151645 for open-end generation.
[transformers] Setting `pad_token_id` to `eos_token_id`:151645 for open-end generation.
[transformers] Setting `pad_token_id` to `eos_token_id`:151645 for open-end generation.
[transformers] Setting `pad_token_id` to `eos_token_id`:151645 for open-end generation.
[transformers] Setting `pad_token_id` to `eos_token_id`:151645 for open-end generation.
[transformers] Setting `pad_token_id` to `eos_token_id`:151645 for open-end generation.
[transformers] Setting `pad_token_id` to `eos_token_id`:151645 for open-end generation.
[transformers] Setting `pad_token_id` to `eos_token_id`:151645 for open-end generation.
[transformers] Setting `pad_token_id` to `eos_token_id`:151645 for open-end generation.
[transformers] Setting `pad_token_id` to `eos_token_id`:151645 for open-end generation.
RQ3 OpenGVLab/InternVL3-8B text_plus_image calls=1100/3600
[transformers] Setting `pad_token_id` to `eos_token_id`:151645 for open-end generation.
[transformers] Setting `pad_token_id` to `eos_token_id`:151645 for open-end generation.
[transformers] Setting `pad_token_id` to `eos_token_id`:151645 for open-end generation.
[transformers] Setting `pad_token_id` to `eos_token_id`:151645 for open-end generation.
[transformers] Setting `pad_token_id` to `eos_token_id`:151645 for open-end generation.
[transformers] Setting `pad_token_id` to `eos_token_id`:151645 for open-end generation.
[transformers] Setting `pad_token_id` to `eos_token_id`:151645 for open-end generation.
[transformers] Setting `pad_token_id` to `eos_token_id`:151645 for open-end generation.
[transformers] Setting `pad_token_id` to `eos_token_id`:151645 for open-end generation.
[transformers] Setting `pad_token_id` to `eos_token_id`:151645 for open-end generation.
[transformers] Setting `pad_token_id` to `eos_token_id`:151645 for open-end generation.
[transformers] Setting `pad_token_id` to `eos_token_id`:151645 for open-end generation.
[transformers] Setting `pad_token_id` to `eos_token_id`:151645 for open-end generation.
[transformers] Setting `pad_token_id` to `eos_token_id`:151645 for open-end generation.
[transformers] Setting `pad_token_id` to `eos_token_id`:151645 for open-end generation.
[transformers] Setting `pad_token_id` to `eos_token_id`:151645 for open-end generation.
[transformers] Setting `pad_token_id` to `eos_token_id`:151645 for open-end generation.
[transformers] Setting `pad_token_id` to `eos_token_id`:151645 for open-end generation.
[transformers] Setting `pad_token_id` to `eos_token_id`:151645 for open-end generation.
[transformers] Setting `pad_token_id` to `eos_token_id`:151645 for open-end generation.
[transformers] Setting `pad_token_id` to `eos_token_id`:151645 for open-end generation.
[transformers] Setting `pad_token_id` to `eos_token_id`:151645 for open-end generation.
[transformers] Setting `pad_token_id` to `eos_token_id`:151645 for open-end generation.
[transformers] Setting `pad_token_id` to `eos_token_id`:151645 for open-end generation.
[transformers] Setting `pad_token_id` to `eos_token_id`:151645 for open-end generation.
RQ3 OpenGVLab/InternVL3-8B text_plus_image calls=1125/3600
[transformers] Setting `pad_token_id` to `eos_token_id`:151645 for open-end generation.
[transformers] Setting `pad_token_id` to `eos_token_id`:151645 for open-end generation.
[transformers] Setting `pad_token_id` to `eos_token_id`:151645 for open-end generation.
[transformers] Setting `pad_token_id` to `eos_token_id`:151645 for open-end generation.
[transformers] Setting `pad_token_id` to `eos_token_id`:151645 for open-end generation.
[transformers] Setting `pad_token_id` to `eos_token_id`:151645 for open-end generation.
[transformers] Setting `pad_token_id` to `eos_token_id`:151645 for open-end generation.
[transformers] Setting `pad_token_id` to `eos_token_id`:151645 for open-end generation.
[transformers] Setting `pad_token_id` to `eos_token_id`:151645 for open-end generation.
[transformers] Setting `pad_token_id` to `eos_token_id`:151645 for open-end generation.
[transformers] Setting `pad_token_id` to `eos_token_id`:151645 for open-end generation.
[transformers] Setting `pad_token_id` to `eos_token_id`:151645 for open-end generation.
[transformers] Setting `pad_token_id` to `eos_token_id`:151645 for open-end generation.
[transformers] Setting `pad_token_id` to `eos_token_id`:151645 for open-end generation.
[transformers] Setting `pad_token_id` to `eos_token_id`:151645 for open-end generation.
[transformers] Setting `pad_token_id` to `eos_token_id`:151645 for open-end generation.
[transformers] Setting `pad_token_id` to `eos_token_id`:151645 for open-end generation.
[transformers] Setting `pad_token_id` to `eos_token_id`:151645 for open-end generation.
[transformers] Setting `pad_token_id` to `eos_token_id`:151645 for open-end generation.
[transformers] Setting `pad_token_id` to `eos_token_id`:151645 for open-end generation.
[transformers] Setting `pad_token_id` to `eos_token_id`:151645 for open-end generation.
[transformers] Setting `pad_token_id` to `eos_token_id`:151645 for open-end generation.
[transformers] Setting `pad_token_id` to `eos_token_id`:151645 for open-end generation.
[transformers] Setting `pad_token_id` to `eos_token_id`:151645 for open-end generation.
[transformers] Setting `pad_token_id` to `eos_token_id`:151645 for open-end generation.
RQ3 OpenGVLab/InternVL3-8B text_plus_image calls=1150/3600
[transformers] Setting `pad_token_id` to `eos_token_id`:151645 for open-end generation.
[transformers] Setting `pad_token_id` to `eos_token_id`:151645 for open-end generation.
[transformers] Setting `pad_token_id` to `eos_token_id`:151645 for open-end generation.
[transformers] Setting `pad_token_id` to `eos_token_id`:151645 for open-end generation.
[transformers] Setting `pad_token_id` to `eos_token_id`:151645 for open-end generation.
[transformers] Setting `pad_token_id` to `eos_token_id`:151645 for open-end generation.
[transformers] Setting `pad_token_id` to `eos_token_id`:151645 for open-end generation.
[transformers] Setting `pad_token_id` to `eos_token_id`:151645 for open-end generation.
[transformers] Setting `pad_token_id` to `eos_token_id`:151645 for open-end generation.
[transformers] Setting `pad_token_id` to `eos_token_id`:151645 for open-end generation.
[transformers] Setting `pad_token_id` to `eos_token_id`:151645 for open-end generation.
[transformers] Setting `pad_token_id` to `eos_token_id`:151645 for open-end generation.
[transformers] Setting `pad_token_id` to `eos_token_id`:151645 for open-end generation.
[transformers] Setting `pad_token_id` to `eos_token_id`:151645 for open-end generation.
[transformers] Setting `pad_token_id` to `eos_token_id`:151645 for open-end generation.
[transformers] Setting `pad_token_id` to `eos_token_id`:151645 for open-end generation.
[transformers] Setting `pad_token_id` to `eos_token_id`:151645 for open-end generation.
[transformers] Setting `pad_token_id` to `eos_token_id`:151645 for open-end generation.
[transformers] Setting `pad_token_id` to `eos_token_id`:151645 for open-end generation.
[transformers] Setting `pad_token_id` to `eos_token_id`:151645 for open-end generation.
[transformers] Setting `pad_token_id` to `eos_token_id`:151645 for open-end generation.
[transformers] Setting `pad_token_id` to `eos_token_id`:151645 for open-end generation.
[transformers] Setting `pad_token_id` to `eos_token_id`:151645 for open-end generation.
[transformers] Setting `pad_token_id` to `eos_token_id`:151645 for open-end generation.
[transformers] Setting `pad_token_id` to `eos_token_id`:151645 for open-end generation.
RQ3 OpenGVLab/InternVL3-8B text_plus_image calls=1175/3600
[transformers] Setting `pad_token_id` to `eos_token_id`:151645 for open-end generation.
[transformers] Setting `pad_token_id` to `eos_token_id`:151645 for open-end generation.
[transformers] Setting `pad_token_id` to `eos_token_id`:151645 for open-end generation.
[transformers] Setting `pad_token_id` to `eos_token_id`:151645 for open-end generation.
[transformers] Setting `pad_token_id` to `eos_token_id`:151645 for open-end generation.
[transformers] Setting `pad_token_id` to `eos_token_id`:151645 for open-end generation.
[transformers] Setting `pad_token_id` to `eos_token_id`:151645 for open-end generation.
[transformers] Setting `pad_token_id` to `eos_token_id`:151645 for open-end generation.
[transformers] Setting `pad_token_id` to `eos_token_id`:151645 for open-end generation.
[transformers] Setting `pad_token_id` to `eos_token_id`:151645 for open-end generation.
[transformers] Setting `pad_token_id` to `eos_token_id`:151645 for open-end generation.
[transformers] Setting `pad_token_id` to `eos_token_id`:151645 for open-end generation.
[transformers] Setting `pad_token_id` to `eos_token_id`:151645 for open-end generation.
[transformers] Setting `pad_token_id` to `eos_token_id`:151645 for open-end generation.
[transformers] Setting `pad_token_id` to `eos_token_id`:151645 for open-end generation.
[transformers] Setting `pad_token_id` to `eos_token_id`:151645 for open-end generation.
[transformers] Setting `pad_token_id` to `eos_token_id`:151645 for open-end generation.
[transformers] Setting `pad_token_id` to `eos_token_id`:151645 for open-end generation.
[transformers] Setting `pad_token_id` to `eos_token_id`:151645 for open-end generation.
[transformers] Setting `pad_token_id` to `eos_token_id`:151645 for open-end generation.
[transformers] Setting `pad_token_id` to `eos_token_id`:151645 for open-end generation.
[transformers] Setting `pad_token_id` to `eos_token_id`:151645 for open-end generation.
[transformers] Setting `pad_token_id` to `eos_token_id`:151645 for open-end generation.
[transformers] Setting `pad_token_id` to `eos_token_id`:151645 for open-end generation.
[transformers] Setting `pad_token_id` to `eos_token_id`:151645 for open-end generation.
RQ3 OpenGVLab/InternVL3-8B text_plus_image calls=1200/3600
[transformers] Setting `pad_token_id` to `eos_token_id`:151645 for open-end generation.
[transformers] Setting `pad_token_id` to `eos_token_id`:151645 for open-end generation.
[transformers] Setting `pad_token_id` to `eos_token_id`:151645 for open-end generation.
[transformers] Setting `pad_token_id` to `eos_token_id`:151645 for open-end generation.
[transformers] Setting `pad_token_id` to `eos_token_id`:151645 for open-end generation.
[transformers] Setting `pad_token_id` to `eos_token_id`:151645 for open-end generation.
[transformers] Setting `pad_token_id` to `eos_token_id`:151645 for open-end generation.
[transformers] Setting `pad_token_id` to `eos_token_id`:151645 for open-end generation.
[transformers] Setting `pad_token_id` to `eos_token_id`:151645 for open-end generation.
[transformers] Setting `pad_token_id` to `eos_token_id`:151645 for open-end generation.
[transformers] Setting `pad_token_id` to `eos_token_id`:151645 for open-end generation.
[transformers] Setting `pad_token_id` to `eos_token_id`:151645 for open-end generation.
[transformers] Setting `pad_token_id` to `eos_token_id`:151645 for open-end generation.
[transformers] Setting `pad_token_id` to `eos_token_id`:151645 for open-end generation.
[transformers] Setting `pad_token_id` to `eos_token_id`:151645 for open-end generation.
[transformers] Setting `pad_token_id` to `eos_token_id`:151645 for open-end generation.
[transformers] Setting `pad_token_id` to `eos_token_id`:151645 for open-end generation.
[transformers] Setting `pad_token_id` to `eos_token_id`:151645 for open-end generation.
[transformers] Setting `pad_token_id` to `eos_token_id`:151645 for open-end generation.
[transformers] Setting `pad_token_id` to `eos_token_id`:151645 for open-end generation.
[transformers] Setting `pad_token_id` to `eos_token_id`:151645 for open-end generation.
[transformers] Setting `pad_token_id` to `eos_token_id`:151645 for open-end generation.
[transformers] Setting `pad_token_id` to `eos_token_id`:151645 for open-end generation.
[transformers] Setting `pad_token_id` to `eos_token_id`:151645 for open-end generation.
[transformers] Setting `pad_token_id` to `eos_token_id`:151645 for open-end generation.
RQ3 OpenGVLab/InternVL3-8B text_plus_image calls=1225/3600
[transformers] Setting `pad_token_id` to `eos_token_id`:151645 for open-end generation.
[transformers] Setting `pad_token_id` to `eos_token_id`:151645 for open-end generation.
[transformers] Setting `pad_token_id` to `eos_token_id`:151645 for open-end generation.
[transformers] Setting `pad_token_id` to `eos_token_id`:151645 for open-end generation.
[transformers] Setting `pad_token_id` to `eos_token_id`:151645 for open-end generation.
[transformers] Setting `pad_token_id` to `eos_token_id`:151645 for open-end generation.
[transformers] Setting `pad_token_id` to `eos_token_id`:151645 for open-end generation.
[transformers] Setting `pad_token_id` to `eos_token_id`:151645 for open-end generation.
[transformers] Setting `pad_token_id` to `eos_token_id`:151645 for open-end generation.
[transformers] Setting `pad_token_id` to `eos_token_id`:151645 for open-end generation.
[transformers] Setting `pad_token_id` to `eos_token_id`:151645 for open-end generation.
[transformers] Setting `pad_token_id` to `eos_token_id`:151645 for open-end generation.
[transformers] Setting `pad_token_id` to `eos_token_id`:151645 for open-end generation.
[transformers] Setting `pad_token_id` to `eos_token_id`:151645 for open-end generation.
[transformers] Setting `pad_token_id` to `eos_token_id`:151645 for open-end generation.
[transformers] Setting `pad_token_id` to `eos_token_id`:151645 for open-end generation.
[transformers] Setting `pad_token_id` to `eos_token_id`:151645 for open-end generation.
[transformers] Setting `pad_token_id` to `eos_token_id`:151645 for open-end generation.
[transformers] Setting `pad_token_id` to `eos_token_id`:151645 for open-end generation.
[transformers] Setting `pad_token_id` to `eos_token_id`:151645 for open-end generation.
[transformers] Setting `pad_token_id` to `eos_token_id`:151645 for open-end generation.
[transformers] Setting `pad_token_id` to `eos_token_id`:151645 for open-end generation.
[transformers] Setting `pad_token_id` to `eos_token_id`:151645 for open-end generation.
[transformers] Setting `pad_token_id` to `eos_token_id`:151645 for open-end generation.
[transformers] Setting `pad_token_id` to `eos_token_id`:151645 for open-end generation.
RQ3 OpenGVLab/InternVL3-8B text_plus_image calls=1250/3600
[transformers] Setting `pad_token_id` to `eos_token_id`:151645 for open-end generation.
[transformers] Setting `pad_token_id` to `eos_token_id`:151645 for open-end generation.
[transformers] Setting `pad_token_id` to `eos_token_id`:151645 for open-end generation.
[transformers] Setting `pad_token_id` to `eos_token_id`:151645 for open-end generation.
[transformers] Setting `pad_token_id` to `eos_token_id`:151645 for open-end generation.
[transformers] Setting `pad_token_id` to `eos_token_id`:151645 for open-end generation.
[transformers] Setting `pad_token_id` to `eos_token_id`:151645 for open-end generation.
[transformers] Setting `pad_token_id` to `eos_token_id`:151645 for open-end generation.
[transformers] Setting `pad_token_id` to `eos_token_id`:151645 for open-end generation.
[transformers] Setting `pad_token_id` to `eos_token_id`:151645 for open-end generation.
[transformers] Setting `pad_token_id` to `eos_token_id`:151645 for open-end generation.
[transformers] Setting `pad_token_id` to `eos_token_id`:151645 for open-end generation.
[transformers] Setting `pad_token_id` to `eos_token_id`:151645 for open-end generation.
[transformers] Setting `pad_token_id` to `eos_token_id`:151645 for open-end generation.
[transformers] Setting `pad_token_id` to `eos_token_id`:151645 for open-end generation.
[transformers] Setting `pad_token_id` to `eos_token_id`:151645 for open-end generation.
[transformers] Setting `pad_token_id` to `eos_token_id`:151645 for open-end generation.
[transformers] Setting `pad_token_id` to `eos_token_id`:151645 for open-end generation.
[transformers] Setting `pad_token_id` to `eos_token_id`:151645 for open-end generation.
[transformers] Setting `pad_token_id` to `eos_token_id`:151645 for open-end generation.
[transformers] Setting `pad_token_id` to `eos_token_id`:151645 for open-end generation.
[transformers] Setting `pad_token_id` to `eos_token_id`:151645 for open-end generation.
[transformers] Setting `pad_token_id` to `eos_token_id`:151645 for open-end generation.
[transformers] Setting `pad_token_id` to `eos_token_id`:151645 for open-end generation.
[transformers] Setting `pad_token_id` to `eos_token_id`:151645 for open-end generation.
RQ3 OpenGVLab/InternVL3-8B text_plus_image calls=1275/3600
[transformers] Setting `pad_token_id` to `eos_token_id`:151645 for open-end generation.
[transformers] Setting `pad_token_id` to `eos_token_id`:151645 for open-end generation.
[transformers] Setting `pad_token_id` to `eos_token_id`:151645 for open-end generation.
[transformers] Setting `pad_token_id` to `eos_token_id`:151645 for open-end generation.
[transformers] Setting `pad_token_id` to `eos_token_id`:151645 for open-end generation.
[transformers] Setting `pad_token_id` to `eos_token_id`:151645 for open-end generation.
[transformers] Setting `pad_token_id` to `eos_token_id`:151645 for open-end generation.
[transformers] Setting `pad_token_id` to `eos_token_id`:151645 for open-end generation.
[transformers] Setting `pad_token_id` to `eos_token_id`:151645 for open-end generation.
[transformers] Setting `pad_token_id` to `eos_token_id`:151645 for open-end generation.
[transformers] Setting `pad_token_id` to `eos_token_id`:151645 for open-end generation.
[transformers] Setting `pad_token_id` to `eos_token_id`:151645 for open-end generation.
[transformers] Setting `pad_token_id` to `eos_token_id`:151645 for open-end generation.
[transformers] Setting `pad_token_id` to `eos_token_id`:151645 for open-end generation.
[transformers] Setting `pad_token_id` to `eos_token_id`:151645 for open-end generation.
[transformers] Setting `pad_token_id` to `eos_token_id`:151645 for open-end generation.
[transformers] Setting `pad_token_id` to `eos_token_id`:151645 for open-end generation.
[transformers] Setting `pad_token_id` to `eos_token_id`:151645 for open-end generation.
[transformers] Setting `pad_token_id` to `eos_token_id`:151645 for open-end generation.
[transformers] Setting `pad_token_id` to `eos_token_id`:151645 for open-end generation.
[transformers] Setting `pad_token_id` to `eos_token_id`:151645 for open-end generation.
[transformers] Setting `pad_token_id` to `eos_token_id`:151645 for open-end generation.
[transformers] Setting `pad_token_id` to `eos_token_id`:151645 for open-end generation.
[transformers] Setting `pad_token_id` to `eos_token_id`:151645 for open-end generation.
[transformers] Setting `pad_token_id` to `eos_token_id`:151645 for open-end generation.
RQ3 OpenGVLab/InternVL3-8B text_plus_image calls=1300/3600
[transformers] Setting `pad_token_id` to `eos_token_id`:151645 for open-end generation.
[transformers] Setting `pad_token_id` to `eos_token_id`:151645 for open-end generation.
[transformers] Setting `pad_token_id` to `eos_token_id`:151645 for open-end generation.
[transformers] Setting `pad_token_id` to `eos_token_id`:151645 for open-end generation.
[transformers] Setting `pad_token_id` to `eos_token_id`:151645 for open-end generation.
[transformers] Setting `pad_token_id` to `eos_token_id`:151645 for open-end generation.
[transformers] Setting `pad_token_id` to `eos_token_id`:151645 for open-end generation.
[transformers] Setting `pad_token_id` to `eos_token_id`:151645 for open-end generation.
[transformers] Setting `pad_token_id` to `eos_token_id`:151645 for open-end generation.
[transformers] Setting `pad_token_id` to `eos_token_id`:151645 for open-end generation.
[transformers] Setting `pad_token_id` to `eos_token_id`:151645 for open-end generation.
[transformers] Setting `pad_token_id` to `eos_token_id`:151645 for open-end generation.
[transformers] Setting `pad_token_id` to `eos_token_id`:151645 for open-end generation.
[transformers] Setting `pad_token_id` to `eos_token_id`:151645 for open-end generation.
[transformers] Setting `pad_token_id` to `eos_token_id`:151645 for open-end generation.
[transformers] Setting `pad_token_id` to `eos_token_id`:151645 for open-end generation.
[transformers] Setting `pad_token_id` to `eos_token_id`:151645 for open-end generation.
[transformers] Setting `pad_token_id` to `eos_token_id`:151645 for open-end generation.
[transformers] Setting `pad_token_id` to `eos_token_id`:151645 for open-end generation.
[transformers] Setting `pad_token_id` to `eos_token_id`:151645 for open-end generation.
[transformers] Setting `pad_token_id` to `eos_token_id`:151645 for open-end generation.
[transformers] Setting `pad_token_id` to `eos_token_id`:151645 for open-end generation.
[transformers] Setting `pad_token_id` to `eos_token_id`:151645 for open-end generation.
[transformers] Setting `pad_token_id` to `eos_token_id`:151645 for open-end generation.
[transformers] Setting `pad_token_id` to `eos_token_id`:151645 for open-end generation.
RQ3 OpenGVLab/InternVL3-8B text_plus_image calls=1325/3600
[transformers] Setting `pad_token_id` to `eos_token_id`:151645 for open-end generation.
[transformers] Setting `pad_token_id` to `eos_token_id`:151645 for open-end generation.
[transformers] Setting `pad_token_id` to `eos_token_id`:151645 for open-end generation.
[transformers] Setting `pad_token_id` to `eos_token_id`:151645 for open-end generation.
[transformers] Setting `pad_token_id` to `eos_token_id`:151645 for open-end generation.
[transformers] Setting `pad_token_id` to `eos_token_id`:151645 for open-end generation.
[transformers] Setting `pad_token_id` to `eos_token_id`:151645 for open-end generation.
[transformers] Setting `pad_token_id` to `eos_token_id`:151645 for open-end generation.
[transformers] Setting `pad_token_id` to `eos_token_id`:151645 for open-end generation.
[transformers] Setting `pad_token_id` to `eos_token_id`:151645 for open-end generation.
[transformers] Setting `pad_token_id` to `eos_token_id`:151645 for open-end generation.
[transformers] Setting `pad_token_id` to `eos_token_id`:151645 for open-end generation.
[transformers] Setting `pad_token_id` to `eos_token_id`:151645 for open-end generation.
[transformers] Setting `pad_token_id` to `eos_token_id`:151645 for open-end generation.
[transformers] Setting `pad_token_id` to `eos_token_id`:151645 for open-end generation.
[transformers] Setting `pad_token_id` to `eos_token_id`:151645 for open-end generation.
[transformers] Setting `pad_token_id` to `eos_token_id`:151645 for open-end generation.
[transformers] Setting `pad_token_id` to `eos_token_id`:151645 for open-end generation.
[transformers] Setting `pad_token_id` to `eos_token_id`:151645 for open-end generation.
[transformers] Setting `pad_token_id` to `eos_token_id`:151645 for open-end generation.
[transformers] Setting `pad_token_id` to `eos_token_id`:151645 for open-end generation.
[transformers] Setting `pad_token_id` to `eos_token_id`:151645 for open-end generation.
[transformers] Setting `pad_token_id` to `eos_token_id`:151645 for open-end generation.
[transformers] Setting `pad_token_id` to `eos_token_id`:151645 for open-end generation.
[transformers] Setting `pad_token_id` to `eos_token_id`:151645 for open-end generation.
RQ3 OpenGVLab/InternVL3-8B text_plus_image calls=1350/3600
[transformers] Setting `pad_token_id` to `eos_token_id`:151645 for open-end generation.
[transformers] Setting `pad_token_id` to `eos_token_id`:151645 for open-end generation.
[transformers] Setting `pad_token_id` to `eos_token_id`:151645 for open-end generation.
[transformers] Setting `pad_token_id` to `eos_token_id`:151645 for open-end generation.
[transformers] Setting `pad_token_id` to `eos_token_id`:151645 for open-end generation.
[transformers] Setting `pad_token_id` to `eos_token_id`:151645 for open-end generation.
[transformers] Setting `pad_token_id` to `eos_token_id`:151645 for open-end generation.
[transformers] Setting `pad_token_id` to `eos_token_id`:151645 for open-end generation.
[transformers] Setting `pad_token_id` to `eos_token_id`:151645 for open-end generation.
[transformers] Setting `pad_token_id` to `eos_token_id`:151645 for open-end generation.
[transformers] Setting `pad_token_id` to `eos_token_id`:151645 for open-end generation.
[transformers] Setting `pad_token_id` to `eos_token_id`:151645 for open-end generation.
[transformers] Setting `pad_token_id` to `eos_token_id`:151645 for open-end generation.
[transformers] Setting `pad_token_id` to `eos_token_id`:151645 for open-end generation.
[transformers] Setting `pad_token_id` to `eos_token_id`:151645 for open-end generation.
[transformers] Setting `pad_token_id` to `eos_token_id`:151645 for open-end generation.
[transformers] Setting `pad_token_id` to `eos_token_id`:151645 for open-end generation.
[transformers] Setting `pad_token_id` to `eos_token_id`:151645 for open-end generation.
[transformers] Setting `pad_token_id` to `eos_token_id`:151645 for open-end generation.
[transformers] Setting `pad_token_id` to `eos_token_id`:151645 for open-end generation.
[transformers] Setting `pad_token_id` to `eos_token_id`:151645 for open-end generation.
[transformers] Setting `pad_token_id` to `eos_token_id`:151645 for open-end generation.
[transformers] Setting `pad_token_id` to `eos_token_id`:151645 for open-end generation.
[transformers] Setting `pad_token_id` to `eos_token_id`:151645 for open-end generation.
[transformers] Setting `pad_token_id` to `eos_token_id`:151645 for open-end generation.
RQ3 OpenGVLab/InternVL3-8B text_plus_image calls=1375/3600
[transformers] Setting `pad_token_id` to `eos_token_id`:151645 for open-end generation.
[transformers] Setting `pad_token_id` to `eos_token_id`:151645 for open-end generation.
[transformers] Setting `pad_token_id` to `eos_token_id`:151645 for open-end generation.
[transformers] Setting `pad_token_id` to `eos_token_id`:151645 for open-end generation.
[transformers] Setting `pad_token_id` to `eos_token_id`:151645 for open-end generation.
[transformers] Setting `pad_token_id` to `eos_token_id`:151645 for open-end generation.
[transformers] Setting `pad_token_id` to `eos_token_id`:151645 for open-end generation.
[transformers] Setting `pad_token_id` to `eos_token_id`:151645 for open-end generation.
[transformers] Setting `pad_token_id` to `eos_token_id`:151645 for open-end generation.
[transformers] Setting `pad_token_id` to `eos_token_id`:151645 for open-end generation.
[transformers] Setting `pad_token_id` to `eos_token_id`:151645 for open-end generation.
[transformers] Setting `pad_token_id` to `eos_token_id`:151645 for open-end generation.
[transformers] Setting `pad_token_id` to `eos_token_id`:151645 for open-end generation.
[transformers] Setting `pad_token_id` to `eos_token_id`:151645 for open-end generation.
[transformers] Setting `pad_token_id` to `eos_token_id`:151645 for open-end generation.
[transformers] Setting `pad_token_id` to `eos_token_id`:151645 for open-end generation.
[transformers] Setting `pad_token_id` to `eos_token_id`:151645 for open-end generation.
[transformers] Setting `pad_token_id` to `eos_token_id`:151645 for open-end generation.
[transformers] Setting `pad_token_id` to `eos_token_id`:151645 for open-end generation.
[transformers] Setting `pad_token_id` to `eos_token_id`:151645 for open-end generation.
[transformers] Setting `pad_token_id` to `eos_token_id`:151645 for open-end generation.
[transformers] Setting `pad_token_id` to `eos_token_id`:151645 for open-end generation.
[transformers] Setting `pad_token_id` to `eos_token_id`:151645 for open-end generation.
[transformers] Setting `pad_token_id` to `eos_token_id`:151645 for open-end generation.
[transformers] Setting `pad_token_id` to `eos_token_id`:151645 for open-end generation.
RQ3 OpenGVLab/InternVL3-8B text_plus_image calls=1400/3600
[transformers] Setting `pad_token_id` to `eos_token_id`:151645 for open-end generation.
[transformers] Setting `pad_token_id` to `eos_token_id`:151645 for open-end generation.
[transformers] Setting `pad_token_id` to `eos_token_id`:151645 for open-end generation.
[transformers] Setting `pad_token_id` to `eos_token_id`:151645 for open-end generation.
[transformers] Setting `pad_token_id` to `eos_token_id`:151645 for open-end generation.
[transformers] Setting `pad_token_id` to `eos_token_id`:151645 for open-end generation.
[transformers] Setting `pad_token_id` to `eos_token_id`:151645 for open-end generation.
[transformers] Setting `pad_token_id` to `eos_token_id`:151645 for open-end generation.
[transformers] Setting `pad_token_id` to `eos_token_id`:151645 for open-end generation.
[transformers] Setting `pad_token_id` to `eos_token_id`:151645 for open-end generation.
[transformers] Setting `pad_token_id` to `eos_token_id`:151645 for open-end generation.
[transformers] Setting `pad_token_id` to `eos_token_id`:151645 for open-end generation.
[transformers] Setting `pad_token_id` to `eos_token_id`:151645 for open-end generation.
[transformers] Setting `pad_token_id` to `eos_token_id`:151645 for open-end generation.
[transformers] Setting `pad_token_id` to `eos_token_id`:151645 for open-end generation.
[transformers] Setting `pad_token_id` to `eos_token_id`:151645 for open-end generation.
[transformers] Setting `pad_token_id` to `eos_token_id`:151645 for open-end generation.
[transformers] Setting `pad_token_id` to `eos_token_id`:151645 for open-end generation.
[transformers] Setting `pad_token_id` to `eos_token_id`:151645 for open-end generation.
[transformers] Setting `pad_token_id` to `eos_token_id`:151645 for open-end generation.
[transformers] Setting `pad_token_id` to `eos_token_id`:151645 for open-end generation.
[transformers] Setting `pad_token_id` to `eos_token_id`:151645 for open-end generation.
[transformers] Setting `pad_token_id` to `eos_token_id`:151645 for open-end generation.
[transformers] Setting `pad_token_id` to `eos_token_id`:151645 for open-end generation.
[transformers] Setting `pad_token_id` to `eos_token_id`:151645 for open-end generation.
RQ3 OpenGVLab/InternVL3-8B text_plus_image calls=1425/3600
[transformers] Setting `pad_token_id` to `eos_token_id`:151645 for open-end generation.
[transformers] Setting `pad_token_id` to `eos_token_id`:151645 for open-end generation.
[transformers] Setting `pad_token_id` to `eos_token_id`:151645 for open-end generation.
[transformers] Setting `pad_token_id` to `eos_token_id`:151645 for open-end generation.
[transformers] Setting `pad_token_id` to `eos_token_id`:151645 for open-end generation.
[transformers] Setting `pad_token_id` to `eos_token_id`:151645 for open-end generation.
[transformers] Setting `pad_token_id` to `eos_token_id`:151645 for open-end generation.
[transformers] Setting `pad_token_id` to `eos_token_id`:151645 for open-end generation.
[transformers] Setting `pad_token_id` to `eos_token_id`:151645 for open-end generation.
[transformers] Setting `pad_token_id` to `eos_token_id`:151645 for open-end generation.
[transformers] Setting `pad_token_id` to `eos_token_id`:151645 for open-end generation.
[transformers] Setting `pad_token_id` to `eos_token_id`:151645 for open-end generation.
[transformers] Setting `pad_token_id` to `eos_token_id`:151645 for open-end generation.
[transformers] Setting `pad_token_id` to `eos_token_id`:151645 for open-end generation.
[transformers] Setting `pad_token_id` to `eos_token_id`:151645 for open-end generation.
[transformers] Setting `pad_token_id` to `eos_token_id`:151645 for open-end generation.
[transformers] Setting `pad_token_id` to `eos_token_id`:151645 for open-end generation.
[transformers] Setting `pad_token_id` to `eos_token_id`:151645 for open-end generation.
[transformers] Setting `pad_token_id` to `eos_token_id`:151645 for open-end generation.
[transformers] Setting `pad_token_id` to `eos_token_id`:151645 for open-end generation.
[transformers] Setting `pad_token_id` to `eos_token_id`:151645 for open-end generation.
[transformers] Setting `pad_token_id` to `eos_token_id`:151645 for open-end generation.
[transformers] Setting `pad_token_id` to `eos_token_id`:151645 for open-end generation.
[transformers] Setting `pad_token_id` to `eos_token_id`:151645 for open-end generation.
[transformers] Setting `pad_token_id` to `eos_token_id`:151645 for open-end generation.
RQ3 OpenGVLab/InternVL3-8B text_plus_image calls=1450/3600
[transformers] Setting `pad_token_id` to `eos_token_id`:151645 for open-end generation.
[transformers] Setting `pad_token_id` to `eos_token_id`:151645 for open-end generation.
[transformers] Setting `pad_token_id` to `eos_token_id`:151645 for open-end generation.
[transformers] Setting `pad_token_id` to `eos_token_id`:151645 for open-end generation.
[transformers] Setting `pad_token_id` to `eos_token_id`:151645 for open-end generation.
[transformers] Setting `pad_token_id` to `eos_token_id`:151645 for open-end generation.
[transformers] Setting `pad_token_id` to `eos_token_id`:151645 for open-end generation.
[transformers] Setting `pad_token_id` to `eos_token_id`:151645 for open-end generation.
[transformers] Setting `pad_token_id` to `eos_token_id`:151645 for open-end generation.
[transformers] Setting `pad_token_id` to `eos_token_id`:151645 for open-end generation.
[transformers] Setting `pad_token_id` to `eos_token_id`:151645 for open-end generation.
[transformers] Setting `pad_token_id` to `eos_token_id`:151645 for open-end generation.
[transformers] Setting `pad_token_id` to `eos_token_id`:151645 for open-end generation.
[transformers] Setting `pad_token_id` to `eos_token_id`:151645 for open-end generation.
[transformers] Setting `pad_token_id` to `eos_token_id`:151645 for open-end generation.
[transformers] Setting `pad_token_id` to `eos_token_id`:151645 for open-end generation.
[transformers] Setting `pad_token_id` to `eos_token_id`:151645 for open-end generation.
[transformers] Setting `pad_token_id` to `eos_token_id`:151645 for open-end generation.
[transformers] Setting `pad_token_id` to `eos_token_id`:151645 for open-end generation.
[transformers] Setting `pad_token_id` to `eos_token_id`:151645 for open-end generation.
[transformers] Setting `pad_token_id` to `eos_token_id`:151645 for open-end generation.
[transformers] Setting `pad_token_id` to `eos_token_id`:151645 for open-end generation.
[transformers] Setting `pad_token_id` to `eos_token_id`:151645 for open-end generation.
[transformers] Setting `pad_token_id` to `eos_token_id`:151645 for open-end generation.
[transformers] Setting `pad_token_id` to `eos_token_id`:151645 for open-end generation.
RQ3 OpenGVLab/InternVL3-8B text_plus_image calls=1475/3600
[transformers] Setting `pad_token_id` to `eos_token_id`:151645 for open-end generation.
[transformers] Setting `pad_token_id` to `eos_token_id`:151645 for open-end generation.
[transformers] Setting `pad_token_id` to `eos_token_id`:151645 for open-end generation.
[transformers] Setting `pad_token_id` to `eos_token_id`:151645 for open-end generation.
[transformers] Setting `pad_token_id` to `eos_token_id`:151645 for open-end generation.
[transformers] Setting `pad_token_id` to `eos_token_id`:151645 for open-end generation.
[transformers] Setting `pad_token_id` to `eos_token_id`:151645 for open-end generation.
[transformers] Setting `pad_token_id` to `eos_token_id`:151645 for open-end generation.
[transformers] Setting `pad_token_id` to `eos_token_id`:151645 for open-end generation.
[transformers] Setting `pad_token_id` to `eos_token_id`:151645 for open-end generation.
[transformers] Setting `pad_token_id` to `eos_token_id`:151645 for open-end generation.
[transformers] Setting `pad_token_id` to `eos_token_id`:151645 for open-end generation.
[transformers] Setting `pad_token_id` to `eos_token_id`:151645 for open-end generation.
[transformers] Setting `pad_token_id` to `eos_token_id`:151645 for open-end generation.
[transformers] Setting `pad_token_id` to `eos_token_id`:151645 for open-end generation.
[transformers] Setting `pad_token_id` to `eos_token_id`:151645 for open-end generation.
[transformers] Setting `pad_token_id` to `eos_token_id`:151645 for open-end generation.
[transformers] Setting `pad_token_id` to `eos_token_id`:151645 for open-end generation.
[transformers] Setting `pad_token_id` to `eos_token_id`:151645 for open-end generation.
[transformers] Setting `pad_token_id` to `eos_token_id`:151645 for open-end generation.
[transformers] Setting `pad_token_id` to `eos_token_id`:151645 for open-end generation.
[transformers] Setting `pad_token_id` to `eos_token_id`:151645 for open-end generation.
[transformers] Setting `pad_token_id` to `eos_token_id`:151645 for open-end generation.
[transformers] Setting `pad_token_id` to `eos_token_id`:151645 for open-end generation.
[transformers] Setting `pad_token_id` to `eos_token_id`:151645 for open-end generation.
RQ3 OpenGVLab/InternVL3-8B text_plus_image calls=1500/3600
[transformers] Setting `pad_token_id` to `eos_token_id`:151645 for open-end generation.
[transformers] Setting `pad_token_id` to `eos_token_id`:151645 for open-end generation.
[transformers] Setting `pad_token_id` to `eos_token_id`:151645 for open-end generation.
[transformers] Setting `pad_token_id` to `eos_token_id`:151645 for open-end generation.
[transformers] Setting `pad_token_id` to `eos_token_id`:151645 for open-end generation.
[transformers] Setting `pad_token_id` to `eos_token_id`:151645 for open-end generation.
[transformers] Setting `pad_token_id` to `eos_token_id`:151645 for open-end generation.
[transformers] Setting `pad_token_id` to `eos_token_id`:151645 for open-end generation.
[transformers] Setting `pad_token_id` to `eos_token_id`:151645 for open-end generation.
[transformers] Setting `pad_token_id` to `eos_token_id`:151645 for open-end generation.
[transformers] Setting `pad_token_id` to `eos_token_id`:151645 for open-end generation.
[transformers] Setting `pad_token_id` to `eos_token_id`:151645 for open-end generation.
[transformers] Setting `pad_token_id` to `eos_token_id`:151645 for open-end generation.
[transformers] Setting `pad_token_id` to `eos_token_id`:151645 for open-end generation.
[transformers] Setting `pad_token_id` to `eos_token_id`:151645 for open-end generation.
[transformers] Setting `pad_token_id` to `eos_token_id`:151645 for open-end generation.
[transformers] Setting `pad_token_id` to `eos_token_id`:151645 for open-end generation.
[transformers] Setting `pad_token_id` to `eos_token_id`:151645 for open-end generation.
[transformers] Setting `pad_token_id` to `eos_token_id`:151645 for open-end generation.
[transformers] Setting `pad_token_id` to `eos_token_id`:151645 for open-end generation.
[transformers] Setting `pad_token_id` to `eos_token_id`:151645 for open-end generation.
[transformers] Setting `pad_token_id` to `eos_token_id`:151645 for open-end generation.
[transformers] Setting `pad_token_id` to `eos_token_id`:151645 for open-end generation.
[transformers] Setting `pad_token_id` to `eos_token_id`:151645 for open-end generation.
[transformers] Setting `pad_token_id` to `eos_token_id`:151645 for open-end generation.
RQ3 OpenGVLab/InternVL3-8B text_plus_image calls=1525/3600
[transformers] Setting `pad_token_id` to `eos_token_id`:151645 for open-end generation.
[transformers] Setting `pad_token_id` to `eos_token_id`:151645 for open-end generation.
[transformers] Setting `pad_token_id` to `eos_token_id`:151645 for open-end generation.
[transformers] Setting `pad_token_id` to `eos_token_id`:151645 for open-end generation.
[transformers] Setting `pad_token_id` to `eos_token_id`:151645 for open-end generation.
[transformers] Setting `pad_token_id` to `eos_token_id`:151645 for open-end generation.
[transformers] Setting `pad_token_id` to `eos_token_id`:151645 for open-end generation.
[transformers] Setting `pad_token_id` to `eos_token_id`:151645 for open-end generation.
[transformers] Setting `pad_token_id` to `eos_token_id`:151645 for open-end generation.
[transformers] Setting `pad_token_id` to `eos_token_id`:151645 for open-end generation.
[transformers] Setting `pad_token_id` to `eos_token_id`:151645 for open-end generation.
[transformers] Setting `pad_token_id` to `eos_token_id`:151645 for open-end generation.
[transformers] Setting `pad_token_id` to `eos_token_id`:151645 for open-end generation.
[transformers] Setting `pad_token_id` to `eos_token_id`:151645 for open-end generation.
[transformers] Setting `pad_token_id` to `eos_token_id`:151645 for open-end generation.
[transformers] Setting `pad_token_id` to `eos_token_id`:151645 for open-end generation.
[transformers] Setting `pad_token_id` to `eos_token_id`:151645 for open-end generation.
[transformers] Setting `pad_token_id` to `eos_token_id`:151645 for open-end generation.
[transformers] Setting `pad_token_id` to `eos_token_id`:151645 for open-end generation.
[transformers] Setting `pad_token_id` to `eos_token_id`:151645 for open-end generation.
[transformers] Setting `pad_token_id` to `eos_token_id`:151645 for open-end generation.
[transformers] Setting `pad_token_id` to `eos_token_id`:151645 for open-end generation.
[transformers] Setting `pad_token_id` to `eos_token_id`:151645 for open-end generation.
[transformers] Setting `pad_token_id` to `eos_token_id`:151645 for open-end generation.
[transformers] Setting `pad_token_id` to `eos_token_id`:151645 for open-end generation.
RQ3 OpenGVLab/InternVL3-8B text_plus_image calls=1550/3600
[transformers] Setting `pad_token_id` to `eos_token_id`:151645 for open-end generation.
[transformers] Setting `pad_token_id` to `eos_token_id`:151645 for open-end generation.
[transformers] Setting `pad_token_id` to `eos_token_id`:151645 for open-end generation.
[transformers] Setting `pad_token_id` to `eos_token_id`:151645 for open-end generation.
[transformers] Setting `pad_token_id` to `eos_token_id`:151645 for open-end generation.
[transformers] Setting `pad_token_id` to `eos_token_id`:151645 for open-end generation.
[transformers] Setting `pad_token_id` to `eos_token_id`:151645 for open-end generation.
[transformers] Setting `pad_token_id` to `eos_token_id`:151645 for open-end generation.
[transformers] Setting `pad_token_id` to `eos_token_id`:151645 for open-end generation.
[transformers] Setting `pad_token_id` to `eos_token_id`:151645 for open-end generation.
[transformers] Setting `pad_token_id` to `eos_token_id`:151645 for open-end generation.
[transformers] Setting `pad_token_id` to `eos_token_id`:151645 for open-end generation.
[transformers] Setting `pad_token_id` to `eos_token_id`:151645 for open-end generation.
[transformers] Setting `pad_token_id` to `eos_token_id`:151645 for open-end generation.
[transformers] Setting `pad_token_id` to `eos_token_id`:151645 for open-end generation.
[transformers] Setting `pad_token_id` to `eos_token_id`:151645 for open-end generation.
[transformers] Setting `pad_token_id` to `eos_token_id`:151645 for open-end generation.
[transformers] Setting `pad_token_id` to `eos_token_id`:151645 for open-end generation.
[transformers] Setting `pad_token_id` to `eos_token_id`:151645 for open-end generation.
[transformers] Setting `pad_token_id` to `eos_token_id`:151645 for open-end generation.
[transformers] Setting `pad_token_id` to `eos_token_id`:151645 for open-end generation.
[transformers] Setting `pad_token_id` to `eos_token_id`:151645 for open-end generation.
[transformers] Setting `pad_token_id` to `eos_token_id`:151645 for open-end generation.
[transformers] Setting `pad_token_id` to `eos_token_id`:151645 for open-end generation.
[transformers] Setting `pad_token_id` to `eos_token_id`:151645 for open-end generation.
RQ3 OpenGVLab/InternVL3-8B text_plus_image calls=1575/3600
[transformers] Setting `pad_token_id` to `eos_token_id`:151645 for open-end generation.
[transformers] Setting `pad_token_id` to `eos_token_id`:151645 for open-end generation.
[transformers] Setting `pad_token_id` to `eos_token_id`:151645 for open-end generation.
[transformers] Setting `pad_token_id` to `eos_token_id`:151645 for open-end generation.
[transformers] Setting `pad_token_id` to `eos_token_id`:151645 for open-end generation.
[transformers] Setting `pad_token_id` to `eos_token_id`:151645 for open-end generation.
[transformers] Setting `pad_token_id` to `eos_token_id`:151645 for open-end generation.
[transformers] Setting `pad_token_id` to `eos_token_id`:151645 for open-end generation.
[transformers] Setting `pad_token_id` to `eos_token_id`:151645 for open-end generation.
[transformers] Setting `pad_token_id` to `eos_token_id`:151645 for open-end generation.
[transformers] Setting `pad_token_id` to `eos_token_id`:151645 for open-end generation.
[transformers] Setting `pad_token_id` to `eos_token_id`:151645 for open-end generation.
[transformers] Setting `pad_token_id` to `eos_token_id`:151645 for open-end generation.
[transformers] Setting `pad_token_id` to `eos_token_id`:151645 for open-end generation.
[transformers] Setting `pad_token_id` to `eos_token_id`:151645 for open-end generation.
[transformers] Setting `pad_token_id` to `eos_token_id`:151645 for open-end generation.
[transformers] Setting `pad_token_id` to `eos_token_id`:151645 for open-end generation.
[transformers] Setting `pad_token_id` to `eos_token_id`:151645 for open-end generation.
[transformers] Setting `pad_token_id` to `eos_token_id`:151645 for open-end generation.
[transformers] Setting `pad_token_id` to `eos_token_id`:151645 for open-end generation.
[transformers] Setting `pad_token_id` to `eos_token_id`:151645 for open-end generation.
[transformers] Setting `pad_token_id` to `eos_token_id`:151645 for open-end generation.
[transformers] Setting `pad_token_id` to `eos_token_id`:151645 for open-end generation.
[transformers] Setting `pad_token_id` to `eos_token_id`:151645 for open-end generation.
[transformers] Setting `pad_token_id` to `eos_token_id`:151645 for open-end generation.
RQ3 OpenGVLab/InternVL3-8B text_plus_image calls=1600/3600
[transformers] Setting `pad_token_id` to `eos_token_id`:151645 for open-end generation.
[transformers] Setting `pad_token_id` to `eos_token_id`:151645 for open-end generation.
[transformers] Setting `pad_token_id` to `eos_token_id`:151645 for open-end generation.
[transformers] Setting `pad_token_id` to `eos_token_id`:151645 for open-end generation.
[transformers] Setting `pad_token_id` to `eos_token_id`:151645 for open-end generation.
[transformers] Setting `pad_token_id` to `eos_token_id`:151645 for open-end generation.
[transformers] Setting `pad_token_id` to `eos_token_id`:151645 for open-end generation.
[transformers] Setting `pad_token_id` to `eos_token_id`:151645 for open-end generation.
[transformers] Setting `pad_token_id` to `eos_token_id`:151645 for open-end generation.
[transformers] Setting `pad_token_id` to `eos_token_id`:151645 for open-end generation.
[transformers] Setting `pad_token_id` to `eos_token_id`:151645 for open-end generation.
[transformers] Setting `pad_token_id` to `eos_token_id`:151645 for open-end generation.
[transformers] Setting `pad_token_id` to `eos_token_id`:151645 for open-end generation.
[transformers] Setting `pad_token_id` to `eos_token_id`:151645 for open-end generation.
[transformers] Setting `pad_token_id` to `eos_token_id`:151645 for open-end generation.
[transformers] Setting `pad_token_id` to `eos_token_id`:151645 for open-end generation.
[transformers] Setting `pad_token_id` to `eos_token_id`:151645 for open-end generation.
[transformers] Setting `pad_token_id` to `eos_token_id`:151645 for open-end generation.
[transformers] Setting `pad_token_id` to `eos_token_id`:151645 for open-end generation.
[transformers] Setting `pad_token_id` to `eos_token_id`:151645 for open-end generation.
[transformers] Setting `pad_token_id` to `eos_token_id`:151645 for open-end generation.
[transformers] Setting `pad_token_id` to `eos_token_id`:151645 for open-end generation.
[transformers] Setting `pad_token_id` to `eos_token_id`:151645 for open-end generation.
[transformers] Setting `pad_token_id` to `eos_token_id`:151645 for open-end generation.
[transformers] Setting `pad_token_id` to `eos_token_id`:151645 for open-end generation.
RQ3 OpenGVLab/InternVL3-8B text_plus_image calls=1625/3600
[transformers] Setting `pad_token_id` to `eos_token_id`:151645 for open-end generation.
[transformers] Setting `pad_token_id` to `eos_token_id`:151645 for open-end generation.
[transformers] Setting `pad_token_id` to `eos_token_id`:151645 for open-end generation.
[transformers] Setting `pad_token_id` to `eos_token_id`:151645 for open-end generation.
[transformers] Setting `pad_token_id` to `eos_token_id`:151645 for open-end generation.
[transformers] Setting `pad_token_id` to `eos_token_id`:151645 for open-end generation.
[transformers] Setting `pad_token_id` to `eos_token_id`:151645 for open-end generation.
[transformers] Setting `pad_token_id` to `eos_token_id`:151645 for open-end generation.
[transformers] Setting `pad_token_id` to `eos_token_id`:151645 for open-end generation.
[transformers] Setting `pad_token_id` to `eos_token_id`:151645 for open-end generation.
[transformers] Setting `pad_token_id` to `eos_token_id`:151645 for open-end generation.
[transformers] Setting `pad_token_id` to `eos_token_id`:151645 for open-end generation.
[transformers] Setting `pad_token_id` to `eos_token_id`:151645 for open-end generation.
[transformers] Setting `pad_token_id` to `eos_token_id`:151645 for open-end generation.
[transformers] Setting `pad_token_id` to `eos_token_id`:151645 for open-end generation.
[transformers] Setting `pad_token_id` to `eos_token_id`:151645 for open-end generation.
[transformers] Setting `pad_token_id` to `eos_token_id`:151645 for open-end generation.
[transformers] Setting `pad_token_id` to `eos_token_id`:151645 for open-end generation.
[transformers] Setting `pad_token_id` to `eos_token_id`:151645 for open-end generation.
[transformers] Setting `pad_token_id` to `eos_token_id`:151645 for open-end generation.
[transformers] Setting `pad_token_id` to `eos_token_id`:151645 for open-end generation.
[transformers] Setting `pad_token_id` to `eos_token_id`:151645 for open-end generation.
[transformers] Setting `pad_token_id` to `eos_token_id`:151645 for open-end generation.
[transformers] Setting `pad_token_id` to `eos_token_id`:151645 for open-end generation.
[transformers] Setting `pad_token_id` to `eos_token_id`:151645 for open-end generation.
RQ3 OpenGVLab/InternVL3-8B text_plus_image calls=1650/3600
[transformers] Setting `pad_token_id` to `eos_token_id`:151645 for open-end generation.
[transformers] Setting `pad_token_id` to `eos_token_id`:151645 for open-end generation.
[transformers] Setting `pad_token_id` to `eos_token_id`:151645 for open-end generation.
[transformers] Setting `pad_token_id` to `eos_token_id`:151645 for open-end generation.
[transformers] Setting `pad_token_id` to `eos_token_id`:151645 for open-end generation.
[transformers] Setting `pad_token_id` to `eos_token_id`:151645 for open-end generation.
[transformers] Setting `pad_token_id` to `eos_token_id`:151645 for open-end generation.
[transformers] Setting `pad_token_id` to `eos_token_id`:151645 for open-end generation.
[transformers] Setting `pad_token_id` to `eos_token_id`:151645 for open-end generation.
[transformers] Setting `pad_token_id` to `eos_token_id`:151645 for open-end generation.
[transformers] Setting `pad_token_id` to `eos_token_id`:151645 for open-end generation.
[transformers] Setting `pad_token_id` to `eos_token_id`:151645 for open-end generation.
[transformers] Setting `pad_token_id` to `eos_token_id`:151645 for open-end generation.
[transformers] Setting `pad_token_id` to `eos_token_id`:151645 for open-end generation.
[transformers] Setting `pad_token_id` to `eos_token_id`:151645 for open-end generation.
[transformers] Setting `pad_token_id` to `eos_token_id`:151645 for open-end generation.
[transformers] Setting `pad_token_id` to `eos_token_id`:151645 for open-end generation.
[transformers] Setting `pad_token_id` to `eos_token_id`:151645 for open-end generation.
[transformers] Setting `pad_token_id` to `eos_token_id`:151645 for open-end generation.
[transformers] Setting `pad_token_id` to `eos_token_id`:151645 for open-end generation.
[transformers] Setting `pad_token_id` to `eos_token_id`:151645 for open-end generation.
[transformers] Setting `pad_token_id` to `eos_token_id`:151645 for open-end generation.
[transformers] Setting `pad_token_id` to `eos_token_id`:151645 for open-end generation.
[transformers] Setting `pad_token_id` to `eos_token_id`:151645 for open-end generation.
[transformers] Setting `pad_token_id` to `eos_token_id`:151645 for open-end generation.
RQ3 OpenGVLab/InternVL3-8B text_plus_image calls=1675/3600
[transformers] Setting `pad_token_id` to `eos_token_id`:151645 for open-end generation.
[transformers] Setting `pad_token_id` to `eos_token_id`:151645 for open-end generation.
[transformers] Setting `pad_token_id` to `eos_token_id`:151645 for open-end generation.
[transformers] Setting `pad_token_id` to `eos_token_id`:151645 for open-end generation.
[transformers] Setting `pad_token_id` to `eos_token_id`:151645 for open-end generation.
[transformers] Setting `pad_token_id` to `eos_token_id`:151645 for open-end generation.
[transformers] Setting `pad_token_id` to `eos_token_id`:151645 for open-end generation.
[transformers] Setting `pad_token_id` to `eos_token_id`:151645 for open-end generation.
[transformers] Setting `pad_token_id` to `eos_token_id`:151645 for open-end generation.
[transformers] Setting `pad_token_id` to `eos_token_id`:151645 for open-end generation.
[transformers] Setting `pad_token_id` to `eos_token_id`:151645 for open-end generation.
[transformers] Setting `pad_token_id` to `eos_token_id`:151645 for open-end generation.
[transformers] Setting `pad_token_id` to `eos_token_id`:151645 for open-end generation.
[transformers] Setting `pad_token_id` to `eos_token_id`:151645 for open-end generation.
[transformers] Setting `pad_token_id` to `eos_token_id`:151645 for open-end generation.
[transformers] Setting `pad_token_id` to `eos_token_id`:151645 for open-end generation.
[transformers] Setting `pad_token_id` to `eos_token_id`:151645 for open-end generation.
[transformers] Setting `pad_token_id` to `eos_token_id`:151645 for open-end generation.
[transformers] Setting `pad_token_id` to `eos_token_id`:151645 for open-end generation.
[transformers] Setting `pad_token_id` to `eos_token_id`:151645 for open-end generation.
[transformers] Setting `pad_token_id` to `eos_token_id`:151645 for open-end generation.
[transformers] Setting `pad_token_id` to `eos_token_id`:151645 for open-end generation.
[transformers] Setting `pad_token_id` to `eos_token_id`:151645 for open-end generation.
[transformers] Setting `pad_token_id` to `eos_token_id`:151645 for open-end generation.
[transformers] Setting `pad_token_id` to `eos_token_id`:151645 for open-end generation.
RQ3 OpenGVLab/InternVL3-8B text_plus_image calls=1700/3600
[transformers] Setting `pad_token_id` to `eos_token_id`:151645 for open-end generation.
[transformers] Setting `pad_token_id` to `eos_token_id`:151645 for open-end generation.
[transformers] Setting `pad_token_id` to `eos_token_id`:151645 for open-end generation.
[transformers] Setting `pad_token_id` to `eos_token_id`:151645 for open-end generation.
[transformers] Setting `pad_token_id` to `eos_token_id`:151645 for open-end generation.
[transformers] Setting `pad_token_id` to `eos_token_id`:151645 for open-end generation.
[transformers] Setting `pad_token_id` to `eos_token_id`:151645 for open-end generation.
[transformers] Setting `pad_token_id` to `eos_token_id`:151645 for open-end generation.
[transformers] Setting `pad_token_id` to `eos_token_id`:151645 for open-end generation.
[transformers] Setting `pad_token_id` to `eos_token_id`:151645 for open-end generation.
[transformers] Setting `pad_token_id` to `eos_token_id`:151645 for open-end generation.
[transformers] Setting `pad_token_id` to `eos_token_id`:151645 for open-end generation.
[transformers] Setting `pad_token_id` to `eos_token_id`:151645 for open-end generation.
[transformers] Setting `pad_token_id` to `eos_token_id`:151645 for open-end generation.
[transformers] Setting `pad_token_id` to `eos_token_id`:151645 for open-end generation.
[transformers] Setting `pad_token_id` to `eos_token_id`:151645 for open-end generation.
[transformers] Setting `pad_token_id` to `eos_token_id`:151645 for open-end generation.
[transformers] Setting `pad_token_id` to `eos_token_id`:151645 for open-end generation.
[transformers] Setting `pad_token_id` to `eos_token_id`:151645 for open-end generation.
[transformers] Setting `pad_token_id` to `eos_token_id`:151645 for open-end generation.
[transformers] Setting `pad_token_id` to `eos_token_id`:151645 for open-end generation.
[transformers] Setting `pad_token_id` to `eos_token_id`:151645 for open-end generation.
[transformers] Setting `pad_token_id` to `eos_token_id`:151645 for open-end generation.
[transformers] Setting `pad_token_id` to `eos_token_id`:151645 for open-end generation.
[transformers] Setting `pad_token_id` to `eos_token_id`:151645 for open-end generation.
RQ3 OpenGVLab/InternVL3-8B text_plus_image calls=1725/3600
[transformers] Setting `pad_token_id` to `eos_token_id`:151645 for open-end generation.
[transformers] Setting `pad_token_id` to `eos_token_id`:151645 for open-end generation.
[transformers] Setting `pad_token_id` to `eos_token_id`:151645 for open-end generation.
[transformers] Setting `pad_token_id` to `eos_token_id`:151645 for open-end generation.
[transformers] Setting `pad_token_id` to `eos_token_id`:151645 for open-end generation.
[transformers] Setting `pad_token_id` to `eos_token_id`:151645 for open-end generation.
[transformers] Setting `pad_token_id` to `eos_token_id`:151645 for open-end generation.
[transformers] Setting `pad_token_id` to `eos_token_id`:151645 for open-end generation.
[transformers] Setting `pad_token_id` to `eos_token_id`:151645 for open-end generation.
[transformers] Setting `pad_token_id` to `eos_token_id`:151645 for open-end generation.
[transformers] Setting `pad_token_id` to `eos_token_id`:151645 for open-end generation.
[transformers] Setting `pad_token_id` to `eos_token_id`:151645 for open-end generation.
[transformers] Setting `pad_token_id` to `eos_token_id`:151645 for open-end generation.
[transformers] Setting `pad_token_id` to `eos_token_id`:151645 for open-end generation.
[transformers] Setting `pad_token_id` to `eos_token_id`:151645 for open-end generation.
[transformers] Setting `pad_token_id` to `eos_token_id`:151645 for open-end generation.
[transformers] Setting `pad_token_id` to `eos_token_id`:151645 for open-end generation.
[transformers] Setting `pad_token_id` to `eos_token_id`:151645 for open-end generation.
[transformers] Setting `pad_token_id` to `eos_token_id`:151645 for open-end generation.
[transformers] Setting `pad_token_id` to `eos_token_id`:151645 for open-end generation.
[transformers] Setting `pad_token_id` to `eos_token_id`:151645 for open-end generation.
[transformers] Setting `pad_token_id` to `eos_token_id`:151645 for open-end generation.
[transformers] Setting `pad_token_id` to `eos_token_id`:151645 for open-end generation.
[transformers] Setting `pad_token_id` to `eos_token_id`:151645 for open-end generation.
[transformers] Setting `pad_token_id` to `eos_token_id`:151645 for open-end generation.
RQ3 OpenGVLab/InternVL3-8B text_plus_image calls=1750/3600
[transformers] Setting `pad_token_id` to `eos_token_id`:151645 for open-end generation.
[transformers] Setting `pad_token_id` to `eos_token_id`:151645 for open-end generation.
[transformers] Setting `pad_token_id` to `eos_token_id`:151645 for open-end generation.
[transformers] Setting `pad_token_id` to `eos_token_id`:151645 for open-end generation.
[transformers] Setting `pad_token_id` to `eos_token_id`:151645 for open-end generation.
[transformers] Setting `pad_token_id` to `eos_token_id`:151645 for open-end generation.
[transformers] Setting `pad_token_id` to `eos_token_id`:151645 for open-end generation.
[transformers] Setting `pad_token_id` to `eos_token_id`:151645 for open-end generation.
[transformers] Setting `pad_token_id` to `eos_token_id`:151645 for open-end generation.
[transformers] Setting `pad_token_id` to `eos_token_id`:151645 for open-end generation.
[transformers] Setting `pad_token_id` to `eos_token_id`:151645 for open-end generation.
[transformers] Setting `pad_token_id` to `eos_token_id`:151645 for open-end generation.
[transformers] Setting `pad_token_id` to `eos_token_id`:151645 for open-end generation.
[transformers] Setting `pad_token_id` to `eos_token_id`:151645 for open-end generation.
[transformers] Setting `pad_token_id` to `eos_token_id`:151645 for open-end generation.
[transformers] Setting `pad_token_id` to `eos_token_id`:151645 for open-end generation.
[transformers] Setting `pad_token_id` to `eos_token_id`:151645 for open-end generation.
[transformers] Setting `pad_token_id` to `eos_token_id`:151645 for open-end generation.
[transformers] Setting `pad_token_id` to `eos_token_id`:151645 for open-end generation.
[transformers] Setting `pad_token_id` to `eos_token_id`:151645 for open-end generation.
[transformers] Setting `pad_token_id` to `eos_token_id`:151645 for open-end generation.
[transformers] Setting `pad_token_id` to `eos_token_id`:151645 for open-end generation.
[transformers] Setting `pad_token_id` to `eos_token_id`:151645 for open-end generation.
[transformers] Setting `pad_token_id` to `eos_token_id`:151645 for open-end generation.
[transformers] Setting `pad_token_id` to `eos_token_id`:151645 for open-end generation.
RQ3 OpenGVLab/InternVL3-8B text_plus_image calls=1775/3600
[transformers] Setting `pad_token_id` to `eos_token_id`:151645 for open-end generation.
[transformers] Setting `pad_token_id` to `eos_token_id`:151645 for open-end generation.
[transformers] Setting `pad_token_id` to `eos_token_id`:151645 for open-end generation.
[transformers] Setting `pad_token_id` to `eos_token_id`:151645 for open-end generation.
[transformers] Setting `pad_token_id` to `eos_token_id`:151645 for open-end generation.
[transformers] Setting `pad_token_id` to `eos_token_id`:151645 for open-end generation.
[transformers] Setting `pad_token_id` to `eos_token_id`:151645 for open-end generation.
[transformers] Setting `pad_token_id` to `eos_token_id`:151645 for open-end generation.
[transformers] Setting `pad_token_id` to `eos_token_id`:151645 for open-end generation.
[transformers] Setting `pad_token_id` to `eos_token_id`:151645 for open-end generation.
[transformers] Setting `pad_token_id` to `eos_token_id`:151645 for open-end generation.
[transformers] Setting `pad_token_id` to `eos_token_id`:151645 for open-end generation.
[transformers] Setting `pad_token_id` to `eos_token_id`:151645 for open-end generation.
[transformers] Setting `pad_token_id` to `eos_token_id`:151645 for open-end generation.
[transformers] Setting `pad_token_id` to `eos_token_id`:151645 for open-end generation.
[transformers] Setting `pad_token_id` to `eos_token_id`:151645 for open-end generation.
[transformers] Setting `pad_token_id` to `eos_token_id`:151645 for open-end generation.
[transformers] Setting `pad_token_id` to `eos_token_id`:151645 for open-end generation.
[transformers] Setting `pad_token_id` to `eos_token_id`:151645 for open-end generation.
[transformers] Setting `pad_token_id` to `eos_token_id`:151645 for open-end generation.
[transformers] Setting `pad_token_id` to `eos_token_id`:151645 for open-end generation.
[transformers] Setting `pad_token_id` to `eos_token_id`:151645 for open-end generation.
[transformers] Setting `pad_token_id` to `eos_token_id`:151645 for open-end generation.
[transformers] Setting `pad_token_id` to `eos_token_id`:151645 for open-end generation.
[transformers] Setting `pad_token_id` to `eos_token_id`:151645 for open-end generation.
RQ3 OpenGVLab/InternVL3-8B text_plus_image calls=1800/3600
[transformers] Setting `pad_token_id` to `eos_token_id`:151645 for open-end generation.
[transformers] Setting `pad_token_id` to `eos_token_id`:151645 for open-end generation.
[transformers] Setting `pad_token_id` to `eos_token_id`:151645 for open-end generation.
[transformers] Setting `pad_token_id` to `eos_token_id`:151645 for open-end generation.
[transformers] Setting `pad_token_id` to `eos_token_id`:151645 for open-end generation.
[transformers] Setting `pad_token_id` to `eos_token_id`:151645 for open-end generation.
[transformers] Setting `pad_token_id` to `eos_token_id`:151645 for open-end generation.
[transformers] Setting `pad_token_id` to `eos_token_id`:151645 for open-end generation.
[transformers] Setting `pad_token_id` to `eos_token_id`:151645 for open-end generation.
[transformers] Setting `pad_token_id` to `eos_token_id`:151645 for open-end generation.
[transformers] Setting `pad_token_id` to `eos_token_id`:151645 for open-end generation.
[transformers] Setting `pad_token_id` to `eos_token_id`:151645 for open-end generation.
[transformers] Setting `pad_token_id` to `eos_token_id`:151645 for open-end generation.
[transformers] Setting `pad_token_id` to `eos_token_id`:151645 for open-end generation.
[transformers] Setting `pad_token_id` to `eos_token_id`:151645 for open-end generation.
[transformers] Setting `pad_token_id` to `eos_token_id`:151645 for open-end generation.
[transformers] Setting `pad_token_id` to `eos_token_id`:151645 for open-end generation.
[transformers] Setting `pad_token_id` to `eos_token_id`:151645 for open-end generation.
[transformers] Setting `pad_token_id` to `eos_token_id`:151645 for open-end generation.
[transformers] Setting `pad_token_id` to `eos_token_id`:151645 for open-end generation.
[transformers] Setting `pad_token_id` to `eos_token_id`:151645 for open-end generation.
[transformers] Setting `pad_token_id` to `eos_token_id`:151645 for open-end generation.
[transformers] Setting `pad_token_id` to `eos_token_id`:151645 for open-end generation.
[transformers] Setting `pad_token_id` to `eos_token_id`:151645 for open-end generation.
[transformers] Setting `pad_token_id` to `eos_token_id`:151645 for open-end generation.
RQ3 OpenGVLab/InternVL3-8B text_plus_image calls=1825/3600
[transformers] Setting `pad_token_id` to `eos_token_id`:151645 for open-end generation.
[transformers] Setting `pad_token_id` to `eos_token_id`:151645 for open-end generation.
[transformers] Setting `pad_token_id` to `eos_token_id`:151645 for open-end generation.
[transformers] Setting `pad_token_id` to `eos_token_id`:151645 for open-end generation.
[transformers] Setting `pad_token_id` to `eos_token_id`:151645 for open-end generation.
[transformers] Setting `pad_token_id` to `eos_token_id`:151645 for open-end generation.
[transformers] Setting `pad_token_id` to `eos_token_id`:151645 for open-end generation.
[transformers] Setting `pad_token_id` to `eos_token_id`:151645 for open-end generation.
[transformers] Setting `pad_token_id` to `eos_token_id`:151645 for open-end generation.
[transformers] Setting `pad_token_id` to `eos_token_id`:151645 for open-end generation.
[transformers] Setting `pad_token_id` to `eos_token_id`:151645 for open-end generation.
[transformers] Setting `pad_token_id` to `eos_token_id`:151645 for open-end generation.
[transformers] Setting `pad_token_id` to `eos_token_id`:151645 for open-end generation.
[transformers] Setting `pad_token_id` to `eos_token_id`:151645 for open-end generation.
[transformers] Setting `pad_token_id` to `eos_token_id`:151645 for open-end generation.
[transformers] Setting `pad_token_id` to `eos_token_id`:151645 for open-end generation.
[transformers] Setting `pad_token_id` to `eos_token_id`:151645 for open-end generation.
[transformers] Setting `pad_token_id` to `eos_token_id`:151645 for open-end generation.
[transformers] Setting `pad_token_id` to `eos_token_id`:151645 for open-end generation.
[transformers] Setting `pad_token_id` to `eos_token_id`:151645 for open-end generation.
[transformers] Setting `pad_token_id` to `eos_token_id`:151645 for open-end generation.
[transformers] Setting `pad_token_id` to `eos_token_id`:151645 for open-end generation.
[transformers] Setting `pad_token_id` to `eos_token_id`:151645 for open-end generation.
[transformers] Setting `pad_token_id` to `eos_token_id`:151645 for open-end generation.
[transformers] Setting `pad_token_id` to `eos_token_id`:151645 for open-end generation.
RQ3 OpenGVLab/InternVL3-8B text_plus_image calls=1850/3600
[transformers] Setting `pad_token_id` to `eos_token_id`:151645 for open-end generation.
[transformers] Setting `pad_token_id` to `eos_token_id`:151645 for open-end generation.
[transformers] Setting `pad_token_id` to `eos_token_id`:151645 for open-end generation.
[transformers] Setting `pad_token_id` to `eos_token_id`:151645 for open-end generation.
[transformers] Setting `pad_token_id` to `eos_token_id`:151645 for open-end generation.
[transformers] Setting `pad_token_id` to `eos_token_id`:151645 for open-end generation.
[transformers] Setting `pad_token_id` to `eos_token_id`:151645 for open-end generation.
[transformers] Setting `pad_token_id` to `eos_token_id`:151645 for open-end generation.
[transformers] Setting `pad_token_id` to `eos_token_id`:151645 for open-end generation.
[transformers] Setting `pad_token_id` to `eos_token_id`:151645 for open-end generation.
[transformers] Setting `pad_token_id` to `eos_token_id`:151645 for open-end generation.
[transformers] Setting `pad_token_id` to `eos_token_id`:151645 for open-end generation.
[transformers] Setting `pad_token_id` to `eos_token_id`:151645 for open-end generation.
[transformers] Setting `pad_token_id` to `eos_token_id`:151645 for open-end generation.
[transformers] Setting `pad_token_id` to `eos_token_id`:151645 for open-end generation.
[transformers] Setting `pad_token_id` to `eos_token_id`:151645 for open-end generation.
[transformers] Setting `pad_token_id` to `eos_token_id`:151645 for open-end generation.
[transformers] Setting `pad_token_id` to `eos_token_id`:151645 for open-end generation.
[transformers] Setting `pad_token_id` to `eos_token_id`:151645 for open-end generation.
[transformers] Setting `pad_token_id` to `eos_token_id`:151645 for open-end generation.
[transformers] Setting `pad_token_id` to `eos_token_id`:151645 for open-end generation.
[transformers] Setting `pad_token_id` to `eos_token_id`:151645 for open-end generation.
[transformers] Setting `pad_token_id` to `eos_token_id`:151645 for open-end generation.
[transformers] Setting `pad_token_id` to `eos_token_id`:151645 for open-end generation.
[transformers] Setting `pad_token_id` to `eos_token_id`:151645 for open-end generation.
RQ3 OpenGVLab/InternVL3-8B text_plus_image calls=1875/3600
[transformers] Setting `pad_token_id` to `eos_token_id`:151645 for open-end generation.
[transformers] Setting `pad_token_id` to `eos_token_id`:151645 for open-end generation.
[transformers] Setting `pad_token_id` to `eos_token_id`:151645 for open-end generation.
[transformers] Setting `pad_token_id` to `eos_token_id`:151645 for open-end generation.
[transformers] Setting `pad_token_id` to `eos_token_id`:151645 for open-end generation.
[transformers] Setting `pad_token_id` to `eos_token_id`:151645 for open-end generation.
[transformers] Setting `pad_token_id` to `eos_token_id`:151645 for open-end generation.
[transformers] Setting `pad_token_id` to `eos_token_id`:151645 for open-end generation.
[transformers] Setting `pad_token_id` to `eos_token_id`:151645 for open-end generation.
[transformers] Setting `pad_token_id` to `eos_token_id`:151645 for open-end generation.
[transformers] Setting `pad_token_id` to `eos_token_id`:151645 for open-end generation.
[transformers] Setting `pad_token_id` to `eos_token_id`:151645 for open-end generation.
[transformers] Setting `pad_token_id` to `eos_token_id`:151645 for open-end generation.
[transformers] Setting `pad_token_id` to `eos_token_id`:151645 for open-end generation.
[transformers] Setting `pad_token_id` to `eos_token_id`:151645 for open-end generation.
[transformers] Setting `pad_token_id` to `eos_token_id`:151645 for open-end generation.
[transformers] Setting `pad_token_id` to `eos_token_id`:151645 for open-end generation.
[transformers] Setting `pad_token_id` to `eos_token_id`:151645 for open-end generation.
[transformers] Setting `pad_token_id` to `eos_token_id`:151645 for open-end generation.
[transformers] Setting `pad_token_id` to `eos_token_id`:151645 for open-end generation.
[transformers] Setting `pad_token_id` to `eos_token_id`:151645 for open-end generation.
[transformers] Setting `pad_token_id` to `eos_token_id`:151645 for open-end generation.
[transformers] Setting `pad_token_id` to `eos_token_id`:151645 for open-end generation.
[transformers] Setting `pad_token_id` to `eos_token_id`:151645 for open-end generation.
[transformers] Setting `pad_token_id` to `eos_token_id`:151645 for open-end generation.
RQ3 OpenGVLab/InternVL3-8B text_plus_image calls=1900/3600
[transformers] Setting `pad_token_id` to `eos_token_id`:151645 for open-end generation.
[transformers] Setting `pad_token_id` to `eos_token_id`:151645 for open-end generation.
[transformers] Setting `pad_token_id` to `eos_token_id`:151645 for open-end generation.
[transformers] Setting `pad_token_id` to `eos_token_id`:151645 for open-end generation.
[transformers] Setting `pad_token_id` to `eos_token_id`:151645 for open-end generation.
[transformers] Setting `pad_token_id` to `eos_token_id`:151645 for open-end generation.
[transformers] Setting `pad_token_id` to `eos_token_id`:151645 for open-end generation.
[transformers] Setting `pad_token_id` to `eos_token_id`:151645 for open-end generation.
[transformers] Setting `pad_token_id` to `eos_token_id`:151645 for open-end generation.
[transformers] Setting `pad_token_id` to `eos_token_id`:151645 for open-end generation.
[transformers] Setting `pad_token_id` to `eos_token_id`:151645 for open-end generation.
[transformers] Setting `pad_token_id` to `eos_token_id`:151645 for open-end generation.
[transformers] Setting `pad_token_id` to `eos_token_id`:151645 for open-end generation.
[transformers] Setting `pad_token_id` to `eos_token_id`:151645 for open-end generation.
[transformers] Setting `pad_token_id` to `eos_token_id`:151645 for open-end generation.
[transformers] Setting `pad_token_id` to `eos_token_id`:151645 for open-end generation.
[transformers] Setting `pad_token_id` to `eos_token_id`:151645 for open-end generation.
[transformers] Setting `pad_token_id` to `eos_token_id`:151645 for open-end generation.
[transformers] Setting `pad_token_id` to `eos_token_id`:151645 for open-end generation.
[transformers] Setting `pad_token_id` to `eos_token_id`:151645 for open-end generation.
[transformers] Setting `pad_token_id` to `eos_token_id`:151645 for open-end generation.
[transformers] Setting `pad_token_id` to `eos_token_id`:151645 for open-end generation.
[transformers] Setting `pad_token_id` to `eos_token_id`:151645 for open-end generation.
[transformers] Setting `pad_token_id` to `eos_token_id`:151645 for open-end generation.
[transformers] Setting `pad_token_id` to `eos_token_id`:151645 for open-end generation.
RQ3 OpenGVLab/InternVL3-8B text_plus_image calls=1925/3600
[transformers] Setting `pad_token_id` to `eos_token_id`:151645 for open-end generation.
[transformers] Setting `pad_token_id` to `eos_token_id`:151645 for open-end generation.
[transformers] Setting `pad_token_id` to `eos_token_id`:151645 for open-end generation.
[transformers] Setting `pad_token_id` to `eos_token_id`:151645 for open-end generation.
[transformers] Setting `pad_token_id` to `eos_token_id`:151645 for open-end generation.
[transformers] Setting `pad_token_id` to `eos_token_id`:151645 for open-end generation.
[transformers] Setting `pad_token_id` to `eos_token_id`:151645 for open-end generation.
[transformers] Setting `pad_token_id` to `eos_token_id`:151645 for open-end generation.
[transformers] Setting `pad_token_id` to `eos_token_id`:151645 for open-end generation.
[transformers] Setting `pad_token_id` to `eos_token_id`:151645 for open-end generation.
[transformers] Setting `pad_token_id` to `eos_token_id`:151645 for open-end generation.
[transformers] Setting `pad_token_id` to `eos_token_id`:151645 for open-end generation.
[transformers] Setting `pad_token_id` to `eos_token_id`:151645 for open-end generation.
[transformers] Setting `pad_token_id` to `eos_token_id`:151645 for open-end generation.
[transformers] Setting `pad_token_id` to `eos_token_id`:151645 for open-end generation.
[transformers] Setting `pad_token_id` to `eos_token_id`:151645 for open-end generation.
[transformers] Setting `pad_token_id` to `eos_token_id`:151645 for open-end generation.
[transformers] Setting `pad_token_id` to `eos_token_id`:151645 for open-end generation.
[transformers] Setting `pad_token_id` to `eos_token_id`:151645 for open-end generation.
[transformers] Setting `pad_token_id` to `eos_token_id`:151645 for open-end generation.
[transformers] Setting `pad_token_id` to `eos_token_id`:151645 for open-end generation.
[transformers] Setting `pad_token_id` to `eos_token_id`:151645 for open-end generation.
[transformers] Setting `pad_token_id` to `eos_token_id`:151645 for open-end generation.
[transformers] Setting `pad_token_id` to `eos_token_id`:151645 for open-end generation.
[transformers] Setting `pad_token_id` to `eos_token_id`:151645 for open-end generation.
RQ3 OpenGVLab/InternVL3-8B text_plus_image calls=1950/3600
[transformers] Setting `pad_token_id` to `eos_token_id`:151645 for open-end generation.
[transformers] Setting `pad_token_id` to `eos_token_id`:151645 for open-end generation.
[transformers] Setting `pad_token_id` to `eos_token_id`:151645 for open-end generation.
[transformers] Setting `pad_token_id` to `eos_token_id`:151645 for open-end generation.
[transformers] Setting `pad_token_id` to `eos_token_id`:151645 for open-end generation.
[transformers] Setting `pad_token_id` to `eos_token_id`:151645 for open-end generation.
[transformers] Setting `pad_token_id` to `eos_token_id`:151645 for open-end generation.
[transformers] Setting `pad_token_id` to `eos_token_id`:151645 for open-end generation.
[transformers] Setting `pad_token_id` to `eos_token_id`:151645 for open-end generation.
[transformers] Setting `pad_token_id` to `eos_token_id`:151645 for open-end generation.
[transformers] Setting `pad_token_id` to `eos_token_id`:151645 for open-end generation.
[transformers] Setting `pad_token_id` to `eos_token_id`:151645 for open-end generation.
[transformers] Setting `pad_token_id` to `eos_token_id`:151645 for open-end generation.
[transformers] Setting `pad_token_id` to `eos_token_id`:151645 for open-end generation.
[transformers] Setting `pad_token_id` to `eos_token_id`:151645 for open-end generation.
[transformers] Setting `pad_token_id` to `eos_token_id`:151645 for open-end generation.
[transformers] Setting `pad_token_id` to `eos_token_id`:151645 for open-end generation.
[transformers] Setting `pad_token_id` to `eos_token_id`:151645 for open-end generation.
[transformers] Setting `pad_token_id` to `eos_token_id`:151645 for open-end generation.
[transformers] Setting `pad_token_id` to `eos_token_id`:151645 for open-end generation.
[transformers] Setting `pad_token_id` to `eos_token_id`:151645 for open-end generation.
[transformers] Setting `pad_token_id` to `eos_token_id`:151645 for open-end generation.
[transformers] Setting `pad_token_id` to `eos_token_id`:151645 for open-end generation.
[transformers] Setting `pad_token_id` to `eos_token_id`:151645 for open-end generation.
[transformers] Setting `pad_token_id` to `eos_token_id`:151645 for open-end generation.
RQ3 OpenGVLab/InternVL3-8B text_plus_image calls=1975/3600
[transformers] Setting `pad_token_id` to `eos_token_id`:151645 for open-end generation.
[transformers] Setting `pad_token_id` to `eos_token_id`:151645 for open-end generation.
[transformers] Setting `pad_token_id` to `eos_token_id`:151645 for open-end generation.
[transformers] Setting `pad_token_id` to `eos_token_id`:151645 for open-end generation.
[transformers] Setting `pad_token_id` to `eos_token_id`:151645 for open-end generation.
[transformers] Setting `pad_token_id` to `eos_token_id`:151645 for open-end generation.
[transformers] Setting `pad_token_id` to `eos_token_id`:151645 for open-end generation.
[transformers] Setting `pad_token_id` to `eos_token_id`:151645 for open-end generation.
[transformers] Setting `pad_token_id` to `eos_token_id`:151645 for open-end generation.
[transformers] Setting `pad_token_id` to `eos_token_id`:151645 for open-end generation.
[transformers] Setting `pad_token_id` to `eos_token_id`:151645 for open-end generation.
[transformers] Setting `pad_token_id` to `eos_token_id`:151645 for open-end generation.
[transformers] Setting `pad_token_id` to `eos_token_id`:151645 for open-end generation.
[transformers] Setting `pad_token_id` to `eos_token_id`:151645 for open-end generation.
[transformers] Setting `pad_token_id` to `eos_token_id`:151645 for open-end generation.
[transformers] Setting `pad_token_id` to `eos_token_id`:151645 for open-end generation.
[transformers] Setting `pad_token_id` to `eos_token_id`:151645 for open-end generation.
[transformers] Setting `pad_token_id` to `eos_token_id`:151645 for open-end generation.
[transformers] Setting `pad_token_id` to `eos_token_id`:151645 for open-end generation.
[transformers] Setting `pad_token_id` to `eos_token_id`:151645 for open-end generation.
[transformers] Setting `pad_token_id` to `eos_token_id`:151645 for open-end generation.
[transformers] Setting `pad_token_id` to `eos_token_id`:151645 for open-end generation.
[transformers] Setting `pad_token_id` to `eos_token_id`:151645 for open-end generation.
[transformers] Setting `pad_token_id` to `eos_token_id`:151645 for open-end generation.
[transformers] Setting `pad_token_id` to `eos_token_id`:151645 for open-end generation.
RQ3 OpenGVLab/InternVL3-8B text_plus_image calls=2000/3600
[transformers] Setting `pad_token_id` to `eos_token_id`:151645 for open-end generation.
[transformers] Setting `pad_token_id` to `eos_token_id`:151645 for open-end generation.
[transformers] Setting `pad_token_id` to `eos_token_id`:151645 for open-end generation.
[transformers] Setting `pad_token_id` to `eos_token_id`:151645 for open-end generation.
[transformers] Setting `pad_token_id` to `eos_token_id`:151645 for open-end generation.
[transformers] Setting `pad_token_id` to `eos_token_id`:151645 for open-end generation.
[transformers] Setting `pad_token_id` to `eos_token_id`:151645 for open-end generation.
[transformers] Setting `pad_token_id` to `eos_token_id`:151645 for open-end generation.
[transformers] Setting `pad_token_id` to `eos_token_id`:151645 for open-end generation.
[transformers] Setting `pad_token_id` to `eos_token_id`:151645 for open-end generation.
[transformers] Setting `pad_token_id` to `eos_token_id`:151645 for open-end generation.
[transformers] Setting `pad_token_id` to `eos_token_id`:151645 for open-end generation.
[transformers] Setting `pad_token_id` to `eos_token_id`:151645 for open-end generation.
[transformers] Setting `pad_token_id` to `eos_token_id`:151645 for open-end generation.
[transformers] Setting `pad_token_id` to `eos_token_id`:151645 for open-end generation.
[transformers] Setting `pad_token_id` to `eos_token_id`:151645 for open-end generation.
[transformers] Setting `pad_token_id` to `eos_token_id`:151645 for open-end generation.
[transformers] Setting `pad_token_id` to `eos_token_id`:151645 for open-end generation.
[transformers] Setting `pad_token_id` to `eos_token_id`:151645 for open-end generation.
[transformers] Setting `pad_token_id` to `eos_token_id`:151645 for open-end generation.
[transformers] Setting `pad_token_id` to `eos_token_id`:151645 for open-end generation.
[transformers] Setting `pad_token_id` to `eos_token_id`:151645 for open-end generation.
[transformers] Setting `pad_token_id` to `eos_token_id`:151645 for open-end generation.
[transformers] Setting `pad_token_id` to `eos_token_id`:151645 for open-end generation.
[transformers] Setting `pad_token_id` to `eos_token_id`:151645 for open-end generation.
RQ3 OpenGVLab/InternVL3-8B text_plus_image calls=2025/3600
[transformers] Setting `pad_token_id` to `eos_token_id`:151645 for open-end generation.
[transformers] Setting `pad_token_id` to `eos_token_id`:151645 for open-end generation.
[transformers] Setting `pad_token_id` to `eos_token_id`:151645 for open-end generation.
[transformers] Setting `pad_token_id` to `eos_token_id`:151645 for open-end generation.
[transformers] Setting `pad_token_id` to `eos_token_id`:151645 for open-end generation.
[transformers] Setting `pad_token_id` to `eos_token_id`:151645 for open-end generation.
[transformers] Setting `pad_token_id` to `eos_token_id`:151645 for open-end generation.
[transformers] Setting `pad_token_id` to `eos_token_id`:151645 for open-end generation.
[transformers] Setting `pad_token_id` to `eos_token_id`:151645 for open-end generation.
[transformers] Setting `pad_token_id` to `eos_token_id`:151645 for open-end generation.
[transformers] Setting `pad_token_id` to `eos_token_id`:151645 for open-end generation.
[transformers] Setting `pad_token_id` to `eos_token_id`:151645 for open-end generation.
[transformers] Setting `pad_token_id` to `eos_token_id`:151645 for open-end generation.
[transformers] Setting `pad_token_id` to `eos_token_id`:151645 for open-end generation.
[transformers] Setting `pad_token_id` to `eos_token_id`:151645 for open-end generation.
[transformers] Setting `pad_token_id` to `eos_token_id`:151645 for open-end generation.
[transformers] Setting `pad_token_id` to `eos_token_id`:151645 for open-end generation.
[transformers] Setting `pad_token_id` to `eos_token_id`:151645 for open-end generation.
[transformers] Setting `pad_token_id` to `eos_token_id`:151645 for open-end generation.
[transformers] Setting `pad_token_id` to `eos_token_id`:151645 for open-end generation.
[transformers] Setting `pad_token_id` to `eos_token_id`:151645 for open-end generation.
[transformers] Setting `pad_token_id` to `eos_token_id`:151645 for open-end generation.
[transformers] Setting `pad_token_id` to `eos_token_id`:151645 for open-end generation.
[transformers] Setting `pad_token_id` to `eos_token_id`:151645 for open-end generation.
[transformers] Setting `pad_token_id` to `eos_token_id`:151645 for open-end generation.
RQ3 OpenGVLab/InternVL3-8B text_plus_image calls=2050/3600
[transformers] Setting `pad_token_id` to `eos_token_id`:151645 for open-end generation.
[transformers] Setting `pad_token_id` to `eos_token_id`:151645 for open-end generation.
[transformers] Setting `pad_token_id` to `eos_token_id`:151645 for open-end generation.
[transformers] Setting `pad_token_id` to `eos_token_id`:151645 for open-end generation.
[transformers] Setting `pad_token_id` to `eos_token_id`:151645 for open-end generation.
[transformers] Setting `pad_token_id` to `eos_token_id`:151645 for open-end generation.
[transformers] Setting `pad_token_id` to `eos_token_id`:151645 for open-end generation.
[transformers] Setting `pad_token_id` to `eos_token_id`:151645 for open-end generation.
[transformers] Setting `pad_token_id` to `eos_token_id`:151645 for open-end generation.
[transformers] Setting `pad_token_id` to `eos_token_id`:151645 for open-end generation.
[transformers] Setting `pad_token_id` to `eos_token_id`:151645 for open-end generation.
[transformers] Setting `pad_token_id` to `eos_token_id`:151645 for open-end generation.
[transformers] Setting `pad_token_id` to `eos_token_id`:151645 for open-end generation.
[transformers] Setting `pad_token_id` to `eos_token_id`:151645 for open-end generation.
[transformers] Setting `pad_token_id` to `eos_token_id`:151645 for open-end generation.
[transformers] Setting `pad_token_id` to `eos_token_id`:151645 for open-end generation.
[transformers] Setting `pad_token_id` to `eos_token_id`:151645 for open-end generation.
[transformers] Setting `pad_token_id` to `eos_token_id`:151645 for open-end generation.
[transformers] Setting `pad_token_id` to `eos_token_id`:151645 for open-end generation.
[transformers] Setting `pad_token_id` to `eos_token_id`:151645 for open-end generation.
[transformers] Setting `pad_token_id` to `eos_token_id`:151645 for open-end generation.
[transformers] Setting `pad_token_id` to `eos_token_id`:151645 for open-end generation.
[transformers] Setting `pad_token_id` to `eos_token_id`:151645 for open-end generation.
[transformers] Setting `pad_token_id` to `eos_token_id`:151645 for open-end generation.
[transformers] Setting `pad_token_id` to `eos_token_id`:151645 for open-end generation.
RQ3 OpenGVLab/InternVL3-8B text_plus_image calls=2075/3600
[transformers] Setting `pad_token_id` to `eos_token_id`:151645 for open-end generation.
[transformers] Setting `pad_token_id` to `eos_token_id`:151645 for open-end generation.
[transformers] Setting `pad_token_id` to `eos_token_id`:151645 for open-end generation.
[transformers] Setting `pad_token_id` to `eos_token_id`:151645 for open-end generation.
[transformers] Setting `pad_token_id` to `eos_token_id`:151645 for open-end generation.
[transformers] Setting `pad_token_id` to `eos_token_id`:151645 for open-end generation.
[transformers] Setting `pad_token_id` to `eos_token_id`:151645 for open-end generation.
[transformers] Setting `pad_token_id` to `eos_token_id`:151645 for open-end generation.
[transformers] Setting `pad_token_id` to `eos_token_id`:151645 for open-end generation.
[transformers] Setting `pad_token_id` to `eos_token_id`:151645 for open-end generation.
[transformers] Setting `pad_token_id` to `eos_token_id`:151645 for open-end generation.
[transformers] Setting `pad_token_id` to `eos_token_id`:151645 for open-end generation.
[transformers] Setting `pad_token_id` to `eos_token_id`:151645 for open-end generation.
[transformers] Setting `pad_token_id` to `eos_token_id`:151645 for open-end generation.
[transformers] Setting `pad_token_id` to `eos_token_id`:151645 for open-end generation.
[transformers] Setting `pad_token_id` to `eos_token_id`:151645 for open-end generation.
[transformers] Setting `pad_token_id` to `eos_token_id`:151645 for open-end generation.
[transformers] Setting `pad_token_id` to `eos_token_id`:151645 for open-end generation.
[transformers] Setting `pad_token_id` to `eos_token_id`:151645 for open-end generation.
[transformers] Setting `pad_token_id` to `eos_token_id`:151645 for open-end generation.
[transformers] Setting `pad_token_id` to `eos_token_id`:151645 for open-end generation.
[transformers] Setting `pad_token_id` to `eos_token_id`:151645 for open-end generation.
[transformers] Setting `pad_token_id` to `eos_token_id`:151645 for open-end generation.
[transformers] Setting `pad_token_id` to `eos_token_id`:151645 for open-end generation.
[transformers] Setting `pad_token_id` to `eos_token_id`:151645 for open-end generation.
RQ3 OpenGVLab/InternVL3-8B text_plus_image calls=2100/3600
[transformers] Setting `pad_token_id` to `eos_token_id`:151645 for open-end generation.
[transformers] Setting `pad_token_id` to `eos_token_id`:151645 for open-end generation.
[transformers] Setting `pad_token_id` to `eos_token_id`:151645 for open-end generation.
[transformers] Setting `pad_token_id` to `eos_token_id`:151645 for open-end generation.
[transformers] Setting `pad_token_id` to `eos_token_id`:151645 for open-end generation.
[transformers] Setting `pad_token_id` to `eos_token_id`:151645 for open-end generation.
[transformers] Setting `pad_token_id` to `eos_token_id`:151645 for open-end generation.
[transformers] Setting `pad_token_id` to `eos_token_id`:151645 for open-end generation.
[transformers] Setting `pad_token_id` to `eos_token_id`:151645 for open-end generation.
[transformers] Setting `pad_token_id` to `eos_token_id`:151645 for open-end generation.
[transformers] Setting `pad_token_id` to `eos_token_id`:151645 for open-end generation.
[transformers] Setting `pad_token_id` to `eos_token_id`:151645 for open-end generation.
[transformers] Setting `pad_token_id` to `eos_token_id`:151645 for open-end generation.
[transformers] Setting `pad_token_id` to `eos_token_id`:151645 for open-end generation.
[transformers] Setting `pad_token_id` to `eos_token_id`:151645 for open-end generation.
[transformers] Setting `pad_token_id` to `eos_token_id`:151645 for open-end generation.
[transformers] Setting `pad_token_id` to `eos_token_id`:151645 for open-end generation.
[transformers] Setting `pad_token_id` to `eos_token_id`:151645 for open-end generation.
[transformers] Setting `pad_token_id` to `eos_token_id`:151645 for open-end generation.
[transformers] Setting `pad_token_id` to `eos_token_id`:151645 for open-end generation.
[transformers] Setting `pad_token_id` to `eos_token_id`:151645 for open-end generation.
[transformers] Setting `pad_token_id` to `eos_token_id`:151645 for open-end generation.
[transformers] Setting `pad_token_id` to `eos_token_id`:151645 for open-end generation.
[transformers] Setting `pad_token_id` to `eos_token_id`:151645 for open-end generation.
[transformers] Setting `pad_token_id` to `eos_token_id`:151645 for open-end generation.
RQ3 OpenGVLab/InternVL3-8B text_plus_image calls=2125/3600
[transformers] Setting `pad_token_id` to `eos_token_id`:151645 for open-end generation.
[transformers] Setting `pad_token_id` to `eos_token_id`:151645 for open-end generation.
[transformers] Setting `pad_token_id` to `eos_token_id`:151645 for open-end generation.
[transformers] Setting `pad_token_id` to `eos_token_id`:151645 for open-end generation.
[transformers] Setting `pad_token_id` to `eos_token_id`:151645 for open-end generation.
[transformers] Setting `pad_token_id` to `eos_token_id`:151645 for open-end generation.
[transformers] Setting `pad_token_id` to `eos_token_id`:151645 for open-end generation.
[transformers] Setting `pad_token_id` to `eos_token_id`:151645 for open-end generation.
[transformers] Setting `pad_token_id` to `eos_token_id`:151645 for open-end generation.
[transformers] Setting `pad_token_id` to `eos_token_id`:151645 for open-end generation.
[transformers] Setting `pad_token_id` to `eos_token_id`:151645 for open-end generation.
[transformers] Setting `pad_token_id` to `eos_token_id`:151645 for open-end generation.
[transformers] Setting `pad_token_id` to `eos_token_id`:151645 for open-end generation.
[transformers] Setting `pad_token_id` to `eos_token_id`:151645 for open-end generation.
[transformers] Setting `pad_token_id` to `eos_token_id`:151645 for open-end generation.
[transformers] Setting `pad_token_id` to `eos_token_id`:151645 for open-end generation.
[transformers] Setting `pad_token_id` to `eos_token_id`:151645 for open-end generation.
[transformers] Setting `pad_token_id` to `eos_token_id`:151645 for open-end generation.
[transformers] Setting `pad_token_id` to `eos_token_id`:151645 for open-end generation.
[transformers] Setting `pad_token_id` to `eos_token_id`:151645 for open-end generation.
[transformers] Setting `pad_token_id` to `eos_token_id`:151645 for open-end generation.
[transformers] Setting `pad_token_id` to `eos_token_id`:151645 for open-end generation.
[transformers] Setting `pad_token_id` to `eos_token_id`:151645 for open-end generation.
[transformers] Setting `pad_token_id` to `eos_token_id`:151645 for open-end generation.
[transformers] Setting `pad_token_id` to `eos_token_id`:151645 for open-end generation.
RQ3 OpenGVLab/InternVL3-8B text_plus_image calls=2150/3600
[transformers] Setting `pad_token_id` to `eos_token_id`:151645 for open-end generation.
[transformers] Setting `pad_token_id` to `eos_token_id`:151645 for open-end generation.
[transformers] Setting `pad_token_id` to `eos_token_id`:151645 for open-end generation.
[transformers] Setting `pad_token_id` to `eos_token_id`:151645 for open-end generation.
[transformers] Setting `pad_token_id` to `eos_token_id`:151645 for open-end generation.
[transformers] Setting `pad_token_id` to `eos_token_id`:151645 for open-end generation.
[transformers] Setting `pad_token_id` to `eos_token_id`:151645 for open-end generation.
[transformers] Setting `pad_token_id` to `eos_token_id`:151645 for open-end generation.
[transformers] Setting `pad_token_id` to `eos_token_id`:151645 for open-end generation.
[transformers] Setting `pad_token_id` to `eos_token_id`:151645 for open-end generation.
[transformers] Setting `pad_token_id` to `eos_token_id`:151645 for open-end generation.
[transformers] Setting `pad_token_id` to `eos_token_id`:151645 for open-end generation.
[transformers] Setting `pad_token_id` to `eos_token_id`:151645 for open-end generation.
[transformers] Setting `pad_token_id` to `eos_token_id`:151645 for open-end generation.
[transformers] Setting `pad_token_id` to `eos_token_id`:151645 for open-end generation.
[transformers] Setting `pad_token_id` to `eos_token_id`:151645 for open-end generation.
[transformers] Setting `pad_token_id` to `eos_token_id`:151645 for open-end generation.
[transformers] Setting `pad_token_id` to `eos_token_id`:151645 for open-end generation.
[transformers] Setting `pad_token_id` to `eos_token_id`:151645 for open-end generation.
[transformers] Setting `pad_token_id` to `eos_token_id`:151645 for open-end generation.
[transformers] Setting `pad_token_id` to `eos_token_id`:151645 for open-end generation.
[transformers] Setting `pad_token_id` to `eos_token_id`:151645 for open-end generation.
[transformers] Setting `pad_token_id` to `eos_token_id`:151645 for open-end generation.
[transformers] Setting `pad_token_id` to `eos_token_id`:151645 for open-end generation.
[transformers] Setting `pad_token_id` to `eos_token_id`:151645 for open-end generation.
RQ3 OpenGVLab/InternVL3-8B text_plus_image calls=2175/3600
[transformers] Setting `pad_token_id` to `eos_token_id`:151645 for open-end generation.
[transformers] Setting `pad_token_id` to `eos_token_id`:151645 for open-end generation.
[transformers] Setting `pad_token_id` to `eos_token_id`:151645 for open-end generation.
[transformers] Setting `pad_token_id` to `eos_token_id`:151645 for open-end generation.
[transformers] Setting `pad_token_id` to `eos_token_id`:151645 for open-end generation.
[transformers] Setting `pad_token_id` to `eos_token_id`:151645 for open-end generation.
[transformers] Setting `pad_token_id` to `eos_token_id`:151645 for open-end generation.
[transformers] Setting `pad_token_id` to `eos_token_id`:151645 for open-end generation.
[transformers] Setting `pad_token_id` to `eos_token_id`:151645 for open-end generation.
[transformers] Setting `pad_token_id` to `eos_token_id`:151645 for open-end generation.
[transformers] Setting `pad_token_id` to `eos_token_id`:151645 for open-end generation.
[transformers] Setting `pad_token_id` to `eos_token_id`:151645 for open-end generation.
[transformers] Setting `pad_token_id` to `eos_token_id`:151645 for open-end generation.
[transformers] Setting `pad_token_id` to `eos_token_id`:151645 for open-end generation.
[transformers] Setting `pad_token_id` to `eos_token_id`:151645 for open-end generation.
[transformers] Setting `pad_token_id` to `eos_token_id`:151645 for open-end generation.
[transformers] Setting `pad_token_id` to `eos_token_id`:151645 for open-end generation.
[transformers] Setting `pad_token_id` to `eos_token_id`:151645 for open-end generation.
[transformers] Setting `pad_token_id` to `eos_token_id`:151645 for open-end generation.
[transformers] Setting `pad_token_id` to `eos_token_id`:151645 for open-end generation.
[transformers] Setting `pad_token_id` to `eos_token_id`:151645 for open-end generation.
[transformers] Setting `pad_token_id` to `eos_token_id`:151645 for open-end generation.
[transformers] Setting `pad_token_id` to `eos_token_id`:151645 for open-end generation.
[transformers] Setting `pad_token_id` to `eos_token_id`:151645 for open-end generation.
[transformers] Setting `pad_token_id` to `eos_token_id`:151645 for open-end generation.
RQ3 OpenGVLab/InternVL3-8B text_plus_image calls=2200/3600
[transformers] Setting `pad_token_id` to `eos_token_id`:151645 for open-end generation.
[transformers] Setting `pad_token_id` to `eos_token_id`:151645 for open-end generation.
[transformers] Setting `pad_token_id` to `eos_token_id`:151645 for open-end generation.
[transformers] Setting `pad_token_id` to `eos_token_id`:151645 for open-end generation.
[transformers] Setting `pad_token_id` to `eos_token_id`:151645 for open-end generation.
[transformers] Setting `pad_token_id` to `eos_token_id`:151645 for open-end generation.
[transformers] Setting `pad_token_id` to `eos_token_id`:151645 for open-end generation.
[transformers] Setting `pad_token_id` to `eos_token_id`:151645 for open-end generation.
[transformers] Setting `pad_token_id` to `eos_token_id`:151645 for open-end generation.
[transformers] Setting `pad_token_id` to `eos_token_id`:151645 for open-end generation.
[transformers] Setting `pad_token_id` to `eos_token_id`:151645 for open-end generation.
[transformers] Setting `pad_token_id` to `eos_token_id`:151645 for open-end generation.
[transformers] Setting `pad_token_id` to `eos_token_id`:151645 for open-end generation.
[transformers] Setting `pad_token_id` to `eos_token_id`:151645 for open-end generation.
[transformers] Setting `pad_token_id` to `eos_token_id`:151645 for open-end generation.
[transformers] Setting `pad_token_id` to `eos_token_id`:151645 for open-end generation.
[transformers] Setting `pad_token_id` to `eos_token_id`:151645 for open-end generation.
[transformers] Setting `pad_token_id` to `eos_token_id`:151645 for open-end generation.
[transformers] Setting `pad_token_id` to `eos_token_id`:151645 for open-end generation.
[transformers] Setting `pad_token_id` to `eos_token_id`:151645 for open-end generation.
[transformers] Setting `pad_token_id` to `eos_token_id`:151645 for open-end generation.
[transformers] Setting `pad_token_id` to `eos_token_id`:151645 for open-end generation.
[transformers] Setting `pad_token_id` to `eos_token_id`:151645 for open-end generation.
[transformers] Setting `pad_token_id` to `eos_token_id`:151645 for open-end generation.
[transformers] Setting `pad_token_id` to `eos_token_id`:151645 for open-end generation.
RQ3 OpenGVLab/InternVL3-8B text_plus_image calls=2225/3600
[transformers] Setting `pad_token_id` to `eos_token_id`:151645 for open-end generation.
[transformers] Setting `pad_token_id` to `eos_token_id`:151645 for open-end generation.
[transformers] Setting `pad_token_id` to `eos_token_id`:151645 for open-end generation.
[transformers] Setting `pad_token_id` to `eos_token_id`:151645 for open-end generation.
[transformers] Setting `pad_token_id` to `eos_token_id`:151645 for open-end generation.
[transformers] Setting `pad_token_id` to `eos_token_id`:151645 for open-end generation.
[transformers] Setting `pad_token_id` to `eos_token_id`:151645 for open-end generation.
[transformers] Setting `pad_token_id` to `eos_token_id`:151645 for open-end generation.
[transformers] Setting `pad_token_id` to `eos_token_id`:151645 for open-end generation.
[transformers] Setting `pad_token_id` to `eos_token_id`:151645 for open-end generation.
[transformers] Setting `pad_token_id` to `eos_token_id`:151645 for open-end generation.
[transformers] Setting `pad_token_id` to `eos_token_id`:151645 for open-end generation.
[transformers] Setting `pad_token_id` to `eos_token_id`:151645 for open-end generation.
[transformers] Setting `pad_token_id` to `eos_token_id`:151645 for open-end generation.
[transformers] Setting `pad_token_id` to `eos_token_id`:151645 for open-end generation.
[transformers] Setting `pad_token_id` to `eos_token_id`:151645 for open-end generation.
[transformers] Setting `pad_token_id` to `eos_token_id`:151645 for open-end generation.
[transformers] Setting `pad_token_id` to `eos_token_id`:151645 for open-end generation.
[transformers] Setting `pad_token_id` to `eos_token_id`:151645 for open-end generation.
[transformers] Setting `pad_token_id` to `eos_token_id`:151645 for open-end generation.
[transformers] Setting `pad_token_id` to `eos_token_id`:151645 for open-end generation.
[transformers] Setting `pad_token_id` to `eos_token_id`:151645 for open-end generation.
[transformers] Setting `pad_token_id` to `eos_token_id`:151645 for open-end generation.
[transformers] Setting `pad_token_id` to `eos_token_id`:151645 for open-end generation.
[transformers] Setting `pad_token_id` to `eos_token_id`:151645 for open-end generation.
RQ3 OpenGVLab/InternVL3-8B text_plus_image calls=2250/3600
[transformers] Setting `pad_token_id` to `eos_token_id`:151645 for open-end generation.
[transformers] Setting `pad_token_id` to `eos_token_id`:151645 for open-end generation.
[transformers] Setting `pad_token_id` to `eos_token_id`:151645 for open-end generation.
[transformers] Setting `pad_token_id` to `eos_token_id`:151645 for open-end generation.
[transformers] Setting `pad_token_id` to `eos_token_id`:151645 for open-end generation.
[transformers] Setting `pad_token_id` to `eos_token_id`:151645 for open-end generation.
[transformers] Setting `pad_token_id` to `eos_token_id`:151645 for open-end generation.
[transformers] Setting `pad_token_id` to `eos_token_id`:151645 for open-end generation.
[transformers] Setting `pad_token_id` to `eos_token_id`:151645 for open-end generation.
[transformers] Setting `pad_token_id` to `eos_token_id`:151645 for open-end generation.
[transformers] Setting `pad_token_id` to `eos_token_id`:151645 for open-end generation.
[transformers] Setting `pad_token_id` to `eos_token_id`:151645 for open-end generation.
[transformers] Setting `pad_token_id` to `eos_token_id`:151645 for open-end generation.
[transformers] Setting `pad_token_id` to `eos_token_id`:151645 for open-end generation.
[transformers] Setting `pad_token_id` to `eos_token_id`:151645 for open-end generation.
[transformers] Setting `pad_token_id` to `eos_token_id`:151645 for open-end generation.
[transformers] Setting `pad_token_id` to `eos_token_id`:151645 for open-end generation.
[transformers] Setting `pad_token_id` to `eos_token_id`:151645 for open-end generation.
[transformers] Setting `pad_token_id` to `eos_token_id`:151645 for open-end generation.
[transformers] Setting `pad_token_id` to `eos_token_id`:151645 for open-end generation.
[transformers] Setting `pad_token_id` to `eos_token_id`:151645 for open-end generation.
[transformers] Setting `pad_token_id` to `eos_token_id`:151645 for open-end generation.
[transformers] Setting `pad_token_id` to `eos_token_id`:151645 for open-end generation.
[transformers] Setting `pad_token_id` to `eos_token_id`:151645 for open-end generation.
[transformers] Setting `pad_token_id` to `eos_token_id`:151645 for open-end generation.
RQ3 OpenGVLab/InternVL3-8B text_plus_image calls=2275/3600
[transformers] Setting `pad_token_id` to `eos_token_id`:151645 for open-end generation.
[transformers] Setting `pad_token_id` to `eos_token_id`:151645 for open-end generation.
[transformers] Setting `pad_token_id` to `eos_token_id`:151645 for open-end generation.
[transformers] Setting `pad_token_id` to `eos_token_id`:151645 for open-end generation.
[transformers] Setting `pad_token_id` to `eos_token_id`:151645 for open-end generation.
[transformers] Setting `pad_token_id` to `eos_token_id`:151645 for open-end generation.
[transformers] Setting `pad_token_id` to `eos_token_id`:151645 for open-end generation.
[transformers] Setting `pad_token_id` to `eos_token_id`:151645 for open-end generation.
[transformers] Setting `pad_token_id` to `eos_token_id`:151645 for open-end generation.
[transformers] Setting `pad_token_id` to `eos_token_id`:151645 for open-end generation.
[transformers] Setting `pad_token_id` to `eos_token_id`:151645 for open-end generation.
[transformers] Setting `pad_token_id` to `eos_token_id`:151645 for open-end generation.
[transformers] Setting `pad_token_id` to `eos_token_id`:151645 for open-end generation.
[transformers] Setting `pad_token_id` to `eos_token_id`:151645 for open-end generation.
[transformers] Setting `pad_token_id` to `eos_token_id`:151645 for open-end generation.
[transformers] Setting `pad_token_id` to `eos_token_id`:151645 for open-end generation.
[transformers] Setting `pad_token_id` to `eos_token_id`:151645 for open-end generation.
[transformers] Setting `pad_token_id` to `eos_token_id`:151645 for open-end generation.
[transformers] Setting `pad_token_id` to `eos_token_id`:151645 for open-end generation.
[transformers] Setting `pad_token_id` to `eos_token_id`:151645 for open-end generation.
[transformers] Setting `pad_token_id` to `eos_token_id`:151645 for open-end generation.
[transformers] Setting `pad_token_id` to `eos_token_id`:151645 for open-end generation.
[transformers] Setting `pad_token_id` to `eos_token_id`:151645 for open-end generation.
[transformers] Setting `pad_token_id` to `eos_token_id`:151645 for open-end generation.
[transformers] Setting `pad_token_id` to `eos_token_id`:151645 for open-end generation.
RQ3 OpenGVLab/InternVL3-8B text_plus_image calls=2300/3600
[transformers] Setting `pad_token_id` to `eos_token_id`:151645 for open-end generation.
[transformers] Setting `pad_token_id` to `eos_token_id`:151645 for open-end generation.
[transformers] Setting `pad_token_id` to `eos_token_id`:151645 for open-end generation.
[transformers] Setting `pad_token_id` to `eos_token_id`:151645 for open-end generation.
[transformers] Setting `pad_token_id` to `eos_token_id`:151645 for open-end generation.
[transformers] Setting `pad_token_id` to `eos_token_id`:151645 for open-end generation.
[transformers] Setting `pad_token_id` to `eos_token_id`:151645 for open-end generation.
[transformers] Setting `pad_token_id` to `eos_token_id`:151645 for open-end generation.
[transformers] Setting `pad_token_id` to `eos_token_id`:151645 for open-end generation.
[transformers] Setting `pad_token_id` to `eos_token_id`:151645 for open-end generation.
[transformers] Setting `pad_token_id` to `eos_token_id`:151645 for open-end generation.
[transformers] Setting `pad_token_id` to `eos_token_id`:151645 for open-end generation.
[transformers] Setting `pad_token_id` to `eos_token_id`:151645 for open-end generation.
[transformers] Setting `pad_token_id` to `eos_token_id`:151645 for open-end generation.
[transformers] Setting `pad_token_id` to `eos_token_id`:151645 for open-end generation.
[transformers] Setting `pad_token_id` to `eos_token_id`:151645 for open-end generation.
[transformers] Setting `pad_token_id` to `eos_token_id`:151645 for open-end generation.
[transformers] Setting `pad_token_id` to `eos_token_id`:151645 for open-end generation.
[transformers] Setting `pad_token_id` to `eos_token_id`:151645 for open-end generation.
[transformers] Setting `pad_token_id` to `eos_token_id`:151645 for open-end generation.
[transformers] Setting `pad_token_id` to `eos_token_id`:151645 for open-end generation.
[transformers] Setting `pad_token_id` to `eos_token_id`:151645 for open-end generation.
[transformers] Setting `pad_token_id` to `eos_token_id`:151645 for open-end generation.
[transformers] Setting `pad_token_id` to `eos_token_id`:151645 for open-end generation.
[transformers] Setting `pad_token_id` to `eos_token_id`:151645 for open-end generation.
RQ3 OpenGVLab/InternVL3-8B text_plus_image calls=2325/3600
[transformers] Setting `pad_token_id` to `eos_token_id`:151645 for open-end generation.
[transformers] Setting `pad_token_id` to `eos_token_id`:151645 for open-end generation.
[transformers] Setting `pad_token_id` to `eos_token_id`:151645 for open-end generation.
[transformers] Setting `pad_token_id` to `eos_token_id`:151645 for open-end generation.
[transformers] Setting `pad_token_id` to `eos_token_id`:151645 for open-end generation.
[transformers] Setting `pad_token_id` to `eos_token_id`:151645 for open-end generation.
[transformers] Setting `pad_token_id` to `eos_token_id`:151645 for open-end generation.
[transformers] Setting `pad_token_id` to `eos_token_id`:151645 for open-end generation.
[transformers] Setting `pad_token_id` to `eos_token_id`:151645 for open-end generation.
[transformers] Setting `pad_token_id` to `eos_token_id`:151645 for open-end generation.
[transformers] Setting `pad_token_id` to `eos_token_id`:151645 for open-end generation.
[transformers] Setting `pad_token_id` to `eos_token_id`:151645 for open-end generation.
[transformers] Setting `pad_token_id` to `eos_token_id`:151645 for open-end generation.
[transformers] Setting `pad_token_id` to `eos_token_id`:151645 for open-end generation.
[transformers] Setting `pad_token_id` to `eos_token_id`:151645 for open-end generation.
[transformers] Setting `pad_token_id` to `eos_token_id`:151645 for open-end generation.
[transformers] Setting `pad_token_id` to `eos_token_id`:151645 for open-end generation.
[transformers] Setting `pad_token_id` to `eos_token_id`:151645 for open-end generation.
[transformers] Setting `pad_token_id` to `eos_token_id`:151645 for open-end generation.
[transformers] Setting `pad_token_id` to `eos_token_id`:151645 for open-end generation.
[transformers] Setting `pad_token_id` to `eos_token_id`:151645 for open-end generation.
[transformers] Setting `pad_token_id` to `eos_token_id`:151645 for open-end generation.
[transformers] Setting `pad_token_id` to `eos_token_id`:151645 for open-end generation.
[transformers] Setting `pad_token_id` to `eos_token_id`:151645 for open-end generation.
[transformers] Setting `pad_token_id` to `eos_token_id`:151645 for open-end generation.
RQ3 OpenGVLab/InternVL3-8B text_plus_image calls=2350/3600
[transformers] Setting `pad_token_id` to `eos_token_id`:151645 for open-end generation.
[transformers] Setting `pad_token_id` to `eos_token_id`:151645 for open-end generation.
[transformers] Setting `pad_token_id` to `eos_token_id`:151645 for open-end generation.
[transformers] Setting `pad_token_id` to `eos_token_id`:151645 for open-end generation.
[transformers] Setting `pad_token_id` to `eos_token_id`:151645 for open-end generation.
[transformers] Setting `pad_token_id` to `eos_token_id`:151645 for open-end generation.
[transformers] Setting `pad_token_id` to `eos_token_id`:151645 for open-end generation.
[transformers] Setting `pad_token_id` to `eos_token_id`:151645 for open-end generation.
[transformers] Setting `pad_token_id` to `eos_token_id`:151645 for open-end generation.
[transformers] Setting `pad_token_id` to `eos_token_id`:151645 for open-end generation.
[transformers] Setting `pad_token_id` to `eos_token_id`:151645 for open-end generation.
[transformers] Setting `pad_token_id` to `eos_token_id`:151645 for open-end generation.
[transformers] Setting `pad_token_id` to `eos_token_id`:151645 for open-end generation.
[transformers] Setting `pad_token_id` to `eos_token_id`:151645 for open-end generation.
[transformers] Setting `pad_token_id` to `eos_token_id`:151645 for open-end generation.
[transformers] Setting `pad_token_id` to `eos_token_id`:151645 for open-end generation.
[transformers] Setting `pad_token_id` to `eos_token_id`:151645 for open-end generation.
[transformers] Setting `pad_token_id` to `eos_token_id`:151645 for open-end generation.
[transformers] Setting `pad_token_id` to `eos_token_id`:151645 for open-end generation.
[transformers] Setting `pad_token_id` to `eos_token_id`:151645 for open-end generation.
[transformers] Setting `pad_token_id` to `eos_token_id`:151645 for open-end generation.
[transformers] Setting `pad_token_id` to `eos_token_id`:151645 for open-end generation.
[transformers] Setting `pad_token_id` to `eos_token_id`:151645 for open-end generation.
[transformers] Setting `pad_token_id` to `eos_token_id`:151645 for open-end generation.
[transformers] Setting `pad_token_id` to `eos_token_id`:151645 for open-end generation.
RQ3 OpenGVLab/InternVL3-8B text_plus_image calls=2375/3600
[transformers] Setting `pad_token_id` to `eos_token_id`:151645 for open-end generation.
[transformers] Setting `pad_token_id` to `eos_token_id`:151645 for open-end generation.
[transformers] Setting `pad_token_id` to `eos_token_id`:151645 for open-end generation.
[transformers] Setting `pad_token_id` to `eos_token_id`:151645 for open-end generation.
[transformers] Setting `pad_token_id` to `eos_token_id`:151645 for open-end generation.
[transformers] Setting `pad_token_id` to `eos_token_id`:151645 for open-end generation.
[transformers] Setting `pad_token_id` to `eos_token_id`:151645 for open-end generation.
[transformers] Setting `pad_token_id` to `eos_token_id`:151645 for open-end generation.
[transformers] Setting `pad_token_id` to `eos_token_id`:151645 for open-end generation.
[transformers] Setting `pad_token_id` to `eos_token_id`:151645 for open-end generation.
[transformers] Setting `pad_token_id` to `eos_token_id`:151645 for open-end generation.
[transformers] Setting `pad_token_id` to `eos_token_id`:151645 for open-end generation.
[transformers] Setting `pad_token_id` to `eos_token_id`:151645 for open-end generation.
[transformers] Setting `pad_token_id` to `eos_token_id`:151645 for open-end generation.
[transformers] Setting `pad_token_id` to `eos_token_id`:151645 for open-end generation.
[transformers] Setting `pad_token_id` to `eos_token_id`:151645 for open-end generation.
[transformers] Setting `pad_token_id` to `eos_token_id`:151645 for open-end generation.
[transformers] Setting `pad_token_id` to `eos_token_id`:151645 for open-end generation.
[transformers] Setting `pad_token_id` to `eos_token_id`:151645 for open-end generation.
[transformers] Setting `pad_token_id` to `eos_token_id`:151645 for open-end generation.
[transformers] Setting `pad_token_id` to `eos_token_id`:151645 for open-end generation.
[transformers] Setting `pad_token_id` to `eos_token_id`:151645 for open-end generation.
[transformers] Setting `pad_token_id` to `eos_token_id`:151645 for open-end generation.
[transformers] Setting `pad_token_id` to `eos_token_id`:151645 for open-end generation.
[transformers] Setting `pad_token_id` to `eos_token_id`:151645 for open-end generation.
RQ3 OpenGVLab/InternVL3-8B text_plus_image calls=2400/3600
[transformers] Setting `pad_token_id` to `eos_token_id`:151645 for open-end generation.
[transformers] Setting `pad_token_id` to `eos_token_id`:151645 for open-end generation.
[transformers] Setting `pad_token_id` to `eos_token_id`:151645 for open-end generation.
[transformers] Setting `pad_token_id` to `eos_token_id`:151645 for open-end generation.
[transformers] Setting `pad_token_id` to `eos_token_id`:151645 for open-end generation.
[transformers] Setting `pad_token_id` to `eos_token_id`:151645 for open-end generation.
[transformers] Setting `pad_token_id` to `eos_token_id`:151645 for open-end generation.
[transformers] Setting `pad_token_id` to `eos_token_id`:151645 for open-end generation.
[transformers] Setting `pad_token_id` to `eos_token_id`:151645 for open-end generation.
[transformers] Setting `pad_token_id` to `eos_token_id`:151645 for open-end generation.
[transformers] Setting `pad_token_id` to `eos_token_id`:151645 for open-end generation.
[transformers] Setting `pad_token_id` to `eos_token_id`:151645 for open-end generation.
[transformers] Setting `pad_token_id` to `eos_token_id`:151645 for open-end generation.
[transformers] Setting `pad_token_id` to `eos_token_id`:151645 for open-end generation.
[transformers] Setting `pad_token_id` to `eos_token_id`:151645 for open-end generation.
[transformers] Setting `pad_token_id` to `eos_token_id`:151645 for open-end generation.
[transformers] Setting `pad_token_id` to `eos_token_id`:151645 for open-end generation.
[transformers] Setting `pad_token_id` to `eos_token_id`:151645 for open-end generation.
[transformers] Setting `pad_token_id` to `eos_token_id`:151645 for open-end generation.
[transformers] Setting `pad_token_id` to `eos_token_id`:151645 for open-end generation.
[transformers] Setting `pad_token_id` to `eos_token_id`:151645 for open-end generation.
[transformers] Setting `pad_token_id` to `eos_token_id`:151645 for open-end generation.
[transformers] Setting `pad_token_id` to `eos_token_id`:151645 for open-end generation.
[transformers] Setting `pad_token_id` to `eos_token_id`:151645 for open-end generation.
[transformers] Setting `pad_token_id` to `eos_token_id`:151645 for open-end generation.
RQ3 OpenGVLab/InternVL3-8B text_plus_image calls=2425/3600
[transformers] Setting `pad_token_id` to `eos_token_id`:151645 for open-end generation.
[transformers] Setting `pad_token_id` to `eos_token_id`:151645 for open-end generation.
[transformers] Setting `pad_token_id` to `eos_token_id`:151645 for open-end generation.
[transformers] Setting `pad_token_id` to `eos_token_id`:151645 for open-end generation.
[transformers] Setting `pad_token_id` to `eos_token_id`:151645 for open-end generation.
[transformers] Setting `pad_token_id` to `eos_token_id`:151645 for open-end generation.
[transformers] Setting `pad_token_id` to `eos_token_id`:151645 for open-end generation.
[transformers] Setting `pad_token_id` to `eos_token_id`:151645 for open-end generation.
[transformers] Setting `pad_token_id` to `eos_token_id`:151645 for open-end generation.
[transformers] Setting `pad_token_id` to `eos_token_id`:151645 for open-end generation.
[transformers] Setting `pad_token_id` to `eos_token_id`:151645 for open-end generation.
[transformers] Setting `pad_token_id` to `eos_token_id`:151645 for open-end generation.
[transformers] Setting `pad_token_id` to `eos_token_id`:151645 for open-end generation.
[transformers] Setting `pad_token_id` to `eos_token_id`:151645 for open-end generation.
[transformers] Setting `pad_token_id` to `eos_token_id`:151645 for open-end generation.
[transformers] Setting `pad_token_id` to `eos_token_id`:151645 for open-end generation.
[transformers] Setting `pad_token_id` to `eos_token_id`:151645 for open-end generation.
[transformers] Setting `pad_token_id` to `eos_token_id`:151645 for open-end generation.
[transformers] Setting `pad_token_id` to `eos_token_id`:151645 for open-end generation.
[transformers] Setting `pad_token_id` to `eos_token_id`:151645 for open-end generation.
[transformers] Setting `pad_token_id` to `eos_token_id`:151645 for open-end generation.
[transformers] Setting `pad_token_id` to `eos_token_id`:151645 for open-end generation.
[transformers] Setting `pad_token_id` to `eos_token_id`:151645 for open-end generation.
[transformers] Setting `pad_token_id` to `eos_token_id`:151645 for open-end generation.
[transformers] Setting `pad_token_id` to `eos_token_id`:151645 for open-end generation.
RQ3 OpenGVLab/InternVL3-8B text_plus_image calls=2450/3600
[transformers] Setting `pad_token_id` to `eos_token_id`:151645 for open-end generation.
[transformers] Setting `pad_token_id` to `eos_token_id`:151645 for open-end generation.
[transformers] Setting `pad_token_id` to `eos_token_id`:151645 for open-end generation.
[transformers] Setting `pad_token_id` to `eos_token_id`:151645 for open-end generation.
[transformers] Setting `pad_token_id` to `eos_token_id`:151645 for open-end generation.
[transformers] Setting `pad_token_id` to `eos_token_id`:151645 for open-end generation.
[transformers] Setting `pad_token_id` to `eos_token_id`:151645 for open-end generation.
[transformers] Setting `pad_token_id` to `eos_token_id`:151645 for open-end generation.
[transformers] Setting `pad_token_id` to `eos_token_id`:151645 for open-end generation.
[transformers] Setting `pad_token_id` to `eos_token_id`:151645 for open-end generation.
[transformers] Setting `pad_token_id` to `eos_token_id`:151645 for open-end generation.
[transformers] Setting `pad_token_id` to `eos_token_id`:151645 for open-end generation.
[transformers] Setting `pad_token_id` to `eos_token_id`:151645 for open-end generation.
[transformers] Setting `pad_token_id` to `eos_token_id`:151645 for open-end generation.
[transformers] Setting `pad_token_id` to `eos_token_id`:151645 for open-end generation.
[transformers] Setting `pad_token_id` to `eos_token_id`:151645 for open-end generation.
[transformers] Setting `pad_token_id` to `eos_token_id`:151645 for open-end generation.
[transformers] Setting `pad_token_id` to `eos_token_id`:151645 for open-end generation.
[transformers] Setting `pad_token_id` to `eos_token_id`:151645 for open-end generation.
[transformers] Setting `pad_token_id` to `eos_token_id`:151645 for open-end generation.
[transformers] Setting `pad_token_id` to `eos_token_id`:151645 for open-end generation.
[transformers] Setting `pad_token_id` to `eos_token_id`:151645 for open-end generation.
[transformers] Setting `pad_token_id` to `eos_token_id`:151645 for open-end generation.
[transformers] Setting `pad_token_id` to `eos_token_id`:151645 for open-end generation.
[transformers] Setting `pad_token_id` to `eos_token_id`:151645 for open-end generation.
RQ3 OpenGVLab/InternVL3-8B text_plus_image calls=2475/3600
[transformers] Setting `pad_token_id` to `eos_token_id`:151645 for open-end generation.
[transformers] Setting `pad_token_id` to `eos_token_id`:151645 for open-end generation.
[transformers] Setting `pad_token_id` to `eos_token_id`:151645 for open-end generation.
[transformers] Setting `pad_token_id` to `eos_token_id`:151645 for open-end generation.
[transformers] Setting `pad_token_id` to `eos_token_id`:151645 for open-end generation.
[transformers] Setting `pad_token_id` to `eos_token_id`:151645 for open-end generation.
[transformers] Setting `pad_token_id` to `eos_token_id`:151645 for open-end generation.
[transformers] Setting `pad_token_id` to `eos_token_id`:151645 for open-end generation.
[transformers] Setting `pad_token_id` to `eos_token_id`:151645 for open-end generation.
[transformers] Setting `pad_token_id` to `eos_token_id`:151645 for open-end generation.
[transformers] Setting `pad_token_id` to `eos_token_id`:151645 for open-end generation.
[transformers] Setting `pad_token_id` to `eos_token_id`:151645 for open-end generation.
[transformers] Setting `pad_token_id` to `eos_token_id`:151645 for open-end generation.
[transformers] Setting `pad_token_id` to `eos_token_id`:151645 for open-end generation.
[transformers] Setting `pad_token_id` to `eos_token_id`:151645 for open-end generation.
[transformers] Setting `pad_token_id` to `eos_token_id`:151645 for open-end generation.
[transformers] Setting `pad_token_id` to `eos_token_id`:151645 for open-end generation.
[transformers] Setting `pad_token_id` to `eos_token_id`:151645 for open-end generation.
[transformers] Setting `pad_token_id` to `eos_token_id`:151645 for open-end generation.
[transformers] Setting `pad_token_id` to `eos_token_id`:151645 for open-end generation.
[transformers] Setting `pad_token_id` to `eos_token_id`:151645 for open-end generation.
[transformers] Setting `pad_token_id` to `eos_token_id`:151645 for open-end generation.
[transformers] Setting `pad_token_id` to `eos_token_id`:151645 for open-end generation.
[transformers] Setting `pad_token_id` to `eos_token_id`:151645 for open-end generation.
[transformers] Setting `pad_token_id` to `eos_token_id`:151645 for open-end generation.
RQ3 OpenGVLab/InternVL3-8B text_plus_image calls=2500/3600
[transformers] Setting `pad_token_id` to `eos_token_id`:151645 for open-end generation.
[transformers] Setting `pad_token_id` to `eos_token_id`:151645 for open-end generation.
[transformers] Setting `pad_token_id` to `eos_token_id`:151645 for open-end generation.
[transformers] Setting `pad_token_id` to `eos_token_id`:151645 for open-end generation.
[transformers] Setting `pad_token_id` to `eos_token_id`:151645 for open-end generation.
[transformers] Setting `pad_token_id` to `eos_token_id`:151645 for open-end generation.
[transformers] Setting `pad_token_id` to `eos_token_id`:151645 for open-end generation.
[transformers] Setting `pad_token_id` to `eos_token_id`:151645 for open-end generation.
[transformers] Setting `pad_token_id` to `eos_token_id`:151645 for open-end generation.
[transformers] Setting `pad_token_id` to `eos_token_id`:151645 for open-end generation.
[transformers] Setting `pad_token_id` to `eos_token_id`:151645 for open-end generation.
[transformers] Setting `pad_token_id` to `eos_token_id`:151645 for open-end generation.
[transformers] Setting `pad_token_id` to `eos_token_id`:151645 for open-end generation.
[transformers] Setting `pad_token_id` to `eos_token_id`:151645 for open-end generation.
[transformers] Setting `pad_token_id` to `eos_token_id`:151645 for open-end generation.
[transformers] Setting `pad_token_id` to `eos_token_id`:151645 for open-end generation.
[transformers] Setting `pad_token_id` to `eos_token_id`:151645 for open-end generation.
[transformers] Setting `pad_token_id` to `eos_token_id`:151645 for open-end generation.
[transformers] Setting `pad_token_id` to `eos_token_id`:151645 for open-end generation.
[transformers] Setting `pad_token_id` to `eos_token_id`:151645 for open-end generation.
[transformers] Setting `pad_token_id` to `eos_token_id`:151645 for open-end generation.
[transformers] Setting `pad_token_id` to `eos_token_id`:151645 for open-end generation.
[transformers] Setting `pad_token_id` to `eos_token_id`:151645 for open-end generation.
[transformers] Setting `pad_token_id` to `eos_token_id`:151645 for open-end generation.
[transformers] Setting `pad_token_id` to `eos_token_id`:151645 for open-end generation.
RQ3 OpenGVLab/InternVL3-8B text_plus_image calls=2525/3600
[transformers] Setting `pad_token_id` to `eos_token_id`:151645 for open-end generation.
[transformers] Setting `pad_token_id` to `eos_token_id`:151645 for open-end generation.
[transformers] Setting `pad_token_id` to `eos_token_id`:151645 for open-end generation.
[transformers] Setting `pad_token_id` to `eos_token_id`:151645 for open-end generation.
[transformers] Setting `pad_token_id` to `eos_token_id`:151645 for open-end generation.
[transformers] Setting `pad_token_id` to `eos_token_id`:151645 for open-end generation.
[transformers] Setting `pad_token_id` to `eos_token_id`:151645 for open-end generation.
[transformers] Setting `pad_token_id` to `eos_token_id`:151645 for open-end generation.
[transformers] Setting `pad_token_id` to `eos_token_id`:151645 for open-end generation.
[transformers] Setting `pad_token_id` to `eos_token_id`:151645 for open-end generation.
[transformers] Setting `pad_token_id` to `eos_token_id`:151645 for open-end generation.
[transformers] Setting `pad_token_id` to `eos_token_id`:151645 for open-end generation.
[transformers] Setting `pad_token_id` to `eos_token_id`:151645 for open-end generation.
[transformers] Setting `pad_token_id` to `eos_token_id`:151645 for open-end generation.
[transformers] Setting `pad_token_id` to `eos_token_id`:151645 for open-end generation.
[transformers] Setting `pad_token_id` to `eos_token_id`:151645 for open-end generation.
[transformers] Setting `pad_token_id` to `eos_token_id`:151645 for open-end generation.
[transformers] Setting `pad_token_id` to `eos_token_id`:151645 for open-end generation.
[transformers] Setting `pad_token_id` to `eos_token_id`:151645 for open-end generation.
[transformers] Setting `pad_token_id` to `eos_token_id`:151645 for open-end generation.
[transformers] Setting `pad_token_id` to `eos_token_id`:151645 for open-end generation.
[transformers] Setting `pad_token_id` to `eos_token_id`:151645 for open-end generation.
[transformers] Setting `pad_token_id` to `eos_token_id`:151645 for open-end generation.
[transformers] Setting `pad_token_id` to `eos_token_id`:151645 for open-end generation.
[transformers] Setting `pad_token_id` to `eos_token_id`:151645 for open-end generation.
RQ3 OpenGVLab/InternVL3-8B text_plus_image calls=2550/3600
[transformers] Setting `pad_token_id` to `eos_token_id`:151645 for open-end generation.
[transformers] Setting `pad_token_id` to `eos_token_id`:151645 for open-end generation.
[transformers] Setting `pad_token_id` to `eos_token_id`:151645 for open-end generation.
[transformers] Setting `pad_token_id` to `eos_token_id`:151645 for open-end generation.
[transformers] Setting `pad_token_id` to `eos_token_id`:151645 for open-end generation.
[transformers] Setting `pad_token_id` to `eos_token_id`:151645 for open-end generation.
[transformers] Setting `pad_token_id` to `eos_token_id`:151645 for open-end generation.
[transformers] Setting `pad_token_id` to `eos_token_id`:151645 for open-end generation.
[transformers] Setting `pad_token_id` to `eos_token_id`:151645 for open-end generation.
[transformers] Setting `pad_token_id` to `eos_token_id`:151645 for open-end generation.
[transformers] Setting `pad_token_id` to `eos_token_id`:151645 for open-end generation.
[transformers] Setting `pad_token_id` to `eos_token_id`:151645 for open-end generation.
[transformers] Setting `pad_token_id` to `eos_token_id`:151645 for open-end generation.
[transformers] Setting `pad_token_id` to `eos_token_id`:151645 for open-end generation.
[transformers] Setting `pad_token_id` to `eos_token_id`:151645 for open-end generation.
[transformers] Setting `pad_token_id` to `eos_token_id`:151645 for open-end generation.
[transformers] Setting `pad_token_id` to `eos_token_id`:151645 for open-end generation.
[transformers] Setting `pad_token_id` to `eos_token_id`:151645 for open-end generation.
[transformers] Setting `pad_token_id` to `eos_token_id`:151645 for open-end generation.
[transformers] Setting `pad_token_id` to `eos_token_id`:151645 for open-end generation.
[transformers] Setting `pad_token_id` to `eos_token_id`:151645 for open-end generation.
[transformers] Setting `pad_token_id` to `eos_token_id`:151645 for open-end generation.
[transformers] Setting `pad_token_id` to `eos_token_id`:151645 for open-end generation.
[transformers] Setting `pad_token_id` to `eos_token_id`:151645 for open-end generation.
[transformers] Setting `pad_token_id` to `eos_token_id`:151645 for open-end generation.
RQ3 OpenGVLab/InternVL3-8B text_plus_image calls=2575/3600
[transformers] Setting `pad_token_id` to `eos_token_id`:151645 for open-end generation.
[transformers] Setting `pad_token_id` to `eos_token_id`:151645 for open-end generation.
[transformers] Setting `pad_token_id` to `eos_token_id`:151645 for open-end generation.
[transformers] Setting `pad_token_id` to `eos_token_id`:151645 for open-end generation.
[transformers] Setting `pad_token_id` to `eos_token_id`:151645 for open-end generation.
[transformers] Setting `pad_token_id` to `eos_token_id`:151645 for open-end generation.
[transformers] Setting `pad_token_id` to `eos_token_id`:151645 for open-end generation.
[transformers] Setting `pad_token_id` to `eos_token_id`:151645 for open-end generation.
[transformers] Setting `pad_token_id` to `eos_token_id`:151645 for open-end generation.
[transformers] Setting `pad_token_id` to `eos_token_id`:151645 for open-end generation.
[transformers] Setting `pad_token_id` to `eos_token_id`:151645 for open-end generation.
[transformers] Setting `pad_token_id` to `eos_token_id`:151645 for open-end generation.
[transformers] Setting `pad_token_id` to `eos_token_id`:151645 for open-end generation.
[transformers] Setting `pad_token_id` to `eos_token_id`:151645 for open-end generation.
[transformers] Setting `pad_token_id` to `eos_token_id`:151645 for open-end generation.
[transformers] Setting `pad_token_id` to `eos_token_id`:151645 for open-end generation.
[transformers] Setting `pad_token_id` to `eos_token_id`:151645 for open-end generation.
[transformers] Setting `pad_token_id` to `eos_token_id`:151645 for open-end generation.
[transformers] Setting `pad_token_id` to `eos_token_id`:151645 for open-end generation.
[transformers] Setting `pad_token_id` to `eos_token_id`:151645 for open-end generation.
[transformers] Setting `pad_token_id` to `eos_token_id`:151645 for open-end generation.
[transformers] Setting `pad_token_id` to `eos_token_id`:151645 for open-end generation.
[transformers] Setting `pad_token_id` to `eos_token_id`:151645 for open-end generation.
[transformers] Setting `pad_token_id` to `eos_token_id`:151645 for open-end generation.
[transformers] Setting `pad_token_id` to `eos_token_id`:151645 for open-end generation.
RQ3 OpenGVLab/InternVL3-8B text_plus_image calls=2600/3600
[transformers] Setting `pad_token_id` to `eos_token_id`:151645 for open-end generation.
[transformers] Setting `pad_token_id` to `eos_token_id`:151645 for open-end generation.
[transformers] Setting `pad_token_id` to `eos_token_id`:151645 for open-end generation.
[transformers] Setting `pad_token_id` to `eos_token_id`:151645 for open-end generation.
[transformers] Setting `pad_token_id` to `eos_token_id`:151645 for open-end generation.
[transformers] Setting `pad_token_id` to `eos_token_id`:151645 for open-end generation.
[transformers] Setting `pad_token_id` to `eos_token_id`:151645 for open-end generation.
[transformers] Setting `pad_token_id` to `eos_token_id`:151645 for open-end generation.
[transformers] Setting `pad_token_id` to `eos_token_id`:151645 for open-end generation.
[transformers] Setting `pad_token_id` to `eos_token_id`:151645 for open-end generation.
[transformers] Setting `pad_token_id` to `eos_token_id`:151645 for open-end generation.
[transformers] Setting `pad_token_id` to `eos_token_id`:151645 for open-end generation.
[transformers] Setting `pad_token_id` to `eos_token_id`:151645 for open-end generation.
[transformers] Setting `pad_token_id` to `eos_token_id`:151645 for open-end generation.
[transformers] Setting `pad_token_id` to `eos_token_id`:151645 for open-end generation.
[transformers] Setting `pad_token_id` to `eos_token_id`:151645 for open-end generation.
[transformers] Setting `pad_token_id` to `eos_token_id`:151645 for open-end generation.
[transformers] Setting `pad_token_id` to `eos_token_id`:151645 for open-end generation.
[transformers] Setting `pad_token_id` to `eos_token_id`:151645 for open-end generation.
[transformers] Setting `pad_token_id` to `eos_token_id`:151645 for open-end generation.
[transformers] Setting `pad_token_id` to `eos_token_id`:151645 for open-end generation.
[transformers] Setting `pad_token_id` to `eos_token_id`:151645 for open-end generation.
[transformers] Setting `pad_token_id` to `eos_token_id`:151645 for open-end generation.
[transformers] Setting `pad_token_id` to `eos_token_id`:151645 for open-end generation.
[transformers] Setting `pad_token_id` to `eos_token_id`:151645 for open-end generation.
RQ3 OpenGVLab/InternVL3-8B text_plus_image calls=2625/3600
[transformers] Setting `pad_token_id` to `eos_token_id`:151645 for open-end generation.
[transformers] Setting `pad_token_id` to `eos_token_id`:151645 for open-end generation.
[transformers] Setting `pad_token_id` to `eos_token_id`:151645 for open-end generation.
[transformers] Setting `pad_token_id` to `eos_token_id`:151645 for open-end generation.
[transformers] Setting `pad_token_id` to `eos_token_id`:151645 for open-end generation.
[transformers] Setting `pad_token_id` to `eos_token_id`:151645 for open-end generation.
[transformers] Setting `pad_token_id` to `eos_token_id`:151645 for open-end generation.
[transformers] Setting `pad_token_id` to `eos_token_id`:151645 for open-end generation.
[transformers] Setting `pad_token_id` to `eos_token_id`:151645 for open-end generation.
[transformers] Setting `pad_token_id` to `eos_token_id`:151645 for open-end generation.
[transformers] Setting `pad_token_id` to `eos_token_id`:151645 for open-end generation.
[transformers] Setting `pad_token_id` to `eos_token_id`:151645 for open-end generation.
[transformers] Setting `pad_token_id` to `eos_token_id`:151645 for open-end generation.
[transformers] Setting `pad_token_id` to `eos_token_id`:151645 for open-end generation.
[transformers] Setting `pad_token_id` to `eos_token_id`:151645 for open-end generation.
[transformers] Setting `pad_token_id` to `eos_token_id`:151645 for open-end generation.
[transformers] Setting `pad_token_id` to `eos_token_id`:151645 for open-end generation.
[transformers] Setting `pad_token_id` to `eos_token_id`:151645 for open-end generation.
[transformers] Setting `pad_token_id` to `eos_token_id`:151645 for open-end generation.
[transformers] Setting `pad_token_id` to `eos_token_id`:151645 for open-end generation.
[transformers] Setting `pad_token_id` to `eos_token_id`:151645 for open-end generation.
[transformers] Setting `pad_token_id` to `eos_token_id`:151645 for open-end generation.
[transformers] Setting `pad_token_id` to `eos_token_id`:151645 for open-end generation.
[transformers] Setting `pad_token_id` to `eos_token_id`:151645 for open-end generation.
[transformers] Setting `pad_token_id` to `eos_token_id`:151645 for open-end generation.
RQ3 OpenGVLab/InternVL3-8B text_plus_image calls=2650/3600
[transformers] Setting `pad_token_id` to `eos_token_id`:151645 for open-end generation.
[transformers] Setting `pad_token_id` to `eos_token_id`:151645 for open-end generation.
[transformers] Setting `pad_token_id` to `eos_token_id`:151645 for open-end generation.
[transformers] Setting `pad_token_id` to `eos_token_id`:151645 for open-end generation.
[transformers] Setting `pad_token_id` to `eos_token_id`:151645 for open-end generation.
[transformers] Setting `pad_token_id` to `eos_token_id`:151645 for open-end generation.
[transformers] Setting `pad_token_id` to `eos_token_id`:151645 for open-end generation.
[transformers] Setting `pad_token_id` to `eos_token_id`:151645 for open-end generation.
[transformers] Setting `pad_token_id` to `eos_token_id`:151645 for open-end generation.
[transformers] Setting `pad_token_id` to `eos_token_id`:151645 for open-end generation.
[transformers] Setting `pad_token_id` to `eos_token_id`:151645 for open-end generation.
[transformers] Setting `pad_token_id` to `eos_token_id`:151645 for open-end generation.
[transformers] Setting `pad_token_id` to `eos_token_id`:151645 for open-end generation.
[transformers] Setting `pad_token_id` to `eos_token_id`:151645 for open-end generation.
[transformers] Setting `pad_token_id` to `eos_token_id`:151645 for open-end generation.
[transformers] Setting `pad_token_id` to `eos_token_id`:151645 for open-end generation.
[transformers] Setting `pad_token_id` to `eos_token_id`:151645 for open-end generation.
[transformers] Setting `pad_token_id` to `eos_token_id`:151645 for open-end generation.
[transformers] Setting `pad_token_id` to `eos_token_id`:151645 for open-end generation.
[transformers] Setting `pad_token_id` to `eos_token_id`:151645 for open-end generation.
[transformers] Setting `pad_token_id` to `eos_token_id`:151645 for open-end generation.
[transformers] Setting `pad_token_id` to `eos_token_id`:151645 for open-end generation.
[transformers] Setting `pad_token_id` to `eos_token_id`:151645 for open-end generation.
[transformers] Setting `pad_token_id` to `eos_token_id`:151645 for open-end generation.
[transformers] Setting `pad_token_id` to `eos_token_id`:151645 for open-end generation.
RQ3 OpenGVLab/InternVL3-8B text_plus_image calls=2675/3600
[transformers] Setting `pad_token_id` to `eos_token_id`:151645 for open-end generation.
[transformers] Setting `pad_token_id` to `eos_token_id`:151645 for open-end generation.
[transformers] Setting `pad_token_id` to `eos_token_id`:151645 for open-end generation.
[transformers] Setting `pad_token_id` to `eos_token_id`:151645 for open-end generation.
[transformers] Setting `pad_token_id` to `eos_token_id`:151645 for open-end generation.
[transformers] Setting `pad_token_id` to `eos_token_id`:151645 for open-end generation.
[transformers] Setting `pad_token_id` to `eos_token_id`:151645 for open-end generation.
[transformers] Setting `pad_token_id` to `eos_token_id`:151645 for open-end generation.
[transformers] Setting `pad_token_id` to `eos_token_id`:151645 for open-end generation.
[transformers] Setting `pad_token_id` to `eos_token_id`:151645 for open-end generation.
[transformers] Setting `pad_token_id` to `eos_token_id`:151645 for open-end generation.
[transformers] Setting `pad_token_id` to `eos_token_id`:151645 for open-end generation.
[transformers] Setting `pad_token_id` to `eos_token_id`:151645 for open-end generation.
[transformers] Setting `pad_token_id` to `eos_token_id`:151645 for open-end generation.
[transformers] Setting `pad_token_id` to `eos_token_id`:151645 for open-end generation.
[transformers] Setting `pad_token_id` to `eos_token_id`:151645 for open-end generation.
[transformers] Setting `pad_token_id` to `eos_token_id`:151645 for open-end generation.
[transformers] Setting `pad_token_id` to `eos_token_id`:151645 for open-end generation.
[transformers] Setting `pad_token_id` to `eos_token_id`:151645 for open-end generation.
[transformers] Setting `pad_token_id` to `eos_token_id`:151645 for open-end generation.
[transformers] Setting `pad_token_id` to `eos_token_id`:151645 for open-end generation.
[transformers] Setting `pad_token_id` to `eos_token_id`:151645 for open-end generation.
[transformers] Setting `pad_token_id` to `eos_token_id`:151645 for open-end generation.
[transformers] Setting `pad_token_id` to `eos_token_id`:151645 for open-end generation.
[transformers] Setting `pad_token_id` to `eos_token_id`:151645 for open-end generation.
RQ3 OpenGVLab/InternVL3-8B text_plus_image calls=2700/3600
[transformers] Setting `pad_token_id` to `eos_token_id`:151645 for open-end generation.
[transformers] Setting `pad_token_id` to `eos_token_id`:151645 for open-end generation.
[transformers] Setting `pad_token_id` to `eos_token_id`:151645 for open-end generation.
[transformers] Setting `pad_token_id` to `eos_token_id`:151645 for open-end generation.
[transformers] Setting `pad_token_id` to `eos_token_id`:151645 for open-end generation.
[transformers] Setting `pad_token_id` to `eos_token_id`:151645 for open-end generation.
[transformers] Setting `pad_token_id` to `eos_token_id`:151645 for open-end generation.
[transformers] Setting `pad_token_id` to `eos_token_id`:151645 for open-end generation.
[transformers] Setting `pad_token_id` to `eos_token_id`:151645 for open-end generation.
[transformers] Setting `pad_token_id` to `eos_token_id`:151645 for open-end generation.
[transformers] Setting `pad_token_id` to `eos_token_id`:151645 for open-end generation.
[transformers] Setting `pad_token_id` to `eos_token_id`:151645 for open-end generation.
[transformers] Setting `pad_token_id` to `eos_token_id`:151645 for open-end generation.
[transformers] Setting `pad_token_id` to `eos_token_id`:151645 for open-end generation.
[transformers] Setting `pad_token_id` to `eos_token_id`:151645 for open-end generation.
[transformers] Setting `pad_token_id` to `eos_token_id`:151645 for open-end generation.
[transformers] Setting `pad_token_id` to `eos_token_id`:151645 for open-end generation.
[transformers] Setting `pad_token_id` to `eos_token_id`:151645 for open-end generation.
[transformers] Setting `pad_token_id` to `eos_token_id`:151645 for open-end generation.
[transformers] Setting `pad_token_id` to `eos_token_id`:151645 for open-end generation.
[transformers] Setting `pad_token_id` to `eos_token_id`:151645 for open-end generation.
[transformers] Setting `pad_token_id` to `eos_token_id`:151645 for open-end generation.
[transformers] Setting `pad_token_id` to `eos_token_id`:151645 for open-end generation.
[transformers] Setting `pad_token_id` to `eos_token_id`:151645 for open-end generation.
[transformers] Setting `pad_token_id` to `eos_token_id`:151645 for open-end generation.
RQ3 OpenGVLab/InternVL3-8B text_plus_image calls=2725/3600
[transformers] Setting `pad_token_id` to `eos_token_id`:151645 for open-end generation.
[transformers] Setting `pad_token_id` to `eos_token_id`:151645 for open-end generation.
[transformers] Setting `pad_token_id` to `eos_token_id`:151645 for open-end generation.
[transformers] Setting `pad_token_id` to `eos_token_id`:151645 for open-end generation.
[transformers] Setting `pad_token_id` to `eos_token_id`:151645 for open-end generation.
[transformers] Setting `pad_token_id` to `eos_token_id`:151645 for open-end generation.
[transformers] Setting `pad_token_id` to `eos_token_id`:151645 for open-end generation.
[transformers] Setting `pad_token_id` to `eos_token_id`:151645 for open-end generation.
[transformers] Setting `pad_token_id` to `eos_token_id`:151645 for open-end generation.
[transformers] Setting `pad_token_id` to `eos_token_id`:151645 for open-end generation.
[transformers] Setting `pad_token_id` to `eos_token_id`:151645 for open-end generation.
[transformers] Setting `pad_token_id` to `eos_token_id`:151645 for open-end generation.
[transformers] Setting `pad_token_id` to `eos_token_id`:151645 for open-end generation.
[transformers] Setting `pad_token_id` to `eos_token_id`:151645 for open-end generation.
[transformers] Setting `pad_token_id` to `eos_token_id`:151645 for open-end generation.
[transformers] Setting `pad_token_id` to `eos_token_id`:151645 for open-end generation.
[transformers] Setting `pad_token_id` to `eos_token_id`:151645 for open-end generation.
[transformers] Setting `pad_token_id` to `eos_token_id`:151645 for open-end generation.
[transformers] Setting `pad_token_id` to `eos_token_id`:151645 for open-end generation.
[transformers] Setting `pad_token_id` to `eos_token_id`:151645 for open-end generation.
[transformers] Setting `pad_token_id` to `eos_token_id`:151645 for open-end generation.
[transformers] Setting `pad_token_id` to `eos_token_id`:151645 for open-end generation.
[transformers] Setting `pad_token_id` to `eos_token_id`:151645 for open-end generation.
[transformers] Setting `pad_token_id` to `eos_token_id`:151645 for open-end generation.
[transformers] Setting `pad_token_id` to `eos_token_id`:151645 for open-end generation.
RQ3 OpenGVLab/InternVL3-8B text_plus_image calls=2750/3600
[transformers] Setting `pad_token_id` to `eos_token_id`:151645 for open-end generation.
[transformers] Setting `pad_token_id` to `eos_token_id`:151645 for open-end generation.
[transformers] Setting `pad_token_id` to `eos_token_id`:151645 for open-end generation.
[transformers] Setting `pad_token_id` to `eos_token_id`:151645 for open-end generation.
[transformers] Setting `pad_token_id` to `eos_token_id`:151645 for open-end generation.
[transformers] Setting `pad_token_id` to `eos_token_id`:151645 for open-end generation.
[transformers] Setting `pad_token_id` to `eos_token_id`:151645 for open-end generation.
[transformers] Setting `pad_token_id` to `eos_token_id`:151645 for open-end generation.
[transformers] Setting `pad_token_id` to `eos_token_id`:151645 for open-end generation.
[transformers] Setting `pad_token_id` to `eos_token_id`:151645 for open-end generation.
[transformers] Setting `pad_token_id` to `eos_token_id`:151645 for open-end generation.
[transformers] Setting `pad_token_id` to `eos_token_id`:151645 for open-end generation.
[transformers] Setting `pad_token_id` to `eos_token_id`:151645 for open-end generation.
[transformers] Setting `pad_token_id` to `eos_token_id`:151645 for open-end generation.
[transformers] Setting `pad_token_id` to `eos_token_id`:151645 for open-end generation.
[transformers] Setting `pad_token_id` to `eos_token_id`:151645 for open-end generation.
[transformers] Setting `pad_token_id` to `eos_token_id`:151645 for open-end generation.
[transformers] Setting `pad_token_id` to `eos_token_id`:151645 for open-end generation.
[transformers] Setting `pad_token_id` to `eos_token_id`:151645 for open-end generation.
[transformers] Setting `pad_token_id` to `eos_token_id`:151645 for open-end generation.
[transformers] Setting `pad_token_id` to `eos_token_id`:151645 for open-end generation.
[transformers] Setting `pad_token_id` to `eos_token_id`:151645 for open-end generation.
[transformers] Setting `pad_token_id` to `eos_token_id`:151645 for open-end generation.
[transformers] Setting `pad_token_id` to `eos_token_id`:151645 for open-end generation.
[transformers] Setting `pad_token_id` to `eos_token_id`:151645 for open-end generation.
RQ3 OpenGVLab/InternVL3-8B text_plus_image calls=2775/3600
[transformers] Setting `pad_token_id` to `eos_token_id`:151645 for open-end generation.
[transformers] Setting `pad_token_id` to `eos_token_id`:151645 for open-end generation.
[transformers] Setting `pad_token_id` to `eos_token_id`:151645 for open-end generation.
[transformers] Setting `pad_token_id` to `eos_token_id`:151645 for open-end generation.
[transformers] Setting `pad_token_id` to `eos_token_id`:151645 for open-end generation.
[transformers] Setting `pad_token_id` to `eos_token_id`:151645 for open-end generation.
[transformers] Setting `pad_token_id` to `eos_token_id`:151645 for open-end generation.
[transformers] Setting `pad_token_id` to `eos_token_id`:151645 for open-end generation.
[transformers] Setting `pad_token_id` to `eos_token_id`:151645 for open-end generation.
[transformers] Setting `pad_token_id` to `eos_token_id`:151645 for open-end generation.
[transformers] Setting `pad_token_id` to `eos_token_id`:151645 for open-end generation.
[transformers] Setting `pad_token_id` to `eos_token_id`:151645 for open-end generation.
[transformers] Setting `pad_token_id` to `eos_token_id`:151645 for open-end generation.
[transformers] Setting `pad_token_id` to `eos_token_id`:151645 for open-end generation.
[transformers] Setting `pad_token_id` to `eos_token_id`:151645 for open-end generation.
[transformers] Setting `pad_token_id` to `eos_token_id`:151645 for open-end generation.
[transformers] Setting `pad_token_id` to `eos_token_id`:151645 for open-end generation.
[transformers] Setting `pad_token_id` to `eos_token_id`:151645 for open-end generation.
[transformers] Setting `pad_token_id` to `eos_token_id`:151645 for open-end generation.
[transformers] Setting `pad_token_id` to `eos_token_id`:151645 for open-end generation.
[transformers] Setting `pad_token_id` to `eos_token_id`:151645 for open-end generation.
[transformers] Setting `pad_token_id` to `eos_token_id`:151645 for open-end generation.
[transformers] Setting `pad_token_id` to `eos_token_id`:151645 for open-end generation.
[transformers] Setting `pad_token_id` to `eos_token_id`:151645 for open-end generation.
[transformers] Setting `pad_token_id` to `eos_token_id`:151645 for open-end generation.
RQ3 OpenGVLab/InternVL3-8B text_plus_image calls=2800/3600
[transformers] Setting `pad_token_id` to `eos_token_id`:151645 for open-end generation.
[transformers] Setting `pad_token_id` to `eos_token_id`:151645 for open-end generation.
[transformers] Setting `pad_token_id` to `eos_token_id`:151645 for open-end generation.
[transformers] Setting `pad_token_id` to `eos_token_id`:151645 for open-end generation.
[transformers] Setting `pad_token_id` to `eos_token_id`:151645 for open-end generation.
[transformers] Setting `pad_token_id` to `eos_token_id`:151645 for open-end generation.
[transformers] Setting `pad_token_id` to `eos_token_id`:151645 for open-end generation.
[transformers] Setting `pad_token_id` to `eos_token_id`:151645 for open-end generation.
[transformers] Setting `pad_token_id` to `eos_token_id`:151645 for open-end generation.
[transformers] Setting `pad_token_id` to `eos_token_id`:151645 for open-end generation.
[transformers] Setting `pad_token_id` to `eos_token_id`:151645 for open-end generation.
[transformers] Setting `pad_token_id` to `eos_token_id`:151645 for open-end generation.
[transformers] Setting `pad_token_id` to `eos_token_id`:151645 for open-end generation.
[transformers] Setting `pad_token_id` to `eos_token_id`:151645 for open-end generation.
[transformers] Setting `pad_token_id` to `eos_token_id`:151645 for open-end generation.
[transformers] Setting `pad_token_id` to `eos_token_id`:151645 for open-end generation.
[transformers] Setting `pad_token_id` to `eos_token_id`:151645 for open-end generation.
[transformers] Setting `pad_token_id` to `eos_token_id`:151645 for open-end generation.
[transformers] Setting `pad_token_id` to `eos_token_id`:151645 for open-end generation.
[transformers] Setting `pad_token_id` to `eos_token_id`:151645 for open-end generation.
[transformers] Setting `pad_token_id` to `eos_token_id`:151645 for open-end generation.
[transformers] Setting `pad_token_id` to `eos_token_id`:151645 for open-end generation.
[transformers] Setting `pad_token_id` to `eos_token_id`:151645 for open-end generation.
[transformers] Setting `pad_token_id` to `eos_token_id`:151645 for open-end generation.
[transformers] Setting `pad_token_id` to `eos_token_id`:151645 for open-end generation.
RQ3 OpenGVLab/InternVL3-8B text_plus_image calls=2825/3600
[transformers] Setting `pad_token_id` to `eos_token_id`:151645 for open-end generation.
[transformers] Setting `pad_token_id` to `eos_token_id`:151645 for open-end generation.
[transformers] Setting `pad_token_id` to `eos_token_id`:151645 for open-end generation.
[transformers] Setting `pad_token_id` to `eos_token_id`:151645 for open-end generation.
[transformers] Setting `pad_token_id` to `eos_token_id`:151645 for open-end generation.
[transformers] Setting `pad_token_id` to `eos_token_id`:151645 for open-end generation.
[transformers] Setting `pad_token_id` to `eos_token_id`:151645 for open-end generation.
[transformers] Setting `pad_token_id` to `eos_token_id`:151645 for open-end generation.
[transformers] Setting `pad_token_id` to `eos_token_id`:151645 for open-end generation.
[transformers] Setting `pad_token_id` to `eos_token_id`:151645 for open-end generation.
[transformers] Setting `pad_token_id` to `eos_token_id`:151645 for open-end generation.
[transformers] Setting `pad_token_id` to `eos_token_id`:151645 for open-end generation.
[transformers] Setting `pad_token_id` to `eos_token_id`:151645 for open-end generation.
[transformers] Setting `pad_token_id` to `eos_token_id`:151645 for open-end generation.
[transformers] Setting `pad_token_id` to `eos_token_id`:151645 for open-end generation.
[transformers] Setting `pad_token_id` to `eos_token_id`:151645 for open-end generation.
[transformers] Setting `pad_token_id` to `eos_token_id`:151645 for open-end generation.
[transformers] Setting `pad_token_id` to `eos_token_id`:151645 for open-end generation.
[transformers] Setting `pad_token_id` to `eos_token_id`:151645 for open-end generation.
[transformers] Setting `pad_token_id` to `eos_token_id`:151645 for open-end generation.
[transformers] Setting `pad_token_id` to `eos_token_id`:151645 for open-end generation.
[transformers] Setting `pad_token_id` to `eos_token_id`:151645 for open-end generation.
[transformers] Setting `pad_token_id` to `eos_token_id`:151645 for open-end generation.
[transformers] Setting `pad_token_id` to `eos_token_id`:151645 for open-end generation.
[transformers] Setting `pad_token_id` to `eos_token_id`:151645 for open-end generation.
RQ3 OpenGVLab/InternVL3-8B text_plus_image calls=2850/3600
[transformers] Setting `pad_token_id` to `eos_token_id`:151645 for open-end generation.
[transformers] Setting `pad_token_id` to `eos_token_id`:151645 for open-end generation.
[transformers] Setting `pad_token_id` to `eos_token_id`:151645 for open-end generation.
[transformers] Setting `pad_token_id` to `eos_token_id`:151645 for open-end generation.
[transformers] Setting `pad_token_id` to `eos_token_id`:151645 for open-end generation.
[transformers] Setting `pad_token_id` to `eos_token_id`:151645 for open-end generation.
[transformers] Setting `pad_token_id` to `eos_token_id`:151645 for open-end generation.
[transformers] Setting `pad_token_id` to `eos_token_id`:151645 for open-end generation.
[transformers] Setting `pad_token_id` to `eos_token_id`:151645 for open-end generation.
[transformers] Setting `pad_token_id` to `eos_token_id`:151645 for open-end generation.
[transformers] Setting `pad_token_id` to `eos_token_id`:151645 for open-end generation.
[transformers] Setting `pad_token_id` to `eos_token_id`:151645 for open-end generation.
[transformers] Setting `pad_token_id` to `eos_token_id`:151645 for open-end generation.
[transformers] Setting `pad_token_id` to `eos_token_id`:151645 for open-end generation.
[transformers] Setting `pad_token_id` to `eos_token_id`:151645 for open-end generation.
[transformers] Setting `pad_token_id` to `eos_token_id`:151645 for open-end generation.
[transformers] Setting `pad_token_id` to `eos_token_id`:151645 for open-end generation.
[transformers] Setting `pad_token_id` to `eos_token_id`:151645 for open-end generation.
[transformers] Setting `pad_token_id` to `eos_token_id`:151645 for open-end generation.
[transformers] Setting `pad_token_id` to `eos_token_id`:151645 for open-end generation.
[transformers] Setting `pad_token_id` to `eos_token_id`:151645 for open-end generation.
[transformers] Setting `pad_token_id` to `eos_token_id`:151645 for open-end generation.
[transformers] Setting `pad_token_id` to `eos_token_id`:151645 for open-end generation.
[transformers] Setting `pad_token_id` to `eos_token_id`:151645 for open-end generation.
[transformers] Setting `pad_token_id` to `eos_token_id`:151645 for open-end generation.
RQ3 OpenGVLab/InternVL3-8B text_plus_image calls=2875/3600
[transformers] Setting `pad_token_id` to `eos_token_id`:151645 for open-end generation.
[transformers] Setting `pad_token_id` to `eos_token_id`:151645 for open-end generation.
[transformers] Setting `pad_token_id` to `eos_token_id`:151645 for open-end generation.
[transformers] Setting `pad_token_id` to `eos_token_id`:151645 for open-end generation.
[transformers] Setting `pad_token_id` to `eos_token_id`:151645 for open-end generation.
[transformers] Setting `pad_token_id` to `eos_token_id`:151645 for open-end generation.
[transformers] Setting `pad_token_id` to `eos_token_id`:151645 for open-end generation.
[transformers] Setting `pad_token_id` to `eos_token_id`:151645 for open-end generation.
[transformers] Setting `pad_token_id` to `eos_token_id`:151645 for open-end generation.
[transformers] Setting `pad_token_id` to `eos_token_id`:151645 for open-end generation.
[transformers] Setting `pad_token_id` to `eos_token_id`:151645 for open-end generation.
[transformers] Setting `pad_token_id` to `eos_token_id`:151645 for open-end generation.
[transformers] Setting `pad_token_id` to `eos_token_id`:151645 for open-end generation.
[transformers] Setting `pad_token_id` to `eos_token_id`:151645 for open-end generation.
[transformers] Setting `pad_token_id` to `eos_token_id`:151645 for open-end generation.
[transformers] Setting `pad_token_id` to `eos_token_id`:151645 for open-end generation.
[transformers] Setting `pad_token_id` to `eos_token_id`:151645 for open-end generation.
[transformers] Setting `pad_token_id` to `eos_token_id`:151645 for open-end generation.
[transformers] Setting `pad_token_id` to `eos_token_id`:151645 for open-end generation.
[transformers] Setting `pad_token_id` to `eos_token_id`:151645 for open-end generation.
[transformers] Setting `pad_token_id` to `eos_token_id`:151645 for open-end generation.
[transformers] Setting `pad_token_id` to `eos_token_id`:151645 for open-end generation.
[transformers] Setting `pad_token_id` to `eos_token_id`:151645 for open-end generation.
[transformers] Setting `pad_token_id` to `eos_token_id`:151645 for open-end generation.
[transformers] Setting `pad_token_id` to `eos_token_id`:151645 for open-end generation.
RQ3 OpenGVLab/InternVL3-8B text_plus_image calls=2900/3600
[transformers] Setting `pad_token_id` to `eos_token_id`:151645 for open-end generation.
[transformers] Setting `pad_token_id` to `eos_token_id`:151645 for open-end generation.
[transformers] Setting `pad_token_id` to `eos_token_id`:151645 for open-end generation.
[transformers] Setting `pad_token_id` to `eos_token_id`:151645 for open-end generation.
[transformers] Setting `pad_token_id` to `eos_token_id`:151645 for open-end generation.
[transformers] Setting `pad_token_id` to `eos_token_id`:151645 for open-end generation.
[transformers] Setting `pad_token_id` to `eos_token_id`:151645 for open-end generation.
[transformers] Setting `pad_token_id` to `eos_token_id`:151645 for open-end generation.
[transformers] Setting `pad_token_id` to `eos_token_id`:151645 for open-end generation.
[transformers] Setting `pad_token_id` to `eos_token_id`:151645 for open-end generation.
[transformers] Setting `pad_token_id` to `eos_token_id`:151645 for open-end generation.
[transformers] Setting `pad_token_id` to `eos_token_id`:151645 for open-end generation.
[transformers] Setting `pad_token_id` to `eos_token_id`:151645 for open-end generation.
[transformers] Setting `pad_token_id` to `eos_token_id`:151645 for open-end generation.
[transformers] Setting `pad_token_id` to `eos_token_id`:151645 for open-end generation.
[transformers] Setting `pad_token_id` to `eos_token_id`:151645 for open-end generation.
[transformers] Setting `pad_token_id` to `eos_token_id`:151645 for open-end generation.
[transformers] Setting `pad_token_id` to `eos_token_id`:151645 for open-end generation.
[transformers] Setting `pad_token_id` to `eos_token_id`:151645 for open-end generation.
[transformers] Setting `pad_token_id` to `eos_token_id`:151645 for open-end generation.
[transformers] Setting `pad_token_id` to `eos_token_id`:151645 for open-end generation.
[transformers] Setting `pad_token_id` to `eos_token_id`:151645 for open-end generation.
[transformers] Setting `pad_token_id` to `eos_token_id`:151645 for open-end generation.
[transformers] Setting `pad_token_id` to `eos_token_id`:151645 for open-end generation.
[transformers] Setting `pad_token_id` to `eos_token_id`:151645 for open-end generation.
RQ3 OpenGVLab/InternVL3-8B text_plus_image calls=2925/3600
[transformers] Setting `pad_token_id` to `eos_token_id`:151645 for open-end generation.
[transformers] Setting `pad_token_id` to `eos_token_id`:151645 for open-end generation.
[transformers] Setting `pad_token_id` to `eos_token_id`:151645 for open-end generation.
[transformers] Setting `pad_token_id` to `eos_token_id`:151645 for open-end generation.
[transformers] Setting `pad_token_id` to `eos_token_id`:151645 for open-end generation.
[transformers] Setting `pad_token_id` to `eos_token_id`:151645 for open-end generation.
[transformers] Setting `pad_token_id` to `eos_token_id`:151645 for open-end generation.
[transformers] Setting `pad_token_id` to `eos_token_id`:151645 for open-end generation.
[transformers] Setting `pad_token_id` to `eos_token_id`:151645 for open-end generation.
[transformers] Setting `pad_token_id` to `eos_token_id`:151645 for open-end generation.
[transformers] Setting `pad_token_id` to `eos_token_id`:151645 for open-end generation.
[transformers] Setting `pad_token_id` to `eos_token_id`:151645 for open-end generation.
[transformers] Setting `pad_token_id` to `eos_token_id`:151645 for open-end generation.
[transformers] Setting `pad_token_id` to `eos_token_id`:151645 for open-end generation.
[transformers] Setting `pad_token_id` to `eos_token_id`:151645 for open-end generation.
[transformers] Setting `pad_token_id` to `eos_token_id`:151645 for open-end generation.
[transformers] Setting `pad_token_id` to `eos_token_id`:151645 for open-end generation.
[transformers] Setting `pad_token_id` to `eos_token_id`:151645 for open-end generation.
[transformers] Setting `pad_token_id` to `eos_token_id`:151645 for open-end generation.
[transformers] Setting `pad_token_id` to `eos_token_id`:151645 for open-end generation.
[transformers] Setting `pad_token_id` to `eos_token_id`:151645 for open-end generation.
[transformers] Setting `pad_token_id` to `eos_token_id`:151645 for open-end generation.
[transformers] Setting `pad_token_id` to `eos_token_id`:151645 for open-end generation.
[transformers] Setting `pad_token_id` to `eos_token_id`:151645 for open-end generation.
[transformers] Setting `pad_token_id` to `eos_token_id`:151645 for open-end generation.
RQ3 OpenGVLab/InternVL3-8B text_plus_image calls=2950/3600
[transformers] Setting `pad_token_id` to `eos_token_id`:151645 for open-end generation.
[transformers] Setting `pad_token_id` to `eos_token_id`:151645 for open-end generation.
[transformers] Setting `pad_token_id` to `eos_token_id`:151645 for open-end generation.
[transformers] Setting `pad_token_id` to `eos_token_id`:151645 for open-end generation.
[transformers] Setting `pad_token_id` to `eos_token_id`:151645 for open-end generation.
[transformers] Setting `pad_token_id` to `eos_token_id`:151645 for open-end generation.
[transformers] Setting `pad_token_id` to `eos_token_id`:151645 for open-end generation.
[transformers] Setting `pad_token_id` to `eos_token_id`:151645 for open-end generation.
[transformers] Setting `pad_token_id` to `eos_token_id`:151645 for open-end generation.
[transformers] Setting `pad_token_id` to `eos_token_id`:151645 for open-end generation.
[transformers] Setting `pad_token_id` to `eos_token_id`:151645 for open-end generation.
[transformers] Setting `pad_token_id` to `eos_token_id`:151645 for open-end generation.
[transformers] Setting `pad_token_id` to `eos_token_id`:151645 for open-end generation.
[transformers] Setting `pad_token_id` to `eos_token_id`:151645 for open-end generation.
[transformers] Setting `pad_token_id` to `eos_token_id`:151645 for open-end generation.
[transformers] Setting `pad_token_id` to `eos_token_id`:151645 for open-end generation.
[transformers] Setting `pad_token_id` to `eos_token_id`:151645 for open-end generation.
[transformers] Setting `pad_token_id` to `eos_token_id`:151645 for open-end generation.
[transformers] Setting `pad_token_id` to `eos_token_id`:151645 for open-end generation.
[transformers] Setting `pad_token_id` to `eos_token_id`:151645 for open-end generation.
[transformers] Setting `pad_token_id` to `eos_token_id`:151645 for open-end generation.
[transformers] Setting `pad_token_id` to `eos_token_id`:151645 for open-end generation.
[transformers] Setting `pad_token_id` to `eos_token_id`:151645 for open-end generation.
[transformers] Setting `pad_token_id` to `eos_token_id`:151645 for open-end generation.
[transformers] Setting `pad_token_id` to `eos_token_id`:151645 for open-end generation.
RQ3 OpenGVLab/InternVL3-8B text_plus_image calls=2975/3600
[transformers] Setting `pad_token_id` to `eos_token_id`:151645 for open-end generation.
[transformers] Setting `pad_token_id` to `eos_token_id`:151645 for open-end generation.
[transformers] Setting `pad_token_id` to `eos_token_id`:151645 for open-end generation.
[transformers] Setting `pad_token_id` to `eos_token_id`:151645 for open-end generation.
[transformers] Setting `pad_token_id` to `eos_token_id`:151645 for open-end generation.
[transformers] Setting `pad_token_id` to `eos_token_id`:151645 for open-end generation.
[transformers] Setting `pad_token_id` to `eos_token_id`:151645 for open-end generation.
[transformers] Setting `pad_token_id` to `eos_token_id`:151645 for open-end generation.
[transformers] Setting `pad_token_id` to `eos_token_id`:151645 for open-end generation.
[transformers] Setting `pad_token_id` to `eos_token_id`:151645 for open-end generation.
[transformers] Setting `pad_token_id` to `eos_token_id`:151645 for open-end generation.
[transformers] Setting `pad_token_id` to `eos_token_id`:151645 for open-end generation.
[transformers] Setting `pad_token_id` to `eos_token_id`:151645 for open-end generation.
[transformers] Setting `pad_token_id` to `eos_token_id`:151645 for open-end generation.
[transformers] Setting `pad_token_id` to `eos_token_id`:151645 for open-end generation.
[transformers] Setting `pad_token_id` to `eos_token_id`:151645 for open-end generation.
[transformers] Setting `pad_token_id` to `eos_token_id`:151645 for open-end generation.
[transformers] Setting `pad_token_id` to `eos_token_id`:151645 for open-end generation.
[transformers] Setting `pad_token_id` to `eos_token_id`:151645 for open-end generation.
[transformers] Setting `pad_token_id` to `eos_token_id`:151645 for open-end generation.
[transformers] Setting `pad_token_id` to `eos_token_id`:151645 for open-end generation.
[transformers] Setting `pad_token_id` to `eos_token_id`:151645 for open-end generation.
[transformers] Setting `pad_token_id` to `eos_token_id`:151645 for open-end generation.
[transformers] Setting `pad_token_id` to `eos_token_id`:151645 for open-end generation.
[transformers] Setting `pad_token_id` to `eos_token_id`:151645 for open-end generation.
RQ3 OpenGVLab/InternVL3-8B text_plus_image calls=3000/3600
[transformers] Setting `pad_token_id` to `eos_token_id`:151645 for open-end generation.
[transformers] Setting `pad_token_id` to `eos_token_id`:151645 for open-end generation.
[transformers] Setting `pad_token_id` to `eos_token_id`:151645 for open-end generation.
[transformers] Setting `pad_token_id` to `eos_token_id`:151645 for open-end generation.
[transformers] Setting `pad_token_id` to `eos_token_id`:151645 for open-end generation.
[transformers] Setting `pad_token_id` to `eos_token_id`:151645 for open-end generation.
[transformers] Setting `pad_token_id` to `eos_token_id`:151645 for open-end generation.
[transformers] Setting `pad_token_id` to `eos_token_id`:151645 for open-end generation.
[transformers] Setting `pad_token_id` to `eos_token_id`:151645 for open-end generation.
[transformers] Setting `pad_token_id` to `eos_token_id`:151645 for open-end generation.
[transformers] Setting `pad_token_id` to `eos_token_id`:151645 for open-end generation.
[transformers] Setting `pad_token_id` to `eos_token_id`:151645 for open-end generation.
[transformers] Setting `pad_token_id` to `eos_token_id`:151645 for open-end generation.
[transformers] Setting `pad_token_id` to `eos_token_id`:151645 for open-end generation.
[transformers] Setting `pad_token_id` to `eos_token_id`:151645 for open-end generation.
[transformers] Setting `pad_token_id` to `eos_token_id`:151645 for open-end generation.
[transformers] Setting `pad_token_id` to `eos_token_id`:151645 for open-end generation.
[transformers] Setting `pad_token_id` to `eos_token_id`:151645 for open-end generation.
[transformers] Setting `pad_token_id` to `eos_token_id`:151645 for open-end generation.
[transformers] Setting `pad_token_id` to `eos_token_id`:151645 for open-end generation.
[transformers] Setting `pad_token_id` to `eos_token_id`:151645 for open-end generation.
[transformers] Setting `pad_token_id` to `eos_token_id`:151645 for open-end generation.
[transformers] Setting `pad_token_id` to `eos_token_id`:151645 for open-end generation.
[transformers] Setting `pad_token_id` to `eos_token_id`:151645 for open-end generation.
[transformers] Setting `pad_token_id` to `eos_token_id`:151645 for open-end generation.
RQ3 OpenGVLab/InternVL3-8B text_plus_image calls=3025/3600
[transformers] Setting `pad_token_id` to `eos_token_id`:151645 for open-end generation.
[transformers] Setting `pad_token_id` to `eos_token_id`:151645 for open-end generation.
[transformers] Setting `pad_token_id` to `eos_token_id`:151645 for open-end generation.
[transformers] Setting `pad_token_id` to `eos_token_id`:151645 for open-end generation.
[transformers] Setting `pad_token_id` to `eos_token_id`:151645 for open-end generation.
[transformers] Setting `pad_token_id` to `eos_token_id`:151645 for open-end generation.
[transformers] Setting `pad_token_id` to `eos_token_id`:151645 for open-end generation.
[transformers] Setting `pad_token_id` to `eos_token_id`:151645 for open-end generation.
[transformers] Setting `pad_token_id` to `eos_token_id`:151645 for open-end generation.
[transformers] Setting `pad_token_id` to `eos_token_id`:151645 for open-end generation.
[transformers] Setting `pad_token_id` to `eos_token_id`:151645 for open-end generation.
[transformers] Setting `pad_token_id` to `eos_token_id`:151645 for open-end generation.
[transformers] Setting `pad_token_id` to `eos_token_id`:151645 for open-end generation.
[transformers] Setting `pad_token_id` to `eos_token_id`:151645 for open-end generation.
[transformers] Setting `pad_token_id` to `eos_token_id`:151645 for open-end generation.
[transformers] Setting `pad_token_id` to `eos_token_id`:151645 for open-end generation.
[transformers] Setting `pad_token_id` to `eos_token_id`:151645 for open-end generation.
[transformers] Setting `pad_token_id` to `eos_token_id`:151645 for open-end generation.
[transformers] Setting `pad_token_id` to `eos_token_id`:151645 for open-end generation.
[transformers] Setting `pad_token_id` to `eos_token_id`:151645 for open-end generation.
[transformers] Setting `pad_token_id` to `eos_token_id`:151645 for open-end generation.
[transformers] Setting `pad_token_id` to `eos_token_id`:151645 for open-end generation.
[transformers] Setting `pad_token_id` to `eos_token_id`:151645 for open-end generation.
[transformers] Setting `pad_token_id` to `eos_token_id`:151645 for open-end generation.
[transformers] Setting `pad_token_id` to `eos_token_id`:151645 for open-end generation.
RQ3 OpenGVLab/InternVL3-8B text_plus_image calls=3050/3600
[transformers] Setting `pad_token_id` to `eos_token_id`:151645 for open-end generation.
[transformers] Setting `pad_token_id` to `eos_token_id`:151645 for open-end generation.
[transformers] Setting `pad_token_id` to `eos_token_id`:151645 for open-end generation.
[transformers] Setting `pad_token_id` to `eos_token_id`:151645 for open-end generation.
[transformers] Setting `pad_token_id` to `eos_token_id`:151645 for open-end generation.
[transformers] Setting `pad_token_id` to `eos_token_id`:151645 for open-end generation.
[transformers] Setting `pad_token_id` to `eos_token_id`:151645 for open-end generation.
[transformers] Setting `pad_token_id` to `eos_token_id`:151645 for open-end generation.
[transformers] Setting `pad_token_id` to `eos_token_id`:151645 for open-end generation.
[transformers] Setting `pad_token_id` to `eos_token_id`:151645 for open-end generation.
[transformers] Setting `pad_token_id` to `eos_token_id`:151645 for open-end generation.
[transformers] Setting `pad_token_id` to `eos_token_id`:151645 for open-end generation.
[transformers] Setting `pad_token_id` to `eos_token_id`:151645 for open-end generation.
[transformers] Setting `pad_token_id` to `eos_token_id`:151645 for open-end generation.
[transformers] Setting `pad_token_id` to `eos_token_id`:151645 for open-end generation.
[transformers] Setting `pad_token_id` to `eos_token_id`:151645 for open-end generation.
[transformers] Setting `pad_token_id` to `eos_token_id`:151645 for open-end generation.
[transformers] Setting `pad_token_id` to `eos_token_id`:151645 for open-end generation.
[transformers] Setting `pad_token_id` to `eos_token_id`:151645 for open-end generation.
[transformers] Setting `pad_token_id` to `eos_token_id`:151645 for open-end generation.
[transformers] Setting `pad_token_id` to `eos_token_id`:151645 for open-end generation.
[transformers] Setting `pad_token_id` to `eos_token_id`:151645 for open-end generation.
[transformers] Setting `pad_token_id` to `eos_token_id`:151645 for open-end generation.
[transformers] Setting `pad_token_id` to `eos_token_id`:151645 for open-end generation.
[transformers] Setting `pad_token_id` to `eos_token_id`:151645 for open-end generation.
RQ3 OpenGVLab/InternVL3-8B text_plus_image calls=3075/3600
[transformers] Setting `pad_token_id` to `eos_token_id`:151645 for open-end generation.
[transformers] Setting `pad_token_id` to `eos_token_id`:151645 for open-end generation.
[transformers] Setting `pad_token_id` to `eos_token_id`:151645 for open-end generation.
[transformers] Setting `pad_token_id` to `eos_token_id`:151645 for open-end generation.
[transformers] Setting `pad_token_id` to `eos_token_id`:151645 for open-end generation.
[transformers] Setting `pad_token_id` to `eos_token_id`:151645 for open-end generation.
[transformers] Setting `pad_token_id` to `eos_token_id`:151645 for open-end generation.
[transformers] Setting `pad_token_id` to `eos_token_id`:151645 for open-end generation.
[transformers] Setting `pad_token_id` to `eos_token_id`:151645 for open-end generation.
[transformers] Setting `pad_token_id` to `eos_token_id`:151645 for open-end generation.
[transformers] Setting `pad_token_id` to `eos_token_id`:151645 for open-end generation.
[transformers] Setting `pad_token_id` to `eos_token_id`:151645 for open-end generation.
[transformers] Setting `pad_token_id` to `eos_token_id`:151645 for open-end generation.
[transformers] Setting `pad_token_id` to `eos_token_id`:151645 for open-end generation.
[transformers] Setting `pad_token_id` to `eos_token_id`:151645 for open-end generation.
[transformers] Setting `pad_token_id` to `eos_token_id`:151645 for open-end generation.
[transformers] Setting `pad_token_id` to `eos_token_id`:151645 for open-end generation.
[transformers] Setting `pad_token_id` to `eos_token_id`:151645 for open-end generation.
[transformers] Setting `pad_token_id` to `eos_token_id`:151645 for open-end generation.
[transformers] Setting `pad_token_id` to `eos_token_id`:151645 for open-end generation.
[transformers] Setting `pad_token_id` to `eos_token_id`:151645 for open-end generation.
[transformers] Setting `pad_token_id` to `eos_token_id`:151645 for open-end generation.
[transformers] Setting `pad_token_id` to `eos_token_id`:151645 for open-end generation.
[transformers] Setting `pad_token_id` to `eos_token_id`:151645 for open-end generation.
[transformers] Setting `pad_token_id` to `eos_token_id`:151645 for open-end generation.
RQ3 OpenGVLab/InternVL3-8B text_plus_image calls=3100/3600
[transformers] Setting `pad_token_id` to `eos_token_id`:151645 for open-end generation.
[transformers] Setting `pad_token_id` to `eos_token_id`:151645 for open-end generation.
[transformers] Setting `pad_token_id` to `eos_token_id`:151645 for open-end generation.
[transformers] Setting `pad_token_id` to `eos_token_id`:151645 for open-end generation.
[transformers] Setting `pad_token_id` to `eos_token_id`:151645 for open-end generation.
[transformers] Setting `pad_token_id` to `eos_token_id`:151645 for open-end generation.
[transformers] Setting `pad_token_id` to `eos_token_id`:151645 for open-end generation.
[transformers] Setting `pad_token_id` to `eos_token_id`:151645 for open-end generation.
[transformers] Setting `pad_token_id` to `eos_token_id`:151645 for open-end generation.
[transformers] Setting `pad_token_id` to `eos_token_id`:151645 for open-end generation.
[transformers] Setting `pad_token_id` to `eos_token_id`:151645 for open-end generation.
[transformers] Setting `pad_token_id` to `eos_token_id`:151645 for open-end generation.
[transformers] Setting `pad_token_id` to `eos_token_id`:151645 for open-end generation.
[transformers] Setting `pad_token_id` to `eos_token_id`:151645 for open-end generation.
[transformers] Setting `pad_token_id` to `eos_token_id`:151645 for open-end generation.
[transformers] Setting `pad_token_id` to `eos_token_id`:151645 for open-end generation.
[transformers] Setting `pad_token_id` to `eos_token_id`:151645 for open-end generation.
[transformers] Setting `pad_token_id` to `eos_token_id`:151645 for open-end generation.
[transformers] Setting `pad_token_id` to `eos_token_id`:151645 for open-end generation.
[transformers] Setting `pad_token_id` to `eos_token_id`:151645 for open-end generation.
[transformers] Setting `pad_token_id` to `eos_token_id`:151645 for open-end generation.
[transformers] Setting `pad_token_id` to `eos_token_id`:151645 for open-end generation.
[transformers] Setting `pad_token_id` to `eos_token_id`:151645 for open-end generation.
[transformers] Setting `pad_token_id` to `eos_token_id`:151645 for open-end generation.
[transformers] Setting `pad_token_id` to `eos_token_id`:151645 for open-end generation.
RQ3 OpenGVLab/InternVL3-8B text_plus_image calls=3125/3600
[transformers] Setting `pad_token_id` to `eos_token_id`:151645 for open-end generation.
[transformers] Setting `pad_token_id` to `eos_token_id`:151645 for open-end generation.
[transformers] Setting `pad_token_id` to `eos_token_id`:151645 for open-end generation.
[transformers] Setting `pad_token_id` to `eos_token_id`:151645 for open-end generation.
[transformers] Setting `pad_token_id` to `eos_token_id`:151645 for open-end generation.
[transformers] Setting `pad_token_id` to `eos_token_id`:151645 for open-end generation.
[transformers] Setting `pad_token_id` to `eos_token_id`:151645 for open-end generation.
[transformers] Setting `pad_token_id` to `eos_token_id`:151645 for open-end generation.
[transformers] Setting `pad_token_id` to `eos_token_id`:151645 for open-end generation.
[transformers] Setting `pad_token_id` to `eos_token_id`:151645 for open-end generation.
[transformers] Setting `pad_token_id` to `eos_token_id`:151645 for open-end generation.
[transformers] Setting `pad_token_id` to `eos_token_id`:151645 for open-end generation.
[transformers] Setting `pad_token_id` to `eos_token_id`:151645 for open-end generation.
[transformers] Setting `pad_token_id` to `eos_token_id`:151645 for open-end generation.
[transformers] Setting `pad_token_id` to `eos_token_id`:151645 for open-end generation.
[transformers] Setting `pad_token_id` to `eos_token_id`:151645 for open-end generation.
[transformers] Setting `pad_token_id` to `eos_token_id`:151645 for open-end generation.
[transformers] Setting `pad_token_id` to `eos_token_id`:151645 for open-end generation.
[transformers] Setting `pad_token_id` to `eos_token_id`:151645 for open-end generation.
[transformers] Setting `pad_token_id` to `eos_token_id`:151645 for open-end generation.
[transformers] Setting `pad_token_id` to `eos_token_id`:151645 for open-end generation.
[transformers] Setting `pad_token_id` to `eos_token_id`:151645 for open-end generation.
[transformers] Setting `pad_token_id` to `eos_token_id`:151645 for open-end generation.
[transformers] Setting `pad_token_id` to `eos_token_id`:151645 for open-end generation.
[transformers] Setting `pad_token_id` to `eos_token_id`:151645 for open-end generation.
RQ3 OpenGVLab/InternVL3-8B text_plus_image calls=3150/3600
[transformers] Setting `pad_token_id` to `eos_token_id`:151645 for open-end generation.
[transformers] Setting `pad_token_id` to `eos_token_id`:151645 for open-end generation.
[transformers] Setting `pad_token_id` to `eos_token_id`:151645 for open-end generation.
[transformers] Setting `pad_token_id` to `eos_token_id`:151645 for open-end generation.
[transformers] Setting `pad_token_id` to `eos_token_id`:151645 for open-end generation.
[transformers] Setting `pad_token_id` to `eos_token_id`:151645 for open-end generation.
[transformers] Setting `pad_token_id` to `eos_token_id`:151645 for open-end generation.
[transformers] Setting `pad_token_id` to `eos_token_id`:151645 for open-end generation.
[transformers] Setting `pad_token_id` to `eos_token_id`:151645 for open-end generation.
[transformers] Setting `pad_token_id` to `eos_token_id`:151645 for open-end generation.
[transformers] Setting `pad_token_id` to `eos_token_id`:151645 for open-end generation.
[transformers] Setting `pad_token_id` to `eos_token_id`:151645 for open-end generation.
[transformers] Setting `pad_token_id` to `eos_token_id`:151645 for open-end generation.
[transformers] Setting `pad_token_id` to `eos_token_id`:151645 for open-end generation.
[transformers] Setting `pad_token_id` to `eos_token_id`:151645 for open-end generation.
[transformers] Setting `pad_token_id` to `eos_token_id`:151645 for open-end generation.
[transformers] Setting `pad_token_id` to `eos_token_id`:151645 for open-end generation.
[transformers] Setting `pad_token_id` to `eos_token_id`:151645 for open-end generation.
[transformers] Setting `pad_token_id` to `eos_token_id`:151645 for open-end generation.
[transformers] Setting `pad_token_id` to `eos_token_id`:151645 for open-end generation.
[transformers] Setting `pad_token_id` to `eos_token_id`:151645 for open-end generation.
[transformers] Setting `pad_token_id` to `eos_token_id`:151645 for open-end generation.
[transformers] Setting `pad_token_id` to `eos_token_id`:151645 for open-end generation.
[transformers] Setting `pad_token_id` to `eos_token_id`:151645 for open-end generation.
[transformers] Setting `pad_token_id` to `eos_token_id`:151645 for open-end generation.
RQ3 OpenGVLab/InternVL3-8B text_plus_image calls=3175/3600
[transformers] Setting `pad_token_id` to `eos_token_id`:151645 for open-end generation.
[transformers] Setting `pad_token_id` to `eos_token_id`:151645 for open-end generation.
[transformers] Setting `pad_token_id` to `eos_token_id`:151645 for open-end generation.
[transformers] Setting `pad_token_id` to `eos_token_id`:151645 for open-end generation.
[transformers] Setting `pad_token_id` to `eos_token_id`:151645 for open-end generation.
[transformers] Setting `pad_token_id` to `eos_token_id`:151645 for open-end generation.
[transformers] Setting `pad_token_id` to `eos_token_id`:151645 for open-end generation.
[transformers] Setting `pad_token_id` to `eos_token_id`:151645 for open-end generation.
[transformers] Setting `pad_token_id` to `eos_token_id`:151645 for open-end generation.
[transformers] Setting `pad_token_id` to `eos_token_id`:151645 for open-end generation.
[transformers] Setting `pad_token_id` to `eos_token_id`:151645 for open-end generation.
[transformers] Setting `pad_token_id` to `eos_token_id`:151645 for open-end generation.
[transformers] Setting `pad_token_id` to `eos_token_id`:151645 for open-end generation.
[transformers] Setting `pad_token_id` to `eos_token_id`:151645 for open-end generation.
[transformers] Setting `pad_token_id` to `eos_token_id`:151645 for open-end generation.
[transformers] Setting `pad_token_id` to `eos_token_id`:151645 for open-end generation.
[transformers] Setting `pad_token_id` to `eos_token_id`:151645 for open-end generation.
[transformers] Setting `pad_token_id` to `eos_token_id`:151645 for open-end generation.
[transformers] Setting `pad_token_id` to `eos_token_id`:151645 for open-end generation.
[transformers] Setting `pad_token_id` to `eos_token_id`:151645 for open-end generation.
[transformers] Setting `pad_token_id` to `eos_token_id`:151645 for open-end generation.
[transformers] Setting `pad_token_id` to `eos_token_id`:151645 for open-end generation.
[transformers] Setting `pad_token_id` to `eos_token_id`:151645 for open-end generation.
[transformers] Setting `pad_token_id` to `eos_token_id`:151645 for open-end generation.
[transformers] Setting `pad_token_id` to `eos_token_id`:151645 for open-end generation.
RQ3 OpenGVLab/InternVL3-8B text_plus_image calls=3200/3600
[transformers] Setting `pad_token_id` to `eos_token_id`:151645 for open-end generation.
[transformers] Setting `pad_token_id` to `eos_token_id`:151645 for open-end generation.
[transformers] Setting `pad_token_id` to `eos_token_id`:151645 for open-end generation.
[transformers] Setting `pad_token_id` to `eos_token_id`:151645 for open-end generation.
[transformers] Setting `pad_token_id` to `eos_token_id`:151645 for open-end generation.
[transformers] Setting `pad_token_id` to `eos_token_id`:151645 for open-end generation.
[transformers] Setting `pad_token_id` to `eos_token_id`:151645 for open-end generation.
[transformers] Setting `pad_token_id` to `eos_token_id`:151645 for open-end generation.
[transformers] Setting `pad_token_id` to `eos_token_id`:151645 for open-end generation.
[transformers] Setting `pad_token_id` to `eos_token_id`:151645 for open-end generation.
[transformers] Setting `pad_token_id` to `eos_token_id`:151645 for open-end generation.
[transformers] Setting `pad_token_id` to `eos_token_id`:151645 for open-end generation.
[transformers] Setting `pad_token_id` to `eos_token_id`:151645 for open-end generation.
[transformers] Setting `pad_token_id` to `eos_token_id`:151645 for open-end generation.
[transformers] Setting `pad_token_id` to `eos_token_id`:151645 for open-end generation.
[transformers] Setting `pad_token_id` to `eos_token_id`:151645 for open-end generation.
[transformers] Setting `pad_token_id` to `eos_token_id`:151645 for open-end generation.
[transformers] Setting `pad_token_id` to `eos_token_id`:151645 for open-end generation.
[transformers] Setting `pad_token_id` to `eos_token_id`:151645 for open-end generation.
[transformers] Setting `pad_token_id` to `eos_token_id`:151645 for open-end generation.
[transformers] Setting `pad_token_id` to `eos_token_id`:151645 for open-end generation.
[transformers] Setting `pad_token_id` to `eos_token_id`:151645 for open-end generation.
[transformers] Setting `pad_token_id` to `eos_token_id`:151645 for open-end generation.
[transformers] Setting `pad_token_id` to `eos_token_id`:151645 for open-end generation.
[transformers] Setting `pad_token_id` to `eos_token_id`:151645 for open-end generation.
RQ3 OpenGVLab/InternVL3-8B text_plus_image calls=3225/3600
[transformers] Setting `pad_token_id` to `eos_token_id`:151645 for open-end generation.
[transformers] Setting `pad_token_id` to `eos_token_id`:151645 for open-end generation.
[transformers] Setting `pad_token_id` to `eos_token_id`:151645 for open-end generation.
[transformers] Setting `pad_token_id` to `eos_token_id`:151645 for open-end generation.
[transformers] Setting `pad_token_id` to `eos_token_id`:151645 for open-end generation.
[transformers] Setting `pad_token_id` to `eos_token_id`:151645 for open-end generation.
[transformers] Setting `pad_token_id` to `eos_token_id`:151645 for open-end generation.
[transformers] Setting `pad_token_id` to `eos_token_id`:151645 for open-end generation.
[transformers] Setting `pad_token_id` to `eos_token_id`:151645 for open-end generation.
[transformers] Setting `pad_token_id` to `eos_token_id`:151645 for open-end generation.
[transformers] Setting `pad_token_id` to `eos_token_id`:151645 for open-end generation.
[transformers] Setting `pad_token_id` to `eos_token_id`:151645 for open-end generation.
[transformers] Setting `pad_token_id` to `eos_token_id`:151645 for open-end generation.
[transformers] Setting `pad_token_id` to `eos_token_id`:151645 for open-end generation.
[transformers] Setting `pad_token_id` to `eos_token_id`:151645 for open-end generation.
[transformers] Setting `pad_token_id` to `eos_token_id`:151645 for open-end generation.
[transformers] Setting `pad_token_id` to `eos_token_id`:151645 for open-end generation.
[transformers] Setting `pad_token_id` to `eos_token_id`:151645 for open-end generation.
[transformers] Setting `pad_token_id` to `eos_token_id`:151645 for open-end generation.
[transformers] Setting `pad_token_id` to `eos_token_id`:151645 for open-end generation.
[transformers] Setting `pad_token_id` to `eos_token_id`:151645 for open-end generation.
[transformers] Setting `pad_token_id` to `eos_token_id`:151645 for open-end generation.
[transformers] Setting `pad_token_id` to `eos_token_id`:151645 for open-end generation.
[transformers] Setting `pad_token_id` to `eos_token_id`:151645 for open-end generation.
[transformers] Setting `pad_token_id` to `eos_token_id`:151645 for open-end generation.
RQ3 OpenGVLab/InternVL3-8B text_plus_image calls=3250/3600
[transformers] Setting `pad_token_id` to `eos_token_id`:151645 for open-end generation.
[transformers] Setting `pad_token_id` to `eos_token_id`:151645 for open-end generation.
[transformers] Setting `pad_token_id` to `eos_token_id`:151645 for open-end generation.
[transformers] Setting `pad_token_id` to `eos_token_id`:151645 for open-end generation.
[transformers] Setting `pad_token_id` to `eos_token_id`:151645 for open-end generation.
[transformers] Setting `pad_token_id` to `eos_token_id`:151645 for open-end generation.
[transformers] Setting `pad_token_id` to `eos_token_id`:151645 for open-end generation.
[transformers] Setting `pad_token_id` to `eos_token_id`:151645 for open-end generation.
[transformers] Setting `pad_token_id` to `eos_token_id`:151645 for open-end generation.
[transformers] Setting `pad_token_id` to `eos_token_id`:151645 for open-end generation.
[transformers] Setting `pad_token_id` to `eos_token_id`:151645 for open-end generation.
[transformers] Setting `pad_token_id` to `eos_token_id`:151645 for open-end generation.
[transformers] Setting `pad_token_id` to `eos_token_id`:151645 for open-end generation.
[transformers] Setting `pad_token_id` to `eos_token_id`:151645 for open-end generation.
[transformers] Setting `pad_token_id` to `eos_token_id`:151645 for open-end generation.
[transformers] Setting `pad_token_id` to `eos_token_id`:151645 for open-end generation.
[transformers] Setting `pad_token_id` to `eos_token_id`:151645 for open-end generation.
[transformers] Setting `pad_token_id` to `eos_token_id`:151645 for open-end generation.
[transformers] Setting `pad_token_id` to `eos_token_id`:151645 for open-end generation.
[transformers] Setting `pad_token_id` to `eos_token_id`:151645 for open-end generation.
[transformers] Setting `pad_token_id` to `eos_token_id`:151645 for open-end generation.
[transformers] Setting `pad_token_id` to `eos_token_id`:151645 for open-end generation.
[transformers] Setting `pad_token_id` to `eos_token_id`:151645 for open-end generation.
[transformers] Setting `pad_token_id` to `eos_token_id`:151645 for open-end generation.
[transformers] Setting `pad_token_id` to `eos_token_id`:151645 for open-end generation.
RQ3 OpenGVLab/InternVL3-8B text_plus_image calls=3275/3600
[transformers] Setting `pad_token_id` to `eos_token_id`:151645 for open-end generation.
[transformers] Setting `pad_token_id` to `eos_token_id`:151645 for open-end generation.
[transformers] Setting `pad_token_id` to `eos_token_id`:151645 for open-end generation.
[transformers] Setting `pad_token_id` to `eos_token_id`:151645 for open-end generation.
[transformers] Setting `pad_token_id` to `eos_token_id`:151645 for open-end generation.
[transformers] Setting `pad_token_id` to `eos_token_id`:151645 for open-end generation.
[transformers] Setting `pad_token_id` to `eos_token_id`:151645 for open-end generation.
[transformers] Setting `pad_token_id` to `eos_token_id`:151645 for open-end generation.
[transformers] Setting `pad_token_id` to `eos_token_id`:151645 for open-end generation.
[transformers] Setting `pad_token_id` to `eos_token_id`:151645 for open-end generation.
[transformers] Setting `pad_token_id` to `eos_token_id`:151645 for open-end generation.
[transformers] Setting `pad_token_id` to `eos_token_id`:151645 for open-end generation.
[transformers] Setting `pad_token_id` to `eos_token_id`:151645 for open-end generation.
[transformers] Setting `pad_token_id` to `eos_token_id`:151645 for open-end generation.
[transformers] Setting `pad_token_id` to `eos_token_id`:151645 for open-end generation.
[transformers] Setting `pad_token_id` to `eos_token_id`:151645 for open-end generation.
[transformers] Setting `pad_token_id` to `eos_token_id`:151645 for open-end generation.
[transformers] Setting `pad_token_id` to `eos_token_id`:151645 for open-end generation.
[transformers] Setting `pad_token_id` to `eos_token_id`:151645 for open-end generation.
[transformers] Setting `pad_token_id` to `eos_token_id`:151645 for open-end generation.
[transformers] Setting `pad_token_id` to `eos_token_id`:151645 for open-end generation.
[transformers] Setting `pad_token_id` to `eos_token_id`:151645 for open-end generation.
[transformers] Setting `pad_token_id` to `eos_token_id`:151645 for open-end generation.
[transformers] Setting `pad_token_id` to `eos_token_id`:151645 for open-end generation.
[transformers] Setting `pad_token_id` to `eos_token_id`:151645 for open-end generation.
RQ3 OpenGVLab/InternVL3-8B text_plus_image calls=3300/3600
[transformers] Setting `pad_token_id` to `eos_token_id`:151645 for open-end generation.
[transformers] Setting `pad_token_id` to `eos_token_id`:151645 for open-end generation.
[transformers] Setting `pad_token_id` to `eos_token_id`:151645 for open-end generation.
[transformers] Setting `pad_token_id` to `eos_token_id`:151645 for open-end generation.
[transformers] Setting `pad_token_id` to `eos_token_id`:151645 for open-end generation.
[transformers] Setting `pad_token_id` to `eos_token_id`:151645 for open-end generation.
[transformers] Setting `pad_token_id` to `eos_token_id`:151645 for open-end generation.
[transformers] Setting `pad_token_id` to `eos_token_id`:151645 for open-end generation.
[transformers] Setting `pad_token_id` to `eos_token_id`:151645 for open-end generation.
[transformers] Setting `pad_token_id` to `eos_token_id`:151645 for open-end generation.
[transformers] Setting `pad_token_id` to `eos_token_id`:151645 for open-end generation.
[transformers] Setting `pad_token_id` to `eos_token_id`:151645 for open-end generation.
[transformers] Setting `pad_token_id` to `eos_token_id`:151645 for open-end generation.
[transformers] Setting `pad_token_id` to `eos_token_id`:151645 for open-end generation.
[transformers] Setting `pad_token_id` to `eos_token_id`:151645 for open-end generation.
[transformers] Setting `pad_token_id` to `eos_token_id`:151645 for open-end generation.
[transformers] Setting `pad_token_id` to `eos_token_id`:151645 for open-end generation.
[transformers] Setting `pad_token_id` to `eos_token_id`:151645 for open-end generation.
[transformers] Setting `pad_token_id` to `eos_token_id`:151645 for open-end generation.
[transformers] Setting `pad_token_id` to `eos_token_id`:151645 for open-end generation.
[transformers] Setting `pad_token_id` to `eos_token_id`:151645 for open-end generation.
[transformers] Setting `pad_token_id` to `eos_token_id`:151645 for open-end generation.
[transformers] Setting `pad_token_id` to `eos_token_id`:151645 for open-end generation.
[transformers] Setting `pad_token_id` to `eos_token_id`:151645 for open-end generation.
[transformers] Setting `pad_token_id` to `eos_token_id`:151645 for open-end generation.
RQ3 OpenGVLab/InternVL3-8B text_plus_image calls=3325/3600
[transformers] Setting `pad_token_id` to `eos_token_id`:151645 for open-end generation.
[transformers] Setting `pad_token_id` to `eos_token_id`:151645 for open-end generation.
[transformers] Setting `pad_token_id` to `eos_token_id`:151645 for open-end generation.
[transformers] Setting `pad_token_id` to `eos_token_id`:151645 for open-end generation.
[transformers] Setting `pad_token_id` to `eos_token_id`:151645 for open-end generation.
[transformers] Setting `pad_token_id` to `eos_token_id`:151645 for open-end generation.
[transformers] Setting `pad_token_id` to `eos_token_id`:151645 for open-end generation.
[transformers] Setting `pad_token_id` to `eos_token_id`:151645 for open-end generation.
[transformers] Setting `pad_token_id` to `eos_token_id`:151645 for open-end generation.
[transformers] Setting `pad_token_id` to `eos_token_id`:151645 for open-end generation.
[transformers] Setting `pad_token_id` to `eos_token_id`:151645 for open-end generation.
[transformers] Setting `pad_token_id` to `eos_token_id`:151645 for open-end generation.
[transformers] Setting `pad_token_id` to `eos_token_id`:151645 for open-end generation.
[transformers] Setting `pad_token_id` to `eos_token_id`:151645 for open-end generation.
[transformers] Setting `pad_token_id` to `eos_token_id`:151645 for open-end generation.
[transformers] Setting `pad_token_id` to `eos_token_id`:151645 for open-end generation.
[transformers] Setting `pad_token_id` to `eos_token_id`:151645 for open-end generation.
[transformers] Setting `pad_token_id` to `eos_token_id`:151645 for open-end generation.
[transformers] Setting `pad_token_id` to `eos_token_id`:151645 for open-end generation.
[transformers] Setting `pad_token_id` to `eos_token_id`:151645 for open-end generation.
[transformers] Setting `pad_token_id` to `eos_token_id`:151645 for open-end generation.
[transformers] Setting `pad_token_id` to `eos_token_id`:151645 for open-end generation.
[transformers] Setting `pad_token_id` to `eos_token_id`:151645 for open-end generation.
[transformers] Setting `pad_token_id` to `eos_token_id`:151645 for open-end generation.
[transformers] Setting `pad_token_id` to `eos_token_id`:151645 for open-end generation.
RQ3 OpenGVLab/InternVL3-8B text_plus_image calls=3350/3600
[transformers] Setting `pad_token_id` to `eos_token_id`:151645 for open-end generation.
[transformers] Setting `pad_token_id` to `eos_token_id`:151645 for open-end generation.
[transformers] Setting `pad_token_id` to `eos_token_id`:151645 for open-end generation.
[transformers] Setting `pad_token_id` to `eos_token_id`:151645 for open-end generation.
[transformers] Setting `pad_token_id` to `eos_token_id`:151645 for open-end generation.
[transformers] Setting `pad_token_id` to `eos_token_id`:151645 for open-end generation.
[transformers] Setting `pad_token_id` to `eos_token_id`:151645 for open-end generation.
[transformers] Setting `pad_token_id` to `eos_token_id`:151645 for open-end generation.
[transformers] Setting `pad_token_id` to `eos_token_id`:151645 for open-end generation.
[transformers] Setting `pad_token_id` to `eos_token_id`:151645 for open-end generation.
[transformers] Setting `pad_token_id` to `eos_token_id`:151645 for open-end generation.
[transformers] Setting `pad_token_id` to `eos_token_id`:151645 for open-end generation.
[transformers] Setting `pad_token_id` to `eos_token_id`:151645 for open-end generation.
[transformers] Setting `pad_token_id` to `eos_token_id`:151645 for open-end generation.
[transformers] Setting `pad_token_id` to `eos_token_id`:151645 for open-end generation.
[transformers] Setting `pad_token_id` to `eos_token_id`:151645 for open-end generation.
[transformers] Setting `pad_token_id` to `eos_token_id`:151645 for open-end generation.
[transformers] Setting `pad_token_id` to `eos_token_id`:151645 for open-end generation.
[transformers] Setting `pad_token_id` to `eos_token_id`:151645 for open-end generation.
[transformers] Setting `pad_token_id` to `eos_token_id`:151645 for open-end generation.
[transformers] Setting `pad_token_id` to `eos_token_id`:151645 for open-end generation.
[transformers] Setting `pad_token_id` to `eos_token_id`:151645 for open-end generation.
[transformers] Setting `pad_token_id` to `eos_token_id`:151645 for open-end generation.
[transformers] Setting `pad_token_id` to `eos_token_id`:151645 for open-end generation.
[transformers] Setting `pad_token_id` to `eos_token_id`:151645 for open-end generation.
RQ3 OpenGVLab/InternVL3-8B text_plus_image calls=3375/3600
[transformers] Setting `pad_token_id` to `eos_token_id`:151645 for open-end generation.
[transformers] Setting `pad_token_id` to `eos_token_id`:151645 for open-end generation.
[transformers] Setting `pad_token_id` to `eos_token_id`:151645 for open-end generation.
[transformers] Setting `pad_token_id` to `eos_token_id`:151645 for open-end generation.
[transformers] Setting `pad_token_id` to `eos_token_id`:151645 for open-end generation.
[transformers] Setting `pad_token_id` to `eos_token_id`:151645 for open-end generation.
[transformers] Setting `pad_token_id` to `eos_token_id`:151645 for open-end generation.
[transformers] Setting `pad_token_id` to `eos_token_id`:151645 for open-end generation.
[transformers] Setting `pad_token_id` to `eos_token_id`:151645 for open-end generation.
[transformers] Setting `pad_token_id` to `eos_token_id`:151645 for open-end generation.
[transformers] Setting `pad_token_id` to `eos_token_id`:151645 for open-end generation.
[transformers] Setting `pad_token_id` to `eos_token_id`:151645 for open-end generation.
[transformers] Setting `pad_token_id` to `eos_token_id`:151645 for open-end generation.
[transformers] Setting `pad_token_id` to `eos_token_id`:151645 for open-end generation.
[transformers] Setting `pad_token_id` to `eos_token_id`:151645 for open-end generation.
[transformers] Setting `pad_token_id` to `eos_token_id`:151645 for open-end generation.
[transformers] Setting `pad_token_id` to `eos_token_id`:151645 for open-end generation.
[transformers] Setting `pad_token_id` to `eos_token_id`:151645 for open-end generation.
[transformers] Setting `pad_token_id` to `eos_token_id`:151645 for open-end generation.
[transformers] Setting `pad_token_id` to `eos_token_id`:151645 for open-end generation.
[transformers] Setting `pad_token_id` to `eos_token_id`:151645 for open-end generation.
[transformers] Setting `pad_token_id` to `eos_token_id`:151645 for open-end generation.
[transformers] Setting `pad_token_id` to `eos_token_id`:151645 for open-end generation.
[transformers] Setting `pad_token_id` to `eos_token_id`:151645 for open-end generation.
[transformers] Setting `pad_token_id` to `eos_token_id`:151645 for open-end generation.
RQ3 OpenGVLab/InternVL3-8B text_plus_image calls=3400/3600
[transformers] Setting `pad_token_id` to `eos_token_id`:151645 for open-end generation.
[transformers] Setting `pad_token_id` to `eos_token_id`:151645 for open-end generation.
[transformers] Setting `pad_token_id` to `eos_token_id`:151645 for open-end generation.
[transformers] Setting `pad_token_id` to `eos_token_id`:151645 for open-end generation.
[transformers] Setting `pad_token_id` to `eos_token_id`:151645 for open-end generation.
[transformers] Setting `pad_token_id` to `eos_token_id`:151645 for open-end generation.
[transformers] Setting `pad_token_id` to `eos_token_id`:151645 for open-end generation.
[transformers] Setting `pad_token_id` to `eos_token_id`:151645 for open-end generation.
[transformers] Setting `pad_token_id` to `eos_token_id`:151645 for open-end generation.
[transformers] Setting `pad_token_id` to `eos_token_id`:151645 for open-end generation.
[transformers] Setting `pad_token_id` to `eos_token_id`:151645 for open-end generation.
[transformers] Setting `pad_token_id` to `eos_token_id`:151645 for open-end generation.
[transformers] Setting `pad_token_id` to `eos_token_id`:151645 for open-end generation.
[transformers] Setting `pad_token_id` to `eos_token_id`:151645 for open-end generation.
[transformers] Setting `pad_token_id` to `eos_token_id`:151645 for open-end generation.
[transformers] Setting `pad_token_id` to `eos_token_id`:151645 for open-end generation.
[transformers] Setting `pad_token_id` to `eos_token_id`:151645 for open-end generation.
[transformers] Setting `pad_token_id` to `eos_token_id`:151645 for open-end generation.
[transformers] Setting `pad_token_id` to `eos_token_id`:151645 for open-end generation.
[transformers] Setting `pad_token_id` to `eos_token_id`:151645 for open-end generation.
[transformers] Setting `pad_token_id` to `eos_token_id`:151645 for open-end generation.
[transformers] Setting `pad_token_id` to `eos_token_id`:151645 for open-end generation.
[transformers] Setting `pad_token_id` to `eos_token_id`:151645 for open-end generation.
[transformers] Setting `pad_token_id` to `eos_token_id`:151645 for open-end generation.
[transformers] Setting `pad_token_id` to `eos_token_id`:151645 for open-end generation.
RQ3 OpenGVLab/InternVL3-8B text_plus_image calls=3425/3600
[transformers] Setting `pad_token_id` to `eos_token_id`:151645 for open-end generation.
[transformers] Setting `pad_token_id` to `eos_token_id`:151645 for open-end generation.
[transformers] Setting `pad_token_id` to `eos_token_id`:151645 for open-end generation.
[transformers] Setting `pad_token_id` to `eos_token_id`:151645 for open-end generation.
[transformers] Setting `pad_token_id` to `eos_token_id`:151645 for open-end generation.
[transformers] Setting `pad_token_id` to `eos_token_id`:151645 for open-end generation.
[transformers] Setting `pad_token_id` to `eos_token_id`:151645 for open-end generation.
[transformers] Setting `pad_token_id` to `eos_token_id`:151645 for open-end generation.
[transformers] Setting `pad_token_id` to `eos_token_id`:151645 for open-end generation.
[transformers] Setting `pad_token_id` to `eos_token_id`:151645 for open-end generation.
[transformers] Setting `pad_token_id` to `eos_token_id`:151645 for open-end generation.
[transformers] Setting `pad_token_id` to `eos_token_id`:151645 for open-end generation.
[transformers] Setting `pad_token_id` to `eos_token_id`:151645 for open-end generation.
[transformers] Setting `pad_token_id` to `eos_token_id`:151645 for open-end generation.
[transformers] Setting `pad_token_id` to `eos_token_id`:151645 for open-end generation.
[transformers] Setting `pad_token_id` to `eos_token_id`:151645 for open-end generation.
[transformers] Setting `pad_token_id` to `eos_token_id`:151645 for open-end generation.
[transformers] Setting `pad_token_id` to `eos_token_id`:151645 for open-end generation.
[transformers] Setting `pad_token_id` to `eos_token_id`:151645 for open-end generation.
[transformers] Setting `pad_token_id` to `eos_token_id`:151645 for open-end generation.
[transformers] Setting `pad_token_id` to `eos_token_id`:151645 for open-end generation.
[transformers] Setting `pad_token_id` to `eos_token_id`:151645 for open-end generation.
[transformers] Setting `pad_token_id` to `eos_token_id`:151645 for open-end generation.
[transformers] Setting `pad_token_id` to `eos_token_id`:151645 for open-end generation.
[transformers] Setting `pad_token_id` to `eos_token_id`:151645 for open-end generation.
RQ3 OpenGVLab/InternVL3-8B text_plus_image calls=3450/3600
[transformers] Setting `pad_token_id` to `eos_token_id`:151645 for open-end generation.
[transformers] Setting `pad_token_id` to `eos_token_id`:151645 for open-end generation.
[transformers] Setting `pad_token_id` to `eos_token_id`:151645 for open-end generation.
[transformers] Setting `pad_token_id` to `eos_token_id`:151645 for open-end generation.
[transformers] Setting `pad_token_id` to `eos_token_id`:151645 for open-end generation.
[transformers] Setting `pad_token_id` to `eos_token_id`:151645 for open-end generation.
[transformers] Setting `pad_token_id` to `eos_token_id`:151645 for open-end generation.
[transformers] Setting `pad_token_id` to `eos_token_id`:151645 for open-end generation.
[transformers] Setting `pad_token_id` to `eos_token_id`:151645 for open-end generation.
[transformers] Setting `pad_token_id` to `eos_token_id`:151645 for open-end generation.
[transformers] Setting `pad_token_id` to `eos_token_id`:151645 for open-end generation.
[transformers] Setting `pad_token_id` to `eos_token_id`:151645 for open-end generation.
[transformers] Setting `pad_token_id` to `eos_token_id`:151645 for open-end generation.
[transformers] Setting `pad_token_id` to `eos_token_id`:151645 for open-end generation.
[transformers] Setting `pad_token_id` to `eos_token_id`:151645 for open-end generation.
[transformers] Setting `pad_token_id` to `eos_token_id`:151645 for open-end generation.
[transformers] Setting `pad_token_id` to `eos_token_id`:151645 for open-end generation.
[transformers] Setting `pad_token_id` to `eos_token_id`:151645 for open-end generation.
[transformers] Setting `pad_token_id` to `eos_token_id`:151645 for open-end generation.
[transformers] Setting `pad_token_id` to `eos_token_id`:151645 for open-end generation.
[transformers] Setting `pad_token_id` to `eos_token_id`:151645 for open-end generation.
[transformers] Setting `pad_token_id` to `eos_token_id`:151645 for open-end generation.
[transformers] Setting `pad_token_id` to `eos_token_id`:151645 for open-end generation.
[transformers] Setting `pad_token_id` to `eos_token_id`:151645 for open-end generation.
[transformers] Setting `pad_token_id` to `eos_token_id`:151645 for open-end generation.
RQ3 OpenGVLab/InternVL3-8B text_plus_image calls=3475/3600
[transformers] Setting `pad_token_id` to `eos_token_id`:151645 for open-end generation.
[transformers] Setting `pad_token_id` to `eos_token_id`:151645 for open-end generation.
[transformers] Setting `pad_token_id` to `eos_token_id`:151645 for open-end generation.
[transformers] Setting `pad_token_id` to `eos_token_id`:151645 for open-end generation.
[transformers] Setting `pad_token_id` to `eos_token_id`:151645 for open-end generation.
[transformers] Setting `pad_token_id` to `eos_token_id`:151645 for open-end generation.
[transformers] Setting `pad_token_id` to `eos_token_id`:151645 for open-end generation.
[transformers] Setting `pad_token_id` to `eos_token_id`:151645 for open-end generation.
[transformers] Setting `pad_token_id` to `eos_token_id`:151645 for open-end generation.
[transformers] Setting `pad_token_id` to `eos_token_id`:151645 for open-end generation.
[transformers] Setting `pad_token_id` to `eos_token_id`:151645 for open-end generation.
[transformers] Setting `pad_token_id` to `eos_token_id`:151645 for open-end generation.
[transformers] Setting `pad_token_id` to `eos_token_id`:151645 for open-end generation.
[transformers] Setting `pad_token_id` to `eos_token_id`:151645 for open-end generation.
[transformers] Setting `pad_token_id` to `eos_token_id`:151645 for open-end generation.
[transformers] Setting `pad_token_id` to `eos_token_id`:151645 for open-end generation.
[transformers] Setting `pad_token_id` to `eos_token_id`:151645 for open-end generation.
[transformers] Setting `pad_token_id` to `eos_token_id`:151645 for open-end generation.
[transformers] Setting `pad_token_id` to `eos_token_id`:151645 for open-end generation.
[transformers] Setting `pad_token_id` to `eos_token_id`:151645 for open-end generation.
[transformers] Setting `pad_token_id` to `eos_token_id`:151645 for open-end generation.
[transformers] Setting `pad_token_id` to `eos_token_id`:151645 for open-end generation.
[transformers] Setting `pad_token_id` to `eos_token_id`:151645 for open-end generation.
[transformers] Setting `pad_token_id` to `eos_token_id`:151645 for open-end generation.
[transformers] Setting `pad_token_id` to `eos_token_id`:151645 for open-end generation.
RQ3 OpenGVLab/InternVL3-8B text_plus_image calls=3500/3600
[transformers] Setting `pad_token_id` to `eos_token_id`:151645 for open-end generation.
[transformers] Setting `pad_token_id` to `eos_token_id`:151645 for open-end generation.
[transformers] Setting `pad_token_id` to `eos_token_id`:151645 for open-end generation.
[transformers] Setting `pad_token_id` to `eos_token_id`:151645 for open-end generation.
[transformers] Setting `pad_token_id` to `eos_token_id`:151645 for open-end generation.
[transformers] Setting `pad_token_id` to `eos_token_id`:151645 for open-end generation.
[transformers] Setting `pad_token_id` to `eos_token_id`:151645 for open-end generation.
[transformers] Setting `pad_token_id` to `eos_token_id`:151645 for open-end generation.
[transformers] Setting `pad_token_id` to `eos_token_id`:151645 for open-end generation.
[transformers] Setting `pad_token_id` to `eos_token_id`:151645 for open-end generation.
[transformers] Setting `pad_token_id` to `eos_token_id`:151645 for open-end generation.
[transformers] Setting `pad_token_id` to `eos_token_id`:151645 for open-end generation.
[transformers] Setting `pad_token_id` to `eos_token_id`:151645 for open-end generation.
[transformers] Setting `pad_token_id` to `eos_token_id`:151645 for open-end generation.
[transformers] Setting `pad_token_id` to `eos_token_id`:151645 for open-end generation.
[transformers] Setting `pad_token_id` to `eos_token_id`:151645 for open-end generation.
[transformers] Setting `pad_token_id` to `eos_token_id`:151645 for open-end generation.
[transformers] Setting `pad_token_id` to `eos_token_id`:151645 for open-end generation.
[transformers] Setting `pad_token_id` to `eos_token_id`:151645 for open-end generation.
[transformers] Setting `pad_token_id` to `eos_token_id`:151645 for open-end generation.
[transformers] Setting `pad_token_id` to `eos_token_id`:151645 for open-end generation.
[transformers] Setting `pad_token_id` to `eos_token_id`:151645 for open-end generation.
[transformers] Setting `pad_token_id` to `eos_token_id`:151645 for open-end generation.
[transformers] Setting `pad_token_id` to `eos_token_id`:151645 for open-end generation.
[transformers] Setting `pad_token_id` to `eos_token_id`:151645 for open-end generation.
RQ3 OpenGVLab/InternVL3-8B text_plus_image calls=3525/3600
[transformers] Setting `pad_token_id` to `eos_token_id`:151645 for open-end generation.
[transformers] Setting `pad_token_id` to `eos_token_id`:151645 for open-end generation.
[transformers] Setting `pad_token_id` to `eos_token_id`:151645 for open-end generation.
[transformers] Setting `pad_token_id` to `eos_token_id`:151645 for open-end generation.
[transformers] Setting `pad_token_id` to `eos_token_id`:151645 for open-end generation.
[transformers] Setting `pad_token_id` to `eos_token_id`:151645 for open-end generation.
[transformers] Setting `pad_token_id` to `eos_token_id`:151645 for open-end generation.
[transformers] Setting `pad_token_id` to `eos_token_id`:151645 for open-end generation.
[transformers] Setting `pad_token_id` to `eos_token_id`:151645 for open-end generation.
[transformers] Setting `pad_token_id` to `eos_token_id`:151645 for open-end generation.
[transformers] Setting `pad_token_id` to `eos_token_id`:151645 for open-end generation.
[transformers] Setting `pad_token_id` to `eos_token_id`:151645 for open-end generation.
[transformers] Setting `pad_token_id` to `eos_token_id`:151645 for open-end generation.
[transformers] Setting `pad_token_id` to `eos_token_id`:151645 for open-end generation.
[transformers] Setting `pad_token_id` to `eos_token_id`:151645 for open-end generation.
[transformers] Setting `pad_token_id` to `eos_token_id`:151645 for open-end generation.
[transformers] Setting `pad_token_id` to `eos_token_id`:151645 for open-end generation.
[transformers] Setting `pad_token_id` to `eos_token_id`:151645 for open-end generation.
[transformers] Setting `pad_token_id` to `eos_token_id`:151645 for open-end generation.
[transformers] Setting `pad_token_id` to `eos_token_id`:151645 for open-end generation.
[transformers] Setting `pad_token_id` to `eos_token_id`:151645 for open-end generation.
[transformers] Setting `pad_token_id` to `eos_token_id`:151645 for open-end generation.
[transformers] Setting `pad_token_id` to `eos_token_id`:151645 for open-end generation.
[transformers] Setting `pad_token_id` to `eos_token_id`:151645 for open-end generation.
[transformers] Setting `pad_token_id` to `eos_token_id`:151645 for open-end generation.
RQ3 OpenGVLab/InternVL3-8B text_plus_image calls=3550/3600
[transformers] Setting `pad_token_id` to `eos_token_id`:151645 for open-end generation.
[transformers] Setting `pad_token_id` to `eos_token_id`:151645 for open-end generation.
[transformers] Setting `pad_token_id` to `eos_token_id`:151645 for open-end generation.
[transformers] Setting `pad_token_id` to `eos_token_id`:151645 for open-end generation.
[transformers] Setting `pad_token_id` to `eos_token_id`:151645 for open-end generation.
[transformers] Setting `pad_token_id` to `eos_token_id`:151645 for open-end generation.
[transformers] Setting `pad_token_id` to `eos_token_id`:151645 for open-end generation.
[transformers] Setting `pad_token_id` to `eos_token_id`:151645 for open-end generation.
[transformers] Setting `pad_token_id` to `eos_token_id`:151645 for open-end generation.
[transformers] Setting `pad_token_id` to `eos_token_id`:151645 for open-end generation.
[transformers] Setting `pad_token_id` to `eos_token_id`:151645 for open-end generation.
[transformers] Setting `pad_token_id` to `eos_token_id`:151645 for open-end generation.
[transformers] Setting `pad_token_id` to `eos_token_id`:151645 for open-end generation.
[transformers] Setting `pad_token_id` to `eos_token_id`:151645 for open-end generation.
[transformers] Setting `pad_token_id` to `eos_token_id`:151645 for open-end generation.
[transformers] Setting `pad_token_id` to `eos_token_id`:151645 for open-end generation.
[transformers] Setting `pad_token_id` to `eos_token_id`:151645 for open-end generation.
[transformers] Setting `pad_token_id` to `eos_token_id`:151645 for open-end generation.
[transformers] Setting `pad_token_id` to `eos_token_id`:151645 for open-end generation.
[transformers] Setting `pad_token_id` to `eos_token_id`:151645 for open-end generation.
[transformers] Setting `pad_token_id` to `eos_token_id`:151645 for open-end generation.
[transformers] Setting `pad_token_id` to `eos_token_id`:151645 for open-end generation.
[transformers] Setting `pad_token_id` to `eos_token_id`:151645 for open-end generation.
[transformers] Setting `pad_token_id` to `eos_token_id`:151645 for open-end generation.
[transformers] Setting `pad_token_id` to `eos_token_id`:151645 for open-end generation.
RQ3 OpenGVLab/InternVL3-8B text_plus_image calls=3575/3600
[transformers] Setting `pad_token_id` to `eos_token_id`:151645 for open-end generation.
[transformers] Setting `pad_token_id` to `eos_token_id`:151645 for open-end generation.
[transformers] Setting `pad_token_id` to `eos_token_id`:151645 for open-end generation.
[transformers] Setting `pad_token_id` to `eos_token_id`:151645 for open-end generation.
[transformers] Setting `pad_token_id` to `eos_token_id`:151645 for open-end generation.
[transformers] Setting `pad_token_id` to `eos_token_id`:151645 for open-end generation.
[transformers] Setting `pad_token_id` to `eos_token_id`:151645 for open-end generation.
[transformers] Setting `pad_token_id` to `eos_token_id`:151645 for open-end generation.
[transformers] Setting `pad_token_id` to `eos_token_id`:151645 for open-end generation.
[transformers] Setting `pad_token_id` to `eos_token_id`:151645 for open-end generation.
[transformers] Setting `pad_token_id` to `eos_token_id`:151645 for open-end generation.
[transformers] Setting `pad_token_id` to `eos_token_id`:151645 for open-end generation.
[transformers] Setting `pad_token_id` to `eos_token_id`:151645 for open-end generation.
[transformers] Setting `pad_token_id` to `eos_token_id`:151645 for open-end generation.
[transformers] Setting `pad_token_id` to `eos_token_id`:151645 for open-end generation.
[transformers] Setting `pad_token_id` to `eos_token_id`:151645 for open-end generation.
[transformers] Setting `pad_token_id` to `eos_token_id`:151645 for open-end generation.
[transformers] Setting `pad_token_id` to `eos_token_id`:151645 for open-end generation.
[transformers] Setting `pad_token_id` to `eos_token_id`:151645 for open-end generation.
[transformers] Setting `pad_token_id` to `eos_token_id`:151645 for open-end generation.
[transformers] Setting `pad_token_id` to `eos_token_id`:151645 for open-end generation.
[transformers] Setting `pad_token_id` to `eos_token_id`:151645 for open-end generation.
[transformers] Setting `pad_token_id` to `eos_token_id`:151645 for open-end generation.
[transformers] Setting `pad_token_id` to `eos_token_id`:151645 for open-end generation.
[transformers] Setting `pad_token_id` to `eos_token_id`:151645 for open-end generation.
RQ3 OpenGVLab/InternVL3-8B text_plus_image calls=3600/3600
{
  "status": "complete",
  "calls": 3600
}
