[transformers] The tokenizer you are loading from 'OpenGVLab/InternVL3-8B' with an incorrect regex pattern: https://huggingface.co/mistralai/Mistral-Small-3.1-24B-Instruct-2503/discussions/84#69121093e8b480e709447d5e. This will lead to incorrect tokenization. You should set the `fix_mistral_regex=True` flag when loading this tokenizer to fix this issue.
FlashAttention2 is not installed.
Loading weights:   0%|          | 0/685 [00:00<?, ?it/s]Loading weights: 100%|██████████| 685/685 [00:00<00:00, 7362.82it/s]
[transformers] Setting `pad_token_id` to `eos_token_id`:151645 for open-end generation.
[transformers] Setting `pad_token_id` to `eos_token_id`:151645 for open-end generation.
[1/50] valid=1 correct=1 parse_failures=0
[transformers] Setting `pad_token_id` to `eos_token_id`:151645 for open-end generation.
[transformers] Setting `pad_token_id` to `eos_token_id`:151645 for open-end generation.
[2/50] valid=1 correct=1 parse_failures=0
[transformers] Setting `pad_token_id` to `eos_token_id`:151645 for open-end generation.
[transformers] Setting `pad_token_id` to `eos_token_id`:151645 for open-end generation.
[3/50] valid=2 correct=2 parse_failures=0
[transformers] Setting `pad_token_id` to `eos_token_id`:151645 for open-end generation.
[transformers] Setting `pad_token_id` to `eos_token_id`:151645 for open-end generation.
[4/50] valid=3 correct=3 parse_failures=0
[transformers] Setting `pad_token_id` to `eos_token_id`:151645 for open-end generation.
[transformers] Setting `pad_token_id` to `eos_token_id`:151645 for open-end generation.
[5/50] valid=4 correct=4 parse_failures=0
[transformers] Setting `pad_token_id` to `eos_token_id`:151645 for open-end generation.
[transformers] Setting `pad_token_id` to `eos_token_id`:151645 for open-end generation.
[6/50] valid=5 correct=5 parse_failures=0
[transformers] Setting `pad_token_id` to `eos_token_id`:151645 for open-end generation.
[transformers] Setting `pad_token_id` to `eos_token_id`:151645 for open-end generation.
[7/50] valid=5 correct=5 parse_failures=0
[transformers] Setting `pad_token_id` to `eos_token_id`:151645 for open-end generation.
[transformers] Setting `pad_token_id` to `eos_token_id`:151645 for open-end generation.
[8/50] valid=6 correct=5 parse_failures=0
[transformers] Setting `pad_token_id` to `eos_token_id`:151645 for open-end generation.
[transformers] Setting `pad_token_id` to `eos_token_id`:151645 for open-end generation.
[9/50] valid=7 correct=5 parse_failures=0
[transformers] Setting `pad_token_id` to `eos_token_id`:151645 for open-end generation.
[transformers] Setting `pad_token_id` to `eos_token_id`:151645 for open-end generation.
[10/50] valid=8 correct=5 parse_failures=0
[transformers] Setting `pad_token_id` to `eos_token_id`:151645 for open-end generation.
[transformers] Setting `pad_token_id` to `eos_token_id`:151645 for open-end generation.
[11/50] valid=9 correct=5 parse_failures=0
[transformers] Setting `pad_token_id` to `eos_token_id`:151645 for open-end generation.
[transformers] Setting `pad_token_id` to `eos_token_id`:151645 for open-end generation.
[12/50] valid=10 correct=5 parse_failures=0
[transformers] Setting `pad_token_id` to `eos_token_id`:151645 for open-end generation.
[transformers] Setting `pad_token_id` to `eos_token_id`:151645 for open-end generation.
[13/50] valid=11 correct=6 parse_failures=0
[transformers] Setting `pad_token_id` to `eos_token_id`:151645 for open-end generation.
[transformers] Setting `pad_token_id` to `eos_token_id`:151645 for open-end generation.
[14/50] valid=11 correct=6 parse_failures=0
[transformers] Setting `pad_token_id` to `eos_token_id`:151645 for open-end generation.
[transformers] Setting `pad_token_id` to `eos_token_id`:151645 for open-end generation.
[15/50] valid=12 correct=6 parse_failures=0
[transformers] Setting `pad_token_id` to `eos_token_id`:151645 for open-end generation.
[transformers] Setting `pad_token_id` to `eos_token_id`:151645 for open-end generation.
[16/50] valid=12 correct=6 parse_failures=0
[transformers] Setting `pad_token_id` to `eos_token_id`:151645 for open-end generation.
[transformers] Setting `pad_token_id` to `eos_token_id`:151645 for open-end generation.
[17/50] valid=13 correct=7 parse_failures=0
[transformers] Setting `pad_token_id` to `eos_token_id`:151645 for open-end generation.
[transformers] Setting `pad_token_id` to `eos_token_id`:151645 for open-end generation.
[18/50] valid=13 correct=7 parse_failures=0
[transformers] Setting `pad_token_id` to `eos_token_id`:151645 for open-end generation.
[transformers] Setting `pad_token_id` to `eos_token_id`:151645 for open-end generation.
[19/50] valid=14 correct=7 parse_failures=0
[transformers] Setting `pad_token_id` to `eos_token_id`:151645 for open-end generation.
[transformers] Setting `pad_token_id` to `eos_token_id`:151645 for open-end generation.
[20/50] valid=14 correct=7 parse_failures=0
[transformers] Setting `pad_token_id` to `eos_token_id`:151645 for open-end generation.
[transformers] Setting `pad_token_id` to `eos_token_id`:151645 for open-end generation.
[21/50] valid=14 correct=7 parse_failures=0
[transformers] Setting `pad_token_id` to `eos_token_id`:151645 for open-end generation.
[transformers] Setting `pad_token_id` to `eos_token_id`:151645 for open-end generation.
[22/50] valid=15 correct=7 parse_failures=0
[transformers] Setting `pad_token_id` to `eos_token_id`:151645 for open-end generation.
[transformers] Setting `pad_token_id` to `eos_token_id`:151645 for open-end generation.
[23/50] valid=16 correct=8 parse_failures=0
[transformers] Setting `pad_token_id` to `eos_token_id`:151645 for open-end generation.
[transformers] Setting `pad_token_id` to `eos_token_id`:151645 for open-end generation.
[24/50] valid=16 correct=8 parse_failures=0
[transformers] Setting `pad_token_id` to `eos_token_id`:151645 for open-end generation.
[transformers] Setting `pad_token_id` to `eos_token_id`:151645 for open-end generation.
[25/50] valid=16 correct=8 parse_failures=0
[transformers] Setting `pad_token_id` to `eos_token_id`:151645 for open-end generation.
[transformers] Setting `pad_token_id` to `eos_token_id`:151645 for open-end generation.
[26/50] valid=16 correct=8 parse_failures=0
[transformers] Setting `pad_token_id` to `eos_token_id`:151645 for open-end generation.
[transformers] Setting `pad_token_id` to `eos_token_id`:151645 for open-end generation.
[27/50] valid=16 correct=8 parse_failures=0
[transformers] Setting `pad_token_id` to `eos_token_id`:151645 for open-end generation.
[transformers] Setting `pad_token_id` to `eos_token_id`:151645 for open-end generation.
[28/50] valid=16 correct=8 parse_failures=0
[transformers] Setting `pad_token_id` to `eos_token_id`:151645 for open-end generation.
[transformers] Setting `pad_token_id` to `eos_token_id`:151645 for open-end generation.
[29/50] valid=16 correct=8 parse_failures=0
[transformers] Setting `pad_token_id` to `eos_token_id`:151645 for open-end generation.
[transformers] Setting `pad_token_id` to `eos_token_id`:151645 for open-end generation.
[30/50] valid=16 correct=8 parse_failures=0
[transformers] Setting `pad_token_id` to `eos_token_id`:151645 for open-end generation.
[transformers] Setting `pad_token_id` to `eos_token_id`:151645 for open-end generation.
[31/50] valid=17 correct=9 parse_failures=0
[transformers] Setting `pad_token_id` to `eos_token_id`:151645 for open-end generation.
[transformers] Setting `pad_token_id` to `eos_token_id`:151645 for open-end generation.
[32/50] valid=18 correct=10 parse_failures=0
[transformers] Setting `pad_token_id` to `eos_token_id`:151645 for open-end generation.
[transformers] Setting `pad_token_id` to `eos_token_id`:151645 for open-end generation.
[33/50] valid=19 correct=11 parse_failures=0
[transformers] Setting `pad_token_id` to `eos_token_id`:151645 for open-end generation.
[transformers] Setting `pad_token_id` to `eos_token_id`:151645 for open-end generation.
[34/50] valid=20 correct=12 parse_failures=0
[transformers] Setting `pad_token_id` to `eos_token_id`:151645 for open-end generation.
[transformers] Setting `pad_token_id` to `eos_token_id`:151645 for open-end generation.
[35/50] valid=21 correct=13 parse_failures=0
[transformers] Setting `pad_token_id` to `eos_token_id`:151645 for open-end generation.
[transformers] Setting `pad_token_id` to `eos_token_id`:151645 for open-end generation.
[36/50] valid=22 correct=14 parse_failures=0
[transformers] Setting `pad_token_id` to `eos_token_id`:151645 for open-end generation.
[transformers] Setting `pad_token_id` to `eos_token_id`:151645 for open-end generation.
[37/50] valid=23 correct=15 parse_failures=0
[transformers] Setting `pad_token_id` to `eos_token_id`:151645 for open-end generation.
[transformers] Setting `pad_token_id` to `eos_token_id`:151645 for open-end generation.
[38/50] valid=24 correct=16 parse_failures=0
[transformers] Setting `pad_token_id` to `eos_token_id`:151645 for open-end generation.
[transformers] Setting `pad_token_id` to `eos_token_id`:151645 for open-end generation.
[39/50] valid=25 correct=17 parse_failures=0
[transformers] Setting `pad_token_id` to `eos_token_id`:151645 for open-end generation.
[transformers] Setting `pad_token_id` to `eos_token_id`:151645 for open-end generation.
[40/50] valid=26 correct=17 parse_failures=0
[transformers] Setting `pad_token_id` to `eos_token_id`:151645 for open-end generation.
[transformers] Setting `pad_token_id` to `eos_token_id`:151645 for open-end generation.
[41/50] valid=26 correct=17 parse_failures=0
[transformers] Setting `pad_token_id` to `eos_token_id`:151645 for open-end generation.
[transformers] Setting `pad_token_id` to `eos_token_id`:151645 for open-end generation.
[42/50] valid=26 correct=17 parse_failures=0
[transformers] Setting `pad_token_id` to `eos_token_id`:151645 for open-end generation.
[transformers] Setting `pad_token_id` to `eos_token_id`:151645 for open-end generation.
[43/50] valid=26 correct=17 parse_failures=0
[transformers] Setting `pad_token_id` to `eos_token_id`:151645 for open-end generation.
[transformers] Setting `pad_token_id` to `eos_token_id`:151645 for open-end generation.
[44/50] valid=27 correct=18 parse_failures=0
[transformers] Setting `pad_token_id` to `eos_token_id`:151645 for open-end generation.
[transformers] Setting `pad_token_id` to `eos_token_id`:151645 for open-end generation.
[45/50] valid=27 correct=18 parse_failures=0
[transformers] Setting `pad_token_id` to `eos_token_id`:151645 for open-end generation.
[transformers] Setting `pad_token_id` to `eos_token_id`:151645 for open-end generation.
[46/50] valid=28 correct=19 parse_failures=0
[transformers] Setting `pad_token_id` to `eos_token_id`:151645 for open-end generation.
[transformers] Setting `pad_token_id` to `eos_token_id`:151645 for open-end generation.
[47/50] valid=29 correct=20 parse_failures=0
[transformers] Setting `pad_token_id` to `eos_token_id`:151645 for open-end generation.
[transformers] Setting `pad_token_id` to `eos_token_id`:151645 for open-end generation.
[48/50] valid=30 correct=20 parse_failures=0
[transformers] Setting `pad_token_id` to `eos_token_id`:151645 for open-end generation.
[transformers] Setting `pad_token_id` to `eos_token_id`:151645 for open-end generation.
[49/50] valid=31 correct=20 parse_failures=0
[transformers] Setting `pad_token_id` to `eos_token_id`:151645 for open-end generation.
[transformers] Setting `pad_token_id` to `eos_token_id`:151645 for open-end generation.
[50/50] valid=32 correct=21 parse_failures=0
{
  "model": "OpenGVLab/InternVL3-8B",
  "model_kind": "vlm",
  "input_setting": "combined_labeled_text_plus_image",
  "prompt_variant": "B",
  "seed": 42,
  "all_pairs": 50,
  "valid_pairs": 32,
  "correct_pairs": 21,
  "accuracy_on_valid_pairs": 0.65625,
  "effective_accuracy": 0.42,
  "strict_swap_error_rate": 0.36,
  "parse_failure_rate": 0.0,
  "nvidia_smi_after": "0, NVIDIA RTX PRO 6000 Blackwell Server Edition, 35154 MiB, 97887 MiB, 90 %\n1, NVIDIA RTX PRO 6000 Blackwell Server Edition, 17357 MiB, 97887 MiB, 48 %\n"
}
[transformers] The tokenizer you are loading from 'OpenGVLab/InternVL3-8B' with an incorrect regex pattern: https://huggingface.co/mistralai/Mistral-Small-3.1-24B-Instruct-2503/discussions/84#69121093e8b480e709447d5e. This will lead to incorrect tokenization. You should set the `fix_mistral_regex=True` flag when loading this tokenizer to fix this issue.
FlashAttention2 is not installed.
Loading weights:   0%|          | 0/685 [00:00<?, ?it/s]Loading weights: 100%|██████████| 685/685 [00:00<00:00, 7051.69it/s]
[transformers] Setting `pad_token_id` to `eos_token_id`:151645 for open-end generation.
[transformers] Setting `pad_token_id` to `eos_token_id`:151645 for open-end generation.
[1/3000] valid=1 correct=1 parse_failures=0
[transformers] Setting `pad_token_id` to `eos_token_id`:151645 for open-end generation.
[transformers] Setting `pad_token_id` to `eos_token_id`:151645 for open-end generation.
[2/3000] valid=1 correct=1 parse_failures=0
[transformers] Setting `pad_token_id` to `eos_token_id`:151645 for open-end generation.
[transformers] Setting `pad_token_id` to `eos_token_id`:151645 for open-end generation.
[3/3000] valid=2 correct=2 parse_failures=0
[transformers] Setting `pad_token_id` to `eos_token_id`:151645 for open-end generation.
[transformers] Setting `pad_token_id` to `eos_token_id`:151645 for open-end generation.
[4/3000] valid=3 correct=3 parse_failures=0
[transformers] Setting `pad_token_id` to `eos_token_id`:151645 for open-end generation.
[transformers] Setting `pad_token_id` to `eos_token_id`:151645 for open-end generation.
[5/3000] valid=4 correct=4 parse_failures=0
[transformers] Setting `pad_token_id` to `eos_token_id`:151645 for open-end generation.
[transformers] Setting `pad_token_id` to `eos_token_id`:151645 for open-end generation.
[6/3000] valid=5 correct=5 parse_failures=0
[transformers] Setting `pad_token_id` to `eos_token_id`:151645 for open-end generation.
[transformers] Setting `pad_token_id` to `eos_token_id`:151645 for open-end generation.
[7/3000] valid=5 correct=5 parse_failures=0
[transformers] Setting `pad_token_id` to `eos_token_id`:151645 for open-end generation.
[transformers] Setting `pad_token_id` to `eos_token_id`:151645 for open-end generation.
[8/3000] valid=6 correct=5 parse_failures=0
[transformers] Setting `pad_token_id` to `eos_token_id`:151645 for open-end generation.
[transformers] Setting `pad_token_id` to `eos_token_id`:151645 for open-end generation.
[9/3000] valid=7 correct=5 parse_failures=0
[transformers] Setting `pad_token_id` to `eos_token_id`:151645 for open-end generation.
[transformers] Setting `pad_token_id` to `eos_token_id`:151645 for open-end generation.
[10/3000] valid=8 correct=5 parse_failures=0
[transformers] Setting `pad_token_id` to `eos_token_id`:151645 for open-end generation.
[transformers] Setting `pad_token_id` to `eos_token_id`:151645 for open-end generation.
[11/3000] valid=9 correct=5 parse_failures=0
[transformers] Setting `pad_token_id` to `eos_token_id`:151645 for open-end generation.
[transformers] Setting `pad_token_id` to `eos_token_id`:151645 for open-end generation.
[12/3000] valid=10 correct=5 parse_failures=0
[transformers] Setting `pad_token_id` to `eos_token_id`:151645 for open-end generation.
[transformers] Setting `pad_token_id` to `eos_token_id`:151645 for open-end generation.
[13/3000] valid=11 correct=6 parse_failures=0
[transformers] Setting `pad_token_id` to `eos_token_id`:151645 for open-end generation.
[transformers] Setting `pad_token_id` to `eos_token_id`:151645 for open-end generation.
[14/3000] valid=11 correct=6 parse_failures=0
[transformers] Setting `pad_token_id` to `eos_token_id`:151645 for open-end generation.
[transformers] Setting `pad_token_id` to `eos_token_id`:151645 for open-end generation.
[15/3000] valid=12 correct=6 parse_failures=0
[transformers] Setting `pad_token_id` to `eos_token_id`:151645 for open-end generation.
[transformers] Setting `pad_token_id` to `eos_token_id`:151645 for open-end generation.
[16/3000] valid=12 correct=6 parse_failures=0
[transformers] Setting `pad_token_id` to `eos_token_id`:151645 for open-end generation.
[transformers] Setting `pad_token_id` to `eos_token_id`:151645 for open-end generation.
[17/3000] valid=13 correct=7 parse_failures=0
[transformers] Setting `pad_token_id` to `eos_token_id`:151645 for open-end generation.
[transformers] Setting `pad_token_id` to `eos_token_id`:151645 for open-end generation.
[18/3000] valid=13 correct=7 parse_failures=0
[transformers] Setting `pad_token_id` to `eos_token_id`:151645 for open-end generation.
[transformers] Setting `pad_token_id` to `eos_token_id`:151645 for open-end generation.
[19/3000] valid=14 correct=7 parse_failures=0
[transformers] Setting `pad_token_id` to `eos_token_id`:151645 for open-end generation.
[transformers] Setting `pad_token_id` to `eos_token_id`:151645 for open-end generation.
[20/3000] valid=14 correct=7 parse_failures=0
[transformers] Setting `pad_token_id` to `eos_token_id`:151645 for open-end generation.
[transformers] Setting `pad_token_id` to `eos_token_id`:151645 for open-end generation.
[21/3000] valid=14 correct=7 parse_failures=0
[transformers] Setting `pad_token_id` to `eos_token_id`:151645 for open-end generation.
[transformers] Setting `pad_token_id` to `eos_token_id`:151645 for open-end generation.
[22/3000] valid=15 correct=7 parse_failures=0
[transformers] Setting `pad_token_id` to `eos_token_id`:151645 for open-end generation.
[transformers] Setting `pad_token_id` to `eos_token_id`:151645 for open-end generation.
[23/3000] valid=16 correct=8 parse_failures=0
[transformers] Setting `pad_token_id` to `eos_token_id`:151645 for open-end generation.
[transformers] Setting `pad_token_id` to `eos_token_id`:151645 for open-end generation.
[24/3000] valid=16 correct=8 parse_failures=0
[transformers] Setting `pad_token_id` to `eos_token_id`:151645 for open-end generation.
[transformers] Setting `pad_token_id` to `eos_token_id`:151645 for open-end generation.
[25/3000] valid=16 correct=8 parse_failures=0
[transformers] Setting `pad_token_id` to `eos_token_id`:151645 for open-end generation.
[transformers] Setting `pad_token_id` to `eos_token_id`:151645 for open-end generation.
[26/3000] valid=16 correct=8 parse_failures=0
[transformers] Setting `pad_token_id` to `eos_token_id`:151645 for open-end generation.
[transformers] Setting `pad_token_id` to `eos_token_id`:151645 for open-end generation.
[27/3000] valid=16 correct=8 parse_failures=0
[transformers] Setting `pad_token_id` to `eos_token_id`:151645 for open-end generation.
[transformers] Setting `pad_token_id` to `eos_token_id`:151645 for open-end generation.
[28/3000] valid=16 correct=8 parse_failures=0
[transformers] Setting `pad_token_id` to `eos_token_id`:151645 for open-end generation.
[transformers] Setting `pad_token_id` to `eos_token_id`:151645 for open-end generation.
[29/3000] valid=16 correct=8 parse_failures=0
[transformers] Setting `pad_token_id` to `eos_token_id`:151645 for open-end generation.
[transformers] Setting `pad_token_id` to `eos_token_id`:151645 for open-end generation.
[30/3000] valid=16 correct=8 parse_failures=0
[transformers] Setting `pad_token_id` to `eos_token_id`:151645 for open-end generation.
[transformers] Setting `pad_token_id` to `eos_token_id`:151645 for open-end generation.
[31/3000] valid=17 correct=9 parse_failures=0
[transformers] Setting `pad_token_id` to `eos_token_id`:151645 for open-end generation.
[transformers] Setting `pad_token_id` to `eos_token_id`:151645 for open-end generation.
[32/3000] valid=18 correct=10 parse_failures=0
[transformers] Setting `pad_token_id` to `eos_token_id`:151645 for open-end generation.
[transformers] Setting `pad_token_id` to `eos_token_id`:151645 for open-end generation.
[33/3000] valid=19 correct=11 parse_failures=0
[transformers] Setting `pad_token_id` to `eos_token_id`:151645 for open-end generation.
[transformers] Setting `pad_token_id` to `eos_token_id`:151645 for open-end generation.
[34/3000] valid=20 correct=12 parse_failures=0
[transformers] Setting `pad_token_id` to `eos_token_id`:151645 for open-end generation.
[transformers] Setting `pad_token_id` to `eos_token_id`:151645 for open-end generation.
[35/3000] valid=21 correct=13 parse_failures=0
[transformers] Setting `pad_token_id` to `eos_token_id`:151645 for open-end generation.
[transformers] Setting `pad_token_id` to `eos_token_id`:151645 for open-end generation.
[36/3000] valid=22 correct=14 parse_failures=0
[transformers] Setting `pad_token_id` to `eos_token_id`:151645 for open-end generation.
[transformers] Setting `pad_token_id` to `eos_token_id`:151645 for open-end generation.
[37/3000] valid=23 correct=15 parse_failures=0
[transformers] Setting `pad_token_id` to `eos_token_id`:151645 for open-end generation.
[transformers] Setting `pad_token_id` to `eos_token_id`:151645 for open-end generation.
[38/3000] valid=24 correct=16 parse_failures=0
[transformers] Setting `pad_token_id` to `eos_token_id`:151645 for open-end generation.
[transformers] Setting `pad_token_id` to `eos_token_id`:151645 for open-end generation.
[39/3000] valid=25 correct=17 parse_failures=0
[transformers] Setting `pad_token_id` to `eos_token_id`:151645 for open-end generation.
[transformers] Setting `pad_token_id` to `eos_token_id`:151645 for open-end generation.
[40/3000] valid=26 correct=17 parse_failures=0
[transformers] Setting `pad_token_id` to `eos_token_id`:151645 for open-end generation.
[transformers] Setting `pad_token_id` to `eos_token_id`:151645 for open-end generation.
[41/3000] valid=26 correct=17 parse_failures=0
[transformers] Setting `pad_token_id` to `eos_token_id`:151645 for open-end generation.
[transformers] Setting `pad_token_id` to `eos_token_id`:151645 for open-end generation.
[42/3000] valid=26 correct=17 parse_failures=0
[transformers] Setting `pad_token_id` to `eos_token_id`:151645 for open-end generation.
[transformers] Setting `pad_token_id` to `eos_token_id`:151645 for open-end generation.
[43/3000] valid=26 correct=17 parse_failures=0
[transformers] Setting `pad_token_id` to `eos_token_id`:151645 for open-end generation.
[transformers] Setting `pad_token_id` to `eos_token_id`:151645 for open-end generation.
[44/3000] valid=27 correct=18 parse_failures=0
[transformers] Setting `pad_token_id` to `eos_token_id`:151645 for open-end generation.
[transformers] Setting `pad_token_id` to `eos_token_id`:151645 for open-end generation.
[45/3000] valid=27 correct=18 parse_failures=0
[transformers] Setting `pad_token_id` to `eos_token_id`:151645 for open-end generation.
[transformers] Setting `pad_token_id` to `eos_token_id`:151645 for open-end generation.
[46/3000] valid=28 correct=19 parse_failures=0
[transformers] Setting `pad_token_id` to `eos_token_id`:151645 for open-end generation.
[transformers] Setting `pad_token_id` to `eos_token_id`:151645 for open-end generation.
[47/3000] valid=29 correct=20 parse_failures=0
[transformers] Setting `pad_token_id` to `eos_token_id`:151645 for open-end generation.
[transformers] Setting `pad_token_id` to `eos_token_id`:151645 for open-end generation.
[48/3000] valid=30 correct=20 parse_failures=0
[transformers] Setting `pad_token_id` to `eos_token_id`:151645 for open-end generation.
[transformers] Setting `pad_token_id` to `eos_token_id`:151645 for open-end generation.
[49/3000] valid=31 correct=20 parse_failures=0
[transformers] Setting `pad_token_id` to `eos_token_id`:151645 for open-end generation.
[transformers] Setting `pad_token_id` to `eos_token_id`:151645 for open-end generation.
[50/3000] valid=32 correct=21 parse_failures=0
[transformers] Setting `pad_token_id` to `eos_token_id`:151645 for open-end generation.
[transformers] Setting `pad_token_id` to `eos_token_id`:151645 for open-end generation.
[51/3000] valid=33 correct=21 parse_failures=0
[transformers] Setting `pad_token_id` to `eos_token_id`:151645 for open-end generation.
[transformers] Setting `pad_token_id` to `eos_token_id`:151645 for open-end generation.
[52/3000] valid=33 correct=21 parse_failures=0
[transformers] Setting `pad_token_id` to `eos_token_id`:151645 for open-end generation.
[transformers] Setting `pad_token_id` to `eos_token_id`:151645 for open-end generation.
[53/3000] valid=33 correct=21 parse_failures=0
[transformers] Setting `pad_token_id` to `eos_token_id`:151645 for open-end generation.
[transformers] Setting `pad_token_id` to `eos_token_id`:151645 for open-end generation.
[54/3000] valid=33 correct=21 parse_failures=0
[transformers] Setting `pad_token_id` to `eos_token_id`:151645 for open-end generation.
[transformers] Setting `pad_token_id` to `eos_token_id`:151645 for open-end generation.
[55/3000] valid=33 correct=21 parse_failures=0
[transformers] Setting `pad_token_id` to `eos_token_id`:151645 for open-end generation.
[transformers] Setting `pad_token_id` to `eos_token_id`:151645 for open-end generation.
[56/3000] valid=34 correct=21 parse_failures=0
[transformers] Setting `pad_token_id` to `eos_token_id`:151645 for open-end generation.
[transformers] Setting `pad_token_id` to `eos_token_id`:151645 for open-end generation.
[57/3000] valid=35 correct=22 parse_failures=0
[transformers] Setting `pad_token_id` to `eos_token_id`:151645 for open-end generation.
[transformers] Setting `pad_token_id` to `eos_token_id`:151645 for open-end generation.
[58/3000] valid=36 correct=22 parse_failures=0
[transformers] Setting `pad_token_id` to `eos_token_id`:151645 for open-end generation.
[transformers] Setting `pad_token_id` to `eos_token_id`:151645 for open-end generation.
[59/3000] valid=36 correct=22 parse_failures=0
[transformers] Setting `pad_token_id` to `eos_token_id`:151645 for open-end generation.
[transformers] Setting `pad_token_id` to `eos_token_id`:151645 for open-end generation.
[60/3000] valid=37 correct=22 parse_failures=0
[transformers] Setting `pad_token_id` to `eos_token_id`:151645 for open-end generation.
[transformers] Setting `pad_token_id` to `eos_token_id`:151645 for open-end generation.
[61/3000] valid=37 correct=22 parse_failures=0
[transformers] Setting `pad_token_id` to `eos_token_id`:151645 for open-end generation.
[transformers] Setting `pad_token_id` to `eos_token_id`:151645 for open-end generation.
[62/3000] valid=38 correct=22 parse_failures=0
[transformers] Setting `pad_token_id` to `eos_token_id`:151645 for open-end generation.
[transformers] Setting `pad_token_id` to `eos_token_id`:151645 for open-end generation.
[63/3000] valid=39 correct=23 parse_failures=0
[transformers] Setting `pad_token_id` to `eos_token_id`:151645 for open-end generation.
[transformers] Setting `pad_token_id` to `eos_token_id`:151645 for open-end generation.
[64/3000] valid=39 correct=23 parse_failures=0
[transformers] Setting `pad_token_id` to `eos_token_id`:151645 for open-end generation.
[transformers] Setting `pad_token_id` to `eos_token_id`:151645 for open-end generation.
[65/3000] valid=40 correct=23 parse_failures=0
[transformers] Setting `pad_token_id` to `eos_token_id`:151645 for open-end generation.
[transformers] Setting `pad_token_id` to `eos_token_id`:151645 for open-end generation.
[66/3000] valid=41 correct=24 parse_failures=0
[transformers] Setting `pad_token_id` to `eos_token_id`:151645 for open-end generation.
[transformers] Setting `pad_token_id` to `eos_token_id`:151645 for open-end generation.
[67/3000] valid=42 correct=25 parse_failures=0
[transformers] Setting `pad_token_id` to `eos_token_id`:151645 for open-end generation.
[transformers] Setting `pad_token_id` to `eos_token_id`:151645 for open-end generation.
[68/3000] valid=43 correct=26 parse_failures=0
[transformers] Setting `pad_token_id` to `eos_token_id`:151645 for open-end generation.
[transformers] Setting `pad_token_id` to `eos_token_id`:151645 for open-end generation.
[69/3000] valid=44 correct=26 parse_failures=0
[transformers] Setting `pad_token_id` to `eos_token_id`:151645 for open-end generation.
[transformers] Setting `pad_token_id` to `eos_token_id`:151645 for open-end generation.
[70/3000] valid=45 correct=26 parse_failures=0
[transformers] Setting `pad_token_id` to `eos_token_id`:151645 for open-end generation.
[transformers] Setting `pad_token_id` to `eos_token_id`:151645 for open-end generation.
[71/3000] valid=46 correct=26 parse_failures=0
[transformers] Setting `pad_token_id` to `eos_token_id`:151645 for open-end generation.
[transformers] Setting `pad_token_id` to `eos_token_id`:151645 for open-end generation.
[72/3000] valid=47 correct=26 parse_failures=0
[transformers] Setting `pad_token_id` to `eos_token_id`:151645 for open-end generation.
[transformers] Setting `pad_token_id` to `eos_token_id`:151645 for open-end generation.
[73/3000] valid=47 correct=26 parse_failures=0
[transformers] Setting `pad_token_id` to `eos_token_id`:151645 for open-end generation.
[transformers] Setting `pad_token_id` to `eos_token_id`:151645 for open-end generation.
[74/3000] valid=48 correct=26 parse_failures=0
[transformers] Setting `pad_token_id` to `eos_token_id`:151645 for open-end generation.
[transformers] Setting `pad_token_id` to `eos_token_id`:151645 for open-end generation.
[75/3000] valid=49 correct=26 parse_failures=0
[transformers] Setting `pad_token_id` to `eos_token_id`:151645 for open-end generation.
[transformers] Setting `pad_token_id` to `eos_token_id`:151645 for open-end generation.
[76/3000] valid=50 correct=26 parse_failures=0
[transformers] Setting `pad_token_id` to `eos_token_id`:151645 for open-end generation.
[transformers] Setting `pad_token_id` to `eos_token_id`:151645 for open-end generation.
[77/3000] valid=51 correct=26 parse_failures=0
[transformers] Setting `pad_token_id` to `eos_token_id`:151645 for open-end generation.
[transformers] Setting `pad_token_id` to `eos_token_id`:151645 for open-end generation.
[78/3000] valid=51 correct=26 parse_failures=0
[transformers] Setting `pad_token_id` to `eos_token_id`:151645 for open-end generation.
[transformers] Setting `pad_token_id` to `eos_token_id`:151645 for open-end generation.
[79/3000] valid=52 correct=26 parse_failures=0
[transformers] Setting `pad_token_id` to `eos_token_id`:151645 for open-end generation.
[transformers] Setting `pad_token_id` to `eos_token_id`:151645 for open-end generation.
[80/3000] valid=52 correct=26 parse_failures=0
[transformers] Setting `pad_token_id` to `eos_token_id`:151645 for open-end generation.
[transformers] Setting `pad_token_id` to `eos_token_id`:151645 for open-end generation.
[81/3000] valid=53 correct=26 parse_failures=0
[transformers] Setting `pad_token_id` to `eos_token_id`:151645 for open-end generation.
[transformers] Setting `pad_token_id` to `eos_token_id`:151645 for open-end generation.
[82/3000] valid=54 correct=26 parse_failures=0
[transformers] Setting `pad_token_id` to `eos_token_id`:151645 for open-end generation.
[transformers] Setting `pad_token_id` to `eos_token_id`:151645 for open-end generation.
[83/3000] valid=55 correct=26 parse_failures=0
[transformers] Setting `pad_token_id` to `eos_token_id`:151645 for open-end generation.
[transformers] Setting `pad_token_id` to `eos_token_id`:151645 for open-end generation.
[84/3000] valid=56 correct=27 parse_failures=0
[transformers] Setting `pad_token_id` to `eos_token_id`:151645 for open-end generation.
[transformers] Setting `pad_token_id` to `eos_token_id`:151645 for open-end generation.
[85/3000] valid=56 correct=27 parse_failures=0
[transformers] Setting `pad_token_id` to `eos_token_id`:151645 for open-end generation.
[transformers] Setting `pad_token_id` to `eos_token_id`:151645 for open-end generation.
[86/3000] valid=57 correct=27 parse_failures=0
[transformers] Setting `pad_token_id` to `eos_token_id`:151645 for open-end generation.
[transformers] Setting `pad_token_id` to `eos_token_id`:151645 for open-end generation.
[87/3000] valid=58 correct=28 parse_failures=0
[transformers] Setting `pad_token_id` to `eos_token_id`:151645 for open-end generation.
[transformers] Setting `pad_token_id` to `eos_token_id`:151645 for open-end generation.
[88/3000] valid=58 correct=28 parse_failures=0
[transformers] Setting `pad_token_id` to `eos_token_id`:151645 for open-end generation.
[transformers] Setting `pad_token_id` to `eos_token_id`:151645 for open-end generation.
[89/3000] valid=59 correct=29 parse_failures=0
[transformers] Setting `pad_token_id` to `eos_token_id`:151645 for open-end generation.
[transformers] Setting `pad_token_id` to `eos_token_id`:151645 for open-end generation.
[90/3000] valid=60 correct=30 parse_failures=0
[transformers] Setting `pad_token_id` to `eos_token_id`:151645 for open-end generation.
[transformers] Setting `pad_token_id` to `eos_token_id`:151645 for open-end generation.
[91/3000] valid=61 correct=31 parse_failures=0
[transformers] Setting `pad_token_id` to `eos_token_id`:151645 for open-end generation.
[transformers] Setting `pad_token_id` to `eos_token_id`:151645 for open-end generation.
[92/3000] valid=62 correct=32 parse_failures=0
[transformers] Setting `pad_token_id` to `eos_token_id`:151645 for open-end generation.
[transformers] Setting `pad_token_id` to `eos_token_id`:151645 for open-end generation.
[93/3000] valid=63 correct=32 parse_failures=0
[transformers] Setting `pad_token_id` to `eos_token_id`:151645 for open-end generation.
[transformers] Setting `pad_token_id` to `eos_token_id`:151645 for open-end generation.
[94/3000] valid=64 correct=32 parse_failures=0
[transformers] Setting `pad_token_id` to `eos_token_id`:151645 for open-end generation.
[transformers] Setting `pad_token_id` to `eos_token_id`:151645 for open-end generation.
[95/3000] valid=65 correct=33 parse_failures=0
[transformers] Setting `pad_token_id` to `eos_token_id`:151645 for open-end generation.
[transformers] Setting `pad_token_id` to `eos_token_id`:151645 for open-end generation.
[96/3000] valid=66 correct=34 parse_failures=0
[transformers] Setting `pad_token_id` to `eos_token_id`:151645 for open-end generation.
[transformers] Setting `pad_token_id` to `eos_token_id`:151645 for open-end generation.
[97/3000] valid=67 correct=35 parse_failures=0
[transformers] Setting `pad_token_id` to `eos_token_id`:151645 for open-end generation.
[transformers] Setting `pad_token_id` to `eos_token_id`:151645 for open-end generation.
[98/3000] valid=68 correct=36 parse_failures=0
[transformers] Setting `pad_token_id` to `eos_token_id`:151645 for open-end generation.
[transformers] Setting `pad_token_id` to `eos_token_id`:151645 for open-end generation.
[99/3000] valid=69 correct=37 parse_failures=0
[transformers] Setting `pad_token_id` to `eos_token_id`:151645 for open-end generation.
[transformers] Setting `pad_token_id` to `eos_token_id`:151645 for open-end generation.
[100/3000] valid=70 correct=37 parse_failures=0
[transformers] Setting `pad_token_id` to `eos_token_id`:151645 for open-end generation.
[transformers] Setting `pad_token_id` to `eos_token_id`:151645 for open-end generation.
[101/3000] valid=71 correct=37 parse_failures=0
[transformers] Setting `pad_token_id` to `eos_token_id`:151645 for open-end generation.
[transformers] Setting `pad_token_id` to `eos_token_id`:151645 for open-end generation.
[102/3000] valid=72 correct=37 parse_failures=0
[transformers] Setting `pad_token_id` to `eos_token_id`:151645 for open-end generation.
[transformers] Setting `pad_token_id` to `eos_token_id`:151645 for open-end generation.
[103/3000] valid=73 correct=37 parse_failures=0
[transformers] Setting `pad_token_id` to `eos_token_id`:151645 for open-end generation.
[transformers] Setting `pad_token_id` to `eos_token_id`:151645 for open-end generation.
[104/3000] valid=74 correct=37 parse_failures=0
[transformers] Setting `pad_token_id` to `eos_token_id`:151645 for open-end generation.
[transformers] Setting `pad_token_id` to `eos_token_id`:151645 for open-end generation.
[105/3000] valid=75 correct=38 parse_failures=0
[transformers] Setting `pad_token_id` to `eos_token_id`:151645 for open-end generation.
[transformers] Setting `pad_token_id` to `eos_token_id`:151645 for open-end generation.
[106/3000] valid=76 correct=38 parse_failures=0
[transformers] Setting `pad_token_id` to `eos_token_id`:151645 for open-end generation.
[transformers] Setting `pad_token_id` to `eos_token_id`:151645 for open-end generation.
[107/3000] valid=76 correct=38 parse_failures=0
[transformers] Setting `pad_token_id` to `eos_token_id`:151645 for open-end generation.
[transformers] Setting `pad_token_id` to `eos_token_id`:151645 for open-end generation.
[108/3000] valid=77 correct=38 parse_failures=0
[transformers] Setting `pad_token_id` to `eos_token_id`:151645 for open-end generation.
[transformers] Setting `pad_token_id` to `eos_token_id`:151645 for open-end generation.
[109/3000] valid=78 correct=39 parse_failures=0
[transformers] Setting `pad_token_id` to `eos_token_id`:151645 for open-end generation.
[transformers] Setting `pad_token_id` to `eos_token_id`:151645 for open-end generation.
[110/3000] valid=79 correct=39 parse_failures=0
[transformers] Setting `pad_token_id` to `eos_token_id`:151645 for open-end generation.
[transformers] Setting `pad_token_id` to `eos_token_id`:151645 for open-end generation.
[111/3000] valid=80 correct=39 parse_failures=0
[transformers] Setting `pad_token_id` to `eos_token_id`:151645 for open-end generation.
[transformers] Setting `pad_token_id` to `eos_token_id`:151645 for open-end generation.
[112/3000] valid=81 correct=40 parse_failures=0
[transformers] Setting `pad_token_id` to `eos_token_id`:151645 for open-end generation.
[transformers] Setting `pad_token_id` to `eos_token_id`:151645 for open-end generation.
[113/3000] valid=82 correct=41 parse_failures=0
[transformers] Setting `pad_token_id` to `eos_token_id`:151645 for open-end generation.
[transformers] Setting `pad_token_id` to `eos_token_id`:151645 for open-end generation.
[114/3000] valid=83 correct=41 parse_failures=0
[transformers] Setting `pad_token_id` to `eos_token_id`:151645 for open-end generation.
[transformers] Setting `pad_token_id` to `eos_token_id`:151645 for open-end generation.
[115/3000] valid=84 correct=41 parse_failures=0
[transformers] Setting `pad_token_id` to `eos_token_id`:151645 for open-end generation.
[transformers] Setting `pad_token_id` to `eos_token_id`:151645 for open-end generation.
[116/3000] valid=85 correct=41 parse_failures=0
[transformers] Setting `pad_token_id` to `eos_token_id`:151645 for open-end generation.
[transformers] Setting `pad_token_id` to `eos_token_id`:151645 for open-end generation.
[117/3000] valid=86 correct=42 parse_failures=0
[transformers] Setting `pad_token_id` to `eos_token_id`:151645 for open-end generation.
[transformers] Setting `pad_token_id` to `eos_token_id`:151645 for open-end generation.
[118/3000] valid=87 correct=43 parse_failures=0
[transformers] Setting `pad_token_id` to `eos_token_id`:151645 for open-end generation.
[transformers] Setting `pad_token_id` to `eos_token_id`:151645 for open-end generation.
[119/3000] valid=87 correct=43 parse_failures=0
[transformers] Setting `pad_token_id` to `eos_token_id`:151645 for open-end generation.
[transformers] Setting `pad_token_id` to `eos_token_id`:151645 for open-end generation.
[120/3000] valid=88 correct=44 parse_failures=0
[transformers] Setting `pad_token_id` to `eos_token_id`:151645 for open-end generation.
[transformers] Setting `pad_token_id` to `eos_token_id`:151645 for open-end generation.
[121/3000] valid=89 correct=45 parse_failures=0
[transformers] Setting `pad_token_id` to `eos_token_id`:151645 for open-end generation.
[transformers] Setting `pad_token_id` to `eos_token_id`:151645 for open-end generation.
[122/3000] valid=90 correct=45 parse_failures=0
[transformers] Setting `pad_token_id` to `eos_token_id`:151645 for open-end generation.
[transformers] Setting `pad_token_id` to `eos_token_id`:151645 for open-end generation.
[123/3000] valid=91 correct=45 parse_failures=0
[transformers] Setting `pad_token_id` to `eos_token_id`:151645 for open-end generation.
[transformers] Setting `pad_token_id` to `eos_token_id`:151645 for open-end generation.
[124/3000] valid=92 correct=46 parse_failures=0
[transformers] Setting `pad_token_id` to `eos_token_id`:151645 for open-end generation.
[transformers] Setting `pad_token_id` to `eos_token_id`:151645 for open-end generation.
[125/3000] valid=93 correct=47 parse_failures=0
[transformers] Setting `pad_token_id` to `eos_token_id`:151645 for open-end generation.
[transformers] Setting `pad_token_id` to `eos_token_id`:151645 for open-end generation.
[126/3000] valid=93 correct=47 parse_failures=0
[transformers] Setting `pad_token_id` to `eos_token_id`:151645 for open-end generation.
[transformers] Setting `pad_token_id` to `eos_token_id`:151645 for open-end generation.
[127/3000] valid=93 correct=47 parse_failures=0
[transformers] Setting `pad_token_id` to `eos_token_id`:151645 for open-end generation.
[transformers] Setting `pad_token_id` to `eos_token_id`:151645 for open-end generation.
[128/3000] valid=94 correct=47 parse_failures=0
[transformers] Setting `pad_token_id` to `eos_token_id`:151645 for open-end generation.
[transformers] Setting `pad_token_id` to `eos_token_id`:151645 for open-end generation.
[129/3000] valid=95 correct=48 parse_failures=0
[transformers] Setting `pad_token_id` to `eos_token_id`:151645 for open-end generation.
[transformers] Setting `pad_token_id` to `eos_token_id`:151645 for open-end generation.
[130/3000] valid=96 correct=49 parse_failures=0
[transformers] Setting `pad_token_id` to `eos_token_id`:151645 for open-end generation.
[transformers] Setting `pad_token_id` to `eos_token_id`:151645 for open-end generation.
[131/3000] valid=97 correct=49 parse_failures=0
[transformers] Setting `pad_token_id` to `eos_token_id`:151645 for open-end generation.
[transformers] Setting `pad_token_id` to `eos_token_id`:151645 for open-end generation.
[132/3000] valid=98 correct=49 parse_failures=0
[transformers] Setting `pad_token_id` to `eos_token_id`:151645 for open-end generation.
[transformers] Setting `pad_token_id` to `eos_token_id`:151645 for open-end generation.
[133/3000] valid=99 correct=49 parse_failures=0
[transformers] Setting `pad_token_id` to `eos_token_id`:151645 for open-end generation.
[transformers] Setting `pad_token_id` to `eos_token_id`:151645 for open-end generation.
[134/3000] valid=99 correct=49 parse_failures=0
[transformers] Setting `pad_token_id` to `eos_token_id`:151645 for open-end generation.
[transformers] Setting `pad_token_id` to `eos_token_id`:151645 for open-end generation.
[135/3000] valid=99 correct=49 parse_failures=0
[transformers] Setting `pad_token_id` to `eos_token_id`:151645 for open-end generation.
[transformers] Setting `pad_token_id` to `eos_token_id`:151645 for open-end generation.
[136/3000] valid=99 correct=49 parse_failures=0
[transformers] Setting `pad_token_id` to `eos_token_id`:151645 for open-end generation.
[transformers] Setting `pad_token_id` to `eos_token_id`:151645 for open-end generation.
[137/3000] valid=100 correct=50 parse_failures=0
[transformers] Setting `pad_token_id` to `eos_token_id`:151645 for open-end generation.
[transformers] Setting `pad_token_id` to `eos_token_id`:151645 for open-end generation.
[138/3000] valid=101 correct=50 parse_failures=0
[transformers] Setting `pad_token_id` to `eos_token_id`:151645 for open-end generation.
[transformers] Setting `pad_token_id` to `eos_token_id`:151645 for open-end generation.
[139/3000] valid=102 correct=50 parse_failures=0
[transformers] Setting `pad_token_id` to `eos_token_id`:151645 for open-end generation.
[transformers] Setting `pad_token_id` to `eos_token_id`:151645 for open-end generation.
[140/3000] valid=103 correct=51 parse_failures=0
[transformers] Setting `pad_token_id` to `eos_token_id`:151645 for open-end generation.
[transformers] Setting `pad_token_id` to `eos_token_id`:151645 for open-end generation.
[141/3000] valid=103 correct=51 parse_failures=0
[transformers] Setting `pad_token_id` to `eos_token_id`:151645 for open-end generation.
[transformers] Setting `pad_token_id` to `eos_token_id`:151645 for open-end generation.
[142/3000] valid=104 correct=52 parse_failures=0
[transformers] Setting `pad_token_id` to `eos_token_id`:151645 for open-end generation.
[transformers] Setting `pad_token_id` to `eos_token_id`:151645 for open-end generation.
[143/3000] valid=104 correct=52 parse_failures=0
[transformers] Setting `pad_token_id` to `eos_token_id`:151645 for open-end generation.
[transformers] Setting `pad_token_id` to `eos_token_id`:151645 for open-end generation.
[144/3000] valid=105 correct=53 parse_failures=0
[transformers] Setting `pad_token_id` to `eos_token_id`:151645 for open-end generation.
[transformers] Setting `pad_token_id` to `eos_token_id`:151645 for open-end generation.
[145/3000] valid=106 correct=54 parse_failures=0
[transformers] Setting `pad_token_id` to `eos_token_id`:151645 for open-end generation.
[transformers] Setting `pad_token_id` to `eos_token_id`:151645 for open-end generation.
[146/3000] valid=107 correct=55 parse_failures=0
[transformers] Setting `pad_token_id` to `eos_token_id`:151645 for open-end generation.
[transformers] Setting `pad_token_id` to `eos_token_id`:151645 for open-end generation.
[147/3000] valid=108 correct=56 parse_failures=0
[transformers] Setting `pad_token_id` to `eos_token_id`:151645 for open-end generation.
[transformers] Setting `pad_token_id` to `eos_token_id`:151645 for open-end generation.
[148/3000] valid=109 correct=57 parse_failures=0
[transformers] Setting `pad_token_id` to `eos_token_id`:151645 for open-end generation.
[transformers] Setting `pad_token_id` to `eos_token_id`:151645 for open-end generation.
[149/3000] valid=110 correct=58 parse_failures=0
[transformers] Setting `pad_token_id` to `eos_token_id`:151645 for open-end generation.
[transformers] Setting `pad_token_id` to `eos_token_id`:151645 for open-end generation.
[150/3000] valid=111 correct=59 parse_failures=0
[transformers] Setting `pad_token_id` to `eos_token_id`:151645 for open-end generation.
[transformers] Setting `pad_token_id` to `eos_token_id`:151645 for open-end generation.
[151/3000] valid=112 correct=60 parse_failures=0
[transformers] Setting `pad_token_id` to `eos_token_id`:151645 for open-end generation.
[transformers] Setting `pad_token_id` to `eos_token_id`:151645 for open-end generation.
[152/3000] valid=113 correct=61 parse_failures=0
[transformers] Setting `pad_token_id` to `eos_token_id`:151645 for open-end generation.
[transformers] Setting `pad_token_id` to `eos_token_id`:151645 for open-end generation.
[153/3000] valid=114 correct=62 parse_failures=0
[transformers] Setting `pad_token_id` to `eos_token_id`:151645 for open-end generation.
[transformers] Setting `pad_token_id` to `eos_token_id`:151645 for open-end generation.
[154/3000] valid=115 correct=63 parse_failures=0
[transformers] Setting `pad_token_id` to `eos_token_id`:151645 for open-end generation.
[transformers] Setting `pad_token_id` to `eos_token_id`:151645 for open-end generation.
[155/3000] valid=116 correct=64 parse_failures=0
[transformers] Setting `pad_token_id` to `eos_token_id`:151645 for open-end generation.
[transformers] Setting `pad_token_id` to `eos_token_id`:151645 for open-end generation.
[156/3000] valid=117 correct=65 parse_failures=0
[transformers] Setting `pad_token_id` to `eos_token_id`:151645 for open-end generation.
[transformers] Setting `pad_token_id` to `eos_token_id`:151645 for open-end generation.
[157/3000] valid=117 correct=65 parse_failures=0
[transformers] Setting `pad_token_id` to `eos_token_id`:151645 for open-end generation.
[transformers] Setting `pad_token_id` to `eos_token_id`:151645 for open-end generation.
[158/3000] valid=118 correct=66 parse_failures=0
[transformers] Setting `pad_token_id` to `eos_token_id`:151645 for open-end generation.
[transformers] Setting `pad_token_id` to `eos_token_id`:151645 for open-end generation.
[159/3000] valid=118 correct=66 parse_failures=0
[transformers] Setting `pad_token_id` to `eos_token_id`:151645 for open-end generation.
[transformers] Setting `pad_token_id` to `eos_token_id`:151645 for open-end generation.
[160/3000] valid=119 correct=67 parse_failures=0
[transformers] Setting `pad_token_id` to `eos_token_id`:151645 for open-end generation.
[transformers] Setting `pad_token_id` to `eos_token_id`:151645 for open-end generation.
[161/3000] valid=120 correct=68 parse_failures=0
[transformers] Setting `pad_token_id` to `eos_token_id`:151645 for open-end generation.
[transformers] Setting `pad_token_id` to `eos_token_id`:151645 for open-end generation.
[162/3000] valid=121 correct=69 parse_failures=0
[transformers] Setting `pad_token_id` to `eos_token_id`:151645 for open-end generation.
[transformers] Setting `pad_token_id` to `eos_token_id`:151645 for open-end generation.
[163/3000] valid=121 correct=69 parse_failures=0
[transformers] Setting `pad_token_id` to `eos_token_id`:151645 for open-end generation.
[transformers] Setting `pad_token_id` to `eos_token_id`:151645 for open-end generation.
[164/3000] valid=122 correct=70 parse_failures=0
[transformers] Setting `pad_token_id` to `eos_token_id`:151645 for open-end generation.
[transformers] Setting `pad_token_id` to `eos_token_id`:151645 for open-end generation.
[165/3000] valid=123 correct=71 parse_failures=0
[transformers] Setting `pad_token_id` to `eos_token_id`:151645 for open-end generation.
[transformers] Setting `pad_token_id` to `eos_token_id`:151645 for open-end generation.
[166/3000] valid=124 correct=72 parse_failures=0
[transformers] Setting `pad_token_id` to `eos_token_id`:151645 for open-end generation.
[transformers] Setting `pad_token_id` to `eos_token_id`:151645 for open-end generation.
[167/3000] valid=125 correct=72 parse_failures=0
[transformers] Setting `pad_token_id` to `eos_token_id`:151645 for open-end generation.
[transformers] Setting `pad_token_id` to `eos_token_id`:151645 for open-end generation.
[168/3000] valid=126 correct=72 parse_failures=0
[transformers] Setting `pad_token_id` to `eos_token_id`:151645 for open-end generation.
[transformers] Setting `pad_token_id` to `eos_token_id`:151645 for open-end generation.
[169/3000] valid=127 correct=72 parse_failures=0
[transformers] Setting `pad_token_id` to `eos_token_id`:151645 for open-end generation.
[transformers] Setting `pad_token_id` to `eos_token_id`:151645 for open-end generation.
[170/3000] valid=128 correct=72 parse_failures=0
[transformers] Setting `pad_token_id` to `eos_token_id`:151645 for open-end generation.
[transformers] Setting `pad_token_id` to `eos_token_id`:151645 for open-end generation.
[171/3000] valid=129 correct=72 parse_failures=0
[transformers] Setting `pad_token_id` to `eos_token_id`:151645 for open-end generation.
[transformers] Setting `pad_token_id` to `eos_token_id`:151645 for open-end generation.
[172/3000] valid=130 correct=72 parse_failures=0
[transformers] Setting `pad_token_id` to `eos_token_id`:151645 for open-end generation.
[transformers] Setting `pad_token_id` to `eos_token_id`:151645 for open-end generation.
[173/3000] valid=131 correct=72 parse_failures=0
[transformers] Setting `pad_token_id` to `eos_token_id`:151645 for open-end generation.
[transformers] Setting `pad_token_id` to `eos_token_id`:151645 for open-end generation.
[174/3000] valid=132 correct=72 parse_failures=0
[transformers] Setting `pad_token_id` to `eos_token_id`:151645 for open-end generation.
[transformers] Setting `pad_token_id` to `eos_token_id`:151645 for open-end generation.
[175/3000] valid=133 correct=72 parse_failures=0
[transformers] Setting `pad_token_id` to `eos_token_id`:151645 for open-end generation.
[transformers] Setting `pad_token_id` to `eos_token_id`:151645 for open-end generation.
[176/3000] valid=134 correct=72 parse_failures=0
[transformers] Setting `pad_token_id` to `eos_token_id`:151645 for open-end generation.
[transformers] Setting `pad_token_id` to `eos_token_id`:151645 for open-end generation.
[177/3000] valid=135 correct=72 parse_failures=0
[transformers] Setting `pad_token_id` to `eos_token_id`:151645 for open-end generation.
[transformers] Setting `pad_token_id` to `eos_token_id`:151645 for open-end generation.
[178/3000] valid=136 correct=72 parse_failures=0
[transformers] Setting `pad_token_id` to `eos_token_id`:151645 for open-end generation.
[transformers] Setting `pad_token_id` to `eos_token_id`:151645 for open-end generation.
[179/3000] valid=137 correct=72 parse_failures=0
[transformers] Setting `pad_token_id` to `eos_token_id`:151645 for open-end generation.
[transformers] Setting `pad_token_id` to `eos_token_id`:151645 for open-end generation.
[180/3000] valid=137 correct=72 parse_failures=0
[transformers] Setting `pad_token_id` to `eos_token_id`:151645 for open-end generation.
[transformers] Setting `pad_token_id` to `eos_token_id`:151645 for open-end generation.
[181/3000] valid=137 correct=72 parse_failures=0
[transformers] Setting `pad_token_id` to `eos_token_id`:151645 for open-end generation.
[transformers] Setting `pad_token_id` to `eos_token_id`:151645 for open-end generation.
[182/3000] valid=138 correct=73 parse_failures=0
[transformers] Setting `pad_token_id` to `eos_token_id`:151645 for open-end generation.
[transformers] Setting `pad_token_id` to `eos_token_id`:151645 for open-end generation.
[183/3000] valid=139 correct=73 parse_failures=0
[transformers] Setting `pad_token_id` to `eos_token_id`:151645 for open-end generation.
[transformers] Setting `pad_token_id` to `eos_token_id`:151645 for open-end generation.
[184/3000] valid=140 correct=74 parse_failures=0
[transformers] Setting `pad_token_id` to `eos_token_id`:151645 for open-end generation.
[transformers] Setting `pad_token_id` to `eos_token_id`:151645 for open-end generation.
[185/3000] valid=141 correct=74 parse_failures=0
[transformers] Setting `pad_token_id` to `eos_token_id`:151645 for open-end generation.
[transformers] Setting `pad_token_id` to `eos_token_id`:151645 for open-end generation.
[186/3000] valid=142 correct=74 parse_failures=0
[transformers] Setting `pad_token_id` to `eos_token_id`:151645 for open-end generation.
[transformers] Setting `pad_token_id` to `eos_token_id`:151645 for open-end generation.
[187/3000] valid=142 correct=74 parse_failures=0
[transformers] Setting `pad_token_id` to `eos_token_id`:151645 for open-end generation.
[transformers] Setting `pad_token_id` to `eos_token_id`:151645 for open-end generation.
[188/3000] valid=142 correct=74 parse_failures=0
[transformers] Setting `pad_token_id` to `eos_token_id`:151645 for open-end generation.
[transformers] Setting `pad_token_id` to `eos_token_id`:151645 for open-end generation.
[189/3000] valid=142 correct=74 parse_failures=0
[transformers] Setting `pad_token_id` to `eos_token_id`:151645 for open-end generation.
[transformers] Setting `pad_token_id` to `eos_token_id`:151645 for open-end generation.
[190/3000] valid=143 correct=75 parse_failures=0
[transformers] Setting `pad_token_id` to `eos_token_id`:151645 for open-end generation.
[transformers] Setting `pad_token_id` to `eos_token_id`:151645 for open-end generation.
[191/3000] valid=144 correct=76 parse_failures=0
[transformers] Setting `pad_token_id` to `eos_token_id`:151645 for open-end generation.
[transformers] Setting `pad_token_id` to `eos_token_id`:151645 for open-end generation.
[192/3000] valid=145 correct=77 parse_failures=0
[transformers] Setting `pad_token_id` to `eos_token_id`:151645 for open-end generation.
[transformers] Setting `pad_token_id` to `eos_token_id`:151645 for open-end generation.
[193/3000] valid=146 correct=78 parse_failures=0
[transformers] Setting `pad_token_id` to `eos_token_id`:151645 for open-end generation.
[transformers] Setting `pad_token_id` to `eos_token_id`:151645 for open-end generation.
[194/3000] valid=147 correct=79 parse_failures=0
[transformers] Setting `pad_token_id` to `eos_token_id`:151645 for open-end generation.
[transformers] Setting `pad_token_id` to `eos_token_id`:151645 for open-end generation.
[195/3000] valid=148 correct=80 parse_failures=0
[transformers] Setting `pad_token_id` to `eos_token_id`:151645 for open-end generation.
[transformers] Setting `pad_token_id` to `eos_token_id`:151645 for open-end generation.
[196/3000] valid=149 correct=81 parse_failures=0
[transformers] Setting `pad_token_id` to `eos_token_id`:151645 for open-end generation.
[transformers] Setting `pad_token_id` to `eos_token_id`:151645 for open-end generation.
[197/3000] valid=150 correct=82 parse_failures=0
[transformers] Setting `pad_token_id` to `eos_token_id`:151645 for open-end generation.
[transformers] Setting `pad_token_id` to `eos_token_id`:151645 for open-end generation.
[198/3000] valid=150 correct=82 parse_failures=0
[transformers] Setting `pad_token_id` to `eos_token_id`:151645 for open-end generation.
[transformers] Setting `pad_token_id` to `eos_token_id`:151645 for open-end generation.
[199/3000] valid=151 correct=83 parse_failures=0
[transformers] Setting `pad_token_id` to `eos_token_id`:151645 for open-end generation.
[transformers] Setting `pad_token_id` to `eos_token_id`:151645 for open-end generation.
[200/3000] valid=151 correct=83 parse_failures=0
[transformers] Setting `pad_token_id` to `eos_token_id`:151645 for open-end generation.
[transformers] Setting `pad_token_id` to `eos_token_id`:151645 for open-end generation.
[201/3000] valid=152 correct=84 parse_failures=0
[transformers] Setting `pad_token_id` to `eos_token_id`:151645 for open-end generation.
[transformers] Setting `pad_token_id` to `eos_token_id`:151645 for open-end generation.
[202/3000] valid=153 correct=85 parse_failures=0
[transformers] Setting `pad_token_id` to `eos_token_id`:151645 for open-end generation.
[transformers] Setting `pad_token_id` to `eos_token_id`:151645 for open-end generation.
[203/3000] valid=153 correct=85 parse_failures=0
[transformers] Setting `pad_token_id` to `eos_token_id`:151645 for open-end generation.
[transformers] Setting `pad_token_id` to `eos_token_id`:151645 for open-end generation.
[204/3000] valid=153 correct=85 parse_failures=0
[transformers] Setting `pad_token_id` to `eos_token_id`:151645 for open-end generation.
[transformers] Setting `pad_token_id` to `eos_token_id`:151645 for open-end generation.
[205/3000] valid=154 correct=86 parse_failures=0
[transformers] Setting `pad_token_id` to `eos_token_id`:151645 for open-end generation.
[transformers] Setting `pad_token_id` to `eos_token_id`:151645 for open-end generation.
[206/3000] valid=155 correct=87 parse_failures=0
[transformers] Setting `pad_token_id` to `eos_token_id`:151645 for open-end generation.
[transformers] Setting `pad_token_id` to `eos_token_id`:151645 for open-end generation.
[207/3000] valid=156 correct=88 parse_failures=0
[transformers] Setting `pad_token_id` to `eos_token_id`:151645 for open-end generation.
[transformers] Setting `pad_token_id` to `eos_token_id`:151645 for open-end generation.
[208/3000] valid=156 correct=88 parse_failures=0
[transformers] Setting `pad_token_id` to `eos_token_id`:151645 for open-end generation.
[transformers] Setting `pad_token_id` to `eos_token_id`:151645 for open-end generation.
[209/3000] valid=156 correct=88 parse_failures=0
[transformers] Setting `pad_token_id` to `eos_token_id`:151645 for open-end generation.
[transformers] Setting `pad_token_id` to `eos_token_id`:151645 for open-end generation.
[210/3000] valid=157 correct=89 parse_failures=0
[transformers] Setting `pad_token_id` to `eos_token_id`:151645 for open-end generation.
[transformers] Setting `pad_token_id` to `eos_token_id`:151645 for open-end generation.
[211/3000] valid=158 correct=90 parse_failures=0
[transformers] Setting `pad_token_id` to `eos_token_id`:151645 for open-end generation.
[transformers] Setting `pad_token_id` to `eos_token_id`:151645 for open-end generation.
[212/3000] valid=159 correct=91 parse_failures=0
[transformers] Setting `pad_token_id` to `eos_token_id`:151645 for open-end generation.
[transformers] Setting `pad_token_id` to `eos_token_id`:151645 for open-end generation.
[213/3000] valid=160 correct=92 parse_failures=0
[transformers] Setting `pad_token_id` to `eos_token_id`:151645 for open-end generation.
[transformers] Setting `pad_token_id` to `eos_token_id`:151645 for open-end generation.
[214/3000] valid=161 correct=93 parse_failures=0
[transformers] Setting `pad_token_id` to `eos_token_id`:151645 for open-end generation.
[transformers] Setting `pad_token_id` to `eos_token_id`:151645 for open-end generation.
[215/3000] valid=162 correct=94 parse_failures=0
[transformers] Setting `pad_token_id` to `eos_token_id`:151645 for open-end generation.
[transformers] Setting `pad_token_id` to `eos_token_id`:151645 for open-end generation.
[216/3000] valid=162 correct=94 parse_failures=0
[transformers] Setting `pad_token_id` to `eos_token_id`:151645 for open-end generation.
[transformers] Setting `pad_token_id` to `eos_token_id`:151645 for open-end generation.
[217/3000] valid=163 correct=95 parse_failures=0
[transformers] Setting `pad_token_id` to `eos_token_id`:151645 for open-end generation.
[transformers] Setting `pad_token_id` to `eos_token_id`:151645 for open-end generation.
[218/3000] valid=163 correct=95 parse_failures=0
[transformers] Setting `pad_token_id` to `eos_token_id`:151645 for open-end generation.
[transformers] Setting `pad_token_id` to `eos_token_id`:151645 for open-end generation.
[219/3000] valid=164 correct=96 parse_failures=0
[transformers] Setting `pad_token_id` to `eos_token_id`:151645 for open-end generation.
[transformers] Setting `pad_token_id` to `eos_token_id`:151645 for open-end generation.
[220/3000] valid=165 correct=97 parse_failures=0
[transformers] Setting `pad_token_id` to `eos_token_id`:151645 for open-end generation.
[transformers] Setting `pad_token_id` to `eos_token_id`:151645 for open-end generation.
[221/3000] valid=166 correct=97 parse_failures=0
[transformers] Setting `pad_token_id` to `eos_token_id`:151645 for open-end generation.
[transformers] Setting `pad_token_id` to `eos_token_id`:151645 for open-end generation.
[222/3000] valid=167 correct=97 parse_failures=0
[transformers] Setting `pad_token_id` to `eos_token_id`:151645 for open-end generation.
[transformers] Setting `pad_token_id` to `eos_token_id`:151645 for open-end generation.
[223/3000] valid=168 correct=97 parse_failures=0
[transformers] Setting `pad_token_id` to `eos_token_id`:151645 for open-end generation.
[transformers] Setting `pad_token_id` to `eos_token_id`:151645 for open-end generation.
[224/3000] valid=169 correct=97 parse_failures=0
[transformers] Setting `pad_token_id` to `eos_token_id`:151645 for open-end generation.
[transformers] Setting `pad_token_id` to `eos_token_id`:151645 for open-end generation.
[225/3000] valid=170 correct=97 parse_failures=0
[transformers] Setting `pad_token_id` to `eos_token_id`:151645 for open-end generation.
[transformers] Setting `pad_token_id` to `eos_token_id`:151645 for open-end generation.
[226/3000] valid=171 correct=98 parse_failures=0
[transformers] Setting `pad_token_id` to `eos_token_id`:151645 for open-end generation.
[transformers] Setting `pad_token_id` to `eos_token_id`:151645 for open-end generation.
[227/3000] valid=172 correct=99 parse_failures=0
[transformers] Setting `pad_token_id` to `eos_token_id`:151645 for open-end generation.
[transformers] Setting `pad_token_id` to `eos_token_id`:151645 for open-end generation.
[228/3000] valid=173 correct=100 parse_failures=0
[transformers] Setting `pad_token_id` to `eos_token_id`:151645 for open-end generation.
[transformers] Setting `pad_token_id` to `eos_token_id`:151645 for open-end generation.
[229/3000] valid=173 correct=100 parse_failures=0
[transformers] Setting `pad_token_id` to `eos_token_id`:151645 for open-end generation.
[transformers] Setting `pad_token_id` to `eos_token_id`:151645 for open-end generation.
[230/3000] valid=173 correct=100 parse_failures=0
[transformers] Setting `pad_token_id` to `eos_token_id`:151645 for open-end generation.
[transformers] Setting `pad_token_id` to `eos_token_id`:151645 for open-end generation.
[231/3000] valid=174 correct=101 parse_failures=0
[transformers] Setting `pad_token_id` to `eos_token_id`:151645 for open-end generation.
[transformers] Setting `pad_token_id` to `eos_token_id`:151645 for open-end generation.
[232/3000] valid=174 correct=101 parse_failures=0
[transformers] Setting `pad_token_id` to `eos_token_id`:151645 for open-end generation.
[transformers] Setting `pad_token_id` to `eos_token_id`:151645 for open-end generation.
[233/3000] valid=175 correct=101 parse_failures=0
[transformers] Setting `pad_token_id` to `eos_token_id`:151645 for open-end generation.
[transformers] Setting `pad_token_id` to `eos_token_id`:151645 for open-end generation.
[234/3000] valid=176 correct=102 parse_failures=0
[transformers] Setting `pad_token_id` to `eos_token_id`:151645 for open-end generation.
[transformers] Setting `pad_token_id` to `eos_token_id`:151645 for open-end generation.
[235/3000] valid=176 correct=102 parse_failures=0
[transformers] Setting `pad_token_id` to `eos_token_id`:151645 for open-end generation.
[transformers] Setting `pad_token_id` to `eos_token_id`:151645 for open-end generation.
[236/3000] valid=176 correct=102 parse_failures=0
[transformers] Setting `pad_token_id` to `eos_token_id`:151645 for open-end generation.
[transformers] Setting `pad_token_id` to `eos_token_id`:151645 for open-end generation.
[237/3000] valid=177 correct=103 parse_failures=0
[transformers] Setting `pad_token_id` to `eos_token_id`:151645 for open-end generation.
[transformers] Setting `pad_token_id` to `eos_token_id`:151645 for open-end generation.
[238/3000] valid=178 correct=103 parse_failures=0
[transformers] Setting `pad_token_id` to `eos_token_id`:151645 for open-end generation.
[transformers] Setting `pad_token_id` to `eos_token_id`:151645 for open-end generation.
[239/3000] valid=179 correct=104 parse_failures=0
[transformers] Setting `pad_token_id` to `eos_token_id`:151645 for open-end generation.
[transformers] Setting `pad_token_id` to `eos_token_id`:151645 for open-end generation.
[240/3000] valid=180 correct=105 parse_failures=0
[transformers] Setting `pad_token_id` to `eos_token_id`:151645 for open-end generation.
[transformers] Setting `pad_token_id` to `eos_token_id`:151645 for open-end generation.
[241/3000] valid=181 correct=106 parse_failures=0
[transformers] Setting `pad_token_id` to `eos_token_id`:151645 for open-end generation.
[transformers] Setting `pad_token_id` to `eos_token_id`:151645 for open-end generation.
[242/3000] valid=182 correct=107 parse_failures=0
[transformers] Setting `pad_token_id` to `eos_token_id`:151645 for open-end generation.
[transformers] Setting `pad_token_id` to `eos_token_id`:151645 for open-end generation.
[243/3000] valid=183 correct=108 parse_failures=0
[transformers] Setting `pad_token_id` to `eos_token_id`:151645 for open-end generation.
[transformers] Setting `pad_token_id` to `eos_token_id`:151645 for open-end generation.
[244/3000] valid=184 correct=108 parse_failures=0
[transformers] Setting `pad_token_id` to `eos_token_id`:151645 for open-end generation.
[transformers] Setting `pad_token_id` to `eos_token_id`:151645 for open-end generation.
[245/3000] valid=184 correct=108 parse_failures=0
[transformers] Setting `pad_token_id` to `eos_token_id`:151645 for open-end generation.
[transformers] Setting `pad_token_id` to `eos_token_id`:151645 for open-end generation.
[246/3000] valid=185 correct=108 parse_failures=0
[transformers] Setting `pad_token_id` to `eos_token_id`:151645 for open-end generation.
[transformers] Setting `pad_token_id` to `eos_token_id`:151645 for open-end generation.
[247/3000] valid=186 correct=109 parse_failures=0
[transformers] Setting `pad_token_id` to `eos_token_id`:151645 for open-end generation.
[transformers] Setting `pad_token_id` to `eos_token_id`:151645 for open-end generation.
[248/3000] valid=187 correct=110 parse_failures=0
[transformers] Setting `pad_token_id` to `eos_token_id`:151645 for open-end generation.
[transformers] Setting `pad_token_id` to `eos_token_id`:151645 for open-end generation.
[249/3000] valid=188 correct=111 parse_failures=0
[transformers] Setting `pad_token_id` to `eos_token_id`:151645 for open-end generation.
[transformers] Setting `pad_token_id` to `eos_token_id`:151645 for open-end generation.
[250/3000] valid=188 correct=111 parse_failures=0
[transformers] Setting `pad_token_id` to `eos_token_id`:151645 for open-end generation.
[transformers] Setting `pad_token_id` to `eos_token_id`:151645 for open-end generation.
[251/3000] valid=188 correct=111 parse_failures=0
[transformers] Setting `pad_token_id` to `eos_token_id`:151645 for open-end generation.
[transformers] Setting `pad_token_id` to `eos_token_id`:151645 for open-end generation.
[252/3000] valid=189 correct=111 parse_failures=0
[transformers] Setting `pad_token_id` to `eos_token_id`:151645 for open-end generation.
[transformers] Setting `pad_token_id` to `eos_token_id`:151645 for open-end generation.
[253/3000] valid=190 correct=111 parse_failures=0
[transformers] Setting `pad_token_id` to `eos_token_id`:151645 for open-end generation.
[transformers] Setting `pad_token_id` to `eos_token_id`:151645 for open-end generation.
[254/3000] valid=190 correct=111 parse_failures=0
[transformers] Setting `pad_token_id` to `eos_token_id`:151645 for open-end generation.
[transformers] Setting `pad_token_id` to `eos_token_id`:151645 for open-end generation.
[255/3000] valid=190 correct=111 parse_failures=0
[transformers] Setting `pad_token_id` to `eos_token_id`:151645 for open-end generation.
[transformers] Setting `pad_token_id` to `eos_token_id`:151645 for open-end generation.
[256/3000] valid=191 correct=112 parse_failures=0
[transformers] Setting `pad_token_id` to `eos_token_id`:151645 for open-end generation.
[transformers] Setting `pad_token_id` to `eos_token_id`:151645 for open-end generation.
[257/3000] valid=191 correct=112 parse_failures=0
[transformers] Setting `pad_token_id` to `eos_token_id`:151645 for open-end generation.
[transformers] Setting `pad_token_id` to `eos_token_id`:151645 for open-end generation.
[258/3000] valid=192 correct=113 parse_failures=0
[transformers] Setting `pad_token_id` to `eos_token_id`:151645 for open-end generation.
[transformers] Setting `pad_token_id` to `eos_token_id`:151645 for open-end generation.
[259/3000] valid=193 correct=114 parse_failures=0
[transformers] Setting `pad_token_id` to `eos_token_id`:151645 for open-end generation.
[transformers] Setting `pad_token_id` to `eos_token_id`:151645 for open-end generation.
[260/3000] valid=194 correct=115 parse_failures=0
[transformers] Setting `pad_token_id` to `eos_token_id`:151645 for open-end generation.
[transformers] Setting `pad_token_id` to `eos_token_id`:151645 for open-end generation.
[261/3000] valid=195 correct=116 parse_failures=0
[transformers] Setting `pad_token_id` to `eos_token_id`:151645 for open-end generation.
[transformers] Setting `pad_token_id` to `eos_token_id`:151645 for open-end generation.
[262/3000] valid=196 correct=117 parse_failures=0
[transformers] Setting `pad_token_id` to `eos_token_id`:151645 for open-end generation.
[transformers] Setting `pad_token_id` to `eos_token_id`:151645 for open-end generation.
[263/3000] valid=197 correct=117 parse_failures=0
[transformers] Setting `pad_token_id` to `eos_token_id`:151645 for open-end generation.
[transformers] Setting `pad_token_id` to `eos_token_id`:151645 for open-end generation.
[264/3000] valid=197 correct=117 parse_failures=0
[transformers] Setting `pad_token_id` to `eos_token_id`:151645 for open-end generation.
[transformers] Setting `pad_token_id` to `eos_token_id`:151645 for open-end generation.
[265/3000] valid=197 correct=117 parse_failures=0
[transformers] Setting `pad_token_id` to `eos_token_id`:151645 for open-end generation.
[transformers] Setting `pad_token_id` to `eos_token_id`:151645 for open-end generation.
[266/3000] valid=197 correct=117 parse_failures=0
[transformers] Setting `pad_token_id` to `eos_token_id`:151645 for open-end generation.
[transformers] Setting `pad_token_id` to `eos_token_id`:151645 for open-end generation.
[267/3000] valid=198 correct=118 parse_failures=0
[transformers] Setting `pad_token_id` to `eos_token_id`:151645 for open-end generation.
[transformers] Setting `pad_token_id` to `eos_token_id`:151645 for open-end generation.
[268/3000] valid=199 correct=118 parse_failures=0
[transformers] Setting `pad_token_id` to `eos_token_id`:151645 for open-end generation.
[transformers] Setting `pad_token_id` to `eos_token_id`:151645 for open-end generation.
[269/3000] valid=200 correct=118 parse_failures=0
[transformers] Setting `pad_token_id` to `eos_token_id`:151645 for open-end generation.
[transformers] Setting `pad_token_id` to `eos_token_id`:151645 for open-end generation.
[270/3000] valid=201 correct=119 parse_failures=0
[transformers] Setting `pad_token_id` to `eos_token_id`:151645 for open-end generation.
[transformers] Setting `pad_token_id` to `eos_token_id`:151645 for open-end generation.
[271/3000] valid=202 correct=120 parse_failures=0
[transformers] Setting `pad_token_id` to `eos_token_id`:151645 for open-end generation.
[transformers] Setting `pad_token_id` to `eos_token_id`:151645 for open-end generation.
[272/3000] valid=202 correct=120 parse_failures=0
[transformers] Setting `pad_token_id` to `eos_token_id`:151645 for open-end generation.
[transformers] Setting `pad_token_id` to `eos_token_id`:151645 for open-end generation.
[273/3000] valid=202 correct=120 parse_failures=0
[transformers] Setting `pad_token_id` to `eos_token_id`:151645 for open-end generation.
[transformers] Setting `pad_token_id` to `eos_token_id`:151645 for open-end generation.
[274/3000] valid=203 correct=120 parse_failures=0
[transformers] Setting `pad_token_id` to `eos_token_id`:151645 for open-end generation.
[transformers] Setting `pad_token_id` to `eos_token_id`:151645 for open-end generation.
[275/3000] valid=204 correct=121 parse_failures=0
[transformers] Setting `pad_token_id` to `eos_token_id`:151645 for open-end generation.
[transformers] Setting `pad_token_id` to `eos_token_id`:151645 for open-end generation.
[276/3000] valid=205 correct=122 parse_failures=0
[transformers] Setting `pad_token_id` to `eos_token_id`:151645 for open-end generation.
[transformers] Setting `pad_token_id` to `eos_token_id`:151645 for open-end generation.
[277/3000] valid=206 correct=122 parse_failures=0
[transformers] Setting `pad_token_id` to `eos_token_id`:151645 for open-end generation.
[transformers] Setting `pad_token_id` to `eos_token_id`:151645 for open-end generation.
[278/3000] valid=206 correct=122 parse_failures=0
[transformers] Setting `pad_token_id` to `eos_token_id`:151645 for open-end generation.
[transformers] Setting `pad_token_id` to `eos_token_id`:151645 for open-end generation.
[279/3000] valid=207 correct=122 parse_failures=0
[transformers] Setting `pad_token_id` to `eos_token_id`:151645 for open-end generation.
[transformers] Setting `pad_token_id` to `eos_token_id`:151645 for open-end generation.
[280/3000] valid=208 correct=123 parse_failures=0
[transformers] Setting `pad_token_id` to `eos_token_id`:151645 for open-end generation.
[transformers] Setting `pad_token_id` to `eos_token_id`:151645 for open-end generation.
[281/3000] valid=208 correct=123 parse_failures=0
[transformers] Setting `pad_token_id` to `eos_token_id`:151645 for open-end generation.
[transformers] Setting `pad_token_id` to `eos_token_id`:151645 for open-end generation.
[282/3000] valid=209 correct=123 parse_failures=0
[transformers] Setting `pad_token_id` to `eos_token_id`:151645 for open-end generation.
[transformers] Setting `pad_token_id` to `eos_token_id`:151645 for open-end generation.
[283/3000] valid=209 correct=123 parse_failures=0
[transformers] Setting `pad_token_id` to `eos_token_id`:151645 for open-end generation.
[transformers] Setting `pad_token_id` to `eos_token_id`:151645 for open-end generation.
[284/3000] valid=210 correct=124 parse_failures=0
[transformers] Setting `pad_token_id` to `eos_token_id`:151645 for open-end generation.
[transformers] Setting `pad_token_id` to `eos_token_id`:151645 for open-end generation.
[285/3000] valid=211 correct=125 parse_failures=0
[transformers] Setting `pad_token_id` to `eos_token_id`:151645 for open-end generation.
[transformers] Setting `pad_token_id` to `eos_token_id`:151645 for open-end generation.
[286/3000] valid=211 correct=125 parse_failures=0
[transformers] Setting `pad_token_id` to `eos_token_id`:151645 for open-end generation.
[transformers] Setting `pad_token_id` to `eos_token_id`:151645 for open-end generation.
[287/3000] valid=212 correct=126 parse_failures=0
[transformers] Setting `pad_token_id` to `eos_token_id`:151645 for open-end generation.
[transformers] Setting `pad_token_id` to `eos_token_id`:151645 for open-end generation.
[288/3000] valid=212 correct=126 parse_failures=0
[transformers] Setting `pad_token_id` to `eos_token_id`:151645 for open-end generation.
[transformers] Setting `pad_token_id` to `eos_token_id`:151645 for open-end generation.
[289/3000] valid=212 correct=126 parse_failures=0
[transformers] Setting `pad_token_id` to `eos_token_id`:151645 for open-end generation.
[transformers] Setting `pad_token_id` to `eos_token_id`:151645 for open-end generation.
[290/3000] valid=212 correct=126 parse_failures=0
[transformers] Setting `pad_token_id` to `eos_token_id`:151645 for open-end generation.
[transformers] Setting `pad_token_id` to `eos_token_id`:151645 for open-end generation.
[291/3000] valid=213 correct=127 parse_failures=0
[transformers] Setting `pad_token_id` to `eos_token_id`:151645 for open-end generation.
[transformers] Setting `pad_token_id` to `eos_token_id`:151645 for open-end generation.
[292/3000] valid=214 correct=127 parse_failures=0
[transformers] Setting `pad_token_id` to `eos_token_id`:151645 for open-end generation.
[transformers] Setting `pad_token_id` to `eos_token_id`:151645 for open-end generation.
[293/3000] valid=215 correct=128 parse_failures=0
[transformers] Setting `pad_token_id` to `eos_token_id`:151645 for open-end generation.
[transformers] Setting `pad_token_id` to `eos_token_id`:151645 for open-end generation.
[294/3000] valid=216 correct=129 parse_failures=0
[transformers] Setting `pad_token_id` to `eos_token_id`:151645 for open-end generation.
[transformers] Setting `pad_token_id` to `eos_token_id`:151645 for open-end generation.
[295/3000] valid=217 correct=129 parse_failures=0
[transformers] Setting `pad_token_id` to `eos_token_id`:151645 for open-end generation.
[transformers] Setting `pad_token_id` to `eos_token_id`:151645 for open-end generation.
[296/3000] valid=218 correct=129 parse_failures=0
[transformers] Setting `pad_token_id` to `eos_token_id`:151645 for open-end generation.
[transformers] Setting `pad_token_id` to `eos_token_id`:151645 for open-end generation.
[297/3000] valid=218 correct=129 parse_failures=0
[transformers] Setting `pad_token_id` to `eos_token_id`:151645 for open-end generation.
[transformers] Setting `pad_token_id` to `eos_token_id`:151645 for open-end generation.
[298/3000] valid=218 correct=129 parse_failures=0
[transformers] Setting `pad_token_id` to `eos_token_id`:151645 for open-end generation.
[transformers] Setting `pad_token_id` to `eos_token_id`:151645 for open-end generation.
[299/3000] valid=218 correct=129 parse_failures=0
[transformers] Setting `pad_token_id` to `eos_token_id`:151645 for open-end generation.
[transformers] Setting `pad_token_id` to `eos_token_id`:151645 for open-end generation.
[300/3000] valid=219 correct=129 parse_failures=0
[transformers] Setting `pad_token_id` to `eos_token_id`:151645 for open-end generation.
[transformers] Setting `pad_token_id` to `eos_token_id`:151645 for open-end generation.
[301/3000] valid=220 correct=129 parse_failures=0
[transformers] Setting `pad_token_id` to `eos_token_id`:151645 for open-end generation.
[transformers] Setting `pad_token_id` to `eos_token_id`:151645 for open-end generation.
[302/3000] valid=221 correct=129 parse_failures=0
[transformers] Setting `pad_token_id` to `eos_token_id`:151645 for open-end generation.
[transformers] Setting `pad_token_id` to `eos_token_id`:151645 for open-end generation.
[303/3000] valid=222 correct=130 parse_failures=0
[transformers] Setting `pad_token_id` to `eos_token_id`:151645 for open-end generation.
[transformers] Setting `pad_token_id` to `eos_token_id`:151645 for open-end generation.
[304/3000] valid=222 correct=130 parse_failures=0
[transformers] Setting `pad_token_id` to `eos_token_id`:151645 for open-end generation.
[transformers] Setting `pad_token_id` to `eos_token_id`:151645 for open-end generation.
[305/3000] valid=222 correct=130 parse_failures=0
[transformers] Setting `pad_token_id` to `eos_token_id`:151645 for open-end generation.
[transformers] Setting `pad_token_id` to `eos_token_id`:151645 for open-end generation.
[306/3000] valid=223 correct=131 parse_failures=0
[transformers] Setting `pad_token_id` to `eos_token_id`:151645 for open-end generation.
[transformers] Setting `pad_token_id` to `eos_token_id`:151645 for open-end generation.
[307/3000] valid=223 correct=131 parse_failures=0
[transformers] Setting `pad_token_id` to `eos_token_id`:151645 for open-end generation.
[transformers] Setting `pad_token_id` to `eos_token_id`:151645 for open-end generation.
[308/3000] valid=223 correct=131 parse_failures=0
[transformers] Setting `pad_token_id` to `eos_token_id`:151645 for open-end generation.
[transformers] Setting `pad_token_id` to `eos_token_id`:151645 for open-end generation.
[309/3000] valid=224 correct=131 parse_failures=0
[transformers] Setting `pad_token_id` to `eos_token_id`:151645 for open-end generation.
[transformers] Setting `pad_token_id` to `eos_token_id`:151645 for open-end generation.
[310/3000] valid=225 correct=132 parse_failures=0
[transformers] Setting `pad_token_id` to `eos_token_id`:151645 for open-end generation.
[transformers] Setting `pad_token_id` to `eos_token_id`:151645 for open-end generation.
[311/3000] valid=226 correct=133 parse_failures=0
[transformers] Setting `pad_token_id` to `eos_token_id`:151645 for open-end generation.
[transformers] Setting `pad_token_id` to `eos_token_id`:151645 for open-end generation.
[312/3000] valid=226 correct=133 parse_failures=0
[transformers] Setting `pad_token_id` to `eos_token_id`:151645 for open-end generation.
[transformers] Setting `pad_token_id` to `eos_token_id`:151645 for open-end generation.
[313/3000] valid=227 correct=133 parse_failures=0
[transformers] Setting `pad_token_id` to `eos_token_id`:151645 for open-end generation.
[transformers] Setting `pad_token_id` to `eos_token_id`:151645 for open-end generation.
[314/3000] valid=227 correct=133 parse_failures=0
[transformers] Setting `pad_token_id` to `eos_token_id`:151645 for open-end generation.
[transformers] Setting `pad_token_id` to `eos_token_id`:151645 for open-end generation.
[315/3000] valid=228 correct=134 parse_failures=0
[transformers] Setting `pad_token_id` to `eos_token_id`:151645 for open-end generation.
[transformers] Setting `pad_token_id` to `eos_token_id`:151645 for open-end generation.
[316/3000] valid=229 correct=135 parse_failures=0
[transformers] Setting `pad_token_id` to `eos_token_id`:151645 for open-end generation.
[transformers] Setting `pad_token_id` to `eos_token_id`:151645 for open-end generation.
[317/3000] valid=230 correct=135 parse_failures=0
[transformers] Setting `pad_token_id` to `eos_token_id`:151645 for open-end generation.
[transformers] Setting `pad_token_id` to `eos_token_id`:151645 for open-end generation.
[318/3000] valid=231 correct=136 parse_failures=0
[transformers] Setting `pad_token_id` to `eos_token_id`:151645 for open-end generation.
[transformers] Setting `pad_token_id` to `eos_token_id`:151645 for open-end generation.
[319/3000] valid=232 correct=137 parse_failures=0
[transformers] Setting `pad_token_id` to `eos_token_id`:151645 for open-end generation.
[transformers] Setting `pad_token_id` to `eos_token_id`:151645 for open-end generation.
[320/3000] valid=232 correct=137 parse_failures=0
[transformers] Setting `pad_token_id` to `eos_token_id`:151645 for open-end generation.
[transformers] Setting `pad_token_id` to `eos_token_id`:151645 for open-end generation.
[321/3000] valid=233 correct=138 parse_failures=0
[transformers] Setting `pad_token_id` to `eos_token_id`:151645 for open-end generation.
[transformers] Setting `pad_token_id` to `eos_token_id`:151645 for open-end generation.
[322/3000] valid=234 correct=139 parse_failures=0
[transformers] Setting `pad_token_id` to `eos_token_id`:151645 for open-end generation.
[transformers] Setting `pad_token_id` to `eos_token_id`:151645 for open-end generation.
[323/3000] valid=235 correct=140 parse_failures=0
[transformers] Setting `pad_token_id` to `eos_token_id`:151645 for open-end generation.
[transformers] Setting `pad_token_id` to `eos_token_id`:151645 for open-end generation.
[324/3000] valid=236 correct=141 parse_failures=0
[transformers] Setting `pad_token_id` to `eos_token_id`:151645 for open-end generation.
[transformers] Setting `pad_token_id` to `eos_token_id`:151645 for open-end generation.
[325/3000] valid=237 correct=142 parse_failures=0
[transformers] Setting `pad_token_id` to `eos_token_id`:151645 for open-end generation.
[transformers] Setting `pad_token_id` to `eos_token_id`:151645 for open-end generation.
[326/3000] valid=238 correct=142 parse_failures=0
[transformers] Setting `pad_token_id` to `eos_token_id`:151645 for open-end generation.
[transformers] Setting `pad_token_id` to `eos_token_id`:151645 for open-end generation.
[327/3000] valid=239 correct=142 parse_failures=0
[transformers] Setting `pad_token_id` to `eos_token_id`:151645 for open-end generation.
[transformers] Setting `pad_token_id` to `eos_token_id`:151645 for open-end generation.
[328/3000] valid=240 correct=142 parse_failures=0
[transformers] Setting `pad_token_id` to `eos_token_id`:151645 for open-end generation.
[transformers] Setting `pad_token_id` to `eos_token_id`:151645 for open-end generation.
[329/3000] valid=240 correct=142 parse_failures=0
[transformers] Setting `pad_token_id` to `eos_token_id`:151645 for open-end generation.
[transformers] Setting `pad_token_id` to `eos_token_id`:151645 for open-end generation.
[330/3000] valid=240 correct=142 parse_failures=0
[transformers] Setting `pad_token_id` to `eos_token_id`:151645 for open-end generation.
[transformers] Setting `pad_token_id` to `eos_token_id`:151645 for open-end generation.
[331/3000] valid=241 correct=143 parse_failures=0
[transformers] Setting `pad_token_id` to `eos_token_id`:151645 for open-end generation.
[transformers] Setting `pad_token_id` to `eos_token_id`:151645 for open-end generation.
[332/3000] valid=242 correct=144 parse_failures=0
[transformers] Setting `pad_token_id` to `eos_token_id`:151645 for open-end generation.
[transformers] Setting `pad_token_id` to `eos_token_id`:151645 for open-end generation.
[333/3000] valid=243 correct=145 parse_failures=0
[transformers] Setting `pad_token_id` to `eos_token_id`:151645 for open-end generation.
[transformers] Setting `pad_token_id` to `eos_token_id`:151645 for open-end generation.
[334/3000] valid=243 correct=145 parse_failures=0
[transformers] Setting `pad_token_id` to `eos_token_id`:151645 for open-end generation.
[transformers] Setting `pad_token_id` to `eos_token_id`:151645 for open-end generation.
[335/3000] valid=244 correct=146 parse_failures=0
[transformers] Setting `pad_token_id` to `eos_token_id`:151645 for open-end generation.
[transformers] Setting `pad_token_id` to `eos_token_id`:151645 for open-end generation.
[336/3000] valid=245 correct=146 parse_failures=0
[transformers] Setting `pad_token_id` to `eos_token_id`:151645 for open-end generation.
[transformers] Setting `pad_token_id` to `eos_token_id`:151645 for open-end generation.
[337/3000] valid=246 correct=147 parse_failures=0
[transformers] Setting `pad_token_id` to `eos_token_id`:151645 for open-end generation.
[transformers] Setting `pad_token_id` to `eos_token_id`:151645 for open-end generation.
[338/3000] valid=247 correct=148 parse_failures=0
[transformers] Setting `pad_token_id` to `eos_token_id`:151645 for open-end generation.
[transformers] Setting `pad_token_id` to `eos_token_id`:151645 for open-end generation.
[339/3000] valid=248 correct=149 parse_failures=0
[transformers] Setting `pad_token_id` to `eos_token_id`:151645 for open-end generation.
[transformers] Setting `pad_token_id` to `eos_token_id`:151645 for open-end generation.
[340/3000] valid=249 correct=150 parse_failures=0
[transformers] Setting `pad_token_id` to `eos_token_id`:151645 for open-end generation.
[transformers] Setting `pad_token_id` to `eos_token_id`:151645 for open-end generation.
[341/3000] valid=249 correct=150 parse_failures=0
[transformers] Setting `pad_token_id` to `eos_token_id`:151645 for open-end generation.
[transformers] Setting `pad_token_id` to `eos_token_id`:151645 for open-end generation.
[342/3000] valid=250 correct=151 parse_failures=0
[transformers] Setting `pad_token_id` to `eos_token_id`:151645 for open-end generation.
[transformers] Setting `pad_token_id` to `eos_token_id`:151645 for open-end generation.
[343/3000] valid=250 correct=151 parse_failures=0
[transformers] Setting `pad_token_id` to `eos_token_id`:151645 for open-end generation.
[transformers] Setting `pad_token_id` to `eos_token_id`:151645 for open-end generation.
[344/3000] valid=251 correct=151 parse_failures=0
[transformers] Setting `pad_token_id` to `eos_token_id`:151645 for open-end generation.
[transformers] Setting `pad_token_id` to `eos_token_id`:151645 for open-end generation.
[345/3000] valid=252 correct=152 parse_failures=0
[transformers] Setting `pad_token_id` to `eos_token_id`:151645 for open-end generation.
[transformers] Setting `pad_token_id` to `eos_token_id`:151645 for open-end generation.
[346/3000] valid=252 correct=152 parse_failures=0
[transformers] Setting `pad_token_id` to `eos_token_id`:151645 for open-end generation.
[transformers] Setting `pad_token_id` to `eos_token_id`:151645 for open-end generation.
[347/3000] valid=253 correct=153 parse_failures=0
[transformers] Setting `pad_token_id` to `eos_token_id`:151645 for open-end generation.
[transformers] Setting `pad_token_id` to `eos_token_id`:151645 for open-end generation.
[348/3000] valid=254 correct=154 parse_failures=0
[transformers] Setting `pad_token_id` to `eos_token_id`:151645 for open-end generation.
[transformers] Setting `pad_token_id` to `eos_token_id`:151645 for open-end generation.
[349/3000] valid=255 correct=155 parse_failures=0
[transformers] Setting `pad_token_id` to `eos_token_id`:151645 for open-end generation.
[transformers] Setting `pad_token_id` to `eos_token_id`:151645 for open-end generation.
[350/3000] valid=255 correct=155 parse_failures=0
[transformers] Setting `pad_token_id` to `eos_token_id`:151645 for open-end generation.
[transformers] Setting `pad_token_id` to `eos_token_id`:151645 for open-end generation.
[351/3000] valid=255 correct=155 parse_failures=0
[transformers] Setting `pad_token_id` to `eos_token_id`:151645 for open-end generation.
[transformers] Setting `pad_token_id` to `eos_token_id`:151645 for open-end generation.
[352/3000] valid=256 correct=156 parse_failures=0
[transformers] Setting `pad_token_id` to `eos_token_id`:151645 for open-end generation.
[transformers] Setting `pad_token_id` to `eos_token_id`:151645 for open-end generation.
[353/3000] valid=257 correct=157 parse_failures=0
[transformers] Setting `pad_token_id` to `eos_token_id`:151645 for open-end generation.
[transformers] Setting `pad_token_id` to `eos_token_id`:151645 for open-end generation.
[354/3000] valid=257 correct=157 parse_failures=0
[transformers] Setting `pad_token_id` to `eos_token_id`:151645 for open-end generation.
[transformers] Setting `pad_token_id` to `eos_token_id`:151645 for open-end generation.
[355/3000] valid=258 correct=158 parse_failures=0
[transformers] Setting `pad_token_id` to `eos_token_id`:151645 for open-end generation.
[transformers] Setting `pad_token_id` to `eos_token_id`:151645 for open-end generation.
[356/3000] valid=259 correct=159 parse_failures=0
[transformers] Setting `pad_token_id` to `eos_token_id`:151645 for open-end generation.
[transformers] Setting `pad_token_id` to `eos_token_id`:151645 for open-end generation.
[357/3000] valid=260 correct=160 parse_failures=0
[transformers] Setting `pad_token_id` to `eos_token_id`:151645 for open-end generation.
[transformers] Setting `pad_token_id` to `eos_token_id`:151645 for open-end generation.
[358/3000] valid=260 correct=160 parse_failures=0
[transformers] Setting `pad_token_id` to `eos_token_id`:151645 for open-end generation.
[transformers] Setting `pad_token_id` to `eos_token_id`:151645 for open-end generation.
[359/3000] valid=260 correct=160 parse_failures=0
[transformers] Setting `pad_token_id` to `eos_token_id`:151645 for open-end generation.
[transformers] Setting `pad_token_id` to `eos_token_id`:151645 for open-end generation.
[360/3000] valid=261 correct=161 parse_failures=0
[transformers] Setting `pad_token_id` to `eos_token_id`:151645 for open-end generation.
[transformers] Setting `pad_token_id` to `eos_token_id`:151645 for open-end generation.
[361/3000] valid=261 correct=161 parse_failures=0
[transformers] Setting `pad_token_id` to `eos_token_id`:151645 for open-end generation.
[transformers] Setting `pad_token_id` to `eos_token_id`:151645 for open-end generation.
[362/3000] valid=262 correct=161 parse_failures=0
[transformers] Setting `pad_token_id` to `eos_token_id`:151645 for open-end generation.
[transformers] Setting `pad_token_id` to `eos_token_id`:151645 for open-end generation.
[363/3000] valid=263 correct=161 parse_failures=0
[transformers] Setting `pad_token_id` to `eos_token_id`:151645 for open-end generation.
[transformers] Setting `pad_token_id` to `eos_token_id`:151645 for open-end generation.
[364/3000] valid=264 correct=161 parse_failures=0
[transformers] Setting `pad_token_id` to `eos_token_id`:151645 for open-end generation.
[transformers] Setting `pad_token_id` to `eos_token_id`:151645 for open-end generation.
[365/3000] valid=265 correct=161 parse_failures=0
[transformers] Setting `pad_token_id` to `eos_token_id`:151645 for open-end generation.
[transformers] Setting `pad_token_id` to `eos_token_id`:151645 for open-end generation.
[366/3000] valid=266 correct=161 parse_failures=0
[transformers] Setting `pad_token_id` to `eos_token_id`:151645 for open-end generation.
[transformers] Setting `pad_token_id` to `eos_token_id`:151645 for open-end generation.
[367/3000] valid=267 correct=161 parse_failures=0
[transformers] Setting `pad_token_id` to `eos_token_id`:151645 for open-end generation.
[transformers] Setting `pad_token_id` to `eos_token_id`:151645 for open-end generation.
[368/3000] valid=268 correct=162 parse_failures=0
[transformers] Setting `pad_token_id` to `eos_token_id`:151645 for open-end generation.
[transformers] Setting `pad_token_id` to `eos_token_id`:151645 for open-end generation.
[369/3000] valid=268 correct=162 parse_failures=0
[transformers] Setting `pad_token_id` to `eos_token_id`:151645 for open-end generation.
[transformers] Setting `pad_token_id` to `eos_token_id`:151645 for open-end generation.
[370/3000] valid=268 correct=162 parse_failures=0
[transformers] Setting `pad_token_id` to `eos_token_id`:151645 for open-end generation.
[transformers] Setting `pad_token_id` to `eos_token_id`:151645 for open-end generation.
[371/3000] valid=269 correct=162 parse_failures=0
[transformers] Setting `pad_token_id` to `eos_token_id`:151645 for open-end generation.
[transformers] Setting `pad_token_id` to `eos_token_id`:151645 for open-end generation.
[372/3000] valid=270 correct=163 parse_failures=0
[transformers] Setting `pad_token_id` to `eos_token_id`:151645 for open-end generation.
[transformers] Setting `pad_token_id` to `eos_token_id`:151645 for open-end generation.
[373/3000] valid=270 correct=163 parse_failures=0
[transformers] Setting `pad_token_id` to `eos_token_id`:151645 for open-end generation.
[transformers] Setting `pad_token_id` to `eos_token_id`:151645 for open-end generation.
[374/3000] valid=270 correct=163 parse_failures=0
[transformers] Setting `pad_token_id` to `eos_token_id`:151645 for open-end generation.
[transformers] Setting `pad_token_id` to `eos_token_id`:151645 for open-end generation.
[375/3000] valid=270 correct=163 parse_failures=0
[transformers] Setting `pad_token_id` to `eos_token_id`:151645 for open-end generation.
[transformers] Setting `pad_token_id` to `eos_token_id`:151645 for open-end generation.
[376/3000] valid=271 correct=163 parse_failures=0
[transformers] Setting `pad_token_id` to `eos_token_id`:151645 for open-end generation.
[transformers] Setting `pad_token_id` to `eos_token_id`:151645 for open-end generation.
[377/3000] valid=272 correct=164 parse_failures=0
[transformers] Setting `pad_token_id` to `eos_token_id`:151645 for open-end generation.
[transformers] Setting `pad_token_id` to `eos_token_id`:151645 for open-end generation.
[378/3000] valid=273 correct=164 parse_failures=0
[transformers] Setting `pad_token_id` to `eos_token_id`:151645 for open-end generation.
[transformers] Setting `pad_token_id` to `eos_token_id`:151645 for open-end generation.
[379/3000] valid=274 correct=164 parse_failures=0
[transformers] Setting `pad_token_id` to `eos_token_id`:151645 for open-end generation.
[transformers] Setting `pad_token_id` to `eos_token_id`:151645 for open-end generation.
[380/3000] valid=275 correct=164 parse_failures=0
[transformers] Setting `pad_token_id` to `eos_token_id`:151645 for open-end generation.
[transformers] Setting `pad_token_id` to `eos_token_id`:151645 for open-end generation.
[381/3000] valid=275 correct=164 parse_failures=0
[transformers] Setting `pad_token_id` to `eos_token_id`:151645 for open-end generation.
[transformers] Setting `pad_token_id` to `eos_token_id`:151645 for open-end generation.
[382/3000] valid=276 correct=165 parse_failures=0
[transformers] Setting `pad_token_id` to `eos_token_id`:151645 for open-end generation.
[transformers] Setting `pad_token_id` to `eos_token_id`:151645 for open-end generation.
[383/3000] valid=277 correct=165 parse_failures=0
[transformers] Setting `pad_token_id` to `eos_token_id`:151645 for open-end generation.
[transformers] Setting `pad_token_id` to `eos_token_id`:151645 for open-end generation.
[384/3000] valid=277 correct=165 parse_failures=0
[transformers] Setting `pad_token_id` to `eos_token_id`:151645 for open-end generation.
[transformers] Setting `pad_token_id` to `eos_token_id`:151645 for open-end generation.
[385/3000] valid=278 correct=165 parse_failures=0
[transformers] Setting `pad_token_id` to `eos_token_id`:151645 for open-end generation.
[transformers] Setting `pad_token_id` to `eos_token_id`:151645 for open-end generation.
[386/3000] valid=278 correct=165 parse_failures=0
[transformers] Setting `pad_token_id` to `eos_token_id`:151645 for open-end generation.
[transformers] Setting `pad_token_id` to `eos_token_id`:151645 for open-end generation.
[387/3000] valid=279 correct=165 parse_failures=0
[transformers] Setting `pad_token_id` to `eos_token_id`:151645 for open-end generation.
[transformers] Setting `pad_token_id` to `eos_token_id`:151645 for open-end generation.
[388/3000] valid=279 correct=165 parse_failures=0
[transformers] Setting `pad_token_id` to `eos_token_id`:151645 for open-end generation.
[transformers] Setting `pad_token_id` to `eos_token_id`:151645 for open-end generation.
[389/3000] valid=280 correct=166 parse_failures=0
[transformers] Setting `pad_token_id` to `eos_token_id`:151645 for open-end generation.
[transformers] Setting `pad_token_id` to `eos_token_id`:151645 for open-end generation.
[390/3000] valid=281 correct=166 parse_failures=0
[transformers] Setting `pad_token_id` to `eos_token_id`:151645 for open-end generation.
[transformers] Setting `pad_token_id` to `eos_token_id`:151645 for open-end generation.
[391/3000] valid=282 correct=167 parse_failures=0
[transformers] Setting `pad_token_id` to `eos_token_id`:151645 for open-end generation.
[transformers] Setting `pad_token_id` to `eos_token_id`:151645 for open-end generation.
[392/3000] valid=282 correct=167 parse_failures=0
[transformers] Setting `pad_token_id` to `eos_token_id`:151645 for open-end generation.
[transformers] Setting `pad_token_id` to `eos_token_id`:151645 for open-end generation.
[393/3000] valid=282 correct=167 parse_failures=0
[transformers] Setting `pad_token_id` to `eos_token_id`:151645 for open-end generation.
[transformers] Setting `pad_token_id` to `eos_token_id`:151645 for open-end generation.
[394/3000] valid=283 correct=167 parse_failures=0
[transformers] Setting `pad_token_id` to `eos_token_id`:151645 for open-end generation.
[transformers] Setting `pad_token_id` to `eos_token_id`:151645 for open-end generation.
[395/3000] valid=284 correct=167 parse_failures=0
[transformers] Setting `pad_token_id` to `eos_token_id`:151645 for open-end generation.
[transformers] Setting `pad_token_id` to `eos_token_id`:151645 for open-end generation.
[396/3000] valid=284 correct=167 parse_failures=0
[transformers] Setting `pad_token_id` to `eos_token_id`:151645 for open-end generation.
[transformers] Setting `pad_token_id` to `eos_token_id`:151645 for open-end generation.
[397/3000] valid=285 correct=167 parse_failures=0
[transformers] Setting `pad_token_id` to `eos_token_id`:151645 for open-end generation.
[transformers] Setting `pad_token_id` to `eos_token_id`:151645 for open-end generation.
[398/3000] valid=286 correct=167 parse_failures=0
[transformers] Setting `pad_token_id` to `eos_token_id`:151645 for open-end generation.
[transformers] Setting `pad_token_id` to `eos_token_id`:151645 for open-end generation.
[399/3000] valid=287 correct=168 parse_failures=0
[transformers] Setting `pad_token_id` to `eos_token_id`:151645 for open-end generation.
[transformers] Setting `pad_token_id` to `eos_token_id`:151645 for open-end generation.
[400/3000] valid=287 correct=168 parse_failures=0
[transformers] Setting `pad_token_id` to `eos_token_id`:151645 for open-end generation.
[transformers] Setting `pad_token_id` to `eos_token_id`:151645 for open-end generation.
[401/3000] valid=288 correct=169 parse_failures=0
[transformers] Setting `pad_token_id` to `eos_token_id`:151645 for open-end generation.
[transformers] Setting `pad_token_id` to `eos_token_id`:151645 for open-end generation.
[402/3000] valid=288 correct=169 parse_failures=0
[transformers] Setting `pad_token_id` to `eos_token_id`:151645 for open-end generation.
[transformers] Setting `pad_token_id` to `eos_token_id`:151645 for open-end generation.
[403/3000] valid=288 correct=169 parse_failures=0
[transformers] Setting `pad_token_id` to `eos_token_id`:151645 for open-end generation.
[transformers] Setting `pad_token_id` to `eos_token_id`:151645 for open-end generation.
[404/3000] valid=288 correct=169 parse_failures=0
[transformers] Setting `pad_token_id` to `eos_token_id`:151645 for open-end generation.
[transformers] Setting `pad_token_id` to `eos_token_id`:151645 for open-end generation.
[405/3000] valid=288 correct=169 parse_failures=0
[transformers] Setting `pad_token_id` to `eos_token_id`:151645 for open-end generation.
[transformers] Setting `pad_token_id` to `eos_token_id`:151645 for open-end generation.
[406/3000] valid=288 correct=169 parse_failures=0
[transformers] Setting `pad_token_id` to `eos_token_id`:151645 for open-end generation.
[transformers] Setting `pad_token_id` to `eos_token_id`:151645 for open-end generation.
[407/3000] valid=288 correct=169 parse_failures=0
[transformers] Setting `pad_token_id` to `eos_token_id`:151645 for open-end generation.
[transformers] Setting `pad_token_id` to `eos_token_id`:151645 for open-end generation.
[408/3000] valid=289 correct=170 parse_failures=0
[transformers] Setting `pad_token_id` to `eos_token_id`:151645 for open-end generation.
[transformers] Setting `pad_token_id` to `eos_token_id`:151645 for open-end generation.
[409/3000] valid=289 correct=170 parse_failures=0
[transformers] Setting `pad_token_id` to `eos_token_id`:151645 for open-end generation.
[transformers] Setting `pad_token_id` to `eos_token_id`:151645 for open-end generation.
[410/3000] valid=289 correct=170 parse_failures=0
[transformers] Setting `pad_token_id` to `eos_token_id`:151645 for open-end generation.
[transformers] Setting `pad_token_id` to `eos_token_id`:151645 for open-end generation.
[411/3000] valid=289 correct=170 parse_failures=0
[transformers] Setting `pad_token_id` to `eos_token_id`:151645 for open-end generation.
[transformers] Setting `pad_token_id` to `eos_token_id`:151645 for open-end generation.
[412/3000] valid=289 correct=170 parse_failures=0
[transformers] Setting `pad_token_id` to `eos_token_id`:151645 for open-end generation.
[transformers] Setting `pad_token_id` to `eos_token_id`:151645 for open-end generation.
[413/3000] valid=290 correct=171 parse_failures=0
[transformers] Setting `pad_token_id` to `eos_token_id`:151645 for open-end generation.
[transformers] Setting `pad_token_id` to `eos_token_id`:151645 for open-end generation.
[414/3000] valid=290 correct=171 parse_failures=0
[transformers] Setting `pad_token_id` to `eos_token_id`:151645 for open-end generation.
[transformers] Setting `pad_token_id` to `eos_token_id`:151645 for open-end generation.
[415/3000] valid=291 correct=172 parse_failures=0
[transformers] Setting `pad_token_id` to `eos_token_id`:151645 for open-end generation.
[transformers] Setting `pad_token_id` to `eos_token_id`:151645 for open-end generation.
[416/3000] valid=292 correct=172 parse_failures=0
[transformers] Setting `pad_token_id` to `eos_token_id`:151645 for open-end generation.
[transformers] Setting `pad_token_id` to `eos_token_id`:151645 for open-end generation.
[417/3000] valid=292 correct=172 parse_failures=0
[transformers] Setting `pad_token_id` to `eos_token_id`:151645 for open-end generation.
[transformers] Setting `pad_token_id` to `eos_token_id`:151645 for open-end generation.
[418/3000] valid=292 correct=172 parse_failures=0
[transformers] Setting `pad_token_id` to `eos_token_id`:151645 for open-end generation.
[transformers] Setting `pad_token_id` to `eos_token_id`:151645 for open-end generation.
[419/3000] valid=293 correct=172 parse_failures=0
[transformers] Setting `pad_token_id` to `eos_token_id`:151645 for open-end generation.
[transformers] Setting `pad_token_id` to `eos_token_id`:151645 for open-end generation.
[420/3000] valid=294 correct=173 parse_failures=0
[transformers] Setting `pad_token_id` to `eos_token_id`:151645 for open-end generation.
[transformers] Setting `pad_token_id` to `eos_token_id`:151645 for open-end generation.
[421/3000] valid=294 correct=173 parse_failures=0
[transformers] Setting `pad_token_id` to `eos_token_id`:151645 for open-end generation.
[transformers] Setting `pad_token_id` to `eos_token_id`:151645 for open-end generation.
[422/3000] valid=295 correct=174 parse_failures=0
[transformers] Setting `pad_token_id` to `eos_token_id`:151645 for open-end generation.
[transformers] Setting `pad_token_id` to `eos_token_id`:151645 for open-end generation.
[423/3000] valid=296 correct=175 parse_failures=0
[transformers] Setting `pad_token_id` to `eos_token_id`:151645 for open-end generation.
[transformers] Setting `pad_token_id` to `eos_token_id`:151645 for open-end generation.
[424/3000] valid=297 correct=176 parse_failures=0
[transformers] Setting `pad_token_id` to `eos_token_id`:151645 for open-end generation.
[transformers] Setting `pad_token_id` to `eos_token_id`:151645 for open-end generation.
[425/3000] valid=298 correct=177 parse_failures=0
[transformers] Setting `pad_token_id` to `eos_token_id`:151645 for open-end generation.
[transformers] Setting `pad_token_id` to `eos_token_id`:151645 for open-end generation.
[426/3000] valid=298 correct=177 parse_failures=0
[transformers] Setting `pad_token_id` to `eos_token_id`:151645 for open-end generation.
[transformers] Setting `pad_token_id` to `eos_token_id`:151645 for open-end generation.
[427/3000] valid=298 correct=177 parse_failures=0
[transformers] Setting `pad_token_id` to `eos_token_id`:151645 for open-end generation.
[transformers] Setting `pad_token_id` to `eos_token_id`:151645 for open-end generation.
[428/3000] valid=298 correct=177 parse_failures=0
[transformers] Setting `pad_token_id` to `eos_token_id`:151645 for open-end generation.
[transformers] Setting `pad_token_id` to `eos_token_id`:151645 for open-end generation.
[429/3000] valid=299 correct=177 parse_failures=0
[transformers] Setting `pad_token_id` to `eos_token_id`:151645 for open-end generation.
[transformers] Setting `pad_token_id` to `eos_token_id`:151645 for open-end generation.
[430/3000] valid=300 correct=177 parse_failures=0
[transformers] Setting `pad_token_id` to `eos_token_id`:151645 for open-end generation.
[transformers] Setting `pad_token_id` to `eos_token_id`:151645 for open-end generation.
[431/3000] valid=300 correct=177 parse_failures=0
[transformers] Setting `pad_token_id` to `eos_token_id`:151645 for open-end generation.
[transformers] Setting `pad_token_id` to `eos_token_id`:151645 for open-end generation.
[432/3000] valid=301 correct=178 parse_failures=0
[transformers] Setting `pad_token_id` to `eos_token_id`:151645 for open-end generation.
[transformers] Setting `pad_token_id` to `eos_token_id`:151645 for open-end generation.
[433/3000] valid=302 correct=179 parse_failures=0
[transformers] Setting `pad_token_id` to `eos_token_id`:151645 for open-end generation.
[transformers] Setting `pad_token_id` to `eos_token_id`:151645 for open-end generation.
[434/3000] valid=303 correct=179 parse_failures=0
[transformers] Setting `pad_token_id` to `eos_token_id`:151645 for open-end generation.
[transformers] Setting `pad_token_id` to `eos_token_id`:151645 for open-end generation.
[435/3000] valid=303 correct=179 parse_failures=0
[transformers] Setting `pad_token_id` to `eos_token_id`:151645 for open-end generation.
[transformers] Setting `pad_token_id` to `eos_token_id`:151645 for open-end generation.
[436/3000] valid=304 correct=180 parse_failures=0
[transformers] Setting `pad_token_id` to `eos_token_id`:151645 for open-end generation.
[transformers] Setting `pad_token_id` to `eos_token_id`:151645 for open-end generation.
[437/3000] valid=305 correct=181 parse_failures=0
[transformers] Setting `pad_token_id` to `eos_token_id`:151645 for open-end generation.
[transformers] Setting `pad_token_id` to `eos_token_id`:151645 for open-end generation.
[438/3000] valid=305 correct=181 parse_failures=0
[transformers] Setting `pad_token_id` to `eos_token_id`:151645 for open-end generation.
[transformers] Setting `pad_token_id` to `eos_token_id`:151645 for open-end generation.
[439/3000] valid=305 correct=181 parse_failures=0
[transformers] Setting `pad_token_id` to `eos_token_id`:151645 for open-end generation.
[transformers] Setting `pad_token_id` to `eos_token_id`:151645 for open-end generation.
[440/3000] valid=305 correct=181 parse_failures=0
[transformers] Setting `pad_token_id` to `eos_token_id`:151645 for open-end generation.
[transformers] Setting `pad_token_id` to `eos_token_id`:151645 for open-end generation.
[441/3000] valid=306 correct=182 parse_failures=0
[transformers] Setting `pad_token_id` to `eos_token_id`:151645 for open-end generation.
[transformers] Setting `pad_token_id` to `eos_token_id`:151645 for open-end generation.
[442/3000] valid=307 correct=183 parse_failures=0
[transformers] Setting `pad_token_id` to `eos_token_id`:151645 for open-end generation.
[transformers] Setting `pad_token_id` to `eos_token_id`:151645 for open-end generation.
[443/3000] valid=307 correct=183 parse_failures=0
[transformers] Setting `pad_token_id` to `eos_token_id`:151645 for open-end generation.
[transformers] Setting `pad_token_id` to `eos_token_id`:151645 for open-end generation.
[444/3000] valid=308 correct=184 parse_failures=0
[transformers] Setting `pad_token_id` to `eos_token_id`:151645 for open-end generation.
[transformers] Setting `pad_token_id` to `eos_token_id`:151645 for open-end generation.
[445/3000] valid=309 correct=185 parse_failures=0
[transformers] Setting `pad_token_id` to `eos_token_id`:151645 for open-end generation.
[transformers] Setting `pad_token_id` to `eos_token_id`:151645 for open-end generation.
[446/3000] valid=309 correct=185 parse_failures=0
[transformers] Setting `pad_token_id` to `eos_token_id`:151645 for open-end generation.
[transformers] Setting `pad_token_id` to `eos_token_id`:151645 for open-end generation.
[447/3000] valid=310 correct=186 parse_failures=0
[transformers] Setting `pad_token_id` to `eos_token_id`:151645 for open-end generation.
[transformers] Setting `pad_token_id` to `eos_token_id`:151645 for open-end generation.
[448/3000] valid=311 correct=187 parse_failures=0
[transformers] Setting `pad_token_id` to `eos_token_id`:151645 for open-end generation.
[transformers] Setting `pad_token_id` to `eos_token_id`:151645 for open-end generation.
[449/3000] valid=312 correct=188 parse_failures=0
[transformers] Setting `pad_token_id` to `eos_token_id`:151645 for open-end generation.
[transformers] Setting `pad_token_id` to `eos_token_id`:151645 for open-end generation.
[450/3000] valid=313 correct=189 parse_failures=0
[transformers] Setting `pad_token_id` to `eos_token_id`:151645 for open-end generation.
[transformers] Setting `pad_token_id` to `eos_token_id`:151645 for open-end generation.
[451/3000] valid=313 correct=189 parse_failures=0
[transformers] Setting `pad_token_id` to `eos_token_id`:151645 for open-end generation.
[transformers] Setting `pad_token_id` to `eos_token_id`:151645 for open-end generation.
[452/3000] valid=314 correct=190 parse_failures=0
[transformers] Setting `pad_token_id` to `eos_token_id`:151645 for open-end generation.
[transformers] Setting `pad_token_id` to `eos_token_id`:151645 for open-end generation.
[453/3000] valid=315 correct=190 parse_failures=0
[transformers] Setting `pad_token_id` to `eos_token_id`:151645 for open-end generation.
[transformers] Setting `pad_token_id` to `eos_token_id`:151645 for open-end generation.
[454/3000] valid=316 correct=191 parse_failures=0
[transformers] Setting `pad_token_id` to `eos_token_id`:151645 for open-end generation.
[transformers] Setting `pad_token_id` to `eos_token_id`:151645 for open-end generation.
[455/3000] valid=317 correct=192 parse_failures=0
[transformers] Setting `pad_token_id` to `eos_token_id`:151645 for open-end generation.
[transformers] Setting `pad_token_id` to `eos_token_id`:151645 for open-end generation.
[456/3000] valid=318 correct=193 parse_failures=0
[transformers] Setting `pad_token_id` to `eos_token_id`:151645 for open-end generation.
[transformers] Setting `pad_token_id` to `eos_token_id`:151645 for open-end generation.
[457/3000] valid=319 correct=194 parse_failures=0
[transformers] Setting `pad_token_id` to `eos_token_id`:151645 for open-end generation.
[transformers] Setting `pad_token_id` to `eos_token_id`:151645 for open-end generation.
[458/3000] valid=320 correct=195 parse_failures=0
[transformers] Setting `pad_token_id` to `eos_token_id`:151645 for open-end generation.
[transformers] Setting `pad_token_id` to `eos_token_id`:151645 for open-end generation.
[459/3000] valid=321 correct=195 parse_failures=0
[transformers] Setting `pad_token_id` to `eos_token_id`:151645 for open-end generation.
[transformers] Setting `pad_token_id` to `eos_token_id`:151645 for open-end generation.
[460/3000] valid=322 correct=195 parse_failures=0
[transformers] Setting `pad_token_id` to `eos_token_id`:151645 for open-end generation.
[transformers] Setting `pad_token_id` to `eos_token_id`:151645 for open-end generation.
[461/3000] valid=323 correct=195 parse_failures=0
[transformers] Setting `pad_token_id` to `eos_token_id`:151645 for open-end generation.
[transformers] Setting `pad_token_id` to `eos_token_id`:151645 for open-end generation.
[462/3000] valid=323 correct=195 parse_failures=0
[transformers] Setting `pad_token_id` to `eos_token_id`:151645 for open-end generation.
[transformers] Setting `pad_token_id` to `eos_token_id`:151645 for open-end generation.
[463/3000] valid=324 correct=196 parse_failures=0
[transformers] Setting `pad_token_id` to `eos_token_id`:151645 for open-end generation.
[transformers] Setting `pad_token_id` to `eos_token_id`:151645 for open-end generation.
[464/3000] valid=324 correct=196 parse_failures=0
[transformers] Setting `pad_token_id` to `eos_token_id`:151645 for open-end generation.
[transformers] Setting `pad_token_id` to `eos_token_id`:151645 for open-end generation.
[465/3000] valid=325 correct=197 parse_failures=0
[transformers] Setting `pad_token_id` to `eos_token_id`:151645 for open-end generation.
[transformers] Setting `pad_token_id` to `eos_token_id`:151645 for open-end generation.
[466/3000] valid=326 correct=198 parse_failures=0
[transformers] Setting `pad_token_id` to `eos_token_id`:151645 for open-end generation.
[transformers] Setting `pad_token_id` to `eos_token_id`:151645 for open-end generation.
[467/3000] valid=327 correct=199 parse_failures=0
[transformers] Setting `pad_token_id` to `eos_token_id`:151645 for open-end generation.
[transformers] Setting `pad_token_id` to `eos_token_id`:151645 for open-end generation.
[468/3000] valid=327 correct=199 parse_failures=0
[transformers] Setting `pad_token_id` to `eos_token_id`:151645 for open-end generation.
[transformers] Setting `pad_token_id` to `eos_token_id`:151645 for open-end generation.
[469/3000] valid=328 correct=199 parse_failures=0
[transformers] Setting `pad_token_id` to `eos_token_id`:151645 for open-end generation.
[transformers] Setting `pad_token_id` to `eos_token_id`:151645 for open-end generation.
[470/3000] valid=328 correct=199 parse_failures=0
[transformers] Setting `pad_token_id` to `eos_token_id`:151645 for open-end generation.
[transformers] Setting `pad_token_id` to `eos_token_id`:151645 for open-end generation.
[471/3000] valid=329 correct=200 parse_failures=0
[transformers] Setting `pad_token_id` to `eos_token_id`:151645 for open-end generation.
[transformers] Setting `pad_token_id` to `eos_token_id`:151645 for open-end generation.
[472/3000] valid=330 correct=200 parse_failures=0
[transformers] Setting `pad_token_id` to `eos_token_id`:151645 for open-end generation.
[transformers] Setting `pad_token_id` to `eos_token_id`:151645 for open-end generation.
[473/3000] valid=331 correct=201 parse_failures=0
[transformers] Setting `pad_token_id` to `eos_token_id`:151645 for open-end generation.
[transformers] Setting `pad_token_id` to `eos_token_id`:151645 for open-end generation.
[474/3000] valid=332 correct=202 parse_failures=0
[transformers] Setting `pad_token_id` to `eos_token_id`:151645 for open-end generation.
[transformers] Setting `pad_token_id` to `eos_token_id`:151645 for open-end generation.
[475/3000] valid=333 correct=203 parse_failures=0
[transformers] Setting `pad_token_id` to `eos_token_id`:151645 for open-end generation.
[transformers] Setting `pad_token_id` to `eos_token_id`:151645 for open-end generation.
[476/3000] valid=334 correct=203 parse_failures=0
[transformers] Setting `pad_token_id` to `eos_token_id`:151645 for open-end generation.
[transformers] Setting `pad_token_id` to `eos_token_id`:151645 for open-end generation.
[477/3000] valid=335 correct=204 parse_failures=0
[transformers] Setting `pad_token_id` to `eos_token_id`:151645 for open-end generation.
[transformers] Setting `pad_token_id` to `eos_token_id`:151645 for open-end generation.
[478/3000] valid=336 correct=205 parse_failures=0
[transformers] Setting `pad_token_id` to `eos_token_id`:151645 for open-end generation.
[transformers] Setting `pad_token_id` to `eos_token_id`:151645 for open-end generation.
[479/3000] valid=336 correct=205 parse_failures=0
[transformers] Setting `pad_token_id` to `eos_token_id`:151645 for open-end generation.
[transformers] Setting `pad_token_id` to `eos_token_id`:151645 for open-end generation.
[480/3000] valid=337 correct=205 parse_failures=0
[transformers] Setting `pad_token_id` to `eos_token_id`:151645 for open-end generation.
[transformers] Setting `pad_token_id` to `eos_token_id`:151645 for open-end generation.
[481/3000] valid=337 correct=205 parse_failures=0
[transformers] Setting `pad_token_id` to `eos_token_id`:151645 for open-end generation.
[transformers] Setting `pad_token_id` to `eos_token_id`:151645 for open-end generation.
[482/3000] valid=338 correct=205 parse_failures=0
[transformers] Setting `pad_token_id` to `eos_token_id`:151645 for open-end generation.
[transformers] Setting `pad_token_id` to `eos_token_id`:151645 for open-end generation.
[483/3000] valid=339 correct=206 parse_failures=0
[transformers] Setting `pad_token_id` to `eos_token_id`:151645 for open-end generation.
[transformers] Setting `pad_token_id` to `eos_token_id`:151645 for open-end generation.
[484/3000] valid=339 correct=206 parse_failures=0
[transformers] Setting `pad_token_id` to `eos_token_id`:151645 for open-end generation.
[transformers] Setting `pad_token_id` to `eos_token_id`:151645 for open-end generation.
[485/3000] valid=340 correct=207 parse_failures=0
[transformers] Setting `pad_token_id` to `eos_token_id`:151645 for open-end generation.
[transformers] Setting `pad_token_id` to `eos_token_id`:151645 for open-end generation.
[486/3000] valid=341 correct=208 parse_failures=0
[transformers] Setting `pad_token_id` to `eos_token_id`:151645 for open-end generation.
[transformers] Setting `pad_token_id` to `eos_token_id`:151645 for open-end generation.
[487/3000] valid=342 correct=209 parse_failures=0
[transformers] Setting `pad_token_id` to `eos_token_id`:151645 for open-end generation.
[transformers] Setting `pad_token_id` to `eos_token_id`:151645 for open-end generation.
[488/3000] valid=342 correct=209 parse_failures=0
[transformers] Setting `pad_token_id` to `eos_token_id`:151645 for open-end generation.
[transformers] Setting `pad_token_id` to `eos_token_id`:151645 for open-end generation.
[489/3000] valid=343 correct=210 parse_failures=0
[transformers] Setting `pad_token_id` to `eos_token_id`:151645 for open-end generation.
[transformers] Setting `pad_token_id` to `eos_token_id`:151645 for open-end generation.
[490/3000] valid=344 correct=210 parse_failures=0
[transformers] Setting `pad_token_id` to `eos_token_id`:151645 for open-end generation.
[transformers] Setting `pad_token_id` to `eos_token_id`:151645 for open-end generation.
[491/3000] valid=345 correct=210 parse_failures=0
[transformers] Setting `pad_token_id` to `eos_token_id`:151645 for open-end generation.
[transformers] Setting `pad_token_id` to `eos_token_id`:151645 for open-end generation.
[492/3000] valid=346 correct=210 parse_failures=0
[transformers] Setting `pad_token_id` to `eos_token_id`:151645 for open-end generation.
[transformers] Setting `pad_token_id` to `eos_token_id`:151645 for open-end generation.
[493/3000] valid=346 correct=210 parse_failures=0
[transformers] Setting `pad_token_id` to `eos_token_id`:151645 for open-end generation.
[transformers] Setting `pad_token_id` to `eos_token_id`:151645 for open-end generation.
[494/3000] valid=347 correct=211 parse_failures=0
[transformers] Setting `pad_token_id` to `eos_token_id`:151645 for open-end generation.
[transformers] Setting `pad_token_id` to `eos_token_id`:151645 for open-end generation.
[495/3000] valid=348 correct=212 parse_failures=0
[transformers] Setting `pad_token_id` to `eos_token_id`:151645 for open-end generation.
[transformers] Setting `pad_token_id` to `eos_token_id`:151645 for open-end generation.
[496/3000] valid=349 correct=213 parse_failures=0
[transformers] Setting `pad_token_id` to `eos_token_id`:151645 for open-end generation.
[transformers] Setting `pad_token_id` to `eos_token_id`:151645 for open-end generation.
[497/3000] valid=349 correct=213 parse_failures=0
[transformers] Setting `pad_token_id` to `eos_token_id`:151645 for open-end generation.
[transformers] Setting `pad_token_id` to `eos_token_id`:151645 for open-end generation.
[498/3000] valid=350 correct=214 parse_failures=0
[transformers] Setting `pad_token_id` to `eos_token_id`:151645 for open-end generation.
[transformers] Setting `pad_token_id` to `eos_token_id`:151645 for open-end generation.
[499/3000] valid=351 correct=215 parse_failures=0
[transformers] Setting `pad_token_id` to `eos_token_id`:151645 for open-end generation.
[transformers] Setting `pad_token_id` to `eos_token_id`:151645 for open-end generation.
[500/3000] valid=352 correct=216 parse_failures=0
[transformers] Setting `pad_token_id` to `eos_token_id`:151645 for open-end generation.
[transformers] Setting `pad_token_id` to `eos_token_id`:151645 for open-end generation.
[501/3000] valid=352 correct=216 parse_failures=0
[transformers] Setting `pad_token_id` to `eos_token_id`:151645 for open-end generation.
[transformers] Setting `pad_token_id` to `eos_token_id`:151645 for open-end generation.
[502/3000] valid=353 correct=217 parse_failures=0
[transformers] Setting `pad_token_id` to `eos_token_id`:151645 for open-end generation.
[transformers] Setting `pad_token_id` to `eos_token_id`:151645 for open-end generation.
[503/3000] valid=354 correct=218 parse_failures=0
[transformers] Setting `pad_token_id` to `eos_token_id`:151645 for open-end generation.
[transformers] Setting `pad_token_id` to `eos_token_id`:151645 for open-end generation.
[504/3000] valid=354 correct=218 parse_failures=0
[transformers] Setting `pad_token_id` to `eos_token_id`:151645 for open-end generation.
[transformers] Setting `pad_token_id` to `eos_token_id`:151645 for open-end generation.
[505/3000] valid=355 correct=219 parse_failures=0
[transformers] Setting `pad_token_id` to `eos_token_id`:151645 for open-end generation.
[transformers] Setting `pad_token_id` to `eos_token_id`:151645 for open-end generation.
[506/3000] valid=356 correct=220 parse_failures=0
[transformers] Setting `pad_token_id` to `eos_token_id`:151645 for open-end generation.
[transformers] Setting `pad_token_id` to `eos_token_id`:151645 for open-end generation.
[507/3000] valid=356 correct=220 parse_failures=0
[transformers] Setting `pad_token_id` to `eos_token_id`:151645 for open-end generation.
[transformers] Setting `pad_token_id` to `eos_token_id`:151645 for open-end generation.
[508/3000] valid=357 correct=221 parse_failures=0
[transformers] Setting `pad_token_id` to `eos_token_id`:151645 for open-end generation.
[transformers] Setting `pad_token_id` to `eos_token_id`:151645 for open-end generation.
[509/3000] valid=357 correct=221 parse_failures=0
[transformers] Setting `pad_token_id` to `eos_token_id`:151645 for open-end generation.
[transformers] Setting `pad_token_id` to `eos_token_id`:151645 for open-end generation.
[510/3000] valid=358 correct=222 parse_failures=0
[transformers] Setting `pad_token_id` to `eos_token_id`:151645 for open-end generation.
[transformers] Setting `pad_token_id` to `eos_token_id`:151645 for open-end generation.
[511/3000] valid=359 correct=223 parse_failures=0
[transformers] Setting `pad_token_id` to `eos_token_id`:151645 for open-end generation.
[transformers] Setting `pad_token_id` to `eos_token_id`:151645 for open-end generation.
[512/3000] valid=359 correct=223 parse_failures=0
[transformers] Setting `pad_token_id` to `eos_token_id`:151645 for open-end generation.
[transformers] Setting `pad_token_id` to `eos_token_id`:151645 for open-end generation.
[513/3000] valid=359 correct=223 parse_failures=0
[transformers] Setting `pad_token_id` to `eos_token_id`:151645 for open-end generation.
[transformers] Setting `pad_token_id` to `eos_token_id`:151645 for open-end generation.
[514/3000] valid=359 correct=223 parse_failures=0
[transformers] Setting `pad_token_id` to `eos_token_id`:151645 for open-end generation.
[transformers] Setting `pad_token_id` to `eos_token_id`:151645 for open-end generation.
[515/3000] valid=360 correct=224 parse_failures=0
[transformers] Setting `pad_token_id` to `eos_token_id`:151645 for open-end generation.
[transformers] Setting `pad_token_id` to `eos_token_id`:151645 for open-end generation.
[516/3000] valid=361 correct=225 parse_failures=0
[transformers] Setting `pad_token_id` to `eos_token_id`:151645 for open-end generation.
[transformers] Setting `pad_token_id` to `eos_token_id`:151645 for open-end generation.
[517/3000] valid=362 correct=226 parse_failures=0
[transformers] Setting `pad_token_id` to `eos_token_id`:151645 for open-end generation.
[transformers] Setting `pad_token_id` to `eos_token_id`:151645 for open-end generation.
[518/3000] valid=363 correct=227 parse_failures=0
[transformers] Setting `pad_token_id` to `eos_token_id`:151645 for open-end generation.
[transformers] Setting `pad_token_id` to `eos_token_id`:151645 for open-end generation.
[519/3000] valid=364 correct=228 parse_failures=0
[transformers] Setting `pad_token_id` to `eos_token_id`:151645 for open-end generation.
[transformers] Setting `pad_token_id` to `eos_token_id`:151645 for open-end generation.
[520/3000] valid=364 correct=228 parse_failures=0
[transformers] Setting `pad_token_id` to `eos_token_id`:151645 for open-end generation.
[transformers] Setting `pad_token_id` to `eos_token_id`:151645 for open-end generation.
[521/3000] valid=365 correct=229 parse_failures=0
[transformers] Setting `pad_token_id` to `eos_token_id`:151645 for open-end generation.
[transformers] Setting `pad_token_id` to `eos_token_id`:151645 for open-end generation.
[522/3000] valid=366 correct=230 parse_failures=0
[transformers] Setting `pad_token_id` to `eos_token_id`:151645 for open-end generation.
[transformers] Setting `pad_token_id` to `eos_token_id`:151645 for open-end generation.
[523/3000] valid=366 correct=230 parse_failures=0
[transformers] Setting `pad_token_id` to `eos_token_id`:151645 for open-end generation.
[transformers] Setting `pad_token_id` to `eos_token_id`:151645 for open-end generation.
[524/3000] valid=367 correct=231 parse_failures=0
[transformers] Setting `pad_token_id` to `eos_token_id`:151645 for open-end generation.
[transformers] Setting `pad_token_id` to `eos_token_id`:151645 for open-end generation.
[525/3000] valid=368 correct=231 parse_failures=0
[transformers] Setting `pad_token_id` to `eos_token_id`:151645 for open-end generation.
[transformers] Setting `pad_token_id` to `eos_token_id`:151645 for open-end generation.
[526/3000] valid=369 correct=231 parse_failures=0
[transformers] Setting `pad_token_id` to `eos_token_id`:151645 for open-end generation.
[transformers] Setting `pad_token_id` to `eos_token_id`:151645 for open-end generation.
[527/3000] valid=370 correct=232 parse_failures=0
[transformers] Setting `pad_token_id` to `eos_token_id`:151645 for open-end generation.
[transformers] Setting `pad_token_id` to `eos_token_id`:151645 for open-end generation.
[528/3000] valid=371 correct=233 parse_failures=0
[transformers] Setting `pad_token_id` to `eos_token_id`:151645 for open-end generation.
[transformers] Setting `pad_token_id` to `eos_token_id`:151645 for open-end generation.
[529/3000] valid=371 correct=233 parse_failures=0
[transformers] Setting `pad_token_id` to `eos_token_id`:151645 for open-end generation.
[transformers] Setting `pad_token_id` to `eos_token_id`:151645 for open-end generation.
[530/3000] valid=372 correct=234 parse_failures=0
[transformers] Setting `pad_token_id` to `eos_token_id`:151645 for open-end generation.
[transformers] Setting `pad_token_id` to `eos_token_id`:151645 for open-end generation.
[531/3000] valid=372 correct=234 parse_failures=0
[transformers] Setting `pad_token_id` to `eos_token_id`:151645 for open-end generation.
[transformers] Setting `pad_token_id` to `eos_token_id`:151645 for open-end generation.
[532/3000] valid=373 correct=235 parse_failures=0
[transformers] Setting `pad_token_id` to `eos_token_id`:151645 for open-end generation.
[transformers] Setting `pad_token_id` to `eos_token_id`:151645 for open-end generation.
[533/3000] valid=374 correct=235 parse_failures=0
[transformers] Setting `pad_token_id` to `eos_token_id`:151645 for open-end generation.
[transformers] Setting `pad_token_id` to `eos_token_id`:151645 for open-end generation.
[534/3000] valid=375 correct=236 parse_failures=0
[transformers] Setting `pad_token_id` to `eos_token_id`:151645 for open-end generation.
[transformers] Setting `pad_token_id` to `eos_token_id`:151645 for open-end generation.
[535/3000] valid=376 correct=237 parse_failures=0
[transformers] Setting `pad_token_id` to `eos_token_id`:151645 for open-end generation.
[transformers] Setting `pad_token_id` to `eos_token_id`:151645 for open-end generation.
[536/3000] valid=377 correct=237 parse_failures=0
[transformers] Setting `pad_token_id` to `eos_token_id`:151645 for open-end generation.
[transformers] Setting `pad_token_id` to `eos_token_id`:151645 for open-end generation.
[537/3000] valid=377 correct=237 parse_failures=0
[transformers] Setting `pad_token_id` to `eos_token_id`:151645 for open-end generation.
[transformers] Setting `pad_token_id` to `eos_token_id`:151645 for open-end generation.
[538/3000] valid=378 correct=237 parse_failures=0
[transformers] Setting `pad_token_id` to `eos_token_id`:151645 for open-end generation.
[transformers] Setting `pad_token_id` to `eos_token_id`:151645 for open-end generation.
[539/3000] valid=378 correct=237 parse_failures=0
[transformers] Setting `pad_token_id` to `eos_token_id`:151645 for open-end generation.
[transformers] Setting `pad_token_id` to `eos_token_id`:151645 for open-end generation.
[540/3000] valid=379 correct=238 parse_failures=0
[transformers] Setting `pad_token_id` to `eos_token_id`:151645 for open-end generation.
[transformers] Setting `pad_token_id` to `eos_token_id`:151645 for open-end generation.
[541/3000] valid=379 correct=238 parse_failures=0
[transformers] Setting `pad_token_id` to `eos_token_id`:151645 for open-end generation.
[transformers] Setting `pad_token_id` to `eos_token_id`:151645 for open-end generation.
[542/3000] valid=379 correct=238 parse_failures=0
[transformers] Setting `pad_token_id` to `eos_token_id`:151645 for open-end generation.
[transformers] Setting `pad_token_id` to `eos_token_id`:151645 for open-end generation.
[543/3000] valid=380 correct=239 parse_failures=0
[transformers] Setting `pad_token_id` to `eos_token_id`:151645 for open-end generation.
[transformers] Setting `pad_token_id` to `eos_token_id`:151645 for open-end generation.
[544/3000] valid=381 correct=239 parse_failures=0
[transformers] Setting `pad_token_id` to `eos_token_id`:151645 for open-end generation.
[transformers] Setting `pad_token_id` to `eos_token_id`:151645 for open-end generation.
[545/3000] valid=382 correct=239 parse_failures=0
[transformers] Setting `pad_token_id` to `eos_token_id`:151645 for open-end generation.
[transformers] Setting `pad_token_id` to `eos_token_id`:151645 for open-end generation.
[546/3000] valid=383 correct=240 parse_failures=0
[transformers] Setting `pad_token_id` to `eos_token_id`:151645 for open-end generation.
[transformers] Setting `pad_token_id` to `eos_token_id`:151645 for open-end generation.
[547/3000] valid=383 correct=240 parse_failures=0
[transformers] Setting `pad_token_id` to `eos_token_id`:151645 for open-end generation.
[transformers] Setting `pad_token_id` to `eos_token_id`:151645 for open-end generation.
[548/3000] valid=384 correct=241 parse_failures=0
[transformers] Setting `pad_token_id` to `eos_token_id`:151645 for open-end generation.
[transformers] Setting `pad_token_id` to `eos_token_id`:151645 for open-end generation.
[549/3000] valid=385 correct=241 parse_failures=0
[transformers] Setting `pad_token_id` to `eos_token_id`:151645 for open-end generation.
[transformers] Setting `pad_token_id` to `eos_token_id`:151645 for open-end generation.
[550/3000] valid=385 correct=241 parse_failures=0
[transformers] Setting `pad_token_id` to `eos_token_id`:151645 for open-end generation.
[transformers] Setting `pad_token_id` to `eos_token_id`:151645 for open-end generation.
[551/3000] valid=386 correct=241 parse_failures=0
[transformers] Setting `pad_token_id` to `eos_token_id`:151645 for open-end generation.
[transformers] Setting `pad_token_id` to `eos_token_id`:151645 for open-end generation.
[552/3000] valid=387 correct=242 parse_failures=0
[transformers] Setting `pad_token_id` to `eos_token_id`:151645 for open-end generation.
[transformers] Setting `pad_token_id` to `eos_token_id`:151645 for open-end generation.
[553/3000] valid=387 correct=242 parse_failures=0
[transformers] Setting `pad_token_id` to `eos_token_id`:151645 for open-end generation.
[transformers] Setting `pad_token_id` to `eos_token_id`:151645 for open-end generation.
[554/3000] valid=387 correct=242 parse_failures=0
[transformers] Setting `pad_token_id` to `eos_token_id`:151645 for open-end generation.
[transformers] Setting `pad_token_id` to `eos_token_id`:151645 for open-end generation.
[555/3000] valid=388 correct=242 parse_failures=0
[transformers] Setting `pad_token_id` to `eos_token_id`:151645 for open-end generation.
[transformers] Setting `pad_token_id` to `eos_token_id`:151645 for open-end generation.
[556/3000] valid=389 correct=243 parse_failures=0
[transformers] Setting `pad_token_id` to `eos_token_id`:151645 for open-end generation.
[transformers] Setting `pad_token_id` to `eos_token_id`:151645 for open-end generation.
[557/3000] valid=390 correct=244 parse_failures=0
[transformers] Setting `pad_token_id` to `eos_token_id`:151645 for open-end generation.
[transformers] Setting `pad_token_id` to `eos_token_id`:151645 for open-end generation.
[558/3000] valid=390 correct=244 parse_failures=0
[transformers] Setting `pad_token_id` to `eos_token_id`:151645 for open-end generation.
[transformers] Setting `pad_token_id` to `eos_token_id`:151645 for open-end generation.
[559/3000] valid=391 correct=244 parse_failures=0
[transformers] Setting `pad_token_id` to `eos_token_id`:151645 for open-end generation.
[transformers] Setting `pad_token_id` to `eos_token_id`:151645 for open-end generation.
[560/3000] valid=392 correct=245 parse_failures=0
[transformers] Setting `pad_token_id` to `eos_token_id`:151645 for open-end generation.
[transformers] Setting `pad_token_id` to `eos_token_id`:151645 for open-end generation.
[561/3000] valid=393 correct=246 parse_failures=0
[transformers] Setting `pad_token_id` to `eos_token_id`:151645 for open-end generation.
[transformers] Setting `pad_token_id` to `eos_token_id`:151645 for open-end generation.
[562/3000] valid=394 correct=247 parse_failures=0
[transformers] Setting `pad_token_id` to `eos_token_id`:151645 for open-end generation.
[transformers] Setting `pad_token_id` to `eos_token_id`:151645 for open-end generation.
[563/3000] valid=395 correct=248 parse_failures=0
[transformers] Setting `pad_token_id` to `eos_token_id`:151645 for open-end generation.
[transformers] Setting `pad_token_id` to `eos_token_id`:151645 for open-end generation.
[564/3000] valid=396 correct=248 parse_failures=0
[transformers] Setting `pad_token_id` to `eos_token_id`:151645 for open-end generation.
[transformers] Setting `pad_token_id` to `eos_token_id`:151645 for open-end generation.
[565/3000] valid=396 correct=248 parse_failures=0
[transformers] Setting `pad_token_id` to `eos_token_id`:151645 for open-end generation.
[transformers] Setting `pad_token_id` to `eos_token_id`:151645 for open-end generation.
[566/3000] valid=396 correct=248 parse_failures=0
[transformers] Setting `pad_token_id` to `eos_token_id`:151645 for open-end generation.
[transformers] Setting `pad_token_id` to `eos_token_id`:151645 for open-end generation.
[567/3000] valid=397 correct=248 parse_failures=0
[transformers] Setting `pad_token_id` to `eos_token_id`:151645 for open-end generation.
[transformers] Setting `pad_token_id` to `eos_token_id`:151645 for open-end generation.
[568/3000] valid=398 correct=249 parse_failures=0
[transformers] Setting `pad_token_id` to `eos_token_id`:151645 for open-end generation.
[transformers] Setting `pad_token_id` to `eos_token_id`:151645 for open-end generation.
[569/3000] valid=398 correct=249 parse_failures=0
[transformers] Setting `pad_token_id` to `eos_token_id`:151645 for open-end generation.
[transformers] Setting `pad_token_id` to `eos_token_id`:151645 for open-end generation.
[570/3000] valid=399 correct=249 parse_failures=0
[transformers] Setting `pad_token_id` to `eos_token_id`:151645 for open-end generation.
[transformers] Setting `pad_token_id` to `eos_token_id`:151645 for open-end generation.
[571/3000] valid=400 correct=250 parse_failures=0
[transformers] Setting `pad_token_id` to `eos_token_id`:151645 for open-end generation.
[transformers] Setting `pad_token_id` to `eos_token_id`:151645 for open-end generation.
[572/3000] valid=400 correct=250 parse_failures=0
[transformers] Setting `pad_token_id` to `eos_token_id`:151645 for open-end generation.
[transformers] Setting `pad_token_id` to `eos_token_id`:151645 for open-end generation.
[573/3000] valid=401 correct=250 parse_failures=0
[transformers] Setting `pad_token_id` to `eos_token_id`:151645 for open-end generation.
[transformers] Setting `pad_token_id` to `eos_token_id`:151645 for open-end generation.
[574/3000] valid=402 correct=251 parse_failures=0
[transformers] Setting `pad_token_id` to `eos_token_id`:151645 for open-end generation.
[transformers] Setting `pad_token_id` to `eos_token_id`:151645 for open-end generation.
[575/3000] valid=403 correct=252 parse_failures=0
[transformers] Setting `pad_token_id` to `eos_token_id`:151645 for open-end generation.
[transformers] Setting `pad_token_id` to `eos_token_id`:151645 for open-end generation.
[576/3000] valid=404 correct=253 parse_failures=0
[transformers] Setting `pad_token_id` to `eos_token_id`:151645 for open-end generation.
[transformers] Setting `pad_token_id` to `eos_token_id`:151645 for open-end generation.
[577/3000] valid=404 correct=253 parse_failures=0
[transformers] Setting `pad_token_id` to `eos_token_id`:151645 for open-end generation.
[transformers] Setting `pad_token_id` to `eos_token_id`:151645 for open-end generation.
[578/3000] valid=404 correct=253 parse_failures=0
[transformers] Setting `pad_token_id` to `eos_token_id`:151645 for open-end generation.
[transformers] Setting `pad_token_id` to `eos_token_id`:151645 for open-end generation.
[579/3000] valid=405 correct=253 parse_failures=0
[transformers] Setting `pad_token_id` to `eos_token_id`:151645 for open-end generation.
[transformers] Setting `pad_token_id` to `eos_token_id`:151645 for open-end generation.
[580/3000] valid=406 correct=254 parse_failures=0
[transformers] Setting `pad_token_id` to `eos_token_id`:151645 for open-end generation.
[transformers] Setting `pad_token_id` to `eos_token_id`:151645 for open-end generation.
[581/3000] valid=407 correct=255 parse_failures=0
[transformers] Setting `pad_token_id` to `eos_token_id`:151645 for open-end generation.
[transformers] Setting `pad_token_id` to `eos_token_id`:151645 for open-end generation.
[582/3000] valid=408 correct=256 parse_failures=0
[transformers] Setting `pad_token_id` to `eos_token_id`:151645 for open-end generation.
[transformers] Setting `pad_token_id` to `eos_token_id`:151645 for open-end generation.
[583/3000] valid=409 correct=257 parse_failures=0
[transformers] Setting `pad_token_id` to `eos_token_id`:151645 for open-end generation.
[transformers] Setting `pad_token_id` to `eos_token_id`:151645 for open-end generation.
[584/3000] valid=410 correct=258 parse_failures=0
[transformers] Setting `pad_token_id` to `eos_token_id`:151645 for open-end generation.
[transformers] Setting `pad_token_id` to `eos_token_id`:151645 for open-end generation.
[585/3000] valid=411 correct=259 parse_failures=0
[transformers] Setting `pad_token_id` to `eos_token_id`:151645 for open-end generation.
[transformers] Setting `pad_token_id` to `eos_token_id`:151645 for open-end generation.
[586/3000] valid=412 correct=260 parse_failures=0
[transformers] Setting `pad_token_id` to `eos_token_id`:151645 for open-end generation.
[transformers] Setting `pad_token_id` to `eos_token_id`:151645 for open-end generation.
[587/3000] valid=412 correct=260 parse_failures=0
[transformers] Setting `pad_token_id` to `eos_token_id`:151645 for open-end generation.
[transformers] Setting `pad_token_id` to `eos_token_id`:151645 for open-end generation.
[588/3000] valid=413 correct=261 parse_failures=0
[transformers] Setting `pad_token_id` to `eos_token_id`:151645 for open-end generation.
[transformers] Setting `pad_token_id` to `eos_token_id`:151645 for open-end generation.
[589/3000] valid=414 correct=262 parse_failures=0
[transformers] Setting `pad_token_id` to `eos_token_id`:151645 for open-end generation.
[transformers] Setting `pad_token_id` to `eos_token_id`:151645 for open-end generation.
[590/3000] valid=415 correct=263 parse_failures=0
[transformers] Setting `pad_token_id` to `eos_token_id`:151645 for open-end generation.
[transformers] Setting `pad_token_id` to `eos_token_id`:151645 for open-end generation.
[591/3000] valid=416 correct=263 parse_failures=0
[transformers] Setting `pad_token_id` to `eos_token_id`:151645 for open-end generation.
[transformers] Setting `pad_token_id` to `eos_token_id`:151645 for open-end generation.
[592/3000] valid=417 correct=263 parse_failures=0
[transformers] Setting `pad_token_id` to `eos_token_id`:151645 for open-end generation.
[transformers] Setting `pad_token_id` to `eos_token_id`:151645 for open-end generation.
[593/3000] valid=418 correct=264 parse_failures=0
[transformers] Setting `pad_token_id` to `eos_token_id`:151645 for open-end generation.
[transformers] Setting `pad_token_id` to `eos_token_id`:151645 for open-end generation.
[594/3000] valid=419 correct=265 parse_failures=0
[transformers] Setting `pad_token_id` to `eos_token_id`:151645 for open-end generation.
[transformers] Setting `pad_token_id` to `eos_token_id`:151645 for open-end generation.
[595/3000] valid=419 correct=265 parse_failures=0
[transformers] Setting `pad_token_id` to `eos_token_id`:151645 for open-end generation.
[transformers] Setting `pad_token_id` to `eos_token_id`:151645 for open-end generation.
[596/3000] valid=420 correct=265 parse_failures=0
[transformers] Setting `pad_token_id` to `eos_token_id`:151645 for open-end generation.
[transformers] Setting `pad_token_id` to `eos_token_id`:151645 for open-end generation.
[597/3000] valid=421 correct=265 parse_failures=0
[transformers] Setting `pad_token_id` to `eos_token_id`:151645 for open-end generation.
[transformers] Setting `pad_token_id` to `eos_token_id`:151645 for open-end generation.
[598/3000] valid=422 correct=266 parse_failures=0
[transformers] Setting `pad_token_id` to `eos_token_id`:151645 for open-end generation.
[transformers] Setting `pad_token_id` to `eos_token_id`:151645 for open-end generation.
[599/3000] valid=423 correct=267 parse_failures=0
[transformers] Setting `pad_token_id` to `eos_token_id`:151645 for open-end generation.
[transformers] Setting `pad_token_id` to `eos_token_id`:151645 for open-end generation.
[600/3000] valid=423 correct=267 parse_failures=0
[transformers] Setting `pad_token_id` to `eos_token_id`:151645 for open-end generation.
[transformers] Setting `pad_token_id` to `eos_token_id`:151645 for open-end generation.
[601/3000] valid=424 correct=268 parse_failures=0
[transformers] Setting `pad_token_id` to `eos_token_id`:151645 for open-end generation.
[transformers] Setting `pad_token_id` to `eos_token_id`:151645 for open-end generation.
[602/3000] valid=425 correct=268 parse_failures=0
[transformers] Setting `pad_token_id` to `eos_token_id`:151645 for open-end generation.
[transformers] Setting `pad_token_id` to `eos_token_id`:151645 for open-end generation.
[603/3000] valid=426 correct=268 parse_failures=0
[transformers] Setting `pad_token_id` to `eos_token_id`:151645 for open-end generation.
[transformers] Setting `pad_token_id` to `eos_token_id`:151645 for open-end generation.
[604/3000] valid=427 correct=268 parse_failures=0
[transformers] Setting `pad_token_id` to `eos_token_id`:151645 for open-end generation.
[transformers] Setting `pad_token_id` to `eos_token_id`:151645 for open-end generation.
[605/3000] valid=427 correct=268 parse_failures=0
[transformers] Setting `pad_token_id` to `eos_token_id`:151645 for open-end generation.
[transformers] Setting `pad_token_id` to `eos_token_id`:151645 for open-end generation.
[606/3000] valid=427 correct=268 parse_failures=0
[transformers] Setting `pad_token_id` to `eos_token_id`:151645 for open-end generation.
[transformers] Setting `pad_token_id` to `eos_token_id`:151645 for open-end generation.
[607/3000] valid=427 correct=268 parse_failures=0
[transformers] Setting `pad_token_id` to `eos_token_id`:151645 for open-end generation.
[transformers] Setting `pad_token_id` to `eos_token_id`:151645 for open-end generation.
[608/3000] valid=428 correct=268 parse_failures=0
[transformers] Setting `pad_token_id` to `eos_token_id`:151645 for open-end generation.
[transformers] Setting `pad_token_id` to `eos_token_id`:151645 for open-end generation.
[609/3000] valid=429 correct=268 parse_failures=0
[transformers] Setting `pad_token_id` to `eos_token_id`:151645 for open-end generation.
[transformers] Setting `pad_token_id` to `eos_token_id`:151645 for open-end generation.
[610/3000] valid=429 correct=268 parse_failures=0
[transformers] Setting `pad_token_id` to `eos_token_id`:151645 for open-end generation.
[transformers] Setting `pad_token_id` to `eos_token_id`:151645 for open-end generation.
[611/3000] valid=429 correct=268 parse_failures=0
[transformers] Setting `pad_token_id` to `eos_token_id`:151645 for open-end generation.
[transformers] Setting `pad_token_id` to `eos_token_id`:151645 for open-end generation.
[612/3000] valid=430 correct=268 parse_failures=0
[transformers] Setting `pad_token_id` to `eos_token_id`:151645 for open-end generation.
[transformers] Setting `pad_token_id` to `eos_token_id`:151645 for open-end generation.
[613/3000] valid=430 correct=268 parse_failures=0
[transformers] Setting `pad_token_id` to `eos_token_id`:151645 for open-end generation.
[transformers] Setting `pad_token_id` to `eos_token_id`:151645 for open-end generation.
[614/3000] valid=431 correct=268 parse_failures=0
[transformers] Setting `pad_token_id` to `eos_token_id`:151645 for open-end generation.
[transformers] Setting `pad_token_id` to `eos_token_id`:151645 for open-end generation.
[615/3000] valid=431 correct=268 parse_failures=0
[transformers] Setting `pad_token_id` to `eos_token_id`:151645 for open-end generation.
[transformers] Setting `pad_token_id` to `eos_token_id`:151645 for open-end generation.
[616/3000] valid=432 correct=269 parse_failures=0
[transformers] Setting `pad_token_id` to `eos_token_id`:151645 for open-end generation.
[transformers] Setting `pad_token_id` to `eos_token_id`:151645 for open-end generation.
[617/3000] valid=433 correct=269 parse_failures=0
[transformers] Setting `pad_token_id` to `eos_token_id`:151645 for open-end generation.
[transformers] Setting `pad_token_id` to `eos_token_id`:151645 for open-end generation.
[618/3000] valid=434 correct=269 parse_failures=0
[transformers] Setting `pad_token_id` to `eos_token_id`:151645 for open-end generation.
[transformers] Setting `pad_token_id` to `eos_token_id`:151645 for open-end generation.
[619/3000] valid=435 correct=269 parse_failures=0
[transformers] Setting `pad_token_id` to `eos_token_id`:151645 for open-end generation.
[transformers] Setting `pad_token_id` to `eos_token_id`:151645 for open-end generation.
[620/3000] valid=436 correct=269 parse_failures=0
[transformers] Setting `pad_token_id` to `eos_token_id`:151645 for open-end generation.
[transformers] Setting `pad_token_id` to `eos_token_id`:151645 for open-end generation.
[621/3000] valid=437 correct=269 parse_failures=0
[transformers] Setting `pad_token_id` to `eos_token_id`:151645 for open-end generation.
[transformers] Setting `pad_token_id` to `eos_token_id`:151645 for open-end generation.
[622/3000] valid=437 correct=269 parse_failures=0
[transformers] Setting `pad_token_id` to `eos_token_id`:151645 for open-end generation.
[transformers] Setting `pad_token_id` to `eos_token_id`:151645 for open-end generation.
[623/3000] valid=438 correct=269 parse_failures=0
[transformers] Setting `pad_token_id` to `eos_token_id`:151645 for open-end generation.
[transformers] Setting `pad_token_id` to `eos_token_id`:151645 for open-end generation.
[624/3000] valid=438 correct=269 parse_failures=0
[transformers] Setting `pad_token_id` to `eos_token_id`:151645 for open-end generation.
[transformers] Setting `pad_token_id` to `eos_token_id`:151645 for open-end generation.
[625/3000] valid=439 correct=269 parse_failures=0
[transformers] Setting `pad_token_id` to `eos_token_id`:151645 for open-end generation.
[transformers] Setting `pad_token_id` to `eos_token_id`:151645 for open-end generation.
[626/3000] valid=439 correct=269 parse_failures=0
[transformers] Setting `pad_token_id` to `eos_token_id`:151645 for open-end generation.
[transformers] Setting `pad_token_id` to `eos_token_id`:151645 for open-end generation.
[627/3000] valid=440 correct=269 parse_failures=0
[transformers] Setting `pad_token_id` to `eos_token_id`:151645 for open-end generation.
[transformers] Setting `pad_token_id` to `eos_token_id`:151645 for open-end generation.
[628/3000] valid=441 correct=269 parse_failures=0
[transformers] Setting `pad_token_id` to `eos_token_id`:151645 for open-end generation.
[transformers] Setting `pad_token_id` to `eos_token_id`:151645 for open-end generation.
[629/3000] valid=442 correct=269 parse_failures=0
[transformers] Setting `pad_token_id` to `eos_token_id`:151645 for open-end generation.
[transformers] Setting `pad_token_id` to `eos_token_id`:151645 for open-end generation.
[630/3000] valid=442 correct=269 parse_failures=0
[transformers] Setting `pad_token_id` to `eos_token_id`:151645 for open-end generation.
[transformers] Setting `pad_token_id` to `eos_token_id`:151645 for open-end generation.
[631/3000] valid=442 correct=269 parse_failures=0
[transformers] Setting `pad_token_id` to `eos_token_id`:151645 for open-end generation.
[transformers] Setting `pad_token_id` to `eos_token_id`:151645 for open-end generation.
[632/3000] valid=443 correct=269 parse_failures=0
[transformers] Setting `pad_token_id` to `eos_token_id`:151645 for open-end generation.
[transformers] Setting `pad_token_id` to `eos_token_id`:151645 for open-end generation.
[633/3000] valid=443 correct=269 parse_failures=0
[transformers] Setting `pad_token_id` to `eos_token_id`:151645 for open-end generation.
[transformers] Setting `pad_token_id` to `eos_token_id`:151645 for open-end generation.
[634/3000] valid=444 correct=270 parse_failures=0
[transformers] Setting `pad_token_id` to `eos_token_id`:151645 for open-end generation.
[transformers] Setting `pad_token_id` to `eos_token_id`:151645 for open-end generation.
[635/3000] valid=444 correct=270 parse_failures=0
[transformers] Setting `pad_token_id` to `eos_token_id`:151645 for open-end generation.
[transformers] Setting `pad_token_id` to `eos_token_id`:151645 for open-end generation.
[636/3000] valid=445 correct=270 parse_failures=0
[transformers] Setting `pad_token_id` to `eos_token_id`:151645 for open-end generation.
[transformers] Setting `pad_token_id` to `eos_token_id`:151645 for open-end generation.
[637/3000] valid=446 correct=270 parse_failures=0
[transformers] Setting `pad_token_id` to `eos_token_id`:151645 for open-end generation.
[transformers] Setting `pad_token_id` to `eos_token_id`:151645 for open-end generation.
[638/3000] valid=447 correct=270 parse_failures=0
[transformers] Setting `pad_token_id` to `eos_token_id`:151645 for open-end generation.
[transformers] Setting `pad_token_id` to `eos_token_id`:151645 for open-end generation.
[639/3000] valid=447 correct=270 parse_failures=0
[transformers] Setting `pad_token_id` to `eos_token_id`:151645 for open-end generation.
[transformers] Setting `pad_token_id` to `eos_token_id`:151645 for open-end generation.
[640/3000] valid=448 correct=271 parse_failures=0
[transformers] Setting `pad_token_id` to `eos_token_id`:151645 for open-end generation.
[transformers] Setting `pad_token_id` to `eos_token_id`:151645 for open-end generation.
[641/3000] valid=449 correct=272 parse_failures=0
[transformers] Setting `pad_token_id` to `eos_token_id`:151645 for open-end generation.
[transformers] Setting `pad_token_id` to `eos_token_id`:151645 for open-end generation.
[642/3000] valid=449 correct=272 parse_failures=0
[transformers] Setting `pad_token_id` to `eos_token_id`:151645 for open-end generation.
[transformers] Setting `pad_token_id` to `eos_token_id`:151645 for open-end generation.
[643/3000] valid=450 correct=272 parse_failures=0
[transformers] Setting `pad_token_id` to `eos_token_id`:151645 for open-end generation.
[transformers] Setting `pad_token_id` to `eos_token_id`:151645 for open-end generation.
[644/3000] valid=451 correct=273 parse_failures=0
[transformers] Setting `pad_token_id` to `eos_token_id`:151645 for open-end generation.
[transformers] Setting `pad_token_id` to `eos_token_id`:151645 for open-end generation.
[645/3000] valid=451 correct=273 parse_failures=0
[transformers] Setting `pad_token_id` to `eos_token_id`:151645 for open-end generation.
[transformers] Setting `pad_token_id` to `eos_token_id`:151645 for open-end generation.
[646/3000] valid=452 correct=274 parse_failures=0
[transformers] Setting `pad_token_id` to `eos_token_id`:151645 for open-end generation.
[transformers] Setting `pad_token_id` to `eos_token_id`:151645 for open-end generation.
[647/3000] valid=452 correct=274 parse_failures=0
[transformers] Setting `pad_token_id` to `eos_token_id`:151645 for open-end generation.
[transformers] Setting `pad_token_id` to `eos_token_id`:151645 for open-end generation.
[648/3000] valid=453 correct=275 parse_failures=0
[transformers] Setting `pad_token_id` to `eos_token_id`:151645 for open-end generation.
[transformers] Setting `pad_token_id` to `eos_token_id`:151645 for open-end generation.
[649/3000] valid=454 correct=276 parse_failures=0
[transformers] Setting `pad_token_id` to `eos_token_id`:151645 for open-end generation.
[transformers] Setting `pad_token_id` to `eos_token_id`:151645 for open-end generation.
[650/3000] valid=454 correct=276 parse_failures=0
[transformers] Setting `pad_token_id` to `eos_token_id`:151645 for open-end generation.
[transformers] Setting `pad_token_id` to `eos_token_id`:151645 for open-end generation.
[651/3000] valid=455 correct=277 parse_failures=0
[transformers] Setting `pad_token_id` to `eos_token_id`:151645 for open-end generation.
[transformers] Setting `pad_token_id` to `eos_token_id`:151645 for open-end generation.
[652/3000] valid=456 correct=278 parse_failures=0
[transformers] Setting `pad_token_id` to `eos_token_id`:151645 for open-end generation.
[transformers] Setting `pad_token_id` to `eos_token_id`:151645 for open-end generation.
[653/3000] valid=457 correct=279 parse_failures=0
[transformers] Setting `pad_token_id` to `eos_token_id`:151645 for open-end generation.
[transformers] Setting `pad_token_id` to `eos_token_id`:151645 for open-end generation.
[654/3000] valid=457 correct=279 parse_failures=0
[transformers] Setting `pad_token_id` to `eos_token_id`:151645 for open-end generation.
[transformers] Setting `pad_token_id` to `eos_token_id`:151645 for open-end generation.
[655/3000] valid=458 correct=279 parse_failures=0
[transformers] Setting `pad_token_id` to `eos_token_id`:151645 for open-end generation.
[transformers] Setting `pad_token_id` to `eos_token_id`:151645 for open-end generation.
[656/3000] valid=459 correct=279 parse_failures=0
[transformers] Setting `pad_token_id` to `eos_token_id`:151645 for open-end generation.
[transformers] Setting `pad_token_id` to `eos_token_id`:151645 for open-end generation.
[657/3000] valid=460 correct=279 parse_failures=0
[transformers] Setting `pad_token_id` to `eos_token_id`:151645 for open-end generation.
[transformers] Setting `pad_token_id` to `eos_token_id`:151645 for open-end generation.
[658/3000] valid=460 correct=279 parse_failures=0
[transformers] Setting `pad_token_id` to `eos_token_id`:151645 for open-end generation.
[transformers] Setting `pad_token_id` to `eos_token_id`:151645 for open-end generation.
[659/3000] valid=460 correct=279 parse_failures=0
[transformers] Setting `pad_token_id` to `eos_token_id`:151645 for open-end generation.
[transformers] Setting `pad_token_id` to `eos_token_id`:151645 for open-end generation.
[660/3000] valid=461 correct=280 parse_failures=0
[transformers] Setting `pad_token_id` to `eos_token_id`:151645 for open-end generation.
[transformers] Setting `pad_token_id` to `eos_token_id`:151645 for open-end generation.
[661/3000] valid=462 correct=281 parse_failures=0
[transformers] Setting `pad_token_id` to `eos_token_id`:151645 for open-end generation.
[transformers] Setting `pad_token_id` to `eos_token_id`:151645 for open-end generation.
[662/3000] valid=463 correct=281 parse_failures=0
[transformers] Setting `pad_token_id` to `eos_token_id`:151645 for open-end generation.
[transformers] Setting `pad_token_id` to `eos_token_id`:151645 for open-end generation.
[663/3000] valid=463 correct=281 parse_failures=0
[transformers] Setting `pad_token_id` to `eos_token_id`:151645 for open-end generation.
[transformers] Setting `pad_token_id` to `eos_token_id`:151645 for open-end generation.
[664/3000] valid=463 correct=281 parse_failures=0
[transformers] Setting `pad_token_id` to `eos_token_id`:151645 for open-end generation.
[transformers] Setting `pad_token_id` to `eos_token_id`:151645 for open-end generation.
[665/3000] valid=463 correct=281 parse_failures=0
[transformers] Setting `pad_token_id` to `eos_token_id`:151645 for open-end generation.
[transformers] Setting `pad_token_id` to `eos_token_id`:151645 for open-end generation.
[666/3000] valid=464 correct=281 parse_failures=0
[transformers] Setting `pad_token_id` to `eos_token_id`:151645 for open-end generation.
[transformers] Setting `pad_token_id` to `eos_token_id`:151645 for open-end generation.
[667/3000] valid=464 correct=281 parse_failures=0
[transformers] Setting `pad_token_id` to `eos_token_id`:151645 for open-end generation.
[transformers] Setting `pad_token_id` to `eos_token_id`:151645 for open-end generation.
[668/3000] valid=464 correct=281 parse_failures=0
[transformers] Setting `pad_token_id` to `eos_token_id`:151645 for open-end generation.
[transformers] Setting `pad_token_id` to `eos_token_id`:151645 for open-end generation.
[669/3000] valid=465 correct=282 parse_failures=0
[transformers] Setting `pad_token_id` to `eos_token_id`:151645 for open-end generation.
[transformers] Setting `pad_token_id` to `eos_token_id`:151645 for open-end generation.
[670/3000] valid=465 correct=282 parse_failures=0
[transformers] Setting `pad_token_id` to `eos_token_id`:151645 for open-end generation.
[transformers] Setting `pad_token_id` to `eos_token_id`:151645 for open-end generation.
[671/3000] valid=465 correct=282 parse_failures=0
[transformers] Setting `pad_token_id` to `eos_token_id`:151645 for open-end generation.
[transformers] Setting `pad_token_id` to `eos_token_id`:151645 for open-end generation.
[672/3000] valid=465 correct=282 parse_failures=0
[transformers] Setting `pad_token_id` to `eos_token_id`:151645 for open-end generation.
[transformers] Setting `pad_token_id` to `eos_token_id`:151645 for open-end generation.
[673/3000] valid=465 correct=282 parse_failures=0
[transformers] Setting `pad_token_id` to `eos_token_id`:151645 for open-end generation.
[transformers] Setting `pad_token_id` to `eos_token_id`:151645 for open-end generation.
[674/3000] valid=466 correct=283 parse_failures=0
[transformers] Setting `pad_token_id` to `eos_token_id`:151645 for open-end generation.
[transformers] Setting `pad_token_id` to `eos_token_id`:151645 for open-end generation.
[675/3000] valid=466 correct=283 parse_failures=0
[transformers] Setting `pad_token_id` to `eos_token_id`:151645 for open-end generation.
[transformers] Setting `pad_token_id` to `eos_token_id`:151645 for open-end generation.
[676/3000] valid=467 correct=283 parse_failures=0
[transformers] Setting `pad_token_id` to `eos_token_id`:151645 for open-end generation.
[transformers] Setting `pad_token_id` to `eos_token_id`:151645 for open-end generation.
[677/3000] valid=468 correct=284 parse_failures=0
[transformers] Setting `pad_token_id` to `eos_token_id`:151645 for open-end generation.
[transformers] Setting `pad_token_id` to `eos_token_id`:151645 for open-end generation.
[678/3000] valid=468 correct=284 parse_failures=0
[transformers] Setting `pad_token_id` to `eos_token_id`:151645 for open-end generation.
[transformers] Setting `pad_token_id` to `eos_token_id`:151645 for open-end generation.
[679/3000] valid=469 correct=284 parse_failures=0
[transformers] Setting `pad_token_id` to `eos_token_id`:151645 for open-end generation.
[transformers] Setting `pad_token_id` to `eos_token_id`:151645 for open-end generation.
[680/3000] valid=469 correct=284 parse_failures=0
[transformers] Setting `pad_token_id` to `eos_token_id`:151645 for open-end generation.
[transformers] Setting `pad_token_id` to `eos_token_id`:151645 for open-end generation.
[681/3000] valid=469 correct=284 parse_failures=0
[transformers] Setting `pad_token_id` to `eos_token_id`:151645 for open-end generation.
[transformers] Setting `pad_token_id` to `eos_token_id`:151645 for open-end generation.
[682/3000] valid=469 correct=284 parse_failures=0
[transformers] Setting `pad_token_id` to `eos_token_id`:151645 for open-end generation.
[transformers] Setting `pad_token_id` to `eos_token_id`:151645 for open-end generation.
[683/3000] valid=470 correct=285 parse_failures=0
[transformers] Setting `pad_token_id` to `eos_token_id`:151645 for open-end generation.
[transformers] Setting `pad_token_id` to `eos_token_id`:151645 for open-end generation.
[684/3000] valid=471 correct=286 parse_failures=0
[transformers] Setting `pad_token_id` to `eos_token_id`:151645 for open-end generation.
[transformers] Setting `pad_token_id` to `eos_token_id`:151645 for open-end generation.
[685/3000] valid=472 correct=287 parse_failures=0
[transformers] Setting `pad_token_id` to `eos_token_id`:151645 for open-end generation.
[transformers] Setting `pad_token_id` to `eos_token_id`:151645 for open-end generation.
[686/3000] valid=473 correct=288 parse_failures=0
[transformers] Setting `pad_token_id` to `eos_token_id`:151645 for open-end generation.
[transformers] Setting `pad_token_id` to `eos_token_id`:151645 for open-end generation.
[687/3000] valid=474 correct=289 parse_failures=0
[transformers] Setting `pad_token_id` to `eos_token_id`:151645 for open-end generation.
[transformers] Setting `pad_token_id` to `eos_token_id`:151645 for open-end generation.
[688/3000] valid=475 correct=290 parse_failures=0
[transformers] Setting `pad_token_id` to `eos_token_id`:151645 for open-end generation.
[transformers] Setting `pad_token_id` to `eos_token_id`:151645 for open-end generation.
[689/3000] valid=476 correct=291 parse_failures=0
[transformers] Setting `pad_token_id` to `eos_token_id`:151645 for open-end generation.
[transformers] Setting `pad_token_id` to `eos_token_id`:151645 for open-end generation.
[690/3000] valid=477 correct=291 parse_failures=0
[transformers] Setting `pad_token_id` to `eos_token_id`:151645 for open-end generation.
[transformers] Setting `pad_token_id` to `eos_token_id`:151645 for open-end generation.
[691/3000] valid=477 correct=291 parse_failures=0
[transformers] Setting `pad_token_id` to `eos_token_id`:151645 for open-end generation.
[transformers] Setting `pad_token_id` to `eos_token_id`:151645 for open-end generation.
[692/3000] valid=477 correct=291 parse_failures=0
[transformers] Setting `pad_token_id` to `eos_token_id`:151645 for open-end generation.
[transformers] Setting `pad_token_id` to `eos_token_id`:151645 for open-end generation.
[693/3000] valid=478 correct=291 parse_failures=0
[transformers] Setting `pad_token_id` to `eos_token_id`:151645 for open-end generation.
[transformers] Setting `pad_token_id` to `eos_token_id`:151645 for open-end generation.
[694/3000] valid=479 correct=291 parse_failures=0
[transformers] Setting `pad_token_id` to `eos_token_id`:151645 for open-end generation.
[transformers] Setting `pad_token_id` to `eos_token_id`:151645 for open-end generation.
[695/3000] valid=479 correct=291 parse_failures=0
[transformers] Setting `pad_token_id` to `eos_token_id`:151645 for open-end generation.
[transformers] Setting `pad_token_id` to `eos_token_id`:151645 for open-end generation.
[696/3000] valid=480 correct=291 parse_failures=0
[transformers] Setting `pad_token_id` to `eos_token_id`:151645 for open-end generation.
[transformers] Setting `pad_token_id` to `eos_token_id`:151645 for open-end generation.
[697/3000] valid=480 correct=291 parse_failures=0
[transformers] Setting `pad_token_id` to `eos_token_id`:151645 for open-end generation.
[transformers] Setting `pad_token_id` to `eos_token_id`:151645 for open-end generation.
[698/3000] valid=481 correct=291 parse_failures=0
[transformers] Setting `pad_token_id` to `eos_token_id`:151645 for open-end generation.
[transformers] Setting `pad_token_id` to `eos_token_id`:151645 for open-end generation.
[699/3000] valid=481 correct=291 parse_failures=0
[transformers] Setting `pad_token_id` to `eos_token_id`:151645 for open-end generation.
[transformers] Setting `pad_token_id` to `eos_token_id`:151645 for open-end generation.
[700/3000] valid=481 correct=291 parse_failures=0
[transformers] Setting `pad_token_id` to `eos_token_id`:151645 for open-end generation.
[transformers] Setting `pad_token_id` to `eos_token_id`:151645 for open-end generation.
[701/3000] valid=481 correct=291 parse_failures=0
[transformers] Setting `pad_token_id` to `eos_token_id`:151645 for open-end generation.
[transformers] Setting `pad_token_id` to `eos_token_id`:151645 for open-end generation.
[702/3000] valid=481 correct=291 parse_failures=0
[transformers] Setting `pad_token_id` to `eos_token_id`:151645 for open-end generation.
[transformers] Setting `pad_token_id` to `eos_token_id`:151645 for open-end generation.
[703/3000] valid=482 correct=292 parse_failures=0
[transformers] Setting `pad_token_id` to `eos_token_id`:151645 for open-end generation.
[transformers] Setting `pad_token_id` to `eos_token_id`:151645 for open-end generation.
[704/3000] valid=483 correct=293 parse_failures=0
[transformers] Setting `pad_token_id` to `eos_token_id`:151645 for open-end generation.
[transformers] Setting `pad_token_id` to `eos_token_id`:151645 for open-end generation.
[705/3000] valid=484 correct=293 parse_failures=0
[transformers] Setting `pad_token_id` to `eos_token_id`:151645 for open-end generation.
[transformers] Setting `pad_token_id` to `eos_token_id`:151645 for open-end generation.
[706/3000] valid=485 correct=293 parse_failures=0
[transformers] Setting `pad_token_id` to `eos_token_id`:151645 for open-end generation.
[transformers] Setting `pad_token_id` to `eos_token_id`:151645 for open-end generation.
[707/3000] valid=486 correct=294 parse_failures=0
[transformers] Setting `pad_token_id` to `eos_token_id`:151645 for open-end generation.
[transformers] Setting `pad_token_id` to `eos_token_id`:151645 for open-end generation.
[708/3000] valid=487 correct=295 parse_failures=0
[transformers] Setting `pad_token_id` to `eos_token_id`:151645 for open-end generation.
[transformers] Setting `pad_token_id` to `eos_token_id`:151645 for open-end generation.
[709/3000] valid=488 correct=296 parse_failures=0
[transformers] Setting `pad_token_id` to `eos_token_id`:151645 for open-end generation.
[transformers] Setting `pad_token_id` to `eos_token_id`:151645 for open-end generation.
[710/3000] valid=489 correct=296 parse_failures=0
[transformers] Setting `pad_token_id` to `eos_token_id`:151645 for open-end generation.
[transformers] Setting `pad_token_id` to `eos_token_id`:151645 for open-end generation.
[711/3000] valid=490 correct=297 parse_failures=0
[transformers] Setting `pad_token_id` to `eos_token_id`:151645 for open-end generation.
[transformers] Setting `pad_token_id` to `eos_token_id`:151645 for open-end generation.
[712/3000] valid=490 correct=297 parse_failures=0
[transformers] Setting `pad_token_id` to `eos_token_id`:151645 for open-end generation.
[transformers] Setting `pad_token_id` to `eos_token_id`:151645 for open-end generation.
[713/3000] valid=490 correct=297 parse_failures=0
[transformers] Setting `pad_token_id` to `eos_token_id`:151645 for open-end generation.
[transformers] Setting `pad_token_id` to `eos_token_id`:151645 for open-end generation.
[714/3000] valid=490 correct=297 parse_failures=0
[transformers] Setting `pad_token_id` to `eos_token_id`:151645 for open-end generation.
[transformers] Setting `pad_token_id` to `eos_token_id`:151645 for open-end generation.
[715/3000] valid=490 correct=297 parse_failures=0
[transformers] Setting `pad_token_id` to `eos_token_id`:151645 for open-end generation.
[transformers] Setting `pad_token_id` to `eos_token_id`:151645 for open-end generation.
[716/3000] valid=490 correct=297 parse_failures=0
[transformers] Setting `pad_token_id` to `eos_token_id`:151645 for open-end generation.
[transformers] Setting `pad_token_id` to `eos_token_id`:151645 for open-end generation.
[717/3000] valid=490 correct=297 parse_failures=0
[transformers] Setting `pad_token_id` to `eos_token_id`:151645 for open-end generation.
[transformers] Setting `pad_token_id` to `eos_token_id`:151645 for open-end generation.
[718/3000] valid=490 correct=297 parse_failures=0
[transformers] Setting `pad_token_id` to `eos_token_id`:151645 for open-end generation.
[transformers] Setting `pad_token_id` to `eos_token_id`:151645 for open-end generation.
[719/3000] valid=490 correct=297 parse_failures=0
[transformers] Setting `pad_token_id` to `eos_token_id`:151645 for open-end generation.
[transformers] Setting `pad_token_id` to `eos_token_id`:151645 for open-end generation.
[720/3000] valid=491 correct=297 parse_failures=0
[transformers] Setting `pad_token_id` to `eos_token_id`:151645 for open-end generation.
[transformers] Setting `pad_token_id` to `eos_token_id`:151645 for open-end generation.
[721/3000] valid=492 correct=297 parse_failures=0
[transformers] Setting `pad_token_id` to `eos_token_id`:151645 for open-end generation.
[transformers] Setting `pad_token_id` to `eos_token_id`:151645 for open-end generation.
[722/3000] valid=493 correct=297 parse_failures=0
[transformers] Setting `pad_token_id` to `eos_token_id`:151645 for open-end generation.
[transformers] Setting `pad_token_id` to `eos_token_id`:151645 for open-end generation.
[723/3000] valid=494 correct=297 parse_failures=0
[transformers] Setting `pad_token_id` to `eos_token_id`:151645 for open-end generation.
[transformers] Setting `pad_token_id` to `eos_token_id`:151645 for open-end generation.
[724/3000] valid=495 correct=297 parse_failures=0
[transformers] Setting `pad_token_id` to `eos_token_id`:151645 for open-end generation.
[transformers] Setting `pad_token_id` to `eos_token_id`:151645 for open-end generation.
[725/3000] valid=495 correct=297 parse_failures=0
[transformers] Setting `pad_token_id` to `eos_token_id`:151645 for open-end generation.
[transformers] Setting `pad_token_id` to `eos_token_id`:151645 for open-end generation.
[726/3000] valid=496 correct=297 parse_failures=0
[transformers] Setting `pad_token_id` to `eos_token_id`:151645 for open-end generation.
[transformers] Setting `pad_token_id` to `eos_token_id`:151645 for open-end generation.
[727/3000] valid=497 correct=297 parse_failures=0
[transformers] Setting `pad_token_id` to `eos_token_id`:151645 for open-end generation.
[transformers] Setting `pad_token_id` to `eos_token_id`:151645 for open-end generation.
[728/3000] valid=498 correct=297 parse_failures=0
[transformers] Setting `pad_token_id` to `eos_token_id`:151645 for open-end generation.
[transformers] Setting `pad_token_id` to `eos_token_id`:151645 for open-end generation.
[729/3000] valid=499 correct=297 parse_failures=0
[transformers] Setting `pad_token_id` to `eos_token_id`:151645 for open-end generation.
[transformers] Setting `pad_token_id` to `eos_token_id`:151645 for open-end generation.
[730/3000] valid=500 correct=298 parse_failures=0
[transformers] Setting `pad_token_id` to `eos_token_id`:151645 for open-end generation.
[transformers] Setting `pad_token_id` to `eos_token_id`:151645 for open-end generation.
[731/3000] valid=501 correct=299 parse_failures=0
[transformers] Setting `pad_token_id` to `eos_token_id`:151645 for open-end generation.
[transformers] Setting `pad_token_id` to `eos_token_id`:151645 for open-end generation.
[732/3000] valid=502 correct=300 parse_failures=0
[transformers] Setting `pad_token_id` to `eos_token_id`:151645 for open-end generation.
[transformers] Setting `pad_token_id` to `eos_token_id`:151645 for open-end generation.
[733/3000] valid=502 correct=300 parse_failures=0
[transformers] Setting `pad_token_id` to `eos_token_id`:151645 for open-end generation.
[transformers] Setting `pad_token_id` to `eos_token_id`:151645 for open-end generation.
[734/3000] valid=502 correct=300 parse_failures=0
[transformers] Setting `pad_token_id` to `eos_token_id`:151645 for open-end generation.
[transformers] Setting `pad_token_id` to `eos_token_id`:151645 for open-end generation.
[735/3000] valid=502 correct=300 parse_failures=0
[transformers] Setting `pad_token_id` to `eos_token_id`:151645 for open-end generation.
[transformers] Setting `pad_token_id` to `eos_token_id`:151645 for open-end generation.
[736/3000] valid=503 correct=300 parse_failures=0
[transformers] Setting `pad_token_id` to `eos_token_id`:151645 for open-end generation.
[transformers] Setting `pad_token_id` to `eos_token_id`:151645 for open-end generation.
[737/3000] valid=504 correct=300 parse_failures=0
[transformers] Setting `pad_token_id` to `eos_token_id`:151645 for open-end generation.
[transformers] Setting `pad_token_id` to `eos_token_id`:151645 for open-end generation.
[738/3000] valid=504 correct=300 parse_failures=0
[transformers] Setting `pad_token_id` to `eos_token_id`:151645 for open-end generation.
[transformers] Setting `pad_token_id` to `eos_token_id`:151645 for open-end generation.
[739/3000] valid=505 correct=301 parse_failures=0
[transformers] Setting `pad_token_id` to `eos_token_id`:151645 for open-end generation.
[transformers] Setting `pad_token_id` to `eos_token_id`:151645 for open-end generation.
[740/3000] valid=505 correct=301 parse_failures=0
[transformers] Setting `pad_token_id` to `eos_token_id`:151645 for open-end generation.
[transformers] Setting `pad_token_id` to `eos_token_id`:151645 for open-end generation.
[741/3000] valid=506 correct=301 parse_failures=0
[transformers] Setting `pad_token_id` to `eos_token_id`:151645 for open-end generation.
[transformers] Setting `pad_token_id` to `eos_token_id`:151645 for open-end generation.
[742/3000] valid=506 correct=301 parse_failures=0
[transformers] Setting `pad_token_id` to `eos_token_id`:151645 for open-end generation.
[transformers] Setting `pad_token_id` to `eos_token_id`:151645 for open-end generation.
[743/3000] valid=507 correct=301 parse_failures=0
[transformers] Setting `pad_token_id` to `eos_token_id`:151645 for open-end generation.
[transformers] Setting `pad_token_id` to `eos_token_id`:151645 for open-end generation.
[744/3000] valid=508 correct=301 parse_failures=0
[transformers] Setting `pad_token_id` to `eos_token_id`:151645 for open-end generation.
[transformers] Setting `pad_token_id` to `eos_token_id`:151645 for open-end generation.
[745/3000] valid=508 correct=301 parse_failures=0
[transformers] Setting `pad_token_id` to `eos_token_id`:151645 for open-end generation.
[transformers] Setting `pad_token_id` to `eos_token_id`:151645 for open-end generation.
[746/3000] valid=508 correct=301 parse_failures=0
[transformers] Setting `pad_token_id` to `eos_token_id`:151645 for open-end generation.
[transformers] Setting `pad_token_id` to `eos_token_id`:151645 for open-end generation.
[747/3000] valid=508 correct=301 parse_failures=0
[transformers] Setting `pad_token_id` to `eos_token_id`:151645 for open-end generation.
[transformers] Setting `pad_token_id` to `eos_token_id`:151645 for open-end generation.
[748/3000] valid=508 correct=301 parse_failures=0
[transformers] Setting `pad_token_id` to `eos_token_id`:151645 for open-end generation.
[transformers] Setting `pad_token_id` to `eos_token_id`:151645 for open-end generation.
[749/3000] valid=508 correct=301 parse_failures=0
[transformers] Setting `pad_token_id` to `eos_token_id`:151645 for open-end generation.
[transformers] Setting `pad_token_id` to `eos_token_id`:151645 for open-end generation.
[750/3000] valid=508 correct=301 parse_failures=0
[transformers] Setting `pad_token_id` to `eos_token_id`:151645 for open-end generation.
[transformers] Setting `pad_token_id` to `eos_token_id`:151645 for open-end generation.
[751/3000] valid=508 correct=301 parse_failures=0
[transformers] Setting `pad_token_id` to `eos_token_id`:151645 for open-end generation.
[transformers] Setting `pad_token_id` to `eos_token_id`:151645 for open-end generation.
[752/3000] valid=508 correct=301 parse_failures=0
[transformers] Setting `pad_token_id` to `eos_token_id`:151645 for open-end generation.
[transformers] Setting `pad_token_id` to `eos_token_id`:151645 for open-end generation.
[753/3000] valid=508 correct=301 parse_failures=0
[transformers] Setting `pad_token_id` to `eos_token_id`:151645 for open-end generation.
[transformers] Setting `pad_token_id` to `eos_token_id`:151645 for open-end generation.
[754/3000] valid=509 correct=302 parse_failures=0
[transformers] Setting `pad_token_id` to `eos_token_id`:151645 for open-end generation.
[transformers] Setting `pad_token_id` to `eos_token_id`:151645 for open-end generation.
[755/3000] valid=510 correct=303 parse_failures=0
[transformers] Setting `pad_token_id` to `eos_token_id`:151645 for open-end generation.
[transformers] Setting `pad_token_id` to `eos_token_id`:151645 for open-end generation.
[756/3000] valid=511 correct=303 parse_failures=0
[transformers] Setting `pad_token_id` to `eos_token_id`:151645 for open-end generation.
[transformers] Setting `pad_token_id` to `eos_token_id`:151645 for open-end generation.
[757/3000] valid=512 correct=304 parse_failures=0
[transformers] Setting `pad_token_id` to `eos_token_id`:151645 for open-end generation.
[transformers] Setting `pad_token_id` to `eos_token_id`:151645 for open-end generation.
[758/3000] valid=513 correct=305 parse_failures=0
[transformers] Setting `pad_token_id` to `eos_token_id`:151645 for open-end generation.
[transformers] Setting `pad_token_id` to `eos_token_id`:151645 for open-end generation.
[759/3000] valid=514 correct=306 parse_failures=0
[transformers] Setting `pad_token_id` to `eos_token_id`:151645 for open-end generation.
[transformers] Setting `pad_token_id` to `eos_token_id`:151645 for open-end generation.
[760/3000] valid=515 correct=307 parse_failures=0
[transformers] Setting `pad_token_id` to `eos_token_id`:151645 for open-end generation.
[transformers] Setting `pad_token_id` to `eos_token_id`:151645 for open-end generation.
[761/3000] valid=516 correct=308 parse_failures=0
[transformers] Setting `pad_token_id` to `eos_token_id`:151645 for open-end generation.
[transformers] Setting `pad_token_id` to `eos_token_id`:151645 for open-end generation.
[762/3000] valid=516 correct=308 parse_failures=0
[transformers] Setting `pad_token_id` to `eos_token_id`:151645 for open-end generation.
[transformers] Setting `pad_token_id` to `eos_token_id`:151645 for open-end generation.
[763/3000] valid=517 correct=309 parse_failures=0
[transformers] Setting `pad_token_id` to `eos_token_id`:151645 for open-end generation.
[transformers] Setting `pad_token_id` to `eos_token_id`:151645 for open-end generation.
[764/3000] valid=518 correct=309 parse_failures=0
[transformers] Setting `pad_token_id` to `eos_token_id`:151645 for open-end generation.
[transformers] Setting `pad_token_id` to `eos_token_id`:151645 for open-end generation.
[765/3000] valid=519 correct=310 parse_failures=0
[transformers] Setting `pad_token_id` to `eos_token_id`:151645 for open-end generation.
[transformers] Setting `pad_token_id` to `eos_token_id`:151645 for open-end generation.
[766/3000] valid=520 correct=310 parse_failures=0
[transformers] Setting `pad_token_id` to `eos_token_id`:151645 for open-end generation.
[transformers] Setting `pad_token_id` to `eos_token_id`:151645 for open-end generation.
[767/3000] valid=521 correct=311 parse_failures=0
[transformers] Setting `pad_token_id` to `eos_token_id`:151645 for open-end generation.
[transformers] Setting `pad_token_id` to `eos_token_id`:151645 for open-end generation.
[768/3000] valid=522 correct=311 parse_failures=0
[transformers] Setting `pad_token_id` to `eos_token_id`:151645 for open-end generation.
[transformers] Setting `pad_token_id` to `eos_token_id`:151645 for open-end generation.
[769/3000] valid=522 correct=311 parse_failures=0
[transformers] Setting `pad_token_id` to `eos_token_id`:151645 for open-end generation.
[transformers] Setting `pad_token_id` to `eos_token_id`:151645 for open-end generation.
[770/3000] valid=522 correct=311 parse_failures=0
[transformers] Setting `pad_token_id` to `eos_token_id`:151645 for open-end generation.
[transformers] Setting `pad_token_id` to `eos_token_id`:151645 for open-end generation.
[771/3000] valid=523 correct=312 parse_failures=0
[transformers] Setting `pad_token_id` to `eos_token_id`:151645 for open-end generation.
[transformers] Setting `pad_token_id` to `eos_token_id`:151645 for open-end generation.
[772/3000] valid=523 correct=312 parse_failures=0
[transformers] Setting `pad_token_id` to `eos_token_id`:151645 for open-end generation.
[transformers] Setting `pad_token_id` to `eos_token_id`:151645 for open-end generation.
[773/3000] valid=523 correct=312 parse_failures=0
[transformers] Setting `pad_token_id` to `eos_token_id`:151645 for open-end generation.
[transformers] Setting `pad_token_id` to `eos_token_id`:151645 for open-end generation.
[774/3000] valid=523 correct=312 parse_failures=0
[transformers] Setting `pad_token_id` to `eos_token_id`:151645 for open-end generation.
[transformers] Setting `pad_token_id` to `eos_token_id`:151645 for open-end generation.
[775/3000] valid=523 correct=312 parse_failures=0
[transformers] Setting `pad_token_id` to `eos_token_id`:151645 for open-end generation.
[transformers] Setting `pad_token_id` to `eos_token_id`:151645 for open-end generation.
[776/3000] valid=523 correct=312 parse_failures=0
[transformers] Setting `pad_token_id` to `eos_token_id`:151645 for open-end generation.
[transformers] Setting `pad_token_id` to `eos_token_id`:151645 for open-end generation.
[777/3000] valid=523 correct=312 parse_failures=0
[transformers] Setting `pad_token_id` to `eos_token_id`:151645 for open-end generation.
[transformers] Setting `pad_token_id` to `eos_token_id`:151645 for open-end generation.
[778/3000] valid=524 correct=313 parse_failures=0
[transformers] Setting `pad_token_id` to `eos_token_id`:151645 for open-end generation.
[transformers] Setting `pad_token_id` to `eos_token_id`:151645 for open-end generation.
[779/3000] valid=525 correct=313 parse_failures=0
[transformers] Setting `pad_token_id` to `eos_token_id`:151645 for open-end generation.
[transformers] Setting `pad_token_id` to `eos_token_id`:151645 for open-end generation.
[780/3000] valid=526 correct=314 parse_failures=0
[transformers] Setting `pad_token_id` to `eos_token_id`:151645 for open-end generation.
[transformers] Setting `pad_token_id` to `eos_token_id`:151645 for open-end generation.
[781/3000] valid=527 correct=315 parse_failures=0
[transformers] Setting `pad_token_id` to `eos_token_id`:151645 for open-end generation.
[transformers] Setting `pad_token_id` to `eos_token_id`:151645 for open-end generation.
[782/3000] valid=527 correct=315 parse_failures=0
[transformers] Setting `pad_token_id` to `eos_token_id`:151645 for open-end generation.
[transformers] Setting `pad_token_id` to `eos_token_id`:151645 for open-end generation.
[783/3000] valid=527 correct=315 parse_failures=0
[transformers] Setting `pad_token_id` to `eos_token_id`:151645 for open-end generation.
[transformers] Setting `pad_token_id` to `eos_token_id`:151645 for open-end generation.
[784/3000] valid=527 correct=315 parse_failures=0
[transformers] Setting `pad_token_id` to `eos_token_id`:151645 for open-end generation.
[transformers] Setting `pad_token_id` to `eos_token_id`:151645 for open-end generation.
[785/3000] valid=527 correct=315 parse_failures=0
[transformers] Setting `pad_token_id` to `eos_token_id`:151645 for open-end generation.
[transformers] Setting `pad_token_id` to `eos_token_id`:151645 for open-end generation.
[786/3000] valid=528 correct=315 parse_failures=0
[transformers] Setting `pad_token_id` to `eos_token_id`:151645 for open-end generation.
[transformers] Setting `pad_token_id` to `eos_token_id`:151645 for open-end generation.
[787/3000] valid=529 correct=315 parse_failures=0
[transformers] Setting `pad_token_id` to `eos_token_id`:151645 for open-end generation.
[transformers] Setting `pad_token_id` to `eos_token_id`:151645 for open-end generation.
[788/3000] valid=530 correct=315 parse_failures=0
[transformers] Setting `pad_token_id` to `eos_token_id`:151645 for open-end generation.
[transformers] Setting `pad_token_id` to `eos_token_id`:151645 for open-end generation.
[789/3000] valid=531 correct=315 parse_failures=0
[transformers] Setting `pad_token_id` to `eos_token_id`:151645 for open-end generation.
[transformers] Setting `pad_token_id` to `eos_token_id`:151645 for open-end generation.
[790/3000] valid=532 correct=316 parse_failures=0
[transformers] Setting `pad_token_id` to `eos_token_id`:151645 for open-end generation.
[transformers] Setting `pad_token_id` to `eos_token_id`:151645 for open-end generation.
[791/3000] valid=532 correct=316 parse_failures=0
[transformers] Setting `pad_token_id` to `eos_token_id`:151645 for open-end generation.
[transformers] Setting `pad_token_id` to `eos_token_id`:151645 for open-end generation.
[792/3000] valid=532 correct=316 parse_failures=0
[transformers] Setting `pad_token_id` to `eos_token_id`:151645 for open-end generation.
[transformers] Setting `pad_token_id` to `eos_token_id`:151645 for open-end generation.
[793/3000] valid=533 correct=317 parse_failures=0
[transformers] Setting `pad_token_id` to `eos_token_id`:151645 for open-end generation.
[transformers] Setting `pad_token_id` to `eos_token_id`:151645 for open-end generation.
[794/3000] valid=533 correct=317 parse_failures=0
[transformers] Setting `pad_token_id` to `eos_token_id`:151645 for open-end generation.
[transformers] Setting `pad_token_id` to `eos_token_id`:151645 for open-end generation.
[795/3000] valid=534 correct=318 parse_failures=0
[transformers] Setting `pad_token_id` to `eos_token_id`:151645 for open-end generation.
[transformers] Setting `pad_token_id` to `eos_token_id`:151645 for open-end generation.
[796/3000] valid=534 correct=318 parse_failures=0
[transformers] Setting `pad_token_id` to `eos_token_id`:151645 for open-end generation.
[transformers] Setting `pad_token_id` to `eos_token_id`:151645 for open-end generation.
[797/3000] valid=534 correct=318 parse_failures=0
[transformers] Setting `pad_token_id` to `eos_token_id`:151645 for open-end generation.
[transformers] Setting `pad_token_id` to `eos_token_id`:151645 for open-end generation.
[798/3000] valid=535 correct=318 parse_failures=0
[transformers] Setting `pad_token_id` to `eos_token_id`:151645 for open-end generation.
[transformers] Setting `pad_token_id` to `eos_token_id`:151645 for open-end generation.
[799/3000] valid=536 correct=318 parse_failures=0
[transformers] Setting `pad_token_id` to `eos_token_id`:151645 for open-end generation.
[transformers] Setting `pad_token_id` to `eos_token_id`:151645 for open-end generation.
[800/3000] valid=537 correct=318 parse_failures=0
[transformers] Setting `pad_token_id` to `eos_token_id`:151645 for open-end generation.
[transformers] Setting `pad_token_id` to `eos_token_id`:151645 for open-end generation.
[801/3000] valid=538 correct=318 parse_failures=0
[transformers] Setting `pad_token_id` to `eos_token_id`:151645 for open-end generation.
[transformers] Setting `pad_token_id` to `eos_token_id`:151645 for open-end generation.
[802/3000] valid=538 correct=318 parse_failures=0
[transformers] Setting `pad_token_id` to `eos_token_id`:151645 for open-end generation.
[transformers] Setting `pad_token_id` to `eos_token_id`:151645 for open-end generation.
[803/3000] valid=539 correct=318 parse_failures=0
[transformers] Setting `pad_token_id` to `eos_token_id`:151645 for open-end generation.
[transformers] Setting `pad_token_id` to `eos_token_id`:151645 for open-end generation.
[804/3000] valid=539 correct=318 parse_failures=0
[transformers] Setting `pad_token_id` to `eos_token_id`:151645 for open-end generation.
[transformers] Setting `pad_token_id` to `eos_token_id`:151645 for open-end generation.
[805/3000] valid=539 correct=318 parse_failures=0
[transformers] Setting `pad_token_id` to `eos_token_id`:151645 for open-end generation.
[transformers] Setting `pad_token_id` to `eos_token_id`:151645 for open-end generation.
[806/3000] valid=540 correct=319 parse_failures=0
[transformers] Setting `pad_token_id` to `eos_token_id`:151645 for open-end generation.
[transformers] Setting `pad_token_id` to `eos_token_id`:151645 for open-end generation.
[807/3000] valid=541 correct=319 parse_failures=0
[transformers] Setting `pad_token_id` to `eos_token_id`:151645 for open-end generation.
[transformers] Setting `pad_token_id` to `eos_token_id`:151645 for open-end generation.
[808/3000] valid=542 correct=319 parse_failures=0
[transformers] Setting `pad_token_id` to `eos_token_id`:151645 for open-end generation.
[transformers] Setting `pad_token_id` to `eos_token_id`:151645 for open-end generation.
[809/3000] valid=543 correct=320 parse_failures=0
[transformers] Setting `pad_token_id` to `eos_token_id`:151645 for open-end generation.
[transformers] Setting `pad_token_id` to `eos_token_id`:151645 for open-end generation.
[810/3000] valid=544 correct=321 parse_failures=0
[transformers] Setting `pad_token_id` to `eos_token_id`:151645 for open-end generation.
[transformers] Setting `pad_token_id` to `eos_token_id`:151645 for open-end generation.
[811/3000] valid=545 correct=322 parse_failures=0
[transformers] Setting `pad_token_id` to `eos_token_id`:151645 for open-end generation.
[transformers] Setting `pad_token_id` to `eos_token_id`:151645 for open-end generation.
[812/3000] valid=546 correct=323 parse_failures=0
[transformers] Setting `pad_token_id` to `eos_token_id`:151645 for open-end generation.
[transformers] Setting `pad_token_id` to `eos_token_id`:151645 for open-end generation.
[813/3000] valid=546 correct=323 parse_failures=0
[transformers] Setting `pad_token_id` to `eos_token_id`:151645 for open-end generation.
[transformers] Setting `pad_token_id` to `eos_token_id`:151645 for open-end generation.
[814/3000] valid=546 correct=323 parse_failures=0
[transformers] Setting `pad_token_id` to `eos_token_id`:151645 for open-end generation.
[transformers] Setting `pad_token_id` to `eos_token_id`:151645 for open-end generation.
[815/3000] valid=547 correct=324 parse_failures=0
[transformers] Setting `pad_token_id` to `eos_token_id`:151645 for open-end generation.
[transformers] Setting `pad_token_id` to `eos_token_id`:151645 for open-end generation.
[816/3000] valid=548 correct=325 parse_failures=0
[transformers] Setting `pad_token_id` to `eos_token_id`:151645 for open-end generation.
[transformers] Setting `pad_token_id` to `eos_token_id`:151645 for open-end generation.
[817/3000] valid=549 correct=325 parse_failures=0
[transformers] Setting `pad_token_id` to `eos_token_id`:151645 for open-end generation.
[transformers] Setting `pad_token_id` to `eos_token_id`:151645 for open-end generation.
[818/3000] valid=550 correct=326 parse_failures=0
[transformers] Setting `pad_token_id` to `eos_token_id`:151645 for open-end generation.
[transformers] Setting `pad_token_id` to `eos_token_id`:151645 for open-end generation.
[819/3000] valid=550 correct=326 parse_failures=0
[transformers] Setting `pad_token_id` to `eos_token_id`:151645 for open-end generation.
[transformers] Setting `pad_token_id` to `eos_token_id`:151645 for open-end generation.
[820/3000] valid=550 correct=326 parse_failures=0
[transformers] Setting `pad_token_id` to `eos_token_id`:151645 for open-end generation.
[transformers] Setting `pad_token_id` to `eos_token_id`:151645 for open-end generation.
[821/3000] valid=550 correct=326 parse_failures=0
[transformers] Setting `pad_token_id` to `eos_token_id`:151645 for open-end generation.
[transformers] Setting `pad_token_id` to `eos_token_id`:151645 for open-end generation.
[822/3000] valid=551 correct=326 parse_failures=0
[transformers] Setting `pad_token_id` to `eos_token_id`:151645 for open-end generation.
[transformers] Setting `pad_token_id` to `eos_token_id`:151645 for open-end generation.
[823/3000] valid=552 correct=326 parse_failures=0
[transformers] Setting `pad_token_id` to `eos_token_id`:151645 for open-end generation.
[transformers] Setting `pad_token_id` to `eos_token_id`:151645 for open-end generation.
[824/3000] valid=552 correct=326 parse_failures=0
[transformers] Setting `pad_token_id` to `eos_token_id`:151645 for open-end generation.
[transformers] Setting `pad_token_id` to `eos_token_id`:151645 for open-end generation.
[825/3000] valid=553 correct=326 parse_failures=0
[transformers] Setting `pad_token_id` to `eos_token_id`:151645 for open-end generation.
[transformers] Setting `pad_token_id` to `eos_token_id`:151645 for open-end generation.
[826/3000] valid=554 correct=326 parse_failures=0
[transformers] Setting `pad_token_id` to `eos_token_id`:151645 for open-end generation.
[transformers] Setting `pad_token_id` to `eos_token_id`:151645 for open-end generation.
[827/3000] valid=555 correct=326 parse_failures=0
[transformers] Setting `pad_token_id` to `eos_token_id`:151645 for open-end generation.
[transformers] Setting `pad_token_id` to `eos_token_id`:151645 for open-end generation.
[828/3000] valid=556 correct=327 parse_failures=0
[transformers] Setting `pad_token_id` to `eos_token_id`:151645 for open-end generation.
[transformers] Setting `pad_token_id` to `eos_token_id`:151645 for open-end generation.
[829/3000] valid=557 correct=328 parse_failures=0
[transformers] Setting `pad_token_id` to `eos_token_id`:151645 for open-end generation.
[transformers] Setting `pad_token_id` to `eos_token_id`:151645 for open-end generation.
[830/3000] valid=557 correct=328 parse_failures=0
[transformers] Setting `pad_token_id` to `eos_token_id`:151645 for open-end generation.
[transformers] Setting `pad_token_id` to `eos_token_id`:151645 for open-end generation.
[831/3000] valid=557 correct=328 parse_failures=0
[transformers] Setting `pad_token_id` to `eos_token_id`:151645 for open-end generation.
[transformers] Setting `pad_token_id` to `eos_token_id`:151645 for open-end generation.
[832/3000] valid=557 correct=328 parse_failures=0
[transformers] Setting `pad_token_id` to `eos_token_id`:151645 for open-end generation.
[transformers] Setting `pad_token_id` to `eos_token_id`:151645 for open-end generation.
[833/3000] valid=558 correct=328 parse_failures=0
[transformers] Setting `pad_token_id` to `eos_token_id`:151645 for open-end generation.
[transformers] Setting `pad_token_id` to `eos_token_id`:151645 for open-end generation.
[834/3000] valid=559 correct=329 parse_failures=0
[transformers] Setting `pad_token_id` to `eos_token_id`:151645 for open-end generation.
[transformers] Setting `pad_token_id` to `eos_token_id`:151645 for open-end generation.
[835/3000] valid=560 correct=329 parse_failures=0
[transformers] Setting `pad_token_id` to `eos_token_id`:151645 for open-end generation.
[transformers] Setting `pad_token_id` to `eos_token_id`:151645 for open-end generation.
[836/3000] valid=561 correct=330 parse_failures=0
[transformers] Setting `pad_token_id` to `eos_token_id`:151645 for open-end generation.
[transformers] Setting `pad_token_id` to `eos_token_id`:151645 for open-end generation.
[837/3000] valid=561 correct=330 parse_failures=0
[transformers] Setting `pad_token_id` to `eos_token_id`:151645 for open-end generation.
[transformers] Setting `pad_token_id` to `eos_token_id`:151645 for open-end generation.
[838/3000] valid=562 correct=331 parse_failures=0
[transformers] Setting `pad_token_id` to `eos_token_id`:151645 for open-end generation.
[transformers] Setting `pad_token_id` to `eos_token_id`:151645 for open-end generation.
[839/3000] valid=563 correct=331 parse_failures=0
[transformers] Setting `pad_token_id` to `eos_token_id`:151645 for open-end generation.
[transformers] Setting `pad_token_id` to `eos_token_id`:151645 for open-end generation.
[840/3000] valid=564 correct=332 parse_failures=0
[transformers] Setting `pad_token_id` to `eos_token_id`:151645 for open-end generation.
[transformers] Setting `pad_token_id` to `eos_token_id`:151645 for open-end generation.
[841/3000] valid=565 correct=332 parse_failures=0
[transformers] Setting `pad_token_id` to `eos_token_id`:151645 for open-end generation.
[transformers] Setting `pad_token_id` to `eos_token_id`:151645 for open-end generation.
[842/3000] valid=566 correct=333 parse_failures=0
[transformers] Setting `pad_token_id` to `eos_token_id`:151645 for open-end generation.
[transformers] Setting `pad_token_id` to `eos_token_id`:151645 for open-end generation.
[843/3000] valid=566 correct=333 parse_failures=0
[transformers] Setting `pad_token_id` to `eos_token_id`:151645 for open-end generation.
[transformers] Setting `pad_token_id` to `eos_token_id`:151645 for open-end generation.
[844/3000] valid=567 correct=334 parse_failures=0
[transformers] Setting `pad_token_id` to `eos_token_id`:151645 for open-end generation.
[transformers] Setting `pad_token_id` to `eos_token_id`:151645 for open-end generation.
[845/3000] valid=567 correct=334 parse_failures=0
[transformers] Setting `pad_token_id` to `eos_token_id`:151645 for open-end generation.
[transformers] Setting `pad_token_id` to `eos_token_id`:151645 for open-end generation.
[846/3000] valid=567 correct=334 parse_failures=0
[transformers] Setting `pad_token_id` to `eos_token_id`:151645 for open-end generation.
[transformers] Setting `pad_token_id` to `eos_token_id`:151645 for open-end generation.
[847/3000] valid=568 correct=335 parse_failures=0
[transformers] Setting `pad_token_id` to `eos_token_id`:151645 for open-end generation.
[transformers] Setting `pad_token_id` to `eos_token_id`:151645 for open-end generation.
[848/3000] valid=568 correct=335 parse_failures=0
[transformers] Setting `pad_token_id` to `eos_token_id`:151645 for open-end generation.
[transformers] Setting `pad_token_id` to `eos_token_id`:151645 for open-end generation.
[849/3000] valid=568 correct=335 parse_failures=0
[transformers] Setting `pad_token_id` to `eos_token_id`:151645 for open-end generation.
[transformers] Setting `pad_token_id` to `eos_token_id`:151645 for open-end generation.
[850/3000] valid=568 correct=335 parse_failures=0
[transformers] Setting `pad_token_id` to `eos_token_id`:151645 for open-end generation.
[transformers] Setting `pad_token_id` to `eos_token_id`:151645 for open-end generation.
[851/3000] valid=569 correct=336 parse_failures=0
[transformers] Setting `pad_token_id` to `eos_token_id`:151645 for open-end generation.
[transformers] Setting `pad_token_id` to `eos_token_id`:151645 for open-end generation.
[852/3000] valid=569 correct=336 parse_failures=0
[transformers] Setting `pad_token_id` to `eos_token_id`:151645 for open-end generation.
[transformers] Setting `pad_token_id` to `eos_token_id`:151645 for open-end generation.
[853/3000] valid=569 correct=336 parse_failures=0
[transformers] Setting `pad_token_id` to `eos_token_id`:151645 for open-end generation.
[transformers] Setting `pad_token_id` to `eos_token_id`:151645 for open-end generation.
[854/3000] valid=570 correct=337 parse_failures=0
[transformers] Setting `pad_token_id` to `eos_token_id`:151645 for open-end generation.
[transformers] Setting `pad_token_id` to `eos_token_id`:151645 for open-end generation.
[855/3000] valid=571 correct=338 parse_failures=0
[transformers] Setting `pad_token_id` to `eos_token_id`:151645 for open-end generation.
[transformers] Setting `pad_token_id` to `eos_token_id`:151645 for open-end generation.
[856/3000] valid=572 correct=338 parse_failures=0
[transformers] Setting `pad_token_id` to `eos_token_id`:151645 for open-end generation.
[transformers] Setting `pad_token_id` to `eos_token_id`:151645 for open-end generation.
[857/3000] valid=573 correct=339 parse_failures=0
[transformers] Setting `pad_token_id` to `eos_token_id`:151645 for open-end generation.
[transformers] Setting `pad_token_id` to `eos_token_id`:151645 for open-end generation.
[858/3000] valid=574 correct=340 parse_failures=0
[transformers] Setting `pad_token_id` to `eos_token_id`:151645 for open-end generation.
[transformers] Setting `pad_token_id` to `eos_token_id`:151645 for open-end generation.
[859/3000] valid=574 correct=340 parse_failures=0
[transformers] Setting `pad_token_id` to `eos_token_id`:151645 for open-end generation.
[transformers] Setting `pad_token_id` to `eos_token_id`:151645 for open-end generation.
[860/3000] valid=574 correct=340 parse_failures=0
[transformers] Setting `pad_token_id` to `eos_token_id`:151645 for open-end generation.
[transformers] Setting `pad_token_id` to `eos_token_id`:151645 for open-end generation.
[861/3000] valid=575 correct=341 parse_failures=0
[transformers] Setting `pad_token_id` to `eos_token_id`:151645 for open-end generation.
[transformers] Setting `pad_token_id` to `eos_token_id`:151645 for open-end generation.
[862/3000] valid=575 correct=341 parse_failures=0
[transformers] Setting `pad_token_id` to `eos_token_id`:151645 for open-end generation.
[transformers] Setting `pad_token_id` to `eos_token_id`:151645 for open-end generation.
[863/3000] valid=576 correct=342 parse_failures=0
[transformers] Setting `pad_token_id` to `eos_token_id`:151645 for open-end generation.
[transformers] Setting `pad_token_id` to `eos_token_id`:151645 for open-end generation.
[864/3000] valid=577 correct=343 parse_failures=0
[transformers] Setting `pad_token_id` to `eos_token_id`:151645 for open-end generation.
[transformers] Setting `pad_token_id` to `eos_token_id`:151645 for open-end generation.
[865/3000] valid=578 correct=344 parse_failures=0
[transformers] Setting `pad_token_id` to `eos_token_id`:151645 for open-end generation.
[transformers] Setting `pad_token_id` to `eos_token_id`:151645 for open-end generation.
[866/3000] valid=579 correct=345 parse_failures=0
[transformers] Setting `pad_token_id` to `eos_token_id`:151645 for open-end generation.
[transformers] Setting `pad_token_id` to `eos_token_id`:151645 for open-end generation.
[867/3000] valid=579 correct=345 parse_failures=0
[transformers] Setting `pad_token_id` to `eos_token_id`:151645 for open-end generation.
[transformers] Setting `pad_token_id` to `eos_token_id`:151645 for open-end generation.
[868/3000] valid=579 correct=345 parse_failures=0
[transformers] Setting `pad_token_id` to `eos_token_id`:151645 for open-end generation.
[transformers] Setting `pad_token_id` to `eos_token_id`:151645 for open-end generation.
[869/3000] valid=580 correct=346 parse_failures=0
[transformers] Setting `pad_token_id` to `eos_token_id`:151645 for open-end generation.
[transformers] Setting `pad_token_id` to `eos_token_id`:151645 for open-end generation.
[870/3000] valid=580 correct=346 parse_failures=0
[transformers] Setting `pad_token_id` to `eos_token_id`:151645 for open-end generation.
[transformers] Setting `pad_token_id` to `eos_token_id`:151645 for open-end generation.
[871/3000] valid=580 correct=346 parse_failures=0
[transformers] Setting `pad_token_id` to `eos_token_id`:151645 for open-end generation.
[transformers] Setting `pad_token_id` to `eos_token_id`:151645 for open-end generation.
[872/3000] valid=580 correct=346 parse_failures=0
[transformers] Setting `pad_token_id` to `eos_token_id`:151645 for open-end generation.
[transformers] Setting `pad_token_id` to `eos_token_id`:151645 for open-end generation.
[873/3000] valid=580 correct=346 parse_failures=0
[transformers] Setting `pad_token_id` to `eos_token_id`:151645 for open-end generation.
[transformers] Setting `pad_token_id` to `eos_token_id`:151645 for open-end generation.
[874/3000] valid=580 correct=346 parse_failures=0
[transformers] Setting `pad_token_id` to `eos_token_id`:151645 for open-end generation.
[transformers] Setting `pad_token_id` to `eos_token_id`:151645 for open-end generation.
[875/3000] valid=580 correct=346 parse_failures=0
[transformers] Setting `pad_token_id` to `eos_token_id`:151645 for open-end generation.
[transformers] Setting `pad_token_id` to `eos_token_id`:151645 for open-end generation.
[876/3000] valid=581 correct=347 parse_failures=0
[transformers] Setting `pad_token_id` to `eos_token_id`:151645 for open-end generation.
[transformers] Setting `pad_token_id` to `eos_token_id`:151645 for open-end generation.
[877/3000] valid=581 correct=347 parse_failures=0
[transformers] Setting `pad_token_id` to `eos_token_id`:151645 for open-end generation.
[transformers] Setting `pad_token_id` to `eos_token_id`:151645 for open-end generation.
[878/3000] valid=581 correct=347 parse_failures=0
[transformers] Setting `pad_token_id` to `eos_token_id`:151645 for open-end generation.
[transformers] Setting `pad_token_id` to `eos_token_id`:151645 for open-end generation.
[879/3000] valid=581 correct=347 parse_failures=0
[transformers] Setting `pad_token_id` to `eos_token_id`:151645 for open-end generation.
[transformers] Setting `pad_token_id` to `eos_token_id`:151645 for open-end generation.
[880/3000] valid=581 correct=347 parse_failures=0
[transformers] Setting `pad_token_id` to `eos_token_id`:151645 for open-end generation.
[transformers] Setting `pad_token_id` to `eos_token_id`:151645 for open-end generation.
[881/3000] valid=581 correct=347 parse_failures=0
[transformers] Setting `pad_token_id` to `eos_token_id`:151645 for open-end generation.
[transformers] Setting `pad_token_id` to `eos_token_id`:151645 for open-end generation.
[882/3000] valid=581 correct=347 parse_failures=0
[transformers] Setting `pad_token_id` to `eos_token_id`:151645 for open-end generation.
[transformers] Setting `pad_token_id` to `eos_token_id`:151645 for open-end generation.
[883/3000] valid=581 correct=347 parse_failures=0
[transformers] Setting `pad_token_id` to `eos_token_id`:151645 for open-end generation.
[transformers] Setting `pad_token_id` to `eos_token_id`:151645 for open-end generation.
[884/3000] valid=581 correct=347 parse_failures=0
[transformers] Setting `pad_token_id` to `eos_token_id`:151645 for open-end generation.
[transformers] Setting `pad_token_id` to `eos_token_id`:151645 for open-end generation.
[885/3000] valid=581 correct=347 parse_failures=0
[transformers] Setting `pad_token_id` to `eos_token_id`:151645 for open-end generation.
[transformers] Setting `pad_token_id` to `eos_token_id`:151645 for open-end generation.
[886/3000] valid=582 correct=348 parse_failures=0
[transformers] Setting `pad_token_id` to `eos_token_id`:151645 for open-end generation.
[transformers] Setting `pad_token_id` to `eos_token_id`:151645 for open-end generation.
[887/3000] valid=583 correct=348 parse_failures=0
[transformers] Setting `pad_token_id` to `eos_token_id`:151645 for open-end generation.
[transformers] Setting `pad_token_id` to `eos_token_id`:151645 for open-end generation.
[888/3000] valid=583 correct=348 parse_failures=0
[transformers] Setting `pad_token_id` to `eos_token_id`:151645 for open-end generation.
[transformers] Setting `pad_token_id` to `eos_token_id`:151645 for open-end generation.
[889/3000] valid=583 correct=348 parse_failures=0
[transformers] Setting `pad_token_id` to `eos_token_id`:151645 for open-end generation.
[transformers] Setting `pad_token_id` to `eos_token_id`:151645 for open-end generation.
[890/3000] valid=583 correct=348 parse_failures=0
[transformers] Setting `pad_token_id` to `eos_token_id`:151645 for open-end generation.
[transformers] Setting `pad_token_id` to `eos_token_id`:151645 for open-end generation.
[891/3000] valid=583 correct=348 parse_failures=0
[transformers] Setting `pad_token_id` to `eos_token_id`:151645 for open-end generation.
[transformers] Setting `pad_token_id` to `eos_token_id`:151645 for open-end generation.
[892/3000] valid=583 correct=348 parse_failures=0
[transformers] Setting `pad_token_id` to `eos_token_id`:151645 for open-end generation.
[transformers] Setting `pad_token_id` to `eos_token_id`:151645 for open-end generation.
[893/3000] valid=583 correct=348 parse_failures=0
[transformers] Setting `pad_token_id` to `eos_token_id`:151645 for open-end generation.
[transformers] Setting `pad_token_id` to `eos_token_id`:151645 for open-end generation.
[894/3000] valid=584 correct=349 parse_failures=0
[transformers] Setting `pad_token_id` to `eos_token_id`:151645 for open-end generation.
[transformers] Setting `pad_token_id` to `eos_token_id`:151645 for open-end generation.
[895/3000] valid=584 correct=349 parse_failures=0
[transformers] Setting `pad_token_id` to `eos_token_id`:151645 for open-end generation.
[transformers] Setting `pad_token_id` to `eos_token_id`:151645 for open-end generation.
[896/3000] valid=584 correct=349 parse_failures=0
[transformers] Setting `pad_token_id` to `eos_token_id`:151645 for open-end generation.
[transformers] Setting `pad_token_id` to `eos_token_id`:151645 for open-end generation.
[897/3000] valid=584 correct=349 parse_failures=0
[transformers] Setting `pad_token_id` to `eos_token_id`:151645 for open-end generation.
[transformers] Setting `pad_token_id` to `eos_token_id`:151645 for open-end generation.
[898/3000] valid=585 correct=350 parse_failures=0
[transformers] Setting `pad_token_id` to `eos_token_id`:151645 for open-end generation.
[transformers] Setting `pad_token_id` to `eos_token_id`:151645 for open-end generation.
[899/3000] valid=585 correct=350 parse_failures=0
[transformers] Setting `pad_token_id` to `eos_token_id`:151645 for open-end generation.
[transformers] Setting `pad_token_id` to `eos_token_id`:151645 for open-end generation.
[900/3000] valid=585 correct=350 parse_failures=0
[transformers] Setting `pad_token_id` to `eos_token_id`:151645 for open-end generation.
[transformers] Setting `pad_token_id` to `eos_token_id`:151645 for open-end generation.
[901/3000] valid=585 correct=350 parse_failures=0
[transformers] Setting `pad_token_id` to `eos_token_id`:151645 for open-end generation.
[transformers] Setting `pad_token_id` to `eos_token_id`:151645 for open-end generation.
[902/3000] valid=586 correct=351 parse_failures=0
[transformers] Setting `pad_token_id` to `eos_token_id`:151645 for open-end generation.
[transformers] Setting `pad_token_id` to `eos_token_id`:151645 for open-end generation.
[903/3000] valid=586 correct=351 parse_failures=0
[transformers] Setting `pad_token_id` to `eos_token_id`:151645 for open-end generation.
[transformers] Setting `pad_token_id` to `eos_token_id`:151645 for open-end generation.
[904/3000] valid=587 correct=352 parse_failures=0
[transformers] Setting `pad_token_id` to `eos_token_id`:151645 for open-end generation.
[transformers] Setting `pad_token_id` to `eos_token_id`:151645 for open-end generation.
[905/3000] valid=587 correct=352 parse_failures=0
[transformers] Setting `pad_token_id` to `eos_token_id`:151645 for open-end generation.
[transformers] Setting `pad_token_id` to `eos_token_id`:151645 for open-end generation.
[906/3000] valid=587 correct=352 parse_failures=0
[transformers] Setting `pad_token_id` to `eos_token_id`:151645 for open-end generation.
[transformers] Setting `pad_token_id` to `eos_token_id`:151645 for open-end generation.
[907/3000] valid=587 correct=352 parse_failures=0
[transformers] Setting `pad_token_id` to `eos_token_id`:151645 for open-end generation.
[transformers] Setting `pad_token_id` to `eos_token_id`:151645 for open-end generation.
[908/3000] valid=587 correct=352 parse_failures=0
[transformers] Setting `pad_token_id` to `eos_token_id`:151645 for open-end generation.
[transformers] Setting `pad_token_id` to `eos_token_id`:151645 for open-end generation.
[909/3000] valid=587 correct=352 parse_failures=0
[transformers] Setting `pad_token_id` to `eos_token_id`:151645 for open-end generation.
[transformers] Setting `pad_token_id` to `eos_token_id`:151645 for open-end generation.
[910/3000] valid=587 correct=352 parse_failures=0
[transformers] Setting `pad_token_id` to `eos_token_id`:151645 for open-end generation.
[transformers] Setting `pad_token_id` to `eos_token_id`:151645 for open-end generation.
[911/3000] valid=588 correct=353 parse_failures=0
[transformers] Setting `pad_token_id` to `eos_token_id`:151645 for open-end generation.
[transformers] Setting `pad_token_id` to `eos_token_id`:151645 for open-end generation.
[912/3000] valid=588 correct=353 parse_failures=0
[transformers] Setting `pad_token_id` to `eos_token_id`:151645 for open-end generation.
[transformers] Setting `pad_token_id` to `eos_token_id`:151645 for open-end generation.
[913/3000] valid=588 correct=353 parse_failures=0
[transformers] Setting `pad_token_id` to `eos_token_id`:151645 for open-end generation.
[transformers] Setting `pad_token_id` to `eos_token_id`:151645 for open-end generation.
[914/3000] valid=589 correct=354 parse_failures=0
[transformers] Setting `pad_token_id` to `eos_token_id`:151645 for open-end generation.
[transformers] Setting `pad_token_id` to `eos_token_id`:151645 for open-end generation.
[915/3000] valid=590 correct=355 parse_failures=0
[transformers] Setting `pad_token_id` to `eos_token_id`:151645 for open-end generation.
[transformers] Setting `pad_token_id` to `eos_token_id`:151645 for open-end generation.
[916/3000] valid=591 correct=356 parse_failures=0
[transformers] Setting `pad_token_id` to `eos_token_id`:151645 for open-end generation.
[transformers] Setting `pad_token_id` to `eos_token_id`:151645 for open-end generation.
[917/3000] valid=591 correct=356 parse_failures=0
[transformers] Setting `pad_token_id` to `eos_token_id`:151645 for open-end generation.
[transformers] Setting `pad_token_id` to `eos_token_id`:151645 for open-end generation.
[918/3000] valid=592 correct=357 parse_failures=0
[transformers] Setting `pad_token_id` to `eos_token_id`:151645 for open-end generation.
[transformers] Setting `pad_token_id` to `eos_token_id`:151645 for open-end generation.
[919/3000] valid=592 correct=357 parse_failures=0
[transformers] Setting `pad_token_id` to `eos_token_id`:151645 for open-end generation.
[transformers] Setting `pad_token_id` to `eos_token_id`:151645 for open-end generation.
[920/3000] valid=593 correct=358 parse_failures=0
[transformers] Setting `pad_token_id` to `eos_token_id`:151645 for open-end generation.
[transformers] Setting `pad_token_id` to `eos_token_id`:151645 for open-end generation.
[921/3000] valid=594 correct=359 parse_failures=0
[transformers] Setting `pad_token_id` to `eos_token_id`:151645 for open-end generation.
[transformers] Setting `pad_token_id` to `eos_token_id`:151645 for open-end generation.
[922/3000] valid=595 correct=360 parse_failures=0
[transformers] Setting `pad_token_id` to `eos_token_id`:151645 for open-end generation.
[transformers] Setting `pad_token_id` to `eos_token_id`:151645 for open-end generation.
[923/3000] valid=595 correct=360 parse_failures=0
[transformers] Setting `pad_token_id` to `eos_token_id`:151645 for open-end generation.
[transformers] Setting `pad_token_id` to `eos_token_id`:151645 for open-end generation.
[924/3000] valid=595 correct=360 parse_failures=0
[transformers] Setting `pad_token_id` to `eos_token_id`:151645 for open-end generation.
[transformers] Setting `pad_token_id` to `eos_token_id`:151645 for open-end generation.
[925/3000] valid=595 correct=360 parse_failures=0
[transformers] Setting `pad_token_id` to `eos_token_id`:151645 for open-end generation.
[transformers] Setting `pad_token_id` to `eos_token_id`:151645 for open-end generation.
[926/3000] valid=595 correct=360 parse_failures=0
[transformers] Setting `pad_token_id` to `eos_token_id`:151645 for open-end generation.
[transformers] Setting `pad_token_id` to `eos_token_id`:151645 for open-end generation.
[927/3000] valid=595 correct=360 parse_failures=0
[transformers] Setting `pad_token_id` to `eos_token_id`:151645 for open-end generation.
[transformers] Setting `pad_token_id` to `eos_token_id`:151645 for open-end generation.
[928/3000] valid=595 correct=360 parse_failures=0
[transformers] Setting `pad_token_id` to `eos_token_id`:151645 for open-end generation.
[transformers] Setting `pad_token_id` to `eos_token_id`:151645 for open-end generation.
[929/3000] valid=596 correct=361 parse_failures=0
[transformers] Setting `pad_token_id` to `eos_token_id`:151645 for open-end generation.
[transformers] Setting `pad_token_id` to `eos_token_id`:151645 for open-end generation.
[930/3000] valid=597 correct=361 parse_failures=0
[transformers] Setting `pad_token_id` to `eos_token_id`:151645 for open-end generation.
[transformers] Setting `pad_token_id` to `eos_token_id`:151645 for open-end generation.
[931/3000] valid=597 correct=361 parse_failures=0
[transformers] Setting `pad_token_id` to `eos_token_id`:151645 for open-end generation.
[transformers] Setting `pad_token_id` to `eos_token_id`:151645 for open-end generation.
[932/3000] valid=597 correct=361 parse_failures=0
[transformers] Setting `pad_token_id` to `eos_token_id`:151645 for open-end generation.
[transformers] Setting `pad_token_id` to `eos_token_id`:151645 for open-end generation.
[933/3000] valid=597 correct=361 parse_failures=0
[transformers] Setting `pad_token_id` to `eos_token_id`:151645 for open-end generation.
[transformers] Setting `pad_token_id` to `eos_token_id`:151645 for open-end generation.
[934/3000] valid=598 correct=361 parse_failures=0
[transformers] Setting `pad_token_id` to `eos_token_id`:151645 for open-end generation.
[transformers] Setting `pad_token_id` to `eos_token_id`:151645 for open-end generation.
[935/3000] valid=598 correct=361 parse_failures=0
[transformers] Setting `pad_token_id` to `eos_token_id`:151645 for open-end generation.
[transformers] Setting `pad_token_id` to `eos_token_id`:151645 for open-end generation.
[936/3000] valid=599 correct=362 parse_failures=0
[transformers] Setting `pad_token_id` to `eos_token_id`:151645 for open-end generation.
[transformers] Setting `pad_token_id` to `eos_token_id`:151645 for open-end generation.
[937/3000] valid=600 correct=363 parse_failures=0
[transformers] Setting `pad_token_id` to `eos_token_id`:151645 for open-end generation.
[transformers] Setting `pad_token_id` to `eos_token_id`:151645 for open-end generation.
[938/3000] valid=601 correct=364 parse_failures=0
[transformers] Setting `pad_token_id` to `eos_token_id`:151645 for open-end generation.
[transformers] Setting `pad_token_id` to `eos_token_id`:151645 for open-end generation.
[939/3000] valid=601 correct=364 parse_failures=0
[transformers] Setting `pad_token_id` to `eos_token_id`:151645 for open-end generation.
[transformers] Setting `pad_token_id` to `eos_token_id`:151645 for open-end generation.
[940/3000] valid=601 correct=364 parse_failures=0
[transformers] Setting `pad_token_id` to `eos_token_id`:151645 for open-end generation.
[transformers] Setting `pad_token_id` to `eos_token_id`:151645 for open-end generation.
[941/3000] valid=602 correct=364 parse_failures=0
[transformers] Setting `pad_token_id` to `eos_token_id`:151645 for open-end generation.
[transformers] Setting `pad_token_id` to `eos_token_id`:151645 for open-end generation.
[942/3000] valid=602 correct=364 parse_failures=0
[transformers] Setting `pad_token_id` to `eos_token_id`:151645 for open-end generation.
[transformers] Setting `pad_token_id` to `eos_token_id`:151645 for open-end generation.
[943/3000] valid=603 correct=365 parse_failures=0
[transformers] Setting `pad_token_id` to `eos_token_id`:151645 for open-end generation.
[transformers] Setting `pad_token_id` to `eos_token_id`:151645 for open-end generation.
[944/3000] valid=603 correct=365 parse_failures=0
[transformers] Setting `pad_token_id` to `eos_token_id`:151645 for open-end generation.
[transformers] Setting `pad_token_id` to `eos_token_id`:151645 for open-end generation.
[945/3000] valid=603 correct=365 parse_failures=0
[transformers] Setting `pad_token_id` to `eos_token_id`:151645 for open-end generation.
[transformers] Setting `pad_token_id` to `eos_token_id`:151645 for open-end generation.
[946/3000] valid=604 correct=366 parse_failures=0
[transformers] Setting `pad_token_id` to `eos_token_id`:151645 for open-end generation.
[transformers] Setting `pad_token_id` to `eos_token_id`:151645 for open-end generation.
[947/3000] valid=605 correct=367 parse_failures=0
[transformers] Setting `pad_token_id` to `eos_token_id`:151645 for open-end generation.
[transformers] Setting `pad_token_id` to `eos_token_id`:151645 for open-end generation.
[948/3000] valid=605 correct=367 parse_failures=0
[transformers] Setting `pad_token_id` to `eos_token_id`:151645 for open-end generation.
[transformers] Setting `pad_token_id` to `eos_token_id`:151645 for open-end generation.
[949/3000] valid=606 correct=368 parse_failures=0
[transformers] Setting `pad_token_id` to `eos_token_id`:151645 for open-end generation.
[transformers] Setting `pad_token_id` to `eos_token_id`:151645 for open-end generation.
[950/3000] valid=607 correct=369 parse_failures=0
[transformers] Setting `pad_token_id` to `eos_token_id`:151645 for open-end generation.
[transformers] Setting `pad_token_id` to `eos_token_id`:151645 for open-end generation.
[951/3000] valid=608 correct=370 parse_failures=0
[transformers] Setting `pad_token_id` to `eos_token_id`:151645 for open-end generation.
[transformers] Setting `pad_token_id` to `eos_token_id`:151645 for open-end generation.
[952/3000] valid=609 correct=371 parse_failures=0
[transformers] Setting `pad_token_id` to `eos_token_id`:151645 for open-end generation.
[transformers] Setting `pad_token_id` to `eos_token_id`:151645 for open-end generation.
[953/3000] valid=610 correct=371 parse_failures=0
[transformers] Setting `pad_token_id` to `eos_token_id`:151645 for open-end generation.
[transformers] Setting `pad_token_id` to `eos_token_id`:151645 for open-end generation.
[954/3000] valid=611 correct=372 parse_failures=0
[transformers] Setting `pad_token_id` to `eos_token_id`:151645 for open-end generation.
[transformers] Setting `pad_token_id` to `eos_token_id`:151645 for open-end generation.
[955/3000] valid=612 correct=373 parse_failures=0
[transformers] Setting `pad_token_id` to `eos_token_id`:151645 for open-end generation.
[transformers] Setting `pad_token_id` to `eos_token_id`:151645 for open-end generation.
[956/3000] valid=613 correct=374 parse_failures=0
[transformers] Setting `pad_token_id` to `eos_token_id`:151645 for open-end generation.
[transformers] Setting `pad_token_id` to `eos_token_id`:151645 for open-end generation.
[957/3000] valid=613 correct=374 parse_failures=0
[transformers] Setting `pad_token_id` to `eos_token_id`:151645 for open-end generation.
[transformers] Setting `pad_token_id` to `eos_token_id`:151645 for open-end generation.
[958/3000] valid=614 correct=375 parse_failures=0
[transformers] Setting `pad_token_id` to `eos_token_id`:151645 for open-end generation.
[transformers] Setting `pad_token_id` to `eos_token_id`:151645 for open-end generation.
[959/3000] valid=614 correct=375 parse_failures=0
[transformers] Setting `pad_token_id` to `eos_token_id`:151645 for open-end generation.
[transformers] Setting `pad_token_id` to `eos_token_id`:151645 for open-end generation.
[960/3000] valid=614 correct=375 parse_failures=0
[transformers] Setting `pad_token_id` to `eos_token_id`:151645 for open-end generation.
[transformers] Setting `pad_token_id` to `eos_token_id`:151645 for open-end generation.
[961/3000] valid=614 correct=375 parse_failures=0
[transformers] Setting `pad_token_id` to `eos_token_id`:151645 for open-end generation.
[transformers] Setting `pad_token_id` to `eos_token_id`:151645 for open-end generation.
[962/3000] valid=614 correct=375 parse_failures=0
[transformers] Setting `pad_token_id` to `eos_token_id`:151645 for open-end generation.
[transformers] Setting `pad_token_id` to `eos_token_id`:151645 for open-end generation.
[963/3000] valid=614 correct=375 parse_failures=0
[transformers] Setting `pad_token_id` to `eos_token_id`:151645 for open-end generation.
[transformers] Setting `pad_token_id` to `eos_token_id`:151645 for open-end generation.
[964/3000] valid=614 correct=375 parse_failures=0
[transformers] Setting `pad_token_id` to `eos_token_id`:151645 for open-end generation.
[transformers] Setting `pad_token_id` to `eos_token_id`:151645 for open-end generation.
[965/3000] valid=614 correct=375 parse_failures=0
[transformers] Setting `pad_token_id` to `eos_token_id`:151645 for open-end generation.
[transformers] Setting `pad_token_id` to `eos_token_id`:151645 for open-end generation.
[966/3000] valid=614 correct=375 parse_failures=0
[transformers] Setting `pad_token_id` to `eos_token_id`:151645 for open-end generation.
[transformers] Setting `pad_token_id` to `eos_token_id`:151645 for open-end generation.
[967/3000] valid=614 correct=375 parse_failures=0
[transformers] Setting `pad_token_id` to `eos_token_id`:151645 for open-end generation.
[transformers] Setting `pad_token_id` to `eos_token_id`:151645 for open-end generation.
[968/3000] valid=614 correct=375 parse_failures=0
[transformers] Setting `pad_token_id` to `eos_token_id`:151645 for open-end generation.
[transformers] Setting `pad_token_id` to `eos_token_id`:151645 for open-end generation.
[969/3000] valid=615 correct=376 parse_failures=0
[transformers] Setting `pad_token_id` to `eos_token_id`:151645 for open-end generation.
[transformers] Setting `pad_token_id` to `eos_token_id`:151645 for open-end generation.
[970/3000] valid=616 correct=377 parse_failures=0
[transformers] Setting `pad_token_id` to `eos_token_id`:151645 for open-end generation.
[transformers] Setting `pad_token_id` to `eos_token_id`:151645 for open-end generation.
[971/3000] valid=616 correct=377 parse_failures=0
[transformers] Setting `pad_token_id` to `eos_token_id`:151645 for open-end generation.
[transformers] Setting `pad_token_id` to `eos_token_id`:151645 for open-end generation.
[972/3000] valid=616 correct=377 parse_failures=0
[transformers] Setting `pad_token_id` to `eos_token_id`:151645 for open-end generation.
[transformers] Setting `pad_token_id` to `eos_token_id`:151645 for open-end generation.
[973/3000] valid=616 correct=377 parse_failures=0
[transformers] Setting `pad_token_id` to `eos_token_id`:151645 for open-end generation.
[transformers] Setting `pad_token_id` to `eos_token_id`:151645 for open-end generation.
[974/3000] valid=616 correct=377 parse_failures=0
[transformers] Setting `pad_token_id` to `eos_token_id`:151645 for open-end generation.
[transformers] Setting `pad_token_id` to `eos_token_id`:151645 for open-end generation.
[975/3000] valid=617 correct=378 parse_failures=0
[transformers] Setting `pad_token_id` to `eos_token_id`:151645 for open-end generation.
[transformers] Setting `pad_token_id` to `eos_token_id`:151645 for open-end generation.
[976/3000] valid=618 correct=379 parse_failures=0
[transformers] Setting `pad_token_id` to `eos_token_id`:151645 for open-end generation.
[transformers] Setting `pad_token_id` to `eos_token_id`:151645 for open-end generation.
[977/3000] valid=619 correct=380 parse_failures=0
[transformers] Setting `pad_token_id` to `eos_token_id`:151645 for open-end generation.
[transformers] Setting `pad_token_id` to `eos_token_id`:151645 for open-end generation.
[978/3000] valid=619 correct=380 parse_failures=0
[transformers] Setting `pad_token_id` to `eos_token_id`:151645 for open-end generation.
[transformers] Setting `pad_token_id` to `eos_token_id`:151645 for open-end generation.
[979/3000] valid=619 correct=380 parse_failures=0
[transformers] Setting `pad_token_id` to `eos_token_id`:151645 for open-end generation.
[transformers] Setting `pad_token_id` to `eos_token_id`:151645 for open-end generation.
[980/3000] valid=619 correct=380 parse_failures=0
[transformers] Setting `pad_token_id` to `eos_token_id`:151645 for open-end generation.
[transformers] Setting `pad_token_id` to `eos_token_id`:151645 for open-end generation.
[981/3000] valid=619 correct=380 parse_failures=0
[transformers] Setting `pad_token_id` to `eos_token_id`:151645 for open-end generation.
[transformers] Setting `pad_token_id` to `eos_token_id`:151645 for open-end generation.
[982/3000] valid=619 correct=380 parse_failures=0
[transformers] Setting `pad_token_id` to `eos_token_id`:151645 for open-end generation.
[transformers] Setting `pad_token_id` to `eos_token_id`:151645 for open-end generation.
[983/3000] valid=619 correct=380 parse_failures=0
[transformers] Setting `pad_token_id` to `eos_token_id`:151645 for open-end generation.
[transformers] Setting `pad_token_id` to `eos_token_id`:151645 for open-end generation.
[984/3000] valid=619 correct=380 parse_failures=0
[transformers] Setting `pad_token_id` to `eos_token_id`:151645 for open-end generation.
[transformers] Setting `pad_token_id` to `eos_token_id`:151645 for open-end generation.
[985/3000] valid=619 correct=380 parse_failures=0
[transformers] Setting `pad_token_id` to `eos_token_id`:151645 for open-end generation.
[transformers] Setting `pad_token_id` to `eos_token_id`:151645 for open-end generation.
[986/3000] valid=619 correct=380 parse_failures=0
[transformers] Setting `pad_token_id` to `eos_token_id`:151645 for open-end generation.
[transformers] Setting `pad_token_id` to `eos_token_id`:151645 for open-end generation.
[987/3000] valid=619 correct=380 parse_failures=0
[transformers] Setting `pad_token_id` to `eos_token_id`:151645 for open-end generation.
[transformers] Setting `pad_token_id` to `eos_token_id`:151645 for open-end generation.
[988/3000] valid=620 correct=381 parse_failures=0
[transformers] Setting `pad_token_id` to `eos_token_id`:151645 for open-end generation.
[transformers] Setting `pad_token_id` to `eos_token_id`:151645 for open-end generation.
[989/3000] valid=620 correct=381 parse_failures=0
[transformers] Setting `pad_token_id` to `eos_token_id`:151645 for open-end generation.
[transformers] Setting `pad_token_id` to `eos_token_id`:151645 for open-end generation.
[990/3000] valid=620 correct=381 parse_failures=0
[transformers] Setting `pad_token_id` to `eos_token_id`:151645 for open-end generation.
[transformers] Setting `pad_token_id` to `eos_token_id`:151645 for open-end generation.
[991/3000] valid=621 correct=382 parse_failures=0
[transformers] Setting `pad_token_id` to `eos_token_id`:151645 for open-end generation.
[transformers] Setting `pad_token_id` to `eos_token_id`:151645 for open-end generation.
[992/3000] valid=622 correct=383 parse_failures=0
[transformers] Setting `pad_token_id` to `eos_token_id`:151645 for open-end generation.
[transformers] Setting `pad_token_id` to `eos_token_id`:151645 for open-end generation.
[993/3000] valid=623 correct=384 parse_failures=0
[transformers] Setting `pad_token_id` to `eos_token_id`:151645 for open-end generation.
[transformers] Setting `pad_token_id` to `eos_token_id`:151645 for open-end generation.
[994/3000] valid=623 correct=384 parse_failures=0
[transformers] Setting `pad_token_id` to `eos_token_id`:151645 for open-end generation.
[transformers] Setting `pad_token_id` to `eos_token_id`:151645 for open-end generation.
[995/3000] valid=624 correct=385 parse_failures=0
[transformers] Setting `pad_token_id` to `eos_token_id`:151645 for open-end generation.
[transformers] Setting `pad_token_id` to `eos_token_id`:151645 for open-end generation.
[996/3000] valid=624 correct=385 parse_failures=0
[transformers] Setting `pad_token_id` to `eos_token_id`:151645 for open-end generation.
[transformers] Setting `pad_token_id` to `eos_token_id`:151645 for open-end generation.
[997/3000] valid=624 correct=385 parse_failures=0
[transformers] Setting `pad_token_id` to `eos_token_id`:151645 for open-end generation.
[transformers] Setting `pad_token_id` to `eos_token_id`:151645 for open-end generation.
[998/3000] valid=624 correct=385 parse_failures=0
[transformers] Setting `pad_token_id` to `eos_token_id`:151645 for open-end generation.
[transformers] Setting `pad_token_id` to `eos_token_id`:151645 for open-end generation.
[999/3000] valid=624 correct=385 parse_failures=0
[transformers] Setting `pad_token_id` to `eos_token_id`:151645 for open-end generation.
[transformers] Setting `pad_token_id` to `eos_token_id`:151645 for open-end generation.
[1000/3000] valid=624 correct=385 parse_failures=0
[transformers] Setting `pad_token_id` to `eos_token_id`:151645 for open-end generation.
[transformers] Setting `pad_token_id` to `eos_token_id`:151645 for open-end generation.
[1001/3000] valid=624 correct=385 parse_failures=0
[transformers] Setting `pad_token_id` to `eos_token_id`:151645 for open-end generation.
[transformers] Setting `pad_token_id` to `eos_token_id`:151645 for open-end generation.
[1002/3000] valid=624 correct=385 parse_failures=0
[transformers] Setting `pad_token_id` to `eos_token_id`:151645 for open-end generation.
[transformers] Setting `pad_token_id` to `eos_token_id`:151645 for open-end generation.
[1003/3000] valid=624 correct=385 parse_failures=0
[transformers] Setting `pad_token_id` to `eos_token_id`:151645 for open-end generation.
[transformers] Setting `pad_token_id` to `eos_token_id`:151645 for open-end generation.
[1004/3000] valid=624 correct=385 parse_failures=0
[transformers] Setting `pad_token_id` to `eos_token_id`:151645 for open-end generation.
[transformers] Setting `pad_token_id` to `eos_token_id`:151645 for open-end generation.
[1005/3000] valid=625 correct=385 parse_failures=0
[transformers] Setting `pad_token_id` to `eos_token_id`:151645 for open-end generation.
[transformers] Setting `pad_token_id` to `eos_token_id`:151645 for open-end generation.
[1006/3000] valid=626 correct=385 parse_failures=0
[transformers] Setting `pad_token_id` to `eos_token_id`:151645 for open-end generation.
[transformers] Setting `pad_token_id` to `eos_token_id`:151645 for open-end generation.
[1007/3000] valid=627 correct=385 parse_failures=0
[transformers] Setting `pad_token_id` to `eos_token_id`:151645 for open-end generation.
[transformers] Setting `pad_token_id` to `eos_token_id`:151645 for open-end generation.
[1008/3000] valid=628 correct=385 parse_failures=0
[transformers] Setting `pad_token_id` to `eos_token_id`:151645 for open-end generation.
[transformers] Setting `pad_token_id` to `eos_token_id`:151645 for open-end generation.
[1009/3000] valid=629 correct=386 parse_failures=0
[transformers] Setting `pad_token_id` to `eos_token_id`:151645 for open-end generation.
[transformers] Setting `pad_token_id` to `eos_token_id`:151645 for open-end generation.
[1010/3000] valid=629 correct=386 parse_failures=0
[transformers] Setting `pad_token_id` to `eos_token_id`:151645 for open-end generation.
[transformers] Setting `pad_token_id` to `eos_token_id`:151645 for open-end generation.
[1011/3000] valid=630 correct=387 parse_failures=0
[transformers] Setting `pad_token_id` to `eos_token_id`:151645 for open-end generation.
[transformers] Setting `pad_token_id` to `eos_token_id`:151645 for open-end generation.
[1012/3000] valid=630 correct=387 parse_failures=0
[transformers] Setting `pad_token_id` to `eos_token_id`:151645 for open-end generation.
[transformers] Setting `pad_token_id` to `eos_token_id`:151645 for open-end generation.
[1013/3000] valid=631 correct=387 parse_failures=0
[transformers] Setting `pad_token_id` to `eos_token_id`:151645 for open-end generation.
[transformers] Setting `pad_token_id` to `eos_token_id`:151645 for open-end generation.
[1014/3000] valid=632 correct=387 parse_failures=0
[transformers] Setting `pad_token_id` to `eos_token_id`:151645 for open-end generation.
[transformers] Setting `pad_token_id` to `eos_token_id`:151645 for open-end generation.
[1015/3000] valid=632 correct=387 parse_failures=0
[transformers] Setting `pad_token_id` to `eos_token_id`:151645 for open-end generation.
[transformers] Setting `pad_token_id` to `eos_token_id`:151645 for open-end generation.
[1016/3000] valid=632 correct=387 parse_failures=0
[transformers] Setting `pad_token_id` to `eos_token_id`:151645 for open-end generation.
[transformers] Setting `pad_token_id` to `eos_token_id`:151645 for open-end generation.
[1017/3000] valid=633 correct=388 parse_failures=0
[transformers] Setting `pad_token_id` to `eos_token_id`:151645 for open-end generation.
[transformers] Setting `pad_token_id` to `eos_token_id`:151645 for open-end generation.
[1018/3000] valid=634 correct=389 parse_failures=0
[transformers] Setting `pad_token_id` to `eos_token_id`:151645 for open-end generation.
[transformers] Setting `pad_token_id` to `eos_token_id`:151645 for open-end generation.
[1019/3000] valid=635 correct=389 parse_failures=0
[transformers] Setting `pad_token_id` to `eos_token_id`:151645 for open-end generation.
[transformers] Setting `pad_token_id` to `eos_token_id`:151645 for open-end generation.
[1020/3000] valid=636 correct=390 parse_failures=0
[transformers] Setting `pad_token_id` to `eos_token_id`:151645 for open-end generation.
[transformers] Setting `pad_token_id` to `eos_token_id`:151645 for open-end generation.
[1021/3000] valid=637 correct=391 parse_failures=0
[transformers] Setting `pad_token_id` to `eos_token_id`:151645 for open-end generation.
[transformers] Setting `pad_token_id` to `eos_token_id`:151645 for open-end generation.
[1022/3000] valid=638 correct=392 parse_failures=0
[transformers] Setting `pad_token_id` to `eos_token_id`:151645 for open-end generation.
[transformers] Setting `pad_token_id` to `eos_token_id`:151645 for open-end generation.
[1023/3000] valid=638 correct=392 parse_failures=0
[transformers] Setting `pad_token_id` to `eos_token_id`:151645 for open-end generation.
[transformers] Setting `pad_token_id` to `eos_token_id`:151645 for open-end generation.
[1024/3000] valid=639 correct=392 parse_failures=0
[transformers] Setting `pad_token_id` to `eos_token_id`:151645 for open-end generation.
[transformers] Setting `pad_token_id` to `eos_token_id`:151645 for open-end generation.
[1025/3000] valid=640 correct=392 parse_failures=0
[transformers] Setting `pad_token_id` to `eos_token_id`:151645 for open-end generation.
[transformers] Setting `pad_token_id` to `eos_token_id`:151645 for open-end generation.
[1026/3000] valid=641 correct=392 parse_failures=0
[transformers] Setting `pad_token_id` to `eos_token_id`:151645 for open-end generation.
[transformers] Setting `pad_token_id` to `eos_token_id`:151645 for open-end generation.
[1027/3000] valid=642 correct=393 parse_failures=0
[transformers] Setting `pad_token_id` to `eos_token_id`:151645 for open-end generation.
[transformers] Setting `pad_token_id` to `eos_token_id`:151645 for open-end generation.
[1028/3000] valid=643 correct=394 parse_failures=0
[transformers] Setting `pad_token_id` to `eos_token_id`:151645 for open-end generation.
[transformers] Setting `pad_token_id` to `eos_token_id`:151645 for open-end generation.
[1029/3000] valid=644 correct=395 parse_failures=0
[transformers] Setting `pad_token_id` to `eos_token_id`:151645 for open-end generation.
[transformers] Setting `pad_token_id` to `eos_token_id`:151645 for open-end generation.
[1030/3000] valid=645 correct=395 parse_failures=0
[transformers] Setting `pad_token_id` to `eos_token_id`:151645 for open-end generation.
[transformers] Setting `pad_token_id` to `eos_token_id`:151645 for open-end generation.
[1031/3000] valid=645 correct=395 parse_failures=0
[transformers] Setting `pad_token_id` to `eos_token_id`:151645 for open-end generation.
[transformers] Setting `pad_token_id` to `eos_token_id`:151645 for open-end generation.
[1032/3000] valid=645 correct=395 parse_failures=0
[transformers] Setting `pad_token_id` to `eos_token_id`:151645 for open-end generation.
[transformers] Setting `pad_token_id` to `eos_token_id`:151645 for open-end generation.
[1033/3000] valid=646 correct=395 parse_failures=0
[transformers] Setting `pad_token_id` to `eos_token_id`:151645 for open-end generation.
[transformers] Setting `pad_token_id` to `eos_token_id`:151645 for open-end generation.
[1034/3000] valid=646 correct=395 parse_failures=0
[transformers] Setting `pad_token_id` to `eos_token_id`:151645 for open-end generation.
[transformers] Setting `pad_token_id` to `eos_token_id`:151645 for open-end generation.
[1035/3000] valid=647 correct=395 parse_failures=0
[transformers] Setting `pad_token_id` to `eos_token_id`:151645 for open-end generation.
[transformers] Setting `pad_token_id` to `eos_token_id`:151645 for open-end generation.
[1036/3000] valid=648 correct=395 parse_failures=0
[transformers] Setting `pad_token_id` to `eos_token_id`:151645 for open-end generation.
[transformers] Setting `pad_token_id` to `eos_token_id`:151645 for open-end generation.
[1037/3000] valid=649 correct=395 parse_failures=0
[transformers] Setting `pad_token_id` to `eos_token_id`:151645 for open-end generation.
[transformers] Setting `pad_token_id` to `eos_token_id`:151645 for open-end generation.
[1038/3000] valid=650 correct=396 parse_failures=0
[transformers] Setting `pad_token_id` to `eos_token_id`:151645 for open-end generation.
[transformers] Setting `pad_token_id` to `eos_token_id`:151645 for open-end generation.
[1039/3000] valid=651 correct=397 parse_failures=0
[transformers] Setting `pad_token_id` to `eos_token_id`:151645 for open-end generation.
[transformers] Setting `pad_token_id` to `eos_token_id`:151645 for open-end generation.
[1040/3000] valid=652 correct=398 parse_failures=0
[transformers] Setting `pad_token_id` to `eos_token_id`:151645 for open-end generation.
[transformers] Setting `pad_token_id` to `eos_token_id`:151645 for open-end generation.
[1041/3000] valid=653 correct=398 parse_failures=0
[transformers] Setting `pad_token_id` to `eos_token_id`:151645 for open-end generation.
[transformers] Setting `pad_token_id` to `eos_token_id`:151645 for open-end generation.
[1042/3000] valid=654 correct=398 parse_failures=0
[transformers] Setting `pad_token_id` to `eos_token_id`:151645 for open-end generation.
[transformers] Setting `pad_token_id` to `eos_token_id`:151645 for open-end generation.
[1043/3000] valid=655 correct=398 parse_failures=0
[transformers] Setting `pad_token_id` to `eos_token_id`:151645 for open-end generation.
[transformers] Setting `pad_token_id` to `eos_token_id`:151645 for open-end generation.
[1044/3000] valid=655 correct=398 parse_failures=0
[transformers] Setting `pad_token_id` to `eos_token_id`:151645 for open-end generation.
[transformers] Setting `pad_token_id` to `eos_token_id`:151645 for open-end generation.
[1045/3000] valid=656 correct=399 parse_failures=0
[transformers] Setting `pad_token_id` to `eos_token_id`:151645 for open-end generation.
[transformers] Setting `pad_token_id` to `eos_token_id`:151645 for open-end generation.
[1046/3000] valid=657 correct=399 parse_failures=0
[transformers] Setting `pad_token_id` to `eos_token_id`:151645 for open-end generation.
[transformers] Setting `pad_token_id` to `eos_token_id`:151645 for open-end generation.
[1047/3000] valid=657 correct=399 parse_failures=0
[transformers] Setting `pad_token_id` to `eos_token_id`:151645 for open-end generation.
[transformers] Setting `pad_token_id` to `eos_token_id`:151645 for open-end generation.
[1048/3000] valid=658 correct=400 parse_failures=0
[transformers] Setting `pad_token_id` to `eos_token_id`:151645 for open-end generation.
[transformers] Setting `pad_token_id` to `eos_token_id`:151645 for open-end generation.
[1049/3000] valid=659 correct=401 parse_failures=0
[transformers] Setting `pad_token_id` to `eos_token_id`:151645 for open-end generation.
[transformers] Setting `pad_token_id` to `eos_token_id`:151645 for open-end generation.
[1050/3000] valid=660 correct=401 parse_failures=0
[transformers] Setting `pad_token_id` to `eos_token_id`:151645 for open-end generation.
[transformers] Setting `pad_token_id` to `eos_token_id`:151645 for open-end generation.
[1051/3000] valid=660 correct=401 parse_failures=0
[transformers] Setting `pad_token_id` to `eos_token_id`:151645 for open-end generation.
[transformers] Setting `pad_token_id` to `eos_token_id`:151645 for open-end generation.
[1052/3000] valid=661 correct=402 parse_failures=0
[transformers] Setting `pad_token_id` to `eos_token_id`:151645 for open-end generation.
[transformers] Setting `pad_token_id` to `eos_token_id`:151645 for open-end generation.
[1053/3000] valid=661 correct=402 parse_failures=0
[transformers] Setting `pad_token_id` to `eos_token_id`:151645 for open-end generation.
[transformers] Setting `pad_token_id` to `eos_token_id`:151645 for open-end generation.
[1054/3000] valid=662 correct=403 parse_failures=0
[transformers] Setting `pad_token_id` to `eos_token_id`:151645 for open-end generation.
[transformers] Setting `pad_token_id` to `eos_token_id`:151645 for open-end generation.
[1055/3000] valid=662 correct=403 parse_failures=0
[transformers] Setting `pad_token_id` to `eos_token_id`:151645 for open-end generation.
[transformers] Setting `pad_token_id` to `eos_token_id`:151645 for open-end generation.
[1056/3000] valid=663 correct=404 parse_failures=0
[transformers] Setting `pad_token_id` to `eos_token_id`:151645 for open-end generation.
[transformers] Setting `pad_token_id` to `eos_token_id`:151645 for open-end generation.
[1057/3000] valid=664 correct=405 parse_failures=0
[transformers] Setting `pad_token_id` to `eos_token_id`:151645 for open-end generation.
[transformers] Setting `pad_token_id` to `eos_token_id`:151645 for open-end generation.
[1058/3000] valid=665 correct=405 parse_failures=0
[transformers] Setting `pad_token_id` to `eos_token_id`:151645 for open-end generation.
[transformers] Setting `pad_token_id` to `eos_token_id`:151645 for open-end generation.
[1059/3000] valid=666 correct=405 parse_failures=0
[transformers] Setting `pad_token_id` to `eos_token_id`:151645 for open-end generation.
[transformers] Setting `pad_token_id` to `eos_token_id`:151645 for open-end generation.
[1060/3000] valid=667 correct=406 parse_failures=0
[transformers] Setting `pad_token_id` to `eos_token_id`:151645 for open-end generation.
[transformers] Setting `pad_token_id` to `eos_token_id`:151645 for open-end generation.
[1061/3000] valid=668 correct=406 parse_failures=0
[transformers] Setting `pad_token_id` to `eos_token_id`:151645 for open-end generation.
[transformers] Setting `pad_token_id` to `eos_token_id`:151645 for open-end generation.
[1062/3000] valid=669 correct=407 parse_failures=0
[transformers] Setting `pad_token_id` to `eos_token_id`:151645 for open-end generation.
[transformers] Setting `pad_token_id` to `eos_token_id`:151645 for open-end generation.
[1063/3000] valid=670 correct=407 parse_failures=0
[transformers] Setting `pad_token_id` to `eos_token_id`:151645 for open-end generation.
[transformers] Setting `pad_token_id` to `eos_token_id`:151645 for open-end generation.
[1064/3000] valid=671 correct=407 parse_failures=0
[transformers] Setting `pad_token_id` to `eos_token_id`:151645 for open-end generation.
[transformers] Setting `pad_token_id` to `eos_token_id`:151645 for open-end generation.
[1065/3000] valid=671 correct=407 parse_failures=0
[transformers] Setting `pad_token_id` to `eos_token_id`:151645 for open-end generation.
[transformers] Setting `pad_token_id` to `eos_token_id`:151645 for open-end generation.
[1066/3000] valid=672 correct=407 parse_failures=0
[transformers] Setting `pad_token_id` to `eos_token_id`:151645 for open-end generation.
[transformers] Setting `pad_token_id` to `eos_token_id`:151645 for open-end generation.
[1067/3000] valid=672 correct=407 parse_failures=0
[transformers] Setting `pad_token_id` to `eos_token_id`:151645 for open-end generation.
[transformers] Setting `pad_token_id` to `eos_token_id`:151645 for open-end generation.
[1068/3000] valid=672 correct=407 parse_failures=0
[transformers] Setting `pad_token_id` to `eos_token_id`:151645 for open-end generation.
[transformers] Setting `pad_token_id` to `eos_token_id`:151645 for open-end generation.
[1069/3000] valid=672 correct=407 parse_failures=0
[transformers] Setting `pad_token_id` to `eos_token_id`:151645 for open-end generation.
[transformers] Setting `pad_token_id` to `eos_token_id`:151645 for open-end generation.
[1070/3000] valid=672 correct=407 parse_failures=0
[transformers] Setting `pad_token_id` to `eos_token_id`:151645 for open-end generation.
[transformers] Setting `pad_token_id` to `eos_token_id`:151645 for open-end generation.
[1071/3000] valid=672 correct=407 parse_failures=0
[transformers] Setting `pad_token_id` to `eos_token_id`:151645 for open-end generation.
[transformers] Setting `pad_token_id` to `eos_token_id`:151645 for open-end generation.
[1072/3000] valid=673 correct=407 parse_failures=0
[transformers] Setting `pad_token_id` to `eos_token_id`:151645 for open-end generation.
[transformers] Setting `pad_token_id` to `eos_token_id`:151645 for open-end generation.
[1073/3000] valid=674 correct=407 parse_failures=0
[transformers] Setting `pad_token_id` to `eos_token_id`:151645 for open-end generation.
[transformers] Setting `pad_token_id` to `eos_token_id`:151645 for open-end generation.
[1074/3000] valid=674 correct=407 parse_failures=0
[transformers] Setting `pad_token_id` to `eos_token_id`:151645 for open-end generation.
[transformers] Setting `pad_token_id` to `eos_token_id`:151645 for open-end generation.
[1075/3000] valid=674 correct=407 parse_failures=0
[transformers] Setting `pad_token_id` to `eos_token_id`:151645 for open-end generation.
[transformers] Setting `pad_token_id` to `eos_token_id`:151645 for open-end generation.
[1076/3000] valid=674 correct=407 parse_failures=0
[transformers] Setting `pad_token_id` to `eos_token_id`:151645 for open-end generation.
[transformers] Setting `pad_token_id` to `eos_token_id`:151645 for open-end generation.
[1077/3000] valid=675 correct=408 parse_failures=0
[transformers] Setting `pad_token_id` to `eos_token_id`:151645 for open-end generation.
[transformers] Setting `pad_token_id` to `eos_token_id`:151645 for open-end generation.
[1078/3000] valid=675 correct=408 parse_failures=0
[transformers] Setting `pad_token_id` to `eos_token_id`:151645 for open-end generation.
[transformers] Setting `pad_token_id` to `eos_token_id`:151645 for open-end generation.
[1079/3000] valid=676 correct=409 parse_failures=0
[transformers] Setting `pad_token_id` to `eos_token_id`:151645 for open-end generation.
[transformers] Setting `pad_token_id` to `eos_token_id`:151645 for open-end generation.
[1080/3000] valid=677 correct=410 parse_failures=0
[transformers] Setting `pad_token_id` to `eos_token_id`:151645 for open-end generation.
[transformers] Setting `pad_token_id` to `eos_token_id`:151645 for open-end generation.
[1081/3000] valid=678 correct=411 parse_failures=0
[transformers] Setting `pad_token_id` to `eos_token_id`:151645 for open-end generation.
[transformers] Setting `pad_token_id` to `eos_token_id`:151645 for open-end generation.
[1082/3000] valid=679 correct=411 parse_failures=0
[transformers] Setting `pad_token_id` to `eos_token_id`:151645 for open-end generation.
[transformers] Setting `pad_token_id` to `eos_token_id`:151645 for open-end generation.
[1083/3000] valid=680 correct=412 parse_failures=0
[transformers] Setting `pad_token_id` to `eos_token_id`:151645 for open-end generation.
[transformers] Setting `pad_token_id` to `eos_token_id`:151645 for open-end generation.
[1084/3000] valid=681 correct=413 parse_failures=0
[transformers] Setting `pad_token_id` to `eos_token_id`:151645 for open-end generation.
[transformers] Setting `pad_token_id` to `eos_token_id`:151645 for open-end generation.
[1085/3000] valid=682 correct=413 parse_failures=0
[transformers] Setting `pad_token_id` to `eos_token_id`:151645 for open-end generation.
[transformers] Setting `pad_token_id` to `eos_token_id`:151645 for open-end generation.
[1086/3000] valid=682 correct=413 parse_failures=0
[transformers] Setting `pad_token_id` to `eos_token_id`:151645 for open-end generation.
[transformers] Setting `pad_token_id` to `eos_token_id`:151645 for open-end generation.
[1087/3000] valid=683 correct=414 parse_failures=0
[transformers] Setting `pad_token_id` to `eos_token_id`:151645 for open-end generation.
[transformers] Setting `pad_token_id` to `eos_token_id`:151645 for open-end generation.
[1088/3000] valid=683 correct=414 parse_failures=0
[transformers] Setting `pad_token_id` to `eos_token_id`:151645 for open-end generation.
[transformers] Setting `pad_token_id` to `eos_token_id`:151645 for open-end generation.
[1089/3000] valid=683 correct=414 parse_failures=0
[transformers] Setting `pad_token_id` to `eos_token_id`:151645 for open-end generation.
[transformers] Setting `pad_token_id` to `eos_token_id`:151645 for open-end generation.
[1090/3000] valid=684 correct=415 parse_failures=0
[transformers] Setting `pad_token_id` to `eos_token_id`:151645 for open-end generation.
[transformers] Setting `pad_token_id` to `eos_token_id`:151645 for open-end generation.
[1091/3000] valid=685 correct=416 parse_failures=0
[transformers] Setting `pad_token_id` to `eos_token_id`:151645 for open-end generation.
[transformers] Setting `pad_token_id` to `eos_token_id`:151645 for open-end generation.
[1092/3000] valid=686 correct=417 parse_failures=0
[transformers] Setting `pad_token_id` to `eos_token_id`:151645 for open-end generation.
[transformers] Setting `pad_token_id` to `eos_token_id`:151645 for open-end generation.
[1093/3000] valid=687 correct=417 parse_failures=0
[transformers] Setting `pad_token_id` to `eos_token_id`:151645 for open-end generation.
[transformers] Setting `pad_token_id` to `eos_token_id`:151645 for open-end generation.
[1094/3000] valid=687 correct=417 parse_failures=0
[transformers] Setting `pad_token_id` to `eos_token_id`:151645 for open-end generation.
[transformers] Setting `pad_token_id` to `eos_token_id`:151645 for open-end generation.
[1095/3000] valid=688 correct=417 parse_failures=0
[transformers] Setting `pad_token_id` to `eos_token_id`:151645 for open-end generation.
[transformers] Setting `pad_token_id` to `eos_token_id`:151645 for open-end generation.
[1096/3000] valid=688 correct=417 parse_failures=0
[transformers] Setting `pad_token_id` to `eos_token_id`:151645 for open-end generation.
[transformers] Setting `pad_token_id` to `eos_token_id`:151645 for open-end generation.
[1097/3000] valid=688 correct=417 parse_failures=0
[transformers] Setting `pad_token_id` to `eos_token_id`:151645 for open-end generation.
[transformers] Setting `pad_token_id` to `eos_token_id`:151645 for open-end generation.
[1098/3000] valid=689 correct=418 parse_failures=0
[transformers] Setting `pad_token_id` to `eos_token_id`:151645 for open-end generation.
[transformers] Setting `pad_token_id` to `eos_token_id`:151645 for open-end generation.
[1099/3000] valid=689 correct=418 parse_failures=0
[transformers] Setting `pad_token_id` to `eos_token_id`:151645 for open-end generation.
[transformers] Setting `pad_token_id` to `eos_token_id`:151645 for open-end generation.
[1100/3000] valid=690 correct=419 parse_failures=0
[transformers] Setting `pad_token_id` to `eos_token_id`:151645 for open-end generation.
[transformers] Setting `pad_token_id` to `eos_token_id`:151645 for open-end generation.
[1101/3000] valid=691 correct=420 parse_failures=0
[transformers] Setting `pad_token_id` to `eos_token_id`:151645 for open-end generation.
[transformers] Setting `pad_token_id` to `eos_token_id`:151645 for open-end generation.
[1102/3000] valid=691 correct=420 parse_failures=0
[transformers] Setting `pad_token_id` to `eos_token_id`:151645 for open-end generation.
[transformers] Setting `pad_token_id` to `eos_token_id`:151645 for open-end generation.
[1103/3000] valid=692 correct=420 parse_failures=0
[transformers] Setting `pad_token_id` to `eos_token_id`:151645 for open-end generation.
[transformers] Setting `pad_token_id` to `eos_token_id`:151645 for open-end generation.
[1104/3000] valid=693 correct=420 parse_failures=0
[transformers] Setting `pad_token_id` to `eos_token_id`:151645 for open-end generation.
[transformers] Setting `pad_token_id` to `eos_token_id`:151645 for open-end generation.
[1105/3000] valid=694 correct=421 parse_failures=0
[transformers] Setting `pad_token_id` to `eos_token_id`:151645 for open-end generation.
[transformers] Setting `pad_token_id` to `eos_token_id`:151645 for open-end generation.
[1106/3000] valid=695 correct=421 parse_failures=0
[transformers] Setting `pad_token_id` to `eos_token_id`:151645 for open-end generation.
[transformers] Setting `pad_token_id` to `eos_token_id`:151645 for open-end generation.
[1107/3000] valid=696 correct=421 parse_failures=0
[transformers] Setting `pad_token_id` to `eos_token_id`:151645 for open-end generation.
[transformers] Setting `pad_token_id` to `eos_token_id`:151645 for open-end generation.
[1108/3000] valid=697 correct=421 parse_failures=0
[transformers] Setting `pad_token_id` to `eos_token_id`:151645 for open-end generation.
[transformers] Setting `pad_token_id` to `eos_token_id`:151645 for open-end generation.
[1109/3000] valid=697 correct=421 parse_failures=0
[transformers] Setting `pad_token_id` to `eos_token_id`:151645 for open-end generation.
[transformers] Setting `pad_token_id` to `eos_token_id`:151645 for open-end generation.
[1110/3000] valid=697 correct=421 parse_failures=0
[transformers] Setting `pad_token_id` to `eos_token_id`:151645 for open-end generation.
[transformers] Setting `pad_token_id` to `eos_token_id`:151645 for open-end generation.
[1111/3000] valid=698 correct=422 parse_failures=0
[transformers] Setting `pad_token_id` to `eos_token_id`:151645 for open-end generation.
[transformers] Setting `pad_token_id` to `eos_token_id`:151645 for open-end generation.
[1112/3000] valid=699 correct=423 parse_failures=0
[transformers] Setting `pad_token_id` to `eos_token_id`:151645 for open-end generation.
[transformers] Setting `pad_token_id` to `eos_token_id`:151645 for open-end generation.
[1113/3000] valid=700 correct=424 parse_failures=0
[transformers] Setting `pad_token_id` to `eos_token_id`:151645 for open-end generation.
[transformers] Setting `pad_token_id` to `eos_token_id`:151645 for open-end generation.
[1114/3000] valid=701 correct=424 parse_failures=0
[transformers] Setting `pad_token_id` to `eos_token_id`:151645 for open-end generation.
[transformers] Setting `pad_token_id` to `eos_token_id`:151645 for open-end generation.
[1115/3000] valid=701 correct=424 parse_failures=0
[transformers] Setting `pad_token_id` to `eos_token_id`:151645 for open-end generation.
[transformers] Setting `pad_token_id` to `eos_token_id`:151645 for open-end generation.
[1116/3000] valid=701 correct=424 parse_failures=0
[transformers] Setting `pad_token_id` to `eos_token_id`:151645 for open-end generation.
[transformers] Setting `pad_token_id` to `eos_token_id`:151645 for open-end generation.
[1117/3000] valid=701 correct=424 parse_failures=0
[transformers] Setting `pad_token_id` to `eos_token_id`:151645 for open-end generation.
[transformers] Setting `pad_token_id` to `eos_token_id`:151645 for open-end generation.
[1118/3000] valid=702 correct=425 parse_failures=0
[transformers] Setting `pad_token_id` to `eos_token_id`:151645 for open-end generation.
[transformers] Setting `pad_token_id` to `eos_token_id`:151645 for open-end generation.
[1119/3000] valid=703 correct=425 parse_failures=0
[transformers] Setting `pad_token_id` to `eos_token_id`:151645 for open-end generation.
[transformers] Setting `pad_token_id` to `eos_token_id`:151645 for open-end generation.
[1120/3000] valid=704 correct=426 parse_failures=0
[transformers] Setting `pad_token_id` to `eos_token_id`:151645 for open-end generation.
[transformers] Setting `pad_token_id` to `eos_token_id`:151645 for open-end generation.
[1121/3000] valid=705 correct=427 parse_failures=0
[transformers] Setting `pad_token_id` to `eos_token_id`:151645 for open-end generation.
[transformers] Setting `pad_token_id` to `eos_token_id`:151645 for open-end generation.
[1122/3000] valid=706 correct=427 parse_failures=0
[transformers] Setting `pad_token_id` to `eos_token_id`:151645 for open-end generation.
[transformers] Setting `pad_token_id` to `eos_token_id`:151645 for open-end generation.
[1123/3000] valid=707 correct=427 parse_failures=0
[transformers] Setting `pad_token_id` to `eos_token_id`:151645 for open-end generation.
[transformers] Setting `pad_token_id` to `eos_token_id`:151645 for open-end generation.
[1124/3000] valid=708 correct=427 parse_failures=0
[transformers] Setting `pad_token_id` to `eos_token_id`:151645 for open-end generation.
[transformers] Setting `pad_token_id` to `eos_token_id`:151645 for open-end generation.
[1125/3000] valid=708 correct=427 parse_failures=0
[transformers] Setting `pad_token_id` to `eos_token_id`:151645 for open-end generation.
[transformers] Setting `pad_token_id` to `eos_token_id`:151645 for open-end generation.
[1126/3000] valid=709 correct=428 parse_failures=0
[transformers] Setting `pad_token_id` to `eos_token_id`:151645 for open-end generation.
[transformers] Setting `pad_token_id` to `eos_token_id`:151645 for open-end generation.
[1127/3000] valid=710 correct=429 parse_failures=0
[transformers] Setting `pad_token_id` to `eos_token_id`:151645 for open-end generation.
[transformers] Setting `pad_token_id` to `eos_token_id`:151645 for open-end generation.
[1128/3000] valid=711 correct=429 parse_failures=0
[transformers] Setting `pad_token_id` to `eos_token_id`:151645 for open-end generation.
[transformers] Setting `pad_token_id` to `eos_token_id`:151645 for open-end generation.
[1129/3000] valid=712 correct=430 parse_failures=0
[transformers] Setting `pad_token_id` to `eos_token_id`:151645 for open-end generation.
[transformers] Setting `pad_token_id` to `eos_token_id`:151645 for open-end generation.
[1130/3000] valid=713 correct=431 parse_failures=0
[transformers] Setting `pad_token_id` to `eos_token_id`:151645 for open-end generation.
[transformers] Setting `pad_token_id` to `eos_token_id`:151645 for open-end generation.
[1131/3000] valid=713 correct=431 parse_failures=0
[transformers] Setting `pad_token_id` to `eos_token_id`:151645 for open-end generation.
[transformers] Setting `pad_token_id` to `eos_token_id`:151645 for open-end generation.
[1132/3000] valid=713 correct=431 parse_failures=0
[transformers] Setting `pad_token_id` to `eos_token_id`:151645 for open-end generation.
[transformers] Setting `pad_token_id` to `eos_token_id`:151645 for open-end generation.
[1133/3000] valid=713 correct=431 parse_failures=0
[transformers] Setting `pad_token_id` to `eos_token_id`:151645 for open-end generation.
[transformers] Setting `pad_token_id` to `eos_token_id`:151645 for open-end generation.
[1134/3000] valid=714 correct=432 parse_failures=0
[transformers] Setting `pad_token_id` to `eos_token_id`:151645 for open-end generation.
[transformers] Setting `pad_token_id` to `eos_token_id`:151645 for open-end generation.
[1135/3000] valid=715 correct=433 parse_failures=0
[transformers] Setting `pad_token_id` to `eos_token_id`:151645 for open-end generation.
[transformers] Setting `pad_token_id` to `eos_token_id`:151645 for open-end generation.
[1136/3000] valid=716 correct=434 parse_failures=0
[transformers] Setting `pad_token_id` to `eos_token_id`:151645 for open-end generation.
[transformers] Setting `pad_token_id` to `eos_token_id`:151645 for open-end generation.
[1137/3000] valid=717 correct=435 parse_failures=0
[transformers] Setting `pad_token_id` to `eos_token_id`:151645 for open-end generation.
[transformers] Setting `pad_token_id` to `eos_token_id`:151645 for open-end generation.
[1138/3000] valid=718 correct=436 parse_failures=0
[transformers] Setting `pad_token_id` to `eos_token_id`:151645 for open-end generation.
[transformers] Setting `pad_token_id` to `eos_token_id`:151645 for open-end generation.
[1139/3000] valid=719 correct=436 parse_failures=0
[transformers] Setting `pad_token_id` to `eos_token_id`:151645 for open-end generation.
[transformers] Setting `pad_token_id` to `eos_token_id`:151645 for open-end generation.
[1140/3000] valid=719 correct=436 parse_failures=0
[transformers] Setting `pad_token_id` to `eos_token_id`:151645 for open-end generation.
[transformers] Setting `pad_token_id` to `eos_token_id`:151645 for open-end generation.
[1141/3000] valid=719 correct=436 parse_failures=0
[transformers] Setting `pad_token_id` to `eos_token_id`:151645 for open-end generation.
[transformers] Setting `pad_token_id` to `eos_token_id`:151645 for open-end generation.
[1142/3000] valid=719 correct=436 parse_failures=0
[transformers] Setting `pad_token_id` to `eos_token_id`:151645 for open-end generation.
[transformers] Setting `pad_token_id` to `eos_token_id`:151645 for open-end generation.
[1143/3000] valid=720 correct=437 parse_failures=0
[transformers] Setting `pad_token_id` to `eos_token_id`:151645 for open-end generation.
[transformers] Setting `pad_token_id` to `eos_token_id`:151645 for open-end generation.
[1144/3000] valid=721 correct=438 parse_failures=0
[transformers] Setting `pad_token_id` to `eos_token_id`:151645 for open-end generation.
[transformers] Setting `pad_token_id` to `eos_token_id`:151645 for open-end generation.
[1145/3000] valid=722 correct=439 parse_failures=0
[transformers] Setting `pad_token_id` to `eos_token_id`:151645 for open-end generation.
[transformers] Setting `pad_token_id` to `eos_token_id`:151645 for open-end generation.
[1146/3000] valid=723 correct=439 parse_failures=0
[transformers] Setting `pad_token_id` to `eos_token_id`:151645 for open-end generation.
[transformers] Setting `pad_token_id` to `eos_token_id`:151645 for open-end generation.
[1147/3000] valid=724 correct=440 parse_failures=0
[transformers] Setting `pad_token_id` to `eos_token_id`:151645 for open-end generation.
[transformers] Setting `pad_token_id` to `eos_token_id`:151645 for open-end generation.
[1148/3000] valid=724 correct=440 parse_failures=0
[transformers] Setting `pad_token_id` to `eos_token_id`:151645 for open-end generation.
[transformers] Setting `pad_token_id` to `eos_token_id`:151645 for open-end generation.
[1149/3000] valid=724 correct=440 parse_failures=0
[transformers] Setting `pad_token_id` to `eos_token_id`:151645 for open-end generation.
[transformers] Setting `pad_token_id` to `eos_token_id`:151645 for open-end generation.
[1150/3000] valid=725 correct=441 parse_failures=0
[transformers] Setting `pad_token_id` to `eos_token_id`:151645 for open-end generation.
[transformers] Setting `pad_token_id` to `eos_token_id`:151645 for open-end generation.
[1151/3000] valid=726 correct=442 parse_failures=0
[transformers] Setting `pad_token_id` to `eos_token_id`:151645 for open-end generation.
[transformers] Setting `pad_token_id` to `eos_token_id`:151645 for open-end generation.
[1152/3000] valid=727 correct=442 parse_failures=0
[transformers] Setting `pad_token_id` to `eos_token_id`:151645 for open-end generation.
[transformers] Setting `pad_token_id` to `eos_token_id`:151645 for open-end generation.
[1153/3000] valid=728 correct=442 parse_failures=0
[transformers] Setting `pad_token_id` to `eos_token_id`:151645 for open-end generation.
[transformers] Setting `pad_token_id` to `eos_token_id`:151645 for open-end generation.
[1154/3000] valid=729 correct=442 parse_failures=0
[transformers] Setting `pad_token_id` to `eos_token_id`:151645 for open-end generation.
[transformers] Setting `pad_token_id` to `eos_token_id`:151645 for open-end generation.
[1155/3000] valid=730 correct=443 parse_failures=0
[transformers] Setting `pad_token_id` to `eos_token_id`:151645 for open-end generation.
[transformers] Setting `pad_token_id` to `eos_token_id`:151645 for open-end generation.
[1156/3000] valid=730 correct=443 parse_failures=0
[transformers] Setting `pad_token_id` to `eos_token_id`:151645 for open-end generation.
[transformers] Setting `pad_token_id` to `eos_token_id`:151645 for open-end generation.
[1157/3000] valid=730 correct=443 parse_failures=0
[transformers] Setting `pad_token_id` to `eos_token_id`:151645 for open-end generation.
[transformers] Setting `pad_token_id` to `eos_token_id`:151645 for open-end generation.
[1158/3000] valid=731 correct=443 parse_failures=0
[transformers] Setting `pad_token_id` to `eos_token_id`:151645 for open-end generation.
[transformers] Setting `pad_token_id` to `eos_token_id`:151645 for open-end generation.
[1159/3000] valid=732 correct=443 parse_failures=0
[transformers] Setting `pad_token_id` to `eos_token_id`:151645 for open-end generation.
[transformers] Setting `pad_token_id` to `eos_token_id`:151645 for open-end generation.
[1160/3000] valid=733 correct=444 parse_failures=0
[transformers] Setting `pad_token_id` to `eos_token_id`:151645 for open-end generation.
[transformers] Setting `pad_token_id` to `eos_token_id`:151645 for open-end generation.
[1161/3000] valid=733 correct=444 parse_failures=0
[transformers] Setting `pad_token_id` to `eos_token_id`:151645 for open-end generation.
[transformers] Setting `pad_token_id` to `eos_token_id`:151645 for open-end generation.
[1162/3000] valid=733 correct=444 parse_failures=0
[transformers] Setting `pad_token_id` to `eos_token_id`:151645 for open-end generation.
[transformers] Setting `pad_token_id` to `eos_token_id`:151645 for open-end generation.
[1163/3000] valid=734 correct=445 parse_failures=0
[transformers] Setting `pad_token_id` to `eos_token_id`:151645 for open-end generation.
[transformers] Setting `pad_token_id` to `eos_token_id`:151645 for open-end generation.
[1164/3000] valid=734 correct=445 parse_failures=0
[transformers] Setting `pad_token_id` to `eos_token_id`:151645 for open-end generation.
[transformers] Setting `pad_token_id` to `eos_token_id`:151645 for open-end generation.
[1165/3000] valid=735 correct=445 parse_failures=0
[transformers] Setting `pad_token_id` to `eos_token_id`:151645 for open-end generation.
[transformers] Setting `pad_token_id` to `eos_token_id`:151645 for open-end generation.
[1166/3000] valid=736 correct=445 parse_failures=0
[transformers] Setting `pad_token_id` to `eos_token_id`:151645 for open-end generation.
[transformers] Setting `pad_token_id` to `eos_token_id`:151645 for open-end generation.
[1167/3000] valid=737 correct=445 parse_failures=0
[transformers] Setting `pad_token_id` to `eos_token_id`:151645 for open-end generation.
[transformers] Setting `pad_token_id` to `eos_token_id`:151645 for open-end generation.
[1168/3000] valid=738 correct=446 parse_failures=0
[transformers] Setting `pad_token_id` to `eos_token_id`:151645 for open-end generation.
[transformers] Setting `pad_token_id` to `eos_token_id`:151645 for open-end generation.
[1169/3000] valid=738 correct=446 parse_failures=0
[transformers] Setting `pad_token_id` to `eos_token_id`:151645 for open-end generation.
[transformers] Setting `pad_token_id` to `eos_token_id`:151645 for open-end generation.
[1170/3000] valid=738 correct=446 parse_failures=0
[transformers] Setting `pad_token_id` to `eos_token_id`:151645 for open-end generation.
[transformers] Setting `pad_token_id` to `eos_token_id`:151645 for open-end generation.
[1171/3000] valid=739 correct=447 parse_failures=0
[transformers] Setting `pad_token_id` to `eos_token_id`:151645 for open-end generation.
[transformers] Setting `pad_token_id` to `eos_token_id`:151645 for open-end generation.
[1172/3000] valid=740 correct=448 parse_failures=0
[transformers] Setting `pad_token_id` to `eos_token_id`:151645 for open-end generation.
[transformers] Setting `pad_token_id` to `eos_token_id`:151645 for open-end generation.
[1173/3000] valid=741 correct=448 parse_failures=0
[transformers] Setting `pad_token_id` to `eos_token_id`:151645 for open-end generation.
[transformers] Setting `pad_token_id` to `eos_token_id`:151645 for open-end generation.
[1174/3000] valid=742 correct=449 parse_failures=0
[transformers] Setting `pad_token_id` to `eos_token_id`:151645 for open-end generation.
[transformers] Setting `pad_token_id` to `eos_token_id`:151645 for open-end generation.
[1175/3000] valid=743 correct=450 parse_failures=0
[transformers] Setting `pad_token_id` to `eos_token_id`:151645 for open-end generation.
[transformers] Setting `pad_token_id` to `eos_token_id`:151645 for open-end generation.
[1176/3000] valid=744 correct=450 parse_failures=0
[transformers] Setting `pad_token_id` to `eos_token_id`:151645 for open-end generation.
[transformers] Setting `pad_token_id` to `eos_token_id`:151645 for open-end generation.
[1177/3000] valid=745 correct=450 parse_failures=0
[transformers] Setting `pad_token_id` to `eos_token_id`:151645 for open-end generation.
[transformers] Setting `pad_token_id` to `eos_token_id`:151645 for open-end generation.
[1178/3000] valid=746 correct=451 parse_failures=0
[transformers] Setting `pad_token_id` to `eos_token_id`:151645 for open-end generation.
[transformers] Setting `pad_token_id` to `eos_token_id`:151645 for open-end generation.
[1179/3000] valid=747 correct=452 parse_failures=0
[transformers] Setting `pad_token_id` to `eos_token_id`:151645 for open-end generation.
[transformers] Setting `pad_token_id` to `eos_token_id`:151645 for open-end generation.
[1180/3000] valid=748 correct=452 parse_failures=0
[transformers] Setting `pad_token_id` to `eos_token_id`:151645 for open-end generation.
[transformers] Setting `pad_token_id` to `eos_token_id`:151645 for open-end generation.
[1181/3000] valid=749 correct=452 parse_failures=0
[transformers] Setting `pad_token_id` to `eos_token_id`:151645 for open-end generation.
[transformers] Setting `pad_token_id` to `eos_token_id`:151645 for open-end generation.
[1182/3000] valid=750 correct=453 parse_failures=0
[transformers] Setting `pad_token_id` to `eos_token_id`:151645 for open-end generation.
[transformers] Setting `pad_token_id` to `eos_token_id`:151645 for open-end generation.
[1183/3000] valid=751 correct=453 parse_failures=0
[transformers] Setting `pad_token_id` to `eos_token_id`:151645 for open-end generation.
[transformers] Setting `pad_token_id` to `eos_token_id`:151645 for open-end generation.
[1184/3000] valid=752 correct=454 parse_failures=0
[transformers] Setting `pad_token_id` to `eos_token_id`:151645 for open-end generation.
[transformers] Setting `pad_token_id` to `eos_token_id`:151645 for open-end generation.
[1185/3000] valid=753 correct=454 parse_failures=0
[transformers] Setting `pad_token_id` to `eos_token_id`:151645 for open-end generation.
[transformers] Setting `pad_token_id` to `eos_token_id`:151645 for open-end generation.
[1186/3000] valid=754 correct=455 parse_failures=0
[transformers] Setting `pad_token_id` to `eos_token_id`:151645 for open-end generation.
[transformers] Setting `pad_token_id` to `eos_token_id`:151645 for open-end generation.
[1187/3000] valid=754 correct=455 parse_failures=0
[transformers] Setting `pad_token_id` to `eos_token_id`:151645 for open-end generation.
[transformers] Setting `pad_token_id` to `eos_token_id`:151645 for open-end generation.
[1188/3000] valid=754 correct=455 parse_failures=0
[transformers] Setting `pad_token_id` to `eos_token_id`:151645 for open-end generation.
[transformers] Setting `pad_token_id` to `eos_token_id`:151645 for open-end generation.
[1189/3000] valid=754 correct=455 parse_failures=0
[transformers] Setting `pad_token_id` to `eos_token_id`:151645 for open-end generation.
[transformers] Setting `pad_token_id` to `eos_token_id`:151645 for open-end generation.
[1190/3000] valid=755 correct=456 parse_failures=0
[transformers] Setting `pad_token_id` to `eos_token_id`:151645 for open-end generation.
[transformers] Setting `pad_token_id` to `eos_token_id`:151645 for open-end generation.
[1191/3000] valid=755 correct=456 parse_failures=0
[transformers] Setting `pad_token_id` to `eos_token_id`:151645 for open-end generation.
[transformers] Setting `pad_token_id` to `eos_token_id`:151645 for open-end generation.
[1192/3000] valid=756 correct=457 parse_failures=0
[transformers] Setting `pad_token_id` to `eos_token_id`:151645 for open-end generation.
[transformers] Setting `pad_token_id` to `eos_token_id`:151645 for open-end generation.
[1193/3000] valid=757 correct=458 parse_failures=0
[transformers] Setting `pad_token_id` to `eos_token_id`:151645 for open-end generation.
[transformers] Setting `pad_token_id` to `eos_token_id`:151645 for open-end generation.
[1194/3000] valid=758 correct=459 parse_failures=0
[transformers] Setting `pad_token_id` to `eos_token_id`:151645 for open-end generation.
[transformers] Setting `pad_token_id` to `eos_token_id`:151645 for open-end generation.
[1195/3000] valid=759 correct=460 parse_failures=0
[transformers] Setting `pad_token_id` to `eos_token_id`:151645 for open-end generation.
[transformers] Setting `pad_token_id` to `eos_token_id`:151645 for open-end generation.
[1196/3000] valid=760 correct=460 parse_failures=0
[transformers] Setting `pad_token_id` to `eos_token_id`:151645 for open-end generation.
[transformers] Setting `pad_token_id` to `eos_token_id`:151645 for open-end generation.
[1197/3000] valid=760 correct=460 parse_failures=0
[transformers] Setting `pad_token_id` to `eos_token_id`:151645 for open-end generation.
[transformers] Setting `pad_token_id` to `eos_token_id`:151645 for open-end generation.
[1198/3000] valid=761 correct=460 parse_failures=0
[transformers] Setting `pad_token_id` to `eos_token_id`:151645 for open-end generation.
[transformers] Setting `pad_token_id` to `eos_token_id`:151645 for open-end generation.
[1199/3000] valid=762 correct=460 parse_failures=0
[transformers] Setting `pad_token_id` to `eos_token_id`:151645 for open-end generation.
[transformers] Setting `pad_token_id` to `eos_token_id`:151645 for open-end generation.
[1200/3000] valid=763 correct=460 parse_failures=0
[transformers] Setting `pad_token_id` to `eos_token_id`:151645 for open-end generation.
[transformers] Setting `pad_token_id` to `eos_token_id`:151645 for open-end generation.
[1201/3000] valid=764 correct=460 parse_failures=0
[transformers] Setting `pad_token_id` to `eos_token_id`:151645 for open-end generation.
[transformers] Setting `pad_token_id` to `eos_token_id`:151645 for open-end generation.
[1202/3000] valid=765 correct=460 parse_failures=0
[transformers] Setting `pad_token_id` to `eos_token_id`:151645 for open-end generation.
[transformers] Setting `pad_token_id` to `eos_token_id`:151645 for open-end generation.
[1203/3000] valid=765 correct=460 parse_failures=0
[transformers] Setting `pad_token_id` to `eos_token_id`:151645 for open-end generation.
[transformers] Setting `pad_token_id` to `eos_token_id`:151645 for open-end generation.
[1204/3000] valid=765 correct=460 parse_failures=0
[transformers] Setting `pad_token_id` to `eos_token_id`:151645 for open-end generation.
[transformers] Setting `pad_token_id` to `eos_token_id`:151645 for open-end generation.
[1205/3000] valid=766 correct=461 parse_failures=0
[transformers] Setting `pad_token_id` to `eos_token_id`:151645 for open-end generation.
[transformers] Setting `pad_token_id` to `eos_token_id`:151645 for open-end generation.
[1206/3000] valid=767 correct=461 parse_failures=0
[transformers] Setting `pad_token_id` to `eos_token_id`:151645 for open-end generation.
[transformers] Setting `pad_token_id` to `eos_token_id`:151645 for open-end generation.
[1207/3000] valid=768 correct=461 parse_failures=0
[transformers] Setting `pad_token_id` to `eos_token_id`:151645 for open-end generation.
[transformers] Setting `pad_token_id` to `eos_token_id`:151645 for open-end generation.
[1208/3000] valid=769 correct=461 parse_failures=0
[transformers] Setting `pad_token_id` to `eos_token_id`:151645 for open-end generation.
[transformers] Setting `pad_token_id` to `eos_token_id`:151645 for open-end generation.
[1209/3000] valid=769 correct=461 parse_failures=0
[transformers] Setting `pad_token_id` to `eos_token_id`:151645 for open-end generation.
[transformers] Setting `pad_token_id` to `eos_token_id`:151645 for open-end generation.
[1210/3000] valid=769 correct=461 parse_failures=0
[transformers] Setting `pad_token_id` to `eos_token_id`:151645 for open-end generation.
[transformers] Setting `pad_token_id` to `eos_token_id`:151645 for open-end generation.
[1211/3000] valid=769 correct=461 parse_failures=0
[transformers] Setting `pad_token_id` to `eos_token_id`:151645 for open-end generation.
[transformers] Setting `pad_token_id` to `eos_token_id`:151645 for open-end generation.
[1212/3000] valid=770 correct=461 parse_failures=0
[transformers] Setting `pad_token_id` to `eos_token_id`:151645 for open-end generation.
[transformers] Setting `pad_token_id` to `eos_token_id`:151645 for open-end generation.
[1213/3000] valid=771 correct=462 parse_failures=0
[transformers] Setting `pad_token_id` to `eos_token_id`:151645 for open-end generation.
[transformers] Setting `pad_token_id` to `eos_token_id`:151645 for open-end generation.
[1214/3000] valid=772 correct=463 parse_failures=0
[transformers] Setting `pad_token_id` to `eos_token_id`:151645 for open-end generation.
[transformers] Setting `pad_token_id` to `eos_token_id`:151645 for open-end generation.
[1215/3000] valid=773 correct=464 parse_failures=0
[transformers] Setting `pad_token_id` to `eos_token_id`:151645 for open-end generation.
[transformers] Setting `pad_token_id` to `eos_token_id`:151645 for open-end generation.
[1216/3000] valid=773 correct=464 parse_failures=0
[transformers] Setting `pad_token_id` to `eos_token_id`:151645 for open-end generation.
[transformers] Setting `pad_token_id` to `eos_token_id`:151645 for open-end generation.
[1217/3000] valid=774 correct=465 parse_failures=0
[transformers] Setting `pad_token_id` to `eos_token_id`:151645 for open-end generation.
[transformers] Setting `pad_token_id` to `eos_token_id`:151645 for open-end generation.
[1218/3000] valid=775 correct=466 parse_failures=0
[transformers] Setting `pad_token_id` to `eos_token_id`:151645 for open-end generation.
[transformers] Setting `pad_token_id` to `eos_token_id`:151645 for open-end generation.
[1219/3000] valid=775 correct=466 parse_failures=0
[transformers] Setting `pad_token_id` to `eos_token_id`:151645 for open-end generation.
[transformers] Setting `pad_token_id` to `eos_token_id`:151645 for open-end generation.
[1220/3000] valid=775 correct=466 parse_failures=0
[transformers] Setting `pad_token_id` to `eos_token_id`:151645 for open-end generation.
[transformers] Setting `pad_token_id` to `eos_token_id`:151645 for open-end generation.
[1221/3000] valid=776 correct=466 parse_failures=0
[transformers] Setting `pad_token_id` to `eos_token_id`:151645 for open-end generation.
[transformers] Setting `pad_token_id` to `eos_token_id`:151645 for open-end generation.
[1222/3000] valid=777 correct=467 parse_failures=0
[transformers] Setting `pad_token_id` to `eos_token_id`:151645 for open-end generation.
[transformers] Setting `pad_token_id` to `eos_token_id`:151645 for open-end generation.
[1223/3000] valid=777 correct=467 parse_failures=0
[transformers] Setting `pad_token_id` to `eos_token_id`:151645 for open-end generation.
[transformers] Setting `pad_token_id` to `eos_token_id`:151645 for open-end generation.
[1224/3000] valid=778 correct=467 parse_failures=0
[transformers] Setting `pad_token_id` to `eos_token_id`:151645 for open-end generation.
[transformers] Setting `pad_token_id` to `eos_token_id`:151645 for open-end generation.
[1225/3000] valid=778 correct=467 parse_failures=0
[transformers] Setting `pad_token_id` to `eos_token_id`:151645 for open-end generation.
[transformers] Setting `pad_token_id` to `eos_token_id`:151645 for open-end generation.
[1226/3000] valid=779 correct=468 parse_failures=0
[transformers] Setting `pad_token_id` to `eos_token_id`:151645 for open-end generation.
[transformers] Setting `pad_token_id` to `eos_token_id`:151645 for open-end generation.
[1227/3000] valid=780 correct=469 parse_failures=0
[transformers] Setting `pad_token_id` to `eos_token_id`:151645 for open-end generation.
[transformers] Setting `pad_token_id` to `eos_token_id`:151645 for open-end generation.
[1228/3000] valid=781 correct=469 parse_failures=0
[transformers] Setting `pad_token_id` to `eos_token_id`:151645 for open-end generation.
[transformers] Setting `pad_token_id` to `eos_token_id`:151645 for open-end generation.
[1229/3000] valid=781 correct=469 parse_failures=0
[transformers] Setting `pad_token_id` to `eos_token_id`:151645 for open-end generation.
[transformers] Setting `pad_token_id` to `eos_token_id`:151645 for open-end generation.
[1230/3000] valid=782 correct=470 parse_failures=0
[transformers] Setting `pad_token_id` to `eos_token_id`:151645 for open-end generation.
[transformers] Setting `pad_token_id` to `eos_token_id`:151645 for open-end generation.
[1231/3000] valid=783 correct=471 parse_failures=0
[transformers] Setting `pad_token_id` to `eos_token_id`:151645 for open-end generation.
[transformers] Setting `pad_token_id` to `eos_token_id`:151645 for open-end generation.
[1232/3000] valid=784 correct=472 parse_failures=0
[transformers] Setting `pad_token_id` to `eos_token_id`:151645 for open-end generation.
[transformers] Setting `pad_token_id` to `eos_token_id`:151645 for open-end generation.
[1233/3000] valid=785 correct=473 parse_failures=0
[transformers] Setting `pad_token_id` to `eos_token_id`:151645 for open-end generation.
[transformers] Setting `pad_token_id` to `eos_token_id`:151645 for open-end generation.
[1234/3000] valid=786 correct=474 parse_failures=0
[transformers] Setting `pad_token_id` to `eos_token_id`:151645 for open-end generation.
[transformers] Setting `pad_token_id` to `eos_token_id`:151645 for open-end generation.
[1235/3000] valid=787 correct=475 parse_failures=0
[transformers] Setting `pad_token_id` to `eos_token_id`:151645 for open-end generation.
[transformers] Setting `pad_token_id` to `eos_token_id`:151645 for open-end generation.
[1236/3000] valid=788 correct=475 parse_failures=0
[transformers] Setting `pad_token_id` to `eos_token_id`:151645 for open-end generation.
[transformers] Setting `pad_token_id` to `eos_token_id`:151645 for open-end generation.
[1237/3000] valid=788 correct=475 parse_failures=0
[transformers] Setting `pad_token_id` to `eos_token_id`:151645 for open-end generation.
[transformers] Setting `pad_token_id` to `eos_token_id`:151645 for open-end generation.
[1238/3000] valid=789 correct=476 parse_failures=0
[transformers] Setting `pad_token_id` to `eos_token_id`:151645 for open-end generation.
[transformers] Setting `pad_token_id` to `eos_token_id`:151645 for open-end generation.
[1239/3000] valid=789 correct=476 parse_failures=0
[transformers] Setting `pad_token_id` to `eos_token_id`:151645 for open-end generation.
[transformers] Setting `pad_token_id` to `eos_token_id`:151645 for open-end generation.
[1240/3000] valid=790 correct=476 parse_failures=0
[transformers] Setting `pad_token_id` to `eos_token_id`:151645 for open-end generation.
[transformers] Setting `pad_token_id` to `eos_token_id`:151645 for open-end generation.
[1241/3000] valid=791 correct=477 parse_failures=0
[transformers] Setting `pad_token_id` to `eos_token_id`:151645 for open-end generation.
[transformers] Setting `pad_token_id` to `eos_token_id`:151645 for open-end generation.
[1242/3000] valid=791 correct=477 parse_failures=0
[transformers] Setting `pad_token_id` to `eos_token_id`:151645 for open-end generation.
[transformers] Setting `pad_token_id` to `eos_token_id`:151645 for open-end generation.
[1243/3000] valid=792 correct=477 parse_failures=0
[transformers] Setting `pad_token_id` to `eos_token_id`:151645 for open-end generation.
[transformers] Setting `pad_token_id` to `eos_token_id`:151645 for open-end generation.
[1244/3000] valid=793 correct=477 parse_failures=0
[transformers] Setting `pad_token_id` to `eos_token_id`:151645 for open-end generation.
[transformers] Setting `pad_token_id` to `eos_token_id`:151645 for open-end generation.
[1245/3000] valid=794 correct=477 parse_failures=0
[transformers] Setting `pad_token_id` to `eos_token_id`:151645 for open-end generation.
[transformers] Setting `pad_token_id` to `eos_token_id`:151645 for open-end generation.
[1246/3000] valid=794 correct=477 parse_failures=0
[transformers] Setting `pad_token_id` to `eos_token_id`:151645 for open-end generation.
[transformers] Setting `pad_token_id` to `eos_token_id`:151645 for open-end generation.
[1247/3000] valid=795 correct=477 parse_failures=0
[transformers] Setting `pad_token_id` to `eos_token_id`:151645 for open-end generation.
[transformers] Setting `pad_token_id` to `eos_token_id`:151645 for open-end generation.
[1248/3000] valid=796 correct=478 parse_failures=0
[transformers] Setting `pad_token_id` to `eos_token_id`:151645 for open-end generation.
[transformers] Setting `pad_token_id` to `eos_token_id`:151645 for open-end generation.
[1249/3000] valid=797 correct=479 parse_failures=0
[transformers] Setting `pad_token_id` to `eos_token_id`:151645 for open-end generation.
[transformers] Setting `pad_token_id` to `eos_token_id`:151645 for open-end generation.
[1250/3000] valid=798 correct=480 parse_failures=0
[transformers] Setting `pad_token_id` to `eos_token_id`:151645 for open-end generation.
[transformers] Setting `pad_token_id` to `eos_token_id`:151645 for open-end generation.
[1251/3000] valid=798 correct=480 parse_failures=0
[transformers] Setting `pad_token_id` to `eos_token_id`:151645 for open-end generation.
[transformers] Setting `pad_token_id` to `eos_token_id`:151645 for open-end generation.
[1252/3000] valid=799 correct=481 parse_failures=0
[transformers] Setting `pad_token_id` to `eos_token_id`:151645 for open-end generation.
[transformers] Setting `pad_token_id` to `eos_token_id`:151645 for open-end generation.
[1253/3000] valid=800 correct=481 parse_failures=0
[transformers] Setting `pad_token_id` to `eos_token_id`:151645 for open-end generation.
[transformers] Setting `pad_token_id` to `eos_token_id`:151645 for open-end generation.
[1254/3000] valid=801 correct=481 parse_failures=0
[transformers] Setting `pad_token_id` to `eos_token_id`:151645 for open-end generation.
[transformers] Setting `pad_token_id` to `eos_token_id`:151645 for open-end generation.
[1255/3000] valid=802 correct=481 parse_failures=0
[transformers] Setting `pad_token_id` to `eos_token_id`:151645 for open-end generation.
[transformers] Setting `pad_token_id` to `eos_token_id`:151645 for open-end generation.
[1256/3000] valid=802 correct=481 parse_failures=0
[transformers] Setting `pad_token_id` to `eos_token_id`:151645 for open-end generation.
[transformers] Setting `pad_token_id` to `eos_token_id`:151645 for open-end generation.
[1257/3000] valid=803 correct=482 parse_failures=0
[transformers] Setting `pad_token_id` to `eos_token_id`:151645 for open-end generation.
[transformers] Setting `pad_token_id` to `eos_token_id`:151645 for open-end generation.
[1258/3000] valid=804 correct=483 parse_failures=0
[transformers] Setting `pad_token_id` to `eos_token_id`:151645 for open-end generation.
[transformers] Setting `pad_token_id` to `eos_token_id`:151645 for open-end generation.
[1259/3000] valid=805 correct=484 parse_failures=0
[transformers] Setting `pad_token_id` to `eos_token_id`:151645 for open-end generation.
[transformers] Setting `pad_token_id` to `eos_token_id`:151645 for open-end generation.
[1260/3000] valid=806 correct=485 parse_failures=0
[transformers] Setting `pad_token_id` to `eos_token_id`:151645 for open-end generation.
[transformers] Setting `pad_token_id` to `eos_token_id`:151645 for open-end generation.
[1261/3000] valid=807 correct=485 parse_failures=0
[transformers] Setting `pad_token_id` to `eos_token_id`:151645 for open-end generation.
[transformers] Setting `pad_token_id` to `eos_token_id`:151645 for open-end generation.
[1262/3000] valid=808 correct=485 parse_failures=0
[transformers] Setting `pad_token_id` to `eos_token_id`:151645 for open-end generation.
[transformers] Setting `pad_token_id` to `eos_token_id`:151645 for open-end generation.
[1263/3000] valid=808 correct=485 parse_failures=0
[transformers] Setting `pad_token_id` to `eos_token_id`:151645 for open-end generation.
[transformers] Setting `pad_token_id` to `eos_token_id`:151645 for open-end generation.
[1264/3000] valid=809 correct=486 parse_failures=0
[transformers] Setting `pad_token_id` to `eos_token_id`:151645 for open-end generation.
[transformers] Setting `pad_token_id` to `eos_token_id`:151645 for open-end generation.
[1265/3000] valid=809 correct=486 parse_failures=0
[transformers] Setting `pad_token_id` to `eos_token_id`:151645 for open-end generation.
[transformers] Setting `pad_token_id` to `eos_token_id`:151645 for open-end generation.
[1266/3000] valid=810 correct=487 parse_failures=0
[transformers] Setting `pad_token_id` to `eos_token_id`:151645 for open-end generation.
[transformers] Setting `pad_token_id` to `eos_token_id`:151645 for open-end generation.
[1267/3000] valid=811 correct=487 parse_failures=0
[transformers] Setting `pad_token_id` to `eos_token_id`:151645 for open-end generation.
[transformers] Setting `pad_token_id` to `eos_token_id`:151645 for open-end generation.
[1268/3000] valid=811 correct=487 parse_failures=0
[transformers] Setting `pad_token_id` to `eos_token_id`:151645 for open-end generation.
[transformers] Setting `pad_token_id` to `eos_token_id`:151645 for open-end generation.
[1269/3000] valid=812 correct=487 parse_failures=0
[transformers] Setting `pad_token_id` to `eos_token_id`:151645 for open-end generation.
[transformers] Setting `pad_token_id` to `eos_token_id`:151645 for open-end generation.
[1270/3000] valid=813 correct=487 parse_failures=0
[transformers] Setting `pad_token_id` to `eos_token_id`:151645 for open-end generation.
[transformers] Setting `pad_token_id` to `eos_token_id`:151645 for open-end generation.
[1271/3000] valid=813 correct=487 parse_failures=0
[transformers] Setting `pad_token_id` to `eos_token_id`:151645 for open-end generation.
[transformers] Setting `pad_token_id` to `eos_token_id`:151645 for open-end generation.
[1272/3000] valid=814 correct=488 parse_failures=0
[transformers] Setting `pad_token_id` to `eos_token_id`:151645 for open-end generation.
[transformers] Setting `pad_token_id` to `eos_token_id`:151645 for open-end generation.
[1273/3000] valid=815 correct=489 parse_failures=0
[transformers] Setting `pad_token_id` to `eos_token_id`:151645 for open-end generation.
[transformers] Setting `pad_token_id` to `eos_token_id`:151645 for open-end generation.
[1274/3000] valid=815 correct=489 parse_failures=0
[transformers] Setting `pad_token_id` to `eos_token_id`:151645 for open-end generation.
[transformers] Setting `pad_token_id` to `eos_token_id`:151645 for open-end generation.
[1275/3000] valid=816 correct=489 parse_failures=0
[transformers] Setting `pad_token_id` to `eos_token_id`:151645 for open-end generation.
[transformers] Setting `pad_token_id` to `eos_token_id`:151645 for open-end generation.
[1276/3000] valid=817 correct=489 parse_failures=0
[transformers] Setting `pad_token_id` to `eos_token_id`:151645 for open-end generation.
[transformers] Setting `pad_token_id` to `eos_token_id`:151645 for open-end generation.
[1277/3000] valid=818 correct=489 parse_failures=0
[transformers] Setting `pad_token_id` to `eos_token_id`:151645 for open-end generation.
[transformers] Setting `pad_token_id` to `eos_token_id`:151645 for open-end generation.
[1278/3000] valid=818 correct=489 parse_failures=0
[transformers] Setting `pad_token_id` to `eos_token_id`:151645 for open-end generation.
[transformers] Setting `pad_token_id` to `eos_token_id`:151645 for open-end generation.
[1279/3000] valid=818 correct=489 parse_failures=0
[transformers] Setting `pad_token_id` to `eos_token_id`:151645 for open-end generation.
[transformers] Setting `pad_token_id` to `eos_token_id`:151645 for open-end generation.
[1280/3000] valid=819 correct=490 parse_failures=0
[transformers] Setting `pad_token_id` to `eos_token_id`:151645 for open-end generation.
[transformers] Setting `pad_token_id` to `eos_token_id`:151645 for open-end generation.
[1281/3000] valid=819 correct=490 parse_failures=0
[transformers] Setting `pad_token_id` to `eos_token_id`:151645 for open-end generation.
[transformers] Setting `pad_token_id` to `eos_token_id`:151645 for open-end generation.
[1282/3000] valid=820 correct=490 parse_failures=0
[transformers] Setting `pad_token_id` to `eos_token_id`:151645 for open-end generation.
[transformers] Setting `pad_token_id` to `eos_token_id`:151645 for open-end generation.
[1283/3000] valid=821 correct=490 parse_failures=0
[transformers] Setting `pad_token_id` to `eos_token_id`:151645 for open-end generation.
[transformers] Setting `pad_token_id` to `eos_token_id`:151645 for open-end generation.
[1284/3000] valid=822 correct=491 parse_failures=0
[transformers] Setting `pad_token_id` to `eos_token_id`:151645 for open-end generation.
[transformers] Setting `pad_token_id` to `eos_token_id`:151645 for open-end generation.
[1285/3000] valid=822 correct=491 parse_failures=0
[transformers] Setting `pad_token_id` to `eos_token_id`:151645 for open-end generation.
[transformers] Setting `pad_token_id` to `eos_token_id`:151645 for open-end generation.
[1286/3000] valid=822 correct=491 parse_failures=0
[transformers] Setting `pad_token_id` to `eos_token_id`:151645 for open-end generation.
[transformers] Setting `pad_token_id` to `eos_token_id`:151645 for open-end generation.
[1287/3000] valid=823 correct=492 parse_failures=0
[transformers] Setting `pad_token_id` to `eos_token_id`:151645 for open-end generation.
[transformers] Setting `pad_token_id` to `eos_token_id`:151645 for open-end generation.
[1288/3000] valid=824 correct=493 parse_failures=0
[transformers] Setting `pad_token_id` to `eos_token_id`:151645 for open-end generation.
[transformers] Setting `pad_token_id` to `eos_token_id`:151645 for open-end generation.
[1289/3000] valid=825 correct=494 parse_failures=0
[transformers] Setting `pad_token_id` to `eos_token_id`:151645 for open-end generation.
[transformers] Setting `pad_token_id` to `eos_token_id`:151645 for open-end generation.
[1290/3000] valid=826 correct=494 parse_failures=0
[transformers] Setting `pad_token_id` to `eos_token_id`:151645 for open-end generation.
[transformers] Setting `pad_token_id` to `eos_token_id`:151645 for open-end generation.
[1291/3000] valid=827 correct=495 parse_failures=0
[transformers] Setting `pad_token_id` to `eos_token_id`:151645 for open-end generation.
[transformers] Setting `pad_token_id` to `eos_token_id`:151645 for open-end generation.
[1292/3000] valid=827 correct=495 parse_failures=0
[transformers] Setting `pad_token_id` to `eos_token_id`:151645 for open-end generation.
[transformers] Setting `pad_token_id` to `eos_token_id`:151645 for open-end generation.
[1293/3000] valid=828 correct=496 parse_failures=0
[transformers] Setting `pad_token_id` to `eos_token_id`:151645 for open-end generation.
[transformers] Setting `pad_token_id` to `eos_token_id`:151645 for open-end generation.
[1294/3000] valid=829 correct=496 parse_failures=0
[transformers] Setting `pad_token_id` to `eos_token_id`:151645 for open-end generation.
[transformers] Setting `pad_token_id` to `eos_token_id`:151645 for open-end generation.
[1295/3000] valid=829 correct=496 parse_failures=0
[transformers] Setting `pad_token_id` to `eos_token_id`:151645 for open-end generation.
[transformers] Setting `pad_token_id` to `eos_token_id`:151645 for open-end generation.
[1296/3000] valid=829 correct=496 parse_failures=0
[transformers] Setting `pad_token_id` to `eos_token_id`:151645 for open-end generation.
[transformers] Setting `pad_token_id` to `eos_token_id`:151645 for open-end generation.
[1297/3000] valid=829 correct=496 parse_failures=0
[transformers] Setting `pad_token_id` to `eos_token_id`:151645 for open-end generation.
[transformers] Setting `pad_token_id` to `eos_token_id`:151645 for open-end generation.
[1298/3000] valid=830 correct=496 parse_failures=0
[transformers] Setting `pad_token_id` to `eos_token_id`:151645 for open-end generation.
[transformers] Setting `pad_token_id` to `eos_token_id`:151645 for open-end generation.
[1299/3000] valid=831 correct=497 parse_failures=0
[transformers] Setting `pad_token_id` to `eos_token_id`:151645 for open-end generation.
[transformers] Setting `pad_token_id` to `eos_token_id`:151645 for open-end generation.
[1300/3000] valid=832 correct=498 parse_failures=0
[transformers] Setting `pad_token_id` to `eos_token_id`:151645 for open-end generation.
[transformers] Setting `pad_token_id` to `eos_token_id`:151645 for open-end generation.
[1301/3000] valid=833 correct=499 parse_failures=0
[transformers] Setting `pad_token_id` to `eos_token_id`:151645 for open-end generation.
[transformers] Setting `pad_token_id` to `eos_token_id`:151645 for open-end generation.
[1302/3000] valid=834 correct=500 parse_failures=0
[transformers] Setting `pad_token_id` to `eos_token_id`:151645 for open-end generation.
[transformers] Setting `pad_token_id` to `eos_token_id`:151645 for open-end generation.
[1303/3000] valid=834 correct=500 parse_failures=0
[transformers] Setting `pad_token_id` to `eos_token_id`:151645 for open-end generation.
[transformers] Setting `pad_token_id` to `eos_token_id`:151645 for open-end generation.
[1304/3000] valid=835 correct=500 parse_failures=0
[transformers] Setting `pad_token_id` to `eos_token_id`:151645 for open-end generation.
[transformers] Setting `pad_token_id` to `eos_token_id`:151645 for open-end generation.
[1305/3000] valid=836 correct=500 parse_failures=0
[transformers] Setting `pad_token_id` to `eos_token_id`:151645 for open-end generation.
[transformers] Setting `pad_token_id` to `eos_token_id`:151645 for open-end generation.
[1306/3000] valid=837 correct=501 parse_failures=0
[transformers] Setting `pad_token_id` to `eos_token_id`:151645 for open-end generation.
[transformers] Setting `pad_token_id` to `eos_token_id`:151645 for open-end generation.
[1307/3000] valid=838 correct=501 parse_failures=0
[transformers] Setting `pad_token_id` to `eos_token_id`:151645 for open-end generation.
[transformers] Setting `pad_token_id` to `eos_token_id`:151645 for open-end generation.
[1308/3000] valid=838 correct=501 parse_failures=0
[transformers] Setting `pad_token_id` to `eos_token_id`:151645 for open-end generation.
[transformers] Setting `pad_token_id` to `eos_token_id`:151645 for open-end generation.
[1309/3000] valid=839 correct=502 parse_failures=0
[transformers] Setting `pad_token_id` to `eos_token_id`:151645 for open-end generation.
[transformers] Setting `pad_token_id` to `eos_token_id`:151645 for open-end generation.
[1310/3000] valid=840 correct=503 parse_failures=0
[transformers] Setting `pad_token_id` to `eos_token_id`:151645 for open-end generation.
[transformers] Setting `pad_token_id` to `eos_token_id`:151645 for open-end generation.
[1311/3000] valid=841 correct=503 parse_failures=0
[transformers] Setting `pad_token_id` to `eos_token_id`:151645 for open-end generation.
[transformers] Setting `pad_token_id` to `eos_token_id`:151645 for open-end generation.
[1312/3000] valid=842 correct=504 parse_failures=0
[transformers] Setting `pad_token_id` to `eos_token_id`:151645 for open-end generation.
[transformers] Setting `pad_token_id` to `eos_token_id`:151645 for open-end generation.
[1313/3000] valid=843 correct=504 parse_failures=0
[transformers] Setting `pad_token_id` to `eos_token_id`:151645 for open-end generation.
[transformers] Setting `pad_token_id` to `eos_token_id`:151645 for open-end generation.
[1314/3000] valid=844 correct=504 parse_failures=0
[transformers] Setting `pad_token_id` to `eos_token_id`:151645 for open-end generation.
[transformers] Setting `pad_token_id` to `eos_token_id`:151645 for open-end generation.
[1315/3000] valid=844 correct=504 parse_failures=0
[transformers] Setting `pad_token_id` to `eos_token_id`:151645 for open-end generation.
[transformers] Setting `pad_token_id` to `eos_token_id`:151645 for open-end generation.
[1316/3000] valid=845 correct=504 parse_failures=0
[transformers] Setting `pad_token_id` to `eos_token_id`:151645 for open-end generation.
[transformers] Setting `pad_token_id` to `eos_token_id`:151645 for open-end generation.
[1317/3000] valid=846 correct=505 parse_failures=0
[transformers] Setting `pad_token_id` to `eos_token_id`:151645 for open-end generation.
[transformers] Setting `pad_token_id` to `eos_token_id`:151645 for open-end generation.
[1318/3000] valid=846 correct=505 parse_failures=0
[transformers] Setting `pad_token_id` to `eos_token_id`:151645 for open-end generation.
[transformers] Setting `pad_token_id` to `eos_token_id`:151645 for open-end generation.
[1319/3000] valid=847 correct=505 parse_failures=0
[transformers] Setting `pad_token_id` to `eos_token_id`:151645 for open-end generation.
[transformers] Setting `pad_token_id` to `eos_token_id`:151645 for open-end generation.
[1320/3000] valid=848 correct=505 parse_failures=0
[transformers] Setting `pad_token_id` to `eos_token_id`:151645 for open-end generation.
[transformers] Setting `pad_token_id` to `eos_token_id`:151645 for open-end generation.
[1321/3000] valid=849 correct=505 parse_failures=0
[transformers] Setting `pad_token_id` to `eos_token_id`:151645 for open-end generation.
[transformers] Setting `pad_token_id` to `eos_token_id`:151645 for open-end generation.
[1322/3000] valid=849 correct=505 parse_failures=0
[transformers] Setting `pad_token_id` to `eos_token_id`:151645 for open-end generation.
[transformers] Setting `pad_token_id` to `eos_token_id`:151645 for open-end generation.
[1323/3000] valid=850 correct=505 parse_failures=0
[transformers] Setting `pad_token_id` to `eos_token_id`:151645 for open-end generation.
[transformers] Setting `pad_token_id` to `eos_token_id`:151645 for open-end generation.
[1324/3000] valid=851 correct=505 parse_failures=0
[transformers] Setting `pad_token_id` to `eos_token_id`:151645 for open-end generation.
[transformers] Setting `pad_token_id` to `eos_token_id`:151645 for open-end generation.
[1325/3000] valid=852 correct=505 parse_failures=0
[transformers] Setting `pad_token_id` to `eos_token_id`:151645 for open-end generation.
[transformers] Setting `pad_token_id` to `eos_token_id`:151645 for open-end generation.
[1326/3000] valid=852 correct=505 parse_failures=0
[transformers] Setting `pad_token_id` to `eos_token_id`:151645 for open-end generation.
[transformers] Setting `pad_token_id` to `eos_token_id`:151645 for open-end generation.
[1327/3000] valid=853 correct=506 parse_failures=0
[transformers] Setting `pad_token_id` to `eos_token_id`:151645 for open-end generation.
[transformers] Setting `pad_token_id` to `eos_token_id`:151645 for open-end generation.
[1328/3000] valid=854 correct=506 parse_failures=0
[transformers] Setting `pad_token_id` to `eos_token_id`:151645 for open-end generation.
[transformers] Setting `pad_token_id` to `eos_token_id`:151645 for open-end generation.
[1329/3000] valid=855 correct=506 parse_failures=0
[transformers] Setting `pad_token_id` to `eos_token_id`:151645 for open-end generation.
[transformers] Setting `pad_token_id` to `eos_token_id`:151645 for open-end generation.
[1330/3000] valid=856 correct=506 parse_failures=0
[transformers] Setting `pad_token_id` to `eos_token_id`:151645 for open-end generation.
[transformers] Setting `pad_token_id` to `eos_token_id`:151645 for open-end generation.
[1331/3000] valid=857 correct=506 parse_failures=0
[transformers] Setting `pad_token_id` to `eos_token_id`:151645 for open-end generation.
[transformers] Setting `pad_token_id` to `eos_token_id`:151645 for open-end generation.
[1332/3000] valid=857 correct=506 parse_failures=0
[transformers] Setting `pad_token_id` to `eos_token_id`:151645 for open-end generation.
[transformers] Setting `pad_token_id` to `eos_token_id`:151645 for open-end generation.
[1333/3000] valid=858 correct=507 parse_failures=0
[transformers] Setting `pad_token_id` to `eos_token_id`:151645 for open-end generation.
[transformers] Setting `pad_token_id` to `eos_token_id`:151645 for open-end generation.
[1334/3000] valid=858 correct=507 parse_failures=0
[transformers] Setting `pad_token_id` to `eos_token_id`:151645 for open-end generation.
[transformers] Setting `pad_token_id` to `eos_token_id`:151645 for open-end generation.
[1335/3000] valid=858 correct=507 parse_failures=0
[transformers] Setting `pad_token_id` to `eos_token_id`:151645 for open-end generation.
[transformers] Setting `pad_token_id` to `eos_token_id`:151645 for open-end generation.
[1336/3000] valid=859 correct=507 parse_failures=0
[transformers] Setting `pad_token_id` to `eos_token_id`:151645 for open-end generation.
[transformers] Setting `pad_token_id` to `eos_token_id`:151645 for open-end generation.
[1337/3000] valid=860 correct=508 parse_failures=0
[transformers] Setting `pad_token_id` to `eos_token_id`:151645 for open-end generation.
[transformers] Setting `pad_token_id` to `eos_token_id`:151645 for open-end generation.
[1338/3000] valid=861 correct=508 parse_failures=0
[transformers] Setting `pad_token_id` to `eos_token_id`:151645 for open-end generation.
[transformers] Setting `pad_token_id` to `eos_token_id`:151645 for open-end generation.
[1339/3000] valid=861 correct=508 parse_failures=0
[transformers] Setting `pad_token_id` to `eos_token_id`:151645 for open-end generation.
[transformers] Setting `pad_token_id` to `eos_token_id`:151645 for open-end generation.
[1340/3000] valid=862 correct=509 parse_failures=0
[transformers] Setting `pad_token_id` to `eos_token_id`:151645 for open-end generation.
[transformers] Setting `pad_token_id` to `eos_token_id`:151645 for open-end generation.
[1341/3000] valid=863 correct=509 parse_failures=0
[transformers] Setting `pad_token_id` to `eos_token_id`:151645 for open-end generation.
[transformers] Setting `pad_token_id` to `eos_token_id`:151645 for open-end generation.
[1342/3000] valid=863 correct=509 parse_failures=0
[transformers] Setting `pad_token_id` to `eos_token_id`:151645 for open-end generation.
[transformers] Setting `pad_token_id` to `eos_token_id`:151645 for open-end generation.
[1343/3000] valid=864 correct=509 parse_failures=0
[transformers] Setting `pad_token_id` to `eos_token_id`:151645 for open-end generation.
[transformers] Setting `pad_token_id` to `eos_token_id`:151645 for open-end generation.
[1344/3000] valid=865 correct=510 parse_failures=0
[transformers] Setting `pad_token_id` to `eos_token_id`:151645 for open-end generation.
[transformers] Setting `pad_token_id` to `eos_token_id`:151645 for open-end generation.
[1345/3000] valid=866 correct=511 parse_failures=0
[transformers] Setting `pad_token_id` to `eos_token_id`:151645 for open-end generation.
[transformers] Setting `pad_token_id` to `eos_token_id`:151645 for open-end generation.
[1346/3000] valid=867 correct=511 parse_failures=0
[transformers] Setting `pad_token_id` to `eos_token_id`:151645 for open-end generation.
[transformers] Setting `pad_token_id` to `eos_token_id`:151645 for open-end generation.
[1347/3000] valid=867 correct=511 parse_failures=0
[transformers] Setting `pad_token_id` to `eos_token_id`:151645 for open-end generation.
[transformers] Setting `pad_token_id` to `eos_token_id`:151645 for open-end generation.
[1348/3000] valid=868 correct=512 parse_failures=0
[transformers] Setting `pad_token_id` to `eos_token_id`:151645 for open-end generation.
[transformers] Setting `pad_token_id` to `eos_token_id`:151645 for open-end generation.
[1349/3000] valid=869 correct=513 parse_failures=0
[transformers] Setting `pad_token_id` to `eos_token_id`:151645 for open-end generation.
[transformers] Setting `pad_token_id` to `eos_token_id`:151645 for open-end generation.
[1350/3000] valid=869 correct=513 parse_failures=0
[transformers] Setting `pad_token_id` to `eos_token_id`:151645 for open-end generation.
[transformers] Setting `pad_token_id` to `eos_token_id`:151645 for open-end generation.
[1351/3000] valid=870 correct=514 parse_failures=0
[transformers] Setting `pad_token_id` to `eos_token_id`:151645 for open-end generation.
[transformers] Setting `pad_token_id` to `eos_token_id`:151645 for open-end generation.
[1352/3000] valid=871 correct=515 parse_failures=0
[transformers] Setting `pad_token_id` to `eos_token_id`:151645 for open-end generation.
[transformers] Setting `pad_token_id` to `eos_token_id`:151645 for open-end generation.
[1353/3000] valid=872 correct=516 parse_failures=0
[transformers] Setting `pad_token_id` to `eos_token_id`:151645 for open-end generation.
[transformers] Setting `pad_token_id` to `eos_token_id`:151645 for open-end generation.
[1354/3000] valid=873 correct=516 parse_failures=0
[transformers] Setting `pad_token_id` to `eos_token_id`:151645 for open-end generation.
[transformers] Setting `pad_token_id` to `eos_token_id`:151645 for open-end generation.
[1355/3000] valid=874 correct=516 parse_failures=0
[transformers] Setting `pad_token_id` to `eos_token_id`:151645 for open-end generation.
[transformers] Setting `pad_token_id` to `eos_token_id`:151645 for open-end generation.
[1356/3000] valid=874 correct=516 parse_failures=0
[transformers] Setting `pad_token_id` to `eos_token_id`:151645 for open-end generation.
[transformers] Setting `pad_token_id` to `eos_token_id`:151645 for open-end generation.
[1357/3000] valid=875 correct=517 parse_failures=0
[transformers] Setting `pad_token_id` to `eos_token_id`:151645 for open-end generation.
[transformers] Setting `pad_token_id` to `eos_token_id`:151645 for open-end generation.
[1358/3000] valid=875 correct=517 parse_failures=0
[transformers] Setting `pad_token_id` to `eos_token_id`:151645 for open-end generation.
[transformers] Setting `pad_token_id` to `eos_token_id`:151645 for open-end generation.
[1359/3000] valid=875 correct=517 parse_failures=0
[transformers] Setting `pad_token_id` to `eos_token_id`:151645 for open-end generation.
[transformers] Setting `pad_token_id` to `eos_token_id`:151645 for open-end generation.
[1360/3000] valid=876 correct=517 parse_failures=0
[transformers] Setting `pad_token_id` to `eos_token_id`:151645 for open-end generation.
[transformers] Setting `pad_token_id` to `eos_token_id`:151645 for open-end generation.
[1361/3000] valid=876 correct=517 parse_failures=0
[transformers] Setting `pad_token_id` to `eos_token_id`:151645 for open-end generation.
[transformers] Setting `pad_token_id` to `eos_token_id`:151645 for open-end generation.
[1362/3000] valid=877 correct=517 parse_failures=0
[transformers] Setting `pad_token_id` to `eos_token_id`:151645 for open-end generation.
[transformers] Setting `pad_token_id` to `eos_token_id`:151645 for open-end generation.
[1363/3000] valid=878 correct=517 parse_failures=0
[transformers] Setting `pad_token_id` to `eos_token_id`:151645 for open-end generation.
[transformers] Setting `pad_token_id` to `eos_token_id`:151645 for open-end generation.
[1364/3000] valid=878 correct=517 parse_failures=0
[transformers] Setting `pad_token_id` to `eos_token_id`:151645 for open-end generation.
[transformers] Setting `pad_token_id` to `eos_token_id`:151645 for open-end generation.
[1365/3000] valid=879 correct=517 parse_failures=0
[transformers] Setting `pad_token_id` to `eos_token_id`:151645 for open-end generation.
[transformers] Setting `pad_token_id` to `eos_token_id`:151645 for open-end generation.
[1366/3000] valid=880 correct=518 parse_failures=0
[transformers] Setting `pad_token_id` to `eos_token_id`:151645 for open-end generation.
[transformers] Setting `pad_token_id` to `eos_token_id`:151645 for open-end generation.
[1367/3000] valid=881 correct=519 parse_failures=0
[transformers] Setting `pad_token_id` to `eos_token_id`:151645 for open-end generation.
[transformers] Setting `pad_token_id` to `eos_token_id`:151645 for open-end generation.
[1368/3000] valid=882 correct=520 parse_failures=0
[transformers] Setting `pad_token_id` to `eos_token_id`:151645 for open-end generation.
[transformers] Setting `pad_token_id` to `eos_token_id`:151645 for open-end generation.
[1369/3000] valid=883 correct=521 parse_failures=0
[transformers] Setting `pad_token_id` to `eos_token_id`:151645 for open-end generation.
[transformers] Setting `pad_token_id` to `eos_token_id`:151645 for open-end generation.
[1370/3000] valid=884 correct=521 parse_failures=0
[transformers] Setting `pad_token_id` to `eos_token_id`:151645 for open-end generation.
[transformers] Setting `pad_token_id` to `eos_token_id`:151645 for open-end generation.
[1371/3000] valid=885 correct=521 parse_failures=0
[transformers] Setting `pad_token_id` to `eos_token_id`:151645 for open-end generation.
[transformers] Setting `pad_token_id` to `eos_token_id`:151645 for open-end generation.
[1372/3000] valid=886 correct=521 parse_failures=0
[transformers] Setting `pad_token_id` to `eos_token_id`:151645 for open-end generation.
[transformers] Setting `pad_token_id` to `eos_token_id`:151645 for open-end generation.
[1373/3000] valid=886 correct=521 parse_failures=0
[transformers] Setting `pad_token_id` to `eos_token_id`:151645 for open-end generation.
[transformers] Setting `pad_token_id` to `eos_token_id`:151645 for open-end generation.
[1374/3000] valid=887 correct=522 parse_failures=0
[transformers] Setting `pad_token_id` to `eos_token_id`:151645 for open-end generation.
[transformers] Setting `pad_token_id` to `eos_token_id`:151645 for open-end generation.
[1375/3000] valid=888 correct=523 parse_failures=0
[transformers] Setting `pad_token_id` to `eos_token_id`:151645 for open-end generation.
[transformers] Setting `pad_token_id` to `eos_token_id`:151645 for open-end generation.
[1376/3000] valid=889 correct=524 parse_failures=0
[transformers] Setting `pad_token_id` to `eos_token_id`:151645 for open-end generation.
[transformers] Setting `pad_token_id` to `eos_token_id`:151645 for open-end generation.
[1377/3000] valid=890 correct=524 parse_failures=0
[transformers] Setting `pad_token_id` to `eos_token_id`:151645 for open-end generation.
[transformers] Setting `pad_token_id` to `eos_token_id`:151645 for open-end generation.
[1378/3000] valid=891 correct=525 parse_failures=0
[transformers] Setting `pad_token_id` to `eos_token_id`:151645 for open-end generation.
[transformers] Setting `pad_token_id` to `eos_token_id`:151645 for open-end generation.
[1379/3000] valid=891 correct=525 parse_failures=0
[transformers] Setting `pad_token_id` to `eos_token_id`:151645 for open-end generation.
[transformers] Setting `pad_token_id` to `eos_token_id`:151645 for open-end generation.
[1380/3000] valid=892 correct=526 parse_failures=0
[transformers] Setting `pad_token_id` to `eos_token_id`:151645 for open-end generation.
[transformers] Setting `pad_token_id` to `eos_token_id`:151645 for open-end generation.
[1381/3000] valid=893 correct=526 parse_failures=0
[transformers] Setting `pad_token_id` to `eos_token_id`:151645 for open-end generation.
[transformers] Setting `pad_token_id` to `eos_token_id`:151645 for open-end generation.
[1382/3000] valid=894 correct=527 parse_failures=0
[transformers] Setting `pad_token_id` to `eos_token_id`:151645 for open-end generation.
[transformers] Setting `pad_token_id` to `eos_token_id`:151645 for open-end generation.
[1383/3000] valid=895 correct=528 parse_failures=0
[transformers] Setting `pad_token_id` to `eos_token_id`:151645 for open-end generation.
[transformers] Setting `pad_token_id` to `eos_token_id`:151645 for open-end generation.
[1384/3000] valid=896 correct=529 parse_failures=0
[transformers] Setting `pad_token_id` to `eos_token_id`:151645 for open-end generation.
[transformers] Setting `pad_token_id` to `eos_token_id`:151645 for open-end generation.
[1385/3000] valid=897 correct=530 parse_failures=0
[transformers] Setting `pad_token_id` to `eos_token_id`:151645 for open-end generation.
[transformers] Setting `pad_token_id` to `eos_token_id`:151645 for open-end generation.
[1386/3000] valid=897 correct=530 parse_failures=0
[transformers] Setting `pad_token_id` to `eos_token_id`:151645 for open-end generation.
[transformers] Setting `pad_token_id` to `eos_token_id`:151645 for open-end generation.
[1387/3000] valid=898 correct=531 parse_failures=0
[transformers] Setting `pad_token_id` to `eos_token_id`:151645 for open-end generation.
[transformers] Setting `pad_token_id` to `eos_token_id`:151645 for open-end generation.
[1388/3000] valid=898 correct=531 parse_failures=0
[transformers] Setting `pad_token_id` to `eos_token_id`:151645 for open-end generation.
[transformers] Setting `pad_token_id` to `eos_token_id`:151645 for open-end generation.
[1389/3000] valid=898 correct=531 parse_failures=0
[transformers] Setting `pad_token_id` to `eos_token_id`:151645 for open-end generation.
[transformers] Setting `pad_token_id` to `eos_token_id`:151645 for open-end generation.
[1390/3000] valid=898 correct=531 parse_failures=0
[transformers] Setting `pad_token_id` to `eos_token_id`:151645 for open-end generation.
[transformers] Setting `pad_token_id` to `eos_token_id`:151645 for open-end generation.
[1391/3000] valid=899 correct=532 parse_failures=0
[transformers] Setting `pad_token_id` to `eos_token_id`:151645 for open-end generation.
[transformers] Setting `pad_token_id` to `eos_token_id`:151645 for open-end generation.
[1392/3000] valid=900 correct=532 parse_failures=0
[transformers] Setting `pad_token_id` to `eos_token_id`:151645 for open-end generation.
[transformers] Setting `pad_token_id` to `eos_token_id`:151645 for open-end generation.
[1393/3000] valid=901 correct=532 parse_failures=0
[transformers] Setting `pad_token_id` to `eos_token_id`:151645 for open-end generation.
[transformers] Setting `pad_token_id` to `eos_token_id`:151645 for open-end generation.
[1394/3000] valid=901 correct=532 parse_failures=0
[transformers] Setting `pad_token_id` to `eos_token_id`:151645 for open-end generation.
[transformers] Setting `pad_token_id` to `eos_token_id`:151645 for open-end generation.
[1395/3000] valid=902 correct=532 parse_failures=0
[transformers] Setting `pad_token_id` to `eos_token_id`:151645 for open-end generation.
[transformers] Setting `pad_token_id` to `eos_token_id`:151645 for open-end generation.
[1396/3000] valid=903 correct=532 parse_failures=0
[transformers] Setting `pad_token_id` to `eos_token_id`:151645 for open-end generation.
[transformers] Setting `pad_token_id` to `eos_token_id`:151645 for open-end generation.
[1397/3000] valid=904 correct=533 parse_failures=0
[transformers] Setting `pad_token_id` to `eos_token_id`:151645 for open-end generation.
[transformers] Setting `pad_token_id` to `eos_token_id`:151645 for open-end generation.
[1398/3000] valid=905 correct=533 parse_failures=0
[transformers] Setting `pad_token_id` to `eos_token_id`:151645 for open-end generation.
[transformers] Setting `pad_token_id` to `eos_token_id`:151645 for open-end generation.
[1399/3000] valid=905 correct=533 parse_failures=0
[transformers] Setting `pad_token_id` to `eos_token_id`:151645 for open-end generation.
[transformers] Setting `pad_token_id` to `eos_token_id`:151645 for open-end generation.
[1400/3000] valid=906 correct=533 parse_failures=0
[transformers] Setting `pad_token_id` to `eos_token_id`:151645 for open-end generation.
[transformers] Setting `pad_token_id` to `eos_token_id`:151645 for open-end generation.
[1401/3000] valid=906 correct=533 parse_failures=0
[transformers] Setting `pad_token_id` to `eos_token_id`:151645 for open-end generation.
[transformers] Setting `pad_token_id` to `eos_token_id`:151645 for open-end generation.
[1402/3000] valid=907 correct=533 parse_failures=0
[transformers] Setting `pad_token_id` to `eos_token_id`:151645 for open-end generation.
[transformers] Setting `pad_token_id` to `eos_token_id`:151645 for open-end generation.
[1403/3000] valid=908 correct=533 parse_failures=0
[transformers] Setting `pad_token_id` to `eos_token_id`:151645 for open-end generation.
[transformers] Setting `pad_token_id` to `eos_token_id`:151645 for open-end generation.
[1404/3000] valid=909 correct=534 parse_failures=0
[transformers] Setting `pad_token_id` to `eos_token_id`:151645 for open-end generation.
[transformers] Setting `pad_token_id` to `eos_token_id`:151645 for open-end generation.
[1405/3000] valid=910 correct=535 parse_failures=0
[transformers] Setting `pad_token_id` to `eos_token_id`:151645 for open-end generation.
[transformers] Setting `pad_token_id` to `eos_token_id`:151645 for open-end generation.
[1406/3000] valid=911 correct=536 parse_failures=0
[transformers] Setting `pad_token_id` to `eos_token_id`:151645 for open-end generation.
[transformers] Setting `pad_token_id` to `eos_token_id`:151645 for open-end generation.
[1407/3000] valid=911 correct=536 parse_failures=0
[transformers] Setting `pad_token_id` to `eos_token_id`:151645 for open-end generation.
[transformers] Setting `pad_token_id` to `eos_token_id`:151645 for open-end generation.
[1408/3000] valid=911 correct=536 parse_failures=0
[transformers] Setting `pad_token_id` to `eos_token_id`:151645 for open-end generation.
[transformers] Setting `pad_token_id` to `eos_token_id`:151645 for open-end generation.
[1409/3000] valid=912 correct=536 parse_failures=0
[transformers] Setting `pad_token_id` to `eos_token_id`:151645 for open-end generation.
[transformers] Setting `pad_token_id` to `eos_token_id`:151645 for open-end generation.
[1410/3000] valid=913 correct=537 parse_failures=0
[transformers] Setting `pad_token_id` to `eos_token_id`:151645 for open-end generation.
[transformers] Setting `pad_token_id` to `eos_token_id`:151645 for open-end generation.
[1411/3000] valid=914 correct=538 parse_failures=0
[transformers] Setting `pad_token_id` to `eos_token_id`:151645 for open-end generation.
[transformers] Setting `pad_token_id` to `eos_token_id`:151645 for open-end generation.
[1412/3000] valid=915 correct=539 parse_failures=0
[transformers] Setting `pad_token_id` to `eos_token_id`:151645 for open-end generation.
[transformers] Setting `pad_token_id` to `eos_token_id`:151645 for open-end generation.
[1413/3000] valid=916 correct=540 parse_failures=0
[transformers] Setting `pad_token_id` to `eos_token_id`:151645 for open-end generation.
[transformers] Setting `pad_token_id` to `eos_token_id`:151645 for open-end generation.
[1414/3000] valid=917 correct=540 parse_failures=0
[transformers] Setting `pad_token_id` to `eos_token_id`:151645 for open-end generation.
[transformers] Setting `pad_token_id` to `eos_token_id`:151645 for open-end generation.
[1415/3000] valid=917 correct=540 parse_failures=0
[transformers] Setting `pad_token_id` to `eos_token_id`:151645 for open-end generation.
[transformers] Setting `pad_token_id` to `eos_token_id`:151645 for open-end generation.
[1416/3000] valid=918 correct=540 parse_failures=0
[transformers] Setting `pad_token_id` to `eos_token_id`:151645 for open-end generation.
[transformers] Setting `pad_token_id` to `eos_token_id`:151645 for open-end generation.
[1417/3000] valid=919 correct=541 parse_failures=0
[transformers] Setting `pad_token_id` to `eos_token_id`:151645 for open-end generation.
[transformers] Setting `pad_token_id` to `eos_token_id`:151645 for open-end generation.
[1418/3000] valid=919 correct=541 parse_failures=0
[transformers] Setting `pad_token_id` to `eos_token_id`:151645 for open-end generation.
[transformers] Setting `pad_token_id` to `eos_token_id`:151645 for open-end generation.
[1419/3000] valid=920 correct=541 parse_failures=0
[transformers] Setting `pad_token_id` to `eos_token_id`:151645 for open-end generation.
[transformers] Setting `pad_token_id` to `eos_token_id`:151645 for open-end generation.
[1420/3000] valid=921 correct=541 parse_failures=0
[transformers] Setting `pad_token_id` to `eos_token_id`:151645 for open-end generation.
[transformers] Setting `pad_token_id` to `eos_token_id`:151645 for open-end generation.
[1421/3000] valid=922 correct=542 parse_failures=0
[transformers] Setting `pad_token_id` to `eos_token_id`:151645 for open-end generation.
[transformers] Setting `pad_token_id` to `eos_token_id`:151645 for open-end generation.
[1422/3000] valid=922 correct=542 parse_failures=0
[transformers] Setting `pad_token_id` to `eos_token_id`:151645 for open-end generation.
[transformers] Setting `pad_token_id` to `eos_token_id`:151645 for open-end generation.
[1423/3000] valid=922 correct=542 parse_failures=0
[transformers] Setting `pad_token_id` to `eos_token_id`:151645 for open-end generation.
[transformers] Setting `pad_token_id` to `eos_token_id`:151645 for open-end generation.
[1424/3000] valid=923 correct=543 parse_failures=0
[transformers] Setting `pad_token_id` to `eos_token_id`:151645 for open-end generation.
[transformers] Setting `pad_token_id` to `eos_token_id`:151645 for open-end generation.
[1425/3000] valid=924 correct=544 parse_failures=0
[transformers] Setting `pad_token_id` to `eos_token_id`:151645 for open-end generation.
[transformers] Setting `pad_token_id` to `eos_token_id`:151645 for open-end generation.
[1426/3000] valid=925 correct=545 parse_failures=0
[transformers] Setting `pad_token_id` to `eos_token_id`:151645 for open-end generation.
[transformers] Setting `pad_token_id` to `eos_token_id`:151645 for open-end generation.
[1427/3000] valid=926 correct=546 parse_failures=0
[transformers] Setting `pad_token_id` to `eos_token_id`:151645 for open-end generation.
[transformers] Setting `pad_token_id` to `eos_token_id`:151645 for open-end generation.
[1428/3000] valid=927 correct=547 parse_failures=0
[transformers] Setting `pad_token_id` to `eos_token_id`:151645 for open-end generation.
[transformers] Setting `pad_token_id` to `eos_token_id`:151645 for open-end generation.
[1429/3000] valid=928 correct=548 parse_failures=0
[transformers] Setting `pad_token_id` to `eos_token_id`:151645 for open-end generation.
[transformers] Setting `pad_token_id` to `eos_token_id`:151645 for open-end generation.
[1430/3000] valid=929 correct=549 parse_failures=0
[transformers] Setting `pad_token_id` to `eos_token_id`:151645 for open-end generation.
[transformers] Setting `pad_token_id` to `eos_token_id`:151645 for open-end generation.
[1431/3000] valid=930 correct=550 parse_failures=0
[transformers] Setting `pad_token_id` to `eos_token_id`:151645 for open-end generation.
[transformers] Setting `pad_token_id` to `eos_token_id`:151645 for open-end generation.
[1432/3000] valid=931 correct=551 parse_failures=0
[transformers] Setting `pad_token_id` to `eos_token_id`:151645 for open-end generation.
[transformers] Setting `pad_token_id` to `eos_token_id`:151645 for open-end generation.
[1433/3000] valid=931 correct=551 parse_failures=0
[transformers] Setting `pad_token_id` to `eos_token_id`:151645 for open-end generation.
[transformers] Setting `pad_token_id` to `eos_token_id`:151645 for open-end generation.
[1434/3000] valid=932 correct=551 parse_failures=0
[transformers] Setting `pad_token_id` to `eos_token_id`:151645 for open-end generation.
[transformers] Setting `pad_token_id` to `eos_token_id`:151645 for open-end generation.
[1435/3000] valid=933 correct=551 parse_failures=0
[transformers] Setting `pad_token_id` to `eos_token_id`:151645 for open-end generation.
[transformers] Setting `pad_token_id` to `eos_token_id`:151645 for open-end generation.
[1436/3000] valid=934 correct=551 parse_failures=0
[transformers] Setting `pad_token_id` to `eos_token_id`:151645 for open-end generation.
[transformers] Setting `pad_token_id` to `eos_token_id`:151645 for open-end generation.
[1437/3000] valid=935 correct=551 parse_failures=0
[transformers] Setting `pad_token_id` to `eos_token_id`:151645 for open-end generation.
[transformers] Setting `pad_token_id` to `eos_token_id`:151645 for open-end generation.
[1438/3000] valid=936 correct=552 parse_failures=0
[transformers] Setting `pad_token_id` to `eos_token_id`:151645 for open-end generation.
[transformers] Setting `pad_token_id` to `eos_token_id`:151645 for open-end generation.
[1439/3000] valid=936 correct=552 parse_failures=0
[transformers] Setting `pad_token_id` to `eos_token_id`:151645 for open-end generation.
[transformers] Setting `pad_token_id` to `eos_token_id`:151645 for open-end generation.
[1440/3000] valid=936 correct=552 parse_failures=0
[transformers] Setting `pad_token_id` to `eos_token_id`:151645 for open-end generation.
[transformers] Setting `pad_token_id` to `eos_token_id`:151645 for open-end generation.
[1441/3000] valid=936 correct=552 parse_failures=0
[transformers] Setting `pad_token_id` to `eos_token_id`:151645 for open-end generation.
[transformers] Setting `pad_token_id` to `eos_token_id`:151645 for open-end generation.
[1442/3000] valid=937 correct=553 parse_failures=0
[transformers] Setting `pad_token_id` to `eos_token_id`:151645 for open-end generation.
[transformers] Setting `pad_token_id` to `eos_token_id`:151645 for open-end generation.
[1443/3000] valid=938 correct=554 parse_failures=0
[transformers] Setting `pad_token_id` to `eos_token_id`:151645 for open-end generation.
[transformers] Setting `pad_token_id` to `eos_token_id`:151645 for open-end generation.
[1444/3000] valid=939 correct=555 parse_failures=0
[transformers] Setting `pad_token_id` to `eos_token_id`:151645 for open-end generation.
[transformers] Setting `pad_token_id` to `eos_token_id`:151645 for open-end generation.
[1445/3000] valid=939 correct=555 parse_failures=0
[transformers] Setting `pad_token_id` to `eos_token_id`:151645 for open-end generation.
[transformers] Setting `pad_token_id` to `eos_token_id`:151645 for open-end generation.
[1446/3000] valid=939 correct=555 parse_failures=0
[transformers] Setting `pad_token_id` to `eos_token_id`:151645 for open-end generation.
[transformers] Setting `pad_token_id` to `eos_token_id`:151645 for open-end generation.
[1447/3000] valid=940 correct=555 parse_failures=0
[transformers] Setting `pad_token_id` to `eos_token_id`:151645 for open-end generation.
[transformers] Setting `pad_token_id` to `eos_token_id`:151645 for open-end generation.
[1448/3000] valid=941 correct=555 parse_failures=0
[transformers] Setting `pad_token_id` to `eos_token_id`:151645 for open-end generation.
[transformers] Setting `pad_token_id` to `eos_token_id`:151645 for open-end generation.
[1449/3000] valid=942 correct=555 parse_failures=0
[transformers] Setting `pad_token_id` to `eos_token_id`:151645 for open-end generation.
[transformers] Setting `pad_token_id` to `eos_token_id`:151645 for open-end generation.
[1450/3000] valid=943 correct=556 parse_failures=0
[transformers] Setting `pad_token_id` to `eos_token_id`:151645 for open-end generation.
[transformers] Setting `pad_token_id` to `eos_token_id`:151645 for open-end generation.
[1451/3000] valid=944 correct=557 parse_failures=0
[transformers] Setting `pad_token_id` to `eos_token_id`:151645 for open-end generation.
[transformers] Setting `pad_token_id` to `eos_token_id`:151645 for open-end generation.
[1452/3000] valid=945 correct=558 parse_failures=0
[transformers] Setting `pad_token_id` to `eos_token_id`:151645 for open-end generation.
[transformers] Setting `pad_token_id` to `eos_token_id`:151645 for open-end generation.
[1453/3000] valid=945 correct=558 parse_failures=0
[transformers] Setting `pad_token_id` to `eos_token_id`:151645 for open-end generation.
[transformers] Setting `pad_token_id` to `eos_token_id`:151645 for open-end generation.
[1454/3000] valid=945 correct=558 parse_failures=0
[transformers] Setting `pad_token_id` to `eos_token_id`:151645 for open-end generation.
[transformers] Setting `pad_token_id` to `eos_token_id`:151645 for open-end generation.
[1455/3000] valid=946 correct=558 parse_failures=0
[transformers] Setting `pad_token_id` to `eos_token_id`:151645 for open-end generation.
[transformers] Setting `pad_token_id` to `eos_token_id`:151645 for open-end generation.
[1456/3000] valid=947 correct=558 parse_failures=0
[transformers] Setting `pad_token_id` to `eos_token_id`:151645 for open-end generation.
[transformers] Setting `pad_token_id` to `eos_token_id`:151645 for open-end generation.
[1457/3000] valid=948 correct=558 parse_failures=0
[transformers] Setting `pad_token_id` to `eos_token_id`:151645 for open-end generation.
[transformers] Setting `pad_token_id` to `eos_token_id`:151645 for open-end generation.
[1458/3000] valid=949 correct=558 parse_failures=0
[transformers] Setting `pad_token_id` to `eos_token_id`:151645 for open-end generation.
[transformers] Setting `pad_token_id` to `eos_token_id`:151645 for open-end generation.
[1459/3000] valid=949 correct=558 parse_failures=0
[transformers] Setting `pad_token_id` to `eos_token_id`:151645 for open-end generation.
[transformers] Setting `pad_token_id` to `eos_token_id`:151645 for open-end generation.
[1460/3000] valid=950 correct=559 parse_failures=0
[transformers] Setting `pad_token_id` to `eos_token_id`:151645 for open-end generation.
[transformers] Setting `pad_token_id` to `eos_token_id`:151645 for open-end generation.
[1461/3000] valid=950 correct=559 parse_failures=0
[transformers] Setting `pad_token_id` to `eos_token_id`:151645 for open-end generation.
[transformers] Setting `pad_token_id` to `eos_token_id`:151645 for open-end generation.
[1462/3000] valid=950 correct=559 parse_failures=0
[transformers] Setting `pad_token_id` to `eos_token_id`:151645 for open-end generation.
[transformers] Setting `pad_token_id` to `eos_token_id`:151645 for open-end generation.
[1463/3000] valid=951 correct=559 parse_failures=0
[transformers] Setting `pad_token_id` to `eos_token_id`:151645 for open-end generation.
[transformers] Setting `pad_token_id` to `eos_token_id`:151645 for open-end generation.
[1464/3000] valid=951 correct=559 parse_failures=0
[transformers] Setting `pad_token_id` to `eos_token_id`:151645 for open-end generation.
[transformers] Setting `pad_token_id` to `eos_token_id`:151645 for open-end generation.
[1465/3000] valid=952 correct=559 parse_failures=0
[transformers] Setting `pad_token_id` to `eos_token_id`:151645 for open-end generation.
[transformers] Setting `pad_token_id` to `eos_token_id`:151645 for open-end generation.
[1466/3000] valid=953 correct=559 parse_failures=0
[transformers] Setting `pad_token_id` to `eos_token_id`:151645 for open-end generation.
[transformers] Setting `pad_token_id` to `eos_token_id`:151645 for open-end generation.
[1467/3000] valid=954 correct=559 parse_failures=0
[transformers] Setting `pad_token_id` to `eos_token_id`:151645 for open-end generation.
[transformers] Setting `pad_token_id` to `eos_token_id`:151645 for open-end generation.
[1468/3000] valid=954 correct=559 parse_failures=0
[transformers] Setting `pad_token_id` to `eos_token_id`:151645 for open-end generation.
[transformers] Setting `pad_token_id` to `eos_token_id`:151645 for open-end generation.
[1469/3000] valid=955 correct=559 parse_failures=0
[transformers] Setting `pad_token_id` to `eos_token_id`:151645 for open-end generation.
[transformers] Setting `pad_token_id` to `eos_token_id`:151645 for open-end generation.
[1470/3000] valid=956 correct=560 parse_failures=0
[transformers] Setting `pad_token_id` to `eos_token_id`:151645 for open-end generation.
[transformers] Setting `pad_token_id` to `eos_token_id`:151645 for open-end generation.
[1471/3000] valid=957 correct=560 parse_failures=0
[transformers] Setting `pad_token_id` to `eos_token_id`:151645 for open-end generation.
[transformers] Setting `pad_token_id` to `eos_token_id`:151645 for open-end generation.
[1472/3000] valid=958 correct=561 parse_failures=0
[transformers] Setting `pad_token_id` to `eos_token_id`:151645 for open-end generation.
[transformers] Setting `pad_token_id` to `eos_token_id`:151645 for open-end generation.
[1473/3000] valid=958 correct=561 parse_failures=0
[transformers] Setting `pad_token_id` to `eos_token_id`:151645 for open-end generation.
[transformers] Setting `pad_token_id` to `eos_token_id`:151645 for open-end generation.
[1474/3000] valid=959 correct=562 parse_failures=0
[transformers] Setting `pad_token_id` to `eos_token_id`:151645 for open-end generation.
[transformers] Setting `pad_token_id` to `eos_token_id`:151645 for open-end generation.
[1475/3000] valid=960 correct=562 parse_failures=0
[transformers] Setting `pad_token_id` to `eos_token_id`:151645 for open-end generation.
[transformers] Setting `pad_token_id` to `eos_token_id`:151645 for open-end generation.
[1476/3000] valid=960 correct=562 parse_failures=0
[transformers] Setting `pad_token_id` to `eos_token_id`:151645 for open-end generation.
[transformers] Setting `pad_token_id` to `eos_token_id`:151645 for open-end generation.
[1477/3000] valid=961 correct=563 parse_failures=0
[transformers] Setting `pad_token_id` to `eos_token_id`:151645 for open-end generation.
[transformers] Setting `pad_token_id` to `eos_token_id`:151645 for open-end generation.
[1478/3000] valid=961 correct=563 parse_failures=0
[transformers] Setting `pad_token_id` to `eos_token_id`:151645 for open-end generation.
[transformers] Setting `pad_token_id` to `eos_token_id`:151645 for open-end generation.
[1479/3000] valid=962 correct=564 parse_failures=0
[transformers] Setting `pad_token_id` to `eos_token_id`:151645 for open-end generation.
[transformers] Setting `pad_token_id` to `eos_token_id`:151645 for open-end generation.
[1480/3000] valid=963 correct=565 parse_failures=0
[transformers] Setting `pad_token_id` to `eos_token_id`:151645 for open-end generation.
[transformers] Setting `pad_token_id` to `eos_token_id`:151645 for open-end generation.
[1481/3000] valid=963 correct=565 parse_failures=0
[transformers] Setting `pad_token_id` to `eos_token_id`:151645 for open-end generation.
[transformers] Setting `pad_token_id` to `eos_token_id`:151645 for open-end generation.
[1482/3000] valid=964 correct=565 parse_failures=0
[transformers] Setting `pad_token_id` to `eos_token_id`:151645 for open-end generation.
[transformers] Setting `pad_token_id` to `eos_token_id`:151645 for open-end generation.
[1483/3000] valid=965 correct=565 parse_failures=0
[transformers] Setting `pad_token_id` to `eos_token_id`:151645 for open-end generation.
[transformers] Setting `pad_token_id` to `eos_token_id`:151645 for open-end generation.
[1484/3000] valid=965 correct=565 parse_failures=0
[transformers] Setting `pad_token_id` to `eos_token_id`:151645 for open-end generation.
[transformers] Setting `pad_token_id` to `eos_token_id`:151645 for open-end generation.
[1485/3000] valid=965 correct=565 parse_failures=0
[transformers] Setting `pad_token_id` to `eos_token_id`:151645 for open-end generation.
[transformers] Setting `pad_token_id` to `eos_token_id`:151645 for open-end generation.
[1486/3000] valid=965 correct=565 parse_failures=0
[transformers] Setting `pad_token_id` to `eos_token_id`:151645 for open-end generation.
[transformers] Setting `pad_token_id` to `eos_token_id`:151645 for open-end generation.
[1487/3000] valid=966 correct=566 parse_failures=0
[transformers] Setting `pad_token_id` to `eos_token_id`:151645 for open-end generation.
[transformers] Setting `pad_token_id` to `eos_token_id`:151645 for open-end generation.
[1488/3000] valid=966 correct=566 parse_failures=0
[transformers] Setting `pad_token_id` to `eos_token_id`:151645 for open-end generation.
[transformers] Setting `pad_token_id` to `eos_token_id`:151645 for open-end generation.
[1489/3000] valid=966 correct=566 parse_failures=0
[transformers] Setting `pad_token_id` to `eos_token_id`:151645 for open-end generation.
[transformers] Setting `pad_token_id` to `eos_token_id`:151645 for open-end generation.
[1490/3000] valid=966 correct=566 parse_failures=0
[transformers] Setting `pad_token_id` to `eos_token_id`:151645 for open-end generation.
[transformers] Setting `pad_token_id` to `eos_token_id`:151645 for open-end generation.
[1491/3000] valid=966 correct=566 parse_failures=0
[transformers] Setting `pad_token_id` to `eos_token_id`:151645 for open-end generation.
[transformers] Setting `pad_token_id` to `eos_token_id`:151645 for open-end generation.
[1492/3000] valid=967 correct=567 parse_failures=0
[transformers] Setting `pad_token_id` to `eos_token_id`:151645 for open-end generation.
[transformers] Setting `pad_token_id` to `eos_token_id`:151645 for open-end generation.
[1493/3000] valid=967 correct=567 parse_failures=0
[transformers] Setting `pad_token_id` to `eos_token_id`:151645 for open-end generation.
[transformers] Setting `pad_token_id` to `eos_token_id`:151645 for open-end generation.
[1494/3000] valid=967 correct=567 parse_failures=0
[transformers] Setting `pad_token_id` to `eos_token_id`:151645 for open-end generation.
[transformers] Setting `pad_token_id` to `eos_token_id`:151645 for open-end generation.
[1495/3000] valid=967 correct=567 parse_failures=0
[transformers] Setting `pad_token_id` to `eos_token_id`:151645 for open-end generation.
[transformers] Setting `pad_token_id` to `eos_token_id`:151645 for open-end generation.
[1496/3000] valid=967 correct=567 parse_failures=0
[transformers] Setting `pad_token_id` to `eos_token_id`:151645 for open-end generation.
[transformers] Setting `pad_token_id` to `eos_token_id`:151645 for open-end generation.
[1497/3000] valid=968 correct=567 parse_failures=0
[transformers] Setting `pad_token_id` to `eos_token_id`:151645 for open-end generation.
[transformers] Setting `pad_token_id` to `eos_token_id`:151645 for open-end generation.
[1498/3000] valid=968 correct=567 parse_failures=0
[transformers] Setting `pad_token_id` to `eos_token_id`:151645 for open-end generation.
[transformers] Setting `pad_token_id` to `eos_token_id`:151645 for open-end generation.
[1499/3000] valid=968 correct=567 parse_failures=0
[transformers] Setting `pad_token_id` to `eos_token_id`:151645 for open-end generation.
[transformers] Setting `pad_token_id` to `eos_token_id`:151645 for open-end generation.
[1500/3000] valid=968 correct=567 parse_failures=0
[transformers] Setting `pad_token_id` to `eos_token_id`:151645 for open-end generation.
[transformers] Setting `pad_token_id` to `eos_token_id`:151645 for open-end generation.
[1501/3000] valid=968 correct=567 parse_failures=0
[transformers] Setting `pad_token_id` to `eos_token_id`:151645 for open-end generation.
[transformers] Setting `pad_token_id` to `eos_token_id`:151645 for open-end generation.
[1502/3000] valid=969 correct=568 parse_failures=0
[transformers] Setting `pad_token_id` to `eos_token_id`:151645 for open-end generation.
[transformers] Setting `pad_token_id` to `eos_token_id`:151645 for open-end generation.
[1503/3000] valid=969 correct=568 parse_failures=0
[transformers] Setting `pad_token_id` to `eos_token_id`:151645 for open-end generation.
[transformers] Setting `pad_token_id` to `eos_token_id`:151645 for open-end generation.
[1504/3000] valid=970 correct=569 parse_failures=0
[transformers] Setting `pad_token_id` to `eos_token_id`:151645 for open-end generation.
[transformers] Setting `pad_token_id` to `eos_token_id`:151645 for open-end generation.
[1505/3000] valid=971 correct=570 parse_failures=0
[transformers] Setting `pad_token_id` to `eos_token_id`:151645 for open-end generation.
[transformers] Setting `pad_token_id` to `eos_token_id`:151645 for open-end generation.
[1506/3000] valid=972 correct=570 parse_failures=0
[transformers] Setting `pad_token_id` to `eos_token_id`:151645 for open-end generation.
[transformers] Setting `pad_token_id` to `eos_token_id`:151645 for open-end generation.
[1507/3000] valid=973 correct=570 parse_failures=0
[transformers] Setting `pad_token_id` to `eos_token_id`:151645 for open-end generation.
[transformers] Setting `pad_token_id` to `eos_token_id`:151645 for open-end generation.
[1508/3000] valid=974 correct=571 parse_failures=0
[transformers] Setting `pad_token_id` to `eos_token_id`:151645 for open-end generation.
[transformers] Setting `pad_token_id` to `eos_token_id`:151645 for open-end generation.
[1509/3000] valid=974 correct=571 parse_failures=0
[transformers] Setting `pad_token_id` to `eos_token_id`:151645 for open-end generation.
[transformers] Setting `pad_token_id` to `eos_token_id`:151645 for open-end generation.
[1510/3000] valid=974 correct=571 parse_failures=0
[transformers] Setting `pad_token_id` to `eos_token_id`:151645 for open-end generation.
[transformers] Setting `pad_token_id` to `eos_token_id`:151645 for open-end generation.
[1511/3000] valid=975 correct=572 parse_failures=0
[transformers] Setting `pad_token_id` to `eos_token_id`:151645 for open-end generation.
[transformers] Setting `pad_token_id` to `eos_token_id`:151645 for open-end generation.
[1512/3000] valid=976 correct=572 parse_failures=0
[transformers] Setting `pad_token_id` to `eos_token_id`:151645 for open-end generation.
[transformers] Setting `pad_token_id` to `eos_token_id`:151645 for open-end generation.
[1513/3000] valid=976 correct=572 parse_failures=0
[transformers] Setting `pad_token_id` to `eos_token_id`:151645 for open-end generation.
[transformers] Setting `pad_token_id` to `eos_token_id`:151645 for open-end generation.
[1514/3000] valid=977 correct=572 parse_failures=0
[transformers] Setting `pad_token_id` to `eos_token_id`:151645 for open-end generation.
[transformers] Setting `pad_token_id` to `eos_token_id`:151645 for open-end generation.
[1515/3000] valid=977 correct=572 parse_failures=0
[transformers] Setting `pad_token_id` to `eos_token_id`:151645 for open-end generation.
[transformers] Setting `pad_token_id` to `eos_token_id`:151645 for open-end generation.
[1516/3000] valid=978 correct=573 parse_failures=0
[transformers] Setting `pad_token_id` to `eos_token_id`:151645 for open-end generation.
[transformers] Setting `pad_token_id` to `eos_token_id`:151645 for open-end generation.
[1517/3000] valid=979 correct=574 parse_failures=0
[transformers] Setting `pad_token_id` to `eos_token_id`:151645 for open-end generation.
[transformers] Setting `pad_token_id` to `eos_token_id`:151645 for open-end generation.
[1518/3000] valid=979 correct=574 parse_failures=0
[transformers] Setting `pad_token_id` to `eos_token_id`:151645 for open-end generation.
[transformers] Setting `pad_token_id` to `eos_token_id`:151645 for open-end generation.
[1519/3000] valid=979 correct=574 parse_failures=0
[transformers] Setting `pad_token_id` to `eos_token_id`:151645 for open-end generation.
[transformers] Setting `pad_token_id` to `eos_token_id`:151645 for open-end generation.
[1520/3000] valid=980 correct=575 parse_failures=0
[transformers] Setting `pad_token_id` to `eos_token_id`:151645 for open-end generation.
[transformers] Setting `pad_token_id` to `eos_token_id`:151645 for open-end generation.
[1521/3000] valid=981 correct=576 parse_failures=0
[transformers] Setting `pad_token_id` to `eos_token_id`:151645 for open-end generation.
[transformers] Setting `pad_token_id` to `eos_token_id`:151645 for open-end generation.
[1522/3000] valid=981 correct=576 parse_failures=0
[transformers] Setting `pad_token_id` to `eos_token_id`:151645 for open-end generation.
[transformers] Setting `pad_token_id` to `eos_token_id`:151645 for open-end generation.
[1523/3000] valid=982 correct=576 parse_failures=0
[transformers] Setting `pad_token_id` to `eos_token_id`:151645 for open-end generation.
[transformers] Setting `pad_token_id` to `eos_token_id`:151645 for open-end generation.
[1524/3000] valid=983 correct=577 parse_failures=0
[transformers] Setting `pad_token_id` to `eos_token_id`:151645 for open-end generation.
[transformers] Setting `pad_token_id` to `eos_token_id`:151645 for open-end generation.
[1525/3000] valid=983 correct=577 parse_failures=0
[transformers] Setting `pad_token_id` to `eos_token_id`:151645 for open-end generation.
[transformers] Setting `pad_token_id` to `eos_token_id`:151645 for open-end generation.
[1526/3000] valid=984 correct=578 parse_failures=0
[transformers] Setting `pad_token_id` to `eos_token_id`:151645 for open-end generation.
[transformers] Setting `pad_token_id` to `eos_token_id`:151645 for open-end generation.
[1527/3000] valid=985 correct=579 parse_failures=0
[transformers] Setting `pad_token_id` to `eos_token_id`:151645 for open-end generation.
[transformers] Setting `pad_token_id` to `eos_token_id`:151645 for open-end generation.
[1528/3000] valid=985 correct=579 parse_failures=0
[transformers] Setting `pad_token_id` to `eos_token_id`:151645 for open-end generation.
[transformers] Setting `pad_token_id` to `eos_token_id`:151645 for open-end generation.
[1529/3000] valid=985 correct=579 parse_failures=0
[transformers] Setting `pad_token_id` to `eos_token_id`:151645 for open-end generation.
[transformers] Setting `pad_token_id` to `eos_token_id`:151645 for open-end generation.
[1530/3000] valid=986 correct=580 parse_failures=0
[transformers] Setting `pad_token_id` to `eos_token_id`:151645 for open-end generation.
[transformers] Setting `pad_token_id` to `eos_token_id`:151645 for open-end generation.
[1531/3000] valid=987 correct=581 parse_failures=0
[transformers] Setting `pad_token_id` to `eos_token_id`:151645 for open-end generation.
[transformers] Setting `pad_token_id` to `eos_token_id`:151645 for open-end generation.
[1532/3000] valid=987 correct=581 parse_failures=0
[transformers] Setting `pad_token_id` to `eos_token_id`:151645 for open-end generation.
[transformers] Setting `pad_token_id` to `eos_token_id`:151645 for open-end generation.
[1533/3000] valid=988 correct=581 parse_failures=0
[transformers] Setting `pad_token_id` to `eos_token_id`:151645 for open-end generation.
[transformers] Setting `pad_token_id` to `eos_token_id`:151645 for open-end generation.
[1534/3000] valid=989 correct=581 parse_failures=0
[transformers] Setting `pad_token_id` to `eos_token_id`:151645 for open-end generation.
[transformers] Setting `pad_token_id` to `eos_token_id`:151645 for open-end generation.
[1535/3000] valid=990 correct=582 parse_failures=0
[transformers] Setting `pad_token_id` to `eos_token_id`:151645 for open-end generation.
[transformers] Setting `pad_token_id` to `eos_token_id`:151645 for open-end generation.
[1536/3000] valid=991 correct=582 parse_failures=0
[transformers] Setting `pad_token_id` to `eos_token_id`:151645 for open-end generation.
[transformers] Setting `pad_token_id` to `eos_token_id`:151645 for open-end generation.
[1537/3000] valid=992 correct=583 parse_failures=0
[transformers] Setting `pad_token_id` to `eos_token_id`:151645 for open-end generation.
[transformers] Setting `pad_token_id` to `eos_token_id`:151645 for open-end generation.
[1538/3000] valid=993 correct=583 parse_failures=0
[transformers] Setting `pad_token_id` to `eos_token_id`:151645 for open-end generation.
[transformers] Setting `pad_token_id` to `eos_token_id`:151645 for open-end generation.
[1539/3000] valid=993 correct=583 parse_failures=0
[transformers] Setting `pad_token_id` to `eos_token_id`:151645 for open-end generation.
[transformers] Setting `pad_token_id` to `eos_token_id`:151645 for open-end generation.
[1540/3000] valid=994 correct=583 parse_failures=0
[transformers] Setting `pad_token_id` to `eos_token_id`:151645 for open-end generation.
[transformers] Setting `pad_token_id` to `eos_token_id`:151645 for open-end generation.
[1541/3000] valid=994 correct=583 parse_failures=0
[transformers] Setting `pad_token_id` to `eos_token_id`:151645 for open-end generation.
[transformers] Setting `pad_token_id` to `eos_token_id`:151645 for open-end generation.
[1542/3000] valid=995 correct=584 parse_failures=0
[transformers] Setting `pad_token_id` to `eos_token_id`:151645 for open-end generation.
[transformers] Setting `pad_token_id` to `eos_token_id`:151645 for open-end generation.
[1543/3000] valid=996 correct=585 parse_failures=0
[transformers] Setting `pad_token_id` to `eos_token_id`:151645 for open-end generation.
[transformers] Setting `pad_token_id` to `eos_token_id`:151645 for open-end generation.
[1544/3000] valid=997 correct=586 parse_failures=0
[transformers] Setting `pad_token_id` to `eos_token_id`:151645 for open-end generation.
[transformers] Setting `pad_token_id` to `eos_token_id`:151645 for open-end generation.
[1545/3000] valid=998 correct=587 parse_failures=0
[transformers] Setting `pad_token_id` to `eos_token_id`:151645 for open-end generation.
[transformers] Setting `pad_token_id` to `eos_token_id`:151645 for open-end generation.
[1546/3000] valid=999 correct=587 parse_failures=0
[transformers] Setting `pad_token_id` to `eos_token_id`:151645 for open-end generation.
[transformers] Setting `pad_token_id` to `eos_token_id`:151645 for open-end generation.
[1547/3000] valid=1000 correct=587 parse_failures=0
[transformers] Setting `pad_token_id` to `eos_token_id`:151645 for open-end generation.
[transformers] Setting `pad_token_id` to `eos_token_id`:151645 for open-end generation.
[1548/3000] valid=1001 correct=588 parse_failures=0
[transformers] Setting `pad_token_id` to `eos_token_id`:151645 for open-end generation.
[transformers] Setting `pad_token_id` to `eos_token_id`:151645 for open-end generation.
[1549/3000] valid=1002 correct=588 parse_failures=0
[transformers] Setting `pad_token_id` to `eos_token_id`:151645 for open-end generation.
[transformers] Setting `pad_token_id` to `eos_token_id`:151645 for open-end generation.
[1550/3000] valid=1002 correct=588 parse_failures=0
[transformers] Setting `pad_token_id` to `eos_token_id`:151645 for open-end generation.
[transformers] Setting `pad_token_id` to `eos_token_id`:151645 for open-end generation.
[1551/3000] valid=1003 correct=588 parse_failures=0
[transformers] Setting `pad_token_id` to `eos_token_id`:151645 for open-end generation.
[transformers] Setting `pad_token_id` to `eos_token_id`:151645 for open-end generation.
[1552/3000] valid=1003 correct=588 parse_failures=0
[transformers] Setting `pad_token_id` to `eos_token_id`:151645 for open-end generation.
[transformers] Setting `pad_token_id` to `eos_token_id`:151645 for open-end generation.
[1553/3000] valid=1004 correct=589 parse_failures=0
[transformers] Setting `pad_token_id` to `eos_token_id`:151645 for open-end generation.
[transformers] Setting `pad_token_id` to `eos_token_id`:151645 for open-end generation.
[1554/3000] valid=1004 correct=589 parse_failures=0
[transformers] Setting `pad_token_id` to `eos_token_id`:151645 for open-end generation.
[transformers] Setting `pad_token_id` to `eos_token_id`:151645 for open-end generation.
[1555/3000] valid=1005 correct=589 parse_failures=0
[transformers] Setting `pad_token_id` to `eos_token_id`:151645 for open-end generation.
[transformers] Setting `pad_token_id` to `eos_token_id`:151645 for open-end generation.
[1556/3000] valid=1006 correct=589 parse_failures=0
[transformers] Setting `pad_token_id` to `eos_token_id`:151645 for open-end generation.
[transformers] Setting `pad_token_id` to `eos_token_id`:151645 for open-end generation.
[1557/3000] valid=1007 correct=589 parse_failures=0
[transformers] Setting `pad_token_id` to `eos_token_id`:151645 for open-end generation.
[transformers] Setting `pad_token_id` to `eos_token_id`:151645 for open-end generation.
[1558/3000] valid=1008 correct=590 parse_failures=0
[transformers] Setting `pad_token_id` to `eos_token_id`:151645 for open-end generation.
[transformers] Setting `pad_token_id` to `eos_token_id`:151645 for open-end generation.
[1559/3000] valid=1009 correct=590 parse_failures=0
[transformers] Setting `pad_token_id` to `eos_token_id`:151645 for open-end generation.
[transformers] Setting `pad_token_id` to `eos_token_id`:151645 for open-end generation.
[1560/3000] valid=1010 correct=590 parse_failures=0
[transformers] Setting `pad_token_id` to `eos_token_id`:151645 for open-end generation.
[transformers] Setting `pad_token_id` to `eos_token_id`:151645 for open-end generation.
[1561/3000] valid=1011 correct=591 parse_failures=0
[transformers] Setting `pad_token_id` to `eos_token_id`:151645 for open-end generation.
[transformers] Setting `pad_token_id` to `eos_token_id`:151645 for open-end generation.
[1562/3000] valid=1012 correct=591 parse_failures=0
[transformers] Setting `pad_token_id` to `eos_token_id`:151645 for open-end generation.
[transformers] Setting `pad_token_id` to `eos_token_id`:151645 for open-end generation.
[1563/3000] valid=1012 correct=591 parse_failures=0
[transformers] Setting `pad_token_id` to `eos_token_id`:151645 for open-end generation.
[transformers] Setting `pad_token_id` to `eos_token_id`:151645 for open-end generation.
[1564/3000] valid=1013 correct=592 parse_failures=0
[transformers] Setting `pad_token_id` to `eos_token_id`:151645 for open-end generation.
[transformers] Setting `pad_token_id` to `eos_token_id`:151645 for open-end generation.
[1565/3000] valid=1013 correct=592 parse_failures=0
[transformers] Setting `pad_token_id` to `eos_token_id`:151645 for open-end generation.
[transformers] Setting `pad_token_id` to `eos_token_id`:151645 for open-end generation.
[1566/3000] valid=1014 correct=593 parse_failures=0
[transformers] Setting `pad_token_id` to `eos_token_id`:151645 for open-end generation.
[transformers] Setting `pad_token_id` to `eos_token_id`:151645 for open-end generation.
[1567/3000] valid=1015 correct=593 parse_failures=0
[transformers] Setting `pad_token_id` to `eos_token_id`:151645 for open-end generation.
[transformers] Setting `pad_token_id` to `eos_token_id`:151645 for open-end generation.
[1568/3000] valid=1016 correct=593 parse_failures=0
[transformers] Setting `pad_token_id` to `eos_token_id`:151645 for open-end generation.
[transformers] Setting `pad_token_id` to `eos_token_id`:151645 for open-end generation.
[1569/3000] valid=1017 correct=593 parse_failures=0
[transformers] Setting `pad_token_id` to `eos_token_id`:151645 for open-end generation.
[transformers] Setting `pad_token_id` to `eos_token_id`:151645 for open-end generation.
[1570/3000] valid=1018 correct=594 parse_failures=0
[transformers] Setting `pad_token_id` to `eos_token_id`:151645 for open-end generation.
[transformers] Setting `pad_token_id` to `eos_token_id`:151645 for open-end generation.
[1571/3000] valid=1019 correct=594 parse_failures=0
[transformers] Setting `pad_token_id` to `eos_token_id`:151645 for open-end generation.
[transformers] Setting `pad_token_id` to `eos_token_id`:151645 for open-end generation.
[1572/3000] valid=1020 correct=594 parse_failures=0
[transformers] Setting `pad_token_id` to `eos_token_id`:151645 for open-end generation.
[transformers] Setting `pad_token_id` to `eos_token_id`:151645 for open-end generation.
[1573/3000] valid=1020 correct=594 parse_failures=0
[transformers] Setting `pad_token_id` to `eos_token_id`:151645 for open-end generation.
[transformers] Setting `pad_token_id` to `eos_token_id`:151645 for open-end generation.
[1574/3000] valid=1021 correct=594 parse_failures=0
[transformers] Setting `pad_token_id` to `eos_token_id`:151645 for open-end generation.
[transformers] Setting `pad_token_id` to `eos_token_id`:151645 for open-end generation.
[1575/3000] valid=1021 correct=594 parse_failures=0
[transformers] Setting `pad_token_id` to `eos_token_id`:151645 for open-end generation.
[transformers] Setting `pad_token_id` to `eos_token_id`:151645 for open-end generation.
[1576/3000] valid=1021 correct=594 parse_failures=0
[transformers] Setting `pad_token_id` to `eos_token_id`:151645 for open-end generation.
[transformers] Setting `pad_token_id` to `eos_token_id`:151645 for open-end generation.
[1577/3000] valid=1022 correct=594 parse_failures=0
[transformers] Setting `pad_token_id` to `eos_token_id`:151645 for open-end generation.
[transformers] Setting `pad_token_id` to `eos_token_id`:151645 for open-end generation.
[1578/3000] valid=1023 correct=595 parse_failures=0
[transformers] Setting `pad_token_id` to `eos_token_id`:151645 for open-end generation.
[transformers] Setting `pad_token_id` to `eos_token_id`:151645 for open-end generation.
[1579/3000] valid=1024 correct=596 parse_failures=0
[transformers] Setting `pad_token_id` to `eos_token_id`:151645 for open-end generation.
[transformers] Setting `pad_token_id` to `eos_token_id`:151645 for open-end generation.
[1580/3000] valid=1025 correct=597 parse_failures=0
[transformers] Setting `pad_token_id` to `eos_token_id`:151645 for open-end generation.
[transformers] Setting `pad_token_id` to `eos_token_id`:151645 for open-end generation.
[1581/3000] valid=1025 correct=597 parse_failures=0
[transformers] Setting `pad_token_id` to `eos_token_id`:151645 for open-end generation.
[transformers] Setting `pad_token_id` to `eos_token_id`:151645 for open-end generation.
[1582/3000] valid=1026 correct=598 parse_failures=0
[transformers] Setting `pad_token_id` to `eos_token_id`:151645 for open-end generation.
[transformers] Setting `pad_token_id` to `eos_token_id`:151645 for open-end generation.
[1583/3000] valid=1027 correct=599 parse_failures=0
[transformers] Setting `pad_token_id` to `eos_token_id`:151645 for open-end generation.
[transformers] Setting `pad_token_id` to `eos_token_id`:151645 for open-end generation.
[1584/3000] valid=1028 correct=599 parse_failures=0
[transformers] Setting `pad_token_id` to `eos_token_id`:151645 for open-end generation.
[transformers] Setting `pad_token_id` to `eos_token_id`:151645 for open-end generation.
[1585/3000] valid=1029 correct=599 parse_failures=0
[transformers] Setting `pad_token_id` to `eos_token_id`:151645 for open-end generation.
[transformers] Setting `pad_token_id` to `eos_token_id`:151645 for open-end generation.
[1586/3000] valid=1030 correct=599 parse_failures=0
[transformers] Setting `pad_token_id` to `eos_token_id`:151645 for open-end generation.
[transformers] Setting `pad_token_id` to `eos_token_id`:151645 for open-end generation.
[1587/3000] valid=1031 correct=599 parse_failures=0
[transformers] Setting `pad_token_id` to `eos_token_id`:151645 for open-end generation.
[transformers] Setting `pad_token_id` to `eos_token_id`:151645 for open-end generation.
[1588/3000] valid=1031 correct=599 parse_failures=0
[transformers] Setting `pad_token_id` to `eos_token_id`:151645 for open-end generation.
[transformers] Setting `pad_token_id` to `eos_token_id`:151645 for open-end generation.
[1589/3000] valid=1032 correct=600 parse_failures=0
[transformers] Setting `pad_token_id` to `eos_token_id`:151645 for open-end generation.
[transformers] Setting `pad_token_id` to `eos_token_id`:151645 for open-end generation.
[1590/3000] valid=1033 correct=600 parse_failures=0
[transformers] Setting `pad_token_id` to `eos_token_id`:151645 for open-end generation.
[transformers] Setting `pad_token_id` to `eos_token_id`:151645 for open-end generation.
[1591/3000] valid=1033 correct=600 parse_failures=0
[transformers] Setting `pad_token_id` to `eos_token_id`:151645 for open-end generation.
[transformers] Setting `pad_token_id` to `eos_token_id`:151645 for open-end generation.
[1592/3000] valid=1034 correct=600 parse_failures=0
[transformers] Setting `pad_token_id` to `eos_token_id`:151645 for open-end generation.
[transformers] Setting `pad_token_id` to `eos_token_id`:151645 for open-end generation.
[1593/3000] valid=1035 correct=601 parse_failures=0
[transformers] Setting `pad_token_id` to `eos_token_id`:151645 for open-end generation.
[transformers] Setting `pad_token_id` to `eos_token_id`:151645 for open-end generation.
[1594/3000] valid=1036 correct=601 parse_failures=0
[transformers] Setting `pad_token_id` to `eos_token_id`:151645 for open-end generation.
[transformers] Setting `pad_token_id` to `eos_token_id`:151645 for open-end generation.
[1595/3000] valid=1037 correct=601 parse_failures=0
[transformers] Setting `pad_token_id` to `eos_token_id`:151645 for open-end generation.
[transformers] Setting `pad_token_id` to `eos_token_id`:151645 for open-end generation.
[1596/3000] valid=1038 correct=601 parse_failures=0
[transformers] Setting `pad_token_id` to `eos_token_id`:151645 for open-end generation.
[transformers] Setting `pad_token_id` to `eos_token_id`:151645 for open-end generation.
[1597/3000] valid=1039 correct=602 parse_failures=0
[transformers] Setting `pad_token_id` to `eos_token_id`:151645 for open-end generation.
[transformers] Setting `pad_token_id` to `eos_token_id`:151645 for open-end generation.
[1598/3000] valid=1040 correct=603 parse_failures=0
[transformers] Setting `pad_token_id` to `eos_token_id`:151645 for open-end generation.
[transformers] Setting `pad_token_id` to `eos_token_id`:151645 for open-end generation.
[1599/3000] valid=1041 correct=603 parse_failures=0
[transformers] Setting `pad_token_id` to `eos_token_id`:151645 for open-end generation.
[transformers] Setting `pad_token_id` to `eos_token_id`:151645 for open-end generation.
[1600/3000] valid=1042 correct=603 parse_failures=0
[transformers] Setting `pad_token_id` to `eos_token_id`:151645 for open-end generation.
[transformers] Setting `pad_token_id` to `eos_token_id`:151645 for open-end generation.
[1601/3000] valid=1043 correct=604 parse_failures=0
[transformers] Setting `pad_token_id` to `eos_token_id`:151645 for open-end generation.
[transformers] Setting `pad_token_id` to `eos_token_id`:151645 for open-end generation.
[1602/3000] valid=1044 correct=604 parse_failures=0
[transformers] Setting `pad_token_id` to `eos_token_id`:151645 for open-end generation.
[transformers] Setting `pad_token_id` to `eos_token_id`:151645 for open-end generation.
[1603/3000] valid=1045 correct=605 parse_failures=0
[transformers] Setting `pad_token_id` to `eos_token_id`:151645 for open-end generation.
[transformers] Setting `pad_token_id` to `eos_token_id`:151645 for open-end generation.
[1604/3000] valid=1045 correct=605 parse_failures=0
[transformers] Setting `pad_token_id` to `eos_token_id`:151645 for open-end generation.
[transformers] Setting `pad_token_id` to `eos_token_id`:151645 for open-end generation.
[1605/3000] valid=1045 correct=605 parse_failures=0
[transformers] Setting `pad_token_id` to `eos_token_id`:151645 for open-end generation.
[transformers] Setting `pad_token_id` to `eos_token_id`:151645 for open-end generation.
[1606/3000] valid=1046 correct=606 parse_failures=0
[transformers] Setting `pad_token_id` to `eos_token_id`:151645 for open-end generation.
[transformers] Setting `pad_token_id` to `eos_token_id`:151645 for open-end generation.
[1607/3000] valid=1046 correct=606 parse_failures=0
[transformers] Setting `pad_token_id` to `eos_token_id`:151645 for open-end generation.
[transformers] Setting `pad_token_id` to `eos_token_id`:151645 for open-end generation.
[1608/3000] valid=1047 correct=607 parse_failures=0
[transformers] Setting `pad_token_id` to `eos_token_id`:151645 for open-end generation.
[transformers] Setting `pad_token_id` to `eos_token_id`:151645 for open-end generation.
[1609/3000] valid=1048 correct=608 parse_failures=0
[transformers] Setting `pad_token_id` to `eos_token_id`:151645 for open-end generation.
[transformers] Setting `pad_token_id` to `eos_token_id`:151645 for open-end generation.
[1610/3000] valid=1049 correct=609 parse_failures=0
[transformers] Setting `pad_token_id` to `eos_token_id`:151645 for open-end generation.
[transformers] Setting `pad_token_id` to `eos_token_id`:151645 for open-end generation.
[1611/3000] valid=1050 correct=609 parse_failures=0
[transformers] Setting `pad_token_id` to `eos_token_id`:151645 for open-end generation.
[transformers] Setting `pad_token_id` to `eos_token_id`:151645 for open-end generation.
[1612/3000] valid=1051 correct=610 parse_failures=0
[transformers] Setting `pad_token_id` to `eos_token_id`:151645 for open-end generation.
[transformers] Setting `pad_token_id` to `eos_token_id`:151645 for open-end generation.
[1613/3000] valid=1051 correct=610 parse_failures=0
[transformers] Setting `pad_token_id` to `eos_token_id`:151645 for open-end generation.
[transformers] Setting `pad_token_id` to `eos_token_id`:151645 for open-end generation.
[1614/3000] valid=1052 correct=610 parse_failures=0
[transformers] Setting `pad_token_id` to `eos_token_id`:151645 for open-end generation.
[transformers] Setting `pad_token_id` to `eos_token_id`:151645 for open-end generation.
[1615/3000] valid=1053 correct=611 parse_failures=0
[transformers] Setting `pad_token_id` to `eos_token_id`:151645 for open-end generation.
[transformers] Setting `pad_token_id` to `eos_token_id`:151645 for open-end generation.
[1616/3000] valid=1054 correct=612 parse_failures=0
[transformers] Setting `pad_token_id` to `eos_token_id`:151645 for open-end generation.
[transformers] Setting `pad_token_id` to `eos_token_id`:151645 for open-end generation.
[1617/3000] valid=1055 correct=612 parse_failures=0
[transformers] Setting `pad_token_id` to `eos_token_id`:151645 for open-end generation.
[transformers] Setting `pad_token_id` to `eos_token_id`:151645 for open-end generation.
[1618/3000] valid=1056 correct=612 parse_failures=0
[transformers] Setting `pad_token_id` to `eos_token_id`:151645 for open-end generation.
[transformers] Setting `pad_token_id` to `eos_token_id`:151645 for open-end generation.
[1619/3000] valid=1057 correct=613 parse_failures=0
[transformers] Setting `pad_token_id` to `eos_token_id`:151645 for open-end generation.
[transformers] Setting `pad_token_id` to `eos_token_id`:151645 for open-end generation.
[1620/3000] valid=1058 correct=613 parse_failures=0
[transformers] Setting `pad_token_id` to `eos_token_id`:151645 for open-end generation.
[transformers] Setting `pad_token_id` to `eos_token_id`:151645 for open-end generation.
[1621/3000] valid=1059 correct=614 parse_failures=0
[transformers] Setting `pad_token_id` to `eos_token_id`:151645 for open-end generation.
[transformers] Setting `pad_token_id` to `eos_token_id`:151645 for open-end generation.
[1622/3000] valid=1060 correct=614 parse_failures=0
[transformers] Setting `pad_token_id` to `eos_token_id`:151645 for open-end generation.
[transformers] Setting `pad_token_id` to `eos_token_id`:151645 for open-end generation.
[1623/3000] valid=1061 correct=615 parse_failures=0
[transformers] Setting `pad_token_id` to `eos_token_id`:151645 for open-end generation.
[transformers] Setting `pad_token_id` to `eos_token_id`:151645 for open-end generation.
[1624/3000] valid=1062 correct=615 parse_failures=0
[transformers] Setting `pad_token_id` to `eos_token_id`:151645 for open-end generation.
[transformers] Setting `pad_token_id` to `eos_token_id`:151645 for open-end generation.
[1625/3000] valid=1062 correct=615 parse_failures=0
[transformers] Setting `pad_token_id` to `eos_token_id`:151645 for open-end generation.
[transformers] Setting `pad_token_id` to `eos_token_id`:151645 for open-end generation.
[1626/3000] valid=1062 correct=615 parse_failures=0
[transformers] Setting `pad_token_id` to `eos_token_id`:151645 for open-end generation.
[transformers] Setting `pad_token_id` to `eos_token_id`:151645 for open-end generation.
[1627/3000] valid=1063 correct=616 parse_failures=0
[transformers] Setting `pad_token_id` to `eos_token_id`:151645 for open-end generation.
[transformers] Setting `pad_token_id` to `eos_token_id`:151645 for open-end generation.
[1628/3000] valid=1064 correct=617 parse_failures=0
[transformers] Setting `pad_token_id` to `eos_token_id`:151645 for open-end generation.
[transformers] Setting `pad_token_id` to `eos_token_id`:151645 for open-end generation.
[1629/3000] valid=1064 correct=617 parse_failures=0
[transformers] Setting `pad_token_id` to `eos_token_id`:151645 for open-end generation.
[transformers] Setting `pad_token_id` to `eos_token_id`:151645 for open-end generation.
[1630/3000] valid=1065 correct=617 parse_failures=0
[transformers] Setting `pad_token_id` to `eos_token_id`:151645 for open-end generation.
[transformers] Setting `pad_token_id` to `eos_token_id`:151645 for open-end generation.
[1631/3000] valid=1066 correct=618 parse_failures=0
[transformers] Setting `pad_token_id` to `eos_token_id`:151645 for open-end generation.
[transformers] Setting `pad_token_id` to `eos_token_id`:151645 for open-end generation.
[1632/3000] valid=1066 correct=618 parse_failures=0
[transformers] Setting `pad_token_id` to `eos_token_id`:151645 for open-end generation.
[transformers] Setting `pad_token_id` to `eos_token_id`:151645 for open-end generation.
[1633/3000] valid=1066 correct=618 parse_failures=0
[transformers] Setting `pad_token_id` to `eos_token_id`:151645 for open-end generation.
[transformers] Setting `pad_token_id` to `eos_token_id`:151645 for open-end generation.
[1634/3000] valid=1066 correct=618 parse_failures=0
[transformers] Setting `pad_token_id` to `eos_token_id`:151645 for open-end generation.
[transformers] Setting `pad_token_id` to `eos_token_id`:151645 for open-end generation.
[1635/3000] valid=1067 correct=618 parse_failures=0
[transformers] Setting `pad_token_id` to `eos_token_id`:151645 for open-end generation.
[transformers] Setting `pad_token_id` to `eos_token_id`:151645 for open-end generation.
[1636/3000] valid=1068 correct=619 parse_failures=0
[transformers] Setting `pad_token_id` to `eos_token_id`:151645 for open-end generation.
[transformers] Setting `pad_token_id` to `eos_token_id`:151645 for open-end generation.
[1637/3000] valid=1069 correct=620 parse_failures=0
[transformers] Setting `pad_token_id` to `eos_token_id`:151645 for open-end generation.
[transformers] Setting `pad_token_id` to `eos_token_id`:151645 for open-end generation.
[1638/3000] valid=1070 correct=621 parse_failures=0
[transformers] Setting `pad_token_id` to `eos_token_id`:151645 for open-end generation.
[transformers] Setting `pad_token_id` to `eos_token_id`:151645 for open-end generation.
[1639/3000] valid=1070 correct=621 parse_failures=0
[transformers] Setting `pad_token_id` to `eos_token_id`:151645 for open-end generation.
[transformers] Setting `pad_token_id` to `eos_token_id`:151645 for open-end generation.
[1640/3000] valid=1071 correct=621 parse_failures=0
[transformers] Setting `pad_token_id` to `eos_token_id`:151645 for open-end generation.
[transformers] Setting `pad_token_id` to `eos_token_id`:151645 for open-end generation.
[1641/3000] valid=1072 correct=622 parse_failures=0
[transformers] Setting `pad_token_id` to `eos_token_id`:151645 for open-end generation.
[transformers] Setting `pad_token_id` to `eos_token_id`:151645 for open-end generation.
[1642/3000] valid=1073 correct=623 parse_failures=0
[transformers] Setting `pad_token_id` to `eos_token_id`:151645 for open-end generation.
[transformers] Setting `pad_token_id` to `eos_token_id`:151645 for open-end generation.
[1643/3000] valid=1074 correct=624 parse_failures=0
[transformers] Setting `pad_token_id` to `eos_token_id`:151645 for open-end generation.
[transformers] Setting `pad_token_id` to `eos_token_id`:151645 for open-end generation.
[1644/3000] valid=1075 correct=625 parse_failures=0
[transformers] Setting `pad_token_id` to `eos_token_id`:151645 for open-end generation.
[transformers] Setting `pad_token_id` to `eos_token_id`:151645 for open-end generation.
[1645/3000] valid=1076 correct=625 parse_failures=0
[transformers] Setting `pad_token_id` to `eos_token_id`:151645 for open-end generation.
[transformers] Setting `pad_token_id` to `eos_token_id`:151645 for open-end generation.
[1646/3000] valid=1076 correct=625 parse_failures=0
[transformers] Setting `pad_token_id` to `eos_token_id`:151645 for open-end generation.
[transformers] Setting `pad_token_id` to `eos_token_id`:151645 for open-end generation.
[1647/3000] valid=1077 correct=625 parse_failures=0
[transformers] Setting `pad_token_id` to `eos_token_id`:151645 for open-end generation.
[transformers] Setting `pad_token_id` to `eos_token_id`:151645 for open-end generation.
[1648/3000] valid=1078 correct=625 parse_failures=0
[transformers] Setting `pad_token_id` to `eos_token_id`:151645 for open-end generation.
[transformers] Setting `pad_token_id` to `eos_token_id`:151645 for open-end generation.
[1649/3000] valid=1079 correct=626 parse_failures=0
[transformers] Setting `pad_token_id` to `eos_token_id`:151645 for open-end generation.
[transformers] Setting `pad_token_id` to `eos_token_id`:151645 for open-end generation.
[1650/3000] valid=1080 correct=627 parse_failures=0
[transformers] Setting `pad_token_id` to `eos_token_id`:151645 for open-end generation.
[transformers] Setting `pad_token_id` to `eos_token_id`:151645 for open-end generation.
[1651/3000] valid=1081 correct=627 parse_failures=0
[transformers] Setting `pad_token_id` to `eos_token_id`:151645 for open-end generation.
[transformers] Setting `pad_token_id` to `eos_token_id`:151645 for open-end generation.
[1652/3000] valid=1081 correct=627 parse_failures=0
[transformers] Setting `pad_token_id` to `eos_token_id`:151645 for open-end generation.
[transformers] Setting `pad_token_id` to `eos_token_id`:151645 for open-end generation.
[1653/3000] valid=1082 correct=628 parse_failures=0
[transformers] Setting `pad_token_id` to `eos_token_id`:151645 for open-end generation.
[transformers] Setting `pad_token_id` to `eos_token_id`:151645 for open-end generation.
[1654/3000] valid=1083 correct=629 parse_failures=0
[transformers] Setting `pad_token_id` to `eos_token_id`:151645 for open-end generation.
[transformers] Setting `pad_token_id` to `eos_token_id`:151645 for open-end generation.
[1655/3000] valid=1084 correct=630 parse_failures=0
[transformers] Setting `pad_token_id` to `eos_token_id`:151645 for open-end generation.
[transformers] Setting `pad_token_id` to `eos_token_id`:151645 for open-end generation.
[1656/3000] valid=1085 correct=630 parse_failures=0
[transformers] Setting `pad_token_id` to `eos_token_id`:151645 for open-end generation.
[transformers] Setting `pad_token_id` to `eos_token_id`:151645 for open-end generation.
[1657/3000] valid=1086 correct=631 parse_failures=0
[transformers] Setting `pad_token_id` to `eos_token_id`:151645 for open-end generation.
[transformers] Setting `pad_token_id` to `eos_token_id`:151645 for open-end generation.
[1658/3000] valid=1087 correct=631 parse_failures=0
[transformers] Setting `pad_token_id` to `eos_token_id`:151645 for open-end generation.
[transformers] Setting `pad_token_id` to `eos_token_id`:151645 for open-end generation.
[1659/3000] valid=1088 correct=631 parse_failures=0
[transformers] Setting `pad_token_id` to `eos_token_id`:151645 for open-end generation.
[transformers] Setting `pad_token_id` to `eos_token_id`:151645 for open-end generation.
[1660/3000] valid=1089 correct=632 parse_failures=0
[transformers] Setting `pad_token_id` to `eos_token_id`:151645 for open-end generation.
[transformers] Setting `pad_token_id` to `eos_token_id`:151645 for open-end generation.
[1661/3000] valid=1090 correct=632 parse_failures=0
[transformers] Setting `pad_token_id` to `eos_token_id`:151645 for open-end generation.
[transformers] Setting `pad_token_id` to `eos_token_id`:151645 for open-end generation.
[1662/3000] valid=1090 correct=632 parse_failures=0
[transformers] Setting `pad_token_id` to `eos_token_id`:151645 for open-end generation.
[transformers] Setting `pad_token_id` to `eos_token_id`:151645 for open-end generation.
[1663/3000] valid=1091 correct=633 parse_failures=0
[transformers] Setting `pad_token_id` to `eos_token_id`:151645 for open-end generation.
[transformers] Setting `pad_token_id` to `eos_token_id`:151645 for open-end generation.
[1664/3000] valid=1091 correct=633 parse_failures=0
[transformers] Setting `pad_token_id` to `eos_token_id`:151645 for open-end generation.
[transformers] Setting `pad_token_id` to `eos_token_id`:151645 for open-end generation.
[1665/3000] valid=1091 correct=633 parse_failures=0
[transformers] Setting `pad_token_id` to `eos_token_id`:151645 for open-end generation.
[transformers] Setting `pad_token_id` to `eos_token_id`:151645 for open-end generation.
[1666/3000] valid=1092 correct=634 parse_failures=0
[transformers] Setting `pad_token_id` to `eos_token_id`:151645 for open-end generation.
[transformers] Setting `pad_token_id` to `eos_token_id`:151645 for open-end generation.
[1667/3000] valid=1093 correct=634 parse_failures=0
[transformers] Setting `pad_token_id` to `eos_token_id`:151645 for open-end generation.
[transformers] Setting `pad_token_id` to `eos_token_id`:151645 for open-end generation.
[1668/3000] valid=1094 correct=635 parse_failures=0
[transformers] Setting `pad_token_id` to `eos_token_id`:151645 for open-end generation.
[transformers] Setting `pad_token_id` to `eos_token_id`:151645 for open-end generation.
[1669/3000] valid=1094 correct=635 parse_failures=0
[transformers] Setting `pad_token_id` to `eos_token_id`:151645 for open-end generation.
[transformers] Setting `pad_token_id` to `eos_token_id`:151645 for open-end generation.
[1670/3000] valid=1094 correct=635 parse_failures=0
[transformers] Setting `pad_token_id` to `eos_token_id`:151645 for open-end generation.
[transformers] Setting `pad_token_id` to `eos_token_id`:151645 for open-end generation.
[1671/3000] valid=1094 correct=635 parse_failures=0
[transformers] Setting `pad_token_id` to `eos_token_id`:151645 for open-end generation.
[transformers] Setting `pad_token_id` to `eos_token_id`:151645 for open-end generation.
[1672/3000] valid=1095 correct=636 parse_failures=0
[transformers] Setting `pad_token_id` to `eos_token_id`:151645 for open-end generation.
[transformers] Setting `pad_token_id` to `eos_token_id`:151645 for open-end generation.
[1673/3000] valid=1096 correct=636 parse_failures=0
[transformers] Setting `pad_token_id` to `eos_token_id`:151645 for open-end generation.
[transformers] Setting `pad_token_id` to `eos_token_id`:151645 for open-end generation.
[1674/3000] valid=1097 correct=636 parse_failures=0
[transformers] Setting `pad_token_id` to `eos_token_id`:151645 for open-end generation.
[transformers] Setting `pad_token_id` to `eos_token_id`:151645 for open-end generation.
[1675/3000] valid=1097 correct=636 parse_failures=0
[transformers] Setting `pad_token_id` to `eos_token_id`:151645 for open-end generation.
[transformers] Setting `pad_token_id` to `eos_token_id`:151645 for open-end generation.
[1676/3000] valid=1097 correct=636 parse_failures=0
[transformers] Setting `pad_token_id` to `eos_token_id`:151645 for open-end generation.
[transformers] Setting `pad_token_id` to `eos_token_id`:151645 for open-end generation.
[1677/3000] valid=1097 correct=636 parse_failures=0
[transformers] Setting `pad_token_id` to `eos_token_id`:151645 for open-end generation.
[transformers] Setting `pad_token_id` to `eos_token_id`:151645 for open-end generation.
[1678/3000] valid=1098 correct=636 parse_failures=0
[transformers] Setting `pad_token_id` to `eos_token_id`:151645 for open-end generation.
[transformers] Setting `pad_token_id` to `eos_token_id`:151645 for open-end generation.
[1679/3000] valid=1098 correct=636 parse_failures=0
[transformers] Setting `pad_token_id` to `eos_token_id`:151645 for open-end generation.
[transformers] Setting `pad_token_id` to `eos_token_id`:151645 for open-end generation.
[1680/3000] valid=1099 correct=636 parse_failures=0
[transformers] Setting `pad_token_id` to `eos_token_id`:151645 for open-end generation.
[transformers] Setting `pad_token_id` to `eos_token_id`:151645 for open-end generation.
[1681/3000] valid=1099 correct=636 parse_failures=0
[transformers] Setting `pad_token_id` to `eos_token_id`:151645 for open-end generation.
[transformers] Setting `pad_token_id` to `eos_token_id`:151645 for open-end generation.
[1682/3000] valid=1100 correct=636 parse_failures=0
[transformers] Setting `pad_token_id` to `eos_token_id`:151645 for open-end generation.
[transformers] Setting `pad_token_id` to `eos_token_id`:151645 for open-end generation.
[1683/3000] valid=1101 correct=637 parse_failures=0
[transformers] Setting `pad_token_id` to `eos_token_id`:151645 for open-end generation.
[transformers] Setting `pad_token_id` to `eos_token_id`:151645 for open-end generation.
[1684/3000] valid=1102 correct=637 parse_failures=0
[transformers] Setting `pad_token_id` to `eos_token_id`:151645 for open-end generation.
[transformers] Setting `pad_token_id` to `eos_token_id`:151645 for open-end generation.
[1685/3000] valid=1102 correct=637 parse_failures=0
[transformers] Setting `pad_token_id` to `eos_token_id`:151645 for open-end generation.
[transformers] Setting `pad_token_id` to `eos_token_id`:151645 for open-end generation.
[1686/3000] valid=1102 correct=637 parse_failures=0
[transformers] Setting `pad_token_id` to `eos_token_id`:151645 for open-end generation.
[transformers] Setting `pad_token_id` to `eos_token_id`:151645 for open-end generation.
[1687/3000] valid=1103 correct=638 parse_failures=0
[transformers] Setting `pad_token_id` to `eos_token_id`:151645 for open-end generation.
[transformers] Setting `pad_token_id` to `eos_token_id`:151645 for open-end generation.
[1688/3000] valid=1104 correct=639 parse_failures=0
[transformers] Setting `pad_token_id` to `eos_token_id`:151645 for open-end generation.
[transformers] Setting `pad_token_id` to `eos_token_id`:151645 for open-end generation.
[1689/3000] valid=1104 correct=639 parse_failures=0
[transformers] Setting `pad_token_id` to `eos_token_id`:151645 for open-end generation.
[transformers] Setting `pad_token_id` to `eos_token_id`:151645 for open-end generation.
[1690/3000] valid=1105 correct=639 parse_failures=0
[transformers] Setting `pad_token_id` to `eos_token_id`:151645 for open-end generation.
[transformers] Setting `pad_token_id` to `eos_token_id`:151645 for open-end generation.
[1691/3000] valid=1106 correct=639 parse_failures=0
[transformers] Setting `pad_token_id` to `eos_token_id`:151645 for open-end generation.
[transformers] Setting `pad_token_id` to `eos_token_id`:151645 for open-end generation.
[1692/3000] valid=1107 correct=640 parse_failures=0
[transformers] Setting `pad_token_id` to `eos_token_id`:151645 for open-end generation.
[transformers] Setting `pad_token_id` to `eos_token_id`:151645 for open-end generation.
[1693/3000] valid=1107 correct=640 parse_failures=0
[transformers] Setting `pad_token_id` to `eos_token_id`:151645 for open-end generation.
[transformers] Setting `pad_token_id` to `eos_token_id`:151645 for open-end generation.
[1694/3000] valid=1108 correct=640 parse_failures=0
[transformers] Setting `pad_token_id` to `eos_token_id`:151645 for open-end generation.
[transformers] Setting `pad_token_id` to `eos_token_id`:151645 for open-end generation.
[1695/3000] valid=1109 correct=640 parse_failures=0
[transformers] Setting `pad_token_id` to `eos_token_id`:151645 for open-end generation.
[transformers] Setting `pad_token_id` to `eos_token_id`:151645 for open-end generation.
[1696/3000] valid=1110 correct=641 parse_failures=0
[transformers] Setting `pad_token_id` to `eos_token_id`:151645 for open-end generation.
[transformers] Setting `pad_token_id` to `eos_token_id`:151645 for open-end generation.
[1697/3000] valid=1110 correct=641 parse_failures=0
[transformers] Setting `pad_token_id` to `eos_token_id`:151645 for open-end generation.
[transformers] Setting `pad_token_id` to `eos_token_id`:151645 for open-end generation.
[1698/3000] valid=1110 correct=641 parse_failures=0
[transformers] Setting `pad_token_id` to `eos_token_id`:151645 for open-end generation.
[transformers] Setting `pad_token_id` to `eos_token_id`:151645 for open-end generation.
[1699/3000] valid=1111 correct=642 parse_failures=0
[transformers] Setting `pad_token_id` to `eos_token_id`:151645 for open-end generation.
[transformers] Setting `pad_token_id` to `eos_token_id`:151645 for open-end generation.
[1700/3000] valid=1111 correct=642 parse_failures=0
[transformers] Setting `pad_token_id` to `eos_token_id`:151645 for open-end generation.
[transformers] Setting `pad_token_id` to `eos_token_id`:151645 for open-end generation.
[1701/3000] valid=1111 correct=642 parse_failures=0
[transformers] Setting `pad_token_id` to `eos_token_id`:151645 for open-end generation.
[transformers] Setting `pad_token_id` to `eos_token_id`:151645 for open-end generation.
[1702/3000] valid=1111 correct=642 parse_failures=0
[transformers] Setting `pad_token_id` to `eos_token_id`:151645 for open-end generation.
[transformers] Setting `pad_token_id` to `eos_token_id`:151645 for open-end generation.
[1703/3000] valid=1111 correct=642 parse_failures=0
[transformers] Setting `pad_token_id` to `eos_token_id`:151645 for open-end generation.
[transformers] Setting `pad_token_id` to `eos_token_id`:151645 for open-end generation.
[1704/3000] valid=1112 correct=642 parse_failures=0
[transformers] Setting `pad_token_id` to `eos_token_id`:151645 for open-end generation.
[transformers] Setting `pad_token_id` to `eos_token_id`:151645 for open-end generation.
[1705/3000] valid=1113 correct=643 parse_failures=0
[transformers] Setting `pad_token_id` to `eos_token_id`:151645 for open-end generation.
[transformers] Setting `pad_token_id` to `eos_token_id`:151645 for open-end generation.
[1706/3000] valid=1113 correct=643 parse_failures=0
[transformers] Setting `pad_token_id` to `eos_token_id`:151645 for open-end generation.
[transformers] Setting `pad_token_id` to `eos_token_id`:151645 for open-end generation.
[1707/3000] valid=1113 correct=643 parse_failures=0
[transformers] Setting `pad_token_id` to `eos_token_id`:151645 for open-end generation.
[transformers] Setting `pad_token_id` to `eos_token_id`:151645 for open-end generation.
[1708/3000] valid=1114 correct=643 parse_failures=0
[transformers] Setting `pad_token_id` to `eos_token_id`:151645 for open-end generation.
[transformers] Setting `pad_token_id` to `eos_token_id`:151645 for open-end generation.
[1709/3000] valid=1115 correct=644 parse_failures=0
[transformers] Setting `pad_token_id` to `eos_token_id`:151645 for open-end generation.
[transformers] Setting `pad_token_id` to `eos_token_id`:151645 for open-end generation.
[1710/3000] valid=1116 correct=644 parse_failures=0
[transformers] Setting `pad_token_id` to `eos_token_id`:151645 for open-end generation.
[transformers] Setting `pad_token_id` to `eos_token_id`:151645 for open-end generation.
[1711/3000] valid=1117 correct=644 parse_failures=0
[transformers] Setting `pad_token_id` to `eos_token_id`:151645 for open-end generation.
[transformers] Setting `pad_token_id` to `eos_token_id`:151645 for open-end generation.
[1712/3000] valid=1117 correct=644 parse_failures=0
[transformers] Setting `pad_token_id` to `eos_token_id`:151645 for open-end generation.
[transformers] Setting `pad_token_id` to `eos_token_id`:151645 for open-end generation.
[1713/3000] valid=1117 correct=644 parse_failures=0
[transformers] Setting `pad_token_id` to `eos_token_id`:151645 for open-end generation.
[transformers] Setting `pad_token_id` to `eos_token_id`:151645 for open-end generation.
[1714/3000] valid=1117 correct=644 parse_failures=0
[transformers] Setting `pad_token_id` to `eos_token_id`:151645 for open-end generation.
[transformers] Setting `pad_token_id` to `eos_token_id`:151645 for open-end generation.
[1715/3000] valid=1117 correct=644 parse_failures=0
[transformers] Setting `pad_token_id` to `eos_token_id`:151645 for open-end generation.
[transformers] Setting `pad_token_id` to `eos_token_id`:151645 for open-end generation.
[1716/3000] valid=1117 correct=644 parse_failures=0
[transformers] Setting `pad_token_id` to `eos_token_id`:151645 for open-end generation.
[transformers] Setting `pad_token_id` to `eos_token_id`:151645 for open-end generation.
[1717/3000] valid=1118 correct=644 parse_failures=0
[transformers] Setting `pad_token_id` to `eos_token_id`:151645 for open-end generation.
[transformers] Setting `pad_token_id` to `eos_token_id`:151645 for open-end generation.
[1718/3000] valid=1119 correct=644 parse_failures=0
[transformers] Setting `pad_token_id` to `eos_token_id`:151645 for open-end generation.
[transformers] Setting `pad_token_id` to `eos_token_id`:151645 for open-end generation.
[1719/3000] valid=1120 correct=645 parse_failures=0
[transformers] Setting `pad_token_id` to `eos_token_id`:151645 for open-end generation.
[transformers] Setting `pad_token_id` to `eos_token_id`:151645 for open-end generation.
[1720/3000] valid=1120 correct=645 parse_failures=0
[transformers] Setting `pad_token_id` to `eos_token_id`:151645 for open-end generation.
[transformers] Setting `pad_token_id` to `eos_token_id`:151645 for open-end generation.
[1721/3000] valid=1121 correct=646 parse_failures=0
[transformers] Setting `pad_token_id` to `eos_token_id`:151645 for open-end generation.
[transformers] Setting `pad_token_id` to `eos_token_id`:151645 for open-end generation.
[1722/3000] valid=1122 correct=647 parse_failures=0
[transformers] Setting `pad_token_id` to `eos_token_id`:151645 for open-end generation.
[transformers] Setting `pad_token_id` to `eos_token_id`:151645 for open-end generation.
[1723/3000] valid=1123 correct=648 parse_failures=0
[transformers] Setting `pad_token_id` to `eos_token_id`:151645 for open-end generation.
[transformers] Setting `pad_token_id` to `eos_token_id`:151645 for open-end generation.
[1724/3000] valid=1124 correct=648 parse_failures=0
[transformers] Setting `pad_token_id` to `eos_token_id`:151645 for open-end generation.
[transformers] Setting `pad_token_id` to `eos_token_id`:151645 for open-end generation.
[1725/3000] valid=1125 correct=649 parse_failures=0
[transformers] Setting `pad_token_id` to `eos_token_id`:151645 for open-end generation.
[transformers] Setting `pad_token_id` to `eos_token_id`:151645 for open-end generation.
[1726/3000] valid=1126 correct=650 parse_failures=0
[transformers] Setting `pad_token_id` to `eos_token_id`:151645 for open-end generation.
[transformers] Setting `pad_token_id` to `eos_token_id`:151645 for open-end generation.
[1727/3000] valid=1127 correct=651 parse_failures=0
[transformers] Setting `pad_token_id` to `eos_token_id`:151645 for open-end generation.
[transformers] Setting `pad_token_id` to `eos_token_id`:151645 for open-end generation.
[1728/3000] valid=1128 correct=652 parse_failures=0
[transformers] Setting `pad_token_id` to `eos_token_id`:151645 for open-end generation.
[transformers] Setting `pad_token_id` to `eos_token_id`:151645 for open-end generation.
[1729/3000] valid=1129 correct=652 parse_failures=0
[transformers] Setting `pad_token_id` to `eos_token_id`:151645 for open-end generation.
[transformers] Setting `pad_token_id` to `eos_token_id`:151645 for open-end generation.
[1730/3000] valid=1130 correct=652 parse_failures=0
[transformers] Setting `pad_token_id` to `eos_token_id`:151645 for open-end generation.
[transformers] Setting `pad_token_id` to `eos_token_id`:151645 for open-end generation.
[1731/3000] valid=1131 correct=652 parse_failures=0
[transformers] Setting `pad_token_id` to `eos_token_id`:151645 for open-end generation.
[transformers] Setting `pad_token_id` to `eos_token_id`:151645 for open-end generation.
[1732/3000] valid=1132 correct=652 parse_failures=0
[transformers] Setting `pad_token_id` to `eos_token_id`:151645 for open-end generation.
[transformers] Setting `pad_token_id` to `eos_token_id`:151645 for open-end generation.
[1733/3000] valid=1133 correct=652 parse_failures=0
[transformers] Setting `pad_token_id` to `eos_token_id`:151645 for open-end generation.
[transformers] Setting `pad_token_id` to `eos_token_id`:151645 for open-end generation.
[1734/3000] valid=1134 correct=652 parse_failures=0
[transformers] Setting `pad_token_id` to `eos_token_id`:151645 for open-end generation.
[transformers] Setting `pad_token_id` to `eos_token_id`:151645 for open-end generation.
[1735/3000] valid=1135 correct=653 parse_failures=0
[transformers] Setting `pad_token_id` to `eos_token_id`:151645 for open-end generation.
[transformers] Setting `pad_token_id` to `eos_token_id`:151645 for open-end generation.
[1736/3000] valid=1136 correct=654 parse_failures=0
[transformers] Setting `pad_token_id` to `eos_token_id`:151645 for open-end generation.
[transformers] Setting `pad_token_id` to `eos_token_id`:151645 for open-end generation.
[1737/3000] valid=1136 correct=654 parse_failures=0
[transformers] Setting `pad_token_id` to `eos_token_id`:151645 for open-end generation.
[transformers] Setting `pad_token_id` to `eos_token_id`:151645 for open-end generation.
[1738/3000] valid=1137 correct=654 parse_failures=0
[transformers] Setting `pad_token_id` to `eos_token_id`:151645 for open-end generation.
[transformers] Setting `pad_token_id` to `eos_token_id`:151645 for open-end generation.
[1739/3000] valid=1137 correct=654 parse_failures=0
[transformers] Setting `pad_token_id` to `eos_token_id`:151645 for open-end generation.
[transformers] Setting `pad_token_id` to `eos_token_id`:151645 for open-end generation.
[1740/3000] valid=1137 correct=654 parse_failures=0
[transformers] Setting `pad_token_id` to `eos_token_id`:151645 for open-end generation.
[transformers] Setting `pad_token_id` to `eos_token_id`:151645 for open-end generation.
[1741/3000] valid=1137 correct=654 parse_failures=0
[transformers] Setting `pad_token_id` to `eos_token_id`:151645 for open-end generation.
[transformers] Setting `pad_token_id` to `eos_token_id`:151645 for open-end generation.
[1742/3000] valid=1138 correct=654 parse_failures=0
[transformers] Setting `pad_token_id` to `eos_token_id`:151645 for open-end generation.
[transformers] Setting `pad_token_id` to `eos_token_id`:151645 for open-end generation.
[1743/3000] valid=1139 correct=654 parse_failures=0
[transformers] Setting `pad_token_id` to `eos_token_id`:151645 for open-end generation.
[transformers] Setting `pad_token_id` to `eos_token_id`:151645 for open-end generation.
[1744/3000] valid=1140 correct=654 parse_failures=0
[transformers] Setting `pad_token_id` to `eos_token_id`:151645 for open-end generation.
[transformers] Setting `pad_token_id` to `eos_token_id`:151645 for open-end generation.
[1745/3000] valid=1141 correct=655 parse_failures=0
[transformers] Setting `pad_token_id` to `eos_token_id`:151645 for open-end generation.
[transformers] Setting `pad_token_id` to `eos_token_id`:151645 for open-end generation.
[1746/3000] valid=1142 correct=655 parse_failures=0
[transformers] Setting `pad_token_id` to `eos_token_id`:151645 for open-end generation.
[transformers] Setting `pad_token_id` to `eos_token_id`:151645 for open-end generation.
[1747/3000] valid=1143 correct=655 parse_failures=0
[transformers] Setting `pad_token_id` to `eos_token_id`:151645 for open-end generation.
[transformers] Setting `pad_token_id` to `eos_token_id`:151645 for open-end generation.
[1748/3000] valid=1143 correct=655 parse_failures=0
[transformers] Setting `pad_token_id` to `eos_token_id`:151645 for open-end generation.
[transformers] Setting `pad_token_id` to `eos_token_id`:151645 for open-end generation.
[1749/3000] valid=1143 correct=655 parse_failures=0
[transformers] Setting `pad_token_id` to `eos_token_id`:151645 for open-end generation.
[transformers] Setting `pad_token_id` to `eos_token_id`:151645 for open-end generation.
[1750/3000] valid=1144 correct=655 parse_failures=0
[transformers] Setting `pad_token_id` to `eos_token_id`:151645 for open-end generation.
[transformers] Setting `pad_token_id` to `eos_token_id`:151645 for open-end generation.
[1751/3000] valid=1144 correct=655 parse_failures=0
[transformers] Setting `pad_token_id` to `eos_token_id`:151645 for open-end generation.
[transformers] Setting `pad_token_id` to `eos_token_id`:151645 for open-end generation.
[1752/3000] valid=1144 correct=655 parse_failures=0
[transformers] Setting `pad_token_id` to `eos_token_id`:151645 for open-end generation.
[transformers] Setting `pad_token_id` to `eos_token_id`:151645 for open-end generation.
[1753/3000] valid=1145 correct=655 parse_failures=0
[transformers] Setting `pad_token_id` to `eos_token_id`:151645 for open-end generation.
[transformers] Setting `pad_token_id` to `eos_token_id`:151645 for open-end generation.
[1754/3000] valid=1145 correct=655 parse_failures=0
[transformers] Setting `pad_token_id` to `eos_token_id`:151645 for open-end generation.
[transformers] Setting `pad_token_id` to `eos_token_id`:151645 for open-end generation.
[1755/3000] valid=1145 correct=655 parse_failures=0
[transformers] Setting `pad_token_id` to `eos_token_id`:151645 for open-end generation.
[transformers] Setting `pad_token_id` to `eos_token_id`:151645 for open-end generation.
[1756/3000] valid=1145 correct=655 parse_failures=0
[transformers] Setting `pad_token_id` to `eos_token_id`:151645 for open-end generation.
[transformers] Setting `pad_token_id` to `eos_token_id`:151645 for open-end generation.
[1757/3000] valid=1146 correct=656 parse_failures=0
[transformers] Setting `pad_token_id` to `eos_token_id`:151645 for open-end generation.
[transformers] Setting `pad_token_id` to `eos_token_id`:151645 for open-end generation.
[1758/3000] valid=1147 correct=657 parse_failures=0
[transformers] Setting `pad_token_id` to `eos_token_id`:151645 for open-end generation.
[transformers] Setting `pad_token_id` to `eos_token_id`:151645 for open-end generation.
[1759/3000] valid=1148 correct=657 parse_failures=0
[transformers] Setting `pad_token_id` to `eos_token_id`:151645 for open-end generation.
[transformers] Setting `pad_token_id` to `eos_token_id`:151645 for open-end generation.
[1760/3000] valid=1149 correct=658 parse_failures=0
[transformers] Setting `pad_token_id` to `eos_token_id`:151645 for open-end generation.
[transformers] Setting `pad_token_id` to `eos_token_id`:151645 for open-end generation.
[1761/3000] valid=1149 correct=658 parse_failures=0
[transformers] Setting `pad_token_id` to `eos_token_id`:151645 for open-end generation.
[transformers] Setting `pad_token_id` to `eos_token_id`:151645 for open-end generation.
[1762/3000] valid=1149 correct=658 parse_failures=0
[transformers] Setting `pad_token_id` to `eos_token_id`:151645 for open-end generation.
[transformers] Setting `pad_token_id` to `eos_token_id`:151645 for open-end generation.
[1763/3000] valid=1150 correct=659 parse_failures=0
[transformers] Setting `pad_token_id` to `eos_token_id`:151645 for open-end generation.
[transformers] Setting `pad_token_id` to `eos_token_id`:151645 for open-end generation.
[1764/3000] valid=1151 correct=659 parse_failures=0
[transformers] Setting `pad_token_id` to `eos_token_id`:151645 for open-end generation.
[transformers] Setting `pad_token_id` to `eos_token_id`:151645 for open-end generation.
[1765/3000] valid=1152 correct=660 parse_failures=0
[transformers] Setting `pad_token_id` to `eos_token_id`:151645 for open-end generation.
[transformers] Setting `pad_token_id` to `eos_token_id`:151645 for open-end generation.
[1766/3000] valid=1153 correct=660 parse_failures=0
[transformers] Setting `pad_token_id` to `eos_token_id`:151645 for open-end generation.
[transformers] Setting `pad_token_id` to `eos_token_id`:151645 for open-end generation.
[1767/3000] valid=1154 correct=660 parse_failures=0
[transformers] Setting `pad_token_id` to `eos_token_id`:151645 for open-end generation.
[transformers] Setting `pad_token_id` to `eos_token_id`:151645 for open-end generation.
[1768/3000] valid=1154 correct=660 parse_failures=0
[transformers] Setting `pad_token_id` to `eos_token_id`:151645 for open-end generation.
[transformers] Setting `pad_token_id` to `eos_token_id`:151645 for open-end generation.
[1769/3000] valid=1155 correct=660 parse_failures=0
[transformers] Setting `pad_token_id` to `eos_token_id`:151645 for open-end generation.
[transformers] Setting `pad_token_id` to `eos_token_id`:151645 for open-end generation.
[1770/3000] valid=1156 correct=660 parse_failures=0
[transformers] Setting `pad_token_id` to `eos_token_id`:151645 for open-end generation.
[transformers] Setting `pad_token_id` to `eos_token_id`:151645 for open-end generation.
[1771/3000] valid=1157 correct=661 parse_failures=0
[transformers] Setting `pad_token_id` to `eos_token_id`:151645 for open-end generation.
[transformers] Setting `pad_token_id` to `eos_token_id`:151645 for open-end generation.
[1772/3000] valid=1157 correct=661 parse_failures=0
[transformers] Setting `pad_token_id` to `eos_token_id`:151645 for open-end generation.
[transformers] Setting `pad_token_id` to `eos_token_id`:151645 for open-end generation.
[1773/3000] valid=1158 correct=661 parse_failures=0
[transformers] Setting `pad_token_id` to `eos_token_id`:151645 for open-end generation.
[transformers] Setting `pad_token_id` to `eos_token_id`:151645 for open-end generation.
[1774/3000] valid=1159 correct=662 parse_failures=0
[transformers] Setting `pad_token_id` to `eos_token_id`:151645 for open-end generation.
[transformers] Setting `pad_token_id` to `eos_token_id`:151645 for open-end generation.
[1775/3000] valid=1160 correct=662 parse_failures=0
[transformers] Setting `pad_token_id` to `eos_token_id`:151645 for open-end generation.
[transformers] Setting `pad_token_id` to `eos_token_id`:151645 for open-end generation.
[1776/3000] valid=1160 correct=662 parse_failures=0
[transformers] Setting `pad_token_id` to `eos_token_id`:151645 for open-end generation.
[transformers] Setting `pad_token_id` to `eos_token_id`:151645 for open-end generation.
[1777/3000] valid=1160 correct=662 parse_failures=0
[transformers] Setting `pad_token_id` to `eos_token_id`:151645 for open-end generation.
[transformers] Setting `pad_token_id` to `eos_token_id`:151645 for open-end generation.
[1778/3000] valid=1161 correct=663 parse_failures=0
[transformers] Setting `pad_token_id` to `eos_token_id`:151645 for open-end generation.
[transformers] Setting `pad_token_id` to `eos_token_id`:151645 for open-end generation.
[1779/3000] valid=1162 correct=664 parse_failures=0
[transformers] Setting `pad_token_id` to `eos_token_id`:151645 for open-end generation.
[transformers] Setting `pad_token_id` to `eos_token_id`:151645 for open-end generation.
[1780/3000] valid=1163 correct=665 parse_failures=0
[transformers] Setting `pad_token_id` to `eos_token_id`:151645 for open-end generation.
[transformers] Setting `pad_token_id` to `eos_token_id`:151645 for open-end generation.
[1781/3000] valid=1163 correct=665 parse_failures=0
[transformers] Setting `pad_token_id` to `eos_token_id`:151645 for open-end generation.
[transformers] Setting `pad_token_id` to `eos_token_id`:151645 for open-end generation.
[1782/3000] valid=1164 correct=665 parse_failures=0
[transformers] Setting `pad_token_id` to `eos_token_id`:151645 for open-end generation.
[transformers] Setting `pad_token_id` to `eos_token_id`:151645 for open-end generation.
[1783/3000] valid=1165 correct=665 parse_failures=0
[transformers] Setting `pad_token_id` to `eos_token_id`:151645 for open-end generation.
[transformers] Setting `pad_token_id` to `eos_token_id`:151645 for open-end generation.
[1784/3000] valid=1165 correct=665 parse_failures=0
[transformers] Setting `pad_token_id` to `eos_token_id`:151645 for open-end generation.
[transformers] Setting `pad_token_id` to `eos_token_id`:151645 for open-end generation.
[1785/3000] valid=1165 correct=665 parse_failures=0
[transformers] Setting `pad_token_id` to `eos_token_id`:151645 for open-end generation.
[transformers] Setting `pad_token_id` to `eos_token_id`:151645 for open-end generation.
[1786/3000] valid=1165 correct=665 parse_failures=0
[transformers] Setting `pad_token_id` to `eos_token_id`:151645 for open-end generation.
[transformers] Setting `pad_token_id` to `eos_token_id`:151645 for open-end generation.
[1787/3000] valid=1165 correct=665 parse_failures=0
[transformers] Setting `pad_token_id` to `eos_token_id`:151645 for open-end generation.
[transformers] Setting `pad_token_id` to `eos_token_id`:151645 for open-end generation.
[1788/3000] valid=1166 correct=666 parse_failures=0
[transformers] Setting `pad_token_id` to `eos_token_id`:151645 for open-end generation.
[transformers] Setting `pad_token_id` to `eos_token_id`:151645 for open-end generation.
[1789/3000] valid=1166 correct=666 parse_failures=0
[transformers] Setting `pad_token_id` to `eos_token_id`:151645 for open-end generation.
[transformers] Setting `pad_token_id` to `eos_token_id`:151645 for open-end generation.
[1790/3000] valid=1167 correct=667 parse_failures=0
[transformers] Setting `pad_token_id` to `eos_token_id`:151645 for open-end generation.
[transformers] Setting `pad_token_id` to `eos_token_id`:151645 for open-end generation.
[1791/3000] valid=1167 correct=667 parse_failures=0
[transformers] Setting `pad_token_id` to `eos_token_id`:151645 for open-end generation.
[transformers] Setting `pad_token_id` to `eos_token_id`:151645 for open-end generation.
[1792/3000] valid=1168 correct=668 parse_failures=0
[transformers] Setting `pad_token_id` to `eos_token_id`:151645 for open-end generation.
[transformers] Setting `pad_token_id` to `eos_token_id`:151645 for open-end generation.
[1793/3000] valid=1169 correct=669 parse_failures=0
[transformers] Setting `pad_token_id` to `eos_token_id`:151645 for open-end generation.
[transformers] Setting `pad_token_id` to `eos_token_id`:151645 for open-end generation.
[1794/3000] valid=1170 correct=669 parse_failures=0
[transformers] Setting `pad_token_id` to `eos_token_id`:151645 for open-end generation.
[transformers] Setting `pad_token_id` to `eos_token_id`:151645 for open-end generation.
[1795/3000] valid=1170 correct=669 parse_failures=0
[transformers] Setting `pad_token_id` to `eos_token_id`:151645 for open-end generation.
[transformers] Setting `pad_token_id` to `eos_token_id`:151645 for open-end generation.
[1796/3000] valid=1170 correct=669 parse_failures=0
[transformers] Setting `pad_token_id` to `eos_token_id`:151645 for open-end generation.
[transformers] Setting `pad_token_id` to `eos_token_id`:151645 for open-end generation.
[1797/3000] valid=1171 correct=670 parse_failures=0
[transformers] Setting `pad_token_id` to `eos_token_id`:151645 for open-end generation.
[transformers] Setting `pad_token_id` to `eos_token_id`:151645 for open-end generation.
[1798/3000] valid=1171 correct=670 parse_failures=0
[transformers] Setting `pad_token_id` to `eos_token_id`:151645 for open-end generation.
[transformers] Setting `pad_token_id` to `eos_token_id`:151645 for open-end generation.
[1799/3000] valid=1172 correct=670 parse_failures=0
[transformers] Setting `pad_token_id` to `eos_token_id`:151645 for open-end generation.
[transformers] Setting `pad_token_id` to `eos_token_id`:151645 for open-end generation.
[1800/3000] valid=1173 correct=671 parse_failures=0
[transformers] Setting `pad_token_id` to `eos_token_id`:151645 for open-end generation.
[transformers] Setting `pad_token_id` to `eos_token_id`:151645 for open-end generation.
[1801/3000] valid=1174 correct=672 parse_failures=0
[transformers] Setting `pad_token_id` to `eos_token_id`:151645 for open-end generation.
[transformers] Setting `pad_token_id` to `eos_token_id`:151645 for open-end generation.
[1802/3000] valid=1175 correct=672 parse_failures=0
[transformers] Setting `pad_token_id` to `eos_token_id`:151645 for open-end generation.
[transformers] Setting `pad_token_id` to `eos_token_id`:151645 for open-end generation.
[1803/3000] valid=1176 correct=672 parse_failures=0
[transformers] Setting `pad_token_id` to `eos_token_id`:151645 for open-end generation.
[transformers] Setting `pad_token_id` to `eos_token_id`:151645 for open-end generation.
[1804/3000] valid=1177 correct=673 parse_failures=0
[transformers] Setting `pad_token_id` to `eos_token_id`:151645 for open-end generation.
[transformers] Setting `pad_token_id` to `eos_token_id`:151645 for open-end generation.
[1805/3000] valid=1177 correct=673 parse_failures=0
[transformers] Setting `pad_token_id` to `eos_token_id`:151645 for open-end generation.
[transformers] Setting `pad_token_id` to `eos_token_id`:151645 for open-end generation.
[1806/3000] valid=1178 correct=673 parse_failures=0
[transformers] Setting `pad_token_id` to `eos_token_id`:151645 for open-end generation.
[transformers] Setting `pad_token_id` to `eos_token_id`:151645 for open-end generation.
[1807/3000] valid=1179 correct=673 parse_failures=0
[transformers] Setting `pad_token_id` to `eos_token_id`:151645 for open-end generation.
[transformers] Setting `pad_token_id` to `eos_token_id`:151645 for open-end generation.
[1808/3000] valid=1180 correct=674 parse_failures=0
[transformers] Setting `pad_token_id` to `eos_token_id`:151645 for open-end generation.
[transformers] Setting `pad_token_id` to `eos_token_id`:151645 for open-end generation.
[1809/3000] valid=1181 correct=675 parse_failures=0
[transformers] Setting `pad_token_id` to `eos_token_id`:151645 for open-end generation.
[transformers] Setting `pad_token_id` to `eos_token_id`:151645 for open-end generation.
[1810/3000] valid=1182 correct=675 parse_failures=0
[transformers] Setting `pad_token_id` to `eos_token_id`:151645 for open-end generation.
[transformers] Setting `pad_token_id` to `eos_token_id`:151645 for open-end generation.
[1811/3000] valid=1182 correct=675 parse_failures=0
[transformers] Setting `pad_token_id` to `eos_token_id`:151645 for open-end generation.
[transformers] Setting `pad_token_id` to `eos_token_id`:151645 for open-end generation.
[1812/3000] valid=1183 correct=675 parse_failures=0
[transformers] Setting `pad_token_id` to `eos_token_id`:151645 for open-end generation.
[transformers] Setting `pad_token_id` to `eos_token_id`:151645 for open-end generation.
[1813/3000] valid=1184 correct=675 parse_failures=0
[transformers] Setting `pad_token_id` to `eos_token_id`:151645 for open-end generation.
[transformers] Setting `pad_token_id` to `eos_token_id`:151645 for open-end generation.
[1814/3000] valid=1184 correct=675 parse_failures=0
[transformers] Setting `pad_token_id` to `eos_token_id`:151645 for open-end generation.
[transformers] Setting `pad_token_id` to `eos_token_id`:151645 for open-end generation.
[1815/3000] valid=1184 correct=675 parse_failures=0
[transformers] Setting `pad_token_id` to `eos_token_id`:151645 for open-end generation.
[transformers] Setting `pad_token_id` to `eos_token_id`:151645 for open-end generation.
[1816/3000] valid=1185 correct=676 parse_failures=0
[transformers] Setting `pad_token_id` to `eos_token_id`:151645 for open-end generation.
[transformers] Setting `pad_token_id` to `eos_token_id`:151645 for open-end generation.
[1817/3000] valid=1186 correct=677 parse_failures=0
[transformers] Setting `pad_token_id` to `eos_token_id`:151645 for open-end generation.
[transformers] Setting `pad_token_id` to `eos_token_id`:151645 for open-end generation.
[1818/3000] valid=1186 correct=677 parse_failures=0
[transformers] Setting `pad_token_id` to `eos_token_id`:151645 for open-end generation.
[transformers] Setting `pad_token_id` to `eos_token_id`:151645 for open-end generation.
[1819/3000] valid=1186 correct=677 parse_failures=0
[transformers] Setting `pad_token_id` to `eos_token_id`:151645 for open-end generation.
[transformers] Setting `pad_token_id` to `eos_token_id`:151645 for open-end generation.
[1820/3000] valid=1187 correct=677 parse_failures=0
[transformers] Setting `pad_token_id` to `eos_token_id`:151645 for open-end generation.
[transformers] Setting `pad_token_id` to `eos_token_id`:151645 for open-end generation.
[1821/3000] valid=1188 correct=677 parse_failures=0
[transformers] Setting `pad_token_id` to `eos_token_id`:151645 for open-end generation.
[transformers] Setting `pad_token_id` to `eos_token_id`:151645 for open-end generation.
[1822/3000] valid=1189 correct=678 parse_failures=0
[transformers] Setting `pad_token_id` to `eos_token_id`:151645 for open-end generation.
[transformers] Setting `pad_token_id` to `eos_token_id`:151645 for open-end generation.
[1823/3000] valid=1189 correct=678 parse_failures=0
[transformers] Setting `pad_token_id` to `eos_token_id`:151645 for open-end generation.
[transformers] Setting `pad_token_id` to `eos_token_id`:151645 for open-end generation.
[1824/3000] valid=1189 correct=678 parse_failures=0
[transformers] Setting `pad_token_id` to `eos_token_id`:151645 for open-end generation.
[transformers] Setting `pad_token_id` to `eos_token_id`:151645 for open-end generation.
[1825/3000] valid=1190 correct=679 parse_failures=0
[transformers] Setting `pad_token_id` to `eos_token_id`:151645 for open-end generation.
[transformers] Setting `pad_token_id` to `eos_token_id`:151645 for open-end generation.
[1826/3000] valid=1190 correct=679 parse_failures=0
[transformers] Setting `pad_token_id` to `eos_token_id`:151645 for open-end generation.
[transformers] Setting `pad_token_id` to `eos_token_id`:151645 for open-end generation.
[1827/3000] valid=1191 correct=680 parse_failures=0
[transformers] Setting `pad_token_id` to `eos_token_id`:151645 for open-end generation.
[transformers] Setting `pad_token_id` to `eos_token_id`:151645 for open-end generation.
[1828/3000] valid=1191 correct=680 parse_failures=0
[transformers] Setting `pad_token_id` to `eos_token_id`:151645 for open-end generation.
[transformers] Setting `pad_token_id` to `eos_token_id`:151645 for open-end generation.
[1829/3000] valid=1191 correct=680 parse_failures=0
[transformers] Setting `pad_token_id` to `eos_token_id`:151645 for open-end generation.
[transformers] Setting `pad_token_id` to `eos_token_id`:151645 for open-end generation.
[1830/3000] valid=1192 correct=681 parse_failures=0
[transformers] Setting `pad_token_id` to `eos_token_id`:151645 for open-end generation.
[transformers] Setting `pad_token_id` to `eos_token_id`:151645 for open-end generation.
[1831/3000] valid=1193 correct=682 parse_failures=0
[transformers] Setting `pad_token_id` to `eos_token_id`:151645 for open-end generation.
[transformers] Setting `pad_token_id` to `eos_token_id`:151645 for open-end generation.
[1832/3000] valid=1193 correct=682 parse_failures=0
[transformers] Setting `pad_token_id` to `eos_token_id`:151645 for open-end generation.
[transformers] Setting `pad_token_id` to `eos_token_id`:151645 for open-end generation.
[1833/3000] valid=1193 correct=682 parse_failures=0
[transformers] Setting `pad_token_id` to `eos_token_id`:151645 for open-end generation.
[transformers] Setting `pad_token_id` to `eos_token_id`:151645 for open-end generation.
[1834/3000] valid=1194 correct=682 parse_failures=0
[transformers] Setting `pad_token_id` to `eos_token_id`:151645 for open-end generation.
[transformers] Setting `pad_token_id` to `eos_token_id`:151645 for open-end generation.
[1835/3000] valid=1195 correct=682 parse_failures=0
[transformers] Setting `pad_token_id` to `eos_token_id`:151645 for open-end generation.
[transformers] Setting `pad_token_id` to `eos_token_id`:151645 for open-end generation.
[1836/3000] valid=1195 correct=682 parse_failures=0
[transformers] Setting `pad_token_id` to `eos_token_id`:151645 for open-end generation.
[transformers] Setting `pad_token_id` to `eos_token_id`:151645 for open-end generation.
[1837/3000] valid=1195 correct=682 parse_failures=0
[transformers] Setting `pad_token_id` to `eos_token_id`:151645 for open-end generation.
[transformers] Setting `pad_token_id` to `eos_token_id`:151645 for open-end generation.
[1838/3000] valid=1195 correct=682 parse_failures=0
[transformers] Setting `pad_token_id` to `eos_token_id`:151645 for open-end generation.
[transformers] Setting `pad_token_id` to `eos_token_id`:151645 for open-end generation.
[1839/3000] valid=1195 correct=682 parse_failures=0
[transformers] Setting `pad_token_id` to `eos_token_id`:151645 for open-end generation.
[transformers] Setting `pad_token_id` to `eos_token_id`:151645 for open-end generation.
[1840/3000] valid=1196 correct=682 parse_failures=0
[transformers] Setting `pad_token_id` to `eos_token_id`:151645 for open-end generation.
[transformers] Setting `pad_token_id` to `eos_token_id`:151645 for open-end generation.
[1841/3000] valid=1197 correct=682 parse_failures=0
[transformers] Setting `pad_token_id` to `eos_token_id`:151645 for open-end generation.
[transformers] Setting `pad_token_id` to `eos_token_id`:151645 for open-end generation.
[1842/3000] valid=1198 correct=682 parse_failures=0
[transformers] Setting `pad_token_id` to `eos_token_id`:151645 for open-end generation.
[transformers] Setting `pad_token_id` to `eos_token_id`:151645 for open-end generation.
[1843/3000] valid=1199 correct=683 parse_failures=0
[transformers] Setting `pad_token_id` to `eos_token_id`:151645 for open-end generation.
[transformers] Setting `pad_token_id` to `eos_token_id`:151645 for open-end generation.
[1844/3000] valid=1199 correct=683 parse_failures=0
[transformers] Setting `pad_token_id` to `eos_token_id`:151645 for open-end generation.
[transformers] Setting `pad_token_id` to `eos_token_id`:151645 for open-end generation.
[1845/3000] valid=1200 correct=684 parse_failures=0
[transformers] Setting `pad_token_id` to `eos_token_id`:151645 for open-end generation.
[transformers] Setting `pad_token_id` to `eos_token_id`:151645 for open-end generation.
[1846/3000] valid=1201 correct=685 parse_failures=0
[transformers] Setting `pad_token_id` to `eos_token_id`:151645 for open-end generation.
[transformers] Setting `pad_token_id` to `eos_token_id`:151645 for open-end generation.
[1847/3000] valid=1202 correct=686 parse_failures=0
[transformers] Setting `pad_token_id` to `eos_token_id`:151645 for open-end generation.
[transformers] Setting `pad_token_id` to `eos_token_id`:151645 for open-end generation.
[1848/3000] valid=1203 correct=686 parse_failures=0
[transformers] Setting `pad_token_id` to `eos_token_id`:151645 for open-end generation.
[transformers] Setting `pad_token_id` to `eos_token_id`:151645 for open-end generation.
[1849/3000] valid=1204 correct=687 parse_failures=0
[transformers] Setting `pad_token_id` to `eos_token_id`:151645 for open-end generation.
[transformers] Setting `pad_token_id` to `eos_token_id`:151645 for open-end generation.
[1850/3000] valid=1204 correct=687 parse_failures=0
[transformers] Setting `pad_token_id` to `eos_token_id`:151645 for open-end generation.
[transformers] Setting `pad_token_id` to `eos_token_id`:151645 for open-end generation.
[1851/3000] valid=1204 correct=687 parse_failures=0
[transformers] Setting `pad_token_id` to `eos_token_id`:151645 for open-end generation.
[transformers] Setting `pad_token_id` to `eos_token_id`:151645 for open-end generation.
[1852/3000] valid=1204 correct=687 parse_failures=0
[transformers] Setting `pad_token_id` to `eos_token_id`:151645 for open-end generation.
[transformers] Setting `pad_token_id` to `eos_token_id`:151645 for open-end generation.
[1853/3000] valid=1204 correct=687 parse_failures=0
[transformers] Setting `pad_token_id` to `eos_token_id`:151645 for open-end generation.
[transformers] Setting `pad_token_id` to `eos_token_id`:151645 for open-end generation.
[1854/3000] valid=1205 correct=688 parse_failures=0
[transformers] Setting `pad_token_id` to `eos_token_id`:151645 for open-end generation.
[transformers] Setting `pad_token_id` to `eos_token_id`:151645 for open-end generation.
[1855/3000] valid=1205 correct=688 parse_failures=0
[transformers] Setting `pad_token_id` to `eos_token_id`:151645 for open-end generation.
[transformers] Setting `pad_token_id` to `eos_token_id`:151645 for open-end generation.
[1856/3000] valid=1205 correct=688 parse_failures=0
[transformers] Setting `pad_token_id` to `eos_token_id`:151645 for open-end generation.
[transformers] Setting `pad_token_id` to `eos_token_id`:151645 for open-end generation.
[1857/3000] valid=1205 correct=688 parse_failures=0
[transformers] Setting `pad_token_id` to `eos_token_id`:151645 for open-end generation.
[transformers] Setting `pad_token_id` to `eos_token_id`:151645 for open-end generation.
[1858/3000] valid=1205 correct=688 parse_failures=0
[transformers] Setting `pad_token_id` to `eos_token_id`:151645 for open-end generation.
[transformers] Setting `pad_token_id` to `eos_token_id`:151645 for open-end generation.
[1859/3000] valid=1206 correct=689 parse_failures=0
[transformers] Setting `pad_token_id` to `eos_token_id`:151645 for open-end generation.
[transformers] Setting `pad_token_id` to `eos_token_id`:151645 for open-end generation.
[1860/3000] valid=1207 correct=689 parse_failures=0
[transformers] Setting `pad_token_id` to `eos_token_id`:151645 for open-end generation.
[transformers] Setting `pad_token_id` to `eos_token_id`:151645 for open-end generation.
[1861/3000] valid=1207 correct=689 parse_failures=0
[transformers] Setting `pad_token_id` to `eos_token_id`:151645 for open-end generation.
[transformers] Setting `pad_token_id` to `eos_token_id`:151645 for open-end generation.
[1862/3000] valid=1207 correct=689 parse_failures=0
[transformers] Setting `pad_token_id` to `eos_token_id`:151645 for open-end generation.
[transformers] Setting `pad_token_id` to `eos_token_id`:151645 for open-end generation.
[1863/3000] valid=1207 correct=689 parse_failures=0
[transformers] Setting `pad_token_id` to `eos_token_id`:151645 for open-end generation.
[transformers] Setting `pad_token_id` to `eos_token_id`:151645 for open-end generation.
[1864/3000] valid=1207 correct=689 parse_failures=0
[transformers] Setting `pad_token_id` to `eos_token_id`:151645 for open-end generation.
[transformers] Setting `pad_token_id` to `eos_token_id`:151645 for open-end generation.
[1865/3000] valid=1207 correct=689 parse_failures=0
[transformers] Setting `pad_token_id` to `eos_token_id`:151645 for open-end generation.
[transformers] Setting `pad_token_id` to `eos_token_id`:151645 for open-end generation.
[1866/3000] valid=1207 correct=689 parse_failures=0
[transformers] Setting `pad_token_id` to `eos_token_id`:151645 for open-end generation.
[transformers] Setting `pad_token_id` to `eos_token_id`:151645 for open-end generation.
[1867/3000] valid=1208 correct=689 parse_failures=0
[transformers] Setting `pad_token_id` to `eos_token_id`:151645 for open-end generation.
[transformers] Setting `pad_token_id` to `eos_token_id`:151645 for open-end generation.
[1868/3000] valid=1208 correct=689 parse_failures=0
[transformers] Setting `pad_token_id` to `eos_token_id`:151645 for open-end generation.
[transformers] Setting `pad_token_id` to `eos_token_id`:151645 for open-end generation.
[1869/3000] valid=1208 correct=689 parse_failures=0
[transformers] Setting `pad_token_id` to `eos_token_id`:151645 for open-end generation.
[transformers] Setting `pad_token_id` to `eos_token_id`:151645 for open-end generation.
[1870/3000] valid=1208 correct=689 parse_failures=0
[transformers] Setting `pad_token_id` to `eos_token_id`:151645 for open-end generation.
[transformers] Setting `pad_token_id` to `eos_token_id`:151645 for open-end generation.
[1871/3000] valid=1208 correct=689 parse_failures=0
[transformers] Setting `pad_token_id` to `eos_token_id`:151645 for open-end generation.
[transformers] Setting `pad_token_id` to `eos_token_id`:151645 for open-end generation.
[1872/3000] valid=1208 correct=689 parse_failures=0
[transformers] Setting `pad_token_id` to `eos_token_id`:151645 for open-end generation.
[transformers] Setting `pad_token_id` to `eos_token_id`:151645 for open-end generation.
[1873/3000] valid=1208 correct=689 parse_failures=0
[transformers] Setting `pad_token_id` to `eos_token_id`:151645 for open-end generation.
[transformers] Setting `pad_token_id` to `eos_token_id`:151645 for open-end generation.
[1874/3000] valid=1208 correct=689 parse_failures=0
[transformers] Setting `pad_token_id` to `eos_token_id`:151645 for open-end generation.
[transformers] Setting `pad_token_id` to `eos_token_id`:151645 for open-end generation.
[1875/3000] valid=1208 correct=689 parse_failures=0
[transformers] Setting `pad_token_id` to `eos_token_id`:151645 for open-end generation.
[transformers] Setting `pad_token_id` to `eos_token_id`:151645 for open-end generation.
[1876/3000] valid=1208 correct=689 parse_failures=0
[transformers] Setting `pad_token_id` to `eos_token_id`:151645 for open-end generation.
[transformers] Setting `pad_token_id` to `eos_token_id`:151645 for open-end generation.
[1877/3000] valid=1208 correct=689 parse_failures=0
[transformers] Setting `pad_token_id` to `eos_token_id`:151645 for open-end generation.
[transformers] Setting `pad_token_id` to `eos_token_id`:151645 for open-end generation.
[1878/3000] valid=1208 correct=689 parse_failures=0
[transformers] Setting `pad_token_id` to `eos_token_id`:151645 for open-end generation.
[transformers] Setting `pad_token_id` to `eos_token_id`:151645 for open-end generation.
[1879/3000] valid=1208 correct=689 parse_failures=0
[transformers] Setting `pad_token_id` to `eos_token_id`:151645 for open-end generation.
[transformers] Setting `pad_token_id` to `eos_token_id`:151645 for open-end generation.
[1880/3000] valid=1208 correct=689 parse_failures=0
[transformers] Setting `pad_token_id` to `eos_token_id`:151645 for open-end generation.
[transformers] Setting `pad_token_id` to `eos_token_id`:151645 for open-end generation.
[1881/3000] valid=1208 correct=689 parse_failures=0
[transformers] Setting `pad_token_id` to `eos_token_id`:151645 for open-end generation.
[transformers] Setting `pad_token_id` to `eos_token_id`:151645 for open-end generation.
[1882/3000] valid=1209 correct=689 parse_failures=0
[transformers] Setting `pad_token_id` to `eos_token_id`:151645 for open-end generation.
[transformers] Setting `pad_token_id` to `eos_token_id`:151645 for open-end generation.
[1883/3000] valid=1209 correct=689 parse_failures=0
[transformers] Setting `pad_token_id` to `eos_token_id`:151645 for open-end generation.
[transformers] Setting `pad_token_id` to `eos_token_id`:151645 for open-end generation.
[1884/3000] valid=1209 correct=689 parse_failures=0
[transformers] Setting `pad_token_id` to `eos_token_id`:151645 for open-end generation.
[transformers] Setting `pad_token_id` to `eos_token_id`:151645 for open-end generation.
[1885/3000] valid=1209 correct=689 parse_failures=0
[transformers] Setting `pad_token_id` to `eos_token_id`:151645 for open-end generation.
[transformers] Setting `pad_token_id` to `eos_token_id`:151645 for open-end generation.
[1886/3000] valid=1210 correct=690 parse_failures=0
[transformers] Setting `pad_token_id` to `eos_token_id`:151645 for open-end generation.
[transformers] Setting `pad_token_id` to `eos_token_id`:151645 for open-end generation.
[1887/3000] valid=1211 correct=690 parse_failures=0
[transformers] Setting `pad_token_id` to `eos_token_id`:151645 for open-end generation.
[transformers] Setting `pad_token_id` to `eos_token_id`:151645 for open-end generation.
[1888/3000] valid=1211 correct=690 parse_failures=0
[transformers] Setting `pad_token_id` to `eos_token_id`:151645 for open-end generation.
[transformers] Setting `pad_token_id` to `eos_token_id`:151645 for open-end generation.
[1889/3000] valid=1211 correct=690 parse_failures=0
[transformers] Setting `pad_token_id` to `eos_token_id`:151645 for open-end generation.
[transformers] Setting `pad_token_id` to `eos_token_id`:151645 for open-end generation.
[1890/3000] valid=1211 correct=690 parse_failures=0
[transformers] Setting `pad_token_id` to `eos_token_id`:151645 for open-end generation.
[transformers] Setting `pad_token_id` to `eos_token_id`:151645 for open-end generation.
[1891/3000] valid=1211 correct=690 parse_failures=0
[transformers] Setting `pad_token_id` to `eos_token_id`:151645 for open-end generation.
[transformers] Setting `pad_token_id` to `eos_token_id`:151645 for open-end generation.
[1892/3000] valid=1211 correct=690 parse_failures=0
[transformers] Setting `pad_token_id` to `eos_token_id`:151645 for open-end generation.
[transformers] Setting `pad_token_id` to `eos_token_id`:151645 for open-end generation.
[1893/3000] valid=1211 correct=690 parse_failures=0
[transformers] Setting `pad_token_id` to `eos_token_id`:151645 for open-end generation.
[transformers] Setting `pad_token_id` to `eos_token_id`:151645 for open-end generation.
[1894/3000] valid=1211 correct=690 parse_failures=0
[transformers] Setting `pad_token_id` to `eos_token_id`:151645 for open-end generation.
[transformers] Setting `pad_token_id` to `eos_token_id`:151645 for open-end generation.
[1895/3000] valid=1211 correct=690 parse_failures=0
[transformers] Setting `pad_token_id` to `eos_token_id`:151645 for open-end generation.
[transformers] Setting `pad_token_id` to `eos_token_id`:151645 for open-end generation.
[1896/3000] valid=1212 correct=691 parse_failures=0
[transformers] Setting `pad_token_id` to `eos_token_id`:151645 for open-end generation.
[transformers] Setting `pad_token_id` to `eos_token_id`:151645 for open-end generation.
[1897/3000] valid=1213 correct=691 parse_failures=0
[transformers] Setting `pad_token_id` to `eos_token_id`:151645 for open-end generation.
[transformers] Setting `pad_token_id` to `eos_token_id`:151645 for open-end generation.
[1898/3000] valid=1214 correct=691 parse_failures=0
[transformers] Setting `pad_token_id` to `eos_token_id`:151645 for open-end generation.
[transformers] Setting `pad_token_id` to `eos_token_id`:151645 for open-end generation.
[1899/3000] valid=1215 correct=692 parse_failures=0
[transformers] Setting `pad_token_id` to `eos_token_id`:151645 for open-end generation.
[transformers] Setting `pad_token_id` to `eos_token_id`:151645 for open-end generation.
[1900/3000] valid=1216 correct=693 parse_failures=0
[transformers] Setting `pad_token_id` to `eos_token_id`:151645 for open-end generation.
[transformers] Setting `pad_token_id` to `eos_token_id`:151645 for open-end generation.
[1901/3000] valid=1217 correct=694 parse_failures=0
[transformers] Setting `pad_token_id` to `eos_token_id`:151645 for open-end generation.
[transformers] Setting `pad_token_id` to `eos_token_id`:151645 for open-end generation.
[1902/3000] valid=1217 correct=694 parse_failures=0
[transformers] Setting `pad_token_id` to `eos_token_id`:151645 for open-end generation.
[transformers] Setting `pad_token_id` to `eos_token_id`:151645 for open-end generation.
[1903/3000] valid=1218 correct=695 parse_failures=0
[transformers] Setting `pad_token_id` to `eos_token_id`:151645 for open-end generation.
[transformers] Setting `pad_token_id` to `eos_token_id`:151645 for open-end generation.
[1904/3000] valid=1218 correct=695 parse_failures=0
[transformers] Setting `pad_token_id` to `eos_token_id`:151645 for open-end generation.
[transformers] Setting `pad_token_id` to `eos_token_id`:151645 for open-end generation.
[1905/3000] valid=1219 correct=696 parse_failures=0
[transformers] Setting `pad_token_id` to `eos_token_id`:151645 for open-end generation.
[transformers] Setting `pad_token_id` to `eos_token_id`:151645 for open-end generation.
[1906/3000] valid=1220 correct=697 parse_failures=0
[transformers] Setting `pad_token_id` to `eos_token_id`:151645 for open-end generation.
[transformers] Setting `pad_token_id` to `eos_token_id`:151645 for open-end generation.
[1907/3000] valid=1220 correct=697 parse_failures=0
[transformers] Setting `pad_token_id` to `eos_token_id`:151645 for open-end generation.
[transformers] Setting `pad_token_id` to `eos_token_id`:151645 for open-end generation.
[1908/3000] valid=1220 correct=697 parse_failures=0
[transformers] Setting `pad_token_id` to `eos_token_id`:151645 for open-end generation.
[transformers] Setting `pad_token_id` to `eos_token_id`:151645 for open-end generation.
[1909/3000] valid=1220 correct=697 parse_failures=0
[transformers] Setting `pad_token_id` to `eos_token_id`:151645 for open-end generation.
[transformers] Setting `pad_token_id` to `eos_token_id`:151645 for open-end generation.
[1910/3000] valid=1220 correct=697 parse_failures=0
[transformers] Setting `pad_token_id` to `eos_token_id`:151645 for open-end generation.
[transformers] Setting `pad_token_id` to `eos_token_id`:151645 for open-end generation.
[1911/3000] valid=1220 correct=697 parse_failures=0
[transformers] Setting `pad_token_id` to `eos_token_id`:151645 for open-end generation.
[transformers] Setting `pad_token_id` to `eos_token_id`:151645 for open-end generation.
[1912/3000] valid=1220 correct=697 parse_failures=0
[transformers] Setting `pad_token_id` to `eos_token_id`:151645 for open-end generation.
[transformers] Setting `pad_token_id` to `eos_token_id`:151645 for open-end generation.
[1913/3000] valid=1221 correct=697 parse_failures=0
[transformers] Setting `pad_token_id` to `eos_token_id`:151645 for open-end generation.
[transformers] Setting `pad_token_id` to `eos_token_id`:151645 for open-end generation.
[1914/3000] valid=1221 correct=697 parse_failures=0
[transformers] Setting `pad_token_id` to `eos_token_id`:151645 for open-end generation.
[transformers] Setting `pad_token_id` to `eos_token_id`:151645 for open-end generation.
[1915/3000] valid=1221 correct=697 parse_failures=0
[transformers] Setting `pad_token_id` to `eos_token_id`:151645 for open-end generation.
[transformers] Setting `pad_token_id` to `eos_token_id`:151645 for open-end generation.
[1916/3000] valid=1221 correct=697 parse_failures=0
[transformers] Setting `pad_token_id` to `eos_token_id`:151645 for open-end generation.
[transformers] Setting `pad_token_id` to `eos_token_id`:151645 for open-end generation.
[1917/3000] valid=1221 correct=697 parse_failures=0
[transformers] Setting `pad_token_id` to `eos_token_id`:151645 for open-end generation.
[transformers] Setting `pad_token_id` to `eos_token_id`:151645 for open-end generation.
[1918/3000] valid=1222 correct=698 parse_failures=0
[transformers] Setting `pad_token_id` to `eos_token_id`:151645 for open-end generation.
[transformers] Setting `pad_token_id` to `eos_token_id`:151645 for open-end generation.
[1919/3000] valid=1222 correct=698 parse_failures=0
[transformers] Setting `pad_token_id` to `eos_token_id`:151645 for open-end generation.
[transformers] Setting `pad_token_id` to `eos_token_id`:151645 for open-end generation.
[1920/3000] valid=1223 correct=699 parse_failures=0
[transformers] Setting `pad_token_id` to `eos_token_id`:151645 for open-end generation.
[transformers] Setting `pad_token_id` to `eos_token_id`:151645 for open-end generation.
[1921/3000] valid=1223 correct=699 parse_failures=0
[transformers] Setting `pad_token_id` to `eos_token_id`:151645 for open-end generation.
[transformers] Setting `pad_token_id` to `eos_token_id`:151645 for open-end generation.
[1922/3000] valid=1224 correct=700 parse_failures=0
[transformers] Setting `pad_token_id` to `eos_token_id`:151645 for open-end generation.
[transformers] Setting `pad_token_id` to `eos_token_id`:151645 for open-end generation.
[1923/3000] valid=1224 correct=700 parse_failures=0
[transformers] Setting `pad_token_id` to `eos_token_id`:151645 for open-end generation.
[transformers] Setting `pad_token_id` to `eos_token_id`:151645 for open-end generation.
[1924/3000] valid=1224 correct=700 parse_failures=0
[transformers] Setting `pad_token_id` to `eos_token_id`:151645 for open-end generation.
[transformers] Setting `pad_token_id` to `eos_token_id`:151645 for open-end generation.
[1925/3000] valid=1225 correct=701 parse_failures=0
[transformers] Setting `pad_token_id` to `eos_token_id`:151645 for open-end generation.
[transformers] Setting `pad_token_id` to `eos_token_id`:151645 for open-end generation.
[1926/3000] valid=1226 correct=702 parse_failures=0
[transformers] Setting `pad_token_id` to `eos_token_id`:151645 for open-end generation.
[transformers] Setting `pad_token_id` to `eos_token_id`:151645 for open-end generation.
[1927/3000] valid=1226 correct=702 parse_failures=0
[transformers] Setting `pad_token_id` to `eos_token_id`:151645 for open-end generation.
[transformers] Setting `pad_token_id` to `eos_token_id`:151645 for open-end generation.
[1928/3000] valid=1226 correct=702 parse_failures=0
[transformers] Setting `pad_token_id` to `eos_token_id`:151645 for open-end generation.
[transformers] Setting `pad_token_id` to `eos_token_id`:151645 for open-end generation.
[1929/3000] valid=1227 correct=703 parse_failures=0
[transformers] Setting `pad_token_id` to `eos_token_id`:151645 for open-end generation.
[transformers] Setting `pad_token_id` to `eos_token_id`:151645 for open-end generation.
[1930/3000] valid=1228 correct=704 parse_failures=0
[transformers] Setting `pad_token_id` to `eos_token_id`:151645 for open-end generation.
[transformers] Setting `pad_token_id` to `eos_token_id`:151645 for open-end generation.
[1931/3000] valid=1229 correct=705 parse_failures=0
[transformers] Setting `pad_token_id` to `eos_token_id`:151645 for open-end generation.
[transformers] Setting `pad_token_id` to `eos_token_id`:151645 for open-end generation.
[1932/3000] valid=1229 correct=705 parse_failures=0
[transformers] Setting `pad_token_id` to `eos_token_id`:151645 for open-end generation.
[transformers] Setting `pad_token_id` to `eos_token_id`:151645 for open-end generation.
[1933/3000] valid=1229 correct=705 parse_failures=0
[transformers] Setting `pad_token_id` to `eos_token_id`:151645 for open-end generation.
[transformers] Setting `pad_token_id` to `eos_token_id`:151645 for open-end generation.
[1934/3000] valid=1230 correct=706 parse_failures=0
[transformers] Setting `pad_token_id` to `eos_token_id`:151645 for open-end generation.
[transformers] Setting `pad_token_id` to `eos_token_id`:151645 for open-end generation.
[1935/3000] valid=1230 correct=706 parse_failures=0
[transformers] Setting `pad_token_id` to `eos_token_id`:151645 for open-end generation.
[transformers] Setting `pad_token_id` to `eos_token_id`:151645 for open-end generation.
[1936/3000] valid=1230 correct=706 parse_failures=0
[transformers] Setting `pad_token_id` to `eos_token_id`:151645 for open-end generation.
[transformers] Setting `pad_token_id` to `eos_token_id`:151645 for open-end generation.
[1937/3000] valid=1231 correct=707 parse_failures=0
[transformers] Setting `pad_token_id` to `eos_token_id`:151645 for open-end generation.
[transformers] Setting `pad_token_id` to `eos_token_id`:151645 for open-end generation.
[1938/3000] valid=1232 correct=707 parse_failures=0
[transformers] Setting `pad_token_id` to `eos_token_id`:151645 for open-end generation.
[transformers] Setting `pad_token_id` to `eos_token_id`:151645 for open-end generation.
[1939/3000] valid=1233 correct=708 parse_failures=0
[transformers] Setting `pad_token_id` to `eos_token_id`:151645 for open-end generation.
[transformers] Setting `pad_token_id` to `eos_token_id`:151645 for open-end generation.
[1940/3000] valid=1234 correct=709 parse_failures=0
[transformers] Setting `pad_token_id` to `eos_token_id`:151645 for open-end generation.
[transformers] Setting `pad_token_id` to `eos_token_id`:151645 for open-end generation.
[1941/3000] valid=1235 correct=709 parse_failures=0
[transformers] Setting `pad_token_id` to `eos_token_id`:151645 for open-end generation.
[transformers] Setting `pad_token_id` to `eos_token_id`:151645 for open-end generation.
[1942/3000] valid=1236 correct=709 parse_failures=0
[transformers] Setting `pad_token_id` to `eos_token_id`:151645 for open-end generation.
[transformers] Setting `pad_token_id` to `eos_token_id`:151645 for open-end generation.
[1943/3000] valid=1237 correct=709 parse_failures=0
[transformers] Setting `pad_token_id` to `eos_token_id`:151645 for open-end generation.
[transformers] Setting `pad_token_id` to `eos_token_id`:151645 for open-end generation.
[1944/3000] valid=1237 correct=709 parse_failures=0
[transformers] Setting `pad_token_id` to `eos_token_id`:151645 for open-end generation.
[transformers] Setting `pad_token_id` to `eos_token_id`:151645 for open-end generation.
[1945/3000] valid=1238 correct=710 parse_failures=0
[transformers] Setting `pad_token_id` to `eos_token_id`:151645 for open-end generation.
[transformers] Setting `pad_token_id` to `eos_token_id`:151645 for open-end generation.
[1946/3000] valid=1238 correct=710 parse_failures=0
[transformers] Setting `pad_token_id` to `eos_token_id`:151645 for open-end generation.
[transformers] Setting `pad_token_id` to `eos_token_id`:151645 for open-end generation.
[1947/3000] valid=1239 correct=710 parse_failures=0
[transformers] Setting `pad_token_id` to `eos_token_id`:151645 for open-end generation.
[transformers] Setting `pad_token_id` to `eos_token_id`:151645 for open-end generation.
[1948/3000] valid=1240 correct=710 parse_failures=0
[transformers] Setting `pad_token_id` to `eos_token_id`:151645 for open-end generation.
[transformers] Setting `pad_token_id` to `eos_token_id`:151645 for open-end generation.
[1949/3000] valid=1241 correct=710 parse_failures=0
[transformers] Setting `pad_token_id` to `eos_token_id`:151645 for open-end generation.
[transformers] Setting `pad_token_id` to `eos_token_id`:151645 for open-end generation.
[1950/3000] valid=1242 correct=710 parse_failures=0
[transformers] Setting `pad_token_id` to `eos_token_id`:151645 for open-end generation.
[transformers] Setting `pad_token_id` to `eos_token_id`:151645 for open-end generation.
[1951/3000] valid=1243 correct=710 parse_failures=0
[transformers] Setting `pad_token_id` to `eos_token_id`:151645 for open-end generation.
[transformers] Setting `pad_token_id` to `eos_token_id`:151645 for open-end generation.
[1952/3000] valid=1243 correct=710 parse_failures=0
[transformers] Setting `pad_token_id` to `eos_token_id`:151645 for open-end generation.
[transformers] Setting `pad_token_id` to `eos_token_id`:151645 for open-end generation.
[1953/3000] valid=1243 correct=710 parse_failures=0
[transformers] Setting `pad_token_id` to `eos_token_id`:151645 for open-end generation.
[transformers] Setting `pad_token_id` to `eos_token_id`:151645 for open-end generation.
[1954/3000] valid=1243 correct=710 parse_failures=0
[transformers] Setting `pad_token_id` to `eos_token_id`:151645 for open-end generation.
[transformers] Setting `pad_token_id` to `eos_token_id`:151645 for open-end generation.
[1955/3000] valid=1244 correct=710 parse_failures=0
[transformers] Setting `pad_token_id` to `eos_token_id`:151645 for open-end generation.
[transformers] Setting `pad_token_id` to `eos_token_id`:151645 for open-end generation.
[1956/3000] valid=1245 correct=711 parse_failures=0
[transformers] Setting `pad_token_id` to `eos_token_id`:151645 for open-end generation.
[transformers] Setting `pad_token_id` to `eos_token_id`:151645 for open-end generation.
[1957/3000] valid=1245 correct=711 parse_failures=0
[transformers] Setting `pad_token_id` to `eos_token_id`:151645 for open-end generation.
[transformers] Setting `pad_token_id` to `eos_token_id`:151645 for open-end generation.
[1958/3000] valid=1245 correct=711 parse_failures=0
[transformers] Setting `pad_token_id` to `eos_token_id`:151645 for open-end generation.
[transformers] Setting `pad_token_id` to `eos_token_id`:151645 for open-end generation.
[1959/3000] valid=1246 correct=711 parse_failures=0
[transformers] Setting `pad_token_id` to `eos_token_id`:151645 for open-end generation.
[transformers] Setting `pad_token_id` to `eos_token_id`:151645 for open-end generation.
[1960/3000] valid=1246 correct=711 parse_failures=0
[transformers] Setting `pad_token_id` to `eos_token_id`:151645 for open-end generation.
[transformers] Setting `pad_token_id` to `eos_token_id`:151645 for open-end generation.
[1961/3000] valid=1246 correct=711 parse_failures=0
[transformers] Setting `pad_token_id` to `eos_token_id`:151645 for open-end generation.
[transformers] Setting `pad_token_id` to `eos_token_id`:151645 for open-end generation.
[1962/3000] valid=1247 correct=712 parse_failures=0
[transformers] Setting `pad_token_id` to `eos_token_id`:151645 for open-end generation.
[transformers] Setting `pad_token_id` to `eos_token_id`:151645 for open-end generation.
[1963/3000] valid=1247 correct=712 parse_failures=0
[transformers] Setting `pad_token_id` to `eos_token_id`:151645 for open-end generation.
[transformers] Setting `pad_token_id` to `eos_token_id`:151645 for open-end generation.
[1964/3000] valid=1247 correct=712 parse_failures=0
[transformers] Setting `pad_token_id` to `eos_token_id`:151645 for open-end generation.
[transformers] Setting `pad_token_id` to `eos_token_id`:151645 for open-end generation.
[1965/3000] valid=1247 correct=712 parse_failures=0
[transformers] Setting `pad_token_id` to `eos_token_id`:151645 for open-end generation.
[transformers] Setting `pad_token_id` to `eos_token_id`:151645 for open-end generation.
[1966/3000] valid=1247 correct=712 parse_failures=0
[transformers] Setting `pad_token_id` to `eos_token_id`:151645 for open-end generation.
[transformers] Setting `pad_token_id` to `eos_token_id`:151645 for open-end generation.
[1967/3000] valid=1248 correct=712 parse_failures=0
[transformers] Setting `pad_token_id` to `eos_token_id`:151645 for open-end generation.
[transformers] Setting `pad_token_id` to `eos_token_id`:151645 for open-end generation.
[1968/3000] valid=1248 correct=712 parse_failures=0
[transformers] Setting `pad_token_id` to `eos_token_id`:151645 for open-end generation.
[transformers] Setting `pad_token_id` to `eos_token_id`:151645 for open-end generation.
[1969/3000] valid=1248 correct=712 parse_failures=0
[transformers] Setting `pad_token_id` to `eos_token_id`:151645 for open-end generation.
[transformers] Setting `pad_token_id` to `eos_token_id`:151645 for open-end generation.
[1970/3000] valid=1249 correct=712 parse_failures=0
[transformers] Setting `pad_token_id` to `eos_token_id`:151645 for open-end generation.
[transformers] Setting `pad_token_id` to `eos_token_id`:151645 for open-end generation.
[1971/3000] valid=1249 correct=712 parse_failures=0
[transformers] Setting `pad_token_id` to `eos_token_id`:151645 for open-end generation.
[transformers] Setting `pad_token_id` to `eos_token_id`:151645 for open-end generation.
[1972/3000] valid=1249 correct=712 parse_failures=0
[transformers] Setting `pad_token_id` to `eos_token_id`:151645 for open-end generation.
[transformers] Setting `pad_token_id` to `eos_token_id`:151645 for open-end generation.
[1973/3000] valid=1250 correct=713 parse_failures=0
[transformers] Setting `pad_token_id` to `eos_token_id`:151645 for open-end generation.
[transformers] Setting `pad_token_id` to `eos_token_id`:151645 for open-end generation.
[1974/3000] valid=1251 correct=713 parse_failures=0
[transformers] Setting `pad_token_id` to `eos_token_id`:151645 for open-end generation.
[transformers] Setting `pad_token_id` to `eos_token_id`:151645 for open-end generation.
[1975/3000] valid=1252 correct=714 parse_failures=0
[transformers] Setting `pad_token_id` to `eos_token_id`:151645 for open-end generation.
[transformers] Setting `pad_token_id` to `eos_token_id`:151645 for open-end generation.
[1976/3000] valid=1252 correct=714 parse_failures=0
[transformers] Setting `pad_token_id` to `eos_token_id`:151645 for open-end generation.
[transformers] Setting `pad_token_id` to `eos_token_id`:151645 for open-end generation.
[1977/3000] valid=1252 correct=714 parse_failures=0
[transformers] Setting `pad_token_id` to `eos_token_id`:151645 for open-end generation.
[transformers] Setting `pad_token_id` to `eos_token_id`:151645 for open-end generation.
[1978/3000] valid=1252 correct=714 parse_failures=0
[transformers] Setting `pad_token_id` to `eos_token_id`:151645 for open-end generation.
[transformers] Setting `pad_token_id` to `eos_token_id`:151645 for open-end generation.
[1979/3000] valid=1252 correct=714 parse_failures=0
[transformers] Setting `pad_token_id` to `eos_token_id`:151645 for open-end generation.
[transformers] Setting `pad_token_id` to `eos_token_id`:151645 for open-end generation.
[1980/3000] valid=1252 correct=714 parse_failures=0
[transformers] Setting `pad_token_id` to `eos_token_id`:151645 for open-end generation.
[transformers] Setting `pad_token_id` to `eos_token_id`:151645 for open-end generation.
[1981/3000] valid=1253 correct=715 parse_failures=0
[transformers] Setting `pad_token_id` to `eos_token_id`:151645 for open-end generation.
[transformers] Setting `pad_token_id` to `eos_token_id`:151645 for open-end generation.
[1982/3000] valid=1254 correct=716 parse_failures=0
[transformers] Setting `pad_token_id` to `eos_token_id`:151645 for open-end generation.
[transformers] Setting `pad_token_id` to `eos_token_id`:151645 for open-end generation.
[1983/3000] valid=1254 correct=716 parse_failures=0
[transformers] Setting `pad_token_id` to `eos_token_id`:151645 for open-end generation.
[transformers] Setting `pad_token_id` to `eos_token_id`:151645 for open-end generation.
[1984/3000] valid=1254 correct=716 parse_failures=0
[transformers] Setting `pad_token_id` to `eos_token_id`:151645 for open-end generation.
[transformers] Setting `pad_token_id` to `eos_token_id`:151645 for open-end generation.
[1985/3000] valid=1254 correct=716 parse_failures=0
[transformers] Setting `pad_token_id` to `eos_token_id`:151645 for open-end generation.
[transformers] Setting `pad_token_id` to `eos_token_id`:151645 for open-end generation.
[1986/3000] valid=1255 correct=716 parse_failures=0
[transformers] Setting `pad_token_id` to `eos_token_id`:151645 for open-end generation.
[transformers] Setting `pad_token_id` to `eos_token_id`:151645 for open-end generation.
[1987/3000] valid=1255 correct=716 parse_failures=0
[transformers] Setting `pad_token_id` to `eos_token_id`:151645 for open-end generation.
[transformers] Setting `pad_token_id` to `eos_token_id`:151645 for open-end generation.
[1988/3000] valid=1255 correct=716 parse_failures=0
[transformers] Setting `pad_token_id` to `eos_token_id`:151645 for open-end generation.
[transformers] Setting `pad_token_id` to `eos_token_id`:151645 for open-end generation.
[1989/3000] valid=1255 correct=716 parse_failures=0
[transformers] Setting `pad_token_id` to `eos_token_id`:151645 for open-end generation.
[transformers] Setting `pad_token_id` to `eos_token_id`:151645 for open-end generation.
[1990/3000] valid=1255 correct=716 parse_failures=0
[transformers] Setting `pad_token_id` to `eos_token_id`:151645 for open-end generation.
[transformers] Setting `pad_token_id` to `eos_token_id`:151645 for open-end generation.
[1991/3000] valid=1255 correct=716 parse_failures=0
[transformers] Setting `pad_token_id` to `eos_token_id`:151645 for open-end generation.
[transformers] Setting `pad_token_id` to `eos_token_id`:151645 for open-end generation.
[1992/3000] valid=1255 correct=716 parse_failures=0
[transformers] Setting `pad_token_id` to `eos_token_id`:151645 for open-end generation.
[transformers] Setting `pad_token_id` to `eos_token_id`:151645 for open-end generation.
[1993/3000] valid=1255 correct=716 parse_failures=0
[transformers] Setting `pad_token_id` to `eos_token_id`:151645 for open-end generation.
[transformers] Setting `pad_token_id` to `eos_token_id`:151645 for open-end generation.
[1994/3000] valid=1255 correct=716 parse_failures=0
[transformers] Setting `pad_token_id` to `eos_token_id`:151645 for open-end generation.
[transformers] Setting `pad_token_id` to `eos_token_id`:151645 for open-end generation.
[1995/3000] valid=1255 correct=716 parse_failures=0
[transformers] Setting `pad_token_id` to `eos_token_id`:151645 for open-end generation.
[transformers] Setting `pad_token_id` to `eos_token_id`:151645 for open-end generation.
[1996/3000] valid=1256 correct=717 parse_failures=0
[transformers] Setting `pad_token_id` to `eos_token_id`:151645 for open-end generation.
[transformers] Setting `pad_token_id` to `eos_token_id`:151645 for open-end generation.
[1997/3000] valid=1257 correct=718 parse_failures=0
[transformers] Setting `pad_token_id` to `eos_token_id`:151645 for open-end generation.
[transformers] Setting `pad_token_id` to `eos_token_id`:151645 for open-end generation.
[1998/3000] valid=1258 correct=718 parse_failures=0
[transformers] Setting `pad_token_id` to `eos_token_id`:151645 for open-end generation.
[transformers] Setting `pad_token_id` to `eos_token_id`:151645 for open-end generation.
[1999/3000] valid=1258 correct=718 parse_failures=0
[transformers] Setting `pad_token_id` to `eos_token_id`:151645 for open-end generation.
[transformers] Setting `pad_token_id` to `eos_token_id`:151645 for open-end generation.
[2000/3000] valid=1258 correct=718 parse_failures=0
[transformers] Setting `pad_token_id` to `eos_token_id`:151645 for open-end generation.
[transformers] Setting `pad_token_id` to `eos_token_id`:151645 for open-end generation.
[2001/3000] valid=1258 correct=718 parse_failures=0
[transformers] Setting `pad_token_id` to `eos_token_id`:151645 for open-end generation.
[transformers] Setting `pad_token_id` to `eos_token_id`:151645 for open-end generation.
[2002/3000] valid=1259 correct=719 parse_failures=0
[transformers] Setting `pad_token_id` to `eos_token_id`:151645 for open-end generation.
[transformers] Setting `pad_token_id` to `eos_token_id`:151645 for open-end generation.
[2003/3000] valid=1260 correct=720 parse_failures=0
[transformers] Setting `pad_token_id` to `eos_token_id`:151645 for open-end generation.
[transformers] Setting `pad_token_id` to `eos_token_id`:151645 for open-end generation.
[2004/3000] valid=1260 correct=720 parse_failures=0
[transformers] Setting `pad_token_id` to `eos_token_id`:151645 for open-end generation.
[transformers] Setting `pad_token_id` to `eos_token_id`:151645 for open-end generation.
[2005/3000] valid=1261 correct=720 parse_failures=0
[transformers] Setting `pad_token_id` to `eos_token_id`:151645 for open-end generation.
[transformers] Setting `pad_token_id` to `eos_token_id`:151645 for open-end generation.
[2006/3000] valid=1262 correct=720 parse_failures=0
[transformers] Setting `pad_token_id` to `eos_token_id`:151645 for open-end generation.
[transformers] Setting `pad_token_id` to `eos_token_id`:151645 for open-end generation.
[2007/3000] valid=1263 correct=721 parse_failures=0
[transformers] Setting `pad_token_id` to `eos_token_id`:151645 for open-end generation.
[transformers] Setting `pad_token_id` to `eos_token_id`:151645 for open-end generation.
[2008/3000] valid=1263 correct=721 parse_failures=0
[transformers] Setting `pad_token_id` to `eos_token_id`:151645 for open-end generation.
[transformers] Setting `pad_token_id` to `eos_token_id`:151645 for open-end generation.
[2009/3000] valid=1263 correct=721 parse_failures=0
[transformers] Setting `pad_token_id` to `eos_token_id`:151645 for open-end generation.
[transformers] Setting `pad_token_id` to `eos_token_id`:151645 for open-end generation.
[2010/3000] valid=1263 correct=721 parse_failures=0
[transformers] Setting `pad_token_id` to `eos_token_id`:151645 for open-end generation.
[transformers] Setting `pad_token_id` to `eos_token_id`:151645 for open-end generation.
[2011/3000] valid=1264 correct=722 parse_failures=0
[transformers] Setting `pad_token_id` to `eos_token_id`:151645 for open-end generation.
[transformers] Setting `pad_token_id` to `eos_token_id`:151645 for open-end generation.
[2012/3000] valid=1265 correct=723 parse_failures=0
[transformers] Setting `pad_token_id` to `eos_token_id`:151645 for open-end generation.
[transformers] Setting `pad_token_id` to `eos_token_id`:151645 for open-end generation.
[2013/3000] valid=1266 correct=724 parse_failures=0
[transformers] Setting `pad_token_id` to `eos_token_id`:151645 for open-end generation.
[transformers] Setting `pad_token_id` to `eos_token_id`:151645 for open-end generation.
[2014/3000] valid=1266 correct=724 parse_failures=0
[transformers] Setting `pad_token_id` to `eos_token_id`:151645 for open-end generation.
[transformers] Setting `pad_token_id` to `eos_token_id`:151645 for open-end generation.
[2015/3000] valid=1267 correct=724 parse_failures=0
[transformers] Setting `pad_token_id` to `eos_token_id`:151645 for open-end generation.
[transformers] Setting `pad_token_id` to `eos_token_id`:151645 for open-end generation.
[2016/3000] valid=1267 correct=724 parse_failures=0
[transformers] Setting `pad_token_id` to `eos_token_id`:151645 for open-end generation.
[transformers] Setting `pad_token_id` to `eos_token_id`:151645 for open-end generation.
[2017/3000] valid=1267 correct=724 parse_failures=0
[transformers] Setting `pad_token_id` to `eos_token_id`:151645 for open-end generation.
[transformers] Setting `pad_token_id` to `eos_token_id`:151645 for open-end generation.
[2018/3000] valid=1267 correct=724 parse_failures=0
[transformers] Setting `pad_token_id` to `eos_token_id`:151645 for open-end generation.
[transformers] Setting `pad_token_id` to `eos_token_id`:151645 for open-end generation.
[2019/3000] valid=1267 correct=724 parse_failures=0
[transformers] Setting `pad_token_id` to `eos_token_id`:151645 for open-end generation.
[transformers] Setting `pad_token_id` to `eos_token_id`:151645 for open-end generation.
[2020/3000] valid=1268 correct=724 parse_failures=0
[transformers] Setting `pad_token_id` to `eos_token_id`:151645 for open-end generation.
[transformers] Setting `pad_token_id` to `eos_token_id`:151645 for open-end generation.
[2021/3000] valid=1269 correct=725 parse_failures=0
[transformers] Setting `pad_token_id` to `eos_token_id`:151645 for open-end generation.
[transformers] Setting `pad_token_id` to `eos_token_id`:151645 for open-end generation.
[2022/3000] valid=1269 correct=725 parse_failures=0
[transformers] Setting `pad_token_id` to `eos_token_id`:151645 for open-end generation.
[transformers] Setting `pad_token_id` to `eos_token_id`:151645 for open-end generation.
[2023/3000] valid=1270 correct=726 parse_failures=0
[transformers] Setting `pad_token_id` to `eos_token_id`:151645 for open-end generation.
[transformers] Setting `pad_token_id` to `eos_token_id`:151645 for open-end generation.
[2024/3000] valid=1271 correct=727 parse_failures=0
[transformers] Setting `pad_token_id` to `eos_token_id`:151645 for open-end generation.
[transformers] Setting `pad_token_id` to `eos_token_id`:151645 for open-end generation.
[2025/3000] valid=1272 correct=728 parse_failures=0
[transformers] Setting `pad_token_id` to `eos_token_id`:151645 for open-end generation.
[transformers] Setting `pad_token_id` to `eos_token_id`:151645 for open-end generation.
[2026/3000] valid=1273 correct=729 parse_failures=0
[transformers] Setting `pad_token_id` to `eos_token_id`:151645 for open-end generation.
[transformers] Setting `pad_token_id` to `eos_token_id`:151645 for open-end generation.
[2027/3000] valid=1274 correct=730 parse_failures=0
[transformers] Setting `pad_token_id` to `eos_token_id`:151645 for open-end generation.
[transformers] Setting `pad_token_id` to `eos_token_id`:151645 for open-end generation.
[2028/3000] valid=1275 correct=731 parse_failures=0
[transformers] Setting `pad_token_id` to `eos_token_id`:151645 for open-end generation.
[transformers] Setting `pad_token_id` to `eos_token_id`:151645 for open-end generation.
[2029/3000] valid=1275 correct=731 parse_failures=0
[transformers] Setting `pad_token_id` to `eos_token_id`:151645 for open-end generation.
[transformers] Setting `pad_token_id` to `eos_token_id`:151645 for open-end generation.
[2030/3000] valid=1276 correct=731 parse_failures=0
[transformers] Setting `pad_token_id` to `eos_token_id`:151645 for open-end generation.
[transformers] Setting `pad_token_id` to `eos_token_id`:151645 for open-end generation.
[2031/3000] valid=1277 correct=732 parse_failures=0
[transformers] Setting `pad_token_id` to `eos_token_id`:151645 for open-end generation.
[transformers] Setting `pad_token_id` to `eos_token_id`:151645 for open-end generation.
[2032/3000] valid=1277 correct=732 parse_failures=0
[transformers] Setting `pad_token_id` to `eos_token_id`:151645 for open-end generation.
[transformers] Setting `pad_token_id` to `eos_token_id`:151645 for open-end generation.
[2033/3000] valid=1278 correct=733 parse_failures=0
[transformers] Setting `pad_token_id` to `eos_token_id`:151645 for open-end generation.
[transformers] Setting `pad_token_id` to `eos_token_id`:151645 for open-end generation.
[2034/3000] valid=1279 correct=733 parse_failures=0
[transformers] Setting `pad_token_id` to `eos_token_id`:151645 for open-end generation.
[transformers] Setting `pad_token_id` to `eos_token_id`:151645 for open-end generation.
[2035/3000] valid=1280 correct=734 parse_failures=0
[transformers] Setting `pad_token_id` to `eos_token_id`:151645 for open-end generation.
[transformers] Setting `pad_token_id` to `eos_token_id`:151645 for open-end generation.
[2036/3000] valid=1281 correct=735 parse_failures=0
[transformers] Setting `pad_token_id` to `eos_token_id`:151645 for open-end generation.
[transformers] Setting `pad_token_id` to `eos_token_id`:151645 for open-end generation.
[2037/3000] valid=1281 correct=735 parse_failures=0
[transformers] Setting `pad_token_id` to `eos_token_id`:151645 for open-end generation.
[transformers] Setting `pad_token_id` to `eos_token_id`:151645 for open-end generation.
[2038/3000] valid=1282 correct=736 parse_failures=0
[transformers] Setting `pad_token_id` to `eos_token_id`:151645 for open-end generation.
[transformers] Setting `pad_token_id` to `eos_token_id`:151645 for open-end generation.
[2039/3000] valid=1283 correct=737 parse_failures=0
[transformers] Setting `pad_token_id` to `eos_token_id`:151645 for open-end generation.
[transformers] Setting `pad_token_id` to `eos_token_id`:151645 for open-end generation.
[2040/3000] valid=1284 correct=737 parse_failures=0
[transformers] Setting `pad_token_id` to `eos_token_id`:151645 for open-end generation.
[transformers] Setting `pad_token_id` to `eos_token_id`:151645 for open-end generation.
[2041/3000] valid=1285 correct=738 parse_failures=0
[transformers] Setting `pad_token_id` to `eos_token_id`:151645 for open-end generation.
[transformers] Setting `pad_token_id` to `eos_token_id`:151645 for open-end generation.
[2042/3000] valid=1285 correct=738 parse_failures=0
[transformers] Setting `pad_token_id` to `eos_token_id`:151645 for open-end generation.
[transformers] Setting `pad_token_id` to `eos_token_id`:151645 for open-end generation.
[2043/3000] valid=1285 correct=738 parse_failures=0
[transformers] Setting `pad_token_id` to `eos_token_id`:151645 for open-end generation.
[transformers] Setting `pad_token_id` to `eos_token_id`:151645 for open-end generation.
[2044/3000] valid=1285 correct=738 parse_failures=0
[transformers] Setting `pad_token_id` to `eos_token_id`:151645 for open-end generation.
[transformers] Setting `pad_token_id` to `eos_token_id`:151645 for open-end generation.
[2045/3000] valid=1286 correct=739 parse_failures=0
[transformers] Setting `pad_token_id` to `eos_token_id`:151645 for open-end generation.
[transformers] Setting `pad_token_id` to `eos_token_id`:151645 for open-end generation.
[2046/3000] valid=1287 correct=740 parse_failures=0
[transformers] Setting `pad_token_id` to `eos_token_id`:151645 for open-end generation.
[transformers] Setting `pad_token_id` to `eos_token_id`:151645 for open-end generation.
[2047/3000] valid=1287 correct=740 parse_failures=0
[transformers] Setting `pad_token_id` to `eos_token_id`:151645 for open-end generation.
[transformers] Setting `pad_token_id` to `eos_token_id`:151645 for open-end generation.
[2048/3000] valid=1288 correct=741 parse_failures=0
[transformers] Setting `pad_token_id` to `eos_token_id`:151645 for open-end generation.
[transformers] Setting `pad_token_id` to `eos_token_id`:151645 for open-end generation.
[2049/3000] valid=1289 correct=741 parse_failures=0
[transformers] Setting `pad_token_id` to `eos_token_id`:151645 for open-end generation.
[transformers] Setting `pad_token_id` to `eos_token_id`:151645 for open-end generation.
[2050/3000] valid=1289 correct=741 parse_failures=0
[transformers] Setting `pad_token_id` to `eos_token_id`:151645 for open-end generation.
[transformers] Setting `pad_token_id` to `eos_token_id`:151645 for open-end generation.
[2051/3000] valid=1290 correct=742 parse_failures=0
[transformers] Setting `pad_token_id` to `eos_token_id`:151645 for open-end generation.
[transformers] Setting `pad_token_id` to `eos_token_id`:151645 for open-end generation.
[2052/3000] valid=1291 correct=742 parse_failures=0
[transformers] Setting `pad_token_id` to `eos_token_id`:151645 for open-end generation.
[transformers] Setting `pad_token_id` to `eos_token_id`:151645 for open-end generation.
[2053/3000] valid=1292 correct=742 parse_failures=0
[transformers] Setting `pad_token_id` to `eos_token_id`:151645 for open-end generation.
[transformers] Setting `pad_token_id` to `eos_token_id`:151645 for open-end generation.
[2054/3000] valid=1292 correct=742 parse_failures=0
[transformers] Setting `pad_token_id` to `eos_token_id`:151645 for open-end generation.
[transformers] Setting `pad_token_id` to `eos_token_id`:151645 for open-end generation.
[2055/3000] valid=1293 correct=743 parse_failures=0
[transformers] Setting `pad_token_id` to `eos_token_id`:151645 for open-end generation.
[transformers] Setting `pad_token_id` to `eos_token_id`:151645 for open-end generation.
[2056/3000] valid=1294 correct=744 parse_failures=0
[transformers] Setting `pad_token_id` to `eos_token_id`:151645 for open-end generation.
[transformers] Setting `pad_token_id` to `eos_token_id`:151645 for open-end generation.
[2057/3000] valid=1295 correct=744 parse_failures=0
[transformers] Setting `pad_token_id` to `eos_token_id`:151645 for open-end generation.
[transformers] Setting `pad_token_id` to `eos_token_id`:151645 for open-end generation.
[2058/3000] valid=1296 correct=745 parse_failures=0
[transformers] Setting `pad_token_id` to `eos_token_id`:151645 for open-end generation.
[transformers] Setting `pad_token_id` to `eos_token_id`:151645 for open-end generation.
[2059/3000] valid=1297 correct=745 parse_failures=0
[transformers] Setting `pad_token_id` to `eos_token_id`:151645 for open-end generation.
[transformers] Setting `pad_token_id` to `eos_token_id`:151645 for open-end generation.
[2060/3000] valid=1297 correct=745 parse_failures=0
[transformers] Setting `pad_token_id` to `eos_token_id`:151645 for open-end generation.
[transformers] Setting `pad_token_id` to `eos_token_id`:151645 for open-end generation.
[2061/3000] valid=1298 correct=745 parse_failures=0
[transformers] Setting `pad_token_id` to `eos_token_id`:151645 for open-end generation.
[transformers] Setting `pad_token_id` to `eos_token_id`:151645 for open-end generation.
[2062/3000] valid=1298 correct=745 parse_failures=0
[transformers] Setting `pad_token_id` to `eos_token_id`:151645 for open-end generation.
[transformers] Setting `pad_token_id` to `eos_token_id`:151645 for open-end generation.
[2063/3000] valid=1298 correct=745 parse_failures=0
[transformers] Setting `pad_token_id` to `eos_token_id`:151645 for open-end generation.
[transformers] Setting `pad_token_id` to `eos_token_id`:151645 for open-end generation.
[2064/3000] valid=1299 correct=745 parse_failures=0
[transformers] Setting `pad_token_id` to `eos_token_id`:151645 for open-end generation.
[transformers] Setting `pad_token_id` to `eos_token_id`:151645 for open-end generation.
[2065/3000] valid=1299 correct=745 parse_failures=0
[transformers] Setting `pad_token_id` to `eos_token_id`:151645 for open-end generation.
[transformers] Setting `pad_token_id` to `eos_token_id`:151645 for open-end generation.
[2066/3000] valid=1299 correct=745 parse_failures=0
[transformers] Setting `pad_token_id` to `eos_token_id`:151645 for open-end generation.
[transformers] Setting `pad_token_id` to `eos_token_id`:151645 for open-end generation.
[2067/3000] valid=1299 correct=745 parse_failures=0
[transformers] Setting `pad_token_id` to `eos_token_id`:151645 for open-end generation.
[transformers] Setting `pad_token_id` to `eos_token_id`:151645 for open-end generation.
[2068/3000] valid=1300 correct=745 parse_failures=0
[transformers] Setting `pad_token_id` to `eos_token_id`:151645 for open-end generation.
[transformers] Setting `pad_token_id` to `eos_token_id`:151645 for open-end generation.
[2069/3000] valid=1301 correct=746 parse_failures=0
[transformers] Setting `pad_token_id` to `eos_token_id`:151645 for open-end generation.
[transformers] Setting `pad_token_id` to `eos_token_id`:151645 for open-end generation.
[2070/3000] valid=1301 correct=746 parse_failures=0
[transformers] Setting `pad_token_id` to `eos_token_id`:151645 for open-end generation.
[transformers] Setting `pad_token_id` to `eos_token_id`:151645 for open-end generation.
[2071/3000] valid=1302 correct=747 parse_failures=0
[transformers] Setting `pad_token_id` to `eos_token_id`:151645 for open-end generation.
[transformers] Setting `pad_token_id` to `eos_token_id`:151645 for open-end generation.
[2072/3000] valid=1303 correct=748 parse_failures=0
[transformers] Setting `pad_token_id` to `eos_token_id`:151645 for open-end generation.
[transformers] Setting `pad_token_id` to `eos_token_id`:151645 for open-end generation.
[2073/3000] valid=1304 correct=749 parse_failures=0
[transformers] Setting `pad_token_id` to `eos_token_id`:151645 for open-end generation.
[transformers] Setting `pad_token_id` to `eos_token_id`:151645 for open-end generation.
[2074/3000] valid=1305 correct=749 parse_failures=0
[transformers] Setting `pad_token_id` to `eos_token_id`:151645 for open-end generation.
[transformers] Setting `pad_token_id` to `eos_token_id`:151645 for open-end generation.
[2075/3000] valid=1306 correct=750 parse_failures=0
[transformers] Setting `pad_token_id` to `eos_token_id`:151645 for open-end generation.
[transformers] Setting `pad_token_id` to `eos_token_id`:151645 for open-end generation.
[2076/3000] valid=1307 correct=751 parse_failures=0
[transformers] Setting `pad_token_id` to `eos_token_id`:151645 for open-end generation.
[transformers] Setting `pad_token_id` to `eos_token_id`:151645 for open-end generation.
[2077/3000] valid=1308 correct=752 parse_failures=0
[transformers] Setting `pad_token_id` to `eos_token_id`:151645 for open-end generation.
[transformers] Setting `pad_token_id` to `eos_token_id`:151645 for open-end generation.
[2078/3000] valid=1308 correct=752 parse_failures=0
[transformers] Setting `pad_token_id` to `eos_token_id`:151645 for open-end generation.
[transformers] Setting `pad_token_id` to `eos_token_id`:151645 for open-end generation.
[2079/3000] valid=1309 correct=753 parse_failures=0
[transformers] Setting `pad_token_id` to `eos_token_id`:151645 for open-end generation.
[transformers] Setting `pad_token_id` to `eos_token_id`:151645 for open-end generation.
[2080/3000] valid=1310 correct=753 parse_failures=0
[transformers] Setting `pad_token_id` to `eos_token_id`:151645 for open-end generation.
[transformers] Setting `pad_token_id` to `eos_token_id`:151645 for open-end generation.
[2081/3000] valid=1311 correct=753 parse_failures=0
[transformers] Setting `pad_token_id` to `eos_token_id`:151645 for open-end generation.
[transformers] Setting `pad_token_id` to `eos_token_id`:151645 for open-end generation.
[2082/3000] valid=1312 correct=754 parse_failures=0
[transformers] Setting `pad_token_id` to `eos_token_id`:151645 for open-end generation.
[transformers] Setting `pad_token_id` to `eos_token_id`:151645 for open-end generation.
[2083/3000] valid=1313 correct=754 parse_failures=0
[transformers] Setting `pad_token_id` to `eos_token_id`:151645 for open-end generation.
[transformers] Setting `pad_token_id` to `eos_token_id`:151645 for open-end generation.
[2084/3000] valid=1314 correct=755 parse_failures=0
[transformers] Setting `pad_token_id` to `eos_token_id`:151645 for open-end generation.
[transformers] Setting `pad_token_id` to `eos_token_id`:151645 for open-end generation.
[2085/3000] valid=1315 correct=755 parse_failures=0
[transformers] Setting `pad_token_id` to `eos_token_id`:151645 for open-end generation.
[transformers] Setting `pad_token_id` to `eos_token_id`:151645 for open-end generation.
[2086/3000] valid=1315 correct=755 parse_failures=0
[transformers] Setting `pad_token_id` to `eos_token_id`:151645 for open-end generation.
[transformers] Setting `pad_token_id` to `eos_token_id`:151645 for open-end generation.
[2087/3000] valid=1315 correct=755 parse_failures=0
[transformers] Setting `pad_token_id` to `eos_token_id`:151645 for open-end generation.
[transformers] Setting `pad_token_id` to `eos_token_id`:151645 for open-end generation.
[2088/3000] valid=1316 correct=755 parse_failures=0
[transformers] Setting `pad_token_id` to `eos_token_id`:151645 for open-end generation.
[transformers] Setting `pad_token_id` to `eos_token_id`:151645 for open-end generation.
[2089/3000] valid=1317 correct=755 parse_failures=0
[transformers] Setting `pad_token_id` to `eos_token_id`:151645 for open-end generation.
[transformers] Setting `pad_token_id` to `eos_token_id`:151645 for open-end generation.
[2090/3000] valid=1318 correct=755 parse_failures=0
[transformers] Setting `pad_token_id` to `eos_token_id`:151645 for open-end generation.
[transformers] Setting `pad_token_id` to `eos_token_id`:151645 for open-end generation.
[2091/3000] valid=1318 correct=755 parse_failures=0
[transformers] Setting `pad_token_id` to `eos_token_id`:151645 for open-end generation.
[transformers] Setting `pad_token_id` to `eos_token_id`:151645 for open-end generation.
[2092/3000] valid=1318 correct=755 parse_failures=0
[transformers] Setting `pad_token_id` to `eos_token_id`:151645 for open-end generation.
[transformers] Setting `pad_token_id` to `eos_token_id`:151645 for open-end generation.
[2093/3000] valid=1319 correct=755 parse_failures=0
[transformers] Setting `pad_token_id` to `eos_token_id`:151645 for open-end generation.
[transformers] Setting `pad_token_id` to `eos_token_id`:151645 for open-end generation.
[2094/3000] valid=1319 correct=755 parse_failures=0
[transformers] Setting `pad_token_id` to `eos_token_id`:151645 for open-end generation.
[transformers] Setting `pad_token_id` to `eos_token_id`:151645 for open-end generation.
[2095/3000] valid=1319 correct=755 parse_failures=0
[transformers] Setting `pad_token_id` to `eos_token_id`:151645 for open-end generation.
[transformers] Setting `pad_token_id` to `eos_token_id`:151645 for open-end generation.
[2096/3000] valid=1320 correct=756 parse_failures=0
[transformers] Setting `pad_token_id` to `eos_token_id`:151645 for open-end generation.
[transformers] Setting `pad_token_id` to `eos_token_id`:151645 for open-end generation.
[2097/3000] valid=1321 correct=756 parse_failures=0
[transformers] Setting `pad_token_id` to `eos_token_id`:151645 for open-end generation.
[transformers] Setting `pad_token_id` to `eos_token_id`:151645 for open-end generation.
[2098/3000] valid=1322 correct=756 parse_failures=0
[transformers] Setting `pad_token_id` to `eos_token_id`:151645 for open-end generation.
[transformers] Setting `pad_token_id` to `eos_token_id`:151645 for open-end generation.
[2099/3000] valid=1323 correct=757 parse_failures=0
[transformers] Setting `pad_token_id` to `eos_token_id`:151645 for open-end generation.
[transformers] Setting `pad_token_id` to `eos_token_id`:151645 for open-end generation.
[2100/3000] valid=1324 correct=758 parse_failures=0
[transformers] Setting `pad_token_id` to `eos_token_id`:151645 for open-end generation.
[transformers] Setting `pad_token_id` to `eos_token_id`:151645 for open-end generation.
[2101/3000] valid=1324 correct=758 parse_failures=0
[transformers] Setting `pad_token_id` to `eos_token_id`:151645 for open-end generation.
[transformers] Setting `pad_token_id` to `eos_token_id`:151645 for open-end generation.
[2102/3000] valid=1325 correct=758 parse_failures=0
[transformers] Setting `pad_token_id` to `eos_token_id`:151645 for open-end generation.
[transformers] Setting `pad_token_id` to `eos_token_id`:151645 for open-end generation.
[2103/3000] valid=1325 correct=758 parse_failures=0
[transformers] Setting `pad_token_id` to `eos_token_id`:151645 for open-end generation.
[transformers] Setting `pad_token_id` to `eos_token_id`:151645 for open-end generation.
[2104/3000] valid=1326 correct=758 parse_failures=0
[transformers] Setting `pad_token_id` to `eos_token_id`:151645 for open-end generation.
[transformers] Setting `pad_token_id` to `eos_token_id`:151645 for open-end generation.
[2105/3000] valid=1326 correct=758 parse_failures=0
[transformers] Setting `pad_token_id` to `eos_token_id`:151645 for open-end generation.
[transformers] Setting `pad_token_id` to `eos_token_id`:151645 for open-end generation.
[2106/3000] valid=1326 correct=758 parse_failures=0
[transformers] Setting `pad_token_id` to `eos_token_id`:151645 for open-end generation.
[transformers] Setting `pad_token_id` to `eos_token_id`:151645 for open-end generation.
[2107/3000] valid=1327 correct=758 parse_failures=0
[transformers] Setting `pad_token_id` to `eos_token_id`:151645 for open-end generation.
[transformers] Setting `pad_token_id` to `eos_token_id`:151645 for open-end generation.
[2108/3000] valid=1328 correct=758 parse_failures=0
[transformers] Setting `pad_token_id` to `eos_token_id`:151645 for open-end generation.
[transformers] Setting `pad_token_id` to `eos_token_id`:151645 for open-end generation.
[2109/3000] valid=1329 correct=758 parse_failures=0
[transformers] Setting `pad_token_id` to `eos_token_id`:151645 for open-end generation.
[transformers] Setting `pad_token_id` to `eos_token_id`:151645 for open-end generation.
[2110/3000] valid=1330 correct=758 parse_failures=0
[transformers] Setting `pad_token_id` to `eos_token_id`:151645 for open-end generation.
[transformers] Setting `pad_token_id` to `eos_token_id`:151645 for open-end generation.
[2111/3000] valid=1330 correct=758 parse_failures=0
[transformers] Setting `pad_token_id` to `eos_token_id`:151645 for open-end generation.
[transformers] Setting `pad_token_id` to `eos_token_id`:151645 for open-end generation.
[2112/3000] valid=1331 correct=758 parse_failures=0
[transformers] Setting `pad_token_id` to `eos_token_id`:151645 for open-end generation.
[transformers] Setting `pad_token_id` to `eos_token_id`:151645 for open-end generation.
[2113/3000] valid=1332 correct=759 parse_failures=0
[transformers] Setting `pad_token_id` to `eos_token_id`:151645 for open-end generation.
[transformers] Setting `pad_token_id` to `eos_token_id`:151645 for open-end generation.
[2114/3000] valid=1333 correct=760 parse_failures=0
[transformers] Setting `pad_token_id` to `eos_token_id`:151645 for open-end generation.
[transformers] Setting `pad_token_id` to `eos_token_id`:151645 for open-end generation.
[2115/3000] valid=1333 correct=760 parse_failures=0
[transformers] Setting `pad_token_id` to `eos_token_id`:151645 for open-end generation.
[transformers] Setting `pad_token_id` to `eos_token_id`:151645 for open-end generation.
[2116/3000] valid=1334 correct=761 parse_failures=0
[transformers] Setting `pad_token_id` to `eos_token_id`:151645 for open-end generation.
[transformers] Setting `pad_token_id` to `eos_token_id`:151645 for open-end generation.
[2117/3000] valid=1335 correct=761 parse_failures=0
[transformers] Setting `pad_token_id` to `eos_token_id`:151645 for open-end generation.
[transformers] Setting `pad_token_id` to `eos_token_id`:151645 for open-end generation.
[2118/3000] valid=1336 correct=761 parse_failures=0
[transformers] Setting `pad_token_id` to `eos_token_id`:151645 for open-end generation.
[transformers] Setting `pad_token_id` to `eos_token_id`:151645 for open-end generation.
[2119/3000] valid=1336 correct=761 parse_failures=0
[transformers] Setting `pad_token_id` to `eos_token_id`:151645 for open-end generation.
[transformers] Setting `pad_token_id` to `eos_token_id`:151645 for open-end generation.
[2120/3000] valid=1337 correct=761 parse_failures=0
[transformers] Setting `pad_token_id` to `eos_token_id`:151645 for open-end generation.
[transformers] Setting `pad_token_id` to `eos_token_id`:151645 for open-end generation.
[2121/3000] valid=1338 correct=762 parse_failures=0
[transformers] Setting `pad_token_id` to `eos_token_id`:151645 for open-end generation.
[transformers] Setting `pad_token_id` to `eos_token_id`:151645 for open-end generation.
[2122/3000] valid=1338 correct=762 parse_failures=0
[transformers] Setting `pad_token_id` to `eos_token_id`:151645 for open-end generation.
[transformers] Setting `pad_token_id` to `eos_token_id`:151645 for open-end generation.
[2123/3000] valid=1339 correct=762 parse_failures=0
[transformers] Setting `pad_token_id` to `eos_token_id`:151645 for open-end generation.
[transformers] Setting `pad_token_id` to `eos_token_id`:151645 for open-end generation.
[2124/3000] valid=1340 correct=762 parse_failures=0
[transformers] Setting `pad_token_id` to `eos_token_id`:151645 for open-end generation.
[transformers] Setting `pad_token_id` to `eos_token_id`:151645 for open-end generation.
[2125/3000] valid=1341 correct=763 parse_failures=0
[transformers] Setting `pad_token_id` to `eos_token_id`:151645 for open-end generation.
[transformers] Setting `pad_token_id` to `eos_token_id`:151645 for open-end generation.
[2126/3000] valid=1342 correct=763 parse_failures=0
[transformers] Setting `pad_token_id` to `eos_token_id`:151645 for open-end generation.
[transformers] Setting `pad_token_id` to `eos_token_id`:151645 for open-end generation.
[2127/3000] valid=1342 correct=763 parse_failures=0
[transformers] Setting `pad_token_id` to `eos_token_id`:151645 for open-end generation.
[transformers] Setting `pad_token_id` to `eos_token_id`:151645 for open-end generation.
[2128/3000] valid=1342 correct=763 parse_failures=0
[transformers] Setting `pad_token_id` to `eos_token_id`:151645 for open-end generation.
[transformers] Setting `pad_token_id` to `eos_token_id`:151645 for open-end generation.
[2129/3000] valid=1342 correct=763 parse_failures=0
[transformers] Setting `pad_token_id` to `eos_token_id`:151645 for open-end generation.
[transformers] Setting `pad_token_id` to `eos_token_id`:151645 for open-end generation.
[2130/3000] valid=1342 correct=763 parse_failures=0
[transformers] Setting `pad_token_id` to `eos_token_id`:151645 for open-end generation.
[transformers] Setting `pad_token_id` to `eos_token_id`:151645 for open-end generation.
[2131/3000] valid=1342 correct=763 parse_failures=0
[transformers] Setting `pad_token_id` to `eos_token_id`:151645 for open-end generation.
[transformers] Setting `pad_token_id` to `eos_token_id`:151645 for open-end generation.
[2132/3000] valid=1342 correct=763 parse_failures=0
[transformers] Setting `pad_token_id` to `eos_token_id`:151645 for open-end generation.
[transformers] Setting `pad_token_id` to `eos_token_id`:151645 for open-end generation.
[2133/3000] valid=1343 correct=764 parse_failures=0
[transformers] Setting `pad_token_id` to `eos_token_id`:151645 for open-end generation.
[transformers] Setting `pad_token_id` to `eos_token_id`:151645 for open-end generation.
[2134/3000] valid=1344 correct=764 parse_failures=0
[transformers] Setting `pad_token_id` to `eos_token_id`:151645 for open-end generation.
[transformers] Setting `pad_token_id` to `eos_token_id`:151645 for open-end generation.
[2135/3000] valid=1345 correct=765 parse_failures=0
[transformers] Setting `pad_token_id` to `eos_token_id`:151645 for open-end generation.
[transformers] Setting `pad_token_id` to `eos_token_id`:151645 for open-end generation.
[2136/3000] valid=1345 correct=765 parse_failures=0
[transformers] Setting `pad_token_id` to `eos_token_id`:151645 for open-end generation.
[transformers] Setting `pad_token_id` to `eos_token_id`:151645 for open-end generation.
[2137/3000] valid=1345 correct=765 parse_failures=0
[transformers] Setting `pad_token_id` to `eos_token_id`:151645 for open-end generation.
[transformers] Setting `pad_token_id` to `eos_token_id`:151645 for open-end generation.
[2138/3000] valid=1346 correct=765 parse_failures=0
[transformers] Setting `pad_token_id` to `eos_token_id`:151645 for open-end generation.
[transformers] Setting `pad_token_id` to `eos_token_id`:151645 for open-end generation.
[2139/3000] valid=1347 correct=766 parse_failures=0
[transformers] Setting `pad_token_id` to `eos_token_id`:151645 for open-end generation.
[transformers] Setting `pad_token_id` to `eos_token_id`:151645 for open-end generation.
[2140/3000] valid=1347 correct=766 parse_failures=0
[transformers] Setting `pad_token_id` to `eos_token_id`:151645 for open-end generation.
[transformers] Setting `pad_token_id` to `eos_token_id`:151645 for open-end generation.
[2141/3000] valid=1347 correct=766 parse_failures=0
[transformers] Setting `pad_token_id` to `eos_token_id`:151645 for open-end generation.
[transformers] Setting `pad_token_id` to `eos_token_id`:151645 for open-end generation.
[2142/3000] valid=1348 correct=766 parse_failures=0
[transformers] Setting `pad_token_id` to `eos_token_id`:151645 for open-end generation.
[transformers] Setting `pad_token_id` to `eos_token_id`:151645 for open-end generation.
[2143/3000] valid=1349 correct=767 parse_failures=0
[transformers] Setting `pad_token_id` to `eos_token_id`:151645 for open-end generation.
[transformers] Setting `pad_token_id` to `eos_token_id`:151645 for open-end generation.
[2144/3000] valid=1350 correct=767 parse_failures=0
[transformers] Setting `pad_token_id` to `eos_token_id`:151645 for open-end generation.
[transformers] Setting `pad_token_id` to `eos_token_id`:151645 for open-end generation.
[2145/3000] valid=1350 correct=767 parse_failures=0
[transformers] Setting `pad_token_id` to `eos_token_id`:151645 for open-end generation.
[transformers] Setting `pad_token_id` to `eos_token_id`:151645 for open-end generation.
[2146/3000] valid=1351 correct=768 parse_failures=0
[transformers] Setting `pad_token_id` to `eos_token_id`:151645 for open-end generation.
[transformers] Setting `pad_token_id` to `eos_token_id`:151645 for open-end generation.
[2147/3000] valid=1352 correct=768 parse_failures=0
[transformers] Setting `pad_token_id` to `eos_token_id`:151645 for open-end generation.
[transformers] Setting `pad_token_id` to `eos_token_id`:151645 for open-end generation.
[2148/3000] valid=1352 correct=768 parse_failures=0
[transformers] Setting `pad_token_id` to `eos_token_id`:151645 for open-end generation.
[transformers] Setting `pad_token_id` to `eos_token_id`:151645 for open-end generation.
[2149/3000] valid=1352 correct=768 parse_failures=0
[transformers] Setting `pad_token_id` to `eos_token_id`:151645 for open-end generation.
[transformers] Setting `pad_token_id` to `eos_token_id`:151645 for open-end generation.
[2150/3000] valid=1353 correct=768 parse_failures=0
[transformers] Setting `pad_token_id` to `eos_token_id`:151645 for open-end generation.
[transformers] Setting `pad_token_id` to `eos_token_id`:151645 for open-end generation.
[2151/3000] valid=1354 correct=768 parse_failures=0
[transformers] Setting `pad_token_id` to `eos_token_id`:151645 for open-end generation.
[transformers] Setting `pad_token_id` to `eos_token_id`:151645 for open-end generation.
[2152/3000] valid=1354 correct=768 parse_failures=0
[transformers] Setting `pad_token_id` to `eos_token_id`:151645 for open-end generation.
[transformers] Setting `pad_token_id` to `eos_token_id`:151645 for open-end generation.
[2153/3000] valid=1355 correct=769 parse_failures=0
[transformers] Setting `pad_token_id` to `eos_token_id`:151645 for open-end generation.
[transformers] Setting `pad_token_id` to `eos_token_id`:151645 for open-end generation.
[2154/3000] valid=1356 correct=770 parse_failures=0
[transformers] Setting `pad_token_id` to `eos_token_id`:151645 for open-end generation.
[transformers] Setting `pad_token_id` to `eos_token_id`:151645 for open-end generation.
[2155/3000] valid=1356 correct=770 parse_failures=0
[transformers] Setting `pad_token_id` to `eos_token_id`:151645 for open-end generation.
[transformers] Setting `pad_token_id` to `eos_token_id`:151645 for open-end generation.
[2156/3000] valid=1357 correct=770 parse_failures=0
[transformers] Setting `pad_token_id` to `eos_token_id`:151645 for open-end generation.
[transformers] Setting `pad_token_id` to `eos_token_id`:151645 for open-end generation.
[2157/3000] valid=1358 correct=771 parse_failures=0
[transformers] Setting `pad_token_id` to `eos_token_id`:151645 for open-end generation.
[transformers] Setting `pad_token_id` to `eos_token_id`:151645 for open-end generation.
[2158/3000] valid=1359 correct=771 parse_failures=0
[transformers] Setting `pad_token_id` to `eos_token_id`:151645 for open-end generation.
[transformers] Setting `pad_token_id` to `eos_token_id`:151645 for open-end generation.
[2159/3000] valid=1360 correct=772 parse_failures=0
[transformers] Setting `pad_token_id` to `eos_token_id`:151645 for open-end generation.
[transformers] Setting `pad_token_id` to `eos_token_id`:151645 for open-end generation.
[2160/3000] valid=1360 correct=772 parse_failures=0
[transformers] Setting `pad_token_id` to `eos_token_id`:151645 for open-end generation.
[transformers] Setting `pad_token_id` to `eos_token_id`:151645 for open-end generation.
[2161/3000] valid=1361 correct=772 parse_failures=0
[transformers] Setting `pad_token_id` to `eos_token_id`:151645 for open-end generation.
[transformers] Setting `pad_token_id` to `eos_token_id`:151645 for open-end generation.
[2162/3000] valid=1361 correct=772 parse_failures=0
[transformers] Setting `pad_token_id` to `eos_token_id`:151645 for open-end generation.
[transformers] Setting `pad_token_id` to `eos_token_id`:151645 for open-end generation.
[2163/3000] valid=1361 correct=772 parse_failures=0
[transformers] Setting `pad_token_id` to `eos_token_id`:151645 for open-end generation.
[transformers] Setting `pad_token_id` to `eos_token_id`:151645 for open-end generation.
[2164/3000] valid=1362 correct=772 parse_failures=0
[transformers] Setting `pad_token_id` to `eos_token_id`:151645 for open-end generation.
[transformers] Setting `pad_token_id` to `eos_token_id`:151645 for open-end generation.
[2165/3000] valid=1363 correct=773 parse_failures=0
[transformers] Setting `pad_token_id` to `eos_token_id`:151645 for open-end generation.
[transformers] Setting `pad_token_id` to `eos_token_id`:151645 for open-end generation.
[2166/3000] valid=1364 correct=774 parse_failures=0
[transformers] Setting `pad_token_id` to `eos_token_id`:151645 for open-end generation.
[transformers] Setting `pad_token_id` to `eos_token_id`:151645 for open-end generation.
[2167/3000] valid=1365 correct=774 parse_failures=0
[transformers] Setting `pad_token_id` to `eos_token_id`:151645 for open-end generation.
[transformers] Setting `pad_token_id` to `eos_token_id`:151645 for open-end generation.
[2168/3000] valid=1366 correct=775 parse_failures=0
[transformers] Setting `pad_token_id` to `eos_token_id`:151645 for open-end generation.
[transformers] Setting `pad_token_id` to `eos_token_id`:151645 for open-end generation.
[2169/3000] valid=1366 correct=775 parse_failures=0
[transformers] Setting `pad_token_id` to `eos_token_id`:151645 for open-end generation.
[transformers] Setting `pad_token_id` to `eos_token_id`:151645 for open-end generation.
[2170/3000] valid=1367 correct=776 parse_failures=0
[transformers] Setting `pad_token_id` to `eos_token_id`:151645 for open-end generation.
[transformers] Setting `pad_token_id` to `eos_token_id`:151645 for open-end generation.
[2171/3000] valid=1368 correct=777 parse_failures=0
[transformers] Setting `pad_token_id` to `eos_token_id`:151645 for open-end generation.
[transformers] Setting `pad_token_id` to `eos_token_id`:151645 for open-end generation.
[2172/3000] valid=1369 correct=777 parse_failures=0
[transformers] Setting `pad_token_id` to `eos_token_id`:151645 for open-end generation.
[transformers] Setting `pad_token_id` to `eos_token_id`:151645 for open-end generation.
[2173/3000] valid=1370 correct=777 parse_failures=0
[transformers] Setting `pad_token_id` to `eos_token_id`:151645 for open-end generation.
[transformers] Setting `pad_token_id` to `eos_token_id`:151645 for open-end generation.
[2174/3000] valid=1371 correct=777 parse_failures=0
[transformers] Setting `pad_token_id` to `eos_token_id`:151645 for open-end generation.
[transformers] Setting `pad_token_id` to `eos_token_id`:151645 for open-end generation.
[2175/3000] valid=1372 correct=778 parse_failures=0
[transformers] Setting `pad_token_id` to `eos_token_id`:151645 for open-end generation.
[transformers] Setting `pad_token_id` to `eos_token_id`:151645 for open-end generation.
[2176/3000] valid=1373 correct=779 parse_failures=0
[transformers] Setting `pad_token_id` to `eos_token_id`:151645 for open-end generation.
[transformers] Setting `pad_token_id` to `eos_token_id`:151645 for open-end generation.
[2177/3000] valid=1374 correct=779 parse_failures=0
[transformers] Setting `pad_token_id` to `eos_token_id`:151645 for open-end generation.
[transformers] Setting `pad_token_id` to `eos_token_id`:151645 for open-end generation.
[2178/3000] valid=1374 correct=779 parse_failures=0
[transformers] Setting `pad_token_id` to `eos_token_id`:151645 for open-end generation.
[transformers] Setting `pad_token_id` to `eos_token_id`:151645 for open-end generation.
[2179/3000] valid=1375 correct=779 parse_failures=0
[transformers] Setting `pad_token_id` to `eos_token_id`:151645 for open-end generation.
[transformers] Setting `pad_token_id` to `eos_token_id`:151645 for open-end generation.
[2180/3000] valid=1376 correct=780 parse_failures=0
[transformers] Setting `pad_token_id` to `eos_token_id`:151645 for open-end generation.
[transformers] Setting `pad_token_id` to `eos_token_id`:151645 for open-end generation.
[2181/3000] valid=1377 correct=780 parse_failures=0
[transformers] Setting `pad_token_id` to `eos_token_id`:151645 for open-end generation.
[transformers] Setting `pad_token_id` to `eos_token_id`:151645 for open-end generation.
[2182/3000] valid=1378 correct=781 parse_failures=0
[transformers] Setting `pad_token_id` to `eos_token_id`:151645 for open-end generation.
[transformers] Setting `pad_token_id` to `eos_token_id`:151645 for open-end generation.
[2183/3000] valid=1378 correct=781 parse_failures=0
[transformers] Setting `pad_token_id` to `eos_token_id`:151645 for open-end generation.
[transformers] Setting `pad_token_id` to `eos_token_id`:151645 for open-end generation.
[2184/3000] valid=1379 correct=781 parse_failures=0
[transformers] Setting `pad_token_id` to `eos_token_id`:151645 for open-end generation.
[transformers] Setting `pad_token_id` to `eos_token_id`:151645 for open-end generation.
[2185/3000] valid=1380 correct=781 parse_failures=0
[transformers] Setting `pad_token_id` to `eos_token_id`:151645 for open-end generation.
[transformers] Setting `pad_token_id` to `eos_token_id`:151645 for open-end generation.
[2186/3000] valid=1381 correct=781 parse_failures=0
[transformers] Setting `pad_token_id` to `eos_token_id`:151645 for open-end generation.
[transformers] Setting `pad_token_id` to `eos_token_id`:151645 for open-end generation.
[2187/3000] valid=1382 correct=782 parse_failures=0
[transformers] Setting `pad_token_id` to `eos_token_id`:151645 for open-end generation.
[transformers] Setting `pad_token_id` to `eos_token_id`:151645 for open-end generation.
[2188/3000] valid=1382 correct=782 parse_failures=0
[transformers] Setting `pad_token_id` to `eos_token_id`:151645 for open-end generation.
[transformers] Setting `pad_token_id` to `eos_token_id`:151645 for open-end generation.
[2189/3000] valid=1383 correct=783 parse_failures=0
[transformers] Setting `pad_token_id` to `eos_token_id`:151645 for open-end generation.
[transformers] Setting `pad_token_id` to `eos_token_id`:151645 for open-end generation.
[2190/3000] valid=1384 correct=784 parse_failures=0
[transformers] Setting `pad_token_id` to `eos_token_id`:151645 for open-end generation.
[transformers] Setting `pad_token_id` to `eos_token_id`:151645 for open-end generation.
[2191/3000] valid=1385 correct=785 parse_failures=0
[transformers] Setting `pad_token_id` to `eos_token_id`:151645 for open-end generation.
[transformers] Setting `pad_token_id` to `eos_token_id`:151645 for open-end generation.
[2192/3000] valid=1385 correct=785 parse_failures=0
[transformers] Setting `pad_token_id` to `eos_token_id`:151645 for open-end generation.
[transformers] Setting `pad_token_id` to `eos_token_id`:151645 for open-end generation.
[2193/3000] valid=1386 correct=786 parse_failures=0
[transformers] Setting `pad_token_id` to `eos_token_id`:151645 for open-end generation.
[transformers] Setting `pad_token_id` to `eos_token_id`:151645 for open-end generation.
[2194/3000] valid=1386 correct=786 parse_failures=0
[transformers] Setting `pad_token_id` to `eos_token_id`:151645 for open-end generation.
[transformers] Setting `pad_token_id` to `eos_token_id`:151645 for open-end generation.
[2195/3000] valid=1386 correct=786 parse_failures=0
[transformers] Setting `pad_token_id` to `eos_token_id`:151645 for open-end generation.
[transformers] Setting `pad_token_id` to `eos_token_id`:151645 for open-end generation.
[2196/3000] valid=1386 correct=786 parse_failures=0
[transformers] Setting `pad_token_id` to `eos_token_id`:151645 for open-end generation.
[transformers] Setting `pad_token_id` to `eos_token_id`:151645 for open-end generation.
[2197/3000] valid=1386 correct=786 parse_failures=0
[transformers] Setting `pad_token_id` to `eos_token_id`:151645 for open-end generation.
[transformers] Setting `pad_token_id` to `eos_token_id`:151645 for open-end generation.
[2198/3000] valid=1387 correct=786 parse_failures=0
[transformers] Setting `pad_token_id` to `eos_token_id`:151645 for open-end generation.
[transformers] Setting `pad_token_id` to `eos_token_id`:151645 for open-end generation.
[2199/3000] valid=1387 correct=786 parse_failures=0
[transformers] Setting `pad_token_id` to `eos_token_id`:151645 for open-end generation.
[transformers] Setting `pad_token_id` to `eos_token_id`:151645 for open-end generation.
[2200/3000] valid=1388 correct=787 parse_failures=0
[transformers] Setting `pad_token_id` to `eos_token_id`:151645 for open-end generation.
[transformers] Setting `pad_token_id` to `eos_token_id`:151645 for open-end generation.
[2201/3000] valid=1389 correct=788 parse_failures=0
[transformers] Setting `pad_token_id` to `eos_token_id`:151645 for open-end generation.
[transformers] Setting `pad_token_id` to `eos_token_id`:151645 for open-end generation.
[2202/3000] valid=1390 correct=788 parse_failures=0
[transformers] Setting `pad_token_id` to `eos_token_id`:151645 for open-end generation.
[transformers] Setting `pad_token_id` to `eos_token_id`:151645 for open-end generation.
[2203/3000] valid=1391 correct=789 parse_failures=0
[transformers] Setting `pad_token_id` to `eos_token_id`:151645 for open-end generation.
[transformers] Setting `pad_token_id` to `eos_token_id`:151645 for open-end generation.
[2204/3000] valid=1392 correct=790 parse_failures=0
[transformers] Setting `pad_token_id` to `eos_token_id`:151645 for open-end generation.
[transformers] Setting `pad_token_id` to `eos_token_id`:151645 for open-end generation.
[2205/3000] valid=1393 correct=791 parse_failures=0
[transformers] Setting `pad_token_id` to `eos_token_id`:151645 for open-end generation.
[transformers] Setting `pad_token_id` to `eos_token_id`:151645 for open-end generation.
[2206/3000] valid=1393 correct=791 parse_failures=0
[transformers] Setting `pad_token_id` to `eos_token_id`:151645 for open-end generation.
[transformers] Setting `pad_token_id` to `eos_token_id`:151645 for open-end generation.
[2207/3000] valid=1394 correct=791 parse_failures=0
[transformers] Setting `pad_token_id` to `eos_token_id`:151645 for open-end generation.
[transformers] Setting `pad_token_id` to `eos_token_id`:151645 for open-end generation.
[2208/3000] valid=1395 correct=791 parse_failures=0
[transformers] Setting `pad_token_id` to `eos_token_id`:151645 for open-end generation.
[transformers] Setting `pad_token_id` to `eos_token_id`:151645 for open-end generation.
[2209/3000] valid=1395 correct=791 parse_failures=0
[transformers] Setting `pad_token_id` to `eos_token_id`:151645 for open-end generation.
[transformers] Setting `pad_token_id` to `eos_token_id`:151645 for open-end generation.
[2210/3000] valid=1395 correct=791 parse_failures=0
[transformers] Setting `pad_token_id` to `eos_token_id`:151645 for open-end generation.
[transformers] Setting `pad_token_id` to `eos_token_id`:151645 for open-end generation.
[2211/3000] valid=1396 correct=791 parse_failures=0
[transformers] Setting `pad_token_id` to `eos_token_id`:151645 for open-end generation.
[transformers] Setting `pad_token_id` to `eos_token_id`:151645 for open-end generation.
[2212/3000] valid=1396 correct=791 parse_failures=0
[transformers] Setting `pad_token_id` to `eos_token_id`:151645 for open-end generation.
[transformers] Setting `pad_token_id` to `eos_token_id`:151645 for open-end generation.
[2213/3000] valid=1396 correct=791 parse_failures=0
[transformers] Setting `pad_token_id` to `eos_token_id`:151645 for open-end generation.
[transformers] Setting `pad_token_id` to `eos_token_id`:151645 for open-end generation.
[2214/3000] valid=1397 correct=792 parse_failures=0
[transformers] Setting `pad_token_id` to `eos_token_id`:151645 for open-end generation.
[transformers] Setting `pad_token_id` to `eos_token_id`:151645 for open-end generation.
[2215/3000] valid=1397 correct=792 parse_failures=0
[transformers] Setting `pad_token_id` to `eos_token_id`:151645 for open-end generation.
[transformers] Setting `pad_token_id` to `eos_token_id`:151645 for open-end generation.
[2216/3000] valid=1398 correct=793 parse_failures=0
[transformers] Setting `pad_token_id` to `eos_token_id`:151645 for open-end generation.
[transformers] Setting `pad_token_id` to `eos_token_id`:151645 for open-end generation.
[2217/3000] valid=1399 correct=793 parse_failures=0
[transformers] Setting `pad_token_id` to `eos_token_id`:151645 for open-end generation.
[transformers] Setting `pad_token_id` to `eos_token_id`:151645 for open-end generation.
[2218/3000] valid=1400 correct=793 parse_failures=0
[transformers] Setting `pad_token_id` to `eos_token_id`:151645 for open-end generation.
[transformers] Setting `pad_token_id` to `eos_token_id`:151645 for open-end generation.
[2219/3000] valid=1401 correct=793 parse_failures=0
[transformers] Setting `pad_token_id` to `eos_token_id`:151645 for open-end generation.
[transformers] Setting `pad_token_id` to `eos_token_id`:151645 for open-end generation.
[2220/3000] valid=1401 correct=793 parse_failures=0
[transformers] Setting `pad_token_id` to `eos_token_id`:151645 for open-end generation.
[transformers] Setting `pad_token_id` to `eos_token_id`:151645 for open-end generation.
[2221/3000] valid=1402 correct=794 parse_failures=0
[transformers] Setting `pad_token_id` to `eos_token_id`:151645 for open-end generation.
[transformers] Setting `pad_token_id` to `eos_token_id`:151645 for open-end generation.
[2222/3000] valid=1402 correct=794 parse_failures=0
[transformers] Setting `pad_token_id` to `eos_token_id`:151645 for open-end generation.
[transformers] Setting `pad_token_id` to `eos_token_id`:151645 for open-end generation.
[2223/3000] valid=1403 correct=794 parse_failures=0
[transformers] Setting `pad_token_id` to `eos_token_id`:151645 for open-end generation.
[transformers] Setting `pad_token_id` to `eos_token_id`:151645 for open-end generation.
[2224/3000] valid=1403 correct=794 parse_failures=0
[transformers] Setting `pad_token_id` to `eos_token_id`:151645 for open-end generation.
[transformers] Setting `pad_token_id` to `eos_token_id`:151645 for open-end generation.
[2225/3000] valid=1403 correct=794 parse_failures=0
[transformers] Setting `pad_token_id` to `eos_token_id`:151645 for open-end generation.
[transformers] Setting `pad_token_id` to `eos_token_id`:151645 for open-end generation.
[2226/3000] valid=1404 correct=795 parse_failures=0
[transformers] Setting `pad_token_id` to `eos_token_id`:151645 for open-end generation.
[transformers] Setting `pad_token_id` to `eos_token_id`:151645 for open-end generation.
[2227/3000] valid=1405 correct=795 parse_failures=0
[transformers] Setting `pad_token_id` to `eos_token_id`:151645 for open-end generation.
[transformers] Setting `pad_token_id` to `eos_token_id`:151645 for open-end generation.
[2228/3000] valid=1405 correct=795 parse_failures=0
[transformers] Setting `pad_token_id` to `eos_token_id`:151645 for open-end generation.
[transformers] Setting `pad_token_id` to `eos_token_id`:151645 for open-end generation.
[2229/3000] valid=1406 correct=796 parse_failures=0
[transformers] Setting `pad_token_id` to `eos_token_id`:151645 for open-end generation.
[transformers] Setting `pad_token_id` to `eos_token_id`:151645 for open-end generation.
[2230/3000] valid=1407 correct=797 parse_failures=0
[transformers] Setting `pad_token_id` to `eos_token_id`:151645 for open-end generation.
[transformers] Setting `pad_token_id` to `eos_token_id`:151645 for open-end generation.
[2231/3000] valid=1408 correct=797 parse_failures=0
[transformers] Setting `pad_token_id` to `eos_token_id`:151645 for open-end generation.
[transformers] Setting `pad_token_id` to `eos_token_id`:151645 for open-end generation.
[2232/3000] valid=1408 correct=797 parse_failures=0
[transformers] Setting `pad_token_id` to `eos_token_id`:151645 for open-end generation.
[transformers] Setting `pad_token_id` to `eos_token_id`:151645 for open-end generation.
[2233/3000] valid=1409 correct=797 parse_failures=0
[transformers] Setting `pad_token_id` to `eos_token_id`:151645 for open-end generation.
[transformers] Setting `pad_token_id` to `eos_token_id`:151645 for open-end generation.
[2234/3000] valid=1409 correct=797 parse_failures=0
[transformers] Setting `pad_token_id` to `eos_token_id`:151645 for open-end generation.
[transformers] Setting `pad_token_id` to `eos_token_id`:151645 for open-end generation.
[2235/3000] valid=1409 correct=797 parse_failures=0
[transformers] Setting `pad_token_id` to `eos_token_id`:151645 for open-end generation.
[transformers] Setting `pad_token_id` to `eos_token_id`:151645 for open-end generation.
[2236/3000] valid=1410 correct=798 parse_failures=0
[transformers] Setting `pad_token_id` to `eos_token_id`:151645 for open-end generation.
[transformers] Setting `pad_token_id` to `eos_token_id`:151645 for open-end generation.
[2237/3000] valid=1410 correct=798 parse_failures=0
[transformers] Setting `pad_token_id` to `eos_token_id`:151645 for open-end generation.
[transformers] Setting `pad_token_id` to `eos_token_id`:151645 for open-end generation.
[2238/3000] valid=1410 correct=798 parse_failures=0
[transformers] Setting `pad_token_id` to `eos_token_id`:151645 for open-end generation.
[transformers] Setting `pad_token_id` to `eos_token_id`:151645 for open-end generation.
[2239/3000] valid=1411 correct=798 parse_failures=0
[transformers] Setting `pad_token_id` to `eos_token_id`:151645 for open-end generation.
[transformers] Setting `pad_token_id` to `eos_token_id`:151645 for open-end generation.
[2240/3000] valid=1412 correct=798 parse_failures=0
[transformers] Setting `pad_token_id` to `eos_token_id`:151645 for open-end generation.
[transformers] Setting `pad_token_id` to `eos_token_id`:151645 for open-end generation.
[2241/3000] valid=1412 correct=798 parse_failures=0
[transformers] Setting `pad_token_id` to `eos_token_id`:151645 for open-end generation.
[transformers] Setting `pad_token_id` to `eos_token_id`:151645 for open-end generation.
[2242/3000] valid=1412 correct=798 parse_failures=0
[transformers] Setting `pad_token_id` to `eos_token_id`:151645 for open-end generation.
[transformers] Setting `pad_token_id` to `eos_token_id`:151645 for open-end generation.
[2243/3000] valid=1413 correct=798 parse_failures=0
[transformers] Setting `pad_token_id` to `eos_token_id`:151645 for open-end generation.
[transformers] Setting `pad_token_id` to `eos_token_id`:151645 for open-end generation.
[2244/3000] valid=1414 correct=799 parse_failures=0
[transformers] Setting `pad_token_id` to `eos_token_id`:151645 for open-end generation.
[transformers] Setting `pad_token_id` to `eos_token_id`:151645 for open-end generation.
[2245/3000] valid=1415 correct=799 parse_failures=0
[transformers] Setting `pad_token_id` to `eos_token_id`:151645 for open-end generation.
[transformers] Setting `pad_token_id` to `eos_token_id`:151645 for open-end generation.
[2246/3000] valid=1416 correct=800 parse_failures=0
[transformers] Setting `pad_token_id` to `eos_token_id`:151645 for open-end generation.
[transformers] Setting `pad_token_id` to `eos_token_id`:151645 for open-end generation.
[2247/3000] valid=1416 correct=800 parse_failures=0
[transformers] Setting `pad_token_id` to `eos_token_id`:151645 for open-end generation.
[transformers] Setting `pad_token_id` to `eos_token_id`:151645 for open-end generation.
[2248/3000] valid=1416 correct=800 parse_failures=0
[transformers] Setting `pad_token_id` to `eos_token_id`:151645 for open-end generation.
[transformers] Setting `pad_token_id` to `eos_token_id`:151645 for open-end generation.
[2249/3000] valid=1416 correct=800 parse_failures=0
[transformers] Setting `pad_token_id` to `eos_token_id`:151645 for open-end generation.
[transformers] Setting `pad_token_id` to `eos_token_id`:151645 for open-end generation.
[2250/3000] valid=1416 correct=800 parse_failures=0
[transformers] Setting `pad_token_id` to `eos_token_id`:151645 for open-end generation.
[transformers] Setting `pad_token_id` to `eos_token_id`:151645 for open-end generation.
[2251/3000] valid=1416 correct=800 parse_failures=0
[transformers] Setting `pad_token_id` to `eos_token_id`:151645 for open-end generation.
[transformers] Setting `pad_token_id` to `eos_token_id`:151645 for open-end generation.
[2252/3000] valid=1417 correct=801 parse_failures=0
[transformers] Setting `pad_token_id` to `eos_token_id`:151645 for open-end generation.
[transformers] Setting `pad_token_id` to `eos_token_id`:151645 for open-end generation.
[2253/3000] valid=1417 correct=801 parse_failures=0
[transformers] Setting `pad_token_id` to `eos_token_id`:151645 for open-end generation.
[transformers] Setting `pad_token_id` to `eos_token_id`:151645 for open-end generation.
[2254/3000] valid=1418 correct=801 parse_failures=0
[transformers] Setting `pad_token_id` to `eos_token_id`:151645 for open-end generation.
[transformers] Setting `pad_token_id` to `eos_token_id`:151645 for open-end generation.
[2255/3000] valid=1418 correct=801 parse_failures=0
[transformers] Setting `pad_token_id` to `eos_token_id`:151645 for open-end generation.
[transformers] Setting `pad_token_id` to `eos_token_id`:151645 for open-end generation.
[2256/3000] valid=1419 correct=801 parse_failures=0
[transformers] Setting `pad_token_id` to `eos_token_id`:151645 for open-end generation.
[transformers] Setting `pad_token_id` to `eos_token_id`:151645 for open-end generation.
[2257/3000] valid=1419 correct=801 parse_failures=0
[transformers] Setting `pad_token_id` to `eos_token_id`:151645 for open-end generation.
[transformers] Setting `pad_token_id` to `eos_token_id`:151645 for open-end generation.
[2258/3000] valid=1420 correct=801 parse_failures=0
[transformers] Setting `pad_token_id` to `eos_token_id`:151645 for open-end generation.
[transformers] Setting `pad_token_id` to `eos_token_id`:151645 for open-end generation.
[2259/3000] valid=1421 correct=801 parse_failures=0
[transformers] Setting `pad_token_id` to `eos_token_id`:151645 for open-end generation.
[transformers] Setting `pad_token_id` to `eos_token_id`:151645 for open-end generation.
[2260/3000] valid=1422 correct=801 parse_failures=0
[transformers] Setting `pad_token_id` to `eos_token_id`:151645 for open-end generation.
[transformers] Setting `pad_token_id` to `eos_token_id`:151645 for open-end generation.
[2261/3000] valid=1423 correct=801 parse_failures=0
[transformers] Setting `pad_token_id` to `eos_token_id`:151645 for open-end generation.
[transformers] Setting `pad_token_id` to `eos_token_id`:151645 for open-end generation.
[2262/3000] valid=1423 correct=801 parse_failures=0
[transformers] Setting `pad_token_id` to `eos_token_id`:151645 for open-end generation.
[transformers] Setting `pad_token_id` to `eos_token_id`:151645 for open-end generation.
[2263/3000] valid=1424 correct=801 parse_failures=0
[transformers] Setting `pad_token_id` to `eos_token_id`:151645 for open-end generation.
[transformers] Setting `pad_token_id` to `eos_token_id`:151645 for open-end generation.
[2264/3000] valid=1425 correct=802 parse_failures=0
[transformers] Setting `pad_token_id` to `eos_token_id`:151645 for open-end generation.
[transformers] Setting `pad_token_id` to `eos_token_id`:151645 for open-end generation.
[2265/3000] valid=1426 correct=803 parse_failures=0
[transformers] Setting `pad_token_id` to `eos_token_id`:151645 for open-end generation.
[transformers] Setting `pad_token_id` to `eos_token_id`:151645 for open-end generation.
[2266/3000] valid=1427 correct=804 parse_failures=0
[transformers] Setting `pad_token_id` to `eos_token_id`:151645 for open-end generation.
[transformers] Setting `pad_token_id` to `eos_token_id`:151645 for open-end generation.
[2267/3000] valid=1428 correct=804 parse_failures=0
[transformers] Setting `pad_token_id` to `eos_token_id`:151645 for open-end generation.
[transformers] Setting `pad_token_id` to `eos_token_id`:151645 for open-end generation.
[2268/3000] valid=1429 correct=805 parse_failures=0
[transformers] Setting `pad_token_id` to `eos_token_id`:151645 for open-end generation.
[transformers] Setting `pad_token_id` to `eos_token_id`:151645 for open-end generation.
[2269/3000] valid=1430 correct=805 parse_failures=0
[transformers] Setting `pad_token_id` to `eos_token_id`:151645 for open-end generation.
[transformers] Setting `pad_token_id` to `eos_token_id`:151645 for open-end generation.
[2270/3000] valid=1431 correct=806 parse_failures=0
[transformers] Setting `pad_token_id` to `eos_token_id`:151645 for open-end generation.
[transformers] Setting `pad_token_id` to `eos_token_id`:151645 for open-end generation.
[2271/3000] valid=1432 correct=807 parse_failures=0
[transformers] Setting `pad_token_id` to `eos_token_id`:151645 for open-end generation.
[transformers] Setting `pad_token_id` to `eos_token_id`:151645 for open-end generation.
[2272/3000] valid=1432 correct=807 parse_failures=0
[transformers] Setting `pad_token_id` to `eos_token_id`:151645 for open-end generation.
[transformers] Setting `pad_token_id` to `eos_token_id`:151645 for open-end generation.
[2273/3000] valid=1433 correct=808 parse_failures=0
[transformers] Setting `pad_token_id` to `eos_token_id`:151645 for open-end generation.
[transformers] Setting `pad_token_id` to `eos_token_id`:151645 for open-end generation.
[2274/3000] valid=1434 correct=809 parse_failures=0
[transformers] Setting `pad_token_id` to `eos_token_id`:151645 for open-end generation.
[transformers] Setting `pad_token_id` to `eos_token_id`:151645 for open-end generation.
[2275/3000] valid=1435 correct=810 parse_failures=0
[transformers] Setting `pad_token_id` to `eos_token_id`:151645 for open-end generation.
[transformers] Setting `pad_token_id` to `eos_token_id`:151645 for open-end generation.
[2276/3000] valid=1436 correct=811 parse_failures=0
[transformers] Setting `pad_token_id` to `eos_token_id`:151645 for open-end generation.
[transformers] Setting `pad_token_id` to `eos_token_id`:151645 for open-end generation.
[2277/3000] valid=1437 correct=812 parse_failures=0
[transformers] Setting `pad_token_id` to `eos_token_id`:151645 for open-end generation.
[transformers] Setting `pad_token_id` to `eos_token_id`:151645 for open-end generation.
[2278/3000] valid=1438 correct=812 parse_failures=0
[transformers] Setting `pad_token_id` to `eos_token_id`:151645 for open-end generation.
[transformers] Setting `pad_token_id` to `eos_token_id`:151645 for open-end generation.
[2279/3000] valid=1438 correct=812 parse_failures=0
[transformers] Setting `pad_token_id` to `eos_token_id`:151645 for open-end generation.
[transformers] Setting `pad_token_id` to `eos_token_id`:151645 for open-end generation.
[2280/3000] valid=1439 correct=812 parse_failures=0
[transformers] Setting `pad_token_id` to `eos_token_id`:151645 for open-end generation.
[transformers] Setting `pad_token_id` to `eos_token_id`:151645 for open-end generation.
[2281/3000] valid=1440 correct=812 parse_failures=0
[transformers] Setting `pad_token_id` to `eos_token_id`:151645 for open-end generation.
[transformers] Setting `pad_token_id` to `eos_token_id`:151645 for open-end generation.
[2282/3000] valid=1441 correct=812 parse_failures=0
[transformers] Setting `pad_token_id` to `eos_token_id`:151645 for open-end generation.
[transformers] Setting `pad_token_id` to `eos_token_id`:151645 for open-end generation.
[2283/3000] valid=1442 correct=813 parse_failures=0
[transformers] Setting `pad_token_id` to `eos_token_id`:151645 for open-end generation.
[transformers] Setting `pad_token_id` to `eos_token_id`:151645 for open-end generation.
[2284/3000] valid=1442 correct=813 parse_failures=0
[transformers] Setting `pad_token_id` to `eos_token_id`:151645 for open-end generation.
[transformers] Setting `pad_token_id` to `eos_token_id`:151645 for open-end generation.
[2285/3000] valid=1442 correct=813 parse_failures=0
[transformers] Setting `pad_token_id` to `eos_token_id`:151645 for open-end generation.
[transformers] Setting `pad_token_id` to `eos_token_id`:151645 for open-end generation.
[2286/3000] valid=1443 correct=813 parse_failures=0
[transformers] Setting `pad_token_id` to `eos_token_id`:151645 for open-end generation.
[transformers] Setting `pad_token_id` to `eos_token_id`:151645 for open-end generation.
[2287/3000] valid=1443 correct=813 parse_failures=0
[transformers] Setting `pad_token_id` to `eos_token_id`:151645 for open-end generation.
[transformers] Setting `pad_token_id` to `eos_token_id`:151645 for open-end generation.
[2288/3000] valid=1443 correct=813 parse_failures=0
[transformers] Setting `pad_token_id` to `eos_token_id`:151645 for open-end generation.
[transformers] Setting `pad_token_id` to `eos_token_id`:151645 for open-end generation.
[2289/3000] valid=1443 correct=813 parse_failures=0
[transformers] Setting `pad_token_id` to `eos_token_id`:151645 for open-end generation.
[transformers] Setting `pad_token_id` to `eos_token_id`:151645 for open-end generation.
[2290/3000] valid=1444 correct=814 parse_failures=0
[transformers] Setting `pad_token_id` to `eos_token_id`:151645 for open-end generation.
[transformers] Setting `pad_token_id` to `eos_token_id`:151645 for open-end generation.
[2291/3000] valid=1445 correct=815 parse_failures=0
[transformers] Setting `pad_token_id` to `eos_token_id`:151645 for open-end generation.
[transformers] Setting `pad_token_id` to `eos_token_id`:151645 for open-end generation.
[2292/3000] valid=1445 correct=815 parse_failures=0
[transformers] Setting `pad_token_id` to `eos_token_id`:151645 for open-end generation.
[transformers] Setting `pad_token_id` to `eos_token_id`:151645 for open-end generation.
[2293/3000] valid=1445 correct=815 parse_failures=0
[transformers] Setting `pad_token_id` to `eos_token_id`:151645 for open-end generation.
[transformers] Setting `pad_token_id` to `eos_token_id`:151645 for open-end generation.
[2294/3000] valid=1446 correct=816 parse_failures=0
[transformers] Setting `pad_token_id` to `eos_token_id`:151645 for open-end generation.
[transformers] Setting `pad_token_id` to `eos_token_id`:151645 for open-end generation.
[2295/3000] valid=1446 correct=816 parse_failures=0
[transformers] Setting `pad_token_id` to `eos_token_id`:151645 for open-end generation.
[transformers] Setting `pad_token_id` to `eos_token_id`:151645 for open-end generation.
[2296/3000] valid=1447 correct=816 parse_failures=0
[transformers] Setting `pad_token_id` to `eos_token_id`:151645 for open-end generation.
[transformers] Setting `pad_token_id` to `eos_token_id`:151645 for open-end generation.
[2297/3000] valid=1448 correct=817 parse_failures=0
[transformers] Setting `pad_token_id` to `eos_token_id`:151645 for open-end generation.
[transformers] Setting `pad_token_id` to `eos_token_id`:151645 for open-end generation.
[2298/3000] valid=1449 correct=818 parse_failures=0
[transformers] Setting `pad_token_id` to `eos_token_id`:151645 for open-end generation.
[transformers] Setting `pad_token_id` to `eos_token_id`:151645 for open-end generation.
[2299/3000] valid=1450 correct=818 parse_failures=0
[transformers] Setting `pad_token_id` to `eos_token_id`:151645 for open-end generation.
[transformers] Setting `pad_token_id` to `eos_token_id`:151645 for open-end generation.
[2300/3000] valid=1451 correct=819 parse_failures=0
[transformers] Setting `pad_token_id` to `eos_token_id`:151645 for open-end generation.
[transformers] Setting `pad_token_id` to `eos_token_id`:151645 for open-end generation.
[2301/3000] valid=1452 correct=819 parse_failures=0
[transformers] Setting `pad_token_id` to `eos_token_id`:151645 for open-end generation.
[transformers] Setting `pad_token_id` to `eos_token_id`:151645 for open-end generation.
[2302/3000] valid=1453 correct=820 parse_failures=0
[transformers] Setting `pad_token_id` to `eos_token_id`:151645 for open-end generation.
[transformers] Setting `pad_token_id` to `eos_token_id`:151645 for open-end generation.
[2303/3000] valid=1453 correct=820 parse_failures=0
[transformers] Setting `pad_token_id` to `eos_token_id`:151645 for open-end generation.
[transformers] Setting `pad_token_id` to `eos_token_id`:151645 for open-end generation.
[2304/3000] valid=1454 correct=821 parse_failures=0
[transformers] Setting `pad_token_id` to `eos_token_id`:151645 for open-end generation.
[transformers] Setting `pad_token_id` to `eos_token_id`:151645 for open-end generation.
[2305/3000] valid=1455 correct=822 parse_failures=0
[transformers] Setting `pad_token_id` to `eos_token_id`:151645 for open-end generation.
[transformers] Setting `pad_token_id` to `eos_token_id`:151645 for open-end generation.
[2306/3000] valid=1455 correct=822 parse_failures=0
[transformers] Setting `pad_token_id` to `eos_token_id`:151645 for open-end generation.
[transformers] Setting `pad_token_id` to `eos_token_id`:151645 for open-end generation.
[2307/3000] valid=1456 correct=822 parse_failures=0
[transformers] Setting `pad_token_id` to `eos_token_id`:151645 for open-end generation.
[transformers] Setting `pad_token_id` to `eos_token_id`:151645 for open-end generation.
[2308/3000] valid=1457 correct=822 parse_failures=0
[transformers] Setting `pad_token_id` to `eos_token_id`:151645 for open-end generation.
[transformers] Setting `pad_token_id` to `eos_token_id`:151645 for open-end generation.
[2309/3000] valid=1457 correct=822 parse_failures=0
[transformers] Setting `pad_token_id` to `eos_token_id`:151645 for open-end generation.
[transformers] Setting `pad_token_id` to `eos_token_id`:151645 for open-end generation.
[2310/3000] valid=1458 correct=823 parse_failures=0
[transformers] Setting `pad_token_id` to `eos_token_id`:151645 for open-end generation.
[transformers] Setting `pad_token_id` to `eos_token_id`:151645 for open-end generation.
[2311/3000] valid=1459 correct=824 parse_failures=0
[transformers] Setting `pad_token_id` to `eos_token_id`:151645 for open-end generation.
[transformers] Setting `pad_token_id` to `eos_token_id`:151645 for open-end generation.
[2312/3000] valid=1459 correct=824 parse_failures=0
[transformers] Setting `pad_token_id` to `eos_token_id`:151645 for open-end generation.
[transformers] Setting `pad_token_id` to `eos_token_id`:151645 for open-end generation.
[2313/3000] valid=1459 correct=824 parse_failures=0
[transformers] Setting `pad_token_id` to `eos_token_id`:151645 for open-end generation.
[transformers] Setting `pad_token_id` to `eos_token_id`:151645 for open-end generation.
[2314/3000] valid=1460 correct=824 parse_failures=0
[transformers] Setting `pad_token_id` to `eos_token_id`:151645 for open-end generation.
[transformers] Setting `pad_token_id` to `eos_token_id`:151645 for open-end generation.
[2315/3000] valid=1461 correct=824 parse_failures=0
[transformers] Setting `pad_token_id` to `eos_token_id`:151645 for open-end generation.
[transformers] Setting `pad_token_id` to `eos_token_id`:151645 for open-end generation.
[2316/3000] valid=1462 correct=825 parse_failures=0
[transformers] Setting `pad_token_id` to `eos_token_id`:151645 for open-end generation.
[transformers] Setting `pad_token_id` to `eos_token_id`:151645 for open-end generation.
[2317/3000] valid=1463 correct=825 parse_failures=0
[transformers] Setting `pad_token_id` to `eos_token_id`:151645 for open-end generation.
[transformers] Setting `pad_token_id` to `eos_token_id`:151645 for open-end generation.
[2318/3000] valid=1464 correct=826 parse_failures=0
[transformers] Setting `pad_token_id` to `eos_token_id`:151645 for open-end generation.
[transformers] Setting `pad_token_id` to `eos_token_id`:151645 for open-end generation.
[2319/3000] valid=1464 correct=826 parse_failures=0
[transformers] Setting `pad_token_id` to `eos_token_id`:151645 for open-end generation.
[transformers] Setting `pad_token_id` to `eos_token_id`:151645 for open-end generation.
[2320/3000] valid=1464 correct=826 parse_failures=0
[transformers] Setting `pad_token_id` to `eos_token_id`:151645 for open-end generation.
[transformers] Setting `pad_token_id` to `eos_token_id`:151645 for open-end generation.
[2321/3000] valid=1465 correct=826 parse_failures=0
[transformers] Setting `pad_token_id` to `eos_token_id`:151645 for open-end generation.
[transformers] Setting `pad_token_id` to `eos_token_id`:151645 for open-end generation.
[2322/3000] valid=1465 correct=826 parse_failures=0
[transformers] Setting `pad_token_id` to `eos_token_id`:151645 for open-end generation.
[transformers] Setting `pad_token_id` to `eos_token_id`:151645 for open-end generation.
[2323/3000] valid=1466 correct=827 parse_failures=0
[transformers] Setting `pad_token_id` to `eos_token_id`:151645 for open-end generation.
[transformers] Setting `pad_token_id` to `eos_token_id`:151645 for open-end generation.
[2324/3000] valid=1466 correct=827 parse_failures=0
[transformers] Setting `pad_token_id` to `eos_token_id`:151645 for open-end generation.
[transformers] Setting `pad_token_id` to `eos_token_id`:151645 for open-end generation.
[2325/3000] valid=1466 correct=827 parse_failures=0
[transformers] Setting `pad_token_id` to `eos_token_id`:151645 for open-end generation.
[transformers] Setting `pad_token_id` to `eos_token_id`:151645 for open-end generation.
[2326/3000] valid=1466 correct=827 parse_failures=0
[transformers] Setting `pad_token_id` to `eos_token_id`:151645 for open-end generation.
[transformers] Setting `pad_token_id` to `eos_token_id`:151645 for open-end generation.
[2327/3000] valid=1466 correct=827 parse_failures=0
[transformers] Setting `pad_token_id` to `eos_token_id`:151645 for open-end generation.
[transformers] Setting `pad_token_id` to `eos_token_id`:151645 for open-end generation.
[2328/3000] valid=1466 correct=827 parse_failures=0
[transformers] Setting `pad_token_id` to `eos_token_id`:151645 for open-end generation.
[transformers] Setting `pad_token_id` to `eos_token_id`:151645 for open-end generation.
[2329/3000] valid=1466 correct=827 parse_failures=0
[transformers] Setting `pad_token_id` to `eos_token_id`:151645 for open-end generation.
[transformers] Setting `pad_token_id` to `eos_token_id`:151645 for open-end generation.
[2330/3000] valid=1467 correct=827 parse_failures=0
[transformers] Setting `pad_token_id` to `eos_token_id`:151645 for open-end generation.
[transformers] Setting `pad_token_id` to `eos_token_id`:151645 for open-end generation.
[2331/3000] valid=1467 correct=827 parse_failures=0
[transformers] Setting `pad_token_id` to `eos_token_id`:151645 for open-end generation.
[transformers] Setting `pad_token_id` to `eos_token_id`:151645 for open-end generation.
[2332/3000] valid=1468 correct=828 parse_failures=0
[transformers] Setting `pad_token_id` to `eos_token_id`:151645 for open-end generation.
[transformers] Setting `pad_token_id` to `eos_token_id`:151645 for open-end generation.
[2333/3000] valid=1469 correct=828 parse_failures=0
[transformers] Setting `pad_token_id` to `eos_token_id`:151645 for open-end generation.
[transformers] Setting `pad_token_id` to `eos_token_id`:151645 for open-end generation.
[2334/3000] valid=1469 correct=828 parse_failures=0
[transformers] Setting `pad_token_id` to `eos_token_id`:151645 for open-end generation.
[transformers] Setting `pad_token_id` to `eos_token_id`:151645 for open-end generation.
[2335/3000] valid=1469 correct=828 parse_failures=0
[transformers] Setting `pad_token_id` to `eos_token_id`:151645 for open-end generation.
[transformers] Setting `pad_token_id` to `eos_token_id`:151645 for open-end generation.
[2336/3000] valid=1469 correct=828 parse_failures=0
[transformers] Setting `pad_token_id` to `eos_token_id`:151645 for open-end generation.
[transformers] Setting `pad_token_id` to `eos_token_id`:151645 for open-end generation.
[2337/3000] valid=1470 correct=829 parse_failures=0
[transformers] Setting `pad_token_id` to `eos_token_id`:151645 for open-end generation.
[transformers] Setting `pad_token_id` to `eos_token_id`:151645 for open-end generation.
[2338/3000] valid=1471 correct=829 parse_failures=0
[transformers] Setting `pad_token_id` to `eos_token_id`:151645 for open-end generation.
[transformers] Setting `pad_token_id` to `eos_token_id`:151645 for open-end generation.
[2339/3000] valid=1472 correct=829 parse_failures=0
[transformers] Setting `pad_token_id` to `eos_token_id`:151645 for open-end generation.
[transformers] Setting `pad_token_id` to `eos_token_id`:151645 for open-end generation.
[2340/3000] valid=1473 correct=829 parse_failures=0
[transformers] Setting `pad_token_id` to `eos_token_id`:151645 for open-end generation.
[transformers] Setting `pad_token_id` to `eos_token_id`:151645 for open-end generation.
[2341/3000] valid=1473 correct=829 parse_failures=0
[transformers] Setting `pad_token_id` to `eos_token_id`:151645 for open-end generation.
[transformers] Setting `pad_token_id` to `eos_token_id`:151645 for open-end generation.
[2342/3000] valid=1474 correct=830 parse_failures=0
[transformers] Setting `pad_token_id` to `eos_token_id`:151645 for open-end generation.
[transformers] Setting `pad_token_id` to `eos_token_id`:151645 for open-end generation.
[2343/3000] valid=1475 correct=830 parse_failures=0
[transformers] Setting `pad_token_id` to `eos_token_id`:151645 for open-end generation.
[transformers] Setting `pad_token_id` to `eos_token_id`:151645 for open-end generation.
[2344/3000] valid=1476 correct=830 parse_failures=0
[transformers] Setting `pad_token_id` to `eos_token_id`:151645 for open-end generation.
[transformers] Setting `pad_token_id` to `eos_token_id`:151645 for open-end generation.
[2345/3000] valid=1476 correct=830 parse_failures=0
[transformers] Setting `pad_token_id` to `eos_token_id`:151645 for open-end generation.
[transformers] Setting `pad_token_id` to `eos_token_id`:151645 for open-end generation.
[2346/3000] valid=1476 correct=830 parse_failures=0
[transformers] Setting `pad_token_id` to `eos_token_id`:151645 for open-end generation.
[transformers] Setting `pad_token_id` to `eos_token_id`:151645 for open-end generation.
[2347/3000] valid=1477 correct=831 parse_failures=0
[transformers] Setting `pad_token_id` to `eos_token_id`:151645 for open-end generation.
[transformers] Setting `pad_token_id` to `eos_token_id`:151645 for open-end generation.
[2348/3000] valid=1478 correct=831 parse_failures=0
[transformers] Setting `pad_token_id` to `eos_token_id`:151645 for open-end generation.
[transformers] Setting `pad_token_id` to `eos_token_id`:151645 for open-end generation.
[2349/3000] valid=1479 correct=831 parse_failures=0
[transformers] Setting `pad_token_id` to `eos_token_id`:151645 for open-end generation.
[transformers] Setting `pad_token_id` to `eos_token_id`:151645 for open-end generation.
[2350/3000] valid=1479 correct=831 parse_failures=0
[transformers] Setting `pad_token_id` to `eos_token_id`:151645 for open-end generation.
[transformers] Setting `pad_token_id` to `eos_token_id`:151645 for open-end generation.
[2351/3000] valid=1480 correct=832 parse_failures=0
[transformers] Setting `pad_token_id` to `eos_token_id`:151645 for open-end generation.
[transformers] Setting `pad_token_id` to `eos_token_id`:151645 for open-end generation.
[2352/3000] valid=1480 correct=832 parse_failures=0
[transformers] Setting `pad_token_id` to `eos_token_id`:151645 for open-end generation.
[transformers] Setting `pad_token_id` to `eos_token_id`:151645 for open-end generation.
[2353/3000] valid=1481 correct=832 parse_failures=0
[transformers] Setting `pad_token_id` to `eos_token_id`:151645 for open-end generation.
[transformers] Setting `pad_token_id` to `eos_token_id`:151645 for open-end generation.
[2354/3000] valid=1482 correct=833 parse_failures=0
[transformers] Setting `pad_token_id` to `eos_token_id`:151645 for open-end generation.
[transformers] Setting `pad_token_id` to `eos_token_id`:151645 for open-end generation.
[2355/3000] valid=1483 correct=834 parse_failures=0
[transformers] Setting `pad_token_id` to `eos_token_id`:151645 for open-end generation.
[transformers] Setting `pad_token_id` to `eos_token_id`:151645 for open-end generation.
[2356/3000] valid=1484 correct=834 parse_failures=0
[transformers] Setting `pad_token_id` to `eos_token_id`:151645 for open-end generation.
[transformers] Setting `pad_token_id` to `eos_token_id`:151645 for open-end generation.
[2357/3000] valid=1485 correct=835 parse_failures=0
[transformers] Setting `pad_token_id` to `eos_token_id`:151645 for open-end generation.
[transformers] Setting `pad_token_id` to `eos_token_id`:151645 for open-end generation.
[2358/3000] valid=1486 correct=835 parse_failures=0
[transformers] Setting `pad_token_id` to `eos_token_id`:151645 for open-end generation.
[transformers] Setting `pad_token_id` to `eos_token_id`:151645 for open-end generation.
[2359/3000] valid=1486 correct=835 parse_failures=0
[transformers] Setting `pad_token_id` to `eos_token_id`:151645 for open-end generation.
[transformers] Setting `pad_token_id` to `eos_token_id`:151645 for open-end generation.
[2360/3000] valid=1487 correct=836 parse_failures=0
[transformers] Setting `pad_token_id` to `eos_token_id`:151645 for open-end generation.
[transformers] Setting `pad_token_id` to `eos_token_id`:151645 for open-end generation.
[2361/3000] valid=1488 correct=837 parse_failures=0
[transformers] Setting `pad_token_id` to `eos_token_id`:151645 for open-end generation.
[transformers] Setting `pad_token_id` to `eos_token_id`:151645 for open-end generation.
[2362/3000] valid=1489 correct=837 parse_failures=0
[transformers] Setting `pad_token_id` to `eos_token_id`:151645 for open-end generation.
[transformers] Setting `pad_token_id` to `eos_token_id`:151645 for open-end generation.
[2363/3000] valid=1490 correct=837 parse_failures=0
[transformers] Setting `pad_token_id` to `eos_token_id`:151645 for open-end generation.
[transformers] Setting `pad_token_id` to `eos_token_id`:151645 for open-end generation.
[2364/3000] valid=1490 correct=837 parse_failures=0
[transformers] Setting `pad_token_id` to `eos_token_id`:151645 for open-end generation.
[transformers] Setting `pad_token_id` to `eos_token_id`:151645 for open-end generation.
[2365/3000] valid=1491 correct=838 parse_failures=0
[transformers] Setting `pad_token_id` to `eos_token_id`:151645 for open-end generation.
[transformers] Setting `pad_token_id` to `eos_token_id`:151645 for open-end generation.
[2366/3000] valid=1491 correct=838 parse_failures=0
[transformers] Setting `pad_token_id` to `eos_token_id`:151645 for open-end generation.
[transformers] Setting `pad_token_id` to `eos_token_id`:151645 for open-end generation.
[2367/3000] valid=1492 correct=838 parse_failures=0
[transformers] Setting `pad_token_id` to `eos_token_id`:151645 for open-end generation.
[transformers] Setting `pad_token_id` to `eos_token_id`:151645 for open-end generation.
[2368/3000] valid=1492 correct=838 parse_failures=0
[transformers] Setting `pad_token_id` to `eos_token_id`:151645 for open-end generation.
[transformers] Setting `pad_token_id` to `eos_token_id`:151645 for open-end generation.
[2369/3000] valid=1492 correct=838 parse_failures=0
[transformers] Setting `pad_token_id` to `eos_token_id`:151645 for open-end generation.
[transformers] Setting `pad_token_id` to `eos_token_id`:151645 for open-end generation.
[2370/3000] valid=1493 correct=839 parse_failures=0
[transformers] Setting `pad_token_id` to `eos_token_id`:151645 for open-end generation.
[transformers] Setting `pad_token_id` to `eos_token_id`:151645 for open-end generation.
[2371/3000] valid=1494 correct=840 parse_failures=0
[transformers] Setting `pad_token_id` to `eos_token_id`:151645 for open-end generation.
[transformers] Setting `pad_token_id` to `eos_token_id`:151645 for open-end generation.
[2372/3000] valid=1495 correct=840 parse_failures=0
[transformers] Setting `pad_token_id` to `eos_token_id`:151645 for open-end generation.
[transformers] Setting `pad_token_id` to `eos_token_id`:151645 for open-end generation.
[2373/3000] valid=1496 correct=841 parse_failures=0
[transformers] Setting `pad_token_id` to `eos_token_id`:151645 for open-end generation.
[transformers] Setting `pad_token_id` to `eos_token_id`:151645 for open-end generation.
[2374/3000] valid=1497 correct=842 parse_failures=0
[transformers] Setting `pad_token_id` to `eos_token_id`:151645 for open-end generation.
[transformers] Setting `pad_token_id` to `eos_token_id`:151645 for open-end generation.
[2375/3000] valid=1497 correct=842 parse_failures=0
[transformers] Setting `pad_token_id` to `eos_token_id`:151645 for open-end generation.
[transformers] Setting `pad_token_id` to `eos_token_id`:151645 for open-end generation.
[2376/3000] valid=1498 correct=842 parse_failures=0
[transformers] Setting `pad_token_id` to `eos_token_id`:151645 for open-end generation.
[transformers] Setting `pad_token_id` to `eos_token_id`:151645 for open-end generation.
[2377/3000] valid=1498 correct=842 parse_failures=0
[transformers] Setting `pad_token_id` to `eos_token_id`:151645 for open-end generation.
[transformers] Setting `pad_token_id` to `eos_token_id`:151645 for open-end generation.
[2378/3000] valid=1499 correct=843 parse_failures=0
[transformers] Setting `pad_token_id` to `eos_token_id`:151645 for open-end generation.
[transformers] Setting `pad_token_id` to `eos_token_id`:151645 for open-end generation.
[2379/3000] valid=1500 correct=843 parse_failures=0
[transformers] Setting `pad_token_id` to `eos_token_id`:151645 for open-end generation.
[transformers] Setting `pad_token_id` to `eos_token_id`:151645 for open-end generation.
[2380/3000] valid=1501 correct=844 parse_failures=0
[transformers] Setting `pad_token_id` to `eos_token_id`:151645 for open-end generation.
[transformers] Setting `pad_token_id` to `eos_token_id`:151645 for open-end generation.
[2381/3000] valid=1502 correct=844 parse_failures=0
[transformers] Setting `pad_token_id` to `eos_token_id`:151645 for open-end generation.
[transformers] Setting `pad_token_id` to `eos_token_id`:151645 for open-end generation.
[2382/3000] valid=1503 correct=845 parse_failures=0
[transformers] Setting `pad_token_id` to `eos_token_id`:151645 for open-end generation.
[transformers] Setting `pad_token_id` to `eos_token_id`:151645 for open-end generation.
[2383/3000] valid=1503 correct=845 parse_failures=0
[transformers] Setting `pad_token_id` to `eos_token_id`:151645 for open-end generation.
[transformers] Setting `pad_token_id` to `eos_token_id`:151645 for open-end generation.
[2384/3000] valid=1504 correct=845 parse_failures=0
[transformers] Setting `pad_token_id` to `eos_token_id`:151645 for open-end generation.
[transformers] Setting `pad_token_id` to `eos_token_id`:151645 for open-end generation.
[2385/3000] valid=1505 correct=846 parse_failures=0
[transformers] Setting `pad_token_id` to `eos_token_id`:151645 for open-end generation.
[transformers] Setting `pad_token_id` to `eos_token_id`:151645 for open-end generation.
[2386/3000] valid=1506 correct=847 parse_failures=0
[transformers] Setting `pad_token_id` to `eos_token_id`:151645 for open-end generation.
[transformers] Setting `pad_token_id` to `eos_token_id`:151645 for open-end generation.
[2387/3000] valid=1507 correct=847 parse_failures=0
[transformers] Setting `pad_token_id` to `eos_token_id`:151645 for open-end generation.
[transformers] Setting `pad_token_id` to `eos_token_id`:151645 for open-end generation.
[2388/3000] valid=1508 correct=848 parse_failures=0
[transformers] Setting `pad_token_id` to `eos_token_id`:151645 for open-end generation.
[transformers] Setting `pad_token_id` to `eos_token_id`:151645 for open-end generation.
[2389/3000] valid=1509 correct=848 parse_failures=0
[transformers] Setting `pad_token_id` to `eos_token_id`:151645 for open-end generation.
[transformers] Setting `pad_token_id` to `eos_token_id`:151645 for open-end generation.
[2390/3000] valid=1509 correct=848 parse_failures=0
[transformers] Setting `pad_token_id` to `eos_token_id`:151645 for open-end generation.
[transformers] Setting `pad_token_id` to `eos_token_id`:151645 for open-end generation.
[2391/3000] valid=1510 correct=849 parse_failures=0
[transformers] Setting `pad_token_id` to `eos_token_id`:151645 for open-end generation.
[transformers] Setting `pad_token_id` to `eos_token_id`:151645 for open-end generation.
[2392/3000] valid=1510 correct=849 parse_failures=0
[transformers] Setting `pad_token_id` to `eos_token_id`:151645 for open-end generation.
[transformers] Setting `pad_token_id` to `eos_token_id`:151645 for open-end generation.
[2393/3000] valid=1511 correct=849 parse_failures=0
[transformers] Setting `pad_token_id` to `eos_token_id`:151645 for open-end generation.
[transformers] Setting `pad_token_id` to `eos_token_id`:151645 for open-end generation.
[2394/3000] valid=1512 correct=850 parse_failures=0
[transformers] Setting `pad_token_id` to `eos_token_id`:151645 for open-end generation.
[transformers] Setting `pad_token_id` to `eos_token_id`:151645 for open-end generation.
[2395/3000] valid=1513 correct=851 parse_failures=0
[transformers] Setting `pad_token_id` to `eos_token_id`:151645 for open-end generation.
[transformers] Setting `pad_token_id` to `eos_token_id`:151645 for open-end generation.
[2396/3000] valid=1513 correct=851 parse_failures=0
[transformers] Setting `pad_token_id` to `eos_token_id`:151645 for open-end generation.
[transformers] Setting `pad_token_id` to `eos_token_id`:151645 for open-end generation.
[2397/3000] valid=1514 correct=852 parse_failures=0
[transformers] Setting `pad_token_id` to `eos_token_id`:151645 for open-end generation.
[transformers] Setting `pad_token_id` to `eos_token_id`:151645 for open-end generation.
[2398/3000] valid=1515 correct=853 parse_failures=0
[transformers] Setting `pad_token_id` to `eos_token_id`:151645 for open-end generation.
[transformers] Setting `pad_token_id` to `eos_token_id`:151645 for open-end generation.
[2399/3000] valid=1516 correct=854 parse_failures=0
[transformers] Setting `pad_token_id` to `eos_token_id`:151645 for open-end generation.
[transformers] Setting `pad_token_id` to `eos_token_id`:151645 for open-end generation.
[2400/3000] valid=1516 correct=854 parse_failures=0
[transformers] Setting `pad_token_id` to `eos_token_id`:151645 for open-end generation.
[transformers] Setting `pad_token_id` to `eos_token_id`:151645 for open-end generation.
[2401/3000] valid=1516 correct=854 parse_failures=0
[transformers] Setting `pad_token_id` to `eos_token_id`:151645 for open-end generation.
[transformers] Setting `pad_token_id` to `eos_token_id`:151645 for open-end generation.
[2402/3000] valid=1516 correct=854 parse_failures=0
[transformers] Setting `pad_token_id` to `eos_token_id`:151645 for open-end generation.
[transformers] Setting `pad_token_id` to `eos_token_id`:151645 for open-end generation.
[2403/3000] valid=1517 correct=854 parse_failures=0
[transformers] Setting `pad_token_id` to `eos_token_id`:151645 for open-end generation.
[transformers] Setting `pad_token_id` to `eos_token_id`:151645 for open-end generation.
[2404/3000] valid=1517 correct=854 parse_failures=0
[transformers] Setting `pad_token_id` to `eos_token_id`:151645 for open-end generation.
[transformers] Setting `pad_token_id` to `eos_token_id`:151645 for open-end generation.
[2405/3000] valid=1518 correct=855 parse_failures=0
[transformers] Setting `pad_token_id` to `eos_token_id`:151645 for open-end generation.
[transformers] Setting `pad_token_id` to `eos_token_id`:151645 for open-end generation.
[2406/3000] valid=1518 correct=855 parse_failures=0
[transformers] Setting `pad_token_id` to `eos_token_id`:151645 for open-end generation.
[transformers] Setting `pad_token_id` to `eos_token_id`:151645 for open-end generation.
[2407/3000] valid=1519 correct=855 parse_failures=0
[transformers] Setting `pad_token_id` to `eos_token_id`:151645 for open-end generation.
[transformers] Setting `pad_token_id` to `eos_token_id`:151645 for open-end generation.
[2408/3000] valid=1520 correct=855 parse_failures=0
[transformers] Setting `pad_token_id` to `eos_token_id`:151645 for open-end generation.
[transformers] Setting `pad_token_id` to `eos_token_id`:151645 for open-end generation.
[2409/3000] valid=1521 correct=855 parse_failures=0
[transformers] Setting `pad_token_id` to `eos_token_id`:151645 for open-end generation.
[transformers] Setting `pad_token_id` to `eos_token_id`:151645 for open-end generation.
[2410/3000] valid=1522 correct=855 parse_failures=0
[transformers] Setting `pad_token_id` to `eos_token_id`:151645 for open-end generation.
[transformers] Setting `pad_token_id` to `eos_token_id`:151645 for open-end generation.
[2411/3000] valid=1522 correct=855 parse_failures=0
[transformers] Setting `pad_token_id` to `eos_token_id`:151645 for open-end generation.
[transformers] Setting `pad_token_id` to `eos_token_id`:151645 for open-end generation.
[2412/3000] valid=1523 correct=855 parse_failures=0
[transformers] Setting `pad_token_id` to `eos_token_id`:151645 for open-end generation.
[transformers] Setting `pad_token_id` to `eos_token_id`:151645 for open-end generation.
[2413/3000] valid=1524 correct=856 parse_failures=0
[transformers] Setting `pad_token_id` to `eos_token_id`:151645 for open-end generation.
[transformers] Setting `pad_token_id` to `eos_token_id`:151645 for open-end generation.
[2414/3000] valid=1525 correct=856 parse_failures=0
[transformers] Setting `pad_token_id` to `eos_token_id`:151645 for open-end generation.
[transformers] Setting `pad_token_id` to `eos_token_id`:151645 for open-end generation.
[2415/3000] valid=1526 correct=856 parse_failures=0
[transformers] Setting `pad_token_id` to `eos_token_id`:151645 for open-end generation.
[transformers] Setting `pad_token_id` to `eos_token_id`:151645 for open-end generation.
[2416/3000] valid=1527 correct=856 parse_failures=0
[transformers] Setting `pad_token_id` to `eos_token_id`:151645 for open-end generation.
[transformers] Setting `pad_token_id` to `eos_token_id`:151645 for open-end generation.
[2417/3000] valid=1528 correct=856 parse_failures=0
[transformers] Setting `pad_token_id` to `eos_token_id`:151645 for open-end generation.
[transformers] Setting `pad_token_id` to `eos_token_id`:151645 for open-end generation.
[2418/3000] valid=1529 correct=856 parse_failures=0
[transformers] Setting `pad_token_id` to `eos_token_id`:151645 for open-end generation.
[transformers] Setting `pad_token_id` to `eos_token_id`:151645 for open-end generation.
[2419/3000] valid=1530 correct=856 parse_failures=0
[transformers] Setting `pad_token_id` to `eos_token_id`:151645 for open-end generation.
[transformers] Setting `pad_token_id` to `eos_token_id`:151645 for open-end generation.
[2420/3000] valid=1531 correct=856 parse_failures=0
[transformers] Setting `pad_token_id` to `eos_token_id`:151645 for open-end generation.
[transformers] Setting `pad_token_id` to `eos_token_id`:151645 for open-end generation.
[2421/3000] valid=1531 correct=856 parse_failures=0
[transformers] Setting `pad_token_id` to `eos_token_id`:151645 for open-end generation.
[transformers] Setting `pad_token_id` to `eos_token_id`:151645 for open-end generation.
[2422/3000] valid=1532 correct=857 parse_failures=0
[transformers] Setting `pad_token_id` to `eos_token_id`:151645 for open-end generation.
[transformers] Setting `pad_token_id` to `eos_token_id`:151645 for open-end generation.
[2423/3000] valid=1533 correct=858 parse_failures=0
[transformers] Setting `pad_token_id` to `eos_token_id`:151645 for open-end generation.
[transformers] Setting `pad_token_id` to `eos_token_id`:151645 for open-end generation.
[2424/3000] valid=1534 correct=858 parse_failures=0
[transformers] Setting `pad_token_id` to `eos_token_id`:151645 for open-end generation.
[transformers] Setting `pad_token_id` to `eos_token_id`:151645 for open-end generation.
[2425/3000] valid=1534 correct=858 parse_failures=0
[transformers] Setting `pad_token_id` to `eos_token_id`:151645 for open-end generation.
[transformers] Setting `pad_token_id` to `eos_token_id`:151645 for open-end generation.
[2426/3000] valid=1535 correct=858 parse_failures=0
[transformers] Setting `pad_token_id` to `eos_token_id`:151645 for open-end generation.
[transformers] Setting `pad_token_id` to `eos_token_id`:151645 for open-end generation.
[2427/3000] valid=1535 correct=858 parse_failures=0
[transformers] Setting `pad_token_id` to `eos_token_id`:151645 for open-end generation.
[transformers] Setting `pad_token_id` to `eos_token_id`:151645 for open-end generation.
[2428/3000] valid=1535 correct=858 parse_failures=0
[transformers] Setting `pad_token_id` to `eos_token_id`:151645 for open-end generation.
[transformers] Setting `pad_token_id` to `eos_token_id`:151645 for open-end generation.
[2429/3000] valid=1536 correct=859 parse_failures=0
[transformers] Setting `pad_token_id` to `eos_token_id`:151645 for open-end generation.
[transformers] Setting `pad_token_id` to `eos_token_id`:151645 for open-end generation.
[2430/3000] valid=1537 correct=859 parse_failures=0
[transformers] Setting `pad_token_id` to `eos_token_id`:151645 for open-end generation.
[transformers] Setting `pad_token_id` to `eos_token_id`:151645 for open-end generation.
[2431/3000] valid=1537 correct=859 parse_failures=0
[transformers] Setting `pad_token_id` to `eos_token_id`:151645 for open-end generation.
[transformers] Setting `pad_token_id` to `eos_token_id`:151645 for open-end generation.
[2432/3000] valid=1538 correct=860 parse_failures=0
[transformers] Setting `pad_token_id` to `eos_token_id`:151645 for open-end generation.
[transformers] Setting `pad_token_id` to `eos_token_id`:151645 for open-end generation.
[2433/3000] valid=1539 correct=860 parse_failures=0
[transformers] Setting `pad_token_id` to `eos_token_id`:151645 for open-end generation.
[transformers] Setting `pad_token_id` to `eos_token_id`:151645 for open-end generation.
[2434/3000] valid=1540 correct=860 parse_failures=0
[transformers] Setting `pad_token_id` to `eos_token_id`:151645 for open-end generation.
[transformers] Setting `pad_token_id` to `eos_token_id`:151645 for open-end generation.
[2435/3000] valid=1541 correct=860 parse_failures=0
[transformers] Setting `pad_token_id` to `eos_token_id`:151645 for open-end generation.
[transformers] Setting `pad_token_id` to `eos_token_id`:151645 for open-end generation.
[2436/3000] valid=1541 correct=860 parse_failures=0
[transformers] Setting `pad_token_id` to `eos_token_id`:151645 for open-end generation.
[transformers] Setting `pad_token_id` to `eos_token_id`:151645 for open-end generation.
[2437/3000] valid=1542 correct=860 parse_failures=0
[transformers] Setting `pad_token_id` to `eos_token_id`:151645 for open-end generation.
[transformers] Setting `pad_token_id` to `eos_token_id`:151645 for open-end generation.
[2438/3000] valid=1543 correct=860 parse_failures=0
[transformers] Setting `pad_token_id` to `eos_token_id`:151645 for open-end generation.
[transformers] Setting `pad_token_id` to `eos_token_id`:151645 for open-end generation.
[2439/3000] valid=1544 correct=860 parse_failures=0
[transformers] Setting `pad_token_id` to `eos_token_id`:151645 for open-end generation.
[transformers] Setting `pad_token_id` to `eos_token_id`:151645 for open-end generation.
[2440/3000] valid=1545 correct=861 parse_failures=0
[transformers] Setting `pad_token_id` to `eos_token_id`:151645 for open-end generation.
[transformers] Setting `pad_token_id` to `eos_token_id`:151645 for open-end generation.
[2441/3000] valid=1546 correct=862 parse_failures=0
[transformers] Setting `pad_token_id` to `eos_token_id`:151645 for open-end generation.
[transformers] Setting `pad_token_id` to `eos_token_id`:151645 for open-end generation.
[2442/3000] valid=1547 correct=862 parse_failures=0
[transformers] Setting `pad_token_id` to `eos_token_id`:151645 for open-end generation.
[transformers] Setting `pad_token_id` to `eos_token_id`:151645 for open-end generation.
[2443/3000] valid=1548 correct=862 parse_failures=0
[transformers] Setting `pad_token_id` to `eos_token_id`:151645 for open-end generation.
[transformers] Setting `pad_token_id` to `eos_token_id`:151645 for open-end generation.
[2444/3000] valid=1548 correct=862 parse_failures=0
[transformers] Setting `pad_token_id` to `eos_token_id`:151645 for open-end generation.
[transformers] Setting `pad_token_id` to `eos_token_id`:151645 for open-end generation.
[2445/3000] valid=1549 correct=863 parse_failures=0
[transformers] Setting `pad_token_id` to `eos_token_id`:151645 for open-end generation.
[transformers] Setting `pad_token_id` to `eos_token_id`:151645 for open-end generation.
[2446/3000] valid=1549 correct=863 parse_failures=0
[transformers] Setting `pad_token_id` to `eos_token_id`:151645 for open-end generation.
[transformers] Setting `pad_token_id` to `eos_token_id`:151645 for open-end generation.
[2447/3000] valid=1550 correct=864 parse_failures=0
[transformers] Setting `pad_token_id` to `eos_token_id`:151645 for open-end generation.
[transformers] Setting `pad_token_id` to `eos_token_id`:151645 for open-end generation.
[2448/3000] valid=1551 correct=865 parse_failures=0
[transformers] Setting `pad_token_id` to `eos_token_id`:151645 for open-end generation.
[transformers] Setting `pad_token_id` to `eos_token_id`:151645 for open-end generation.
[2449/3000] valid=1552 correct=865 parse_failures=0
[transformers] Setting `pad_token_id` to `eos_token_id`:151645 for open-end generation.
[transformers] Setting `pad_token_id` to `eos_token_id`:151645 for open-end generation.
[2450/3000] valid=1553 correct=865 parse_failures=0
[transformers] Setting `pad_token_id` to `eos_token_id`:151645 for open-end generation.
[transformers] Setting `pad_token_id` to `eos_token_id`:151645 for open-end generation.
[2451/3000] valid=1554 correct=865 parse_failures=0
[transformers] Setting `pad_token_id` to `eos_token_id`:151645 for open-end generation.
[transformers] Setting `pad_token_id` to `eos_token_id`:151645 for open-end generation.
[2452/3000] valid=1554 correct=865 parse_failures=0
[transformers] Setting `pad_token_id` to `eos_token_id`:151645 for open-end generation.
[transformers] Setting `pad_token_id` to `eos_token_id`:151645 for open-end generation.
[2453/3000] valid=1555 correct=865 parse_failures=0
[transformers] Setting `pad_token_id` to `eos_token_id`:151645 for open-end generation.
[transformers] Setting `pad_token_id` to `eos_token_id`:151645 for open-end generation.
[2454/3000] valid=1556 correct=865 parse_failures=0
[transformers] Setting `pad_token_id` to `eos_token_id`:151645 for open-end generation.
[transformers] Setting `pad_token_id` to `eos_token_id`:151645 for open-end generation.
[2455/3000] valid=1556 correct=865 parse_failures=0
[transformers] Setting `pad_token_id` to `eos_token_id`:151645 for open-end generation.
[transformers] Setting `pad_token_id` to `eos_token_id`:151645 for open-end generation.
[2456/3000] valid=1557 correct=865 parse_failures=0
[transformers] Setting `pad_token_id` to `eos_token_id`:151645 for open-end generation.
[transformers] Setting `pad_token_id` to `eos_token_id`:151645 for open-end generation.
[2457/3000] valid=1558 correct=866 parse_failures=0
[transformers] Setting `pad_token_id` to `eos_token_id`:151645 for open-end generation.
[transformers] Setting `pad_token_id` to `eos_token_id`:151645 for open-end generation.
[2458/3000] valid=1558 correct=866 parse_failures=0
[transformers] Setting `pad_token_id` to `eos_token_id`:151645 for open-end generation.
[transformers] Setting `pad_token_id` to `eos_token_id`:151645 for open-end generation.
[2459/3000] valid=1558 correct=866 parse_failures=0
[transformers] Setting `pad_token_id` to `eos_token_id`:151645 for open-end generation.
[transformers] Setting `pad_token_id` to `eos_token_id`:151645 for open-end generation.
[2460/3000] valid=1558 correct=866 parse_failures=0
[transformers] Setting `pad_token_id` to `eos_token_id`:151645 for open-end generation.
[transformers] Setting `pad_token_id` to `eos_token_id`:151645 for open-end generation.
[2461/3000] valid=1558 correct=866 parse_failures=0
[transformers] Setting `pad_token_id` to `eos_token_id`:151645 for open-end generation.
[transformers] Setting `pad_token_id` to `eos_token_id`:151645 for open-end generation.
[2462/3000] valid=1559 correct=866 parse_failures=0
[transformers] Setting `pad_token_id` to `eos_token_id`:151645 for open-end generation.
[transformers] Setting `pad_token_id` to `eos_token_id`:151645 for open-end generation.
[2463/3000] valid=1559 correct=866 parse_failures=0
[transformers] Setting `pad_token_id` to `eos_token_id`:151645 for open-end generation.
[transformers] Setting `pad_token_id` to `eos_token_id`:151645 for open-end generation.
[2464/3000] valid=1560 correct=866 parse_failures=0
[transformers] Setting `pad_token_id` to `eos_token_id`:151645 for open-end generation.
[transformers] Setting `pad_token_id` to `eos_token_id`:151645 for open-end generation.
[2465/3000] valid=1561 correct=867 parse_failures=0
[transformers] Setting `pad_token_id` to `eos_token_id`:151645 for open-end generation.
[transformers] Setting `pad_token_id` to `eos_token_id`:151645 for open-end generation.
[2466/3000] valid=1561 correct=867 parse_failures=0
[transformers] Setting `pad_token_id` to `eos_token_id`:151645 for open-end generation.
[transformers] Setting `pad_token_id` to `eos_token_id`:151645 for open-end generation.
[2467/3000] valid=1562 correct=868 parse_failures=0
[transformers] Setting `pad_token_id` to `eos_token_id`:151645 for open-end generation.
[transformers] Setting `pad_token_id` to `eos_token_id`:151645 for open-end generation.
[2468/3000] valid=1563 correct=869 parse_failures=0
[transformers] Setting `pad_token_id` to `eos_token_id`:151645 for open-end generation.
[transformers] Setting `pad_token_id` to `eos_token_id`:151645 for open-end generation.
[2469/3000] valid=1563 correct=869 parse_failures=0
[transformers] Setting `pad_token_id` to `eos_token_id`:151645 for open-end generation.
[transformers] Setting `pad_token_id` to `eos_token_id`:151645 for open-end generation.
[2470/3000] valid=1563 correct=869 parse_failures=0
[transformers] Setting `pad_token_id` to `eos_token_id`:151645 for open-end generation.
[transformers] Setting `pad_token_id` to `eos_token_id`:151645 for open-end generation.
[2471/3000] valid=1564 correct=870 parse_failures=0
[transformers] Setting `pad_token_id` to `eos_token_id`:151645 for open-end generation.
[transformers] Setting `pad_token_id` to `eos_token_id`:151645 for open-end generation.
[2472/3000] valid=1564 correct=870 parse_failures=0
[transformers] Setting `pad_token_id` to `eos_token_id`:151645 for open-end generation.
[transformers] Setting `pad_token_id` to `eos_token_id`:151645 for open-end generation.
[2473/3000] valid=1565 correct=870 parse_failures=0
[transformers] Setting `pad_token_id` to `eos_token_id`:151645 for open-end generation.
[transformers] Setting `pad_token_id` to `eos_token_id`:151645 for open-end generation.
[2474/3000] valid=1565 correct=870 parse_failures=0
[transformers] Setting `pad_token_id` to `eos_token_id`:151645 for open-end generation.
[transformers] Setting `pad_token_id` to `eos_token_id`:151645 for open-end generation.
[2475/3000] valid=1566 correct=870 parse_failures=0
[transformers] Setting `pad_token_id` to `eos_token_id`:151645 for open-end generation.
[transformers] Setting `pad_token_id` to `eos_token_id`:151645 for open-end generation.
[2476/3000] valid=1567 correct=871 parse_failures=0
[transformers] Setting `pad_token_id` to `eos_token_id`:151645 for open-end generation.
[transformers] Setting `pad_token_id` to `eos_token_id`:151645 for open-end generation.
[2477/3000] valid=1568 correct=872 parse_failures=0
[transformers] Setting `pad_token_id` to `eos_token_id`:151645 for open-end generation.
[transformers] Setting `pad_token_id` to `eos_token_id`:151645 for open-end generation.
[2478/3000] valid=1568 correct=872 parse_failures=0
[transformers] Setting `pad_token_id` to `eos_token_id`:151645 for open-end generation.
[transformers] Setting `pad_token_id` to `eos_token_id`:151645 for open-end generation.
[2479/3000] valid=1568 correct=872 parse_failures=0
[transformers] Setting `pad_token_id` to `eos_token_id`:151645 for open-end generation.
[transformers] Setting `pad_token_id` to `eos_token_id`:151645 for open-end generation.
[2480/3000] valid=1568 correct=872 parse_failures=0
[transformers] Setting `pad_token_id` to `eos_token_id`:151645 for open-end generation.
[transformers] Setting `pad_token_id` to `eos_token_id`:151645 for open-end generation.
[2481/3000] valid=1569 correct=873 parse_failures=0
[transformers] Setting `pad_token_id` to `eos_token_id`:151645 for open-end generation.
[transformers] Setting `pad_token_id` to `eos_token_id`:151645 for open-end generation.
[2482/3000] valid=1569 correct=873 parse_failures=0
[transformers] Setting `pad_token_id` to `eos_token_id`:151645 for open-end generation.
[transformers] Setting `pad_token_id` to `eos_token_id`:151645 for open-end generation.
[2483/3000] valid=1569 correct=873 parse_failures=0
[transformers] Setting `pad_token_id` to `eos_token_id`:151645 for open-end generation.
[transformers] Setting `pad_token_id` to `eos_token_id`:151645 for open-end generation.
[2484/3000] valid=1570 correct=873 parse_failures=0
[transformers] Setting `pad_token_id` to `eos_token_id`:151645 for open-end generation.
[transformers] Setting `pad_token_id` to `eos_token_id`:151645 for open-end generation.
[2485/3000] valid=1570 correct=873 parse_failures=0
[transformers] Setting `pad_token_id` to `eos_token_id`:151645 for open-end generation.
[transformers] Setting `pad_token_id` to `eos_token_id`:151645 for open-end generation.
[2486/3000] valid=1571 correct=874 parse_failures=0
[transformers] Setting `pad_token_id` to `eos_token_id`:151645 for open-end generation.
[transformers] Setting `pad_token_id` to `eos_token_id`:151645 for open-end generation.
[2487/3000] valid=1572 correct=874 parse_failures=0
[transformers] Setting `pad_token_id` to `eos_token_id`:151645 for open-end generation.
[transformers] Setting `pad_token_id` to `eos_token_id`:151645 for open-end generation.
[2488/3000] valid=1573 correct=875 parse_failures=0
[transformers] Setting `pad_token_id` to `eos_token_id`:151645 for open-end generation.
[transformers] Setting `pad_token_id` to `eos_token_id`:151645 for open-end generation.
[2489/3000] valid=1574 correct=876 parse_failures=0
[transformers] Setting `pad_token_id` to `eos_token_id`:151645 for open-end generation.
[transformers] Setting `pad_token_id` to `eos_token_id`:151645 for open-end generation.
[2490/3000] valid=1574 correct=876 parse_failures=0
[transformers] Setting `pad_token_id` to `eos_token_id`:151645 for open-end generation.
[transformers] Setting `pad_token_id` to `eos_token_id`:151645 for open-end generation.
[2491/3000] valid=1575 correct=876 parse_failures=0
[transformers] Setting `pad_token_id` to `eos_token_id`:151645 for open-end generation.
[transformers] Setting `pad_token_id` to `eos_token_id`:151645 for open-end generation.
[2492/3000] valid=1576 correct=877 parse_failures=0
[transformers] Setting `pad_token_id` to `eos_token_id`:151645 for open-end generation.
[transformers] Setting `pad_token_id` to `eos_token_id`:151645 for open-end generation.
[2493/3000] valid=1577 correct=878 parse_failures=0
[transformers] Setting `pad_token_id` to `eos_token_id`:151645 for open-end generation.
[transformers] Setting `pad_token_id` to `eos_token_id`:151645 for open-end generation.
[2494/3000] valid=1578 correct=878 parse_failures=0
[transformers] Setting `pad_token_id` to `eos_token_id`:151645 for open-end generation.
[transformers] Setting `pad_token_id` to `eos_token_id`:151645 for open-end generation.
[2495/3000] valid=1578 correct=878 parse_failures=0
[transformers] Setting `pad_token_id` to `eos_token_id`:151645 for open-end generation.
[transformers] Setting `pad_token_id` to `eos_token_id`:151645 for open-end generation.
[2496/3000] valid=1579 correct=878 parse_failures=0
[transformers] Setting `pad_token_id` to `eos_token_id`:151645 for open-end generation.
[transformers] Setting `pad_token_id` to `eos_token_id`:151645 for open-end generation.
[2497/3000] valid=1580 correct=879 parse_failures=0
[transformers] Setting `pad_token_id` to `eos_token_id`:151645 for open-end generation.
[transformers] Setting `pad_token_id` to `eos_token_id`:151645 for open-end generation.
[2498/3000] valid=1581 correct=880 parse_failures=0
[transformers] Setting `pad_token_id` to `eos_token_id`:151645 for open-end generation.
[transformers] Setting `pad_token_id` to `eos_token_id`:151645 for open-end generation.
[2499/3000] valid=1582 correct=880 parse_failures=0
[transformers] Setting `pad_token_id` to `eos_token_id`:151645 for open-end generation.
[transformers] Setting `pad_token_id` to `eos_token_id`:151645 for open-end generation.
[2500/3000] valid=1583 correct=881 parse_failures=0
[transformers] Setting `pad_token_id` to `eos_token_id`:151645 for open-end generation.
[transformers] Setting `pad_token_id` to `eos_token_id`:151645 for open-end generation.
[2501/3000] valid=1584 correct=881 parse_failures=0
[transformers] Setting `pad_token_id` to `eos_token_id`:151645 for open-end generation.
[transformers] Setting `pad_token_id` to `eos_token_id`:151645 for open-end generation.
[2502/3000] valid=1585 correct=881 parse_failures=0
[transformers] Setting `pad_token_id` to `eos_token_id`:151645 for open-end generation.
[transformers] Setting `pad_token_id` to `eos_token_id`:151645 for open-end generation.
[2503/3000] valid=1586 correct=882 parse_failures=0
[transformers] Setting `pad_token_id` to `eos_token_id`:151645 for open-end generation.
[transformers] Setting `pad_token_id` to `eos_token_id`:151645 for open-end generation.
[2504/3000] valid=1587 correct=883 parse_failures=0
[transformers] Setting `pad_token_id` to `eos_token_id`:151645 for open-end generation.
[transformers] Setting `pad_token_id` to `eos_token_id`:151645 for open-end generation.
[2505/3000] valid=1588 correct=884 parse_failures=0
[transformers] Setting `pad_token_id` to `eos_token_id`:151645 for open-end generation.
[transformers] Setting `pad_token_id` to `eos_token_id`:151645 for open-end generation.
[2506/3000] valid=1588 correct=884 parse_failures=0
[transformers] Setting `pad_token_id` to `eos_token_id`:151645 for open-end generation.
[transformers] Setting `pad_token_id` to `eos_token_id`:151645 for open-end generation.
[2507/3000] valid=1589 correct=885 parse_failures=0
[transformers] Setting `pad_token_id` to `eos_token_id`:151645 for open-end generation.
[transformers] Setting `pad_token_id` to `eos_token_id`:151645 for open-end generation.
[2508/3000] valid=1590 correct=886 parse_failures=0
[transformers] Setting `pad_token_id` to `eos_token_id`:151645 for open-end generation.
[transformers] Setting `pad_token_id` to `eos_token_id`:151645 for open-end generation.
[2509/3000] valid=1590 correct=886 parse_failures=0
[transformers] Setting `pad_token_id` to `eos_token_id`:151645 for open-end generation.
[transformers] Setting `pad_token_id` to `eos_token_id`:151645 for open-end generation.
[2510/3000] valid=1590 correct=886 parse_failures=0
[transformers] Setting `pad_token_id` to `eos_token_id`:151645 for open-end generation.
[transformers] Setting `pad_token_id` to `eos_token_id`:151645 for open-end generation.
[2511/3000] valid=1591 correct=886 parse_failures=0
[transformers] Setting `pad_token_id` to `eos_token_id`:151645 for open-end generation.
[transformers] Setting `pad_token_id` to `eos_token_id`:151645 for open-end generation.
[2512/3000] valid=1592 correct=887 parse_failures=0
[transformers] Setting `pad_token_id` to `eos_token_id`:151645 for open-end generation.
[transformers] Setting `pad_token_id` to `eos_token_id`:151645 for open-end generation.
[2513/3000] valid=1592 correct=887 parse_failures=0
[transformers] Setting `pad_token_id` to `eos_token_id`:151645 for open-end generation.
[transformers] Setting `pad_token_id` to `eos_token_id`:151645 for open-end generation.
[2514/3000] valid=1593 correct=888 parse_failures=0
[transformers] Setting `pad_token_id` to `eos_token_id`:151645 for open-end generation.
[transformers] Setting `pad_token_id` to `eos_token_id`:151645 for open-end generation.
[2515/3000] valid=1594 correct=888 parse_failures=0
[transformers] Setting `pad_token_id` to `eos_token_id`:151645 for open-end generation.
[transformers] Setting `pad_token_id` to `eos_token_id`:151645 for open-end generation.
[2516/3000] valid=1594 correct=888 parse_failures=0
[transformers] Setting `pad_token_id` to `eos_token_id`:151645 for open-end generation.
[transformers] Setting `pad_token_id` to `eos_token_id`:151645 for open-end generation.
[2517/3000] valid=1594 correct=888 parse_failures=0
[transformers] Setting `pad_token_id` to `eos_token_id`:151645 for open-end generation.
[transformers] Setting `pad_token_id` to `eos_token_id`:151645 for open-end generation.
[2518/3000] valid=1595 correct=888 parse_failures=0
[transformers] Setting `pad_token_id` to `eos_token_id`:151645 for open-end generation.
[transformers] Setting `pad_token_id` to `eos_token_id`:151645 for open-end generation.
[2519/3000] valid=1596 correct=889 parse_failures=0
[transformers] Setting `pad_token_id` to `eos_token_id`:151645 for open-end generation.
[transformers] Setting `pad_token_id` to `eos_token_id`:151645 for open-end generation.
[2520/3000] valid=1597 correct=890 parse_failures=0
[transformers] Setting `pad_token_id` to `eos_token_id`:151645 for open-end generation.
[transformers] Setting `pad_token_id` to `eos_token_id`:151645 for open-end generation.
[2521/3000] valid=1598 correct=890 parse_failures=0
[transformers] Setting `pad_token_id` to `eos_token_id`:151645 for open-end generation.
[transformers] Setting `pad_token_id` to `eos_token_id`:151645 for open-end generation.
[2522/3000] valid=1598 correct=890 parse_failures=0
[transformers] Setting `pad_token_id` to `eos_token_id`:151645 for open-end generation.
[transformers] Setting `pad_token_id` to `eos_token_id`:151645 for open-end generation.
[2523/3000] valid=1599 correct=891 parse_failures=0
[transformers] Setting `pad_token_id` to `eos_token_id`:151645 for open-end generation.
[transformers] Setting `pad_token_id` to `eos_token_id`:151645 for open-end generation.
[2524/3000] valid=1600 correct=892 parse_failures=0
[transformers] Setting `pad_token_id` to `eos_token_id`:151645 for open-end generation.
[transformers] Setting `pad_token_id` to `eos_token_id`:151645 for open-end generation.
[2525/3000] valid=1601 correct=893 parse_failures=0
[transformers] Setting `pad_token_id` to `eos_token_id`:151645 for open-end generation.
[transformers] Setting `pad_token_id` to `eos_token_id`:151645 for open-end generation.
[2526/3000] valid=1602 correct=893 parse_failures=0
[transformers] Setting `pad_token_id` to `eos_token_id`:151645 for open-end generation.
[transformers] Setting `pad_token_id` to `eos_token_id`:151645 for open-end generation.
[2527/3000] valid=1603 correct=894 parse_failures=0
[transformers] Setting `pad_token_id` to `eos_token_id`:151645 for open-end generation.
[transformers] Setting `pad_token_id` to `eos_token_id`:151645 for open-end generation.
[2528/3000] valid=1604 correct=894 parse_failures=0
[transformers] Setting `pad_token_id` to `eos_token_id`:151645 for open-end generation.
[transformers] Setting `pad_token_id` to `eos_token_id`:151645 for open-end generation.
[2529/3000] valid=1604 correct=894 parse_failures=0
[transformers] Setting `pad_token_id` to `eos_token_id`:151645 for open-end generation.
[transformers] Setting `pad_token_id` to `eos_token_id`:151645 for open-end generation.
[2530/3000] valid=1605 correct=895 parse_failures=0
[transformers] Setting `pad_token_id` to `eos_token_id`:151645 for open-end generation.
[transformers] Setting `pad_token_id` to `eos_token_id`:151645 for open-end generation.
[2531/3000] valid=1606 correct=896 parse_failures=0
[transformers] Setting `pad_token_id` to `eos_token_id`:151645 for open-end generation.
[transformers] Setting `pad_token_id` to `eos_token_id`:151645 for open-end generation.
[2532/3000] valid=1607 correct=897 parse_failures=0
[transformers] Setting `pad_token_id` to `eos_token_id`:151645 for open-end generation.
[transformers] Setting `pad_token_id` to `eos_token_id`:151645 for open-end generation.
[2533/3000] valid=1608 correct=897 parse_failures=0
[transformers] Setting `pad_token_id` to `eos_token_id`:151645 for open-end generation.
[transformers] Setting `pad_token_id` to `eos_token_id`:151645 for open-end generation.
[2534/3000] valid=1609 correct=897 parse_failures=0
[transformers] Setting `pad_token_id` to `eos_token_id`:151645 for open-end generation.
[transformers] Setting `pad_token_id` to `eos_token_id`:151645 for open-end generation.
[2535/3000] valid=1610 correct=898 parse_failures=0
[transformers] Setting `pad_token_id` to `eos_token_id`:151645 for open-end generation.
[transformers] Setting `pad_token_id` to `eos_token_id`:151645 for open-end generation.
[2536/3000] valid=1611 correct=899 parse_failures=0
[transformers] Setting `pad_token_id` to `eos_token_id`:151645 for open-end generation.
[transformers] Setting `pad_token_id` to `eos_token_id`:151645 for open-end generation.
[2537/3000] valid=1612 correct=900 parse_failures=0
[transformers] Setting `pad_token_id` to `eos_token_id`:151645 for open-end generation.
[transformers] Setting `pad_token_id` to `eos_token_id`:151645 for open-end generation.
[2538/3000] valid=1613 correct=900 parse_failures=0
[transformers] Setting `pad_token_id` to `eos_token_id`:151645 for open-end generation.
[transformers] Setting `pad_token_id` to `eos_token_id`:151645 for open-end generation.
[2539/3000] valid=1614 correct=901 parse_failures=0
[transformers] Setting `pad_token_id` to `eos_token_id`:151645 for open-end generation.
[transformers] Setting `pad_token_id` to `eos_token_id`:151645 for open-end generation.
[2540/3000] valid=1615 correct=901 parse_failures=0
[transformers] Setting `pad_token_id` to `eos_token_id`:151645 for open-end generation.
[transformers] Setting `pad_token_id` to `eos_token_id`:151645 for open-end generation.
[2541/3000] valid=1615 correct=901 parse_failures=0
[transformers] Setting `pad_token_id` to `eos_token_id`:151645 for open-end generation.
[transformers] Setting `pad_token_id` to `eos_token_id`:151645 for open-end generation.
[2542/3000] valid=1615 correct=901 parse_failures=0
[transformers] Setting `pad_token_id` to `eos_token_id`:151645 for open-end generation.
[transformers] Setting `pad_token_id` to `eos_token_id`:151645 for open-end generation.
[2543/3000] valid=1616 correct=902 parse_failures=0
[transformers] Setting `pad_token_id` to `eos_token_id`:151645 for open-end generation.
[transformers] Setting `pad_token_id` to `eos_token_id`:151645 for open-end generation.
[2544/3000] valid=1617 correct=902 parse_failures=0
[transformers] Setting `pad_token_id` to `eos_token_id`:151645 for open-end generation.
[transformers] Setting `pad_token_id` to `eos_token_id`:151645 for open-end generation.
[2545/3000] valid=1617 correct=902 parse_failures=0
[transformers] Setting `pad_token_id` to `eos_token_id`:151645 for open-end generation.
[transformers] Setting `pad_token_id` to `eos_token_id`:151645 for open-end generation.
[2546/3000] valid=1618 correct=902 parse_failures=0
[transformers] Setting `pad_token_id` to `eos_token_id`:151645 for open-end generation.
[transformers] Setting `pad_token_id` to `eos_token_id`:151645 for open-end generation.
[2547/3000] valid=1618 correct=902 parse_failures=0
[transformers] Setting `pad_token_id` to `eos_token_id`:151645 for open-end generation.
[transformers] Setting `pad_token_id` to `eos_token_id`:151645 for open-end generation.
[2548/3000] valid=1618 correct=902 parse_failures=0
[transformers] Setting `pad_token_id` to `eos_token_id`:151645 for open-end generation.
[transformers] Setting `pad_token_id` to `eos_token_id`:151645 for open-end generation.
[2549/3000] valid=1618 correct=902 parse_failures=0
[transformers] Setting `pad_token_id` to `eos_token_id`:151645 for open-end generation.
[transformers] Setting `pad_token_id` to `eos_token_id`:151645 for open-end generation.
[2550/3000] valid=1619 correct=902 parse_failures=0
[transformers] Setting `pad_token_id` to `eos_token_id`:151645 for open-end generation.
[transformers] Setting `pad_token_id` to `eos_token_id`:151645 for open-end generation.
[2551/3000] valid=1620 correct=902 parse_failures=0
[transformers] Setting `pad_token_id` to `eos_token_id`:151645 for open-end generation.
[transformers] Setting `pad_token_id` to `eos_token_id`:151645 for open-end generation.
[2552/3000] valid=1620 correct=902 parse_failures=0
[transformers] Setting `pad_token_id` to `eos_token_id`:151645 for open-end generation.
[transformers] Setting `pad_token_id` to `eos_token_id`:151645 for open-end generation.
[2553/3000] valid=1620 correct=902 parse_failures=0
[transformers] Setting `pad_token_id` to `eos_token_id`:151645 for open-end generation.
[transformers] Setting `pad_token_id` to `eos_token_id`:151645 for open-end generation.
[2554/3000] valid=1621 correct=902 parse_failures=0
[transformers] Setting `pad_token_id` to `eos_token_id`:151645 for open-end generation.
[transformers] Setting `pad_token_id` to `eos_token_id`:151645 for open-end generation.
[2555/3000] valid=1622 correct=902 parse_failures=0
[transformers] Setting `pad_token_id` to `eos_token_id`:151645 for open-end generation.
[transformers] Setting `pad_token_id` to `eos_token_id`:151645 for open-end generation.
[2556/3000] valid=1623 correct=903 parse_failures=0
[transformers] Setting `pad_token_id` to `eos_token_id`:151645 for open-end generation.
[transformers] Setting `pad_token_id` to `eos_token_id`:151645 for open-end generation.
[2557/3000] valid=1624 correct=904 parse_failures=0
[transformers] Setting `pad_token_id` to `eos_token_id`:151645 for open-end generation.
[transformers] Setting `pad_token_id` to `eos_token_id`:151645 for open-end generation.
[2558/3000] valid=1624 correct=904 parse_failures=0
[transformers] Setting `pad_token_id` to `eos_token_id`:151645 for open-end generation.
[transformers] Setting `pad_token_id` to `eos_token_id`:151645 for open-end generation.
[2559/3000] valid=1625 correct=905 parse_failures=0
[transformers] Setting `pad_token_id` to `eos_token_id`:151645 for open-end generation.
[transformers] Setting `pad_token_id` to `eos_token_id`:151645 for open-end generation.
[2560/3000] valid=1626 correct=905 parse_failures=0
[transformers] Setting `pad_token_id` to `eos_token_id`:151645 for open-end generation.
[transformers] Setting `pad_token_id` to `eos_token_id`:151645 for open-end generation.
[2561/3000] valid=1627 correct=906 parse_failures=0
[transformers] Setting `pad_token_id` to `eos_token_id`:151645 for open-end generation.
[transformers] Setting `pad_token_id` to `eos_token_id`:151645 for open-end generation.
[2562/3000] valid=1628 correct=906 parse_failures=0
[transformers] Setting `pad_token_id` to `eos_token_id`:151645 for open-end generation.
[transformers] Setting `pad_token_id` to `eos_token_id`:151645 for open-end generation.
[2563/3000] valid=1628 correct=906 parse_failures=0
[transformers] Setting `pad_token_id` to `eos_token_id`:151645 for open-end generation.
[transformers] Setting `pad_token_id` to `eos_token_id`:151645 for open-end generation.
[2564/3000] valid=1628 correct=906 parse_failures=0
[transformers] Setting `pad_token_id` to `eos_token_id`:151645 for open-end generation.
[transformers] Setting `pad_token_id` to `eos_token_id`:151645 for open-end generation.
[2565/3000] valid=1628 correct=906 parse_failures=0
[transformers] Setting `pad_token_id` to `eos_token_id`:151645 for open-end generation.
[transformers] Setting `pad_token_id` to `eos_token_id`:151645 for open-end generation.
[2566/3000] valid=1628 correct=906 parse_failures=0
[transformers] Setting `pad_token_id` to `eos_token_id`:151645 for open-end generation.
[transformers] Setting `pad_token_id` to `eos_token_id`:151645 for open-end generation.
[2567/3000] valid=1629 correct=907 parse_failures=0
[transformers] Setting `pad_token_id` to `eos_token_id`:151645 for open-end generation.
[transformers] Setting `pad_token_id` to `eos_token_id`:151645 for open-end generation.
[2568/3000] valid=1630 correct=908 parse_failures=0
[transformers] Setting `pad_token_id` to `eos_token_id`:151645 for open-end generation.
[transformers] Setting `pad_token_id` to `eos_token_id`:151645 for open-end generation.
[2569/3000] valid=1630 correct=908 parse_failures=0
[transformers] Setting `pad_token_id` to `eos_token_id`:151645 for open-end generation.
[transformers] Setting `pad_token_id` to `eos_token_id`:151645 for open-end generation.
[2570/3000] valid=1631 correct=909 parse_failures=0
[transformers] Setting `pad_token_id` to `eos_token_id`:151645 for open-end generation.
[transformers] Setting `pad_token_id` to `eos_token_id`:151645 for open-end generation.
[2571/3000] valid=1631 correct=909 parse_failures=0
[transformers] Setting `pad_token_id` to `eos_token_id`:151645 for open-end generation.
[transformers] Setting `pad_token_id` to `eos_token_id`:151645 for open-end generation.
[2572/3000] valid=1631 correct=909 parse_failures=0
[transformers] Setting `pad_token_id` to `eos_token_id`:151645 for open-end generation.
[transformers] Setting `pad_token_id` to `eos_token_id`:151645 for open-end generation.
[2573/3000] valid=1632 correct=909 parse_failures=0
[transformers] Setting `pad_token_id` to `eos_token_id`:151645 for open-end generation.
[transformers] Setting `pad_token_id` to `eos_token_id`:151645 for open-end generation.
[2574/3000] valid=1632 correct=909 parse_failures=0
[transformers] Setting `pad_token_id` to `eos_token_id`:151645 for open-end generation.
[transformers] Setting `pad_token_id` to `eos_token_id`:151645 for open-end generation.
[2575/3000] valid=1632 correct=909 parse_failures=0
[transformers] Setting `pad_token_id` to `eos_token_id`:151645 for open-end generation.
[transformers] Setting `pad_token_id` to `eos_token_id`:151645 for open-end generation.
[2576/3000] valid=1633 correct=909 parse_failures=0
[transformers] Setting `pad_token_id` to `eos_token_id`:151645 for open-end generation.
[transformers] Setting `pad_token_id` to `eos_token_id`:151645 for open-end generation.
[2577/3000] valid=1634 correct=909 parse_failures=0
[transformers] Setting `pad_token_id` to `eos_token_id`:151645 for open-end generation.
[transformers] Setting `pad_token_id` to `eos_token_id`:151645 for open-end generation.
[2578/3000] valid=1634 correct=909 parse_failures=0
[transformers] Setting `pad_token_id` to `eos_token_id`:151645 for open-end generation.
[transformers] Setting `pad_token_id` to `eos_token_id`:151645 for open-end generation.
[2579/3000] valid=1634 correct=909 parse_failures=0
[transformers] Setting `pad_token_id` to `eos_token_id`:151645 for open-end generation.
[transformers] Setting `pad_token_id` to `eos_token_id`:151645 for open-end generation.
[2580/3000] valid=1634 correct=909 parse_failures=0
[transformers] Setting `pad_token_id` to `eos_token_id`:151645 for open-end generation.
[transformers] Setting `pad_token_id` to `eos_token_id`:151645 for open-end generation.
[2581/3000] valid=1634 correct=909 parse_failures=0
[transformers] Setting `pad_token_id` to `eos_token_id`:151645 for open-end generation.
[transformers] Setting `pad_token_id` to `eos_token_id`:151645 for open-end generation.
[2582/3000] valid=1635 correct=910 parse_failures=0
[transformers] Setting `pad_token_id` to `eos_token_id`:151645 for open-end generation.
[transformers] Setting `pad_token_id` to `eos_token_id`:151645 for open-end generation.
[2583/3000] valid=1636 correct=910 parse_failures=0
[transformers] Setting `pad_token_id` to `eos_token_id`:151645 for open-end generation.
[transformers] Setting `pad_token_id` to `eos_token_id`:151645 for open-end generation.
[2584/3000] valid=1636 correct=910 parse_failures=0
[transformers] Setting `pad_token_id` to `eos_token_id`:151645 for open-end generation.
[transformers] Setting `pad_token_id` to `eos_token_id`:151645 for open-end generation.
[2585/3000] valid=1637 correct=910 parse_failures=0
[transformers] Setting `pad_token_id` to `eos_token_id`:151645 for open-end generation.
[transformers] Setting `pad_token_id` to `eos_token_id`:151645 for open-end generation.
[2586/3000] valid=1637 correct=910 parse_failures=0
[transformers] Setting `pad_token_id` to `eos_token_id`:151645 for open-end generation.
[transformers] Setting `pad_token_id` to `eos_token_id`:151645 for open-end generation.
[2587/3000] valid=1638 correct=911 parse_failures=0
[transformers] Setting `pad_token_id` to `eos_token_id`:151645 for open-end generation.
[transformers] Setting `pad_token_id` to `eos_token_id`:151645 for open-end generation.
[2588/3000] valid=1638 correct=911 parse_failures=0
[transformers] Setting `pad_token_id` to `eos_token_id`:151645 for open-end generation.
[transformers] Setting `pad_token_id` to `eos_token_id`:151645 for open-end generation.
[2589/3000] valid=1638 correct=911 parse_failures=0
[transformers] Setting `pad_token_id` to `eos_token_id`:151645 for open-end generation.
[transformers] Setting `pad_token_id` to `eos_token_id`:151645 for open-end generation.
[2590/3000] valid=1638 correct=911 parse_failures=0
[transformers] Setting `pad_token_id` to `eos_token_id`:151645 for open-end generation.
[transformers] Setting `pad_token_id` to `eos_token_id`:151645 for open-end generation.
[2591/3000] valid=1638 correct=911 parse_failures=0
[transformers] Setting `pad_token_id` to `eos_token_id`:151645 for open-end generation.
[transformers] Setting `pad_token_id` to `eos_token_id`:151645 for open-end generation.
[2592/3000] valid=1639 correct=911 parse_failures=0
[transformers] Setting `pad_token_id` to `eos_token_id`:151645 for open-end generation.
[transformers] Setting `pad_token_id` to `eos_token_id`:151645 for open-end generation.
[2593/3000] valid=1640 correct=912 parse_failures=0
[transformers] Setting `pad_token_id` to `eos_token_id`:151645 for open-end generation.
[transformers] Setting `pad_token_id` to `eos_token_id`:151645 for open-end generation.
[2594/3000] valid=1640 correct=912 parse_failures=0
[transformers] Setting `pad_token_id` to `eos_token_id`:151645 for open-end generation.
[transformers] Setting `pad_token_id` to `eos_token_id`:151645 for open-end generation.
[2595/3000] valid=1641 correct=912 parse_failures=0
[transformers] Setting `pad_token_id` to `eos_token_id`:151645 for open-end generation.
[transformers] Setting `pad_token_id` to `eos_token_id`:151645 for open-end generation.
[2596/3000] valid=1642 correct=912 parse_failures=0
[transformers] Setting `pad_token_id` to `eos_token_id`:151645 for open-end generation.
[transformers] Setting `pad_token_id` to `eos_token_id`:151645 for open-end generation.
[2597/3000] valid=1643 correct=912 parse_failures=0
[transformers] Setting `pad_token_id` to `eos_token_id`:151645 for open-end generation.
[transformers] Setting `pad_token_id` to `eos_token_id`:151645 for open-end generation.
[2598/3000] valid=1644 correct=912 parse_failures=0
[transformers] Setting `pad_token_id` to `eos_token_id`:151645 for open-end generation.
[transformers] Setting `pad_token_id` to `eos_token_id`:151645 for open-end generation.
[2599/3000] valid=1645 correct=912 parse_failures=0
[transformers] Setting `pad_token_id` to `eos_token_id`:151645 for open-end generation.
[transformers] Setting `pad_token_id` to `eos_token_id`:151645 for open-end generation.
[2600/3000] valid=1645 correct=912 parse_failures=0
[transformers] Setting `pad_token_id` to `eos_token_id`:151645 for open-end generation.
[transformers] Setting `pad_token_id` to `eos_token_id`:151645 for open-end generation.
[2601/3000] valid=1645 correct=912 parse_failures=0
[transformers] Setting `pad_token_id` to `eos_token_id`:151645 for open-end generation.
[transformers] Setting `pad_token_id` to `eos_token_id`:151645 for open-end generation.
[2602/3000] valid=1646 correct=913 parse_failures=0
[transformers] Setting `pad_token_id` to `eos_token_id`:151645 for open-end generation.
[transformers] Setting `pad_token_id` to `eos_token_id`:151645 for open-end generation.
[2603/3000] valid=1647 correct=913 parse_failures=0
[transformers] Setting `pad_token_id` to `eos_token_id`:151645 for open-end generation.
[transformers] Setting `pad_token_id` to `eos_token_id`:151645 for open-end generation.
[2604/3000] valid=1648 correct=913 parse_failures=0
[transformers] Setting `pad_token_id` to `eos_token_id`:151645 for open-end generation.
[transformers] Setting `pad_token_id` to `eos_token_id`:151645 for open-end generation.
[2605/3000] valid=1649 correct=913 parse_failures=0
[transformers] Setting `pad_token_id` to `eos_token_id`:151645 for open-end generation.
[transformers] Setting `pad_token_id` to `eos_token_id`:151645 for open-end generation.
[2606/3000] valid=1649 correct=913 parse_failures=0
[transformers] Setting `pad_token_id` to `eos_token_id`:151645 for open-end generation.
[transformers] Setting `pad_token_id` to `eos_token_id`:151645 for open-end generation.
[2607/3000] valid=1650 correct=913 parse_failures=0
[transformers] Setting `pad_token_id` to `eos_token_id`:151645 for open-end generation.
[transformers] Setting `pad_token_id` to `eos_token_id`:151645 for open-end generation.
[2608/3000] valid=1651 correct=913 parse_failures=0
[transformers] Setting `pad_token_id` to `eos_token_id`:151645 for open-end generation.
[transformers] Setting `pad_token_id` to `eos_token_id`:151645 for open-end generation.
[2609/3000] valid=1652 correct=914 parse_failures=0
[transformers] Setting `pad_token_id` to `eos_token_id`:151645 for open-end generation.
[transformers] Setting `pad_token_id` to `eos_token_id`:151645 for open-end generation.
[2610/3000] valid=1653 correct=914 parse_failures=0
[transformers] Setting `pad_token_id` to `eos_token_id`:151645 for open-end generation.
[transformers] Setting `pad_token_id` to `eos_token_id`:151645 for open-end generation.
[2611/3000] valid=1654 correct=915 parse_failures=0
[transformers] Setting `pad_token_id` to `eos_token_id`:151645 for open-end generation.
[transformers] Setting `pad_token_id` to `eos_token_id`:151645 for open-end generation.
[2612/3000] valid=1654 correct=915 parse_failures=0
[transformers] Setting `pad_token_id` to `eos_token_id`:151645 for open-end generation.
[transformers] Setting `pad_token_id` to `eos_token_id`:151645 for open-end generation.
[2613/3000] valid=1655 correct=916 parse_failures=0
[transformers] Setting `pad_token_id` to `eos_token_id`:151645 for open-end generation.
[transformers] Setting `pad_token_id` to `eos_token_id`:151645 for open-end generation.
[2614/3000] valid=1656 correct=917 parse_failures=0
[transformers] Setting `pad_token_id` to `eos_token_id`:151645 for open-end generation.
[transformers] Setting `pad_token_id` to `eos_token_id`:151645 for open-end generation.
[2615/3000] valid=1657 correct=917 parse_failures=0
[transformers] Setting `pad_token_id` to `eos_token_id`:151645 for open-end generation.
[transformers] Setting `pad_token_id` to `eos_token_id`:151645 for open-end generation.
[2616/3000] valid=1657 correct=917 parse_failures=0
[transformers] Setting `pad_token_id` to `eos_token_id`:151645 for open-end generation.
[transformers] Setting `pad_token_id` to `eos_token_id`:151645 for open-end generation.
[2617/3000] valid=1657 correct=917 parse_failures=0
[transformers] Setting `pad_token_id` to `eos_token_id`:151645 for open-end generation.
[transformers] Setting `pad_token_id` to `eos_token_id`:151645 for open-end generation.
[2618/3000] valid=1658 correct=917 parse_failures=0
[transformers] Setting `pad_token_id` to `eos_token_id`:151645 for open-end generation.
[transformers] Setting `pad_token_id` to `eos_token_id`:151645 for open-end generation.
[2619/3000] valid=1659 correct=917 parse_failures=0
[transformers] Setting `pad_token_id` to `eos_token_id`:151645 for open-end generation.
[transformers] Setting `pad_token_id` to `eos_token_id`:151645 for open-end generation.
[2620/3000] valid=1659 correct=917 parse_failures=0
[transformers] Setting `pad_token_id` to `eos_token_id`:151645 for open-end generation.
[transformers] Setting `pad_token_id` to `eos_token_id`:151645 for open-end generation.
[2621/3000] valid=1660 correct=917 parse_failures=0
[transformers] Setting `pad_token_id` to `eos_token_id`:151645 for open-end generation.
[transformers] Setting `pad_token_id` to `eos_token_id`:151645 for open-end generation.
[2622/3000] valid=1661 correct=917 parse_failures=0
[transformers] Setting `pad_token_id` to `eos_token_id`:151645 for open-end generation.
[transformers] Setting `pad_token_id` to `eos_token_id`:151645 for open-end generation.
[2623/3000] valid=1661 correct=917 parse_failures=0
[transformers] Setting `pad_token_id` to `eos_token_id`:151645 for open-end generation.
[transformers] Setting `pad_token_id` to `eos_token_id`:151645 for open-end generation.
[2624/3000] valid=1662 correct=917 parse_failures=0
[transformers] Setting `pad_token_id` to `eos_token_id`:151645 for open-end generation.
[transformers] Setting `pad_token_id` to `eos_token_id`:151645 for open-end generation.
[2625/3000] valid=1663 correct=917 parse_failures=0
[transformers] Setting `pad_token_id` to `eos_token_id`:151645 for open-end generation.
[transformers] Setting `pad_token_id` to `eos_token_id`:151645 for open-end generation.
[2626/3000] valid=1664 correct=918 parse_failures=0
[transformers] Setting `pad_token_id` to `eos_token_id`:151645 for open-end generation.
[transformers] Setting `pad_token_id` to `eos_token_id`:151645 for open-end generation.
[2627/3000] valid=1664 correct=918 parse_failures=0
[transformers] Setting `pad_token_id` to `eos_token_id`:151645 for open-end generation.
[transformers] Setting `pad_token_id` to `eos_token_id`:151645 for open-end generation.
[2628/3000] valid=1665 correct=919 parse_failures=0
[transformers] Setting `pad_token_id` to `eos_token_id`:151645 for open-end generation.
[transformers] Setting `pad_token_id` to `eos_token_id`:151645 for open-end generation.
[2629/3000] valid=1665 correct=919 parse_failures=0
[transformers] Setting `pad_token_id` to `eos_token_id`:151645 for open-end generation.
[transformers] Setting `pad_token_id` to `eos_token_id`:151645 for open-end generation.
[2630/3000] valid=1665 correct=919 parse_failures=0
[transformers] Setting `pad_token_id` to `eos_token_id`:151645 for open-end generation.
[transformers] Setting `pad_token_id` to `eos_token_id`:151645 for open-end generation.
[2631/3000] valid=1666 correct=919 parse_failures=0
[transformers] Setting `pad_token_id` to `eos_token_id`:151645 for open-end generation.
[transformers] Setting `pad_token_id` to `eos_token_id`:151645 for open-end generation.
[2632/3000] valid=1666 correct=919 parse_failures=0
[transformers] Setting `pad_token_id` to `eos_token_id`:151645 for open-end generation.
[transformers] Setting `pad_token_id` to `eos_token_id`:151645 for open-end generation.
[2633/3000] valid=1667 correct=919 parse_failures=0
[transformers] Setting `pad_token_id` to `eos_token_id`:151645 for open-end generation.
[transformers] Setting `pad_token_id` to `eos_token_id`:151645 for open-end generation.
[2634/3000] valid=1668 correct=920 parse_failures=0
[transformers] Setting `pad_token_id` to `eos_token_id`:151645 for open-end generation.
[transformers] Setting `pad_token_id` to `eos_token_id`:151645 for open-end generation.
[2635/3000] valid=1668 correct=920 parse_failures=0
[transformers] Setting `pad_token_id` to `eos_token_id`:151645 for open-end generation.
[transformers] Setting `pad_token_id` to `eos_token_id`:151645 for open-end generation.
[2636/3000] valid=1669 correct=921 parse_failures=0
[transformers] Setting `pad_token_id` to `eos_token_id`:151645 for open-end generation.
[transformers] Setting `pad_token_id` to `eos_token_id`:151645 for open-end generation.
[2637/3000] valid=1669 correct=921 parse_failures=0
[transformers] Setting `pad_token_id` to `eos_token_id`:151645 for open-end generation.
[transformers] Setting `pad_token_id` to `eos_token_id`:151645 for open-end generation.
[2638/3000] valid=1669 correct=921 parse_failures=0
[transformers] Setting `pad_token_id` to `eos_token_id`:151645 for open-end generation.
[transformers] Setting `pad_token_id` to `eos_token_id`:151645 for open-end generation.
[2639/3000] valid=1669 correct=921 parse_failures=0
[transformers] Setting `pad_token_id` to `eos_token_id`:151645 for open-end generation.
[transformers] Setting `pad_token_id` to `eos_token_id`:151645 for open-end generation.
[2640/3000] valid=1670 correct=922 parse_failures=0
[transformers] Setting `pad_token_id` to `eos_token_id`:151645 for open-end generation.
[transformers] Setting `pad_token_id` to `eos_token_id`:151645 for open-end generation.
[2641/3000] valid=1671 correct=923 parse_failures=0
[transformers] Setting `pad_token_id` to `eos_token_id`:151645 for open-end generation.
[transformers] Setting `pad_token_id` to `eos_token_id`:151645 for open-end generation.
[2642/3000] valid=1672 correct=924 parse_failures=0
[transformers] Setting `pad_token_id` to `eos_token_id`:151645 for open-end generation.
[transformers] Setting `pad_token_id` to `eos_token_id`:151645 for open-end generation.
[2643/3000] valid=1672 correct=924 parse_failures=0
[transformers] Setting `pad_token_id` to `eos_token_id`:151645 for open-end generation.
[transformers] Setting `pad_token_id` to `eos_token_id`:151645 for open-end generation.
[2644/3000] valid=1673 correct=924 parse_failures=0
[transformers] Setting `pad_token_id` to `eos_token_id`:151645 for open-end generation.
[transformers] Setting `pad_token_id` to `eos_token_id`:151645 for open-end generation.
[2645/3000] valid=1674 correct=925 parse_failures=0
[transformers] Setting `pad_token_id` to `eos_token_id`:151645 for open-end generation.
[transformers] Setting `pad_token_id` to `eos_token_id`:151645 for open-end generation.
[2646/3000] valid=1675 correct=926 parse_failures=0
[transformers] Setting `pad_token_id` to `eos_token_id`:151645 for open-end generation.
[transformers] Setting `pad_token_id` to `eos_token_id`:151645 for open-end generation.
[2647/3000] valid=1676 correct=927 parse_failures=0
[transformers] Setting `pad_token_id` to `eos_token_id`:151645 for open-end generation.
[transformers] Setting `pad_token_id` to `eos_token_id`:151645 for open-end generation.
[2648/3000] valid=1677 correct=928 parse_failures=0
[transformers] Setting `pad_token_id` to `eos_token_id`:151645 for open-end generation.
[transformers] Setting `pad_token_id` to `eos_token_id`:151645 for open-end generation.
[2649/3000] valid=1678 correct=929 parse_failures=0
[transformers] Setting `pad_token_id` to `eos_token_id`:151645 for open-end generation.
[transformers] Setting `pad_token_id` to `eos_token_id`:151645 for open-end generation.
[2650/3000] valid=1679 correct=930 parse_failures=0
[transformers] Setting `pad_token_id` to `eos_token_id`:151645 for open-end generation.
[transformers] Setting `pad_token_id` to `eos_token_id`:151645 for open-end generation.
[2651/3000] valid=1680 correct=930 parse_failures=0
[transformers] Setting `pad_token_id` to `eos_token_id`:151645 for open-end generation.
[transformers] Setting `pad_token_id` to `eos_token_id`:151645 for open-end generation.
[2652/3000] valid=1681 correct=931 parse_failures=0
[transformers] Setting `pad_token_id` to `eos_token_id`:151645 for open-end generation.
[transformers] Setting `pad_token_id` to `eos_token_id`:151645 for open-end generation.
[2653/3000] valid=1682 correct=932 parse_failures=0
[transformers] Setting `pad_token_id` to `eos_token_id`:151645 for open-end generation.
[transformers] Setting `pad_token_id` to `eos_token_id`:151645 for open-end generation.
[2654/3000] valid=1683 correct=933 parse_failures=0
[transformers] Setting `pad_token_id` to `eos_token_id`:151645 for open-end generation.
[transformers] Setting `pad_token_id` to `eos_token_id`:151645 for open-end generation.
[2655/3000] valid=1684 correct=934 parse_failures=0
[transformers] Setting `pad_token_id` to `eos_token_id`:151645 for open-end generation.
[transformers] Setting `pad_token_id` to `eos_token_id`:151645 for open-end generation.
[2656/3000] valid=1685 correct=934 parse_failures=0
[transformers] Setting `pad_token_id` to `eos_token_id`:151645 for open-end generation.
[transformers] Setting `pad_token_id` to `eos_token_id`:151645 for open-end generation.
[2657/3000] valid=1686 correct=935 parse_failures=0
[transformers] Setting `pad_token_id` to `eos_token_id`:151645 for open-end generation.
[transformers] Setting `pad_token_id` to `eos_token_id`:151645 for open-end generation.
[2658/3000] valid=1687 correct=936 parse_failures=0
[transformers] Setting `pad_token_id` to `eos_token_id`:151645 for open-end generation.
[transformers] Setting `pad_token_id` to `eos_token_id`:151645 for open-end generation.
[2659/3000] valid=1688 correct=936 parse_failures=0
[transformers] Setting `pad_token_id` to `eos_token_id`:151645 for open-end generation.
[transformers] Setting `pad_token_id` to `eos_token_id`:151645 for open-end generation.
[2660/3000] valid=1689 correct=936 parse_failures=0
[transformers] Setting `pad_token_id` to `eos_token_id`:151645 for open-end generation.
[transformers] Setting `pad_token_id` to `eos_token_id`:151645 for open-end generation.
[2661/3000] valid=1690 correct=936 parse_failures=0
[transformers] Setting `pad_token_id` to `eos_token_id`:151645 for open-end generation.
[transformers] Setting `pad_token_id` to `eos_token_id`:151645 for open-end generation.
[2662/3000] valid=1691 correct=936 parse_failures=0
[transformers] Setting `pad_token_id` to `eos_token_id`:151645 for open-end generation.
[transformers] Setting `pad_token_id` to `eos_token_id`:151645 for open-end generation.
[2663/3000] valid=1692 correct=937 parse_failures=0
[transformers] Setting `pad_token_id` to `eos_token_id`:151645 for open-end generation.
[transformers] Setting `pad_token_id` to `eos_token_id`:151645 for open-end generation.
[2664/3000] valid=1693 correct=938 parse_failures=0
[transformers] Setting `pad_token_id` to `eos_token_id`:151645 for open-end generation.
[transformers] Setting `pad_token_id` to `eos_token_id`:151645 for open-end generation.
[2665/3000] valid=1694 correct=938 parse_failures=0
[transformers] Setting `pad_token_id` to `eos_token_id`:151645 for open-end generation.
[transformers] Setting `pad_token_id` to `eos_token_id`:151645 for open-end generation.
[2666/3000] valid=1694 correct=938 parse_failures=0
[transformers] Setting `pad_token_id` to `eos_token_id`:151645 for open-end generation.
[transformers] Setting `pad_token_id` to `eos_token_id`:151645 for open-end generation.
[2667/3000] valid=1695 correct=939 parse_failures=0
[transformers] Setting `pad_token_id` to `eos_token_id`:151645 for open-end generation.
[transformers] Setting `pad_token_id` to `eos_token_id`:151645 for open-end generation.
[2668/3000] valid=1696 correct=940 parse_failures=0
[transformers] Setting `pad_token_id` to `eos_token_id`:151645 for open-end generation.
[transformers] Setting `pad_token_id` to `eos_token_id`:151645 for open-end generation.
[2669/3000] valid=1696 correct=940 parse_failures=0
[transformers] Setting `pad_token_id` to `eos_token_id`:151645 for open-end generation.
[transformers] Setting `pad_token_id` to `eos_token_id`:151645 for open-end generation.
[2670/3000] valid=1697 correct=940 parse_failures=0
[transformers] Setting `pad_token_id` to `eos_token_id`:151645 for open-end generation.
[transformers] Setting `pad_token_id` to `eos_token_id`:151645 for open-end generation.
[2671/3000] valid=1698 correct=940 parse_failures=0
[transformers] Setting `pad_token_id` to `eos_token_id`:151645 for open-end generation.
[transformers] Setting `pad_token_id` to `eos_token_id`:151645 for open-end generation.
[2672/3000] valid=1699 correct=941 parse_failures=0
[transformers] Setting `pad_token_id` to `eos_token_id`:151645 for open-end generation.
[transformers] Setting `pad_token_id` to `eos_token_id`:151645 for open-end generation.
[2673/3000] valid=1700 correct=942 parse_failures=0
[transformers] Setting `pad_token_id` to `eos_token_id`:151645 for open-end generation.
[transformers] Setting `pad_token_id` to `eos_token_id`:151645 for open-end generation.
[2674/3000] valid=1700 correct=942 parse_failures=0
[transformers] Setting `pad_token_id` to `eos_token_id`:151645 for open-end generation.
[transformers] Setting `pad_token_id` to `eos_token_id`:151645 for open-end generation.
[2675/3000] valid=1701 correct=942 parse_failures=0
[transformers] Setting `pad_token_id` to `eos_token_id`:151645 for open-end generation.
[transformers] Setting `pad_token_id` to `eos_token_id`:151645 for open-end generation.
[2676/3000] valid=1702 correct=942 parse_failures=0
[transformers] Setting `pad_token_id` to `eos_token_id`:151645 for open-end generation.
[transformers] Setting `pad_token_id` to `eos_token_id`:151645 for open-end generation.
[2677/3000] valid=1702 correct=942 parse_failures=0
[transformers] Setting `pad_token_id` to `eos_token_id`:151645 for open-end generation.
[transformers] Setting `pad_token_id` to `eos_token_id`:151645 for open-end generation.
[2678/3000] valid=1702 correct=942 parse_failures=0
[transformers] Setting `pad_token_id` to `eos_token_id`:151645 for open-end generation.
[transformers] Setting `pad_token_id` to `eos_token_id`:151645 for open-end generation.
[2679/3000] valid=1703 correct=942 parse_failures=0
[transformers] Setting `pad_token_id` to `eos_token_id`:151645 for open-end generation.
[transformers] Setting `pad_token_id` to `eos_token_id`:151645 for open-end generation.
[2680/3000] valid=1704 correct=943 parse_failures=0
[transformers] Setting `pad_token_id` to `eos_token_id`:151645 for open-end generation.
[transformers] Setting `pad_token_id` to `eos_token_id`:151645 for open-end generation.
[2681/3000] valid=1705 correct=943 parse_failures=0
[transformers] Setting `pad_token_id` to `eos_token_id`:151645 for open-end generation.
[transformers] Setting `pad_token_id` to `eos_token_id`:151645 for open-end generation.
[2682/3000] valid=1706 correct=943 parse_failures=0
[transformers] Setting `pad_token_id` to `eos_token_id`:151645 for open-end generation.
[transformers] Setting `pad_token_id` to `eos_token_id`:151645 for open-end generation.
[2683/3000] valid=1707 correct=944 parse_failures=0
[transformers] Setting `pad_token_id` to `eos_token_id`:151645 for open-end generation.
[transformers] Setting `pad_token_id` to `eos_token_id`:151645 for open-end generation.
[2684/3000] valid=1707 correct=944 parse_failures=0
[transformers] Setting `pad_token_id` to `eos_token_id`:151645 for open-end generation.
[transformers] Setting `pad_token_id` to `eos_token_id`:151645 for open-end generation.
[2685/3000] valid=1707 correct=944 parse_failures=0
[transformers] Setting `pad_token_id` to `eos_token_id`:151645 for open-end generation.
[transformers] Setting `pad_token_id` to `eos_token_id`:151645 for open-end generation.
[2686/3000] valid=1708 correct=945 parse_failures=0
[transformers] Setting `pad_token_id` to `eos_token_id`:151645 for open-end generation.
[transformers] Setting `pad_token_id` to `eos_token_id`:151645 for open-end generation.
[2687/3000] valid=1708 correct=945 parse_failures=0
[transformers] Setting `pad_token_id` to `eos_token_id`:151645 for open-end generation.
[transformers] Setting `pad_token_id` to `eos_token_id`:151645 for open-end generation.
[2688/3000] valid=1709 correct=946 parse_failures=0
[transformers] Setting `pad_token_id` to `eos_token_id`:151645 for open-end generation.
[transformers] Setting `pad_token_id` to `eos_token_id`:151645 for open-end generation.
[2689/3000] valid=1710 correct=946 parse_failures=0
[transformers] Setting `pad_token_id` to `eos_token_id`:151645 for open-end generation.
[transformers] Setting `pad_token_id` to `eos_token_id`:151645 for open-end generation.
[2690/3000] valid=1711 correct=946 parse_failures=0
[transformers] Setting `pad_token_id` to `eos_token_id`:151645 for open-end generation.
[transformers] Setting `pad_token_id` to `eos_token_id`:151645 for open-end generation.
[2691/3000] valid=1712 correct=946 parse_failures=0
[transformers] Setting `pad_token_id` to `eos_token_id`:151645 for open-end generation.
[transformers] Setting `pad_token_id` to `eos_token_id`:151645 for open-end generation.
[2692/3000] valid=1713 correct=946 parse_failures=0
[transformers] Setting `pad_token_id` to `eos_token_id`:151645 for open-end generation.
[transformers] Setting `pad_token_id` to `eos_token_id`:151645 for open-end generation.
[2693/3000] valid=1714 correct=946 parse_failures=0
[transformers] Setting `pad_token_id` to `eos_token_id`:151645 for open-end generation.
[transformers] Setting `pad_token_id` to `eos_token_id`:151645 for open-end generation.
[2694/3000] valid=1715 correct=946 parse_failures=0
[transformers] Setting `pad_token_id` to `eos_token_id`:151645 for open-end generation.
[transformers] Setting `pad_token_id` to `eos_token_id`:151645 for open-end generation.
[2695/3000] valid=1715 correct=946 parse_failures=0
[transformers] Setting `pad_token_id` to `eos_token_id`:151645 for open-end generation.
[transformers] Setting `pad_token_id` to `eos_token_id`:151645 for open-end generation.
[2696/3000] valid=1715 correct=946 parse_failures=0
[transformers] Setting `pad_token_id` to `eos_token_id`:151645 for open-end generation.
[transformers] Setting `pad_token_id` to `eos_token_id`:151645 for open-end generation.
[2697/3000] valid=1716 correct=946 parse_failures=0
[transformers] Setting `pad_token_id` to `eos_token_id`:151645 for open-end generation.
[transformers] Setting `pad_token_id` to `eos_token_id`:151645 for open-end generation.
[2698/3000] valid=1717 correct=946 parse_failures=0
[transformers] Setting `pad_token_id` to `eos_token_id`:151645 for open-end generation.
[transformers] Setting `pad_token_id` to `eos_token_id`:151645 for open-end generation.
[2699/3000] valid=1717 correct=946 parse_failures=0
[transformers] Setting `pad_token_id` to `eos_token_id`:151645 for open-end generation.
[transformers] Setting `pad_token_id` to `eos_token_id`:151645 for open-end generation.
[2700/3000] valid=1718 correct=946 parse_failures=0
[transformers] Setting `pad_token_id` to `eos_token_id`:151645 for open-end generation.
[transformers] Setting `pad_token_id` to `eos_token_id`:151645 for open-end generation.
[2701/3000] valid=1718 correct=946 parse_failures=0
[transformers] Setting `pad_token_id` to `eos_token_id`:151645 for open-end generation.
[transformers] Setting `pad_token_id` to `eos_token_id`:151645 for open-end generation.
[2702/3000] valid=1719 correct=946 parse_failures=0
[transformers] Setting `pad_token_id` to `eos_token_id`:151645 for open-end generation.
[transformers] Setting `pad_token_id` to `eos_token_id`:151645 for open-end generation.
[2703/3000] valid=1720 correct=946 parse_failures=0
[transformers] Setting `pad_token_id` to `eos_token_id`:151645 for open-end generation.
[transformers] Setting `pad_token_id` to `eos_token_id`:151645 for open-end generation.
[2704/3000] valid=1721 correct=947 parse_failures=0
[transformers] Setting `pad_token_id` to `eos_token_id`:151645 for open-end generation.
[transformers] Setting `pad_token_id` to `eos_token_id`:151645 for open-end generation.
[2705/3000] valid=1721 correct=947 parse_failures=0
[transformers] Setting `pad_token_id` to `eos_token_id`:151645 for open-end generation.
[transformers] Setting `pad_token_id` to `eos_token_id`:151645 for open-end generation.
[2706/3000] valid=1722 correct=947 parse_failures=0
[transformers] Setting `pad_token_id` to `eos_token_id`:151645 for open-end generation.
[transformers] Setting `pad_token_id` to `eos_token_id`:151645 for open-end generation.
[2707/3000] valid=1722 correct=947 parse_failures=0
[transformers] Setting `pad_token_id` to `eos_token_id`:151645 for open-end generation.
[transformers] Setting `pad_token_id` to `eos_token_id`:151645 for open-end generation.
[2708/3000] valid=1722 correct=947 parse_failures=0
[transformers] Setting `pad_token_id` to `eos_token_id`:151645 for open-end generation.
[transformers] Setting `pad_token_id` to `eos_token_id`:151645 for open-end generation.
[2709/3000] valid=1723 correct=948 parse_failures=0
[transformers] Setting `pad_token_id` to `eos_token_id`:151645 for open-end generation.
[transformers] Setting `pad_token_id` to `eos_token_id`:151645 for open-end generation.
[2710/3000] valid=1724 correct=949 parse_failures=0
[transformers] Setting `pad_token_id` to `eos_token_id`:151645 for open-end generation.
[transformers] Setting `pad_token_id` to `eos_token_id`:151645 for open-end generation.
[2711/3000] valid=1725 correct=949 parse_failures=0
[transformers] Setting `pad_token_id` to `eos_token_id`:151645 for open-end generation.
[transformers] Setting `pad_token_id` to `eos_token_id`:151645 for open-end generation.
[2712/3000] valid=1725 correct=949 parse_failures=0
[transformers] Setting `pad_token_id` to `eos_token_id`:151645 for open-end generation.
[transformers] Setting `pad_token_id` to `eos_token_id`:151645 for open-end generation.
[2713/3000] valid=1726 correct=950 parse_failures=0
[transformers] Setting `pad_token_id` to `eos_token_id`:151645 for open-end generation.
[transformers] Setting `pad_token_id` to `eos_token_id`:151645 for open-end generation.
[2714/3000] valid=1727 correct=950 parse_failures=0
[transformers] Setting `pad_token_id` to `eos_token_id`:151645 for open-end generation.
[transformers] Setting `pad_token_id` to `eos_token_id`:151645 for open-end generation.
[2715/3000] valid=1727 correct=950 parse_failures=0
[transformers] Setting `pad_token_id` to `eos_token_id`:151645 for open-end generation.
[transformers] Setting `pad_token_id` to `eos_token_id`:151645 for open-end generation.
[2716/3000] valid=1727 correct=950 parse_failures=0
[transformers] Setting `pad_token_id` to `eos_token_id`:151645 for open-end generation.
[transformers] Setting `pad_token_id` to `eos_token_id`:151645 for open-end generation.
[2717/3000] valid=1727 correct=950 parse_failures=0
[transformers] Setting `pad_token_id` to `eos_token_id`:151645 for open-end generation.
[transformers] Setting `pad_token_id` to `eos_token_id`:151645 for open-end generation.
[2718/3000] valid=1727 correct=950 parse_failures=0
[transformers] Setting `pad_token_id` to `eos_token_id`:151645 for open-end generation.
[transformers] Setting `pad_token_id` to `eos_token_id`:151645 for open-end generation.
[2719/3000] valid=1727 correct=950 parse_failures=0
[transformers] Setting `pad_token_id` to `eos_token_id`:151645 for open-end generation.
[transformers] Setting `pad_token_id` to `eos_token_id`:151645 for open-end generation.
[2720/3000] valid=1728 correct=950 parse_failures=0
[transformers] Setting `pad_token_id` to `eos_token_id`:151645 for open-end generation.
[transformers] Setting `pad_token_id` to `eos_token_id`:151645 for open-end generation.
[2721/3000] valid=1729 correct=951 parse_failures=0
[transformers] Setting `pad_token_id` to `eos_token_id`:151645 for open-end generation.
[transformers] Setting `pad_token_id` to `eos_token_id`:151645 for open-end generation.
[2722/3000] valid=1729 correct=951 parse_failures=0
[transformers] Setting `pad_token_id` to `eos_token_id`:151645 for open-end generation.
[transformers] Setting `pad_token_id` to `eos_token_id`:151645 for open-end generation.
[2723/3000] valid=1730 correct=951 parse_failures=0
[transformers] Setting `pad_token_id` to `eos_token_id`:151645 for open-end generation.
[transformers] Setting `pad_token_id` to `eos_token_id`:151645 for open-end generation.
[2724/3000] valid=1731 correct=952 parse_failures=0
[transformers] Setting `pad_token_id` to `eos_token_id`:151645 for open-end generation.
[transformers] Setting `pad_token_id` to `eos_token_id`:151645 for open-end generation.
[2725/3000] valid=1732 correct=952 parse_failures=0
[transformers] Setting `pad_token_id` to `eos_token_id`:151645 for open-end generation.
[transformers] Setting `pad_token_id` to `eos_token_id`:151645 for open-end generation.
[2726/3000] valid=1733 correct=952 parse_failures=0
[transformers] Setting `pad_token_id` to `eos_token_id`:151645 for open-end generation.
[transformers] Setting `pad_token_id` to `eos_token_id`:151645 for open-end generation.
[2727/3000] valid=1734 correct=953 parse_failures=0
[transformers] Setting `pad_token_id` to `eos_token_id`:151645 for open-end generation.
[transformers] Setting `pad_token_id` to `eos_token_id`:151645 for open-end generation.
[2728/3000] valid=1734 correct=953 parse_failures=0
[transformers] Setting `pad_token_id` to `eos_token_id`:151645 for open-end generation.
[transformers] Setting `pad_token_id` to `eos_token_id`:151645 for open-end generation.
[2729/3000] valid=1734 correct=953 parse_failures=0
[transformers] Setting `pad_token_id` to `eos_token_id`:151645 for open-end generation.
[transformers] Setting `pad_token_id` to `eos_token_id`:151645 for open-end generation.
[2730/3000] valid=1735 correct=953 parse_failures=0
[transformers] Setting `pad_token_id` to `eos_token_id`:151645 for open-end generation.
[transformers] Setting `pad_token_id` to `eos_token_id`:151645 for open-end generation.
[2731/3000] valid=1736 correct=954 parse_failures=0
[transformers] Setting `pad_token_id` to `eos_token_id`:151645 for open-end generation.
[transformers] Setting `pad_token_id` to `eos_token_id`:151645 for open-end generation.
[2732/3000] valid=1737 correct=954 parse_failures=0
[transformers] Setting `pad_token_id` to `eos_token_id`:151645 for open-end generation.
[transformers] Setting `pad_token_id` to `eos_token_id`:151645 for open-end generation.
[2733/3000] valid=1738 correct=955 parse_failures=0
[transformers] Setting `pad_token_id` to `eos_token_id`:151645 for open-end generation.
[transformers] Setting `pad_token_id` to `eos_token_id`:151645 for open-end generation.
[2734/3000] valid=1739 correct=955 parse_failures=0
[transformers] Setting `pad_token_id` to `eos_token_id`:151645 for open-end generation.
[transformers] Setting `pad_token_id` to `eos_token_id`:151645 for open-end generation.
[2735/3000] valid=1739 correct=955 parse_failures=0
[transformers] Setting `pad_token_id` to `eos_token_id`:151645 for open-end generation.
[transformers] Setting `pad_token_id` to `eos_token_id`:151645 for open-end generation.
[2736/3000] valid=1740 correct=956 parse_failures=0
[transformers] Setting `pad_token_id` to `eos_token_id`:151645 for open-end generation.
[transformers] Setting `pad_token_id` to `eos_token_id`:151645 for open-end generation.
[2737/3000] valid=1740 correct=956 parse_failures=0
[transformers] Setting `pad_token_id` to `eos_token_id`:151645 for open-end generation.
[transformers] Setting `pad_token_id` to `eos_token_id`:151645 for open-end generation.
[2738/3000] valid=1741 correct=957 parse_failures=0
[transformers] Setting `pad_token_id` to `eos_token_id`:151645 for open-end generation.
[transformers] Setting `pad_token_id` to `eos_token_id`:151645 for open-end generation.
[2739/3000] valid=1741 correct=957 parse_failures=0
[transformers] Setting `pad_token_id` to `eos_token_id`:151645 for open-end generation.
[transformers] Setting `pad_token_id` to `eos_token_id`:151645 for open-end generation.
[2740/3000] valid=1742 correct=958 parse_failures=0
[transformers] Setting `pad_token_id` to `eos_token_id`:151645 for open-end generation.
[transformers] Setting `pad_token_id` to `eos_token_id`:151645 for open-end generation.
[2741/3000] valid=1743 correct=958 parse_failures=0
[transformers] Setting `pad_token_id` to `eos_token_id`:151645 for open-end generation.
[transformers] Setting `pad_token_id` to `eos_token_id`:151645 for open-end generation.
[2742/3000] valid=1744 correct=958 parse_failures=0
[transformers] Setting `pad_token_id` to `eos_token_id`:151645 for open-end generation.
[transformers] Setting `pad_token_id` to `eos_token_id`:151645 for open-end generation.
[2743/3000] valid=1744 correct=958 parse_failures=0
[transformers] Setting `pad_token_id` to `eos_token_id`:151645 for open-end generation.
[transformers] Setting `pad_token_id` to `eos_token_id`:151645 for open-end generation.
[2744/3000] valid=1745 correct=959 parse_failures=0
[transformers] Setting `pad_token_id` to `eos_token_id`:151645 for open-end generation.
[transformers] Setting `pad_token_id` to `eos_token_id`:151645 for open-end generation.
[2745/3000] valid=1745 correct=959 parse_failures=0
[transformers] Setting `pad_token_id` to `eos_token_id`:151645 for open-end generation.
[transformers] Setting `pad_token_id` to `eos_token_id`:151645 for open-end generation.
[2746/3000] valid=1746 correct=960 parse_failures=0
[transformers] Setting `pad_token_id` to `eos_token_id`:151645 for open-end generation.
[transformers] Setting `pad_token_id` to `eos_token_id`:151645 for open-end generation.
[2747/3000] valid=1746 correct=960 parse_failures=0
[transformers] Setting `pad_token_id` to `eos_token_id`:151645 for open-end generation.
[transformers] Setting `pad_token_id` to `eos_token_id`:151645 for open-end generation.
[2748/3000] valid=1746 correct=960 parse_failures=0
[transformers] Setting `pad_token_id` to `eos_token_id`:151645 for open-end generation.
[transformers] Setting `pad_token_id` to `eos_token_id`:151645 for open-end generation.
[2749/3000] valid=1747 correct=961 parse_failures=0
[transformers] Setting `pad_token_id` to `eos_token_id`:151645 for open-end generation.
[transformers] Setting `pad_token_id` to `eos_token_id`:151645 for open-end generation.
[2750/3000] valid=1748 correct=961 parse_failures=0
[transformers] Setting `pad_token_id` to `eos_token_id`:151645 for open-end generation.
[transformers] Setting `pad_token_id` to `eos_token_id`:151645 for open-end generation.
[2751/3000] valid=1749 correct=961 parse_failures=0
[transformers] Setting `pad_token_id` to `eos_token_id`:151645 for open-end generation.
[transformers] Setting `pad_token_id` to `eos_token_id`:151645 for open-end generation.
[2752/3000] valid=1750 correct=962 parse_failures=0
[transformers] Setting `pad_token_id` to `eos_token_id`:151645 for open-end generation.
[transformers] Setting `pad_token_id` to `eos_token_id`:151645 for open-end generation.
[2753/3000] valid=1750 correct=962 parse_failures=0
[transformers] Setting `pad_token_id` to `eos_token_id`:151645 for open-end generation.
[transformers] Setting `pad_token_id` to `eos_token_id`:151645 for open-end generation.
[2754/3000] valid=1750 correct=962 parse_failures=0
[transformers] Setting `pad_token_id` to `eos_token_id`:151645 for open-end generation.
[transformers] Setting `pad_token_id` to `eos_token_id`:151645 for open-end generation.
[2755/3000] valid=1750 correct=962 parse_failures=0
[transformers] Setting `pad_token_id` to `eos_token_id`:151645 for open-end generation.
[transformers] Setting `pad_token_id` to `eos_token_id`:151645 for open-end generation.
[2756/3000] valid=1750 correct=962 parse_failures=0
[transformers] Setting `pad_token_id` to `eos_token_id`:151645 for open-end generation.
[transformers] Setting `pad_token_id` to `eos_token_id`:151645 for open-end generation.
[2757/3000] valid=1750 correct=962 parse_failures=0
[transformers] Setting `pad_token_id` to `eos_token_id`:151645 for open-end generation.
[transformers] Setting `pad_token_id` to `eos_token_id`:151645 for open-end generation.
[2758/3000] valid=1751 correct=962 parse_failures=0
[transformers] Setting `pad_token_id` to `eos_token_id`:151645 for open-end generation.
[transformers] Setting `pad_token_id` to `eos_token_id`:151645 for open-end generation.
[2759/3000] valid=1751 correct=962 parse_failures=0
[transformers] Setting `pad_token_id` to `eos_token_id`:151645 for open-end generation.
[transformers] Setting `pad_token_id` to `eos_token_id`:151645 for open-end generation.
[2760/3000] valid=1752 correct=963 parse_failures=0
[transformers] Setting `pad_token_id` to `eos_token_id`:151645 for open-end generation.
[transformers] Setting `pad_token_id` to `eos_token_id`:151645 for open-end generation.
[2761/3000] valid=1752 correct=963 parse_failures=0
[transformers] Setting `pad_token_id` to `eos_token_id`:151645 for open-end generation.
[transformers] Setting `pad_token_id` to `eos_token_id`:151645 for open-end generation.
[2762/3000] valid=1753 correct=963 parse_failures=0
[transformers] Setting `pad_token_id` to `eos_token_id`:151645 for open-end generation.
[transformers] Setting `pad_token_id` to `eos_token_id`:151645 for open-end generation.
[2763/3000] valid=1753 correct=963 parse_failures=0
[transformers] Setting `pad_token_id` to `eos_token_id`:151645 for open-end generation.
[transformers] Setting `pad_token_id` to `eos_token_id`:151645 for open-end generation.
[2764/3000] valid=1754 correct=963 parse_failures=0
[transformers] Setting `pad_token_id` to `eos_token_id`:151645 for open-end generation.
[transformers] Setting `pad_token_id` to `eos_token_id`:151645 for open-end generation.
[2765/3000] valid=1755 correct=963 parse_failures=0
[transformers] Setting `pad_token_id` to `eos_token_id`:151645 for open-end generation.
[transformers] Setting `pad_token_id` to `eos_token_id`:151645 for open-end generation.
[2766/3000] valid=1756 correct=964 parse_failures=0
[transformers] Setting `pad_token_id` to `eos_token_id`:151645 for open-end generation.
[transformers] Setting `pad_token_id` to `eos_token_id`:151645 for open-end generation.
[2767/3000] valid=1757 correct=964 parse_failures=0
[transformers] Setting `pad_token_id` to `eos_token_id`:151645 for open-end generation.
[transformers] Setting `pad_token_id` to `eos_token_id`:151645 for open-end generation.
[2768/3000] valid=1757 correct=964 parse_failures=0
[transformers] Setting `pad_token_id` to `eos_token_id`:151645 for open-end generation.
[transformers] Setting `pad_token_id` to `eos_token_id`:151645 for open-end generation.
[2769/3000] valid=1758 correct=964 parse_failures=0
[transformers] Setting `pad_token_id` to `eos_token_id`:151645 for open-end generation.
[transformers] Setting `pad_token_id` to `eos_token_id`:151645 for open-end generation.
[2770/3000] valid=1759 correct=964 parse_failures=0
[transformers] Setting `pad_token_id` to `eos_token_id`:151645 for open-end generation.
[transformers] Setting `pad_token_id` to `eos_token_id`:151645 for open-end generation.
[2771/3000] valid=1760 correct=965 parse_failures=0
[transformers] Setting `pad_token_id` to `eos_token_id`:151645 for open-end generation.
[transformers] Setting `pad_token_id` to `eos_token_id`:151645 for open-end generation.
[2772/3000] valid=1761 correct=966 parse_failures=0
[transformers] Setting `pad_token_id` to `eos_token_id`:151645 for open-end generation.
[transformers] Setting `pad_token_id` to `eos_token_id`:151645 for open-end generation.
[2773/3000] valid=1762 correct=967 parse_failures=0
[transformers] Setting `pad_token_id` to `eos_token_id`:151645 for open-end generation.
[transformers] Setting `pad_token_id` to `eos_token_id`:151645 for open-end generation.
[2774/3000] valid=1763 correct=968 parse_failures=0
[transformers] Setting `pad_token_id` to `eos_token_id`:151645 for open-end generation.
[transformers] Setting `pad_token_id` to `eos_token_id`:151645 for open-end generation.
[2775/3000] valid=1763 correct=968 parse_failures=0
[transformers] Setting `pad_token_id` to `eos_token_id`:151645 for open-end generation.
[transformers] Setting `pad_token_id` to `eos_token_id`:151645 for open-end generation.
[2776/3000] valid=1763 correct=968 parse_failures=0
[transformers] Setting `pad_token_id` to `eos_token_id`:151645 for open-end generation.
[transformers] Setting `pad_token_id` to `eos_token_id`:151645 for open-end generation.
[2777/3000] valid=1764 correct=969 parse_failures=0
[transformers] Setting `pad_token_id` to `eos_token_id`:151645 for open-end generation.
[transformers] Setting `pad_token_id` to `eos_token_id`:151645 for open-end generation.
[2778/3000] valid=1764 correct=969 parse_failures=0
[transformers] Setting `pad_token_id` to `eos_token_id`:151645 for open-end generation.
[transformers] Setting `pad_token_id` to `eos_token_id`:151645 for open-end generation.
[2779/3000] valid=1765 correct=970 parse_failures=0
[transformers] Setting `pad_token_id` to `eos_token_id`:151645 for open-end generation.
[transformers] Setting `pad_token_id` to `eos_token_id`:151645 for open-end generation.
[2780/3000] valid=1765 correct=970 parse_failures=0
[transformers] Setting `pad_token_id` to `eos_token_id`:151645 for open-end generation.
[transformers] Setting `pad_token_id` to `eos_token_id`:151645 for open-end generation.
[2781/3000] valid=1765 correct=970 parse_failures=0
[transformers] Setting `pad_token_id` to `eos_token_id`:151645 for open-end generation.
[transformers] Setting `pad_token_id` to `eos_token_id`:151645 for open-end generation.
[2782/3000] valid=1766 correct=970 parse_failures=0
[transformers] Setting `pad_token_id` to `eos_token_id`:151645 for open-end generation.
[transformers] Setting `pad_token_id` to `eos_token_id`:151645 for open-end generation.
[2783/3000] valid=1767 correct=971 parse_failures=0
[transformers] Setting `pad_token_id` to `eos_token_id`:151645 for open-end generation.
[transformers] Setting `pad_token_id` to `eos_token_id`:151645 for open-end generation.
[2784/3000] valid=1768 correct=972 parse_failures=0
[transformers] Setting `pad_token_id` to `eos_token_id`:151645 for open-end generation.
[transformers] Setting `pad_token_id` to `eos_token_id`:151645 for open-end generation.
[2785/3000] valid=1768 correct=972 parse_failures=0
[transformers] Setting `pad_token_id` to `eos_token_id`:151645 for open-end generation.
[transformers] Setting `pad_token_id` to `eos_token_id`:151645 for open-end generation.
[2786/3000] valid=1769 correct=972 parse_failures=0
[transformers] Setting `pad_token_id` to `eos_token_id`:151645 for open-end generation.
[transformers] Setting `pad_token_id` to `eos_token_id`:151645 for open-end generation.
[2787/3000] valid=1770 correct=973 parse_failures=0
[transformers] Setting `pad_token_id` to `eos_token_id`:151645 for open-end generation.
[transformers] Setting `pad_token_id` to `eos_token_id`:151645 for open-end generation.
[2788/3000] valid=1770 correct=973 parse_failures=0
[transformers] Setting `pad_token_id` to `eos_token_id`:151645 for open-end generation.
[transformers] Setting `pad_token_id` to `eos_token_id`:151645 for open-end generation.
[2789/3000] valid=1770 correct=973 parse_failures=0
[transformers] Setting `pad_token_id` to `eos_token_id`:151645 for open-end generation.
[transformers] Setting `pad_token_id` to `eos_token_id`:151645 for open-end generation.
[2790/3000] valid=1770 correct=973 parse_failures=0
[transformers] Setting `pad_token_id` to `eos_token_id`:151645 for open-end generation.
[transformers] Setting `pad_token_id` to `eos_token_id`:151645 for open-end generation.
[2791/3000] valid=1771 correct=973 parse_failures=0
[transformers] Setting `pad_token_id` to `eos_token_id`:151645 for open-end generation.
[transformers] Setting `pad_token_id` to `eos_token_id`:151645 for open-end generation.
[2792/3000] valid=1771 correct=973 parse_failures=0
[transformers] Setting `pad_token_id` to `eos_token_id`:151645 for open-end generation.
[transformers] Setting `pad_token_id` to `eos_token_id`:151645 for open-end generation.
[2793/3000] valid=1772 correct=974 parse_failures=0
[transformers] Setting `pad_token_id` to `eos_token_id`:151645 for open-end generation.
[transformers] Setting `pad_token_id` to `eos_token_id`:151645 for open-end generation.
[2794/3000] valid=1773 correct=975 parse_failures=0
[transformers] Setting `pad_token_id` to `eos_token_id`:151645 for open-end generation.
[transformers] Setting `pad_token_id` to `eos_token_id`:151645 for open-end generation.
[2795/3000] valid=1774 correct=976 parse_failures=0
[transformers] Setting `pad_token_id` to `eos_token_id`:151645 for open-end generation.
[transformers] Setting `pad_token_id` to `eos_token_id`:151645 for open-end generation.
[2796/3000] valid=1774 correct=976 parse_failures=0
[transformers] Setting `pad_token_id` to `eos_token_id`:151645 for open-end generation.
[transformers] Setting `pad_token_id` to `eos_token_id`:151645 for open-end generation.
[2797/3000] valid=1775 correct=976 parse_failures=0
[transformers] Setting `pad_token_id` to `eos_token_id`:151645 for open-end generation.
[transformers] Setting `pad_token_id` to `eos_token_id`:151645 for open-end generation.
[2798/3000] valid=1775 correct=976 parse_failures=0
[transformers] Setting `pad_token_id` to `eos_token_id`:151645 for open-end generation.
[transformers] Setting `pad_token_id` to `eos_token_id`:151645 for open-end generation.
[2799/3000] valid=1776 correct=977 parse_failures=0
[transformers] Setting `pad_token_id` to `eos_token_id`:151645 for open-end generation.
[transformers] Setting `pad_token_id` to `eos_token_id`:151645 for open-end generation.
[2800/3000] valid=1776 correct=977 parse_failures=0
[transformers] Setting `pad_token_id` to `eos_token_id`:151645 for open-end generation.
[transformers] Setting `pad_token_id` to `eos_token_id`:151645 for open-end generation.
[2801/3000] valid=1776 correct=977 parse_failures=0
[transformers] Setting `pad_token_id` to `eos_token_id`:151645 for open-end generation.
[transformers] Setting `pad_token_id` to `eos_token_id`:151645 for open-end generation.
[2802/3000] valid=1776 correct=977 parse_failures=0
[transformers] Setting `pad_token_id` to `eos_token_id`:151645 for open-end generation.
[transformers] Setting `pad_token_id` to `eos_token_id`:151645 for open-end generation.
[2803/3000] valid=1777 correct=977 parse_failures=0
[transformers] Setting `pad_token_id` to `eos_token_id`:151645 for open-end generation.
[transformers] Setting `pad_token_id` to `eos_token_id`:151645 for open-end generation.
[2804/3000] valid=1777 correct=977 parse_failures=0
[transformers] Setting `pad_token_id` to `eos_token_id`:151645 for open-end generation.
[transformers] Setting `pad_token_id` to `eos_token_id`:151645 for open-end generation.
[2805/3000] valid=1778 correct=978 parse_failures=0
[transformers] Setting `pad_token_id` to `eos_token_id`:151645 for open-end generation.
[transformers] Setting `pad_token_id` to `eos_token_id`:151645 for open-end generation.
[2806/3000] valid=1778 correct=978 parse_failures=0
[transformers] Setting `pad_token_id` to `eos_token_id`:151645 for open-end generation.
[transformers] Setting `pad_token_id` to `eos_token_id`:151645 for open-end generation.
[2807/3000] valid=1778 correct=978 parse_failures=0
[transformers] Setting `pad_token_id` to `eos_token_id`:151645 for open-end generation.
[transformers] Setting `pad_token_id` to `eos_token_id`:151645 for open-end generation.
[2808/3000] valid=1779 correct=979 parse_failures=0
[transformers] Setting `pad_token_id` to `eos_token_id`:151645 for open-end generation.
[transformers] Setting `pad_token_id` to `eos_token_id`:151645 for open-end generation.
[2809/3000] valid=1779 correct=979 parse_failures=0
[transformers] Setting `pad_token_id` to `eos_token_id`:151645 for open-end generation.
[transformers] Setting `pad_token_id` to `eos_token_id`:151645 for open-end generation.
[2810/3000] valid=1780 correct=979 parse_failures=0
[transformers] Setting `pad_token_id` to `eos_token_id`:151645 for open-end generation.
[transformers] Setting `pad_token_id` to `eos_token_id`:151645 for open-end generation.
[2811/3000] valid=1781 correct=980 parse_failures=0
[transformers] Setting `pad_token_id` to `eos_token_id`:151645 for open-end generation.
[transformers] Setting `pad_token_id` to `eos_token_id`:151645 for open-end generation.
[2812/3000] valid=1781 correct=980 parse_failures=0
[transformers] Setting `pad_token_id` to `eos_token_id`:151645 for open-end generation.
[transformers] Setting `pad_token_id` to `eos_token_id`:151645 for open-end generation.
[2813/3000] valid=1781 correct=980 parse_failures=0
[transformers] Setting `pad_token_id` to `eos_token_id`:151645 for open-end generation.
[transformers] Setting `pad_token_id` to `eos_token_id`:151645 for open-end generation.
[2814/3000] valid=1782 correct=980 parse_failures=0
[transformers] Setting `pad_token_id` to `eos_token_id`:151645 for open-end generation.
[transformers] Setting `pad_token_id` to `eos_token_id`:151645 for open-end generation.
[2815/3000] valid=1783 correct=981 parse_failures=0
[transformers] Setting `pad_token_id` to `eos_token_id`:151645 for open-end generation.
[transformers] Setting `pad_token_id` to `eos_token_id`:151645 for open-end generation.
[2816/3000] valid=1783 correct=981 parse_failures=0
[transformers] Setting `pad_token_id` to `eos_token_id`:151645 for open-end generation.
[transformers] Setting `pad_token_id` to `eos_token_id`:151645 for open-end generation.
[2817/3000] valid=1784 correct=981 parse_failures=0
[transformers] Setting `pad_token_id` to `eos_token_id`:151645 for open-end generation.
[transformers] Setting `pad_token_id` to `eos_token_id`:151645 for open-end generation.
[2818/3000] valid=1785 correct=982 parse_failures=0
[transformers] Setting `pad_token_id` to `eos_token_id`:151645 for open-end generation.
[transformers] Setting `pad_token_id` to `eos_token_id`:151645 for open-end generation.
[2819/3000] valid=1786 correct=982 parse_failures=0
[transformers] Setting `pad_token_id` to `eos_token_id`:151645 for open-end generation.
[transformers] Setting `pad_token_id` to `eos_token_id`:151645 for open-end generation.
[2820/3000] valid=1786 correct=982 parse_failures=0
[transformers] Setting `pad_token_id` to `eos_token_id`:151645 for open-end generation.
[transformers] Setting `pad_token_id` to `eos_token_id`:151645 for open-end generation.
[2821/3000] valid=1787 correct=982 parse_failures=0
[transformers] Setting `pad_token_id` to `eos_token_id`:151645 for open-end generation.
[transformers] Setting `pad_token_id` to `eos_token_id`:151645 for open-end generation.
[2822/3000] valid=1788 correct=982 parse_failures=0
[transformers] Setting `pad_token_id` to `eos_token_id`:151645 for open-end generation.
[transformers] Setting `pad_token_id` to `eos_token_id`:151645 for open-end generation.
[2823/3000] valid=1788 correct=982 parse_failures=0
[transformers] Setting `pad_token_id` to `eos_token_id`:151645 for open-end generation.
[transformers] Setting `pad_token_id` to `eos_token_id`:151645 for open-end generation.
[2824/3000] valid=1789 correct=982 parse_failures=0
[transformers] Setting `pad_token_id` to `eos_token_id`:151645 for open-end generation.
[transformers] Setting `pad_token_id` to `eos_token_id`:151645 for open-end generation.
[2825/3000] valid=1789 correct=982 parse_failures=0
[transformers] Setting `pad_token_id` to `eos_token_id`:151645 for open-end generation.
[transformers] Setting `pad_token_id` to `eos_token_id`:151645 for open-end generation.
[2826/3000] valid=1790 correct=982 parse_failures=0
[transformers] Setting `pad_token_id` to `eos_token_id`:151645 for open-end generation.
[transformers] Setting `pad_token_id` to `eos_token_id`:151645 for open-end generation.
[2827/3000] valid=1791 correct=983 parse_failures=0
[transformers] Setting `pad_token_id` to `eos_token_id`:151645 for open-end generation.
[transformers] Setting `pad_token_id` to `eos_token_id`:151645 for open-end generation.
[2828/3000] valid=1791 correct=983 parse_failures=0
[transformers] Setting `pad_token_id` to `eos_token_id`:151645 for open-end generation.
[transformers] Setting `pad_token_id` to `eos_token_id`:151645 for open-end generation.
[2829/3000] valid=1792 correct=983 parse_failures=0
[transformers] Setting `pad_token_id` to `eos_token_id`:151645 for open-end generation.
[transformers] Setting `pad_token_id` to `eos_token_id`:151645 for open-end generation.
[2830/3000] valid=1793 correct=984 parse_failures=0
[transformers] Setting `pad_token_id` to `eos_token_id`:151645 for open-end generation.
[transformers] Setting `pad_token_id` to `eos_token_id`:151645 for open-end generation.
[2831/3000] valid=1794 correct=985 parse_failures=0
[transformers] Setting `pad_token_id` to `eos_token_id`:151645 for open-end generation.
[transformers] Setting `pad_token_id` to `eos_token_id`:151645 for open-end generation.
[2832/3000] valid=1795 correct=986 parse_failures=0
[transformers] Setting `pad_token_id` to `eos_token_id`:151645 for open-end generation.
[transformers] Setting `pad_token_id` to `eos_token_id`:151645 for open-end generation.
[2833/3000] valid=1796 correct=987 parse_failures=0
[transformers] Setting `pad_token_id` to `eos_token_id`:151645 for open-end generation.
[transformers] Setting `pad_token_id` to `eos_token_id`:151645 for open-end generation.
[2834/3000] valid=1797 correct=988 parse_failures=0
[transformers] Setting `pad_token_id` to `eos_token_id`:151645 for open-end generation.
[transformers] Setting `pad_token_id` to `eos_token_id`:151645 for open-end generation.
[2835/3000] valid=1798 correct=989 parse_failures=0
[transformers] Setting `pad_token_id` to `eos_token_id`:151645 for open-end generation.
[transformers] Setting `pad_token_id` to `eos_token_id`:151645 for open-end generation.
[2836/3000] valid=1799 correct=990 parse_failures=0
[transformers] Setting `pad_token_id` to `eos_token_id`:151645 for open-end generation.
[transformers] Setting `pad_token_id` to `eos_token_id`:151645 for open-end generation.
[2837/3000] valid=1799 correct=990 parse_failures=0
[transformers] Setting `pad_token_id` to `eos_token_id`:151645 for open-end generation.
[transformers] Setting `pad_token_id` to `eos_token_id`:151645 for open-end generation.
[2838/3000] valid=1800 correct=991 parse_failures=0
[transformers] Setting `pad_token_id` to `eos_token_id`:151645 for open-end generation.
[transformers] Setting `pad_token_id` to `eos_token_id`:151645 for open-end generation.
[2839/3000] valid=1801 correct=992 parse_failures=0
[transformers] Setting `pad_token_id` to `eos_token_id`:151645 for open-end generation.
[transformers] Setting `pad_token_id` to `eos_token_id`:151645 for open-end generation.
[2840/3000] valid=1802 correct=992 parse_failures=0
[transformers] Setting `pad_token_id` to `eos_token_id`:151645 for open-end generation.
[transformers] Setting `pad_token_id` to `eos_token_id`:151645 for open-end generation.
[2841/3000] valid=1803 correct=992 parse_failures=0
[transformers] Setting `pad_token_id` to `eos_token_id`:151645 for open-end generation.
[transformers] Setting `pad_token_id` to `eos_token_id`:151645 for open-end generation.
[2842/3000] valid=1804 correct=992 parse_failures=0
[transformers] Setting `pad_token_id` to `eos_token_id`:151645 for open-end generation.
[transformers] Setting `pad_token_id` to `eos_token_id`:151645 for open-end generation.
[2843/3000] valid=1804 correct=992 parse_failures=0
[transformers] Setting `pad_token_id` to `eos_token_id`:151645 for open-end generation.
[transformers] Setting `pad_token_id` to `eos_token_id`:151645 for open-end generation.
[2844/3000] valid=1805 correct=993 parse_failures=0
[transformers] Setting `pad_token_id` to `eos_token_id`:151645 for open-end generation.
[transformers] Setting `pad_token_id` to `eos_token_id`:151645 for open-end generation.
[2845/3000] valid=1806 correct=993 parse_failures=0
[transformers] Setting `pad_token_id` to `eos_token_id`:151645 for open-end generation.
[transformers] Setting `pad_token_id` to `eos_token_id`:151645 for open-end generation.
[2846/3000] valid=1807 correct=993 parse_failures=0
[transformers] Setting `pad_token_id` to `eos_token_id`:151645 for open-end generation.
[transformers] Setting `pad_token_id` to `eos_token_id`:151645 for open-end generation.
[2847/3000] valid=1807 correct=993 parse_failures=0
[transformers] Setting `pad_token_id` to `eos_token_id`:151645 for open-end generation.
[transformers] Setting `pad_token_id` to `eos_token_id`:151645 for open-end generation.
[2848/3000] valid=1808 correct=994 parse_failures=0
[transformers] Setting `pad_token_id` to `eos_token_id`:151645 for open-end generation.
[transformers] Setting `pad_token_id` to `eos_token_id`:151645 for open-end generation.
[2849/3000] valid=1809 correct=995 parse_failures=0
[transformers] Setting `pad_token_id` to `eos_token_id`:151645 for open-end generation.
[transformers] Setting `pad_token_id` to `eos_token_id`:151645 for open-end generation.
[2850/3000] valid=1809 correct=995 parse_failures=0
[transformers] Setting `pad_token_id` to `eos_token_id`:151645 for open-end generation.
[transformers] Setting `pad_token_id` to `eos_token_id`:151645 for open-end generation.
[2851/3000] valid=1809 correct=995 parse_failures=0
[transformers] Setting `pad_token_id` to `eos_token_id`:151645 for open-end generation.
[transformers] Setting `pad_token_id` to `eos_token_id`:151645 for open-end generation.
[2852/3000] valid=1810 correct=995 parse_failures=0
[transformers] Setting `pad_token_id` to `eos_token_id`:151645 for open-end generation.
[transformers] Setting `pad_token_id` to `eos_token_id`:151645 for open-end generation.
[2853/3000] valid=1811 correct=996 parse_failures=0
[transformers] Setting `pad_token_id` to `eos_token_id`:151645 for open-end generation.
[transformers] Setting `pad_token_id` to `eos_token_id`:151645 for open-end generation.
[2854/3000] valid=1812 correct=996 parse_failures=0
[transformers] Setting `pad_token_id` to `eos_token_id`:151645 for open-end generation.
[transformers] Setting `pad_token_id` to `eos_token_id`:151645 for open-end generation.
[2855/3000] valid=1813 correct=997 parse_failures=0
[transformers] Setting `pad_token_id` to `eos_token_id`:151645 for open-end generation.
[transformers] Setting `pad_token_id` to `eos_token_id`:151645 for open-end generation.
[2856/3000] valid=1814 correct=997 parse_failures=0
[transformers] Setting `pad_token_id` to `eos_token_id`:151645 for open-end generation.
[transformers] Setting `pad_token_id` to `eos_token_id`:151645 for open-end generation.
[2857/3000] valid=1814 correct=997 parse_failures=0
[transformers] Setting `pad_token_id` to `eos_token_id`:151645 for open-end generation.
[transformers] Setting `pad_token_id` to `eos_token_id`:151645 for open-end generation.
[2858/3000] valid=1814 correct=997 parse_failures=0
[transformers] Setting `pad_token_id` to `eos_token_id`:151645 for open-end generation.
[transformers] Setting `pad_token_id` to `eos_token_id`:151645 for open-end generation.
[2859/3000] valid=1815 correct=997 parse_failures=0
[transformers] Setting `pad_token_id` to `eos_token_id`:151645 for open-end generation.
[transformers] Setting `pad_token_id` to `eos_token_id`:151645 for open-end generation.
[2860/3000] valid=1815 correct=997 parse_failures=0
[transformers] Setting `pad_token_id` to `eos_token_id`:151645 for open-end generation.
[transformers] Setting `pad_token_id` to `eos_token_id`:151645 for open-end generation.
[2861/3000] valid=1816 correct=997 parse_failures=0
[transformers] Setting `pad_token_id` to `eos_token_id`:151645 for open-end generation.
[transformers] Setting `pad_token_id` to `eos_token_id`:151645 for open-end generation.
[2862/3000] valid=1817 correct=998 parse_failures=0
[transformers] Setting `pad_token_id` to `eos_token_id`:151645 for open-end generation.
[transformers] Setting `pad_token_id` to `eos_token_id`:151645 for open-end generation.
[2863/3000] valid=1817 correct=998 parse_failures=0
[transformers] Setting `pad_token_id` to `eos_token_id`:151645 for open-end generation.
[transformers] Setting `pad_token_id` to `eos_token_id`:151645 for open-end generation.
[2864/3000] valid=1817 correct=998 parse_failures=0
[transformers] Setting `pad_token_id` to `eos_token_id`:151645 for open-end generation.
[transformers] Setting `pad_token_id` to `eos_token_id`:151645 for open-end generation.
[2865/3000] valid=1818 correct=999 parse_failures=0
[transformers] Setting `pad_token_id` to `eos_token_id`:151645 for open-end generation.
[transformers] Setting `pad_token_id` to `eos_token_id`:151645 for open-end generation.
[2866/3000] valid=1819 correct=999 parse_failures=0
[transformers] Setting `pad_token_id` to `eos_token_id`:151645 for open-end generation.
[transformers] Setting `pad_token_id` to `eos_token_id`:151645 for open-end generation.
[2867/3000] valid=1820 correct=1000 parse_failures=0
[transformers] Setting `pad_token_id` to `eos_token_id`:151645 for open-end generation.
[transformers] Setting `pad_token_id` to `eos_token_id`:151645 for open-end generation.
[2868/3000] valid=1821 correct=1000 parse_failures=0
[transformers] Setting `pad_token_id` to `eos_token_id`:151645 for open-end generation.
[transformers] Setting `pad_token_id` to `eos_token_id`:151645 for open-end generation.
[2869/3000] valid=1822 correct=1000 parse_failures=0
[transformers] Setting `pad_token_id` to `eos_token_id`:151645 for open-end generation.
[transformers] Setting `pad_token_id` to `eos_token_id`:151645 for open-end generation.
[2870/3000] valid=1822 correct=1000 parse_failures=0
[transformers] Setting `pad_token_id` to `eos_token_id`:151645 for open-end generation.
[transformers] Setting `pad_token_id` to `eos_token_id`:151645 for open-end generation.
[2871/3000] valid=1822 correct=1000 parse_failures=0
[transformers] Setting `pad_token_id` to `eos_token_id`:151645 for open-end generation.
[transformers] Setting `pad_token_id` to `eos_token_id`:151645 for open-end generation.
[2872/3000] valid=1823 correct=1001 parse_failures=0
[transformers] Setting `pad_token_id` to `eos_token_id`:151645 for open-end generation.
[transformers] Setting `pad_token_id` to `eos_token_id`:151645 for open-end generation.
[2873/3000] valid=1824 correct=1001 parse_failures=0
[transformers] Setting `pad_token_id` to `eos_token_id`:151645 for open-end generation.
[transformers] Setting `pad_token_id` to `eos_token_id`:151645 for open-end generation.
[2874/3000] valid=1825 correct=1002 parse_failures=0
[transformers] Setting `pad_token_id` to `eos_token_id`:151645 for open-end generation.
[transformers] Setting `pad_token_id` to `eos_token_id`:151645 for open-end generation.
[2875/3000] valid=1826 correct=1003 parse_failures=0
[transformers] Setting `pad_token_id` to `eos_token_id`:151645 for open-end generation.
[transformers] Setting `pad_token_id` to `eos_token_id`:151645 for open-end generation.
[2876/3000] valid=1826 correct=1003 parse_failures=0
[transformers] Setting `pad_token_id` to `eos_token_id`:151645 for open-end generation.
[transformers] Setting `pad_token_id` to `eos_token_id`:151645 for open-end generation.
[2877/3000] valid=1826 correct=1003 parse_failures=0
[transformers] Setting `pad_token_id` to `eos_token_id`:151645 for open-end generation.
[transformers] Setting `pad_token_id` to `eos_token_id`:151645 for open-end generation.
[2878/3000] valid=1827 correct=1004 parse_failures=0
[transformers] Setting `pad_token_id` to `eos_token_id`:151645 for open-end generation.
[transformers] Setting `pad_token_id` to `eos_token_id`:151645 for open-end generation.
[2879/3000] valid=1827 correct=1004 parse_failures=0
[transformers] Setting `pad_token_id` to `eos_token_id`:151645 for open-end generation.
[transformers] Setting `pad_token_id` to `eos_token_id`:151645 for open-end generation.
[2880/3000] valid=1828 correct=1005 parse_failures=0
[transformers] Setting `pad_token_id` to `eos_token_id`:151645 for open-end generation.
[transformers] Setting `pad_token_id` to `eos_token_id`:151645 for open-end generation.
[2881/3000] valid=1829 correct=1006 parse_failures=0
[transformers] Setting `pad_token_id` to `eos_token_id`:151645 for open-end generation.
[transformers] Setting `pad_token_id` to `eos_token_id`:151645 for open-end generation.
[2882/3000] valid=1829 correct=1006 parse_failures=0
[transformers] Setting `pad_token_id` to `eos_token_id`:151645 for open-end generation.
[transformers] Setting `pad_token_id` to `eos_token_id`:151645 for open-end generation.
[2883/3000] valid=1829 correct=1006 parse_failures=0
[transformers] Setting `pad_token_id` to `eos_token_id`:151645 for open-end generation.
[transformers] Setting `pad_token_id` to `eos_token_id`:151645 for open-end generation.
[2884/3000] valid=1830 correct=1006 parse_failures=0
[transformers] Setting `pad_token_id` to `eos_token_id`:151645 for open-end generation.
[transformers] Setting `pad_token_id` to `eos_token_id`:151645 for open-end generation.
[2885/3000] valid=1831 correct=1006 parse_failures=0
[transformers] Setting `pad_token_id` to `eos_token_id`:151645 for open-end generation.
[transformers] Setting `pad_token_id` to `eos_token_id`:151645 for open-end generation.
[2886/3000] valid=1832 correct=1006 parse_failures=0
[transformers] Setting `pad_token_id` to `eos_token_id`:151645 for open-end generation.
[transformers] Setting `pad_token_id` to `eos_token_id`:151645 for open-end generation.
[2887/3000] valid=1833 correct=1007 parse_failures=0
[transformers] Setting `pad_token_id` to `eos_token_id`:151645 for open-end generation.
[transformers] Setting `pad_token_id` to `eos_token_id`:151645 for open-end generation.
[2888/3000] valid=1833 correct=1007 parse_failures=0
[transformers] Setting `pad_token_id` to `eos_token_id`:151645 for open-end generation.
[transformers] Setting `pad_token_id` to `eos_token_id`:151645 for open-end generation.
[2889/3000] valid=1834 correct=1008 parse_failures=0
[transformers] Setting `pad_token_id` to `eos_token_id`:151645 for open-end generation.
[transformers] Setting `pad_token_id` to `eos_token_id`:151645 for open-end generation.
[2890/3000] valid=1835 correct=1008 parse_failures=0
[transformers] Setting `pad_token_id` to `eos_token_id`:151645 for open-end generation.
[transformers] Setting `pad_token_id` to `eos_token_id`:151645 for open-end generation.
[2891/3000] valid=1836 correct=1008 parse_failures=0
[transformers] Setting `pad_token_id` to `eos_token_id`:151645 for open-end generation.
[transformers] Setting `pad_token_id` to `eos_token_id`:151645 for open-end generation.
[2892/3000] valid=1837 correct=1008 parse_failures=0
[transformers] Setting `pad_token_id` to `eos_token_id`:151645 for open-end generation.
[transformers] Setting `pad_token_id` to `eos_token_id`:151645 for open-end generation.
[2893/3000] valid=1838 correct=1008 parse_failures=0
[transformers] Setting `pad_token_id` to `eos_token_id`:151645 for open-end generation.
[transformers] Setting `pad_token_id` to `eos_token_id`:151645 for open-end generation.
[2894/3000] valid=1838 correct=1008 parse_failures=0
[transformers] Setting `pad_token_id` to `eos_token_id`:151645 for open-end generation.
[transformers] Setting `pad_token_id` to `eos_token_id`:151645 for open-end generation.
[2895/3000] valid=1839 correct=1008 parse_failures=0
[transformers] Setting `pad_token_id` to `eos_token_id`:151645 for open-end generation.
[transformers] Setting `pad_token_id` to `eos_token_id`:151645 for open-end generation.
[2896/3000] valid=1840 correct=1008 parse_failures=0
[transformers] Setting `pad_token_id` to `eos_token_id`:151645 for open-end generation.
[transformers] Setting `pad_token_id` to `eos_token_id`:151645 for open-end generation.
[2897/3000] valid=1840 correct=1008 parse_failures=0
[transformers] Setting `pad_token_id` to `eos_token_id`:151645 for open-end generation.
[transformers] Setting `pad_token_id` to `eos_token_id`:151645 for open-end generation.
[2898/3000] valid=1840 correct=1008 parse_failures=0
[transformers] Setting `pad_token_id` to `eos_token_id`:151645 for open-end generation.
[transformers] Setting `pad_token_id` to `eos_token_id`:151645 for open-end generation.
[2899/3000] valid=1840 correct=1008 parse_failures=0
[transformers] Setting `pad_token_id` to `eos_token_id`:151645 for open-end generation.
[transformers] Setting `pad_token_id` to `eos_token_id`:151645 for open-end generation.
[2900/3000] valid=1840 correct=1008 parse_failures=0
[transformers] Setting `pad_token_id` to `eos_token_id`:151645 for open-end generation.
[transformers] Setting `pad_token_id` to `eos_token_id`:151645 for open-end generation.
[2901/3000] valid=1840 correct=1008 parse_failures=0
[transformers] Setting `pad_token_id` to `eos_token_id`:151645 for open-end generation.
[transformers] Setting `pad_token_id` to `eos_token_id`:151645 for open-end generation.
[2902/3000] valid=1841 correct=1008 parse_failures=0
[transformers] Setting `pad_token_id` to `eos_token_id`:151645 for open-end generation.
[transformers] Setting `pad_token_id` to `eos_token_id`:151645 for open-end generation.
[2903/3000] valid=1841 correct=1008 parse_failures=0
[transformers] Setting `pad_token_id` to `eos_token_id`:151645 for open-end generation.
[transformers] Setting `pad_token_id` to `eos_token_id`:151645 for open-end generation.
[2904/3000] valid=1841 correct=1008 parse_failures=0
[transformers] Setting `pad_token_id` to `eos_token_id`:151645 for open-end generation.
[transformers] Setting `pad_token_id` to `eos_token_id`:151645 for open-end generation.
[2905/3000] valid=1842 correct=1008 parse_failures=0
[transformers] Setting `pad_token_id` to `eos_token_id`:151645 for open-end generation.
[transformers] Setting `pad_token_id` to `eos_token_id`:151645 for open-end generation.
[2906/3000] valid=1842 correct=1008 parse_failures=0
[transformers] Setting `pad_token_id` to `eos_token_id`:151645 for open-end generation.
[transformers] Setting `pad_token_id` to `eos_token_id`:151645 for open-end generation.
[2907/3000] valid=1842 correct=1008 parse_failures=0
[transformers] Setting `pad_token_id` to `eos_token_id`:151645 for open-end generation.
[transformers] Setting `pad_token_id` to `eos_token_id`:151645 for open-end generation.
[2908/3000] valid=1842 correct=1008 parse_failures=0
[transformers] Setting `pad_token_id` to `eos_token_id`:151645 for open-end generation.
[transformers] Setting `pad_token_id` to `eos_token_id`:151645 for open-end generation.
[2909/3000] valid=1843 correct=1008 parse_failures=0
[transformers] Setting `pad_token_id` to `eos_token_id`:151645 for open-end generation.
[transformers] Setting `pad_token_id` to `eos_token_id`:151645 for open-end generation.
[2910/3000] valid=1844 correct=1009 parse_failures=0
[transformers] Setting `pad_token_id` to `eos_token_id`:151645 for open-end generation.
[transformers] Setting `pad_token_id` to `eos_token_id`:151645 for open-end generation.
[2911/3000] valid=1845 correct=1009 parse_failures=0
[transformers] Setting `pad_token_id` to `eos_token_id`:151645 for open-end generation.
[transformers] Setting `pad_token_id` to `eos_token_id`:151645 for open-end generation.
[2912/3000] valid=1845 correct=1009 parse_failures=0
[transformers] Setting `pad_token_id` to `eos_token_id`:151645 for open-end generation.
[transformers] Setting `pad_token_id` to `eos_token_id`:151645 for open-end generation.
[2913/3000] valid=1846 correct=1009 parse_failures=0
[transformers] Setting `pad_token_id` to `eos_token_id`:151645 for open-end generation.
[transformers] Setting `pad_token_id` to `eos_token_id`:151645 for open-end generation.
[2914/3000] valid=1847 correct=1009 parse_failures=0
[transformers] Setting `pad_token_id` to `eos_token_id`:151645 for open-end generation.
[transformers] Setting `pad_token_id` to `eos_token_id`:151645 for open-end generation.
[2915/3000] valid=1847 correct=1009 parse_failures=0
[transformers] Setting `pad_token_id` to `eos_token_id`:151645 for open-end generation.
[transformers] Setting `pad_token_id` to `eos_token_id`:151645 for open-end generation.
[2916/3000] valid=1848 correct=1009 parse_failures=0
[transformers] Setting `pad_token_id` to `eos_token_id`:151645 for open-end generation.
[transformers] Setting `pad_token_id` to `eos_token_id`:151645 for open-end generation.
[2917/3000] valid=1849 correct=1009 parse_failures=0
[transformers] Setting `pad_token_id` to `eos_token_id`:151645 for open-end generation.
[transformers] Setting `pad_token_id` to `eos_token_id`:151645 for open-end generation.
[2918/3000] valid=1850 correct=1009 parse_failures=0
[transformers] Setting `pad_token_id` to `eos_token_id`:151645 for open-end generation.
[transformers] Setting `pad_token_id` to `eos_token_id`:151645 for open-end generation.
[2919/3000] valid=1851 correct=1009 parse_failures=0
[transformers] Setting `pad_token_id` to `eos_token_id`:151645 for open-end generation.
[transformers] Setting `pad_token_id` to `eos_token_id`:151645 for open-end generation.
[2920/3000] valid=1851 correct=1009 parse_failures=0
[transformers] Setting `pad_token_id` to `eos_token_id`:151645 for open-end generation.
[transformers] Setting `pad_token_id` to `eos_token_id`:151645 for open-end generation.
[2921/3000] valid=1851 correct=1009 parse_failures=0
[transformers] Setting `pad_token_id` to `eos_token_id`:151645 for open-end generation.
[transformers] Setting `pad_token_id` to `eos_token_id`:151645 for open-end generation.
[2922/3000] valid=1852 correct=1009 parse_failures=0
[transformers] Setting `pad_token_id` to `eos_token_id`:151645 for open-end generation.
[transformers] Setting `pad_token_id` to `eos_token_id`:151645 for open-end generation.
[2923/3000] valid=1852 correct=1009 parse_failures=0
[transformers] Setting `pad_token_id` to `eos_token_id`:151645 for open-end generation.
[transformers] Setting `pad_token_id` to `eos_token_id`:151645 for open-end generation.
[2924/3000] valid=1852 correct=1009 parse_failures=0
[transformers] Setting `pad_token_id` to `eos_token_id`:151645 for open-end generation.
[transformers] Setting `pad_token_id` to `eos_token_id`:151645 for open-end generation.
[2925/3000] valid=1852 correct=1009 parse_failures=0
[transformers] Setting `pad_token_id` to `eos_token_id`:151645 for open-end generation.
[transformers] Setting `pad_token_id` to `eos_token_id`:151645 for open-end generation.
[2926/3000] valid=1852 correct=1009 parse_failures=0
[transformers] Setting `pad_token_id` to `eos_token_id`:151645 for open-end generation.
[transformers] Setting `pad_token_id` to `eos_token_id`:151645 for open-end generation.
[2927/3000] valid=1853 correct=1010 parse_failures=0
[transformers] Setting `pad_token_id` to `eos_token_id`:151645 for open-end generation.
[transformers] Setting `pad_token_id` to `eos_token_id`:151645 for open-end generation.
[2928/3000] valid=1853 correct=1010 parse_failures=0
[transformers] Setting `pad_token_id` to `eos_token_id`:151645 for open-end generation.
[transformers] Setting `pad_token_id` to `eos_token_id`:151645 for open-end generation.
[2929/3000] valid=1853 correct=1010 parse_failures=0
[transformers] Setting `pad_token_id` to `eos_token_id`:151645 for open-end generation.
[transformers] Setting `pad_token_id` to `eos_token_id`:151645 for open-end generation.
[2930/3000] valid=1854 correct=1011 parse_failures=0
[transformers] Setting `pad_token_id` to `eos_token_id`:151645 for open-end generation.
[transformers] Setting `pad_token_id` to `eos_token_id`:151645 for open-end generation.
[2931/3000] valid=1855 correct=1011 parse_failures=0
[transformers] Setting `pad_token_id` to `eos_token_id`:151645 for open-end generation.
[transformers] Setting `pad_token_id` to `eos_token_id`:151645 for open-end generation.
[2932/3000] valid=1856 correct=1011 parse_failures=0
[transformers] Setting `pad_token_id` to `eos_token_id`:151645 for open-end generation.
[transformers] Setting `pad_token_id` to `eos_token_id`:151645 for open-end generation.
[2933/3000] valid=1857 correct=1011 parse_failures=0
[transformers] Setting `pad_token_id` to `eos_token_id`:151645 for open-end generation.
[transformers] Setting `pad_token_id` to `eos_token_id`:151645 for open-end generation.
[2934/3000] valid=1857 correct=1011 parse_failures=0
[transformers] Setting `pad_token_id` to `eos_token_id`:151645 for open-end generation.
[transformers] Setting `pad_token_id` to `eos_token_id`:151645 for open-end generation.
[2935/3000] valid=1857 correct=1011 parse_failures=0
[transformers] Setting `pad_token_id` to `eos_token_id`:151645 for open-end generation.
[transformers] Setting `pad_token_id` to `eos_token_id`:151645 for open-end generation.
[2936/3000] valid=1857 correct=1011 parse_failures=0
[transformers] Setting `pad_token_id` to `eos_token_id`:151645 for open-end generation.
[transformers] Setting `pad_token_id` to `eos_token_id`:151645 for open-end generation.
[2937/3000] valid=1857 correct=1011 parse_failures=0
[transformers] Setting `pad_token_id` to `eos_token_id`:151645 for open-end generation.
[transformers] Setting `pad_token_id` to `eos_token_id`:151645 for open-end generation.
[2938/3000] valid=1858 correct=1012 parse_failures=0
[transformers] Setting `pad_token_id` to `eos_token_id`:151645 for open-end generation.
[transformers] Setting `pad_token_id` to `eos_token_id`:151645 for open-end generation.
[2939/3000] valid=1859 correct=1013 parse_failures=0
[transformers] Setting `pad_token_id` to `eos_token_id`:151645 for open-end generation.
[transformers] Setting `pad_token_id` to `eos_token_id`:151645 for open-end generation.
[2940/3000] valid=1859 correct=1013 parse_failures=0
[transformers] Setting `pad_token_id` to `eos_token_id`:151645 for open-end generation.
[transformers] Setting `pad_token_id` to `eos_token_id`:151645 for open-end generation.
[2941/3000] valid=1859 correct=1013 parse_failures=0
[transformers] Setting `pad_token_id` to `eos_token_id`:151645 for open-end generation.
[transformers] Setting `pad_token_id` to `eos_token_id`:151645 for open-end generation.
[2942/3000] valid=1859 correct=1013 parse_failures=0
[transformers] Setting `pad_token_id` to `eos_token_id`:151645 for open-end generation.
[transformers] Setting `pad_token_id` to `eos_token_id`:151645 for open-end generation.
[2943/3000] valid=1859 correct=1013 parse_failures=0
[transformers] Setting `pad_token_id` to `eos_token_id`:151645 for open-end generation.
[transformers] Setting `pad_token_id` to `eos_token_id`:151645 for open-end generation.
[2944/3000] valid=1859 correct=1013 parse_failures=0
[transformers] Setting `pad_token_id` to `eos_token_id`:151645 for open-end generation.
[transformers] Setting `pad_token_id` to `eos_token_id`:151645 for open-end generation.
[2945/3000] valid=1860 correct=1014 parse_failures=0
[transformers] Setting `pad_token_id` to `eos_token_id`:151645 for open-end generation.
[transformers] Setting `pad_token_id` to `eos_token_id`:151645 for open-end generation.
[2946/3000] valid=1860 correct=1014 parse_failures=0
[transformers] Setting `pad_token_id` to `eos_token_id`:151645 for open-end generation.
[transformers] Setting `pad_token_id` to `eos_token_id`:151645 for open-end generation.
[2947/3000] valid=1860 correct=1014 parse_failures=0
[transformers] Setting `pad_token_id` to `eos_token_id`:151645 for open-end generation.
[transformers] Setting `pad_token_id` to `eos_token_id`:151645 for open-end generation.
[2948/3000] valid=1860 correct=1014 parse_failures=0
[transformers] Setting `pad_token_id` to `eos_token_id`:151645 for open-end generation.
[transformers] Setting `pad_token_id` to `eos_token_id`:151645 for open-end generation.
[2949/3000] valid=1861 correct=1015 parse_failures=0
[transformers] Setting `pad_token_id` to `eos_token_id`:151645 for open-end generation.
[transformers] Setting `pad_token_id` to `eos_token_id`:151645 for open-end generation.
[2950/3000] valid=1861 correct=1015 parse_failures=0
[transformers] Setting `pad_token_id` to `eos_token_id`:151645 for open-end generation.
[transformers] Setting `pad_token_id` to `eos_token_id`:151645 for open-end generation.
[2951/3000] valid=1862 correct=1016 parse_failures=0
[transformers] Setting `pad_token_id` to `eos_token_id`:151645 for open-end generation.
[transformers] Setting `pad_token_id` to `eos_token_id`:151645 for open-end generation.
[2952/3000] valid=1862 correct=1016 parse_failures=0
[transformers] Setting `pad_token_id` to `eos_token_id`:151645 for open-end generation.
[transformers] Setting `pad_token_id` to `eos_token_id`:151645 for open-end generation.
[2953/3000] valid=1862 correct=1016 parse_failures=0
[transformers] Setting `pad_token_id` to `eos_token_id`:151645 for open-end generation.
[transformers] Setting `pad_token_id` to `eos_token_id`:151645 for open-end generation.
[2954/3000] valid=1862 correct=1016 parse_failures=0
[transformers] Setting `pad_token_id` to `eos_token_id`:151645 for open-end generation.
[transformers] Setting `pad_token_id` to `eos_token_id`:151645 for open-end generation.
[2955/3000] valid=1863 correct=1016 parse_failures=0
[transformers] Setting `pad_token_id` to `eos_token_id`:151645 for open-end generation.
[transformers] Setting `pad_token_id` to `eos_token_id`:151645 for open-end generation.
[2956/3000] valid=1863 correct=1016 parse_failures=0
[transformers] Setting `pad_token_id` to `eos_token_id`:151645 for open-end generation.
[transformers] Setting `pad_token_id` to `eos_token_id`:151645 for open-end generation.
[2957/3000] valid=1863 correct=1016 parse_failures=0
[transformers] Setting `pad_token_id` to `eos_token_id`:151645 for open-end generation.
[transformers] Setting `pad_token_id` to `eos_token_id`:151645 for open-end generation.
[2958/3000] valid=1863 correct=1016 parse_failures=0
[transformers] Setting `pad_token_id` to `eos_token_id`:151645 for open-end generation.
[transformers] Setting `pad_token_id` to `eos_token_id`:151645 for open-end generation.
[2959/3000] valid=1863 correct=1016 parse_failures=0
[transformers] Setting `pad_token_id` to `eos_token_id`:151645 for open-end generation.
[transformers] Setting `pad_token_id` to `eos_token_id`:151645 for open-end generation.
[2960/3000] valid=1864 correct=1017 parse_failures=0
[transformers] Setting `pad_token_id` to `eos_token_id`:151645 for open-end generation.
[transformers] Setting `pad_token_id` to `eos_token_id`:151645 for open-end generation.
[2961/3000] valid=1865 correct=1018 parse_failures=0
[transformers] Setting `pad_token_id` to `eos_token_id`:151645 for open-end generation.
[transformers] Setting `pad_token_id` to `eos_token_id`:151645 for open-end generation.
[2962/3000] valid=1865 correct=1018 parse_failures=0
[transformers] Setting `pad_token_id` to `eos_token_id`:151645 for open-end generation.
[transformers] Setting `pad_token_id` to `eos_token_id`:151645 for open-end generation.
[2963/3000] valid=1866 correct=1019 parse_failures=0
[transformers] Setting `pad_token_id` to `eos_token_id`:151645 for open-end generation.
[transformers] Setting `pad_token_id` to `eos_token_id`:151645 for open-end generation.
[2964/3000] valid=1866 correct=1019 parse_failures=0
[transformers] Setting `pad_token_id` to `eos_token_id`:151645 for open-end generation.
[transformers] Setting `pad_token_id` to `eos_token_id`:151645 for open-end generation.
[2965/3000] valid=1866 correct=1019 parse_failures=0
[transformers] Setting `pad_token_id` to `eos_token_id`:151645 for open-end generation.
[transformers] Setting `pad_token_id` to `eos_token_id`:151645 for open-end generation.
[2966/3000] valid=1867 correct=1019 parse_failures=0
[transformers] Setting `pad_token_id` to `eos_token_id`:151645 for open-end generation.
[transformers] Setting `pad_token_id` to `eos_token_id`:151645 for open-end generation.
[2967/3000] valid=1867 correct=1019 parse_failures=0
[transformers] Setting `pad_token_id` to `eos_token_id`:151645 for open-end generation.
[transformers] Setting `pad_token_id` to `eos_token_id`:151645 for open-end generation.
[2968/3000] valid=1867 correct=1019 parse_failures=0
[transformers] Setting `pad_token_id` to `eos_token_id`:151645 for open-end generation.
[transformers] Setting `pad_token_id` to `eos_token_id`:151645 for open-end generation.
[2969/3000] valid=1867 correct=1019 parse_failures=0
[transformers] Setting `pad_token_id` to `eos_token_id`:151645 for open-end generation.
[transformers] Setting `pad_token_id` to `eos_token_id`:151645 for open-end generation.
[2970/3000] valid=1868 correct=1019 parse_failures=0
[transformers] Setting `pad_token_id` to `eos_token_id`:151645 for open-end generation.
[transformers] Setting `pad_token_id` to `eos_token_id`:151645 for open-end generation.
[2971/3000] valid=1869 correct=1020 parse_failures=0
[transformers] Setting `pad_token_id` to `eos_token_id`:151645 for open-end generation.
[transformers] Setting `pad_token_id` to `eos_token_id`:151645 for open-end generation.
[2972/3000] valid=1870 correct=1021 parse_failures=0
[transformers] Setting `pad_token_id` to `eos_token_id`:151645 for open-end generation.
[transformers] Setting `pad_token_id` to `eos_token_id`:151645 for open-end generation.
[2973/3000] valid=1871 correct=1022 parse_failures=0
[transformers] Setting `pad_token_id` to `eos_token_id`:151645 for open-end generation.
[transformers] Setting `pad_token_id` to `eos_token_id`:151645 for open-end generation.
[2974/3000] valid=1872 correct=1023 parse_failures=0
[transformers] Setting `pad_token_id` to `eos_token_id`:151645 for open-end generation.
[transformers] Setting `pad_token_id` to `eos_token_id`:151645 for open-end generation.
[2975/3000] valid=1872 correct=1023 parse_failures=0
[transformers] Setting `pad_token_id` to `eos_token_id`:151645 for open-end generation.
[transformers] Setting `pad_token_id` to `eos_token_id`:151645 for open-end generation.
[2976/3000] valid=1872 correct=1023 parse_failures=0
[transformers] Setting `pad_token_id` to `eos_token_id`:151645 for open-end generation.
[transformers] Setting `pad_token_id` to `eos_token_id`:151645 for open-end generation.
[2977/3000] valid=1872 correct=1023 parse_failures=0
[transformers] Setting `pad_token_id` to `eos_token_id`:151645 for open-end generation.
[transformers] Setting `pad_token_id` to `eos_token_id`:151645 for open-end generation.
[2978/3000] valid=1873 correct=1023 parse_failures=0
[transformers] Setting `pad_token_id` to `eos_token_id`:151645 for open-end generation.
[transformers] Setting `pad_token_id` to `eos_token_id`:151645 for open-end generation.
[2979/3000] valid=1873 correct=1023 parse_failures=0
[transformers] Setting `pad_token_id` to `eos_token_id`:151645 for open-end generation.
[transformers] Setting `pad_token_id` to `eos_token_id`:151645 for open-end generation.
[2980/3000] valid=1874 correct=1024 parse_failures=0
[transformers] Setting `pad_token_id` to `eos_token_id`:151645 for open-end generation.
[transformers] Setting `pad_token_id` to `eos_token_id`:151645 for open-end generation.
[2981/3000] valid=1875 correct=1024 parse_failures=0
[transformers] Setting `pad_token_id` to `eos_token_id`:151645 for open-end generation.
[transformers] Setting `pad_token_id` to `eos_token_id`:151645 for open-end generation.
[2982/3000] valid=1876 correct=1024 parse_failures=0
[transformers] Setting `pad_token_id` to `eos_token_id`:151645 for open-end generation.
[transformers] Setting `pad_token_id` to `eos_token_id`:151645 for open-end generation.
[2983/3000] valid=1877 correct=1025 parse_failures=0
[transformers] Setting `pad_token_id` to `eos_token_id`:151645 for open-end generation.
[transformers] Setting `pad_token_id` to `eos_token_id`:151645 for open-end generation.
[2984/3000] valid=1878 correct=1026 parse_failures=0
[transformers] Setting `pad_token_id` to `eos_token_id`:151645 for open-end generation.
[transformers] Setting `pad_token_id` to `eos_token_id`:151645 for open-end generation.
[2985/3000] valid=1878 correct=1026 parse_failures=0
[transformers] Setting `pad_token_id` to `eos_token_id`:151645 for open-end generation.
[transformers] Setting `pad_token_id` to `eos_token_id`:151645 for open-end generation.
[2986/3000] valid=1878 correct=1026 parse_failures=0
[transformers] Setting `pad_token_id` to `eos_token_id`:151645 for open-end generation.
[transformers] Setting `pad_token_id` to `eos_token_id`:151645 for open-end generation.
[2987/3000] valid=1879 correct=1027 parse_failures=0
[transformers] Setting `pad_token_id` to `eos_token_id`:151645 for open-end generation.
[transformers] Setting `pad_token_id` to `eos_token_id`:151645 for open-end generation.
[2988/3000] valid=1879 correct=1027 parse_failures=0
[transformers] Setting `pad_token_id` to `eos_token_id`:151645 for open-end generation.
[transformers] Setting `pad_token_id` to `eos_token_id`:151645 for open-end generation.
[2989/3000] valid=1879 correct=1027 parse_failures=0
[transformers] Setting `pad_token_id` to `eos_token_id`:151645 for open-end generation.
[transformers] Setting `pad_token_id` to `eos_token_id`:151645 for open-end generation.
[2990/3000] valid=1879 correct=1027 parse_failures=0
[transformers] Setting `pad_token_id` to `eos_token_id`:151645 for open-end generation.
[transformers] Setting `pad_token_id` to `eos_token_id`:151645 for open-end generation.
[2991/3000] valid=1880 correct=1028 parse_failures=0
[transformers] Setting `pad_token_id` to `eos_token_id`:151645 for open-end generation.
[transformers] Setting `pad_token_id` to `eos_token_id`:151645 for open-end generation.
[2992/3000] valid=1881 correct=1028 parse_failures=0
[transformers] Setting `pad_token_id` to `eos_token_id`:151645 for open-end generation.
[transformers] Setting `pad_token_id` to `eos_token_id`:151645 for open-end generation.
[2993/3000] valid=1881 correct=1028 parse_failures=0
[transformers] Setting `pad_token_id` to `eos_token_id`:151645 for open-end generation.
[transformers] Setting `pad_token_id` to `eos_token_id`:151645 for open-end generation.
[2994/3000] valid=1881 correct=1028 parse_failures=0
[transformers] Setting `pad_token_id` to `eos_token_id`:151645 for open-end generation.
[transformers] Setting `pad_token_id` to `eos_token_id`:151645 for open-end generation.
[2995/3000] valid=1882 correct=1028 parse_failures=0
[transformers] Setting `pad_token_id` to `eos_token_id`:151645 for open-end generation.
[transformers] Setting `pad_token_id` to `eos_token_id`:151645 for open-end generation.
[2996/3000] valid=1883 correct=1028 parse_failures=0
[transformers] Setting `pad_token_id` to `eos_token_id`:151645 for open-end generation.
[transformers] Setting `pad_token_id` to `eos_token_id`:151645 for open-end generation.
[2997/3000] valid=1883 correct=1028 parse_failures=0
[transformers] Setting `pad_token_id` to `eos_token_id`:151645 for open-end generation.
[transformers] Setting `pad_token_id` to `eos_token_id`:151645 for open-end generation.
[2998/3000] valid=1883 correct=1028 parse_failures=0
[transformers] Setting `pad_token_id` to `eos_token_id`:151645 for open-end generation.
[transformers] Setting `pad_token_id` to `eos_token_id`:151645 for open-end generation.
[2999/3000] valid=1884 correct=1029 parse_failures=0
[transformers] Setting `pad_token_id` to `eos_token_id`:151645 for open-end generation.
[transformers] Setting `pad_token_id` to `eos_token_id`:151645 for open-end generation.
[3000/3000] valid=1884 correct=1029 parse_failures=0
{
  "model": "OpenGVLab/InternVL3-8B",
  "model_kind": "vlm",
  "input_setting": "combined_labeled_text_plus_image",
  "prompt_variant": "B",
  "seed": 42,
  "all_pairs": 3000,
  "valid_pairs": 1884,
  "correct_pairs": 1029,
  "accuracy_on_valid_pairs": 0.5461783439490446,
  "effective_accuracy": 0.343,
  "strict_swap_error_rate": 0.372,
  "parse_failure_rate": 0.0,
  "nvidia_smi_after": "0, NVIDIA RTX PRO 6000 Blackwell Server Edition, 36552 MiB, 97887 MiB, 91 %\n1, NVIDIA RTX PRO 6000 Blackwell Server Edition, 19279 MiB, 97887 MiB, 0 %\n"
}
