[1/1200] image_only pair=1/300 valid=False correct=False parse_fail=0
[2/1200] image_only pair=2/300 valid=True correct=True parse_fail=0
[3/1200] image_only pair=3/300 valid=True correct=True parse_fail=0
[4/1200] image_only pair=4/300 valid=True correct=True parse_fail=0
[5/1200] image_only pair=5/300 valid=True correct=False parse_fail=0
[6/1200] image_only pair=6/300 valid=True correct=True parse_fail=0
[7/1200] image_only pair=7/300 valid=True correct=False parse_fail=0
[8/1200] image_only pair=8/300 valid=True correct=False parse_fail=0
[9/1200] image_only pair=9/300 valid=True correct=False parse_fail=0
[10/1200] image_only pair=10/300 valid=False correct=False parse_fail=0
[11/1200] image_only pair=11/300 valid=False correct=False parse_fail=0
[12/1200] image_only pair=12/300 valid=False correct=False parse_fail=0
[13/1200] image_only pair=13/300 valid=True correct=True parse_fail=0
[14/1200] image_only pair=14/300 valid=True correct=True parse_fail=0
[15/1200] image_only pair=15/300 valid=True correct=True parse_fail=0
[16/1200] image_only pair=16/300 valid=True correct=True parse_fail=0
[17/1200] image_only pair=17/300 valid=True correct=True parse_fail=0
[18/1200] image_only pair=18/300 valid=True correct=False parse_fail=0
[19/1200] image_only pair=19/300 valid=False correct=False parse_fail=0
[20/1200] image_only pair=20/300 valid=True correct=False parse_fail=0
[21/1200] image_only pair=21/300 valid=True correct=True parse_fail=0
[22/1200] image_only pair=22/300 valid=True correct=True parse_fail=0
[23/1200] image_only pair=23/300 valid=True correct=True parse_fail=0
[24/1200] image_only pair=24/300 valid=True correct=True parse_fail=0
[25/1200] image_only pair=25/300 valid=True correct=True parse_fail=0
[26/1200] image_only pair=26/300 valid=True correct=False parse_fail=0
[27/1200] image_only pair=27/300 valid=True correct=True parse_fail=0
[28/1200] image_only pair=28/300 valid=True correct=True parse_fail=0
[29/1200] image_only pair=29/300 valid=True correct=True parse_fail=0
[30/1200] image_only pair=30/300 valid=True correct=True parse_fail=0
[31/1200] image_only pair=31/300 valid=True correct=True parse_fail=0
[32/1200] image_only pair=32/300 valid=True correct=True parse_fail=0
[33/1200] image_only pair=33/300 valid=True correct=True parse_fail=0
[34/1200] image_only pair=34/300 valid=True correct=True parse_fail=0
[35/1200] image_only pair=35/300 valid=True correct=True parse_fail=0
[36/1200] image_only pair=36/300 valid=False correct=False parse_fail=0
[37/1200] image_only pair=37/300 valid=True correct=True parse_fail=0
[38/1200] image_only pair=38/300 valid=True correct=True parse_fail=0
[39/1200] image_only pair=39/300 valid=False correct=False parse_fail=0
[40/1200] image_only pair=40/300 valid=True correct=False parse_fail=0
[41/1200] image_only pair=41/300 valid=True correct=True parse_fail=0
[42/1200] image_only pair=42/300 valid=True correct=True parse_fail=0
[43/1200] image_only pair=43/300 valid=True correct=False parse_fail=0
[44/1200] image_only pair=44/300 valid=False correct=False parse_fail=0
[45/1200] image_only pair=45/300 valid=True correct=True parse_fail=0
[46/1200] image_only pair=46/300 valid=True correct=True parse_fail=0
[47/1200] image_only pair=47/300 valid=True correct=True parse_fail=0
[48/1200] image_only pair=48/300 valid=True correct=True parse_fail=0
[49/1200] image_only pair=49/300 valid=False correct=False parse_fail=0
[50/1200] image_only pair=50/300 valid=True correct=False parse_fail=0
[51/1200] image_only pair=51/300 valid=True correct=False parse_fail=0
[52/1200] image_only pair=52/300 valid=True correct=True parse_fail=0
[53/1200] image_only pair=53/300 valid=True correct=True parse_fail=0
[54/1200] image_only pair=54/300 valid=False correct=False parse_fail=0
[55/1200] image_only pair=55/300 valid=True correct=False parse_fail=0
[56/1200] image_only pair=56/300 valid=True correct=False parse_fail=0
[57/1200] image_only pair=57/300 valid=True correct=True parse_fail=0
[58/1200] image_only pair=58/300 valid=True correct=True parse_fail=0
[59/1200] image_only pair=59/300 valid=False correct=False parse_fail=0
[60/1200] image_only pair=60/300 valid=True correct=True parse_fail=0
[61/1200] image_only pair=61/300 valid=True correct=True parse_fail=0
[62/1200] image_only pair=62/300 valid=True correct=True parse_fail=0
[63/1200] image_only pair=63/300 valid=True correct=True parse_fail=0
[64/1200] image_only pair=64/300 valid=True correct=True parse_fail=0
[65/1200] image_only pair=65/300 valid=False correct=False parse_fail=0
[66/1200] image_only pair=66/300 valid=True correct=True parse_fail=0
[67/1200] image_only pair=67/300 valid=True correct=True parse_fail=0
[68/1200] image_only pair=68/300 valid=True correct=True parse_fail=0
[69/1200] image_only pair=69/300 valid=True correct=True parse_fail=0
[70/1200] image_only pair=70/300 valid=True correct=True parse_fail=0
[71/1200] image_only pair=71/300 valid=True correct=True parse_fail=0
[72/1200] image_only pair=72/300 valid=True correct=True parse_fail=0
[73/1200] image_only pair=73/300 valid=True correct=True parse_fail=0
[74/1200] image_only pair=74/300 valid=True correct=True parse_fail=0
[75/1200] image_only pair=75/300 valid=True correct=True parse_fail=0
[76/1200] image_only pair=76/300 valid=False correct=False parse_fail=0
[77/1200] image_only pair=77/300 valid=True correct=True parse_fail=0
[78/1200] image_only pair=78/300 valid=False correct=False parse_fail=0
[79/1200] image_only pair=79/300 valid=False correct=False parse_fail=0
[80/1200] image_only pair=80/300 valid=True correct=True parse_fail=0
[81/1200] image_only pair=81/300 valid=False correct=False parse_fail=0
[82/1200] image_only pair=82/300 valid=True correct=True parse_fail=0
[83/1200] image_only pair=83/300 valid=True correct=True parse_fail=0
[84/1200] image_only pair=84/300 valid=False correct=False parse_fail=0
[85/1200] image_only pair=85/300 valid=False correct=False parse_fail=0
[86/1200] image_only pair=86/300 valid=True correct=True parse_fail=0
[87/1200] image_only pair=87/300 valid=True correct=True parse_fail=0
[88/1200] image_only pair=88/300 valid=True correct=True parse_fail=0
[89/1200] image_only pair=89/300 valid=True correct=False parse_fail=0
[90/1200] image_only pair=90/300 valid=True correct=False parse_fail=0
[91/1200] image_only pair=91/300 valid=True correct=True parse_fail=0
[92/1200] image_only pair=92/300 valid=True correct=True parse_fail=0
[93/1200] image_only pair=93/300 valid=True correct=True parse_fail=0
[94/1200] image_only pair=94/300 valid=True correct=False parse_fail=0
[95/1200] image_only pair=95/300 valid=True correct=True parse_fail=0
[96/1200] image_only pair=96/300 valid=True correct=True parse_fail=0
[97/1200] image_only pair=97/300 valid=True correct=True parse_fail=0
[98/1200] image_only pair=98/300 valid=True correct=True parse_fail=0
[99/1200] image_only pair=99/300 valid=True correct=True parse_fail=0
[100/1200] image_only pair=100/300 valid=True correct=False parse_fail=0
[101/1200] image_only pair=101/300 valid=False correct=False parse_fail=0
[102/1200] image_only pair=102/300 valid=True correct=False parse_fail=0
[103/1200] image_only pair=103/300 valid=True correct=False parse_fail=0
[104/1200] image_only pair=104/300 valid=False correct=False parse_fail=0
[105/1200] image_only pair=105/300 valid=True correct=False parse_fail=0
[106/1200] image_only pair=106/300 valid=True correct=False parse_fail=0
[107/1200] image_only pair=107/300 valid=True correct=False parse_fail=0
[108/1200] image_only pair=108/300 valid=True correct=True parse_fail=0
[109/1200] image_only pair=109/300 valid=True correct=True parse_fail=0
[110/1200] image_only pair=110/300 valid=False correct=False parse_fail=0
[111/1200] image_only pair=111/300 valid=True correct=False parse_fail=0
[112/1200] image_only pair=112/300 valid=True correct=False parse_fail=0
[113/1200] image_only pair=113/300 valid=True correct=False parse_fail=0
[114/1200] image_only pair=114/300 valid=True correct=False parse_fail=0
[115/1200] image_only pair=115/300 valid=False correct=False parse_fail=0
[116/1200] image_only pair=116/300 valid=False correct=False parse_fail=0
[117/1200] image_only pair=117/300 valid=False correct=False parse_fail=0
[118/1200] image_only pair=118/300 valid=False correct=False parse_fail=0
[119/1200] image_only pair=119/300 valid=False correct=False parse_fail=0
[120/1200] image_only pair=120/300 valid=True correct=True parse_fail=0
[121/1200] image_only pair=121/300 valid=True correct=True parse_fail=0
[122/1200] image_only pair=122/300 valid=True correct=True parse_fail=0
[123/1200] image_only pair=123/300 valid=True correct=True parse_fail=0
[124/1200] image_only pair=124/300 valid=True correct=True parse_fail=0
[125/1200] image_only pair=125/300 valid=True correct=True parse_fail=0
[126/1200] image_only pair=126/300 valid=False correct=False parse_fail=0
[127/1200] image_only pair=127/300 valid=True correct=True parse_fail=0
[128/1200] image_only pair=128/300 valid=False correct=False parse_fail=0
[129/1200] image_only pair=129/300 valid=True correct=False parse_fail=0
[130/1200] image_only pair=130/300 valid=False correct=False parse_fail=0
[131/1200] image_only pair=131/300 valid=True correct=True parse_fail=0
[132/1200] image_only pair=132/300 valid=True correct=True parse_fail=0
[133/1200] image_only pair=133/300 valid=True correct=False parse_fail=0
[134/1200] image_only pair=134/300 valid=True correct=True parse_fail=0
[135/1200] image_only pair=135/300 valid=True correct=False parse_fail=0
[136/1200] image_only pair=136/300 valid=False correct=False parse_fail=0
[137/1200] image_only pair=137/300 valid=True correct=False parse_fail=0
[138/1200] image_only pair=138/300 valid=False correct=False parse_fail=0
[139/1200] image_only pair=139/300 valid=False correct=False parse_fail=0
[140/1200] image_only pair=140/300 valid=True correct=True parse_fail=0
[141/1200] image_only pair=141/300 valid=False correct=False parse_fail=0
[142/1200] image_only pair=142/300 valid=True correct=False parse_fail=0
[143/1200] image_only pair=143/300 valid=True correct=False parse_fail=0
[144/1200] image_only pair=144/300 valid=True correct=True parse_fail=0
[145/1200] image_only pair=145/300 valid=True correct=True parse_fail=0
[146/1200] image_only pair=146/300 valid=True correct=False parse_fail=0
[147/1200] image_only pair=147/300 valid=False correct=False parse_fail=0
[148/1200] image_only pair=148/300 valid=True correct=True parse_fail=0
[149/1200] image_only pair=149/300 valid=True correct=False parse_fail=0
[150/1200] image_only pair=150/300 valid=True correct=True parse_fail=0
[151/1200] image_only pair=151/300 valid=True correct=True parse_fail=0
[152/1200] image_only pair=152/300 valid=True correct=True parse_fail=0
[153/1200] image_only pair=153/300 valid=True correct=False parse_fail=0
[154/1200] image_only pair=154/300 valid=False correct=False parse_fail=0
[155/1200] image_only pair=155/300 valid=True correct=False parse_fail=0
[156/1200] image_only pair=156/300 valid=True correct=True parse_fail=0
[157/1200] image_only pair=157/300 valid=False correct=False parse_fail=0
[158/1200] image_only pair=158/300 valid=True correct=True parse_fail=0
[159/1200] image_only pair=159/300 valid=True correct=True parse_fail=0
[160/1200] image_only pair=160/300 valid=True correct=True parse_fail=0
[161/1200] image_only pair=161/300 valid=True correct=True parse_fail=0
[162/1200] image_only pair=162/300 valid=True correct=True parse_fail=0
[163/1200] image_only pair=163/300 valid=True correct=True parse_fail=0
[164/1200] image_only pair=164/300 valid=True correct=True parse_fail=0
[165/1200] image_only pair=165/300 valid=True correct=True parse_fail=0
[166/1200] image_only pair=166/300 valid=False correct=False parse_fail=0
[167/1200] image_only pair=167/300 valid=True correct=False parse_fail=0
[168/1200] image_only pair=168/300 valid=True correct=True parse_fail=0
[169/1200] image_only pair=169/300 valid=True correct=False parse_fail=0
[170/1200] image_only pair=170/300 valid=False correct=False parse_fail=0
[171/1200] image_only pair=171/300 valid=False correct=False parse_fail=0
[172/1200] image_only pair=172/300 valid=True correct=True parse_fail=0
[173/1200] image_only pair=173/300 valid=True correct=False parse_fail=0
[174/1200] image_only pair=174/300 valid=True correct=False parse_fail=0
[175/1200] image_only pair=175/300 valid=False correct=False parse_fail=0
[176/1200] image_only pair=176/300 valid=True correct=False parse_fail=0
[177/1200] image_only pair=177/300 valid=False correct=False parse_fail=0
[178/1200] image_only pair=178/300 valid=False correct=False parse_fail=0
[179/1200] image_only pair=179/300 valid=True correct=True parse_fail=0
[180/1200] image_only pair=180/300 valid=True correct=False parse_fail=0
[181/1200] image_only pair=181/300 valid=True correct=False parse_fail=0
[182/1200] image_only pair=182/300 valid=True correct=True parse_fail=0
[183/1200] image_only pair=183/300 valid=True correct=True parse_fail=0
[184/1200] image_only pair=184/300 valid=False correct=False parse_fail=0
[185/1200] image_only pair=185/300 valid=True correct=False parse_fail=0
[186/1200] image_only pair=186/300 valid=False correct=False parse_fail=0
[187/1200] image_only pair=187/300 valid=True correct=True parse_fail=0
[188/1200] image_only pair=188/300 valid=True correct=True parse_fail=0
[189/1200] image_only pair=189/300 valid=True correct=True parse_fail=0
[190/1200] image_only pair=190/300 valid=True correct=False parse_fail=0
[191/1200] image_only pair=191/300 valid=False correct=False parse_fail=0
[192/1200] image_only pair=192/300 valid=True correct=False parse_fail=0
[193/1200] image_only pair=193/300 valid=False correct=False parse_fail=0
[194/1200] image_only pair=194/300 valid=True correct=False parse_fail=0
[195/1200] image_only pair=195/300 valid=False correct=False parse_fail=0
[196/1200] image_only pair=196/300 valid=True correct=True parse_fail=0
[197/1200] image_only pair=197/300 valid=True correct=False parse_fail=0
[198/1200] image_only pair=198/300 valid=False correct=False parse_fail=0
[199/1200] image_only pair=199/300 valid=True correct=True parse_fail=0
[200/1200] image_only pair=200/300 valid=True correct=True parse_fail=0
[201/1200] image_only pair=201/300 valid=True correct=True parse_fail=0
[202/1200] image_only pair=202/300 valid=True correct=True parse_fail=0
[203/1200] image_only pair=203/300 valid=False correct=False parse_fail=0
[204/1200] image_only pair=204/300 valid=True correct=False parse_fail=0
[205/1200] image_only pair=205/300 valid=True correct=False parse_fail=0
[206/1200] image_only pair=206/300 valid=True correct=True parse_fail=0
[207/1200] image_only pair=207/300 valid=True correct=True parse_fail=0
[208/1200] image_only pair=208/300 valid=True correct=True parse_fail=0
[209/1200] image_only pair=209/300 valid=True correct=True parse_fail=0
[210/1200] image_only pair=210/300 valid=True correct=True parse_fail=0
[211/1200] image_only pair=211/300 valid=True correct=True parse_fail=0
[212/1200] image_only pair=212/300 valid=True correct=True parse_fail=0
[213/1200] image_only pair=213/300 valid=True correct=True parse_fail=0
[214/1200] image_only pair=214/300 valid=False correct=False parse_fail=0
[215/1200] image_only pair=215/300 valid=True correct=False parse_fail=0
[216/1200] image_only pair=216/300 valid=True correct=False parse_fail=0
[217/1200] image_only pair=217/300 valid=False correct=False parse_fail=0
[218/1200] image_only pair=218/300 valid=True correct=False parse_fail=0
[219/1200] image_only pair=219/300 valid=True correct=True parse_fail=0
[220/1200] image_only pair=220/300 valid=True correct=False parse_fail=0
[221/1200] image_only pair=221/300 valid=False correct=False parse_fail=0
[222/1200] image_only pair=222/300 valid=False correct=False parse_fail=0
[223/1200] image_only pair=223/300 valid=True correct=False parse_fail=0
[224/1200] image_only pair=224/300 valid=True correct=True parse_fail=0
[225/1200] image_only pair=225/300 valid=True correct=False parse_fail=0
[226/1200] image_only pair=226/300 valid=True correct=False parse_fail=0
[227/1200] image_only pair=227/300 valid=True correct=True parse_fail=0
[228/1200] image_only pair=228/300 valid=True correct=False parse_fail=0
[229/1200] image_only pair=229/300 valid=True correct=True parse_fail=0
[230/1200] image_only pair=230/300 valid=True correct=False parse_fail=0
[231/1200] image_only pair=231/300 valid=True correct=True parse_fail=0
[232/1200] image_only pair=232/300 valid=True correct=True parse_fail=0
[233/1200] image_only pair=233/300 valid=True correct=True parse_fail=0
[234/1200] image_only pair=234/300 valid=True correct=False parse_fail=0
[235/1200] image_only pair=235/300 valid=True correct=True parse_fail=0
[236/1200] image_only pair=236/300 valid=True correct=True parse_fail=0
[237/1200] image_only pair=237/300 valid=True correct=False parse_fail=0
[238/1200] image_only pair=238/300 valid=True correct=True parse_fail=0
[239/1200] image_only pair=239/300 valid=False correct=False parse_fail=0
[240/1200] image_only pair=240/300 valid=True correct=False parse_fail=0
[241/1200] image_only pair=241/300 valid=True correct=False parse_fail=0
[242/1200] image_only pair=242/300 valid=True correct=False parse_fail=0
[243/1200] image_only pair=243/300 valid=False correct=False parse_fail=0
[244/1200] image_only pair=244/300 valid=True correct=False parse_fail=0
[245/1200] image_only pair=245/300 valid=False correct=False parse_fail=0
[246/1200] image_only pair=246/300 valid=True correct=True parse_fail=0
[247/1200] image_only pair=247/300 valid=True correct=True parse_fail=0
[248/1200] image_only pair=248/300 valid=False correct=False parse_fail=0
[249/1200] image_only pair=249/300 valid=True correct=True parse_fail=0
[250/1200] image_only pair=250/300 valid=False correct=False parse_fail=0
[251/1200] image_only pair=251/300 valid=False correct=False parse_fail=0
[252/1200] image_only pair=252/300 valid=True correct=True parse_fail=0
[253/1200] image_only pair=253/300 valid=True correct=False parse_fail=0
[254/1200] image_only pair=254/300 valid=True correct=False parse_fail=0
[255/1200] image_only pair=255/300 valid=True correct=False parse_fail=0
[256/1200] image_only pair=256/300 valid=True correct=True parse_fail=0
[257/1200] image_only pair=257/300 valid=False correct=False parse_fail=0
[258/1200] image_only pair=258/300 valid=False correct=False parse_fail=0
[259/1200] image_only pair=259/300 valid=True correct=False parse_fail=0
[260/1200] image_only pair=260/300 valid=True correct=True parse_fail=0
[261/1200] image_only pair=261/300 valid=True correct=False parse_fail=0
[262/1200] image_only pair=262/300 valid=True correct=True parse_fail=0
[263/1200] image_only pair=263/300 valid=True correct=True parse_fail=0
[264/1200] image_only pair=264/300 valid=True correct=False parse_fail=0
[265/1200] image_only pair=265/300 valid=True correct=True parse_fail=0
[266/1200] image_only pair=266/300 valid=True correct=False parse_fail=0
[267/1200] image_only pair=267/300 valid=True correct=False parse_fail=0
[268/1200] image_only pair=268/300 valid=False correct=False parse_fail=0
[269/1200] image_only pair=269/300 valid=True correct=True parse_fail=0
[270/1200] image_only pair=270/300 valid=True correct=True parse_fail=0
[271/1200] image_only pair=271/300 valid=False correct=False parse_fail=0
[272/1200] image_only pair=272/300 valid=False correct=False parse_fail=0
[273/1200] image_only pair=273/300 valid=True correct=False parse_fail=0
[274/1200] image_only pair=274/300 valid=False correct=False parse_fail=0
[275/1200] image_only pair=275/300 valid=True correct=False parse_fail=0
[276/1200] image_only pair=276/300 valid=True correct=True parse_fail=0
[277/1200] image_only pair=277/300 valid=False correct=False parse_fail=0
[278/1200] image_only pair=278/300 valid=True correct=False parse_fail=0
[279/1200] image_only pair=279/300 valid=True correct=True parse_fail=0
[280/1200] image_only pair=280/300 valid=True correct=True parse_fail=0
[281/1200] image_only pair=281/300 valid=True correct=True parse_fail=0
[282/1200] image_only pair=282/300 valid=True correct=True parse_fail=0
[283/1200] image_only pair=283/300 valid=True correct=True parse_fail=0
[284/1200] image_only pair=284/300 valid=True correct=False parse_fail=0
[285/1200] image_only pair=285/300 valid=True correct=True parse_fail=0
[286/1200] image_only pair=286/300 valid=True correct=True parse_fail=0
[287/1200] image_only pair=287/300 valid=True correct=True parse_fail=0
[288/1200] image_only pair=288/300 valid=True correct=False parse_fail=0
[289/1200] image_only pair=289/300 valid=True correct=False parse_fail=0
[290/1200] image_only pair=290/300 valid=True correct=False parse_fail=0
[291/1200] image_only pair=291/300 valid=True correct=False parse_fail=0
[292/1200] image_only pair=292/300 valid=False correct=False parse_fail=0
[293/1200] image_only pair=293/300 valid=True correct=False parse_fail=0
[294/1200] image_only pair=294/300 valid=False correct=False parse_fail=0
[295/1200] image_only pair=295/300 valid=True correct=True parse_fail=0
[296/1200] image_only pair=296/300 valid=False correct=False parse_fail=0
[297/1200] image_only pair=297/300 valid=False correct=False parse_fail=0
[298/1200] image_only pair=298/300 valid=True correct=False parse_fail=0
[299/1200] image_only pair=299/300 valid=False correct=False parse_fail=0
[300/1200] image_only pair=300/300 valid=True correct=True parse_fail=0
[301/1200] text_plus_image pair=1/300 valid=True correct=True parse_fail=0
[302/1200] text_plus_image pair=2/300 valid=False correct=False parse_fail=0
[303/1200] text_plus_image pair=3/300 valid=False correct=False parse_fail=0
[304/1200] text_plus_image pair=4/300 valid=True correct=True parse_fail=0
[305/1200] text_plus_image pair=5/300 valid=True correct=True parse_fail=0
[306/1200] text_plus_image pair=6/300 valid=True correct=True parse_fail=0
[307/1200] text_plus_image pair=7/300 valid=False correct=False parse_fail=0
[308/1200] text_plus_image pair=8/300 valid=True correct=False parse_fail=0
[309/1200] text_plus_image pair=9/300 valid=False correct=False parse_fail=0
[310/1200] text_plus_image pair=10/300 valid=False correct=False parse_fail=0
[311/1200] text_plus_image pair=11/300 valid=False correct=False parse_fail=0
[312/1200] text_plus_image pair=12/300 valid=False correct=False parse_fail=0
[313/1200] text_plus_image pair=13/300 valid=True correct=True parse_fail=0
[314/1200] text_plus_image pair=14/300 valid=False correct=False parse_fail=0
[315/1200] text_plus_image pair=15/300 valid=False correct=False parse_fail=0
[316/1200] text_plus_image pair=16/300 valid=True correct=True parse_fail=0
[317/1200] text_plus_image pair=17/300 valid=True correct=True parse_fail=0
[318/1200] text_plus_image pair=18/300 valid=True correct=True parse_fail=0
[319/1200] text_plus_image pair=19/300 valid=True correct=False parse_fail=0
[320/1200] text_plus_image pair=20/300 valid=True correct=True parse_fail=0
[321/1200] text_plus_image pair=21/300 valid=False correct=False parse_fail=0
[322/1200] text_plus_image pair=22/300 valid=True correct=False parse_fail=0
[323/1200] text_plus_image pair=23/300 valid=False correct=False parse_fail=0
[324/1200] text_plus_image pair=24/300 valid=False correct=False parse_fail=0
[325/1200] text_plus_image pair=25/300 valid=False correct=False parse_fail=0
[326/1200] text_plus_image pair=26/300 valid=False correct=False parse_fail=0
[327/1200] text_plus_image pair=27/300 valid=False correct=False parse_fail=0
[328/1200] text_plus_image pair=28/300 valid=True correct=True parse_fail=0
[329/1200] text_plus_image pair=29/300 valid=True correct=True parse_fail=0
[330/1200] text_plus_image pair=30/300 valid=True correct=True parse_fail=0
[331/1200] text_plus_image pair=31/300 valid=True correct=True parse_fail=0
[332/1200] text_plus_image pair=32/300 valid=True correct=True parse_fail=0
[333/1200] text_plus_image pair=33/300 valid=True correct=True parse_fail=0
[334/1200] text_plus_image pair=34/300 valid=True correct=True parse_fail=0
[335/1200] text_plus_image pair=35/300 valid=True correct=True parse_fail=0
[336/1200] text_plus_image pair=36/300 valid=True correct=True parse_fail=0
[337/1200] text_plus_image pair=37/300 valid=True correct=True parse_fail=0
[338/1200] text_plus_image pair=38/300 valid=True correct=True parse_fail=0
[339/1200] text_plus_image pair=39/300 valid=True correct=True parse_fail=0
[340/1200] text_plus_image pair=40/300 valid=False correct=False parse_fail=0
[341/1200] text_plus_image pair=41/300 valid=False correct=False parse_fail=0
[342/1200] text_plus_image pair=42/300 valid=False correct=False parse_fail=0
[343/1200] text_plus_image pair=43/300 valid=False correct=False parse_fail=0
[344/1200] text_plus_image pair=44/300 valid=False correct=False parse_fail=0
[345/1200] text_plus_image pair=45/300 valid=True correct=True parse_fail=0
[346/1200] text_plus_image pair=46/300 valid=True correct=True parse_fail=0
[347/1200] text_plus_image pair=47/300 valid=True correct=True parse_fail=0
[348/1200] text_plus_image pair=48/300 valid=False correct=False parse_fail=0
[349/1200] text_plus_image pair=49/300 valid=True correct=True parse_fail=0
[350/1200] text_plus_image pair=50/300 valid=False correct=False parse_fail=0
[351/1200] text_plus_image pair=51/300 valid=True correct=False parse_fail=0
[352/1200] text_plus_image pair=52/300 valid=True correct=True parse_fail=0
[353/1200] text_plus_image pair=53/300 valid=False correct=False parse_fail=0
[354/1200] text_plus_image pair=54/300 valid=False correct=False parse_fail=0
[355/1200] text_plus_image pair=55/300 valid=True correct=False parse_fail=0
[356/1200] text_plus_image pair=56/300 valid=True correct=False parse_fail=0
[357/1200] text_plus_image pair=57/300 valid=True correct=True parse_fail=0
[358/1200] text_plus_image pair=58/300 valid=False correct=False parse_fail=0
[359/1200] text_plus_image pair=59/300 valid=True correct=False parse_fail=0
[360/1200] text_plus_image pair=60/300 valid=False correct=False parse_fail=0
[361/1200] text_plus_image pair=61/300 valid=False correct=False parse_fail=0
[362/1200] text_plus_image pair=62/300 valid=False correct=False parse_fail=0
[363/1200] text_plus_image pair=63/300 valid=True correct=True parse_fail=0
[364/1200] text_plus_image pair=64/300 valid=True correct=False parse_fail=0
[365/1200] text_plus_image pair=65/300 valid=False correct=False parse_fail=0
[366/1200] text_plus_image pair=66/300 valid=True correct=False parse_fail=0
[367/1200] text_plus_image pair=67/300 valid=True correct=True parse_fail=0
[368/1200] text_plus_image pair=68/300 valid=False correct=False parse_fail=0
[369/1200] text_plus_image pair=69/300 valid=False correct=False parse_fail=0
[370/1200] text_plus_image pair=70/300 valid=False correct=False parse_fail=0
[371/1200] text_plus_image pair=71/300 valid=False correct=False parse_fail=0
[372/1200] text_plus_image pair=72/300 valid=True correct=True parse_fail=0
[373/1200] text_plus_image pair=73/300 valid=True correct=True parse_fail=0
[374/1200] text_plus_image pair=74/300 valid=True correct=True parse_fail=0
[375/1200] text_plus_image pair=75/300 valid=True correct=True parse_fail=0
[376/1200] text_plus_image pair=76/300 valid=True correct=False parse_fail=0
[377/1200] text_plus_image pair=77/300 valid=True correct=False parse_fail=0
[378/1200] text_plus_image pair=78/300 valid=True correct=False parse_fail=0
[379/1200] text_plus_image pair=79/300 valid=False correct=False parse_fail=0
[380/1200] text_plus_image pair=80/300 valid=False correct=False parse_fail=0
[381/1200] text_plus_image pair=81/300 valid=False correct=False parse_fail=0
[382/1200] text_plus_image pair=82/300 valid=False correct=False parse_fail=0
[383/1200] text_plus_image pair=83/300 valid=False correct=False parse_fail=0
[384/1200] text_plus_image pair=84/300 valid=False correct=False parse_fail=0
[385/1200] text_plus_image pair=85/300 valid=False correct=False parse_fail=0
[386/1200] text_plus_image pair=86/300 valid=False correct=False parse_fail=0
[387/1200] text_plus_image pair=87/300 valid=True correct=True parse_fail=0
[388/1200] text_plus_image pair=88/300 valid=True correct=True parse_fail=0
[389/1200] text_plus_image pair=89/300 valid=True correct=False parse_fail=0
[390/1200] text_plus_image pair=90/300 valid=False correct=False parse_fail=0
[391/1200] text_plus_image pair=91/300 valid=True correct=True parse_fail=0
[392/1200] text_plus_image pair=92/300 valid=True correct=True parse_fail=0
[393/1200] text_plus_image pair=93/300 valid=False correct=False parse_fail=0
[394/1200] text_plus_image pair=94/300 valid=False correct=False parse_fail=0
[395/1200] text_plus_image pair=95/300 valid=True correct=True parse_fail=0
[396/1200] text_plus_image pair=96/300 valid=True correct=True parse_fail=0
[397/1200] text_plus_image pair=97/300 valid=True correct=True parse_fail=0
[398/1200] text_plus_image pair=98/300 valid=True correct=True parse_fail=0
[399/1200] text_plus_image pair=99/300 valid=False correct=False parse_fail=0
[400/1200] text_plus_image pair=100/300 valid=True correct=False parse_fail=0
[401/1200] text_plus_image pair=101/300 valid=True correct=True parse_fail=0
[402/1200] text_plus_image pair=102/300 valid=False correct=False parse_fail=0
[403/1200] text_plus_image pair=103/300 valid=True correct=False parse_fail=0
[404/1200] text_plus_image pair=104/300 valid=False correct=False parse_fail=0
[405/1200] text_plus_image pair=105/300 valid=True correct=False parse_fail=0
[406/1200] text_plus_image pair=106/300 valid=False correct=False parse_fail=0
[407/1200] text_plus_image pair=107/300 valid=False correct=False parse_fail=0
[408/1200] text_plus_image pair=108/300 valid=False correct=False parse_fail=0
[409/1200] text_plus_image pair=109/300 valid=True correct=True parse_fail=0
[410/1200] text_plus_image pair=110/300 valid=False correct=False parse_fail=0
[411/1200] text_plus_image pair=111/300 valid=True correct=True parse_fail=0
[412/1200] text_plus_image pair=112/300 valid=False correct=False parse_fail=0
[413/1200] text_plus_image pair=113/300 valid=True correct=False parse_fail=0
[414/1200] text_plus_image pair=114/300 valid=True correct=False parse_fail=0
[415/1200] text_plus_image pair=115/300 valid=False correct=False parse_fail=0
[416/1200] text_plus_image pair=116/300 valid=False correct=False parse_fail=0
[417/1200] text_plus_image pair=117/300 valid=False correct=False parse_fail=0
[418/1200] text_plus_image pair=118/300 valid=False correct=False parse_fail=0
[419/1200] text_plus_image pair=119/300 valid=True correct=False parse_fail=0
[420/1200] text_plus_image pair=120/300 valid=True correct=True parse_fail=0
[421/1200] text_plus_image pair=121/300 valid=True correct=True parse_fail=0
[422/1200] text_plus_image pair=122/300 valid=True correct=True parse_fail=0
[423/1200] text_plus_image pair=123/300 valid=False correct=False parse_fail=0
[424/1200] text_plus_image pair=124/300 valid=True correct=False parse_fail=0
[425/1200] text_plus_image pair=125/300 valid=True correct=False parse_fail=0
[426/1200] text_plus_image pair=126/300 valid=True correct=False parse_fail=0
[427/1200] text_plus_image pair=127/300 valid=True correct=True parse_fail=0
[428/1200] text_plus_image pair=128/300 valid=True correct=True parse_fail=0
[429/1200] text_plus_image pair=129/300 valid=True correct=True parse_fail=0
[430/1200] text_plus_image pair=130/300 valid=False correct=False parse_fail=0
[431/1200] text_plus_image pair=131/300 valid=False correct=False parse_fail=0
[432/1200] text_plus_image pair=132/300 valid=False correct=False parse_fail=0
[433/1200] text_plus_image pair=133/300 valid=True correct=False parse_fail=0
[434/1200] text_plus_image pair=134/300 valid=False correct=False parse_fail=0
[435/1200] text_plus_image pair=135/300 valid=True correct=False parse_fail=0
[436/1200] text_plus_image pair=136/300 valid=True correct=False parse_fail=0
[437/1200] text_plus_image pair=137/300 valid=True correct=False parse_fail=0
[438/1200] text_plus_image pair=138/300 valid=True correct=True parse_fail=0
[439/1200] text_plus_image pair=139/300 valid=False correct=False parse_fail=0
[440/1200] text_plus_image pair=140/300 valid=True correct=True parse_fail=0
[441/1200] text_plus_image pair=141/300 valid=True correct=False parse_fail=0
[442/1200] text_plus_image pair=142/300 valid=False correct=False parse_fail=0
[443/1200] text_plus_image pair=143/300 valid=False correct=False parse_fail=0
[444/1200] text_plus_image pair=144/300 valid=False correct=False parse_fail=0
[445/1200] text_plus_image pair=145/300 valid=True correct=True parse_fail=0
[446/1200] text_plus_image pair=146/300 valid=True correct=False parse_fail=0
[447/1200] text_plus_image pair=147/300 valid=True correct=False parse_fail=0
[448/1200] text_plus_image pair=148/300 valid=False correct=False parse_fail=0
[449/1200] text_plus_image pair=149/300 valid=True correct=False parse_fail=0
[450/1200] text_plus_image pair=150/300 valid=True correct=True parse_fail=0
[451/1200] text_plus_image pair=151/300 valid=False correct=False parse_fail=0
[452/1200] text_plus_image pair=152/300 valid=False correct=False parse_fail=0
[453/1200] text_plus_image pair=153/300 valid=True correct=False parse_fail=0
[454/1200] text_plus_image pair=154/300 valid=False correct=False parse_fail=0
[455/1200] text_plus_image pair=155/300 valid=False correct=False parse_fail=0
[456/1200] text_plus_image pair=156/300 valid=False correct=False parse_fail=0
[457/1200] text_plus_image pair=157/300 valid=True correct=True parse_fail=0
[458/1200] text_plus_image pair=158/300 valid=True correct=True parse_fail=0
[459/1200] text_plus_image pair=159/300 valid=True correct=True parse_fail=0
[460/1200] text_plus_image pair=160/300 valid=True correct=True parse_fail=0
[461/1200] text_plus_image pair=161/300 valid=True correct=True parse_fail=0
[462/1200] text_plus_image pair=162/300 valid=True correct=True parse_fail=0
[463/1200] text_plus_image pair=163/300 valid=True correct=True parse_fail=0
[464/1200] text_plus_image pair=164/300 valid=False correct=False parse_fail=0
[465/1200] text_plus_image pair=165/300 valid=False correct=False parse_fail=0
[466/1200] text_plus_image pair=166/300 valid=False correct=False parse_fail=0
[467/1200] text_plus_image pair=167/300 valid=False correct=False parse_fail=0
[468/1200] text_plus_image pair=168/300 valid=False correct=False parse_fail=0
[469/1200] text_plus_image pair=169/300 valid=True correct=True parse_fail=0
[470/1200] text_plus_image pair=170/300 valid=True correct=False parse_fail=0
[471/1200] text_plus_image pair=171/300 valid=True correct=True parse_fail=0
[472/1200] text_plus_image pair=172/300 valid=False correct=False parse_fail=0
[473/1200] text_plus_image pair=173/300 valid=False correct=False parse_fail=0
[474/1200] text_plus_image pair=174/300 valid=True correct=True parse_fail=0
[475/1200] text_plus_image pair=175/300 valid=True correct=True parse_fail=0
[476/1200] text_plus_image pair=176/300 valid=False correct=False parse_fail=0
[477/1200] text_plus_image pair=177/300 valid=False correct=False parse_fail=0
[478/1200] text_plus_image pair=178/300 valid=True correct=True parse_fail=0
[479/1200] text_plus_image pair=179/300 valid=False correct=False parse_fail=0
[480/1200] text_plus_image pair=180/300 valid=False correct=False parse_fail=0
[481/1200] text_plus_image pair=181/300 valid=True correct=True parse_fail=0
[482/1200] text_plus_image pair=182/300 valid=True correct=True parse_fail=0
[483/1200] text_plus_image pair=183/300 valid=False correct=False parse_fail=0
[484/1200] text_plus_image pair=184/300 valid=True correct=True parse_fail=0
[485/1200] text_plus_image pair=185/300 valid=True correct=False parse_fail=0
[486/1200] text_plus_image pair=186/300 valid=False correct=False parse_fail=0
[487/1200] text_plus_image pair=187/300 valid=True correct=True parse_fail=0
[488/1200] text_plus_image pair=188/300 valid=True correct=False parse_fail=0
[489/1200] text_plus_image pair=189/300 valid=False correct=False parse_fail=0
[490/1200] text_plus_image pair=190/300 valid=False correct=False parse_fail=0
[491/1200] text_plus_image pair=191/300 valid=True correct=True parse_fail=0
[492/1200] text_plus_image pair=192/300 valid=False correct=False parse_fail=0
[493/1200] text_plus_image pair=193/300 valid=True correct=False parse_fail=0
[494/1200] text_plus_image pair=194/300 valid=True correct=False parse_fail=0
[495/1200] text_plus_image pair=195/300 valid=False correct=False parse_fail=0
[496/1200] text_plus_image pair=196/300 valid=False correct=False parse_fail=0
[497/1200] text_plus_image pair=197/300 valid=True correct=False parse_fail=0
[498/1200] text_plus_image pair=198/300 valid=False correct=False parse_fail=0
[499/1200] text_plus_image pair=199/300 valid=False correct=False parse_fail=0
[500/1200] text_plus_image pair=200/300 valid=True correct=True parse_fail=0
[501/1200] text_plus_image pair=201/300 valid=False correct=False parse_fail=0
[502/1200] text_plus_image pair=202/300 valid=True correct=True parse_fail=0
[503/1200] text_plus_image pair=203/300 valid=True correct=True parse_fail=0
[504/1200] text_plus_image pair=204/300 valid=True correct=False parse_fail=0
[505/1200] text_plus_image pair=205/300 valid=True correct=False parse_fail=0
[506/1200] text_plus_image pair=206/300 valid=False correct=False parse_fail=0
[507/1200] text_plus_image pair=207/300 valid=True correct=True parse_fail=0
[508/1200] text_plus_image pair=208/300 valid=False correct=False parse_fail=0
[509/1200] text_plus_image pair=209/300 valid=True correct=True parse_fail=0
[510/1200] text_plus_image pair=210/300 valid=True correct=True parse_fail=0
[511/1200] text_plus_image pair=211/300 valid=True correct=True parse_fail=0
[512/1200] text_plus_image pair=212/300 valid=True correct=True parse_fail=0
[513/1200] text_plus_image pair=213/300 valid=False correct=False parse_fail=0
[514/1200] text_plus_image pair=214/300 valid=False correct=False parse_fail=0
[515/1200] text_plus_image pair=215/300 valid=False correct=False parse_fail=0
[516/1200] text_plus_image pair=216/300 valid=True correct=False parse_fail=0
[517/1200] text_plus_image pair=217/300 valid=False correct=False parse_fail=0
[518/1200] text_plus_image pair=218/300 valid=True correct=False parse_fail=0
[519/1200] text_plus_image pair=219/300 valid=False correct=False parse_fail=0
[520/1200] text_plus_image pair=220/300 valid=True correct=False parse_fail=0
[521/1200] text_plus_image pair=221/300 valid=False correct=False parse_fail=0
[522/1200] text_plus_image pair=222/300 valid=False correct=False parse_fail=0
[523/1200] text_plus_image pair=223/300 valid=True correct=True parse_fail=0
[524/1200] text_plus_image pair=224/300 valid=True correct=True parse_fail=0
[525/1200] text_plus_image pair=225/300 valid=True correct=True parse_fail=0
[526/1200] text_plus_image pair=226/300 valid=True correct=True parse_fail=0
[527/1200] text_plus_image pair=227/300 valid=True correct=True parse_fail=0
[528/1200] text_plus_image pair=228/300 valid=True correct=True parse_fail=0
[529/1200] text_plus_image pair=229/300 valid=True correct=True parse_fail=0
[530/1200] text_plus_image pair=230/300 valid=True correct=False parse_fail=0
[531/1200] text_plus_image pair=231/300 valid=True correct=True parse_fail=0
[532/1200] text_plus_image pair=232/300 valid=False correct=False parse_fail=0
[533/1200] text_plus_image pair=233/300 valid=False correct=False parse_fail=0
[534/1200] text_plus_image pair=234/300 valid=True correct=True parse_fail=0
[535/1200] text_plus_image pair=235/300 valid=True correct=True parse_fail=0
[536/1200] text_plus_image pair=236/300 valid=True correct=True parse_fail=0
[537/1200] text_plus_image pair=237/300 valid=False correct=False parse_fail=0
[538/1200] text_plus_image pair=238/300 valid=True correct=True parse_fail=0
[539/1200] text_plus_image pair=239/300 valid=False correct=False parse_fail=0
[540/1200] text_plus_image pair=240/300 valid=False correct=False parse_fail=0
[541/1200] text_plus_image pair=241/300 valid=False correct=False parse_fail=0
[542/1200] text_plus_image pair=242/300 valid=False correct=False parse_fail=0
[543/1200] text_plus_image pair=243/300 valid=True correct=True parse_fail=0
[544/1200] text_plus_image pair=244/300 valid=True correct=True parse_fail=0
[545/1200] text_plus_image pair=245/300 valid=False correct=False parse_fail=0
[546/1200] text_plus_image pair=246/300 valid=False correct=False parse_fail=0
[547/1200] text_plus_image pair=247/300 valid=False correct=False parse_fail=0
[548/1200] text_plus_image pair=248/300 valid=True correct=True parse_fail=0
[549/1200] text_plus_image pair=249/300 valid=False correct=False parse_fail=0
[550/1200] text_plus_image pair=250/300 valid=True correct=False parse_fail=0
[551/1200] text_plus_image pair=251/300 valid=True correct=True parse_fail=0
[552/1200] text_plus_image pair=252/300 valid=True correct=False parse_fail=0
[553/1200] text_plus_image pair=253/300 valid=False correct=False parse_fail=0
[554/1200] text_plus_image pair=254/300 valid=False correct=False parse_fail=0
[555/1200] text_plus_image pair=255/300 valid=True correct=True parse_fail=0
[556/1200] text_plus_image pair=256/300 valid=False correct=False parse_fail=0
[557/1200] text_plus_image pair=257/300 valid=True correct=True parse_fail=0
[558/1200] text_plus_image pair=258/300 valid=False correct=False parse_fail=0
[559/1200] text_plus_image pair=259/300 valid=False correct=False parse_fail=0
[560/1200] text_plus_image pair=260/300 valid=True correct=True parse_fail=0
[561/1200] text_plus_image pair=261/300 valid=True correct=False parse_fail=0
[562/1200] text_plus_image pair=262/300 valid=True correct=True parse_fail=0
[563/1200] text_plus_image pair=263/300 valid=False correct=False parse_fail=0
[564/1200] text_plus_image pair=264/300 valid=True correct=False parse_fail=0
[565/1200] text_plus_image pair=265/300 valid=True correct=True parse_fail=0
[566/1200] text_plus_image pair=266/300 valid=False correct=False parse_fail=0
[567/1200] text_plus_image pair=267/300 valid=True correct=False parse_fail=0
[568/1200] text_plus_image pair=268/300 valid=True correct=False parse_fail=0
[569/1200] text_plus_image pair=269/300 valid=False correct=False parse_fail=0
[570/1200] text_plus_image pair=270/300 valid=True correct=True parse_fail=0
[571/1200] text_plus_image pair=271/300 valid=True correct=True parse_fail=0
[572/1200] text_plus_image pair=272/300 valid=False correct=False parse_fail=0
[573/1200] text_plus_image pair=273/300 valid=True correct=False parse_fail=0
[574/1200] text_plus_image pair=274/300 valid=False correct=False parse_fail=0
[575/1200] text_plus_image pair=275/300 valid=False correct=False parse_fail=0
[576/1200] text_plus_image pair=276/300 valid=False correct=False parse_fail=0
[577/1200] text_plus_image pair=277/300 valid=True correct=False parse_fail=0
[578/1200] text_plus_image pair=278/300 valid=True correct=True parse_fail=0
[579/1200] text_plus_image pair=279/300 valid=True correct=True parse_fail=0
[580/1200] text_plus_image pair=280/300 valid=False correct=False parse_fail=0
[581/1200] text_plus_image pair=281/300 valid=True correct=True parse_fail=0
[582/1200] text_plus_image pair=282/300 valid=True correct=True parse_fail=0
[583/1200] text_plus_image pair=283/300 valid=True correct=True parse_fail=0
[584/1200] text_plus_image pair=284/300 valid=False correct=False parse_fail=0
[585/1200] text_plus_image pair=285/300 valid=False correct=False parse_fail=0
[586/1200] text_plus_image pair=286/300 valid=True correct=True parse_fail=0
[587/1200] text_plus_image pair=287/300 valid=True correct=True parse_fail=0
[588/1200] text_plus_image pair=288/300 valid=True correct=False parse_fail=0
[589/1200] text_plus_image pair=289/300 valid=True correct=False parse_fail=0
[590/1200] text_plus_image pair=290/300 valid=False correct=False parse_fail=0
[591/1200] text_plus_image pair=291/300 valid=True correct=True parse_fail=0
[592/1200] text_plus_image pair=292/300 valid=False correct=False parse_fail=0
[593/1200] text_plus_image pair=293/300 valid=False correct=False parse_fail=0
[594/1200] text_plus_image pair=294/300 valid=False correct=False parse_fail=0
[595/1200] text_plus_image pair=295/300 valid=True correct=True parse_fail=0
[596/1200] text_plus_image pair=296/300 valid=False correct=False parse_fail=0
[597/1200] text_plus_image pair=297/300 valid=False correct=False parse_fail=0
[598/1200] text_plus_image pair=298/300 valid=True correct=False parse_fail=0
[599/1200] text_plus_image pair=299/300 valid=False correct=False parse_fail=0
[600/1200] text_plus_image pair=300/300 valid=True correct=True parse_fail=0
[601/1200] combined_labeled_image_only pair=1/300 valid=True correct=True parse_fail=0
[602/1200] combined_labeled_image_only pair=2/300 valid=True correct=True parse_fail=0
[603/1200] combined_labeled_image_only pair=3/300 valid=True correct=True parse_fail=0
[604/1200] combined_labeled_image_only pair=4/300 valid=True correct=True parse_fail=0
[605/1200] combined_labeled_image_only pair=5/300 valid=True correct=False parse_fail=0
[606/1200] combined_labeled_image_only pair=6/300 valid=False correct=False parse_fail=0
[607/1200] combined_labeled_image_only pair=7/300 valid=True correct=False parse_fail=0
[608/1200] combined_labeled_image_only pair=8/300 valid=True correct=False parse_fail=0
[609/1200] combined_labeled_image_only pair=9/300 valid=True correct=False parse_fail=0
[610/1200] combined_labeled_image_only pair=10/300 valid=True correct=True parse_fail=0
[611/1200] combined_labeled_image_only pair=11/300 valid=False correct=False parse_fail=0
[612/1200] combined_labeled_image_only pair=12/300 valid=True correct=False parse_fail=0
[613/1200] combined_labeled_image_only pair=13/300 valid=True correct=False parse_fail=0
[614/1200] combined_labeled_image_only pair=14/300 valid=False correct=False parse_fail=0
[615/1200] combined_labeled_image_only pair=15/300 valid=True correct=False parse_fail=0
[616/1200] combined_labeled_image_only pair=16/300 valid=True correct=True parse_fail=0
[617/1200] combined_labeled_image_only pair=17/300 valid=False correct=False parse_fail=0
[618/1200] combined_labeled_image_only pair=18/300 valid=True correct=False parse_fail=0
[619/1200] combined_labeled_image_only pair=19/300 valid=True correct=True parse_fail=0
[620/1200] combined_labeled_image_only pair=20/300 valid=False correct=False parse_fail=0
[621/1200] combined_labeled_image_only pair=21/300 valid=False correct=False parse_fail=0
[622/1200] combined_labeled_image_only pair=22/300 valid=True correct=True parse_fail=0
[623/1200] combined_labeled_image_only pair=23/300 valid=False correct=False parse_fail=0
[624/1200] combined_labeled_image_only pair=24/300 valid=False correct=False parse_fail=0
[625/1200] combined_labeled_image_only pair=25/300 valid=True correct=True parse_fail=0
[626/1200] combined_labeled_image_only pair=26/300 valid=True correct=True parse_fail=0
[627/1200] combined_labeled_image_only pair=27/300 valid=True correct=True parse_fail=0
[628/1200] combined_labeled_image_only pair=28/300 valid=True correct=True parse_fail=0
[629/1200] combined_labeled_image_only pair=29/300 valid=True correct=True parse_fail=0
[630/1200] combined_labeled_image_only pair=30/300 valid=True correct=True parse_fail=0
[631/1200] combined_labeled_image_only pair=31/300 valid=True correct=True parse_fail=0
[632/1200] combined_labeled_image_only pair=32/300 valid=True correct=True parse_fail=0
[633/1200] combined_labeled_image_only pair=33/300 valid=True correct=True parse_fail=0
[634/1200] combined_labeled_image_only pair=34/300 valid=True correct=True parse_fail=0
[635/1200] combined_labeled_image_only pair=35/300 valid=True correct=True parse_fail=0
[636/1200] combined_labeled_image_only pair=36/300 valid=False correct=False parse_fail=0
[637/1200] combined_labeled_image_only pair=37/300 valid=True correct=True parse_fail=0
[638/1200] combined_labeled_image_only pair=38/300 valid=True correct=True parse_fail=0
[639/1200] combined_labeled_image_only pair=39/300 valid=True correct=True parse_fail=0
[640/1200] combined_labeled_image_only pair=40/300 valid=True correct=False parse_fail=0
[641/1200] combined_labeled_image_only pair=41/300 valid=True correct=False parse_fail=0
[642/1200] combined_labeled_image_only pair=42/300 valid=True correct=False parse_fail=0
[643/1200] combined_labeled_image_only pair=43/300 valid=True correct=False parse_fail=0
[644/1200] combined_labeled_image_only pair=44/300 valid=False correct=False parse_fail=0
[645/1200] combined_labeled_image_only pair=45/300 valid=False correct=False parse_fail=0
[646/1200] combined_labeled_image_only pair=46/300 valid=True correct=False parse_fail=0
[647/1200] combined_labeled_image_only pair=47/300 valid=True correct=True parse_fail=0
[648/1200] combined_labeled_image_only pair=48/300 valid=True correct=True parse_fail=0
[649/1200] combined_labeled_image_only pair=49/300 valid=False correct=False parse_fail=0
[650/1200] combined_labeled_image_only pair=50/300 valid=False correct=False parse_fail=0
[651/1200] combined_labeled_image_only pair=51/300 valid=False correct=False parse_fail=0
[652/1200] combined_labeled_image_only pair=52/300 valid=True correct=True parse_fail=0
[653/1200] combined_labeled_image_only pair=53/300 valid=True correct=True parse_fail=0
[654/1200] combined_labeled_image_only pair=54/300 valid=True correct=False parse_fail=0
[655/1200] combined_labeled_image_only pair=55/300 valid=True correct=False parse_fail=0
[656/1200] combined_labeled_image_only pair=56/300 valid=True correct=False parse_fail=0
[657/1200] combined_labeled_image_only pair=57/300 valid=True correct=True parse_fail=0
[658/1200] combined_labeled_image_only pair=58/300 valid=True correct=False parse_fail=0
[659/1200] combined_labeled_image_only pair=59/300 valid=True correct=True parse_fail=0
[660/1200] combined_labeled_image_only pair=60/300 valid=True correct=True parse_fail=0
[661/1200] combined_labeled_image_only pair=61/300 valid=True correct=True parse_fail=0
[662/1200] combined_labeled_image_only pair=62/300 valid=True correct=True parse_fail=0
[663/1200] combined_labeled_image_only pair=63/300 valid=True correct=True parse_fail=0
[664/1200] combined_labeled_image_only pair=64/300 valid=True correct=True parse_fail=0
[665/1200] combined_labeled_image_only pair=65/300 valid=True correct=False parse_fail=0
[666/1200] combined_labeled_image_only pair=66/300 valid=False correct=False parse_fail=0
[667/1200] combined_labeled_image_only pair=67/300 valid=False correct=False parse_fail=0
[668/1200] combined_labeled_image_only pair=68/300 valid=True correct=True parse_fail=0
[669/1200] combined_labeled_image_only pair=69/300 valid=False correct=False parse_fail=0
[670/1200] combined_labeled_image_only pair=70/300 valid=False correct=False parse_fail=0
[671/1200] combined_labeled_image_only pair=71/300 valid=True correct=True parse_fail=0
[672/1200] combined_labeled_image_only pair=72/300 valid=True correct=True parse_fail=0
[673/1200] combined_labeled_image_only pair=73/300 valid=True correct=True parse_fail=0
[674/1200] combined_labeled_image_only pair=74/300 valid=True correct=True parse_fail=0
[675/1200] combined_labeled_image_only pair=75/300 valid=True correct=True parse_fail=0
[676/1200] combined_labeled_image_only pair=76/300 valid=True correct=True parse_fail=0
[677/1200] combined_labeled_image_only pair=77/300 valid=True correct=True parse_fail=0
[678/1200] combined_labeled_image_only pair=78/300 valid=True correct=False parse_fail=0
[679/1200] combined_labeled_image_only pair=79/300 valid=True correct=True parse_fail=0
[680/1200] combined_labeled_image_only pair=80/300 valid=True correct=True parse_fail=0
[681/1200] combined_labeled_image_only pair=81/300 valid=False correct=False parse_fail=0
[682/1200] combined_labeled_image_only pair=82/300 valid=True correct=True parse_fail=0
[683/1200] combined_labeled_image_only pair=83/300 valid=False correct=False parse_fail=0
[684/1200] combined_labeled_image_only pair=84/300 valid=True correct=True parse_fail=0
[685/1200] combined_labeled_image_only pair=85/300 valid=False correct=False parse_fail=0
[686/1200] combined_labeled_image_only pair=86/300 valid=False correct=False parse_fail=0
[687/1200] combined_labeled_image_only pair=87/300 valid=True correct=True parse_fail=0
[688/1200] combined_labeled_image_only pair=88/300 valid=True correct=True parse_fail=0
[689/1200] combined_labeled_image_only pair=89/300 valid=True correct=True parse_fail=0
[690/1200] combined_labeled_image_only pair=90/300 valid=False correct=False parse_fail=0
[691/1200] combined_labeled_image_only pair=91/300 valid=True correct=True parse_fail=0
[692/1200] combined_labeled_image_only pair=92/300 valid=True correct=True parse_fail=0
[693/1200] combined_labeled_image_only pair=93/300 valid=False correct=False parse_fail=0
[694/1200] combined_labeled_image_only pair=94/300 valid=False correct=False parse_fail=0
[695/1200] combined_labeled_image_only pair=95/300 valid=True correct=True parse_fail=0
[696/1200] combined_labeled_image_only pair=96/300 valid=True correct=True parse_fail=0
[697/1200] combined_labeled_image_only pair=97/300 valid=True correct=True parse_fail=0
[698/1200] combined_labeled_image_only pair=98/300 valid=True correct=False parse_fail=0
[699/1200] combined_labeled_image_only pair=99/300 valid=True correct=False parse_fail=0
[700/1200] combined_labeled_image_only pair=100/300 valid=True correct=False parse_fail=0
[701/1200] combined_labeled_image_only pair=101/300 valid=True correct=True parse_fail=0
[702/1200] combined_labeled_image_only pair=102/300 valid=True correct=True parse_fail=0
[703/1200] combined_labeled_image_only pair=103/300 valid=True correct=True parse_fail=0
[704/1200] combined_labeled_image_only pair=104/300 valid=True correct=True parse_fail=0
[705/1200] combined_labeled_image_only pair=105/300 valid=True correct=False parse_fail=0
[706/1200] combined_labeled_image_only pair=106/300 valid=True correct=False parse_fail=0
[707/1200] combined_labeled_image_only pair=107/300 valid=True correct=False parse_fail=0
[708/1200] combined_labeled_image_only pair=108/300 valid=False correct=False parse_fail=0
[709/1200] combined_labeled_image_only pair=109/300 valid=True correct=True parse_fail=0
[710/1200] combined_labeled_image_only pair=110/300 valid=True correct=False parse_fail=0
[711/1200] combined_labeled_image_only pair=111/300 valid=True correct=False parse_fail=0
[712/1200] combined_labeled_image_only pair=112/300 valid=True correct=False parse_fail=0
[713/1200] combined_labeled_image_only pair=113/300 valid=True correct=False parse_fail=0
[714/1200] combined_labeled_image_only pair=114/300 valid=True correct=False parse_fail=0
[715/1200] combined_labeled_image_only pair=115/300 valid=True correct=False parse_fail=0
[716/1200] combined_labeled_image_only pair=116/300 valid=True correct=True parse_fail=0
[717/1200] combined_labeled_image_only pair=117/300 valid=False correct=False parse_fail=0
[718/1200] combined_labeled_image_only pair=118/300 valid=True correct=True parse_fail=0
[719/1200] combined_labeled_image_only pair=119/300 valid=False correct=False parse_fail=0
[720/1200] combined_labeled_image_only pair=120/300 valid=True correct=True parse_fail=0
[721/1200] combined_labeled_image_only pair=121/300 valid=True correct=True parse_fail=0
[722/1200] combined_labeled_image_only pair=122/300 valid=True correct=True parse_fail=0
[723/1200] combined_labeled_image_only pair=123/300 valid=True correct=True parse_fail=0
[724/1200] combined_labeled_image_only pair=124/300 valid=True correct=True parse_fail=0
[725/1200] combined_labeled_image_only pair=125/300 valid=False correct=False parse_fail=0
[726/1200] combined_labeled_image_only pair=126/300 valid=True correct=False parse_fail=0
[727/1200] combined_labeled_image_only pair=127/300 valid=True correct=True parse_fail=0
[728/1200] combined_labeled_image_only pair=128/300 valid=False correct=False parse_fail=0
[729/1200] combined_labeled_image_only pair=129/300 valid=True correct=False parse_fail=0
[730/1200] combined_labeled_image_only pair=130/300 valid=False correct=False parse_fail=0
[731/1200] combined_labeled_image_only pair=131/300 valid=True correct=True parse_fail=0
[732/1200] combined_labeled_image_only pair=132/300 valid=False correct=False parse_fail=0
[733/1200] combined_labeled_image_only pair=133/300 valid=True correct=True parse_fail=0
[734/1200] combined_labeled_image_only pair=134/300 valid=True correct=True parse_fail=0
[735/1200] combined_labeled_image_only pair=135/300 valid=True correct=False parse_fail=0
[736/1200] combined_labeled_image_only pair=136/300 valid=True correct=False parse_fail=0
[737/1200] combined_labeled_image_only pair=137/300 valid=True correct=False parse_fail=0
[738/1200] combined_labeled_image_only pair=138/300 valid=True correct=True parse_fail=0
[739/1200] combined_labeled_image_only pair=139/300 valid=False correct=False parse_fail=0
[740/1200] combined_labeled_image_only pair=140/300 valid=True correct=True parse_fail=0
[741/1200] combined_labeled_image_only pair=141/300 valid=True correct=True parse_fail=0
[742/1200] combined_labeled_image_only pair=142/300 valid=True correct=False parse_fail=0
[743/1200] combined_labeled_image_only pair=143/300 valid=False correct=False parse_fail=0
[744/1200] combined_labeled_image_only pair=144/300 valid=True correct=True parse_fail=0
[745/1200] combined_labeled_image_only pair=145/300 valid=True correct=True parse_fail=0
[746/1200] combined_labeled_image_only pair=146/300 valid=True correct=False parse_fail=0
[747/1200] combined_labeled_image_only pair=147/300 valid=True correct=False parse_fail=0
[748/1200] combined_labeled_image_only pair=148/300 valid=True correct=True parse_fail=0
[749/1200] combined_labeled_image_only pair=149/300 valid=True correct=True parse_fail=0
[750/1200] combined_labeled_image_only pair=150/300 valid=True correct=True parse_fail=0
[751/1200] combined_labeled_image_only pair=151/300 valid=True correct=True parse_fail=0
[752/1200] combined_labeled_image_only pair=152/300 valid=True correct=True parse_fail=0
[753/1200] combined_labeled_image_only pair=153/300 valid=True correct=False parse_fail=0
[754/1200] combined_labeled_image_only pair=154/300 valid=True correct=True parse_fail=0
[755/1200] combined_labeled_image_only pair=155/300 valid=True correct=False parse_fail=0
[756/1200] combined_labeled_image_only pair=156/300 valid=True correct=True parse_fail=0
[757/1200] combined_labeled_image_only pair=157/300 valid=True correct=False parse_fail=0
[758/1200] combined_labeled_image_only pair=158/300 valid=True correct=True parse_fail=0
[759/1200] combined_labeled_image_only pair=159/300 valid=True correct=True parse_fail=0
[760/1200] combined_labeled_image_only pair=160/300 valid=True correct=True parse_fail=0
[761/1200] combined_labeled_image_only pair=161/300 valid=True correct=True parse_fail=0
[762/1200] combined_labeled_image_only pair=162/300 valid=True correct=True parse_fail=0
[763/1200] combined_labeled_image_only pair=163/300 valid=True correct=True parse_fail=0
[764/1200] combined_labeled_image_only pair=164/300 valid=False correct=False parse_fail=0
[765/1200] combined_labeled_image_only pair=165/300 valid=True correct=True parse_fail=0
[766/1200] combined_labeled_image_only pair=166/300 valid=True correct=False parse_fail=0
[767/1200] combined_labeled_image_only pair=167/300 valid=False correct=False parse_fail=0
[768/1200] combined_labeled_image_only pair=168/300 valid=True correct=True parse_fail=0
[769/1200] combined_labeled_image_only pair=169/300 valid=False correct=False parse_fail=0
[770/1200] combined_labeled_image_only pair=170/300 valid=True correct=False parse_fail=0
[771/1200] combined_labeled_image_only pair=171/300 valid=True correct=True parse_fail=0
[772/1200] combined_labeled_image_only pair=172/300 valid=False correct=False parse_fail=0
[773/1200] combined_labeled_image_only pair=173/300 valid=True correct=False parse_fail=0
[774/1200] combined_labeled_image_only pair=174/300 valid=True correct=False parse_fail=0
[775/1200] combined_labeled_image_only pair=175/300 valid=False correct=False parse_fail=0
[776/1200] combined_labeled_image_only pair=176/300 valid=True correct=False parse_fail=0
[777/1200] combined_labeled_image_only pair=177/300 valid=True correct=False parse_fail=0
[778/1200] combined_labeled_image_only pair=178/300 valid=True correct=True parse_fail=0
[779/1200] combined_labeled_image_only pair=179/300 valid=True correct=True parse_fail=0
[780/1200] combined_labeled_image_only pair=180/300 valid=True correct=True parse_fail=0
[781/1200] combined_labeled_image_only pair=181/300 valid=True correct=False parse_fail=0
[782/1200] combined_labeled_image_only pair=182/300 valid=False correct=False parse_fail=0
[783/1200] combined_labeled_image_only pair=183/300 valid=True correct=True parse_fail=0
[784/1200] combined_labeled_image_only pair=184/300 valid=True correct=True parse_fail=0
[785/1200] combined_labeled_image_only pair=185/300 valid=True correct=False parse_fail=0
[786/1200] combined_labeled_image_only pair=186/300 valid=True correct=True parse_fail=0
[787/1200] combined_labeled_image_only pair=187/300 valid=True correct=True parse_fail=0
[788/1200] combined_labeled_image_only pair=188/300 valid=True correct=True parse_fail=0
[789/1200] combined_labeled_image_only pair=189/300 valid=True correct=True parse_fail=0
[790/1200] combined_labeled_image_only pair=190/300 valid=True correct=False parse_fail=0
[791/1200] combined_labeled_image_only pair=191/300 valid=False correct=False parse_fail=0
[792/1200] combined_labeled_image_only pair=192/300 valid=True correct=False parse_fail=0
[793/1200] combined_labeled_image_only pair=193/300 valid=True correct=False parse_fail=0
[794/1200] combined_labeled_image_only pair=194/300 valid=True correct=False parse_fail=0
[795/1200] combined_labeled_image_only pair=195/300 valid=True correct=False parse_fail=0
[796/1200] combined_labeled_image_only pair=196/300 valid=False correct=False parse_fail=0
[797/1200] combined_labeled_image_only pair=197/300 valid=False correct=False parse_fail=0
[798/1200] combined_labeled_image_only pair=198/300 valid=True correct=True parse_fail=0
[799/1200] combined_labeled_image_only pair=199/300 valid=False correct=False parse_fail=0
[800/1200] combined_labeled_image_only pair=200/300 valid=True correct=True parse_fail=0
[801/1200] combined_labeled_image_only pair=201/300 valid=True correct=True parse_fail=0
[802/1200] combined_labeled_image_only pair=202/300 valid=True correct=True parse_fail=0
[803/1200] combined_labeled_image_only pair=203/300 valid=True correct=True parse_fail=0
[804/1200] combined_labeled_image_only pair=204/300 valid=True correct=False parse_fail=0
[805/1200] combined_labeled_image_only pair=205/300 valid=False correct=False parse_fail=0
[806/1200] combined_labeled_image_only pair=206/300 valid=True correct=True parse_fail=0
[807/1200] combined_labeled_image_only pair=207/300 valid=False correct=False parse_fail=0
[808/1200] combined_labeled_image_only pair=208/300 valid=True correct=True parse_fail=0
[809/1200] combined_labeled_image_only pair=209/300 valid=True correct=False parse_fail=0
[810/1200] combined_labeled_image_only pair=210/300 valid=True correct=True parse_fail=0
[811/1200] combined_labeled_image_only pair=211/300 valid=True correct=True parse_fail=0
[812/1200] combined_labeled_image_only pair=212/300 valid=True correct=True parse_fail=0
[813/1200] combined_labeled_image_only pair=213/300 valid=False correct=False parse_fail=0
[814/1200] combined_labeled_image_only pair=214/300 valid=True correct=True parse_fail=0
[815/1200] combined_labeled_image_only pair=215/300 valid=False correct=False parse_fail=0
[816/1200] combined_labeled_image_only pair=216/300 valid=True correct=False parse_fail=0
[817/1200] combined_labeled_image_only pair=217/300 valid=False correct=False parse_fail=0
[818/1200] combined_labeled_image_only pair=218/300 valid=True correct=False parse_fail=0
[819/1200] combined_labeled_image_only pair=219/300 valid=False correct=False parse_fail=0
[820/1200] combined_labeled_image_only pair=220/300 valid=True correct=False parse_fail=0
[821/1200] combined_labeled_image_only pair=221/300 valid=True correct=True parse_fail=0
[822/1200] combined_labeled_image_only pair=222/300 valid=True correct=True parse_fail=0
[823/1200] combined_labeled_image_only pair=223/300 valid=False correct=False parse_fail=0
[824/1200] combined_labeled_image_only pair=224/300 valid=True correct=True parse_fail=0
[825/1200] combined_labeled_image_only pair=225/300 valid=True correct=False parse_fail=0
[826/1200] combined_labeled_image_only pair=226/300 valid=False correct=False parse_fail=0
[827/1200] combined_labeled_image_only pair=227/300 valid=True correct=True parse_fail=0
[828/1200] combined_labeled_image_only pair=228/300 valid=True correct=True parse_fail=0
[829/1200] combined_labeled_image_only pair=229/300 valid=True correct=True parse_fail=0
[830/1200] combined_labeled_image_only pair=230/300 valid=True correct=False parse_fail=0
[831/1200] combined_labeled_image_only pair=231/300 valid=True correct=True parse_fail=0
[832/1200] combined_labeled_image_only pair=232/300 valid=True correct=True parse_fail=0
[833/1200] combined_labeled_image_only pair=233/300 valid=True correct=True parse_fail=0
[834/1200] combined_labeled_image_only pair=234/300 valid=True correct=False parse_fail=0
[835/1200] combined_labeled_image_only pair=235/300 valid=True correct=True parse_fail=0
[836/1200] combined_labeled_image_only pair=236/300 valid=True correct=True parse_fail=0
[837/1200] combined_labeled_image_only pair=237/300 valid=True correct=False parse_fail=0
[838/1200] combined_labeled_image_only pair=238/300 valid=False correct=False parse_fail=0
[839/1200] combined_labeled_image_only pair=239/300 valid=True correct=True parse_fail=0
[840/1200] combined_labeled_image_only pair=240/300 valid=False correct=False parse_fail=0
[841/1200] combined_labeled_image_only pair=241/300 valid=True correct=False parse_fail=0
[842/1200] combined_labeled_image_only pair=242/300 valid=False correct=False parse_fail=0
[843/1200] combined_labeled_image_only pair=243/300 valid=False correct=False parse_fail=0
[844/1200] combined_labeled_image_only pair=244/300 valid=True correct=False parse_fail=0
[845/1200] combined_labeled_image_only pair=245/300 valid=False correct=False parse_fail=0
[846/1200] combined_labeled_image_only pair=246/300 valid=True correct=True parse_fail=0
[847/1200] combined_labeled_image_only pair=247/300 valid=True correct=True parse_fail=0
[848/1200] combined_labeled_image_only pair=248/300 valid=True correct=True parse_fail=0
[849/1200] combined_labeled_image_only pair=249/300 valid=True correct=True parse_fail=0
[850/1200] combined_labeled_image_only pair=250/300 valid=True correct=False parse_fail=0
[851/1200] combined_labeled_image_only pair=251/300 valid=True correct=True parse_fail=0
[852/1200] combined_labeled_image_only pair=252/300 valid=True correct=False parse_fail=0
[853/1200] combined_labeled_image_only pair=253/300 valid=True correct=False parse_fail=0
[854/1200] combined_labeled_image_only pair=254/300 valid=False correct=False parse_fail=0
[855/1200] combined_labeled_image_only pair=255/300 valid=True correct=False parse_fail=0
[856/1200] combined_labeled_image_only pair=256/300 valid=True correct=True parse_fail=0
[857/1200] combined_labeled_image_only pair=257/300 valid=False correct=False parse_fail=0
[858/1200] combined_labeled_image_only pair=258/300 valid=False correct=False parse_fail=0
[859/1200] combined_labeled_image_only pair=259/300 valid=True correct=False parse_fail=0
[860/1200] combined_labeled_image_only pair=260/300 valid=True correct=True parse_fail=0
[861/1200] combined_labeled_image_only pair=261/300 valid=True correct=False parse_fail=0
[862/1200] combined_labeled_image_only pair=262/300 valid=True correct=True parse_fail=0
[863/1200] combined_labeled_image_only pair=263/300 valid=False correct=False parse_fail=0
[864/1200] combined_labeled_image_only pair=264/300 valid=False correct=False parse_fail=0
[865/1200] combined_labeled_image_only pair=265/300 valid=True correct=True parse_fail=0
[866/1200] combined_labeled_image_only pair=266/300 valid=True correct=True parse_fail=0
[867/1200] combined_labeled_image_only pair=267/300 valid=False correct=False parse_fail=0
[868/1200] combined_labeled_image_only pair=268/300 valid=True correct=False parse_fail=0
[869/1200] combined_labeled_image_only pair=269/300 valid=True correct=True parse_fail=0
[870/1200] combined_labeled_image_only pair=270/300 valid=False correct=False parse_fail=0
[871/1200] combined_labeled_image_only pair=271/300 valid=False correct=False parse_fail=0
[872/1200] combined_labeled_image_only pair=272/300 valid=False correct=False parse_fail=0
[873/1200] combined_labeled_image_only pair=273/300 valid=False correct=False parse_fail=0
[874/1200] combined_labeled_image_only pair=274/300 valid=False correct=False parse_fail=0
[875/1200] combined_labeled_image_only pair=275/300 valid=False correct=False parse_fail=0
[876/1200] combined_labeled_image_only pair=276/300 valid=True correct=True parse_fail=0
[877/1200] combined_labeled_image_only pair=277/300 valid=False correct=False parse_fail=0
[878/1200] combined_labeled_image_only pair=278/300 valid=False correct=False parse_fail=0
[879/1200] combined_labeled_image_only pair=279/300 valid=True correct=True parse_fail=0
[880/1200] combined_labeled_image_only pair=280/300 valid=False correct=False parse_fail=0
[881/1200] combined_labeled_image_only pair=281/300 valid=True correct=True parse_fail=0
[882/1200] combined_labeled_image_only pair=282/300 valid=True correct=True parse_fail=0
[883/1200] combined_labeled_image_only pair=283/300 valid=True correct=True parse_fail=0
[884/1200] combined_labeled_image_only pair=284/300 valid=True correct=False parse_fail=0
[885/1200] combined_labeled_image_only pair=285/300 valid=True correct=True parse_fail=0
[886/1200] combined_labeled_image_only pair=286/300 valid=True correct=True parse_fail=0
[887/1200] combined_labeled_image_only pair=287/300 valid=True correct=True parse_fail=0
[888/1200] combined_labeled_image_only pair=288/300 valid=True correct=False parse_fail=0
[889/1200] combined_labeled_image_only pair=289/300 valid=True correct=False parse_fail=0
[890/1200] combined_labeled_image_only pair=290/300 valid=True correct=False parse_fail=0
[891/1200] combined_labeled_image_only pair=291/300 valid=False correct=False parse_fail=0
[892/1200] combined_labeled_image_only pair=292/300 valid=True correct=False parse_fail=0
[893/1200] combined_labeled_image_only pair=293/300 valid=True correct=False parse_fail=0
[894/1200] combined_labeled_image_only pair=294/300 valid=False correct=False parse_fail=0
[895/1200] combined_labeled_image_only pair=295/300 valid=False correct=False parse_fail=0
[896/1200] combined_labeled_image_only pair=296/300 valid=True correct=False parse_fail=0
[897/1200] combined_labeled_image_only pair=297/300 valid=True correct=False parse_fail=0
[898/1200] combined_labeled_image_only pair=298/300 valid=True correct=False parse_fail=0
[899/1200] combined_labeled_image_only pair=299/300 valid=True correct=False parse_fail=0
[900/1200] combined_labeled_image_only pair=300/300 valid=True correct=True parse_fail=0
[901/1200] combined_labeled_text_plus_image pair=1/300 valid=False correct=False parse_fail=0
[902/1200] combined_labeled_text_plus_image pair=2/300 valid=False correct=False parse_fail=0
[903/1200] combined_labeled_text_plus_image pair=3/300 valid=True correct=True parse_fail=0
[904/1200] combined_labeled_text_plus_image pair=4/300 valid=True correct=True parse_fail=0
[905/1200] combined_labeled_text_plus_image pair=5/300 valid=True correct=True parse_fail=0
[906/1200] combined_labeled_text_plus_image pair=6/300 valid=True correct=True parse_fail=0
[907/1200] combined_labeled_text_plus_image pair=7/300 valid=True correct=True parse_fail=0
[908/1200] combined_labeled_text_plus_image pair=8/300 valid=True correct=False parse_fail=0
[909/1200] combined_labeled_text_plus_image pair=9/300 valid=False correct=False parse_fail=0
[910/1200] combined_labeled_text_plus_image pair=10/300 valid=True correct=False parse_fail=0
[911/1200] combined_labeled_text_plus_image pair=11/300 valid=False correct=False parse_fail=0
[912/1200] combined_labeled_text_plus_image pair=12/300 valid=False correct=False parse_fail=0
[913/1200] combined_labeled_text_plus_image pair=13/300 valid=False correct=False parse_fail=0
[914/1200] combined_labeled_text_plus_image pair=14/300 valid=False correct=False parse_fail=0
[915/1200] combined_labeled_text_plus_image pair=15/300 valid=False correct=False parse_fail=0
[916/1200] combined_labeled_text_plus_image pair=16/300 valid=True correct=True parse_fail=0
[917/1200] combined_labeled_text_plus_image pair=17/300 valid=True correct=True parse_fail=0
[918/1200] combined_labeled_text_plus_image pair=18/300 valid=False correct=False parse_fail=0
[919/1200] combined_labeled_text_plus_image pair=19/300 valid=True correct=False parse_fail=0
[920/1200] combined_labeled_text_plus_image pair=20/300 valid=True correct=True parse_fail=0
[921/1200] combined_labeled_text_plus_image pair=21/300 valid=False correct=False parse_fail=0
[922/1200] combined_labeled_text_plus_image pair=22/300 valid=False correct=False parse_fail=0
[923/1200] combined_labeled_text_plus_image pair=23/300 valid=False correct=False parse_fail=0
[924/1200] combined_labeled_text_plus_image pair=24/300 valid=False correct=False parse_fail=0
[925/1200] combined_labeled_text_plus_image pair=25/300 valid=True correct=True parse_fail=0
[926/1200] combined_labeled_text_plus_image pair=26/300 valid=True correct=True parse_fail=0
[927/1200] combined_labeled_text_plus_image pair=27/300 valid=True correct=False parse_fail=0
[928/1200] combined_labeled_text_plus_image pair=28/300 valid=True correct=True parse_fail=0
[929/1200] combined_labeled_text_plus_image pair=29/300 valid=True correct=True parse_fail=0
[930/1200] combined_labeled_text_plus_image pair=30/300 valid=True correct=True parse_fail=0
[931/1200] combined_labeled_text_plus_image pair=31/300 valid=True correct=True parse_fail=0
[932/1200] combined_labeled_text_plus_image pair=32/300 valid=True correct=True parse_fail=0
[933/1200] combined_labeled_text_plus_image pair=33/300 valid=True correct=True parse_fail=0
[934/1200] combined_labeled_text_plus_image pair=34/300 valid=True correct=True parse_fail=0
[935/1200] combined_labeled_text_plus_image pair=35/300 valid=True correct=True parse_fail=0
[936/1200] combined_labeled_text_plus_image pair=36/300 valid=True correct=True parse_fail=0
[937/1200] combined_labeled_text_plus_image pair=37/300 valid=True correct=True parse_fail=0
[938/1200] combined_labeled_text_plus_image pair=38/300 valid=True correct=True parse_fail=0
[939/1200] combined_labeled_text_plus_image pair=39/300 valid=True correct=True parse_fail=0
[940/1200] combined_labeled_text_plus_image pair=40/300 valid=False correct=False parse_fail=0
[941/1200] combined_labeled_text_plus_image pair=41/300 valid=False correct=False parse_fail=0
[942/1200] combined_labeled_text_plus_image pair=42/300 valid=False correct=False parse_fail=0
[943/1200] combined_labeled_text_plus_image pair=43/300 valid=False correct=False parse_fail=0
[944/1200] combined_labeled_text_plus_image pair=44/300 valid=True correct=True parse_fail=0
[945/1200] combined_labeled_text_plus_image pair=45/300 valid=True correct=True parse_fail=0
[946/1200] combined_labeled_text_plus_image pair=46/300 valid=True correct=True parse_fail=0
[947/1200] combined_labeled_text_plus_image pair=47/300 valid=True correct=False parse_fail=0
[948/1200] combined_labeled_text_plus_image pair=48/300 valid=False correct=False parse_fail=0
[949/1200] combined_labeled_text_plus_image pair=49/300 valid=True correct=True parse_fail=0
[950/1200] combined_labeled_text_plus_image pair=50/300 valid=False correct=False parse_fail=0
[951/1200] combined_labeled_text_plus_image pair=51/300 valid=True correct=False parse_fail=0
[952/1200] combined_labeled_text_plus_image pair=52/300 valid=True correct=True parse_fail=0
[953/1200] combined_labeled_text_plus_image pair=53/300 valid=False correct=False parse_fail=0
[954/1200] combined_labeled_text_plus_image pair=54/300 valid=True correct=False parse_fail=0
[955/1200] combined_labeled_text_plus_image pair=55/300 valid=True correct=False parse_fail=0
[956/1200] combined_labeled_text_plus_image pair=56/300 valid=True correct=False parse_fail=0
[957/1200] combined_labeled_text_plus_image pair=57/300 valid=False correct=False parse_fail=0
[958/1200] combined_labeled_text_plus_image pair=58/300 valid=False correct=False parse_fail=0
[959/1200] combined_labeled_text_plus_image pair=59/300 valid=False correct=False parse_fail=0
[960/1200] combined_labeled_text_plus_image pair=60/300 valid=False correct=False parse_fail=0
[961/1200] combined_labeled_text_plus_image pair=61/300 valid=False correct=False parse_fail=0
[962/1200] combined_labeled_text_plus_image pair=62/300 valid=False correct=False parse_fail=0
[963/1200] combined_labeled_text_plus_image pair=63/300 valid=True correct=True parse_fail=0
[964/1200] combined_labeled_text_plus_image pair=64/300 valid=False correct=False parse_fail=0
[965/1200] combined_labeled_text_plus_image pair=65/300 valid=False correct=False parse_fail=0
[966/1200] combined_labeled_text_plus_image pair=66/300 valid=True correct=False parse_fail=0
[967/1200] combined_labeled_text_plus_image pair=67/300 valid=False correct=False parse_fail=0
[968/1200] combined_labeled_text_plus_image pair=68/300 valid=False correct=False parse_fail=0
[969/1200] combined_labeled_text_plus_image pair=69/300 valid=False correct=False parse_fail=0
[970/1200] combined_labeled_text_plus_image pair=70/300 valid=False correct=False parse_fail=0
[971/1200] combined_labeled_text_plus_image pair=71/300 valid=False correct=False parse_fail=0
[972/1200] combined_labeled_text_plus_image pair=72/300 valid=True correct=True parse_fail=0
[973/1200] combined_labeled_text_plus_image pair=73/300 valid=False correct=False parse_fail=0
[974/1200] combined_labeled_text_plus_image pair=74/300 valid=False correct=False parse_fail=0
[975/1200] combined_labeled_text_plus_image pair=75/300 valid=False correct=False parse_fail=0
[976/1200] combined_labeled_text_plus_image pair=76/300 valid=False correct=False parse_fail=0
[977/1200] combined_labeled_text_plus_image pair=77/300 valid=False correct=False parse_fail=0
[978/1200] combined_labeled_text_plus_image pair=78/300 valid=False correct=False parse_fail=0
[979/1200] combined_labeled_text_plus_image pair=79/300 valid=False correct=False parse_fail=0
[980/1200] combined_labeled_text_plus_image pair=80/300 valid=False correct=False parse_fail=0
[981/1200] combined_labeled_text_plus_image pair=81/300 valid=False correct=False parse_fail=0
[982/1200] combined_labeled_text_plus_image pair=82/300 valid=False correct=False parse_fail=0
[983/1200] combined_labeled_text_plus_image pair=83/300 valid=False correct=False parse_fail=0
[984/1200] combined_labeled_text_plus_image pair=84/300 valid=False correct=False parse_fail=0
[985/1200] combined_labeled_text_plus_image pair=85/300 valid=False correct=False parse_fail=0
[986/1200] combined_labeled_text_plus_image pair=86/300 valid=False correct=False parse_fail=0
[987/1200] combined_labeled_text_plus_image pair=87/300 valid=True correct=True parse_fail=0
[988/1200] combined_labeled_text_plus_image pair=88/300 valid=True correct=True parse_fail=0
[989/1200] combined_labeled_text_plus_image pair=89/300 valid=True correct=False parse_fail=0
[990/1200] combined_labeled_text_plus_image pair=90/300 valid=False correct=False parse_fail=0
[991/1200] combined_labeled_text_plus_image pair=91/300 valid=True correct=True parse_fail=0
[992/1200] combined_labeled_text_plus_image pair=92/300 valid=False correct=False parse_fail=0
[993/1200] combined_labeled_text_plus_image pair=93/300 valid=False correct=False parse_fail=0
[994/1200] combined_labeled_text_plus_image pair=94/300 valid=True correct=False parse_fail=0
[995/1200] combined_labeled_text_plus_image pair=95/300 valid=True correct=True parse_fail=0
[996/1200] combined_labeled_text_plus_image pair=96/300 valid=True correct=True parse_fail=0
[997/1200] combined_labeled_text_plus_image pair=97/300 valid=True correct=True parse_fail=0
[998/1200] combined_labeled_text_plus_image pair=98/300 valid=True correct=False parse_fail=0
[999/1200] combined_labeled_text_plus_image pair=99/300 valid=False correct=False parse_fail=0
[1000/1200] combined_labeled_text_plus_image pair=100/300 valid=True correct=False parse_fail=0
[1001/1200] combined_labeled_text_plus_image pair=101/300 valid=True correct=True parse_fail=0
[1002/1200] combined_labeled_text_plus_image pair=102/300 valid=False correct=False parse_fail=0
[1003/1200] combined_labeled_text_plus_image pair=103/300 valid=False correct=False parse_fail=0
[1004/1200] combined_labeled_text_plus_image pair=104/300 valid=True correct=True parse_fail=0
[1005/1200] combined_labeled_text_plus_image pair=105/300 valid=False correct=False parse_fail=0
[1006/1200] combined_labeled_text_plus_image pair=106/300 valid=True correct=False parse_fail=0
[1007/1200] combined_labeled_text_plus_image pair=107/300 valid=False correct=False parse_fail=0
[1008/1200] combined_labeled_text_plus_image pair=108/300 valid=False correct=False parse_fail=0
[1009/1200] combined_labeled_text_plus_image pair=109/300 valid=True correct=True parse_fail=0
[1010/1200] combined_labeled_text_plus_image pair=110/300 valid=False correct=False parse_fail=0
[1011/1200] combined_labeled_text_plus_image pair=111/300 valid=False correct=False parse_fail=0
[1012/1200] combined_labeled_text_plus_image pair=112/300 valid=True correct=False parse_fail=0
[1013/1200] combined_labeled_text_plus_image pair=113/300 valid=True correct=False parse_fail=0
[1014/1200] combined_labeled_text_plus_image pair=114/300 valid=True correct=False parse_fail=0
[1015/1200] combined_labeled_text_plus_image pair=115/300 valid=False correct=False parse_fail=0
[1016/1200] combined_labeled_text_plus_image pair=116/300 valid=False correct=False parse_fail=0
[1017/1200] combined_labeled_text_plus_image pair=117/300 valid=False correct=False parse_fail=0
[1018/1200] combined_labeled_text_plus_image pair=118/300 valid=False correct=False parse_fail=0
[1019/1200] combined_labeled_text_plus_image pair=119/300 valid=True correct=False parse_fail=0
[1020/1200] combined_labeled_text_plus_image pair=120/300 valid=True correct=True parse_fail=0
[1021/1200] combined_labeled_text_plus_image pair=121/300 valid=True correct=True parse_fail=0
[1022/1200] combined_labeled_text_plus_image pair=122/300 valid=True correct=True parse_fail=0
[1023/1200] combined_labeled_text_plus_image pair=123/300 valid=False correct=False parse_fail=0
[1024/1200] combined_labeled_text_plus_image pair=124/300 valid=True correct=False parse_fail=0
[1025/1200] combined_labeled_text_plus_image pair=125/300 valid=True correct=False parse_fail=0
[1026/1200] combined_labeled_text_plus_image pair=126/300 valid=True correct=False parse_fail=0
[1027/1200] combined_labeled_text_plus_image pair=127/300 valid=True correct=True parse_fail=0
[1028/1200] combined_labeled_text_plus_image pair=128/300 valid=True correct=True parse_fail=0
[1029/1200] combined_labeled_text_plus_image pair=129/300 valid=False correct=False parse_fail=0
[1030/1200] combined_labeled_text_plus_image pair=130/300 valid=False correct=False parse_fail=0
[1031/1200] combined_labeled_text_plus_image pair=131/300 valid=False correct=False parse_fail=0
[1032/1200] combined_labeled_text_plus_image pair=132/300 valid=False correct=False parse_fail=0
[1033/1200] combined_labeled_text_plus_image pair=133/300 valid=True correct=False parse_fail=0
[1034/1200] combined_labeled_text_plus_image pair=134/300 valid=False correct=False parse_fail=0
[1035/1200] combined_labeled_text_plus_image pair=135/300 valid=True correct=False parse_fail=0
[1036/1200] combined_labeled_text_plus_image pair=136/300 valid=True correct=False parse_fail=0
[1037/1200] combined_labeled_text_plus_image pair=137/300 valid=True correct=False parse_fail=0
[1038/1200] combined_labeled_text_plus_image pair=138/300 valid=True correct=True parse_fail=0
[1039/1200] combined_labeled_text_plus_image pair=139/300 valid=False correct=False parse_fail=0
[1040/1200] combined_labeled_text_plus_image pair=140/300 valid=True correct=True parse_fail=0
[1041/1200] combined_labeled_text_plus_image pair=141/300 valid=True correct=False parse_fail=0
[1042/1200] combined_labeled_text_plus_image pair=142/300 valid=False correct=False parse_fail=0
[1043/1200] combined_labeled_text_plus_image pair=143/300 valid=False correct=False parse_fail=0
[1044/1200] combined_labeled_text_plus_image pair=144/300 valid=False correct=False parse_fail=0
[1045/1200] combined_labeled_text_plus_image pair=145/300 valid=True correct=True parse_fail=0
[1046/1200] combined_labeled_text_plus_image pair=146/300 valid=False correct=False parse_fail=0
[1047/1200] combined_labeled_text_plus_image pair=147/300 valid=True correct=False parse_fail=0
[1048/1200] combined_labeled_text_plus_image pair=148/300 valid=False correct=False parse_fail=0
[1049/1200] combined_labeled_text_plus_image pair=149/300 valid=False correct=False parse_fail=0
[1050/1200] combined_labeled_text_plus_image pair=150/300 valid=True correct=True parse_fail=0
[1051/1200] combined_labeled_text_plus_image pair=151/300 valid=False correct=False parse_fail=0
[1052/1200] combined_labeled_text_plus_image pair=152/300 valid=False correct=False parse_fail=0
[1053/1200] combined_labeled_text_plus_image pair=153/300 valid=False correct=False parse_fail=0
[1054/1200] combined_labeled_text_plus_image pair=154/300 valid=False correct=False parse_fail=0
[1055/1200] combined_labeled_text_plus_image pair=155/300 valid=True correct=False parse_fail=0
[1056/1200] combined_labeled_text_plus_image pair=156/300 valid=False correct=False parse_fail=0
[1057/1200] combined_labeled_text_plus_image pair=157/300 valid=False correct=False parse_fail=0
[1058/1200] combined_labeled_text_plus_image pair=158/300 valid=True correct=True parse_fail=0
[1059/1200] combined_labeled_text_plus_image pair=159/300 valid=True correct=True parse_fail=0
[1060/1200] combined_labeled_text_plus_image pair=160/300 valid=True correct=True parse_fail=0
[1061/1200] combined_labeled_text_plus_image pair=161/300 valid=False correct=False parse_fail=0
[1062/1200] combined_labeled_text_plus_image pair=162/300 valid=False correct=False parse_fail=0
[1063/1200] combined_labeled_text_plus_image pair=163/300 valid=False correct=False parse_fail=0
[1064/1200] combined_labeled_text_plus_image pair=164/300 valid=False correct=False parse_fail=0
[1065/1200] combined_labeled_text_plus_image pair=165/300 valid=False correct=False parse_fail=0
[1066/1200] combined_labeled_text_plus_image pair=166/300 valid=False correct=False parse_fail=0
[1067/1200] combined_labeled_text_plus_image pair=167/300 valid=False correct=False parse_fail=0
[1068/1200] combined_labeled_text_plus_image pair=168/300 valid=False correct=False parse_fail=0
[1069/1200] combined_labeled_text_plus_image pair=169/300 valid=False correct=False parse_fail=0
[1070/1200] combined_labeled_text_plus_image pair=170/300 valid=False correct=False parse_fail=0
[1071/1200] combined_labeled_text_plus_image pair=171/300 valid=False correct=False parse_fail=0
[1072/1200] combined_labeled_text_plus_image pair=172/300 valid=False correct=False parse_fail=0
[1073/1200] combined_labeled_text_plus_image pair=173/300 valid=True correct=False parse_fail=0
[1074/1200] combined_labeled_text_plus_image pair=174/300 valid=True correct=False parse_fail=0
[1075/1200] combined_labeled_text_plus_image pair=175/300 valid=False correct=False parse_fail=0
[1076/1200] combined_labeled_text_plus_image pair=176/300 valid=True correct=False parse_fail=0
[1077/1200] combined_labeled_text_plus_image pair=177/300 valid=True correct=False parse_fail=0
[1078/1200] combined_labeled_text_plus_image pair=178/300 valid=False correct=False parse_fail=0
[1079/1200] combined_labeled_text_plus_image pair=179/300 valid=True correct=True parse_fail=0
[1080/1200] combined_labeled_text_plus_image pair=180/300 valid=False correct=False parse_fail=0
[1081/1200] combined_labeled_text_plus_image pair=181/300 valid=True correct=True parse_fail=0
[1082/1200] combined_labeled_text_plus_image pair=182/300 valid=False correct=False parse_fail=0
[1083/1200] combined_labeled_text_plus_image pair=183/300 valid=True correct=True parse_fail=0
[1084/1200] combined_labeled_text_plus_image pair=184/300 valid=True correct=True parse_fail=0
[1085/1200] combined_labeled_text_plus_image pair=185/300 valid=False correct=False parse_fail=0
[1086/1200] combined_labeled_text_plus_image pair=186/300 valid=False correct=False parse_fail=0
[1087/1200] combined_labeled_text_plus_image pair=187/300 valid=True correct=True parse_fail=0
[1088/1200] combined_labeled_text_plus_image pair=188/300 valid=False correct=False parse_fail=0
[1089/1200] combined_labeled_text_plus_image pair=189/300 valid=False correct=False parse_fail=0
[1090/1200] combined_labeled_text_plus_image pair=190/300 valid=True correct=True parse_fail=0
[1091/1200] combined_labeled_text_plus_image pair=191/300 valid=False correct=False parse_fail=0
[1092/1200] combined_labeled_text_plus_image pair=192/300 valid=True correct=True parse_fail=0
[1093/1200] combined_labeled_text_plus_image pair=193/300 valid=True correct=False parse_fail=0
[1094/1200] combined_labeled_text_plus_image pair=194/300 valid=False correct=False parse_fail=0
[1095/1200] combined_labeled_text_plus_image pair=195/300 valid=True correct=False parse_fail=0
[1096/1200] combined_labeled_text_plus_image pair=196/300 valid=False correct=False parse_fail=0
[1097/1200] combined_labeled_text_plus_image pair=197/300 valid=False correct=False parse_fail=0
[1098/1200] combined_labeled_text_plus_image pair=198/300 valid=False correct=False parse_fail=0
[1099/1200] combined_labeled_text_plus_image pair=199/300 valid=False correct=False parse_fail=0
[1100/1200] combined_labeled_text_plus_image pair=200/300 valid=True correct=True parse_fail=0
[1101/1200] combined_labeled_text_plus_image pair=201/300 valid=True correct=True parse_fail=0
[1102/1200] combined_labeled_text_plus_image pair=202/300 valid=False correct=False parse_fail=0
[1103/1200] combined_labeled_text_plus_image pair=203/300 valid=False correct=False parse_fail=0
[1104/1200] combined_labeled_text_plus_image pair=204/300 valid=True correct=False parse_fail=0
[1105/1200] combined_labeled_text_plus_image pair=205/300 valid=False correct=False parse_fail=0
[1106/1200] combined_labeled_text_plus_image pair=206/300 valid=False correct=False parse_fail=0
[1107/1200] combined_labeled_text_plus_image pair=207/300 valid=True correct=False parse_fail=0
[1108/1200] combined_labeled_text_plus_image pair=208/300 valid=False correct=False parse_fail=0
[1109/1200] combined_labeled_text_plus_image pair=209/300 valid=False correct=False parse_fail=0
[1110/1200] combined_labeled_text_plus_image pair=210/300 valid=False correct=False parse_fail=0
[1111/1200] combined_labeled_text_plus_image pair=211/300 valid=True correct=True parse_fail=0
[1112/1200] combined_labeled_text_plus_image pair=212/300 valid=True correct=True parse_fail=0
[1113/1200] combined_labeled_text_plus_image pair=213/300 valid=False correct=False parse_fail=0
[1114/1200] combined_labeled_text_plus_image pair=214/300 valid=False correct=False parse_fail=0
[1115/1200] combined_labeled_text_plus_image pair=215/300 valid=True correct=False parse_fail=0
[1116/1200] combined_labeled_text_plus_image pair=216/300 valid=True correct=False parse_fail=0
[1117/1200] combined_labeled_text_plus_image pair=217/300 valid=True correct=False parse_fail=0
[1118/1200] combined_labeled_text_plus_image pair=218/300 valid=True correct=False parse_fail=0
[1119/1200] combined_labeled_text_plus_image pair=219/300 valid=False correct=False parse_fail=0
[1120/1200] combined_labeled_text_plus_image pair=220/300 valid=True correct=False parse_fail=0
[1121/1200] combined_labeled_text_plus_image pair=221/300 valid=True correct=True parse_fail=0
[1122/1200] combined_labeled_text_plus_image pair=222/300 valid=False correct=False parse_fail=0
[1123/1200] combined_labeled_text_plus_image pair=223/300 valid=True correct=True parse_fail=0
[1124/1200] combined_labeled_text_plus_image pair=224/300 valid=True correct=True parse_fail=0
[1125/1200] combined_labeled_text_plus_image pair=225/300 valid=False correct=False parse_fail=0
[1126/1200] combined_labeled_text_plus_image pair=226/300 valid=True correct=True parse_fail=0
[1127/1200] combined_labeled_text_plus_image pair=227/300 valid=True correct=True parse_fail=0
[1128/1200] combined_labeled_text_plus_image pair=228/300 valid=True correct=True parse_fail=0
[1129/1200] combined_labeled_text_plus_image pair=229/300 valid=True correct=True parse_fail=0
[1130/1200] combined_labeled_text_plus_image pair=230/300 valid=True correct=False parse_fail=0
[1131/1200] combined_labeled_text_plus_image pair=231/300 valid=True correct=True parse_fail=0
[1132/1200] combined_labeled_text_plus_image pair=232/300 valid=False correct=False parse_fail=0
[1133/1200] combined_labeled_text_plus_image pair=233/300 valid=False correct=False parse_fail=0
[1134/1200] combined_labeled_text_plus_image pair=234/300 valid=False correct=False parse_fail=0
[1135/1200] combined_labeled_text_plus_image pair=235/300 valid=True correct=True parse_fail=0
[1136/1200] combined_labeled_text_plus_image pair=236/300 valid=True correct=True parse_fail=0
[1137/1200] combined_labeled_text_plus_image pair=237/300 valid=False correct=False parse_fail=0
[1138/1200] combined_labeled_text_plus_image pair=238/300 valid=True correct=True parse_fail=0
[1139/1200] combined_labeled_text_plus_image pair=239/300 valid=True correct=True parse_fail=0
[1140/1200] combined_labeled_text_plus_image pair=240/300 valid=False correct=False parse_fail=0
[1141/1200] combined_labeled_text_plus_image pair=241/300 valid=True correct=True parse_fail=0
[1142/1200] combined_labeled_text_plus_image pair=242/300 valid=False correct=False parse_fail=0
[1143/1200] combined_labeled_text_plus_image pair=243/300 valid=False correct=False parse_fail=0
[1144/1200] combined_labeled_text_plus_image pair=244/300 valid=True correct=True parse_fail=0
[1145/1200] combined_labeled_text_plus_image pair=245/300 valid=True correct=True parse_fail=0
[1146/1200] combined_labeled_text_plus_image pair=246/300 valid=False correct=False parse_fail=0
[1147/1200] combined_labeled_text_plus_image pair=247/300 valid=False correct=False parse_fail=0
[1148/1200] combined_labeled_text_plus_image pair=248/300 valid=True correct=True parse_fail=0
[1149/1200] combined_labeled_text_plus_image pair=249/300 valid=False correct=False parse_fail=0
[1150/1200] combined_labeled_text_plus_image pair=250/300 valid=True correct=False parse_fail=0
[1151/1200] combined_labeled_text_plus_image pair=251/300 valid=True correct=True parse_fail=0
[1152/1200] combined_labeled_text_plus_image pair=252/300 valid=True correct=False parse_fail=0
[1153/1200] combined_labeled_text_plus_image pair=253/300 valid=True correct=False parse_fail=0
[1154/1200] combined_labeled_text_plus_image pair=254/300 valid=False correct=False parse_fail=0
[1155/1200] combined_labeled_text_plus_image pair=255/300 valid=True correct=True parse_fail=0
[1156/1200] combined_labeled_text_plus_image pair=256/300 valid=False correct=False parse_fail=0
[1157/1200] combined_labeled_text_plus_image pair=257/300 valid=True correct=True parse_fail=0
[1158/1200] combined_labeled_text_plus_image pair=258/300 valid=True correct=True parse_fail=0
[1159/1200] combined_labeled_text_plus_image pair=259/300 valid=True correct=False parse_fail=0
[1160/1200] combined_labeled_text_plus_image pair=260/300 valid=False correct=False parse_fail=0
[1161/1200] combined_labeled_text_plus_image pair=261/300 valid=True correct=False parse_fail=0
[1162/1200] combined_labeled_text_plus_image pair=262/300 valid=False correct=False parse_fail=0
[1163/1200] combined_labeled_text_plus_image pair=263/300 valid=False correct=False parse_fail=0
[1164/1200] combined_labeled_text_plus_image pair=264/300 valid=False correct=False parse_fail=0
[1165/1200] combined_labeled_text_plus_image pair=265/300 valid=True correct=True parse_fail=0
[1166/1200] combined_labeled_text_plus_image pair=266/300 valid=False correct=False parse_fail=0
[1167/1200] combined_labeled_text_plus_image pair=267/300 valid=True correct=False parse_fail=0
[1168/1200] combined_labeled_text_plus_image pair=268/300 valid=True correct=False parse_fail=0
[1169/1200] combined_labeled_text_plus_image pair=269/300 valid=False correct=False parse_fail=0
[1170/1200] combined_labeled_text_plus_image pair=270/300 valid=True correct=True parse_fail=0
[1171/1200] combined_labeled_text_plus_image pair=271/300 valid=False correct=False parse_fail=0
[1172/1200] combined_labeled_text_plus_image pair=272/300 valid=True correct=True parse_fail=0
[1173/1200] combined_labeled_text_plus_image pair=273/300 valid=True correct=False parse_fail=0
[1174/1200] combined_labeled_text_plus_image pair=274/300 valid=True correct=False parse_fail=0
[1175/1200] combined_labeled_text_plus_image pair=275/300 valid=False correct=False parse_fail=0
[1176/1200] combined_labeled_text_plus_image pair=276/300 valid=False correct=False parse_fail=0
[1177/1200] combined_labeled_text_plus_image pair=277/300 valid=False correct=False parse_fail=0
[1178/1200] combined_labeled_text_plus_image pair=278/300 valid=False correct=False parse_fail=0
[1179/1200] combined_labeled_text_plus_image pair=279/300 valid=True correct=True parse_fail=0
[1180/1200] combined_labeled_text_plus_image pair=280/300 valid=False correct=False parse_fail=0
[1181/1200] combined_labeled_text_plus_image pair=281/300 valid=True correct=True parse_fail=0
[1182/1200] combined_labeled_text_plus_image pair=282/300 valid=True correct=True parse_fail=0
[1183/1200] combined_labeled_text_plus_image pair=283/300 valid=False correct=False parse_fail=0
[1184/1200] combined_labeled_text_plus_image pair=284/300 valid=False correct=False parse_fail=0
[1185/1200] combined_labeled_text_plus_image pair=285/300 valid=False correct=False parse_fail=0
[1186/1200] combined_labeled_text_plus_image pair=286/300 valid=True correct=True parse_fail=0
[1187/1200] combined_labeled_text_plus_image pair=287/300 valid=True correct=True parse_fail=0
[1188/1200] combined_labeled_text_plus_image pair=288/300 valid=True correct=False parse_fail=0
[1189/1200] combined_labeled_text_plus_image pair=289/300 valid=False correct=False parse_fail=0
[1190/1200] combined_labeled_text_plus_image pair=290/300 valid=False correct=False parse_fail=0
[1191/1200] combined_labeled_text_plus_image pair=291/300 valid=True correct=True parse_fail=0
[1192/1200] combined_labeled_text_plus_image pair=292/300 valid=False correct=False parse_fail=0
[1193/1200] combined_labeled_text_plus_image pair=293/300 valid=False correct=False parse_fail=0
[1194/1200] combined_labeled_text_plus_image pair=294/300 valid=False correct=False parse_fail=0
[1195/1200] combined_labeled_text_plus_image pair=295/300 valid=True correct=True parse_fail=0
[1196/1200] combined_labeled_text_plus_image pair=296/300 valid=True correct=False parse_fail=0
[1197/1200] combined_labeled_text_plus_image pair=297/300 valid=False correct=False parse_fail=0
[1198/1200] combined_labeled_text_plus_image pair=298/300 valid=True correct=False parse_fail=0
[1199/1200] combined_labeled_text_plus_image pair=299/300 valid=False correct=False parse_fail=0
[1200/1200] combined_labeled_text_plus_image pair=300/300 valid=True correct=True parse_fail=0
{
  "summary": "/ANON/experiment_root/results/openai_vlm_pilot_20260707/gpt-5.4-mini__pilot_summary.csv",
  "usage": "/ANON/experiment_root/results/openai_vlm_pilot_20260707/gpt-5.4-mini__pilot_usage.json"
}
