experiment,model,language,difficulty_rank,condition,n_pairs,n_valid,n_correct,valid_rate,valid_accuracy,effective_accuracy,strict_swap_error,parse_failure_rate,effective_ci_low,effective_ci_high,valid_accuracy_ci_low,valid_accuracy_ci_high,spearman_valid_only,spearman_p,debiased_accuracy,debiased_tie_rate,median_abs_b,median_abs_c
grid,OpenGVLab/InternVL3-8B,cuda,far,friendly_light__fs20__wrap60__lnon,333,108,55,0.32432432432432434,0.5092592592592593,0.16516516516516516,0.6756756756756757,0.0,0.12914559325221484,0.20882188622391964,0.4162913692842406,0.6015910870167492,-0.035264786020076926,0.7171049268746088,0.5675675675675675,0.024024024024024024,1.125,0.625
grid,OpenGVLab/InternVL3-8B,cuda,far,friendly_light__fs20__wrap80__lnon,333,122,69,0.3663663663663664,0.5655737704918032,0.2072072072072072,0.6336336336336337,0.0,0.16713468688128458,0.25395795212251016,0.47694474085813976,0.6501993668941208,0.05006769129893074,0.58392101659501,0.5855855855855856,0.036036036036036036,0.875,0.6875
grid,OpenGVLab/InternVL3-8B,cuda,far,friendly_light__fs24__wrap60__lnon,333,126,65,0.3783783783783784,0.5158730158730159,0.19519519519519518,0.6216216216216216,0.0,0.15620202514494008,0.24114056827952313,0.4294429012176768,0.6013638999098725,0.006795219360422964,0.9398035066605864,0.5735735735735735,0.012012012012012012,1.0625,0.6875
grid,OpenGVLab/InternVL3-8B,cuda,far,friendly_light__fs24__wrap80__lnon,333,122,73,0.3663663663663664,0.5983606557377049,0.21921921921921922,0.6336336336336337,0.0,0.17812408316819128,0.266718601414935,0.5096537937857946,0.6810623678425964,0.09984879858451863,0.2738454810589555,0.6126126126126126,0.021021021021021023,0.875,0.625
grid,OpenGVLab/InternVL3-8B,cuda,far,mono_light__fs20__wrap60__lnon,333,123,69,0.36936936936936937,0.5609756097560976,0.2072072072072072,0.6306306306306306,0.0,0.16713468688128458,0.25395795212251016,0.47274498385659425,0.6455128802476364,0.058776055800676255,0.5184342440859097,0.5915915915915916,0.021021021021021023,1.0625,0.625
grid,OpenGVLab/InternVL3-8B,cuda,far,mono_light__fs20__wrap80__lnon,333,135,77,0.40540540540540543,0.5703703703703704,0.23123123123123124,0.5945945945945945,0.0,0.1891668737853518,0.27942585637710593,0.4860597370222354,0.6507869956567796,0.08077335231103039,0.35169979848941374,0.5885885885885885,0.024024024024024024,0.875,0.625
grid,OpenGVLab/InternVL3-8B,cuda,far,mono_light__fs24__wrap60__lnon,333,127,64,0.3813813813813814,0.5039370078740157,0.1921921921921922,0.6186186186186187,0.0,0.15347816460490504,0.23792691742472533,0.41815071422308026,0.5894921232155514,-0.02855098614764251,0.750001831918636,0.5645645645645646,0.042042042042042045,1.0625,0.6875
grid,OpenGVLab/InternVL3-8B,cuda,far,mono_light__fs24__wrap80__lnon,333,129,82,0.38738738738738737,0.6356589147286822,0.24624624624624625,0.6126126126126126,0.0,0.20304105981016726,0.29523922732645486,0.5498054406768758,0.7136665229007155,0.18199235989106538,0.038999893247199026,0.6006006006006006,0.03003003003003003,0.8125,0.625
grid,OpenGVLab/InternVL3-8B,cuda,far,monokai_dark__fs20__wrap60__lnon,333,122,61,0.3663663663663664,0.5,0.1831831831831832,0.6336336336336337,0.0,0.14532996581765908,0.22826258202747265,0.41264128779993825,0.5873587122000617,-0.05141585014851454,0.5738213746654814,0.6066066066066066,0.03303303303303303,1.125,0.6875
grid,OpenGVLab/InternVL3-8B,cuda,far,monokai_dark__fs20__wrap80__lnon,333,116,65,0.3483483483483483,0.5603448275862069,0.19519519519519518,0.6516516516516517,0.0,0.15620202514494008,0.24114056827952313,0.46952494938469,0.6472960584515604,0.10085427225930689,0.2813821922431172,0.5855855855855856,0.02702702702702703,0.9375,0.6875
grid,OpenGVLab/InternVL3-8B,cuda,far,monokai_dark__fs24__wrap60__lnon,333,128,65,0.3843843843843844,0.5078125,0.19519519519519518,0.6156156156156156,0.0,0.15620202514494008,0.24114056827952313,0.422247229254785,0.5929225058034415,-0.0465844984863962,0.6015611116755064,0.5675675675675675,0.036036036036036036,1.125,0.75
grid,OpenGVLab/InternVL3-8B,cuda,far,monokai_dark__fs24__wrap80__lnon,333,123,64,0.36936936936936937,0.5203252032520326,0.1921921921921922,0.6306306306306306,0.0,0.15347816460490504,0.23792691742472533,0.43276571879576353,0.6066535692389802,0.018540823099194588,0.838708593688508,0.5795795795795796,0.02702702702702703,0.9375,0.6875
grid,OpenGVLab/InternVL3-8B,cuda,middle,friendly_light__fs20__wrap60__lnon,333,81,35,0.24324324324324326,0.43209876543209874,0.10510510510510511,0.7567567567567568,0.0,0.076548792740807,0.14266845883866996,0.3297207714134108,0.5406256352502503,-0.16073495118895556,0.15172383519919241,0.5495495495495496,0.03003003003003003,1.0625,0.5
grid,OpenGVLab/InternVL3-8B,cuda,middle,friendly_light__fs20__wrap80__lnon,333,96,48,0.2882882882882883,0.5,0.14414414414414414,0.7117117117117118,0.0,0.11047465926536384,0.18593024044694048,0.401924024529863,0.598075975470137,0.01056192255869491,0.9186514953902781,0.5645645645645646,0.021021021021021023,0.875,0.5625
grid,OpenGVLab/InternVL3-8B,cuda,middle,friendly_light__fs24__wrap60__lnon,333,100,50,0.3003003003003003,0.5,0.15015015015015015,0.6996996996996997,0.0,0.11578410161851721,0.1924958208834529,0.4038315303659956,0.5961684696340044,0.03189695186620123,0.752731694852729,0.5405405405405406,0.05405405405405406,1.0,0.5625
grid,OpenGVLab/InternVL3-8B,cuda,middle,friendly_light__fs24__wrap80__lnon,333,110,61,0.3303303303303303,0.5545454545454546,0.1831831831831832,0.6696696696696697,0.0,0.14532996581765908,0.22826258202747265,0.4613868803652954,0.6440228721476322,0.03888855306241218,0.6866834316554908,0.5705705705705706,0.04804804804804805,0.875,0.5625
grid,OpenGVLab/InternVL3-8B,cuda,middle,mono_light__fs20__wrap60__lnon,333,89,43,0.2672672672672673,0.48314606741573035,0.12912912912912913,0.7327327327327327,0.0,0.09729812223668668,0.16941922050145328,0.38219270234386304,0.5854941474955613,-0.039933558502706655,0.710224194649193,0.5615615615615616,0.036036036036036036,1.0,0.5
grid,OpenGVLab/InternVL3-8B,cuda,middle,mono_light__fs20__wrap80__lnon,333,98,53,0.29429429429429427,0.5408163265306123,0.15915915915915915,0.7057057057057057,0.0,0.12378650893750426,0.20230594774896443,0.44248041592362974,0.6360730542705189,0.06816643505329817,0.5048159485834229,0.5585585585585585,0.03903903903903904,0.8125,0.5625
grid,OpenGVLab/InternVL3-8B,cuda,middle,mono_light__fs24__wrap60__lnon,333,88,46,0.26426426426426425,0.5227272727272727,0.13813813813813813,0.7357357357357357,0.0,0.10518681792493659,0.179343058997702,0.41961959494387296,0.6239337202077226,0.040804356449478114,0.7058295611374293,0.5645645645645646,0.03003003003003003,0.9375,0.5
grid,OpenGVLab/InternVL3-8B,cuda,middle,mono_light__fs24__wrap80__lnon,333,112,65,0.33633633633633636,0.5803571428571429,0.19519519519519518,0.6636636636636637,0.0,0.15620202514494008,0.24114056827952313,0.4877851847005556,0.6675995988065428,0.07407505907049138,0.4376253472993527,0.5555555555555556,0.02702702702702703,0.8125,0.5
grid,OpenGVLab/InternVL3-8B,cuda,middle,monokai_dark__fs20__wrap60__lnon,333,101,53,0.3033033033033033,0.5247524752475248,0.15915915915915915,0.6966966966966968,0.0,0.12378650893750426,0.20230594774896443,0.42824984362727647,0.6194412134816415,0.05357203944770705,0.594675342551036,0.5495495495495496,0.024024024024024024,1.0625,0.5625
grid,OpenGVLab/InternVL3-8B,cuda,middle,monokai_dark__fs20__wrap80__lnon,333,106,52,0.3183183183183183,0.49056603773584906,0.15615615615615616,0.6816816816816818,0.0,0.12111410037954551,0.19904084491209034,0.39740700785165506,0.5843849309893538,-0.06462267142032105,0.510454115436529,0.5555555555555556,0.04504504504504504,0.875,0.5625
grid,OpenGVLab/InternVL3-8B,cuda,middle,monokai_dark__fs24__wrap60__lnon,333,95,49,0.2852852852852853,0.5157894736842106,0.14714714714714713,0.7147147147147147,0.0,0.11312674804150047,0.18921566306563675,0.41665221352231663,0.6136994226817002,-0.0015361871200690728,0.9882119308256087,0.5375375375375375,0.04504504504504504,1.0625,0.5625
grid,OpenGVLab/InternVL3-8B,cuda,middle,monokai_dark__fs24__wrap80__lnon,333,108,59,0.32432432432432434,0.5462962962962963,0.17717717717717718,0.6756756756756757,0.0,0.13991804336642083,0.22179948168904517,0.45242531815601683,0.6369869633489315,0.07590894617880967,0.43491014170635905,0.5795795795795796,0.021021021021021023,0.9375,0.5625
grid,OpenGVLab/InternVL3-8B,cuda,near,friendly_light__fs20__wrap60__lnon,334,67,35,0.20059880239520958,0.5223880597014925,0.10479041916167664,0.7994011976047904,0.0,0.07631658816602177,0.14225178730350496,0.4048519492604335,0.6374961340504036,0.1007006549399148,0.4174676131545333,0.5299401197604791,0.05688622754491018,1.0625,0.5
grid,OpenGVLab/InternVL3-8B,cuda,near,friendly_light__fs20__wrap80__lnon,334,93,49,0.27844311377245506,0.5268817204301075,0.1467065868263473,0.721556886227545,0.0,0.11278232048242715,0.18866516667972555,0.4263701891771973,0.6252605902522792,0.1603933999692604,0.1245825641316542,0.5089820359281437,0.029940119760479042,0.875,0.4375
grid,OpenGVLab/InternVL3-8B,cuda,near,friendly_light__fs24__wrap60__lnon,334,82,41,0.24550898203592814,0.5,0.12275449101796407,0.7544910179640718,0.0,0.09178989248291751,0.16229810228344893,0.3942282839199199,0.6057717160800802,0.05019844076652369,0.654246811363368,0.5179640718562875,0.038922155688622756,1.03125,0.5
grid,OpenGVLab/InternVL3-8B,cuda,near,friendly_light__fs24__wrap80__lnon,334,90,53,0.2694610778443114,0.5888888888888889,0.15868263473053892,0.7305389221556886,0.0,0.12340924851085855,0.2017179848491873,0.48563237347145555,0.684867959761553,0.17439863461650718,0.10017861417750062,0.5,0.04790419161676647,0.875,0.46875
grid,OpenGVLab/InternVL3-8B,cuda,near,mono_light__fs20__wrap60__lnon,334,78,38,0.23353293413173654,0.48717948717948717,0.11377245508982035,0.7664670658682635,0.0,0.08402080359460376,0.15230738152334283,0.37948952024893845,0.5960729876923999,-0.0017288596843840088,0.9880143377295083,0.5179640718562875,0.023952095808383235,1.0,0.5
grid,OpenGVLab/InternVL3-8B,cuda,near,mono_light__fs20__wrap80__lnon,334,92,50,0.2754491017964072,0.5434782608695652,0.1497005988023952,0.7245508982035929,0.0,0.11543149451391034,0.19193592919771568,0.44199785570563255,0.6414733278347482,0.15554512816510774,0.138722482549429,0.49101796407185627,0.04491017964071856,0.8125,0.5
grid,OpenGVLab/InternVL3-8B,cuda,near,mono_light__fs24__wrap60__lnon,334,83,38,0.24850299401197604,0.4578313253012048,0.11377245508982035,0.7514970059880239,0.0,0.08402080359460376,0.15230738152334283,0.35489376982070636,0.5644995695466891,-0.06851432098215215,0.5382557961407046,0.5179640718562875,0.023952095808383235,1.0,0.5
grid,OpenGVLab/InternVL3-8B,cuda,near,mono_light__fs24__wrap80__lnon,334,105,59,0.3143712574850299,0.5619047619047619,0.17664670658682635,0.6856287425149701,0.0,0.13949098958827313,0.22115586306861243,0.4664834225577479,0.6529563583938862,0.10261014485614463,0.29759385227781604,0.49101796407185627,0.038922155688622756,0.78125,0.5
grid,OpenGVLab/InternVL3-8B,cuda,near,monokai_dark__fs20__wrap60__lnon,334,82,40,0.24550898203592814,0.4878048780487805,0.11976047904191617,0.7544910179640718,0.0,0.08919337794610163,0.15897468027079156,0.38260895860619915,0.5940922761179496,0.03633682234004866,0.7458626890037057,0.5329341317365269,0.03293413173652695,1.125,0.53125
grid,OpenGVLab/InternVL3-8B,cuda,near,monokai_dark__fs20__wrap80__lnon,334,84,46,0.25149700598802394,0.5476190476190477,0.1377245508982036,0.7485029940119761,0.0,0.10486680895488887,0.178820868558844,0.44143037013820663,0.6496427985842067,0.06970525866155973,0.5286594326280251,0.5059880239520959,0.03293413173652695,0.875,0.5
grid,OpenGVLab/InternVL3-8B,cuda,near,monokai_dark__fs24__wrap60__lnon,334,74,34,0.2215568862275449,0.4594594594594595,0.10179640718562874,0.7784431137724551,0.0,0.07376413610281823,0.1388843028172352,0.3507337092637971,0.5721865431196937,-0.027394282149035925,0.816781880333298,0.5299401197604791,0.023952095808383235,1.0625,0.5
grid,OpenGVLab/InternVL3-8B,cuda,near,monokai_dark__fs24__wrap80__lnon,334,81,44,0.24251497005988024,0.5432098765432098,0.1317365269461078,0.7574850299401198,0.0,0.09961789975093435,0.172229904663852,0.43524015896677065,0.6472666731563539,0.13003087500776325,0.24726892560514957,0.5119760479041916,0.02694610778443114,0.9375,0.5
grid,OpenGVLab/InternVL3-8B,java,far,friendly_light__fs20__wrap60__lnon,333,155,99,0.46546546546546547,0.6387096774193548,0.2972972972972973,0.5345345345345345,0.0,0.25074340262976375,0.34847457821901734,0.5605754288848729,0.7101347516892046,0.20985591943235923,0.008772717843733823,0.5615615615615616,0.06006006006006006,0.625,0.5625
grid,OpenGVLab/InternVL3-8B,java,far,friendly_light__fs20__wrap80__lnon,333,220,107,0.6606606606606606,0.4863636363636364,0.3213213213213213,0.33933933933933935,0.0,0.27344767152394683,0.3732704004834971,0.42112061813657886,0.5520746959414703,-0.07943264729841715,0.24066762516575782,0.4744744744744745,0.015015015015015015,0.4375,0.6875
grid,OpenGVLab/InternVL3-8B,java,far,friendly_light__fs24__wrap60__lnon,333,170,104,0.5105105105105106,0.611764705882353,0.3123123123123123,0.48948948948948945,0.0,0.2649155869685906,0.36398995085435487,0.5368074497691455,0.6817825244394493,0.17861015853236487,0.01978603380299925,0.5555555555555556,0.03003003003003003,0.5625,0.5625
grid,OpenGVLab/InternVL3-8B,java,far,friendly_light__fs24__wrap80__lnon,333,231,111,0.6936936936936937,0.4805194805194805,0.3333333333333333,0.3063063063063063,0.0,0.28485635171297025,0.38561176587380525,0.4169373447273095,0.5447389280858665,-0.08071174161286773,0.22168782363993964,0.4774774774774775,0.018018018018018018,0.4375,0.6875
grid,OpenGVLab/InternVL3-8B,java,far,mono_light__fs20__wrap60__lnon,333,167,104,0.5015015015015015,0.6227544910179641,0.3123123123123123,0.4984984984984985,0.0,0.2649155869685906,0.36398995085435487,0.5472607265978022,0.6927278586262995,0.22511279446117258,0.003445828854073195,0.5855855855855856,0.03003003003003003,0.5,0.5625
grid,OpenGVLab/InternVL3-8B,java,far,mono_light__fs20__wrap80__lnon,333,220,113,0.6606606606606606,0.5136363636363637,0.33933933933933935,0.33933933933933935,0.0,0.2905743583944759,0.3917687819819654,0.4479253040585297,0.5788793818634211,-0.0036755710150693124,0.9567701325870325,0.4864864864864865,0.03903903903903904,0.375,0.75
grid,OpenGVLab/InternVL3-8B,java,far,mono_light__fs24__wrap60__lnon,333,165,108,0.4954954954954955,0.6545454545454545,0.32432432432432434,0.5045045045045045,0.0,0.27629638569955234,0.3763591977027246,0.5792175682165766,0.7228409448774193,0.2812055284587787,0.00025339731615482095,0.5675675675675675,0.05105105105105105,0.5,0.5625
grid,OpenGVLab/InternVL3-8B,java,far,mono_light__fs24__wrap80__lnon,333,228,118,0.6846846846846847,0.5175438596491229,0.35435435435435436,0.3153153153153153,0.0,0.3049082992405378,0.40712239811006784,0.4529311791600357,0.5815751599593503,0.0024244627824418913,0.9709574935774835,0.4984984984984985,0.024024024024024024,0.375,0.6875
grid,OpenGVLab/InternVL3-8B,java,far,monokai_dark__fs20__wrap60__lnon,333,162,104,0.4864864864864865,0.6419753086419753,0.3123123123123123,0.5135135135135135,0.0,0.2649155869685906,0.36398995085435487,0.5656471611879976,0.71172618277019,0.24478996130867692,0.0016926761800354166,0.5555555555555556,0.04804804804804805,0.625,0.625
grid,OpenGVLab/InternVL3-8B,java,far,monokai_dark__fs20__wrap80__lnon,333,212,97,0.6366366366366366,0.45754716981132076,0.2912912912912913,0.3633633633633634,0.0,0.24509177571209065,0.34225118234702456,0.39183548820775427,0.5247699679527643,-0.08827400348627011,0.20047815508570196,0.47147147147147145,0.03303303303303303,0.5,0.75
grid,OpenGVLab/InternVL3-8B,java,far,monokai_dark__fs24__wrap60__lnon,333,177,108,0.5315315315315315,0.6101694915254238,0.32432432432432434,0.46846846846846846,0.0,0.27629638569955234,0.3763591977027246,0.5367083162007227,0.6789501962572466,0.1928818857822318,0.010107067391851911,0.5495495495495496,0.03903903903903904,0.625,0.625
grid,OpenGVLab/InternVL3-8B,java,far,monokai_dark__fs24__wrap80__lnon,333,219,107,0.6576576576576577,0.4885844748858447,0.3213213213213213,0.3423423423423423,0.0,0.27344767152394683,0.3732704004834971,0.4231502903589743,0.5544122331208995,-0.039804733423302735,0.5579309698270893,0.4804804804804805,0.021021021021021023,0.5,0.8125
grid,OpenGVLab/InternVL3-8B,java,middle,friendly_light__fs20__wrap60__lnon,333,162,84,0.4864864864864865,0.5185185185185185,0.25225225225225223,0.5135135135135135,0.0,0.20861171117141072,0.301543598754877,0.4420428654937459,0.5941362663268872,0.10316026611619784,0.19143813848507116,0.5135135135135135,0.02702702702702703,0.5625,0.625
grid,OpenGVLab/InternVL3-8B,java,middle,friendly_light__fs20__wrap80__lnon,333,195,94,0.5855855855855856,0.48205128205128206,0.2822822822822823,0.4144144144144144,0.0,0.23663335811878725,0.33289706575582945,0.41294519274689817,0.5518508812634405,-0.002266156968381493,0.9749172496320695,0.4954954954954955,0.036036036036036036,0.4375,0.625
grid,OpenGVLab/InternVL3-8B,java,middle,friendly_light__fs24__wrap60__lnon,333,166,86,0.4984984984984985,0.5180722891566265,0.25825825825825827,0.5015015015015015,0.0,0.21419392153787406,0.3078364111780796,0.44251529566074355,0.5928117678351862,0.06419805757674664,0.4112293829736493,0.4924924924924925,0.03903903903903904,0.5625,0.5625
grid,OpenGVLab/InternVL3-8B,java,middle,friendly_light__fs24__wrap80__lnon,333,206,105,0.6186186186186187,0.5097087378640777,0.3153153153153153,0.38138138138138133,0.0,0.26775725467157613,0.3670857945462021,0.44189280246597484,0.5771692075985756,0.04580136130678327,0.5132946103096999,0.4954954954954955,0.018018018018018018,0.4375,0.6875
grid,OpenGVLab/InternVL3-8B,java,middle,mono_light__fs20__wrap60__lnon,333,161,86,0.48348348348348347,0.5341614906832298,0.25825825825825827,0.5165165165165165,0.0,0.21419392153787406,0.3078364111780796,0.45721141728799536,0.609519368029582,0.07302295060989202,0.35727627556829167,0.5165165165165165,0.03303303303303303,0.5625,0.5625
grid,OpenGVLab/InternVL3-8B,java,middle,mono_light__fs20__wrap80__lnon,333,223,113,0.6696696696696697,0.5067264573991032,0.33933933933933935,0.3303303303303303,0.0,0.2905743583944759,0.3917687819819654,0.44155192117452297,0.5716731745182859,-0.009046893286289392,0.8931317998124833,0.4984984984984985,0.021021021021021023,0.4375,0.625
grid,OpenGVLab/InternVL3-8B,java,middle,mono_light__fs24__wrap60__lnon,333,171,92,0.5135135135135135,0.5380116959064327,0.27627627627627627,0.4864864864864865,0.0,0.23100737203843238,0.32664802904651846,0.4632730448462221,0.6110800295772298,0.09962335497031531,0.19483191410318995,0.5165165165165165,0.03003003003003003,0.5625,0.5625
grid,OpenGVLab/InternVL3-8B,java,middle,mono_light__fs24__wrap80__lnon,333,218,109,0.6546546546546547,0.5,0.32732732732732733,0.34534534534534533,0.0,0.27914741455469627,0.37944568024241354,0.4342044170527869,0.5657955829472131,0.03934608469710875,0.5633843643327671,0.5045045045045045,0.018018018018018018,0.375,0.625
grid,OpenGVLab/InternVL3-8B,java,middle,monokai_dark__fs20__wrap60__lnon,333,165,84,0.4954954954954955,0.509090909090909,0.25225225225225223,0.5045045045045045,0.0,0.20861171117141072,0.301543598754877,0.4334776430783636,0.584290504750695,0.016650104000199378,0.8319016758568288,0.5255255255255256,0.015015015015015015,0.625,0.625
grid,OpenGVLab/InternVL3-8B,java,middle,monokai_dark__fs20__wrap80__lnon,333,202,93,0.6066066066066066,0.4603960396039604,0.27927927927927926,0.3933933933933934,0.0,0.23381905263147826,0.3297738598483055,0.39304086205983224,0.5292294128805655,-0.0317698415029085,0.6535431264847343,0.5135135135135135,0.009009009009009009,0.5,0.6875
grid,OpenGVLab/InternVL3-8B,java,middle,monokai_dark__fs24__wrap60__lnon,333,175,90,0.5255255255255256,0.5142857142857142,0.2702702702702703,0.47447447447447444,0.0,0.2253919901355427,0.3203883881597424,0.44072838264763026,0.5872293405389881,0.053643227366801036,0.4807756848958265,0.5195195195195195,0.021021021021021023,0.625,0.6875
grid,OpenGVLab/InternVL3-8B,java,middle,monokai_dark__fs24__wrap80__lnon,333,215,105,0.6456456456456456,0.4883720930232558,0.3153153153153153,0.35435435435435436,0.0,0.26775725467157613,0.3670857945462021,0.42234877742992,0.5548036322325619,0.032204789703384834,0.638652300742241,0.4984984984984985,0.024024024024024024,0.5,0.75
grid,OpenGVLab/InternVL3-8B,java,near,friendly_light__fs20__wrap60__lnon,334,180,92,0.5389221556886228,0.5111111111111111,0.2754491017964072,0.4610778443113772,0.0,0.2302967454726118,0.32570801331689214,0.4386200384689786,0.5831378393549854,0.05222335051667496,0.4862761442270702,0.4940119760479042,0.029940119760479042,0.5625,0.6875
grid,OpenGVLab/InternVL3-8B,java,near,friendly_light__fs20__wrap80__lnon,334,219,104,0.655688622754491,0.4748858447488584,0.31137724550898205,0.344311377245509,0.0,0.2640983224554234,0.36294567492775986,0.4097524213798223,0.5408851302758999,-0.06340394868807311,0.35037452226020943,0.4550898203592814,0.023952095808383235,0.46875,0.78125
grid,OpenGVLab/InternVL3-8B,java,near,friendly_light__fs24__wrap60__lnon,334,196,97,0.5868263473053892,0.49489795918367346,0.2904191616766467,0.4131736526946108,0.0,0.2443369289825157,0.3412675125543546,0.4256769001828971,0.5643151664693262,-0.010425922866638682,0.8846846339362415,0.47305389221556887,0.02694610778443114,0.5625,0.6875
grid,OpenGVLab/InternVL3-8B,java,near,friendly_light__fs24__wrap80__lnon,334,220,108,0.6586826347305389,0.4909090909090909,0.32335329341317365,0.3413173652694611,0.0,0.2754431910056304,0.375280552575446,0.42557476126740384,0.5565554481179622,-0.045641086571522514,0.5006538721454539,0.4491017964071856,0.020958083832335328,0.5,0.8125
grid,OpenGVLab/InternVL3-8B,java,near,mono_light__fs20__wrap60__lnon,334,167,85,0.5,0.5089820359281437,0.25449101796407186,0.5,0.0,0.2107521472209701,0.3038130557222209,0.433816036101515,0.5837441042807364,0.023967612106317995,0.7585026853107824,0.47005988023952094,0.029940119760479042,0.5625,0.625
grid,OpenGVLab/InternVL3-8B,java,near,mono_light__fs20__wrap80__lnon,334,235,115,0.7035928143712575,0.48936170212765956,0.344311377245509,0.29640718562874246,0.0,0.2953847894398074,0.396778509987582,0.42613612827885605,0.5529294827558108,-0.03444442745370284,0.5993305405132451,0.47005988023952094,0.02694610778443114,0.375,0.8125
grid,OpenGVLab/InternVL3-8B,java,near,mono_light__fs24__wrap60__lnon,334,177,95,0.5299401197604791,0.536723163841808,0.2844311377245509,0.47005988023952094,0.0,0.2387131414244622,0.3350514270134616,0.46326230723409023,0.608623863585233,0.10120007783913097,0.180153151071166,0.47305389221556887,0.014970059880239521,0.53125,0.625
grid,OpenGVLab/InternVL3-8B,java,near,mono_light__fs24__wrap80__lnon,334,227,115,0.6796407185628742,0.5066079295154186,0.344311377245509,0.3203592814371258,0.0,0.2953847894398074,0.396778509987582,0.4420032863305029,0.5709926460957008,-0.004407700814446684,0.9473440588794746,0.46407185628742514,0.023952095808383235,0.375,0.78125
grid,OpenGVLab/InternVL3-8B,java,near,monokai_dark__fs20__wrap60__lnon,334,185,90,0.5538922155688623,0.4864864864864865,0.2694610778443114,0.44610778443113774,0.0,0.22469896521795457,0.31946592047260275,0.4154737846529498,0.558048978668067,-0.06802173332104479,0.35757753829845795,0.4880239520958084,0.020958083832335328,0.625,0.75
grid,OpenGVLab/InternVL3-8B,java,near,monokai_dark__fs20__wrap80__lnon,334,219,103,0.655688622754491,0.4703196347031963,0.3083832335329341,0.344311377245509,0.0,0.2612679922208782,0.35985606861283176,0.4052972584345087,0.5363653026131631,-0.09652443589060015,0.1545672904903412,0.437125748502994,0.02694610778443114,0.5625,0.875
grid,OpenGVLab/InternVL3-8B,java,near,monokai_dark__fs24__wrap60__lnon,334,187,95,0.5598802395209581,0.5080213903743316,0.2844311377245509,0.4401197604790419,0.0,0.2387131414244622,0.3350514270134616,0.4369304169238041,0.5787894377583941,0.0037445622168901893,0.9594347278289795,0.48502994011976047,0.029940119760479042,0.625,0.75
grid,OpenGVLab/InternVL3-8B,java,near,monokai_dark__fs24__wrap80__lnon,334,234,112,0.7005988023952096,0.47863247863247865,0.33532934131736525,0.29940119760479045,0.0,0.2868249146489196,0.38757857513004984,0.4154907401991893,0.5424644453702918,-0.0790324016867653,0.22844506421417649,0.4550898203592814,0.014970059880239521,0.5625,0.875
grid,OpenGVLab/InternVL3-8B,python,far,friendly_light__fs20__wrap60__lnon,333,120,58,0.36036036036036034,0.48333333333333334,0.17417417417417416,0.6396396396396397,0.0,0.13721837840715306,0.21856163525348,0.3958364430105443,0.5718641958700792,0.010357506500091021,0.9106043988695449,0.5375375375375375,0.024024024024024024,1.0,0.75
grid,OpenGVLab/InternVL3-8B,python,far,friendly_light__fs20__wrap80__lnon,333,152,83,0.45645645645645644,0.5460526315789473,0.24924924924924924,0.5435435435435436,0.0,0.2058249236393618,0.29839287489209315,0.4667416349966832,0.6230932530102874,0.12504861807524636,0.1247818911477667,0.5315315315315315,0.042042042042042045,0.75,0.6875
grid,OpenGVLab/InternVL3-8B,python,far,friendly_light__fs24__wrap60__lnon,333,136,70,0.4084084084084084,0.5147058823529411,0.21021021021021022,0.5915915915915916,0.0,0.16987685580161357,0.2571532945970141,0.43146624550741874,0.5971375750886523,0.03258920717224299,0.7064379705514192,0.5495495495495496,0.012012012012012012,1.0,0.75
grid,OpenGVLab/InternVL3-8B,python,far,friendly_light__fs24__wrap80__lnon,333,136,72,0.4084084084084084,0.5294117647058824,0.21621621621621623,0.5915915915915916,0.0,0.17537160598198392,0.26353356720630944,0.44587284305424035,0.6113347981379019,0.05118117521723844,0.5540188838388543,0.5225225225225225,0.021021021021021023,0.8125,0.6875
grid,OpenGVLab/InternVL3-8B,python,far,mono_light__fs20__wrap60__lnon,333,120,57,0.36036036036036034,0.475,0.17117117117117117,0.6396396396396397,0.0,0.13452302236020316,0.21531947990559705,0.3878209113791835,0.5637300469417518,-0.05054799277099636,0.5834993815181614,0.5435435435435435,0.024024024024024024,0.9375,0.75
grid,OpenGVLab/InternVL3-8B,python,far,mono_light__fs20__wrap80__lnon,333,147,75,0.44144144144144143,0.5102040816326531,0.22522522522522523,0.5585585585585586,0.0,0.18363899497946107,0.2730787123933309,0.4301687076795727,0.5897197236804429,0.061996732336202266,0.45568461933475096,0.5315315315315315,0.02702702702702703,0.6875,0.625
grid,OpenGVLab/InternVL3-8B,python,far,mono_light__fs24__wrap60__lnon,333,143,72,0.4294294294294294,0.5034965034965035,0.21621621621621623,0.5705705705705706,0.0,0.17537160598198392,0.26353356720630944,0.42253578414981274,0.5842742816724091,0.03322392022026514,0.6936385274276952,0.5285285285285285,0.018018018018018018,0.9375,0.75
grid,OpenGVLab/InternVL3-8B,python,far,mono_light__fs24__wrap80__lnon,333,137,79,0.4114114114114114,0.5766423357664233,0.23723723723723725,0.5885885885885886,0.0,0.19470736956621398,0.28576038338590953,0.4929252056124144,0.6561786177634509,0.15154532932646636,0.07710024916161268,0.5555555555555556,0.018018018018018018,0.75,0.625
grid,OpenGVLab/InternVL3-8B,python,far,monokai_dark__fs20__wrap60__lnon,333,135,55,0.40540540540540543,0.4074074074074074,0.16516516516516516,0.5945945945945945,0.0,0.12914559325221484,0.20882188622391964,0.3281991932223573,0.49173931641051766,-0.1927457768738852,0.025108874427002978,0.5255255255255256,0.015015015015015015,1.0,0.8125
grid,OpenGVLab/InternVL3-8B,python,far,monokai_dark__fs20__wrap80__lnon,333,166,74,0.4984984984984985,0.4457831325301205,0.2222222222222222,0.5015015015015015,0.0,0.18087989538115862,0.2699003005968005,0.3722464688098768,0.5217723407023338,-0.08183956567022654,0.2945368438199865,0.5105105105105106,0.02702702702702703,0.75,0.6875
grid,OpenGVLab/InternVL3-8B,python,far,monokai_dark__fs24__wrap60__lnon,333,128,46,0.3843843843843844,0.359375,0.13813813813813813,0.6156156156156156,0.0,0.10518681792493659,0.179343058997702,0.2814673057552586,0.4454774631966657,-0.2982445978599694,0.0006277956882709601,0.5135135135135135,0.018018018018018018,1.0625,0.875
grid,OpenGVLab/InternVL3-8B,python,far,monokai_dark__fs24__wrap80__lnon,333,163,84,0.4894894894894895,0.5153374233128835,0.25225225225225223,0.5105105105105106,0.0,0.20861171117141072,0.301543598754877,0.4391498607613197,0.5908187096128673,0.030295253630912653,0.7010559788046303,0.5315315315315315,0.024024024024024024,0.875,0.75
grid,OpenGVLab/InternVL3-8B,python,middle,friendly_light__fs20__wrap60__lnon,333,134,70,0.4024024024024024,0.5223880597014925,0.21021021021021022,0.5975975975975976,0.0,0.16987685580161357,0.2571532945970141,0.43837594818912184,0.6051523200933899,0.052283230100320745,0.5485311654306325,0.5255255255255256,0.009009009009009009,1.0625,0.75
grid,OpenGVLab/InternVL3-8B,python,middle,friendly_light__fs20__wrap80__lnon,333,138,69,0.4144144144144144,0.5,0.2072072072072072,0.5855855855855856,0.0,0.16713468688128458,0.25395795212251016,0.4177157906011534,0.5822842093988466,0.025676025990915154,0.7649928932827605,0.5255255255255256,0.036036036036036036,0.875,0.6875
grid,OpenGVLab/InternVL3-8B,python,middle,friendly_light__fs24__wrap60__lnon,333,124,61,0.37237237237237236,0.49193548387096775,0.1831831831831832,0.6276276276276276,0.0,0.14532996581765908,0.22826258202747265,0.40551606493135967,0.5788395578967157,0.03155843721336013,0.7278796133192759,0.5165165165165165,0.024024024024024024,1.0625,0.8125
grid,OpenGVLab/InternVL3-8B,python,middle,friendly_light__fs24__wrap80__lnon,333,142,76,0.4264264264264264,0.5352112676056338,0.22822822822822822,0.5735735735735736,0.0,0.18640133593964597,0.27625388282797886,0.45333200298030085,0.6152356051666704,0.1424098591244893,0.0909059406411311,0.5225225225225225,0.03003003003003003,0.8125,0.75
grid,OpenGVLab/InternVL3-8B,python,middle,mono_light__fs20__wrap60__lnon,333,129,65,0.38738738738738737,0.5038759689922481,0.19519519519519518,0.6126126126126126,0.0,0.15620202514494008,0.24114056827952313,0.4187404583124836,0.5887873120754477,0.020416288590748993,0.8183626826527557,0.5195195195195195,0.009009009009009009,1.0,0.75
grid,OpenGVLab/InternVL3-8B,python,middle,mono_light__fs20__wrap80__lnon,333,149,78,0.44744744744744747,0.5234899328859061,0.23423423423423423,0.5525525525525525,0.0,0.19193556552049046,0.28259467603680016,0.44371694127548666,0.6020821505024323,0.12923109502609756,0.1162347870956383,0.4954954954954955,0.036036036036036036,0.75,0.6875
grid,OpenGVLab/InternVL3-8B,python,middle,mono_light__fs24__wrap60__lnon,333,137,66,0.4114114114114114,0.48175182481751827,0.1981981981981982,0.5885885885885886,0.0,0.15892967020649076,0.24435043461280534,0.3997272478544019,0.5647718418180112,-0.005906396615750647,0.9453878124634445,0.5435435435435435,0.009009009009009009,0.9375,0.75
grid,OpenGVLab/InternVL3-8B,python,middle,mono_light__fs24__wrap80__lnon,333,143,79,0.4294294294294294,0.5524475524475524,0.23723723723723725,0.5705705705705706,0.0,0.19470736956621398,0.28576038338590953,0.47063875904872415,0.6315122282846029,0.18571000992279854,0.026375904912553698,0.5255255255255256,0.04804804804804805,0.75,0.75
grid,OpenGVLab/InternVL3-8B,python,middle,monokai_dark__fs20__wrap60__lnon,333,133,63,0.3993993993993994,0.47368421052631576,0.1891891891891892,0.6006006006006006,0.0,0.15075815482555227,0.23470941580924526,0.3907618062476648,0.5580841059464441,0.01725776854103902,0.8437005406141541,0.5195195195195195,0.018018018018018018,1.0625,0.8125
grid,OpenGVLab/InternVL3-8B,python,middle,monokai_dark__fs20__wrap80__lnon,333,151,73,0.45345345345345345,0.48344370860927155,0.21921921921921922,0.5465465465465466,0.0,0.17812408316819128,0.266718601414935,0.4051422333793694,0.5625666732785694,0.024341014777115134,0.766721651689276,0.4984984984984985,0.04504504504504504,0.9375,0.75
grid,OpenGVLab/InternVL3-8B,python,middle,monokai_dark__fs24__wrap60__lnon,333,131,62,0.3933933933933934,0.4732824427480916,0.18618618618618618,0.6066066066066066,0.0,0.14804206467975872,0.23148799456020586,0.3897677343642162,0.5583194484561042,-0.03875917891063223,0.6602756664773125,0.5165165165165165,0.015015015015015015,1.0625,0.8125
grid,OpenGVLab/InternVL3-8B,python,middle,monokai_dark__fs24__wrap80__lnon,333,157,77,0.47147147147147145,0.49044585987261147,0.23123123123123124,0.5285285285285286,0.0,0.1891668737853518,0.27942585637710593,0.41341636186471165,0.5679317307104471,0.08131937804864427,0.3113160370538041,0.5195195195195195,0.021021021021021023,0.875,0.75
grid,OpenGVLab/InternVL3-8B,python,near,friendly_light__fs20__wrap60__lnon,334,109,47,0.3263473053892216,0.43119266055045874,0.1407185628742515,0.6736526946107784,0.0,0.10749984092271864,0.18210777314048754,0.3421290740356541,0.5249410599668218,-0.054165836730686596,0.5758893070376064,0.437125748502994,0.02694610778443114,1.125,0.625
grid,OpenGVLab/InternVL3-8B,python,near,friendly_light__fs20__wrap80__lnon,334,123,58,0.36826347305389223,0.4715447154471545,0.17365269461077845,0.6317365269461077,0.0,0.13679966663471335,0.21792724947269895,0.3855295798202351,0.559283416931124,-0.054126656067878094,0.5521105303862325,0.48502994011976047,0.04491017964071856,0.75,0.59375
grid,OpenGVLab/InternVL3-8B,python,near,friendly_light__fs24__wrap60__lnon,334,113,47,0.3383233532934132,0.415929203539823,0.1407185628742515,0.6616766467065869,0.0,0.10749984092271864,0.18210777314048754,0.3292804489669386,0.5081060387423808,-0.09385296543465807,0.3227793723297677,0.46107784431137727,0.029940119760479042,1.0625,0.5625
grid,OpenGVLab/InternVL3-8B,python,near,friendly_light__fs24__wrap80__lnon,334,125,57,0.37425149700598803,0.456,0.17065868263473055,0.625748502994012,0.0,0.13411263570666818,0.21469434385127087,0.37130114051099083,0.543322614135342,-0.07905266887331994,0.38085125443851037,0.47904191616766467,0.03592814371257485,0.8125,0.5
grid,OpenGVLab/InternVL3-8B,python,near,mono_light__fs20__wrap60__lnon,334,121,51,0.36227544910179643,0.4214876033057851,0.15269461077844312,0.6377245508982036,0.0,0.11808578677728235,0.19520157348381698,0.3372499540821435,0.5105570150170473,-0.0510283436002479,0.5783149856311534,0.4341317365269461,0.029940119760479042,1.0,0.625
grid,OpenGVLab/InternVL3-8B,python,near,mono_light__fs20__wrap80__lnon,334,138,64,0.41317365269461076,0.463768115942029,0.19161676646706588,0.5868263473053892,0.0,0.15300915580187477,0.2372373796023772,0.38267562147721057,0.5468231295710194,-0.07707529624517864,0.3689022435874186,0.48502994011976047,0.017964071856287425,0.6875,0.5625
grid,OpenGVLab/InternVL3-8B,python,near,mono_light__fs24__wrap60__lnon,334,118,55,0.3532934131736527,0.4661016949152542,0.16467065868263472,0.6467065868263473,0.0,0.12875180512543816,0.20821530133355426,0.3785871696717929,0.5557537346687152,-0.07266387834881098,0.43423594854876413,0.4491017964071856,0.03293413173652695,0.9375,0.625
grid,OpenGVLab/InternVL3-8B,python,near,mono_light__fs24__wrap80__lnon,334,127,60,0.38023952095808383,0.47244094488188976,0.17964071856287425,0.6197604790419162,0.0,0.14218652039789847,0.22438026880846035,0.38770319695871036,0.5587969409708672,-0.045964641966733596,0.6078499356950158,0.5,0.03293413173652695,0.71875,0.5
grid,OpenGVLab/InternVL3-8B,python,near,monokai_dark__fs20__wrap60__lnon,334,116,51,0.3473053892215569,0.4396551724137931,0.15269461077844312,0.652694610778443,0.0,0.11808578677728235,0.19520157348381698,0.3527039415484396,0.5304750506153099,-0.10710880077151198,0.25245795298524365,0.4341317365269461,0.041916167664670656,1.0625,0.6875
grid,OpenGVLab/InternVL3-8B,python,near,monokai_dark__fs20__wrap80__lnon,334,140,64,0.41916167664670656,0.45714285714285713,0.19161676646706588,0.5808383233532934,0.0,0.15300915580187477,0.2372373796023772,0.3768699173117245,0.5397048998627966,-0.048094107565015656,0.5725622397934746,0.47305389221556887,0.03293413173652695,0.8125,0.625
grid,OpenGVLab/InternVL3-8B,python,near,monokai_dark__fs24__wrap60__lnon,334,118,54,0.3532934131736527,0.4576271186440678,0.16167664670658682,0.6467065868263473,0.0,0.12607819301423967,0.2049689768952795,0.3704912527333468,0.5474348776922883,-0.07466839913084715,0.4216310954327997,0.44610778443113774,0.020958083832335328,1.125,0.65625
grid,OpenGVLab/InternVL3-8B,python,near,monokai_dark__fs24__wrap80__lnon,334,133,68,0.39820359281437123,0.5112781954887218,0.20359281437125748,0.6017964071856288,0.0,0.16389320711152147,0.2500330744906236,0.4272083071737977,0.5947148733144412,-0.009421878095507836,0.914285141822275,0.4940119760479042,0.038922155688622756,0.8125,0.625
grid,Qwen/Qwen2.5-VL-7B-Instruct,cuda,far,friendly_light__fs20__wrap60__lnon,333,216,204,0.6486486486486487,0.9444444444444444,0.6126126126126126,0.3513513513513513,0.0,0.5592888142145187,0.6633678630917141,0.9054189878387191,0.9679376621305571,0.7975307564530459,7.313447219728149e-49,0.8228228228228228,0.012012012012012012,0.5625,0.9375
grid,Qwen/Qwen2.5-VL-7B-Instruct,cuda,far,friendly_light__fs20__wrap80__lnon,333,218,201,0.6546546546546547,0.9220183486238532,0.6036036036036037,0.34534534534534533,0.0,0.550171968875332,0.6546721742464022,0.8786765726340287,0.9507445868649271,0.7835064457209208,1.6019403836408708e-46,0.8318318318318318,0.012012012012012012,0.5625,0.8125
grid,Qwen/Qwen2.5-VL-7B-Instruct,cuda,far,friendly_light__fs24__wrap60__lnon,333,227,202,0.6816816816816816,0.8898678414096917,0.6066066066066066,0.31831831831831836,0.0,0.5532088744508399,0.6575727800657272,0.8424780248526917,0.9242819882933202,0.723962547632388,3.8213042727861736e-38,0.8138138138138138,0.02702702702702703,0.5625,0.9375
grid,Qwen/Qwen2.5-VL-7B-Instruct,cuda,far,friendly_light__fs24__wrap80__lnon,333,241,217,0.7237237237237237,0.9004149377593361,0.6516516516516516,0.27627627627627627,0.0,0.5990124439128187,0.7008318815262414,0.8561020981123714,0.9321630957383998,0.7224035599612343,3.613712376758835e-40,0.8288288288288288,0.018018018018018018,0.4375,0.875
grid,Qwen/Qwen2.5-VL-7B-Instruct,cuda,far,mono_light__fs20__wrap60__lnon,333,212,196,0.6366366366366366,0.9245283018867925,0.5885885885885885,0.3633633633633634,0.0,0.5350177733522774,0.6401388127952923,0.8809320916259233,0.9530133467688908,0.7667171497383961,2.7194839230241305e-42,0.8288288288288288,0.018018018018018018,0.625,1.0
grid,Qwen/Qwen2.5-VL-7B-Instruct,cuda,far,mono_light__fs20__wrap80__lnon,333,203,187,0.6096096096096096,0.9211822660098522,0.5615615615615616,0.39039039039039036,0.0,0.5078655243950152,0.6138534591990588,0.8758152199565495,0.9509049210391479,0.77699318701973,2.86670332243286e-42,0.8198198198198198,0.018018018018018018,0.6875,0.875
grid,Qwen/Qwen2.5-VL-7B-Instruct,cuda,far,mono_light__fs24__wrap60__lnon,333,217,200,0.6516516516516516,0.9216589861751152,0.6006006006006006,0.3483483483483484,0.0,0.5471370954463325,0.6517695362805688,0.8781338511426455,0.9505149042913674,0.7600070047894212,4.140856242561111e-42,0.8198198198198198,0.018018018018018018,0.625,0.9375
grid,Qwen/Qwen2.5-VL-7B-Instruct,cuda,far,mono_light__fs24__wrap80__lnon,333,245,219,0.7357357357357357,0.8938775510204081,0.6576576576576577,0.2642642642642643,0.0,0.6051560740354665,0.7065632741932597,0.8490496205705843,0.9265446108515542,0.7207927555732061,1.4803640645122599e-40,0.8138138138138138,0.021021021021021023,0.4375,0.9375
grid,Qwen/Qwen2.5-VL-7B-Instruct,cuda,far,monokai_dark__fs20__wrap60__lnon,333,226,200,0.6786786786786787,0.8849557522123894,0.6006006006006006,0.3213213213213213,0.0,0.5471370954463325,0.6517695362805688,0.8367727360307285,0.9202708404101189,0.7080520311232443,1.0683393763601409e-35,0.7927927927927928,0.021021021021021023,0.5,0.9375
grid,Qwen/Qwen2.5-VL-7B-Instruct,cuda,far,monokai_dark__fs20__wrap80__lnon,333,234,212,0.7027027027027027,0.905982905982906,0.6366366366366366,0.29729729729729726,0.0,0.5836915963089219,0.6864651721559739,0.8617596573474875,0.9370918168323727,0.7414552969047393,4.437120007249799e-42,0.8078078078078078,0.021021021021021023,0.5,0.875
grid,Qwen/Qwen2.5-VL-7B-Instruct,cuda,far,monokai_dark__fs24__wrap60__lnon,333,240,215,0.7207207207207207,0.8958333333333334,0.6456456456456456,0.2792792792792793,0.0,0.5928776018899321,0.6950917007594622,0.8507518260304615,0.9284429873491379,0.734890536042748,5.086567336912338e-42,0.8018018018018018,0.021021021021021023,0.5,1.0
grid,Qwen/Qwen2.5-VL-7B-Instruct,cuda,far,monokai_dark__fs24__wrap80__lnon,333,252,223,0.7567567567567568,0.8849206349206349,0.6696696696696697,0.2432432432432432,0.0,0.617470135633495,0.7179992581745626,0.8396129308121182,0.9186691744191705,0.7225353814472469,5.808755831046625e-42,0.7987987987987988,0.021021021021021023,0.3125,0.8125
grid,Qwen/Qwen2.5-VL-7B-Instruct,cuda,middle,friendly_light__fs20__wrap60__lnon,333,183,144,0.5495495495495496,0.7868852459016393,0.43243243243243246,0.4504504504504504,0.0,0.38029159161965925,0.4861144019966012,0.7219730200422241,0.8400007552790509,0.5736928068505112,2.0905835571269736e-17,0.6606606606606606,0.021021021021021023,0.6875,0.625
grid,Qwen/Qwen2.5-VL-7B-Instruct,cuda,middle,friendly_light__fs20__wrap80__lnon,333,172,137,0.5165165165165165,0.7965116279069767,0.4114114114114114,0.48348348348348347,0.0,0.3598611872047077,0.4649822266477226,0.7301774755309806,0.8498905055019202,0.5739205649197695,1.8726822836873251e-16,0.6516516516516516,0.03303303303303303,0.625,0.625
grid,Qwen/Qwen2.5-VL-7B-Instruct,cuda,middle,friendly_light__fs24__wrap60__lnon,333,198,149,0.5945945945945946,0.7525252525252525,0.44744744744744747,0.4054054054054054,0.0,0.3949435628148472,0.5011499877755776,0.6879909762144312,0.8074473771559485,0.473885855693406,1.7685095486561258e-12,0.6486486486486487,0.018018018018018018,0.5625,0.75
grid,Qwen/Qwen2.5-VL-7B-Instruct,cuda,middle,friendly_light__fs24__wrap80__lnon,333,202,156,0.6066066066066066,0.7722772277227723,0.46846846846846846,0.3933933933933934,0.0,0.4155375513410164,0.5221185790132384,0.7096819908707923,0.8247098689139734,0.5293340383422958,5.537421123975945e-16,0.6546546546546547,0.015015015015015015,0.5,0.625
grid,Qwen/Qwen2.5-VL-7B-Instruct,cuda,middle,mono_light__fs20__wrap60__lnon,333,168,140,0.5045045045045045,0.8333333333333334,0.42042042042042044,0.49549549549549554,0.0,0.36860521697905474,0.47405073105787415,0.7696648692872278,0.8820986851461937,0.6196512042546622,3.405059750064862e-19,0.6726726726726727,0.03003003003003003,0.75,0.6875
grid,Qwen/Qwen2.5-VL-7B-Instruct,cuda,middle,mono_light__fs20__wrap80__lnon,333,162,128,0.4864864864864865,0.7901234567901234,0.3843843843843844,0.5135135135135135,0.0,0.3337376764991668,0.43766813479976757,0.7210628613792565,0.8457435371439963,0.5401370968920631,1.1896923510123003e-13,0.6486486486486487,0.03003003003003003,0.75,0.625
grid,Qwen/Qwen2.5-VL-7B-Instruct,cuda,middle,mono_light__fs24__wrap60__lnon,333,178,139,0.5345345345345346,0.7808988764044944,0.4174174174174174,0.4654654654654654,0.0,0.3656885544926583,0.4710298821494377,0.7145523234584009,0.8353772726223564,0.5341139206827483,1.6184737192396604e-14,0.6606606606606606,0.021021021021021023,0.6875,0.75
grid,Qwen/Qwen2.5-VL-7B-Instruct,cuda,middle,mono_light__fs24__wrap80__lnon,333,200,153,0.6006006006006006,0.765,0.4594594594594595,0.3993993993993994,0.0,0.4067000122326645,0.5131435839370918,0.7015863111723746,0.8184256658476741,0.5050003211930707,2.4302326647686874e-14,0.6666666666666666,0.021021021021021023,0.5625,0.625
grid,Qwen/Qwen2.5-VL-7B-Instruct,cuda,middle,monokai_dark__fs20__wrap60__lnon,333,201,153,0.6036036036036037,0.7611940298507462,0.4594594594594595,0.39639639639639634,0.0,0.4067000122326645,0.5131435839370918,0.6977045692629591,0.8148869764353688,0.5227933007356598,1.7066522422593026e-15,0.6576576576576577,0.024024024024024024,0.5625,0.6875
grid,Qwen/Qwen2.5-VL-7B-Instruct,cuda,middle,monokai_dark__fs20__wrap80__lnon,333,189,149,0.5675675675675675,0.7883597883597884,0.44744744744744747,0.43243243243243246,0.0,0.3949435628148472,0.5011499877755776,0.724678800184377,0.8405523522170849,0.5534664838340543,1.46342613795048e-16,0.6546546546546547,0.018018018018018018,0.5625,0.625
grid,Qwen/Qwen2.5-VL-7B-Instruct,cuda,middle,monokai_dark__fs24__wrap60__lnon,333,203,149,0.6096096096096096,0.7339901477832512,0.44744744744744747,0.39039039039039036,0.0,0.3949435628148472,0.5011499877755776,0.6692703063034672,0.7900186609163647,0.4587616035220273,5.84124052100807e-12,0.6546546546546547,0.018018018018018018,0.5625,0.75
grid,Qwen/Qwen2.5-VL-7B-Instruct,cuda,middle,monokai_dark__fs24__wrap80__lnon,333,230,171,0.6906906906906907,0.7434782608695653,0.5135135135135135,0.30930930930930933,0.0,0.459983101268344,0.5667357000084039,0.6833621251319734,0.7955948595055534,0.47412641217002305,2.7148774327206777e-14,0.6786786786786787,0.024024024024024024,0.375,0.6875
grid,Qwen/Qwen2.5-VL-7B-Instruct,cuda,near,friendly_light__fs20__wrap60__lnon,334,172,104,0.5149700598802395,0.6046511627906976,0.31137724550898205,0.4850299401197605,0.0,0.2640983224554234,0.36294567492775986,0.5300634293273341,0.6746664463313368,0.1991165976935408,0.008828552605900005,0.5748502994011976,0.020958083832335328,0.5625,0.6875
grid,Qwen/Qwen2.5-VL-7B-Instruct,cuda,near,friendly_light__fs20__wrap80__lnon,334,181,104,0.5419161676646707,0.574585635359116,0.31137724550898205,0.45808383233532934,0.0,0.2640983224554234,0.36294567492775986,0.5017445909326146,0.6443265349514946,0.16749502314951778,0.024211972890458528,0.5718562874251497,0.017964071856287425,0.625,0.625
grid,Qwen/Qwen2.5-VL-7B-Instruct,cuda,near,friendly_light__fs24__wrap60__lnon,334,186,113,0.5568862275449101,0.6075268817204301,0.3383233532934132,0.44311377245508987,0.0,0.2896759848130048,0.39064744151543807,0.5358561182508232,0.6748460131407192,0.1848129374909953,0.011559525369299703,0.5598802395209581,0.029940119760479042,0.5625,0.6875
grid,Qwen/Qwen2.5-VL-7B-Instruct,cuda,near,friendly_light__fs24__wrap80__lnon,334,205,123,0.6137724550898204,0.6,0.36826347305389223,0.38622754491017963,0.0,0.3183069337389826,0.4212158580841931,0.5316927231789674,0.6646284490227721,0.1737662279100406,0.012712407959190564,0.5658682634730539,0.029940119760479042,0.5,0.625
grid,Qwen/Qwen2.5-VL-7B-Instruct,cuda,near,mono_light__fs20__wrap60__lnon,334,167,105,0.5,0.6287425149700598,0.3143712574850299,0.5,0.0,0.2669310254295918,0.3660329085030647,0.5533420141832723,0.6983533312956633,0.20801870777241924,0.006984602420366655,0.5868263473053892,0.017964071856287425,0.6875,0.625
grid,Qwen/Qwen2.5-VL-7B-Instruct,cuda,near,mono_light__fs20__wrap80__lnon,334,165,94,0.4940119760479042,0.5696969696969697,0.281437125748503,0.5059880239520957,0.0,0.23590508031408208,0.3319395515743684,0.4934120975282137,0.6428103691612355,0.15303092617602218,0.04972198154233635,0.5838323353293413,0.014970059880239521,0.71875,0.65625
grid,Qwen/Qwen2.5-VL-7B-Instruct,cuda,near,mono_light__fs24__wrap60__lnon,334,169,104,0.5059880239520959,0.6153846153846154,0.31137724550898205,0.49401197604790414,0.0,0.2640983224554234,0.36294567492775986,0.5402459843956234,0.6853943235842962,0.1784665051492873,0.02025907332374209,0.5598802395209581,0.02694610778443114,0.6875,0.6875
grid,Qwen/Qwen2.5-VL-7B-Instruct,cuda,near,mono_light__fs24__wrap80__lnon,334,204,125,0.6107784431137725,0.6127450980392157,0.37425149700598803,0.3892215568862275,0.0,0.324058722870729,0.4273039420513932,0.5444037355536825,0.6769188064502419,0.21943645620656377,0.0016135548937302178,0.5598802395209581,0.03293413173652695,0.5,0.625
grid,Qwen/Qwen2.5-VL-7B-Instruct,cuda,near,monokai_dark__fs20__wrap60__lnon,334,189,116,0.5658682634730539,0.6137566137566137,0.3473053892215569,0.43413173652694614,0.0,0.29824249620427884,0.3998407397725839,0.5427342470543515,0.6802468497645737,0.2041058474711673,0.004846034611564917,0.5718562874251497,0.017964071856287425,0.5,0.6875
grid,Qwen/Qwen2.5-VL-7B-Instruct,cuda,near,monokai_dark__fs20__wrap80__lnon,334,204,121,0.6107784431137725,0.5931372549019608,0.36227544910179643,0.3892215568862275,0.0,0.312563555857568,0.4151193628666612,0.5246079386005832,0.6582237265330936,0.18936912626820565,0.0066737212631731956,0.5778443113772455,0.03592814371257485,0.53125,0.625
grid,Qwen/Qwen2.5-VL-7B-Instruct,cuda,near,monokai_dark__fs24__wrap60__lnon,334,198,119,0.592814371257485,0.601010101010101,0.3562874251497006,0.40718562874251496,0.0,0.30682867642526096,0.4090143692000215,0.531504196824087,0.666671144524065,0.20886915132337616,0.003146180663854117,0.5688622754491018,0.020958083832335328,0.5625,0.6875
grid,Qwen/Qwen2.5-VL-7B-Instruct,cuda,near,monokai_dark__fs24__wrap80__lnon,334,221,131,0.6616766467065869,0.5927601809954751,0.39221556886227543,0.3383233532934131,0.0,0.341363763392738,0.4455185208262239,0.5269351794929911,0.655415532048587,0.19080541128844564,0.0044183225454528545,0.5598802395209581,0.020958083832335328,0.34375,0.5625
grid,Qwen/Qwen2.5-VL-7B-Instruct,java,far,friendly_light__fs20__wrap60__lnon,333,160,118,0.4804804804804805,0.7375,0.35435435435435436,0.5195195195195195,0.0,0.3049082992405378,0.40712239811006784,0.6643294227646624,0.7995336345288727,0.5231976060377389,1.2670958162372975e-12,0.6666666666666666,0.024024024024024024,0.8125,0.6875
grid,Qwen/Qwen2.5-VL-7B-Instruct,java,far,friendly_light__fs20__wrap80__lnon,333,185,143,0.5555555555555556,0.772972972972973,0.4294294294294294,0.4444444444444444,0.0,0.3773670500336968,0.48310143218773066,0.7074150208812591,0.827425160034204,0.6125672734374099,1.936361083501395e-20,0.6906906906906907,0.018018018018018018,0.75,0.6875
grid,Qwen/Qwen2.5-VL-7B-Instruct,java,far,friendly_light__fs24__wrap60__lnon,333,166,121,0.4984984984984985,0.7289156626506024,0.3633633633633634,0.5015015015015015,0.0,0.3135348278440262,0.41630840369107813,0.6566854578295136,0.7907906797855966,0.5010332427170692,6.199843628566369e-12,0.6936936936936937,0.02702702702702703,0.875,0.75
grid,Qwen/Qwen2.5-VL-7B-Instruct,java,far,friendly_light__fs24__wrap80__lnon,333,208,157,0.6246246246246246,0.7548076923076923,0.47147147147147145,0.37537537537537535,0.0,0.41848723165657703,0.5251064100925108,0.6920717001084896,0.8083024976056606,0.5167643018269242,1.344541534912205e-15,0.6876876876876877,0.012012012012012012,0.5625,0.75
grid,Qwen/Qwen2.5-VL-7B-Instruct,java,far,mono_light__fs20__wrap60__lnon,333,159,113,0.4774774774774775,0.710691823899371,0.33933933933933935,0.5225225225225225,0.0,0.2905743583944759,0.3917687819819654,0.6358999717910752,0.7755431612121373,0.4828604582213687,1.1494538587370533e-10,0.6636636636636637,0.012012012012012012,0.875,0.75
grid,Qwen/Qwen2.5-VL-7B-Instruct,java,far,mono_light__fs20__wrap80__lnon,333,177,141,0.5315315315315315,0.7966101694915254,0.42342342342342343,0.46846846846846846,0.0,0.37152385744439226,0.47706960198736953,0.7313061466340207,0.8493129253682041,0.6127049507201655,1.2684787866863363e-19,0.6846846846846847,0.03903903903903904,0.8125,0.75
grid,Qwen/Qwen2.5-VL-7B-Instruct,java,far,mono_light__fs24__wrap60__lnon,333,163,114,0.4894894894894895,0.6993865030674846,0.34234234234234234,0.5105105105105106,0.0,0.2934367258067405,0.39484392596453366,0.6250684949042024,0.7645229199602289,0.4484579044463656,1.93252210923285e-09,0.6636636636636637,0.018018018018018018,0.9375,0.8125
grid,Qwen/Qwen2.5-VL-7B-Instruct,java,far,mono_light__fs24__wrap80__lnon,333,204,155,0.6126126126126126,0.7598039215686274,0.46546546546546547,0.3873873873873874,0.0,0.41258978645314404,0.5191288325062781,0.6967253471366457,0.8132787713941365,0.5417609741195484,5.887860367284912e-17,0.6666666666666666,0.021021021021021023,0.5,0.75
grid,Qwen/Qwen2.5-VL-7B-Instruct,java,far,monokai_dark__fs20__wrap60__lnon,333,177,131,0.5315315315315315,0.7401129943502824,0.3933933933933934,0.46846846846846846,0.0,0.3424272199342729,0.4467911255491602,0.6708887747873955,0.7991361882620245,0.4983292416269332,1.6882092434370609e-12,0.6636636636636637,0.018018018018018018,0.75,0.6875
grid,Qwen/Qwen2.5-VL-7B-Instruct,java,far,monokai_dark__fs20__wrap80__lnon,333,177,138,0.5315315315315315,0.7796610169491526,0.4144144144144144,0.46846846846846846,0.0,0.36277387586011484,0.46800704938714827,0.713020574860883,0.8344202644555007,0.5474086652358877,3.1671268576222115e-15,0.6816816816816816,0.02702702702702703,0.75,0.6875
grid,Qwen/Qwen2.5-VL-7B-Instruct,java,far,monokai_dark__fs24__wrap60__lnon,333,185,133,0.5555555555555556,0.7189189189189189,0.3993993993993994,0.4444444444444444,0.0,0.3482304637194312,0.4528629045536675,0.6501968019821049,0.7787344322174248,0.4384241860816677,4.329006777960208e-10,0.6876876876876877,0.012012012012012012,0.6875,0.75
grid,Qwen/Qwen2.5-VL-7B-Instruct,java,far,monokai_dark__fs24__wrap80__lnon,333,220,168,0.6606606606606606,0.7636363636363637,0.5045045045045045,0.33933933933933935,0.0,0.4510596936087735,0.5578465734834758,0.7032724353438924,0.8149514924804906,0.5289289972188024,2.941072948355119e-17,0.6936936936936937,0.03003003003003003,0.4375,0.6875
grid,Qwen/Qwen2.5-VL-7B-Instruct,java,middle,friendly_light__fs20__wrap60__lnon,333,158,93,0.4744744744744745,0.5886075949367089,0.27927927927927926,0.5255255255255256,0.0,0.23381905263147826,0.3297738598483055,0.5106621416271118,0.6623466794996276,0.1636171090923862,0.039959351236046874,0.5465465465465466,0.021021021021021023,0.75,0.625
grid,Qwen/Qwen2.5-VL-7B-Instruct,java,middle,friendly_light__fs20__wrap80__lnon,333,159,90,0.4774774774774775,0.5660377358490566,0.2702702702702703,0.5225225225225225,0.0,0.2253919901355427,0.3203883881597424,0.48834123922881556,0.6406185487274152,0.13443249632980733,0.09113669452622707,0.5435435435435435,0.024024024024024024,0.75,0.625
grid,Qwen/Qwen2.5-VL-7B-Instruct,java,middle,friendly_light__fs24__wrap60__lnon,333,161,92,0.48348348348348347,0.5714285714285714,0.27627627627627627,0.5165165165165165,0.0,0.23100737203843238,0.32664802904651846,0.4942003666061708,0.6453276390578544,0.16382892375115238,0.0378375095928718,0.5975975975975976,0.015015015015015015,0.75,0.625
grid,Qwen/Qwen2.5-VL-7B-Instruct,java,middle,friendly_light__fs24__wrap80__lnon,333,204,122,0.6126126126126126,0.5980392156862745,0.3663663663663664,0.3873873873873874,0.0,0.3164146253060274,0.41936611762390985,0.5295466551533051,0.6629077291979334,0.18929081348869983,0.006696765328385156,0.5705705705705706,0.036036036036036036,0.5,0.625
grid,Qwen/Qwen2.5-VL-7B-Instruct,java,middle,mono_light__fs20__wrap60__lnon,333,151,88,0.45345345345345345,0.5827814569536424,0.26426426426426425,0.5465465465465466,0.0,0.21978742968304069,0.3141179258225787,0.5030331208238333,0.6584223458864739,0.19615525238165268,0.015784321407624407,0.5615615615615616,0.021021021021021023,0.8125,0.625
grid,Qwen/Qwen2.5-VL-7B-Instruct,java,middle,mono_light__fs20__wrap80__lnon,333,158,90,0.4744744744744745,0.569620253164557,0.2702702702702703,0.5255255255255256,0.0,0.2253919901355427,0.3203883881597424,0.49166789770569164,0.6442676046081752,0.16713449810838227,0.035820981057825815,0.5585585585585585,0.03903903903903904,0.75,0.625
grid,Qwen/Qwen2.5-VL-7B-Instruct,java,middle,mono_light__fs24__wrap60__lnon,333,150,84,0.45045045045045046,0.56,0.25225225225225223,0.5495495495495495,0.0,0.20861171117141072,0.301543598754877,0.4800485326362731,0.6369550380395579,0.18732643795150516,0.021708082856334937,0.5705705705705706,0.021021021021021023,0.875,0.625
grid,Qwen/Qwen2.5-VL-7B-Instruct,java,middle,mono_light__fs24__wrap80__lnon,333,198,116,0.5945945945945946,0.5858585858585859,0.3483483483483483,0.4054054054054054,0.0,0.2991681184737585,0.40098755608718134,0.5162510938307893,0.6521979463151398,0.1365251947241037,0.05512289703961258,0.5525525525525525,0.042042042042042045,0.5625,0.5625
grid,Qwen/Qwen2.5-VL-7B-Instruct,java,middle,monokai_dark__fs20__wrap60__lnon,333,175,102,0.5255255255255256,0.5828571428571429,0.3063063063063063,0.47447447447447444,0.0,0.2592394243282241,0.35779109070505544,0.508788912855398,0.6533658816269894,0.1571090175955052,0.0378592721524214,0.5735735735735735,0.018018018018018018,0.75,0.625
grid,Qwen/Qwen2.5-VL-7B-Instruct,java,middle,monokai_dark__fs20__wrap80__lnon,333,175,99,0.5255255255255256,0.5657142857142857,0.2972972972972973,0.47447447447447444,0.0,0.25074340262976375,0.34847457821901734,0.4916449535134333,0.6369605731450119,0.1403336070673071,0.06398103019689852,0.5765765765765766,0.021021021021021023,0.625,0.5625
grid,Qwen/Qwen2.5-VL-7B-Instruct,java,middle,monokai_dark__fs24__wrap60__lnon,333,176,99,0.5285285285285285,0.5625,0.2972972972972973,0.4714714714714715,0.0,0.25074340262976375,0.34847457821901734,0.4886501119972675,0.6336798565442716,0.16242963321349693,0.03125256652835598,0.5795795795795796,0.018018018018018018,0.625,0.625
grid,Qwen/Qwen2.5-VL-7B-Instruct,java,middle,monokai_dark__fs24__wrap80__lnon,333,206,127,0.6186186186186187,0.616504854368932,0.3813813813813814,0.38138138138138133,0.0,0.3308452818421769,0.4346230180619247,0.5485489005052853,0.6801952202693189,0.226604876176517,0.0010554503002331579,0.5975975975975976,0.03303303303303303,0.4375,0.625
grid,Qwen/Qwen2.5-VL-7B-Instruct,java,near,friendly_light__fs20__wrap60__lnon,334,154,92,0.46107784431137727,0.5974025974025974,0.2754491017964072,0.5389221556886228,0.0,0.2302967454726118,0.32570801331689214,0.5184873972900678,0.6715767355692187,0.19385306090412938,0.015998461072650776,0.5479041916167665,0.023952095808383235,0.8125,0.625
grid,Qwen/Qwen2.5-VL-7B-Instruct,java,near,friendly_light__fs20__wrap80__lnon,334,150,87,0.4491017964071856,0.58,0.26047904191616766,0.5508982035928144,0.0,0.21632256261428776,0.3100825134278497,0.49998480543102514,0.6560199554700825,0.12188993252373778,0.13730593495555196,0.5329341317365269,0.041916167664670656,0.75,0.5625
grid,Qwen/Qwen2.5-VL-7B-Instruct,java,near,friendly_light__fs24__wrap60__lnon,334,149,86,0.44610778443113774,0.5771812080536913,0.25748502994011974,0.5538922155688623,0.0,0.21353594921207802,0.30694919028058615,0.4968994986516456,0.6535832314758027,0.1714956946317993,0.03650468483909163,0.5479041916167665,0.029940119760479042,0.75,0.625
grid,Qwen/Qwen2.5-VL-7B-Instruct,java,near,friendly_light__fs24__wrap80__lnon,334,185,105,0.5538922155688623,0.5675675675675675,0.3143712574850299,0.44610778443113774,0.0,0.2669310254295918,0.3660329085030647,0.4955207497799992,0.6368654336149173,0.19716359025899668,0.0071452961645648155,0.5419161676646707,0.014970059880239521,0.5625,0.625
grid,Qwen/Qwen2.5-VL-7B-Instruct,java,near,mono_light__fs20__wrap60__lnon,334,151,87,0.45209580838323354,0.5761589403973509,0.26047904191616766,0.5479041916167664,0.0,0.21632256261428776,0.3100825134278497,0.49641119119546434,0.6521278381780184,0.18670784196209939,0.021706637247891188,0.5538922155688623,0.017964071856287425,0.875,0.625
grid,Qwen/Qwen2.5-VL-7B-Instruct,java,near,mono_light__fs20__wrap80__lnon,334,165,96,0.4940119760479042,0.5818181818181818,0.2874251497005988,0.5059880239520957,0.0,0.24152376554510455,0.3381607394422924,0.5055313557464033,0.6543819747151239,0.15252654260293672,0.05048833054544931,0.5419161676646707,0.020958083832335328,0.75,0.625
grid,Qwen/Qwen2.5-VL-7B-Instruct,java,near,mono_light__fs24__wrap60__lnon,334,147,86,0.44011976047904194,0.5850340136054422,0.25748502994011974,0.5598802395209581,0.0,0.21353594921207802,0.30694919028058615,0.5042093254954073,0.6615276025047229,0.18007409372939223,0.029071365691500907,0.5209580838323353,0.04491017964071856,0.90625,0.625
grid,Qwen/Qwen2.5-VL-7B-Instruct,java,near,mono_light__fs24__wrap80__lnon,334,187,106,0.5598802395209581,0.5668449197860963,0.31736526946107785,0.4401197604790419,0.0,0.26976608290711,0.3691177875750199,0.49518486226432,0.6358139267539973,0.16221107355471417,0.02655207887388495,0.5508982035928144,0.011976047904191617,0.5625,0.625
grid,Qwen/Qwen2.5-VL-7B-Instruct,java,near,monokai_dark__fs20__wrap60__lnon,334,171,99,0.5119760479041916,0.5789473684210527,0.2964071856287425,0.4880239520958084,0.0,0.24997078244473145,0.34747353219108545,0.5040086810163079,0.6504169350939387,0.17917761810136681,0.01903346368129932,0.5419161676646707,0.017964071856287425,0.6875,0.625
grid,Qwen/Qwen2.5-VL-7B-Instruct,java,near,monokai_dark__fs20__wrap80__lnon,334,162,94,0.48502994011976047,0.5802469135802469,0.281437125748503,0.5149700598802396,0.0,0.23590508031408208,0.3319395515743684,0.5032538870943596,0.6535223507950508,0.15966269968886124,0.04240980332687169,0.5239520958083832,0.041916167664670656,0.6875,0.5625
grid,Qwen/Qwen2.5-VL-7B-Instruct,java,near,monokai_dark__fs24__wrap60__lnon,334,167,91,0.5,0.5449101796407185,0.27245508982035926,0.5,0.0,0.2274965227776778,0.32258829946235273,0.46922071620387673,0.6185799857073798,0.09904906194727961,0.20283497493740318,0.5329341317365269,0.03293413173652695,0.6875,0.625
grid,Qwen/Qwen2.5-VL-7B-Instruct,java,near,monokai_dark__fs24__wrap80__lnon,334,209,116,0.625748502994012,0.5550239234449761,0.3473053892215569,0.37425149700598803,0.0,0.29824249620427884,0.3998407397725839,0.4872591626894548,0.6208024909349742,0.1539415263436675,0.026051589662118343,0.5419161676646707,0.03592814371257485,0.4375,0.625
grid,Qwen/Qwen2.5-VL-7B-Instruct,python,far,friendly_light__fs20__wrap60__lnon,333,164,145,0.4924924924924925,0.8841463414634146,0.43543543543543545,0.5075075075075075,0.0,0.3832180901024972,0.48912541490859607,0.8261434832590658,0.9245649584174714,0.6929906725432832,8.575531295312076e-25,0.7477477477477478,0.03003003003003003,1.0,0.875
grid,Qwen/Qwen2.5-VL-7B-Instruct,python,far,friendly_light__fs20__wrap80__lnon,333,165,141,0.4954954954954955,0.8545454545454545,0.42342342342342343,0.5045045045045045,0.0,0.37152385744439226,0.47706960198736953,0.7926916115058602,0.9002661538274244,0.6407469933890328,1.8871994844986288e-20,0.7387387387387387,0.018018018018018018,1.0,0.875
grid,Qwen/Qwen2.5-VL-7B-Instruct,python,far,friendly_light__fs24__wrap60__lnon,333,170,150,0.5105105105105106,0.8823529411764706,0.45045045045045046,0.48948948948948945,0.0,0.39787978012961217,0.5041512818556455,0.8252701424257209,0.9225376640773659,0.6770640675033951,3.8281360800636566e-24,0.7447447447447447,0.018018018018018018,1.0,0.875
grid,Qwen/Qwen2.5-VL-7B-Instruct,python,far,friendly_light__fs24__wrap80__lnon,333,184,155,0.5525525525525525,0.842391304347826,0.46546546546546547,0.44744744744744747,0.0,0.41258978645314404,0.5191288325062781,0.7828134615846281,0.8879649746086007,0.5827348599990262,4.027218690745216e-18,0.7507507507507507,0.015015015015015015,0.8125,0.8125
grid,Qwen/Qwen2.5-VL-7B-Instruct,python,far,mono_light__fs20__wrap60__lnon,333,170,148,0.5105105105105106,0.8705882352941177,0.4444444444444444,0.48948948948948945,0.0,0.3920092812679102,0.49814675792768165,0.8118357452733787,0.9129625902603826,0.6514133587120455,6.689155588808666e-22,0.7477477477477478,0.024024024024024024,1.0,0.9375
grid,Qwen/Qwen2.5-VL-7B-Instruct,python,far,mono_light__fs20__wrap80__lnon,333,171,150,0.5135135135135135,0.8771929824561403,0.45045045045045046,0.4864864864864865,0.0,0.39787978012961217,0.5041512818556455,0.8195545840560874,0.9182566929150908,0.7016831973201203,1.1432744215630438e-26,0.7477477477477478,0.018018018018018018,1.0,0.875
grid,Qwen/Qwen2.5-VL-7B-Instruct,python,far,mono_light__fs24__wrap60__lnon,333,154,136,0.4624624624624625,0.8831168831168831,0.4084084084084084,0.5375375375375375,0.0,0.3569504949016887,0.46195540755590875,0.8228115653791813,0.9247740238673453,0.659516034297669,1.397736322346781e-20,0.7357357357357357,0.009009009009009009,1.125,0.875
grid,Qwen/Qwen2.5-VL-7B-Instruct,python,far,mono_light__fs24__wrap80__lnon,333,200,161,0.6006006006006006,0.805,0.48348348348348347,0.3993993993993994,0.0,0.43030506921040507,0.5370386181180141,0.7445595562538726,0.8539447946559949,0.5484983205862565,4.182303936206944e-17,0.7507507507507507,0.006006006006006006,0.75,0.8125
grid,Qwen/Qwen2.5-VL-7B-Instruct,python,far,monokai_dark__fs20__wrap60__lnon,333,184,154,0.5525525525525525,0.8369565217391305,0.4624624624624625,0.44744744744744747,0.0,0.4096439392582518,0.5161371683063374,0.7767910864609038,0.8833400729673533,0.6335518761872281,4.856325843697145e-22,0.7417417417417418,0.03303303303303303,0.875,0.9375
grid,Qwen/Qwen2.5-VL-7B-Instruct,python,far,monokai_dark__fs20__wrap80__lnon,333,179,153,0.5375375375375375,0.8547486033519553,0.4594594594594595,0.4624624624624625,0.0,0.4067000122326645,0.5131435839370918,0.7956815947751242,0.8989092317208743,0.6562050182910729,2.04764620837553e-23,0.7447447447447447,0.012012012012012012,0.9375,0.875
grid,Qwen/Qwen2.5-VL-7B-Instruct,python,far,monokai_dark__fs24__wrap60__lnon,333,176,154,0.5285285285285285,0.875,0.4624624624624625,0.4714714714714715,0.0,0.4096439392582518,0.5161371683063374,0.8179956290399395,0.9159841822092947,0.6679472599427229,4.247798592636551e-24,0.7597597597597597,0.012012012012012012,0.875,0.875
grid,Qwen/Qwen2.5-VL-7B-Instruct,python,far,monokai_dark__fs24__wrap80__lnon,333,208,178,0.6246246246246246,0.8557692307692307,0.5345345345345346,0.37537537537537535,0.0,0.4808711674937221,0.5874102135468562,0.8015703207055451,0.897065351574589,0.6221380021280241,1.1264470276234442e-23,0.7507507507507507,0.02702702702702703,0.6875,0.8125
grid,Qwen/Qwen2.5-VL-7B-Instruct,python,middle,friendly_light__fs20__wrap60__lnon,333,128,96,0.3843843843843844,0.75,0.2882882882882883,0.6156156156156156,0.0,0.24226974375508306,0.33913570290919937,0.6684443704768313,0.8169871513864144,0.46849944032845914,2.4469908874097533e-08,0.6306306306306306,0.03003003003003003,1.0,0.6875
grid,Qwen/Qwen2.5-VL-7B-Instruct,python,middle,friendly_light__fs20__wrap80__lnon,333,136,100,0.4084084084084084,0.7352941176470589,0.3003003003003003,0.5915915915915916,0.0,0.25357295346930947,0.3515825387743044,0.655424390111397,0.8022367394257408,0.45161537954253533,3.418926198295781e-08,0.6366366366366366,0.021021021021021023,0.9375,0.6875
grid,Qwen/Qwen2.5-VL-7B-Instruct,python,middle,friendly_light__fs24__wrap60__lnon,333,130,99,0.39039039039039036,0.7615384615384615,0.2972972972972973,0.6096096096096096,0.0,0.25074340262976375,0.34847457821901734,0.681447575620172,0.8266162231396638,0.49269909198883827,2.607733296538908e-09,0.6156156156156156,0.018018018018018018,0.9375,0.6875
grid,Qwen/Qwen2.5-VL-7B-Instruct,python,middle,friendly_light__fs24__wrap80__lnon,333,167,112,0.5015015015015015,0.6706586826347305,0.33633633633633636,0.4984984984984985,0.0,0.28771422887113873,0.38869140011046965,0.596243518406001,0.7373991488567743,0.3622451894208315,1.5057123660427095e-06,0.6276276276276276,0.024024024024024024,0.75,0.625
grid,Qwen/Qwen2.5-VL-7B-Instruct,python,middle,mono_light__fs20__wrap60__lnon,333,131,105,0.3933933933933934,0.8015267175572519,0.3153153153153153,0.6066066066066066,0.0,0.26775725467157613,0.3670857945462021,0.7250704184045625,0.8608028040518224,0.5547407481584237,6.194728324052575e-12,0.6306306306306306,0.024024024024024024,1.0,0.75
grid,Qwen/Qwen2.5-VL-7B-Instruct,python,middle,mono_light__fs20__wrap80__lnon,333,133,102,0.3993993993993994,0.7669172932330827,0.3063063063063063,0.6006006006006006,0.0,0.2592394243282241,0.35779109070505544,0.6881907498626603,0.8306578550256623,0.4959910378821741,1.2736814671657207e-09,0.6486486486486487,0.03003003003003003,0.9375,0.6875
grid,Qwen/Qwen2.5-VL-7B-Instruct,python,middle,mono_light__fs24__wrap60__lnon,333,129,96,0.38738738738738737,0.7441860465116279,0.2882882882882883,0.6126126126126126,0.0,0.24226974375508306,0.33913570290919937,0.6625928896044233,0.8116566448352407,0.46657844858827446,2.5018512238188362e-08,0.6186186186186187,0.02702702702702703,1.0,0.6875
grid,Qwen/Qwen2.5-VL-7B-Instruct,python,middle,mono_light__fs24__wrap80__lnon,333,161,108,0.48348348348348347,0.6708074534161491,0.32432432432432434,0.5165165165165165,0.0,0.27629638569955234,0.3763591977027246,0.5949803418810569,0.7386735847068298,0.35556016556097175,3.682157542906101e-06,0.6216216216216216,0.015015015015015015,0.75,0.6875
grid,Qwen/Qwen2.5-VL-7B-Instruct,python,middle,monokai_dark__fs20__wrap60__lnon,333,151,114,0.45345345345345345,0.7549668874172185,0.34234234234234234,0.5465465465465466,0.0,0.2934367258067405,0.39484392596453366,0.6806011971009868,0.8166816403667597,0.4964787363390034,8.98274880739143e-11,0.6576576576576577,0.021021021021021023,0.875,0.6875
grid,Qwen/Qwen2.5-VL-7B-Instruct,python,middle,monokai_dark__fs20__wrap80__lnon,333,135,99,0.40540540540540543,0.7333333333333333,0.2972972972972973,0.5945945945945945,0.0,0.25074340262976375,0.34847457821901734,0.6530377880086051,0.8007171677165499,0.4731738518034034,6.814331892012085e-09,0.6426426426426426,0.024024024024024024,0.875,0.625
grid,Qwen/Qwen2.5-VL-7B-Instruct,python,middle,monokai_dark__fs24__wrap60__lnon,333,136,102,0.4084084084084084,0.75,0.3063063063063063,0.5915915915915916,0.0,0.2592394243282241,0.35779109070505544,0.6710366596626747,0.8152282904705341,0.46105554676750954,1.6174035022481192e-08,0.6396396396396397,0.03003003003003003,0.875,0.625
grid,Qwen/Qwen2.5-VL-7B-Instruct,python,middle,monokai_dark__fs24__wrap80__lnon,333,174,121,0.5225225225225225,0.6954022988505747,0.3633633633633634,0.4774774774774775,0.0,0.3135348278440262,0.41630840369107813,0.6234085012066446,0.7589545341110084,0.39171500182456037,9.042370079532054e-08,0.6426426426426426,0.02702702702702703,0.6875,0.6875
grid,Qwen/Qwen2.5-VL-7B-Instruct,python,near,friendly_light__fs20__wrap60__lnon,334,120,81,0.3592814371257485,0.675,0.24251497005988024,0.6407185628742516,0.0,0.19964571000455222,0.29123974674074554,0.5869018408594733,0.7522414508939805,0.24682736637586453,0.006572924380277455,0.5808383233532934,0.017964071856287425,1.0,0.625
grid,Qwen/Qwen2.5-VL-7B-Instruct,python,near,friendly_light__fs20__wrap80__lnon,334,123,81,0.36826347305389223,0.6585365853658537,0.24251497005988024,0.6317365269461077,0.0,0.19964571000455222,0.29123974674074554,0.5710718086813957,0.7363986379896037,0.23808286577741275,0.008007556691619995,0.6407185628742516,0.02694610778443114,0.875,0.5625
grid,Qwen/Qwen2.5-VL-7B-Instruct,python,near,friendly_light__fs24__wrap60__lnon,334,122,74,0.3652694610778443,0.6065573770491803,0.2215568862275449,0.6347305389221557,0.0,0.18032583070298924,0.26912007019599554,0.5178907917103079,0.6887183833871156,0.16185280777546446,0.07489908326336234,0.5808383233532934,0.014970059880239521,0.9375,0.625
grid,Qwen/Qwen2.5-VL-7B-Instruct,python,near,friendly_light__fs24__wrap80__lnon,334,159,94,0.47604790419161674,0.5911949685534591,0.281437125748503,0.5239520958083832,0.0,0.23590508031408208,0.3319395515743684,0.513505698427446,0.6645816277978251,0.14493885520422997,0.06832963794941051,0.6017964071856288,0.038922155688622756,0.6875,0.5625
grid,Qwen/Qwen2.5-VL-7B-Instruct,python,near,mono_light__fs20__wrap60__lnon,334,125,81,0.37425149700598803,0.648,0.24251497005988024,0.625748502994012,0.0,0.19964571000455222,0.29123974674074554,0.5610025545352819,0.7261720889270535,0.24075189201636585,0.006839757215239172,0.5778443113772455,0.011976047904191617,0.9375,0.5625
grid,Qwen/Qwen2.5-VL-7B-Instruct,python,near,mono_light__fs20__wrap80__lnon,334,125,88,0.37425149700598803,0.704,0.2634730538922156,0.625748502994012,0.0,0.21911195635217237,0.3132130562394384,0.6188604280962418,0.776974891270761,0.33434055221425957,0.000138543929434934,0.6227544910179641,0.020958083832335328,0.875,0.5625
grid,Qwen/Qwen2.5-VL-7B-Instruct,python,near,mono_light__fs24__wrap60__lnon,334,111,69,0.3323353293413174,0.6216216216216216,0.20658682634730538,0.6676646706586826,0.0,0.1666233338066232,0.2532228843449952,0.5287598467882427,0.7063468845025537,0.1736664001840186,0.0683254184209275,0.5598802395209581,0.029940119760479042,1.0,0.5625
grid,Qwen/Qwen2.5-VL-7B-Instruct,python,near,mono_light__fs24__wrap80__lnon,334,142,88,0.4251497005988024,0.6197183098591549,0.2634730538922156,0.5748502994011976,0.0,0.21911195635217237,0.3132130562394384,0.5377143281938143,0.695415539505888,0.15972599720909914,0.05759857723749805,0.5838323353293413,0.029940119760479042,0.75,0.5625
grid,Qwen/Qwen2.5-VL-7B-Instruct,python,near,monokai_dark__fs20__wrap60__lnon,334,136,82,0.40718562874251496,0.6029411764705882,0.24550898203592814,0.592814371257485,0.0,0.20241793540438532,0.2943874578903857,0.5189689089302262,0.6812578352422715,0.13852425777418803,0.10776745842791136,0.5718562874251497,0.02694610778443114,0.875,0.5625
grid,Qwen/Qwen2.5-VL-7B-Instruct,python,near,monokai_dark__fs20__wrap80__lnon,334,116,75,0.3473053892215569,0.646551724137931,0.2245508982035928,0.652694610778443,0.0,0.18307634552234556,0.27228949192611257,0.5561379986313376,0.7275701632566994,0.18941507549492578,0.041705814154161434,0.6137724550898204,0.03592814371257485,0.8125,0.5625
grid,Qwen/Qwen2.5-VL-7B-Instruct,python,near,monokai_dark__fs24__wrap60__lnon,334,121,76,0.36227544910179643,0.628099173553719,0.2275449101796407,0.6377245508982036,0.0,0.1858300878530412,0.2754556861448902,0.5392853166249622,0.7090296285289898,0.13144654091438485,0.15067621834083242,0.5898203592814372,0.020958083832335328,0.9375,0.5625
grid,Qwen/Qwen2.5-VL-7B-Instruct,python,near,monokai_dark__fs24__wrap80__lnon,334,174,112,0.5209580838323353,0.6436781609195402,0.33532934131736525,0.47904191616766467,0.0,0.2868249146489196,0.38757857513004984,0.5701201102760314,0.7110291803987134,0.2323177500860901,0.002037504146192258,0.6167664670658682,0.029940119760479042,0.625,0.5625
perturbation,OpenGVLab/InternVL3-8B,cuda,far,baseline,333,116,65,0.3483483483483483,0.5603448275862069,0.19519519519519518,0.6516516516516517,0.0,0.15620202514494008,0.24114056827952313,0.46952494938469,0.6472960584515604,0.10085427225930689,0.2813821922431172,0.5855855855855856,0.02702702702702703,0.9375,0.6875
perturbation,OpenGVLab/InternVL3-8B,cuda,far,gaussian_sigma_1,333,128,77,0.3843843843843844,0.6015625,0.23123123123123124,0.6156156156156156,0.0,0.1891668737853518,0.27942585637710593,0.5149824068759288,0.6822241488810148,0.13422022831176098,0.13092214641009703,0.6396396396396397,0.03003003003003003,0.8125,0.6875
perturbation,OpenGVLab/InternVL3-8B,cuda,far,gaussian_sigma_2,333,160,92,0.4804804804804805,0.575,0.27627627627627627,0.5195195195195195,0.0,0.23100737203843238,0.32664802904651846,0.49752656892273883,0.6489565018015353,0.1276599591709828,0.10767910182298693,0.6186186186186187,0.042042042042042045,0.75,0.6875
perturbation,OpenGVLab/InternVL3-8B,cuda,far,gaussian_sigma_4,333,214,142,0.6426426426426426,0.6635514018691588,0.4264264264264264,0.3573573573573574,0.0,0.3744444702587027,0.480086500567892,0.5978567268449588,0.7234778821819536,0.2990327904048892,8.542167632692408e-06,0.5975975975975976,0.015015015015015015,0.6875,1.0625
perturbation,OpenGVLab/InternVL3-8B,cuda,far,no_blank_lines,333,135,64,0.40540540540540543,0.4740740740740741,0.1921921921921922,0.5945945945945945,0.0,0.15347816460490504,0.23792691742472533,0.3917317414942433,0.5578510412029617,-0.058975681517081976,0.49684943855298525,0.5675675675675675,0.02702702702702703,0.8125,0.625
perturbation,OpenGVLab/InternVL3-8B,cuda,far,no_indent,333,137,71,0.4114114114114114,0.5182481751824818,0.2132132132132132,0.5885885885885886,0.0,0.17262251315718408,0.2603451486362764,0.43522815818198896,0.6002727521455983,-0.016711769070429018,0.8463109467391264,0.5795795795795796,0.021021021021021023,0.875,0.6875
perturbation,OpenGVLab/InternVL3-8B,cuda,middle,baseline,333,106,52,0.3183183183183183,0.49056603773584906,0.15615615615615616,0.6816816816816818,0.0,0.12111410037954551,0.19904084491209034,0.39740700785165506,0.5843849309893538,-0.06462267142032105,0.510454115436529,0.5555555555555556,0.04504504504504504,0.875,0.5625
perturbation,OpenGVLab/InternVL3-8B,cuda,middle,gaussian_sigma_1,333,108,62,0.32432432432432434,0.5740740740740741,0.18618618618618618,0.6756756756756757,0.0,0.14804206467975872,0.23148799456020586,0.4798518547874811,0.6632077956204363,0.08885912006184322,0.3604455827144409,0.5765765765765766,0.04804804804804805,0.8125,0.5
perturbation,OpenGVLab/InternVL3-8B,cuda,middle,gaussian_sigma_2,333,126,68,0.3783783783783784,0.5396825396825397,0.2042042042042042,0.6216216216216216,0.0,0.164396061310877,0.25075906629808487,0.45276918332225385,0.6242478194966192,0.045492743622882754,0.6129777516113731,0.6036036036036037,0.018018018018018018,0.625,0.5
perturbation,OpenGVLab/InternVL3-8B,cuda,middle,gaussian_sigma_4,333,220,137,0.6606606606606606,0.6227272727272727,0.4114114114114114,0.33933933933933935,0.0,0.3598611872047077,0.4649822266477226,0.5570889798419725,0.6841531934555851,0.24391458307518576,0.0002596493762426519,0.5825825825825826,0.018018018018018018,0.5625,0.875
perturbation,OpenGVLab/InternVL3-8B,cuda,middle,no_blank_lines,333,128,68,0.3843843843843844,0.53125,0.2042042042042042,0.6156156156156156,0.0,0.164396061310877,0.25075906629808487,0.44515370795994524,0.6155252322729605,0.07018055883094809,0.43117377427325065,0.5405405405405406,0.04504504504504504,0.75,0.5
perturbation,OpenGVLab/InternVL3-8B,cuda,middle,no_indent,333,124,67,0.37237237237237236,0.5403225806451613,0.2012012012012012,0.6276276276276276,0.0,0.16166103605011103,0.2475565801640179,0.4527120682749134,0.6255098175847092,0.04145521755535561,0.6475652754133464,0.5615615615615616,0.036036036036036036,0.8125,0.625
perturbation,OpenGVLab/InternVL3-8B,cuda,near,baseline,334,84,46,0.25149700598802394,0.5476190476190477,0.1377245508982036,0.7485029940119761,0.0,0.10486680895488887,0.178820868558844,0.44143037013820663,0.6496427985842067,0.06970525866155973,0.5286594326280251,0.5059880239520959,0.03293413173652695,0.875,0.5
perturbation,OpenGVLab/InternVL3-8B,cuda,near,gaussian_sigma_1,334,87,51,0.26047904191616766,0.5862068965517241,0.15269461077844312,0.7395209580838323,0.0,0.11808578677728235,0.19520157348381698,0.4812159672619939,0.6839068763683301,0.2594831510977133,0.015223501203723724,0.5209580838323353,0.05389221556886228,0.78125,0.4375
perturbation,OpenGVLab/InternVL3-8B,cuda,near,gaussian_sigma_2,334,125,66,0.37425149700598803,0.528,0.19760479041916168,0.625748502994012,0.0,0.1584437690712128,0.24364263943198575,0.4409609341541313,0.6133694037982024,0.12394264070472168,0.1684765079980032,0.5149700598802395,0.05688622754491018,0.625,0.4375
perturbation,OpenGVLab/InternVL3-8B,cuda,near,gaussian_sigma_4,334,204,118,0.6107784431137725,0.5784313725490197,0.3532934131736527,0.3892215568862275,0.0,0.3039644523730919,0.40595865670271736,0.5098321762732071,0.644131331207784,0.20093478766199213,0.003954892338588679,0.5538922155688623,0.020958083832335328,0.5625,0.6875
perturbation,OpenGVLab/InternVL3-8B,cuda,near,no_blank_lines,334,94,54,0.281437125748503,0.574468085106383,0.16167664670658682,0.718562874251497,0.0,0.12607819301423967,0.2049689768952795,0.4735323762443877,0.6695562506909143,0.14638767876945405,0.15916418333793916,0.5299401197604791,0.0658682634730539,0.75,0.4375
perturbation,OpenGVLab/InternVL3-8B,cuda,near,no_indent,334,102,46,0.30538922155688625,0.45098039215686275,0.1377245508982036,0.6946107784431137,0.0,0.10486680895488887,0.178820868558844,0.35794619944555045,0.5475728654707694,0.005336835446456332,0.9575442852857025,0.5179640718562875,0.02694610778443114,0.8125,0.5
perturbation,OpenGVLab/InternVL3-8B,java,far,baseline,333,212,97,0.6366366366366366,0.45754716981132076,0.2912912912912913,0.3633633633633634,0.0,0.24509177571209065,0.34225118234702456,0.39183548820775427,0.5247699679527643,-0.08827400348627011,0.20047815508570196,0.47147147147147145,0.03303303303303303,0.5,0.75
perturbation,OpenGVLab/InternVL3-8B,java,far,gaussian_sigma_1,333,223,109,0.6696696696696697,0.48878923766816146,0.32732732732732733,0.3303303303303303,0.0,0.27914741455469627,0.37944568024241354,0.42392875207975733,0.5540294217655617,-0.055578014088242866,0.40884318362062416,0.4864864864864865,0.012012012012012012,0.4375,0.6875
perturbation,OpenGVLab/InternVL3-8B,java,far,gaussian_sigma_2,333,249,130,0.7477477477477478,0.5220883534136547,0.39039039039039036,0.25225225225225223,0.0,0.3395286542341588,0.44375217985444126,0.4601817615633996,0.5833237618238896,0.01899830977497162,0.7654690529710688,0.4624624624624625,0.02702702702702703,0.3125,0.6875
perturbation,OpenGVLab/InternVL3-8B,java,far,gaussian_sigma_4,333,205,108,0.6156156156156156,0.526829268292683,0.32432432432432434,0.3843843843843844,0.0,0.27629638569955234,0.3763591977027246,0.45861916628441224,0.5940523677209325,0.0680227012023259,0.3324930554274465,0.5405405405405406,0.03003003003003003,0.6875,0.8125
perturbation,OpenGVLab/InternVL3-8B,java,far,no_blank_lines,333,224,106,0.6726726726726727,0.4732142857142857,0.3183183183183183,0.3273273273273273,0.0,0.27060128876999096,0.3701792718426202,0.40883408548921124,0.5384977124104691,-0.062399186841428124,0.35258506897313574,0.45045045045045046,0.03303303303303303,0.5,0.6875
perturbation,OpenGVLab/InternVL3-8B,java,far,no_indent,333,234,99,0.7027027027027027,0.4230769230769231,0.2972972972972973,0.29729729729729726,0.0,0.25074340262976375,0.34847457821901734,0.3615195800964547,0.4871190879536771,-0.20188008594670542,0.0019114753229264993,0.42342342342342343,0.03003003003003003,0.4375,0.875
perturbation,OpenGVLab/InternVL3-8B,java,middle,baseline,333,202,93,0.6066066066066066,0.4603960396039604,0.27927927927927926,0.3933933933933934,0.0,0.23381905263147826,0.3297738598483055,0.39304086205983224,0.5292294128805655,-0.0317698415029085,0.6535431264847343,0.5135135135135135,0.009009009009009009,0.5,0.6875
perturbation,OpenGVLab/InternVL3-8B,java,middle,gaussian_sigma_1,333,205,101,0.6156156156156156,0.4926829268292683,0.3033033033033033,0.3843843843843844,0.0,0.2564049675376505,0.35468803610079624,0.42501214921330754,0.560622886967053,-0.013848179402843828,0.8437705679499744,0.5135135135135135,0.036036036036036036,0.4375,0.625
perturbation,OpenGVLab/InternVL3-8B,java,middle,gaussian_sigma_2,333,243,122,0.7297297297297297,0.5020576131687243,0.3663663663663664,0.2702702702702703,0.0,0.3164146253060274,0.41936611762390985,0.4396513292610333,0.5643998540562977,-0.036576285662719345,0.5704303250811323,0.48348348348348347,0.042042042042042045,0.3125,0.625
perturbation,OpenGVLab/InternVL3-8B,java,middle,gaussian_sigma_4,333,209,113,0.6276276276276276,0.5406698564593302,0.33933933933933935,0.3723723723723724,0.0,0.2905743583944759,0.3917687819819654,0.4729821210154225,0.6068895360113294,0.05308173792191614,0.44526674600174115,0.4984984984984985,0.03003003003003003,0.5625,0.6875
perturbation,OpenGVLab/InternVL3-8B,java,middle,no_blank_lines,333,215,100,0.6456456456456456,0.46511627906976744,0.3003003003003003,0.35435435435435436,0.0,0.25357295346930947,0.3515825387743044,0.3996421689219597,0.5318150600654866,-0.04510169142617711,0.510666499669949,0.4894894894894895,0.03903903903903904,0.4375,0.6875
perturbation,OpenGVLab/InternVL3-8B,java,middle,no_indent,333,219,104,0.6576576576576577,0.4748858447488584,0.3123123123123123,0.3423423423423423,0.0,0.2649155869685906,0.36398995085435487,0.4097524213798223,0.5408851302758999,0.008065956994536216,0.9055256430838811,0.5195195195195195,0.018018018018018018,0.4375,0.75
perturbation,OpenGVLab/InternVL3-8B,java,near,baseline,334,219,103,0.655688622754491,0.4703196347031963,0.3083832335329341,0.344311377245509,0.0,0.2612679922208782,0.35985606861283176,0.4052972584345087,0.5363653026131631,-0.09652443589060015,0.1545672904903412,0.437125748502994,0.02694610778443114,0.5625,0.875
perturbation,OpenGVLab/InternVL3-8B,java,near,gaussian_sigma_1,334,231,108,0.6916167664670658,0.4675324675324675,0.32335329341317365,0.3083832335329342,0.0,0.2754431910056304,0.375280552575446,0.4042477633083824,0.5318793580469111,-0.07874592970756807,0.23318512754734755,0.46706586826347307,0.005988023952095809,0.4375,0.875
perturbation,OpenGVLab/InternVL3-8B,java,near,gaussian_sigma_2,334,241,119,0.7215568862275449,0.49377593360995853,0.3562874251497006,0.2784431137724551,0.0,0.30682867642526096,0.4090143692000215,0.4312493429866201,0.5564978301659587,-0.023156322031354565,0.7205964583130547,0.46706586826347307,0.02694610778443114,0.3125,0.75
perturbation,OpenGVLab/InternVL3-8B,java,near,gaussian_sigma_4,334,206,93,0.6167664670658682,0.45145631067961167,0.27844311377245506,0.38323353293413176,0.0,0.23309960661746768,0.32882508872150945,0.38500797827613664,0.5196819714011115,-0.09088531226692936,0.193874420734766,0.44011976047904194,0.02694610778443114,0.625,0.875
perturbation,OpenGVLab/InternVL3-8B,java,near,no_blank_lines,334,229,109,0.6856287425149701,0.4759825327510917,0.3263473053892216,0.3143712574850299,0.0,0.27828520768880166,0.3783584724417481,0.4122290800070502,0.5405284741857757,-0.08768803447914676,0.18608569590528293,0.45808383233532934,0.029940119760479042,0.4375,0.875
perturbation,OpenGVLab/InternVL3-8B,java,near,no_indent,334,248,117,0.7425149700598802,0.4717741935483871,0.3502994011976048,0.2574850299401198,0.0,0.3011023881368655,0.4029007843894704,0.41054921538453437,0.5338602552977028,-0.05824449110199555,0.361044345722171,0.44610778443113774,0.014970059880239521,0.5,0.9375
perturbation,OpenGVLab/InternVL3-8B,python,far,baseline,333,166,74,0.4984984984984985,0.4457831325301205,0.2222222222222222,0.5015015015015015,0.0,0.18087989538115862,0.2699003005968005,0.3722464688098768,0.5217723407023338,-0.08183956567022654,0.2945368438199865,0.5105105105105106,0.02702702702702703,0.75,0.6875
perturbation,OpenGVLab/InternVL3-8B,python,far,gaussian_sigma_1,333,177,91,0.5315315315315315,0.5141242937853108,0.2732732732732733,0.46846846846846846,0.0,0.228198342292244,0.32351954739787403,0.4409793170146304,0.5866692102235708,0.07076816374132289,0.3492667131702439,0.5015015015015015,0.021021021021021023,0.5625,0.6875
perturbation,OpenGVLab/InternVL3-8B,python,far,gaussian_sigma_2,333,200,103,0.6006006006006006,0.515,0.30930930930930933,0.3993993993993994,0.0,0.26207630392177106,0.3608917225063415,0.44610849192745716,0.5833261482812249,0.04504289340357698,0.5265171893921108,0.5225225225225225,0.02702702702702703,0.4375,0.625
perturbation,OpenGVLab/InternVL3-8B,python,far,gaussian_sigma_4,333,208,154,0.6246246246246246,0.7403846153846154,0.4624624624624625,0.37537537537537535,0.0,0.4096439392582518,0.5161371683063374,0.6768261975402383,0.7952249323787715,0.49918613604701134,1.659290251425184e-14,0.6546546546546547,0.012012012012012012,0.625,0.9375
perturbation,OpenGVLab/InternVL3-8B,python,far,no_blank_lines,333,189,100,0.5675675675675675,0.5291005291005291,0.3003003003003003,0.43243243243243246,0.0,0.25357295346930947,0.3515825387743044,0.4580684386634122,0.5989732372670105,0.08148524469961352,0.26499615523130143,0.5195195195195195,0.036036036036036036,0.5,0.625
perturbation,OpenGVLab/InternVL3-8B,python,far,no_indent,333,185,94,0.5555555555555556,0.5081081081081081,0.2822822822822823,0.4444444444444444,0.0,0.23663335811878725,0.33289706575582945,0.4366392398653691,0.5792471021420209,0.03531802795592496,0.6331697753399442,0.5375375375375375,0.009009009009009009,0.75,0.8125
perturbation,OpenGVLab/InternVL3-8B,python,middle,baseline,333,151,73,0.45345345345345345,0.48344370860927155,0.21921921921921922,0.5465465465465466,0.0,0.17812408316819128,0.266718601414935,0.4051422333793694,0.5625666732785694,0.024341014777115134,0.766721651689276,0.4984984984984985,0.04504504504504504,0.9375,0.75
perturbation,OpenGVLab/InternVL3-8B,python,middle,gaussian_sigma_1,333,164,80,0.4924924924924925,0.4878048780487805,0.24024024024024024,0.5075075075075075,0.0,0.19748224570140688,0.2889230186455495,0.4124630280108287,0.5637049579676938,0.04282315206319319,0.5861255567929077,0.4924924924924925,0.021021021021021023,0.6875,0.625
perturbation,OpenGVLab/InternVL3-8B,python,middle,gaussian_sigma_2,333,210,114,0.6306306306306306,0.5428571428571428,0.34234234234234234,0.36936936936936937,0.0,0.2934367258067405,0.39484392596453366,0.47531442949248526,0.6088600804424332,0.15062838909100645,0.029091072570600403,0.5195195195195195,0.03003003003003003,0.4375,0.625
perturbation,OpenGVLab/InternVL3-8B,python,middle,gaussian_sigma_4,333,197,110,0.5915915915915916,0.5583756345177665,0.3303303303303303,0.4084084084084084,0.0,0.28200074182543755,0.38252986436650505,0.48857304466051565,0.625945143641103,0.10230544459436136,0.1525610421636446,0.5195195195195195,0.021021021021021023,0.5625,0.75
perturbation,OpenGVLab/InternVL3-8B,python,middle,no_blank_lines,333,183,93,0.5495495495495496,0.5081967213114754,0.27927927927927926,0.4504504504504504,0.0,0.23381905263147826,0.3297738598483055,0.43634385437363493,0.5797125392069731,0.10711208638915966,0.14896073830755868,0.5315315315315315,0.018018018018018018,0.625,0.6875
perturbation,OpenGVLab/InternVL3-8B,python,middle,no_indent,333,170,86,0.5105105105105106,0.5058823529411764,0.25825825825825827,0.48948948948948945,0.0,0.21419392153787406,0.3078364111780796,0.4314312857517614,0.5800734497329015,0.046419340701828564,0.5477780943838667,0.5315315315315315,0.018018018018018018,0.8125,0.8125
perturbation,OpenGVLab/InternVL3-8B,python,near,baseline,334,140,64,0.41916167664670656,0.45714285714285713,0.19161676646706588,0.5808383233532934,0.0,0.15300915580187477,0.2372373796023772,0.3768699173117245,0.5397048998627966,-0.048094107565015656,0.5725622397934746,0.47305389221556887,0.03293413173652695,0.8125,0.625
perturbation,OpenGVLab/InternVL3-8B,python,near,gaussian_sigma_1,334,157,71,0.47005988023952094,0.45222929936305734,0.2125748502994012,0.5299401197604791,0.0,0.17209411844544914,0.2595919728051158,0.376443796061413,0.5302966668143809,-0.07954728635864852,0.3220128125320338,0.47604790419161674,0.03592814371257485,0.5625,0.5625
perturbation,OpenGVLab/InternVL3-8B,python,near,gaussian_sigma_2,334,179,87,0.5359281437125748,0.4860335195530726,0.26047904191616766,0.4640718562874252,0.0,0.21632256261428776,0.3100825134278497,0.4138808834972807,0.5587730209713807,0.002599705600010254,0.9724480808785787,0.48502994011976047,0.04491017964071856,0.375,0.4375
perturbation,OpenGVLab/InternVL3-8B,python,near,gaussian_sigma_4,334,197,100,0.5898203592814372,0.5076142131979695,0.2994011976047904,0.41017964071856283,0.0,0.25279142842781743,0.3505728227574727,0.43832656571735307,0.5766105892785102,0.05305478427606835,0.4590317051307164,0.5179640718562875,0.014970059880239521,0.5,0.75
perturbation,OpenGVLab/InternVL3-8B,python,near,no_blank_lines,334,151,68,0.45209580838323354,0.4503311258278146,0.20359281437125748,0.5479041916167664,0.0,0.16389320711152147,0.2500330744906236,0.37318887443797344,0.5299378455358423,-0.07415694043743504,0.3655024093306571,0.4491017964071856,0.03293413173652695,0.5,0.5
perturbation,OpenGVLab/InternVL3-8B,python,near,no_indent,334,163,75,0.4880239520958084,0.4601226993865031,0.2245508982035928,0.5119760479041916,0.0,0.18307634552234556,0.27228949192611257,0.38540765972468033,0.5366740573024333,-0.0033951577344988318,0.9656911673124772,0.47005988023952094,0.038922155688622756,0.6875,0.6875
perturbation,Qwen/Qwen2.5-VL-7B-Instruct,cuda,far,baseline,333,234,212,0.7027027027027027,0.905982905982906,0.6366366366366366,0.29729729729729726,0.0,0.5836915963089219,0.6864651721559739,0.8617596573474875,0.9370918168323727,0.7414552969047393,4.437120007249799e-42,0.8078078078078078,0.021021021021021023,0.5,0.875
perturbation,Qwen/Qwen2.5-VL-7B-Instruct,cuda,far,gaussian_sigma_1,333,219,206,0.6576576576576577,0.9406392694063926,0.6186186186186187,0.3423423423423423,0.0,0.5653769819380754,0.6691547181578232,0.9011019897096475,0.9649846039672247,0.7839732887970224,8.079198273417541e-47,0.8258258258258259,0.02702702702702703,0.5625,0.875
perturbation,Qwen/Qwen2.5-VL-7B-Instruct,cuda,far,gaussian_sigma_2,333,216,195,0.6486486486486487,0.9027777777777778,0.5855855855855856,0.3513513513513513,0.0,0.5319929506128517,0.6372261241398852,0.8559501874990117,0.9355292765356448,0.7374967662151046,2.4326098963751674e-38,0.8138138138138138,0.015015015015015015,0.5625,0.8125
perturbation,Qwen/Qwen2.5-VL-7B-Instruct,cuda,far,gaussian_sigma_4,333,187,158,0.5615615615615616,0.8449197860962567,0.4744744744744745,0.43843843843843844,0.0,0.42143882534433696,0.5280923277995837,0.7861529298418368,0.8898008214926805,0.6263163036047976,9.131544139014236e-22,0.6996996996996997,0.036036036036036036,0.4375,0.4375
perturbation,Qwen/Qwen2.5-VL-7B-Instruct,cuda,far,no_blank_lines,333,209,192,0.6276276276276276,0.9186602870813397,0.5765765765765766,0.3723723723723724,0.0,0.5229303980126305,0.6284761425556078,0.8736109129630798,0.9485973211358361,0.7457066471772594,2.319627252954597e-38,0.8048048048048048,0.018018018018018018,0.625,0.8125
perturbation,Qwen/Qwen2.5-VL-7B-Instruct,cuda,far,no_indent,333,229,210,0.6876876876876877,0.9170305676855895,0.6306306306306306,0.31231231231231227,0.0,0.5775782936897979,0.6807034519854321,0.8740586413789567,0.9462420085456117,0.7491452469479908,1.7481715680045125e-42,0.8288288288288288,0.021021021021021023,0.5,0.8125
perturbation,Qwen/Qwen2.5-VL-7B-Instruct,cuda,middle,baseline,333,189,149,0.5675675675675675,0.7883597883597884,0.44744744744744747,0.43243243243243246,0.0,0.3949435628148472,0.5011499877755776,0.724678800184377,0.8405523522170849,0.5534664838340543,1.46342613795048e-16,0.6546546546546547,0.018018018018018018,0.5625,0.625
perturbation,Qwen/Qwen2.5-VL-7B-Instruct,cuda,middle,gaussian_sigma_1,333,182,150,0.5465465465465466,0.8241758241758241,0.45045045045045046,0.45345345345345345,0.0,0.39787978012961217,0.5041512818556455,0.7623361459855162,0.8726136695658684,0.6418091411376672,1.6304093513141602e-22,0.6606606606606606,0.018018018018018018,0.5625,0.5625
perturbation,Qwen/Qwen2.5-VL-7B-Instruct,cuda,middle,gaussian_sigma_2,333,177,142,0.5315315315315315,0.8022598870056498,0.4264264264264264,0.46846846846846846,0.0,0.3744444702587027,0.480086500567892,0.7374350033255157,0.8542434795719898,0.6159151618849745,7.250258988208362e-20,0.6546546546546547,0.024024024024024024,0.625,0.625
perturbation,Qwen/Qwen2.5-VL-7B-Instruct,cuda,middle,gaussian_sigma_4,333,148,103,0.4444444444444444,0.6959459459459459,0.30930930930930933,0.5555555555555556,0.0,0.26207630392177106,0.3608917225063415,0.6176538029488693,0.7643235598245665,0.4106949700355453,2.1652879513099705e-07,0.5855855855855856,0.07207207207207207,0.4375,0.375
perturbation,Qwen/Qwen2.5-VL-7B-Instruct,cuda,middle,no_blank_lines,333,164,129,0.4924924924924925,0.7865853658536586,0.38738738738738737,0.5075075075075075,0.0,0.3366321369082859,0.44071118578548135,0.7176955274090704,0.842356802095648,0.5807970733592379,3.570802248903706e-16,0.6726726726726727,0.03303303303303303,0.625,0.625
perturbation,Qwen/Qwen2.5-VL-7B-Instruct,cuda,middle,no_indent,333,178,144,0.5345345345345346,0.8089887640449438,0.43243243243243246,0.4654654654654654,0.0,0.38029159161965925,0.4861144019966012,0.744954600608293,0.8599679550805401,0.6146562484165579,7.107278259622397e-20,0.6786786786786787,0.021021021021021023,0.5625,0.5625
perturbation,Qwen/Qwen2.5-VL-7B-Instruct,cuda,near,baseline,334,204,121,0.6107784431137725,0.5931372549019608,0.36227544910179643,0.3892215568862275,0.0,0.312563555857568,0.4151193628666612,0.5246079386005832,0.6582237265330936,0.18936912626820565,0.0066737212631731956,0.5778443113772455,0.03592814371257485,0.53125,0.625
perturbation,Qwen/Qwen2.5-VL-7B-Instruct,cuda,near,gaussian_sigma_1,334,194,114,0.5808383233532934,0.5876288659793815,0.3413173652694611,0.41916167664670656,0.0,0.2925292810939727,0.3937140817839435,0.5173124478459307,0.6545423302307644,0.20642036506377925,0.0038808451327497447,0.5958083832335329,0.02694610778443114,0.5625,0.625
perturbation,Qwen/Qwen2.5-VL-7B-Instruct,cuda,near,gaussian_sigma_2,334,167,100,0.5,0.5988023952095808,0.2994011976047904,0.5,0.0,0.25279142842781743,0.3505728227574727,0.5230497337218329,0.6701118104829316,0.22930220878323143,0.0028749496277874834,0.562874251497006,0.03592814371257485,0.625,0.625
perturbation,Qwen/Qwen2.5-VL-7B-Instruct,cuda,near,gaussian_sigma_4,334,154,95,0.46107784431137727,0.6168831168831169,0.2844311377245509,0.5389221556886228,0.0,0.2387131414244622,0.3350514270134616,0.5381440482159345,0.6899329112152093,0.21868877201814305,0.006433881861819871,0.562874251497006,0.05389221556886228,0.4375,0.375
perturbation,Qwen/Qwen2.5-VL-7B-Instruct,cuda,near,no_blank_lines,334,175,100,0.5239520958083832,0.5714285714285714,0.2994011976047904,0.4760479041916168,0.0,0.25279142842781743,0.3505728227574727,0.49734993648142406,0.6424386794516685,0.16388747627594172,0.030222259334557515,0.5688622754491018,0.029940119760479042,0.625,0.625
perturbation,Qwen/Qwen2.5-VL-7B-Instruct,cuda,near,no_indent,334,187,112,0.5598802395209581,0.5989304812834224,0.33532934131736525,0.4401197604790419,0.0,0.2868249146489196,0.38757857513004984,0.527374585660891,0.6665036220862185,0.2091770872899368,0.0040643014434581445,0.5838323353293413,0.03592814371257485,0.5625,0.5625
perturbation,Qwen/Qwen2.5-VL-7B-Instruct,java,far,baseline,333,177,138,0.5315315315315315,0.7796610169491526,0.4144144144144144,0.46846846846846846,0.0,0.36277387586011484,0.46800704938714827,0.713020574860883,0.8344202644555007,0.5474086652358877,3.1671268576222115e-15,0.6816816816816816,0.02702702702702703,0.75,0.6875
perturbation,Qwen/Qwen2.5-VL-7B-Instruct,java,far,gaussian_sigma_1,333,180,138,0.5405405405405406,0.7666666666666667,0.4144144144144144,0.45945945945945943,0.0,0.36277387586011484,0.46800704938714827,0.6997021803760345,0.8224868873991052,0.4893530171857981,3.152699900311326e-12,0.6486486486486487,0.03903903903903904,0.6875,0.6875
perturbation,Qwen/Qwen2.5-VL-7B-Instruct,java,far,gaussian_sigma_2,333,182,138,0.5465465465465466,0.7582417582417582,0.4144144144144144,0.45345345345345345,0.0,0.36277387586011484,0.46800704938714827,0.6911165965004121,0.8146908836845893,0.5353343736186164,6.9221404321376206e-15,0.6816816816816816,0.018018018018018018,0.75,0.75
perturbation,Qwen/Qwen2.5-VL-7B-Instruct,java,far,gaussian_sigma_4,333,114,67,0.34234234234234234,0.5877192982456141,0.2012012012012012,0.6576576576576576,0.0,0.16166103605011103,0.2475565801640179,0.4959386032736192,0.6737809521371104,0.2493714122461216,0.0074590347447068845,0.5675675675675675,0.04804804804804805,0.625,0.375
perturbation,Qwen/Qwen2.5-VL-7B-Instruct,java,far,no_blank_lines,333,168,129,0.5045045045045045,0.7678571428571429,0.38738738738738737,0.49549549549549554,0.0,0.3366321369082859,0.44071118578548135,0.6984608386719704,0.8252777318548861,0.5143502357055921,9.923577790199893e-13,0.6966966966966966,0.03003003003003003,0.75,0.625
perturbation,Qwen/Qwen2.5-VL-7B-Instruct,java,far,no_indent,333,167,129,0.5015015015015015,0.7724550898203593,0.38738738738738737,0.4984984984984985,0.0,0.3366321369082859,0.44071118578548135,0.7031641603554811,0.829493431239476,0.5723733575538389,6.432232378665507e-16,0.6936936936936937,0.021021021021021023,0.75,0.75
perturbation,Qwen/Qwen2.5-VL-7B-Instruct,java,middle,baseline,333,175,99,0.5255255255255256,0.5657142857142857,0.2972972972972973,0.47447447447447444,0.0,0.25074340262976375,0.34847457821901734,0.4916449535134333,0.6369605731450119,0.1403336070673071,0.06398103019689852,0.5765765765765766,0.021021021021021023,0.625,0.5625
perturbation,Qwen/Qwen2.5-VL-7B-Instruct,java,middle,gaussian_sigma_1,333,175,101,0.5255255255255256,0.5771428571428572,0.3033033033033033,0.47447447447447444,0.0,0.2564049675376505,0.35468803610079624,0.5030645731571901,0.6479071320505498,0.18742299768901882,0.013004197041453848,0.5345345345345346,0.04804804804804805,0.625,0.5625
perturbation,Qwen/Qwen2.5-VL-7B-Instruct,java,middle,gaussian_sigma_2,333,172,98,0.5165165165165165,0.5697674418604651,0.29429429429429427,0.48348348348348347,0.0,0.24791633613144573,0.3453641333225024,0.4950481800540244,0.641438403718423,0.14609380826202875,0.05583719577694373,0.5525525525525525,0.03303303303303303,0.6875,0.5625
perturbation,Qwen/Qwen2.5-VL-7B-Instruct,java,middle,gaussian_sigma_4,333,128,69,0.3843843843843844,0.5390625,0.2072072072072072,0.6156156156156156,0.0,0.16713468688128458,0.25395795212251016,0.4528298312720518,0.6230188440190805,0.08602559928714114,0.3342882839242607,0.5345345345345346,0.03903903903903904,0.625,0.375
perturbation,Qwen/Qwen2.5-VL-7B-Instruct,java,middle,no_blank_lines,333,156,85,0.46846846846846846,0.5448717948717948,0.2552552552552553,0.5315315315315315,0.0,0.21140138818909154,0.30469143313202923,0.4665858424673086,0.6210009457370258,0.09407350239359469,0.2427582134848719,0.5885885885885885,0.018018018018018018,0.6875,0.5625
perturbation,Qwen/Qwen2.5-VL-7B-Instruct,java,middle,no_indent,333,164,88,0.4924924924924925,0.5365853658536586,0.26426426426426425,0.5075075075075075,0.0,0.21978742968304069,0.3141179258225787,0.4603031878123809,0.6111928542520513,0.11502680431623408,0.1424665512420506,0.5585585585585585,0.024024024024024024,0.75,0.6875
perturbation,Qwen/Qwen2.5-VL-7B-Instruct,java,near,baseline,334,162,94,0.48502994011976047,0.5802469135802469,0.281437125748503,0.5149700598802396,0.0,0.23590508031408208,0.3319395515743684,0.5032538870943596,0.6535223507950508,0.15966269968886124,0.04240980332687169,0.5239520958083832,0.041916167664670656,0.6875,0.5625
perturbation,Qwen/Qwen2.5-VL-7B-Instruct,java,near,gaussian_sigma_1,334,165,92,0.4940119760479042,0.5575757575757576,0.2754491017964072,0.5059880239520957,0.0,0.2302967454726118,0.32570801331689214,0.4813374248604851,0.6311941780568859,0.11540591928034313,0.13992170933358156,0.5269461077844312,0.023952095808383235,0.6875,0.5625
perturbation,Qwen/Qwen2.5-VL-7B-Instruct,java,near,gaussian_sigma_2,334,169,95,0.5059880239520959,0.5621301775147929,0.2844311377245509,0.49401197604790414,0.0,0.2387131414244622,0.3350514270134616,0.48677332777313087,0.6347252996006719,0.08574812737093265,0.2676479042342596,0.5179640718562875,0.023952095808383235,0.75,0.625
perturbation,Qwen/Qwen2.5-VL-7B-Instruct,java,near,gaussian_sigma_4,334,110,59,0.32934131736526945,0.5363636363636364,0.17664670658682635,0.6706586826347305,0.0,0.13949098958827313,0.22115586306861243,0.44352397913274194,0.6267491892092099,0.14278199395753685,0.1367406665205381,0.5119760479041916,0.038922155688622756,0.625,0.375
perturbation,Qwen/Qwen2.5-VL-7B-Instruct,java,near,no_blank_lines,334,150,93,0.4491017964071856,0.62,0.27844311377245506,0.5508982035928144,0.0,0.23309960661746768,0.32882508872150945,0.5402444138161206,0.6937627275355409,0.21336149931174628,0.008753552256327136,0.5209580838323353,0.041916167664670656,0.6875,0.5625
perturbation,Qwen/Qwen2.5-VL-7B-Instruct,java,near,no_indent,334,159,87,0.47604790419161674,0.5471698113207547,0.26047904191616766,0.5239520958083832,0.0,0.21632256261428776,0.3100825134278497,0.46959600192610984,0.6225181323283406,0.1380788050404525,0.08261800932412373,0.562874251497006,0.014970059880239521,0.75,0.625
perturbation,Qwen/Qwen2.5-VL-7B-Instruct,python,far,baseline,333,179,153,0.5375375375375375,0.8547486033519553,0.4594594594594595,0.4624624624624625,0.0,0.4067000122326645,0.5131435839370918,0.7956815947751242,0.8989092317208743,0.6562050182910729,2.04764620837553e-23,0.7447447447447447,0.012012012012012012,0.9375,0.875
perturbation,Qwen/Qwen2.5-VL-7B-Instruct,python,far,gaussian_sigma_1,333,186,165,0.5585585585585585,0.8870967741935484,0.4954954954954955,0.4414414414414415,0.0,0.4421534265165243,0.5489403063912265,0.8335689543144769,0.9249587186950761,0.721328989896422,3.602491085970776e-31,0.7387387387387387,0.024024024024024024,0.875,0.875
perturbation,Qwen/Qwen2.5-VL-7B-Instruct,python,far,gaussian_sigma_2,333,175,147,0.5255255255255256,0.84,0.44144144144144143,0.47447447447447444,0.0,0.38907693926389203,0.495141588536867,0.7784732458333339,0.8869205660081865,0.6281685432611385,1.3409712960644446e-20,0.7027027027027027,0.024024024024024024,0.875,0.75
perturbation,Qwen/Qwen2.5-VL-7B-Instruct,python,far,gaussian_sigma_4,333,183,157,0.5495495495495496,0.8579234972677595,0.47147147147147145,0.4504504504504504,0.0,0.41848723165657703,0.5251064100925108,0.79996591061679,0.9011632757364196,0.6986619889419163,4.025683485252565e-28,0.7597597597597597,0.018018018018018018,0.75,0.8125
perturbation,Qwen/Qwen2.5-VL-7B-Instruct,python,far,no_blank_lines,333,157,127,0.47147147147147145,0.8089171974522293,0.3813813813813814,0.5285285285285286,0.0,0.3308452818421769,0.4346230180619247,0.7403336670599492,0.8627446730099173,0.6026729356748732,6.772212138651718e-17,0.7267267267267268,0.03303303303303303,1.0,0.8125
perturbation,Qwen/Qwen2.5-VL-7B-Instruct,python,far,no_indent,333,166,139,0.4984984984984985,0.8373493975903614,0.4174174174174174,0.5015015015015015,0.0,0.3656885544926583,0.4710298821494377,0.7736953899222655,0.8857431286684231,0.6005363797250102,1.2069885792558532e-17,0.7177177177177178,0.024024024024024024,0.9375,0.875
perturbation,Qwen/Qwen2.5-VL-7B-Instruct,python,middle,baseline,333,135,99,0.40540540540540543,0.7333333333333333,0.2972972972972973,0.5945945945945945,0.0,0.25074340262976375,0.34847457821901734,0.6530377880086051,0.8007171677165499,0.4731738518034034,6.814331892012085e-09,0.6426426426426426,0.024024024024024024,0.875,0.625
perturbation,Qwen/Qwen2.5-VL-7B-Instruct,python,middle,gaussian_sigma_1,333,129,97,0.38738738738738737,0.751937984496124,0.2912912912912913,0.6126126126126126,0.0,0.24509177571209065,0.34225118234702456,0.6708487306573387,0.8184563445581876,0.49642698022366194,2.1906133835276258e-09,0.6276276276276276,0.036036036036036036,0.875,0.5625
perturbation,Qwen/Qwen2.5-VL-7B-Instruct,python,middle,gaussian_sigma_2,333,138,100,0.4144144144144144,0.7246376811594203,0.3003003003003003,0.5855855855855856,0.0,0.25357295346930947,0.3515825387743044,0.6447903915243016,0.7923173519766729,0.44900436804896016,3.320854897768439e-08,0.6126126126126126,0.03003003003003003,0.8125,0.625
perturbation,Qwen/Qwen2.5-VL-7B-Instruct,python,middle,gaussian_sigma_4,333,140,111,0.42042042042042044,0.7928571428571428,0.3333333333333333,0.5795795795795795,0.0,0.28485635171297025,0.38561176587380525,0.7183483042801226,0.8517237783606497,0.48868594795104764,9.029499389464346e-10,0.6846846846846847,0.05105105105105105,0.75,0.5625
perturbation,Qwen/Qwen2.5-VL-7B-Instruct,python,middle,no_blank_lines,333,122,88,0.3663663663663664,0.7213114754098361,0.26426426426426425,0.6336336336336337,0.0,0.21978742968304069,0.3141179258225787,0.6359296638745752,0.7931816997893045,0.43623172560828294,5.095764722294528e-07,0.6066066066066066,0.03303303303303303,0.9375,0.6875
perturbation,Qwen/Qwen2.5-VL-7B-Instruct,python,middle,no_indent,333,135,98,0.40540540540540543,0.725925925925926,0.29429429429429427,0.5945945945945945,0.0,0.24791633613144573,0.3453641333225024,0.6452181868209285,0.7941318496748567,0.4422792369803762,7.845886477105901e-08,0.6426426426426426,0.02702702702702703,0.875,0.625
perturbation,Qwen/Qwen2.5-VL-7B-Instruct,python,near,baseline,334,116,75,0.3473053892215569,0.646551724137931,0.2245508982035928,0.652694610778443,0.0,0.18307634552234556,0.27228949192611257,0.5561379986313376,0.7275701632566994,0.18941507549492578,0.041705814154161434,0.6137724550898204,0.03592814371257485,0.8125,0.5625
perturbation,Qwen/Qwen2.5-VL-7B-Instruct,python,near,gaussian_sigma_1,334,116,79,0.3473053892215569,0.6810344827586207,0.23652694610778444,0.652694610778443,0.0,0.194110243651807,0.28493533999454423,0.5915848546593726,0.7588781688493788,0.24560610479900927,0.00787352621431626,0.6167664670658682,0.03293413173652695,0.875,0.5625
perturbation,Qwen/Qwen2.5-VL-7B-Instruct,python,near,gaussian_sigma_2,334,138,90,0.41317365269461076,0.6521739130434783,0.2694610778443114,0.5868263473053892,0.0,0.22469896521795457,0.31946592047260275,0.5695636217454384,0.7265416238519958,0.24506742884211075,0.0037673058253426795,0.6167664670658682,0.017964071856287425,0.8125,0.5625
perturbation,Qwen/Qwen2.5-VL-7B-Instruct,python,near,gaussian_sigma_4,334,110,67,0.32934131736526945,0.6090909090909091,0.20059880239520958,0.6706586826347305,0.0,0.16116666588619338,0.24683967916647842,0.5156993628097574,0.6951201422160979,0.23358578955996465,0.014050940820430258,0.5568862275449101,0.02694610778443114,0.75,0.4375
perturbation,Qwen/Qwen2.5-VL-7B-Instruct,python,near,no_blank_lines,334,112,72,0.33532934131736525,0.6428571428571429,0.2155688622754491,0.6646706586826348,0.0,0.1748346688086807,0.26277135899135756,0.5507355016059547,0.7255041135177758,0.16114083281951297,0.08963350380997277,0.6197604790419161,0.038922155688622756,0.9375,0.5625
perturbation,Qwen/Qwen2.5-VL-7B-Instruct,python,near,no_indent,334,119,78,0.3562874251497006,0.6554621848739496,0.23353293413173654,0.6437125748502994,0.0,0.19134707909372595,0.281778568003152,0.56642363175177,0.7347776105259464,0.21174908162307726,0.020788277560654555,0.6197604790419161,0.03293413173652695,0.875,0.5625
