run_id,model,model_revision,language,contrast_id,contrast_type,variant_i,variant_j,preference_target_variant,strict_valid,target_selected,parse_failure,content_signal_c,position_bias_b,target_content_signal,debiased_target_selected,debiased_tie
E5A_rq3_text_plus_image_qwen_20260730,Qwen/Qwen2.5-VL-7B-Instruct,cc594898137f460bfe9f0759e9844b3ce807cfb5,cuda,rq3g_cuda_000__c1,visual_only_gold,golden,ugly_gold,golden,False,False,False,0.5,-1.75,0.5,True,False
E5A_rq3_text_plus_image_qwen_20260730,Qwen/Qwen2.5-VL-7B-Instruct,cc594898137f460bfe9f0759e9844b3ce807cfb5,cuda,rq3g_cuda_000__c2,semantic_and_visual_aligned,golden,beautiful_trash,golden,True,True,False,3.1875,-0.8125,3.1875,True,False
E5A_rq3_text_plus_image_qwen_20260730,Qwen/Qwen2.5-VL-7B-Instruct,cc594898137f460bfe9f0759e9844b3ce807cfb5,cuda,rq3g_cuda_000__c3,semantic_and_visual_aligned,golden,ugly_trash,golden,True,True,False,3.0,-0.625,3.0,True,False
E5A_rq3_text_plus_image_qwen_20260730,Qwen/Qwen2.5-VL-7B-Instruct,cc594898137f460bfe9f0759e9844b3ce807cfb5,cuda,rq3g_cuda_000__c4,semantic_visual_conflict_primary,ugly_gold,beautiful_trash,ugly_gold,True,True,False,2.75,-0.875,2.75,True,False
E5A_rq3_text_plus_image_qwen_20260730,Qwen/Qwen2.5-VL-7B-Instruct,cc594898137f460bfe9f0759e9844b3ce807cfb5,cuda,rq3g_cuda_000__c5,semantic_only_under_ugly,ugly_gold,ugly_trash,ugly_gold,True,True,False,2.6875,-0.4375,2.6875,True,False
E5A_rq3_text_plus_image_qwen_20260730,Qwen/Qwen2.5-VL-7B-Instruct,cc594898137f460bfe9f0759e9844b3ce807cfb5,cuda,rq3g_cuda_000__c6,visual_only_trash,beautiful_trash,ugly_trash,beautiful_trash,False,False,False,0.3125,-1.1875,0.3125,True,False
E5A_rq3_text_plus_image_qwen_20260730,Qwen/Qwen2.5-VL-7B-Instruct,cc594898137f460bfe9f0759e9844b3ce807cfb5,cuda,rq3g_cuda_001__c1,visual_only_gold,golden,ugly_gold,golden,False,False,False,0.875,-2.25,0.875,True,False
E5A_rq3_text_plus_image_qwen_20260730,Qwen/Qwen2.5-VL-7B-Instruct,cc594898137f460bfe9f0759e9844b3ce807cfb5,cuda,rq3g_cuda_001__c2,semantic_and_visual_aligned,golden,beautiful_trash,golden,True,True,False,1.5,-1.375,1.5,True,False
E5A_rq3_text_plus_image_qwen_20260730,Qwen/Qwen2.5-VL-7B-Instruct,cc594898137f460bfe9f0759e9844b3ce807cfb5,cuda,rq3g_cuda_001__c3,semantic_and_visual_aligned,golden,ugly_trash,golden,True,True,False,1.6875,-1.3125,1.6875,True,False
E5A_rq3_text_plus_image_qwen_20260730,Qwen/Qwen2.5-VL-7B-Instruct,cc594898137f460bfe9f0759e9844b3ce807cfb5,cuda,rq3g_cuda_001__c4,semantic_visual_conflict_primary,ugly_gold,beautiful_trash,ugly_gold,False,False,False,0.75,-2.25,0.75,True,False
E5A_rq3_text_plus_image_qwen_20260730,Qwen/Qwen2.5-VL-7B-Instruct,cc594898137f460bfe9f0759e9844b3ce807cfb5,cuda,rq3g_cuda_001__c5,semantic_only_under_ugly,ugly_gold,ugly_trash,ugly_gold,False,False,False,1.25,-1.875,1.25,True,False
E5A_rq3_text_plus_image_qwen_20260730,Qwen/Qwen2.5-VL-7B-Instruct,cc594898137f460bfe9f0759e9844b3ce807cfb5,cuda,rq3g_cuda_001__c6,visual_only_trash,beautiful_trash,ugly_trash,beautiful_trash,False,False,False,0.5625,-1.1875,0.5625,True,False
E5A_rq3_text_plus_image_qwen_20260730,Qwen/Qwen2.5-VL-7B-Instruct,cc594898137f460bfe9f0759e9844b3ce807cfb5,cuda,rq3g_cuda_002__c1,visual_only_gold,golden,ugly_gold,golden,False,False,False,0.5,-0.875,0.5,True,False
E5A_rq3_text_plus_image_qwen_20260730,Qwen/Qwen2.5-VL-7B-Instruct,cc594898137f460bfe9f0759e9844b3ce807cfb5,cuda,rq3g_cuda_002__c2,semantic_and_visual_aligned,golden,beautiful_trash,golden,True,True,False,3.375,-0.75,3.375,True,False
E5A_rq3_text_plus_image_qwen_20260730,Qwen/Qwen2.5-VL-7B-Instruct,cc594898137f460bfe9f0759e9844b3ce807cfb5,cuda,rq3g_cuda_002__c3,semantic_and_visual_aligned,golden,ugly_trash,golden,True,True,False,3.1875,-0.3125,3.1875,True,False
E5A_rq3_text_plus_image_qwen_20260730,Qwen/Qwen2.5-VL-7B-Instruct,cc594898137f460bfe9f0759e9844b3ce807cfb5,cuda,rq3g_cuda_002__c4,semantic_visual_conflict_primary,ugly_gold,beautiful_trash,ugly_gold,True,True,False,2.9375,-1.0625,2.9375,True,False
E5A_rq3_text_plus_image_qwen_20260730,Qwen/Qwen2.5-VL-7B-Instruct,cc594898137f460bfe9f0759e9844b3ce807cfb5,cuda,rq3g_cuda_002__c5,semantic_only_under_ugly,ugly_gold,ugly_trash,ugly_gold,True,True,False,2.6875,-0.9375,2.6875,True,False
E5A_rq3_text_plus_image_qwen_20260730,Qwen/Qwen2.5-VL-7B-Instruct,cc594898137f460bfe9f0759e9844b3ce807cfb5,cuda,rq3g_cuda_002__c6,visual_only_trash,beautiful_trash,ugly_trash,beautiful_trash,False,False,False,0.375,-1.375,0.375,True,False
E5A_rq3_text_plus_image_qwen_20260730,Qwen/Qwen2.5-VL-7B-Instruct,cc594898137f460bfe9f0759e9844b3ce807cfb5,cuda,rq3g_cuda_003__c1,visual_only_gold,golden,ugly_gold,golden,False,False,False,0.5,-2.0,0.5,True,False
E5A_rq3_text_plus_image_qwen_20260730,Qwen/Qwen2.5-VL-7B-Instruct,cc594898137f460bfe9f0759e9844b3ce807cfb5,cuda,rq3g_cuda_003__c2,semantic_and_visual_aligned,golden,beautiful_trash,golden,False,False,False,1.4375,-2.4375,1.4375,True,False
E5A_rq3_text_plus_image_qwen_20260730,Qwen/Qwen2.5-VL-7B-Instruct,cc594898137f460bfe9f0759e9844b3ce807cfb5,cuda,rq3g_cuda_003__c3,semantic_and_visual_aligned,golden,ugly_trash,golden,False,False,False,1.5625,-2.4375,1.5625,True,False
E5A_rq3_text_plus_image_qwen_20260730,Qwen/Qwen2.5-VL-7B-Instruct,cc594898137f460bfe9f0759e9844b3ce807cfb5,cuda,rq3g_cuda_003__c4,semantic_visual_conflict_primary,ugly_gold,beautiful_trash,ugly_gold,False,False,False,0.5,-2.875,0.5,True,False
E5A_rq3_text_plus_image_qwen_20260730,Qwen/Qwen2.5-VL-7B-Instruct,cc594898137f460bfe9f0759e9844b3ce807cfb5,cuda,rq3g_cuda_003__c5,semantic_only_under_ugly,ugly_gold,ugly_trash,ugly_gold,False,False,False,1.0625,-2.6875,1.0625,True,False
E5A_rq3_text_plus_image_qwen_20260730,Qwen/Qwen2.5-VL-7B-Instruct,cc594898137f460bfe9f0759e9844b3ce807cfb5,cuda,rq3g_cuda_003__c6,visual_only_trash,beautiful_trash,ugly_trash,beautiful_trash,False,False,False,0.875,-1.25,0.875,True,False
E5A_rq3_text_plus_image_qwen_20260730,Qwen/Qwen2.5-VL-7B-Instruct,cc594898137f460bfe9f0759e9844b3ce807cfb5,cuda,rq3g_cuda_004__c1,visual_only_gold,golden,ugly_gold,golden,False,False,False,0.125,-2.0,0.125,True,False
E5A_rq3_text_plus_image_qwen_20260730,Qwen/Qwen2.5-VL-7B-Instruct,cc594898137f460bfe9f0759e9844b3ce807cfb5,cuda,rq3g_cuda_004__c2,semantic_and_visual_aligned,golden,beautiful_trash,golden,True,True,False,3.0,-1.0,3.0,True,False
E5A_rq3_text_plus_image_qwen_20260730,Qwen/Qwen2.5-VL-7B-Instruct,cc594898137f460bfe9f0759e9844b3ce807cfb5,cuda,rq3g_cuda_004__c3,semantic_and_visual_aligned,golden,ugly_trash,golden,True,True,False,3.125,-1.25,3.125,True,False
E5A_rq3_text_plus_image_qwen_20260730,Qwen/Qwen2.5-VL-7B-Instruct,cc594898137f460bfe9f0759e9844b3ce807cfb5,cuda,rq3g_cuda_004__c4,semantic_visual_conflict_primary,ugly_gold,beautiful_trash,ugly_gold,True,True,False,2.5,-1.125,2.5,True,False
E5A_rq3_text_plus_image_qwen_20260730,Qwen/Qwen2.5-VL-7B-Instruct,cc594898137f460bfe9f0759e9844b3ce807cfb5,cuda,rq3g_cuda_004__c5,semantic_only_under_ugly,ugly_gold,ugly_trash,ugly_gold,True,True,False,3.1875,-1.1875,3.1875,True,False
E5A_rq3_text_plus_image_qwen_20260730,Qwen/Qwen2.5-VL-7B-Instruct,cc594898137f460bfe9f0759e9844b3ce807cfb5,cuda,rq3g_cuda_004__c6,visual_only_trash,beautiful_trash,ugly_trash,beautiful_trash,False,False,False,0.375,-0.75,0.375,True,False
E5A_rq3_text_plus_image_qwen_20260730,Qwen/Qwen2.5-VL-7B-Instruct,cc594898137f460bfe9f0759e9844b3ce807cfb5,cuda,rq3g_cuda_005__c1,visual_only_gold,golden,ugly_gold,golden,False,False,False,0.625,-0.875,0.625,True,False
E5A_rq3_text_plus_image_qwen_20260730,Qwen/Qwen2.5-VL-7B-Instruct,cc594898137f460bfe9f0759e9844b3ce807cfb5,cuda,rq3g_cuda_005__c2,semantic_and_visual_aligned,golden,beautiful_trash,golden,True,True,False,3.75,-1.375,3.75,True,False
E5A_rq3_text_plus_image_qwen_20260730,Qwen/Qwen2.5-VL-7B-Instruct,cc594898137f460bfe9f0759e9844b3ce807cfb5,cuda,rq3g_cuda_005__c3,semantic_and_visual_aligned,golden,ugly_trash,golden,True,True,False,3.625,-0.625,3.625,True,False
E5A_rq3_text_plus_image_qwen_20260730,Qwen/Qwen2.5-VL-7B-Instruct,cc594898137f460bfe9f0759e9844b3ce807cfb5,cuda,rq3g_cuda_005__c4,semantic_visual_conflict_primary,ugly_gold,beautiful_trash,ugly_gold,True,True,False,3.25,-1.125,3.25,True,False
E5A_rq3_text_plus_image_qwen_20260730,Qwen/Qwen2.5-VL-7B-Instruct,cc594898137f460bfe9f0759e9844b3ce807cfb5,cuda,rq3g_cuda_005__c5,semantic_only_under_ugly,ugly_gold,ugly_trash,ugly_gold,True,True,False,3.25,-0.75,3.25,True,False
E5A_rq3_text_plus_image_qwen_20260730,Qwen/Qwen2.5-VL-7B-Instruct,cc594898137f460bfe9f0759e9844b3ce807cfb5,cuda,rq3g_cuda_005__c6,visual_only_trash,beautiful_trash,ugly_trash,beautiful_trash,False,False,False,0.1875,-1.1875,0.1875,True,False
E5A_rq3_text_plus_image_qwen_20260730,Qwen/Qwen2.5-VL-7B-Instruct,cc594898137f460bfe9f0759e9844b3ce807cfb5,cuda,rq3g_cuda_006__c1,visual_only_gold,golden,ugly_gold,golden,False,False,False,0.375,-1.875,0.375,True,False
E5A_rq3_text_plus_image_qwen_20260730,Qwen/Qwen2.5-VL-7B-Instruct,cc594898137f460bfe9f0759e9844b3ce807cfb5,cuda,rq3g_cuda_006__c2,semantic_and_visual_aligned,golden,beautiful_trash,golden,True,True,False,2.625,-1.25,2.625,True,False
E5A_rq3_text_plus_image_qwen_20260730,Qwen/Qwen2.5-VL-7B-Instruct,cc594898137f460bfe9f0759e9844b3ce807cfb5,cuda,rq3g_cuda_006__c3,semantic_and_visual_aligned,golden,ugly_trash,golden,True,True,False,2.5,-1.125,2.5,True,False
E5A_rq3_text_plus_image_qwen_20260730,Qwen/Qwen2.5-VL-7B-Instruct,cc594898137f460bfe9f0759e9844b3ce807cfb5,cuda,rq3g_cuda_006__c4,semantic_visual_conflict_primary,ugly_gold,beautiful_trash,ugly_gold,True,True,False,2.375,-1.75,2.375,True,False
E5A_rq3_text_plus_image_qwen_20260730,Qwen/Qwen2.5-VL-7B-Instruct,cc594898137f460bfe9f0759e9844b3ce807cfb5,cuda,rq3g_cuda_006__c5,semantic_only_under_ugly,ugly_gold,ugly_trash,ugly_gold,True,True,False,2.6875,-1.6875,2.6875,True,False
E5A_rq3_text_plus_image_qwen_20260730,Qwen/Qwen2.5-VL-7B-Instruct,cc594898137f460bfe9f0759e9844b3ce807cfb5,cuda,rq3g_cuda_006__c6,visual_only_trash,beautiful_trash,ugly_trash,beautiful_trash,True,True,False,0.625,-0.625,0.625,True,False
E5A_rq3_text_plus_image_qwen_20260730,Qwen/Qwen2.5-VL-7B-Instruct,cc594898137f460bfe9f0759e9844b3ce807cfb5,cuda,rq3g_cuda_007__c1,visual_only_gold,golden,ugly_gold,golden,False,False,False,0.9375,-1.9375,0.9375,True,False
E5A_rq3_text_plus_image_qwen_20260730,Qwen/Qwen2.5-VL-7B-Instruct,cc594898137f460bfe9f0759e9844b3ce807cfb5,cuda,rq3g_cuda_007__c2,semantic_and_visual_aligned,golden,beautiful_trash,golden,True,True,False,2.0,-1.625,2.0,True,False
E5A_rq3_text_plus_image_qwen_20260730,Qwen/Qwen2.5-VL-7B-Instruct,cc594898137f460bfe9f0759e9844b3ce807cfb5,cuda,rq3g_cuda_007__c3,semantic_and_visual_aligned,golden,ugly_trash,golden,True,True,False,1.9375,-1.3125,1.9375,True,False
E5A_rq3_text_plus_image_qwen_20260730,Qwen/Qwen2.5-VL-7B-Instruct,cc594898137f460bfe9f0759e9844b3ce807cfb5,cuda,rq3g_cuda_007__c4,semantic_visual_conflict_primary,ugly_gold,beautiful_trash,ugly_gold,True,True,False,1.5,-1.25,1.5,True,False
E5A_rq3_text_plus_image_qwen_20260730,Qwen/Qwen2.5-VL-7B-Instruct,cc594898137f460bfe9f0759e9844b3ce807cfb5,cuda,rq3g_cuda_007__c5,semantic_only_under_ugly,ugly_gold,ugly_trash,ugly_gold,True,True,False,1.1875,-1.0625,1.1875,True,False
E5A_rq3_text_plus_image_qwen_20260730,Qwen/Qwen2.5-VL-7B-Instruct,cc594898137f460bfe9f0759e9844b3ce807cfb5,cuda,rq3g_cuda_007__c6,visual_only_trash,beautiful_trash,ugly_trash,beautiful_trash,False,False,False,0.125,-1.375,0.125,True,False
E5A_rq3_text_plus_image_qwen_20260730,Qwen/Qwen2.5-VL-7B-Instruct,cc594898137f460bfe9f0759e9844b3ce807cfb5,cuda,rq3g_cuda_008__c1,visual_only_gold,golden,ugly_gold,golden,False,False,False,0.3125,-1.5625,0.3125,True,False
E5A_rq3_text_plus_image_qwen_20260730,Qwen/Qwen2.5-VL-7B-Instruct,cc594898137f460bfe9f0759e9844b3ce807cfb5,cuda,rq3g_cuda_008__c2,semantic_and_visual_aligned,golden,beautiful_trash,golden,False,False,False,1.625,-1.75,1.625,True,False
E5A_rq3_text_plus_image_qwen_20260730,Qwen/Qwen2.5-VL-7B-Instruct,cc594898137f460bfe9f0759e9844b3ce807cfb5,cuda,rq3g_cuda_008__c3,semantic_and_visual_aligned,golden,ugly_trash,golden,False,False,False,1.375,-1.75,1.375,True,False
E5A_rq3_text_plus_image_qwen_20260730,Qwen/Qwen2.5-VL-7B-Instruct,cc594898137f460bfe9f0759e9844b3ce807cfb5,cuda,rq3g_cuda_008__c4,semantic_visual_conflict_primary,ugly_gold,beautiful_trash,ugly_gold,False,False,False,1.0,-1.625,1.0,True,False
E5A_rq3_text_plus_image_qwen_20260730,Qwen/Qwen2.5-VL-7B-Instruct,cc594898137f460bfe9f0759e9844b3ce807cfb5,cuda,rq3g_cuda_008__c5,semantic_only_under_ugly,ugly_gold,ugly_trash,ugly_gold,False,False,False,1.125,-1.875,1.125,True,False
E5A_rq3_text_plus_image_qwen_20260730,Qwen/Qwen2.5-VL-7B-Instruct,cc594898137f460bfe9f0759e9844b3ce807cfb5,cuda,rq3g_cuda_008__c6,visual_only_trash,beautiful_trash,ugly_trash,beautiful_trash,False,False,False,0.375,-1.625,0.375,True,False
E5A_rq3_text_plus_image_qwen_20260730,Qwen/Qwen2.5-VL-7B-Instruct,cc594898137f460bfe9f0759e9844b3ce807cfb5,cuda,rq3g_cuda_009__c1,visual_only_gold,golden,ugly_gold,golden,False,False,False,0.25,-0.75,0.25,True,False
E5A_rq3_text_plus_image_qwen_20260730,Qwen/Qwen2.5-VL-7B-Instruct,cc594898137f460bfe9f0759e9844b3ce807cfb5,cuda,rq3g_cuda_009__c2,semantic_and_visual_aligned,golden,beautiful_trash,golden,True,True,False,3.75,0.25,3.75,True,False
E5A_rq3_text_plus_image_qwen_20260730,Qwen/Qwen2.5-VL-7B-Instruct,cc594898137f460bfe9f0759e9844b3ce807cfb5,cuda,rq3g_cuda_009__c3,semantic_and_visual_aligned,golden,ugly_trash,golden,True,True,False,3.8125,0.3125,3.8125,True,False
E5A_rq3_text_plus_image_qwen_20260730,Qwen/Qwen2.5-VL-7B-Instruct,cc594898137f460bfe9f0759e9844b3ce807cfb5,cuda,rq3g_cuda_009__c4,semantic_visual_conflict_primary,ugly_gold,beautiful_trash,ugly_gold,True,True,False,3.875,0.125,3.875,True,False
E5A_rq3_text_plus_image_qwen_20260730,Qwen/Qwen2.5-VL-7B-Instruct,cc594898137f460bfe9f0759e9844b3ce807cfb5,cuda,rq3g_cuda_009__c5,semantic_only_under_ugly,ugly_gold,ugly_trash,ugly_gold,True,True,False,3.8125,0.5625,3.8125,True,False
E5A_rq3_text_plus_image_qwen_20260730,Qwen/Qwen2.5-VL-7B-Instruct,cc594898137f460bfe9f0759e9844b3ce807cfb5,cuda,rq3g_cuda_009__c6,visual_only_trash,beautiful_trash,ugly_trash,beautiful_trash,False,False,False,0.6875,-1.3125,0.6875,True,False
E5A_rq3_text_plus_image_qwen_20260730,Qwen/Qwen2.5-VL-7B-Instruct,cc594898137f460bfe9f0759e9844b3ce807cfb5,cuda,rq3g_cuda_010__c1,visual_only_gold,golden,ugly_gold,golden,False,False,False,1.0,-2.0,1.0,True,False
E5A_rq3_text_plus_image_qwen_20260730,Qwen/Qwen2.5-VL-7B-Instruct,cc594898137f460bfe9f0759e9844b3ce807cfb5,cuda,rq3g_cuda_010__c2,semantic_and_visual_aligned,golden,beautiful_trash,golden,True,True,False,2.9375,-0.5625,2.9375,True,False
E5A_rq3_text_plus_image_qwen_20260730,Qwen/Qwen2.5-VL-7B-Instruct,cc594898137f460bfe9f0759e9844b3ce807cfb5,cuda,rq3g_cuda_010__c3,semantic_and_visual_aligned,golden,ugly_trash,golden,True,True,False,3.25,-0.5,3.25,True,False
E5A_rq3_text_plus_image_qwen_20260730,Qwen/Qwen2.5-VL-7B-Instruct,cc594898137f460bfe9f0759e9844b3ce807cfb5,cuda,rq3g_cuda_010__c4,semantic_visual_conflict_primary,ugly_gold,beautiful_trash,ugly_gold,True,True,False,2.125,-1.375,2.125,True,False
E5A_rq3_text_plus_image_qwen_20260730,Qwen/Qwen2.5-VL-7B-Instruct,cc594898137f460bfe9f0759e9844b3ce807cfb5,cuda,rq3g_cuda_010__c5,semantic_only_under_ugly,ugly_gold,ugly_trash,ugly_gold,True,True,False,2.75,-1.0,2.75,True,False
E5A_rq3_text_plus_image_qwen_20260730,Qwen/Qwen2.5-VL-7B-Instruct,cc594898137f460bfe9f0759e9844b3ce807cfb5,cuda,rq3g_cuda_010__c6,visual_only_trash,beautiful_trash,ugly_trash,beautiful_trash,False,False,False,1.0,-1.375,1.0,True,False
E5A_rq3_text_plus_image_qwen_20260730,Qwen/Qwen2.5-VL-7B-Instruct,cc594898137f460bfe9f0759e9844b3ce807cfb5,cuda,rq3g_cuda_011__c1,visual_only_gold,golden,ugly_gold,golden,False,False,False,0.5,-1.875,0.5,True,False
E5A_rq3_text_plus_image_qwen_20260730,Qwen/Qwen2.5-VL-7B-Instruct,cc594898137f460bfe9f0759e9844b3ce807cfb5,cuda,rq3g_cuda_011__c2,semantic_and_visual_aligned,golden,beautiful_trash,golden,False,False,False,1.25,-2.0,1.25,True,False
E5A_rq3_text_plus_image_qwen_20260730,Qwen/Qwen2.5-VL-7B-Instruct,cc594898137f460bfe9f0759e9844b3ce807cfb5,cuda,rq3g_cuda_011__c3,semantic_and_visual_aligned,golden,ugly_trash,golden,False,False,False,1.4375,-1.5625,1.4375,True,False
E5A_rq3_text_plus_image_qwen_20260730,Qwen/Qwen2.5-VL-7B-Instruct,cc594898137f460bfe9f0759e9844b3ce807cfb5,cuda,rq3g_cuda_011__c4,semantic_visual_conflict_primary,ugly_gold,beautiful_trash,ugly_gold,False,False,False,0.9375,-2.0625,0.9375,True,False
E5A_rq3_text_plus_image_qwen_20260730,Qwen/Qwen2.5-VL-7B-Instruct,cc594898137f460bfe9f0759e9844b3ce807cfb5,cuda,rq3g_cuda_011__c5,semantic_only_under_ugly,ugly_gold,ugly_trash,ugly_gold,False,False,False,1.0,-1.875,1.0,True,False
E5A_rq3_text_plus_image_qwen_20260730,Qwen/Qwen2.5-VL-7B-Instruct,cc594898137f460bfe9f0759e9844b3ce807cfb5,cuda,rq3g_cuda_011__c6,visual_only_trash,beautiful_trash,ugly_trash,beautiful_trash,False,False,False,0.625,-1.5,0.625,True,False
E5A_rq3_text_plus_image_qwen_20260730,Qwen/Qwen2.5-VL-7B-Instruct,cc594898137f460bfe9f0759e9844b3ce807cfb5,cuda,rq3g_cuda_012__c1,visual_only_gold,golden,ugly_gold,golden,False,False,False,0.625,-0.75,0.625,True,False
E5A_rq3_text_plus_image_qwen_20260730,Qwen/Qwen2.5-VL-7B-Instruct,cc594898137f460bfe9f0759e9844b3ce807cfb5,cuda,rq3g_cuda_012__c2,semantic_and_visual_aligned,golden,beautiful_trash,golden,True,True,False,3.25,-0.75,3.25,True,False
E5A_rq3_text_plus_image_qwen_20260730,Qwen/Qwen2.5-VL-7B-Instruct,cc594898137f460bfe9f0759e9844b3ce807cfb5,cuda,rq3g_cuda_012__c3,semantic_and_visual_aligned,golden,ugly_trash,golden,True,True,False,3.0625,-0.6875,3.0625,True,False
E5A_rq3_text_plus_image_qwen_20260730,Qwen/Qwen2.5-VL-7B-Instruct,cc594898137f460bfe9f0759e9844b3ce807cfb5,cuda,rq3g_cuda_012__c4,semantic_visual_conflict_primary,ugly_gold,beautiful_trash,ugly_gold,True,True,False,3.0625,-0.9375,3.0625,True,False
E5A_rq3_text_plus_image_qwen_20260730,Qwen/Qwen2.5-VL-7B-Instruct,cc594898137f460bfe9f0759e9844b3ce807cfb5,cuda,rq3g_cuda_012__c5,semantic_only_under_ugly,ugly_gold,ugly_trash,ugly_gold,True,True,False,2.875,-0.625,2.875,True,False
E5A_rq3_text_plus_image_qwen_20260730,Qwen/Qwen2.5-VL-7B-Instruct,cc594898137f460bfe9f0759e9844b3ce807cfb5,cuda,rq3g_cuda_012__c6,visual_only_trash,beautiful_trash,ugly_trash,beautiful_trash,False,False,False,-0.1875,-0.6875,-0.1875,False,False
E5A_rq3_text_plus_image_qwen_20260730,Qwen/Qwen2.5-VL-7B-Instruct,cc594898137f460bfe9f0759e9844b3ce807cfb5,cuda,rq3g_cuda_013__c1,visual_only_gold,golden,ugly_gold,golden,False,False,False,0.625,-1.375,0.625,True,False
E5A_rq3_text_plus_image_qwen_20260730,Qwen/Qwen2.5-VL-7B-Instruct,cc594898137f460bfe9f0759e9844b3ce807cfb5,cuda,rq3g_cuda_013__c2,semantic_and_visual_aligned,golden,beautiful_trash,golden,False,False,False,1.4375,-2.4375,1.4375,True,False
E5A_rq3_text_plus_image_qwen_20260730,Qwen/Qwen2.5-VL-7B-Instruct,cc594898137f460bfe9f0759e9844b3ce807cfb5,cuda,rq3g_cuda_013__c3,semantic_and_visual_aligned,golden,ugly_trash,golden,False,False,False,1.5625,-2.4375,1.5625,True,False
E5A_rq3_text_plus_image_qwen_20260730,Qwen/Qwen2.5-VL-7B-Instruct,cc594898137f460bfe9f0759e9844b3ce807cfb5,cuda,rq3g_cuda_013__c4,semantic_visual_conflict_primary,ugly_gold,beautiful_trash,ugly_gold,False,False,False,1.375,-2.5,1.375,True,False
E5A_rq3_text_plus_image_qwen_20260730,Qwen/Qwen2.5-VL-7B-Instruct,cc594898137f460bfe9f0759e9844b3ce807cfb5,cuda,rq3g_cuda_013__c5,semantic_only_under_ugly,ugly_gold,ugly_trash,ugly_gold,False,False,False,1.0625,-2.5625,1.0625,True,False
E5A_rq3_text_plus_image_qwen_20260730,Qwen/Qwen2.5-VL-7B-Instruct,cc594898137f460bfe9f0759e9844b3ce807cfb5,cuda,rq3g_cuda_013__c6,visual_only_trash,beautiful_trash,ugly_trash,beautiful_trash,False,False,False,0.375,-1.25,0.375,True,False
E5A_rq3_text_plus_image_qwen_20260730,Qwen/Qwen2.5-VL-7B-Instruct,cc594898137f460bfe9f0759e9844b3ce807cfb5,cuda,rq3g_cuda_014__c1,visual_only_gold,golden,ugly_gold,golden,False,False,False,0.5,-0.75,0.5,True,False
E5A_rq3_text_plus_image_qwen_20260730,Qwen/Qwen2.5-VL-7B-Instruct,cc594898137f460bfe9f0759e9844b3ce807cfb5,cuda,rq3g_cuda_014__c2,semantic_and_visual_aligned,golden,beautiful_trash,golden,True,True,False,3.625,-0.625,3.625,True,False
E5A_rq3_text_plus_image_qwen_20260730,Qwen/Qwen2.5-VL-7B-Instruct,cc594898137f460bfe9f0759e9844b3ce807cfb5,cuda,rq3g_cuda_014__c3,semantic_and_visual_aligned,golden,ugly_trash,golden,True,True,False,3.25,-0.25,3.25,True,False
E5A_rq3_text_plus_image_qwen_20260730,Qwen/Qwen2.5-VL-7B-Instruct,cc594898137f460bfe9f0759e9844b3ce807cfb5,cuda,rq3g_cuda_014__c4,semantic_visual_conflict_primary,ugly_gold,beautiful_trash,ugly_gold,True,True,False,3.375,-0.375,3.375,True,False
E5A_rq3_text_plus_image_qwen_20260730,Qwen/Qwen2.5-VL-7B-Instruct,cc594898137f460bfe9f0759e9844b3ce807cfb5,cuda,rq3g_cuda_014__c5,semantic_only_under_ugly,ugly_gold,ugly_trash,ugly_gold,True,True,False,3.25,-0.125,3.25,True,False
E5A_rq3_text_plus_image_qwen_20260730,Qwen/Qwen2.5-VL-7B-Instruct,cc594898137f460bfe9f0759e9844b3ce807cfb5,cuda,rq3g_cuda_014__c6,visual_only_trash,beautiful_trash,ugly_trash,beautiful_trash,False,False,False,0.25,-0.75,0.25,True,False
E5A_rq3_text_plus_image_qwen_20260730,Qwen/Qwen2.5-VL-7B-Instruct,cc594898137f460bfe9f0759e9844b3ce807cfb5,cuda,rq3g_cuda_015__c1,visual_only_gold,golden,ugly_gold,golden,True,True,False,0.4375,-0.0625,0.4375,True,False
E5A_rq3_text_plus_image_qwen_20260730,Qwen/Qwen2.5-VL-7B-Instruct,cc594898137f460bfe9f0759e9844b3ce807cfb5,cuda,rq3g_cuda_015__c2,semantic_and_visual_aligned,golden,beautiful_trash,golden,True,True,False,2.8125,-0.6875,2.8125,True,False
E5A_rq3_text_plus_image_qwen_20260730,Qwen/Qwen2.5-VL-7B-Instruct,cc594898137f460bfe9f0759e9844b3ce807cfb5,cuda,rq3g_cuda_015__c3,semantic_and_visual_aligned,golden,ugly_trash,golden,True,True,False,2.5625,-0.3125,2.5625,True,False
E5A_rq3_text_plus_image_qwen_20260730,Qwen/Qwen2.5-VL-7B-Instruct,cc594898137f460bfe9f0759e9844b3ce807cfb5,cuda,rq3g_cuda_015__c4,semantic_visual_conflict_primary,ugly_gold,beautiful_trash,ugly_gold,True,True,False,2.3125,-1.0625,2.3125,True,False
E5A_rq3_text_plus_image_qwen_20260730,Qwen/Qwen2.5-VL-7B-Instruct,cc594898137f460bfe9f0759e9844b3ce807cfb5,cuda,rq3g_cuda_015__c5,semantic_only_under_ugly,ugly_gold,ugly_trash,ugly_gold,True,True,False,2.5,-0.875,2.5,True,False
E5A_rq3_text_plus_image_qwen_20260730,Qwen/Qwen2.5-VL-7B-Instruct,cc594898137f460bfe9f0759e9844b3ce807cfb5,cuda,rq3g_cuda_015__c6,visual_only_trash,beautiful_trash,ugly_trash,beautiful_trash,False,False,False,0.875,-1.25,0.875,True,False
E5A_rq3_text_plus_image_qwen_20260730,Qwen/Qwen2.5-VL-7B-Instruct,cc594898137f460bfe9f0759e9844b3ce807cfb5,cuda,rq3g_cuda_016__c1,visual_only_gold,golden,ugly_gold,golden,True,True,False,1.0625,-0.4375,1.0625,True,False
E5A_rq3_text_plus_image_qwen_20260730,Qwen/Qwen2.5-VL-7B-Instruct,cc594898137f460bfe9f0759e9844b3ce807cfb5,cuda,rq3g_cuda_016__c2,semantic_and_visual_aligned,golden,beautiful_trash,golden,True,True,False,3.5625,-0.5625,3.5625,True,False
E5A_rq3_text_plus_image_qwen_20260730,Qwen/Qwen2.5-VL-7B-Instruct,cc594898137f460bfe9f0759e9844b3ce807cfb5,cuda,rq3g_cuda_016__c3,semantic_and_visual_aligned,golden,ugly_trash,golden,True,True,False,3.4375,-0.3125,3.4375,True,False
E5A_rq3_text_plus_image_qwen_20260730,Qwen/Qwen2.5-VL-7B-Instruct,cc594898137f460bfe9f0759e9844b3ce807cfb5,cuda,rq3g_cuda_016__c4,semantic_visual_conflict_primary,ugly_gold,beautiful_trash,ugly_gold,True,True,False,2.0,-0.75,2.0,True,False
E5A_rq3_text_plus_image_qwen_20260730,Qwen/Qwen2.5-VL-7B-Instruct,cc594898137f460bfe9f0759e9844b3ce807cfb5,cuda,rq3g_cuda_016__c5,semantic_only_under_ugly,ugly_gold,ugly_trash,ugly_gold,True,True,False,2.25,-0.125,2.25,True,False
E5A_rq3_text_plus_image_qwen_20260730,Qwen/Qwen2.5-VL-7B-Instruct,cc594898137f460bfe9f0759e9844b3ce807cfb5,cuda,rq3g_cuda_016__c6,visual_only_trash,beautiful_trash,ugly_trash,beautiful_trash,False,False,False,0.3125,-1.0625,0.3125,True,False
E5A_rq3_text_plus_image_qwen_20260730,Qwen/Qwen2.5-VL-7B-Instruct,cc594898137f460bfe9f0759e9844b3ce807cfb5,cuda,rq3g_cuda_017__c1,visual_only_gold,golden,ugly_gold,golden,False,False,False,0.625,-1.0,0.625,True,False
E5A_rq3_text_plus_image_qwen_20260730,Qwen/Qwen2.5-VL-7B-Instruct,cc594898137f460bfe9f0759e9844b3ce807cfb5,cuda,rq3g_cuda_017__c2,semantic_and_visual_aligned,golden,beautiful_trash,golden,True,True,False,3.75,-1.125,3.75,True,False
E5A_rq3_text_plus_image_qwen_20260730,Qwen/Qwen2.5-VL-7B-Instruct,cc594898137f460bfe9f0759e9844b3ce807cfb5,cuda,rq3g_cuda_017__c3,semantic_and_visual_aligned,golden,ugly_trash,golden,True,True,False,3.625,-1.25,3.625,True,False
E5A_rq3_text_plus_image_qwen_20260730,Qwen/Qwen2.5-VL-7B-Instruct,cc594898137f460bfe9f0759e9844b3ce807cfb5,cuda,rq3g_cuda_017__c4,semantic_visual_conflict_primary,ugly_gold,beautiful_trash,ugly_gold,True,True,False,3.5625,-1.6875,3.5625,True,False
E5A_rq3_text_plus_image_qwen_20260730,Qwen/Qwen2.5-VL-7B-Instruct,cc594898137f460bfe9f0759e9844b3ce807cfb5,cuda,rq3g_cuda_017__c5,semantic_only_under_ugly,ugly_gold,ugly_trash,ugly_gold,True,True,False,3.5,-1.375,3.5,True,False
E5A_rq3_text_plus_image_qwen_20260730,Qwen/Qwen2.5-VL-7B-Instruct,cc594898137f460bfe9f0759e9844b3ce807cfb5,cuda,rq3g_cuda_017__c6,visual_only_trash,beautiful_trash,ugly_trash,beautiful_trash,False,False,False,0.6875,-1.8125,0.6875,True,False
E5A_rq3_text_plus_image_qwen_20260730,Qwen/Qwen2.5-VL-7B-Instruct,cc594898137f460bfe9f0759e9844b3ce807cfb5,cuda,rq3g_cuda_018__c1,visual_only_gold,golden,ugly_gold,golden,False,False,False,0.5,-0.75,0.5,True,False
E5A_rq3_text_plus_image_qwen_20260730,Qwen/Qwen2.5-VL-7B-Instruct,cc594898137f460bfe9f0759e9844b3ce807cfb5,cuda,rq3g_cuda_018__c2,semantic_and_visual_aligned,golden,beautiful_trash,golden,True,True,False,3.5625,-0.4375,3.5625,True,False
E5A_rq3_text_plus_image_qwen_20260730,Qwen/Qwen2.5-VL-7B-Instruct,cc594898137f460bfe9f0759e9844b3ce807cfb5,cuda,rq3g_cuda_018__c3,semantic_and_visual_aligned,golden,ugly_trash,golden,True,True,False,3.3125,-0.1875,3.3125,True,False
E5A_rq3_text_plus_image_qwen_20260730,Qwen/Qwen2.5-VL-7B-Instruct,cc594898137f460bfe9f0759e9844b3ce807cfb5,cuda,rq3g_cuda_018__c4,semantic_visual_conflict_primary,ugly_gold,beautiful_trash,ugly_gold,True,True,False,3.5625,-0.4375,3.5625,True,False
E5A_rq3_text_plus_image_qwen_20260730,Qwen/Qwen2.5-VL-7B-Instruct,cc594898137f460bfe9f0759e9844b3ce807cfb5,cuda,rq3g_cuda_018__c5,semantic_only_under_ugly,ugly_gold,ugly_trash,ugly_gold,True,True,False,3.1875,-0.1875,3.1875,True,False
E5A_rq3_text_plus_image_qwen_20260730,Qwen/Qwen2.5-VL-7B-Instruct,cc594898137f460bfe9f0759e9844b3ce807cfb5,cuda,rq3g_cuda_018__c6,visual_only_trash,beautiful_trash,ugly_trash,beautiful_trash,False,False,False,0.5,-0.875,0.5,True,False
E5A_rq3_text_plus_image_qwen_20260730,Qwen/Qwen2.5-VL-7B-Instruct,cc594898137f460bfe9f0759e9844b3ce807cfb5,cuda,rq3g_cuda_019__c1,visual_only_gold,golden,ugly_gold,golden,False,False,False,0.875,-1.0,0.875,True,False
E5A_rq3_text_plus_image_qwen_20260730,Qwen/Qwen2.5-VL-7B-Instruct,cc594898137f460bfe9f0759e9844b3ce807cfb5,cuda,rq3g_cuda_019__c2,semantic_and_visual_aligned,golden,beautiful_trash,golden,True,True,False,2.75,-0.5,2.75,True,False
E5A_rq3_text_plus_image_qwen_20260730,Qwen/Qwen2.5-VL-7B-Instruct,cc594898137f460bfe9f0759e9844b3ce807cfb5,cuda,rq3g_cuda_019__c3,semantic_and_visual_aligned,golden,ugly_trash,golden,True,True,False,2.8125,-0.4375,2.8125,True,False
E5A_rq3_text_plus_image_qwen_20260730,Qwen/Qwen2.5-VL-7B-Instruct,cc594898137f460bfe9f0759e9844b3ce807cfb5,cuda,rq3g_cuda_019__c4,semantic_visual_conflict_primary,ugly_gold,beautiful_trash,ugly_gold,True,True,False,2.5625,-0.5625,2.5625,True,False
E5A_rq3_text_plus_image_qwen_20260730,Qwen/Qwen2.5-VL-7B-Instruct,cc594898137f460bfe9f0759e9844b3ce807cfb5,cuda,rq3g_cuda_019__c5,semantic_only_under_ugly,ugly_gold,ugly_trash,ugly_gold,True,True,False,2.625,-0.5,2.625,True,False
E5A_rq3_text_plus_image_qwen_20260730,Qwen/Qwen2.5-VL-7B-Instruct,cc594898137f460bfe9f0759e9844b3ce807cfb5,cuda,rq3g_cuda_019__c6,visual_only_trash,beautiful_trash,ugly_trash,beautiful_trash,False,False,False,0.3125,-0.9375,0.3125,True,False
E5A_rq3_text_plus_image_qwen_20260730,Qwen/Qwen2.5-VL-7B-Instruct,cc594898137f460bfe9f0759e9844b3ce807cfb5,cuda,rq3g_cuda_020__c1,visual_only_gold,golden,ugly_gold,golden,True,True,False,0.375,0.125,0.375,True,False
E5A_rq3_text_plus_image_qwen_20260730,Qwen/Qwen2.5-VL-7B-Instruct,cc594898137f460bfe9f0759e9844b3ce807cfb5,cuda,rq3g_cuda_020__c2,semantic_and_visual_aligned,golden,beautiful_trash,golden,True,True,False,3.5625,-0.6875,3.5625,True,False
E5A_rq3_text_plus_image_qwen_20260730,Qwen/Qwen2.5-VL-7B-Instruct,cc594898137f460bfe9f0759e9844b3ce807cfb5,cuda,rq3g_cuda_020__c3,semantic_and_visual_aligned,golden,ugly_trash,golden,True,True,False,4.125,-0.625,4.125,True,False
E5A_rq3_text_plus_image_qwen_20260730,Qwen/Qwen2.5-VL-7B-Instruct,cc594898137f460bfe9f0759e9844b3ce807cfb5,cuda,rq3g_cuda_020__c4,semantic_visual_conflict_primary,ugly_gold,beautiful_trash,ugly_gold,True,True,False,3.5,-1.0,3.5,True,False
E5A_rq3_text_plus_image_qwen_20260730,Qwen/Qwen2.5-VL-7B-Instruct,cc594898137f460bfe9f0759e9844b3ce807cfb5,cuda,rq3g_cuda_020__c5,semantic_only_under_ugly,ugly_gold,ugly_trash,ugly_gold,True,True,False,4.0,-0.5,4.0,True,False
E5A_rq3_text_plus_image_qwen_20260730,Qwen/Qwen2.5-VL-7B-Instruct,cc594898137f460bfe9f0759e9844b3ce807cfb5,cuda,rq3g_cuda_020__c6,visual_only_trash,beautiful_trash,ugly_trash,beautiful_trash,False,False,False,0.875,-1.25,0.875,True,False
E5A_rq3_text_plus_image_qwen_20260730,Qwen/Qwen2.5-VL-7B-Instruct,cc594898137f460bfe9f0759e9844b3ce807cfb5,cuda,rq3g_cuda_021__c1,visual_only_gold,golden,ugly_gold,golden,True,True,False,0.6875,-0.3125,0.6875,True,False
E5A_rq3_text_plus_image_qwen_20260730,Qwen/Qwen2.5-VL-7B-Instruct,cc594898137f460bfe9f0759e9844b3ce807cfb5,cuda,rq3g_cuda_021__c2,semantic_and_visual_aligned,golden,beautiful_trash,golden,True,True,False,2.875,-0.5,2.875,True,False
E5A_rq3_text_plus_image_qwen_20260730,Qwen/Qwen2.5-VL-7B-Instruct,cc594898137f460bfe9f0759e9844b3ce807cfb5,cuda,rq3g_cuda_021__c3,semantic_and_visual_aligned,golden,ugly_trash,golden,True,True,False,2.9375,-0.6875,2.9375,True,False
E5A_rq3_text_plus_image_qwen_20260730,Qwen/Qwen2.5-VL-7B-Instruct,cc594898137f460bfe9f0759e9844b3ce807cfb5,cuda,rq3g_cuda_021__c4,semantic_visual_conflict_primary,ugly_gold,beautiful_trash,ugly_gold,True,True,False,2.3125,-1.5625,2.3125,True,False
E5A_rq3_text_plus_image_qwen_20260730,Qwen/Qwen2.5-VL-7B-Instruct,cc594898137f460bfe9f0759e9844b3ce807cfb5,cuda,rq3g_cuda_021__c5,semantic_only_under_ugly,ugly_gold,ugly_trash,ugly_gold,True,True,False,2.1875,-1.0625,2.1875,True,False
E5A_rq3_text_plus_image_qwen_20260730,Qwen/Qwen2.5-VL-7B-Instruct,cc594898137f460bfe9f0759e9844b3ce807cfb5,cuda,rq3g_cuda_021__c6,visual_only_trash,beautiful_trash,ugly_trash,beautiful_trash,False,False,False,0.1875,-0.8125,0.1875,True,False
E5A_rq3_text_plus_image_qwen_20260730,Qwen/Qwen2.5-VL-7B-Instruct,cc594898137f460bfe9f0759e9844b3ce807cfb5,cuda,rq3g_cuda_022__c1,visual_only_gold,golden,ugly_gold,golden,False,False,False,0.6875,-1.1875,0.6875,True,False
E5A_rq3_text_plus_image_qwen_20260730,Qwen/Qwen2.5-VL-7B-Instruct,cc594898137f460bfe9f0759e9844b3ce807cfb5,cuda,rq3g_cuda_022__c2,semantic_and_visual_aligned,golden,beautiful_trash,golden,True,True,False,4.4375,0.0625,4.4375,True,False
E5A_rq3_text_plus_image_qwen_20260730,Qwen/Qwen2.5-VL-7B-Instruct,cc594898137f460bfe9f0759e9844b3ce807cfb5,cuda,rq3g_cuda_022__c3,semantic_and_visual_aligned,golden,ugly_trash,golden,True,True,False,3.8125,0.1875,3.8125,True,False
E5A_rq3_text_plus_image_qwen_20260730,Qwen/Qwen2.5-VL-7B-Instruct,cc594898137f460bfe9f0759e9844b3ce807cfb5,cuda,rq3g_cuda_022__c4,semantic_visual_conflict_primary,ugly_gold,beautiful_trash,ugly_gold,True,True,False,3.625,-0.375,3.625,True,False
E5A_rq3_text_plus_image_qwen_20260730,Qwen/Qwen2.5-VL-7B-Instruct,cc594898137f460bfe9f0759e9844b3ce807cfb5,cuda,rq3g_cuda_022__c5,semantic_only_under_ugly,ugly_gold,ugly_trash,ugly_gold,True,True,False,3.375,-0.125,3.375,True,False
E5A_rq3_text_plus_image_qwen_20260730,Qwen/Qwen2.5-VL-7B-Instruct,cc594898137f460bfe9f0759e9844b3ce807cfb5,cuda,rq3g_cuda_022__c6,visual_only_trash,beautiful_trash,ugly_trash,beautiful_trash,False,False,False,0.25,-0.875,0.25,True,False
E5A_rq3_text_plus_image_qwen_20260730,Qwen/Qwen2.5-VL-7B-Instruct,cc594898137f460bfe9f0759e9844b3ce807cfb5,cuda,rq3g_cuda_023__c1,visual_only_gold,golden,ugly_gold,golden,False,False,False,0.5,-1.0,0.5,True,False
E5A_rq3_text_plus_image_qwen_20260730,Qwen/Qwen2.5-VL-7B-Instruct,cc594898137f460bfe9f0759e9844b3ce807cfb5,cuda,rq3g_cuda_023__c2,semantic_and_visual_aligned,golden,beautiful_trash,golden,True,True,False,2.3125,-0.3125,2.3125,True,False
E5A_rq3_text_plus_image_qwen_20260730,Qwen/Qwen2.5-VL-7B-Instruct,cc594898137f460bfe9f0759e9844b3ce807cfb5,cuda,rq3g_cuda_023__c3,semantic_and_visual_aligned,golden,ugly_trash,golden,True,True,False,2.4375,-0.5625,2.4375,True,False
E5A_rq3_text_plus_image_qwen_20260730,Qwen/Qwen2.5-VL-7B-Instruct,cc594898137f460bfe9f0759e9844b3ce807cfb5,cuda,rq3g_cuda_023__c4,semantic_visual_conflict_primary,ugly_gold,beautiful_trash,ugly_gold,True,True,False,2.125,-0.625,2.125,True,False
E5A_rq3_text_plus_image_qwen_20260730,Qwen/Qwen2.5-VL-7B-Instruct,cc594898137f460bfe9f0759e9844b3ce807cfb5,cuda,rq3g_cuda_023__c5,semantic_only_under_ugly,ugly_gold,ugly_trash,ugly_gold,True,True,False,2.125,-0.5,2.125,True,False
E5A_rq3_text_plus_image_qwen_20260730,Qwen/Qwen2.5-VL-7B-Instruct,cc594898137f460bfe9f0759e9844b3ce807cfb5,cuda,rq3g_cuda_023__c6,visual_only_trash,beautiful_trash,ugly_trash,beautiful_trash,False,False,False,0.9375,-1.1875,0.9375,True,False
E5A_rq3_text_plus_image_qwen_20260730,Qwen/Qwen2.5-VL-7B-Instruct,cc594898137f460bfe9f0759e9844b3ce807cfb5,cuda,rq3g_cuda_024__c1,visual_only_gold,golden,ugly_gold,golden,False,False,False,1.0,-1.375,1.0,True,False
E5A_rq3_text_plus_image_qwen_20260730,Qwen/Qwen2.5-VL-7B-Instruct,cc594898137f460bfe9f0759e9844b3ce807cfb5,cuda,rq3g_cuda_024__c2,semantic_and_visual_aligned,golden,beautiful_trash,golden,True,True,False,3.4375,0.1875,3.4375,True,False
E5A_rq3_text_plus_image_qwen_20260730,Qwen/Qwen2.5-VL-7B-Instruct,cc594898137f460bfe9f0759e9844b3ce807cfb5,cuda,rq3g_cuda_024__c3,semantic_and_visual_aligned,golden,ugly_trash,golden,True,True,False,3.1875,-0.3125,3.1875,True,False
E5A_rq3_text_plus_image_qwen_20260730,Qwen/Qwen2.5-VL-7B-Instruct,cc594898137f460bfe9f0759e9844b3ce807cfb5,cuda,rq3g_cuda_024__c4,semantic_visual_conflict_primary,ugly_gold,beautiful_trash,ugly_gold,True,True,False,3.125,-0.125,3.125,True,False
E5A_rq3_text_plus_image_qwen_20260730,Qwen/Qwen2.5-VL-7B-Instruct,cc594898137f460bfe9f0759e9844b3ce807cfb5,cuda,rq3g_cuda_024__c5,semantic_only_under_ugly,ugly_gold,ugly_trash,ugly_gold,True,True,False,3.0,-0.375,3.0,True,False
E5A_rq3_text_plus_image_qwen_20260730,Qwen/Qwen2.5-VL-7B-Instruct,cc594898137f460bfe9f0759e9844b3ce807cfb5,cuda,rq3g_cuda_024__c6,visual_only_trash,beautiful_trash,ugly_trash,beautiful_trash,False,False,False,0.75,-1.375,0.75,True,False
E5A_rq3_text_plus_image_qwen_20260730,Qwen/Qwen2.5-VL-7B-Instruct,cc594898137f460bfe9f0759e9844b3ce807cfb5,cuda,rq3g_cuda_025__c1,visual_only_gold,golden,ugly_gold,golden,False,False,False,0.9375,-1.9375,0.9375,True,False
E5A_rq3_text_plus_image_qwen_20260730,Qwen/Qwen2.5-VL-7B-Instruct,cc594898137f460bfe9f0759e9844b3ce807cfb5,cuda,rq3g_cuda_025__c2,semantic_and_visual_aligned,golden,beautiful_trash,golden,True,True,False,3.9375,0.4375,3.9375,True,False
E5A_rq3_text_plus_image_qwen_20260730,Qwen/Qwen2.5-VL-7B-Instruct,cc594898137f460bfe9f0759e9844b3ce807cfb5,cuda,rq3g_cuda_025__c3,semantic_and_visual_aligned,golden,ugly_trash,golden,True,True,False,4.0625,0.0625,4.0625,True,False
E5A_rq3_text_plus_image_qwen_20260730,Qwen/Qwen2.5-VL-7B-Instruct,cc594898137f460bfe9f0759e9844b3ce807cfb5,cuda,rq3g_cuda_025__c4,semantic_visual_conflict_primary,ugly_gold,beautiful_trash,ugly_gold,True,True,False,3.125,-0.625,3.125,True,False
E5A_rq3_text_plus_image_qwen_20260730,Qwen/Qwen2.5-VL-7B-Instruct,cc594898137f460bfe9f0759e9844b3ce807cfb5,cuda,rq3g_cuda_025__c5,semantic_only_under_ugly,ugly_gold,ugly_trash,ugly_gold,True,True,False,3.3125,0.1875,3.3125,True,False
E5A_rq3_text_plus_image_qwen_20260730,Qwen/Qwen2.5-VL-7B-Instruct,cc594898137f460bfe9f0759e9844b3ce807cfb5,cuda,rq3g_cuda_025__c6,visual_only_trash,beautiful_trash,ugly_trash,beautiful_trash,False,False,False,0.125,-1.125,0.125,True,False
E5A_rq3_text_plus_image_qwen_20260730,Qwen/Qwen2.5-VL-7B-Instruct,cc594898137f460bfe9f0759e9844b3ce807cfb5,cuda,rq3g_cuda_026__c1,visual_only_gold,golden,ugly_gold,golden,False,False,False,0.4375,-0.5625,0.4375,True,False
E5A_rq3_text_plus_image_qwen_20260730,Qwen/Qwen2.5-VL-7B-Instruct,cc594898137f460bfe9f0759e9844b3ce807cfb5,cuda,rq3g_cuda_026__c2,semantic_and_visual_aligned,golden,beautiful_trash,golden,True,True,False,3.1875,-0.9375,3.1875,True,False
E5A_rq3_text_plus_image_qwen_20260730,Qwen/Qwen2.5-VL-7B-Instruct,cc594898137f460bfe9f0759e9844b3ce807cfb5,cuda,rq3g_cuda_026__c3,semantic_and_visual_aligned,golden,ugly_trash,golden,True,True,False,3.625,-1.0,3.625,True,False
E5A_rq3_text_plus_image_qwen_20260730,Qwen/Qwen2.5-VL-7B-Instruct,cc594898137f460bfe9f0759e9844b3ce807cfb5,cuda,rq3g_cuda_026__c4,semantic_visual_conflict_primary,ugly_gold,beautiful_trash,ugly_gold,True,True,False,3.0,-1.75,3.0,True,False
E5A_rq3_text_plus_image_qwen_20260730,Qwen/Qwen2.5-VL-7B-Instruct,cc594898137f460bfe9f0759e9844b3ce807cfb5,cuda,rq3g_cuda_026__c5,semantic_only_under_ugly,ugly_gold,ugly_trash,ugly_gold,True,True,False,3.0,-1.375,3.0,True,False
E5A_rq3_text_plus_image_qwen_20260730,Qwen/Qwen2.5-VL-7B-Instruct,cc594898137f460bfe9f0759e9844b3ce807cfb5,cuda,rq3g_cuda_026__c6,visual_only_trash,beautiful_trash,ugly_trash,beautiful_trash,False,False,False,0.1875,-1.4375,0.1875,True,False
E5A_rq3_text_plus_image_qwen_20260730,Qwen/Qwen2.5-VL-7B-Instruct,cc594898137f460bfe9f0759e9844b3ce807cfb5,cuda,rq3g_cuda_027__c1,visual_only_gold,golden,ugly_gold,golden,False,False,False,0.8125,-1.1875,0.8125,True,False
E5A_rq3_text_plus_image_qwen_20260730,Qwen/Qwen2.5-VL-7B-Instruct,cc594898137f460bfe9f0759e9844b3ce807cfb5,cuda,rq3g_cuda_027__c2,semantic_and_visual_aligned,golden,beautiful_trash,golden,True,True,False,3.0,-1.125,3.0,True,False
E5A_rq3_text_plus_image_qwen_20260730,Qwen/Qwen2.5-VL-7B-Instruct,cc594898137f460bfe9f0759e9844b3ce807cfb5,cuda,rq3g_cuda_027__c3,semantic_and_visual_aligned,golden,ugly_trash,golden,True,True,False,3.0625,-1.3125,3.0625,True,False
E5A_rq3_text_plus_image_qwen_20260730,Qwen/Qwen2.5-VL-7B-Instruct,cc594898137f460bfe9f0759e9844b3ce807cfb5,cuda,rq3g_cuda_027__c4,semantic_visual_conflict_primary,ugly_gold,beautiful_trash,ugly_gold,True,True,False,2.125,-2.0,2.125,True,False
E5A_rq3_text_plus_image_qwen_20260730,Qwen/Qwen2.5-VL-7B-Instruct,cc594898137f460bfe9f0759e9844b3ce807cfb5,cuda,rq3g_cuda_027__c5,semantic_only_under_ugly,ugly_gold,ugly_trash,ugly_gold,True,True,False,2.375,-1.875,2.375,True,False
E5A_rq3_text_plus_image_qwen_20260730,Qwen/Qwen2.5-VL-7B-Instruct,cc594898137f460bfe9f0759e9844b3ce807cfb5,cuda,rq3g_cuda_027__c6,visual_only_trash,beautiful_trash,ugly_trash,beautiful_trash,False,False,False,0.3125,-1.9375,0.3125,True,False
E5A_rq3_text_plus_image_qwen_20260730,Qwen/Qwen2.5-VL-7B-Instruct,cc594898137f460bfe9f0759e9844b3ce807cfb5,cuda,rq3g_cuda_028__c1,visual_only_gold,golden,ugly_gold,golden,True,True,False,1.125,-0.125,1.125,True,False
E5A_rq3_text_plus_image_qwen_20260730,Qwen/Qwen2.5-VL-7B-Instruct,cc594898137f460bfe9f0759e9844b3ce807cfb5,cuda,rq3g_cuda_028__c2,semantic_and_visual_aligned,golden,beautiful_trash,golden,True,True,False,3.375,-0.25,3.375,True,False
E5A_rq3_text_plus_image_qwen_20260730,Qwen/Qwen2.5-VL-7B-Instruct,cc594898137f460bfe9f0759e9844b3ce807cfb5,cuda,rq3g_cuda_028__c3,semantic_and_visual_aligned,golden,ugly_trash,golden,True,True,False,3.1875,-0.1875,3.1875,True,False
E5A_rq3_text_plus_image_qwen_20260730,Qwen/Qwen2.5-VL-7B-Instruct,cc594898137f460bfe9f0759e9844b3ce807cfb5,cuda,rq3g_cuda_028__c4,semantic_visual_conflict_primary,ugly_gold,beautiful_trash,ugly_gold,True,True,False,3.0,-0.875,3.0,True,False
E5A_rq3_text_plus_image_qwen_20260730,Qwen/Qwen2.5-VL-7B-Instruct,cc594898137f460bfe9f0759e9844b3ce807cfb5,cuda,rq3g_cuda_028__c5,semantic_only_under_ugly,ugly_gold,ugly_trash,ugly_gold,True,True,False,2.6875,-0.9375,2.6875,True,False
E5A_rq3_text_plus_image_qwen_20260730,Qwen/Qwen2.5-VL-7B-Instruct,cc594898137f460bfe9f0759e9844b3ce807cfb5,cuda,rq3g_cuda_028__c6,visual_only_trash,beautiful_trash,ugly_trash,beautiful_trash,False,False,False,0.6875,-1.4375,0.6875,True,False
E5A_rq3_text_plus_image_qwen_20260730,Qwen/Qwen2.5-VL-7B-Instruct,cc594898137f460bfe9f0759e9844b3ce807cfb5,cuda,rq3g_cuda_029__c1,visual_only_gold,golden,ugly_gold,golden,False,False,False,0.25,-1.0,0.25,True,False
E5A_rq3_text_plus_image_qwen_20260730,Qwen/Qwen2.5-VL-7B-Instruct,cc594898137f460bfe9f0759e9844b3ce807cfb5,cuda,rq3g_cuda_029__c2,semantic_and_visual_aligned,golden,beautiful_trash,golden,True,True,False,3.5,0.25,3.5,True,False
E5A_rq3_text_plus_image_qwen_20260730,Qwen/Qwen2.5-VL-7B-Instruct,cc594898137f460bfe9f0759e9844b3ce807cfb5,cuda,rq3g_cuda_029__c3,semantic_and_visual_aligned,golden,ugly_trash,golden,True,True,False,3.875,0.625,3.875,True,False
E5A_rq3_text_plus_image_qwen_20260730,Qwen/Qwen2.5-VL-7B-Instruct,cc594898137f460bfe9f0759e9844b3ce807cfb5,cuda,rq3g_cuda_029__c4,semantic_visual_conflict_primary,ugly_gold,beautiful_trash,ugly_gold,True,True,False,3.75,0.125,3.75,True,False
E5A_rq3_text_plus_image_qwen_20260730,Qwen/Qwen2.5-VL-7B-Instruct,cc594898137f460bfe9f0759e9844b3ce807cfb5,cuda,rq3g_cuda_029__c5,semantic_only_under_ugly,ugly_gold,ugly_trash,ugly_gold,True,True,False,3.25,0.0,3.25,True,False
E5A_rq3_text_plus_image_qwen_20260730,Qwen/Qwen2.5-VL-7B-Instruct,cc594898137f460bfe9f0759e9844b3ce807cfb5,cuda,rq3g_cuda_029__c6,visual_only_trash,beautiful_trash,ugly_trash,beautiful_trash,False,False,False,0.3125,-1.1875,0.3125,True,False
E5A_rq3_text_plus_image_qwen_20260730,Qwen/Qwen2.5-VL-7B-Instruct,cc594898137f460bfe9f0759e9844b3ce807cfb5,cuda,rq3g_cuda_030__c1,visual_only_gold,golden,ugly_gold,golden,False,False,False,0.75,-1.0,0.75,True,False
E5A_rq3_text_plus_image_qwen_20260730,Qwen/Qwen2.5-VL-7B-Instruct,cc594898137f460bfe9f0759e9844b3ce807cfb5,cuda,rq3g_cuda_030__c2,semantic_and_visual_aligned,golden,beautiful_trash,golden,True,True,False,3.9375,-0.1875,3.9375,True,False
E5A_rq3_text_plus_image_qwen_20260730,Qwen/Qwen2.5-VL-7B-Instruct,cc594898137f460bfe9f0759e9844b3ce807cfb5,cuda,rq3g_cuda_030__c3,semantic_and_visual_aligned,golden,ugly_trash,golden,True,True,False,3.8125,-0.0625,3.8125,True,False
E5A_rq3_text_plus_image_qwen_20260730,Qwen/Qwen2.5-VL-7B-Instruct,cc594898137f460bfe9f0759e9844b3ce807cfb5,cuda,rq3g_cuda_030__c4,semantic_visual_conflict_primary,ugly_gold,beautiful_trash,ugly_gold,True,True,False,3.1875,-0.6875,3.1875,True,False
E5A_rq3_text_plus_image_qwen_20260730,Qwen/Qwen2.5-VL-7B-Instruct,cc594898137f460bfe9f0759e9844b3ce807cfb5,cuda,rq3g_cuda_030__c5,semantic_only_under_ugly,ugly_gold,ugly_trash,ugly_gold,True,True,False,3.75,-0.5,3.75,True,False
E5A_rq3_text_plus_image_qwen_20260730,Qwen/Qwen2.5-VL-7B-Instruct,cc594898137f460bfe9f0759e9844b3ce807cfb5,cuda,rq3g_cuda_030__c6,visual_only_trash,beautiful_trash,ugly_trash,beautiful_trash,False,False,False,0.875,-1.125,0.875,True,False
E5A_rq3_text_plus_image_qwen_20260730,Qwen/Qwen2.5-VL-7B-Instruct,cc594898137f460bfe9f0759e9844b3ce807cfb5,cuda,rq3g_cuda_031__c1,visual_only_gold,golden,ugly_gold,golden,True,True,False,1.25,0.125,1.25,True,False
E5A_rq3_text_plus_image_qwen_20260730,Qwen/Qwen2.5-VL-7B-Instruct,cc594898137f460bfe9f0759e9844b3ce807cfb5,cuda,rq3g_cuda_031__c2,semantic_and_visual_aligned,golden,beautiful_trash,golden,True,True,False,2.4375,-0.9375,2.4375,True,False
E5A_rq3_text_plus_image_qwen_20260730,Qwen/Qwen2.5-VL-7B-Instruct,cc594898137f460bfe9f0759e9844b3ce807cfb5,cuda,rq3g_cuda_031__c3,semantic_and_visual_aligned,golden,ugly_trash,golden,True,True,False,3.25,-0.5,3.25,True,False
E5A_rq3_text_plus_image_qwen_20260730,Qwen/Qwen2.5-VL-7B-Instruct,cc594898137f460bfe9f0759e9844b3ce807cfb5,cuda,rq3g_cuda_031__c4,semantic_visual_conflict_primary,ugly_gold,beautiful_trash,ugly_gold,True,True,False,2.25,-1.5,2.25,True,False
E5A_rq3_text_plus_image_qwen_20260730,Qwen/Qwen2.5-VL-7B-Instruct,cc594898137f460bfe9f0759e9844b3ce807cfb5,cuda,rq3g_cuda_031__c5,semantic_only_under_ugly,ugly_gold,ugly_trash,ugly_gold,True,True,False,2.0,-1.375,2.0,True,False
E5A_rq3_text_plus_image_qwen_20260730,Qwen/Qwen2.5-VL-7B-Instruct,cc594898137f460bfe9f0759e9844b3ce807cfb5,cuda,rq3g_cuda_031__c6,visual_only_trash,beautiful_trash,ugly_trash,beautiful_trash,True,True,False,1.375,-0.75,1.375,True,False
E5A_rq3_text_plus_image_qwen_20260730,Qwen/Qwen2.5-VL-7B-Instruct,cc594898137f460bfe9f0759e9844b3ce807cfb5,cuda,rq3g_cuda_032__c1,visual_only_gold,golden,ugly_gold,golden,True,True,False,1.0625,-1.0625,1.0625,True,False
E5A_rq3_text_plus_image_qwen_20260730,Qwen/Qwen2.5-VL-7B-Instruct,cc594898137f460bfe9f0759e9844b3ce807cfb5,cuda,rq3g_cuda_032__c2,semantic_and_visual_aligned,golden,beautiful_trash,golden,True,True,False,3.6875,-0.5625,3.6875,True,False
E5A_rq3_text_plus_image_qwen_20260730,Qwen/Qwen2.5-VL-7B-Instruct,cc594898137f460bfe9f0759e9844b3ce807cfb5,cuda,rq3g_cuda_032__c3,semantic_and_visual_aligned,golden,ugly_trash,golden,True,True,False,4.0625,-0.8125,4.0625,True,False
E5A_rq3_text_plus_image_qwen_20260730,Qwen/Qwen2.5-VL-7B-Instruct,cc594898137f460bfe9f0759e9844b3ce807cfb5,cuda,rq3g_cuda_032__c4,semantic_visual_conflict_primary,ugly_gold,beautiful_trash,ugly_gold,True,True,False,3.125,-0.875,3.125,True,False
E5A_rq3_text_plus_image_qwen_20260730,Qwen/Qwen2.5-VL-7B-Instruct,cc594898137f460bfe9f0759e9844b3ce807cfb5,cuda,rq3g_cuda_032__c5,semantic_only_under_ugly,ugly_gold,ugly_trash,ugly_gold,True,True,False,3.375,-1.0,3.375,True,False
E5A_rq3_text_plus_image_qwen_20260730,Qwen/Qwen2.5-VL-7B-Instruct,cc594898137f460bfe9f0759e9844b3ce807cfb5,cuda,rq3g_cuda_032__c6,visual_only_trash,beautiful_trash,ugly_trash,beautiful_trash,False,False,False,0.75,-1.625,0.75,True,False
E5A_rq3_text_plus_image_qwen_20260730,Qwen/Qwen2.5-VL-7B-Instruct,cc594898137f460bfe9f0759e9844b3ce807cfb5,cuda,rq3g_cuda_033__c1,visual_only_gold,golden,ugly_gold,golden,False,False,False,0.8125,-0.9375,0.8125,True,False
E5A_rq3_text_plus_image_qwen_20260730,Qwen/Qwen2.5-VL-7B-Instruct,cc594898137f460bfe9f0759e9844b3ce807cfb5,cuda,rq3g_cuda_033__c2,semantic_and_visual_aligned,golden,beautiful_trash,golden,True,True,False,3.625,-0.375,3.625,True,False
E5A_rq3_text_plus_image_qwen_20260730,Qwen/Qwen2.5-VL-7B-Instruct,cc594898137f460bfe9f0759e9844b3ce807cfb5,cuda,rq3g_cuda_033__c3,semantic_and_visual_aligned,golden,ugly_trash,golden,True,True,False,3.8125,-0.3125,3.8125,True,False
E5A_rq3_text_plus_image_qwen_20260730,Qwen/Qwen2.5-VL-7B-Instruct,cc594898137f460bfe9f0759e9844b3ce807cfb5,cuda,rq3g_cuda_033__c4,semantic_visual_conflict_primary,ugly_gold,beautiful_trash,ugly_gold,True,True,False,3.0625,-0.5625,3.0625,True,False
E5A_rq3_text_plus_image_qwen_20260730,Qwen/Qwen2.5-VL-7B-Instruct,cc594898137f460bfe9f0759e9844b3ce807cfb5,cuda,rq3g_cuda_033__c5,semantic_only_under_ugly,ugly_gold,ugly_trash,ugly_gold,True,True,False,3.25,-0.5,3.25,True,False
E5A_rq3_text_plus_image_qwen_20260730,Qwen/Qwen2.5-VL-7B-Instruct,cc594898137f460bfe9f0759e9844b3ce807cfb5,cuda,rq3g_cuda_033__c6,visual_only_trash,beautiful_trash,ugly_trash,beautiful_trash,False,False,False,0.5,-0.625,0.5,True,False
E5A_rq3_text_plus_image_qwen_20260730,Qwen/Qwen2.5-VL-7B-Instruct,cc594898137f460bfe9f0759e9844b3ce807cfb5,cuda,rq3g_cuda_034__c1,visual_only_gold,golden,ugly_gold,golden,False,False,False,0.125,-1.25,0.125,True,False
E5A_rq3_text_plus_image_qwen_20260730,Qwen/Qwen2.5-VL-7B-Instruct,cc594898137f460bfe9f0759e9844b3ce807cfb5,cuda,rq3g_cuda_034__c2,semantic_and_visual_aligned,golden,beautiful_trash,golden,True,True,False,3.1875,-0.1875,3.1875,True,False
E5A_rq3_text_plus_image_qwen_20260730,Qwen/Qwen2.5-VL-7B-Instruct,cc594898137f460bfe9f0759e9844b3ce807cfb5,cuda,rq3g_cuda_034__c3,semantic_and_visual_aligned,golden,ugly_trash,golden,True,True,False,3.3125,0.0625,3.3125,True,False
E5A_rq3_text_plus_image_qwen_20260730,Qwen/Qwen2.5-VL-7B-Instruct,cc594898137f460bfe9f0759e9844b3ce807cfb5,cuda,rq3g_cuda_034__c4,semantic_visual_conflict_primary,ugly_gold,beautiful_trash,ugly_gold,True,True,False,2.875,-0.125,2.875,True,False
E5A_rq3_text_plus_image_qwen_20260730,Qwen/Qwen2.5-VL-7B-Instruct,cc594898137f460bfe9f0759e9844b3ce807cfb5,cuda,rq3g_cuda_034__c5,semantic_only_under_ugly,ugly_gold,ugly_trash,ugly_gold,True,True,False,2.625,0.125,2.625,True,False
E5A_rq3_text_plus_image_qwen_20260730,Qwen/Qwen2.5-VL-7B-Instruct,cc594898137f460bfe9f0759e9844b3ce807cfb5,cuda,rq3g_cuda_034__c6,visual_only_trash,beautiful_trash,ugly_trash,beautiful_trash,False,False,False,0.1875,-0.8125,0.1875,True,False
E5A_rq3_text_plus_image_qwen_20260730,Qwen/Qwen2.5-VL-7B-Instruct,cc594898137f460bfe9f0759e9844b3ce807cfb5,cuda,rq3g_cuda_035__c1,visual_only_gold,golden,ugly_gold,golden,True,True,False,1.0625,-0.4375,1.0625,True,False
E5A_rq3_text_plus_image_qwen_20260730,Qwen/Qwen2.5-VL-7B-Instruct,cc594898137f460bfe9f0759e9844b3ce807cfb5,cuda,rq3g_cuda_035__c2,semantic_and_visual_aligned,golden,beautiful_trash,golden,True,True,False,3.5625,-0.4375,3.5625,True,False
E5A_rq3_text_plus_image_qwen_20260730,Qwen/Qwen2.5-VL-7B-Instruct,cc594898137f460bfe9f0759e9844b3ce807cfb5,cuda,rq3g_cuda_035__c3,semantic_and_visual_aligned,golden,ugly_trash,golden,True,True,False,4.1875,-0.1875,4.1875,True,False
E5A_rq3_text_plus_image_qwen_20260730,Qwen/Qwen2.5-VL-7B-Instruct,cc594898137f460bfe9f0759e9844b3ce807cfb5,cuda,rq3g_cuda_035__c4,semantic_visual_conflict_primary,ugly_gold,beautiful_trash,ugly_gold,True,True,False,3.3125,-0.5625,3.3125,True,False
E5A_rq3_text_plus_image_qwen_20260730,Qwen/Qwen2.5-VL-7B-Instruct,cc594898137f460bfe9f0759e9844b3ce807cfb5,cuda,rq3g_cuda_035__c5,semantic_only_under_ugly,ugly_gold,ugly_trash,ugly_gold,True,True,False,3.6875,-0.4375,3.6875,True,False
E5A_rq3_text_plus_image_qwen_20260730,Qwen/Qwen2.5-VL-7B-Instruct,cc594898137f460bfe9f0759e9844b3ce807cfb5,cuda,rq3g_cuda_035__c6,visual_only_trash,beautiful_trash,ugly_trash,beautiful_trash,False,False,False,0.5625,-1.1875,0.5625,True,False
E5A_rq3_text_plus_image_qwen_20260730,Qwen/Qwen2.5-VL-7B-Instruct,cc594898137f460bfe9f0759e9844b3ce807cfb5,cuda,rq3g_cuda_036__c1,visual_only_gold,golden,ugly_gold,golden,False,False,False,0.375,-0.625,0.375,True,False
E5A_rq3_text_plus_image_qwen_20260730,Qwen/Qwen2.5-VL-7B-Instruct,cc594898137f460bfe9f0759e9844b3ce807cfb5,cuda,rq3g_cuda_036__c2,semantic_and_visual_aligned,golden,beautiful_trash,golden,True,True,False,2.4375,-1.1875,2.4375,True,False
E5A_rq3_text_plus_image_qwen_20260730,Qwen/Qwen2.5-VL-7B-Instruct,cc594898137f460bfe9f0759e9844b3ce807cfb5,cuda,rq3g_cuda_036__c3,semantic_and_visual_aligned,golden,ugly_trash,golden,True,True,False,2.4375,-0.8125,2.4375,True,False
E5A_rq3_text_plus_image_qwen_20260730,Qwen/Qwen2.5-VL-7B-Instruct,cc594898137f460bfe9f0759e9844b3ce807cfb5,cuda,rq3g_cuda_036__c4,semantic_visual_conflict_primary,ugly_gold,beautiful_trash,ugly_gold,True,True,False,2.0,-1.125,2.0,True,False
E5A_rq3_text_plus_image_qwen_20260730,Qwen/Qwen2.5-VL-7B-Instruct,cc594898137f460bfe9f0759e9844b3ce807cfb5,cuda,rq3g_cuda_036__c5,semantic_only_under_ugly,ugly_gold,ugly_trash,ugly_gold,True,True,False,2.1875,-0.8125,2.1875,True,False
E5A_rq3_text_plus_image_qwen_20260730,Qwen/Qwen2.5-VL-7B-Instruct,cc594898137f460bfe9f0759e9844b3ce807cfb5,cuda,rq3g_cuda_036__c6,visual_only_trash,beautiful_trash,ugly_trash,beautiful_trash,False,False,False,0.5625,-1.1875,0.5625,True,False
E5A_rq3_text_plus_image_qwen_20260730,Qwen/Qwen2.5-VL-7B-Instruct,cc594898137f460bfe9f0759e9844b3ce807cfb5,cuda,rq3g_cuda_037__c1,visual_only_gold,golden,ugly_gold,golden,True,True,False,0.5,-0.5,0.5,True,False
E5A_rq3_text_plus_image_qwen_20260730,Qwen/Qwen2.5-VL-7B-Instruct,cc594898137f460bfe9f0759e9844b3ce807cfb5,cuda,rq3g_cuda_037__c2,semantic_and_visual_aligned,golden,beautiful_trash,golden,True,True,False,2.875,-0.375,2.875,True,False
E5A_rq3_text_plus_image_qwen_20260730,Qwen/Qwen2.5-VL-7B-Instruct,cc594898137f460bfe9f0759e9844b3ce807cfb5,cuda,rq3g_cuda_037__c3,semantic_and_visual_aligned,golden,ugly_trash,golden,True,True,False,3.3125,-0.3125,3.3125,True,False
E5A_rq3_text_plus_image_qwen_20260730,Qwen/Qwen2.5-VL-7B-Instruct,cc594898137f460bfe9f0759e9844b3ce807cfb5,cuda,rq3g_cuda_037__c4,semantic_visual_conflict_primary,ugly_gold,beautiful_trash,ugly_gold,True,True,False,2.5,-0.5,2.5,True,False
E5A_rq3_text_plus_image_qwen_20260730,Qwen/Qwen2.5-VL-7B-Instruct,cc594898137f460bfe9f0759e9844b3ce807cfb5,cuda,rq3g_cuda_037__c5,semantic_only_under_ugly,ugly_gold,ugly_trash,ugly_gold,True,True,False,2.4375,-0.4375,2.4375,True,False
E5A_rq3_text_plus_image_qwen_20260730,Qwen/Qwen2.5-VL-7B-Instruct,cc594898137f460bfe9f0759e9844b3ce807cfb5,cuda,rq3g_cuda_037__c6,visual_only_trash,beautiful_trash,ugly_trash,beautiful_trash,False,False,False,0.375,-1.875,0.375,True,False
E5A_rq3_text_plus_image_qwen_20260730,Qwen/Qwen2.5-VL-7B-Instruct,cc594898137f460bfe9f0759e9844b3ce807cfb5,cuda,rq3g_cuda_038__c1,visual_only_gold,golden,ugly_gold,golden,True,True,False,0.75,-0.375,0.75,True,False
E5A_rq3_text_plus_image_qwen_20260730,Qwen/Qwen2.5-VL-7B-Instruct,cc594898137f460bfe9f0759e9844b3ce807cfb5,cuda,rq3g_cuda_038__c2,semantic_and_visual_aligned,golden,beautiful_trash,golden,True,True,False,3.0625,-0.4375,3.0625,True,False
E5A_rq3_text_plus_image_qwen_20260730,Qwen/Qwen2.5-VL-7B-Instruct,cc594898137f460bfe9f0759e9844b3ce807cfb5,cuda,rq3g_cuda_038__c3,semantic_and_visual_aligned,golden,ugly_trash,golden,True,True,False,3.0625,0.0625,3.0625,True,False
E5A_rq3_text_plus_image_qwen_20260730,Qwen/Qwen2.5-VL-7B-Instruct,cc594898137f460bfe9f0759e9844b3ce807cfb5,cuda,rq3g_cuda_038__c4,semantic_visual_conflict_primary,ugly_gold,beautiful_trash,ugly_gold,True,True,False,2.5625,-0.6875,2.5625,True,False
E5A_rq3_text_plus_image_qwen_20260730,Qwen/Qwen2.5-VL-7B-Instruct,cc594898137f460bfe9f0759e9844b3ce807cfb5,cuda,rq3g_cuda_038__c5,semantic_only_under_ugly,ugly_gold,ugly_trash,ugly_gold,True,True,False,2.5,-0.625,2.5,True,False
E5A_rq3_text_plus_image_qwen_20260730,Qwen/Qwen2.5-VL-7B-Instruct,cc594898137f460bfe9f0759e9844b3ce807cfb5,cuda,rq3g_cuda_038__c6,visual_only_trash,beautiful_trash,ugly_trash,beautiful_trash,False,False,False,0.375,-1.375,0.375,True,False
E5A_rq3_text_plus_image_qwen_20260730,Qwen/Qwen2.5-VL-7B-Instruct,cc594898137f460bfe9f0759e9844b3ce807cfb5,cuda,rq3g_cuda_039__c1,visual_only_gold,golden,ugly_gold,golden,False,False,False,0.5625,-1.3125,0.5625,True,False
E5A_rq3_text_plus_image_qwen_20260730,Qwen/Qwen2.5-VL-7B-Instruct,cc594898137f460bfe9f0759e9844b3ce807cfb5,cuda,rq3g_cuda_039__c2,semantic_and_visual_aligned,golden,beautiful_trash,golden,True,True,False,3.25,-0.5,3.25,True,False
E5A_rq3_text_plus_image_qwen_20260730,Qwen/Qwen2.5-VL-7B-Instruct,cc594898137f460bfe9f0759e9844b3ce807cfb5,cuda,rq3g_cuda_039__c3,semantic_and_visual_aligned,golden,ugly_trash,golden,True,True,False,3.5,-0.5,3.5,True,False
E5A_rq3_text_plus_image_qwen_20260730,Qwen/Qwen2.5-VL-7B-Instruct,cc594898137f460bfe9f0759e9844b3ce807cfb5,cuda,rq3g_cuda_039__c4,semantic_visual_conflict_primary,ugly_gold,beautiful_trash,ugly_gold,True,True,False,3.1875,-0.5625,3.1875,True,False
E5A_rq3_text_plus_image_qwen_20260730,Qwen/Qwen2.5-VL-7B-Instruct,cc594898137f460bfe9f0759e9844b3ce807cfb5,cuda,rq3g_cuda_039__c5,semantic_only_under_ugly,ugly_gold,ugly_trash,ugly_gold,True,True,False,3.4375,-0.8125,3.4375,True,False
E5A_rq3_text_plus_image_qwen_20260730,Qwen/Qwen2.5-VL-7B-Instruct,cc594898137f460bfe9f0759e9844b3ce807cfb5,cuda,rq3g_cuda_039__c6,visual_only_trash,beautiful_trash,ugly_trash,beautiful_trash,False,False,False,0.875,-1.625,0.875,True,False
E5A_rq3_text_plus_image_qwen_20260730,Qwen/Qwen2.5-VL-7B-Instruct,cc594898137f460bfe9f0759e9844b3ce807cfb5,cuda,rq3g_cuda_040__c1,visual_only_gold,golden,ugly_gold,golden,False,False,False,0.3125,-0.4375,0.3125,True,False
E5A_rq3_text_plus_image_qwen_20260730,Qwen/Qwen2.5-VL-7B-Instruct,cc594898137f460bfe9f0759e9844b3ce807cfb5,cuda,rq3g_cuda_040__c2,semantic_and_visual_aligned,golden,beautiful_trash,golden,True,True,False,2.4375,-1.3125,2.4375,True,False
E5A_rq3_text_plus_image_qwen_20260730,Qwen/Qwen2.5-VL-7B-Instruct,cc594898137f460bfe9f0759e9844b3ce807cfb5,cuda,rq3g_cuda_040__c3,semantic_and_visual_aligned,golden,ugly_trash,golden,True,True,False,2.5625,-1.4375,2.5625,True,False
E5A_rq3_text_plus_image_qwen_20260730,Qwen/Qwen2.5-VL-7B-Instruct,cc594898137f460bfe9f0759e9844b3ce807cfb5,cuda,rq3g_cuda_040__c4,semantic_visual_conflict_primary,ugly_gold,beautiful_trash,ugly_gold,True,True,False,2.6875,-1.8125,2.6875,True,False
E5A_rq3_text_plus_image_qwen_20260730,Qwen/Qwen2.5-VL-7B-Instruct,cc594898137f460bfe9f0759e9844b3ce807cfb5,cuda,rq3g_cuda_040__c5,semantic_only_under_ugly,ugly_gold,ugly_trash,ugly_gold,True,True,False,2.3125,-1.8125,2.3125,True,False
E5A_rq3_text_plus_image_qwen_20260730,Qwen/Qwen2.5-VL-7B-Instruct,cc594898137f460bfe9f0759e9844b3ce807cfb5,cuda,rq3g_cuda_040__c6,visual_only_trash,beautiful_trash,ugly_trash,beautiful_trash,False,False,False,0.1875,-0.9375,0.1875,True,False
E5A_rq3_text_plus_image_qwen_20260730,Qwen/Qwen2.5-VL-7B-Instruct,cc594898137f460bfe9f0759e9844b3ce807cfb5,cuda,rq3g_cuda_041__c1,visual_only_gold,golden,ugly_gold,golden,False,False,False,0.375,-1.0,0.375,True,False
E5A_rq3_text_plus_image_qwen_20260730,Qwen/Qwen2.5-VL-7B-Instruct,cc594898137f460bfe9f0759e9844b3ce807cfb5,cuda,rq3g_cuda_041__c2,semantic_and_visual_aligned,golden,beautiful_trash,golden,True,True,False,1.5625,-0.8125,1.5625,True,False
E5A_rq3_text_plus_image_qwen_20260730,Qwen/Qwen2.5-VL-7B-Instruct,cc594898137f460bfe9f0759e9844b3ce807cfb5,cuda,rq3g_cuda_041__c3,semantic_and_visual_aligned,golden,ugly_trash,golden,True,True,False,1.875,-1.25,1.875,True,False
E5A_rq3_text_plus_image_qwen_20260730,Qwen/Qwen2.5-VL-7B-Instruct,cc594898137f460bfe9f0759e9844b3ce807cfb5,cuda,rq3g_cuda_041__c4,semantic_visual_conflict_primary,ugly_gold,beautiful_trash,ugly_gold,True,True,False,1.4375,-1.1875,1.4375,True,False
E5A_rq3_text_plus_image_qwen_20260730,Qwen/Qwen2.5-VL-7B-Instruct,cc594898137f460bfe9f0759e9844b3ce807cfb5,cuda,rq3g_cuda_041__c5,semantic_only_under_ugly,ugly_gold,ugly_trash,ugly_gold,True,True,False,1.6875,-0.9375,1.6875,True,False
E5A_rq3_text_plus_image_qwen_20260730,Qwen/Qwen2.5-VL-7B-Instruct,cc594898137f460bfe9f0759e9844b3ce807cfb5,cuda,rq3g_cuda_041__c6,visual_only_trash,beautiful_trash,ugly_trash,beautiful_trash,False,False,False,0.5,-1.25,0.5,True,False
E5A_rq3_text_plus_image_qwen_20260730,Qwen/Qwen2.5-VL-7B-Instruct,cc594898137f460bfe9f0759e9844b3ce807cfb5,cuda,rq3g_cuda_042__c1,visual_only_gold,golden,ugly_gold,golden,False,False,False,0.6875,-0.9375,0.6875,True,False
E5A_rq3_text_plus_image_qwen_20260730,Qwen/Qwen2.5-VL-7B-Instruct,cc594898137f460bfe9f0759e9844b3ce807cfb5,cuda,rq3g_cuda_042__c2,semantic_and_visual_aligned,golden,beautiful_trash,golden,False,False,False,0.625,-1.0,0.625,True,False
E5A_rq3_text_plus_image_qwen_20260730,Qwen/Qwen2.5-VL-7B-Instruct,cc594898137f460bfe9f0759e9844b3ce807cfb5,cuda,rq3g_cuda_042__c3,semantic_and_visual_aligned,golden,ugly_trash,golden,True,True,False,0.8125,-0.8125,0.8125,True,False
E5A_rq3_text_plus_image_qwen_20260730,Qwen/Qwen2.5-VL-7B-Instruct,cc594898137f460bfe9f0759e9844b3ce807cfb5,cuda,rq3g_cuda_042__c4,semantic_visual_conflict_primary,ugly_gold,beautiful_trash,ugly_gold,False,False,False,0.5625,-0.9375,0.5625,True,False
E5A_rq3_text_plus_image_qwen_20260730,Qwen/Qwen2.5-VL-7B-Instruct,cc594898137f460bfe9f0759e9844b3ce807cfb5,cuda,rq3g_cuda_042__c5,semantic_only_under_ugly,ugly_gold,ugly_trash,ugly_gold,False,False,False,0.625,-1.0,0.625,True,False
E5A_rq3_text_plus_image_qwen_20260730,Qwen/Qwen2.5-VL-7B-Instruct,cc594898137f460bfe9f0759e9844b3ce807cfb5,cuda,rq3g_cuda_042__c6,visual_only_trash,beautiful_trash,ugly_trash,beautiful_trash,False,False,False,0.5,-1.375,0.5,True,False
E5A_rq3_text_plus_image_qwen_20260730,Qwen/Qwen2.5-VL-7B-Instruct,cc594898137f460bfe9f0759e9844b3ce807cfb5,cuda,rq3g_cuda_043__c1,visual_only_gold,golden,ugly_gold,golden,False,False,False,0.4375,-1.1875,0.4375,True,False
E5A_rq3_text_plus_image_qwen_20260730,Qwen/Qwen2.5-VL-7B-Instruct,cc594898137f460bfe9f0759e9844b3ce807cfb5,cuda,rq3g_cuda_043__c2,semantic_and_visual_aligned,golden,beautiful_trash,golden,True,True,False,3.125,-1.0,3.125,True,False
E5A_rq3_text_plus_image_qwen_20260730,Qwen/Qwen2.5-VL-7B-Instruct,cc594898137f460bfe9f0759e9844b3ce807cfb5,cuda,rq3g_cuda_043__c3,semantic_and_visual_aligned,golden,ugly_trash,golden,True,True,False,3.0625,-0.4375,3.0625,True,False
E5A_rq3_text_plus_image_qwen_20260730,Qwen/Qwen2.5-VL-7B-Instruct,cc594898137f460bfe9f0759e9844b3ce807cfb5,cuda,rq3g_cuda_043__c4,semantic_visual_conflict_primary,ugly_gold,beautiful_trash,ugly_gold,True,True,False,3.125,-1.125,3.125,True,False
E5A_rq3_text_plus_image_qwen_20260730,Qwen/Qwen2.5-VL-7B-Instruct,cc594898137f460bfe9f0759e9844b3ce807cfb5,cuda,rq3g_cuda_043__c5,semantic_only_under_ugly,ugly_gold,ugly_trash,ugly_gold,True,True,False,3.4375,-0.8125,3.4375,True,False
E5A_rq3_text_plus_image_qwen_20260730,Qwen/Qwen2.5-VL-7B-Instruct,cc594898137f460bfe9f0759e9844b3ce807cfb5,cuda,rq3g_cuda_043__c6,visual_only_trash,beautiful_trash,ugly_trash,beautiful_trash,False,False,False,0.75,-1.0,0.75,True,False
E5A_rq3_text_plus_image_qwen_20260730,Qwen/Qwen2.5-VL-7B-Instruct,cc594898137f460bfe9f0759e9844b3ce807cfb5,cuda,rq3g_cuda_044__c1,visual_only_gold,golden,ugly_gold,golden,False,False,False,0.8125,-1.0625,0.8125,True,False
E5A_rq3_text_plus_image_qwen_20260730,Qwen/Qwen2.5-VL-7B-Instruct,cc594898137f460bfe9f0759e9844b3ce807cfb5,cuda,rq3g_cuda_044__c2,semantic_and_visual_aligned,golden,beautiful_trash,golden,True,True,False,3.1875,-0.3125,3.1875,True,False
E5A_rq3_text_plus_image_qwen_20260730,Qwen/Qwen2.5-VL-7B-Instruct,cc594898137f460bfe9f0759e9844b3ce807cfb5,cuda,rq3g_cuda_044__c3,semantic_and_visual_aligned,golden,ugly_trash,golden,True,True,False,3.1875,-0.3125,3.1875,True,False
E5A_rq3_text_plus_image_qwen_20260730,Qwen/Qwen2.5-VL-7B-Instruct,cc594898137f460bfe9f0759e9844b3ce807cfb5,cuda,rq3g_cuda_044__c4,semantic_visual_conflict_primary,ugly_gold,beautiful_trash,ugly_gold,True,True,False,2.6875,-0.4375,2.6875,True,False
E5A_rq3_text_plus_image_qwen_20260730,Qwen/Qwen2.5-VL-7B-Instruct,cc594898137f460bfe9f0759e9844b3ce807cfb5,cuda,rq3g_cuda_044__c5,semantic_only_under_ugly,ugly_gold,ugly_trash,ugly_gold,True,True,False,2.3125,-0.4375,2.3125,True,False
E5A_rq3_text_plus_image_qwen_20260730,Qwen/Qwen2.5-VL-7B-Instruct,cc594898137f460bfe9f0759e9844b3ce807cfb5,cuda,rq3g_cuda_044__c6,visual_only_trash,beautiful_trash,ugly_trash,beautiful_trash,False,False,False,0.4375,-0.6875,0.4375,True,False
E5A_rq3_text_plus_image_qwen_20260730,Qwen/Qwen2.5-VL-7B-Instruct,cc594898137f460bfe9f0759e9844b3ce807cfb5,cuda,rq3g_cuda_045__c1,visual_only_gold,golden,ugly_gold,golden,True,True,False,1.0625,-0.5625,1.0625,True,False
E5A_rq3_text_plus_image_qwen_20260730,Qwen/Qwen2.5-VL-7B-Instruct,cc594898137f460bfe9f0759e9844b3ce807cfb5,cuda,rq3g_cuda_045__c2,semantic_and_visual_aligned,golden,beautiful_trash,golden,True,True,False,3.3125,-0.3125,3.3125,True,False
E5A_rq3_text_plus_image_qwen_20260730,Qwen/Qwen2.5-VL-7B-Instruct,cc594898137f460bfe9f0759e9844b3ce807cfb5,cuda,rq3g_cuda_045__c3,semantic_and_visual_aligned,golden,ugly_trash,golden,True,True,False,3.75,-0.375,3.75,True,False
E5A_rq3_text_plus_image_qwen_20260730,Qwen/Qwen2.5-VL-7B-Instruct,cc594898137f460bfe9f0759e9844b3ce807cfb5,cuda,rq3g_cuda_045__c4,semantic_visual_conflict_primary,ugly_gold,beautiful_trash,ugly_gold,True,True,False,2.625,-0.875,2.625,True,False
E5A_rq3_text_plus_image_qwen_20260730,Qwen/Qwen2.5-VL-7B-Instruct,cc594898137f460bfe9f0759e9844b3ce807cfb5,cuda,rq3g_cuda_045__c5,semantic_only_under_ugly,ugly_gold,ugly_trash,ugly_gold,True,True,False,2.9375,-0.6875,2.9375,True,False
E5A_rq3_text_plus_image_qwen_20260730,Qwen/Qwen2.5-VL-7B-Instruct,cc594898137f460bfe9f0759e9844b3ce807cfb5,cuda,rq3g_cuda_045__c6,visual_only_trash,beautiful_trash,ugly_trash,beautiful_trash,False,False,False,0.875,-1.5,0.875,True,False
E5A_rq3_text_plus_image_qwen_20260730,Qwen/Qwen2.5-VL-7B-Instruct,cc594898137f460bfe9f0759e9844b3ce807cfb5,cuda,rq3g_cuda_046__c1,visual_only_gold,golden,ugly_gold,golden,True,True,False,0.75,-0.375,0.75,True,False
E5A_rq3_text_plus_image_qwen_20260730,Qwen/Qwen2.5-VL-7B-Instruct,cc594898137f460bfe9f0759e9844b3ce807cfb5,cuda,rq3g_cuda_046__c2,semantic_and_visual_aligned,golden,beautiful_trash,golden,True,True,False,3.5625,-0.3125,3.5625,True,False
E5A_rq3_text_plus_image_qwen_20260730,Qwen/Qwen2.5-VL-7B-Instruct,cc594898137f460bfe9f0759e9844b3ce807cfb5,cuda,rq3g_cuda_046__c3,semantic_and_visual_aligned,golden,ugly_trash,golden,True,True,False,3.625,-0.125,3.625,True,False
E5A_rq3_text_plus_image_qwen_20260730,Qwen/Qwen2.5-VL-7B-Instruct,cc594898137f460bfe9f0759e9844b3ce807cfb5,cuda,rq3g_cuda_046__c4,semantic_visual_conflict_primary,ugly_gold,beautiful_trash,ugly_gold,True,True,False,3.3125,-0.8125,3.3125,True,False
E5A_rq3_text_plus_image_qwen_20260730,Qwen/Qwen2.5-VL-7B-Instruct,cc594898137f460bfe9f0759e9844b3ce807cfb5,cuda,rq3g_cuda_046__c5,semantic_only_under_ugly,ugly_gold,ugly_trash,ugly_gold,True,True,False,2.75,-1.125,2.75,True,False
E5A_rq3_text_plus_image_qwen_20260730,Qwen/Qwen2.5-VL-7B-Instruct,cc594898137f460bfe9f0759e9844b3ce807cfb5,cuda,rq3g_cuda_046__c6,visual_only_trash,beautiful_trash,ugly_trash,beautiful_trash,False,False,False,0.0,-0.75,0.0,False,True
E5A_rq3_text_plus_image_qwen_20260730,Qwen/Qwen2.5-VL-7B-Instruct,cc594898137f460bfe9f0759e9844b3ce807cfb5,cuda,rq3g_cuda_047__c1,visual_only_gold,golden,ugly_gold,golden,False,False,False,0.25,-0.875,0.25,True,False
E5A_rq3_text_plus_image_qwen_20260730,Qwen/Qwen2.5-VL-7B-Instruct,cc594898137f460bfe9f0759e9844b3ce807cfb5,cuda,rq3g_cuda_047__c2,semantic_and_visual_aligned,golden,beautiful_trash,golden,True,True,False,3.0625,-0.5625,3.0625,True,False
E5A_rq3_text_plus_image_qwen_20260730,Qwen/Qwen2.5-VL-7B-Instruct,cc594898137f460bfe9f0759e9844b3ce807cfb5,cuda,rq3g_cuda_047__c3,semantic_and_visual_aligned,golden,ugly_trash,golden,True,True,False,2.625,-0.25,2.625,True,False
E5A_rq3_text_plus_image_qwen_20260730,Qwen/Qwen2.5-VL-7B-Instruct,cc594898137f460bfe9f0759e9844b3ce807cfb5,cuda,rq3g_cuda_047__c4,semantic_visual_conflict_primary,ugly_gold,beautiful_trash,ugly_gold,True,True,False,2.6875,-0.9375,2.6875,True,False
E5A_rq3_text_plus_image_qwen_20260730,Qwen/Qwen2.5-VL-7B-Instruct,cc594898137f460bfe9f0759e9844b3ce807cfb5,cuda,rq3g_cuda_047__c5,semantic_only_under_ugly,ugly_gold,ugly_trash,ugly_gold,True,True,False,2.6875,-0.5625,2.6875,True,False
E5A_rq3_text_plus_image_qwen_20260730,Qwen/Qwen2.5-VL-7B-Instruct,cc594898137f460bfe9f0759e9844b3ce807cfb5,cuda,rq3g_cuda_047__c6,visual_only_trash,beautiful_trash,ugly_trash,beautiful_trash,False,False,False,0.25,-0.5,0.25,True,False
E5A_rq3_text_plus_image_qwen_20260730,Qwen/Qwen2.5-VL-7B-Instruct,cc594898137f460bfe9f0759e9844b3ce807cfb5,cuda,rq3g_cuda_048__c1,visual_only_gold,golden,ugly_gold,golden,True,True,False,1.125,-0.625,1.125,True,False
E5A_rq3_text_plus_image_qwen_20260730,Qwen/Qwen2.5-VL-7B-Instruct,cc594898137f460bfe9f0759e9844b3ce807cfb5,cuda,rq3g_cuda_048__c2,semantic_and_visual_aligned,golden,beautiful_trash,golden,True,True,False,4.625,-0.625,4.625,True,False
E5A_rq3_text_plus_image_qwen_20260730,Qwen/Qwen2.5-VL-7B-Instruct,cc594898137f460bfe9f0759e9844b3ce807cfb5,cuda,rq3g_cuda_048__c3,semantic_and_visual_aligned,golden,ugly_trash,golden,True,True,False,5.125,-0.5,5.125,True,False
E5A_rq3_text_plus_image_qwen_20260730,Qwen/Qwen2.5-VL-7B-Instruct,cc594898137f460bfe9f0759e9844b3ce807cfb5,cuda,rq3g_cuda_048__c4,semantic_visual_conflict_primary,ugly_gold,beautiful_trash,ugly_gold,True,True,False,4.25,-0.75,4.25,True,False
E5A_rq3_text_plus_image_qwen_20260730,Qwen/Qwen2.5-VL-7B-Instruct,cc594898137f460bfe9f0759e9844b3ce807cfb5,cuda,rq3g_cuda_048__c5,semantic_only_under_ugly,ugly_gold,ugly_trash,ugly_gold,True,True,False,4.125,-0.625,4.125,True,False
E5A_rq3_text_plus_image_qwen_20260730,Qwen/Qwen2.5-VL-7B-Instruct,cc594898137f460bfe9f0759e9844b3ce807cfb5,cuda,rq3g_cuda_048__c6,visual_only_trash,beautiful_trash,ugly_trash,beautiful_trash,False,False,False,0.1875,-0.9375,0.1875,True,False
E5A_rq3_text_plus_image_qwen_20260730,Qwen/Qwen2.5-VL-7B-Instruct,cc594898137f460bfe9f0759e9844b3ce807cfb5,cuda,rq3g_cuda_049__c1,visual_only_gold,golden,ugly_gold,golden,False,False,False,0.3125,-0.5625,0.3125,True,False
E5A_rq3_text_plus_image_qwen_20260730,Qwen/Qwen2.5-VL-7B-Instruct,cc594898137f460bfe9f0759e9844b3ce807cfb5,cuda,rq3g_cuda_049__c2,semantic_and_visual_aligned,golden,beautiful_trash,golden,True,True,False,2.5,-1.25,2.5,True,False
E5A_rq3_text_plus_image_qwen_20260730,Qwen/Qwen2.5-VL-7B-Instruct,cc594898137f460bfe9f0759e9844b3ce807cfb5,cuda,rq3g_cuda_049__c3,semantic_and_visual_aligned,golden,ugly_trash,golden,True,True,False,2.75,-1.375,2.75,True,False
E5A_rq3_text_plus_image_qwen_20260730,Qwen/Qwen2.5-VL-7B-Instruct,cc594898137f460bfe9f0759e9844b3ce807cfb5,cuda,rq3g_cuda_049__c4,semantic_visual_conflict_primary,ugly_gold,beautiful_trash,ugly_gold,True,True,False,2.6875,-1.3125,2.6875,True,False
E5A_rq3_text_plus_image_qwen_20260730,Qwen/Qwen2.5-VL-7B-Instruct,cc594898137f460bfe9f0759e9844b3ce807cfb5,cuda,rq3g_cuda_049__c5,semantic_only_under_ugly,ugly_gold,ugly_trash,ugly_gold,True,True,False,2.5625,-1.0625,2.5625,True,False
E5A_rq3_text_plus_image_qwen_20260730,Qwen/Qwen2.5-VL-7B-Instruct,cc594898137f460bfe9f0759e9844b3ce807cfb5,cuda,rq3g_cuda_049__c6,visual_only_trash,beautiful_trash,ugly_trash,beautiful_trash,False,False,False,0.375,-0.875,0.375,True,False
E5A_rq3_text_plus_image_qwen_20260730,Qwen/Qwen2.5-VL-7B-Instruct,cc594898137f460bfe9f0759e9844b3ce807cfb5,cuda,rq3g_cuda_050__c1,visual_only_gold,golden,ugly_gold,golden,True,True,False,1.0625,-0.5625,1.0625,True,False
E5A_rq3_text_plus_image_qwen_20260730,Qwen/Qwen2.5-VL-7B-Instruct,cc594898137f460bfe9f0759e9844b3ce807cfb5,cuda,rq3g_cuda_050__c2,semantic_and_visual_aligned,golden,beautiful_trash,golden,True,True,False,3.125,-0.375,3.125,True,False
E5A_rq3_text_plus_image_qwen_20260730,Qwen/Qwen2.5-VL-7B-Instruct,cc594898137f460bfe9f0759e9844b3ce807cfb5,cuda,rq3g_cuda_050__c3,semantic_and_visual_aligned,golden,ugly_trash,golden,True,True,False,3.625,-0.625,3.625,True,False
E5A_rq3_text_plus_image_qwen_20260730,Qwen/Qwen2.5-VL-7B-Instruct,cc594898137f460bfe9f0759e9844b3ce807cfb5,cuda,rq3g_cuda_050__c4,semantic_visual_conflict_primary,ugly_gold,beautiful_trash,ugly_gold,True,True,False,2.5625,-1.0625,2.5625,True,False
E5A_rq3_text_plus_image_qwen_20260730,Qwen/Qwen2.5-VL-7B-Instruct,cc594898137f460bfe9f0759e9844b3ce807cfb5,cuda,rq3g_cuda_050__c5,semantic_only_under_ugly,ugly_gold,ugly_trash,ugly_gold,True,True,False,2.5,-0.75,2.5,True,False
E5A_rq3_text_plus_image_qwen_20260730,Qwen/Qwen2.5-VL-7B-Instruct,cc594898137f460bfe9f0759e9844b3ce807cfb5,cuda,rq3g_cuda_050__c6,visual_only_trash,beautiful_trash,ugly_trash,beautiful_trash,False,False,False,1.0,-1.375,1.0,True,False
E5A_rq3_text_plus_image_qwen_20260730,Qwen/Qwen2.5-VL-7B-Instruct,cc594898137f460bfe9f0759e9844b3ce807cfb5,cuda,rq3g_cuda_051__c1,visual_only_gold,golden,ugly_gold,golden,False,False,False,-0.1875,-1.1875,-0.1875,False,False
E5A_rq3_text_plus_image_qwen_20260730,Qwen/Qwen2.5-VL-7B-Instruct,cc594898137f460bfe9f0759e9844b3ce807cfb5,cuda,rq3g_cuda_051__c2,semantic_and_visual_aligned,golden,beautiful_trash,golden,True,True,False,1.9375,-1.0625,1.9375,True,False
E5A_rq3_text_plus_image_qwen_20260730,Qwen/Qwen2.5-VL-7B-Instruct,cc594898137f460bfe9f0759e9844b3ce807cfb5,cuda,rq3g_cuda_051__c3,semantic_and_visual_aligned,golden,ugly_trash,golden,True,True,False,2.1875,-0.8125,2.1875,True,False
E5A_rq3_text_plus_image_qwen_20260730,Qwen/Qwen2.5-VL-7B-Instruct,cc594898137f460bfe9f0759e9844b3ce807cfb5,cuda,rq3g_cuda_051__c4,semantic_visual_conflict_primary,ugly_gold,beautiful_trash,ugly_gold,True,True,False,2.125,-1.0,2.125,True,False
E5A_rq3_text_plus_image_qwen_20260730,Qwen/Qwen2.5-VL-7B-Instruct,cc594898137f460bfe9f0759e9844b3ce807cfb5,cuda,rq3g_cuda_051__c5,semantic_only_under_ugly,ugly_gold,ugly_trash,ugly_gold,True,True,False,2.3125,-0.8125,2.3125,True,False
E5A_rq3_text_plus_image_qwen_20260730,Qwen/Qwen2.5-VL-7B-Instruct,cc594898137f460bfe9f0759e9844b3ce807cfb5,cuda,rq3g_cuda_051__c6,visual_only_trash,beautiful_trash,ugly_trash,beautiful_trash,False,False,False,0.25,-1.0,0.25,True,False
E5A_rq3_text_plus_image_qwen_20260730,Qwen/Qwen2.5-VL-7B-Instruct,cc594898137f460bfe9f0759e9844b3ce807cfb5,cuda,rq3g_cuda_052__c1,visual_only_gold,golden,ugly_gold,golden,True,True,False,0.25,0.0,0.25,True,False
E5A_rq3_text_plus_image_qwen_20260730,Qwen/Qwen2.5-VL-7B-Instruct,cc594898137f460bfe9f0759e9844b3ce807cfb5,cuda,rq3g_cuda_052__c2,semantic_and_visual_aligned,golden,beautiful_trash,golden,True,True,False,2.1875,-0.5625,2.1875,True,False
E5A_rq3_text_plus_image_qwen_20260730,Qwen/Qwen2.5-VL-7B-Instruct,cc594898137f460bfe9f0759e9844b3ce807cfb5,cuda,rq3g_cuda_052__c3,semantic_and_visual_aligned,golden,ugly_trash,golden,True,True,False,2.4375,-0.9375,2.4375,True,False
E5A_rq3_text_plus_image_qwen_20260730,Qwen/Qwen2.5-VL-7B-Instruct,cc594898137f460bfe9f0759e9844b3ce807cfb5,cuda,rq3g_cuda_052__c4,semantic_visual_conflict_primary,ugly_gold,beautiful_trash,ugly_gold,True,True,False,2.125,-0.375,2.125,True,False
E5A_rq3_text_plus_image_qwen_20260730,Qwen/Qwen2.5-VL-7B-Instruct,cc594898137f460bfe9f0759e9844b3ce807cfb5,cuda,rq3g_cuda_052__c5,semantic_only_under_ugly,ugly_gold,ugly_trash,ugly_gold,True,True,False,2.875,-0.375,2.875,True,False
E5A_rq3_text_plus_image_qwen_20260730,Qwen/Qwen2.5-VL-7B-Instruct,cc594898137f460bfe9f0759e9844b3ce807cfb5,cuda,rq3g_cuda_052__c6,visual_only_trash,beautiful_trash,ugly_trash,beautiful_trash,False,False,False,0.6875,-0.9375,0.6875,True,False
E5A_rq3_text_plus_image_qwen_20260730,Qwen/Qwen2.5-VL-7B-Instruct,cc594898137f460bfe9f0759e9844b3ce807cfb5,cuda,rq3g_cuda_053__c1,visual_only_gold,golden,ugly_gold,golden,True,True,False,0.9375,-0.1875,0.9375,True,False
E5A_rq3_text_plus_image_qwen_20260730,Qwen/Qwen2.5-VL-7B-Instruct,cc594898137f460bfe9f0759e9844b3ce807cfb5,cuda,rq3g_cuda_053__c2,semantic_and_visual_aligned,golden,beautiful_trash,golden,True,True,False,3.625,-0.125,3.625,True,False
E5A_rq3_text_plus_image_qwen_20260730,Qwen/Qwen2.5-VL-7B-Instruct,cc594898137f460bfe9f0759e9844b3ce807cfb5,cuda,rq3g_cuda_053__c3,semantic_and_visual_aligned,golden,ugly_trash,golden,True,True,False,3.8125,-0.3125,3.8125,True,False
E5A_rq3_text_plus_image_qwen_20260730,Qwen/Qwen2.5-VL-7B-Instruct,cc594898137f460bfe9f0759e9844b3ce807cfb5,cuda,rq3g_cuda_053__c4,semantic_visual_conflict_primary,ugly_gold,beautiful_trash,ugly_gold,True,True,False,3.125,-0.125,3.125,True,False
E5A_rq3_text_plus_image_qwen_20260730,Qwen/Qwen2.5-VL-7B-Instruct,cc594898137f460bfe9f0759e9844b3ce807cfb5,cuda,rq3g_cuda_053__c5,semantic_only_under_ugly,ugly_gold,ugly_trash,ugly_gold,True,True,False,3.625,-0.125,3.625,True,False
E5A_rq3_text_plus_image_qwen_20260730,Qwen/Qwen2.5-VL-7B-Instruct,cc594898137f460bfe9f0759e9844b3ce807cfb5,cuda,rq3g_cuda_053__c6,visual_only_trash,beautiful_trash,ugly_trash,beautiful_trash,False,False,False,0.4375,-1.1875,0.4375,True,False
E5A_rq3_text_plus_image_qwen_20260730,Qwen/Qwen2.5-VL-7B-Instruct,cc594898137f460bfe9f0759e9844b3ce807cfb5,cuda,rq3g_cuda_054__c1,visual_only_gold,golden,ugly_gold,golden,True,True,False,0.8125,-0.3125,0.8125,True,False
E5A_rq3_text_plus_image_qwen_20260730,Qwen/Qwen2.5-VL-7B-Instruct,cc594898137f460bfe9f0759e9844b3ce807cfb5,cuda,rq3g_cuda_054__c2,semantic_and_visual_aligned,golden,beautiful_trash,golden,True,True,False,2.5625,-1.0625,2.5625,True,False
E5A_rq3_text_plus_image_qwen_20260730,Qwen/Qwen2.5-VL-7B-Instruct,cc594898137f460bfe9f0759e9844b3ce807cfb5,cuda,rq3g_cuda_054__c3,semantic_and_visual_aligned,golden,ugly_trash,golden,True,True,False,2.6875,-0.9375,2.6875,True,False
E5A_rq3_text_plus_image_qwen_20260730,Qwen/Qwen2.5-VL-7B-Instruct,cc594898137f460bfe9f0759e9844b3ce807cfb5,cuda,rq3g_cuda_054__c4,semantic_visual_conflict_primary,ugly_gold,beautiful_trash,ugly_gold,True,True,False,1.75,-1.75,1.75,True,False
E5A_rq3_text_plus_image_qwen_20260730,Qwen/Qwen2.5-VL-7B-Instruct,cc594898137f460bfe9f0759e9844b3ce807cfb5,cuda,rq3g_cuda_054__c5,semantic_only_under_ugly,ugly_gold,ugly_trash,ugly_gold,True,True,False,1.875,-1.625,1.875,True,False
E5A_rq3_text_plus_image_qwen_20260730,Qwen/Qwen2.5-VL-7B-Instruct,cc594898137f460bfe9f0759e9844b3ce807cfb5,cuda,rq3g_cuda_054__c6,visual_only_trash,beautiful_trash,ugly_trash,beautiful_trash,False,False,False,0.125,-1.125,0.125,True,False
E5A_rq3_text_plus_image_qwen_20260730,Qwen/Qwen2.5-VL-7B-Instruct,cc594898137f460bfe9f0759e9844b3ce807cfb5,cuda,rq3g_cuda_055__c1,visual_only_gold,golden,ugly_gold,golden,True,True,False,0.3125,-0.3125,0.3125,True,False
E5A_rq3_text_plus_image_qwen_20260730,Qwen/Qwen2.5-VL-7B-Instruct,cc594898137f460bfe9f0759e9844b3ce807cfb5,cuda,rq3g_cuda_055__c2,semantic_and_visual_aligned,golden,beautiful_trash,golden,True,True,False,2.9375,-0.5625,2.9375,True,False
E5A_rq3_text_plus_image_qwen_20260730,Qwen/Qwen2.5-VL-7B-Instruct,cc594898137f460bfe9f0759e9844b3ce807cfb5,cuda,rq3g_cuda_055__c3,semantic_and_visual_aligned,golden,ugly_trash,golden,True,True,False,3.0625,-0.5625,3.0625,True,False
E5A_rq3_text_plus_image_qwen_20260730,Qwen/Qwen2.5-VL-7B-Instruct,cc594898137f460bfe9f0759e9844b3ce807cfb5,cuda,rq3g_cuda_055__c4,semantic_visual_conflict_primary,ugly_gold,beautiful_trash,ugly_gold,True,True,False,2.5625,-0.4375,2.5625,True,False
E5A_rq3_text_plus_image_qwen_20260730,Qwen/Qwen2.5-VL-7B-Instruct,cc594898137f460bfe9f0759e9844b3ce807cfb5,cuda,rq3g_cuda_055__c5,semantic_only_under_ugly,ugly_gold,ugly_trash,ugly_gold,True,True,False,2.875,-0.5,2.875,True,False
E5A_rq3_text_plus_image_qwen_20260730,Qwen/Qwen2.5-VL-7B-Instruct,cc594898137f460bfe9f0759e9844b3ce807cfb5,cuda,rq3g_cuda_055__c6,visual_only_trash,beautiful_trash,ugly_trash,beautiful_trash,False,False,False,0.0625,-1.3125,0.0625,True,False
E5A_rq3_text_plus_image_qwen_20260730,Qwen/Qwen2.5-VL-7B-Instruct,cc594898137f460bfe9f0759e9844b3ce807cfb5,cuda,rq3g_cuda_056__c1,visual_only_gold,golden,ugly_gold,golden,False,False,False,0.75,-1.0,0.75,True,False
E5A_rq3_text_plus_image_qwen_20260730,Qwen/Qwen2.5-VL-7B-Instruct,cc594898137f460bfe9f0759e9844b3ce807cfb5,cuda,rq3g_cuda_056__c2,semantic_and_visual_aligned,golden,beautiful_trash,golden,True,True,False,2.0,-1.0,2.0,True,False
E5A_rq3_text_plus_image_qwen_20260730,Qwen/Qwen2.5-VL-7B-Instruct,cc594898137f460bfe9f0759e9844b3ce807cfb5,cuda,rq3g_cuda_056__c3,semantic_and_visual_aligned,golden,ugly_trash,golden,True,True,False,2.3125,-0.8125,2.3125,True,False
E5A_rq3_text_plus_image_qwen_20260730,Qwen/Qwen2.5-VL-7B-Instruct,cc594898137f460bfe9f0759e9844b3ce807cfb5,cuda,rq3g_cuda_056__c4,semantic_visual_conflict_primary,ugly_gold,beautiful_trash,ugly_gold,True,True,False,2.0625,-1.4375,2.0625,True,False
E5A_rq3_text_plus_image_qwen_20260730,Qwen/Qwen2.5-VL-7B-Instruct,cc594898137f460bfe9f0759e9844b3ce807cfb5,cuda,rq3g_cuda_056__c5,semantic_only_under_ugly,ugly_gold,ugly_trash,ugly_gold,True,True,False,2.0,-1.25,2.0,True,False
E5A_rq3_text_plus_image_qwen_20260730,Qwen/Qwen2.5-VL-7B-Instruct,cc594898137f460bfe9f0759e9844b3ce807cfb5,cuda,rq3g_cuda_056__c6,visual_only_trash,beautiful_trash,ugly_trash,beautiful_trash,False,False,False,0.5625,-1.0625,0.5625,True,False
E5A_rq3_text_plus_image_qwen_20260730,Qwen/Qwen2.5-VL-7B-Instruct,cc594898137f460bfe9f0759e9844b3ce807cfb5,cuda,rq3g_cuda_057__c1,visual_only_gold,golden,ugly_gold,golden,False,False,False,0.0,-0.75,0.0,False,True
E5A_rq3_text_plus_image_qwen_20260730,Qwen/Qwen2.5-VL-7B-Instruct,cc594898137f460bfe9f0759e9844b3ce807cfb5,cuda,rq3g_cuda_057__c2,semantic_and_visual_aligned,golden,beautiful_trash,golden,True,True,False,2.875,-0.625,2.875,True,False
E5A_rq3_text_plus_image_qwen_20260730,Qwen/Qwen2.5-VL-7B-Instruct,cc594898137f460bfe9f0759e9844b3ce807cfb5,cuda,rq3g_cuda_057__c3,semantic_and_visual_aligned,golden,ugly_trash,golden,True,True,False,3.0625,-1.1875,3.0625,True,False
E5A_rq3_text_plus_image_qwen_20260730,Qwen/Qwen2.5-VL-7B-Instruct,cc594898137f460bfe9f0759e9844b3ce807cfb5,cuda,rq3g_cuda_057__c4,semantic_visual_conflict_primary,ugly_gold,beautiful_trash,ugly_gold,True,True,False,3.0,-1.125,3.0,True,False
E5A_rq3_text_plus_image_qwen_20260730,Qwen/Qwen2.5-VL-7B-Instruct,cc594898137f460bfe9f0759e9844b3ce807cfb5,cuda,rq3g_cuda_057__c5,semantic_only_under_ugly,ugly_gold,ugly_trash,ugly_gold,True,True,False,2.6875,-1.4375,2.6875,True,False
E5A_rq3_text_plus_image_qwen_20260730,Qwen/Qwen2.5-VL-7B-Instruct,cc594898137f460bfe9f0759e9844b3ce807cfb5,cuda,rq3g_cuda_057__c6,visual_only_trash,beautiful_trash,ugly_trash,beautiful_trash,False,False,False,0.1875,-1.8125,0.1875,True,False
E5A_rq3_text_plus_image_qwen_20260730,Qwen/Qwen2.5-VL-7B-Instruct,cc594898137f460bfe9f0759e9844b3ce807cfb5,cuda,rq3g_cuda_058__c1,visual_only_gold,golden,ugly_gold,golden,False,False,False,0.0625,-0.1875,0.0625,True,False
E5A_rq3_text_plus_image_qwen_20260730,Qwen/Qwen2.5-VL-7B-Instruct,cc594898137f460bfe9f0759e9844b3ce807cfb5,cuda,rq3g_cuda_058__c2,semantic_and_visual_aligned,golden,beautiful_trash,golden,True,True,False,2.9375,-0.3125,2.9375,True,False
E5A_rq3_text_plus_image_qwen_20260730,Qwen/Qwen2.5-VL-7B-Instruct,cc594898137f460bfe9f0759e9844b3ce807cfb5,cuda,rq3g_cuda_058__c3,semantic_and_visual_aligned,golden,ugly_trash,golden,True,True,False,2.8125,-0.3125,2.8125,True,False
E5A_rq3_text_plus_image_qwen_20260730,Qwen/Qwen2.5-VL-7B-Instruct,cc594898137f460bfe9f0759e9844b3ce807cfb5,cuda,rq3g_cuda_058__c4,semantic_visual_conflict_primary,ugly_gold,beautiful_trash,ugly_gold,True,True,False,3.25,-0.75,3.25,True,False
E5A_rq3_text_plus_image_qwen_20260730,Qwen/Qwen2.5-VL-7B-Instruct,cc594898137f460bfe9f0759e9844b3ce807cfb5,cuda,rq3g_cuda_058__c5,semantic_only_under_ugly,ugly_gold,ugly_trash,ugly_gold,True,True,False,3.3125,-0.4375,3.3125,True,False
E5A_rq3_text_plus_image_qwen_20260730,Qwen/Qwen2.5-VL-7B-Instruct,cc594898137f460bfe9f0759e9844b3ce807cfb5,cuda,rq3g_cuda_058__c6,visual_only_trash,beautiful_trash,ugly_trash,beautiful_trash,False,False,False,-0.0625,-1.4375,-0.0625,False,False
E5A_rq3_text_plus_image_qwen_20260730,Qwen/Qwen2.5-VL-7B-Instruct,cc594898137f460bfe9f0759e9844b3ce807cfb5,cuda,rq3g_cuda_059__c1,visual_only_gold,golden,ugly_gold,golden,False,False,False,0.75,-1.125,0.75,True,False
E5A_rq3_text_plus_image_qwen_20260730,Qwen/Qwen2.5-VL-7B-Instruct,cc594898137f460bfe9f0759e9844b3ce807cfb5,cuda,rq3g_cuda_059__c2,semantic_and_visual_aligned,golden,beautiful_trash,golden,True,True,False,3.1875,-1.0625,3.1875,True,False
E5A_rq3_text_plus_image_qwen_20260730,Qwen/Qwen2.5-VL-7B-Instruct,cc594898137f460bfe9f0759e9844b3ce807cfb5,cuda,rq3g_cuda_059__c3,semantic_and_visual_aligned,golden,ugly_trash,golden,True,True,False,3.0,-1.125,3.0,True,False
E5A_rq3_text_plus_image_qwen_20260730,Qwen/Qwen2.5-VL-7B-Instruct,cc594898137f460bfe9f0759e9844b3ce807cfb5,cuda,rq3g_cuda_059__c4,semantic_visual_conflict_primary,ugly_gold,beautiful_trash,ugly_gold,True,True,False,2.8125,-1.4375,2.8125,True,False
E5A_rq3_text_plus_image_qwen_20260730,Qwen/Qwen2.5-VL-7B-Instruct,cc594898137f460bfe9f0759e9844b3ce807cfb5,cuda,rq3g_cuda_059__c5,semantic_only_under_ugly,ugly_gold,ugly_trash,ugly_gold,True,True,False,2.75,-1.375,2.75,True,False
E5A_rq3_text_plus_image_qwen_20260730,Qwen/Qwen2.5-VL-7B-Instruct,cc594898137f460bfe9f0759e9844b3ce807cfb5,cuda,rq3g_cuda_059__c6,visual_only_trash,beautiful_trash,ugly_trash,beautiful_trash,False,False,False,0.5,-1.25,0.5,True,False
E5A_rq3_text_plus_image_qwen_20260730,Qwen/Qwen2.5-VL-7B-Instruct,cc594898137f460bfe9f0759e9844b3ce807cfb5,cuda,rq3g_cuda_060__c1,visual_only_gold,golden,ugly_gold,golden,True,True,False,0.5,-0.5,0.5,True,False
E5A_rq3_text_plus_image_qwen_20260730,Qwen/Qwen2.5-VL-7B-Instruct,cc594898137f460bfe9f0759e9844b3ce807cfb5,cuda,rq3g_cuda_060__c2,semantic_and_visual_aligned,golden,beautiful_trash,golden,True,True,False,2.4375,-0.9375,2.4375,True,False
E5A_rq3_text_plus_image_qwen_20260730,Qwen/Qwen2.5-VL-7B-Instruct,cc594898137f460bfe9f0759e9844b3ce807cfb5,cuda,rq3g_cuda_060__c3,semantic_and_visual_aligned,golden,ugly_trash,golden,True,True,False,3.1875,-1.3125,3.1875,True,False
E5A_rq3_text_plus_image_qwen_20260730,Qwen/Qwen2.5-VL-7B-Instruct,cc594898137f460bfe9f0759e9844b3ce807cfb5,cuda,rq3g_cuda_060__c4,semantic_visual_conflict_primary,ugly_gold,beautiful_trash,ugly_gold,True,True,False,2.1875,-1.3125,2.1875,True,False
E5A_rq3_text_plus_image_qwen_20260730,Qwen/Qwen2.5-VL-7B-Instruct,cc594898137f460bfe9f0759e9844b3ce807cfb5,cuda,rq3g_cuda_060__c5,semantic_only_under_ugly,ugly_gold,ugly_trash,ugly_gold,True,True,False,2.4375,-1.3125,2.4375,True,False
E5A_rq3_text_plus_image_qwen_20260730,Qwen/Qwen2.5-VL-7B-Instruct,cc594898137f460bfe9f0759e9844b3ce807cfb5,cuda,rq3g_cuda_060__c6,visual_only_trash,beautiful_trash,ugly_trash,beautiful_trash,False,False,False,0.375,-1.5,0.375,True,False
E5A_rq3_text_plus_image_qwen_20260730,Qwen/Qwen2.5-VL-7B-Instruct,cc594898137f460bfe9f0759e9844b3ce807cfb5,cuda,rq3g_cuda_061__c1,visual_only_gold,golden,ugly_gold,golden,True,True,False,1.25,-0.125,1.25,True,False
E5A_rq3_text_plus_image_qwen_20260730,Qwen/Qwen2.5-VL-7B-Instruct,cc594898137f460bfe9f0759e9844b3ce807cfb5,cuda,rq3g_cuda_061__c2,semantic_and_visual_aligned,golden,beautiful_trash,golden,True,True,False,3.8125,-0.1875,3.8125,True,False
E5A_rq3_text_plus_image_qwen_20260730,Qwen/Qwen2.5-VL-7B-Instruct,cc594898137f460bfe9f0759e9844b3ce807cfb5,cuda,rq3g_cuda_061__c3,semantic_and_visual_aligned,golden,ugly_trash,golden,True,True,False,4.5,0.125,4.5,True,False
E5A_rq3_text_plus_image_qwen_20260730,Qwen/Qwen2.5-VL-7B-Instruct,cc594898137f460bfe9f0759e9844b3ce807cfb5,cuda,rq3g_cuda_061__c4,semantic_visual_conflict_primary,ugly_gold,beautiful_trash,ugly_gold,True,True,False,3.25,-0.5,3.25,True,False
E5A_rq3_text_plus_image_qwen_20260730,Qwen/Qwen2.5-VL-7B-Instruct,cc594898137f460bfe9f0759e9844b3ce807cfb5,cuda,rq3g_cuda_061__c5,semantic_only_under_ugly,ugly_gold,ugly_trash,ugly_gold,True,True,False,3.625,0.0,3.625,True,False
E5A_rq3_text_plus_image_qwen_20260730,Qwen/Qwen2.5-VL-7B-Instruct,cc594898137f460bfe9f0759e9844b3ce807cfb5,cuda,rq3g_cuda_061__c6,visual_only_trash,beautiful_trash,ugly_trash,beautiful_trash,False,False,False,0.75,-1.125,0.75,True,False
E5A_rq3_text_plus_image_qwen_20260730,Qwen/Qwen2.5-VL-7B-Instruct,cc594898137f460bfe9f0759e9844b3ce807cfb5,cuda,rq3g_cuda_062__c1,visual_only_gold,golden,ugly_gold,golden,False,False,False,0.3125,-1.3125,0.3125,True,False
E5A_rq3_text_plus_image_qwen_20260730,Qwen/Qwen2.5-VL-7B-Instruct,cc594898137f460bfe9f0759e9844b3ce807cfb5,cuda,rq3g_cuda_062__c2,semantic_and_visual_aligned,golden,beautiful_trash,golden,True,True,False,2.5,-1.0,2.5,True,False
E5A_rq3_text_plus_image_qwen_20260730,Qwen/Qwen2.5-VL-7B-Instruct,cc594898137f460bfe9f0759e9844b3ce807cfb5,cuda,rq3g_cuda_062__c3,semantic_and_visual_aligned,golden,ugly_trash,golden,True,True,False,2.75,-0.625,2.75,True,False
E5A_rq3_text_plus_image_qwen_20260730,Qwen/Qwen2.5-VL-7B-Instruct,cc594898137f460bfe9f0759e9844b3ce807cfb5,cuda,rq3g_cuda_062__c4,semantic_visual_conflict_primary,ugly_gold,beautiful_trash,ugly_gold,True,True,False,2.4375,-1.0625,2.4375,True,False
E5A_rq3_text_plus_image_qwen_20260730,Qwen/Qwen2.5-VL-7B-Instruct,cc594898137f460bfe9f0759e9844b3ce807cfb5,cuda,rq3g_cuda_062__c5,semantic_only_under_ugly,ugly_gold,ugly_trash,ugly_gold,True,True,False,2.9375,-1.0625,2.9375,True,False
E5A_rq3_text_plus_image_qwen_20260730,Qwen/Qwen2.5-VL-7B-Instruct,cc594898137f460bfe9f0759e9844b3ce807cfb5,cuda,rq3g_cuda_062__c6,visual_only_trash,beautiful_trash,ugly_trash,beautiful_trash,False,False,False,0.25,-0.625,0.25,True,False
E5A_rq3_text_plus_image_qwen_20260730,Qwen/Qwen2.5-VL-7B-Instruct,cc594898137f460bfe9f0759e9844b3ce807cfb5,cuda,rq3g_cuda_063__c1,visual_only_gold,golden,ugly_gold,golden,False,False,False,0.4375,-1.1875,0.4375,True,False
E5A_rq3_text_plus_image_qwen_20260730,Qwen/Qwen2.5-VL-7B-Instruct,cc594898137f460bfe9f0759e9844b3ce807cfb5,cuda,rq3g_cuda_063__c2,semantic_and_visual_aligned,golden,beautiful_trash,golden,False,False,False,0.5625,-1.4375,0.5625,True,False
E5A_rq3_text_plus_image_qwen_20260730,Qwen/Qwen2.5-VL-7B-Instruct,cc594898137f460bfe9f0759e9844b3ce807cfb5,cuda,rq3g_cuda_063__c3,semantic_and_visual_aligned,golden,ugly_trash,golden,False,False,False,0.375,-1.375,0.375,True,False
E5A_rq3_text_plus_image_qwen_20260730,Qwen/Qwen2.5-VL-7B-Instruct,cc594898137f460bfe9f0759e9844b3ce807cfb5,cuda,rq3g_cuda_063__c4,semantic_visual_conflict_primary,ugly_gold,beautiful_trash,ugly_gold,False,False,False,0.5625,-1.5625,0.5625,True,False
E5A_rq3_text_plus_image_qwen_20260730,Qwen/Qwen2.5-VL-7B-Instruct,cc594898137f460bfe9f0759e9844b3ce807cfb5,cuda,rq3g_cuda_063__c5,semantic_only_under_ugly,ugly_gold,ugly_trash,ugly_gold,False,False,False,0.625,-1.25,0.625,True,False
E5A_rq3_text_plus_image_qwen_20260730,Qwen/Qwen2.5-VL-7B-Instruct,cc594898137f460bfe9f0759e9844b3ce807cfb5,cuda,rq3g_cuda_063__c6,visual_only_trash,beautiful_trash,ugly_trash,beautiful_trash,False,False,False,0.375,-1.0,0.375,True,False
E5A_rq3_text_plus_image_qwen_20260730,Qwen/Qwen2.5-VL-7B-Instruct,cc594898137f460bfe9f0759e9844b3ce807cfb5,cuda,rq3g_cuda_064__c1,visual_only_gold,golden,ugly_gold,golden,True,True,False,0.625,-0.5,0.625,True,False
E5A_rq3_text_plus_image_qwen_20260730,Qwen/Qwen2.5-VL-7B-Instruct,cc594898137f460bfe9f0759e9844b3ce807cfb5,cuda,rq3g_cuda_064__c2,semantic_and_visual_aligned,golden,beautiful_trash,golden,True,True,False,2.8125,-0.9375,2.8125,True,False
E5A_rq3_text_plus_image_qwen_20260730,Qwen/Qwen2.5-VL-7B-Instruct,cc594898137f460bfe9f0759e9844b3ce807cfb5,cuda,rq3g_cuda_064__c3,semantic_and_visual_aligned,golden,ugly_trash,golden,True,True,False,3.6875,-0.9375,3.6875,True,False
E5A_rq3_text_plus_image_qwen_20260730,Qwen/Qwen2.5-VL-7B-Instruct,cc594898137f460bfe9f0759e9844b3ce807cfb5,cuda,rq3g_cuda_064__c4,semantic_visual_conflict_primary,ugly_gold,beautiful_trash,ugly_gold,True,True,False,2.625,-0.875,2.625,True,False
E5A_rq3_text_plus_image_qwen_20260730,Qwen/Qwen2.5-VL-7B-Instruct,cc594898137f460bfe9f0759e9844b3ce807cfb5,cuda,rq3g_cuda_064__c5,semantic_only_under_ugly,ugly_gold,ugly_trash,ugly_gold,True,True,False,3.1875,-1.1875,3.1875,True,False
E5A_rq3_text_plus_image_qwen_20260730,Qwen/Qwen2.5-VL-7B-Instruct,cc594898137f460bfe9f0759e9844b3ce807cfb5,cuda,rq3g_cuda_064__c6,visual_only_trash,beautiful_trash,ugly_trash,beautiful_trash,False,False,False,0.5,-1.0,0.5,True,False
E5A_rq3_text_plus_image_qwen_20260730,Qwen/Qwen2.5-VL-7B-Instruct,cc594898137f460bfe9f0759e9844b3ce807cfb5,cuda,rq3g_cuda_065__c1,visual_only_gold,golden,ugly_gold,golden,True,True,False,0.75,-0.375,0.75,True,False
E5A_rq3_text_plus_image_qwen_20260730,Qwen/Qwen2.5-VL-7B-Instruct,cc594898137f460bfe9f0759e9844b3ce807cfb5,cuda,rq3g_cuda_065__c2,semantic_and_visual_aligned,golden,beautiful_trash,golden,True,True,False,3.625,-0.75,3.625,True,False
E5A_rq3_text_plus_image_qwen_20260730,Qwen/Qwen2.5-VL-7B-Instruct,cc594898137f460bfe9f0759e9844b3ce807cfb5,cuda,rq3g_cuda_065__c3,semantic_and_visual_aligned,golden,ugly_trash,golden,True,True,False,3.8125,-0.4375,3.8125,True,False
E5A_rq3_text_plus_image_qwen_20260730,Qwen/Qwen2.5-VL-7B-Instruct,cc594898137f460bfe9f0759e9844b3ce807cfb5,cuda,rq3g_cuda_065__c4,semantic_visual_conflict_primary,ugly_gold,beautiful_trash,ugly_gold,True,True,False,4.125,-1.0,4.125,True,False
E5A_rq3_text_plus_image_qwen_20260730,Qwen/Qwen2.5-VL-7B-Instruct,cc594898137f460bfe9f0759e9844b3ce807cfb5,cuda,rq3g_cuda_065__c5,semantic_only_under_ugly,ugly_gold,ugly_trash,ugly_gold,True,True,False,4.25,-0.625,4.25,True,False
E5A_rq3_text_plus_image_qwen_20260730,Qwen/Qwen2.5-VL-7B-Instruct,cc594898137f460bfe9f0759e9844b3ce807cfb5,cuda,rq3g_cuda_065__c6,visual_only_trash,beautiful_trash,ugly_trash,beautiful_trash,False,False,False,0.75,-2.25,0.75,True,False
E5A_rq3_text_plus_image_qwen_20260730,Qwen/Qwen2.5-VL-7B-Instruct,cc594898137f460bfe9f0759e9844b3ce807cfb5,cuda,rq3g_cuda_066__c1,visual_only_gold,golden,ugly_gold,golden,True,True,False,1.125,-0.875,1.125,True,False
E5A_rq3_text_plus_image_qwen_20260730,Qwen/Qwen2.5-VL-7B-Instruct,cc594898137f460bfe9f0759e9844b3ce807cfb5,cuda,rq3g_cuda_066__c2,semantic_and_visual_aligned,golden,beautiful_trash,golden,True,True,False,3.375,-1.0,3.375,True,False
E5A_rq3_text_plus_image_qwen_20260730,Qwen/Qwen2.5-VL-7B-Instruct,cc594898137f460bfe9f0759e9844b3ce807cfb5,cuda,rq3g_cuda_066__c3,semantic_and_visual_aligned,golden,ugly_trash,golden,True,True,False,3.5625,-0.9375,3.5625,True,False
E5A_rq3_text_plus_image_qwen_20260730,Qwen/Qwen2.5-VL-7B-Instruct,cc594898137f460bfe9f0759e9844b3ce807cfb5,cuda,rq3g_cuda_066__c4,semantic_visual_conflict_primary,ugly_gold,beautiful_trash,ugly_gold,True,True,False,2.875,-1.25,2.875,True,False
E5A_rq3_text_plus_image_qwen_20260730,Qwen/Qwen2.5-VL-7B-Instruct,cc594898137f460bfe9f0759e9844b3ce807cfb5,cuda,rq3g_cuda_066__c5,semantic_only_under_ugly,ugly_gold,ugly_trash,ugly_gold,True,True,False,2.875,-1.375,2.875,True,False
E5A_rq3_text_plus_image_qwen_20260730,Qwen/Qwen2.5-VL-7B-Instruct,cc594898137f460bfe9f0759e9844b3ce807cfb5,cuda,rq3g_cuda_066__c6,visual_only_trash,beautiful_trash,ugly_trash,beautiful_trash,False,False,False,0.625,-1.75,0.625,True,False
E5A_rq3_text_plus_image_qwen_20260730,Qwen/Qwen2.5-VL-7B-Instruct,cc594898137f460bfe9f0759e9844b3ce807cfb5,cuda,rq3g_cuda_067__c1,visual_only_gold,golden,ugly_gold,golden,True,True,False,0.75,-0.25,0.75,True,False
E5A_rq3_text_plus_image_qwen_20260730,Qwen/Qwen2.5-VL-7B-Instruct,cc594898137f460bfe9f0759e9844b3ce807cfb5,cuda,rq3g_cuda_067__c2,semantic_and_visual_aligned,golden,beautiful_trash,golden,True,True,False,1.3125,-0.6875,1.3125,True,False
E5A_rq3_text_plus_image_qwen_20260730,Qwen/Qwen2.5-VL-7B-Instruct,cc594898137f460bfe9f0759e9844b3ce807cfb5,cuda,rq3g_cuda_067__c3,semantic_and_visual_aligned,golden,ugly_trash,golden,True,True,False,1.6875,-0.9375,1.6875,True,False
E5A_rq3_text_plus_image_qwen_20260730,Qwen/Qwen2.5-VL-7B-Instruct,cc594898137f460bfe9f0759e9844b3ce807cfb5,cuda,rq3g_cuda_067__c4,semantic_visual_conflict_primary,ugly_gold,beautiful_trash,ugly_gold,True,True,False,1.125,-1.0,1.125,True,False
E5A_rq3_text_plus_image_qwen_20260730,Qwen/Qwen2.5-VL-7B-Instruct,cc594898137f460bfe9f0759e9844b3ce807cfb5,cuda,rq3g_cuda_067__c5,semantic_only_under_ugly,ugly_gold,ugly_trash,ugly_gold,True,True,False,1.4375,-1.4375,1.4375,True,False
E5A_rq3_text_plus_image_qwen_20260730,Qwen/Qwen2.5-VL-7B-Instruct,cc594898137f460bfe9f0759e9844b3ce807cfb5,cuda,rq3g_cuda_067__c6,visual_only_trash,beautiful_trash,ugly_trash,beautiful_trash,False,False,False,0.8125,-1.3125,0.8125,True,False
E5A_rq3_text_plus_image_qwen_20260730,Qwen/Qwen2.5-VL-7B-Instruct,cc594898137f460bfe9f0759e9844b3ce807cfb5,cuda,rq3g_cuda_068__c1,visual_only_gold,golden,ugly_gold,golden,False,False,False,0.6875,-0.8125,0.6875,True,False
E5A_rq3_text_plus_image_qwen_20260730,Qwen/Qwen2.5-VL-7B-Instruct,cc594898137f460bfe9f0759e9844b3ce807cfb5,cuda,rq3g_cuda_068__c2,semantic_and_visual_aligned,golden,beautiful_trash,golden,True,True,False,1.1875,-0.1875,1.1875,True,False
E5A_rq3_text_plus_image_qwen_20260730,Qwen/Qwen2.5-VL-7B-Instruct,cc594898137f460bfe9f0759e9844b3ce807cfb5,cuda,rq3g_cuda_068__c3,semantic_and_visual_aligned,golden,ugly_trash,golden,True,True,False,1.25,0.0,1.25,True,False
E5A_rq3_text_plus_image_qwen_20260730,Qwen/Qwen2.5-VL-7B-Instruct,cc594898137f460bfe9f0759e9844b3ce807cfb5,cuda,rq3g_cuda_068__c4,semantic_visual_conflict_primary,ugly_gold,beautiful_trash,ugly_gold,True,True,False,0.8125,-0.4375,0.8125,True,False
E5A_rq3_text_plus_image_qwen_20260730,Qwen/Qwen2.5-VL-7B-Instruct,cc594898137f460bfe9f0759e9844b3ce807cfb5,cuda,rq3g_cuda_068__c5,semantic_only_under_ugly,ugly_gold,ugly_trash,ugly_gold,True,True,False,0.9375,-0.1875,0.9375,True,False
E5A_rq3_text_plus_image_qwen_20260730,Qwen/Qwen2.5-VL-7B-Instruct,cc594898137f460bfe9f0759e9844b3ce807cfb5,cuda,rq3g_cuda_068__c6,visual_only_trash,beautiful_trash,ugly_trash,beautiful_trash,False,False,False,0.1875,-0.5625,0.1875,True,False
E5A_rq3_text_plus_image_qwen_20260730,Qwen/Qwen2.5-VL-7B-Instruct,cc594898137f460bfe9f0759e9844b3ce807cfb5,cuda,rq3g_cuda_069__c1,visual_only_gold,golden,ugly_gold,golden,True,True,False,0.625,-0.125,0.625,True,False
E5A_rq3_text_plus_image_qwen_20260730,Qwen/Qwen2.5-VL-7B-Instruct,cc594898137f460bfe9f0759e9844b3ce807cfb5,cuda,rq3g_cuda_069__c2,semantic_and_visual_aligned,golden,beautiful_trash,golden,True,True,False,3.9375,-0.4375,3.9375,True,False
E5A_rq3_text_plus_image_qwen_20260730,Qwen/Qwen2.5-VL-7B-Instruct,cc594898137f460bfe9f0759e9844b3ce807cfb5,cuda,rq3g_cuda_069__c3,semantic_and_visual_aligned,golden,ugly_trash,golden,True,True,False,3.75,0.125,3.75,True,False
E5A_rq3_text_plus_image_qwen_20260730,Qwen/Qwen2.5-VL-7B-Instruct,cc594898137f460bfe9f0759e9844b3ce807cfb5,cuda,rq3g_cuda_069__c4,semantic_visual_conflict_primary,ugly_gold,beautiful_trash,ugly_gold,True,True,False,4.0,-0.75,4.0,True,False
E5A_rq3_text_plus_image_qwen_20260730,Qwen/Qwen2.5-VL-7B-Instruct,cc594898137f460bfe9f0759e9844b3ce807cfb5,cuda,rq3g_cuda_069__c5,semantic_only_under_ugly,ugly_gold,ugly_trash,ugly_gold,True,True,False,4.125,-0.125,4.125,True,False
E5A_rq3_text_plus_image_qwen_20260730,Qwen/Qwen2.5-VL-7B-Instruct,cc594898137f460bfe9f0759e9844b3ce807cfb5,cuda,rq3g_cuda_069__c6,visual_only_trash,beautiful_trash,ugly_trash,beautiful_trash,False,False,False,0.375,-1.25,0.375,True,False
E5A_rq3_text_plus_image_qwen_20260730,Qwen/Qwen2.5-VL-7B-Instruct,cc594898137f460bfe9f0759e9844b3ce807cfb5,cuda,rq3g_cuda_070__c1,visual_only_gold,golden,ugly_gold,golden,True,True,False,1.0,0.0,1.0,True,False
E5A_rq3_text_plus_image_qwen_20260730,Qwen/Qwen2.5-VL-7B-Instruct,cc594898137f460bfe9f0759e9844b3ce807cfb5,cuda,rq3g_cuda_070__c2,semantic_and_visual_aligned,golden,beautiful_trash,golden,True,True,False,3.125,-1.0,3.125,True,False
E5A_rq3_text_plus_image_qwen_20260730,Qwen/Qwen2.5-VL-7B-Instruct,cc594898137f460bfe9f0759e9844b3ce807cfb5,cuda,rq3g_cuda_070__c3,semantic_and_visual_aligned,golden,ugly_trash,golden,True,True,False,2.6875,-0.6875,2.6875,True,False
E5A_rq3_text_plus_image_qwen_20260730,Qwen/Qwen2.5-VL-7B-Instruct,cc594898137f460bfe9f0759e9844b3ce807cfb5,cuda,rq3g_cuda_070__c4,semantic_visual_conflict_primary,ugly_gold,beautiful_trash,ugly_gold,True,True,False,2.375,-1.5,2.375,True,False
E5A_rq3_text_plus_image_qwen_20260730,Qwen/Qwen2.5-VL-7B-Instruct,cc594898137f460bfe9f0759e9844b3ce807cfb5,cuda,rq3g_cuda_070__c5,semantic_only_under_ugly,ugly_gold,ugly_trash,ugly_gold,True,True,False,2.5625,-1.1875,2.5625,True,False
E5A_rq3_text_plus_image_qwen_20260730,Qwen/Qwen2.5-VL-7B-Instruct,cc594898137f460bfe9f0759e9844b3ce807cfb5,cuda,rq3g_cuda_070__c6,visual_only_trash,beautiful_trash,ugly_trash,beautiful_trash,False,False,False,0.3125,-1.4375,0.3125,True,False
E5A_rq3_text_plus_image_qwen_20260730,Qwen/Qwen2.5-VL-7B-Instruct,cc594898137f460bfe9f0759e9844b3ce807cfb5,cuda,rq3g_cuda_071__c1,visual_only_gold,golden,ugly_gold,golden,True,True,False,0.625,-0.25,0.625,True,False
E5A_rq3_text_plus_image_qwen_20260730,Qwen/Qwen2.5-VL-7B-Instruct,cc594898137f460bfe9f0759e9844b3ce807cfb5,cuda,rq3g_cuda_071__c2,semantic_and_visual_aligned,golden,beautiful_trash,golden,True,True,False,3.6875,-0.3125,3.6875,True,False
E5A_rq3_text_plus_image_qwen_20260730,Qwen/Qwen2.5-VL-7B-Instruct,cc594898137f460bfe9f0759e9844b3ce807cfb5,cuda,rq3g_cuda_071__c3,semantic_and_visual_aligned,golden,ugly_trash,golden,True,True,False,3.6875,-0.3125,3.6875,True,False
E5A_rq3_text_plus_image_qwen_20260730,Qwen/Qwen2.5-VL-7B-Instruct,cc594898137f460bfe9f0759e9844b3ce807cfb5,cuda,rq3g_cuda_071__c4,semantic_visual_conflict_primary,ugly_gold,beautiful_trash,ugly_gold,True,True,False,3.375,-0.5,3.375,True,False
E5A_rq3_text_plus_image_qwen_20260730,Qwen/Qwen2.5-VL-7B-Instruct,cc594898137f460bfe9f0759e9844b3ce807cfb5,cuda,rq3g_cuda_071__c5,semantic_only_under_ugly,ugly_gold,ugly_trash,ugly_gold,True,True,False,3.1875,-0.1875,3.1875,True,False
E5A_rq3_text_plus_image_qwen_20260730,Qwen/Qwen2.5-VL-7B-Instruct,cc594898137f460bfe9f0759e9844b3ce807cfb5,cuda,rq3g_cuda_071__c6,visual_only_trash,beautiful_trash,ugly_trash,beautiful_trash,False,False,False,0.0625,-1.4375,0.0625,True,False
E5A_rq3_text_plus_image_qwen_20260730,Qwen/Qwen2.5-VL-7B-Instruct,cc594898137f460bfe9f0759e9844b3ce807cfb5,cuda,rq3g_cuda_072__c1,visual_only_gold,golden,ugly_gold,golden,False,False,False,0.3125,-1.3125,0.3125,True,False
E5A_rq3_text_plus_image_qwen_20260730,Qwen/Qwen2.5-VL-7B-Instruct,cc594898137f460bfe9f0759e9844b3ce807cfb5,cuda,rq3g_cuda_072__c2,semantic_and_visual_aligned,golden,beautiful_trash,golden,True,True,False,2.5625,-1.3125,2.5625,True,False
E5A_rq3_text_plus_image_qwen_20260730,Qwen/Qwen2.5-VL-7B-Instruct,cc594898137f460bfe9f0759e9844b3ce807cfb5,cuda,rq3g_cuda_072__c3,semantic_and_visual_aligned,golden,ugly_trash,golden,True,True,False,2.625,-1.25,2.625,True,False
E5A_rq3_text_plus_image_qwen_20260730,Qwen/Qwen2.5-VL-7B-Instruct,cc594898137f460bfe9f0759e9844b3ce807cfb5,cuda,rq3g_cuda_072__c4,semantic_visual_conflict_primary,ugly_gold,beautiful_trash,ugly_gold,True,True,False,2.5625,-1.4375,2.5625,True,False
E5A_rq3_text_plus_image_qwen_20260730,Qwen/Qwen2.5-VL-7B-Instruct,cc594898137f460bfe9f0759e9844b3ce807cfb5,cuda,rq3g_cuda_072__c5,semantic_only_under_ugly,ugly_gold,ugly_trash,ugly_gold,True,True,False,2.625,-1.25,2.625,True,False
E5A_rq3_text_plus_image_qwen_20260730,Qwen/Qwen2.5-VL-7B-Instruct,cc594898137f460bfe9f0759e9844b3ce807cfb5,cuda,rq3g_cuda_072__c6,visual_only_trash,beautiful_trash,ugly_trash,beautiful_trash,False,False,False,0.3125,-0.6875,0.3125,True,False
E5A_rq3_text_plus_image_qwen_20260730,Qwen/Qwen2.5-VL-7B-Instruct,cc594898137f460bfe9f0759e9844b3ce807cfb5,cuda,rq3g_cuda_073__c1,visual_only_gold,golden,ugly_gold,golden,True,True,False,0.5,-0.5,0.5,True,False
E5A_rq3_text_plus_image_qwen_20260730,Qwen/Qwen2.5-VL-7B-Instruct,cc594898137f460bfe9f0759e9844b3ce807cfb5,cuda,rq3g_cuda_073__c2,semantic_and_visual_aligned,golden,beautiful_trash,golden,True,True,False,3.125,-0.5,3.125,True,False
E5A_rq3_text_plus_image_qwen_20260730,Qwen/Qwen2.5-VL-7B-Instruct,cc594898137f460bfe9f0759e9844b3ce807cfb5,cuda,rq3g_cuda_073__c3,semantic_and_visual_aligned,golden,ugly_trash,golden,True,True,False,3.5625,-0.4375,3.5625,True,False
E5A_rq3_text_plus_image_qwen_20260730,Qwen/Qwen2.5-VL-7B-Instruct,cc594898137f460bfe9f0759e9844b3ce807cfb5,cuda,rq3g_cuda_073__c4,semantic_visual_conflict_primary,ugly_gold,beautiful_trash,ugly_gold,True,True,False,2.5625,-1.5625,2.5625,True,False
E5A_rq3_text_plus_image_qwen_20260730,Qwen/Qwen2.5-VL-7B-Instruct,cc594898137f460bfe9f0759e9844b3ce807cfb5,cuda,rq3g_cuda_073__c5,semantic_only_under_ugly,ugly_gold,ugly_trash,ugly_gold,True,True,False,2.5,-1.125,2.5,True,False
E5A_rq3_text_plus_image_qwen_20260730,Qwen/Qwen2.5-VL-7B-Instruct,cc594898137f460bfe9f0759e9844b3ce807cfb5,cuda,rq3g_cuda_073__c6,visual_only_trash,beautiful_trash,ugly_trash,beautiful_trash,False,False,False,0.5625,-1.0625,0.5625,True,False
E5A_rq3_text_plus_image_qwen_20260730,Qwen/Qwen2.5-VL-7B-Instruct,cc594898137f460bfe9f0759e9844b3ce807cfb5,cuda,rq3g_cuda_074__c1,visual_only_gold,golden,ugly_gold,golden,True,True,False,1.1875,-0.4375,1.1875,True,False
E5A_rq3_text_plus_image_qwen_20260730,Qwen/Qwen2.5-VL-7B-Instruct,cc594898137f460bfe9f0759e9844b3ce807cfb5,cuda,rq3g_cuda_074__c2,semantic_and_visual_aligned,golden,beautiful_trash,golden,True,True,False,3.0,-0.375,3.0,True,False
E5A_rq3_text_plus_image_qwen_20260730,Qwen/Qwen2.5-VL-7B-Instruct,cc594898137f460bfe9f0759e9844b3ce807cfb5,cuda,rq3g_cuda_074__c3,semantic_and_visual_aligned,golden,ugly_trash,golden,True,True,False,3.1875,-0.5625,3.1875,True,False
E5A_rq3_text_plus_image_qwen_20260730,Qwen/Qwen2.5-VL-7B-Instruct,cc594898137f460bfe9f0759e9844b3ce807cfb5,cuda,rq3g_cuda_074__c4,semantic_visual_conflict_primary,ugly_gold,beautiful_trash,ugly_gold,True,True,False,2.6875,-0.4375,2.6875,True,False
E5A_rq3_text_plus_image_qwen_20260730,Qwen/Qwen2.5-VL-7B-Instruct,cc594898137f460bfe9f0759e9844b3ce807cfb5,cuda,rq3g_cuda_074__c5,semantic_only_under_ugly,ugly_gold,ugly_trash,ugly_gold,True,True,False,2.875,-0.875,2.875,True,False
E5A_rq3_text_plus_image_qwen_20260730,Qwen/Qwen2.5-VL-7B-Instruct,cc594898137f460bfe9f0759e9844b3ce807cfb5,cuda,rq3g_cuda_074__c6,visual_only_trash,beautiful_trash,ugly_trash,beautiful_trash,False,False,False,0.875,-1.375,0.875,True,False
E5A_rq3_text_plus_image_qwen_20260730,Qwen/Qwen2.5-VL-7B-Instruct,cc594898137f460bfe9f0759e9844b3ce807cfb5,cuda,rq3g_cuda_075__c1,visual_only_gold,golden,ugly_gold,golden,True,True,False,0.75,-0.625,0.75,True,False
E5A_rq3_text_plus_image_qwen_20260730,Qwen/Qwen2.5-VL-7B-Instruct,cc594898137f460bfe9f0759e9844b3ce807cfb5,cuda,rq3g_cuda_075__c2,semantic_and_visual_aligned,golden,beautiful_trash,golden,True,True,False,2.375,-0.875,2.375,True,False
E5A_rq3_text_plus_image_qwen_20260730,Qwen/Qwen2.5-VL-7B-Instruct,cc594898137f460bfe9f0759e9844b3ce807cfb5,cuda,rq3g_cuda_075__c3,semantic_and_visual_aligned,golden,ugly_trash,golden,True,True,False,2.75,-0.75,2.75,True,False
E5A_rq3_text_plus_image_qwen_20260730,Qwen/Qwen2.5-VL-7B-Instruct,cc594898137f460bfe9f0759e9844b3ce807cfb5,cuda,rq3g_cuda_075__c4,semantic_visual_conflict_primary,ugly_gold,beautiful_trash,ugly_gold,True,True,False,1.625,-0.875,1.625,True,False
E5A_rq3_text_plus_image_qwen_20260730,Qwen/Qwen2.5-VL-7B-Instruct,cc594898137f460bfe9f0759e9844b3ce807cfb5,cuda,rq3g_cuda_075__c5,semantic_only_under_ugly,ugly_gold,ugly_trash,ugly_gold,True,True,False,1.875,-0.625,1.875,True,False
E5A_rq3_text_plus_image_qwen_20260730,Qwen/Qwen2.5-VL-7B-Instruct,cc594898137f460bfe9f0759e9844b3ce807cfb5,cuda,rq3g_cuda_075__c6,visual_only_trash,beautiful_trash,ugly_trash,beautiful_trash,False,False,False,0.8125,-1.0625,0.8125,True,False
E5A_rq3_text_plus_image_qwen_20260730,Qwen/Qwen2.5-VL-7B-Instruct,cc594898137f460bfe9f0759e9844b3ce807cfb5,cuda,rq3g_cuda_076__c1,visual_only_gold,golden,ugly_gold,golden,True,True,False,0.625,-0.125,0.625,True,False
E5A_rq3_text_plus_image_qwen_20260730,Qwen/Qwen2.5-VL-7B-Instruct,cc594898137f460bfe9f0759e9844b3ce807cfb5,cuda,rq3g_cuda_076__c2,semantic_and_visual_aligned,golden,beautiful_trash,golden,True,True,False,3.0625,-0.3125,3.0625,True,False
E5A_rq3_text_plus_image_qwen_20260730,Qwen/Qwen2.5-VL-7B-Instruct,cc594898137f460bfe9f0759e9844b3ce807cfb5,cuda,rq3g_cuda_076__c3,semantic_and_visual_aligned,golden,ugly_trash,golden,True,True,False,3.25,-0.25,3.25,True,False
E5A_rq3_text_plus_image_qwen_20260730,Qwen/Qwen2.5-VL-7B-Instruct,cc594898137f460bfe9f0759e9844b3ce807cfb5,cuda,rq3g_cuda_076__c4,semantic_visual_conflict_primary,ugly_gold,beautiful_trash,ugly_gold,True,True,False,3.25,-0.625,3.25,True,False
E5A_rq3_text_plus_image_qwen_20260730,Qwen/Qwen2.5-VL-7B-Instruct,cc594898137f460bfe9f0759e9844b3ce807cfb5,cuda,rq3g_cuda_076__c5,semantic_only_under_ugly,ugly_gold,ugly_trash,ugly_gold,True,True,False,2.75,-0.125,2.75,True,False
E5A_rq3_text_plus_image_qwen_20260730,Qwen/Qwen2.5-VL-7B-Instruct,cc594898137f460bfe9f0759e9844b3ce807cfb5,cuda,rq3g_cuda_076__c6,visual_only_trash,beautiful_trash,ugly_trash,beautiful_trash,False,False,False,0.5,-1.25,0.5,True,False
E5A_rq3_text_plus_image_qwen_20260730,Qwen/Qwen2.5-VL-7B-Instruct,cc594898137f460bfe9f0759e9844b3ce807cfb5,cuda,rq3g_cuda_077__c1,visual_only_gold,golden,ugly_gold,golden,False,False,False,1.0,-1.125,1.0,True,False
E5A_rq3_text_plus_image_qwen_20260730,Qwen/Qwen2.5-VL-7B-Instruct,cc594898137f460bfe9f0759e9844b3ce807cfb5,cuda,rq3g_cuda_077__c2,semantic_and_visual_aligned,golden,beautiful_trash,golden,True,True,False,2.6875,-0.5625,2.6875,True,False
E5A_rq3_text_plus_image_qwen_20260730,Qwen/Qwen2.5-VL-7B-Instruct,cc594898137f460bfe9f0759e9844b3ce807cfb5,cuda,rq3g_cuda_077__c3,semantic_and_visual_aligned,golden,ugly_trash,golden,True,True,False,3.125,-0.625,3.125,True,False
E5A_rq3_text_plus_image_qwen_20260730,Qwen/Qwen2.5-VL-7B-Instruct,cc594898137f460bfe9f0759e9844b3ce807cfb5,cuda,rq3g_cuda_077__c4,semantic_visual_conflict_primary,ugly_gold,beautiful_trash,ugly_gold,True,True,False,2.6875,-1.0625,2.6875,True,False
E5A_rq3_text_plus_image_qwen_20260730,Qwen/Qwen2.5-VL-7B-Instruct,cc594898137f460bfe9f0759e9844b3ce807cfb5,cuda,rq3g_cuda_077__c5,semantic_only_under_ugly,ugly_gold,ugly_trash,ugly_gold,True,True,False,3.0,-1.25,3.0,True,False
E5A_rq3_text_plus_image_qwen_20260730,Qwen/Qwen2.5-VL-7B-Instruct,cc594898137f460bfe9f0759e9844b3ce807cfb5,cuda,rq3g_cuda_077__c6,visual_only_trash,beautiful_trash,ugly_trash,beautiful_trash,False,False,False,0.75,-0.875,0.75,True,False
E5A_rq3_text_plus_image_qwen_20260730,Qwen/Qwen2.5-VL-7B-Instruct,cc594898137f460bfe9f0759e9844b3ce807cfb5,cuda,rq3g_cuda_078__c1,visual_only_gold,golden,ugly_gold,golden,True,True,False,0.6875,-0.5625,0.6875,True,False
E5A_rq3_text_plus_image_qwen_20260730,Qwen/Qwen2.5-VL-7B-Instruct,cc594898137f460bfe9f0759e9844b3ce807cfb5,cuda,rq3g_cuda_078__c2,semantic_and_visual_aligned,golden,beautiful_trash,golden,True,True,False,3.4375,-0.5625,3.4375,True,False
E5A_rq3_text_plus_image_qwen_20260730,Qwen/Qwen2.5-VL-7B-Instruct,cc594898137f460bfe9f0759e9844b3ce807cfb5,cuda,rq3g_cuda_078__c3,semantic_and_visual_aligned,golden,ugly_trash,golden,True,True,False,3.75,-0.375,3.75,True,False
E5A_rq3_text_plus_image_qwen_20260730,Qwen/Qwen2.5-VL-7B-Instruct,cc594898137f460bfe9f0759e9844b3ce807cfb5,cuda,rq3g_cuda_078__c4,semantic_visual_conflict_primary,ugly_gold,beautiful_trash,ugly_gold,True,True,False,2.6875,-0.8125,2.6875,True,False
E5A_rq3_text_plus_image_qwen_20260730,Qwen/Qwen2.5-VL-7B-Instruct,cc594898137f460bfe9f0759e9844b3ce807cfb5,cuda,rq3g_cuda_078__c5,semantic_only_under_ugly,ugly_gold,ugly_trash,ugly_gold,True,True,False,3.25,-0.625,3.25,True,False
E5A_rq3_text_plus_image_qwen_20260730,Qwen/Qwen2.5-VL-7B-Instruct,cc594898137f460bfe9f0759e9844b3ce807cfb5,cuda,rq3g_cuda_078__c6,visual_only_trash,beautiful_trash,ugly_trash,beautiful_trash,False,False,False,0.625,-1.875,0.625,True,False
E5A_rq3_text_plus_image_qwen_20260730,Qwen/Qwen2.5-VL-7B-Instruct,cc594898137f460bfe9f0759e9844b3ce807cfb5,cuda,rq3g_cuda_079__c1,visual_only_gold,golden,ugly_gold,golden,False,False,False,0.5625,-0.6875,0.5625,True,False
E5A_rq3_text_plus_image_qwen_20260730,Qwen/Qwen2.5-VL-7B-Instruct,cc594898137f460bfe9f0759e9844b3ce807cfb5,cuda,rq3g_cuda_079__c2,semantic_and_visual_aligned,golden,beautiful_trash,golden,True,True,False,2.75,0.0,2.75,True,False
E5A_rq3_text_plus_image_qwen_20260730,Qwen/Qwen2.5-VL-7B-Instruct,cc594898137f460bfe9f0759e9844b3ce807cfb5,cuda,rq3g_cuda_079__c3,semantic_and_visual_aligned,golden,ugly_trash,golden,True,True,False,3.1875,0.3125,3.1875,True,False
E5A_rq3_text_plus_image_qwen_20260730,Qwen/Qwen2.5-VL-7B-Instruct,cc594898137f460bfe9f0759e9844b3ce807cfb5,cuda,rq3g_cuda_079__c4,semantic_visual_conflict_primary,ugly_gold,beautiful_trash,ugly_gold,True,True,False,2.4375,-0.0625,2.4375,True,False
E5A_rq3_text_plus_image_qwen_20260730,Qwen/Qwen2.5-VL-7B-Instruct,cc594898137f460bfe9f0759e9844b3ce807cfb5,cuda,rq3g_cuda_079__c5,semantic_only_under_ugly,ugly_gold,ugly_trash,ugly_gold,True,True,False,2.8125,0.0625,2.8125,True,False
E5A_rq3_text_plus_image_qwen_20260730,Qwen/Qwen2.5-VL-7B-Instruct,cc594898137f460bfe9f0759e9844b3ce807cfb5,cuda,rq3g_cuda_079__c6,visual_only_trash,beautiful_trash,ugly_trash,beautiful_trash,False,False,False,0.5,-1.625,0.5,True,False
E5A_rq3_text_plus_image_qwen_20260730,Qwen/Qwen2.5-VL-7B-Instruct,cc594898137f460bfe9f0759e9844b3ce807cfb5,cuda,rq3g_cuda_080__c1,visual_only_gold,golden,ugly_gold,golden,False,False,False,0.4375,-1.3125,0.4375,True,False
E5A_rq3_text_plus_image_qwen_20260730,Qwen/Qwen2.5-VL-7B-Instruct,cc594898137f460bfe9f0759e9844b3ce807cfb5,cuda,rq3g_cuda_080__c2,semantic_and_visual_aligned,golden,beautiful_trash,golden,True,True,False,2.875,-0.875,2.875,True,False
E5A_rq3_text_plus_image_qwen_20260730,Qwen/Qwen2.5-VL-7B-Instruct,cc594898137f460bfe9f0759e9844b3ce807cfb5,cuda,rq3g_cuda_080__c3,semantic_and_visual_aligned,golden,ugly_trash,golden,True,True,False,2.8125,-0.6875,2.8125,True,False
E5A_rq3_text_plus_image_qwen_20260730,Qwen/Qwen2.5-VL-7B-Instruct,cc594898137f460bfe9f0759e9844b3ce807cfb5,cuda,rq3g_cuda_080__c4,semantic_visual_conflict_primary,ugly_gold,beautiful_trash,ugly_gold,True,True,False,2.5,-1.125,2.5,True,False
E5A_rq3_text_plus_image_qwen_20260730,Qwen/Qwen2.5-VL-7B-Instruct,cc594898137f460bfe9f0759e9844b3ce807cfb5,cuda,rq3g_cuda_080__c5,semantic_only_under_ugly,ugly_gold,ugly_trash,ugly_gold,True,True,False,2.5,-0.625,2.5,True,False
E5A_rq3_text_plus_image_qwen_20260730,Qwen/Qwen2.5-VL-7B-Instruct,cc594898137f460bfe9f0759e9844b3ce807cfb5,cuda,rq3g_cuda_080__c6,visual_only_trash,beautiful_trash,ugly_trash,beautiful_trash,False,False,False,0.6875,-1.4375,0.6875,True,False
E5A_rq3_text_plus_image_qwen_20260730,Qwen/Qwen2.5-VL-7B-Instruct,cc594898137f460bfe9f0759e9844b3ce807cfb5,cuda,rq3g_cuda_081__c1,visual_only_gold,golden,ugly_gold,golden,True,True,False,0.8125,-0.1875,0.8125,True,False
E5A_rq3_text_plus_image_qwen_20260730,Qwen/Qwen2.5-VL-7B-Instruct,cc594898137f460bfe9f0759e9844b3ce807cfb5,cuda,rq3g_cuda_081__c2,semantic_and_visual_aligned,golden,beautiful_trash,golden,True,True,False,4.8125,0.0625,4.8125,True,False
E5A_rq3_text_plus_image_qwen_20260730,Qwen/Qwen2.5-VL-7B-Instruct,cc594898137f460bfe9f0759e9844b3ce807cfb5,cuda,rq3g_cuda_081__c3,semantic_and_visual_aligned,golden,ugly_trash,golden,True,True,False,5.125,0.25,5.125,True,False
E5A_rq3_text_plus_image_qwen_20260730,Qwen/Qwen2.5-VL-7B-Instruct,cc594898137f460bfe9f0759e9844b3ce807cfb5,cuda,rq3g_cuda_081__c4,semantic_visual_conflict_primary,ugly_gold,beautiful_trash,ugly_gold,True,True,False,4.0625,-0.4375,4.0625,True,False
E5A_rq3_text_plus_image_qwen_20260730,Qwen/Qwen2.5-VL-7B-Instruct,cc594898137f460bfe9f0759e9844b3ce807cfb5,cuda,rq3g_cuda_081__c5,semantic_only_under_ugly,ugly_gold,ugly_trash,ugly_gold,True,True,False,4.25,-0.125,4.25,True,False
E5A_rq3_text_plus_image_qwen_20260730,Qwen/Qwen2.5-VL-7B-Instruct,cc594898137f460bfe9f0759e9844b3ce807cfb5,cuda,rq3g_cuda_081__c6,visual_only_trash,beautiful_trash,ugly_trash,beautiful_trash,False,False,False,0.25,-1.125,0.25,True,False
E5A_rq3_text_plus_image_qwen_20260730,Qwen/Qwen2.5-VL-7B-Instruct,cc594898137f460bfe9f0759e9844b3ce807cfb5,cuda,rq3g_cuda_082__c1,visual_only_gold,golden,ugly_gold,golden,True,True,False,0.8125,-0.6875,0.8125,True,False
E5A_rq3_text_plus_image_qwen_20260730,Qwen/Qwen2.5-VL-7B-Instruct,cc594898137f460bfe9f0759e9844b3ce807cfb5,cuda,rq3g_cuda_082__c2,semantic_and_visual_aligned,golden,beautiful_trash,golden,True,True,False,3.75,-0.75,3.75,True,False
E5A_rq3_text_plus_image_qwen_20260730,Qwen/Qwen2.5-VL-7B-Instruct,cc594898137f460bfe9f0759e9844b3ce807cfb5,cuda,rq3g_cuda_082__c3,semantic_and_visual_aligned,golden,ugly_trash,golden,True,True,False,4.0625,-0.6875,4.0625,True,False
E5A_rq3_text_plus_image_qwen_20260730,Qwen/Qwen2.5-VL-7B-Instruct,cc594898137f460bfe9f0759e9844b3ce807cfb5,cuda,rq3g_cuda_082__c4,semantic_visual_conflict_primary,ugly_gold,beautiful_trash,ugly_gold,True,True,False,3.625,-1.125,3.625,True,False
E5A_rq3_text_plus_image_qwen_20260730,Qwen/Qwen2.5-VL-7B-Instruct,cc594898137f460bfe9f0759e9844b3ce807cfb5,cuda,rq3g_cuda_082__c5,semantic_only_under_ugly,ugly_gold,ugly_trash,ugly_gold,True,True,False,3.25,-1.25,3.25,True,False
E5A_rq3_text_plus_image_qwen_20260730,Qwen/Qwen2.5-VL-7B-Instruct,cc594898137f460bfe9f0759e9844b3ce807cfb5,cuda,rq3g_cuda_082__c6,visual_only_trash,beautiful_trash,ugly_trash,beautiful_trash,False,False,False,0.375,-1.875,0.375,True,False
E5A_rq3_text_plus_image_qwen_20260730,Qwen/Qwen2.5-VL-7B-Instruct,cc594898137f460bfe9f0759e9844b3ce807cfb5,cuda,rq3g_cuda_083__c1,visual_only_gold,golden,ugly_gold,golden,True,True,False,0.4375,-0.3125,0.4375,True,False
E5A_rq3_text_plus_image_qwen_20260730,Qwen/Qwen2.5-VL-7B-Instruct,cc594898137f460bfe9f0759e9844b3ce807cfb5,cuda,rq3g_cuda_083__c2,semantic_and_visual_aligned,golden,beautiful_trash,golden,True,True,False,1.9375,-0.4375,1.9375,True,False
E5A_rq3_text_plus_image_qwen_20260730,Qwen/Qwen2.5-VL-7B-Instruct,cc594898137f460bfe9f0759e9844b3ce807cfb5,cuda,rq3g_cuda_083__c3,semantic_and_visual_aligned,golden,ugly_trash,golden,True,True,False,2.5,-0.625,2.5,True,False
E5A_rq3_text_plus_image_qwen_20260730,Qwen/Qwen2.5-VL-7B-Instruct,cc594898137f460bfe9f0759e9844b3ce807cfb5,cuda,rq3g_cuda_083__c4,semantic_visual_conflict_primary,ugly_gold,beautiful_trash,ugly_gold,True,True,False,2.0625,-0.0625,2.0625,True,False
E5A_rq3_text_plus_image_qwen_20260730,Qwen/Qwen2.5-VL-7B-Instruct,cc594898137f460bfe9f0759e9844b3ce807cfb5,cuda,rq3g_cuda_083__c5,semantic_only_under_ugly,ugly_gold,ugly_trash,ugly_gold,True,True,False,2.0,-0.125,2.0,True,False
E5A_rq3_text_plus_image_qwen_20260730,Qwen/Qwen2.5-VL-7B-Instruct,cc594898137f460bfe9f0759e9844b3ce807cfb5,cuda,rq3g_cuda_083__c6,visual_only_trash,beautiful_trash,ugly_trash,beautiful_trash,False,False,False,0.625,-0.875,0.625,True,False
E5A_rq3_text_plus_image_qwen_20260730,Qwen/Qwen2.5-VL-7B-Instruct,cc594898137f460bfe9f0759e9844b3ce807cfb5,cuda,rq3g_cuda_084__c1,visual_only_gold,golden,ugly_gold,golden,True,True,False,0.8125,-0.0625,0.8125,True,False
E5A_rq3_text_plus_image_qwen_20260730,Qwen/Qwen2.5-VL-7B-Instruct,cc594898137f460bfe9f0759e9844b3ce807cfb5,cuda,rq3g_cuda_084__c2,semantic_and_visual_aligned,golden,beautiful_trash,golden,True,True,False,3.375,0.0,3.375,True,False
E5A_rq3_text_plus_image_qwen_20260730,Qwen/Qwen2.5-VL-7B-Instruct,cc594898137f460bfe9f0759e9844b3ce807cfb5,cuda,rq3g_cuda_084__c3,semantic_and_visual_aligned,golden,ugly_trash,golden,True,True,False,3.75,0.25,3.75,True,False
E5A_rq3_text_plus_image_qwen_20260730,Qwen/Qwen2.5-VL-7B-Instruct,cc594898137f460bfe9f0759e9844b3ce807cfb5,cuda,rq3g_cuda_084__c4,semantic_visual_conflict_primary,ugly_gold,beautiful_trash,ugly_gold,True,True,False,3.5,0.125,3.5,True,False
E5A_rq3_text_plus_image_qwen_20260730,Qwen/Qwen2.5-VL-7B-Instruct,cc594898137f460bfe9f0759e9844b3ce807cfb5,cuda,rq3g_cuda_084__c5,semantic_only_under_ugly,ugly_gold,ugly_trash,ugly_gold,True,True,False,3.5,0.25,3.5,True,False
E5A_rq3_text_plus_image_qwen_20260730,Qwen/Qwen2.5-VL-7B-Instruct,cc594898137f460bfe9f0759e9844b3ce807cfb5,cuda,rq3g_cuda_084__c6,visual_only_trash,beautiful_trash,ugly_trash,beautiful_trash,False,False,False,0.625,-1.625,0.625,True,False
E5A_rq3_text_plus_image_qwen_20260730,Qwen/Qwen2.5-VL-7B-Instruct,cc594898137f460bfe9f0759e9844b3ce807cfb5,cuda,rq3g_cuda_085__c1,visual_only_gold,golden,ugly_gold,golden,True,True,False,0.5,-0.5,0.5,True,False
E5A_rq3_text_plus_image_qwen_20260730,Qwen/Qwen2.5-VL-7B-Instruct,cc594898137f460bfe9f0759e9844b3ce807cfb5,cuda,rq3g_cuda_085__c2,semantic_and_visual_aligned,golden,beautiful_trash,golden,True,True,False,3.8125,-0.1875,3.8125,True,False
E5A_rq3_text_plus_image_qwen_20260730,Qwen/Qwen2.5-VL-7B-Instruct,cc594898137f460bfe9f0759e9844b3ce807cfb5,cuda,rq3g_cuda_085__c3,semantic_and_visual_aligned,golden,ugly_trash,golden,True,True,False,3.8125,0.0625,3.8125,True,False
E5A_rq3_text_plus_image_qwen_20260730,Qwen/Qwen2.5-VL-7B-Instruct,cc594898137f460bfe9f0759e9844b3ce807cfb5,cuda,rq3g_cuda_085__c4,semantic_visual_conflict_primary,ugly_gold,beautiful_trash,ugly_gold,True,True,False,3.5,-0.625,3.5,True,False
E5A_rq3_text_plus_image_qwen_20260730,Qwen/Qwen2.5-VL-7B-Instruct,cc594898137f460bfe9f0759e9844b3ce807cfb5,cuda,rq3g_cuda_085__c5,semantic_only_under_ugly,ugly_gold,ugly_trash,ugly_gold,True,True,False,3.5625,-0.0625,3.5625,True,False
E5A_rq3_text_plus_image_qwen_20260730,Qwen/Qwen2.5-VL-7B-Instruct,cc594898137f460bfe9f0759e9844b3ce807cfb5,cuda,rq3g_cuda_085__c6,visual_only_trash,beautiful_trash,ugly_trash,beautiful_trash,False,False,False,0.5625,-0.9375,0.5625,True,False
E5A_rq3_text_plus_image_qwen_20260730,Qwen/Qwen2.5-VL-7B-Instruct,cc594898137f460bfe9f0759e9844b3ce807cfb5,cuda,rq3g_cuda_086__c1,visual_only_gold,golden,ugly_gold,golden,True,True,False,0.9375,0.5625,0.9375,True,False
E5A_rq3_text_plus_image_qwen_20260730,Qwen/Qwen2.5-VL-7B-Instruct,cc594898137f460bfe9f0759e9844b3ce807cfb5,cuda,rq3g_cuda_086__c2,semantic_and_visual_aligned,golden,beautiful_trash,golden,True,True,False,2.9375,0.5625,2.9375,True,False
E5A_rq3_text_plus_image_qwen_20260730,Qwen/Qwen2.5-VL-7B-Instruct,cc594898137f460bfe9f0759e9844b3ce807cfb5,cuda,rq3g_cuda_086__c3,semantic_and_visual_aligned,golden,ugly_trash,golden,True,True,False,2.8125,0.5625,2.8125,True,False
E5A_rq3_text_plus_image_qwen_20260730,Qwen/Qwen2.5-VL-7B-Instruct,cc594898137f460bfe9f0759e9844b3ce807cfb5,cuda,rq3g_cuda_086__c4,semantic_visual_conflict_primary,ugly_gold,beautiful_trash,ugly_gold,True,True,False,2.625,0.375,2.625,True,False
E5A_rq3_text_plus_image_qwen_20260730,Qwen/Qwen2.5-VL-7B-Instruct,cc594898137f460bfe9f0759e9844b3ce807cfb5,cuda,rq3g_cuda_086__c5,semantic_only_under_ugly,ugly_gold,ugly_trash,ugly_gold,True,True,False,2.6875,0.3125,2.6875,True,False
E5A_rq3_text_plus_image_qwen_20260730,Qwen/Qwen2.5-VL-7B-Instruct,cc594898137f460bfe9f0759e9844b3ce807cfb5,cuda,rq3g_cuda_086__c6,visual_only_trash,beautiful_trash,ugly_trash,beautiful_trash,True,True,False,0.875,-0.375,0.875,True,False
E5A_rq3_text_plus_image_qwen_20260730,Qwen/Qwen2.5-VL-7B-Instruct,cc594898137f460bfe9f0759e9844b3ce807cfb5,cuda,rq3g_cuda_087__c1,visual_only_gold,golden,ugly_gold,golden,True,True,False,1.0625,-0.3125,1.0625,True,False
E5A_rq3_text_plus_image_qwen_20260730,Qwen/Qwen2.5-VL-7B-Instruct,cc594898137f460bfe9f0759e9844b3ce807cfb5,cuda,rq3g_cuda_087__c2,semantic_and_visual_aligned,golden,beautiful_trash,golden,True,True,False,3.875,-0.375,3.875,True,False
E5A_rq3_text_plus_image_qwen_20260730,Qwen/Qwen2.5-VL-7B-Instruct,cc594898137f460bfe9f0759e9844b3ce807cfb5,cuda,rq3g_cuda_087__c3,semantic_and_visual_aligned,golden,ugly_trash,golden,True,True,False,4.25,-0.75,4.25,True,False
E5A_rq3_text_plus_image_qwen_20260730,Qwen/Qwen2.5-VL-7B-Instruct,cc594898137f460bfe9f0759e9844b3ce807cfb5,cuda,rq3g_cuda_087__c4,semantic_visual_conflict_primary,ugly_gold,beautiful_trash,ugly_gold,True,True,False,4.0625,-0.1875,4.0625,True,False
E5A_rq3_text_plus_image_qwen_20260730,Qwen/Qwen2.5-VL-7B-Instruct,cc594898137f460bfe9f0759e9844b3ce807cfb5,cuda,rq3g_cuda_087__c5,semantic_only_under_ugly,ugly_gold,ugly_trash,ugly_gold,True,True,False,4.125,-0.5,4.125,True,False
E5A_rq3_text_plus_image_qwen_20260730,Qwen/Qwen2.5-VL-7B-Instruct,cc594898137f460bfe9f0759e9844b3ce807cfb5,cuda,rq3g_cuda_087__c6,visual_only_trash,beautiful_trash,ugly_trash,beautiful_trash,False,False,False,0.5625,-0.9375,0.5625,True,False
E5A_rq3_text_plus_image_qwen_20260730,Qwen/Qwen2.5-VL-7B-Instruct,cc594898137f460bfe9f0759e9844b3ce807cfb5,cuda,rq3g_cuda_088__c1,visual_only_gold,golden,ugly_gold,golden,True,True,False,0.8125,0.1875,0.8125,True,False
E5A_rq3_text_plus_image_qwen_20260730,Qwen/Qwen2.5-VL-7B-Instruct,cc594898137f460bfe9f0759e9844b3ce807cfb5,cuda,rq3g_cuda_088__c2,semantic_and_visual_aligned,golden,beautiful_trash,golden,True,True,False,3.6875,0.5625,3.6875,True,False
E5A_rq3_text_plus_image_qwen_20260730,Qwen/Qwen2.5-VL-7B-Instruct,cc594898137f460bfe9f0759e9844b3ce807cfb5,cuda,rq3g_cuda_088__c3,semantic_and_visual_aligned,golden,ugly_trash,golden,True,True,False,4.0625,0.5625,4.0625,True,False
E5A_rq3_text_plus_image_qwen_20260730,Qwen/Qwen2.5-VL-7B-Instruct,cc594898137f460bfe9f0759e9844b3ce807cfb5,cuda,rq3g_cuda_088__c4,semantic_visual_conflict_primary,ugly_gold,beautiful_trash,ugly_gold,True,True,False,3.625,0.375,3.625,True,False
E5A_rq3_text_plus_image_qwen_20260730,Qwen/Qwen2.5-VL-7B-Instruct,cc594898137f460bfe9f0759e9844b3ce807cfb5,cuda,rq3g_cuda_088__c5,semantic_only_under_ugly,ugly_gold,ugly_trash,ugly_gold,True,True,False,3.6875,-0.0625,3.6875,True,False
E5A_rq3_text_plus_image_qwen_20260730,Qwen/Qwen2.5-VL-7B-Instruct,cc594898137f460bfe9f0759e9844b3ce807cfb5,cuda,rq3g_cuda_088__c6,visual_only_trash,beautiful_trash,ugly_trash,beautiful_trash,True,True,False,0.5625,-0.5625,0.5625,True,False
E5A_rq3_text_plus_image_qwen_20260730,Qwen/Qwen2.5-VL-7B-Instruct,cc594898137f460bfe9f0759e9844b3ce807cfb5,cuda,rq3g_cuda_089__c1,visual_only_gold,golden,ugly_gold,golden,False,False,False,0.5625,-0.8125,0.5625,True,False
E5A_rq3_text_plus_image_qwen_20260730,Qwen/Qwen2.5-VL-7B-Instruct,cc594898137f460bfe9f0759e9844b3ce807cfb5,cuda,rq3g_cuda_089__c2,semantic_and_visual_aligned,golden,beautiful_trash,golden,True,True,False,2.25,-0.375,2.25,True,False
E5A_rq3_text_plus_image_qwen_20260730,Qwen/Qwen2.5-VL-7B-Instruct,cc594898137f460bfe9f0759e9844b3ce807cfb5,cuda,rq3g_cuda_089__c3,semantic_and_visual_aligned,golden,ugly_trash,golden,True,True,False,2.5,-0.375,2.5,True,False
E5A_rq3_text_plus_image_qwen_20260730,Qwen/Qwen2.5-VL-7B-Instruct,cc594898137f460bfe9f0759e9844b3ce807cfb5,cuda,rq3g_cuda_089__c4,semantic_visual_conflict_primary,ugly_gold,beautiful_trash,ugly_gold,True,True,False,2.4375,-0.4375,2.4375,True,False
E5A_rq3_text_plus_image_qwen_20260730,Qwen/Qwen2.5-VL-7B-Instruct,cc594898137f460bfe9f0759e9844b3ce807cfb5,cuda,rq3g_cuda_089__c5,semantic_only_under_ugly,ugly_gold,ugly_trash,ugly_gold,True,True,False,2.375,-0.375,2.375,True,False
E5A_rq3_text_plus_image_qwen_20260730,Qwen/Qwen2.5-VL-7B-Instruct,cc594898137f460bfe9f0759e9844b3ce807cfb5,cuda,rq3g_cuda_089__c6,visual_only_trash,beautiful_trash,ugly_trash,beautiful_trash,False,False,False,0.5,-0.75,0.5,True,False
E5A_rq3_text_plus_image_qwen_20260730,Qwen/Qwen2.5-VL-7B-Instruct,cc594898137f460bfe9f0759e9844b3ce807cfb5,cuda,rq3g_cuda_090__c1,visual_only_gold,golden,ugly_gold,golden,True,True,False,1.5625,0.9375,1.5625,True,False
E5A_rq3_text_plus_image_qwen_20260730,Qwen/Qwen2.5-VL-7B-Instruct,cc594898137f460bfe9f0759e9844b3ce807cfb5,cuda,rq3g_cuda_090__c2,semantic_and_visual_aligned,golden,beautiful_trash,golden,True,True,False,4.75,-0.5,4.75,True,False
E5A_rq3_text_plus_image_qwen_20260730,Qwen/Qwen2.5-VL-7B-Instruct,cc594898137f460bfe9f0759e9844b3ce807cfb5,cuda,rq3g_cuda_090__c3,semantic_and_visual_aligned,golden,ugly_trash,golden,True,True,False,5.0,-0.25,5.0,True,False
E5A_rq3_text_plus_image_qwen_20260730,Qwen/Qwen2.5-VL-7B-Instruct,cc594898137f460bfe9f0759e9844b3ce807cfb5,cuda,rq3g_cuda_090__c4,semantic_visual_conflict_primary,ugly_gold,beautiful_trash,ugly_gold,True,True,False,4.125,-0.5,4.125,True,False
E5A_rq3_text_plus_image_qwen_20260730,Qwen/Qwen2.5-VL-7B-Instruct,cc594898137f460bfe9f0759e9844b3ce807cfb5,cuda,rq3g_cuda_090__c5,semantic_only_under_ugly,ugly_gold,ugly_trash,ugly_gold,True,True,False,4.4375,-0.3125,4.4375,True,False
E5A_rq3_text_plus_image_qwen_20260730,Qwen/Qwen2.5-VL-7B-Instruct,cc594898137f460bfe9f0759e9844b3ce807cfb5,cuda,rq3g_cuda_090__c6,visual_only_trash,beautiful_trash,ugly_trash,beautiful_trash,False,False,False,0.9375,-1.4375,0.9375,True,False
E5A_rq3_text_plus_image_qwen_20260730,Qwen/Qwen2.5-VL-7B-Instruct,cc594898137f460bfe9f0759e9844b3ce807cfb5,cuda,rq3g_cuda_091__c1,visual_only_gold,golden,ugly_gold,golden,True,True,False,1.0,-0.125,1.0,True,False
E5A_rq3_text_plus_image_qwen_20260730,Qwen/Qwen2.5-VL-7B-Instruct,cc594898137f460bfe9f0759e9844b3ce807cfb5,cuda,rq3g_cuda_091__c2,semantic_and_visual_aligned,golden,beautiful_trash,golden,True,True,False,3.1875,-0.0625,3.1875,True,False
E5A_rq3_text_plus_image_qwen_20260730,Qwen/Qwen2.5-VL-7B-Instruct,cc594898137f460bfe9f0759e9844b3ce807cfb5,cuda,rq3g_cuda_091__c3,semantic_and_visual_aligned,golden,ugly_trash,golden,True,True,False,3.25,0.25,3.25,True,False
E5A_rq3_text_plus_image_qwen_20260730,Qwen/Qwen2.5-VL-7B-Instruct,cc594898137f460bfe9f0759e9844b3ce807cfb5,cuda,rq3g_cuda_091__c4,semantic_visual_conflict_primary,ugly_gold,beautiful_trash,ugly_gold,True,True,False,2.1875,-0.5625,2.1875,True,False
E5A_rq3_text_plus_image_qwen_20260730,Qwen/Qwen2.5-VL-7B-Instruct,cc594898137f460bfe9f0759e9844b3ce807cfb5,cuda,rq3g_cuda_091__c5,semantic_only_under_ugly,ugly_gold,ugly_trash,ugly_gold,True,True,False,2.6875,0.1875,2.6875,True,False
E5A_rq3_text_plus_image_qwen_20260730,Qwen/Qwen2.5-VL-7B-Instruct,cc594898137f460bfe9f0759e9844b3ce807cfb5,cuda,rq3g_cuda_091__c6,visual_only_trash,beautiful_trash,ugly_trash,beautiful_trash,True,True,False,0.75,-0.625,0.75,True,False
E5A_rq3_text_plus_image_qwen_20260730,Qwen/Qwen2.5-VL-7B-Instruct,cc594898137f460bfe9f0759e9844b3ce807cfb5,cuda,rq3g_cuda_092__c1,visual_only_gold,golden,ugly_gold,golden,False,False,False,0.6875,-0.8125,0.6875,True,False
E5A_rq3_text_plus_image_qwen_20260730,Qwen/Qwen2.5-VL-7B-Instruct,cc594898137f460bfe9f0759e9844b3ce807cfb5,cuda,rq3g_cuda_092__c2,semantic_and_visual_aligned,golden,beautiful_trash,golden,True,True,False,3.0625,-1.0625,3.0625,True,False
E5A_rq3_text_plus_image_qwen_20260730,Qwen/Qwen2.5-VL-7B-Instruct,cc594898137f460bfe9f0759e9844b3ce807cfb5,cuda,rq3g_cuda_092__c3,semantic_and_visual_aligned,golden,ugly_trash,golden,True,True,False,3.25,-1.0,3.25,True,False
E5A_rq3_text_plus_image_qwen_20260730,Qwen/Qwen2.5-VL-7B-Instruct,cc594898137f460bfe9f0759e9844b3ce807cfb5,cuda,rq3g_cuda_092__c4,semantic_visual_conflict_primary,ugly_gold,beautiful_trash,ugly_gold,True,True,False,3.25,-1.25,3.25,True,False
E5A_rq3_text_plus_image_qwen_20260730,Qwen/Qwen2.5-VL-7B-Instruct,cc594898137f460bfe9f0759e9844b3ce807cfb5,cuda,rq3g_cuda_092__c5,semantic_only_under_ugly,ugly_gold,ugly_trash,ugly_gold,True,True,False,3.375,-1.25,3.375,True,False
E5A_rq3_text_plus_image_qwen_20260730,Qwen/Qwen2.5-VL-7B-Instruct,cc594898137f460bfe9f0759e9844b3ce807cfb5,cuda,rq3g_cuda_092__c6,visual_only_trash,beautiful_trash,ugly_trash,beautiful_trash,False,False,False,0.3125,-1.0625,0.3125,True,False
E5A_rq3_text_plus_image_qwen_20260730,Qwen/Qwen2.5-VL-7B-Instruct,cc594898137f460bfe9f0759e9844b3ce807cfb5,cuda,rq3g_cuda_093__c1,visual_only_gold,golden,ugly_gold,golden,True,True,False,0.75,-0.5,0.75,True,False
E5A_rq3_text_plus_image_qwen_20260730,Qwen/Qwen2.5-VL-7B-Instruct,cc594898137f460bfe9f0759e9844b3ce807cfb5,cuda,rq3g_cuda_093__c2,semantic_and_visual_aligned,golden,beautiful_trash,golden,True,True,False,2.8125,-0.0625,2.8125,True,False
E5A_rq3_text_plus_image_qwen_20260730,Qwen/Qwen2.5-VL-7B-Instruct,cc594898137f460bfe9f0759e9844b3ce807cfb5,cuda,rq3g_cuda_093__c3,semantic_and_visual_aligned,golden,ugly_trash,golden,True,True,False,2.75,0.0,2.75,True,False
E5A_rq3_text_plus_image_qwen_20260730,Qwen/Qwen2.5-VL-7B-Instruct,cc594898137f460bfe9f0759e9844b3ce807cfb5,cuda,rq3g_cuda_093__c4,semantic_visual_conflict_primary,ugly_gold,beautiful_trash,ugly_gold,True,True,False,2.5625,-0.6875,2.5625,True,False
E5A_rq3_text_plus_image_qwen_20260730,Qwen/Qwen2.5-VL-7B-Instruct,cc594898137f460bfe9f0759e9844b3ce807cfb5,cuda,rq3g_cuda_093__c5,semantic_only_under_ugly,ugly_gold,ugly_trash,ugly_gold,True,True,False,2.0,-0.375,2.0,True,False
E5A_rq3_text_plus_image_qwen_20260730,Qwen/Qwen2.5-VL-7B-Instruct,cc594898137f460bfe9f0759e9844b3ce807cfb5,cuda,rq3g_cuda_093__c6,visual_only_trash,beautiful_trash,ugly_trash,beautiful_trash,False,False,False,0.0,-1.0,0.0,False,True
E5A_rq3_text_plus_image_qwen_20260730,Qwen/Qwen2.5-VL-7B-Instruct,cc594898137f460bfe9f0759e9844b3ce807cfb5,cuda,rq3g_cuda_094__c1,visual_only_gold,golden,ugly_gold,golden,False,False,False,0.375,-1.125,0.375,True,False
E5A_rq3_text_plus_image_qwen_20260730,Qwen/Qwen2.5-VL-7B-Instruct,cc594898137f460bfe9f0759e9844b3ce807cfb5,cuda,rq3g_cuda_094__c2,semantic_and_visual_aligned,golden,beautiful_trash,golden,False,False,False,1.1875,-1.3125,1.1875,True,False
E5A_rq3_text_plus_image_qwen_20260730,Qwen/Qwen2.5-VL-7B-Instruct,cc594898137f460bfe9f0759e9844b3ce807cfb5,cuda,rq3g_cuda_094__c3,semantic_and_visual_aligned,golden,ugly_trash,golden,False,False,False,1.375,-1.5,1.375,True,False
E5A_rq3_text_plus_image_qwen_20260730,Qwen/Qwen2.5-VL-7B-Instruct,cc594898137f460bfe9f0759e9844b3ce807cfb5,cuda,rq3g_cuda_094__c4,semantic_visual_conflict_primary,ugly_gold,beautiful_trash,ugly_gold,False,False,False,1.4375,-1.5625,1.4375,True,False
E5A_rq3_text_plus_image_qwen_20260730,Qwen/Qwen2.5-VL-7B-Instruct,cc594898137f460bfe9f0759e9844b3ce807cfb5,cuda,rq3g_cuda_094__c5,semantic_only_under_ugly,ugly_gold,ugly_trash,ugly_gold,False,False,False,1.1875,-1.4375,1.1875,True,False
E5A_rq3_text_plus_image_qwen_20260730,Qwen/Qwen2.5-VL-7B-Instruct,cc594898137f460bfe9f0759e9844b3ce807cfb5,cuda,rq3g_cuda_094__c6,visual_only_trash,beautiful_trash,ugly_trash,beautiful_trash,False,False,False,0.25,-1.375,0.25,True,False
E5A_rq3_text_plus_image_qwen_20260730,Qwen/Qwen2.5-VL-7B-Instruct,cc594898137f460bfe9f0759e9844b3ce807cfb5,cuda,rq3g_cuda_095__c1,visual_only_gold,golden,ugly_gold,golden,True,True,False,1.25,-0.25,1.25,True,False
E5A_rq3_text_plus_image_qwen_20260730,Qwen/Qwen2.5-VL-7B-Instruct,cc594898137f460bfe9f0759e9844b3ce807cfb5,cuda,rq3g_cuda_095__c2,semantic_and_visual_aligned,golden,beautiful_trash,golden,True,True,False,3.5625,0.5625,3.5625,True,False
E5A_rq3_text_plus_image_qwen_20260730,Qwen/Qwen2.5-VL-7B-Instruct,cc594898137f460bfe9f0759e9844b3ce807cfb5,cuda,rq3g_cuda_095__c3,semantic_and_visual_aligned,golden,ugly_trash,golden,True,True,False,3.9375,0.4375,3.9375,True,False
E5A_rq3_text_plus_image_qwen_20260730,Qwen/Qwen2.5-VL-7B-Instruct,cc594898137f460bfe9f0759e9844b3ce807cfb5,cuda,rq3g_cuda_095__c4,semantic_visual_conflict_primary,ugly_gold,beautiful_trash,ugly_gold,True,True,False,3.1875,0.0625,3.1875,True,False
E5A_rq3_text_plus_image_qwen_20260730,Qwen/Qwen2.5-VL-7B-Instruct,cc594898137f460bfe9f0759e9844b3ce807cfb5,cuda,rq3g_cuda_095__c5,semantic_only_under_ugly,ugly_gold,ugly_trash,ugly_gold,True,True,False,3.25,0.125,3.25,True,False
E5A_rq3_text_plus_image_qwen_20260730,Qwen/Qwen2.5-VL-7B-Instruct,cc594898137f460bfe9f0759e9844b3ce807cfb5,cuda,rq3g_cuda_095__c6,visual_only_trash,beautiful_trash,ugly_trash,beautiful_trash,False,False,False,0.6875,-1.0625,0.6875,True,False
E5A_rq3_text_plus_image_qwen_20260730,Qwen/Qwen2.5-VL-7B-Instruct,cc594898137f460bfe9f0759e9844b3ce807cfb5,cuda,rq3g_cuda_096__c1,visual_only_gold,golden,ugly_gold,golden,True,True,False,1.0,-0.5,1.0,True,False
E5A_rq3_text_plus_image_qwen_20260730,Qwen/Qwen2.5-VL-7B-Instruct,cc594898137f460bfe9f0759e9844b3ce807cfb5,cuda,rq3g_cuda_096__c2,semantic_and_visual_aligned,golden,beautiful_trash,golden,True,True,False,3.6875,-0.3125,3.6875,True,False
E5A_rq3_text_plus_image_qwen_20260730,Qwen/Qwen2.5-VL-7B-Instruct,cc594898137f460bfe9f0759e9844b3ce807cfb5,cuda,rq3g_cuda_096__c3,semantic_and_visual_aligned,golden,ugly_trash,golden,True,True,False,4.0,-0.125,4.0,True,False
E5A_rq3_text_plus_image_qwen_20260730,Qwen/Qwen2.5-VL-7B-Instruct,cc594898137f460bfe9f0759e9844b3ce807cfb5,cuda,rq3g_cuda_096__c4,semantic_visual_conflict_primary,ugly_gold,beautiful_trash,ugly_gold,True,True,False,3.125,-0.625,3.125,True,False
E5A_rq3_text_plus_image_qwen_20260730,Qwen/Qwen2.5-VL-7B-Instruct,cc594898137f460bfe9f0759e9844b3ce807cfb5,cuda,rq3g_cuda_096__c5,semantic_only_under_ugly,ugly_gold,ugly_trash,ugly_gold,True,True,False,3.125,-0.75,3.125,True,False
E5A_rq3_text_plus_image_qwen_20260730,Qwen/Qwen2.5-VL-7B-Instruct,cc594898137f460bfe9f0759e9844b3ce807cfb5,cuda,rq3g_cuda_096__c6,visual_only_trash,beautiful_trash,ugly_trash,beautiful_trash,False,False,False,0.5625,-0.6875,0.5625,True,False
E5A_rq3_text_plus_image_qwen_20260730,Qwen/Qwen2.5-VL-7B-Instruct,cc594898137f460bfe9f0759e9844b3ce807cfb5,cuda,rq3g_cuda_097__c1,visual_only_gold,golden,ugly_gold,golden,True,True,False,0.9375,0.4375,0.9375,True,False
E5A_rq3_text_plus_image_qwen_20260730,Qwen/Qwen2.5-VL-7B-Instruct,cc594898137f460bfe9f0759e9844b3ce807cfb5,cuda,rq3g_cuda_097__c2,semantic_and_visual_aligned,golden,beautiful_trash,golden,True,True,False,2.25,-0.5,2.25,True,False
E5A_rq3_text_plus_image_qwen_20260730,Qwen/Qwen2.5-VL-7B-Instruct,cc594898137f460bfe9f0759e9844b3ce807cfb5,cuda,rq3g_cuda_097__c3,semantic_and_visual_aligned,golden,ugly_trash,golden,True,True,False,2.125,-0.5,2.125,True,False
E5A_rq3_text_plus_image_qwen_20260730,Qwen/Qwen2.5-VL-7B-Instruct,cc594898137f460bfe9f0759e9844b3ce807cfb5,cuda,rq3g_cuda_097__c4,semantic_visual_conflict_primary,ugly_gold,beautiful_trash,ugly_gold,True,True,False,1.5625,-0.8125,1.5625,True,False
E5A_rq3_text_plus_image_qwen_20260730,Qwen/Qwen2.5-VL-7B-Instruct,cc594898137f460bfe9f0759e9844b3ce807cfb5,cuda,rq3g_cuda_097__c5,semantic_only_under_ugly,ugly_gold,ugly_trash,ugly_gold,True,True,False,1.875,-0.5,1.875,True,False
E5A_rq3_text_plus_image_qwen_20260730,Qwen/Qwen2.5-VL-7B-Instruct,cc594898137f460bfe9f0759e9844b3ce807cfb5,cuda,rq3g_cuda_097__c6,visual_only_trash,beautiful_trash,ugly_trash,beautiful_trash,False,False,False,0.1875,-0.8125,0.1875,True,False
E5A_rq3_text_plus_image_qwen_20260730,Qwen/Qwen2.5-VL-7B-Instruct,cc594898137f460bfe9f0759e9844b3ce807cfb5,cuda,rq3g_cuda_098__c1,visual_only_gold,golden,ugly_gold,golden,True,True,False,1.4375,-0.5625,1.4375,True,False
E5A_rq3_text_plus_image_qwen_20260730,Qwen/Qwen2.5-VL-7B-Instruct,cc594898137f460bfe9f0759e9844b3ce807cfb5,cuda,rq3g_cuda_098__c2,semantic_and_visual_aligned,golden,beautiful_trash,golden,True,True,False,3.875,0.25,3.875,True,False
E5A_rq3_text_plus_image_qwen_20260730,Qwen/Qwen2.5-VL-7B-Instruct,cc594898137f460bfe9f0759e9844b3ce807cfb5,cuda,rq3g_cuda_098__c3,semantic_and_visual_aligned,golden,ugly_trash,golden,True,True,False,4.5625,0.1875,4.5625,True,False
E5A_rq3_text_plus_image_qwen_20260730,Qwen/Qwen2.5-VL-7B-Instruct,cc594898137f460bfe9f0759e9844b3ce807cfb5,cuda,rq3g_cuda_098__c4,semantic_visual_conflict_primary,ugly_gold,beautiful_trash,ugly_gold,True,True,False,3.0,-0.625,3.0,True,False
E5A_rq3_text_plus_image_qwen_20260730,Qwen/Qwen2.5-VL-7B-Instruct,cc594898137f460bfe9f0759e9844b3ce807cfb5,cuda,rq3g_cuda_098__c5,semantic_only_under_ugly,ugly_gold,ugly_trash,ugly_gold,True,True,False,3.4375,0.4375,3.4375,True,False
E5A_rq3_text_plus_image_qwen_20260730,Qwen/Qwen2.5-VL-7B-Instruct,cc594898137f460bfe9f0759e9844b3ce807cfb5,cuda,rq3g_cuda_098__c6,visual_only_trash,beautiful_trash,ugly_trash,beautiful_trash,False,False,False,0.4375,-1.0625,0.4375,True,False
E5A_rq3_text_plus_image_qwen_20260730,Qwen/Qwen2.5-VL-7B-Instruct,cc594898137f460bfe9f0759e9844b3ce807cfb5,cuda,rq3g_cuda_099__c1,visual_only_gold,golden,ugly_gold,golden,True,True,False,0.5,0.125,0.5,True,False
E5A_rq3_text_plus_image_qwen_20260730,Qwen/Qwen2.5-VL-7B-Instruct,cc594898137f460bfe9f0759e9844b3ce807cfb5,cuda,rq3g_cuda_099__c2,semantic_and_visual_aligned,golden,beautiful_trash,golden,True,True,False,1.6875,0.0625,1.6875,True,False
E5A_rq3_text_plus_image_qwen_20260730,Qwen/Qwen2.5-VL-7B-Instruct,cc594898137f460bfe9f0759e9844b3ce807cfb5,cuda,rq3g_cuda_099__c3,semantic_and_visual_aligned,golden,ugly_trash,golden,True,True,False,2.25,0.25,2.25,True,False
E5A_rq3_text_plus_image_qwen_20260730,Qwen/Qwen2.5-VL-7B-Instruct,cc594898137f460bfe9f0759e9844b3ce807cfb5,cuda,rq3g_cuda_099__c4,semantic_visual_conflict_primary,ugly_gold,beautiful_trash,ugly_gold,True,True,False,1.5,0.0,1.5,True,False
E5A_rq3_text_plus_image_qwen_20260730,Qwen/Qwen2.5-VL-7B-Instruct,cc594898137f460bfe9f0759e9844b3ce807cfb5,cuda,rq3g_cuda_099__c5,semantic_only_under_ugly,ugly_gold,ugly_trash,ugly_gold,True,True,False,1.5625,0.5625,1.5625,True,False
E5A_rq3_text_plus_image_qwen_20260730,Qwen/Qwen2.5-VL-7B-Instruct,cc594898137f460bfe9f0759e9844b3ce807cfb5,cuda,rq3g_cuda_099__c6,visual_only_trash,beautiful_trash,ugly_trash,beautiful_trash,False,False,False,0.5625,-0.8125,0.5625,True,False
E5A_rq3_text_plus_image_qwen_20260730,Qwen/Qwen2.5-VL-7B-Instruct,cc594898137f460bfe9f0759e9844b3ce807cfb5,java,rq3g_java_000__c1,visual_only_gold,golden,ugly_gold,golden,True,True,False,0.3125,-0.3125,0.3125,True,False
E5A_rq3_text_plus_image_qwen_20260730,Qwen/Qwen2.5-VL-7B-Instruct,cc594898137f460bfe9f0759e9844b3ce807cfb5,java,rq3g_java_000__c2,semantic_and_visual_aligned,golden,beautiful_trash,golden,True,True,False,3.0625,-0.5625,3.0625,True,False
E5A_rq3_text_plus_image_qwen_20260730,Qwen/Qwen2.5-VL-7B-Instruct,cc594898137f460bfe9f0759e9844b3ce807cfb5,java,rq3g_java_000__c3,semantic_and_visual_aligned,golden,ugly_trash,golden,True,True,False,3.25,-0.75,3.25,True,False
E5A_rq3_text_plus_image_qwen_20260730,Qwen/Qwen2.5-VL-7B-Instruct,cc594898137f460bfe9f0759e9844b3ce807cfb5,java,rq3g_java_000__c4,semantic_visual_conflict_primary,ugly_gold,beautiful_trash,ugly_gold,True,True,False,2.75,-1.125,2.75,True,False
E5A_rq3_text_plus_image_qwen_20260730,Qwen/Qwen2.5-VL-7B-Instruct,cc594898137f460bfe9f0759e9844b3ce807cfb5,java,rq3g_java_000__c5,semantic_only_under_ugly,ugly_gold,ugly_trash,ugly_gold,True,True,False,2.5625,-0.9375,2.5625,True,False
E5A_rq3_text_plus_image_qwen_20260730,Qwen/Qwen2.5-VL-7B-Instruct,cc594898137f460bfe9f0759e9844b3ce807cfb5,java,rq3g_java_000__c6,visual_only_trash,beautiful_trash,ugly_trash,beautiful_trash,False,False,False,0.375,-1.0,0.375,True,False
E5A_rq3_text_plus_image_qwen_20260730,Qwen/Qwen2.5-VL-7B-Instruct,cc594898137f460bfe9f0759e9844b3ce807cfb5,java,rq3g_java_001__c1,visual_only_gold,golden,ugly_gold,golden,True,True,False,0.6875,-0.5625,0.6875,True,False
E5A_rq3_text_plus_image_qwen_20260730,Qwen/Qwen2.5-VL-7B-Instruct,cc594898137f460bfe9f0759e9844b3ce807cfb5,java,rq3g_java_001__c2,semantic_and_visual_aligned,golden,beautiful_trash,golden,True,True,False,4.4375,-0.0625,4.4375,True,False
E5A_rq3_text_plus_image_qwen_20260730,Qwen/Qwen2.5-VL-7B-Instruct,cc594898137f460bfe9f0759e9844b3ce807cfb5,java,rq3g_java_001__c3,semantic_and_visual_aligned,golden,ugly_trash,golden,True,True,False,4.5,0.125,4.5,True,False
E5A_rq3_text_plus_image_qwen_20260730,Qwen/Qwen2.5-VL-7B-Instruct,cc594898137f460bfe9f0759e9844b3ce807cfb5,java,rq3g_java_001__c4,semantic_visual_conflict_primary,ugly_gold,beautiful_trash,ugly_gold,True,True,False,4.0,-0.375,4.0,True,False
E5A_rq3_text_plus_image_qwen_20260730,Qwen/Qwen2.5-VL-7B-Instruct,cc594898137f460bfe9f0759e9844b3ce807cfb5,java,rq3g_java_001__c5,semantic_only_under_ugly,ugly_gold,ugly_trash,ugly_gold,True,True,False,4.0,-0.125,4.0,True,False
E5A_rq3_text_plus_image_qwen_20260730,Qwen/Qwen2.5-VL-7B-Instruct,cc594898137f460bfe9f0759e9844b3ce807cfb5,java,rq3g_java_001__c6,visual_only_trash,beautiful_trash,ugly_trash,beautiful_trash,False,False,False,0.4375,-1.3125,0.4375,True,False
E5A_rq3_text_plus_image_qwen_20260730,Qwen/Qwen2.5-VL-7B-Instruct,cc594898137f460bfe9f0759e9844b3ce807cfb5,java,rq3g_java_002__c1,visual_only_gold,golden,ugly_gold,golden,False,False,False,0.6875,-1.0625,0.6875,True,False
E5A_rq3_text_plus_image_qwen_20260730,Qwen/Qwen2.5-VL-7B-Instruct,cc594898137f460bfe9f0759e9844b3ce807cfb5,java,rq3g_java_002__c2,semantic_and_visual_aligned,golden,beautiful_trash,golden,True,True,False,2.0625,-0.9375,2.0625,True,False
E5A_rq3_text_plus_image_qwen_20260730,Qwen/Qwen2.5-VL-7B-Instruct,cc594898137f460bfe9f0759e9844b3ce807cfb5,java,rq3g_java_002__c3,semantic_and_visual_aligned,golden,ugly_trash,golden,True,True,False,2.6875,-0.6875,2.6875,True,False
E5A_rq3_text_plus_image_qwen_20260730,Qwen/Qwen2.5-VL-7B-Instruct,cc594898137f460bfe9f0759e9844b3ce807cfb5,java,rq3g_java_002__c4,semantic_visual_conflict_primary,ugly_gold,beautiful_trash,ugly_gold,True,True,False,1.5625,-1.3125,1.5625,True,False
E5A_rq3_text_plus_image_qwen_20260730,Qwen/Qwen2.5-VL-7B-Instruct,cc594898137f460bfe9f0759e9844b3ce807cfb5,java,rq3g_java_002__c5,semantic_only_under_ugly,ugly_gold,ugly_trash,ugly_gold,True,True,False,1.9375,-1.3125,1.9375,True,False
E5A_rq3_text_plus_image_qwen_20260730,Qwen/Qwen2.5-VL-7B-Instruct,cc594898137f460bfe9f0759e9844b3ce807cfb5,java,rq3g_java_002__c6,visual_only_trash,beautiful_trash,ugly_trash,beautiful_trash,False,False,False,0.875,-1.375,0.875,True,False
E5A_rq3_text_plus_image_qwen_20260730,Qwen/Qwen2.5-VL-7B-Instruct,cc594898137f460bfe9f0759e9844b3ce807cfb5,java,rq3g_java_003__c1,visual_only_gold,golden,ugly_gold,golden,True,True,False,0.9375,-0.6875,0.9375,True,False
E5A_rq3_text_plus_image_qwen_20260730,Qwen/Qwen2.5-VL-7B-Instruct,cc594898137f460bfe9f0759e9844b3ce807cfb5,java,rq3g_java_003__c2,semantic_and_visual_aligned,golden,beautiful_trash,golden,True,True,False,3.3125,-0.4375,3.3125,True,False
E5A_rq3_text_plus_image_qwen_20260730,Qwen/Qwen2.5-VL-7B-Instruct,cc594898137f460bfe9f0759e9844b3ce807cfb5,java,rq3g_java_003__c3,semantic_and_visual_aligned,golden,ugly_trash,golden,True,True,False,3.375,-0.375,3.375,True,False
E5A_rq3_text_plus_image_qwen_20260730,Qwen/Qwen2.5-VL-7B-Instruct,cc594898137f460bfe9f0759e9844b3ce807cfb5,java,rq3g_java_003__c4,semantic_visual_conflict_primary,ugly_gold,beautiful_trash,ugly_gold,True,True,False,2.375,-1.0,2.375,True,False
E5A_rq3_text_plus_image_qwen_20260730,Qwen/Qwen2.5-VL-7B-Instruct,cc594898137f460bfe9f0759e9844b3ce807cfb5,java,rq3g_java_003__c5,semantic_only_under_ugly,ugly_gold,ugly_trash,ugly_gold,True,True,False,3.0625,-1.0625,3.0625,True,False
E5A_rq3_text_plus_image_qwen_20260730,Qwen/Qwen2.5-VL-7B-Instruct,cc594898137f460bfe9f0759e9844b3ce807cfb5,java,rq3g_java_003__c6,visual_only_trash,beautiful_trash,ugly_trash,beautiful_trash,False,False,False,0.5,-0.875,0.5,True,False
E5A_rq3_text_plus_image_qwen_20260730,Qwen/Qwen2.5-VL-7B-Instruct,cc594898137f460bfe9f0759e9844b3ce807cfb5,java,rq3g_java_004__c1,visual_only_gold,golden,ugly_gold,golden,True,True,False,0.875,-0.125,0.875,True,False
E5A_rq3_text_plus_image_qwen_20260730,Qwen/Qwen2.5-VL-7B-Instruct,cc594898137f460bfe9f0759e9844b3ce807cfb5,java,rq3g_java_004__c2,semantic_and_visual_aligned,golden,beautiful_trash,golden,True,True,False,1.25,-0.75,1.25,True,False
E5A_rq3_text_plus_image_qwen_20260730,Qwen/Qwen2.5-VL-7B-Instruct,cc594898137f460bfe9f0759e9844b3ce807cfb5,java,rq3g_java_004__c3,semantic_and_visual_aligned,golden,ugly_trash,golden,True,True,False,1.625,0.125,1.625,True,False
E5A_rq3_text_plus_image_qwen_20260730,Qwen/Qwen2.5-VL-7B-Instruct,cc594898137f460bfe9f0759e9844b3ce807cfb5,java,rq3g_java_004__c4,semantic_visual_conflict_primary,ugly_gold,beautiful_trash,ugly_gold,False,False,False,0.75,-1.0,0.75,True,False
E5A_rq3_text_plus_image_qwen_20260730,Qwen/Qwen2.5-VL-7B-Instruct,cc594898137f460bfe9f0759e9844b3ce807cfb5,java,rq3g_java_004__c5,semantic_only_under_ugly,ugly_gold,ugly_trash,ugly_gold,True,True,False,1.1875,-0.5625,1.1875,True,False
E5A_rq3_text_plus_image_qwen_20260730,Qwen/Qwen2.5-VL-7B-Instruct,cc594898137f460bfe9f0759e9844b3ce807cfb5,java,rq3g_java_004__c6,visual_only_trash,beautiful_trash,ugly_trash,beautiful_trash,True,True,False,1.375,-0.25,1.375,True,False
E5A_rq3_text_plus_image_qwen_20260730,Qwen/Qwen2.5-VL-7B-Instruct,cc594898137f460bfe9f0759e9844b3ce807cfb5,java,rq3g_java_005__c1,visual_only_gold,golden,ugly_gold,golden,True,True,False,0.75,0.125,0.75,True,False
E5A_rq3_text_plus_image_qwen_20260730,Qwen/Qwen2.5-VL-7B-Instruct,cc594898137f460bfe9f0759e9844b3ce807cfb5,java,rq3g_java_005__c2,semantic_and_visual_aligned,golden,beautiful_trash,golden,True,True,False,4.125,0.375,4.125,True,False
E5A_rq3_text_plus_image_qwen_20260730,Qwen/Qwen2.5-VL-7B-Instruct,cc594898137f460bfe9f0759e9844b3ce807cfb5,java,rq3g_java_005__c3,semantic_and_visual_aligned,golden,ugly_trash,golden,True,True,False,3.9375,0.8125,3.9375,True,False
E5A_rq3_text_plus_image_qwen_20260730,Qwen/Qwen2.5-VL-7B-Instruct,cc594898137f460bfe9f0759e9844b3ce807cfb5,java,rq3g_java_005__c4,semantic_visual_conflict_primary,ugly_gold,beautiful_trash,ugly_gold,True,True,False,3.0,0.0,3.0,True,False
E5A_rq3_text_plus_image_qwen_20260730,Qwen/Qwen2.5-VL-7B-Instruct,cc594898137f460bfe9f0759e9844b3ce807cfb5,java,rq3g_java_005__c5,semantic_only_under_ugly,ugly_gold,ugly_trash,ugly_gold,True,True,False,2.9375,0.1875,2.9375,True,False
E5A_rq3_text_plus_image_qwen_20260730,Qwen/Qwen2.5-VL-7B-Instruct,cc594898137f460bfe9f0759e9844b3ce807cfb5,java,rq3g_java_005__c6,visual_only_trash,beautiful_trash,ugly_trash,beautiful_trash,False,False,False,-0.0625,-1.1875,-0.0625,False,False
E5A_rq3_text_plus_image_qwen_20260730,Qwen/Qwen2.5-VL-7B-Instruct,cc594898137f460bfe9f0759e9844b3ce807cfb5,java,rq3g_java_006__c1,visual_only_gold,golden,ugly_gold,golden,False,False,False,0.5,-0.75,0.5,True,False
E5A_rq3_text_plus_image_qwen_20260730,Qwen/Qwen2.5-VL-7B-Instruct,cc594898137f460bfe9f0759e9844b3ce807cfb5,java,rq3g_java_006__c2,semantic_and_visual_aligned,golden,beautiful_trash,golden,True,True,False,4.4375,-0.1875,4.4375,True,False
E5A_rq3_text_plus_image_qwen_20260730,Qwen/Qwen2.5-VL-7B-Instruct,cc594898137f460bfe9f0759e9844b3ce807cfb5,java,rq3g_java_006__c3,semantic_and_visual_aligned,golden,ugly_trash,golden,True,True,False,4.5,-0.125,4.5,True,False
E5A_rq3_text_plus_image_qwen_20260730,Qwen/Qwen2.5-VL-7B-Instruct,cc594898137f460bfe9f0759e9844b3ce807cfb5,java,rq3g_java_006__c4,semantic_visual_conflict_primary,ugly_gold,beautiful_trash,ugly_gold,True,True,False,4.5625,-0.3125,4.5625,True,False
E5A_rq3_text_plus_image_qwen_20260730,Qwen/Qwen2.5-VL-7B-Instruct,cc594898137f460bfe9f0759e9844b3ce807cfb5,java,rq3g_java_006__c5,semantic_only_under_ugly,ugly_gold,ugly_trash,ugly_gold,True,True,False,4.75,-0.25,4.75,True,False
E5A_rq3_text_plus_image_qwen_20260730,Qwen/Qwen2.5-VL-7B-Instruct,cc594898137f460bfe9f0759e9844b3ce807cfb5,java,rq3g_java_006__c6,visual_only_trash,beautiful_trash,ugly_trash,beautiful_trash,False,False,False,0.125,-1.625,0.125,True,False
E5A_rq3_text_plus_image_qwen_20260730,Qwen/Qwen2.5-VL-7B-Instruct,cc594898137f460bfe9f0759e9844b3ce807cfb5,java,rq3g_java_007__c1,visual_only_gold,golden,ugly_gold,golden,True,True,False,0.8125,0.4375,0.8125,True,False
E5A_rq3_text_plus_image_qwen_20260730,Qwen/Qwen2.5-VL-7B-Instruct,cc594898137f460bfe9f0759e9844b3ce807cfb5,java,rq3g_java_007__c2,semantic_and_visual_aligned,golden,beautiful_trash,golden,True,True,False,4.625,0.0,4.625,True,False
E5A_rq3_text_plus_image_qwen_20260730,Qwen/Qwen2.5-VL-7B-Instruct,cc594898137f460bfe9f0759e9844b3ce807cfb5,java,rq3g_java_007__c3,semantic_and_visual_aligned,golden,ugly_trash,golden,True,True,False,4.8125,0.4375,4.8125,True,False
E5A_rq3_text_plus_image_qwen_20260730,Qwen/Qwen2.5-VL-7B-Instruct,cc594898137f460bfe9f0759e9844b3ce807cfb5,java,rq3g_java_007__c4,semantic_visual_conflict_primary,ugly_gold,beautiful_trash,ugly_gold,True,True,False,4.625,-0.125,4.625,True,False
E5A_rq3_text_plus_image_qwen_20260730,Qwen/Qwen2.5-VL-7B-Instruct,cc594898137f460bfe9f0759e9844b3ce807cfb5,java,rq3g_java_007__c5,semantic_only_under_ugly,ugly_gold,ugly_trash,ugly_gold,True,True,False,4.9375,0.0625,4.9375,True,False
E5A_rq3_text_plus_image_qwen_20260730,Qwen/Qwen2.5-VL-7B-Instruct,cc594898137f460bfe9f0759e9844b3ce807cfb5,java,rq3g_java_007__c6,visual_only_trash,beautiful_trash,ugly_trash,beautiful_trash,False,False,False,0.875,-1.0,0.875,True,False
E5A_rq3_text_plus_image_qwen_20260730,Qwen/Qwen2.5-VL-7B-Instruct,cc594898137f460bfe9f0759e9844b3ce807cfb5,java,rq3g_java_008__c1,visual_only_gold,golden,ugly_gold,golden,True,True,False,0.8125,-0.4375,0.8125,True,False
E5A_rq3_text_plus_image_qwen_20260730,Qwen/Qwen2.5-VL-7B-Instruct,cc594898137f460bfe9f0759e9844b3ce807cfb5,java,rq3g_java_008__c2,semantic_and_visual_aligned,golden,beautiful_trash,golden,True,True,False,4.5,0.0,4.5,True,False
E5A_rq3_text_plus_image_qwen_20260730,Qwen/Qwen2.5-VL-7B-Instruct,cc594898137f460bfe9f0759e9844b3ce807cfb5,java,rq3g_java_008__c3,semantic_and_visual_aligned,golden,ugly_trash,golden,True,True,False,4.75,0.0,4.75,True,False
E5A_rq3_text_plus_image_qwen_20260730,Qwen/Qwen2.5-VL-7B-Instruct,cc594898137f460bfe9f0759e9844b3ce807cfb5,java,rq3g_java_008__c4,semantic_visual_conflict_primary,ugly_gold,beautiful_trash,ugly_gold,True,True,False,4.3125,-0.5625,4.3125,True,False
E5A_rq3_text_plus_image_qwen_20260730,Qwen/Qwen2.5-VL-7B-Instruct,cc594898137f460bfe9f0759e9844b3ce807cfb5,java,rq3g_java_008__c5,semantic_only_under_ugly,ugly_gold,ugly_trash,ugly_gold,True,True,False,4.1875,-0.4375,4.1875,True,False
E5A_rq3_text_plus_image_qwen_20260730,Qwen/Qwen2.5-VL-7B-Instruct,cc594898137f460bfe9f0759e9844b3ce807cfb5,java,rq3g_java_008__c6,visual_only_trash,beautiful_trash,ugly_trash,beautiful_trash,False,False,False,0.4375,-1.6875,0.4375,True,False
E5A_rq3_text_plus_image_qwen_20260730,Qwen/Qwen2.5-VL-7B-Instruct,cc594898137f460bfe9f0759e9844b3ce807cfb5,java,rq3g_java_009__c1,visual_only_gold,golden,ugly_gold,golden,True,True,False,0.8125,-0.0625,0.8125,True,False
E5A_rq3_text_plus_image_qwen_20260730,Qwen/Qwen2.5-VL-7B-Instruct,cc594898137f460bfe9f0759e9844b3ce807cfb5,java,rq3g_java_009__c2,semantic_and_visual_aligned,golden,beautiful_trash,golden,True,True,False,3.5625,-0.4375,3.5625,True,False
E5A_rq3_text_plus_image_qwen_20260730,Qwen/Qwen2.5-VL-7B-Instruct,cc594898137f460bfe9f0759e9844b3ce807cfb5,java,rq3g_java_009__c3,semantic_and_visual_aligned,golden,ugly_trash,golden,True,True,False,3.75,-0.5,3.75,True,False
E5A_rq3_text_plus_image_qwen_20260730,Qwen/Qwen2.5-VL-7B-Instruct,cc594898137f460bfe9f0759e9844b3ce807cfb5,java,rq3g_java_009__c4,semantic_visual_conflict_primary,ugly_gold,beautiful_trash,ugly_gold,True,True,False,3.5625,-0.5625,3.5625,True,False
E5A_rq3_text_plus_image_qwen_20260730,Qwen/Qwen2.5-VL-7B-Instruct,cc594898137f460bfe9f0759e9844b3ce807cfb5,java,rq3g_java_009__c5,semantic_only_under_ugly,ugly_gold,ugly_trash,ugly_gold,True,True,False,3.5,-0.5,3.5,True,False
E5A_rq3_text_plus_image_qwen_20260730,Qwen/Qwen2.5-VL-7B-Instruct,cc594898137f460bfe9f0759e9844b3ce807cfb5,java,rq3g_java_009__c6,visual_only_trash,beautiful_trash,ugly_trash,beautiful_trash,False,False,False,0.625,-1.75,0.625,True,False
E5A_rq3_text_plus_image_qwen_20260730,Qwen/Qwen2.5-VL-7B-Instruct,cc594898137f460bfe9f0759e9844b3ce807cfb5,java,rq3g_java_010__c1,visual_only_gold,golden,ugly_gold,golden,True,True,False,0.8125,-0.4375,0.8125,True,False
E5A_rq3_text_plus_image_qwen_20260730,Qwen/Qwen2.5-VL-7B-Instruct,cc594898137f460bfe9f0759e9844b3ce807cfb5,java,rq3g_java_010__c2,semantic_and_visual_aligned,golden,beautiful_trash,golden,True,True,False,2.625,-1.125,2.625,True,False
E5A_rq3_text_plus_image_qwen_20260730,Qwen/Qwen2.5-VL-7B-Instruct,cc594898137f460bfe9f0759e9844b3ce807cfb5,java,rq3g_java_010__c3,semantic_and_visual_aligned,golden,ugly_trash,golden,True,True,False,2.75,-0.75,2.75,True,False
E5A_rq3_text_plus_image_qwen_20260730,Qwen/Qwen2.5-VL-7B-Instruct,cc594898137f460bfe9f0759e9844b3ce807cfb5,java,rq3g_java_010__c4,semantic_visual_conflict_primary,ugly_gold,beautiful_trash,ugly_gold,True,True,False,2.375,-1.5,2.375,True,False
E5A_rq3_text_plus_image_qwen_20260730,Qwen/Qwen2.5-VL-7B-Instruct,cc594898137f460bfe9f0759e9844b3ce807cfb5,java,rq3g_java_010__c5,semantic_only_under_ugly,ugly_gold,ugly_trash,ugly_gold,True,True,False,2.5,-1.125,2.5,True,False
E5A_rq3_text_plus_image_qwen_20260730,Qwen/Qwen2.5-VL-7B-Instruct,cc594898137f460bfe9f0759e9844b3ce807cfb5,java,rq3g_java_010__c6,visual_only_trash,beautiful_trash,ugly_trash,beautiful_trash,False,False,False,0.75,-1.0,0.75,True,False
E5A_rq3_text_plus_image_qwen_20260730,Qwen/Qwen2.5-VL-7B-Instruct,cc594898137f460bfe9f0759e9844b3ce807cfb5,java,rq3g_java_011__c1,visual_only_gold,golden,ugly_gold,golden,False,False,False,0.3125,-0.5625,0.3125,True,False
E5A_rq3_text_plus_image_qwen_20260730,Qwen/Qwen2.5-VL-7B-Instruct,cc594898137f460bfe9f0759e9844b3ce807cfb5,java,rq3g_java_011__c2,semantic_and_visual_aligned,golden,beautiful_trash,golden,True,True,False,3.9375,-0.0625,3.9375,True,False
E5A_rq3_text_plus_image_qwen_20260730,Qwen/Qwen2.5-VL-7B-Instruct,cc594898137f460bfe9f0759e9844b3ce807cfb5,java,rq3g_java_011__c3,semantic_and_visual_aligned,golden,ugly_trash,golden,True,True,False,3.8125,-0.0625,3.8125,True,False
E5A_rq3_text_plus_image_qwen_20260730,Qwen/Qwen2.5-VL-7B-Instruct,cc594898137f460bfe9f0759e9844b3ce807cfb5,java,rq3g_java_011__c4,semantic_visual_conflict_primary,ugly_gold,beautiful_trash,ugly_gold,True,True,False,3.5625,-0.6875,3.5625,True,False
E5A_rq3_text_plus_image_qwen_20260730,Qwen/Qwen2.5-VL-7B-Instruct,cc594898137f460bfe9f0759e9844b3ce807cfb5,java,rq3g_java_011__c5,semantic_only_under_ugly,ugly_gold,ugly_trash,ugly_gold,True,True,False,3.75,-0.125,3.75,True,False
E5A_rq3_text_plus_image_qwen_20260730,Qwen/Qwen2.5-VL-7B-Instruct,cc594898137f460bfe9f0759e9844b3ce807cfb5,java,rq3g_java_011__c6,visual_only_trash,beautiful_trash,ugly_trash,beautiful_trash,False,False,False,0.1875,-1.0625,0.1875,True,False
E5A_rq3_text_plus_image_qwen_20260730,Qwen/Qwen2.5-VL-7B-Instruct,cc594898137f460bfe9f0759e9844b3ce807cfb5,java,rq3g_java_012__c1,visual_only_gold,golden,ugly_gold,golden,False,False,False,0.25,-1.375,0.25,True,False
E5A_rq3_text_plus_image_qwen_20260730,Qwen/Qwen2.5-VL-7B-Instruct,cc594898137f460bfe9f0759e9844b3ce807cfb5,java,rq3g_java_012__c2,semantic_and_visual_aligned,golden,beautiful_trash,golden,True,True,False,3.25,-0.875,3.25,True,False
E5A_rq3_text_plus_image_qwen_20260730,Qwen/Qwen2.5-VL-7B-Instruct,cc594898137f460bfe9f0759e9844b3ce807cfb5,java,rq3g_java_012__c3,semantic_and_visual_aligned,golden,ugly_trash,golden,True,True,False,3.5625,-0.8125,3.5625,True,False
E5A_rq3_text_plus_image_qwen_20260730,Qwen/Qwen2.5-VL-7B-Instruct,cc594898137f460bfe9f0759e9844b3ce807cfb5,java,rq3g_java_012__c4,semantic_visual_conflict_primary,ugly_gold,beautiful_trash,ugly_gold,True,True,False,3.1875,-1.3125,3.1875,True,False
E5A_rq3_text_plus_image_qwen_20260730,Qwen/Qwen2.5-VL-7B-Instruct,cc594898137f460bfe9f0759e9844b3ce807cfb5,java,rq3g_java_012__c5,semantic_only_under_ugly,ugly_gold,ugly_trash,ugly_gold,True,True,False,2.9375,-0.9375,2.9375,True,False
E5A_rq3_text_plus_image_qwen_20260730,Qwen/Qwen2.5-VL-7B-Instruct,cc594898137f460bfe9f0759e9844b3ce807cfb5,java,rq3g_java_012__c6,visual_only_trash,beautiful_trash,ugly_trash,beautiful_trash,False,False,False,0.4375,-1.3125,0.4375,True,False
E5A_rq3_text_plus_image_qwen_20260730,Qwen/Qwen2.5-VL-7B-Instruct,cc594898137f460bfe9f0759e9844b3ce807cfb5,java,rq3g_java_013__c1,visual_only_gold,golden,ugly_gold,golden,True,True,False,0.5625,-0.0625,0.5625,True,False
E5A_rq3_text_plus_image_qwen_20260730,Qwen/Qwen2.5-VL-7B-Instruct,cc594898137f460bfe9f0759e9844b3ce807cfb5,java,rq3g_java_013__c2,semantic_and_visual_aligned,golden,beautiful_trash,golden,True,True,False,4.5,0.625,4.5,True,False
E5A_rq3_text_plus_image_qwen_20260730,Qwen/Qwen2.5-VL-7B-Instruct,cc594898137f460bfe9f0759e9844b3ce807cfb5,java,rq3g_java_013__c3,semantic_and_visual_aligned,golden,ugly_trash,golden,True,True,False,4.5,0.75,4.5,True,False
E5A_rq3_text_plus_image_qwen_20260730,Qwen/Qwen2.5-VL-7B-Instruct,cc594898137f460bfe9f0759e9844b3ce807cfb5,java,rq3g_java_013__c4,semantic_visual_conflict_primary,ugly_gold,beautiful_trash,ugly_gold,True,True,False,3.6875,-0.3125,3.6875,True,False
E5A_rq3_text_plus_image_qwen_20260730,Qwen/Qwen2.5-VL-7B-Instruct,cc594898137f460bfe9f0759e9844b3ce807cfb5,java,rq3g_java_013__c5,semantic_only_under_ugly,ugly_gold,ugly_trash,ugly_gold,True,True,False,4.125,0.125,4.125,True,False
E5A_rq3_text_plus_image_qwen_20260730,Qwen/Qwen2.5-VL-7B-Instruct,cc594898137f460bfe9f0759e9844b3ce807cfb5,java,rq3g_java_013__c6,visual_only_trash,beautiful_trash,ugly_trash,beautiful_trash,False,False,False,0.3125,-0.8125,0.3125,True,False
E5A_rq3_text_plus_image_qwen_20260730,Qwen/Qwen2.5-VL-7B-Instruct,cc594898137f460bfe9f0759e9844b3ce807cfb5,java,rq3g_java_014__c1,visual_only_gold,golden,ugly_gold,golden,True,True,False,0.4375,0.0625,0.4375,True,False
E5A_rq3_text_plus_image_qwen_20260730,Qwen/Qwen2.5-VL-7B-Instruct,cc594898137f460bfe9f0759e9844b3ce807cfb5,java,rq3g_java_014__c2,semantic_and_visual_aligned,golden,beautiful_trash,golden,True,True,False,3.375,0.125,3.375,True,False
E5A_rq3_text_plus_image_qwen_20260730,Qwen/Qwen2.5-VL-7B-Instruct,cc594898137f460bfe9f0759e9844b3ce807cfb5,java,rq3g_java_014__c3,semantic_and_visual_aligned,golden,ugly_trash,golden,True,True,False,3.5,0.0,3.5,True,False
E5A_rq3_text_plus_image_qwen_20260730,Qwen/Qwen2.5-VL-7B-Instruct,cc594898137f460bfe9f0759e9844b3ce807cfb5,java,rq3g_java_014__c4,semantic_visual_conflict_primary,ugly_gold,beautiful_trash,ugly_gold,True,True,False,3.5625,0.0625,3.5625,True,False
E5A_rq3_text_plus_image_qwen_20260730,Qwen/Qwen2.5-VL-7B-Instruct,cc594898137f460bfe9f0759e9844b3ce807cfb5,java,rq3g_java_014__c5,semantic_only_under_ugly,ugly_gold,ugly_trash,ugly_gold,True,True,False,3.125,-0.125,3.125,True,False
E5A_rq3_text_plus_image_qwen_20260730,Qwen/Qwen2.5-VL-7B-Instruct,cc594898137f460bfe9f0759e9844b3ce807cfb5,java,rq3g_java_014__c6,visual_only_trash,beautiful_trash,ugly_trash,beautiful_trash,False,False,False,0.1875,-1.0625,0.1875,True,False
E5A_rq3_text_plus_image_qwen_20260730,Qwen/Qwen2.5-VL-7B-Instruct,cc594898137f460bfe9f0759e9844b3ce807cfb5,java,rq3g_java_015__c1,visual_only_gold,golden,ugly_gold,golden,True,True,False,0.9375,0.3125,0.9375,True,False
E5A_rq3_text_plus_image_qwen_20260730,Qwen/Qwen2.5-VL-7B-Instruct,cc594898137f460bfe9f0759e9844b3ce807cfb5,java,rq3g_java_015__c2,semantic_and_visual_aligned,golden,beautiful_trash,golden,True,True,False,4.875,1.25,4.875,True,False
E5A_rq3_text_plus_image_qwen_20260730,Qwen/Qwen2.5-VL-7B-Instruct,cc594898137f460bfe9f0759e9844b3ce807cfb5,java,rq3g_java_015__c3,semantic_and_visual_aligned,golden,ugly_trash,golden,True,True,False,4.875,1.375,4.875,True,False
E5A_rq3_text_plus_image_qwen_20260730,Qwen/Qwen2.5-VL-7B-Instruct,cc594898137f460bfe9f0759e9844b3ce807cfb5,java,rq3g_java_015__c4,semantic_visual_conflict_primary,ugly_gold,beautiful_trash,ugly_gold,True,True,False,3.9375,0.1875,3.9375,True,False
E5A_rq3_text_plus_image_qwen_20260730,Qwen/Qwen2.5-VL-7B-Instruct,cc594898137f460bfe9f0759e9844b3ce807cfb5,java,rq3g_java_015__c5,semantic_only_under_ugly,ugly_gold,ugly_trash,ugly_gold,True,True,False,4.1875,0.4375,4.1875,True,False
E5A_rq3_text_plus_image_qwen_20260730,Qwen/Qwen2.5-VL-7B-Instruct,cc594898137f460bfe9f0759e9844b3ce807cfb5,java,rq3g_java_015__c6,visual_only_trash,beautiful_trash,ugly_trash,beautiful_trash,False,False,False,0.625,-0.875,0.625,True,False
E5A_rq3_text_plus_image_qwen_20260730,Qwen/Qwen2.5-VL-7B-Instruct,cc594898137f460bfe9f0759e9844b3ce807cfb5,java,rq3g_java_016__c1,visual_only_gold,golden,ugly_gold,golden,True,True,False,0.6875,-0.1875,0.6875,True,False
E5A_rq3_text_plus_image_qwen_20260730,Qwen/Qwen2.5-VL-7B-Instruct,cc594898137f460bfe9f0759e9844b3ce807cfb5,java,rq3g_java_016__c2,semantic_and_visual_aligned,golden,beautiful_trash,golden,True,True,False,1.875,-1.5,1.875,True,False
E5A_rq3_text_plus_image_qwen_20260730,Qwen/Qwen2.5-VL-7B-Instruct,cc594898137f460bfe9f0759e9844b3ce807cfb5,java,rq3g_java_016__c3,semantic_and_visual_aligned,golden,ugly_trash,golden,True,True,False,1.625,-1.25,1.625,True,False
E5A_rq3_text_plus_image_qwen_20260730,Qwen/Qwen2.5-VL-7B-Instruct,cc594898137f460bfe9f0759e9844b3ce807cfb5,java,rq3g_java_016__c4,semantic_visual_conflict_primary,ugly_gold,beautiful_trash,ugly_gold,True,True,False,2.0,-1.25,2.0,True,False
E5A_rq3_text_plus_image_qwen_20260730,Qwen/Qwen2.5-VL-7B-Instruct,cc594898137f460bfe9f0759e9844b3ce807cfb5,java,rq3g_java_016__c5,semantic_only_under_ugly,ugly_gold,ugly_trash,ugly_gold,True,True,False,1.5,-1.125,1.5,True,False
E5A_rq3_text_plus_image_qwen_20260730,Qwen/Qwen2.5-VL-7B-Instruct,cc594898137f460bfe9f0759e9844b3ce807cfb5,java,rq3g_java_016__c6,visual_only_trash,beautiful_trash,ugly_trash,beautiful_trash,False,False,False,0.125,-1.0,0.125,True,False
E5A_rq3_text_plus_image_qwen_20260730,Qwen/Qwen2.5-VL-7B-Instruct,cc594898137f460bfe9f0759e9844b3ce807cfb5,java,rq3g_java_017__c1,visual_only_gold,golden,ugly_gold,golden,True,True,False,0.875,-0.75,0.875,True,False
E5A_rq3_text_plus_image_qwen_20260730,Qwen/Qwen2.5-VL-7B-Instruct,cc594898137f460bfe9f0759e9844b3ce807cfb5,java,rq3g_java_017__c2,semantic_and_visual_aligned,golden,beautiful_trash,golden,True,True,False,4.5,-0.375,4.5,True,False
E5A_rq3_text_plus_image_qwen_20260730,Qwen/Qwen2.5-VL-7B-Instruct,cc594898137f460bfe9f0759e9844b3ce807cfb5,java,rq3g_java_017__c3,semantic_and_visual_aligned,golden,ugly_trash,golden,True,True,False,4.25,-0.375,4.25,True,False
E5A_rq3_text_plus_image_qwen_20260730,Qwen/Qwen2.5-VL-7B-Instruct,cc594898137f460bfe9f0759e9844b3ce807cfb5,java,rq3g_java_017__c4,semantic_visual_conflict_primary,ugly_gold,beautiful_trash,ugly_gold,True,True,False,3.875,-0.625,3.875,True,False
E5A_rq3_text_plus_image_qwen_20260730,Qwen/Qwen2.5-VL-7B-Instruct,cc594898137f460bfe9f0759e9844b3ce807cfb5,java,rq3g_java_017__c5,semantic_only_under_ugly,ugly_gold,ugly_trash,ugly_gold,True,True,False,3.8125,-0.6875,3.8125,True,False
E5A_rq3_text_plus_image_qwen_20260730,Qwen/Qwen2.5-VL-7B-Instruct,cc594898137f460bfe9f0759e9844b3ce807cfb5,java,rq3g_java_017__c6,visual_only_trash,beautiful_trash,ugly_trash,beautiful_trash,False,False,False,0.625,-2.0,0.625,True,False
E5A_rq3_text_plus_image_qwen_20260730,Qwen/Qwen2.5-VL-7B-Instruct,cc594898137f460bfe9f0759e9844b3ce807cfb5,java,rq3g_java_018__c1,visual_only_gold,golden,ugly_gold,golden,True,True,False,1.125,0.0,1.125,True,False
E5A_rq3_text_plus_image_qwen_20260730,Qwen/Qwen2.5-VL-7B-Instruct,cc594898137f460bfe9f0759e9844b3ce807cfb5,java,rq3g_java_018__c2,semantic_and_visual_aligned,golden,beautiful_trash,golden,True,True,False,4.125,-0.625,4.125,True,False
E5A_rq3_text_plus_image_qwen_20260730,Qwen/Qwen2.5-VL-7B-Instruct,cc594898137f460bfe9f0759e9844b3ce807cfb5,java,rq3g_java_018__c3,semantic_and_visual_aligned,golden,ugly_trash,golden,True,True,False,4.0,-0.25,4.0,True,False
E5A_rq3_text_plus_image_qwen_20260730,Qwen/Qwen2.5-VL-7B-Instruct,cc594898137f460bfe9f0759e9844b3ce807cfb5,java,rq3g_java_018__c4,semantic_visual_conflict_primary,ugly_gold,beautiful_trash,ugly_gold,True,True,False,3.5,-0.875,3.5,True,False
E5A_rq3_text_plus_image_qwen_20260730,Qwen/Qwen2.5-VL-7B-Instruct,cc594898137f460bfe9f0759e9844b3ce807cfb5,java,rq3g_java_018__c5,semantic_only_under_ugly,ugly_gold,ugly_trash,ugly_gold,True,True,False,3.875,-0.25,3.875,True,False
E5A_rq3_text_plus_image_qwen_20260730,Qwen/Qwen2.5-VL-7B-Instruct,cc594898137f460bfe9f0759e9844b3ce807cfb5,java,rq3g_java_018__c6,visual_only_trash,beautiful_trash,ugly_trash,beautiful_trash,False,False,False,0.1875,-1.4375,0.1875,True,False
E5A_rq3_text_plus_image_qwen_20260730,Qwen/Qwen2.5-VL-7B-Instruct,cc594898137f460bfe9f0759e9844b3ce807cfb5,java,rq3g_java_019__c1,visual_only_gold,golden,ugly_gold,golden,True,True,False,1.0,0.125,1.0,True,False
E5A_rq3_text_plus_image_qwen_20260730,Qwen/Qwen2.5-VL-7B-Instruct,cc594898137f460bfe9f0759e9844b3ce807cfb5,java,rq3g_java_019__c2,semantic_and_visual_aligned,golden,beautiful_trash,golden,True,True,False,3.75,0.125,3.75,True,False
E5A_rq3_text_plus_image_qwen_20260730,Qwen/Qwen2.5-VL-7B-Instruct,cc594898137f460bfe9f0759e9844b3ce807cfb5,java,rq3g_java_019__c3,semantic_and_visual_aligned,golden,ugly_trash,golden,True,True,False,4.125,0.125,4.125,True,False
E5A_rq3_text_plus_image_qwen_20260730,Qwen/Qwen2.5-VL-7B-Instruct,cc594898137f460bfe9f0759e9844b3ce807cfb5,java,rq3g_java_019__c4,semantic_visual_conflict_primary,ugly_gold,beautiful_trash,ugly_gold,True,True,False,3.0625,-1.1875,3.0625,True,False
E5A_rq3_text_plus_image_qwen_20260730,Qwen/Qwen2.5-VL-7B-Instruct,cc594898137f460bfe9f0759e9844b3ce807cfb5,java,rq3g_java_019__c5,semantic_only_under_ugly,ugly_gold,ugly_trash,ugly_gold,True,True,False,2.9375,-0.5625,2.9375,True,False
E5A_rq3_text_plus_image_qwen_20260730,Qwen/Qwen2.5-VL-7B-Instruct,cc594898137f460bfe9f0759e9844b3ce807cfb5,java,rq3g_java_019__c6,visual_only_trash,beautiful_trash,ugly_trash,beautiful_trash,False,False,False,0.4375,-0.5625,0.4375,True,False
E5A_rq3_text_plus_image_qwen_20260730,Qwen/Qwen2.5-VL-7B-Instruct,cc594898137f460bfe9f0759e9844b3ce807cfb5,java,rq3g_java_020__c1,visual_only_gold,golden,ugly_gold,golden,True,True,False,1.125,-0.375,1.125,True,False
E5A_rq3_text_plus_image_qwen_20260730,Qwen/Qwen2.5-VL-7B-Instruct,cc594898137f460bfe9f0759e9844b3ce807cfb5,java,rq3g_java_020__c2,semantic_and_visual_aligned,golden,beautiful_trash,golden,True,True,False,5.3125,0.3125,5.3125,True,False
E5A_rq3_text_plus_image_qwen_20260730,Qwen/Qwen2.5-VL-7B-Instruct,cc594898137f460bfe9f0759e9844b3ce807cfb5,java,rq3g_java_020__c3,semantic_and_visual_aligned,golden,ugly_trash,golden,True,True,False,5.375,0.625,5.375,True,False
E5A_rq3_text_plus_image_qwen_20260730,Qwen/Qwen2.5-VL-7B-Instruct,cc594898137f460bfe9f0759e9844b3ce807cfb5,java,rq3g_java_020__c4,semantic_visual_conflict_primary,ugly_gold,beautiful_trash,ugly_gold,True,True,False,4.9375,-0.1875,4.9375,True,False
E5A_rq3_text_plus_image_qwen_20260730,Qwen/Qwen2.5-VL-7B-Instruct,cc594898137f460bfe9f0759e9844b3ce807cfb5,java,rq3g_java_020__c5,semantic_only_under_ugly,ugly_gold,ugly_trash,ugly_gold,True,True,False,4.5625,0.4375,4.5625,True,False
E5A_rq3_text_plus_image_qwen_20260730,Qwen/Qwen2.5-VL-7B-Instruct,cc594898137f460bfe9f0759e9844b3ce807cfb5,java,rq3g_java_020__c6,visual_only_trash,beautiful_trash,ugly_trash,beautiful_trash,False,False,False,0.4375,-0.8125,0.4375,True,False
E5A_rq3_text_plus_image_qwen_20260730,Qwen/Qwen2.5-VL-7B-Instruct,cc594898137f460bfe9f0759e9844b3ce807cfb5,java,rq3g_java_021__c1,visual_only_gold,golden,ugly_gold,golden,True,True,False,0.5,0.25,0.5,True,False
E5A_rq3_text_plus_image_qwen_20260730,Qwen/Qwen2.5-VL-7B-Instruct,cc594898137f460bfe9f0759e9844b3ce807cfb5,java,rq3g_java_021__c2,semantic_and_visual_aligned,golden,beautiful_trash,golden,True,True,False,4.125,0.125,4.125,True,False
E5A_rq3_text_plus_image_qwen_20260730,Qwen/Qwen2.5-VL-7B-Instruct,cc594898137f460bfe9f0759e9844b3ce807cfb5,java,rq3g_java_021__c3,semantic_and_visual_aligned,golden,ugly_trash,golden,True,True,False,4.3125,0.1875,4.3125,True,False
E5A_rq3_text_plus_image_qwen_20260730,Qwen/Qwen2.5-VL-7B-Instruct,cc594898137f460bfe9f0759e9844b3ce807cfb5,java,rq3g_java_021__c4,semantic_visual_conflict_primary,ugly_gold,beautiful_trash,ugly_gold,True,True,False,4.0,-0.75,4.0,True,False
E5A_rq3_text_plus_image_qwen_20260730,Qwen/Qwen2.5-VL-7B-Instruct,cc594898137f460bfe9f0759e9844b3ce807cfb5,java,rq3g_java_021__c5,semantic_only_under_ugly,ugly_gold,ugly_trash,ugly_gold,True,True,False,3.875,0.0,3.875,True,False
E5A_rq3_text_plus_image_qwen_20260730,Qwen/Qwen2.5-VL-7B-Instruct,cc594898137f460bfe9f0759e9844b3ce807cfb5,java,rq3g_java_021__c6,visual_only_trash,beautiful_trash,ugly_trash,beautiful_trash,False,False,False,0.4375,-1.1875,0.4375,True,False
E5A_rq3_text_plus_image_qwen_20260730,Qwen/Qwen2.5-VL-7B-Instruct,cc594898137f460bfe9f0759e9844b3ce807cfb5,java,rq3g_java_022__c1,visual_only_gold,golden,ugly_gold,golden,True,True,False,1.0625,-0.1875,1.0625,True,False
E5A_rq3_text_plus_image_qwen_20260730,Qwen/Qwen2.5-VL-7B-Instruct,cc594898137f460bfe9f0759e9844b3ce807cfb5,java,rq3g_java_022__c2,semantic_and_visual_aligned,golden,beautiful_trash,golden,True,True,False,3.25,-0.625,3.25,True,False
E5A_rq3_text_plus_image_qwen_20260730,Qwen/Qwen2.5-VL-7B-Instruct,cc594898137f460bfe9f0759e9844b3ce807cfb5,java,rq3g_java_022__c3,semantic_and_visual_aligned,golden,ugly_trash,golden,True,True,False,3.625,-0.25,3.625,True,False
E5A_rq3_text_plus_image_qwen_20260730,Qwen/Qwen2.5-VL-7B-Instruct,cc594898137f460bfe9f0759e9844b3ce807cfb5,java,rq3g_java_022__c4,semantic_visual_conflict_primary,ugly_gold,beautiful_trash,ugly_gold,True,True,False,2.5625,-0.6875,2.5625,True,False
E5A_rq3_text_plus_image_qwen_20260730,Qwen/Qwen2.5-VL-7B-Instruct,cc594898137f460bfe9f0759e9844b3ce807cfb5,java,rq3g_java_022__c5,semantic_only_under_ugly,ugly_gold,ugly_trash,ugly_gold,True,True,False,3.125,-0.5,3.125,True,False
E5A_rq3_text_plus_image_qwen_20260730,Qwen/Qwen2.5-VL-7B-Instruct,cc594898137f460bfe9f0759e9844b3ce807cfb5,java,rq3g_java_022__c6,visual_only_trash,beautiful_trash,ugly_trash,beautiful_trash,True,True,False,1.0,-1.0,1.0,True,False
E5A_rq3_text_plus_image_qwen_20260730,Qwen/Qwen2.5-VL-7B-Instruct,cc594898137f460bfe9f0759e9844b3ce807cfb5,java,rq3g_java_023__c1,visual_only_gold,golden,ugly_gold,golden,True,True,False,0.6875,-0.4375,0.6875,True,False
E5A_rq3_text_plus_image_qwen_20260730,Qwen/Qwen2.5-VL-7B-Instruct,cc594898137f460bfe9f0759e9844b3ce807cfb5,java,rq3g_java_023__c2,semantic_and_visual_aligned,golden,beautiful_trash,golden,True,True,False,2.375,-0.625,2.375,True,False
E5A_rq3_text_plus_image_qwen_20260730,Qwen/Qwen2.5-VL-7B-Instruct,cc594898137f460bfe9f0759e9844b3ce807cfb5,java,rq3g_java_023__c3,semantic_and_visual_aligned,golden,ugly_trash,golden,True,True,False,2.375,-0.5,2.375,True,False
E5A_rq3_text_plus_image_qwen_20260730,Qwen/Qwen2.5-VL-7B-Instruct,cc594898137f460bfe9f0759e9844b3ce807cfb5,java,rq3g_java_023__c4,semantic_visual_conflict_primary,ugly_gold,beautiful_trash,ugly_gold,True,True,False,2.25,-0.75,2.25,True,False
E5A_rq3_text_plus_image_qwen_20260730,Qwen/Qwen2.5-VL-7B-Instruct,cc594898137f460bfe9f0759e9844b3ce807cfb5,java,rq3g_java_023__c5,semantic_only_under_ugly,ugly_gold,ugly_trash,ugly_gold,True,True,False,2.375,-0.625,2.375,True,False
E5A_rq3_text_plus_image_qwen_20260730,Qwen/Qwen2.5-VL-7B-Instruct,cc594898137f460bfe9f0759e9844b3ce807cfb5,java,rq3g_java_023__c6,visual_only_trash,beautiful_trash,ugly_trash,beautiful_trash,False,False,False,0.5625,-1.4375,0.5625,True,False
E5A_rq3_text_plus_image_qwen_20260730,Qwen/Qwen2.5-VL-7B-Instruct,cc594898137f460bfe9f0759e9844b3ce807cfb5,java,rq3g_java_024__c1,visual_only_gold,golden,ugly_gold,golden,True,True,False,0.875,0.125,0.875,True,False
E5A_rq3_text_plus_image_qwen_20260730,Qwen/Qwen2.5-VL-7B-Instruct,cc594898137f460bfe9f0759e9844b3ce807cfb5,java,rq3g_java_024__c2,semantic_and_visual_aligned,golden,beautiful_trash,golden,True,True,False,4.125,-0.25,4.125,True,False
E5A_rq3_text_plus_image_qwen_20260730,Qwen/Qwen2.5-VL-7B-Instruct,cc594898137f460bfe9f0759e9844b3ce807cfb5,java,rq3g_java_024__c3,semantic_and_visual_aligned,golden,ugly_trash,golden,True,True,False,4.5,0.5,4.5,True,False
E5A_rq3_text_plus_image_qwen_20260730,Qwen/Qwen2.5-VL-7B-Instruct,cc594898137f460bfe9f0759e9844b3ce807cfb5,java,rq3g_java_024__c4,semantic_visual_conflict_primary,ugly_gold,beautiful_trash,ugly_gold,True,True,False,4.0,-0.75,4.0,True,False
E5A_rq3_text_plus_image_qwen_20260730,Qwen/Qwen2.5-VL-7B-Instruct,cc594898137f460bfe9f0759e9844b3ce807cfb5,java,rq3g_java_024__c5,semantic_only_under_ugly,ugly_gold,ugly_trash,ugly_gold,True,True,False,4.375,-0.375,4.375,True,False
E5A_rq3_text_plus_image_qwen_20260730,Qwen/Qwen2.5-VL-7B-Instruct,cc594898137f460bfe9f0759e9844b3ce807cfb5,java,rq3g_java_024__c6,visual_only_trash,beautiful_trash,ugly_trash,beautiful_trash,False,False,False,0.6875,-1.0625,0.6875,True,False
E5A_rq3_text_plus_image_qwen_20260730,Qwen/Qwen2.5-VL-7B-Instruct,cc594898137f460bfe9f0759e9844b3ce807cfb5,java,rq3g_java_025__c1,visual_only_gold,golden,ugly_gold,golden,True,True,False,1.0625,-0.4375,1.0625,True,False
E5A_rq3_text_plus_image_qwen_20260730,Qwen/Qwen2.5-VL-7B-Instruct,cc594898137f460bfe9f0759e9844b3ce807cfb5,java,rq3g_java_025__c2,semantic_and_visual_aligned,golden,beautiful_trash,golden,True,True,False,4.625,-0.25,4.625,True,False
E5A_rq3_text_plus_image_qwen_20260730,Qwen/Qwen2.5-VL-7B-Instruct,cc594898137f460bfe9f0759e9844b3ce807cfb5,java,rq3g_java_025__c3,semantic_and_visual_aligned,golden,ugly_trash,golden,True,True,False,4.5,-0.125,4.5,True,False
E5A_rq3_text_plus_image_qwen_20260730,Qwen/Qwen2.5-VL-7B-Instruct,cc594898137f460bfe9f0759e9844b3ce807cfb5,java,rq3g_java_025__c4,semantic_visual_conflict_primary,ugly_gold,beautiful_trash,ugly_gold,True,True,False,4.125,-0.25,4.125,True,False
E5A_rq3_text_plus_image_qwen_20260730,Qwen/Qwen2.5-VL-7B-Instruct,cc594898137f460bfe9f0759e9844b3ce807cfb5,java,rq3g_java_025__c5,semantic_only_under_ugly,ugly_gold,ugly_trash,ugly_gold,True,True,False,3.9375,-0.0625,3.9375,True,False
E5A_rq3_text_plus_image_qwen_20260730,Qwen/Qwen2.5-VL-7B-Instruct,cc594898137f460bfe9f0759e9844b3ce807cfb5,java,rq3g_java_025__c6,visual_only_trash,beautiful_trash,ugly_trash,beautiful_trash,False,False,False,0.625,-1.25,0.625,True,False
E5A_rq3_text_plus_image_qwen_20260730,Qwen/Qwen2.5-VL-7B-Instruct,cc594898137f460bfe9f0759e9844b3ce807cfb5,java,rq3g_java_026__c1,visual_only_gold,golden,ugly_gold,golden,True,True,False,1.0625,-0.6875,1.0625,True,False
E5A_rq3_text_plus_image_qwen_20260730,Qwen/Qwen2.5-VL-7B-Instruct,cc594898137f460bfe9f0759e9844b3ce807cfb5,java,rq3g_java_026__c2,semantic_and_visual_aligned,golden,beautiful_trash,golden,True,True,False,2.8125,-1.4375,2.8125,True,False
E5A_rq3_text_plus_image_qwen_20260730,Qwen/Qwen2.5-VL-7B-Instruct,cc594898137f460bfe9f0759e9844b3ce807cfb5,java,rq3g_java_026__c3,semantic_and_visual_aligned,golden,ugly_trash,golden,True,True,False,2.875,-1.375,2.875,True,False
E5A_rq3_text_plus_image_qwen_20260730,Qwen/Qwen2.5-VL-7B-Instruct,cc594898137f460bfe9f0759e9844b3ce807cfb5,java,rq3g_java_026__c4,semantic_visual_conflict_primary,ugly_gold,beautiful_trash,ugly_gold,True,True,False,3.125,-1.875,3.125,True,False
E5A_rq3_text_plus_image_qwen_20260730,Qwen/Qwen2.5-VL-7B-Instruct,cc594898137f460bfe9f0759e9844b3ce807cfb5,java,rq3g_java_026__c5,semantic_only_under_ugly,ugly_gold,ugly_trash,ugly_gold,True,True,False,3.0,-1.625,3.0,True,False
E5A_rq3_text_plus_image_qwen_20260730,Qwen/Qwen2.5-VL-7B-Instruct,cc594898137f460bfe9f0759e9844b3ce807cfb5,java,rq3g_java_026__c6,visual_only_trash,beautiful_trash,ugly_trash,beautiful_trash,False,False,False,0.625,-1.375,0.625,True,False
E5A_rq3_text_plus_image_qwen_20260730,Qwen/Qwen2.5-VL-7B-Instruct,cc594898137f460bfe9f0759e9844b3ce807cfb5,java,rq3g_java_027__c1,visual_only_gold,golden,ugly_gold,golden,False,False,False,0.4375,0.5625,0.4375,True,False
E5A_rq3_text_plus_image_qwen_20260730,Qwen/Qwen2.5-VL-7B-Instruct,cc594898137f460bfe9f0759e9844b3ce807cfb5,java,rq3g_java_027__c2,semantic_and_visual_aligned,golden,beautiful_trash,golden,True,True,False,4.8125,0.4375,4.8125,True,False
E5A_rq3_text_plus_image_qwen_20260730,Qwen/Qwen2.5-VL-7B-Instruct,cc594898137f460bfe9f0759e9844b3ce807cfb5,java,rq3g_java_027__c3,semantic_and_visual_aligned,golden,ugly_trash,golden,True,True,False,5.25,0.5,5.25,True,False
E5A_rq3_text_plus_image_qwen_20260730,Qwen/Qwen2.5-VL-7B-Instruct,cc594898137f460bfe9f0759e9844b3ce807cfb5,java,rq3g_java_027__c4,semantic_visual_conflict_primary,ugly_gold,beautiful_trash,ugly_gold,True,True,False,4.3125,-0.3125,4.3125,True,False
E5A_rq3_text_plus_image_qwen_20260730,Qwen/Qwen2.5-VL-7B-Instruct,cc594898137f460bfe9f0759e9844b3ce807cfb5,java,rq3g_java_027__c5,semantic_only_under_ugly,ugly_gold,ugly_trash,ugly_gold,True,True,False,4.5,-0.125,4.5,True,False
E5A_rq3_text_plus_image_qwen_20260730,Qwen/Qwen2.5-VL-7B-Instruct,cc594898137f460bfe9f0759e9844b3ce807cfb5,java,rq3g_java_027__c6,visual_only_trash,beautiful_trash,ugly_trash,beautiful_trash,False,False,False,0.125,-1.25,0.125,True,False
E5A_rq3_text_plus_image_qwen_20260730,Qwen/Qwen2.5-VL-7B-Instruct,cc594898137f460bfe9f0759e9844b3ce807cfb5,java,rq3g_java_028__c1,visual_only_gold,golden,ugly_gold,golden,True,True,False,0.75,0.0,0.75,True,False
E5A_rq3_text_plus_image_qwen_20260730,Qwen/Qwen2.5-VL-7B-Instruct,cc594898137f460bfe9f0759e9844b3ce807cfb5,java,rq3g_java_028__c2,semantic_and_visual_aligned,golden,beautiful_trash,golden,True,True,False,4.25,0.25,4.25,True,False
E5A_rq3_text_plus_image_qwen_20260730,Qwen/Qwen2.5-VL-7B-Instruct,cc594898137f460bfe9f0759e9844b3ce807cfb5,java,rq3g_java_028__c3,semantic_and_visual_aligned,golden,ugly_trash,golden,True,True,False,4.5625,0.4375,4.5625,True,False
E5A_rq3_text_plus_image_qwen_20260730,Qwen/Qwen2.5-VL-7B-Instruct,cc594898137f460bfe9f0759e9844b3ce807cfb5,java,rq3g_java_028__c4,semantic_visual_conflict_primary,ugly_gold,beautiful_trash,ugly_gold,True,True,False,3.5,-0.5,3.5,True,False
E5A_rq3_text_plus_image_qwen_20260730,Qwen/Qwen2.5-VL-7B-Instruct,cc594898137f460bfe9f0759e9844b3ce807cfb5,java,rq3g_java_028__c5,semantic_only_under_ugly,ugly_gold,ugly_trash,ugly_gold,True,True,False,3.8125,0.0625,3.8125,True,False
E5A_rq3_text_plus_image_qwen_20260730,Qwen/Qwen2.5-VL-7B-Instruct,cc594898137f460bfe9f0759e9844b3ce807cfb5,java,rq3g_java_028__c6,visual_only_trash,beautiful_trash,ugly_trash,beautiful_trash,True,True,False,1.125,-1.0,1.125,True,False
E5A_rq3_text_plus_image_qwen_20260730,Qwen/Qwen2.5-VL-7B-Instruct,cc594898137f460bfe9f0759e9844b3ce807cfb5,java,rq3g_java_029__c1,visual_only_gold,golden,ugly_gold,golden,False,False,False,0.125,-0.375,0.125,True,False
E5A_rq3_text_plus_image_qwen_20260730,Qwen/Qwen2.5-VL-7B-Instruct,cc594898137f460bfe9f0759e9844b3ce807cfb5,java,rq3g_java_029__c2,semantic_and_visual_aligned,golden,beautiful_trash,golden,True,True,False,3.875,-0.25,3.875,True,False
E5A_rq3_text_plus_image_qwen_20260730,Qwen/Qwen2.5-VL-7B-Instruct,cc594898137f460bfe9f0759e9844b3ce807cfb5,java,rq3g_java_029__c3,semantic_and_visual_aligned,golden,ugly_trash,golden,True,True,False,3.75,-0.25,3.75,True,False
E5A_rq3_text_plus_image_qwen_20260730,Qwen/Qwen2.5-VL-7B-Instruct,cc594898137f460bfe9f0759e9844b3ce807cfb5,java,rq3g_java_029__c4,semantic_visual_conflict_primary,ugly_gold,beautiful_trash,ugly_gold,True,True,False,3.6875,-0.5625,3.6875,True,False
E5A_rq3_text_plus_image_qwen_20260730,Qwen/Qwen2.5-VL-7B-Instruct,cc594898137f460bfe9f0759e9844b3ce807cfb5,java,rq3g_java_029__c5,semantic_only_under_ugly,ugly_gold,ugly_trash,ugly_gold,True,True,False,3.75,-0.125,3.75,True,False
E5A_rq3_text_plus_image_qwen_20260730,Qwen/Qwen2.5-VL-7B-Instruct,cc594898137f460bfe9f0759e9844b3ce807cfb5,java,rq3g_java_029__c6,visual_only_trash,beautiful_trash,ugly_trash,beautiful_trash,False,False,False,0.25,-1.625,0.25,True,False
E5A_rq3_text_plus_image_qwen_20260730,Qwen/Qwen2.5-VL-7B-Instruct,cc594898137f460bfe9f0759e9844b3ce807cfb5,java,rq3g_java_030__c1,visual_only_gold,golden,ugly_gold,golden,False,False,False,0.875,-1.125,0.875,True,False
E5A_rq3_text_plus_image_qwen_20260730,Qwen/Qwen2.5-VL-7B-Instruct,cc594898137f460bfe9f0759e9844b3ce807cfb5,java,rq3g_java_030__c2,semantic_and_visual_aligned,golden,beautiful_trash,golden,True,True,False,3.6875,-0.8125,3.6875,True,False
E5A_rq3_text_plus_image_qwen_20260730,Qwen/Qwen2.5-VL-7B-Instruct,cc594898137f460bfe9f0759e9844b3ce807cfb5,java,rq3g_java_030__c3,semantic_and_visual_aligned,golden,ugly_trash,golden,True,True,False,3.8125,-0.4375,3.8125,True,False
E5A_rq3_text_plus_image_qwen_20260730,Qwen/Qwen2.5-VL-7B-Instruct,cc594898137f460bfe9f0759e9844b3ce807cfb5,java,rq3g_java_030__c4,semantic_visual_conflict_primary,ugly_gold,beautiful_trash,ugly_gold,True,True,False,3.375,-1.125,3.375,True,False
E5A_rq3_text_plus_image_qwen_20260730,Qwen/Qwen2.5-VL-7B-Instruct,cc594898137f460bfe9f0759e9844b3ce807cfb5,java,rq3g_java_030__c5,semantic_only_under_ugly,ugly_gold,ugly_trash,ugly_gold,True,True,False,3.6875,-1.0625,3.6875,True,False
E5A_rq3_text_plus_image_qwen_20260730,Qwen/Qwen2.5-VL-7B-Instruct,cc594898137f460bfe9f0759e9844b3ce807cfb5,java,rq3g_java_030__c6,visual_only_trash,beautiful_trash,ugly_trash,beautiful_trash,False,False,False,0.5,-0.75,0.5,True,False
E5A_rq3_text_plus_image_qwen_20260730,Qwen/Qwen2.5-VL-7B-Instruct,cc594898137f460bfe9f0759e9844b3ce807cfb5,java,rq3g_java_031__c1,visual_only_gold,golden,ugly_gold,golden,True,True,False,1.125,-0.5,1.125,True,False
E5A_rq3_text_plus_image_qwen_20260730,Qwen/Qwen2.5-VL-7B-Instruct,cc594898137f460bfe9f0759e9844b3ce807cfb5,java,rq3g_java_031__c2,semantic_and_visual_aligned,golden,beautiful_trash,golden,True,True,False,2.4375,-0.4375,2.4375,True,False
E5A_rq3_text_plus_image_qwen_20260730,Qwen/Qwen2.5-VL-7B-Instruct,cc594898137f460bfe9f0759e9844b3ce807cfb5,java,rq3g_java_031__c3,semantic_and_visual_aligned,golden,ugly_trash,golden,True,True,False,2.75,-0.125,2.75,True,False
E5A_rq3_text_plus_image_qwen_20260730,Qwen/Qwen2.5-VL-7B-Instruct,cc594898137f460bfe9f0759e9844b3ce807cfb5,java,rq3g_java_031__c4,semantic_visual_conflict_primary,ugly_gold,beautiful_trash,ugly_gold,True,True,False,1.875,-0.625,1.875,True,False
E5A_rq3_text_plus_image_qwen_20260730,Qwen/Qwen2.5-VL-7B-Instruct,cc594898137f460bfe9f0759e9844b3ce807cfb5,java,rq3g_java_031__c5,semantic_only_under_ugly,ugly_gold,ugly_trash,ugly_gold,True,True,False,2.125,-0.375,2.125,True,False
E5A_rq3_text_plus_image_qwen_20260730,Qwen/Qwen2.5-VL-7B-Instruct,cc594898137f460bfe9f0759e9844b3ce807cfb5,java,rq3g_java_031__c6,visual_only_trash,beautiful_trash,ugly_trash,beautiful_trash,False,False,False,0.6875,-0.9375,0.6875,True,False
E5A_rq3_text_plus_image_qwen_20260730,Qwen/Qwen2.5-VL-7B-Instruct,cc594898137f460bfe9f0759e9844b3ce807cfb5,java,rq3g_java_032__c1,visual_only_gold,golden,ugly_gold,golden,False,False,False,0.75,-1.0,0.75,True,False
E5A_rq3_text_plus_image_qwen_20260730,Qwen/Qwen2.5-VL-7B-Instruct,cc594898137f460bfe9f0759e9844b3ce807cfb5,java,rq3g_java_032__c2,semantic_and_visual_aligned,golden,beautiful_trash,golden,True,True,False,4.3125,-0.0625,4.3125,True,False
E5A_rq3_text_plus_image_qwen_20260730,Qwen/Qwen2.5-VL-7B-Instruct,cc594898137f460bfe9f0759e9844b3ce807cfb5,java,rq3g_java_032__c3,semantic_and_visual_aligned,golden,ugly_trash,golden,True,True,False,4.375,0.0,4.375,True,False
E5A_rq3_text_plus_image_qwen_20260730,Qwen/Qwen2.5-VL-7B-Instruct,cc594898137f460bfe9f0759e9844b3ce807cfb5,java,rq3g_java_032__c4,semantic_visual_conflict_primary,ugly_gold,beautiful_trash,ugly_gold,True,True,False,3.5,-0.75,3.5,True,False
E5A_rq3_text_plus_image_qwen_20260730,Qwen/Qwen2.5-VL-7B-Instruct,cc594898137f460bfe9f0759e9844b3ce807cfb5,java,rq3g_java_032__c5,semantic_only_under_ugly,ugly_gold,ugly_trash,ugly_gold,True,True,False,3.4375,-0.8125,3.4375,True,False
E5A_rq3_text_plus_image_qwen_20260730,Qwen/Qwen2.5-VL-7B-Instruct,cc594898137f460bfe9f0759e9844b3ce807cfb5,java,rq3g_java_032__c6,visual_only_trash,beautiful_trash,ugly_trash,beautiful_trash,False,False,False,0.5,-1.0,0.5,True,False
E5A_rq3_text_plus_image_qwen_20260730,Qwen/Qwen2.5-VL-7B-Instruct,cc594898137f460bfe9f0759e9844b3ce807cfb5,java,rq3g_java_033__c1,visual_only_gold,golden,ugly_gold,golden,True,True,False,0.875,-0.375,0.875,True,False
E5A_rq3_text_plus_image_qwen_20260730,Qwen/Qwen2.5-VL-7B-Instruct,cc594898137f460bfe9f0759e9844b3ce807cfb5,java,rq3g_java_033__c2,semantic_and_visual_aligned,golden,beautiful_trash,golden,True,True,False,4.1875,-0.3125,4.1875,True,False
E5A_rq3_text_plus_image_qwen_20260730,Qwen/Qwen2.5-VL-7B-Instruct,cc594898137f460bfe9f0759e9844b3ce807cfb5,java,rq3g_java_033__c3,semantic_and_visual_aligned,golden,ugly_trash,golden,True,True,False,4.125,0.125,4.125,True,False
E5A_rq3_text_plus_image_qwen_20260730,Qwen/Qwen2.5-VL-7B-Instruct,cc594898137f460bfe9f0759e9844b3ce807cfb5,java,rq3g_java_033__c4,semantic_visual_conflict_primary,ugly_gold,beautiful_trash,ugly_gold,True,True,False,4.1875,-0.4375,4.1875,True,False
E5A_rq3_text_plus_image_qwen_20260730,Qwen/Qwen2.5-VL-7B-Instruct,cc594898137f460bfe9f0759e9844b3ce807cfb5,java,rq3g_java_033__c5,semantic_only_under_ugly,ugly_gold,ugly_trash,ugly_gold,True,True,False,4.5625,-0.5625,4.5625,True,False
E5A_rq3_text_plus_image_qwen_20260730,Qwen/Qwen2.5-VL-7B-Instruct,cc594898137f460bfe9f0759e9844b3ce807cfb5,java,rq3g_java_033__c6,visual_only_trash,beautiful_trash,ugly_trash,beautiful_trash,False,False,False,0.3125,-1.9375,0.3125,True,False
E5A_rq3_text_plus_image_qwen_20260730,Qwen/Qwen2.5-VL-7B-Instruct,cc594898137f460bfe9f0759e9844b3ce807cfb5,java,rq3g_java_034__c1,visual_only_gold,golden,ugly_gold,golden,True,True,False,0.5,-0.25,0.5,True,False
E5A_rq3_text_plus_image_qwen_20260730,Qwen/Qwen2.5-VL-7B-Instruct,cc594898137f460bfe9f0759e9844b3ce807cfb5,java,rq3g_java_034__c2,semantic_and_visual_aligned,golden,beautiful_trash,golden,True,True,False,3.1875,-0.0625,3.1875,True,False
E5A_rq3_text_plus_image_qwen_20260730,Qwen/Qwen2.5-VL-7B-Instruct,cc594898137f460bfe9f0759e9844b3ce807cfb5,java,rq3g_java_034__c3,semantic_and_visual_aligned,golden,ugly_trash,golden,True,True,False,3.375,-0.125,3.375,True,False
E5A_rq3_text_plus_image_qwen_20260730,Qwen/Qwen2.5-VL-7B-Instruct,cc594898137f460bfe9f0759e9844b3ce807cfb5,java,rq3g_java_034__c4,semantic_visual_conflict_primary,ugly_gold,beautiful_trash,ugly_gold,True,True,False,3.25,-0.25,3.25,True,False
E5A_rq3_text_plus_image_qwen_20260730,Qwen/Qwen2.5-VL-7B-Instruct,cc594898137f460bfe9f0759e9844b3ce807cfb5,java,rq3g_java_034__c5,semantic_only_under_ugly,ugly_gold,ugly_trash,ugly_gold,True,True,False,3.375,-0.25,3.375,True,False
E5A_rq3_text_plus_image_qwen_20260730,Qwen/Qwen2.5-VL-7B-Instruct,cc594898137f460bfe9f0759e9844b3ce807cfb5,java,rq3g_java_034__c6,visual_only_trash,beautiful_trash,ugly_trash,beautiful_trash,False,False,False,0.375,-1.125,0.375,True,False
E5A_rq3_text_plus_image_qwen_20260730,Qwen/Qwen2.5-VL-7B-Instruct,cc594898137f460bfe9f0759e9844b3ce807cfb5,java,rq3g_java_035__c1,visual_only_gold,golden,ugly_gold,golden,True,True,False,0.9375,0.3125,0.9375,True,False
E5A_rq3_text_plus_image_qwen_20260730,Qwen/Qwen2.5-VL-7B-Instruct,cc594898137f460bfe9f0759e9844b3ce807cfb5,java,rq3g_java_035__c2,semantic_and_visual_aligned,golden,beautiful_trash,golden,True,True,False,3.75,0.375,3.75,True,False
E5A_rq3_text_plus_image_qwen_20260730,Qwen/Qwen2.5-VL-7B-Instruct,cc594898137f460bfe9f0759e9844b3ce807cfb5,java,rq3g_java_035__c3,semantic_and_visual_aligned,golden,ugly_trash,golden,True,True,False,3.6875,0.5625,3.6875,True,False
E5A_rq3_text_plus_image_qwen_20260730,Qwen/Qwen2.5-VL-7B-Instruct,cc594898137f460bfe9f0759e9844b3ce807cfb5,java,rq3g_java_035__c4,semantic_visual_conflict_primary,ugly_gold,beautiful_trash,ugly_gold,True,True,False,2.875,0.0,2.875,True,False
E5A_rq3_text_plus_image_qwen_20260730,Qwen/Qwen2.5-VL-7B-Instruct,cc594898137f460bfe9f0759e9844b3ce807cfb5,java,rq3g_java_035__c5,semantic_only_under_ugly,ugly_gold,ugly_trash,ugly_gold,True,True,False,3.5,0.125,3.5,True,False
E5A_rq3_text_plus_image_qwen_20260730,Qwen/Qwen2.5-VL-7B-Instruct,cc594898137f460bfe9f0759e9844b3ce807cfb5,java,rq3g_java_035__c6,visual_only_trash,beautiful_trash,ugly_trash,beautiful_trash,False,False,False,0.375,-1.5,0.375,True,False
E5A_rq3_text_plus_image_qwen_20260730,Qwen/Qwen2.5-VL-7B-Instruct,cc594898137f460bfe9f0759e9844b3ce807cfb5,java,rq3g_java_036__c1,visual_only_gold,golden,ugly_gold,golden,True,True,False,0.3125,0.0625,0.3125,True,False
E5A_rq3_text_plus_image_qwen_20260730,Qwen/Qwen2.5-VL-7B-Instruct,cc594898137f460bfe9f0759e9844b3ce807cfb5,java,rq3g_java_036__c2,semantic_and_visual_aligned,golden,beautiful_trash,golden,True,True,False,3.625,0.125,3.625,True,False
E5A_rq3_text_plus_image_qwen_20260730,Qwen/Qwen2.5-VL-7B-Instruct,cc594898137f460bfe9f0759e9844b3ce807cfb5,java,rq3g_java_036__c3,semantic_and_visual_aligned,golden,ugly_trash,golden,True,True,False,3.875,0.5,3.875,True,False
E5A_rq3_text_plus_image_qwen_20260730,Qwen/Qwen2.5-VL-7B-Instruct,cc594898137f460bfe9f0759e9844b3ce807cfb5,java,rq3g_java_036__c4,semantic_visual_conflict_primary,ugly_gold,beautiful_trash,ugly_gold,True,True,False,3.3125,-0.6875,3.3125,True,False
E5A_rq3_text_plus_image_qwen_20260730,Qwen/Qwen2.5-VL-7B-Instruct,cc594898137f460bfe9f0759e9844b3ce807cfb5,java,rq3g_java_036__c5,semantic_only_under_ugly,ugly_gold,ugly_trash,ugly_gold,True,True,False,3.5,-0.5,3.5,True,False
E5A_rq3_text_plus_image_qwen_20260730,Qwen/Qwen2.5-VL-7B-Instruct,cc594898137f460bfe9f0759e9844b3ce807cfb5,java,rq3g_java_036__c6,visual_only_trash,beautiful_trash,ugly_trash,beautiful_trash,False,False,False,0.375,-1.375,0.375,True,False
E5A_rq3_text_plus_image_qwen_20260730,Qwen/Qwen2.5-VL-7B-Instruct,cc594898137f460bfe9f0759e9844b3ce807cfb5,java,rq3g_java_037__c1,visual_only_gold,golden,ugly_gold,golden,False,False,False,0.375,-1.0,0.375,True,False
E5A_rq3_text_plus_image_qwen_20260730,Qwen/Qwen2.5-VL-7B-Instruct,cc594898137f460bfe9f0759e9844b3ce807cfb5,java,rq3g_java_037__c2,semantic_and_visual_aligned,golden,beautiful_trash,golden,True,True,False,3.125,-0.875,3.125,True,False
E5A_rq3_text_plus_image_qwen_20260730,Qwen/Qwen2.5-VL-7B-Instruct,cc594898137f460bfe9f0759e9844b3ce807cfb5,java,rq3g_java_037__c3,semantic_and_visual_aligned,golden,ugly_trash,golden,True,True,False,3.6875,-0.6875,3.6875,True,False
E5A_rq3_text_plus_image_qwen_20260730,Qwen/Qwen2.5-VL-7B-Instruct,cc594898137f460bfe9f0759e9844b3ce807cfb5,java,rq3g_java_037__c4,semantic_visual_conflict_primary,ugly_gold,beautiful_trash,ugly_gold,True,True,False,2.9375,-1.4375,2.9375,True,False
E5A_rq3_text_plus_image_qwen_20260730,Qwen/Qwen2.5-VL-7B-Instruct,cc594898137f460bfe9f0759e9844b3ce807cfb5,java,rq3g_java_037__c5,semantic_only_under_ugly,ugly_gold,ugly_trash,ugly_gold,True,True,False,2.9375,-1.4375,2.9375,True,False
E5A_rq3_text_plus_image_qwen_20260730,Qwen/Qwen2.5-VL-7B-Instruct,cc594898137f460bfe9f0759e9844b3ce807cfb5,java,rq3g_java_037__c6,visual_only_trash,beautiful_trash,ugly_trash,beautiful_trash,False,False,False,0.625,-1.375,0.625,True,False
E5A_rq3_text_plus_image_qwen_20260730,Qwen/Qwen2.5-VL-7B-Instruct,cc594898137f460bfe9f0759e9844b3ce807cfb5,java,rq3g_java_038__c1,visual_only_gold,golden,ugly_gold,golden,True,True,False,0.5,-0.25,0.5,True,False
E5A_rq3_text_plus_image_qwen_20260730,Qwen/Qwen2.5-VL-7B-Instruct,cc594898137f460bfe9f0759e9844b3ce807cfb5,java,rq3g_java_038__c2,semantic_and_visual_aligned,golden,beautiful_trash,golden,True,True,False,4.3125,-0.1875,4.3125,True,False
E5A_rq3_text_plus_image_qwen_20260730,Qwen/Qwen2.5-VL-7B-Instruct,cc594898137f460bfe9f0759e9844b3ce807cfb5,java,rq3g_java_038__c3,semantic_and_visual_aligned,golden,ugly_trash,golden,True,True,False,4.4375,0.3125,4.4375,True,False
E5A_rq3_text_plus_image_qwen_20260730,Qwen/Qwen2.5-VL-7B-Instruct,cc594898137f460bfe9f0759e9844b3ce807cfb5,java,rq3g_java_038__c4,semantic_visual_conflict_primary,ugly_gold,beautiful_trash,ugly_gold,True,True,False,3.9375,-0.4375,3.9375,True,False
E5A_rq3_text_plus_image_qwen_20260730,Qwen/Qwen2.5-VL-7B-Instruct,cc594898137f460bfe9f0759e9844b3ce807cfb5,java,rq3g_java_038__c5,semantic_only_under_ugly,ugly_gold,ugly_trash,ugly_gold,True,True,False,4.0,0.0,4.0,True,False
E5A_rq3_text_plus_image_qwen_20260730,Qwen/Qwen2.5-VL-7B-Instruct,cc594898137f460bfe9f0759e9844b3ce807cfb5,java,rq3g_java_038__c6,visual_only_trash,beautiful_trash,ugly_trash,beautiful_trash,False,False,False,0.25,-1.125,0.25,True,False
E5A_rq3_text_plus_image_qwen_20260730,Qwen/Qwen2.5-VL-7B-Instruct,cc594898137f460bfe9f0759e9844b3ce807cfb5,java,rq3g_java_039__c1,visual_only_gold,golden,ugly_gold,golden,True,True,False,0.8125,-0.6875,0.8125,True,False
E5A_rq3_text_plus_image_qwen_20260730,Qwen/Qwen2.5-VL-7B-Instruct,cc594898137f460bfe9f0759e9844b3ce807cfb5,java,rq3g_java_039__c2,semantic_and_visual_aligned,golden,beautiful_trash,golden,True,True,False,4.125,-0.25,4.125,True,False
E5A_rq3_text_plus_image_qwen_20260730,Qwen/Qwen2.5-VL-7B-Instruct,cc594898137f460bfe9f0759e9844b3ce807cfb5,java,rq3g_java_039__c3,semantic_and_visual_aligned,golden,ugly_trash,golden,True,True,False,4.125,0.125,4.125,True,False
E5A_rq3_text_plus_image_qwen_20260730,Qwen/Qwen2.5-VL-7B-Instruct,cc594898137f460bfe9f0759e9844b3ce807cfb5,java,rq3g_java_039__c4,semantic_visual_conflict_primary,ugly_gold,beautiful_trash,ugly_gold,True,True,False,3.875,-0.5,3.875,True,False
E5A_rq3_text_plus_image_qwen_20260730,Qwen/Qwen2.5-VL-7B-Instruct,cc594898137f460bfe9f0759e9844b3ce807cfb5,java,rq3g_java_039__c5,semantic_only_under_ugly,ugly_gold,ugly_trash,ugly_gold,True,True,False,3.5625,-0.3125,3.5625,True,False
E5A_rq3_text_plus_image_qwen_20260730,Qwen/Qwen2.5-VL-7B-Instruct,cc594898137f460bfe9f0759e9844b3ce807cfb5,java,rq3g_java_039__c6,visual_only_trash,beautiful_trash,ugly_trash,beautiful_trash,False,False,False,0.375,-1.25,0.375,True,False
E5A_rq3_text_plus_image_qwen_20260730,Qwen/Qwen2.5-VL-7B-Instruct,cc594898137f460bfe9f0759e9844b3ce807cfb5,java,rq3g_java_040__c1,visual_only_gold,golden,ugly_gold,golden,False,False,False,0.625,-1.125,0.625,True,False
E5A_rq3_text_plus_image_qwen_20260730,Qwen/Qwen2.5-VL-7B-Instruct,cc594898137f460bfe9f0759e9844b3ce807cfb5,java,rq3g_java_040__c2,semantic_and_visual_aligned,golden,beautiful_trash,golden,True,True,False,4.0,-0.125,4.0,True,False
E5A_rq3_text_plus_image_qwen_20260730,Qwen/Qwen2.5-VL-7B-Instruct,cc594898137f460bfe9f0759e9844b3ce807cfb5,java,rq3g_java_040__c3,semantic_and_visual_aligned,golden,ugly_trash,golden,True,True,False,3.875,-0.25,3.875,True,False
E5A_rq3_text_plus_image_qwen_20260730,Qwen/Qwen2.5-VL-7B-Instruct,cc594898137f460bfe9f0759e9844b3ce807cfb5,java,rq3g_java_040__c4,semantic_visual_conflict_primary,ugly_gold,beautiful_trash,ugly_gold,True,True,False,3.6875,-0.4375,3.6875,True,False
E5A_rq3_text_plus_image_qwen_20260730,Qwen/Qwen2.5-VL-7B-Instruct,cc594898137f460bfe9f0759e9844b3ce807cfb5,java,rq3g_java_040__c5,semantic_only_under_ugly,ugly_gold,ugly_trash,ugly_gold,True,True,False,3.6875,-0.3125,3.6875,True,False
E5A_rq3_text_plus_image_qwen_20260730,Qwen/Qwen2.5-VL-7B-Instruct,cc594898137f460bfe9f0759e9844b3ce807cfb5,java,rq3g_java_040__c6,visual_only_trash,beautiful_trash,ugly_trash,beautiful_trash,False,False,False,0.375,-1.375,0.375,True,False
E5A_rq3_text_plus_image_qwen_20260730,Qwen/Qwen2.5-VL-7B-Instruct,cc594898137f460bfe9f0759e9844b3ce807cfb5,java,rq3g_java_041__c1,visual_only_gold,golden,ugly_gold,golden,True,True,False,0.6875,-0.6875,0.6875,True,False
E5A_rq3_text_plus_image_qwen_20260730,Qwen/Qwen2.5-VL-7B-Instruct,cc594898137f460bfe9f0759e9844b3ce807cfb5,java,rq3g_java_041__c2,semantic_and_visual_aligned,golden,beautiful_trash,golden,True,True,False,2.5,-0.625,2.5,True,False
E5A_rq3_text_plus_image_qwen_20260730,Qwen/Qwen2.5-VL-7B-Instruct,cc594898137f460bfe9f0759e9844b3ce807cfb5,java,rq3g_java_041__c3,semantic_and_visual_aligned,golden,ugly_trash,golden,True,True,False,2.75,-0.625,2.75,True,False
E5A_rq3_text_plus_image_qwen_20260730,Qwen/Qwen2.5-VL-7B-Instruct,cc594898137f460bfe9f0759e9844b3ce807cfb5,java,rq3g_java_041__c4,semantic_visual_conflict_primary,ugly_gold,beautiful_trash,ugly_gold,True,True,False,2.3125,-0.9375,2.3125,True,False
E5A_rq3_text_plus_image_qwen_20260730,Qwen/Qwen2.5-VL-7B-Instruct,cc594898137f460bfe9f0759e9844b3ce807cfb5,java,rq3g_java_041__c5,semantic_only_under_ugly,ugly_gold,ugly_trash,ugly_gold,True,True,False,1.875,-0.75,1.875,True,False
E5A_rq3_text_plus_image_qwen_20260730,Qwen/Qwen2.5-VL-7B-Instruct,cc594898137f460bfe9f0759e9844b3ce807cfb5,java,rq3g_java_041__c6,visual_only_trash,beautiful_trash,ugly_trash,beautiful_trash,False,False,False,0.3125,-0.8125,0.3125,True,False
E5A_rq3_text_plus_image_qwen_20260730,Qwen/Qwen2.5-VL-7B-Instruct,cc594898137f460bfe9f0759e9844b3ce807cfb5,java,rq3g_java_042__c1,visual_only_gold,golden,ugly_gold,golden,False,False,False,1.0,-1.25,1.0,True,False
E5A_rq3_text_plus_image_qwen_20260730,Qwen/Qwen2.5-VL-7B-Instruct,cc594898137f460bfe9f0759e9844b3ce807cfb5,java,rq3g_java_042__c2,semantic_and_visual_aligned,golden,beautiful_trash,golden,True,True,False,3.375,-0.875,3.375,True,False
E5A_rq3_text_plus_image_qwen_20260730,Qwen/Qwen2.5-VL-7B-Instruct,cc594898137f460bfe9f0759e9844b3ce807cfb5,java,rq3g_java_042__c3,semantic_and_visual_aligned,golden,ugly_trash,golden,True,True,False,3.4375,-0.5625,3.4375,True,False
E5A_rq3_text_plus_image_qwen_20260730,Qwen/Qwen2.5-VL-7B-Instruct,cc594898137f460bfe9f0759e9844b3ce807cfb5,java,rq3g_java_042__c4,semantic_visual_conflict_primary,ugly_gold,beautiful_trash,ugly_gold,True,True,False,3.1875,-0.8125,3.1875,True,False
E5A_rq3_text_plus_image_qwen_20260730,Qwen/Qwen2.5-VL-7B-Instruct,cc594898137f460bfe9f0759e9844b3ce807cfb5,java,rq3g_java_042__c5,semantic_only_under_ugly,ugly_gold,ugly_trash,ugly_gold,True,True,False,2.875,-1.0,2.875,True,False
E5A_rq3_text_plus_image_qwen_20260730,Qwen/Qwen2.5-VL-7B-Instruct,cc594898137f460bfe9f0759e9844b3ce807cfb5,java,rq3g_java_042__c6,visual_only_trash,beautiful_trash,ugly_trash,beautiful_trash,False,False,False,0.4375,-0.6875,0.4375,True,False
E5A_rq3_text_plus_image_qwen_20260730,Qwen/Qwen2.5-VL-7B-Instruct,cc594898137f460bfe9f0759e9844b3ce807cfb5,java,rq3g_java_043__c1,visual_only_gold,golden,ugly_gold,golden,False,False,False,0.125,-0.375,0.125,True,False
E5A_rq3_text_plus_image_qwen_20260730,Qwen/Qwen2.5-VL-7B-Instruct,cc594898137f460bfe9f0759e9844b3ce807cfb5,java,rq3g_java_043__c2,semantic_and_visual_aligned,golden,beautiful_trash,golden,True,True,False,4.125,-0.75,4.125,True,False
E5A_rq3_text_plus_image_qwen_20260730,Qwen/Qwen2.5-VL-7B-Instruct,cc594898137f460bfe9f0759e9844b3ce807cfb5,java,rq3g_java_043__c3,semantic_and_visual_aligned,golden,ugly_trash,golden,True,True,False,3.8125,-0.3125,3.8125,True,False
E5A_rq3_text_plus_image_qwen_20260730,Qwen/Qwen2.5-VL-7B-Instruct,cc594898137f460bfe9f0759e9844b3ce807cfb5,java,rq3g_java_043__c4,semantic_visual_conflict_primary,ugly_gold,beautiful_trash,ugly_gold,True,True,False,3.75,-0.625,3.75,True,False
E5A_rq3_text_plus_image_qwen_20260730,Qwen/Qwen2.5-VL-7B-Instruct,cc594898137f460bfe9f0759e9844b3ce807cfb5,java,rq3g_java_043__c5,semantic_only_under_ugly,ugly_gold,ugly_trash,ugly_gold,True,True,False,3.375,-0.75,3.375,True,False
E5A_rq3_text_plus_image_qwen_20260730,Qwen/Qwen2.5-VL-7B-Instruct,cc594898137f460bfe9f0759e9844b3ce807cfb5,java,rq3g_java_043__c6,visual_only_trash,beautiful_trash,ugly_trash,beautiful_trash,False,False,False,0.1875,-1.3125,0.1875,True,False
E5A_rq3_text_plus_image_qwen_20260730,Qwen/Qwen2.5-VL-7B-Instruct,cc594898137f460bfe9f0759e9844b3ce807cfb5,java,rq3g_java_044__c1,visual_only_gold,golden,ugly_gold,golden,True,True,False,0.8125,0.3125,0.8125,True,False
E5A_rq3_text_plus_image_qwen_20260730,Qwen/Qwen2.5-VL-7B-Instruct,cc594898137f460bfe9f0759e9844b3ce807cfb5,java,rq3g_java_044__c2,semantic_and_visual_aligned,golden,beautiful_trash,golden,True,True,False,3.5625,0.5625,3.5625,True,False
E5A_rq3_text_plus_image_qwen_20260730,Qwen/Qwen2.5-VL-7B-Instruct,cc594898137f460bfe9f0759e9844b3ce807cfb5,java,rq3g_java_044__c3,semantic_and_visual_aligned,golden,ugly_trash,golden,True,True,False,4.1875,0.6875,4.1875,True,False
E5A_rq3_text_plus_image_qwen_20260730,Qwen/Qwen2.5-VL-7B-Instruct,cc594898137f460bfe9f0759e9844b3ce807cfb5,java,rq3g_java_044__c4,semantic_visual_conflict_primary,ugly_gold,beautiful_trash,ugly_gold,True,True,False,3.1875,-0.0625,3.1875,True,False
E5A_rq3_text_plus_image_qwen_20260730,Qwen/Qwen2.5-VL-7B-Instruct,cc594898137f460bfe9f0759e9844b3ce807cfb5,java,rq3g_java_044__c5,semantic_only_under_ugly,ugly_gold,ugly_trash,ugly_gold,True,True,False,3.0625,0.4375,3.0625,True,False
E5A_rq3_text_plus_image_qwen_20260730,Qwen/Qwen2.5-VL-7B-Instruct,cc594898137f460bfe9f0759e9844b3ce807cfb5,java,rq3g_java_044__c6,visual_only_trash,beautiful_trash,ugly_trash,beautiful_trash,False,False,False,0.6875,-0.8125,0.6875,True,False
E5A_rq3_text_plus_image_qwen_20260730,Qwen/Qwen2.5-VL-7B-Instruct,cc594898137f460bfe9f0759e9844b3ce807cfb5,java,rq3g_java_045__c1,visual_only_gold,golden,ugly_gold,golden,True,True,False,1.125,-1.0,1.125,True,False
E5A_rq3_text_plus_image_qwen_20260730,Qwen/Qwen2.5-VL-7B-Instruct,cc594898137f460bfe9f0759e9844b3ce807cfb5,java,rq3g_java_045__c2,semantic_and_visual_aligned,golden,beautiful_trash,golden,True,True,False,3.9375,-0.3125,3.9375,True,False
E5A_rq3_text_plus_image_qwen_20260730,Qwen/Qwen2.5-VL-7B-Instruct,cc594898137f460bfe9f0759e9844b3ce807cfb5,java,rq3g_java_045__c3,semantic_and_visual_aligned,golden,ugly_trash,golden,True,True,False,4.0625,-0.4375,4.0625,True,False
E5A_rq3_text_plus_image_qwen_20260730,Qwen/Qwen2.5-VL-7B-Instruct,cc594898137f460bfe9f0759e9844b3ce807cfb5,java,rq3g_java_045__c4,semantic_visual_conflict_primary,ugly_gold,beautiful_trash,ugly_gold,True,True,False,2.875,-0.625,2.875,True,False
E5A_rq3_text_plus_image_qwen_20260730,Qwen/Qwen2.5-VL-7B-Instruct,cc594898137f460bfe9f0759e9844b3ce807cfb5,java,rq3g_java_045__c5,semantic_only_under_ugly,ugly_gold,ugly_trash,ugly_gold,True,True,False,3.0625,-0.9375,3.0625,True,False
E5A_rq3_text_plus_image_qwen_20260730,Qwen/Qwen2.5-VL-7B-Instruct,cc594898137f460bfe9f0759e9844b3ce807cfb5,java,rq3g_java_045__c6,visual_only_trash,beautiful_trash,ugly_trash,beautiful_trash,False,False,False,0.1875,-1.3125,0.1875,True,False
E5A_rq3_text_plus_image_qwen_20260730,Qwen/Qwen2.5-VL-7B-Instruct,cc594898137f460bfe9f0759e9844b3ce807cfb5,java,rq3g_java_046__c1,visual_only_gold,golden,ugly_gold,golden,True,True,False,1.0625,-0.5625,1.0625,True,False
E5A_rq3_text_plus_image_qwen_20260730,Qwen/Qwen2.5-VL-7B-Instruct,cc594898137f460bfe9f0759e9844b3ce807cfb5,java,rq3g_java_046__c2,semantic_and_visual_aligned,golden,beautiful_trash,golden,True,True,False,4.4375,-0.4375,4.4375,True,False
E5A_rq3_text_plus_image_qwen_20260730,Qwen/Qwen2.5-VL-7B-Instruct,cc594898137f460bfe9f0759e9844b3ce807cfb5,java,rq3g_java_046__c3,semantic_and_visual_aligned,golden,ugly_trash,golden,True,True,False,4.125,-0.5,4.125,True,False
E5A_rq3_text_plus_image_qwen_20260730,Qwen/Qwen2.5-VL-7B-Instruct,cc594898137f460bfe9f0759e9844b3ce807cfb5,java,rq3g_java_046__c4,semantic_visual_conflict_primary,ugly_gold,beautiful_trash,ugly_gold,True,True,False,4.0625,-0.6875,4.0625,True,False
E5A_rq3_text_plus_image_qwen_20260730,Qwen/Qwen2.5-VL-7B-Instruct,cc594898137f460bfe9f0759e9844b3ce807cfb5,java,rq3g_java_046__c5,semantic_only_under_ugly,ugly_gold,ugly_trash,ugly_gold,True,True,False,3.6875,-0.4375,3.6875,True,False
E5A_rq3_text_plus_image_qwen_20260730,Qwen/Qwen2.5-VL-7B-Instruct,cc594898137f460bfe9f0759e9844b3ce807cfb5,java,rq3g_java_046__c6,visual_only_trash,beautiful_trash,ugly_trash,beautiful_trash,False,False,False,0.6875,-1.5625,0.6875,True,False
E5A_rq3_text_plus_image_qwen_20260730,Qwen/Qwen2.5-VL-7B-Instruct,cc594898137f460bfe9f0759e9844b3ce807cfb5,java,rq3g_java_047__c1,visual_only_gold,golden,ugly_gold,golden,True,True,False,0.5,0.0,0.5,True,False
E5A_rq3_text_plus_image_qwen_20260730,Qwen/Qwen2.5-VL-7B-Instruct,cc594898137f460bfe9f0759e9844b3ce807cfb5,java,rq3g_java_047__c2,semantic_and_visual_aligned,golden,beautiful_trash,golden,True,True,False,4.0625,0.0625,4.0625,True,False
E5A_rq3_text_plus_image_qwen_20260730,Qwen/Qwen2.5-VL-7B-Instruct,cc594898137f460bfe9f0759e9844b3ce807cfb5,java,rq3g_java_047__c3,semantic_and_visual_aligned,golden,ugly_trash,golden,True,True,False,4.0625,-0.1875,4.0625,True,False
E5A_rq3_text_plus_image_qwen_20260730,Qwen/Qwen2.5-VL-7B-Instruct,cc594898137f460bfe9f0759e9844b3ce807cfb5,java,rq3g_java_047__c4,semantic_visual_conflict_primary,ugly_gold,beautiful_trash,ugly_gold,True,True,False,3.4375,-0.5625,3.4375,True,False
E5A_rq3_text_plus_image_qwen_20260730,Qwen/Qwen2.5-VL-7B-Instruct,cc594898137f460bfe9f0759e9844b3ce807cfb5,java,rq3g_java_047__c5,semantic_only_under_ugly,ugly_gold,ugly_trash,ugly_gold,True,True,False,3.625,-0.25,3.625,True,False
E5A_rq3_text_plus_image_qwen_20260730,Qwen/Qwen2.5-VL-7B-Instruct,cc594898137f460bfe9f0759e9844b3ce807cfb5,java,rq3g_java_047__c6,visual_only_trash,beautiful_trash,ugly_trash,beautiful_trash,False,False,False,0.6875,-1.1875,0.6875,True,False
E5A_rq3_text_plus_image_qwen_20260730,Qwen/Qwen2.5-VL-7B-Instruct,cc594898137f460bfe9f0759e9844b3ce807cfb5,java,rq3g_java_048__c1,visual_only_gold,golden,ugly_gold,golden,True,True,False,1.0625,0.3125,1.0625,True,False
E5A_rq3_text_plus_image_qwen_20260730,Qwen/Qwen2.5-VL-7B-Instruct,cc594898137f460bfe9f0759e9844b3ce807cfb5,java,rq3g_java_048__c2,semantic_and_visual_aligned,golden,beautiful_trash,golden,True,True,False,3.5,-0.25,3.5,True,False
E5A_rq3_text_plus_image_qwen_20260730,Qwen/Qwen2.5-VL-7B-Instruct,cc594898137f460bfe9f0759e9844b3ce807cfb5,java,rq3g_java_048__c3,semantic_and_visual_aligned,golden,ugly_trash,golden,True,True,False,4.0,0.0,4.0,True,False
E5A_rq3_text_plus_image_qwen_20260730,Qwen/Qwen2.5-VL-7B-Instruct,cc594898137f460bfe9f0759e9844b3ce807cfb5,java,rq3g_java_048__c4,semantic_visual_conflict_primary,ugly_gold,beautiful_trash,ugly_gold,True,True,False,3.1875,-0.3125,3.1875,True,False
E5A_rq3_text_plus_image_qwen_20260730,Qwen/Qwen2.5-VL-7B-Instruct,cc594898137f460bfe9f0759e9844b3ce807cfb5,java,rq3g_java_048__c5,semantic_only_under_ugly,ugly_gold,ugly_trash,ugly_gold,True,True,False,3.3125,-0.3125,3.3125,True,False
E5A_rq3_text_plus_image_qwen_20260730,Qwen/Qwen2.5-VL-7B-Instruct,cc594898137f460bfe9f0759e9844b3ce807cfb5,java,rq3g_java_048__c6,visual_only_trash,beautiful_trash,ugly_trash,beautiful_trash,False,False,False,0.8125,-1.3125,0.8125,True,False
E5A_rq3_text_plus_image_qwen_20260730,Qwen/Qwen2.5-VL-7B-Instruct,cc594898137f460bfe9f0759e9844b3ce807cfb5,java,rq3g_java_049__c1,visual_only_gold,golden,ugly_gold,golden,True,True,False,0.8125,0.1875,0.8125,True,False
E5A_rq3_text_plus_image_qwen_20260730,Qwen/Qwen2.5-VL-7B-Instruct,cc594898137f460bfe9f0759e9844b3ce807cfb5,java,rq3g_java_049__c2,semantic_and_visual_aligned,golden,beautiful_trash,golden,True,True,False,3.75,-0.375,3.75,True,False
E5A_rq3_text_plus_image_qwen_20260730,Qwen/Qwen2.5-VL-7B-Instruct,cc594898137f460bfe9f0759e9844b3ce807cfb5,java,rq3g_java_049__c3,semantic_and_visual_aligned,golden,ugly_trash,golden,True,True,False,4.5,0.25,4.5,True,False
E5A_rq3_text_plus_image_qwen_20260730,Qwen/Qwen2.5-VL-7B-Instruct,cc594898137f460bfe9f0759e9844b3ce807cfb5,java,rq3g_java_049__c4,semantic_visual_conflict_primary,ugly_gold,beautiful_trash,ugly_gold,True,True,False,3.0625,-0.1875,3.0625,True,False
E5A_rq3_text_plus_image_qwen_20260730,Qwen/Qwen2.5-VL-7B-Instruct,cc594898137f460bfe9f0759e9844b3ce807cfb5,java,rq3g_java_049__c5,semantic_only_under_ugly,ugly_gold,ugly_trash,ugly_gold,True,True,False,3.5,0.0,3.5,True,False
E5A_rq3_text_plus_image_qwen_20260730,Qwen/Qwen2.5-VL-7B-Instruct,cc594898137f460bfe9f0759e9844b3ce807cfb5,java,rq3g_java_049__c6,visual_only_trash,beautiful_trash,ugly_trash,beautiful_trash,True,True,False,1.1875,-0.4375,1.1875,True,False
E5A_rq3_text_plus_image_qwen_20260730,Qwen/Qwen2.5-VL-7B-Instruct,cc594898137f460bfe9f0759e9844b3ce807cfb5,java,rq3g_java_050__c1,visual_only_gold,golden,ugly_gold,golden,False,False,False,-0.0625,-1.0625,-0.0625,False,False
E5A_rq3_text_plus_image_qwen_20260730,Qwen/Qwen2.5-VL-7B-Instruct,cc594898137f460bfe9f0759e9844b3ce807cfb5,java,rq3g_java_050__c2,semantic_and_visual_aligned,golden,beautiful_trash,golden,True,True,False,2.875,-0.75,2.875,True,False
E5A_rq3_text_plus_image_qwen_20260730,Qwen/Qwen2.5-VL-7B-Instruct,cc594898137f460bfe9f0759e9844b3ce807cfb5,java,rq3g_java_050__c3,semantic_and_visual_aligned,golden,ugly_trash,golden,True,True,False,3.25,-0.5,3.25,True,False
E5A_rq3_text_plus_image_qwen_20260730,Qwen/Qwen2.5-VL-7B-Instruct,cc594898137f460bfe9f0759e9844b3ce807cfb5,java,rq3g_java_050__c4,semantic_visual_conflict_primary,ugly_gold,beautiful_trash,ugly_gold,True,True,False,2.5625,-0.8125,2.5625,True,False
E5A_rq3_text_plus_image_qwen_20260730,Qwen/Qwen2.5-VL-7B-Instruct,cc594898137f460bfe9f0759e9844b3ce807cfb5,java,rq3g_java_050__c5,semantic_only_under_ugly,ugly_gold,ugly_trash,ugly_gold,True,True,False,2.75,-1.125,2.75,True,False
E5A_rq3_text_plus_image_qwen_20260730,Qwen/Qwen2.5-VL-7B-Instruct,cc594898137f460bfe9f0759e9844b3ce807cfb5,java,rq3g_java_050__c6,visual_only_trash,beautiful_trash,ugly_trash,beautiful_trash,False,False,False,0.125,-1.75,0.125,True,False
E5A_rq3_text_plus_image_qwen_20260730,Qwen/Qwen2.5-VL-7B-Instruct,cc594898137f460bfe9f0759e9844b3ce807cfb5,java,rq3g_java_051__c1,visual_only_gold,golden,ugly_gold,golden,False,False,False,0.75,-1.25,0.75,True,False
E5A_rq3_text_plus_image_qwen_20260730,Qwen/Qwen2.5-VL-7B-Instruct,cc594898137f460bfe9f0759e9844b3ce807cfb5,java,rq3g_java_051__c2,semantic_and_visual_aligned,golden,beautiful_trash,golden,True,True,False,3.9375,-0.4375,3.9375,True,False
E5A_rq3_text_plus_image_qwen_20260730,Qwen/Qwen2.5-VL-7B-Instruct,cc594898137f460bfe9f0759e9844b3ce807cfb5,java,rq3g_java_051__c3,semantic_and_visual_aligned,golden,ugly_trash,golden,True,True,False,4.375,-0.5,4.375,True,False
E5A_rq3_text_plus_image_qwen_20260730,Qwen/Qwen2.5-VL-7B-Instruct,cc594898137f460bfe9f0759e9844b3ce807cfb5,java,rq3g_java_051__c4,semantic_visual_conflict_primary,ugly_gold,beautiful_trash,ugly_gold,True,True,False,4.1875,-0.8125,4.1875,True,False
E5A_rq3_text_plus_image_qwen_20260730,Qwen/Qwen2.5-VL-7B-Instruct,cc594898137f460bfe9f0759e9844b3ce807cfb5,java,rq3g_java_051__c5,semantic_only_under_ugly,ugly_gold,ugly_trash,ugly_gold,True,True,False,4.1875,-0.6875,4.1875,True,False
E5A_rq3_text_plus_image_qwen_20260730,Qwen/Qwen2.5-VL-7B-Instruct,cc594898137f460bfe9f0759e9844b3ce807cfb5,java,rq3g_java_051__c6,visual_only_trash,beautiful_trash,ugly_trash,beautiful_trash,False,False,False,0.75,-2.0,0.75,True,False
E5A_rq3_text_plus_image_qwen_20260730,Qwen/Qwen2.5-VL-7B-Instruct,cc594898137f460bfe9f0759e9844b3ce807cfb5,java,rq3g_java_052__c1,visual_only_gold,golden,ugly_gold,golden,True,True,False,1.1875,-0.5625,1.1875,True,False
E5A_rq3_text_plus_image_qwen_20260730,Qwen/Qwen2.5-VL-7B-Instruct,cc594898137f460bfe9f0759e9844b3ce807cfb5,java,rq3g_java_052__c2,semantic_and_visual_aligned,golden,beautiful_trash,golden,True,True,False,3.75,-0.125,3.75,True,False
E5A_rq3_text_plus_image_qwen_20260730,Qwen/Qwen2.5-VL-7B-Instruct,cc594898137f460bfe9f0759e9844b3ce807cfb5,java,rq3g_java_052__c3,semantic_and_visual_aligned,golden,ugly_trash,golden,True,True,False,4.0625,-0.0625,4.0625,True,False
E5A_rq3_text_plus_image_qwen_20260730,Qwen/Qwen2.5-VL-7B-Instruct,cc594898137f460bfe9f0759e9844b3ce807cfb5,java,rq3g_java_052__c4,semantic_visual_conflict_primary,ugly_gold,beautiful_trash,ugly_gold,True,True,False,3.3125,-0.3125,3.3125,True,False
E5A_rq3_text_plus_image_qwen_20260730,Qwen/Qwen2.5-VL-7B-Instruct,cc594898137f460bfe9f0759e9844b3ce807cfb5,java,rq3g_java_052__c5,semantic_only_under_ugly,ugly_gold,ugly_trash,ugly_gold,True,True,False,3.5,-0.25,3.5,True,False
E5A_rq3_text_plus_image_qwen_20260730,Qwen/Qwen2.5-VL-7B-Instruct,cc594898137f460bfe9f0759e9844b3ce807cfb5,java,rq3g_java_052__c6,visual_only_trash,beautiful_trash,ugly_trash,beautiful_trash,False,False,False,0.75,-1.375,0.75,True,False
E5A_rq3_text_plus_image_qwen_20260730,Qwen/Qwen2.5-VL-7B-Instruct,cc594898137f460bfe9f0759e9844b3ce807cfb5,java,rq3g_java_053__c1,visual_only_gold,golden,ugly_gold,golden,True,True,False,0.6875,-0.3125,0.6875,True,False
E5A_rq3_text_plus_image_qwen_20260730,Qwen/Qwen2.5-VL-7B-Instruct,cc594898137f460bfe9f0759e9844b3ce807cfb5,java,rq3g_java_053__c2,semantic_and_visual_aligned,golden,beautiful_trash,golden,True,True,False,2.6875,-0.5625,2.6875,True,False
E5A_rq3_text_plus_image_qwen_20260730,Qwen/Qwen2.5-VL-7B-Instruct,cc594898137f460bfe9f0759e9844b3ce807cfb5,java,rq3g_java_053__c3,semantic_and_visual_aligned,golden,ugly_trash,golden,True,True,False,2.75,0.0,2.75,True,False
E5A_rq3_text_plus_image_qwen_20260730,Qwen/Qwen2.5-VL-7B-Instruct,cc594898137f460bfe9f0759e9844b3ce807cfb5,java,rq3g_java_053__c4,semantic_visual_conflict_primary,ugly_gold,beautiful_trash,ugly_gold,True,True,False,2.6875,-1.0625,2.6875,True,False
E5A_rq3_text_plus_image_qwen_20260730,Qwen/Qwen2.5-VL-7B-Instruct,cc594898137f460bfe9f0759e9844b3ce807cfb5,java,rq3g_java_053__c5,semantic_only_under_ugly,ugly_gold,ugly_trash,ugly_gold,True,True,False,3.25,-0.375,3.25,True,False
E5A_rq3_text_plus_image_qwen_20260730,Qwen/Qwen2.5-VL-7B-Instruct,cc594898137f460bfe9f0759e9844b3ce807cfb5,java,rq3g_java_053__c6,visual_only_trash,beautiful_trash,ugly_trash,beautiful_trash,True,True,False,0.9375,-0.9375,0.9375,True,False
E5A_rq3_text_plus_image_qwen_20260730,Qwen/Qwen2.5-VL-7B-Instruct,cc594898137f460bfe9f0759e9844b3ce807cfb5,java,rq3g_java_054__c1,visual_only_gold,golden,ugly_gold,golden,False,False,False,0.5625,-0.9375,0.5625,True,False
E5A_rq3_text_plus_image_qwen_20260730,Qwen/Qwen2.5-VL-7B-Instruct,cc594898137f460bfe9f0759e9844b3ce807cfb5,java,rq3g_java_054__c2,semantic_and_visual_aligned,golden,beautiful_trash,golden,True,True,False,4.0,0.0,4.0,True,False
E5A_rq3_text_plus_image_qwen_20260730,Qwen/Qwen2.5-VL-7B-Instruct,cc594898137f460bfe9f0759e9844b3ce807cfb5,java,rq3g_java_054__c3,semantic_and_visual_aligned,golden,ugly_trash,golden,True,True,False,3.75,0.125,3.75,True,False
E5A_rq3_text_plus_image_qwen_20260730,Qwen/Qwen2.5-VL-7B-Instruct,cc594898137f460bfe9f0759e9844b3ce807cfb5,java,rq3g_java_054__c4,semantic_visual_conflict_primary,ugly_gold,beautiful_trash,ugly_gold,True,True,False,3.4375,-0.4375,3.4375,True,False
E5A_rq3_text_plus_image_qwen_20260730,Qwen/Qwen2.5-VL-7B-Instruct,cc594898137f460bfe9f0759e9844b3ce807cfb5,java,rq3g_java_054__c5,semantic_only_under_ugly,ugly_gold,ugly_trash,ugly_gold,True,True,False,3.75,-0.375,3.75,True,False
E5A_rq3_text_plus_image_qwen_20260730,Qwen/Qwen2.5-VL-7B-Instruct,cc594898137f460bfe9f0759e9844b3ce807cfb5,java,rq3g_java_054__c6,visual_only_trash,beautiful_trash,ugly_trash,beautiful_trash,False,False,False,0.625,-1.0,0.625,True,False
E5A_rq3_text_plus_image_qwen_20260730,Qwen/Qwen2.5-VL-7B-Instruct,cc594898137f460bfe9f0759e9844b3ce807cfb5,java,rq3g_java_055__c1,visual_only_gold,golden,ugly_gold,golden,False,False,False,0.0625,-0.1875,0.0625,True,False
E5A_rq3_text_plus_image_qwen_20260730,Qwen/Qwen2.5-VL-7B-Instruct,cc594898137f460bfe9f0759e9844b3ce807cfb5,java,rq3g_java_055__c2,semantic_and_visual_aligned,golden,beautiful_trash,golden,True,True,False,4.0,0.125,4.0,True,False
E5A_rq3_text_plus_image_qwen_20260730,Qwen/Qwen2.5-VL-7B-Instruct,cc594898137f460bfe9f0759e9844b3ce807cfb5,java,rq3g_java_055__c3,semantic_and_visual_aligned,golden,ugly_trash,golden,True,True,False,3.9375,0.3125,3.9375,True,False
E5A_rq3_text_plus_image_qwen_20260730,Qwen/Qwen2.5-VL-7B-Instruct,cc594898137f460bfe9f0759e9844b3ce807cfb5,java,rq3g_java_055__c4,semantic_visual_conflict_primary,ugly_gold,beautiful_trash,ugly_gold,True,True,False,4.1875,0.0625,4.1875,True,False
E5A_rq3_text_plus_image_qwen_20260730,Qwen/Qwen2.5-VL-7B-Instruct,cc594898137f460bfe9f0759e9844b3ce807cfb5,java,rq3g_java_055__c5,semantic_only_under_ugly,ugly_gold,ugly_trash,ugly_gold,True,True,False,4.3125,0.0625,4.3125,True,False
E5A_rq3_text_plus_image_qwen_20260730,Qwen/Qwen2.5-VL-7B-Instruct,cc594898137f460bfe9f0759e9844b3ce807cfb5,java,rq3g_java_055__c6,visual_only_trash,beautiful_trash,ugly_trash,beautiful_trash,False,False,False,-0.1875,-1.8125,-0.1875,False,False
E5A_rq3_text_plus_image_qwen_20260730,Qwen/Qwen2.5-VL-7B-Instruct,cc594898137f460bfe9f0759e9844b3ce807cfb5,java,rq3g_java_056__c1,visual_only_gold,golden,ugly_gold,golden,True,True,False,1.625,-0.625,1.625,True,False
E5A_rq3_text_plus_image_qwen_20260730,Qwen/Qwen2.5-VL-7B-Instruct,cc594898137f460bfe9f0759e9844b3ce807cfb5,java,rq3g_java_056__c2,semantic_and_visual_aligned,golden,beautiful_trash,golden,True,True,False,3.875,-0.25,3.875,True,False
E5A_rq3_text_plus_image_qwen_20260730,Qwen/Qwen2.5-VL-7B-Instruct,cc594898137f460bfe9f0759e9844b3ce807cfb5,java,rq3g_java_056__c3,semantic_and_visual_aligned,golden,ugly_trash,golden,True,True,False,4.0625,0.0625,4.0625,True,False
E5A_rq3_text_plus_image_qwen_20260730,Qwen/Qwen2.5-VL-7B-Instruct,cc594898137f460bfe9f0759e9844b3ce807cfb5,java,rq3g_java_056__c4,semantic_visual_conflict_primary,ugly_gold,beautiful_trash,ugly_gold,True,True,False,3.1875,-1.1875,3.1875,True,False
E5A_rq3_text_plus_image_qwen_20260730,Qwen/Qwen2.5-VL-7B-Instruct,cc594898137f460bfe9f0759e9844b3ce807cfb5,java,rq3g_java_056__c5,semantic_only_under_ugly,ugly_gold,ugly_trash,ugly_gold,True,True,False,2.1875,-0.5625,2.1875,True,False
E5A_rq3_text_plus_image_qwen_20260730,Qwen/Qwen2.5-VL-7B-Instruct,cc594898137f460bfe9f0759e9844b3ce807cfb5,java,rq3g_java_056__c6,visual_only_trash,beautiful_trash,ugly_trash,beautiful_trash,False,False,False,0.4375,-1.3125,0.4375,True,False
E5A_rq3_text_plus_image_qwen_20260730,Qwen/Qwen2.5-VL-7B-Instruct,cc594898137f460bfe9f0759e9844b3ce807cfb5,java,rq3g_java_057__c1,visual_only_gold,golden,ugly_gold,golden,False,False,False,0.375,-0.875,0.375,True,False
E5A_rq3_text_plus_image_qwen_20260730,Qwen/Qwen2.5-VL-7B-Instruct,cc594898137f460bfe9f0759e9844b3ce807cfb5,java,rq3g_java_057__c2,semantic_and_visual_aligned,golden,beautiful_trash,golden,True,True,False,4.1875,0.0625,4.1875,True,False
E5A_rq3_text_plus_image_qwen_20260730,Qwen/Qwen2.5-VL-7B-Instruct,cc594898137f460bfe9f0759e9844b3ce807cfb5,java,rq3g_java_057__c3,semantic_and_visual_aligned,golden,ugly_trash,golden,True,True,False,4.1875,-0.1875,4.1875,True,False
E5A_rq3_text_plus_image_qwen_20260730,Qwen/Qwen2.5-VL-7B-Instruct,cc594898137f460bfe9f0759e9844b3ce807cfb5,java,rq3g_java_057__c4,semantic_visual_conflict_primary,ugly_gold,beautiful_trash,ugly_gold,True,True,False,4.0625,-0.3125,4.0625,True,False
E5A_rq3_text_plus_image_qwen_20260730,Qwen/Qwen2.5-VL-7B-Instruct,cc594898137f460bfe9f0759e9844b3ce807cfb5,java,rq3g_java_057__c5,semantic_only_under_ugly,ugly_gold,ugly_trash,ugly_gold,True,True,False,3.875,-0.125,3.875,True,False
E5A_rq3_text_plus_image_qwen_20260730,Qwen/Qwen2.5-VL-7B-Instruct,cc594898137f460bfe9f0759e9844b3ce807cfb5,java,rq3g_java_057__c6,visual_only_trash,beautiful_trash,ugly_trash,beautiful_trash,False,False,False,0.3125,-1.9375,0.3125,True,False
E5A_rq3_text_plus_image_qwen_20260730,Qwen/Qwen2.5-VL-7B-Instruct,cc594898137f460bfe9f0759e9844b3ce807cfb5,java,rq3g_java_058__c1,visual_only_gold,golden,ugly_gold,golden,True,True,False,1.1875,-1.0625,1.1875,True,False
E5A_rq3_text_plus_image_qwen_20260730,Qwen/Qwen2.5-VL-7B-Instruct,cc594898137f460bfe9f0759e9844b3ce807cfb5,java,rq3g_java_058__c2,semantic_and_visual_aligned,golden,beautiful_trash,golden,True,True,False,3.75,0.0,3.75,True,False
E5A_rq3_text_plus_image_qwen_20260730,Qwen/Qwen2.5-VL-7B-Instruct,cc594898137f460bfe9f0759e9844b3ce807cfb5,java,rq3g_java_058__c3,semantic_and_visual_aligned,golden,ugly_trash,golden,True,True,False,3.6875,0.0625,3.6875,True,False
E5A_rq3_text_plus_image_qwen_20260730,Qwen/Qwen2.5-VL-7B-Instruct,cc594898137f460bfe9f0759e9844b3ce807cfb5,java,rq3g_java_058__c4,semantic_visual_conflict_primary,ugly_gold,beautiful_trash,ugly_gold,True,True,False,3.125,-0.75,3.125,True,False
E5A_rq3_text_plus_image_qwen_20260730,Qwen/Qwen2.5-VL-7B-Instruct,cc594898137f460bfe9f0759e9844b3ce807cfb5,java,rq3g_java_058__c5,semantic_only_under_ugly,ugly_gold,ugly_trash,ugly_gold,True,True,False,3.4375,-0.6875,3.4375,True,False
E5A_rq3_text_plus_image_qwen_20260730,Qwen/Qwen2.5-VL-7B-Instruct,cc594898137f460bfe9f0759e9844b3ce807cfb5,java,rq3g_java_058__c6,visual_only_trash,beautiful_trash,ugly_trash,beautiful_trash,False,False,False,0.5625,-1.1875,0.5625,True,False
E5A_rq3_text_plus_image_qwen_20260730,Qwen/Qwen2.5-VL-7B-Instruct,cc594898137f460bfe9f0759e9844b3ce807cfb5,java,rq3g_java_059__c1,visual_only_gold,golden,ugly_gold,golden,True,True,False,0.875,-0.125,0.875,True,False
E5A_rq3_text_plus_image_qwen_20260730,Qwen/Qwen2.5-VL-7B-Instruct,cc594898137f460bfe9f0759e9844b3ce807cfb5,java,rq3g_java_059__c2,semantic_and_visual_aligned,golden,beautiful_trash,golden,True,True,False,3.3125,-0.6875,3.3125,True,False
E5A_rq3_text_plus_image_qwen_20260730,Qwen/Qwen2.5-VL-7B-Instruct,cc594898137f460bfe9f0759e9844b3ce807cfb5,java,rq3g_java_059__c3,semantic_and_visual_aligned,golden,ugly_trash,golden,True,True,False,3.8125,-0.5625,3.8125,True,False
E5A_rq3_text_plus_image_qwen_20260730,Qwen/Qwen2.5-VL-7B-Instruct,cc594898137f460bfe9f0759e9844b3ce807cfb5,java,rq3g_java_059__c4,semantic_visual_conflict_primary,ugly_gold,beautiful_trash,ugly_gold,True,True,False,3.3125,-0.6875,3.3125,True,False
E5A_rq3_text_plus_image_qwen_20260730,Qwen/Qwen2.5-VL-7B-Instruct,cc594898137f460bfe9f0759e9844b3ce807cfb5,java,rq3g_java_059__c5,semantic_only_under_ugly,ugly_gold,ugly_trash,ugly_gold,True,True,False,3.25,-0.125,3.25,True,False
E5A_rq3_text_plus_image_qwen_20260730,Qwen/Qwen2.5-VL-7B-Instruct,cc594898137f460bfe9f0759e9844b3ce807cfb5,java,rq3g_java_059__c6,visual_only_trash,beautiful_trash,ugly_trash,beautiful_trash,False,False,False,0.75,-1.25,0.75,True,False
E5A_rq3_text_plus_image_qwen_20260730,Qwen/Qwen2.5-VL-7B-Instruct,cc594898137f460bfe9f0759e9844b3ce807cfb5,java,rq3g_java_060__c1,visual_only_gold,golden,ugly_gold,golden,False,False,False,0.6875,-1.1875,0.6875,True,False
E5A_rq3_text_plus_image_qwen_20260730,Qwen/Qwen2.5-VL-7B-Instruct,cc594898137f460bfe9f0759e9844b3ce807cfb5,java,rq3g_java_060__c2,semantic_and_visual_aligned,golden,beautiful_trash,golden,True,True,False,4.0,-0.5,4.0,True,False
E5A_rq3_text_plus_image_qwen_20260730,Qwen/Qwen2.5-VL-7B-Instruct,cc594898137f460bfe9f0759e9844b3ce807cfb5,java,rq3g_java_060__c3,semantic_and_visual_aligned,golden,ugly_trash,golden,True,True,False,4.125,-0.375,4.125,True,False
E5A_rq3_text_plus_image_qwen_20260730,Qwen/Qwen2.5-VL-7B-Instruct,cc594898137f460bfe9f0759e9844b3ce807cfb5,java,rq3g_java_060__c4,semantic_visual_conflict_primary,ugly_gold,beautiful_trash,ugly_gold,True,True,False,3.375,-1.0,3.375,True,False
E5A_rq3_text_plus_image_qwen_20260730,Qwen/Qwen2.5-VL-7B-Instruct,cc594898137f460bfe9f0759e9844b3ce807cfb5,java,rq3g_java_060__c5,semantic_only_under_ugly,ugly_gold,ugly_trash,ugly_gold,True,True,False,3.4375,-1.0625,3.4375,True,False
E5A_rq3_text_plus_image_qwen_20260730,Qwen/Qwen2.5-VL-7B-Instruct,cc594898137f460bfe9f0759e9844b3ce807cfb5,java,rq3g_java_060__c6,visual_only_trash,beautiful_trash,ugly_trash,beautiful_trash,False,False,False,0.375,-0.75,0.375,True,False
E5A_rq3_text_plus_image_qwen_20260730,Qwen/Qwen2.5-VL-7B-Instruct,cc594898137f460bfe9f0759e9844b3ce807cfb5,java,rq3g_java_061__c1,visual_only_gold,golden,ugly_gold,golden,True,True,False,0.6875,-0.4375,0.6875,True,False
E5A_rq3_text_plus_image_qwen_20260730,Qwen/Qwen2.5-VL-7B-Instruct,cc594898137f460bfe9f0759e9844b3ce807cfb5,java,rq3g_java_061__c2,semantic_and_visual_aligned,golden,beautiful_trash,golden,True,True,False,3.75,-0.125,3.75,True,False
E5A_rq3_text_plus_image_qwen_20260730,Qwen/Qwen2.5-VL-7B-Instruct,cc594898137f460bfe9f0759e9844b3ce807cfb5,java,rq3g_java_061__c3,semantic_and_visual_aligned,golden,ugly_trash,golden,True,True,False,4.25,0.125,4.25,True,False
E5A_rq3_text_plus_image_qwen_20260730,Qwen/Qwen2.5-VL-7B-Instruct,cc594898137f460bfe9f0759e9844b3ce807cfb5,java,rq3g_java_061__c4,semantic_visual_conflict_primary,ugly_gold,beautiful_trash,ugly_gold,True,True,False,3.5625,-0.8125,3.5625,True,False
E5A_rq3_text_plus_image_qwen_20260730,Qwen/Qwen2.5-VL-7B-Instruct,cc594898137f460bfe9f0759e9844b3ce807cfb5,java,rq3g_java_061__c5,semantic_only_under_ugly,ugly_gold,ugly_trash,ugly_gold,True,True,False,3.6875,-0.5625,3.6875,True,False
E5A_rq3_text_plus_image_qwen_20260730,Qwen/Qwen2.5-VL-7B-Instruct,cc594898137f460bfe9f0759e9844b3ce807cfb5,java,rq3g_java_061__c6,visual_only_trash,beautiful_trash,ugly_trash,beautiful_trash,False,False,False,0.375,-0.625,0.375,True,False
E5A_rq3_text_plus_image_qwen_20260730,Qwen/Qwen2.5-VL-7B-Instruct,cc594898137f460bfe9f0759e9844b3ce807cfb5,java,rq3g_java_062__c1,visual_only_gold,golden,ugly_gold,golden,False,False,False,0.6875,-1.0625,0.6875,True,False
E5A_rq3_text_plus_image_qwen_20260730,Qwen/Qwen2.5-VL-7B-Instruct,cc594898137f460bfe9f0759e9844b3ce807cfb5,java,rq3g_java_062__c2,semantic_and_visual_aligned,golden,beautiful_trash,golden,True,True,False,4.125,-0.125,4.125,True,False
E5A_rq3_text_plus_image_qwen_20260730,Qwen/Qwen2.5-VL-7B-Instruct,cc594898137f460bfe9f0759e9844b3ce807cfb5,java,rq3g_java_062__c3,semantic_and_visual_aligned,golden,ugly_trash,golden,True,True,False,3.5625,-0.5625,3.5625,True,False
E5A_rq3_text_plus_image_qwen_20260730,Qwen/Qwen2.5-VL-7B-Instruct,cc594898137f460bfe9f0759e9844b3ce807cfb5,java,rq3g_java_062__c4,semantic_visual_conflict_primary,ugly_gold,beautiful_trash,ugly_gold,True,True,False,3.5,-0.5,3.5,True,False
E5A_rq3_text_plus_image_qwen_20260730,Qwen/Qwen2.5-VL-7B-Instruct,cc594898137f460bfe9f0759e9844b3ce807cfb5,java,rq3g_java_062__c5,semantic_only_under_ugly,ugly_gold,ugly_trash,ugly_gold,True,True,False,3.25,-0.625,3.25,True,False
E5A_rq3_text_plus_image_qwen_20260730,Qwen/Qwen2.5-VL-7B-Instruct,cc594898137f460bfe9f0759e9844b3ce807cfb5,java,rq3g_java_062__c6,visual_only_trash,beautiful_trash,ugly_trash,beautiful_trash,False,False,False,0.5625,-1.3125,0.5625,True,False
E5A_rq3_text_plus_image_qwen_20260730,Qwen/Qwen2.5-VL-7B-Instruct,cc594898137f460bfe9f0759e9844b3ce807cfb5,java,rq3g_java_063__c1,visual_only_gold,golden,ugly_gold,golden,True,True,False,0.4375,-0.1875,0.4375,True,False
E5A_rq3_text_plus_image_qwen_20260730,Qwen/Qwen2.5-VL-7B-Instruct,cc594898137f460bfe9f0759e9844b3ce807cfb5,java,rq3g_java_063__c2,semantic_and_visual_aligned,golden,beautiful_trash,golden,True,True,False,3.4375,0.8125,3.4375,True,False
E5A_rq3_text_plus_image_qwen_20260730,Qwen/Qwen2.5-VL-7B-Instruct,cc594898137f460bfe9f0759e9844b3ce807cfb5,java,rq3g_java_063__c3,semantic_and_visual_aligned,golden,ugly_trash,golden,True,True,False,3.625,0.375,3.625,True,False
E5A_rq3_text_plus_image_qwen_20260730,Qwen/Qwen2.5-VL-7B-Instruct,cc594898137f460bfe9f0759e9844b3ce807cfb5,java,rq3g_java_063__c4,semantic_visual_conflict_primary,ugly_gold,beautiful_trash,ugly_gold,True,True,False,3.1875,0.4375,3.1875,True,False
E5A_rq3_text_plus_image_qwen_20260730,Qwen/Qwen2.5-VL-7B-Instruct,cc594898137f460bfe9f0759e9844b3ce807cfb5,java,rq3g_java_063__c5,semantic_only_under_ugly,ugly_gold,ugly_trash,ugly_gold,True,True,False,2.9375,0.0625,2.9375,True,False
E5A_rq3_text_plus_image_qwen_20260730,Qwen/Qwen2.5-VL-7B-Instruct,cc594898137f460bfe9f0759e9844b3ce807cfb5,java,rq3g_java_063__c6,visual_only_trash,beautiful_trash,ugly_trash,beautiful_trash,False,False,False,0.0625,-1.4375,0.0625,True,False
E5A_rq3_text_plus_image_qwen_20260730,Qwen/Qwen2.5-VL-7B-Instruct,cc594898137f460bfe9f0759e9844b3ce807cfb5,java,rq3g_java_064__c1,visual_only_gold,golden,ugly_gold,golden,True,True,False,1.125,0.125,1.125,True,False
E5A_rq3_text_plus_image_qwen_20260730,Qwen/Qwen2.5-VL-7B-Instruct,cc594898137f460bfe9f0759e9844b3ce807cfb5,java,rq3g_java_064__c2,semantic_and_visual_aligned,golden,beautiful_trash,golden,True,True,False,4.25,-0.125,4.25,True,False
E5A_rq3_text_plus_image_qwen_20260730,Qwen/Qwen2.5-VL-7B-Instruct,cc594898137f460bfe9f0759e9844b3ce807cfb5,java,rq3g_java_064__c3,semantic_and_visual_aligned,golden,ugly_trash,golden,True,True,False,4.5625,0.5625,4.5625,True,False
E5A_rq3_text_plus_image_qwen_20260730,Qwen/Qwen2.5-VL-7B-Instruct,cc594898137f460bfe9f0759e9844b3ce807cfb5,java,rq3g_java_064__c4,semantic_visual_conflict_primary,ugly_gold,beautiful_trash,ugly_gold,True,True,False,3.5625,-0.4375,3.5625,True,False
E5A_rq3_text_plus_image_qwen_20260730,Qwen/Qwen2.5-VL-7B-Instruct,cc594898137f460bfe9f0759e9844b3ce807cfb5,java,rq3g_java_064__c5,semantic_only_under_ugly,ugly_gold,ugly_trash,ugly_gold,True,True,False,4.125,0.25,4.125,True,False
E5A_rq3_text_plus_image_qwen_20260730,Qwen/Qwen2.5-VL-7B-Instruct,cc594898137f460bfe9f0759e9844b3ce807cfb5,java,rq3g_java_064__c6,visual_only_trash,beautiful_trash,ugly_trash,beautiful_trash,True,True,False,0.75,-0.75,0.75,True,False
E5A_rq3_text_plus_image_qwen_20260730,Qwen/Qwen2.5-VL-7B-Instruct,cc594898137f460bfe9f0759e9844b3ce807cfb5,java,rq3g_java_065__c1,visual_only_gold,golden,ugly_gold,golden,True,True,False,0.875,0.5,0.875,True,False
E5A_rq3_text_plus_image_qwen_20260730,Qwen/Qwen2.5-VL-7B-Instruct,cc594898137f460bfe9f0759e9844b3ce807cfb5,java,rq3g_java_065__c2,semantic_and_visual_aligned,golden,beautiful_trash,golden,True,True,False,4.5625,0.5625,4.5625,True,False
E5A_rq3_text_plus_image_qwen_20260730,Qwen/Qwen2.5-VL-7B-Instruct,cc594898137f460bfe9f0759e9844b3ce807cfb5,java,rq3g_java_065__c3,semantic_and_visual_aligned,golden,ugly_trash,golden,True,True,False,4.6875,0.5625,4.6875,True,False
E5A_rq3_text_plus_image_qwen_20260730,Qwen/Qwen2.5-VL-7B-Instruct,cc594898137f460bfe9f0759e9844b3ce807cfb5,java,rq3g_java_065__c4,semantic_visual_conflict_primary,ugly_gold,beautiful_trash,ugly_gold,True,True,False,4.0625,-0.0625,4.0625,True,False
E5A_rq3_text_plus_image_qwen_20260730,Qwen/Qwen2.5-VL-7B-Instruct,cc594898137f460bfe9f0759e9844b3ce807cfb5,java,rq3g_java_065__c5,semantic_only_under_ugly,ugly_gold,ugly_trash,ugly_gold,True,True,False,4.1875,0.0625,4.1875,True,False
E5A_rq3_text_plus_image_qwen_20260730,Qwen/Qwen2.5-VL-7B-Instruct,cc594898137f460bfe9f0759e9844b3ce807cfb5,java,rq3g_java_065__c6,visual_only_trash,beautiful_trash,ugly_trash,beautiful_trash,False,False,False,0.6875,-0.8125,0.6875,True,False
E5A_rq3_text_plus_image_qwen_20260730,Qwen/Qwen2.5-VL-7B-Instruct,cc594898137f460bfe9f0759e9844b3ce807cfb5,java,rq3g_java_066__c1,visual_only_gold,golden,ugly_gold,golden,True,True,False,0.625,-0.125,0.625,True,False
E5A_rq3_text_plus_image_qwen_20260730,Qwen/Qwen2.5-VL-7B-Instruct,cc594898137f460bfe9f0759e9844b3ce807cfb5,java,rq3g_java_066__c2,semantic_and_visual_aligned,golden,beautiful_trash,golden,True,True,False,3.375,-0.125,3.375,True,False
E5A_rq3_text_plus_image_qwen_20260730,Qwen/Qwen2.5-VL-7B-Instruct,cc594898137f460bfe9f0759e9844b3ce807cfb5,java,rq3g_java_066__c3,semantic_and_visual_aligned,golden,ugly_trash,golden,True,True,False,3.4375,0.0625,3.4375,True,False
E5A_rq3_text_plus_image_qwen_20260730,Qwen/Qwen2.5-VL-7B-Instruct,cc594898137f460bfe9f0759e9844b3ce807cfb5,java,rq3g_java_066__c4,semantic_visual_conflict_primary,ugly_gold,beautiful_trash,ugly_gold,True,True,False,3.125,-0.5,3.125,True,False
E5A_rq3_text_plus_image_qwen_20260730,Qwen/Qwen2.5-VL-7B-Instruct,cc594898137f460bfe9f0759e9844b3ce807cfb5,java,rq3g_java_066__c5,semantic_only_under_ugly,ugly_gold,ugly_trash,ugly_gold,True,True,False,3.0,-0.125,3.0,True,False
E5A_rq3_text_plus_image_qwen_20260730,Qwen/Qwen2.5-VL-7B-Instruct,cc594898137f460bfe9f0759e9844b3ce807cfb5,java,rq3g_java_066__c6,visual_only_trash,beautiful_trash,ugly_trash,beautiful_trash,False,False,False,0.25,-0.875,0.25,True,False
E5A_rq3_text_plus_image_qwen_20260730,Qwen/Qwen2.5-VL-7B-Instruct,cc594898137f460bfe9f0759e9844b3ce807cfb5,java,rq3g_java_067__c1,visual_only_gold,golden,ugly_gold,golden,True,True,False,1.1875,0.1875,1.1875,True,False
E5A_rq3_text_plus_image_qwen_20260730,Qwen/Qwen2.5-VL-7B-Instruct,cc594898137f460bfe9f0759e9844b3ce807cfb5,java,rq3g_java_067__c2,semantic_and_visual_aligned,golden,beautiful_trash,golden,True,True,False,4.75,0.625,4.75,True,False
E5A_rq3_text_plus_image_qwen_20260730,Qwen/Qwen2.5-VL-7B-Instruct,cc594898137f460bfe9f0759e9844b3ce807cfb5,java,rq3g_java_067__c3,semantic_and_visual_aligned,golden,ugly_trash,golden,True,True,False,4.9375,0.1875,4.9375,True,False
E5A_rq3_text_plus_image_qwen_20260730,Qwen/Qwen2.5-VL-7B-Instruct,cc594898137f460bfe9f0759e9844b3ce807cfb5,java,rq3g_java_067__c4,semantic_visual_conflict_primary,ugly_gold,beautiful_trash,ugly_gold,True,True,False,4.5,-0.25,4.5,True,False
E5A_rq3_text_plus_image_qwen_20260730,Qwen/Qwen2.5-VL-7B-Instruct,cc594898137f460bfe9f0759e9844b3ce807cfb5,java,rq3g_java_067__c5,semantic_only_under_ugly,ugly_gold,ugly_trash,ugly_gold,True,True,False,4.0625,-0.5625,4.0625,True,False
E5A_rq3_text_plus_image_qwen_20260730,Qwen/Qwen2.5-VL-7B-Instruct,cc594898137f460bfe9f0759e9844b3ce807cfb5,java,rq3g_java_067__c6,visual_only_trash,beautiful_trash,ugly_trash,beautiful_trash,False,False,False,0.5625,-1.4375,0.5625,True,False
E5A_rq3_text_plus_image_qwen_20260730,Qwen/Qwen2.5-VL-7B-Instruct,cc594898137f460bfe9f0759e9844b3ce807cfb5,java,rq3g_java_068__c1,visual_only_gold,golden,ugly_gold,golden,True,True,False,0.6875,0.4375,0.6875,True,False
E5A_rq3_text_plus_image_qwen_20260730,Qwen/Qwen2.5-VL-7B-Instruct,cc594898137f460bfe9f0759e9844b3ce807cfb5,java,rq3g_java_068__c2,semantic_and_visual_aligned,golden,beautiful_trash,golden,True,True,False,4.4375,1.0625,4.4375,True,False
E5A_rq3_text_plus_image_qwen_20260730,Qwen/Qwen2.5-VL-7B-Instruct,cc594898137f460bfe9f0759e9844b3ce807cfb5,java,rq3g_java_068__c3,semantic_and_visual_aligned,golden,ugly_trash,golden,True,True,False,4.5,1.5,4.5,True,False
E5A_rq3_text_plus_image_qwen_20260730,Qwen/Qwen2.5-VL-7B-Instruct,cc594898137f460bfe9f0759e9844b3ce807cfb5,java,rq3g_java_068__c4,semantic_visual_conflict_primary,ugly_gold,beautiful_trash,ugly_gold,True,True,False,3.875,0.75,3.875,True,False
E5A_rq3_text_plus_image_qwen_20260730,Qwen/Qwen2.5-VL-7B-Instruct,cc594898137f460bfe9f0759e9844b3ce807cfb5,java,rq3g_java_068__c5,semantic_only_under_ugly,ugly_gold,ugly_trash,ugly_gold,True,True,False,3.625,0.875,3.625,True,False
E5A_rq3_text_plus_image_qwen_20260730,Qwen/Qwen2.5-VL-7B-Instruct,cc594898137f460bfe9f0759e9844b3ce807cfb5,java,rq3g_java_068__c6,visual_only_trash,beautiful_trash,ugly_trash,beautiful_trash,False,False,False,0.125,-0.875,0.125,True,False
E5A_rq3_text_plus_image_qwen_20260730,Qwen/Qwen2.5-VL-7B-Instruct,cc594898137f460bfe9f0759e9844b3ce807cfb5,java,rq3g_java_069__c1,visual_only_gold,golden,ugly_gold,golden,True,True,False,0.625,-0.625,0.625,True,False
E5A_rq3_text_plus_image_qwen_20260730,Qwen/Qwen2.5-VL-7B-Instruct,cc594898137f460bfe9f0759e9844b3ce807cfb5,java,rq3g_java_069__c2,semantic_and_visual_aligned,golden,beautiful_trash,golden,True,True,False,3.6875,-0.1875,3.6875,True,False
E5A_rq3_text_plus_image_qwen_20260730,Qwen/Qwen2.5-VL-7B-Instruct,cc594898137f460bfe9f0759e9844b3ce807cfb5,java,rq3g_java_069__c3,semantic_and_visual_aligned,golden,ugly_trash,golden,True,True,False,3.875,-0.25,3.875,True,False
E5A_rq3_text_plus_image_qwen_20260730,Qwen/Qwen2.5-VL-7B-Instruct,cc594898137f460bfe9f0759e9844b3ce807cfb5,java,rq3g_java_069__c4,semantic_visual_conflict_primary,ugly_gold,beautiful_trash,ugly_gold,True,True,False,3.25,-0.875,3.25,True,False
E5A_rq3_text_plus_image_qwen_20260730,Qwen/Qwen2.5-VL-7B-Instruct,cc594898137f460bfe9f0759e9844b3ce807cfb5,java,rq3g_java_069__c5,semantic_only_under_ugly,ugly_gold,ugly_trash,ugly_gold,True,True,False,3.1875,-0.9375,3.1875,True,False
E5A_rq3_text_plus_image_qwen_20260730,Qwen/Qwen2.5-VL-7B-Instruct,cc594898137f460bfe9f0759e9844b3ce807cfb5,java,rq3g_java_069__c6,visual_only_trash,beautiful_trash,ugly_trash,beautiful_trash,False,False,False,0.875,-1.375,0.875,True,False
E5A_rq3_text_plus_image_qwen_20260730,Qwen/Qwen2.5-VL-7B-Instruct,cc594898137f460bfe9f0759e9844b3ce807cfb5,java,rq3g_java_070__c1,visual_only_gold,golden,ugly_gold,golden,True,True,False,0.9375,-0.3125,0.9375,True,False
E5A_rq3_text_plus_image_qwen_20260730,Qwen/Qwen2.5-VL-7B-Instruct,cc594898137f460bfe9f0759e9844b3ce807cfb5,java,rq3g_java_070__c2,semantic_and_visual_aligned,golden,beautiful_trash,golden,True,True,False,4.5625,-0.4375,4.5625,True,False
E5A_rq3_text_plus_image_qwen_20260730,Qwen/Qwen2.5-VL-7B-Instruct,cc594898137f460bfe9f0759e9844b3ce807cfb5,java,rq3g_java_070__c3,semantic_and_visual_aligned,golden,ugly_trash,golden,True,True,False,4.375,-0.25,4.375,True,False
E5A_rq3_text_plus_image_qwen_20260730,Qwen/Qwen2.5-VL-7B-Instruct,cc594898137f460bfe9f0759e9844b3ce807cfb5,java,rq3g_java_070__c4,semantic_visual_conflict_primary,ugly_gold,beautiful_trash,ugly_gold,True,True,False,3.9375,-0.5625,3.9375,True,False
E5A_rq3_text_plus_image_qwen_20260730,Qwen/Qwen2.5-VL-7B-Instruct,cc594898137f460bfe9f0759e9844b3ce807cfb5,java,rq3g_java_070__c5,semantic_only_under_ugly,ugly_gold,ugly_trash,ugly_gold,True,True,False,3.9375,-0.6875,3.9375,True,False
E5A_rq3_text_plus_image_qwen_20260730,Qwen/Qwen2.5-VL-7B-Instruct,cc594898137f460bfe9f0759e9844b3ce807cfb5,java,rq3g_java_070__c6,visual_only_trash,beautiful_trash,ugly_trash,beautiful_trash,False,False,False,0.4375,-1.4375,0.4375,True,False
E5A_rq3_text_plus_image_qwen_20260730,Qwen/Qwen2.5-VL-7B-Instruct,cc594898137f460bfe9f0759e9844b3ce807cfb5,java,rq3g_java_071__c1,visual_only_gold,golden,ugly_gold,golden,True,True,False,0.875,-0.75,0.875,True,False
E5A_rq3_text_plus_image_qwen_20260730,Qwen/Qwen2.5-VL-7B-Instruct,cc594898137f460bfe9f0759e9844b3ce807cfb5,java,rq3g_java_071__c2,semantic_and_visual_aligned,golden,beautiful_trash,golden,True,True,False,3.625,-0.125,3.625,True,False
E5A_rq3_text_plus_image_qwen_20260730,Qwen/Qwen2.5-VL-7B-Instruct,cc594898137f460bfe9f0759e9844b3ce807cfb5,java,rq3g_java_071__c3,semantic_and_visual_aligned,golden,ugly_trash,golden,True,True,False,3.625,0.0,3.625,True,False
E5A_rq3_text_plus_image_qwen_20260730,Qwen/Qwen2.5-VL-7B-Instruct,cc594898137f460bfe9f0759e9844b3ce807cfb5,java,rq3g_java_071__c4,semantic_visual_conflict_primary,ugly_gold,beautiful_trash,ugly_gold,True,True,False,3.5,-0.125,3.5,True,False
E5A_rq3_text_plus_image_qwen_20260730,Qwen/Qwen2.5-VL-7B-Instruct,cc594898137f460bfe9f0759e9844b3ce807cfb5,java,rq3g_java_071__c5,semantic_only_under_ugly,ugly_gold,ugly_trash,ugly_gold,True,True,False,3.6875,0.3125,3.6875,True,False
E5A_rq3_text_plus_image_qwen_20260730,Qwen/Qwen2.5-VL-7B-Instruct,cc594898137f460bfe9f0759e9844b3ce807cfb5,java,rq3g_java_071__c6,visual_only_trash,beautiful_trash,ugly_trash,beautiful_trash,False,False,False,0.5,-1.625,0.5,True,False
E5A_rq3_text_plus_image_qwen_20260730,Qwen/Qwen2.5-VL-7B-Instruct,cc594898137f460bfe9f0759e9844b3ce807cfb5,java,rq3g_java_072__c1,visual_only_gold,golden,ugly_gold,golden,True,True,False,1.125,-0.5,1.125,True,False
E5A_rq3_text_plus_image_qwen_20260730,Qwen/Qwen2.5-VL-7B-Instruct,cc594898137f460bfe9f0759e9844b3ce807cfb5,java,rq3g_java_072__c2,semantic_and_visual_aligned,golden,beautiful_trash,golden,True,True,False,3.875,-0.625,3.875,True,False
E5A_rq3_text_plus_image_qwen_20260730,Qwen/Qwen2.5-VL-7B-Instruct,cc594898137f460bfe9f0759e9844b3ce807cfb5,java,rq3g_java_072__c3,semantic_and_visual_aligned,golden,ugly_trash,golden,True,True,False,3.625,-0.5,3.625,True,False
E5A_rq3_text_plus_image_qwen_20260730,Qwen/Qwen2.5-VL-7B-Instruct,cc594898137f460bfe9f0759e9844b3ce807cfb5,java,rq3g_java_072__c4,semantic_visual_conflict_primary,ugly_gold,beautiful_trash,ugly_gold,True,True,False,3.3125,-0.4375,3.3125,True,False
E5A_rq3_text_plus_image_qwen_20260730,Qwen/Qwen2.5-VL-7B-Instruct,cc594898137f460bfe9f0759e9844b3ce807cfb5,java,rq3g_java_072__c5,semantic_only_under_ugly,ugly_gold,ugly_trash,ugly_gold,True,True,False,3.5,-0.125,3.5,True,False
E5A_rq3_text_plus_image_qwen_20260730,Qwen/Qwen2.5-VL-7B-Instruct,cc594898137f460bfe9f0759e9844b3ce807cfb5,java,rq3g_java_072__c6,visual_only_trash,beautiful_trash,ugly_trash,beautiful_trash,False,False,False,0.4375,-1.6875,0.4375,True,False
E5A_rq3_text_plus_image_qwen_20260730,Qwen/Qwen2.5-VL-7B-Instruct,cc594898137f460bfe9f0759e9844b3ce807cfb5,java,rq3g_java_073__c1,visual_only_gold,golden,ugly_gold,golden,True,True,False,0.8125,-0.1875,0.8125,True,False
E5A_rq3_text_plus_image_qwen_20260730,Qwen/Qwen2.5-VL-7B-Instruct,cc594898137f460bfe9f0759e9844b3ce807cfb5,java,rq3g_java_073__c2,semantic_and_visual_aligned,golden,beautiful_trash,golden,True,True,False,3.6875,-0.0625,3.6875,True,False
E5A_rq3_text_plus_image_qwen_20260730,Qwen/Qwen2.5-VL-7B-Instruct,cc594898137f460bfe9f0759e9844b3ce807cfb5,java,rq3g_java_073__c3,semantic_and_visual_aligned,golden,ugly_trash,golden,True,True,False,3.75,0.25,3.75,True,False
E5A_rq3_text_plus_image_qwen_20260730,Qwen/Qwen2.5-VL-7B-Instruct,cc594898137f460bfe9f0759e9844b3ce807cfb5,java,rq3g_java_073__c4,semantic_visual_conflict_primary,ugly_gold,beautiful_trash,ugly_gold,True,True,False,3.0,-0.25,3.0,True,False
E5A_rq3_text_plus_image_qwen_20260730,Qwen/Qwen2.5-VL-7B-Instruct,cc594898137f460bfe9f0759e9844b3ce807cfb5,java,rq3g_java_073__c5,semantic_only_under_ugly,ugly_gold,ugly_trash,ugly_gold,True,True,False,3.25,0.125,3.25,True,False
E5A_rq3_text_plus_image_qwen_20260730,Qwen/Qwen2.5-VL-7B-Instruct,cc594898137f460bfe9f0759e9844b3ce807cfb5,java,rq3g_java_073__c6,visual_only_trash,beautiful_trash,ugly_trash,beautiful_trash,False,False,False,0.4375,-0.8125,0.4375,True,False
E5A_rq3_text_plus_image_qwen_20260730,Qwen/Qwen2.5-VL-7B-Instruct,cc594898137f460bfe9f0759e9844b3ce807cfb5,java,rq3g_java_074__c1,visual_only_gold,golden,ugly_gold,golden,True,True,False,0.5625,-0.5625,0.5625,True,False
E5A_rq3_text_plus_image_qwen_20260730,Qwen/Qwen2.5-VL-7B-Instruct,cc594898137f460bfe9f0759e9844b3ce807cfb5,java,rq3g_java_074__c2,semantic_and_visual_aligned,golden,beautiful_trash,golden,True,True,False,4.375,0.375,4.375,True,False
E5A_rq3_text_plus_image_qwen_20260730,Qwen/Qwen2.5-VL-7B-Instruct,cc594898137f460bfe9f0759e9844b3ce807cfb5,java,rq3g_java_074__c3,semantic_and_visual_aligned,golden,ugly_trash,golden,True,True,False,4.5625,0.6875,4.5625,True,False
E5A_rq3_text_plus_image_qwen_20260730,Qwen/Qwen2.5-VL-7B-Instruct,cc594898137f460bfe9f0759e9844b3ce807cfb5,java,rq3g_java_074__c4,semantic_visual_conflict_primary,ugly_gold,beautiful_trash,ugly_gold,True,True,False,4.0,-0.375,4.0,True,False
E5A_rq3_text_plus_image_qwen_20260730,Qwen/Qwen2.5-VL-7B-Instruct,cc594898137f460bfe9f0759e9844b3ce807cfb5,java,rq3g_java_074__c5,semantic_only_under_ugly,ugly_gold,ugly_trash,ugly_gold,True,True,False,4.0625,0.0625,4.0625,True,False
E5A_rq3_text_plus_image_qwen_20260730,Qwen/Qwen2.5-VL-7B-Instruct,cc594898137f460bfe9f0759e9844b3ce807cfb5,java,rq3g_java_074__c6,visual_only_trash,beautiful_trash,ugly_trash,beautiful_trash,False,False,False,0.5625,-0.9375,0.5625,True,False
E5A_rq3_text_plus_image_qwen_20260730,Qwen/Qwen2.5-VL-7B-Instruct,cc594898137f460bfe9f0759e9844b3ce807cfb5,java,rq3g_java_075__c1,visual_only_gold,golden,ugly_gold,golden,True,True,False,1.1875,-0.0625,1.1875,True,False
E5A_rq3_text_plus_image_qwen_20260730,Qwen/Qwen2.5-VL-7B-Instruct,cc594898137f460bfe9f0759e9844b3ce807cfb5,java,rq3g_java_075__c2,semantic_and_visual_aligned,golden,beautiful_trash,golden,True,True,False,3.6875,0.4375,3.6875,True,False
E5A_rq3_text_plus_image_qwen_20260730,Qwen/Qwen2.5-VL-7B-Instruct,cc594898137f460bfe9f0759e9844b3ce807cfb5,java,rq3g_java_075__c3,semantic_and_visual_aligned,golden,ugly_trash,golden,True,True,False,4.5,0.5,4.5,True,False
E5A_rq3_text_plus_image_qwen_20260730,Qwen/Qwen2.5-VL-7B-Instruct,cc594898137f460bfe9f0759e9844b3ce807cfb5,java,rq3g_java_075__c4,semantic_visual_conflict_primary,ugly_gold,beautiful_trash,ugly_gold,True,True,False,2.875,-0.25,2.875,True,False
E5A_rq3_text_plus_image_qwen_20260730,Qwen/Qwen2.5-VL-7B-Instruct,cc594898137f460bfe9f0759e9844b3ce807cfb5,java,rq3g_java_075__c5,semantic_only_under_ugly,ugly_gold,ugly_trash,ugly_gold,True,True,False,3.9375,0.1875,3.9375,True,False
E5A_rq3_text_plus_image_qwen_20260730,Qwen/Qwen2.5-VL-7B-Instruct,cc594898137f460bfe9f0759e9844b3ce807cfb5,java,rq3g_java_075__c6,visual_only_trash,beautiful_trash,ugly_trash,beautiful_trash,True,True,False,1.0625,-0.8125,1.0625,True,False
E5A_rq3_text_plus_image_qwen_20260730,Qwen/Qwen2.5-VL-7B-Instruct,cc594898137f460bfe9f0759e9844b3ce807cfb5,java,rq3g_java_076__c1,visual_only_gold,golden,ugly_gold,golden,True,True,False,0.9375,0.1875,0.9375,True,False
E5A_rq3_text_plus_image_qwen_20260730,Qwen/Qwen2.5-VL-7B-Instruct,cc594898137f460bfe9f0759e9844b3ce807cfb5,java,rq3g_java_076__c2,semantic_and_visual_aligned,golden,beautiful_trash,golden,True,True,False,5.0,0.125,5.0,True,False
E5A_rq3_text_plus_image_qwen_20260730,Qwen/Qwen2.5-VL-7B-Instruct,cc594898137f460bfe9f0759e9844b3ce807cfb5,java,rq3g_java_076__c3,semantic_and_visual_aligned,golden,ugly_trash,golden,True,True,False,5.0,0.5,5.0,True,False
E5A_rq3_text_plus_image_qwen_20260730,Qwen/Qwen2.5-VL-7B-Instruct,cc594898137f460bfe9f0759e9844b3ce807cfb5,java,rq3g_java_076__c4,semantic_visual_conflict_primary,ugly_gold,beautiful_trash,ugly_gold,True,True,False,4.375,-0.25,4.375,True,False
E5A_rq3_text_plus_image_qwen_20260730,Qwen/Qwen2.5-VL-7B-Instruct,cc594898137f460bfe9f0759e9844b3ce807cfb5,java,rq3g_java_076__c5,semantic_only_under_ugly,ugly_gold,ugly_trash,ugly_gold,True,True,False,4.6875,0.5625,4.6875,True,False
E5A_rq3_text_plus_image_qwen_20260730,Qwen/Qwen2.5-VL-7B-Instruct,cc594898137f460bfe9f0759e9844b3ce807cfb5,java,rq3g_java_076__c6,visual_only_trash,beautiful_trash,ugly_trash,beautiful_trash,False,False,False,0.625,-1.0,0.625,True,False
E5A_rq3_text_plus_image_qwen_20260730,Qwen/Qwen2.5-VL-7B-Instruct,cc594898137f460bfe9f0759e9844b3ce807cfb5,java,rq3g_java_077__c1,visual_only_gold,golden,ugly_gold,golden,False,False,False,0.4375,-0.8125,0.4375,True,False
E5A_rq3_text_plus_image_qwen_20260730,Qwen/Qwen2.5-VL-7B-Instruct,cc594898137f460bfe9f0759e9844b3ce807cfb5,java,rq3g_java_077__c2,semantic_and_visual_aligned,golden,beautiful_trash,golden,True,True,False,4.25,0.0,4.25,True,False
E5A_rq3_text_plus_image_qwen_20260730,Qwen/Qwen2.5-VL-7B-Instruct,cc594898137f460bfe9f0759e9844b3ce807cfb5,java,rq3g_java_077__c3,semantic_and_visual_aligned,golden,ugly_trash,golden,True,True,False,4.125,-0.125,4.125,True,False
E5A_rq3_text_plus_image_qwen_20260730,Qwen/Qwen2.5-VL-7B-Instruct,cc594898137f460bfe9f0759e9844b3ce807cfb5,java,rq3g_java_077__c4,semantic_visual_conflict_primary,ugly_gold,beautiful_trash,ugly_gold,True,True,False,4.25,-0.625,4.25,True,False
E5A_rq3_text_plus_image_qwen_20260730,Qwen/Qwen2.5-VL-7B-Instruct,cc594898137f460bfe9f0759e9844b3ce807cfb5,java,rq3g_java_077__c5,semantic_only_under_ugly,ugly_gold,ugly_trash,ugly_gold,True,True,False,3.6875,-0.5625,3.6875,True,False
E5A_rq3_text_plus_image_qwen_20260730,Qwen/Qwen2.5-VL-7B-Instruct,cc594898137f460bfe9f0759e9844b3ce807cfb5,java,rq3g_java_077__c6,visual_only_trash,beautiful_trash,ugly_trash,beautiful_trash,False,False,False,0.75,-1.375,0.75,True,False
E5A_rq3_text_plus_image_qwen_20260730,Qwen/Qwen2.5-VL-7B-Instruct,cc594898137f460bfe9f0759e9844b3ce807cfb5,java,rq3g_java_078__c1,visual_only_gold,golden,ugly_gold,golden,True,True,False,0.3125,-0.3125,0.3125,True,False
E5A_rq3_text_plus_image_qwen_20260730,Qwen/Qwen2.5-VL-7B-Instruct,cc594898137f460bfe9f0759e9844b3ce807cfb5,java,rq3g_java_078__c2,semantic_and_visual_aligned,golden,beautiful_trash,golden,True,True,False,3.4375,-0.0625,3.4375,True,False
E5A_rq3_text_plus_image_qwen_20260730,Qwen/Qwen2.5-VL-7B-Instruct,cc594898137f460bfe9f0759e9844b3ce807cfb5,java,rq3g_java_078__c3,semantic_and_visual_aligned,golden,ugly_trash,golden,True,True,False,3.8125,0.1875,3.8125,True,False
E5A_rq3_text_plus_image_qwen_20260730,Qwen/Qwen2.5-VL-7B-Instruct,cc594898137f460bfe9f0759e9844b3ce807cfb5,java,rq3g_java_078__c4,semantic_visual_conflict_primary,ugly_gold,beautiful_trash,ugly_gold,True,True,False,3.125,-0.375,3.125,True,False
E5A_rq3_text_plus_image_qwen_20260730,Qwen/Qwen2.5-VL-7B-Instruct,cc594898137f460bfe9f0759e9844b3ce807cfb5,java,rq3g_java_078__c5,semantic_only_under_ugly,ugly_gold,ugly_trash,ugly_gold,True,True,False,3.1875,-0.3125,3.1875,True,False
E5A_rq3_text_plus_image_qwen_20260730,Qwen/Qwen2.5-VL-7B-Instruct,cc594898137f460bfe9f0759e9844b3ce807cfb5,java,rq3g_java_078__c6,visual_only_trash,beautiful_trash,ugly_trash,beautiful_trash,False,False,False,0.625,-0.75,0.625,True,False
E5A_rq3_text_plus_image_qwen_20260730,Qwen/Qwen2.5-VL-7B-Instruct,cc594898137f460bfe9f0759e9844b3ce807cfb5,java,rq3g_java_079__c1,visual_only_gold,golden,ugly_gold,golden,True,True,False,1.125,0.25,1.125,True,False
E5A_rq3_text_plus_image_qwen_20260730,Qwen/Qwen2.5-VL-7B-Instruct,cc594898137f460bfe9f0759e9844b3ce807cfb5,java,rq3g_java_079__c2,semantic_and_visual_aligned,golden,beautiful_trash,golden,True,True,False,4.375,1.125,4.375,True,False
E5A_rq3_text_plus_image_qwen_20260730,Qwen/Qwen2.5-VL-7B-Instruct,cc594898137f460bfe9f0759e9844b3ce807cfb5,java,rq3g_java_079__c3,semantic_and_visual_aligned,golden,ugly_trash,golden,True,True,False,4.4375,0.6875,4.4375,True,False
E5A_rq3_text_plus_image_qwen_20260730,Qwen/Qwen2.5-VL-7B-Instruct,cc594898137f460bfe9f0759e9844b3ce807cfb5,java,rq3g_java_079__c4,semantic_visual_conflict_primary,ugly_gold,beautiful_trash,ugly_gold,True,True,False,4.0625,0.5625,4.0625,True,False
E5A_rq3_text_plus_image_qwen_20260730,Qwen/Qwen2.5-VL-7B-Instruct,cc594898137f460bfe9f0759e9844b3ce807cfb5,java,rq3g_java_079__c5,semantic_only_under_ugly,ugly_gold,ugly_trash,ugly_gold,True,True,False,4.25,0.5,4.25,True,False
E5A_rq3_text_plus_image_qwen_20260730,Qwen/Qwen2.5-VL-7B-Instruct,cc594898137f460bfe9f0759e9844b3ce807cfb5,java,rq3g_java_079__c6,visual_only_trash,beautiful_trash,ugly_trash,beautiful_trash,True,True,False,1.125,-0.625,1.125,True,False
E5A_rq3_text_plus_image_qwen_20260730,Qwen/Qwen2.5-VL-7B-Instruct,cc594898137f460bfe9f0759e9844b3ce807cfb5,java,rq3g_java_080__c1,visual_only_gold,golden,ugly_gold,golden,True,True,False,0.9375,0.3125,0.9375,True,False
E5A_rq3_text_plus_image_qwen_20260730,Qwen/Qwen2.5-VL-7B-Instruct,cc594898137f460bfe9f0759e9844b3ce807cfb5,java,rq3g_java_080__c2,semantic_and_visual_aligned,golden,beautiful_trash,golden,True,True,False,3.8125,-0.3125,3.8125,True,False
E5A_rq3_text_plus_image_qwen_20260730,Qwen/Qwen2.5-VL-7B-Instruct,cc594898137f460bfe9f0759e9844b3ce807cfb5,java,rq3g_java_080__c3,semantic_and_visual_aligned,golden,ugly_trash,golden,True,True,False,4.0625,0.0625,4.0625,True,False
E5A_rq3_text_plus_image_qwen_20260730,Qwen/Qwen2.5-VL-7B-Instruct,cc594898137f460bfe9f0759e9844b3ce807cfb5,java,rq3g_java_080__c4,semantic_visual_conflict_primary,ugly_gold,beautiful_trash,ugly_gold,True,True,False,3.4375,-0.4375,3.4375,True,False
E5A_rq3_text_plus_image_qwen_20260730,Qwen/Qwen2.5-VL-7B-Instruct,cc594898137f460bfe9f0759e9844b3ce807cfb5,java,rq3g_java_080__c5,semantic_only_under_ugly,ugly_gold,ugly_trash,ugly_gold,True,True,False,3.25,-0.375,3.25,True,False
E5A_rq3_text_plus_image_qwen_20260730,Qwen/Qwen2.5-VL-7B-Instruct,cc594898137f460bfe9f0759e9844b3ce807cfb5,java,rq3g_java_080__c6,visual_only_trash,beautiful_trash,ugly_trash,beautiful_trash,False,False,False,0.1875,-0.9375,0.1875,True,False
E5A_rq3_text_plus_image_qwen_20260730,Qwen/Qwen2.5-VL-7B-Instruct,cc594898137f460bfe9f0759e9844b3ce807cfb5,java,rq3g_java_081__c1,visual_only_gold,golden,ugly_gold,golden,True,True,False,0.5625,0.1875,0.5625,True,False
E5A_rq3_text_plus_image_qwen_20260730,Qwen/Qwen2.5-VL-7B-Instruct,cc594898137f460bfe9f0759e9844b3ce807cfb5,java,rq3g_java_081__c2,semantic_and_visual_aligned,golden,beautiful_trash,golden,True,True,False,4.3125,0.1875,4.3125,True,False
E5A_rq3_text_plus_image_qwen_20260730,Qwen/Qwen2.5-VL-7B-Instruct,cc594898137f460bfe9f0759e9844b3ce807cfb5,java,rq3g_java_081__c3,semantic_and_visual_aligned,golden,ugly_trash,golden,True,True,False,4.25,0.375,4.25,True,False
E5A_rq3_text_plus_image_qwen_20260730,Qwen/Qwen2.5-VL-7B-Instruct,cc594898137f460bfe9f0759e9844b3ce807cfb5,java,rq3g_java_081__c4,semantic_visual_conflict_primary,ugly_gold,beautiful_trash,ugly_gold,True,True,False,4.0,0.0,4.0,True,False
E5A_rq3_text_plus_image_qwen_20260730,Qwen/Qwen2.5-VL-7B-Instruct,cc594898137f460bfe9f0759e9844b3ce807cfb5,java,rq3g_java_081__c5,semantic_only_under_ugly,ugly_gold,ugly_trash,ugly_gold,True,True,False,4.0,-0.125,4.0,True,False
E5A_rq3_text_plus_image_qwen_20260730,Qwen/Qwen2.5-VL-7B-Instruct,cc594898137f460bfe9f0759e9844b3ce807cfb5,java,rq3g_java_081__c6,visual_only_trash,beautiful_trash,ugly_trash,beautiful_trash,False,False,False,0.3125,-1.0625,0.3125,True,False
E5A_rq3_text_plus_image_qwen_20260730,Qwen/Qwen2.5-VL-7B-Instruct,cc594898137f460bfe9f0759e9844b3ce807cfb5,java,rq3g_java_082__c1,visual_only_gold,golden,ugly_gold,golden,True,True,False,1.0625,-0.0625,1.0625,True,False
E5A_rq3_text_plus_image_qwen_20260730,Qwen/Qwen2.5-VL-7B-Instruct,cc594898137f460bfe9f0759e9844b3ce807cfb5,java,rq3g_java_082__c2,semantic_and_visual_aligned,golden,beautiful_trash,golden,True,True,False,4.5,0.375,4.5,True,False
E5A_rq3_text_plus_image_qwen_20260730,Qwen/Qwen2.5-VL-7B-Instruct,cc594898137f460bfe9f0759e9844b3ce807cfb5,java,rq3g_java_082__c3,semantic_and_visual_aligned,golden,ugly_trash,golden,True,True,False,4.125,0.375,4.125,True,False
E5A_rq3_text_plus_image_qwen_20260730,Qwen/Qwen2.5-VL-7B-Instruct,cc594898137f460bfe9f0759e9844b3ce807cfb5,java,rq3g_java_082__c4,semantic_visual_conflict_primary,ugly_gold,beautiful_trash,ugly_gold,True,True,False,3.8125,-0.5625,3.8125,True,False
E5A_rq3_text_plus_image_qwen_20260730,Qwen/Qwen2.5-VL-7B-Instruct,cc594898137f460bfe9f0759e9844b3ce807cfb5,java,rq3g_java_082__c5,semantic_only_under_ugly,ugly_gold,ugly_trash,ugly_gold,True,True,False,3.875,-0.25,3.875,True,False
E5A_rq3_text_plus_image_qwen_20260730,Qwen/Qwen2.5-VL-7B-Instruct,cc594898137f460bfe9f0759e9844b3ce807cfb5,java,rq3g_java_082__c6,visual_only_trash,beautiful_trash,ugly_trash,beautiful_trash,False,False,False,0.75,-1.375,0.75,True,False
E5A_rq3_text_plus_image_qwen_20260730,Qwen/Qwen2.5-VL-7B-Instruct,cc594898137f460bfe9f0759e9844b3ce807cfb5,java,rq3g_java_083__c1,visual_only_gold,golden,ugly_gold,golden,True,True,False,0.5625,0.1875,0.5625,True,False
E5A_rq3_text_plus_image_qwen_20260730,Qwen/Qwen2.5-VL-7B-Instruct,cc594898137f460bfe9f0759e9844b3ce807cfb5,java,rq3g_java_083__c2,semantic_and_visual_aligned,golden,beautiful_trash,golden,True,True,False,4.375,0.625,4.375,True,False
E5A_rq3_text_plus_image_qwen_20260730,Qwen/Qwen2.5-VL-7B-Instruct,cc594898137f460bfe9f0759e9844b3ce807cfb5,java,rq3g_java_083__c3,semantic_and_visual_aligned,golden,ugly_trash,golden,True,True,False,4.8125,1.0625,4.8125,True,False
E5A_rq3_text_plus_image_qwen_20260730,Qwen/Qwen2.5-VL-7B-Instruct,cc594898137f460bfe9f0759e9844b3ce807cfb5,java,rq3g_java_083__c4,semantic_visual_conflict_primary,ugly_gold,beautiful_trash,ugly_gold,True,True,False,4.375,0.75,4.375,True,False
E5A_rq3_text_plus_image_qwen_20260730,Qwen/Qwen2.5-VL-7B-Instruct,cc594898137f460bfe9f0759e9844b3ce807cfb5,java,rq3g_java_083__c5,semantic_only_under_ugly,ugly_gold,ugly_trash,ugly_gold,True,True,False,4.875,1.0,4.875,True,False
E5A_rq3_text_plus_image_qwen_20260730,Qwen/Qwen2.5-VL-7B-Instruct,cc594898137f460bfe9f0759e9844b3ce807cfb5,java,rq3g_java_083__c6,visual_only_trash,beautiful_trash,ugly_trash,beautiful_trash,True,True,False,1.5,-0.375,1.5,True,False
E5A_rq3_text_plus_image_qwen_20260730,Qwen/Qwen2.5-VL-7B-Instruct,cc594898137f460bfe9f0759e9844b3ce807cfb5,java,rq3g_java_084__c1,visual_only_gold,golden,ugly_gold,golden,True,True,False,1.3125,0.0625,1.3125,True,False
E5A_rq3_text_plus_image_qwen_20260730,Qwen/Qwen2.5-VL-7B-Instruct,cc594898137f460bfe9f0759e9844b3ce807cfb5,java,rq3g_java_084__c2,semantic_and_visual_aligned,golden,beautiful_trash,golden,True,True,False,4.3125,-0.1875,4.3125,True,False
E5A_rq3_text_plus_image_qwen_20260730,Qwen/Qwen2.5-VL-7B-Instruct,cc594898137f460bfe9f0759e9844b3ce807cfb5,java,rq3g_java_084__c3,semantic_and_visual_aligned,golden,ugly_trash,golden,True,True,False,4.5,0.125,4.5,True,False
E5A_rq3_text_plus_image_qwen_20260730,Qwen/Qwen2.5-VL-7B-Instruct,cc594898137f460bfe9f0759e9844b3ce807cfb5,java,rq3g_java_084__c4,semantic_visual_conflict_primary,ugly_gold,beautiful_trash,ugly_gold,True,True,False,3.75,-0.5,3.75,True,False
E5A_rq3_text_plus_image_qwen_20260730,Qwen/Qwen2.5-VL-7B-Instruct,cc594898137f460bfe9f0759e9844b3ce807cfb5,java,rq3g_java_084__c5,semantic_only_under_ugly,ugly_gold,ugly_trash,ugly_gold,True,True,False,4.1875,-0.1875,4.1875,True,False
E5A_rq3_text_plus_image_qwen_20260730,Qwen/Qwen2.5-VL-7B-Instruct,cc594898137f460bfe9f0759e9844b3ce807cfb5,java,rq3g_java_084__c6,visual_only_trash,beautiful_trash,ugly_trash,beautiful_trash,False,False,False,0.375,-1.25,0.375,True,False
E5A_rq3_text_plus_image_qwen_20260730,Qwen/Qwen2.5-VL-7B-Instruct,cc594898137f460bfe9f0759e9844b3ce807cfb5,java,rq3g_java_085__c1,visual_only_gold,golden,ugly_gold,golden,False,False,False,0.0,-0.125,0.0,False,True
E5A_rq3_text_plus_image_qwen_20260730,Qwen/Qwen2.5-VL-7B-Instruct,cc594898137f460bfe9f0759e9844b3ce807cfb5,java,rq3g_java_085__c2,semantic_and_visual_aligned,golden,beautiful_trash,golden,True,True,False,3.875,0.5,3.875,True,False
E5A_rq3_text_plus_image_qwen_20260730,Qwen/Qwen2.5-VL-7B-Instruct,cc594898137f460bfe9f0759e9844b3ce807cfb5,java,rq3g_java_085__c3,semantic_and_visual_aligned,golden,ugly_trash,golden,True,True,False,4.1875,0.5625,4.1875,True,False
E5A_rq3_text_plus_image_qwen_20260730,Qwen/Qwen2.5-VL-7B-Instruct,cc594898137f460bfe9f0759e9844b3ce807cfb5,java,rq3g_java_085__c4,semantic_visual_conflict_primary,ugly_gold,beautiful_trash,ugly_gold,True,True,False,4.125,0.0,4.125,True,False
E5A_rq3_text_plus_image_qwen_20260730,Qwen/Qwen2.5-VL-7B-Instruct,cc594898137f460bfe9f0759e9844b3ce807cfb5,java,rq3g_java_085__c5,semantic_only_under_ugly,ugly_gold,ugly_trash,ugly_gold,True,True,False,4.3125,0.3125,4.3125,True,False
E5A_rq3_text_plus_image_qwen_20260730,Qwen/Qwen2.5-VL-7B-Instruct,cc594898137f460bfe9f0759e9844b3ce807cfb5,java,rq3g_java_085__c6,visual_only_trash,beautiful_trash,ugly_trash,beautiful_trash,False,False,False,0.625,-0.875,0.625,True,False
E5A_rq3_text_plus_image_qwen_20260730,Qwen/Qwen2.5-VL-7B-Instruct,cc594898137f460bfe9f0759e9844b3ce807cfb5,java,rq3g_java_086__c1,visual_only_gold,golden,ugly_gold,golden,True,True,False,1.1875,0.0625,1.1875,True,False
E5A_rq3_text_plus_image_qwen_20260730,Qwen/Qwen2.5-VL-7B-Instruct,cc594898137f460bfe9f0759e9844b3ce807cfb5,java,rq3g_java_086__c2,semantic_and_visual_aligned,golden,beautiful_trash,golden,True,True,False,3.75,0.25,3.75,True,False
E5A_rq3_text_plus_image_qwen_20260730,Qwen/Qwen2.5-VL-7B-Instruct,cc594898137f460bfe9f0759e9844b3ce807cfb5,java,rq3g_java_086__c3,semantic_and_visual_aligned,golden,ugly_trash,golden,True,True,False,4.0,0.125,4.0,True,False
E5A_rq3_text_plus_image_qwen_20260730,Qwen/Qwen2.5-VL-7B-Instruct,cc594898137f460bfe9f0759e9844b3ce807cfb5,java,rq3g_java_086__c4,semantic_visual_conflict_primary,ugly_gold,beautiful_trash,ugly_gold,True,True,False,3.75,-0.25,3.75,True,False
E5A_rq3_text_plus_image_qwen_20260730,Qwen/Qwen2.5-VL-7B-Instruct,cc594898137f460bfe9f0759e9844b3ce807cfb5,java,rq3g_java_086__c5,semantic_only_under_ugly,ugly_gold,ugly_trash,ugly_gold,True,True,False,3.6875,-0.0625,3.6875,True,False
E5A_rq3_text_plus_image_qwen_20260730,Qwen/Qwen2.5-VL-7B-Instruct,cc594898137f460bfe9f0759e9844b3ce807cfb5,java,rq3g_java_086__c6,visual_only_trash,beautiful_trash,ugly_trash,beautiful_trash,False,False,False,0.5625,-1.0625,0.5625,True,False
E5A_rq3_text_plus_image_qwen_20260730,Qwen/Qwen2.5-VL-7B-Instruct,cc594898137f460bfe9f0759e9844b3ce807cfb5,java,rq3g_java_087__c1,visual_only_gold,golden,ugly_gold,golden,True,True,False,0.6875,-0.3125,0.6875,True,False
E5A_rq3_text_plus_image_qwen_20260730,Qwen/Qwen2.5-VL-7B-Instruct,cc594898137f460bfe9f0759e9844b3ce807cfb5,java,rq3g_java_087__c2,semantic_and_visual_aligned,golden,beautiful_trash,golden,True,True,False,3.6875,0.4375,3.6875,True,False
E5A_rq3_text_plus_image_qwen_20260730,Qwen/Qwen2.5-VL-7B-Instruct,cc594898137f460bfe9f0759e9844b3ce807cfb5,java,rq3g_java_087__c3,semantic_and_visual_aligned,golden,ugly_trash,golden,True,True,False,4.0625,0.6875,4.0625,True,False
E5A_rq3_text_plus_image_qwen_20260730,Qwen/Qwen2.5-VL-7B-Instruct,cc594898137f460bfe9f0759e9844b3ce807cfb5,java,rq3g_java_087__c4,semantic_visual_conflict_primary,ugly_gold,beautiful_trash,ugly_gold,True,True,False,3.9375,0.4375,3.9375,True,False
E5A_rq3_text_plus_image_qwen_20260730,Qwen/Qwen2.5-VL-7B-Instruct,cc594898137f460bfe9f0759e9844b3ce807cfb5,java,rq3g_java_087__c5,semantic_only_under_ugly,ugly_gold,ugly_trash,ugly_gold,True,True,False,4.25,0.625,4.25,True,False
E5A_rq3_text_plus_image_qwen_20260730,Qwen/Qwen2.5-VL-7B-Instruct,cc594898137f460bfe9f0759e9844b3ce807cfb5,java,rq3g_java_087__c6,visual_only_trash,beautiful_trash,ugly_trash,beautiful_trash,True,True,False,1.25,-1.0,1.25,True,False
E5A_rq3_text_plus_image_qwen_20260730,Qwen/Qwen2.5-VL-7B-Instruct,cc594898137f460bfe9f0759e9844b3ce807cfb5,java,rq3g_java_088__c1,visual_only_gold,golden,ugly_gold,golden,True,True,False,0.8125,-0.6875,0.8125,True,False
E5A_rq3_text_plus_image_qwen_20260730,Qwen/Qwen2.5-VL-7B-Instruct,cc594898137f460bfe9f0759e9844b3ce807cfb5,java,rq3g_java_088__c2,semantic_and_visual_aligned,golden,beautiful_trash,golden,True,True,False,3.8125,-0.3125,3.8125,True,False
E5A_rq3_text_plus_image_qwen_20260730,Qwen/Qwen2.5-VL-7B-Instruct,cc594898137f460bfe9f0759e9844b3ce807cfb5,java,rq3g_java_088__c3,semantic_and_visual_aligned,golden,ugly_trash,golden,True,True,False,3.8125,-0.1875,3.8125,True,False
E5A_rq3_text_plus_image_qwen_20260730,Qwen/Qwen2.5-VL-7B-Instruct,cc594898137f460bfe9f0759e9844b3ce807cfb5,java,rq3g_java_088__c4,semantic_visual_conflict_primary,ugly_gold,beautiful_trash,ugly_gold,True,True,False,3.375,-0.625,3.375,True,False
E5A_rq3_text_plus_image_qwen_20260730,Qwen/Qwen2.5-VL-7B-Instruct,cc594898137f460bfe9f0759e9844b3ce807cfb5,java,rq3g_java_088__c5,semantic_only_under_ugly,ugly_gold,ugly_trash,ugly_gold,True,True,False,3.25,-0.5,3.25,True,False
E5A_rq3_text_plus_image_qwen_20260730,Qwen/Qwen2.5-VL-7B-Instruct,cc594898137f460bfe9f0759e9844b3ce807cfb5,java,rq3g_java_088__c6,visual_only_trash,beautiful_trash,ugly_trash,beautiful_trash,False,False,False,0.4375,-1.1875,0.4375,True,False
E5A_rq3_text_plus_image_qwen_20260730,Qwen/Qwen2.5-VL-7B-Instruct,cc594898137f460bfe9f0759e9844b3ce807cfb5,java,rq3g_java_089__c1,visual_only_gold,golden,ugly_gold,golden,True,True,False,0.25,0.125,0.25,True,False
E5A_rq3_text_plus_image_qwen_20260730,Qwen/Qwen2.5-VL-7B-Instruct,cc594898137f460bfe9f0759e9844b3ce807cfb5,java,rq3g_java_089__c2,semantic_and_visual_aligned,golden,beautiful_trash,golden,True,True,False,4.1875,0.6875,4.1875,True,False
E5A_rq3_text_plus_image_qwen_20260730,Qwen/Qwen2.5-VL-7B-Instruct,cc594898137f460bfe9f0759e9844b3ce807cfb5,java,rq3g_java_089__c3,semantic_and_visual_aligned,golden,ugly_trash,golden,True,True,False,4.1875,0.3125,4.1875,True,False
E5A_rq3_text_plus_image_qwen_20260730,Qwen/Qwen2.5-VL-7B-Instruct,cc594898137f460bfe9f0759e9844b3ce807cfb5,java,rq3g_java_089__c4,semantic_visual_conflict_primary,ugly_gold,beautiful_trash,ugly_gold,True,True,False,3.4375,-0.6875,3.4375,True,False
E5A_rq3_text_plus_image_qwen_20260730,Qwen/Qwen2.5-VL-7B-Instruct,cc594898137f460bfe9f0759e9844b3ce807cfb5,java,rq3g_java_089__c5,semantic_only_under_ugly,ugly_gold,ugly_trash,ugly_gold,True,True,False,3.4375,-0.3125,3.4375,True,False
E5A_rq3_text_plus_image_qwen_20260730,Qwen/Qwen2.5-VL-7B-Instruct,cc594898137f460bfe9f0759e9844b3ce807cfb5,java,rq3g_java_089__c6,visual_only_trash,beautiful_trash,ugly_trash,beautiful_trash,False,False,False,-0.0625,-0.8125,-0.0625,False,False
E5A_rq3_text_plus_image_qwen_20260730,Qwen/Qwen2.5-VL-7B-Instruct,cc594898137f460bfe9f0759e9844b3ce807cfb5,java,rq3g_java_090__c1,visual_only_gold,golden,ugly_gold,golden,True,True,False,0.875,-0.5,0.875,True,False
E5A_rq3_text_plus_image_qwen_20260730,Qwen/Qwen2.5-VL-7B-Instruct,cc594898137f460bfe9f0759e9844b3ce807cfb5,java,rq3g_java_090__c2,semantic_and_visual_aligned,golden,beautiful_trash,golden,True,True,False,3.0,-0.625,3.0,True,False
E5A_rq3_text_plus_image_qwen_20260730,Qwen/Qwen2.5-VL-7B-Instruct,cc594898137f460bfe9f0759e9844b3ce807cfb5,java,rq3g_java_090__c3,semantic_and_visual_aligned,golden,ugly_trash,golden,True,True,False,3.25,-0.25,3.25,True,False
E5A_rq3_text_plus_image_qwen_20260730,Qwen/Qwen2.5-VL-7B-Instruct,cc594898137f460bfe9f0759e9844b3ce807cfb5,java,rq3g_java_090__c4,semantic_visual_conflict_primary,ugly_gold,beautiful_trash,ugly_gold,True,True,False,2.3125,-0.9375,2.3125,True,False
E5A_rq3_text_plus_image_qwen_20260730,Qwen/Qwen2.5-VL-7B-Instruct,cc594898137f460bfe9f0759e9844b3ce807cfb5,java,rq3g_java_090__c5,semantic_only_under_ugly,ugly_gold,ugly_trash,ugly_gold,True,True,False,2.75,-0.625,2.75,True,False
E5A_rq3_text_plus_image_qwen_20260730,Qwen/Qwen2.5-VL-7B-Instruct,cc594898137f460bfe9f0759e9844b3ce807cfb5,java,rq3g_java_090__c6,visual_only_trash,beautiful_trash,ugly_trash,beautiful_trash,False,False,False,0.4375,-0.9375,0.4375,True,False
E5A_rq3_text_plus_image_qwen_20260730,Qwen/Qwen2.5-VL-7B-Instruct,cc594898137f460bfe9f0759e9844b3ce807cfb5,java,rq3g_java_091__c1,visual_only_gold,golden,ugly_gold,golden,True,True,False,0.4375,0.0625,0.4375,True,False
E5A_rq3_text_plus_image_qwen_20260730,Qwen/Qwen2.5-VL-7B-Instruct,cc594898137f460bfe9f0759e9844b3ce807cfb5,java,rq3g_java_091__c2,semantic_and_visual_aligned,golden,beautiful_trash,golden,True,True,False,3.625,-0.25,3.625,True,False
E5A_rq3_text_plus_image_qwen_20260730,Qwen/Qwen2.5-VL-7B-Instruct,cc594898137f460bfe9f0759e9844b3ce807cfb5,java,rq3g_java_091__c3,semantic_and_visual_aligned,golden,ugly_trash,golden,True,True,False,4.125,0.125,4.125,True,False
E5A_rq3_text_plus_image_qwen_20260730,Qwen/Qwen2.5-VL-7B-Instruct,cc594898137f460bfe9f0759e9844b3ce807cfb5,java,rq3g_java_091__c4,semantic_visual_conflict_primary,ugly_gold,beautiful_trash,ugly_gold,True,True,False,4.0,-0.5,4.0,True,False
E5A_rq3_text_plus_image_qwen_20260730,Qwen/Qwen2.5-VL-7B-Instruct,cc594898137f460bfe9f0759e9844b3ce807cfb5,java,rq3g_java_091__c5,semantic_only_under_ugly,ugly_gold,ugly_trash,ugly_gold,True,True,False,4.5,-0.125,4.5,True,False
E5A_rq3_text_plus_image_qwen_20260730,Qwen/Qwen2.5-VL-7B-Instruct,cc594898137f460bfe9f0759e9844b3ce807cfb5,java,rq3g_java_091__c6,visual_only_trash,beautiful_trash,ugly_trash,beautiful_trash,True,True,False,1.0,-0.875,1.0,True,False
E5A_rq3_text_plus_image_qwen_20260730,Qwen/Qwen2.5-VL-7B-Instruct,cc594898137f460bfe9f0759e9844b3ce807cfb5,java,rq3g_java_092__c1,visual_only_gold,golden,ugly_gold,golden,True,True,False,1.125,0.125,1.125,True,False
E5A_rq3_text_plus_image_qwen_20260730,Qwen/Qwen2.5-VL-7B-Instruct,cc594898137f460bfe9f0759e9844b3ce807cfb5,java,rq3g_java_092__c2,semantic_and_visual_aligned,golden,beautiful_trash,golden,True,True,False,4.625,0.0,4.625,True,False
E5A_rq3_text_plus_image_qwen_20260730,Qwen/Qwen2.5-VL-7B-Instruct,cc594898137f460bfe9f0759e9844b3ce807cfb5,java,rq3g_java_092__c3,semantic_and_visual_aligned,golden,ugly_trash,golden,True,True,False,4.6875,-0.0625,4.6875,True,False
E5A_rq3_text_plus_image_qwen_20260730,Qwen/Qwen2.5-VL-7B-Instruct,cc594898137f460bfe9f0759e9844b3ce807cfb5,java,rq3g_java_092__c4,semantic_visual_conflict_primary,ugly_gold,beautiful_trash,ugly_gold,True,True,False,4.4375,0.0625,4.4375,True,False
E5A_rq3_text_plus_image_qwen_20260730,Qwen/Qwen2.5-VL-7B-Instruct,cc594898137f460bfe9f0759e9844b3ce807cfb5,java,rq3g_java_092__c5,semantic_only_under_ugly,ugly_gold,ugly_trash,ugly_gold,True,True,False,4.375,0.125,4.375,True,False
E5A_rq3_text_plus_image_qwen_20260730,Qwen/Qwen2.5-VL-7B-Instruct,cc594898137f460bfe9f0759e9844b3ce807cfb5,java,rq3g_java_092__c6,visual_only_trash,beautiful_trash,ugly_trash,beautiful_trash,False,False,False,0.5625,-0.8125,0.5625,True,False
E5A_rq3_text_plus_image_qwen_20260730,Qwen/Qwen2.5-VL-7B-Instruct,cc594898137f460bfe9f0759e9844b3ce807cfb5,java,rq3g_java_093__c1,visual_only_gold,golden,ugly_gold,golden,True,True,False,0.875,-0.5,0.875,True,False
E5A_rq3_text_plus_image_qwen_20260730,Qwen/Qwen2.5-VL-7B-Instruct,cc594898137f460bfe9f0759e9844b3ce807cfb5,java,rq3g_java_093__c2,semantic_and_visual_aligned,golden,beautiful_trash,golden,True,True,False,4.5,0.0,4.5,True,False
E5A_rq3_text_plus_image_qwen_20260730,Qwen/Qwen2.5-VL-7B-Instruct,cc594898137f460bfe9f0759e9844b3ce807cfb5,java,rq3g_java_093__c3,semantic_and_visual_aligned,golden,ugly_trash,golden,True,True,False,4.25,0.125,4.25,True,False
E5A_rq3_text_plus_image_qwen_20260730,Qwen/Qwen2.5-VL-7B-Instruct,cc594898137f460bfe9f0759e9844b3ce807cfb5,java,rq3g_java_093__c4,semantic_visual_conflict_primary,ugly_gold,beautiful_trash,ugly_gold,True,True,False,4.5,-0.5,4.5,True,False
E5A_rq3_text_plus_image_qwen_20260730,Qwen/Qwen2.5-VL-7B-Instruct,cc594898137f460bfe9f0759e9844b3ce807cfb5,java,rq3g_java_093__c5,semantic_only_under_ugly,ugly_gold,ugly_trash,ugly_gold,True,True,False,4.125,-0.25,4.125,True,False
E5A_rq3_text_plus_image_qwen_20260730,Qwen/Qwen2.5-VL-7B-Instruct,cc594898137f460bfe9f0759e9844b3ce807cfb5,java,rq3g_java_093__c6,visual_only_trash,beautiful_trash,ugly_trash,beautiful_trash,False,False,False,0.5625,-1.3125,0.5625,True,False
E5A_rq3_text_plus_image_qwen_20260730,Qwen/Qwen2.5-VL-7B-Instruct,cc594898137f460bfe9f0759e9844b3ce807cfb5,java,rq3g_java_094__c1,visual_only_gold,golden,ugly_gold,golden,True,True,False,1.375,0.125,1.375,True,False
E5A_rq3_text_plus_image_qwen_20260730,Qwen/Qwen2.5-VL-7B-Instruct,cc594898137f460bfe9f0759e9844b3ce807cfb5,java,rq3g_java_094__c2,semantic_and_visual_aligned,golden,beautiful_trash,golden,True,True,False,4.8125,0.4375,4.8125,True,False
E5A_rq3_text_plus_image_qwen_20260730,Qwen/Qwen2.5-VL-7B-Instruct,cc594898137f460bfe9f0759e9844b3ce807cfb5,java,rq3g_java_094__c3,semantic_and_visual_aligned,golden,ugly_trash,golden,True,True,False,4.75,0.5,4.75,True,False
E5A_rq3_text_plus_image_qwen_20260730,Qwen/Qwen2.5-VL-7B-Instruct,cc594898137f460bfe9f0759e9844b3ce807cfb5,java,rq3g_java_094__c4,semantic_visual_conflict_primary,ugly_gold,beautiful_trash,ugly_gold,True,True,False,4.375,-0.125,4.375,True,False
E5A_rq3_text_plus_image_qwen_20260730,Qwen/Qwen2.5-VL-7B-Instruct,cc594898137f460bfe9f0759e9844b3ce807cfb5,java,rq3g_java_094__c5,semantic_only_under_ugly,ugly_gold,ugly_trash,ugly_gold,True,True,False,4.25,0.0,4.25,True,False
E5A_rq3_text_plus_image_qwen_20260730,Qwen/Qwen2.5-VL-7B-Instruct,cc594898137f460bfe9f0759e9844b3ce807cfb5,java,rq3g_java_094__c6,visual_only_trash,beautiful_trash,ugly_trash,beautiful_trash,False,False,False,0.4375,-1.9375,0.4375,True,False
E5A_rq3_text_plus_image_qwen_20260730,Qwen/Qwen2.5-VL-7B-Instruct,cc594898137f460bfe9f0759e9844b3ce807cfb5,java,rq3g_java_095__c1,visual_only_gold,golden,ugly_gold,golden,True,True,False,1.3125,0.5625,1.3125,True,False
E5A_rq3_text_plus_image_qwen_20260730,Qwen/Qwen2.5-VL-7B-Instruct,cc594898137f460bfe9f0759e9844b3ce807cfb5,java,rq3g_java_095__c2,semantic_and_visual_aligned,golden,beautiful_trash,golden,True,True,False,4.6875,1.6875,4.6875,True,False
E5A_rq3_text_plus_image_qwen_20260730,Qwen/Qwen2.5-VL-7B-Instruct,cc594898137f460bfe9f0759e9844b3ce807cfb5,java,rq3g_java_095__c3,semantic_and_visual_aligned,golden,ugly_trash,golden,True,True,False,4.8125,1.5625,4.8125,True,False
E5A_rq3_text_plus_image_qwen_20260730,Qwen/Qwen2.5-VL-7B-Instruct,cc594898137f460bfe9f0759e9844b3ce807cfb5,java,rq3g_java_095__c4,semantic_visual_conflict_primary,ugly_gold,beautiful_trash,ugly_gold,True,True,False,3.9375,1.1875,3.9375,True,False
E5A_rq3_text_plus_image_qwen_20260730,Qwen/Qwen2.5-VL-7B-Instruct,cc594898137f460bfe9f0759e9844b3ce807cfb5,java,rq3g_java_095__c5,semantic_only_under_ugly,ugly_gold,ugly_trash,ugly_gold,True,True,False,4.25,1.25,4.25,True,False
E5A_rq3_text_plus_image_qwen_20260730,Qwen/Qwen2.5-VL-7B-Instruct,cc594898137f460bfe9f0759e9844b3ce807cfb5,java,rq3g_java_095__c6,visual_only_trash,beautiful_trash,ugly_trash,beautiful_trash,True,True,False,0.875,-0.875,0.875,True,False
E5A_rq3_text_plus_image_qwen_20260730,Qwen/Qwen2.5-VL-7B-Instruct,cc594898137f460bfe9f0759e9844b3ce807cfb5,java,rq3g_java_096__c1,visual_only_gold,golden,ugly_gold,golden,False,False,False,-0.125,-0.875,-0.125,False,False
E5A_rq3_text_plus_image_qwen_20260730,Qwen/Qwen2.5-VL-7B-Instruct,cc594898137f460bfe9f0759e9844b3ce807cfb5,java,rq3g_java_096__c2,semantic_and_visual_aligned,golden,beautiful_trash,golden,True,True,False,3.9375,-0.5625,3.9375,True,False
E5A_rq3_text_plus_image_qwen_20260730,Qwen/Qwen2.5-VL-7B-Instruct,cc594898137f460bfe9f0759e9844b3ce807cfb5,java,rq3g_java_096__c3,semantic_and_visual_aligned,golden,ugly_trash,golden,True,True,False,4.0,-0.625,4.0,True,False
E5A_rq3_text_plus_image_qwen_20260730,Qwen/Qwen2.5-VL-7B-Instruct,cc594898137f460bfe9f0759e9844b3ce807cfb5,java,rq3g_java_096__c4,semantic_visual_conflict_primary,ugly_gold,beautiful_trash,ugly_gold,True,True,False,4.125,-0.5,4.125,True,False
E5A_rq3_text_plus_image_qwen_20260730,Qwen/Qwen2.5-VL-7B-Instruct,cc594898137f460bfe9f0759e9844b3ce807cfb5,java,rq3g_java_096__c5,semantic_only_under_ugly,ugly_gold,ugly_trash,ugly_gold,True,True,False,3.8125,-0.3125,3.8125,True,False
E5A_rq3_text_plus_image_qwen_20260730,Qwen/Qwen2.5-VL-7B-Instruct,cc594898137f460bfe9f0759e9844b3ce807cfb5,java,rq3g_java_096__c6,visual_only_trash,beautiful_trash,ugly_trash,beautiful_trash,False,False,False,0.5625,-1.4375,0.5625,True,False
E5A_rq3_text_plus_image_qwen_20260730,Qwen/Qwen2.5-VL-7B-Instruct,cc594898137f460bfe9f0759e9844b3ce807cfb5,java,rq3g_java_097__c1,visual_only_gold,golden,ugly_gold,golden,False,False,False,0.5625,-1.3125,0.5625,True,False
E5A_rq3_text_plus_image_qwen_20260730,Qwen/Qwen2.5-VL-7B-Instruct,cc594898137f460bfe9f0759e9844b3ce807cfb5,java,rq3g_java_097__c2,semantic_and_visual_aligned,golden,beautiful_trash,golden,True,True,False,2.6875,-1.0625,2.6875,True,False
E5A_rq3_text_plus_image_qwen_20260730,Qwen/Qwen2.5-VL-7B-Instruct,cc594898137f460bfe9f0759e9844b3ce807cfb5,java,rq3g_java_097__c3,semantic_and_visual_aligned,golden,ugly_trash,golden,True,True,False,2.75,-1.375,2.75,True,False
E5A_rq3_text_plus_image_qwen_20260730,Qwen/Qwen2.5-VL-7B-Instruct,cc594898137f460bfe9f0759e9844b3ce807cfb5,java,rq3g_java_097__c4,semantic_visual_conflict_primary,ugly_gold,beautiful_trash,ugly_gold,True,True,False,1.75,-1.5,1.75,True,False
E5A_rq3_text_plus_image_qwen_20260730,Qwen/Qwen2.5-VL-7B-Instruct,cc594898137f460bfe9f0759e9844b3ce807cfb5,java,rq3g_java_097__c5,semantic_only_under_ugly,ugly_gold,ugly_trash,ugly_gold,True,True,False,2.0625,-1.3125,2.0625,True,False
E5A_rq3_text_plus_image_qwen_20260730,Qwen/Qwen2.5-VL-7B-Instruct,cc594898137f460bfe9f0759e9844b3ce807cfb5,java,rq3g_java_097__c6,visual_only_trash,beautiful_trash,ugly_trash,beautiful_trash,False,False,False,0.625,-1.625,0.625,True,False
E5A_rq3_text_plus_image_qwen_20260730,Qwen/Qwen2.5-VL-7B-Instruct,cc594898137f460bfe9f0759e9844b3ce807cfb5,java,rq3g_java_098__c1,visual_only_gold,golden,ugly_gold,golden,True,True,False,1.375,0.375,1.375,True,False
E5A_rq3_text_plus_image_qwen_20260730,Qwen/Qwen2.5-VL-7B-Instruct,cc594898137f460bfe9f0759e9844b3ce807cfb5,java,rq3g_java_098__c2,semantic_and_visual_aligned,golden,beautiful_trash,golden,True,True,False,3.625,0.125,3.625,True,False
E5A_rq3_text_plus_image_qwen_20260730,Qwen/Qwen2.5-VL-7B-Instruct,cc594898137f460bfe9f0759e9844b3ce807cfb5,java,rq3g_java_098__c3,semantic_and_visual_aligned,golden,ugly_trash,golden,True,True,False,4.0,0.5,4.0,True,False
E5A_rq3_text_plus_image_qwen_20260730,Qwen/Qwen2.5-VL-7B-Instruct,cc594898137f460bfe9f0759e9844b3ce807cfb5,java,rq3g_java_098__c4,semantic_visual_conflict_primary,ugly_gold,beautiful_trash,ugly_gold,True,True,False,3.0,-0.25,3.0,True,False
E5A_rq3_text_plus_image_qwen_20260730,Qwen/Qwen2.5-VL-7B-Instruct,cc594898137f460bfe9f0759e9844b3ce807cfb5,java,rq3g_java_098__c5,semantic_only_under_ugly,ugly_gold,ugly_trash,ugly_gold,True,True,False,3.4375,0.1875,3.4375,True,False
E5A_rq3_text_plus_image_qwen_20260730,Qwen/Qwen2.5-VL-7B-Instruct,cc594898137f460bfe9f0759e9844b3ce807cfb5,java,rq3g_java_098__c6,visual_only_trash,beautiful_trash,ugly_trash,beautiful_trash,True,True,False,1.1875,-0.1875,1.1875,True,False
E5A_rq3_text_plus_image_qwen_20260730,Qwen/Qwen2.5-VL-7B-Instruct,cc594898137f460bfe9f0759e9844b3ce807cfb5,java,rq3g_java_099__c1,visual_only_gold,golden,ugly_gold,golden,True,True,False,0.5625,0.4375,0.5625,True,False
E5A_rq3_text_plus_image_qwen_20260730,Qwen/Qwen2.5-VL-7B-Instruct,cc594898137f460bfe9f0759e9844b3ce807cfb5,java,rq3g_java_099__c2,semantic_and_visual_aligned,golden,beautiful_trash,golden,True,True,False,4.125,0.5,4.125,True,False
E5A_rq3_text_plus_image_qwen_20260730,Qwen/Qwen2.5-VL-7B-Instruct,cc594898137f460bfe9f0759e9844b3ce807cfb5,java,rq3g_java_099__c3,semantic_and_visual_aligned,golden,ugly_trash,golden,True,True,False,4.3125,0.8125,4.3125,True,False
E5A_rq3_text_plus_image_qwen_20260730,Qwen/Qwen2.5-VL-7B-Instruct,cc594898137f460bfe9f0759e9844b3ce807cfb5,java,rq3g_java_099__c4,semantic_visual_conflict_primary,ugly_gold,beautiful_trash,ugly_gold,True,True,False,3.9375,0.1875,3.9375,True,False
E5A_rq3_text_plus_image_qwen_20260730,Qwen/Qwen2.5-VL-7B-Instruct,cc594898137f460bfe9f0759e9844b3ce807cfb5,java,rq3g_java_099__c5,semantic_only_under_ugly,ugly_gold,ugly_trash,ugly_gold,True,True,False,3.75,0.25,3.75,True,False
E5A_rq3_text_plus_image_qwen_20260730,Qwen/Qwen2.5-VL-7B-Instruct,cc594898137f460bfe9f0759e9844b3ce807cfb5,java,rq3g_java_099__c6,visual_only_trash,beautiful_trash,ugly_trash,beautiful_trash,False,False,False,0.25,-1.25,0.25,True,False
E5A_rq3_text_plus_image_qwen_20260730,Qwen/Qwen2.5-VL-7B-Instruct,cc594898137f460bfe9f0759e9844b3ce807cfb5,python,rq3g_python_000__c1,visual_only_gold,golden,ugly_gold,golden,False,False,False,0.3125,-1.5625,0.3125,True,False
E5A_rq3_text_plus_image_qwen_20260730,Qwen/Qwen2.5-VL-7B-Instruct,cc594898137f460bfe9f0759e9844b3ce807cfb5,python,rq3g_python_000__c2,semantic_and_visual_aligned,golden,beautiful_trash,golden,True,True,False,3.875,-0.5,3.875,True,False
E5A_rq3_text_plus_image_qwen_20260730,Qwen/Qwen2.5-VL-7B-Instruct,cc594898137f460bfe9f0759e9844b3ce807cfb5,python,rq3g_python_000__c3,semantic_and_visual_aligned,golden,ugly_trash,golden,True,True,False,4.125,-0.375,4.125,True,False
E5A_rq3_text_plus_image_qwen_20260730,Qwen/Qwen2.5-VL-7B-Instruct,cc594898137f460bfe9f0759e9844b3ce807cfb5,python,rq3g_python_000__c4,semantic_visual_conflict_primary,ugly_gold,beautiful_trash,ugly_gold,True,True,False,3.9375,-0.5625,3.9375,True,False
E5A_rq3_text_plus_image_qwen_20260730,Qwen/Qwen2.5-VL-7B-Instruct,cc594898137f460bfe9f0759e9844b3ce807cfb5,python,rq3g_python_000__c5,semantic_only_under_ugly,ugly_gold,ugly_trash,ugly_gold,True,True,False,4.0625,0.0625,4.0625,True,False
E5A_rq3_text_plus_image_qwen_20260730,Qwen/Qwen2.5-VL-7B-Instruct,cc594898137f460bfe9f0759e9844b3ce807cfb5,python,rq3g_python_000__c6,visual_only_trash,beautiful_trash,ugly_trash,beautiful_trash,False,False,False,0.4375,-0.9375,0.4375,True,False
E5A_rq3_text_plus_image_qwen_20260730,Qwen/Qwen2.5-VL-7B-Instruct,cc594898137f460bfe9f0759e9844b3ce807cfb5,python,rq3g_python_001__c1,visual_only_gold,golden,ugly_gold,golden,False,False,False,0.1875,-0.4375,0.1875,True,False
E5A_rq3_text_plus_image_qwen_20260730,Qwen/Qwen2.5-VL-7B-Instruct,cc594898137f460bfe9f0759e9844b3ce807cfb5,python,rq3g_python_001__c2,semantic_and_visual_aligned,golden,beautiful_trash,golden,True,True,False,3.75,0.375,3.75,True,False
E5A_rq3_text_plus_image_qwen_20260730,Qwen/Qwen2.5-VL-7B-Instruct,cc594898137f460bfe9f0759e9844b3ce807cfb5,python,rq3g_python_001__c3,semantic_and_visual_aligned,golden,ugly_trash,golden,True,True,False,3.5625,0.4375,3.5625,True,False
E5A_rq3_text_plus_image_qwen_20260730,Qwen/Qwen2.5-VL-7B-Instruct,cc594898137f460bfe9f0759e9844b3ce807cfb5,python,rq3g_python_001__c4,semantic_visual_conflict_primary,ugly_gold,beautiful_trash,ugly_gold,True,True,False,4.125,0.125,4.125,True,False
E5A_rq3_text_plus_image_qwen_20260730,Qwen/Qwen2.5-VL-7B-Instruct,cc594898137f460bfe9f0759e9844b3ce807cfb5,python,rq3g_python_001__c5,semantic_only_under_ugly,ugly_gold,ugly_trash,ugly_gold,True,True,False,3.8125,0.1875,3.8125,True,False
E5A_rq3_text_plus_image_qwen_20260730,Qwen/Qwen2.5-VL-7B-Instruct,cc594898137f460bfe9f0759e9844b3ce807cfb5,python,rq3g_python_001__c6,visual_only_trash,beautiful_trash,ugly_trash,beautiful_trash,False,False,False,0.3125,-0.6875,0.3125,True,False
E5A_rq3_text_plus_image_qwen_20260730,Qwen/Qwen2.5-VL-7B-Instruct,cc594898137f460bfe9f0759e9844b3ce807cfb5,python,rq3g_python_002__c1,visual_only_gold,golden,ugly_gold,golden,False,False,False,0.5,-1.375,0.5,True,False
E5A_rq3_text_plus_image_qwen_20260730,Qwen/Qwen2.5-VL-7B-Instruct,cc594898137f460bfe9f0759e9844b3ce807cfb5,python,rq3g_python_002__c2,semantic_and_visual_aligned,golden,beautiful_trash,golden,True,True,False,2.1875,-1.6875,2.1875,True,False
E5A_rq3_text_plus_image_qwen_20260730,Qwen/Qwen2.5-VL-7B-Instruct,cc594898137f460bfe9f0759e9844b3ce807cfb5,python,rq3g_python_002__c3,semantic_and_visual_aligned,golden,ugly_trash,golden,True,True,False,2.375,-1.5,2.375,True,False
E5A_rq3_text_plus_image_qwen_20260730,Qwen/Qwen2.5-VL-7B-Instruct,cc594898137f460bfe9f0759e9844b3ce807cfb5,python,rq3g_python_002__c4,semantic_visual_conflict_primary,ugly_gold,beautiful_trash,ugly_gold,True,True,False,2.8125,-1.8125,2.8125,True,False
E5A_rq3_text_plus_image_qwen_20260730,Qwen/Qwen2.5-VL-7B-Instruct,cc594898137f460bfe9f0759e9844b3ce807cfb5,python,rq3g_python_002__c5,semantic_only_under_ugly,ugly_gold,ugly_trash,ugly_gold,True,True,False,2.4375,-1.5625,2.4375,True,False
E5A_rq3_text_plus_image_qwen_20260730,Qwen/Qwen2.5-VL-7B-Instruct,cc594898137f460bfe9f0759e9844b3ce807cfb5,python,rq3g_python_002__c6,visual_only_trash,beautiful_trash,ugly_trash,beautiful_trash,False,False,False,0.125,-0.875,0.125,True,False
E5A_rq3_text_plus_image_qwen_20260730,Qwen/Qwen2.5-VL-7B-Instruct,cc594898137f460bfe9f0759e9844b3ce807cfb5,python,rq3g_python_003__c1,visual_only_gold,golden,ugly_gold,golden,True,True,False,0.5625,-0.1875,0.5625,True,False
E5A_rq3_text_plus_image_qwen_20260730,Qwen/Qwen2.5-VL-7B-Instruct,cc594898137f460bfe9f0759e9844b3ce807cfb5,python,rq3g_python_003__c2,semantic_and_visual_aligned,golden,beautiful_trash,golden,True,True,False,4.0,-0.625,4.0,True,False
E5A_rq3_text_plus_image_qwen_20260730,Qwen/Qwen2.5-VL-7B-Instruct,cc594898137f460bfe9f0759e9844b3ce807cfb5,python,rq3g_python_003__c3,semantic_and_visual_aligned,golden,ugly_trash,golden,True,True,False,4.0625,-0.3125,4.0625,True,False
E5A_rq3_text_plus_image_qwen_20260730,Qwen/Qwen2.5-VL-7B-Instruct,cc594898137f460bfe9f0759e9844b3ce807cfb5,python,rq3g_python_003__c4,semantic_visual_conflict_primary,ugly_gold,beautiful_trash,ugly_gold,True,True,False,3.8125,-0.6875,3.8125,True,False
E5A_rq3_text_plus_image_qwen_20260730,Qwen/Qwen2.5-VL-7B-Instruct,cc594898137f460bfe9f0759e9844b3ce807cfb5,python,rq3g_python_003__c5,semantic_only_under_ugly,ugly_gold,ugly_trash,ugly_gold,True,True,False,4.0625,-0.8125,4.0625,True,False
E5A_rq3_text_plus_image_qwen_20260730,Qwen/Qwen2.5-VL-7B-Instruct,cc594898137f460bfe9f0759e9844b3ce807cfb5,python,rq3g_python_003__c6,visual_only_trash,beautiful_trash,ugly_trash,beautiful_trash,False,False,False,0.6875,-1.3125,0.6875,True,False
E5A_rq3_text_plus_image_qwen_20260730,Qwen/Qwen2.5-VL-7B-Instruct,cc594898137f460bfe9f0759e9844b3ce807cfb5,python,rq3g_python_004__c1,visual_only_gold,golden,ugly_gold,golden,False,False,False,0.375,-0.75,0.375,True,False
E5A_rq3_text_plus_image_qwen_20260730,Qwen/Qwen2.5-VL-7B-Instruct,cc594898137f460bfe9f0759e9844b3ce807cfb5,python,rq3g_python_004__c2,semantic_and_visual_aligned,golden,beautiful_trash,golden,True,True,False,3.5625,-0.0625,3.5625,True,False
E5A_rq3_text_plus_image_qwen_20260730,Qwen/Qwen2.5-VL-7B-Instruct,cc594898137f460bfe9f0759e9844b3ce807cfb5,python,rq3g_python_004__c3,semantic_and_visual_aligned,golden,ugly_trash,golden,True,True,False,3.5,0.375,3.5,True,False
E5A_rq3_text_plus_image_qwen_20260730,Qwen/Qwen2.5-VL-7B-Instruct,cc594898137f460bfe9f0759e9844b3ce807cfb5,python,rq3g_python_004__c4,semantic_visual_conflict_primary,ugly_gold,beautiful_trash,ugly_gold,True,True,False,2.3125,-0.4375,2.3125,True,False
E5A_rq3_text_plus_image_qwen_20260730,Qwen/Qwen2.5-VL-7B-Instruct,cc594898137f460bfe9f0759e9844b3ce807cfb5,python,rq3g_python_004__c5,semantic_only_under_ugly,ugly_gold,ugly_trash,ugly_gold,True,True,False,2.3125,-0.1875,2.3125,True,False
E5A_rq3_text_plus_image_qwen_20260730,Qwen/Qwen2.5-VL-7B-Instruct,cc594898137f460bfe9f0759e9844b3ce807cfb5,python,rq3g_python_004__c6,visual_only_trash,beautiful_trash,ugly_trash,beautiful_trash,False,False,False,0.5,-1.125,0.5,True,False
E5A_rq3_text_plus_image_qwen_20260730,Qwen/Qwen2.5-VL-7B-Instruct,cc594898137f460bfe9f0759e9844b3ce807cfb5,python,rq3g_python_005__c1,visual_only_gold,golden,ugly_gold,golden,True,True,False,1.0,0.25,1.0,True,False
E5A_rq3_text_plus_image_qwen_20260730,Qwen/Qwen2.5-VL-7B-Instruct,cc594898137f460bfe9f0759e9844b3ce807cfb5,python,rq3g_python_005__c2,semantic_and_visual_aligned,golden,beautiful_trash,golden,True,True,False,4.3125,0.1875,4.3125,True,False
E5A_rq3_text_plus_image_qwen_20260730,Qwen/Qwen2.5-VL-7B-Instruct,cc594898137f460bfe9f0759e9844b3ce807cfb5,python,rq3g_python_005__c3,semantic_and_visual_aligned,golden,ugly_trash,golden,True,True,False,4.8125,0.5625,4.8125,True,False
E5A_rq3_text_plus_image_qwen_20260730,Qwen/Qwen2.5-VL-7B-Instruct,cc594898137f460bfe9f0759e9844b3ce807cfb5,python,rq3g_python_005__c4,semantic_visual_conflict_primary,ugly_gold,beautiful_trash,ugly_gold,True,True,False,4.125,-0.75,4.125,True,False
E5A_rq3_text_plus_image_qwen_20260730,Qwen/Qwen2.5-VL-7B-Instruct,cc594898137f460bfe9f0759e9844b3ce807cfb5,python,rq3g_python_005__c5,semantic_only_under_ugly,ugly_gold,ugly_trash,ugly_gold,True,True,False,4.3125,-0.6875,4.3125,True,False
E5A_rq3_text_plus_image_qwen_20260730,Qwen/Qwen2.5-VL-7B-Instruct,cc594898137f460bfe9f0759e9844b3ce807cfb5,python,rq3g_python_005__c6,visual_only_trash,beautiful_trash,ugly_trash,beautiful_trash,False,False,False,0.875,-1.375,0.875,True,False
E5A_rq3_text_plus_image_qwen_20260730,Qwen/Qwen2.5-VL-7B-Instruct,cc594898137f460bfe9f0759e9844b3ce807cfb5,python,rq3g_python_006__c1,visual_only_gold,golden,ugly_gold,golden,False,False,False,0.3125,-1.3125,0.3125,True,False
E5A_rq3_text_plus_image_qwen_20260730,Qwen/Qwen2.5-VL-7B-Instruct,cc594898137f460bfe9f0759e9844b3ce807cfb5,python,rq3g_python_006__c2,semantic_and_visual_aligned,golden,beautiful_trash,golden,True,True,False,2.875,-1.375,2.875,True,False
E5A_rq3_text_plus_image_qwen_20260730,Qwen/Qwen2.5-VL-7B-Instruct,cc594898137f460bfe9f0759e9844b3ce807cfb5,python,rq3g_python_006__c3,semantic_and_visual_aligned,golden,ugly_trash,golden,True,True,False,2.8125,-1.3125,2.8125,True,False
E5A_rq3_text_plus_image_qwen_20260730,Qwen/Qwen2.5-VL-7B-Instruct,cc594898137f460bfe9f0759e9844b3ce807cfb5,python,rq3g_python_006__c4,semantic_visual_conflict_primary,ugly_gold,beautiful_trash,ugly_gold,True,True,False,2.4375,-1.3125,2.4375,True,False
E5A_rq3_text_plus_image_qwen_20260730,Qwen/Qwen2.5-VL-7B-Instruct,cc594898137f460bfe9f0759e9844b3ce807cfb5,python,rq3g_python_006__c5,semantic_only_under_ugly,ugly_gold,ugly_trash,ugly_gold,True,True,False,2.375,-1.5,2.375,True,False
E5A_rq3_text_plus_image_qwen_20260730,Qwen/Qwen2.5-VL-7B-Instruct,cc594898137f460bfe9f0759e9844b3ce807cfb5,python,rq3g_python_006__c6,visual_only_trash,beautiful_trash,ugly_trash,beautiful_trash,False,False,False,0.4375,-1.5625,0.4375,True,False
E5A_rq3_text_plus_image_qwen_20260730,Qwen/Qwen2.5-VL-7B-Instruct,cc594898137f460bfe9f0759e9844b3ce807cfb5,python,rq3g_python_007__c1,visual_only_gold,golden,ugly_gold,golden,False,False,False,0.625,-1.375,0.625,True,False
E5A_rq3_text_plus_image_qwen_20260730,Qwen/Qwen2.5-VL-7B-Instruct,cc594898137f460bfe9f0759e9844b3ce807cfb5,python,rq3g_python_007__c2,semantic_and_visual_aligned,golden,beautiful_trash,golden,True,True,False,2.625,-0.375,2.625,True,False
E5A_rq3_text_plus_image_qwen_20260730,Qwen/Qwen2.5-VL-7B-Instruct,cc594898137f460bfe9f0759e9844b3ce807cfb5,python,rq3g_python_007__c3,semantic_and_visual_aligned,golden,ugly_trash,golden,True,True,False,2.6875,-0.5625,2.6875,True,False
E5A_rq3_text_plus_image_qwen_20260730,Qwen/Qwen2.5-VL-7B-Instruct,cc594898137f460bfe9f0759e9844b3ce807cfb5,python,rq3g_python_007__c4,semantic_visual_conflict_primary,ugly_gold,beautiful_trash,ugly_gold,True,True,False,2.1875,-0.5625,2.1875,True,False
E5A_rq3_text_plus_image_qwen_20260730,Qwen/Qwen2.5-VL-7B-Instruct,cc594898137f460bfe9f0759e9844b3ce807cfb5,python,rq3g_python_007__c5,semantic_only_under_ugly,ugly_gold,ugly_trash,ugly_gold,True,True,False,2.75,-0.75,2.75,True,False
E5A_rq3_text_plus_image_qwen_20260730,Qwen/Qwen2.5-VL-7B-Instruct,cc594898137f460bfe9f0759e9844b3ce807cfb5,python,rq3g_python_007__c6,visual_only_trash,beautiful_trash,ugly_trash,beautiful_trash,False,False,False,0.8125,-1.1875,0.8125,True,False
E5A_rq3_text_plus_image_qwen_20260730,Qwen/Qwen2.5-VL-7B-Instruct,cc594898137f460bfe9f0759e9844b3ce807cfb5,python,rq3g_python_008__c1,visual_only_gold,golden,ugly_gold,golden,False,False,False,0.6875,-1.6875,0.6875,True,False
E5A_rq3_text_plus_image_qwen_20260730,Qwen/Qwen2.5-VL-7B-Instruct,cc594898137f460bfe9f0759e9844b3ce807cfb5,python,rq3g_python_008__c2,semantic_and_visual_aligned,golden,beautiful_trash,golden,True,True,False,3.8125,-0.0625,3.8125,True,False
E5A_rq3_text_plus_image_qwen_20260730,Qwen/Qwen2.5-VL-7B-Instruct,cc594898137f460bfe9f0759e9844b3ce807cfb5,python,rq3g_python_008__c3,semantic_and_visual_aligned,golden,ugly_trash,golden,True,True,False,4.125,0.375,4.125,True,False
E5A_rq3_text_plus_image_qwen_20260730,Qwen/Qwen2.5-VL-7B-Instruct,cc594898137f460bfe9f0759e9844b3ce807cfb5,python,rq3g_python_008__c4,semantic_visual_conflict_primary,ugly_gold,beautiful_trash,ugly_gold,True,True,False,3.4375,-0.3125,3.4375,True,False
E5A_rq3_text_plus_image_qwen_20260730,Qwen/Qwen2.5-VL-7B-Instruct,cc594898137f460bfe9f0759e9844b3ce807cfb5,python,rq3g_python_008__c5,semantic_only_under_ugly,ugly_gold,ugly_trash,ugly_gold,True,True,False,3.5,0.0,3.5,True,False
E5A_rq3_text_plus_image_qwen_20260730,Qwen/Qwen2.5-VL-7B-Instruct,cc594898137f460bfe9f0759e9844b3ce807cfb5,python,rq3g_python_008__c6,visual_only_trash,beautiful_trash,ugly_trash,beautiful_trash,False,False,False,0.625,-1.125,0.625,True,False
E5A_rq3_text_plus_image_qwen_20260730,Qwen/Qwen2.5-VL-7B-Instruct,cc594898137f460bfe9f0759e9844b3ce807cfb5,python,rq3g_python_009__c1,visual_only_gold,golden,ugly_gold,golden,True,True,False,1.125,-0.125,1.125,True,False
E5A_rq3_text_plus_image_qwen_20260730,Qwen/Qwen2.5-VL-7B-Instruct,cc594898137f460bfe9f0759e9844b3ce807cfb5,python,rq3g_python_009__c2,semantic_and_visual_aligned,golden,beautiful_trash,golden,True,True,False,3.8125,-0.9375,3.8125,True,False
E5A_rq3_text_plus_image_qwen_20260730,Qwen/Qwen2.5-VL-7B-Instruct,cc594898137f460bfe9f0759e9844b3ce807cfb5,python,rq3g_python_009__c3,semantic_and_visual_aligned,golden,ugly_trash,golden,True,True,False,3.9375,-0.9375,3.9375,True,False
E5A_rq3_text_plus_image_qwen_20260730,Qwen/Qwen2.5-VL-7B-Instruct,cc594898137f460bfe9f0759e9844b3ce807cfb5,python,rq3g_python_009__c4,semantic_visual_conflict_primary,ugly_gold,beautiful_trash,ugly_gold,True,True,False,3.4375,-1.6875,3.4375,True,False
E5A_rq3_text_plus_image_qwen_20260730,Qwen/Qwen2.5-VL-7B-Instruct,cc594898137f460bfe9f0759e9844b3ce807cfb5,python,rq3g_python_009__c5,semantic_only_under_ugly,ugly_gold,ugly_trash,ugly_gold,True,True,False,3.875,-1.125,3.875,True,False
E5A_rq3_text_plus_image_qwen_20260730,Qwen/Qwen2.5-VL-7B-Instruct,cc594898137f460bfe9f0759e9844b3ce807cfb5,python,rq3g_python_009__c6,visual_only_trash,beautiful_trash,ugly_trash,beautiful_trash,False,False,False,0.4375,-1.1875,0.4375,True,False
E5A_rq3_text_plus_image_qwen_20260730,Qwen/Qwen2.5-VL-7B-Instruct,cc594898137f460bfe9f0759e9844b3ce807cfb5,python,rq3g_python_010__c1,visual_only_gold,golden,ugly_gold,golden,False,False,False,0.875,-1.25,0.875,True,False
E5A_rq3_text_plus_image_qwen_20260730,Qwen/Qwen2.5-VL-7B-Instruct,cc594898137f460bfe9f0759e9844b3ce807cfb5,python,rq3g_python_010__c2,semantic_and_visual_aligned,golden,beautiful_trash,golden,True,True,False,3.9375,-0.8125,3.9375,True,False
E5A_rq3_text_plus_image_qwen_20260730,Qwen/Qwen2.5-VL-7B-Instruct,cc594898137f460bfe9f0759e9844b3ce807cfb5,python,rq3g_python_010__c3,semantic_and_visual_aligned,golden,ugly_trash,golden,True,True,False,3.9375,-0.8125,3.9375,True,False
E5A_rq3_text_plus_image_qwen_20260730,Qwen/Qwen2.5-VL-7B-Instruct,cc594898137f460bfe9f0759e9844b3ce807cfb5,python,rq3g_python_010__c4,semantic_visual_conflict_primary,ugly_gold,beautiful_trash,ugly_gold,True,True,False,3.5,-1.625,3.5,True,False
E5A_rq3_text_plus_image_qwen_20260730,Qwen/Qwen2.5-VL-7B-Instruct,cc594898137f460bfe9f0759e9844b3ce807cfb5,python,rq3g_python_010__c5,semantic_only_under_ugly,ugly_gold,ugly_trash,ugly_gold,True,True,False,3.375,-1.375,3.375,True,False
E5A_rq3_text_plus_image_qwen_20260730,Qwen/Qwen2.5-VL-7B-Instruct,cc594898137f460bfe9f0759e9844b3ce807cfb5,python,rq3g_python_010__c6,visual_only_trash,beautiful_trash,ugly_trash,beautiful_trash,False,False,False,0.1875,-0.8125,0.1875,True,False
E5A_rq3_text_plus_image_qwen_20260730,Qwen/Qwen2.5-VL-7B-Instruct,cc594898137f460bfe9f0759e9844b3ce807cfb5,python,rq3g_python_011__c1,visual_only_gold,golden,ugly_gold,golden,True,True,False,0.6875,0.1875,0.6875,True,False
E5A_rq3_text_plus_image_qwen_20260730,Qwen/Qwen2.5-VL-7B-Instruct,cc594898137f460bfe9f0759e9844b3ce807cfb5,python,rq3g_python_011__c2,semantic_and_visual_aligned,golden,beautiful_trash,golden,True,True,False,3.75,0.0,3.75,True,False
E5A_rq3_text_plus_image_qwen_20260730,Qwen/Qwen2.5-VL-7B-Instruct,cc594898137f460bfe9f0759e9844b3ce807cfb5,python,rq3g_python_011__c3,semantic_and_visual_aligned,golden,ugly_trash,golden,True,True,False,4.125,0.25,4.125,True,False
E5A_rq3_text_plus_image_qwen_20260730,Qwen/Qwen2.5-VL-7B-Instruct,cc594898137f460bfe9f0759e9844b3ce807cfb5,python,rq3g_python_011__c4,semantic_visual_conflict_primary,ugly_gold,beautiful_trash,ugly_gold,True,True,False,3.4375,-0.6875,3.4375,True,False
E5A_rq3_text_plus_image_qwen_20260730,Qwen/Qwen2.5-VL-7B-Instruct,cc594898137f460bfe9f0759e9844b3ce807cfb5,python,rq3g_python_011__c5,semantic_only_under_ugly,ugly_gold,ugly_trash,ugly_gold,True,True,False,3.5,-0.5,3.5,True,False
E5A_rq3_text_plus_image_qwen_20260730,Qwen/Qwen2.5-VL-7B-Instruct,cc594898137f460bfe9f0759e9844b3ce807cfb5,python,rq3g_python_011__c6,visual_only_trash,beautiful_trash,ugly_trash,beautiful_trash,False,False,False,0.8125,-0.9375,0.8125,True,False
E5A_rq3_text_plus_image_qwen_20260730,Qwen/Qwen2.5-VL-7B-Instruct,cc594898137f460bfe9f0759e9844b3ce807cfb5,python,rq3g_python_012__c1,visual_only_gold,golden,ugly_gold,golden,False,False,False,0.5625,-0.8125,0.5625,True,False
E5A_rq3_text_plus_image_qwen_20260730,Qwen/Qwen2.5-VL-7B-Instruct,cc594898137f460bfe9f0759e9844b3ce807cfb5,python,rq3g_python_012__c2,semantic_and_visual_aligned,golden,beautiful_trash,golden,True,True,False,4.125,-0.375,4.125,True,False
E5A_rq3_text_plus_image_qwen_20260730,Qwen/Qwen2.5-VL-7B-Instruct,cc594898137f460bfe9f0759e9844b3ce807cfb5,python,rq3g_python_012__c3,semantic_and_visual_aligned,golden,ugly_trash,golden,True,True,False,3.875,0.25,3.875,True,False
E5A_rq3_text_plus_image_qwen_20260730,Qwen/Qwen2.5-VL-7B-Instruct,cc594898137f460bfe9f0759e9844b3ce807cfb5,python,rq3g_python_012__c4,semantic_visual_conflict_primary,ugly_gold,beautiful_trash,ugly_gold,True,True,False,3.9375,-0.5625,3.9375,True,False
E5A_rq3_text_plus_image_qwen_20260730,Qwen/Qwen2.5-VL-7B-Instruct,cc594898137f460bfe9f0759e9844b3ce807cfb5,python,rq3g_python_012__c5,semantic_only_under_ugly,ugly_gold,ugly_trash,ugly_gold,True,True,False,4.0625,-0.6875,4.0625,True,False
E5A_rq3_text_plus_image_qwen_20260730,Qwen/Qwen2.5-VL-7B-Instruct,cc594898137f460bfe9f0759e9844b3ce807cfb5,python,rq3g_python_012__c6,visual_only_trash,beautiful_trash,ugly_trash,beautiful_trash,False,False,False,0.5,-1.375,0.5,True,False
E5A_rq3_text_plus_image_qwen_20260730,Qwen/Qwen2.5-VL-7B-Instruct,cc594898137f460bfe9f0759e9844b3ce807cfb5,python,rq3g_python_013__c1,visual_only_gold,golden,ugly_gold,golden,True,True,False,0.5625,-0.1875,0.5625,True,False
E5A_rq3_text_plus_image_qwen_20260730,Qwen/Qwen2.5-VL-7B-Instruct,cc594898137f460bfe9f0759e9844b3ce807cfb5,python,rq3g_python_013__c2,semantic_and_visual_aligned,golden,beautiful_trash,golden,True,True,False,3.8125,-0.6875,3.8125,True,False
E5A_rq3_text_plus_image_qwen_20260730,Qwen/Qwen2.5-VL-7B-Instruct,cc594898137f460bfe9f0759e9844b3ce807cfb5,python,rq3g_python_013__c3,semantic_and_visual_aligned,golden,ugly_trash,golden,True,True,False,4.0,-0.375,4.0,True,False
E5A_rq3_text_plus_image_qwen_20260730,Qwen/Qwen2.5-VL-7B-Instruct,cc594898137f460bfe9f0759e9844b3ce807cfb5,python,rq3g_python_013__c4,semantic_visual_conflict_primary,ugly_gold,beautiful_trash,ugly_gold,True,True,False,3.5625,-0.9375,3.5625,True,False
E5A_rq3_text_plus_image_qwen_20260730,Qwen/Qwen2.5-VL-7B-Instruct,cc594898137f460bfe9f0759e9844b3ce807cfb5,python,rq3g_python_013__c5,semantic_only_under_ugly,ugly_gold,ugly_trash,ugly_gold,True,True,False,3.75,-0.75,3.75,True,False
E5A_rq3_text_plus_image_qwen_20260730,Qwen/Qwen2.5-VL-7B-Instruct,cc594898137f460bfe9f0759e9844b3ce807cfb5,python,rq3g_python_013__c6,visual_only_trash,beautiful_trash,ugly_trash,beautiful_trash,False,False,False,0.5,-1.25,0.5,True,False
E5A_rq3_text_plus_image_qwen_20260730,Qwen/Qwen2.5-VL-7B-Instruct,cc594898137f460bfe9f0759e9844b3ce807cfb5,python,rq3g_python_014__c1,visual_only_gold,golden,ugly_gold,golden,True,True,False,0.5625,-0.5625,0.5625,True,False
E5A_rq3_text_plus_image_qwen_20260730,Qwen/Qwen2.5-VL-7B-Instruct,cc594898137f460bfe9f0759e9844b3ce807cfb5,python,rq3g_python_014__c2,semantic_and_visual_aligned,golden,beautiful_trash,golden,True,True,False,3.5625,-0.9375,3.5625,True,False
E5A_rq3_text_plus_image_qwen_20260730,Qwen/Qwen2.5-VL-7B-Instruct,cc594898137f460bfe9f0759e9844b3ce807cfb5,python,rq3g_python_014__c3,semantic_and_visual_aligned,golden,ugly_trash,golden,True,True,False,3.6875,-0.6875,3.6875,True,False
E5A_rq3_text_plus_image_qwen_20260730,Qwen/Qwen2.5-VL-7B-Instruct,cc594898137f460bfe9f0759e9844b3ce807cfb5,python,rq3g_python_014__c4,semantic_visual_conflict_primary,ugly_gold,beautiful_trash,ugly_gold,True,True,False,3.4375,-1.5625,3.4375,True,False
E5A_rq3_text_plus_image_qwen_20260730,Qwen/Qwen2.5-VL-7B-Instruct,cc594898137f460bfe9f0759e9844b3ce807cfb5,python,rq3g_python_014__c5,semantic_only_under_ugly,ugly_gold,ugly_trash,ugly_gold,True,True,False,3.3125,-1.3125,3.3125,True,False
E5A_rq3_text_plus_image_qwen_20260730,Qwen/Qwen2.5-VL-7B-Instruct,cc594898137f460bfe9f0759e9844b3ce807cfb5,python,rq3g_python_014__c6,visual_only_trash,beautiful_trash,ugly_trash,beautiful_trash,True,True,False,1.3125,-1.3125,1.3125,True,False
E5A_rq3_text_plus_image_qwen_20260730,Qwen/Qwen2.5-VL-7B-Instruct,cc594898137f460bfe9f0759e9844b3ce807cfb5,python,rq3g_python_015__c1,visual_only_gold,golden,ugly_gold,golden,True,True,False,1.125,-0.625,1.125,True,False
E5A_rq3_text_plus_image_qwen_20260730,Qwen/Qwen2.5-VL-7B-Instruct,cc594898137f460bfe9f0759e9844b3ce807cfb5,python,rq3g_python_015__c2,semantic_and_visual_aligned,golden,beautiful_trash,golden,True,True,False,4.375,-0.125,4.375,True,False
E5A_rq3_text_plus_image_qwen_20260730,Qwen/Qwen2.5-VL-7B-Instruct,cc594898137f460bfe9f0759e9844b3ce807cfb5,python,rq3g_python_015__c3,semantic_and_visual_aligned,golden,ugly_trash,golden,True,True,False,4.4375,-0.0625,4.4375,True,False
E5A_rq3_text_plus_image_qwen_20260730,Qwen/Qwen2.5-VL-7B-Instruct,cc594898137f460bfe9f0759e9844b3ce807cfb5,python,rq3g_python_015__c4,semantic_visual_conflict_primary,ugly_gold,beautiful_trash,ugly_gold,True,True,False,3.75,-0.875,3.75,True,False
E5A_rq3_text_plus_image_qwen_20260730,Qwen/Qwen2.5-VL-7B-Instruct,cc594898137f460bfe9f0759e9844b3ce807cfb5,python,rq3g_python_015__c5,semantic_only_under_ugly,ugly_gold,ugly_trash,ugly_gold,True,True,False,4.0625,-0.6875,4.0625,True,False
E5A_rq3_text_plus_image_qwen_20260730,Qwen/Qwen2.5-VL-7B-Instruct,cc594898137f460bfe9f0759e9844b3ce807cfb5,python,rq3g_python_015__c6,visual_only_trash,beautiful_trash,ugly_trash,beautiful_trash,False,False,False,0.5,-1.125,0.5,True,False
E5A_rq3_text_plus_image_qwen_20260730,Qwen/Qwen2.5-VL-7B-Instruct,cc594898137f460bfe9f0759e9844b3ce807cfb5,python,rq3g_python_016__c1,visual_only_gold,golden,ugly_gold,golden,True,True,False,1.25,-0.625,1.25,True,False
E5A_rq3_text_plus_image_qwen_20260730,Qwen/Qwen2.5-VL-7B-Instruct,cc594898137f460bfe9f0759e9844b3ce807cfb5,python,rq3g_python_016__c2,semantic_and_visual_aligned,golden,beautiful_trash,golden,True,True,False,3.625,-0.75,3.625,True,False
E5A_rq3_text_plus_image_qwen_20260730,Qwen/Qwen2.5-VL-7B-Instruct,cc594898137f460bfe9f0759e9844b3ce807cfb5,python,rq3g_python_016__c3,semantic_and_visual_aligned,golden,ugly_trash,golden,True,True,False,3.875,0.0,3.875,True,False
E5A_rq3_text_plus_image_qwen_20260730,Qwen/Qwen2.5-VL-7B-Instruct,cc594898137f460bfe9f0759e9844b3ce807cfb5,python,rq3g_python_016__c4,semantic_visual_conflict_primary,ugly_gold,beautiful_trash,ugly_gold,True,True,False,2.6875,-1.0625,2.6875,True,False
E5A_rq3_text_plus_image_qwen_20260730,Qwen/Qwen2.5-VL-7B-Instruct,cc594898137f460bfe9f0759e9844b3ce807cfb5,python,rq3g_python_016__c5,semantic_only_under_ugly,ugly_gold,ugly_trash,ugly_gold,True,True,False,2.875,-0.75,2.875,True,False
E5A_rq3_text_plus_image_qwen_20260730,Qwen/Qwen2.5-VL-7B-Instruct,cc594898137f460bfe9f0759e9844b3ce807cfb5,python,rq3g_python_016__c6,visual_only_trash,beautiful_trash,ugly_trash,beautiful_trash,False,False,False,0.375,-1.125,0.375,True,False
E5A_rq3_text_plus_image_qwen_20260730,Qwen/Qwen2.5-VL-7B-Instruct,cc594898137f460bfe9f0759e9844b3ce807cfb5,python,rq3g_python_017__c1,visual_only_gold,golden,ugly_gold,golden,True,True,False,0.625,-0.5,0.625,True,False
E5A_rq3_text_plus_image_qwen_20260730,Qwen/Qwen2.5-VL-7B-Instruct,cc594898137f460bfe9f0759e9844b3ce807cfb5,python,rq3g_python_017__c2,semantic_and_visual_aligned,golden,beautiful_trash,golden,True,True,False,3.6875,-0.9375,3.6875,True,False
E5A_rq3_text_plus_image_qwen_20260730,Qwen/Qwen2.5-VL-7B-Instruct,cc594898137f460bfe9f0759e9844b3ce807cfb5,python,rq3g_python_017__c3,semantic_and_visual_aligned,golden,ugly_trash,golden,True,True,False,3.9375,-1.0625,3.9375,True,False
E5A_rq3_text_plus_image_qwen_20260730,Qwen/Qwen2.5-VL-7B-Instruct,cc594898137f460bfe9f0759e9844b3ce807cfb5,python,rq3g_python_017__c4,semantic_visual_conflict_primary,ugly_gold,beautiful_trash,ugly_gold,True,True,False,3.5,-1.125,3.5,True,False
E5A_rq3_text_plus_image_qwen_20260730,Qwen/Qwen2.5-VL-7B-Instruct,cc594898137f460bfe9f0759e9844b3ce807cfb5,python,rq3g_python_017__c5,semantic_only_under_ugly,ugly_gold,ugly_trash,ugly_gold,True,True,False,4.0625,-1.4375,4.0625,True,False
E5A_rq3_text_plus_image_qwen_20260730,Qwen/Qwen2.5-VL-7B-Instruct,cc594898137f460bfe9f0759e9844b3ce807cfb5,python,rq3g_python_017__c6,visual_only_trash,beautiful_trash,ugly_trash,beautiful_trash,False,False,False,0.5,-1.625,0.5,True,False
E5A_rq3_text_plus_image_qwen_20260730,Qwen/Qwen2.5-VL-7B-Instruct,cc594898137f460bfe9f0759e9844b3ce807cfb5,python,rq3g_python_018__c1,visual_only_gold,golden,ugly_gold,golden,True,True,False,0.9375,-0.6875,0.9375,True,False
E5A_rq3_text_plus_image_qwen_20260730,Qwen/Qwen2.5-VL-7B-Instruct,cc594898137f460bfe9f0759e9844b3ce807cfb5,python,rq3g_python_018__c2,semantic_and_visual_aligned,golden,beautiful_trash,golden,True,True,False,4.0,-0.625,4.0,True,False
E5A_rq3_text_plus_image_qwen_20260730,Qwen/Qwen2.5-VL-7B-Instruct,cc594898137f460bfe9f0759e9844b3ce807cfb5,python,rq3g_python_018__c3,semantic_and_visual_aligned,golden,ugly_trash,golden,True,True,False,4.1875,-0.1875,4.1875,True,False
E5A_rq3_text_plus_image_qwen_20260730,Qwen/Qwen2.5-VL-7B-Instruct,cc594898137f460bfe9f0759e9844b3ce807cfb5,python,rq3g_python_018__c4,semantic_visual_conflict_primary,ugly_gold,beautiful_trash,ugly_gold,True,True,False,3.875,-0.875,3.875,True,False
E5A_rq3_text_plus_image_qwen_20260730,Qwen/Qwen2.5-VL-7B-Instruct,cc594898137f460bfe9f0759e9844b3ce807cfb5,python,rq3g_python_018__c5,semantic_only_under_ugly,ugly_gold,ugly_trash,ugly_gold,True,True,False,3.875,-0.5,3.875,True,False
E5A_rq3_text_plus_image_qwen_20260730,Qwen/Qwen2.5-VL-7B-Instruct,cc594898137f460bfe9f0759e9844b3ce807cfb5,python,rq3g_python_018__c6,visual_only_trash,beautiful_trash,ugly_trash,beautiful_trash,False,False,False,0.25,-0.75,0.25,True,False
E5A_rq3_text_plus_image_qwen_20260730,Qwen/Qwen2.5-VL-7B-Instruct,cc594898137f460bfe9f0759e9844b3ce807cfb5,python,rq3g_python_019__c1,visual_only_gold,golden,ugly_gold,golden,False,False,False,1.0,-1.375,1.0,True,False
E5A_rq3_text_plus_image_qwen_20260730,Qwen/Qwen2.5-VL-7B-Instruct,cc594898137f460bfe9f0759e9844b3ce807cfb5,python,rq3g_python_019__c2,semantic_and_visual_aligned,golden,beautiful_trash,golden,True,True,False,3.9375,-0.5625,3.9375,True,False
E5A_rq3_text_plus_image_qwen_20260730,Qwen/Qwen2.5-VL-7B-Instruct,cc594898137f460bfe9f0759e9844b3ce807cfb5,python,rq3g_python_019__c3,semantic_and_visual_aligned,golden,ugly_trash,golden,True,True,False,4.1875,0.0625,4.1875,True,False
E5A_rq3_text_plus_image_qwen_20260730,Qwen/Qwen2.5-VL-7B-Instruct,cc594898137f460bfe9f0759e9844b3ce807cfb5,python,rq3g_python_019__c4,semantic_visual_conflict_primary,ugly_gold,beautiful_trash,ugly_gold,True,True,False,3.5,-0.875,3.5,True,False
E5A_rq3_text_plus_image_qwen_20260730,Qwen/Qwen2.5-VL-7B-Instruct,cc594898137f460bfe9f0759e9844b3ce807cfb5,python,rq3g_python_019__c5,semantic_only_under_ugly,ugly_gold,ugly_trash,ugly_gold,True,True,False,3.9375,-0.5625,3.9375,True,False
E5A_rq3_text_plus_image_qwen_20260730,Qwen/Qwen2.5-VL-7B-Instruct,cc594898137f460bfe9f0759e9844b3ce807cfb5,python,rq3g_python_019__c6,visual_only_trash,beautiful_trash,ugly_trash,beautiful_trash,False,False,False,0.75,-1.875,0.75,True,False
E5A_rq3_text_plus_image_qwen_20260730,Qwen/Qwen2.5-VL-7B-Instruct,cc594898137f460bfe9f0759e9844b3ce807cfb5,python,rq3g_python_020__c1,visual_only_gold,golden,ugly_gold,golden,True,True,False,0.6875,-0.5625,0.6875,True,False
E5A_rq3_text_plus_image_qwen_20260730,Qwen/Qwen2.5-VL-7B-Instruct,cc594898137f460bfe9f0759e9844b3ce807cfb5,python,rq3g_python_020__c2,semantic_and_visual_aligned,golden,beautiful_trash,golden,True,True,False,4.0,-0.25,4.0,True,False
E5A_rq3_text_plus_image_qwen_20260730,Qwen/Qwen2.5-VL-7B-Instruct,cc594898137f460bfe9f0759e9844b3ce807cfb5,python,rq3g_python_020__c3,semantic_and_visual_aligned,golden,ugly_trash,golden,True,True,False,3.875,0.125,3.875,True,False
E5A_rq3_text_plus_image_qwen_20260730,Qwen/Qwen2.5-VL-7B-Instruct,cc594898137f460bfe9f0759e9844b3ce807cfb5,python,rq3g_python_020__c4,semantic_visual_conflict_primary,ugly_gold,beautiful_trash,ugly_gold,True,True,False,3.0625,-0.5625,3.0625,True,False
E5A_rq3_text_plus_image_qwen_20260730,Qwen/Qwen2.5-VL-7B-Instruct,cc594898137f460bfe9f0759e9844b3ce807cfb5,python,rq3g_python_020__c5,semantic_only_under_ugly,ugly_gold,ugly_trash,ugly_gold,True,True,False,3.0625,-0.3125,3.0625,True,False
E5A_rq3_text_plus_image_qwen_20260730,Qwen/Qwen2.5-VL-7B-Instruct,cc594898137f460bfe9f0759e9844b3ce807cfb5,python,rq3g_python_020__c6,visual_only_trash,beautiful_trash,ugly_trash,beautiful_trash,False,False,False,0.375,-1.0,0.375,True,False
E5A_rq3_text_plus_image_qwen_20260730,Qwen/Qwen2.5-VL-7B-Instruct,cc594898137f460bfe9f0759e9844b3ce807cfb5,python,rq3g_python_021__c1,visual_only_gold,golden,ugly_gold,golden,True,True,False,0.9375,-0.5625,0.9375,True,False
E5A_rq3_text_plus_image_qwen_20260730,Qwen/Qwen2.5-VL-7B-Instruct,cc594898137f460bfe9f0759e9844b3ce807cfb5,python,rq3g_python_021__c2,semantic_and_visual_aligned,golden,beautiful_trash,golden,True,True,False,3.8125,-0.5625,3.8125,True,False
E5A_rq3_text_plus_image_qwen_20260730,Qwen/Qwen2.5-VL-7B-Instruct,cc594898137f460bfe9f0759e9844b3ce807cfb5,python,rq3g_python_021__c3,semantic_and_visual_aligned,golden,ugly_trash,golden,True,True,False,3.875,-0.125,3.875,True,False
E5A_rq3_text_plus_image_qwen_20260730,Qwen/Qwen2.5-VL-7B-Instruct,cc594898137f460bfe9f0759e9844b3ce807cfb5,python,rq3g_python_021__c4,semantic_visual_conflict_primary,ugly_gold,beautiful_trash,ugly_gold,True,True,False,3.75,-0.875,3.75,True,False
E5A_rq3_text_plus_image_qwen_20260730,Qwen/Qwen2.5-VL-7B-Instruct,cc594898137f460bfe9f0759e9844b3ce807cfb5,python,rq3g_python_021__c5,semantic_only_under_ugly,ugly_gold,ugly_trash,ugly_gold,True,True,False,3.5625,-0.5625,3.5625,True,False
E5A_rq3_text_plus_image_qwen_20260730,Qwen/Qwen2.5-VL-7B-Instruct,cc594898137f460bfe9f0759e9844b3ce807cfb5,python,rq3g_python_021__c6,visual_only_trash,beautiful_trash,ugly_trash,beautiful_trash,False,False,False,0.25,-0.75,0.25,True,False
E5A_rq3_text_plus_image_qwen_20260730,Qwen/Qwen2.5-VL-7B-Instruct,cc594898137f460bfe9f0759e9844b3ce807cfb5,python,rq3g_python_022__c1,visual_only_gold,golden,ugly_gold,golden,False,False,False,0.125,-1.5,0.125,True,False
E5A_rq3_text_plus_image_qwen_20260730,Qwen/Qwen2.5-VL-7B-Instruct,cc594898137f460bfe9f0759e9844b3ce807cfb5,python,rq3g_python_022__c2,semantic_and_visual_aligned,golden,beautiful_trash,golden,True,True,False,3.625,-1.0,3.625,True,False
E5A_rq3_text_plus_image_qwen_20260730,Qwen/Qwen2.5-VL-7B-Instruct,cc594898137f460bfe9f0759e9844b3ce807cfb5,python,rq3g_python_022__c3,semantic_and_visual_aligned,golden,ugly_trash,golden,True,True,False,3.4375,-0.5625,3.4375,True,False
E5A_rq3_text_plus_image_qwen_20260730,Qwen/Qwen2.5-VL-7B-Instruct,cc594898137f460bfe9f0759e9844b3ce807cfb5,python,rq3g_python_022__c4,semantic_visual_conflict_primary,ugly_gold,beautiful_trash,ugly_gold,True,True,False,3.75,-1.375,3.75,True,False
E5A_rq3_text_plus_image_qwen_20260730,Qwen/Qwen2.5-VL-7B-Instruct,cc594898137f460bfe9f0759e9844b3ce807cfb5,python,rq3g_python_022__c5,semantic_only_under_ugly,ugly_gold,ugly_trash,ugly_gold,True,True,False,3.3125,-0.9375,3.3125,True,False
E5A_rq3_text_plus_image_qwen_20260730,Qwen/Qwen2.5-VL-7B-Instruct,cc594898137f460bfe9f0759e9844b3ce807cfb5,python,rq3g_python_022__c6,visual_only_trash,beautiful_trash,ugly_trash,beautiful_trash,False,False,False,0.1875,-1.1875,0.1875,True,False
E5A_rq3_text_plus_image_qwen_20260730,Qwen/Qwen2.5-VL-7B-Instruct,cc594898137f460bfe9f0759e9844b3ce807cfb5,python,rq3g_python_023__c1,visual_only_gold,golden,ugly_gold,golden,True,True,False,1.0,-0.25,1.0,True,False
E5A_rq3_text_plus_image_qwen_20260730,Qwen/Qwen2.5-VL-7B-Instruct,cc594898137f460bfe9f0759e9844b3ce807cfb5,python,rq3g_python_023__c2,semantic_and_visual_aligned,golden,beautiful_trash,golden,True,True,False,2.1875,0.1875,2.1875,True,False
E5A_rq3_text_plus_image_qwen_20260730,Qwen/Qwen2.5-VL-7B-Instruct,cc594898137f460bfe9f0759e9844b3ce807cfb5,python,rq3g_python_023__c3,semantic_and_visual_aligned,golden,ugly_trash,golden,True,True,False,2.5,0.0,2.5,True,False
E5A_rq3_text_plus_image_qwen_20260730,Qwen/Qwen2.5-VL-7B-Instruct,cc594898137f460bfe9f0759e9844b3ce807cfb5,python,rq3g_python_023__c4,semantic_visual_conflict_primary,ugly_gold,beautiful_trash,ugly_gold,True,True,False,1.4375,0.0625,1.4375,True,False
E5A_rq3_text_plus_image_qwen_20260730,Qwen/Qwen2.5-VL-7B-Instruct,cc594898137f460bfe9f0759e9844b3ce807cfb5,python,rq3g_python_023__c5,semantic_only_under_ugly,ugly_gold,ugly_trash,ugly_gold,True,True,False,1.5,-0.25,1.5,True,False
E5A_rq3_text_plus_image_qwen_20260730,Qwen/Qwen2.5-VL-7B-Instruct,cc594898137f460bfe9f0759e9844b3ce807cfb5,python,rq3g_python_023__c6,visual_only_trash,beautiful_trash,ugly_trash,beautiful_trash,False,False,False,0.375,-1.125,0.375,True,False
E5A_rq3_text_plus_image_qwen_20260730,Qwen/Qwen2.5-VL-7B-Instruct,cc594898137f460bfe9f0759e9844b3ce807cfb5,python,rq3g_python_024__c1,visual_only_gold,golden,ugly_gold,golden,True,True,False,1.125,-0.5,1.125,True,False
E5A_rq3_text_plus_image_qwen_20260730,Qwen/Qwen2.5-VL-7B-Instruct,cc594898137f460bfe9f0759e9844b3ce807cfb5,python,rq3g_python_024__c2,semantic_and_visual_aligned,golden,beautiful_trash,golden,True,True,False,4.4375,0.0625,4.4375,True,False
E5A_rq3_text_plus_image_qwen_20260730,Qwen/Qwen2.5-VL-7B-Instruct,cc594898137f460bfe9f0759e9844b3ce807cfb5,python,rq3g_python_024__c3,semantic_and_visual_aligned,golden,ugly_trash,golden,True,True,False,4.4375,0.3125,4.4375,True,False
E5A_rq3_text_plus_image_qwen_20260730,Qwen/Qwen2.5-VL-7B-Instruct,cc594898137f460bfe9f0759e9844b3ce807cfb5,python,rq3g_python_024__c4,semantic_visual_conflict_primary,ugly_gold,beautiful_trash,ugly_gold,True,True,False,3.8125,0.0625,3.8125,True,False
E5A_rq3_text_plus_image_qwen_20260730,Qwen/Qwen2.5-VL-7B-Instruct,cc594898137f460bfe9f0759e9844b3ce807cfb5,python,rq3g_python_024__c5,semantic_only_under_ugly,ugly_gold,ugly_trash,ugly_gold,True,True,False,4.1875,0.0625,4.1875,True,False
E5A_rq3_text_plus_image_qwen_20260730,Qwen/Qwen2.5-VL-7B-Instruct,cc594898137f460bfe9f0759e9844b3ce807cfb5,python,rq3g_python_024__c6,visual_only_trash,beautiful_trash,ugly_trash,beautiful_trash,False,False,False,0.625,-1.375,0.625,True,False
E5A_rq3_text_plus_image_qwen_20260730,Qwen/Qwen2.5-VL-7B-Instruct,cc594898137f460bfe9f0759e9844b3ce807cfb5,python,rq3g_python_025__c1,visual_only_gold,golden,ugly_gold,golden,True,True,False,0.8125,-0.5625,0.8125,True,False
E5A_rq3_text_plus_image_qwen_20260730,Qwen/Qwen2.5-VL-7B-Instruct,cc594898137f460bfe9f0759e9844b3ce807cfb5,python,rq3g_python_025__c2,semantic_and_visual_aligned,golden,beautiful_trash,golden,True,True,False,3.125,-0.375,3.125,True,False
E5A_rq3_text_plus_image_qwen_20260730,Qwen/Qwen2.5-VL-7B-Instruct,cc594898137f460bfe9f0759e9844b3ce807cfb5,python,rq3g_python_025__c3,semantic_and_visual_aligned,golden,ugly_trash,golden,True,True,False,3.875,-0.5,3.875,True,False
E5A_rq3_text_plus_image_qwen_20260730,Qwen/Qwen2.5-VL-7B-Instruct,cc594898137f460bfe9f0759e9844b3ce807cfb5,python,rq3g_python_025__c4,semantic_visual_conflict_primary,ugly_gold,beautiful_trash,ugly_gold,True,True,False,2.9375,-0.5625,2.9375,True,False
E5A_rq3_text_plus_image_qwen_20260730,Qwen/Qwen2.5-VL-7B-Instruct,cc594898137f460bfe9f0759e9844b3ce807cfb5,python,rq3g_python_025__c5,semantic_only_under_ugly,ugly_gold,ugly_trash,ugly_gold,True,True,False,3.3125,-0.6875,3.3125,True,False
E5A_rq3_text_plus_image_qwen_20260730,Qwen/Qwen2.5-VL-7B-Instruct,cc594898137f460bfe9f0759e9844b3ce807cfb5,python,rq3g_python_025__c6,visual_only_trash,beautiful_trash,ugly_trash,beautiful_trash,False,False,False,1.0,-1.625,1.0,True,False
E5A_rq3_text_plus_image_qwen_20260730,Qwen/Qwen2.5-VL-7B-Instruct,cc594898137f460bfe9f0759e9844b3ce807cfb5,python,rq3g_python_026__c1,visual_only_gold,golden,ugly_gold,golden,True,True,False,0.6875,-0.6875,0.6875,True,False
E5A_rq3_text_plus_image_qwen_20260730,Qwen/Qwen2.5-VL-7B-Instruct,cc594898137f460bfe9f0759e9844b3ce807cfb5,python,rq3g_python_026__c2,semantic_and_visual_aligned,golden,beautiful_trash,golden,True,True,False,4.1875,-0.3125,4.1875,True,False
E5A_rq3_text_plus_image_qwen_20260730,Qwen/Qwen2.5-VL-7B-Instruct,cc594898137f460bfe9f0759e9844b3ce807cfb5,python,rq3g_python_026__c3,semantic_and_visual_aligned,golden,ugly_trash,golden,True,True,False,4.3125,-0.0625,4.3125,True,False
E5A_rq3_text_plus_image_qwen_20260730,Qwen/Qwen2.5-VL-7B-Instruct,cc594898137f460bfe9f0759e9844b3ce807cfb5,python,rq3g_python_026__c4,semantic_visual_conflict_primary,ugly_gold,beautiful_trash,ugly_gold,True,True,False,3.625,-1.0,3.625,True,False
E5A_rq3_text_plus_image_qwen_20260730,Qwen/Qwen2.5-VL-7B-Instruct,cc594898137f460bfe9f0759e9844b3ce807cfb5,python,rq3g_python_026__c5,semantic_only_under_ugly,ugly_gold,ugly_trash,ugly_gold,True,True,False,3.875,-0.75,3.875,True,False
E5A_rq3_text_plus_image_qwen_20260730,Qwen/Qwen2.5-VL-7B-Instruct,cc594898137f460bfe9f0759e9844b3ce807cfb5,python,rq3g_python_026__c6,visual_only_trash,beautiful_trash,ugly_trash,beautiful_trash,False,False,False,0.625,-1.5,0.625,True,False
E5A_rq3_text_plus_image_qwen_20260730,Qwen/Qwen2.5-VL-7B-Instruct,cc594898137f460bfe9f0759e9844b3ce807cfb5,python,rq3g_python_027__c1,visual_only_gold,golden,ugly_gold,golden,False,False,False,0.4375,-1.4375,0.4375,True,False
E5A_rq3_text_plus_image_qwen_20260730,Qwen/Qwen2.5-VL-7B-Instruct,cc594898137f460bfe9f0759e9844b3ce807cfb5,python,rq3g_python_027__c2,semantic_and_visual_aligned,golden,beautiful_trash,golden,True,True,False,4.0,-0.625,4.0,True,False
E5A_rq3_text_plus_image_qwen_20260730,Qwen/Qwen2.5-VL-7B-Instruct,cc594898137f460bfe9f0759e9844b3ce807cfb5,python,rq3g_python_027__c3,semantic_and_visual_aligned,golden,ugly_trash,golden,True,True,False,4.0625,-0.3125,4.0625,True,False
E5A_rq3_text_plus_image_qwen_20260730,Qwen/Qwen2.5-VL-7B-Instruct,cc594898137f460bfe9f0759e9844b3ce807cfb5,python,rq3g_python_027__c4,semantic_visual_conflict_primary,ugly_gold,beautiful_trash,ugly_gold,True,True,False,3.875,-1.125,3.875,True,False
E5A_rq3_text_plus_image_qwen_20260730,Qwen/Qwen2.5-VL-7B-Instruct,cc594898137f460bfe9f0759e9844b3ce807cfb5,python,rq3g_python_027__c5,semantic_only_under_ugly,ugly_gold,ugly_trash,ugly_gold,True,True,False,3.625,-0.125,3.625,True,False
E5A_rq3_text_plus_image_qwen_20260730,Qwen/Qwen2.5-VL-7B-Instruct,cc594898137f460bfe9f0759e9844b3ce807cfb5,python,rq3g_python_027__c6,visual_only_trash,beautiful_trash,ugly_trash,beautiful_trash,False,False,False,0.375,-1.125,0.375,True,False
E5A_rq3_text_plus_image_qwen_20260730,Qwen/Qwen2.5-VL-7B-Instruct,cc594898137f460bfe9f0759e9844b3ce807cfb5,python,rq3g_python_028__c1,visual_only_gold,golden,ugly_gold,golden,True,True,False,0.9375,-0.8125,0.9375,True,False
E5A_rq3_text_plus_image_qwen_20260730,Qwen/Qwen2.5-VL-7B-Instruct,cc594898137f460bfe9f0759e9844b3ce807cfb5,python,rq3g_python_028__c2,semantic_and_visual_aligned,golden,beautiful_trash,golden,True,True,False,4.25,0.125,4.25,True,False
E5A_rq3_text_plus_image_qwen_20260730,Qwen/Qwen2.5-VL-7B-Instruct,cc594898137f460bfe9f0759e9844b3ce807cfb5,python,rq3g_python_028__c3,semantic_and_visual_aligned,golden,ugly_trash,golden,True,True,False,4.5,0.0,4.5,True,False
E5A_rq3_text_plus_image_qwen_20260730,Qwen/Qwen2.5-VL-7B-Instruct,cc594898137f460bfe9f0759e9844b3ce807cfb5,python,rq3g_python_028__c4,semantic_visual_conflict_primary,ugly_gold,beautiful_trash,ugly_gold,True,True,False,3.8125,-0.1875,3.8125,True,False
E5A_rq3_text_plus_image_qwen_20260730,Qwen/Qwen2.5-VL-7B-Instruct,cc594898137f460bfe9f0759e9844b3ce807cfb5,python,rq3g_python_028__c5,semantic_only_under_ugly,ugly_gold,ugly_trash,ugly_gold,True,True,False,4.5,-0.625,4.5,True,False
E5A_rq3_text_plus_image_qwen_20260730,Qwen/Qwen2.5-VL-7B-Instruct,cc594898137f460bfe9f0759e9844b3ce807cfb5,python,rq3g_python_028__c6,visual_only_trash,beautiful_trash,ugly_trash,beautiful_trash,False,False,False,0.5625,-1.4375,0.5625,True,False
E5A_rq3_text_plus_image_qwen_20260730,Qwen/Qwen2.5-VL-7B-Instruct,cc594898137f460bfe9f0759e9844b3ce807cfb5,python,rq3g_python_029__c1,visual_only_gold,golden,ugly_gold,golden,False,False,False,0.375,-0.875,0.375,True,False
E5A_rq3_text_plus_image_qwen_20260730,Qwen/Qwen2.5-VL-7B-Instruct,cc594898137f460bfe9f0759e9844b3ce807cfb5,python,rq3g_python_029__c2,semantic_and_visual_aligned,golden,beautiful_trash,golden,True,True,False,4.3125,-0.8125,4.3125,True,False
E5A_rq3_text_plus_image_qwen_20260730,Qwen/Qwen2.5-VL-7B-Instruct,cc594898137f460bfe9f0759e9844b3ce807cfb5,python,rq3g_python_029__c3,semantic_and_visual_aligned,golden,ugly_trash,golden,True,True,False,4.5625,-0.4375,4.5625,True,False
E5A_rq3_text_plus_image_qwen_20260730,Qwen/Qwen2.5-VL-7B-Instruct,cc594898137f460bfe9f0759e9844b3ce807cfb5,python,rq3g_python_029__c4,semantic_visual_conflict_primary,ugly_gold,beautiful_trash,ugly_gold,True,True,False,4.0625,-0.9375,4.0625,True,False
E5A_rq3_text_plus_image_qwen_20260730,Qwen/Qwen2.5-VL-7B-Instruct,cc594898137f460bfe9f0759e9844b3ce807cfb5,python,rq3g_python_029__c5,semantic_only_under_ugly,ugly_gold,ugly_trash,ugly_gold,True,True,False,4.6875,-1.0625,4.6875,True,False
E5A_rq3_text_plus_image_qwen_20260730,Qwen/Qwen2.5-VL-7B-Instruct,cc594898137f460bfe9f0759e9844b3ce807cfb5,python,rq3g_python_029__c6,visual_only_trash,beautiful_trash,ugly_trash,beautiful_trash,False,False,False,0.6875,-1.6875,0.6875,True,False
E5A_rq3_text_plus_image_qwen_20260730,Qwen/Qwen2.5-VL-7B-Instruct,cc594898137f460bfe9f0759e9844b3ce807cfb5,python,rq3g_python_030__c1,visual_only_gold,golden,ugly_gold,golden,False,False,False,0.5,-1.5,0.5,True,False
E5A_rq3_text_plus_image_qwen_20260730,Qwen/Qwen2.5-VL-7B-Instruct,cc594898137f460bfe9f0759e9844b3ce807cfb5,python,rq3g_python_030__c2,semantic_and_visual_aligned,golden,beautiful_trash,golden,True,True,False,3.6875,-0.6875,3.6875,True,False
E5A_rq3_text_plus_image_qwen_20260730,Qwen/Qwen2.5-VL-7B-Instruct,cc594898137f460bfe9f0759e9844b3ce807cfb5,python,rq3g_python_030__c3,semantic_and_visual_aligned,golden,ugly_trash,golden,True,True,False,3.5,-0.375,3.5,True,False
E5A_rq3_text_plus_image_qwen_20260730,Qwen/Qwen2.5-VL-7B-Instruct,cc594898137f460bfe9f0759e9844b3ce807cfb5,python,rq3g_python_030__c4,semantic_visual_conflict_primary,ugly_gold,beautiful_trash,ugly_gold,True,True,False,2.6875,-0.9375,2.6875,True,False
E5A_rq3_text_plus_image_qwen_20260730,Qwen/Qwen2.5-VL-7B-Instruct,cc594898137f460bfe9f0759e9844b3ce807cfb5,python,rq3g_python_030__c5,semantic_only_under_ugly,ugly_gold,ugly_trash,ugly_gold,True,True,False,2.875,-1.0,2.875,True,False
E5A_rq3_text_plus_image_qwen_20260730,Qwen/Qwen2.5-VL-7B-Instruct,cc594898137f460bfe9f0759e9844b3ce807cfb5,python,rq3g_python_030__c6,visual_only_trash,beautiful_trash,ugly_trash,beautiful_trash,False,False,False,0.5,-0.75,0.5,True,False
E5A_rq3_text_plus_image_qwen_20260730,Qwen/Qwen2.5-VL-7B-Instruct,cc594898137f460bfe9f0759e9844b3ce807cfb5,python,rq3g_python_031__c1,visual_only_gold,golden,ugly_gold,golden,True,True,False,1.25,-0.125,1.25,True,False
E5A_rq3_text_plus_image_qwen_20260730,Qwen/Qwen2.5-VL-7B-Instruct,cc594898137f460bfe9f0759e9844b3ce807cfb5,python,rq3g_python_031__c2,semantic_and_visual_aligned,golden,beautiful_trash,golden,True,True,False,3.5,0.25,3.5,True,False
E5A_rq3_text_plus_image_qwen_20260730,Qwen/Qwen2.5-VL-7B-Instruct,cc594898137f460bfe9f0759e9844b3ce807cfb5,python,rq3g_python_031__c3,semantic_and_visual_aligned,golden,ugly_trash,golden,True,True,False,3.4375,0.9375,3.4375,True,False
E5A_rq3_text_plus_image_qwen_20260730,Qwen/Qwen2.5-VL-7B-Instruct,cc594898137f460bfe9f0759e9844b3ce807cfb5,python,rq3g_python_031__c4,semantic_visual_conflict_primary,ugly_gold,beautiful_trash,ugly_gold,True,True,False,2.375,-0.5,2.375,True,False
E5A_rq3_text_plus_image_qwen_20260730,Qwen/Qwen2.5-VL-7B-Instruct,cc594898137f460bfe9f0759e9844b3ce807cfb5,python,rq3g_python_031__c5,semantic_only_under_ugly,ugly_gold,ugly_trash,ugly_gold,True,True,False,2.4375,-0.0625,2.4375,True,False
E5A_rq3_text_plus_image_qwen_20260730,Qwen/Qwen2.5-VL-7B-Instruct,cc594898137f460bfe9f0759e9844b3ce807cfb5,python,rq3g_python_031__c6,visual_only_trash,beautiful_trash,ugly_trash,beautiful_trash,False,False,False,0.4375,-0.6875,0.4375,True,False
E5A_rq3_text_plus_image_qwen_20260730,Qwen/Qwen2.5-VL-7B-Instruct,cc594898137f460bfe9f0759e9844b3ce807cfb5,python,rq3g_python_032__c1,visual_only_gold,golden,ugly_gold,golden,True,True,False,0.9375,-0.5625,0.9375,True,False
E5A_rq3_text_plus_image_qwen_20260730,Qwen/Qwen2.5-VL-7B-Instruct,cc594898137f460bfe9f0759e9844b3ce807cfb5,python,rq3g_python_032__c2,semantic_and_visual_aligned,golden,beautiful_trash,golden,True,True,False,4.5,0.125,4.5,True,False
E5A_rq3_text_plus_image_qwen_20260730,Qwen/Qwen2.5-VL-7B-Instruct,cc594898137f460bfe9f0759e9844b3ce807cfb5,python,rq3g_python_032__c3,semantic_and_visual_aligned,golden,ugly_trash,golden,True,True,False,4.5625,0.4375,4.5625,True,False
E5A_rq3_text_plus_image_qwen_20260730,Qwen/Qwen2.5-VL-7B-Instruct,cc594898137f460bfe9f0759e9844b3ce807cfb5,python,rq3g_python_032__c4,semantic_visual_conflict_primary,ugly_gold,beautiful_trash,ugly_gold,True,True,False,4.0,-0.5,4.0,True,False
E5A_rq3_text_plus_image_qwen_20260730,Qwen/Qwen2.5-VL-7B-Instruct,cc594898137f460bfe9f0759e9844b3ce807cfb5,python,rq3g_python_032__c5,semantic_only_under_ugly,ugly_gold,ugly_trash,ugly_gold,True,True,False,3.9375,-0.0625,3.9375,True,False
E5A_rq3_text_plus_image_qwen_20260730,Qwen/Qwen2.5-VL-7B-Instruct,cc594898137f460bfe9f0759e9844b3ce807cfb5,python,rq3g_python_032__c6,visual_only_trash,beautiful_trash,ugly_trash,beautiful_trash,False,False,False,0.5,-0.875,0.5,True,False
E5A_rq3_text_plus_image_qwen_20260730,Qwen/Qwen2.5-VL-7B-Instruct,cc594898137f460bfe9f0759e9844b3ce807cfb5,python,rq3g_python_033__c1,visual_only_gold,golden,ugly_gold,golden,True,True,False,1.5,-0.875,1.5,True,False
E5A_rq3_text_plus_image_qwen_20260730,Qwen/Qwen2.5-VL-7B-Instruct,cc594898137f460bfe9f0759e9844b3ce807cfb5,python,rq3g_python_033__c2,semantic_and_visual_aligned,golden,beautiful_trash,golden,True,True,False,4.375,-0.875,4.375,True,False
E5A_rq3_text_plus_image_qwen_20260730,Qwen/Qwen2.5-VL-7B-Instruct,cc594898137f460bfe9f0759e9844b3ce807cfb5,python,rq3g_python_033__c3,semantic_and_visual_aligned,golden,ugly_trash,golden,True,True,False,4.5625,-0.6875,4.5625,True,False
E5A_rq3_text_plus_image_qwen_20260730,Qwen/Qwen2.5-VL-7B-Instruct,cc594898137f460bfe9f0759e9844b3ce807cfb5,python,rq3g_python_033__c4,semantic_visual_conflict_primary,ugly_gold,beautiful_trash,ugly_gold,True,True,False,3.25,-1.25,3.25,True,False
E5A_rq3_text_plus_image_qwen_20260730,Qwen/Qwen2.5-VL-7B-Instruct,cc594898137f460bfe9f0759e9844b3ce807cfb5,python,rq3g_python_033__c5,semantic_only_under_ugly,ugly_gold,ugly_trash,ugly_gold,True,True,False,4.0,-1.25,4.0,True,False
E5A_rq3_text_plus_image_qwen_20260730,Qwen/Qwen2.5-VL-7B-Instruct,cc594898137f460bfe9f0759e9844b3ce807cfb5,python,rq3g_python_033__c6,visual_only_trash,beautiful_trash,ugly_trash,beautiful_trash,False,False,False,0.4375,-1.6875,0.4375,True,False
E5A_rq3_text_plus_image_qwen_20260730,Qwen/Qwen2.5-VL-7B-Instruct,cc594898137f460bfe9f0759e9844b3ce807cfb5,python,rq3g_python_034__c1,visual_only_gold,golden,ugly_gold,golden,False,False,False,1.0,-1.25,1.0,True,False
E5A_rq3_text_plus_image_qwen_20260730,Qwen/Qwen2.5-VL-7B-Instruct,cc594898137f460bfe9f0759e9844b3ce807cfb5,python,rq3g_python_034__c2,semantic_and_visual_aligned,golden,beautiful_trash,golden,True,True,False,3.0625,-1.4375,3.0625,True,False
E5A_rq3_text_plus_image_qwen_20260730,Qwen/Qwen2.5-VL-7B-Instruct,cc594898137f460bfe9f0759e9844b3ce807cfb5,python,rq3g_python_034__c3,semantic_and_visual_aligned,golden,ugly_trash,golden,True,True,False,3.1875,-1.1875,3.1875,True,False
E5A_rq3_text_plus_image_qwen_20260730,Qwen/Qwen2.5-VL-7B-Instruct,cc594898137f460bfe9f0759e9844b3ce807cfb5,python,rq3g_python_034__c4,semantic_visual_conflict_primary,ugly_gold,beautiful_trash,ugly_gold,True,True,False,2.0,-1.5,2.0,True,False
E5A_rq3_text_plus_image_qwen_20260730,Qwen/Qwen2.5-VL-7B-Instruct,cc594898137f460bfe9f0759e9844b3ce807cfb5,python,rq3g_python_034__c5,semantic_only_under_ugly,ugly_gold,ugly_trash,ugly_gold,True,True,False,2.1875,-1.5625,2.1875,True,False
E5A_rq3_text_plus_image_qwen_20260730,Qwen/Qwen2.5-VL-7B-Instruct,cc594898137f460bfe9f0759e9844b3ce807cfb5,python,rq3g_python_034__c6,visual_only_trash,beautiful_trash,ugly_trash,beautiful_trash,False,False,False,0.4375,-0.9375,0.4375,True,False
E5A_rq3_text_plus_image_qwen_20260730,Qwen/Qwen2.5-VL-7B-Instruct,cc594898137f460bfe9f0759e9844b3ce807cfb5,python,rq3g_python_035__c1,visual_only_gold,golden,ugly_gold,golden,True,True,False,0.875,-0.5,0.875,True,False
E5A_rq3_text_plus_image_qwen_20260730,Qwen/Qwen2.5-VL-7B-Instruct,cc594898137f460bfe9f0759e9844b3ce807cfb5,python,rq3g_python_035__c2,semantic_and_visual_aligned,golden,beautiful_trash,golden,True,True,False,4.125,-0.75,4.125,True,False
E5A_rq3_text_plus_image_qwen_20260730,Qwen/Qwen2.5-VL-7B-Instruct,cc594898137f460bfe9f0759e9844b3ce807cfb5,python,rq3g_python_035__c3,semantic_and_visual_aligned,golden,ugly_trash,golden,True,True,False,4.125,-0.625,4.125,True,False
E5A_rq3_text_plus_image_qwen_20260730,Qwen/Qwen2.5-VL-7B-Instruct,cc594898137f460bfe9f0759e9844b3ce807cfb5,python,rq3g_python_035__c4,semantic_visual_conflict_primary,ugly_gold,beautiful_trash,ugly_gold,True,True,False,3.375,-0.75,3.375,True,False
E5A_rq3_text_plus_image_qwen_20260730,Qwen/Qwen2.5-VL-7B-Instruct,cc594898137f460bfe9f0759e9844b3ce807cfb5,python,rq3g_python_035__c5,semantic_only_under_ugly,ugly_gold,ugly_trash,ugly_gold,True,True,False,3.8125,-0.8125,3.8125,True,False
E5A_rq3_text_plus_image_qwen_20260730,Qwen/Qwen2.5-VL-7B-Instruct,cc594898137f460bfe9f0759e9844b3ce807cfb5,python,rq3g_python_035__c6,visual_only_trash,beautiful_trash,ugly_trash,beautiful_trash,False,False,False,0.4375,-1.5625,0.4375,True,False
E5A_rq3_text_plus_image_qwen_20260730,Qwen/Qwen2.5-VL-7B-Instruct,cc594898137f460bfe9f0759e9844b3ce807cfb5,python,rq3g_python_036__c1,visual_only_gold,golden,ugly_gold,golden,True,True,False,1.125,-0.125,1.125,True,False
E5A_rq3_text_plus_image_qwen_20260730,Qwen/Qwen2.5-VL-7B-Instruct,cc594898137f460bfe9f0759e9844b3ce807cfb5,python,rq3g_python_036__c2,semantic_and_visual_aligned,golden,beautiful_trash,golden,True,True,False,3.8125,0.4375,3.8125,True,False
E5A_rq3_text_plus_image_qwen_20260730,Qwen/Qwen2.5-VL-7B-Instruct,cc594898137f460bfe9f0759e9844b3ce807cfb5,python,rq3g_python_036__c3,semantic_and_visual_aligned,golden,ugly_trash,golden,True,True,False,4.0,0.625,4.0,True,False
E5A_rq3_text_plus_image_qwen_20260730,Qwen/Qwen2.5-VL-7B-Instruct,cc594898137f460bfe9f0759e9844b3ce807cfb5,python,rq3g_python_036__c4,semantic_visual_conflict_primary,ugly_gold,beautiful_trash,ugly_gold,True,True,False,3.8125,0.1875,3.8125,True,False
E5A_rq3_text_plus_image_qwen_20260730,Qwen/Qwen2.5-VL-7B-Instruct,cc594898137f460bfe9f0759e9844b3ce807cfb5,python,rq3g_python_036__c5,semantic_only_under_ugly,ugly_gold,ugly_trash,ugly_gold,True,True,False,3.6875,0.0625,3.6875,True,False
E5A_rq3_text_plus_image_qwen_20260730,Qwen/Qwen2.5-VL-7B-Instruct,cc594898137f460bfe9f0759e9844b3ce807cfb5,python,rq3g_python_036__c6,visual_only_trash,beautiful_trash,ugly_trash,beautiful_trash,True,True,False,1.375,-0.375,1.375,True,False
E5A_rq3_text_plus_image_qwen_20260730,Qwen/Qwen2.5-VL-7B-Instruct,cc594898137f460bfe9f0759e9844b3ce807cfb5,python,rq3g_python_037__c1,visual_only_gold,golden,ugly_gold,golden,False,False,False,0.5625,-0.6875,0.5625,True,False
E5A_rq3_text_plus_image_qwen_20260730,Qwen/Qwen2.5-VL-7B-Instruct,cc594898137f460bfe9f0759e9844b3ce807cfb5,python,rq3g_python_037__c2,semantic_and_visual_aligned,golden,beautiful_trash,golden,True,True,False,4.125,0.625,4.125,True,False
E5A_rq3_text_plus_image_qwen_20260730,Qwen/Qwen2.5-VL-7B-Instruct,cc594898137f460bfe9f0759e9844b3ce807cfb5,python,rq3g_python_037__c3,semantic_and_visual_aligned,golden,ugly_trash,golden,True,True,False,4.4375,0.5625,4.4375,True,False
E5A_rq3_text_plus_image_qwen_20260730,Qwen/Qwen2.5-VL-7B-Instruct,cc594898137f460bfe9f0759e9844b3ce807cfb5,python,rq3g_python_037__c4,semantic_visual_conflict_primary,ugly_gold,beautiful_trash,ugly_gold,True,True,False,4.0625,0.4375,4.0625,True,False
E5A_rq3_text_plus_image_qwen_20260730,Qwen/Qwen2.5-VL-7B-Instruct,cc594898137f460bfe9f0759e9844b3ce807cfb5,python,rq3g_python_037__c5,semantic_only_under_ugly,ugly_gold,ugly_trash,ugly_gold,True,True,False,4.0,0.125,4.0,True,False
E5A_rq3_text_plus_image_qwen_20260730,Qwen/Qwen2.5-VL-7B-Instruct,cc594898137f460bfe9f0759e9844b3ce807cfb5,python,rq3g_python_037__c6,visual_only_trash,beautiful_trash,ugly_trash,beautiful_trash,False,False,False,0.375,-1.875,0.375,True,False
E5A_rq3_text_plus_image_qwen_20260730,Qwen/Qwen2.5-VL-7B-Instruct,cc594898137f460bfe9f0759e9844b3ce807cfb5,python,rq3g_python_038__c1,visual_only_gold,golden,ugly_gold,golden,True,True,False,1.0625,-0.8125,1.0625,True,False
E5A_rq3_text_plus_image_qwen_20260730,Qwen/Qwen2.5-VL-7B-Instruct,cc594898137f460bfe9f0759e9844b3ce807cfb5,python,rq3g_python_038__c2,semantic_and_visual_aligned,golden,beautiful_trash,golden,True,True,False,3.8125,-0.8125,3.8125,True,False
E5A_rq3_text_plus_image_qwen_20260730,Qwen/Qwen2.5-VL-7B-Instruct,cc594898137f460bfe9f0759e9844b3ce807cfb5,python,rq3g_python_038__c3,semantic_and_visual_aligned,golden,ugly_trash,golden,True,True,False,3.8125,-0.9375,3.8125,True,False
E5A_rq3_text_plus_image_qwen_20260730,Qwen/Qwen2.5-VL-7B-Instruct,cc594898137f460bfe9f0759e9844b3ce807cfb5,python,rq3g_python_038__c4,semantic_visual_conflict_primary,ugly_gold,beautiful_trash,ugly_gold,True,True,False,3.0,-1.375,3.0,True,False
E5A_rq3_text_plus_image_qwen_20260730,Qwen/Qwen2.5-VL-7B-Instruct,cc594898137f460bfe9f0759e9844b3ce807cfb5,python,rq3g_python_038__c5,semantic_only_under_ugly,ugly_gold,ugly_trash,ugly_gold,True,True,False,3.25,-0.625,3.25,True,False
E5A_rq3_text_plus_image_qwen_20260730,Qwen/Qwen2.5-VL-7B-Instruct,cc594898137f460bfe9f0759e9844b3ce807cfb5,python,rq3g_python_038__c6,visual_only_trash,beautiful_trash,ugly_trash,beautiful_trash,False,False,False,0.375,-1.125,0.375,True,False
E5A_rq3_text_plus_image_qwen_20260730,Qwen/Qwen2.5-VL-7B-Instruct,cc594898137f460bfe9f0759e9844b3ce807cfb5,python,rq3g_python_039__c1,visual_only_gold,golden,ugly_gold,golden,False,False,False,0.75,-0.875,0.75,True,False
E5A_rq3_text_plus_image_qwen_20260730,Qwen/Qwen2.5-VL-7B-Instruct,cc594898137f460bfe9f0759e9844b3ce807cfb5,python,rq3g_python_039__c2,semantic_and_visual_aligned,golden,beautiful_trash,golden,True,True,False,4.1875,-0.6875,4.1875,True,False
E5A_rq3_text_plus_image_qwen_20260730,Qwen/Qwen2.5-VL-7B-Instruct,cc594898137f460bfe9f0759e9844b3ce807cfb5,python,rq3g_python_039__c3,semantic_and_visual_aligned,golden,ugly_trash,golden,True,True,False,4.0625,-0.1875,4.0625,True,False
E5A_rq3_text_plus_image_qwen_20260730,Qwen/Qwen2.5-VL-7B-Instruct,cc594898137f460bfe9f0759e9844b3ce807cfb5,python,rq3g_python_039__c4,semantic_visual_conflict_primary,ugly_gold,beautiful_trash,ugly_gold,True,True,False,3.6875,-1.1875,3.6875,True,False
E5A_rq3_text_plus_image_qwen_20260730,Qwen/Qwen2.5-VL-7B-Instruct,cc594898137f460bfe9f0759e9844b3ce807cfb5,python,rq3g_python_039__c5,semantic_only_under_ugly,ugly_gold,ugly_trash,ugly_gold,True,True,False,3.8125,-0.6875,3.8125,True,False
E5A_rq3_text_plus_image_qwen_20260730,Qwen/Qwen2.5-VL-7B-Instruct,cc594898137f460bfe9f0759e9844b3ce807cfb5,python,rq3g_python_039__c6,visual_only_trash,beautiful_trash,ugly_trash,beautiful_trash,False,False,False,0.0625,-1.4375,0.0625,True,False
E5A_rq3_text_plus_image_qwen_20260730,Qwen/Qwen2.5-VL-7B-Instruct,cc594898137f460bfe9f0759e9844b3ce807cfb5,python,rq3g_python_040__c1,visual_only_gold,golden,ugly_gold,golden,True,True,False,0.875,0.125,0.875,True,False
E5A_rq3_text_plus_image_qwen_20260730,Qwen/Qwen2.5-VL-7B-Instruct,cc594898137f460bfe9f0759e9844b3ce807cfb5,python,rq3g_python_040__c2,semantic_and_visual_aligned,golden,beautiful_trash,golden,True,True,False,2.875,0.0,2.875,True,False
E5A_rq3_text_plus_image_qwen_20260730,Qwen/Qwen2.5-VL-7B-Instruct,cc594898137f460bfe9f0759e9844b3ce807cfb5,python,rq3g_python_040__c3,semantic_and_visual_aligned,golden,ugly_trash,golden,True,True,False,3.5625,0.1875,3.5625,True,False
E5A_rq3_text_plus_image_qwen_20260730,Qwen/Qwen2.5-VL-7B-Instruct,cc594898137f460bfe9f0759e9844b3ce807cfb5,python,rq3g_python_040__c4,semantic_visual_conflict_primary,ugly_gold,beautiful_trash,ugly_gold,True,True,False,1.8125,-0.4375,1.8125,True,False
E5A_rq3_text_plus_image_qwen_20260730,Qwen/Qwen2.5-VL-7B-Instruct,cc594898137f460bfe9f0759e9844b3ce807cfb5,python,rq3g_python_040__c5,semantic_only_under_ugly,ugly_gold,ugly_trash,ugly_gold,True,True,False,2.25,-0.375,2.25,True,False
E5A_rq3_text_plus_image_qwen_20260730,Qwen/Qwen2.5-VL-7B-Instruct,cc594898137f460bfe9f0759e9844b3ce807cfb5,python,rq3g_python_040__c6,visual_only_trash,beautiful_trash,ugly_trash,beautiful_trash,True,True,False,1.0625,-0.8125,1.0625,True,False
E5A_rq3_text_plus_image_qwen_20260730,Qwen/Qwen2.5-VL-7B-Instruct,cc594898137f460bfe9f0759e9844b3ce807cfb5,python,rq3g_python_041__c1,visual_only_gold,golden,ugly_gold,golden,True,True,False,0.8125,-0.8125,0.8125,True,False
E5A_rq3_text_plus_image_qwen_20260730,Qwen/Qwen2.5-VL-7B-Instruct,cc594898137f460bfe9f0759e9844b3ce807cfb5,python,rq3g_python_041__c2,semantic_and_visual_aligned,golden,beautiful_trash,golden,True,True,False,3.625,-0.25,3.625,True,False
E5A_rq3_text_plus_image_qwen_20260730,Qwen/Qwen2.5-VL-7B-Instruct,cc594898137f460bfe9f0759e9844b3ce807cfb5,python,rq3g_python_041__c3,semantic_and_visual_aligned,golden,ugly_trash,golden,True,True,False,3.5,-0.375,3.5,True,False
E5A_rq3_text_plus_image_qwen_20260730,Qwen/Qwen2.5-VL-7B-Instruct,cc594898137f460bfe9f0759e9844b3ce807cfb5,python,rq3g_python_041__c4,semantic_visual_conflict_primary,ugly_gold,beautiful_trash,ugly_gold,True,True,False,3.0,-1.0,3.0,True,False
E5A_rq3_text_plus_image_qwen_20260730,Qwen/Qwen2.5-VL-7B-Instruct,cc594898137f460bfe9f0759e9844b3ce807cfb5,python,rq3g_python_041__c5,semantic_only_under_ugly,ugly_gold,ugly_trash,ugly_gold,True,True,False,2.625,-0.875,2.625,True,False
E5A_rq3_text_plus_image_qwen_20260730,Qwen/Qwen2.5-VL-7B-Instruct,cc594898137f460bfe9f0759e9844b3ce807cfb5,python,rq3g_python_041__c6,visual_only_trash,beautiful_trash,ugly_trash,beautiful_trash,False,False,False,0.375,-1.375,0.375,True,False
E5A_rq3_text_plus_image_qwen_20260730,Qwen/Qwen2.5-VL-7B-Instruct,cc594898137f460bfe9f0759e9844b3ce807cfb5,python,rq3g_python_042__c1,visual_only_gold,golden,ugly_gold,golden,False,False,False,0.8125,-0.9375,0.8125,True,False
E5A_rq3_text_plus_image_qwen_20260730,Qwen/Qwen2.5-VL-7B-Instruct,cc594898137f460bfe9f0759e9844b3ce807cfb5,python,rq3g_python_042__c2,semantic_and_visual_aligned,golden,beautiful_trash,golden,True,True,False,3.9375,-0.0625,3.9375,True,False
E5A_rq3_text_plus_image_qwen_20260730,Qwen/Qwen2.5-VL-7B-Instruct,cc594898137f460bfe9f0759e9844b3ce807cfb5,python,rq3g_python_042__c3,semantic_and_visual_aligned,golden,ugly_trash,golden,True,True,False,4.0,-0.25,4.0,True,False
E5A_rq3_text_plus_image_qwen_20260730,Qwen/Qwen2.5-VL-7B-Instruct,cc594898137f460bfe9f0759e9844b3ce807cfb5,python,rq3g_python_042__c4,semantic_visual_conflict_primary,ugly_gold,beautiful_trash,ugly_gold,True,True,False,3.4375,-0.0625,3.4375,True,False
E5A_rq3_text_plus_image_qwen_20260730,Qwen/Qwen2.5-VL-7B-Instruct,cc594898137f460bfe9f0759e9844b3ce807cfb5,python,rq3g_python_042__c5,semantic_only_under_ugly,ugly_gold,ugly_trash,ugly_gold,True,True,False,3.125,0.0,3.125,True,False
E5A_rq3_text_plus_image_qwen_20260730,Qwen/Qwen2.5-VL-7B-Instruct,cc594898137f460bfe9f0759e9844b3ce807cfb5,python,rq3g_python_042__c6,visual_only_trash,beautiful_trash,ugly_trash,beautiful_trash,False,False,False,0.125,-0.875,0.125,True,False
E5A_rq3_text_plus_image_qwen_20260730,Qwen/Qwen2.5-VL-7B-Instruct,cc594898137f460bfe9f0759e9844b3ce807cfb5,python,rq3g_python_043__c1,visual_only_gold,golden,ugly_gold,golden,True,True,False,0.75,-0.625,0.75,True,False
E5A_rq3_text_plus_image_qwen_20260730,Qwen/Qwen2.5-VL-7B-Instruct,cc594898137f460bfe9f0759e9844b3ce807cfb5,python,rq3g_python_043__c2,semantic_and_visual_aligned,golden,beautiful_trash,golden,True,True,False,4.3125,-0.6875,4.3125,True,False
E5A_rq3_text_plus_image_qwen_20260730,Qwen/Qwen2.5-VL-7B-Instruct,cc594898137f460bfe9f0759e9844b3ce807cfb5,python,rq3g_python_043__c3,semantic_and_visual_aligned,golden,ugly_trash,golden,True,True,False,4.0625,-0.1875,4.0625,True,False
E5A_rq3_text_plus_image_qwen_20260730,Qwen/Qwen2.5-VL-7B-Instruct,cc594898137f460bfe9f0759e9844b3ce807cfb5,python,rq3g_python_043__c4,semantic_visual_conflict_primary,ugly_gold,beautiful_trash,ugly_gold,True,True,False,3.625,-0.625,3.625,True,False
E5A_rq3_text_plus_image_qwen_20260730,Qwen/Qwen2.5-VL-7B-Instruct,cc594898137f460bfe9f0759e9844b3ce807cfb5,python,rq3g_python_043__c5,semantic_only_under_ugly,ugly_gold,ugly_trash,ugly_gold,True,True,False,3.6875,-0.3125,3.6875,True,False
E5A_rq3_text_plus_image_qwen_20260730,Qwen/Qwen2.5-VL-7B-Instruct,cc594898137f460bfe9f0759e9844b3ce807cfb5,python,rq3g_python_043__c6,visual_only_trash,beautiful_trash,ugly_trash,beautiful_trash,False,False,False,0.3125,-0.5625,0.3125,True,False
E5A_rq3_text_plus_image_qwen_20260730,Qwen/Qwen2.5-VL-7B-Instruct,cc594898137f460bfe9f0759e9844b3ce807cfb5,python,rq3g_python_044__c1,visual_only_gold,golden,ugly_gold,golden,True,True,False,1.0,-0.5,1.0,True,False
E5A_rq3_text_plus_image_qwen_20260730,Qwen/Qwen2.5-VL-7B-Instruct,cc594898137f460bfe9f0759e9844b3ce807cfb5,python,rq3g_python_044__c2,semantic_and_visual_aligned,golden,beautiful_trash,golden,True,True,False,3.625,-0.375,3.625,True,False
E5A_rq3_text_plus_image_qwen_20260730,Qwen/Qwen2.5-VL-7B-Instruct,cc594898137f460bfe9f0759e9844b3ce807cfb5,python,rq3g_python_044__c3,semantic_and_visual_aligned,golden,ugly_trash,golden,True,True,False,4.0,-0.5,4.0,True,False
E5A_rq3_text_plus_image_qwen_20260730,Qwen/Qwen2.5-VL-7B-Instruct,cc594898137f460bfe9f0759e9844b3ce807cfb5,python,rq3g_python_044__c4,semantic_visual_conflict_primary,ugly_gold,beautiful_trash,ugly_gold,True,True,False,3.4375,-1.4375,3.4375,True,False
E5A_rq3_text_plus_image_qwen_20260730,Qwen/Qwen2.5-VL-7B-Instruct,cc594898137f460bfe9f0759e9844b3ce807cfb5,python,rq3g_python_044__c5,semantic_only_under_ugly,ugly_gold,ugly_trash,ugly_gold,True,True,False,3.5,-1.5,3.5,True,False
E5A_rq3_text_plus_image_qwen_20260730,Qwen/Qwen2.5-VL-7B-Instruct,cc594898137f460bfe9f0759e9844b3ce807cfb5,python,rq3g_python_044__c6,visual_only_trash,beautiful_trash,ugly_trash,beautiful_trash,False,False,False,0.75,-1.125,0.75,True,False
E5A_rq3_text_plus_image_qwen_20260730,Qwen/Qwen2.5-VL-7B-Instruct,cc594898137f460bfe9f0759e9844b3ce807cfb5,python,rq3g_python_045__c1,visual_only_gold,golden,ugly_gold,golden,True,True,False,0.75,-0.125,0.75,True,False
E5A_rq3_text_plus_image_qwen_20260730,Qwen/Qwen2.5-VL-7B-Instruct,cc594898137f460bfe9f0759e9844b3ce807cfb5,python,rq3g_python_045__c2,semantic_and_visual_aligned,golden,beautiful_trash,golden,True,True,False,3.5,-1.5,3.5,True,False
E5A_rq3_text_plus_image_qwen_20260730,Qwen/Qwen2.5-VL-7B-Instruct,cc594898137f460bfe9f0759e9844b3ce807cfb5,python,rq3g_python_045__c3,semantic_and_visual_aligned,golden,ugly_trash,golden,True,True,False,2.875,-1.0,2.875,True,False
E5A_rq3_text_plus_image_qwen_20260730,Qwen/Qwen2.5-VL-7B-Instruct,cc594898137f460bfe9f0759e9844b3ce807cfb5,python,rq3g_python_045__c4,semantic_visual_conflict_primary,ugly_gold,beautiful_trash,ugly_gold,True,True,False,3.1875,-1.3125,3.1875,True,False
E5A_rq3_text_plus_image_qwen_20260730,Qwen/Qwen2.5-VL-7B-Instruct,cc594898137f460bfe9f0759e9844b3ce807cfb5,python,rq3g_python_045__c5,semantic_only_under_ugly,ugly_gold,ugly_trash,ugly_gold,True,True,False,2.9375,-1.4375,2.9375,True,False
E5A_rq3_text_plus_image_qwen_20260730,Qwen/Qwen2.5-VL-7B-Instruct,cc594898137f460bfe9f0759e9844b3ce807cfb5,python,rq3g_python_045__c6,visual_only_trash,beautiful_trash,ugly_trash,beautiful_trash,False,False,False,0.0,-0.625,0.0,False,True
E5A_rq3_text_plus_image_qwen_20260730,Qwen/Qwen2.5-VL-7B-Instruct,cc594898137f460bfe9f0759e9844b3ce807cfb5,python,rq3g_python_046__c1,visual_only_gold,golden,ugly_gold,golden,True,True,False,1.0625,-0.1875,1.0625,True,False
E5A_rq3_text_plus_image_qwen_20260730,Qwen/Qwen2.5-VL-7B-Instruct,cc594898137f460bfe9f0759e9844b3ce807cfb5,python,rq3g_python_046__c2,semantic_and_visual_aligned,golden,beautiful_trash,golden,True,True,False,3.5,-0.25,3.5,True,False
E5A_rq3_text_plus_image_qwen_20260730,Qwen/Qwen2.5-VL-7B-Instruct,cc594898137f460bfe9f0759e9844b3ce807cfb5,python,rq3g_python_046__c3,semantic_and_visual_aligned,golden,ugly_trash,golden,True,True,False,3.5,0.125,3.5,True,False
E5A_rq3_text_plus_image_qwen_20260730,Qwen/Qwen2.5-VL-7B-Instruct,cc594898137f460bfe9f0759e9844b3ce807cfb5,python,rq3g_python_046__c4,semantic_visual_conflict_primary,ugly_gold,beautiful_trash,ugly_gold,True,True,False,2.75,-0.625,2.75,True,False
E5A_rq3_text_plus_image_qwen_20260730,Qwen/Qwen2.5-VL-7B-Instruct,cc594898137f460bfe9f0759e9844b3ce807cfb5,python,rq3g_python_046__c5,semantic_only_under_ugly,ugly_gold,ugly_trash,ugly_gold,True,True,False,2.875,-0.375,2.875,True,False
E5A_rq3_text_plus_image_qwen_20260730,Qwen/Qwen2.5-VL-7B-Instruct,cc594898137f460bfe9f0759e9844b3ce807cfb5,python,rq3g_python_046__c6,visual_only_trash,beautiful_trash,ugly_trash,beautiful_trash,False,False,False,0.5,-1.125,0.5,True,False
E5A_rq3_text_plus_image_qwen_20260730,Qwen/Qwen2.5-VL-7B-Instruct,cc594898137f460bfe9f0759e9844b3ce807cfb5,python,rq3g_python_047__c1,visual_only_gold,golden,ugly_gold,golden,True,True,False,1.5,0.25,1.5,True,False
E5A_rq3_text_plus_image_qwen_20260730,Qwen/Qwen2.5-VL-7B-Instruct,cc594898137f460bfe9f0759e9844b3ce807cfb5,python,rq3g_python_047__c2,semantic_and_visual_aligned,golden,beautiful_trash,golden,True,True,False,3.8125,-0.3125,3.8125,True,False
E5A_rq3_text_plus_image_qwen_20260730,Qwen/Qwen2.5-VL-7B-Instruct,cc594898137f460bfe9f0759e9844b3ce807cfb5,python,rq3g_python_047__c3,semantic_and_visual_aligned,golden,ugly_trash,golden,True,True,False,3.75,0.0,3.75,True,False
E5A_rq3_text_plus_image_qwen_20260730,Qwen/Qwen2.5-VL-7B-Instruct,cc594898137f460bfe9f0759e9844b3ce807cfb5,python,rq3g_python_047__c4,semantic_visual_conflict_primary,ugly_gold,beautiful_trash,ugly_gold,True,True,False,2.4375,-0.6875,2.4375,True,False
E5A_rq3_text_plus_image_qwen_20260730,Qwen/Qwen2.5-VL-7B-Instruct,cc594898137f460bfe9f0759e9844b3ce807cfb5,python,rq3g_python_047__c5,semantic_only_under_ugly,ugly_gold,ugly_trash,ugly_gold,True,True,False,2.5625,-0.3125,2.5625,True,False
E5A_rq3_text_plus_image_qwen_20260730,Qwen/Qwen2.5-VL-7B-Instruct,cc594898137f460bfe9f0759e9844b3ce807cfb5,python,rq3g_python_047__c6,visual_only_trash,beautiful_trash,ugly_trash,beautiful_trash,False,False,False,0.5625,-1.3125,0.5625,True,False
E5A_rq3_text_plus_image_qwen_20260730,Qwen/Qwen2.5-VL-7B-Instruct,cc594898137f460bfe9f0759e9844b3ce807cfb5,python,rq3g_python_048__c1,visual_only_gold,golden,ugly_gold,golden,True,True,False,1.8125,-0.9375,1.8125,True,False
E5A_rq3_text_plus_image_qwen_20260730,Qwen/Qwen2.5-VL-7B-Instruct,cc594898137f460bfe9f0759e9844b3ce807cfb5,python,rq3g_python_048__c2,semantic_and_visual_aligned,golden,beautiful_trash,golden,True,True,False,2.8125,-0.9375,2.8125,True,False
E5A_rq3_text_plus_image_qwen_20260730,Qwen/Qwen2.5-VL-7B-Instruct,cc594898137f460bfe9f0759e9844b3ce807cfb5,python,rq3g_python_048__c3,semantic_and_visual_aligned,golden,ugly_trash,golden,True,True,False,3.1875,-0.8125,3.1875,True,False
E5A_rq3_text_plus_image_qwen_20260730,Qwen/Qwen2.5-VL-7B-Instruct,cc594898137f460bfe9f0759e9844b3ce807cfb5,python,rq3g_python_048__c4,semantic_visual_conflict_primary,ugly_gold,beautiful_trash,ugly_gold,True,True,False,2.375,-1.25,2.375,True,False
E5A_rq3_text_plus_image_qwen_20260730,Qwen/Qwen2.5-VL-7B-Instruct,cc594898137f460bfe9f0759e9844b3ce807cfb5,python,rq3g_python_048__c5,semantic_only_under_ugly,ugly_gold,ugly_trash,ugly_gold,True,True,False,2.625,-1.5,2.625,True,False
E5A_rq3_text_plus_image_qwen_20260730,Qwen/Qwen2.5-VL-7B-Instruct,cc594898137f460bfe9f0759e9844b3ce807cfb5,python,rq3g_python_048__c6,visual_only_trash,beautiful_trash,ugly_trash,beautiful_trash,False,False,False,0.5625,-1.4375,0.5625,True,False
E5A_rq3_text_plus_image_qwen_20260730,Qwen/Qwen2.5-VL-7B-Instruct,cc594898137f460bfe9f0759e9844b3ce807cfb5,python,rq3g_python_049__c1,visual_only_gold,golden,ugly_gold,golden,False,False,False,0.5625,-0.9375,0.5625,True,False
E5A_rq3_text_plus_image_qwen_20260730,Qwen/Qwen2.5-VL-7B-Instruct,cc594898137f460bfe9f0759e9844b3ce807cfb5,python,rq3g_python_049__c2,semantic_and_visual_aligned,golden,beautiful_trash,golden,True,True,False,3.4375,-0.8125,3.4375,True,False
E5A_rq3_text_plus_image_qwen_20260730,Qwen/Qwen2.5-VL-7B-Instruct,cc594898137f460bfe9f0759e9844b3ce807cfb5,python,rq3g_python_049__c3,semantic_and_visual_aligned,golden,ugly_trash,golden,True,True,False,3.75,-0.625,3.75,True,False
E5A_rq3_text_plus_image_qwen_20260730,Qwen/Qwen2.5-VL-7B-Instruct,cc594898137f460bfe9f0759e9844b3ce807cfb5,python,rq3g_python_049__c4,semantic_visual_conflict_primary,ugly_gold,beautiful_trash,ugly_gold,True,True,False,3.3125,-1.3125,3.3125,True,False
E5A_rq3_text_plus_image_qwen_20260730,Qwen/Qwen2.5-VL-7B-Instruct,cc594898137f460bfe9f0759e9844b3ce807cfb5,python,rq3g_python_049__c5,semantic_only_under_ugly,ugly_gold,ugly_trash,ugly_gold,True,True,False,3.3125,-1.0625,3.3125,True,False
E5A_rq3_text_plus_image_qwen_20260730,Qwen/Qwen2.5-VL-7B-Instruct,cc594898137f460bfe9f0759e9844b3ce807cfb5,python,rq3g_python_049__c6,visual_only_trash,beautiful_trash,ugly_trash,beautiful_trash,False,False,False,0.625,-1.625,0.625,True,False
E5A_rq3_text_plus_image_qwen_20260730,Qwen/Qwen2.5-VL-7B-Instruct,cc594898137f460bfe9f0759e9844b3ce807cfb5,python,rq3g_python_050__c1,visual_only_gold,golden,ugly_gold,golden,True,True,False,0.625,-0.625,0.625,True,False
E5A_rq3_text_plus_image_qwen_20260730,Qwen/Qwen2.5-VL-7B-Instruct,cc594898137f460bfe9f0759e9844b3ce807cfb5,python,rq3g_python_050__c2,semantic_and_visual_aligned,golden,beautiful_trash,golden,True,True,False,2.25,-1.375,2.25,True,False
E5A_rq3_text_plus_image_qwen_20260730,Qwen/Qwen2.5-VL-7B-Instruct,cc594898137f460bfe9f0759e9844b3ce807cfb5,python,rq3g_python_050__c3,semantic_and_visual_aligned,golden,ugly_trash,golden,True,True,False,2.125,-1.375,2.125,True,False
E5A_rq3_text_plus_image_qwen_20260730,Qwen/Qwen2.5-VL-7B-Instruct,cc594898137f460bfe9f0759e9844b3ce807cfb5,python,rq3g_python_050__c4,semantic_visual_conflict_primary,ugly_gold,beautiful_trash,ugly_gold,True,True,False,1.875,-1.125,1.875,True,False
E5A_rq3_text_plus_image_qwen_20260730,Qwen/Qwen2.5-VL-7B-Instruct,cc594898137f460bfe9f0759e9844b3ce807cfb5,python,rq3g_python_050__c5,semantic_only_under_ugly,ugly_gold,ugly_trash,ugly_gold,True,True,False,2.0625,-1.4375,2.0625,True,False
E5A_rq3_text_plus_image_qwen_20260730,Qwen/Qwen2.5-VL-7B-Instruct,cc594898137f460bfe9f0759e9844b3ce807cfb5,python,rq3g_python_050__c6,visual_only_trash,beautiful_trash,ugly_trash,beautiful_trash,False,False,False,0.25,-0.75,0.25,True,False
E5A_rq3_text_plus_image_qwen_20260730,Qwen/Qwen2.5-VL-7B-Instruct,cc594898137f460bfe9f0759e9844b3ce807cfb5,python,rq3g_python_051__c1,visual_only_gold,golden,ugly_gold,golden,False,False,False,0.25,0.25,0.25,True,False
E5A_rq3_text_plus_image_qwen_20260730,Qwen/Qwen2.5-VL-7B-Instruct,cc594898137f460bfe9f0759e9844b3ce807cfb5,python,rq3g_python_051__c2,semantic_and_visual_aligned,golden,beautiful_trash,golden,True,True,False,4.3125,0.0625,4.3125,True,False
E5A_rq3_text_plus_image_qwen_20260730,Qwen/Qwen2.5-VL-7B-Instruct,cc594898137f460bfe9f0759e9844b3ce807cfb5,python,rq3g_python_051__c3,semantic_and_visual_aligned,golden,ugly_trash,golden,True,True,False,4.0,0.125,4.0,True,False
E5A_rq3_text_plus_image_qwen_20260730,Qwen/Qwen2.5-VL-7B-Instruct,cc594898137f460bfe9f0759e9844b3ce807cfb5,python,rq3g_python_051__c4,semantic_visual_conflict_primary,ugly_gold,beautiful_trash,ugly_gold,True,True,False,4.25,-0.5,4.25,True,False
E5A_rq3_text_plus_image_qwen_20260730,Qwen/Qwen2.5-VL-7B-Instruct,cc594898137f460bfe9f0759e9844b3ce807cfb5,python,rq3g_python_051__c5,semantic_only_under_ugly,ugly_gold,ugly_trash,ugly_gold,True,True,False,3.8125,-0.1875,3.8125,True,False
E5A_rq3_text_plus_image_qwen_20260730,Qwen/Qwen2.5-VL-7B-Instruct,cc594898137f460bfe9f0759e9844b3ce807cfb5,python,rq3g_python_051__c6,visual_only_trash,beautiful_trash,ugly_trash,beautiful_trash,False,False,False,0.5,-1.25,0.5,True,False
E5A_rq3_text_plus_image_qwen_20260730,Qwen/Qwen2.5-VL-7B-Instruct,cc594898137f460bfe9f0759e9844b3ce807cfb5,python,rq3g_python_052__c1,visual_only_gold,golden,ugly_gold,golden,True,True,False,1.0625,-0.4375,1.0625,True,False
E5A_rq3_text_plus_image_qwen_20260730,Qwen/Qwen2.5-VL-7B-Instruct,cc594898137f460bfe9f0759e9844b3ce807cfb5,python,rq3g_python_052__c2,semantic_and_visual_aligned,golden,beautiful_trash,golden,True,True,False,3.625,-0.375,3.625,True,False
E5A_rq3_text_plus_image_qwen_20260730,Qwen/Qwen2.5-VL-7B-Instruct,cc594898137f460bfe9f0759e9844b3ce807cfb5,python,rq3g_python_052__c3,semantic_and_visual_aligned,golden,ugly_trash,golden,True,True,False,4.0625,-0.3125,4.0625,True,False
E5A_rq3_text_plus_image_qwen_20260730,Qwen/Qwen2.5-VL-7B-Instruct,cc594898137f460bfe9f0759e9844b3ce807cfb5,python,rq3g_python_052__c4,semantic_visual_conflict_primary,ugly_gold,beautiful_trash,ugly_gold,True,True,False,3.25,-0.625,3.25,True,False
E5A_rq3_text_plus_image_qwen_20260730,Qwen/Qwen2.5-VL-7B-Instruct,cc594898137f460bfe9f0759e9844b3ce807cfb5,python,rq3g_python_052__c5,semantic_only_under_ugly,ugly_gold,ugly_trash,ugly_gold,True,True,False,3.5,-0.75,3.5,True,False
E5A_rq3_text_plus_image_qwen_20260730,Qwen/Qwen2.5-VL-7B-Instruct,cc594898137f460bfe9f0759e9844b3ce807cfb5,python,rq3g_python_052__c6,visual_only_trash,beautiful_trash,ugly_trash,beautiful_trash,False,False,False,0.8125,-1.5625,0.8125,True,False
E5A_rq3_text_plus_image_qwen_20260730,Qwen/Qwen2.5-VL-7B-Instruct,cc594898137f460bfe9f0759e9844b3ce807cfb5,python,rq3g_python_053__c1,visual_only_gold,golden,ugly_gold,golden,True,True,False,1.0625,-0.3125,1.0625,True,False
E5A_rq3_text_plus_image_qwen_20260730,Qwen/Qwen2.5-VL-7B-Instruct,cc594898137f460bfe9f0759e9844b3ce807cfb5,python,rq3g_python_053__c2,semantic_and_visual_aligned,golden,beautiful_trash,golden,True,True,False,2.8125,-0.5625,2.8125,True,False
E5A_rq3_text_plus_image_qwen_20260730,Qwen/Qwen2.5-VL-7B-Instruct,cc594898137f460bfe9f0759e9844b3ce807cfb5,python,rq3g_python_053__c3,semantic_and_visual_aligned,golden,ugly_trash,golden,True,True,False,3.0625,0.0625,3.0625,True,False
E5A_rq3_text_plus_image_qwen_20260730,Qwen/Qwen2.5-VL-7B-Instruct,cc594898137f460bfe9f0759e9844b3ce807cfb5,python,rq3g_python_053__c4,semantic_visual_conflict_primary,ugly_gold,beautiful_trash,ugly_gold,True,True,False,2.6875,-0.8125,2.6875,True,False
E5A_rq3_text_plus_image_qwen_20260730,Qwen/Qwen2.5-VL-7B-Instruct,cc594898137f460bfe9f0759e9844b3ce807cfb5,python,rq3g_python_053__c5,semantic_only_under_ugly,ugly_gold,ugly_trash,ugly_gold,True,True,False,2.9375,-0.5625,2.9375,True,False
E5A_rq3_text_plus_image_qwen_20260730,Qwen/Qwen2.5-VL-7B-Instruct,cc594898137f460bfe9f0759e9844b3ce807cfb5,python,rq3g_python_053__c6,visual_only_trash,beautiful_trash,ugly_trash,beautiful_trash,False,False,False,0.625,-0.75,0.625,True,False
E5A_rq3_text_plus_image_qwen_20260730,Qwen/Qwen2.5-VL-7B-Instruct,cc594898137f460bfe9f0759e9844b3ce807cfb5,python,rq3g_python_054__c1,visual_only_gold,golden,ugly_gold,golden,True,True,False,1.375,0.125,1.375,True,False
E5A_rq3_text_plus_image_qwen_20260730,Qwen/Qwen2.5-VL-7B-Instruct,cc594898137f460bfe9f0759e9844b3ce807cfb5,python,rq3g_python_054__c2,semantic_and_visual_aligned,golden,beautiful_trash,golden,True,True,False,3.5625,0.3125,3.5625,True,False
E5A_rq3_text_plus_image_qwen_20260730,Qwen/Qwen2.5-VL-7B-Instruct,cc594898137f460bfe9f0759e9844b3ce807cfb5,python,rq3g_python_054__c3,semantic_and_visual_aligned,golden,ugly_trash,golden,True,True,False,4.0,0.25,4.0,True,False
E5A_rq3_text_plus_image_qwen_20260730,Qwen/Qwen2.5-VL-7B-Instruct,cc594898137f460bfe9f0759e9844b3ce807cfb5,python,rq3g_python_054__c4,semantic_visual_conflict_primary,ugly_gold,beautiful_trash,ugly_gold,True,True,False,3.5,-0.375,3.5,True,False
E5A_rq3_text_plus_image_qwen_20260730,Qwen/Qwen2.5-VL-7B-Instruct,cc594898137f460bfe9f0759e9844b3ce807cfb5,python,rq3g_python_054__c5,semantic_only_under_ugly,ugly_gold,ugly_trash,ugly_gold,True,True,False,3.375,-0.25,3.375,True,False
E5A_rq3_text_plus_image_qwen_20260730,Qwen/Qwen2.5-VL-7B-Instruct,cc594898137f460bfe9f0759e9844b3ce807cfb5,python,rq3g_python_054__c6,visual_only_trash,beautiful_trash,ugly_trash,beautiful_trash,False,False,False,0.375,-1.125,0.375,True,False
E5A_rq3_text_plus_image_qwen_20260730,Qwen/Qwen2.5-VL-7B-Instruct,cc594898137f460bfe9f0759e9844b3ce807cfb5,python,rq3g_python_055__c1,visual_only_gold,golden,ugly_gold,golden,False,False,False,0.75,-1.25,0.75,True,False
E5A_rq3_text_plus_image_qwen_20260730,Qwen/Qwen2.5-VL-7B-Instruct,cc594898137f460bfe9f0759e9844b3ce807cfb5,python,rq3g_python_055__c2,semantic_and_visual_aligned,golden,beautiful_trash,golden,True,True,False,3.3125,-0.9375,3.3125,True,False
E5A_rq3_text_plus_image_qwen_20260730,Qwen/Qwen2.5-VL-7B-Instruct,cc594898137f460bfe9f0759e9844b3ce807cfb5,python,rq3g_python_055__c3,semantic_and_visual_aligned,golden,ugly_trash,golden,True,True,False,3.8125,-0.4375,3.8125,True,False
E5A_rq3_text_plus_image_qwen_20260730,Qwen/Qwen2.5-VL-7B-Instruct,cc594898137f460bfe9f0759e9844b3ce807cfb5,python,rq3g_python_055__c4,semantic_visual_conflict_primary,ugly_gold,beautiful_trash,ugly_gold,True,True,False,2.375,-1.25,2.375,True,False
E5A_rq3_text_plus_image_qwen_20260730,Qwen/Qwen2.5-VL-7B-Instruct,cc594898137f460bfe9f0759e9844b3ce807cfb5,python,rq3g_python_055__c5,semantic_only_under_ugly,ugly_gold,ugly_trash,ugly_gold,True,True,False,3.0,-0.875,3.0,True,False
E5A_rq3_text_plus_image_qwen_20260730,Qwen/Qwen2.5-VL-7B-Instruct,cc594898137f460bfe9f0759e9844b3ce807cfb5,python,rq3g_python_055__c6,visual_only_trash,beautiful_trash,ugly_trash,beautiful_trash,False,False,False,0.6875,-1.9375,0.6875,True,False
E5A_rq3_text_plus_image_qwen_20260730,Qwen/Qwen2.5-VL-7B-Instruct,cc594898137f460bfe9f0759e9844b3ce807cfb5,python,rq3g_python_056__c1,visual_only_gold,golden,ugly_gold,golden,True,True,False,1.1875,-0.3125,1.1875,True,False
E5A_rq3_text_plus_image_qwen_20260730,Qwen/Qwen2.5-VL-7B-Instruct,cc594898137f460bfe9f0759e9844b3ce807cfb5,python,rq3g_python_056__c2,semantic_and_visual_aligned,golden,beautiful_trash,golden,True,True,False,2.5625,0.5625,2.5625,True,False
E5A_rq3_text_plus_image_qwen_20260730,Qwen/Qwen2.5-VL-7B-Instruct,cc594898137f460bfe9f0759e9844b3ce807cfb5,python,rq3g_python_056__c3,semantic_and_visual_aligned,golden,ugly_trash,golden,True,True,False,2.75,0.375,2.75,True,False
E5A_rq3_text_plus_image_qwen_20260730,Qwen/Qwen2.5-VL-7B-Instruct,cc594898137f460bfe9f0759e9844b3ce807cfb5,python,rq3g_python_056__c4,semantic_visual_conflict_primary,ugly_gold,beautiful_trash,ugly_gold,True,True,False,1.375,0.0,1.375,True,False
E5A_rq3_text_plus_image_qwen_20260730,Qwen/Qwen2.5-VL-7B-Instruct,cc594898137f460bfe9f0759e9844b3ce807cfb5,python,rq3g_python_056__c5,semantic_only_under_ugly,ugly_gold,ugly_trash,ugly_gold,True,True,False,2.0,0.5,2.0,True,False
E5A_rq3_text_plus_image_qwen_20260730,Qwen/Qwen2.5-VL-7B-Instruct,cc594898137f460bfe9f0759e9844b3ce807cfb5,python,rq3g_python_056__c6,visual_only_trash,beautiful_trash,ugly_trash,beautiful_trash,False,False,False,0.5625,-1.1875,0.5625,True,False
E5A_rq3_text_plus_image_qwen_20260730,Qwen/Qwen2.5-VL-7B-Instruct,cc594898137f460bfe9f0759e9844b3ce807cfb5,python,rq3g_python_057__c1,visual_only_gold,golden,ugly_gold,golden,True,True,False,0.5625,-0.1875,0.5625,True,False
E5A_rq3_text_plus_image_qwen_20260730,Qwen/Qwen2.5-VL-7B-Instruct,cc594898137f460bfe9f0759e9844b3ce807cfb5,python,rq3g_python_057__c2,semantic_and_visual_aligned,golden,beautiful_trash,golden,True,True,False,4.8125,0.6875,4.8125,True,False
E5A_rq3_text_plus_image_qwen_20260730,Qwen/Qwen2.5-VL-7B-Instruct,cc594898137f460bfe9f0759e9844b3ce807cfb5,python,rq3g_python_057__c3,semantic_and_visual_aligned,golden,ugly_trash,golden,True,True,False,4.4375,0.4375,4.4375,True,False
E5A_rq3_text_plus_image_qwen_20260730,Qwen/Qwen2.5-VL-7B-Instruct,cc594898137f460bfe9f0759e9844b3ce807cfb5,python,rq3g_python_057__c4,semantic_visual_conflict_primary,ugly_gold,beautiful_trash,ugly_gold,True,True,False,4.6875,0.1875,4.6875,True,False
E5A_rq3_text_plus_image_qwen_20260730,Qwen/Qwen2.5-VL-7B-Instruct,cc594898137f460bfe9f0759e9844b3ce807cfb5,python,rq3g_python_057__c5,semantic_only_under_ugly,ugly_gold,ugly_trash,ugly_gold,True,True,False,4.3125,0.1875,4.3125,True,False
E5A_rq3_text_plus_image_qwen_20260730,Qwen/Qwen2.5-VL-7B-Instruct,cc594898137f460bfe9f0759e9844b3ce807cfb5,python,rq3g_python_057__c6,visual_only_trash,beautiful_trash,ugly_trash,beautiful_trash,False,False,False,0.3125,-0.9375,0.3125,True,False
E5A_rq3_text_plus_image_qwen_20260730,Qwen/Qwen2.5-VL-7B-Instruct,cc594898137f460bfe9f0759e9844b3ce807cfb5,python,rq3g_python_058__c1,visual_only_gold,golden,ugly_gold,golden,True,True,False,0.8125,-0.3125,0.8125,True,False
E5A_rq3_text_plus_image_qwen_20260730,Qwen/Qwen2.5-VL-7B-Instruct,cc594898137f460bfe9f0759e9844b3ce807cfb5,python,rq3g_python_058__c2,semantic_and_visual_aligned,golden,beautiful_trash,golden,True,True,False,2.375,-0.5,2.375,True,False
E5A_rq3_text_plus_image_qwen_20260730,Qwen/Qwen2.5-VL-7B-Instruct,cc594898137f460bfe9f0759e9844b3ce807cfb5,python,rq3g_python_058__c3,semantic_and_visual_aligned,golden,ugly_trash,golden,True,True,False,2.6875,-0.5625,2.6875,True,False
E5A_rq3_text_plus_image_qwen_20260730,Qwen/Qwen2.5-VL-7B-Instruct,cc594898137f460bfe9f0759e9844b3ce807cfb5,python,rq3g_python_058__c4,semantic_visual_conflict_primary,ugly_gold,beautiful_trash,ugly_gold,True,True,False,1.875,-0.875,1.875,True,False
E5A_rq3_text_plus_image_qwen_20260730,Qwen/Qwen2.5-VL-7B-Instruct,cc594898137f460bfe9f0759e9844b3ce807cfb5,python,rq3g_python_058__c5,semantic_only_under_ugly,ugly_gold,ugly_trash,ugly_gold,True,True,False,1.75,-0.875,1.75,True,False
E5A_rq3_text_plus_image_qwen_20260730,Qwen/Qwen2.5-VL-7B-Instruct,cc594898137f460bfe9f0759e9844b3ce807cfb5,python,rq3g_python_058__c6,visual_only_trash,beautiful_trash,ugly_trash,beautiful_trash,False,False,False,0.625,-0.875,0.625,True,False
E5A_rq3_text_plus_image_qwen_20260730,Qwen/Qwen2.5-VL-7B-Instruct,cc594898137f460bfe9f0759e9844b3ce807cfb5,python,rq3g_python_059__c1,visual_only_gold,golden,ugly_gold,golden,True,True,False,1.5,-0.125,1.5,True,False
E5A_rq3_text_plus_image_qwen_20260730,Qwen/Qwen2.5-VL-7B-Instruct,cc594898137f460bfe9f0759e9844b3ce807cfb5,python,rq3g_python_059__c2,semantic_and_visual_aligned,golden,beautiful_trash,golden,True,True,False,3.3125,-0.5625,3.3125,True,False
E5A_rq3_text_plus_image_qwen_20260730,Qwen/Qwen2.5-VL-7B-Instruct,cc594898137f460bfe9f0759e9844b3ce807cfb5,python,rq3g_python_059__c3,semantic_and_visual_aligned,golden,ugly_trash,golden,True,True,False,3.5625,-0.3125,3.5625,True,False
E5A_rq3_text_plus_image_qwen_20260730,Qwen/Qwen2.5-VL-7B-Instruct,cc594898137f460bfe9f0759e9844b3ce807cfb5,python,rq3g_python_059__c4,semantic_visual_conflict_primary,ugly_gold,beautiful_trash,ugly_gold,True,True,False,2.25,-1.125,2.25,True,False
E5A_rq3_text_plus_image_qwen_20260730,Qwen/Qwen2.5-VL-7B-Instruct,cc594898137f460bfe9f0759e9844b3ce807cfb5,python,rq3g_python_059__c5,semantic_only_under_ugly,ugly_gold,ugly_trash,ugly_gold,True,True,False,2.625,-0.875,2.625,True,False
E5A_rq3_text_plus_image_qwen_20260730,Qwen/Qwen2.5-VL-7B-Instruct,cc594898137f460bfe9f0759e9844b3ce807cfb5,python,rq3g_python_059__c6,visual_only_trash,beautiful_trash,ugly_trash,beautiful_trash,False,False,False,0.0625,-1.5625,0.0625,True,False
E5A_rq3_text_plus_image_qwen_20260730,Qwen/Qwen2.5-VL-7B-Instruct,cc594898137f460bfe9f0759e9844b3ce807cfb5,python,rq3g_python_060__c1,visual_only_gold,golden,ugly_gold,golden,True,True,False,0.75,0.375,0.75,True,False
E5A_rq3_text_plus_image_qwen_20260730,Qwen/Qwen2.5-VL-7B-Instruct,cc594898137f460bfe9f0759e9844b3ce807cfb5,python,rq3g_python_060__c2,semantic_and_visual_aligned,golden,beautiful_trash,golden,True,True,False,3.0,0.25,3.0,True,False
E5A_rq3_text_plus_image_qwen_20260730,Qwen/Qwen2.5-VL-7B-Instruct,cc594898137f460bfe9f0759e9844b3ce807cfb5,python,rq3g_python_060__c3,semantic_and_visual_aligned,golden,ugly_trash,golden,True,True,False,2.875,0.5,2.875,True,False
E5A_rq3_text_plus_image_qwen_20260730,Qwen/Qwen2.5-VL-7B-Instruct,cc594898137f460bfe9f0759e9844b3ce807cfb5,python,rq3g_python_060__c4,semantic_visual_conflict_primary,ugly_gold,beautiful_trash,ugly_gold,True,True,False,2.375,-0.5,2.375,True,False
E5A_rq3_text_plus_image_qwen_20260730,Qwen/Qwen2.5-VL-7B-Instruct,cc594898137f460bfe9f0759e9844b3ce807cfb5,python,rq3g_python_060__c5,semantic_only_under_ugly,ugly_gold,ugly_trash,ugly_gold,True,True,False,2.8125,-0.8125,2.8125,True,False
E5A_rq3_text_plus_image_qwen_20260730,Qwen/Qwen2.5-VL-7B-Instruct,cc594898137f460bfe9f0759e9844b3ce807cfb5,python,rq3g_python_060__c6,visual_only_trash,beautiful_trash,ugly_trash,beautiful_trash,False,False,False,1.0,-1.25,1.0,True,False
E5A_rq3_text_plus_image_qwen_20260730,Qwen/Qwen2.5-VL-7B-Instruct,cc594898137f460bfe9f0759e9844b3ce807cfb5,python,rq3g_python_061__c1,visual_only_gold,golden,ugly_gold,golden,True,True,False,0.75,-0.5,0.75,True,False
E5A_rq3_text_plus_image_qwen_20260730,Qwen/Qwen2.5-VL-7B-Instruct,cc594898137f460bfe9f0759e9844b3ce807cfb5,python,rq3g_python_061__c2,semantic_and_visual_aligned,golden,beautiful_trash,golden,True,True,False,3.9375,-1.1875,3.9375,True,False
E5A_rq3_text_plus_image_qwen_20260730,Qwen/Qwen2.5-VL-7B-Instruct,cc594898137f460bfe9f0759e9844b3ce807cfb5,python,rq3g_python_061__c3,semantic_and_visual_aligned,golden,ugly_trash,golden,True,True,False,4.0625,-0.3125,4.0625,True,False
E5A_rq3_text_plus_image_qwen_20260730,Qwen/Qwen2.5-VL-7B-Instruct,cc594898137f460bfe9f0759e9844b3ce807cfb5,python,rq3g_python_061__c4,semantic_visual_conflict_primary,ugly_gold,beautiful_trash,ugly_gold,True,True,False,3.75,-1.375,3.75,True,False
E5A_rq3_text_plus_image_qwen_20260730,Qwen/Qwen2.5-VL-7B-Instruct,cc594898137f460bfe9f0759e9844b3ce807cfb5,python,rq3g_python_061__c5,semantic_only_under_ugly,ugly_gold,ugly_trash,ugly_gold,True,True,False,4.0625,-1.0625,4.0625,True,False
E5A_rq3_text_plus_image_qwen_20260730,Qwen/Qwen2.5-VL-7B-Instruct,cc594898137f460bfe9f0759e9844b3ce807cfb5,python,rq3g_python_061__c6,visual_only_trash,beautiful_trash,ugly_trash,beautiful_trash,False,False,False,0.6875,-0.8125,0.6875,True,False
E5A_rq3_text_plus_image_qwen_20260730,Qwen/Qwen2.5-VL-7B-Instruct,cc594898137f460bfe9f0759e9844b3ce807cfb5,python,rq3g_python_062__c1,visual_only_gold,golden,ugly_gold,golden,True,True,False,1.3125,-0.6875,1.3125,True,False
E5A_rq3_text_plus_image_qwen_20260730,Qwen/Qwen2.5-VL-7B-Instruct,cc594898137f460bfe9f0759e9844b3ce807cfb5,python,rq3g_python_062__c2,semantic_and_visual_aligned,golden,beautiful_trash,golden,True,True,False,3.9375,-0.4375,3.9375,True,False
E5A_rq3_text_plus_image_qwen_20260730,Qwen/Qwen2.5-VL-7B-Instruct,cc594898137f460bfe9f0759e9844b3ce807cfb5,python,rq3g_python_062__c3,semantic_and_visual_aligned,golden,ugly_trash,golden,True,True,False,4.0625,0.3125,4.0625,True,False
E5A_rq3_text_plus_image_qwen_20260730,Qwen/Qwen2.5-VL-7B-Instruct,cc594898137f460bfe9f0759e9844b3ce807cfb5,python,rq3g_python_062__c4,semantic_visual_conflict_primary,ugly_gold,beautiful_trash,ugly_gold,True,True,False,3.125,-0.875,3.125,True,False
E5A_rq3_text_plus_image_qwen_20260730,Qwen/Qwen2.5-VL-7B-Instruct,cc594898137f460bfe9f0759e9844b3ce807cfb5,python,rq3g_python_062__c5,semantic_only_under_ugly,ugly_gold,ugly_trash,ugly_gold,True,True,False,3.375,-0.75,3.375,True,False
E5A_rq3_text_plus_image_qwen_20260730,Qwen/Qwen2.5-VL-7B-Instruct,cc594898137f460bfe9f0759e9844b3ce807cfb5,python,rq3g_python_062__c6,visual_only_trash,beautiful_trash,ugly_trash,beautiful_trash,False,False,False,0.375,-0.5,0.375,True,False
E5A_rq3_text_plus_image_qwen_20260730,Qwen/Qwen2.5-VL-7B-Instruct,cc594898137f460bfe9f0759e9844b3ce807cfb5,python,rq3g_python_063__c1,visual_only_gold,golden,ugly_gold,golden,True,True,False,1.1875,-0.9375,1.1875,True,False
E5A_rq3_text_plus_image_qwen_20260730,Qwen/Qwen2.5-VL-7B-Instruct,cc594898137f460bfe9f0759e9844b3ce807cfb5,python,rq3g_python_063__c2,semantic_and_visual_aligned,golden,beautiful_trash,golden,True,True,False,3.5,-1.0,3.5,True,False
E5A_rq3_text_plus_image_qwen_20260730,Qwen/Qwen2.5-VL-7B-Instruct,cc594898137f460bfe9f0759e9844b3ce807cfb5,python,rq3g_python_063__c3,semantic_and_visual_aligned,golden,ugly_trash,golden,True,True,False,3.75,-0.75,3.75,True,False
E5A_rq3_text_plus_image_qwen_20260730,Qwen/Qwen2.5-VL-7B-Instruct,cc594898137f460bfe9f0759e9844b3ce807cfb5,python,rq3g_python_063__c4,semantic_visual_conflict_primary,ugly_gold,beautiful_trash,ugly_gold,True,True,False,2.875,-1.625,2.875,True,False
E5A_rq3_text_plus_image_qwen_20260730,Qwen/Qwen2.5-VL-7B-Instruct,cc594898137f460bfe9f0759e9844b3ce807cfb5,python,rq3g_python_063__c5,semantic_only_under_ugly,ugly_gold,ugly_trash,ugly_gold,True,True,False,3.0625,-1.0625,3.0625,True,False
E5A_rq3_text_plus_image_qwen_20260730,Qwen/Qwen2.5-VL-7B-Instruct,cc594898137f460bfe9f0759e9844b3ce807cfb5,python,rq3g_python_063__c6,visual_only_trash,beautiful_trash,ugly_trash,beautiful_trash,False,False,False,0.5,-0.875,0.5,True,False
E5A_rq3_text_plus_image_qwen_20260730,Qwen/Qwen2.5-VL-7B-Instruct,cc594898137f460bfe9f0759e9844b3ce807cfb5,python,rq3g_python_064__c1,visual_only_gold,golden,ugly_gold,golden,True,True,False,0.8125,-0.0625,0.8125,True,False
E5A_rq3_text_plus_image_qwen_20260730,Qwen/Qwen2.5-VL-7B-Instruct,cc594898137f460bfe9f0759e9844b3ce807cfb5,python,rq3g_python_064__c2,semantic_and_visual_aligned,golden,beautiful_trash,golden,True,True,False,4.1875,-0.4375,4.1875,True,False
E5A_rq3_text_plus_image_qwen_20260730,Qwen/Qwen2.5-VL-7B-Instruct,cc594898137f460bfe9f0759e9844b3ce807cfb5,python,rq3g_python_064__c3,semantic_and_visual_aligned,golden,ugly_trash,golden,True,True,False,4.125,-0.375,4.125,True,False
E5A_rq3_text_plus_image_qwen_20260730,Qwen/Qwen2.5-VL-7B-Instruct,cc594898137f460bfe9f0759e9844b3ce807cfb5,python,rq3g_python_064__c4,semantic_visual_conflict_primary,ugly_gold,beautiful_trash,ugly_gold,True,True,False,3.25,-1.125,3.25,True,False
E5A_rq3_text_plus_image_qwen_20260730,Qwen/Qwen2.5-VL-7B-Instruct,cc594898137f460bfe9f0759e9844b3ce807cfb5,python,rq3g_python_064__c5,semantic_only_under_ugly,ugly_gold,ugly_trash,ugly_gold,True,True,False,3.375,-0.5,3.375,True,False
E5A_rq3_text_plus_image_qwen_20260730,Qwen/Qwen2.5-VL-7B-Instruct,cc594898137f460bfe9f0759e9844b3ce807cfb5,python,rq3g_python_064__c6,visual_only_trash,beautiful_trash,ugly_trash,beautiful_trash,False,False,False,0.5625,-1.1875,0.5625,True,False
E5A_rq3_text_plus_image_qwen_20260730,Qwen/Qwen2.5-VL-7B-Instruct,cc594898137f460bfe9f0759e9844b3ce807cfb5,python,rq3g_python_065__c1,visual_only_gold,golden,ugly_gold,golden,False,False,False,0.875,-1.5,0.875,True,False
E5A_rq3_text_plus_image_qwen_20260730,Qwen/Qwen2.5-VL-7B-Instruct,cc594898137f460bfe9f0759e9844b3ce807cfb5,python,rq3g_python_065__c2,semantic_and_visual_aligned,golden,beautiful_trash,golden,True,True,False,3.75,-0.75,3.75,True,False
E5A_rq3_text_plus_image_qwen_20260730,Qwen/Qwen2.5-VL-7B-Instruct,cc594898137f460bfe9f0759e9844b3ce807cfb5,python,rq3g_python_065__c3,semantic_and_visual_aligned,golden,ugly_trash,golden,True,True,False,4.3125,-0.9375,4.3125,True,False
E5A_rq3_text_plus_image_qwen_20260730,Qwen/Qwen2.5-VL-7B-Instruct,cc594898137f460bfe9f0759e9844b3ce807cfb5,python,rq3g_python_065__c4,semantic_visual_conflict_primary,ugly_gold,beautiful_trash,ugly_gold,True,True,False,2.9375,-1.5625,2.9375,True,False
E5A_rq3_text_plus_image_qwen_20260730,Qwen/Qwen2.5-VL-7B-Instruct,cc594898137f460bfe9f0759e9844b3ce807cfb5,python,rq3g_python_065__c5,semantic_only_under_ugly,ugly_gold,ugly_trash,ugly_gold,True,True,False,3.25,-1.375,3.25,True,False
E5A_rq3_text_plus_image_qwen_20260730,Qwen/Qwen2.5-VL-7B-Instruct,cc594898137f460bfe9f0759e9844b3ce807cfb5,python,rq3g_python_065__c6,visual_only_trash,beautiful_trash,ugly_trash,beautiful_trash,False,False,False,0.8125,-1.4375,0.8125,True,False
E5A_rq3_text_plus_image_qwen_20260730,Qwen/Qwen2.5-VL-7B-Instruct,cc594898137f460bfe9f0759e9844b3ce807cfb5,python,rq3g_python_066__c1,visual_only_gold,golden,ugly_gold,golden,True,True,False,0.9375,-0.3125,0.9375,True,False
E5A_rq3_text_plus_image_qwen_20260730,Qwen/Qwen2.5-VL-7B-Instruct,cc594898137f460bfe9f0759e9844b3ce807cfb5,python,rq3g_python_066__c2,semantic_and_visual_aligned,golden,beautiful_trash,golden,True,True,False,3.625,0.125,3.625,True,False
E5A_rq3_text_plus_image_qwen_20260730,Qwen/Qwen2.5-VL-7B-Instruct,cc594898137f460bfe9f0759e9844b3ce807cfb5,python,rq3g_python_066__c3,semantic_and_visual_aligned,golden,ugly_trash,golden,True,True,False,4.0625,-0.1875,4.0625,True,False
E5A_rq3_text_plus_image_qwen_20260730,Qwen/Qwen2.5-VL-7B-Instruct,cc594898137f460bfe9f0759e9844b3ce807cfb5,python,rq3g_python_066__c4,semantic_visual_conflict_primary,ugly_gold,beautiful_trash,ugly_gold,True,True,False,3.4375,-0.4375,3.4375,True,False
E5A_rq3_text_plus_image_qwen_20260730,Qwen/Qwen2.5-VL-7B-Instruct,cc594898137f460bfe9f0759e9844b3ce807cfb5,python,rq3g_python_066__c5,semantic_only_under_ugly,ugly_gold,ugly_trash,ugly_gold,True,True,False,3.9375,-0.8125,3.9375,True,False
E5A_rq3_text_plus_image_qwen_20260730,Qwen/Qwen2.5-VL-7B-Instruct,cc594898137f460bfe9f0759e9844b3ce807cfb5,python,rq3g_python_066__c6,visual_only_trash,beautiful_trash,ugly_trash,beautiful_trash,False,False,False,0.5625,-1.3125,0.5625,True,False
E5A_rq3_text_plus_image_qwen_20260730,Qwen/Qwen2.5-VL-7B-Instruct,cc594898137f460bfe9f0759e9844b3ce807cfb5,python,rq3g_python_067__c1,visual_only_gold,golden,ugly_gold,golden,True,True,False,1.0625,-0.1875,1.0625,True,False
E5A_rq3_text_plus_image_qwen_20260730,Qwen/Qwen2.5-VL-7B-Instruct,cc594898137f460bfe9f0759e9844b3ce807cfb5,python,rq3g_python_067__c2,semantic_and_visual_aligned,golden,beautiful_trash,golden,True,True,False,1.625,0.0,1.625,True,False
E5A_rq3_text_plus_image_qwen_20260730,Qwen/Qwen2.5-VL-7B-Instruct,cc594898137f460bfe9f0759e9844b3ce807cfb5,python,rq3g_python_067__c3,semantic_and_visual_aligned,golden,ugly_trash,golden,True,True,False,2.0,0.125,2.0,True,False
E5A_rq3_text_plus_image_qwen_20260730,Qwen/Qwen2.5-VL-7B-Instruct,cc594898137f460bfe9f0759e9844b3ce807cfb5,python,rq3g_python_067__c4,semantic_visual_conflict_primary,ugly_gold,beautiful_trash,ugly_gold,True,True,False,1.0625,-0.1875,1.0625,True,False
E5A_rq3_text_plus_image_qwen_20260730,Qwen/Qwen2.5-VL-7B-Instruct,cc594898137f460bfe9f0759e9844b3ce807cfb5,python,rq3g_python_067__c5,semantic_only_under_ugly,ugly_gold,ugly_trash,ugly_gold,True,True,False,1.375,-0.125,1.375,True,False
E5A_rq3_text_plus_image_qwen_20260730,Qwen/Qwen2.5-VL-7B-Instruct,cc594898137f460bfe9f0759e9844b3ce807cfb5,python,rq3g_python_067__c6,visual_only_trash,beautiful_trash,ugly_trash,beautiful_trash,True,True,False,0.875,-0.75,0.875,True,False
E5A_rq3_text_plus_image_qwen_20260730,Qwen/Qwen2.5-VL-7B-Instruct,cc594898137f460bfe9f0759e9844b3ce807cfb5,python,rq3g_python_068__c1,visual_only_gold,golden,ugly_gold,golden,True,True,False,1.1875,-0.5625,1.1875,True,False
E5A_rq3_text_plus_image_qwen_20260730,Qwen/Qwen2.5-VL-7B-Instruct,cc594898137f460bfe9f0759e9844b3ce807cfb5,python,rq3g_python_068__c2,semantic_and_visual_aligned,golden,beautiful_trash,golden,True,True,False,2.75,-0.5,2.75,True,False
E5A_rq3_text_plus_image_qwen_20260730,Qwen/Qwen2.5-VL-7B-Instruct,cc594898137f460bfe9f0759e9844b3ce807cfb5,python,rq3g_python_068__c3,semantic_and_visual_aligned,golden,ugly_trash,golden,True,True,False,3.3125,-0.9375,3.3125,True,False
E5A_rq3_text_plus_image_qwen_20260730,Qwen/Qwen2.5-VL-7B-Instruct,cc594898137f460bfe9f0759e9844b3ce807cfb5,python,rq3g_python_068__c4,semantic_visual_conflict_primary,ugly_gold,beautiful_trash,ugly_gold,True,True,False,2.75,-1.0,2.75,True,False
E5A_rq3_text_plus_image_qwen_20260730,Qwen/Qwen2.5-VL-7B-Instruct,cc594898137f460bfe9f0759e9844b3ce807cfb5,python,rq3g_python_068__c5,semantic_only_under_ugly,ugly_gold,ugly_trash,ugly_gold,True,True,False,2.875,-1.25,2.875,True,False
E5A_rq3_text_plus_image_qwen_20260730,Qwen/Qwen2.5-VL-7B-Instruct,cc594898137f460bfe9f0759e9844b3ce807cfb5,python,rq3g_python_068__c6,visual_only_trash,beautiful_trash,ugly_trash,beautiful_trash,False,False,False,0.9375,-1.4375,0.9375,True,False
E5A_rq3_text_plus_image_qwen_20260730,Qwen/Qwen2.5-VL-7B-Instruct,cc594898137f460bfe9f0759e9844b3ce807cfb5,python,rq3g_python_069__c1,visual_only_gold,golden,ugly_gold,golden,True,True,False,1.1875,-0.5625,1.1875,True,False
E5A_rq3_text_plus_image_qwen_20260730,Qwen/Qwen2.5-VL-7B-Instruct,cc594898137f460bfe9f0759e9844b3ce807cfb5,python,rq3g_python_069__c2,semantic_and_visual_aligned,golden,beautiful_trash,golden,True,True,False,3.25,-0.625,3.25,True,False
E5A_rq3_text_plus_image_qwen_20260730,Qwen/Qwen2.5-VL-7B-Instruct,cc594898137f460bfe9f0759e9844b3ce807cfb5,python,rq3g_python_069__c3,semantic_and_visual_aligned,golden,ugly_trash,golden,True,True,False,3.5,-0.5,3.5,True,False
E5A_rq3_text_plus_image_qwen_20260730,Qwen/Qwen2.5-VL-7B-Instruct,cc594898137f460bfe9f0759e9844b3ce807cfb5,python,rq3g_python_069__c4,semantic_visual_conflict_primary,ugly_gold,beautiful_trash,ugly_gold,True,True,False,2.5,-1.5,2.5,True,False
E5A_rq3_text_plus_image_qwen_20260730,Qwen/Qwen2.5-VL-7B-Instruct,cc594898137f460bfe9f0759e9844b3ce807cfb5,python,rq3g_python_069__c5,semantic_only_under_ugly,ugly_gold,ugly_trash,ugly_gold,True,True,False,2.8125,-1.0625,2.8125,True,False
E5A_rq3_text_plus_image_qwen_20260730,Qwen/Qwen2.5-VL-7B-Instruct,cc594898137f460bfe9f0759e9844b3ce807cfb5,python,rq3g_python_069__c6,visual_only_trash,beautiful_trash,ugly_trash,beautiful_trash,False,False,False,1.0625,-1.6875,1.0625,True,False
E5A_rq3_text_plus_image_qwen_20260730,Qwen/Qwen2.5-VL-7B-Instruct,cc594898137f460bfe9f0759e9844b3ce807cfb5,python,rq3g_python_070__c1,visual_only_gold,golden,ugly_gold,golden,False,False,False,0.625,-1.0,0.625,True,False
E5A_rq3_text_plus_image_qwen_20260730,Qwen/Qwen2.5-VL-7B-Instruct,cc594898137f460bfe9f0759e9844b3ce807cfb5,python,rq3g_python_070__c2,semantic_and_visual_aligned,golden,beautiful_trash,golden,True,True,False,4.0,-0.375,4.0,True,False
E5A_rq3_text_plus_image_qwen_20260730,Qwen/Qwen2.5-VL-7B-Instruct,cc594898137f460bfe9f0759e9844b3ce807cfb5,python,rq3g_python_070__c3,semantic_and_visual_aligned,golden,ugly_trash,golden,True,True,False,3.6875,-0.3125,3.6875,True,False
E5A_rq3_text_plus_image_qwen_20260730,Qwen/Qwen2.5-VL-7B-Instruct,cc594898137f460bfe9f0759e9844b3ce807cfb5,python,rq3g_python_070__c4,semantic_visual_conflict_primary,ugly_gold,beautiful_trash,ugly_gold,True,True,False,3.375,-1.0,3.375,True,False
E5A_rq3_text_plus_image_qwen_20260730,Qwen/Qwen2.5-VL-7B-Instruct,cc594898137f460bfe9f0759e9844b3ce807cfb5,python,rq3g_python_070__c5,semantic_only_under_ugly,ugly_gold,ugly_trash,ugly_gold,True,True,False,3.5625,-0.5625,3.5625,True,False
E5A_rq3_text_plus_image_qwen_20260730,Qwen/Qwen2.5-VL-7B-Instruct,cc594898137f460bfe9f0759e9844b3ce807cfb5,python,rq3g_python_070__c6,visual_only_trash,beautiful_trash,ugly_trash,beautiful_trash,False,False,False,0.5625,-1.0625,0.5625,True,False
E5A_rq3_text_plus_image_qwen_20260730,Qwen/Qwen2.5-VL-7B-Instruct,cc594898137f460bfe9f0759e9844b3ce807cfb5,python,rq3g_python_071__c1,visual_only_gold,golden,ugly_gold,golden,True,True,False,0.75,-0.5,0.75,True,False
E5A_rq3_text_plus_image_qwen_20260730,Qwen/Qwen2.5-VL-7B-Instruct,cc594898137f460bfe9f0759e9844b3ce807cfb5,python,rq3g_python_071__c2,semantic_and_visual_aligned,golden,beautiful_trash,golden,True,True,False,3.4375,-0.0625,3.4375,True,False
E5A_rq3_text_plus_image_qwen_20260730,Qwen/Qwen2.5-VL-7B-Instruct,cc594898137f460bfe9f0759e9844b3ce807cfb5,python,rq3g_python_071__c3,semantic_and_visual_aligned,golden,ugly_trash,golden,True,True,False,3.75,-0.125,3.75,True,False
E5A_rq3_text_plus_image_qwen_20260730,Qwen/Qwen2.5-VL-7B-Instruct,cc594898137f460bfe9f0759e9844b3ce807cfb5,python,rq3g_python_071__c4,semantic_visual_conflict_primary,ugly_gold,beautiful_trash,ugly_gold,True,True,False,2.625,-0.75,2.625,True,False
E5A_rq3_text_plus_image_qwen_20260730,Qwen/Qwen2.5-VL-7B-Instruct,cc594898137f460bfe9f0759e9844b3ce807cfb5,python,rq3g_python_071__c5,semantic_only_under_ugly,ugly_gold,ugly_trash,ugly_gold,True,True,False,2.8125,-1.0625,2.8125,True,False
E5A_rq3_text_plus_image_qwen_20260730,Qwen/Qwen2.5-VL-7B-Instruct,cc594898137f460bfe9f0759e9844b3ce807cfb5,python,rq3g_python_071__c6,visual_only_trash,beautiful_trash,ugly_trash,beautiful_trash,False,False,False,0.4375,-1.5625,0.4375,True,False
E5A_rq3_text_plus_image_qwen_20260730,Qwen/Qwen2.5-VL-7B-Instruct,cc594898137f460bfe9f0759e9844b3ce807cfb5,python,rq3g_python_072__c1,visual_only_gold,golden,ugly_gold,golden,False,False,False,0.625,-1.0,0.625,True,False
E5A_rq3_text_plus_image_qwen_20260730,Qwen/Qwen2.5-VL-7B-Instruct,cc594898137f460bfe9f0759e9844b3ce807cfb5,python,rq3g_python_072__c2,semantic_and_visual_aligned,golden,beautiful_trash,golden,True,True,False,2.6875,-0.9375,2.6875,True,False
E5A_rq3_text_plus_image_qwen_20260730,Qwen/Qwen2.5-VL-7B-Instruct,cc594898137f460bfe9f0759e9844b3ce807cfb5,python,rq3g_python_072__c3,semantic_and_visual_aligned,golden,ugly_trash,golden,True,True,False,2.625,-0.875,2.625,True,False
E5A_rq3_text_plus_image_qwen_20260730,Qwen/Qwen2.5-VL-7B-Instruct,cc594898137f460bfe9f0759e9844b3ce807cfb5,python,rq3g_python_072__c4,semantic_visual_conflict_primary,ugly_gold,beautiful_trash,ugly_gold,True,True,False,2.125,-1.375,2.125,True,False
E5A_rq3_text_plus_image_qwen_20260730,Qwen/Qwen2.5-VL-7B-Instruct,cc594898137f460bfe9f0759e9844b3ce807cfb5,python,rq3g_python_072__c5,semantic_only_under_ugly,ugly_gold,ugly_trash,ugly_gold,True,True,False,2.0,-1.5,2.0,True,False
E5A_rq3_text_plus_image_qwen_20260730,Qwen/Qwen2.5-VL-7B-Instruct,cc594898137f460bfe9f0759e9844b3ce807cfb5,python,rq3g_python_072__c6,visual_only_trash,beautiful_trash,ugly_trash,beautiful_trash,False,False,False,0.25,-1.25,0.25,True,False
E5A_rq3_text_plus_image_qwen_20260730,Qwen/Qwen2.5-VL-7B-Instruct,cc594898137f460bfe9f0759e9844b3ce807cfb5,python,rq3g_python_073__c1,visual_only_gold,golden,ugly_gold,golden,False,False,False,0.8125,-1.0625,0.8125,True,False
E5A_rq3_text_plus_image_qwen_20260730,Qwen/Qwen2.5-VL-7B-Instruct,cc594898137f460bfe9f0759e9844b3ce807cfb5,python,rq3g_python_073__c2,semantic_and_visual_aligned,golden,beautiful_trash,golden,True,True,False,4.0625,-0.8125,4.0625,True,False
E5A_rq3_text_plus_image_qwen_20260730,Qwen/Qwen2.5-VL-7B-Instruct,cc594898137f460bfe9f0759e9844b3ce807cfb5,python,rq3g_python_073__c3,semantic_and_visual_aligned,golden,ugly_trash,golden,True,True,False,3.9375,-0.4375,3.9375,True,False
E5A_rq3_text_plus_image_qwen_20260730,Qwen/Qwen2.5-VL-7B-Instruct,cc594898137f460bfe9f0759e9844b3ce807cfb5,python,rq3g_python_073__c4,semantic_visual_conflict_primary,ugly_gold,beautiful_trash,ugly_gold,True,True,False,3.4375,-0.8125,3.4375,True,False
E5A_rq3_text_plus_image_qwen_20260730,Qwen/Qwen2.5-VL-7B-Instruct,cc594898137f460bfe9f0759e9844b3ce807cfb5,python,rq3g_python_073__c5,semantic_only_under_ugly,ugly_gold,ugly_trash,ugly_gold,True,True,False,3.3125,-0.5625,3.3125,True,False
E5A_rq3_text_plus_image_qwen_20260730,Qwen/Qwen2.5-VL-7B-Instruct,cc594898137f460bfe9f0759e9844b3ce807cfb5,python,rq3g_python_073__c6,visual_only_trash,beautiful_trash,ugly_trash,beautiful_trash,False,False,False,0.5,-1.0,0.5,True,False
E5A_rq3_text_plus_image_qwen_20260730,Qwen/Qwen2.5-VL-7B-Instruct,cc594898137f460bfe9f0759e9844b3ce807cfb5,python,rq3g_python_074__c1,visual_only_gold,golden,ugly_gold,golden,True,True,False,1.1875,-0.0625,1.1875,True,False
E5A_rq3_text_plus_image_qwen_20260730,Qwen/Qwen2.5-VL-7B-Instruct,cc594898137f460bfe9f0759e9844b3ce807cfb5,python,rq3g_python_074__c2,semantic_and_visual_aligned,golden,beautiful_trash,golden,True,True,False,2.3125,-0.8125,2.3125,True,False
E5A_rq3_text_plus_image_qwen_20260730,Qwen/Qwen2.5-VL-7B-Instruct,cc594898137f460bfe9f0759e9844b3ce807cfb5,python,rq3g_python_074__c3,semantic_and_visual_aligned,golden,ugly_trash,golden,True,True,False,2.625,-0.75,2.625,True,False
E5A_rq3_text_plus_image_qwen_20260730,Qwen/Qwen2.5-VL-7B-Instruct,cc594898137f460bfe9f0759e9844b3ce807cfb5,python,rq3g_python_074__c4,semantic_visual_conflict_primary,ugly_gold,beautiful_trash,ugly_gold,True,True,False,1.5625,-0.8125,1.5625,True,False
E5A_rq3_text_plus_image_qwen_20260730,Qwen/Qwen2.5-VL-7B-Instruct,cc594898137f460bfe9f0759e9844b3ce807cfb5,python,rq3g_python_074__c5,semantic_only_under_ugly,ugly_gold,ugly_trash,ugly_gold,True,True,False,1.8125,-0.9375,1.8125,True,False
E5A_rq3_text_plus_image_qwen_20260730,Qwen/Qwen2.5-VL-7B-Instruct,cc594898137f460bfe9f0759e9844b3ce807cfb5,python,rq3g_python_074__c6,visual_only_trash,beautiful_trash,ugly_trash,beautiful_trash,False,False,False,0.6875,-1.0625,0.6875,True,False
E5A_rq3_text_plus_image_qwen_20260730,Qwen/Qwen2.5-VL-7B-Instruct,cc594898137f460bfe9f0759e9844b3ce807cfb5,python,rq3g_python_075__c1,visual_only_gold,golden,ugly_gold,golden,True,True,False,0.9375,0.0625,0.9375,True,False
E5A_rq3_text_plus_image_qwen_20260730,Qwen/Qwen2.5-VL-7B-Instruct,cc594898137f460bfe9f0759e9844b3ce807cfb5,python,rq3g_python_075__c2,semantic_and_visual_aligned,golden,beautiful_trash,golden,True,True,False,4.0,-0.25,4.0,True,False
E5A_rq3_text_plus_image_qwen_20260730,Qwen/Qwen2.5-VL-7B-Instruct,cc594898137f460bfe9f0759e9844b3ce807cfb5,python,rq3g_python_075__c3,semantic_and_visual_aligned,golden,ugly_trash,golden,True,True,False,4.375,0.125,4.375,True,False
E5A_rq3_text_plus_image_qwen_20260730,Qwen/Qwen2.5-VL-7B-Instruct,cc594898137f460bfe9f0759e9844b3ce807cfb5,python,rq3g_python_075__c4,semantic_visual_conflict_primary,ugly_gold,beautiful_trash,ugly_gold,True,True,False,3.5625,-0.4375,3.5625,True,False
E5A_rq3_text_plus_image_qwen_20260730,Qwen/Qwen2.5-VL-7B-Instruct,cc594898137f460bfe9f0759e9844b3ce807cfb5,python,rq3g_python_075__c5,semantic_only_under_ugly,ugly_gold,ugly_trash,ugly_gold,True,True,False,3.875,-0.25,3.875,True,False
E5A_rq3_text_plus_image_qwen_20260730,Qwen/Qwen2.5-VL-7B-Instruct,cc594898137f460bfe9f0759e9844b3ce807cfb5,python,rq3g_python_075__c6,visual_only_trash,beautiful_trash,ugly_trash,beautiful_trash,False,False,False,0.625,-1.25,0.625,True,False
E5A_rq3_text_plus_image_qwen_20260730,Qwen/Qwen2.5-VL-7B-Instruct,cc594898137f460bfe9f0759e9844b3ce807cfb5,python,rq3g_python_076__c1,visual_only_gold,golden,ugly_gold,golden,True,True,False,0.6875,-0.3125,0.6875,True,False
E5A_rq3_text_plus_image_qwen_20260730,Qwen/Qwen2.5-VL-7B-Instruct,cc594898137f460bfe9f0759e9844b3ce807cfb5,python,rq3g_python_076__c2,semantic_and_visual_aligned,golden,beautiful_trash,golden,True,True,False,3.5,-0.375,3.5,True,False
E5A_rq3_text_plus_image_qwen_20260730,Qwen/Qwen2.5-VL-7B-Instruct,cc594898137f460bfe9f0759e9844b3ce807cfb5,python,rq3g_python_076__c3,semantic_and_visual_aligned,golden,ugly_trash,golden,True,True,False,3.875,0.25,3.875,True,False
E5A_rq3_text_plus_image_qwen_20260730,Qwen/Qwen2.5-VL-7B-Instruct,cc594898137f460bfe9f0759e9844b3ce807cfb5,python,rq3g_python_076__c4,semantic_visual_conflict_primary,ugly_gold,beautiful_trash,ugly_gold,True,True,False,3.0,-0.375,3.0,True,False
E5A_rq3_text_plus_image_qwen_20260730,Qwen/Qwen2.5-VL-7B-Instruct,cc594898137f460bfe9f0759e9844b3ce807cfb5,python,rq3g_python_076__c5,semantic_only_under_ugly,ugly_gold,ugly_trash,ugly_gold,True,True,False,3.3125,-0.3125,3.3125,True,False
E5A_rq3_text_plus_image_qwen_20260730,Qwen/Qwen2.5-VL-7B-Instruct,cc594898137f460bfe9f0759e9844b3ce807cfb5,python,rq3g_python_076__c6,visual_only_trash,beautiful_trash,ugly_trash,beautiful_trash,False,False,False,0.875,-1.5,0.875,True,False
E5A_rq3_text_plus_image_qwen_20260730,Qwen/Qwen2.5-VL-7B-Instruct,cc594898137f460bfe9f0759e9844b3ce807cfb5,python,rq3g_python_077__c1,visual_only_gold,golden,ugly_gold,golden,True,True,False,0.875,-0.875,0.875,True,False
E5A_rq3_text_plus_image_qwen_20260730,Qwen/Qwen2.5-VL-7B-Instruct,cc594898137f460bfe9f0759e9844b3ce807cfb5,python,rq3g_python_077__c2,semantic_and_visual_aligned,golden,beautiful_trash,golden,True,True,False,4.1875,-0.8125,4.1875,True,False
E5A_rq3_text_plus_image_qwen_20260730,Qwen/Qwen2.5-VL-7B-Instruct,cc594898137f460bfe9f0759e9844b3ce807cfb5,python,rq3g_python_077__c3,semantic_and_visual_aligned,golden,ugly_trash,golden,True,True,False,4.1875,-0.8125,4.1875,True,False
E5A_rq3_text_plus_image_qwen_20260730,Qwen/Qwen2.5-VL-7B-Instruct,cc594898137f460bfe9f0759e9844b3ce807cfb5,python,rq3g_python_077__c4,semantic_visual_conflict_primary,ugly_gold,beautiful_trash,ugly_gold,True,True,False,4.0,-1.0,4.0,True,False
E5A_rq3_text_plus_image_qwen_20260730,Qwen/Qwen2.5-VL-7B-Instruct,cc594898137f460bfe9f0759e9844b3ce807cfb5,python,rq3g_python_077__c5,semantic_only_under_ugly,ugly_gold,ugly_trash,ugly_gold,True,True,False,3.8125,-0.8125,3.8125,True,False
E5A_rq3_text_plus_image_qwen_20260730,Qwen/Qwen2.5-VL-7B-Instruct,cc594898137f460bfe9f0759e9844b3ce807cfb5,python,rq3g_python_077__c6,visual_only_trash,beautiful_trash,ugly_trash,beautiful_trash,False,False,False,0.125,-1.25,0.125,True,False
E5A_rq3_text_plus_image_qwen_20260730,Qwen/Qwen2.5-VL-7B-Instruct,cc594898137f460bfe9f0759e9844b3ce807cfb5,python,rq3g_python_078__c1,visual_only_gold,golden,ugly_gold,golden,True,True,False,0.4375,-0.1875,0.4375,True,False
E5A_rq3_text_plus_image_qwen_20260730,Qwen/Qwen2.5-VL-7B-Instruct,cc594898137f460bfe9f0759e9844b3ce807cfb5,python,rq3g_python_078__c2,semantic_and_visual_aligned,golden,beautiful_trash,golden,True,True,False,2.6875,-0.3125,2.6875,True,False
E5A_rq3_text_plus_image_qwen_20260730,Qwen/Qwen2.5-VL-7B-Instruct,cc594898137f460bfe9f0759e9844b3ce807cfb5,python,rq3g_python_078__c3,semantic_and_visual_aligned,golden,ugly_trash,golden,True,True,False,2.9375,-0.0625,2.9375,True,False
E5A_rq3_text_plus_image_qwen_20260730,Qwen/Qwen2.5-VL-7B-Instruct,cc594898137f460bfe9f0759e9844b3ce807cfb5,python,rq3g_python_078__c4,semantic_visual_conflict_primary,ugly_gold,beautiful_trash,ugly_gold,True,True,False,2.4375,-0.5625,2.4375,True,False
E5A_rq3_text_plus_image_qwen_20260730,Qwen/Qwen2.5-VL-7B-Instruct,cc594898137f460bfe9f0759e9844b3ce807cfb5,python,rq3g_python_078__c5,semantic_only_under_ugly,ugly_gold,ugly_trash,ugly_gold,True,True,False,1.875,-0.125,1.875,True,False
E5A_rq3_text_plus_image_qwen_20260730,Qwen/Qwen2.5-VL-7B-Instruct,cc594898137f460bfe9f0759e9844b3ce807cfb5,python,rq3g_python_078__c6,visual_only_trash,beautiful_trash,ugly_trash,beautiful_trash,False,False,False,0.5625,-0.8125,0.5625,True,False
E5A_rq3_text_plus_image_qwen_20260730,Qwen/Qwen2.5-VL-7B-Instruct,cc594898137f460bfe9f0759e9844b3ce807cfb5,python,rq3g_python_079__c1,visual_only_gold,golden,ugly_gold,golden,True,True,False,2.0,-0.125,2.0,True,False
E5A_rq3_text_plus_image_qwen_20260730,Qwen/Qwen2.5-VL-7B-Instruct,cc594898137f460bfe9f0759e9844b3ce807cfb5,python,rq3g_python_079__c2,semantic_and_visual_aligned,golden,beautiful_trash,golden,True,True,False,3.0625,-0.5625,3.0625,True,False
E5A_rq3_text_plus_image_qwen_20260730,Qwen/Qwen2.5-VL-7B-Instruct,cc594898137f460bfe9f0759e9844b3ce807cfb5,python,rq3g_python_079__c3,semantic_and_visual_aligned,golden,ugly_trash,golden,True,True,False,3.5625,-0.8125,3.5625,True,False
E5A_rq3_text_plus_image_qwen_20260730,Qwen/Qwen2.5-VL-7B-Instruct,cc594898137f460bfe9f0759e9844b3ce807cfb5,python,rq3g_python_079__c4,semantic_visual_conflict_primary,ugly_gold,beautiful_trash,ugly_gold,True,True,False,2.6875,-1.0625,2.6875,True,False
E5A_rq3_text_plus_image_qwen_20260730,Qwen/Qwen2.5-VL-7B-Instruct,cc594898137f460bfe9f0759e9844b3ce807cfb5,python,rq3g_python_079__c5,semantic_only_under_ugly,ugly_gold,ugly_trash,ugly_gold,True,True,False,2.875,-1.25,2.875,True,False
E5A_rq3_text_plus_image_qwen_20260730,Qwen/Qwen2.5-VL-7B-Instruct,cc594898137f460bfe9f0759e9844b3ce807cfb5,python,rq3g_python_079__c6,visual_only_trash,beautiful_trash,ugly_trash,beautiful_trash,False,False,False,0.75,-1.0,0.75,True,False
E5A_rq3_text_plus_image_qwen_20260730,Qwen/Qwen2.5-VL-7B-Instruct,cc594898137f460bfe9f0759e9844b3ce807cfb5,python,rq3g_python_080__c1,visual_only_gold,golden,ugly_gold,golden,False,False,False,0.625,-0.75,0.625,True,False
E5A_rq3_text_plus_image_qwen_20260730,Qwen/Qwen2.5-VL-7B-Instruct,cc594898137f460bfe9f0759e9844b3ce807cfb5,python,rq3g_python_080__c2,semantic_and_visual_aligned,golden,beautiful_trash,golden,True,True,False,2.625,-1.5,2.625,True,False
E5A_rq3_text_plus_image_qwen_20260730,Qwen/Qwen2.5-VL-7B-Instruct,cc594898137f460bfe9f0759e9844b3ce807cfb5,python,rq3g_python_080__c3,semantic_and_visual_aligned,golden,ugly_trash,golden,True,True,False,3.0,-1.25,3.0,True,False
E5A_rq3_text_plus_image_qwen_20260730,Qwen/Qwen2.5-VL-7B-Instruct,cc594898137f460bfe9f0759e9844b3ce807cfb5,python,rq3g_python_080__c4,semantic_visual_conflict_primary,ugly_gold,beautiful_trash,ugly_gold,True,True,False,2.5,-1.0,2.5,True,False
E5A_rq3_text_plus_image_qwen_20260730,Qwen/Qwen2.5-VL-7B-Instruct,cc594898137f460bfe9f0759e9844b3ce807cfb5,python,rq3g_python_080__c5,semantic_only_under_ugly,ugly_gold,ugly_trash,ugly_gold,True,True,False,2.5625,-1.3125,2.5625,True,False
E5A_rq3_text_plus_image_qwen_20260730,Qwen/Qwen2.5-VL-7B-Instruct,cc594898137f460bfe9f0759e9844b3ce807cfb5,python,rq3g_python_080__c6,visual_only_trash,beautiful_trash,ugly_trash,beautiful_trash,False,False,False,0.625,-1.5,0.625,True,False
E5A_rq3_text_plus_image_qwen_20260730,Qwen/Qwen2.5-VL-7B-Instruct,cc594898137f460bfe9f0759e9844b3ce807cfb5,python,rq3g_python_081__c1,visual_only_gold,golden,ugly_gold,golden,True,True,False,1.0625,0.0625,1.0625,True,False
E5A_rq3_text_plus_image_qwen_20260730,Qwen/Qwen2.5-VL-7B-Instruct,cc594898137f460bfe9f0759e9844b3ce807cfb5,python,rq3g_python_081__c2,semantic_and_visual_aligned,golden,beautiful_trash,golden,True,True,False,2.75,1.0,2.75,True,False
E5A_rq3_text_plus_image_qwen_20260730,Qwen/Qwen2.5-VL-7B-Instruct,cc594898137f460bfe9f0759e9844b3ce807cfb5,python,rq3g_python_081__c3,semantic_and_visual_aligned,golden,ugly_trash,golden,True,True,False,2.875,0.5,2.875,True,False
E5A_rq3_text_plus_image_qwen_20260730,Qwen/Qwen2.5-VL-7B-Instruct,cc594898137f460bfe9f0759e9844b3ce807cfb5,python,rq3g_python_081__c4,semantic_visual_conflict_primary,ugly_gold,beautiful_trash,ugly_gold,True,True,False,2.5,0.25,2.5,True,False
E5A_rq3_text_plus_image_qwen_20260730,Qwen/Qwen2.5-VL-7B-Instruct,cc594898137f460bfe9f0759e9844b3ce807cfb5,python,rq3g_python_081__c5,semantic_only_under_ugly,ugly_gold,ugly_trash,ugly_gold,True,True,False,2.25,0.625,2.25,True,False
E5A_rq3_text_plus_image_qwen_20260730,Qwen/Qwen2.5-VL-7B-Instruct,cc594898137f460bfe9f0759e9844b3ce807cfb5,python,rq3g_python_081__c6,visual_only_trash,beautiful_trash,ugly_trash,beautiful_trash,False,False,False,0.625,-1.125,0.625,True,False
E5A_rq3_text_plus_image_qwen_20260730,Qwen/Qwen2.5-VL-7B-Instruct,cc594898137f460bfe9f0759e9844b3ce807cfb5,python,rq3g_python_082__c1,visual_only_gold,golden,ugly_gold,golden,False,False,False,1.0,-1.125,1.0,True,False
E5A_rq3_text_plus_image_qwen_20260730,Qwen/Qwen2.5-VL-7B-Instruct,cc594898137f460bfe9f0759e9844b3ce807cfb5,python,rq3g_python_082__c2,semantic_and_visual_aligned,golden,beautiful_trash,golden,True,True,False,4.875,-0.25,4.875,True,False
E5A_rq3_text_plus_image_qwen_20260730,Qwen/Qwen2.5-VL-7B-Instruct,cc594898137f460bfe9f0759e9844b3ce807cfb5,python,rq3g_python_082__c3,semantic_and_visual_aligned,golden,ugly_trash,golden,True,True,False,5.0,-0.125,5.0,True,False
E5A_rq3_text_plus_image_qwen_20260730,Qwen/Qwen2.5-VL-7B-Instruct,cc594898137f460bfe9f0759e9844b3ce807cfb5,python,rq3g_python_082__c4,semantic_visual_conflict_primary,ugly_gold,beautiful_trash,ugly_gold,True,True,False,4.8125,-0.8125,4.8125,True,False
E5A_rq3_text_plus_image_qwen_20260730,Qwen/Qwen2.5-VL-7B-Instruct,cc594898137f460bfe9f0759e9844b3ce807cfb5,python,rq3g_python_082__c5,semantic_only_under_ugly,ugly_gold,ugly_trash,ugly_gold,True,True,False,4.625,-0.625,4.625,True,False
E5A_rq3_text_plus_image_qwen_20260730,Qwen/Qwen2.5-VL-7B-Instruct,cc594898137f460bfe9f0759e9844b3ce807cfb5,python,rq3g_python_082__c6,visual_only_trash,beautiful_trash,ugly_trash,beautiful_trash,False,False,False,0.625,-1.25,0.625,True,False
E5A_rq3_text_plus_image_qwen_20260730,Qwen/Qwen2.5-VL-7B-Instruct,cc594898137f460bfe9f0759e9844b3ce807cfb5,python,rq3g_python_083__c1,visual_only_gold,golden,ugly_gold,golden,True,True,False,0.8125,-0.8125,0.8125,True,False
E5A_rq3_text_plus_image_qwen_20260730,Qwen/Qwen2.5-VL-7B-Instruct,cc594898137f460bfe9f0759e9844b3ce807cfb5,python,rq3g_python_083__c2,semantic_and_visual_aligned,golden,beautiful_trash,golden,True,True,False,2.5625,-0.6875,2.5625,True,False
E5A_rq3_text_plus_image_qwen_20260730,Qwen/Qwen2.5-VL-7B-Instruct,cc594898137f460bfe9f0759e9844b3ce807cfb5,python,rq3g_python_083__c3,semantic_and_visual_aligned,golden,ugly_trash,golden,True,True,False,2.25,-0.875,2.25,True,False
E5A_rq3_text_plus_image_qwen_20260730,Qwen/Qwen2.5-VL-7B-Instruct,cc594898137f460bfe9f0759e9844b3ce807cfb5,python,rq3g_python_083__c4,semantic_visual_conflict_primary,ugly_gold,beautiful_trash,ugly_gold,True,True,False,2.3125,-0.8125,2.3125,True,False
E5A_rq3_text_plus_image_qwen_20260730,Qwen/Qwen2.5-VL-7B-Instruct,cc594898137f460bfe9f0759e9844b3ce807cfb5,python,rq3g_python_083__c5,semantic_only_under_ugly,ugly_gold,ugly_trash,ugly_gold,True,True,False,2.0,-0.625,2.0,True,False
E5A_rq3_text_plus_image_qwen_20260730,Qwen/Qwen2.5-VL-7B-Instruct,cc594898137f460bfe9f0759e9844b3ce807cfb5,python,rq3g_python_083__c6,visual_only_trash,beautiful_trash,ugly_trash,beautiful_trash,False,False,False,0.375,-1.125,0.375,True,False
E5A_rq3_text_plus_image_qwen_20260730,Qwen/Qwen2.5-VL-7B-Instruct,cc594898137f460bfe9f0759e9844b3ce807cfb5,python,rq3g_python_084__c1,visual_only_gold,golden,ugly_gold,golden,True,True,False,0.875,-0.5,0.875,True,False
E5A_rq3_text_plus_image_qwen_20260730,Qwen/Qwen2.5-VL-7B-Instruct,cc594898137f460bfe9f0759e9844b3ce807cfb5,python,rq3g_python_084__c2,semantic_and_visual_aligned,golden,beautiful_trash,golden,True,True,False,3.1875,-0.8125,3.1875,True,False
E5A_rq3_text_plus_image_qwen_20260730,Qwen/Qwen2.5-VL-7B-Instruct,cc594898137f460bfe9f0759e9844b3ce807cfb5,python,rq3g_python_084__c3,semantic_and_visual_aligned,golden,ugly_trash,golden,True,True,False,3.6875,-0.5625,3.6875,True,False
E5A_rq3_text_plus_image_qwen_20260730,Qwen/Qwen2.5-VL-7B-Instruct,cc594898137f460bfe9f0759e9844b3ce807cfb5,python,rq3g_python_084__c4,semantic_visual_conflict_primary,ugly_gold,beautiful_trash,ugly_gold,True,True,False,2.9375,-1.1875,2.9375,True,False
E5A_rq3_text_plus_image_qwen_20260730,Qwen/Qwen2.5-VL-7B-Instruct,cc594898137f460bfe9f0759e9844b3ce807cfb5,python,rq3g_python_084__c5,semantic_only_under_ugly,ugly_gold,ugly_trash,ugly_gold,True,True,False,3.1875,-1.3125,3.1875,True,False
E5A_rq3_text_plus_image_qwen_20260730,Qwen/Qwen2.5-VL-7B-Instruct,cc594898137f460bfe9f0759e9844b3ce807cfb5,python,rq3g_python_084__c6,visual_only_trash,beautiful_trash,ugly_trash,beautiful_trash,False,False,False,0.875,-1.625,0.875,True,False
E5A_rq3_text_plus_image_qwen_20260730,Qwen/Qwen2.5-VL-7B-Instruct,cc594898137f460bfe9f0759e9844b3ce807cfb5,python,rq3g_python_085__c1,visual_only_gold,golden,ugly_gold,golden,True,True,False,0.625,-0.25,0.625,True,False
E5A_rq3_text_plus_image_qwen_20260730,Qwen/Qwen2.5-VL-7B-Instruct,cc594898137f460bfe9f0759e9844b3ce807cfb5,python,rq3g_python_085__c2,semantic_and_visual_aligned,golden,beautiful_trash,golden,True,True,False,3.625,-0.25,3.625,True,False
E5A_rq3_text_plus_image_qwen_20260730,Qwen/Qwen2.5-VL-7B-Instruct,cc594898137f460bfe9f0759e9844b3ce807cfb5,python,rq3g_python_085__c3,semantic_and_visual_aligned,golden,ugly_trash,golden,True,True,False,3.75,-0.125,3.75,True,False
E5A_rq3_text_plus_image_qwen_20260730,Qwen/Qwen2.5-VL-7B-Instruct,cc594898137f460bfe9f0759e9844b3ce807cfb5,python,rq3g_python_085__c4,semantic_visual_conflict_primary,ugly_gold,beautiful_trash,ugly_gold,True,True,False,2.875,-0.75,2.875,True,False
E5A_rq3_text_plus_image_qwen_20260730,Qwen/Qwen2.5-VL-7B-Instruct,cc594898137f460bfe9f0759e9844b3ce807cfb5,python,rq3g_python_085__c5,semantic_only_under_ugly,ugly_gold,ugly_trash,ugly_gold,True,True,False,3.3125,-0.6875,3.3125,True,False
E5A_rq3_text_plus_image_qwen_20260730,Qwen/Qwen2.5-VL-7B-Instruct,cc594898137f460bfe9f0759e9844b3ce807cfb5,python,rq3g_python_085__c6,visual_only_trash,beautiful_trash,ugly_trash,beautiful_trash,False,False,False,0.4375,-1.6875,0.4375,True,False
E5A_rq3_text_plus_image_qwen_20260730,Qwen/Qwen2.5-VL-7B-Instruct,cc594898137f460bfe9f0759e9844b3ce807cfb5,python,rq3g_python_086__c1,visual_only_gold,golden,ugly_gold,golden,True,True,False,1.0625,-0.3125,1.0625,True,False
E5A_rq3_text_plus_image_qwen_20260730,Qwen/Qwen2.5-VL-7B-Instruct,cc594898137f460bfe9f0759e9844b3ce807cfb5,python,rq3g_python_086__c2,semantic_and_visual_aligned,golden,beautiful_trash,golden,True,True,False,1.5625,0.0625,1.5625,True,False
E5A_rq3_text_plus_image_qwen_20260730,Qwen/Qwen2.5-VL-7B-Instruct,cc594898137f460bfe9f0759e9844b3ce807cfb5,python,rq3g_python_086__c3,semantic_and_visual_aligned,golden,ugly_trash,golden,True,True,False,2.5625,0.0625,2.5625,True,False
E5A_rq3_text_plus_image_qwen_20260730,Qwen/Qwen2.5-VL-7B-Instruct,cc594898137f460bfe9f0759e9844b3ce807cfb5,python,rq3g_python_086__c4,semantic_visual_conflict_primary,ugly_gold,beautiful_trash,ugly_gold,True,True,False,1.0,-0.25,1.0,True,False
E5A_rq3_text_plus_image_qwen_20260730,Qwen/Qwen2.5-VL-7B-Instruct,cc594898137f460bfe9f0759e9844b3ce807cfb5,python,rq3g_python_086__c5,semantic_only_under_ugly,ugly_gold,ugly_trash,ugly_gold,True,True,False,1.3125,-0.0625,1.3125,True,False
E5A_rq3_text_plus_image_qwen_20260730,Qwen/Qwen2.5-VL-7B-Instruct,cc594898137f460bfe9f0759e9844b3ce807cfb5,python,rq3g_python_086__c6,visual_only_trash,beautiful_trash,ugly_trash,beautiful_trash,False,False,False,0.9375,-1.1875,0.9375,True,False
E5A_rq3_text_plus_image_qwen_20260730,Qwen/Qwen2.5-VL-7B-Instruct,cc594898137f460bfe9f0759e9844b3ce807cfb5,python,rq3g_python_087__c1,visual_only_gold,golden,ugly_gold,golden,True,True,False,1.1875,-0.4375,1.1875,True,False
E5A_rq3_text_plus_image_qwen_20260730,Qwen/Qwen2.5-VL-7B-Instruct,cc594898137f460bfe9f0759e9844b3ce807cfb5,python,rq3g_python_087__c2,semantic_and_visual_aligned,golden,beautiful_trash,golden,True,True,False,3.625,0.0,3.625,True,False
E5A_rq3_text_plus_image_qwen_20260730,Qwen/Qwen2.5-VL-7B-Instruct,cc594898137f460bfe9f0759e9844b3ce807cfb5,python,rq3g_python_087__c3,semantic_and_visual_aligned,golden,ugly_trash,golden,True,True,False,3.875,0.125,3.875,True,False
E5A_rq3_text_plus_image_qwen_20260730,Qwen/Qwen2.5-VL-7B-Instruct,cc594898137f460bfe9f0759e9844b3ce807cfb5,python,rq3g_python_087__c4,semantic_visual_conflict_primary,ugly_gold,beautiful_trash,ugly_gold,True,True,False,3.4375,0.1875,3.4375,True,False
E5A_rq3_text_plus_image_qwen_20260730,Qwen/Qwen2.5-VL-7B-Instruct,cc594898137f460bfe9f0759e9844b3ce807cfb5,python,rq3g_python_087__c5,semantic_only_under_ugly,ugly_gold,ugly_trash,ugly_gold,True,True,False,3.4375,0.1875,3.4375,True,False
E5A_rq3_text_plus_image_qwen_20260730,Qwen/Qwen2.5-VL-7B-Instruct,cc594898137f460bfe9f0759e9844b3ce807cfb5,python,rq3g_python_087__c6,visual_only_trash,beautiful_trash,ugly_trash,beautiful_trash,False,False,False,0.3125,-1.1875,0.3125,True,False
E5A_rq3_text_plus_image_qwen_20260730,Qwen/Qwen2.5-VL-7B-Instruct,cc594898137f460bfe9f0759e9844b3ce807cfb5,python,rq3g_python_088__c1,visual_only_gold,golden,ugly_gold,golden,True,True,False,1.3125,-0.6875,1.3125,True,False
E5A_rq3_text_plus_image_qwen_20260730,Qwen/Qwen2.5-VL-7B-Instruct,cc594898137f460bfe9f0759e9844b3ce807cfb5,python,rq3g_python_088__c2,semantic_and_visual_aligned,golden,beautiful_trash,golden,True,True,False,3.125,-0.75,3.125,True,False
E5A_rq3_text_plus_image_qwen_20260730,Qwen/Qwen2.5-VL-7B-Instruct,cc594898137f460bfe9f0759e9844b3ce807cfb5,python,rq3g_python_088__c3,semantic_and_visual_aligned,golden,ugly_trash,golden,True,True,False,3.5,-0.75,3.5,True,False
E5A_rq3_text_plus_image_qwen_20260730,Qwen/Qwen2.5-VL-7B-Instruct,cc594898137f460bfe9f0759e9844b3ce807cfb5,python,rq3g_python_088__c4,semantic_visual_conflict_primary,ugly_gold,beautiful_trash,ugly_gold,True,True,False,2.125,-1.375,2.125,True,False
E5A_rq3_text_plus_image_qwen_20260730,Qwen/Qwen2.5-VL-7B-Instruct,cc594898137f460bfe9f0759e9844b3ce807cfb5,python,rq3g_python_088__c5,semantic_only_under_ugly,ugly_gold,ugly_trash,ugly_gold,True,True,False,2.5,-1.375,2.5,True,False
E5A_rq3_text_plus_image_qwen_20260730,Qwen/Qwen2.5-VL-7B-Instruct,cc594898137f460bfe9f0759e9844b3ce807cfb5,python,rq3g_python_088__c6,visual_only_trash,beautiful_trash,ugly_trash,beautiful_trash,False,False,False,0.5625,-1.0625,0.5625,True,False
E5A_rq3_text_plus_image_qwen_20260730,Qwen/Qwen2.5-VL-7B-Instruct,cc594898137f460bfe9f0759e9844b3ce807cfb5,python,rq3g_python_089__c1,visual_only_gold,golden,ugly_gold,golden,True,True,False,0.75,-0.5,0.75,True,False
E5A_rq3_text_plus_image_qwen_20260730,Qwen/Qwen2.5-VL-7B-Instruct,cc594898137f460bfe9f0759e9844b3ce807cfb5,python,rq3g_python_089__c2,semantic_and_visual_aligned,golden,beautiful_trash,golden,True,True,False,2.0625,0.1875,2.0625,True,False
E5A_rq3_text_plus_image_qwen_20260730,Qwen/Qwen2.5-VL-7B-Instruct,cc594898137f460bfe9f0759e9844b3ce807cfb5,python,rq3g_python_089__c3,semantic_and_visual_aligned,golden,ugly_trash,golden,True,True,False,2.1875,-0.1875,2.1875,True,False
E5A_rq3_text_plus_image_qwen_20260730,Qwen/Qwen2.5-VL-7B-Instruct,cc594898137f460bfe9f0759e9844b3ce807cfb5,python,rq3g_python_089__c4,semantic_visual_conflict_primary,ugly_gold,beautiful_trash,ugly_gold,True,True,False,1.0625,-0.1875,1.0625,True,False
E5A_rq3_text_plus_image_qwen_20260730,Qwen/Qwen2.5-VL-7B-Instruct,cc594898137f460bfe9f0759e9844b3ce807cfb5,python,rq3g_python_089__c5,semantic_only_under_ugly,ugly_gold,ugly_trash,ugly_gold,True,True,False,1.4375,-0.5625,1.4375,True,False
E5A_rq3_text_plus_image_qwen_20260730,Qwen/Qwen2.5-VL-7B-Instruct,cc594898137f460bfe9f0759e9844b3ce807cfb5,python,rq3g_python_089__c6,visual_only_trash,beautiful_trash,ugly_trash,beautiful_trash,False,False,False,0.4375,-1.3125,0.4375,True,False
E5A_rq3_text_plus_image_qwen_20260730,Qwen/Qwen2.5-VL-7B-Instruct,cc594898137f460bfe9f0759e9844b3ce807cfb5,python,rq3g_python_090__c1,visual_only_gold,golden,ugly_gold,golden,True,True,False,1.3125,-0.1875,1.3125,True,False
E5A_rq3_text_plus_image_qwen_20260730,Qwen/Qwen2.5-VL-7B-Instruct,cc594898137f460bfe9f0759e9844b3ce807cfb5,python,rq3g_python_090__c2,semantic_and_visual_aligned,golden,beautiful_trash,golden,True,True,False,3.5625,-0.8125,3.5625,True,False
E5A_rq3_text_plus_image_qwen_20260730,Qwen/Qwen2.5-VL-7B-Instruct,cc594898137f460bfe9f0759e9844b3ce807cfb5,python,rq3g_python_090__c3,semantic_and_visual_aligned,golden,ugly_trash,golden,True,True,False,3.4375,-0.4375,3.4375,True,False
E5A_rq3_text_plus_image_qwen_20260730,Qwen/Qwen2.5-VL-7B-Instruct,cc594898137f460bfe9f0759e9844b3ce807cfb5,python,rq3g_python_090__c4,semantic_visual_conflict_primary,ugly_gold,beautiful_trash,ugly_gold,True,True,False,3.125,-1.125,3.125,True,False
E5A_rq3_text_plus_image_qwen_20260730,Qwen/Qwen2.5-VL-7B-Instruct,cc594898137f460bfe9f0759e9844b3ce807cfb5,python,rq3g_python_090__c5,semantic_only_under_ugly,ugly_gold,ugly_trash,ugly_gold,True,True,False,2.875,-1.0,2.875,True,False
E5A_rq3_text_plus_image_qwen_20260730,Qwen/Qwen2.5-VL-7B-Instruct,cc594898137f460bfe9f0759e9844b3ce807cfb5,python,rq3g_python_090__c6,visual_only_trash,beautiful_trash,ugly_trash,beautiful_trash,False,False,False,1.0625,-1.8125,1.0625,True,False
E5A_rq3_text_plus_image_qwen_20260730,Qwen/Qwen2.5-VL-7B-Instruct,cc594898137f460bfe9f0759e9844b3ce807cfb5,python,rq3g_python_091__c1,visual_only_gold,golden,ugly_gold,golden,True,True,False,1.0,0.125,1.0,True,False
E5A_rq3_text_plus_image_qwen_20260730,Qwen/Qwen2.5-VL-7B-Instruct,cc594898137f460bfe9f0759e9844b3ce807cfb5,python,rq3g_python_091__c2,semantic_and_visual_aligned,golden,beautiful_trash,golden,True,True,False,4.25,-0.125,4.25,True,False
E5A_rq3_text_plus_image_qwen_20260730,Qwen/Qwen2.5-VL-7B-Instruct,cc594898137f460bfe9f0759e9844b3ce807cfb5,python,rq3g_python_091__c3,semantic_and_visual_aligned,golden,ugly_trash,golden,True,True,False,4.4375,-0.1875,4.4375,True,False
E5A_rq3_text_plus_image_qwen_20260730,Qwen/Qwen2.5-VL-7B-Instruct,cc594898137f460bfe9f0759e9844b3ce807cfb5,python,rq3g_python_091__c4,semantic_visual_conflict_primary,ugly_gold,beautiful_trash,ugly_gold,True,True,False,4.0,-0.375,4.0,True,False
E5A_rq3_text_plus_image_qwen_20260730,Qwen/Qwen2.5-VL-7B-Instruct,cc594898137f460bfe9f0759e9844b3ce807cfb5,python,rq3g_python_091__c5,semantic_only_under_ugly,ugly_gold,ugly_trash,ugly_gold,True,True,False,3.8125,-0.0625,3.8125,True,False
E5A_rq3_text_plus_image_qwen_20260730,Qwen/Qwen2.5-VL-7B-Instruct,cc594898137f460bfe9f0759e9844b3ce807cfb5,python,rq3g_python_091__c6,visual_only_trash,beautiful_trash,ugly_trash,beautiful_trash,False,False,False,0.4375,-1.1875,0.4375,True,False
E5A_rq3_text_plus_image_qwen_20260730,Qwen/Qwen2.5-VL-7B-Instruct,cc594898137f460bfe9f0759e9844b3ce807cfb5,python,rq3g_python_092__c1,visual_only_gold,golden,ugly_gold,golden,True,True,False,1.0,-0.625,1.0,True,False
E5A_rq3_text_plus_image_qwen_20260730,Qwen/Qwen2.5-VL-7B-Instruct,cc594898137f460bfe9f0759e9844b3ce807cfb5,python,rq3g_python_092__c2,semantic_and_visual_aligned,golden,beautiful_trash,golden,True,True,False,4.0625,-0.1875,4.0625,True,False
E5A_rq3_text_plus_image_qwen_20260730,Qwen/Qwen2.5-VL-7B-Instruct,cc594898137f460bfe9f0759e9844b3ce807cfb5,python,rq3g_python_092__c3,semantic_and_visual_aligned,golden,ugly_trash,golden,True,True,False,4.125,-0.375,4.125,True,False
E5A_rq3_text_plus_image_qwen_20260730,Qwen/Qwen2.5-VL-7B-Instruct,cc594898137f460bfe9f0759e9844b3ce807cfb5,python,rq3g_python_092__c4,semantic_visual_conflict_primary,ugly_gold,beautiful_trash,ugly_gold,True,True,False,3.25,-0.5,3.25,True,False
E5A_rq3_text_plus_image_qwen_20260730,Qwen/Qwen2.5-VL-7B-Instruct,cc594898137f460bfe9f0759e9844b3ce807cfb5,python,rq3g_python_092__c5,semantic_only_under_ugly,ugly_gold,ugly_trash,ugly_gold,True,True,False,3.3125,-0.4375,3.3125,True,False
E5A_rq3_text_plus_image_qwen_20260730,Qwen/Qwen2.5-VL-7B-Instruct,cc594898137f460bfe9f0759e9844b3ce807cfb5,python,rq3g_python_092__c6,visual_only_trash,beautiful_trash,ugly_trash,beautiful_trash,False,False,False,1.125,-1.375,1.125,True,False
E5A_rq3_text_plus_image_qwen_20260730,Qwen/Qwen2.5-VL-7B-Instruct,cc594898137f460bfe9f0759e9844b3ce807cfb5,python,rq3g_python_093__c1,visual_only_gold,golden,ugly_gold,golden,True,True,False,1.1875,-0.5625,1.1875,True,False
E5A_rq3_text_plus_image_qwen_20260730,Qwen/Qwen2.5-VL-7B-Instruct,cc594898137f460bfe9f0759e9844b3ce807cfb5,python,rq3g_python_093__c2,semantic_and_visual_aligned,golden,beautiful_trash,golden,True,True,False,4.6875,-0.4375,4.6875,True,False
E5A_rq3_text_plus_image_qwen_20260730,Qwen/Qwen2.5-VL-7B-Instruct,cc594898137f460bfe9f0759e9844b3ce807cfb5,python,rq3g_python_093__c3,semantic_and_visual_aligned,golden,ugly_trash,golden,True,True,False,4.3125,-0.1875,4.3125,True,False
E5A_rq3_text_plus_image_qwen_20260730,Qwen/Qwen2.5-VL-7B-Instruct,cc594898137f460bfe9f0759e9844b3ce807cfb5,python,rq3g_python_093__c4,semantic_visual_conflict_primary,ugly_gold,beautiful_trash,ugly_gold,True,True,False,4.25,-0.75,4.25,True,False
E5A_rq3_text_plus_image_qwen_20260730,Qwen/Qwen2.5-VL-7B-Instruct,cc594898137f460bfe9f0759e9844b3ce807cfb5,python,rq3g_python_093__c5,semantic_only_under_ugly,ugly_gold,ugly_trash,ugly_gold,True,True,False,4.25,-0.5,4.25,True,False
E5A_rq3_text_plus_image_qwen_20260730,Qwen/Qwen2.5-VL-7B-Instruct,cc594898137f460bfe9f0759e9844b3ce807cfb5,python,rq3g_python_093__c6,visual_only_trash,beautiful_trash,ugly_trash,beautiful_trash,False,False,False,0.625,-1.25,0.625,True,False
E5A_rq3_text_plus_image_qwen_20260730,Qwen/Qwen2.5-VL-7B-Instruct,cc594898137f460bfe9f0759e9844b3ce807cfb5,python,rq3g_python_094__c1,visual_only_gold,golden,ugly_gold,golden,True,True,False,1.0,-0.625,1.0,True,False
E5A_rq3_text_plus_image_qwen_20260730,Qwen/Qwen2.5-VL-7B-Instruct,cc594898137f460bfe9f0759e9844b3ce807cfb5,python,rq3g_python_094__c2,semantic_and_visual_aligned,golden,beautiful_trash,golden,True,True,False,4.0,-0.25,4.0,True,False
E5A_rq3_text_plus_image_qwen_20260730,Qwen/Qwen2.5-VL-7B-Instruct,cc594898137f460bfe9f0759e9844b3ce807cfb5,python,rq3g_python_094__c3,semantic_and_visual_aligned,golden,ugly_trash,golden,True,True,False,4.125,-0.5,4.125,True,False
E5A_rq3_text_plus_image_qwen_20260730,Qwen/Qwen2.5-VL-7B-Instruct,cc594898137f460bfe9f0759e9844b3ce807cfb5,python,rq3g_python_094__c4,semantic_visual_conflict_primary,ugly_gold,beautiful_trash,ugly_gold,True,True,False,3.375,-0.625,3.375,True,False
E5A_rq3_text_plus_image_qwen_20260730,Qwen/Qwen2.5-VL-7B-Instruct,cc594898137f460bfe9f0759e9844b3ce807cfb5,python,rq3g_python_094__c5,semantic_only_under_ugly,ugly_gold,ugly_trash,ugly_gold,True,True,False,3.1875,-0.1875,3.1875,True,False
E5A_rq3_text_plus_image_qwen_20260730,Qwen/Qwen2.5-VL-7B-Instruct,cc594898137f460bfe9f0759e9844b3ce807cfb5,python,rq3g_python_094__c6,visual_only_trash,beautiful_trash,ugly_trash,beautiful_trash,False,False,False,0.875,-1.5,0.875,True,False
E5A_rq3_text_plus_image_qwen_20260730,Qwen/Qwen2.5-VL-7B-Instruct,cc594898137f460bfe9f0759e9844b3ce807cfb5,python,rq3g_python_095__c1,visual_only_gold,golden,ugly_gold,golden,True,True,False,1.0625,-0.0625,1.0625,True,False
E5A_rq3_text_plus_image_qwen_20260730,Qwen/Qwen2.5-VL-7B-Instruct,cc594898137f460bfe9f0759e9844b3ce807cfb5,python,rq3g_python_095__c2,semantic_and_visual_aligned,golden,beautiful_trash,golden,True,True,False,4.375,0.0,4.375,True,False
E5A_rq3_text_plus_image_qwen_20260730,Qwen/Qwen2.5-VL-7B-Instruct,cc594898137f460bfe9f0759e9844b3ce807cfb5,python,rq3g_python_095__c3,semantic_and_visual_aligned,golden,ugly_trash,golden,True,True,False,4.4375,0.0625,4.4375,True,False
E5A_rq3_text_plus_image_qwen_20260730,Qwen/Qwen2.5-VL-7B-Instruct,cc594898137f460bfe9f0759e9844b3ce807cfb5,python,rq3g_python_095__c4,semantic_visual_conflict_primary,ugly_gold,beautiful_trash,ugly_gold,True,True,False,3.6875,-0.3125,3.6875,True,False
E5A_rq3_text_plus_image_qwen_20260730,Qwen/Qwen2.5-VL-7B-Instruct,cc594898137f460bfe9f0759e9844b3ce807cfb5,python,rq3g_python_095__c5,semantic_only_under_ugly,ugly_gold,ugly_trash,ugly_gold,True,True,False,4.125,-0.5,4.125,True,False
E5A_rq3_text_plus_image_qwen_20260730,Qwen/Qwen2.5-VL-7B-Instruct,cc594898137f460bfe9f0759e9844b3ce807cfb5,python,rq3g_python_095__c6,visual_only_trash,beautiful_trash,ugly_trash,beautiful_trash,False,False,False,0.875,-1.5,0.875,True,False
E5A_rq3_text_plus_image_qwen_20260730,Qwen/Qwen2.5-VL-7B-Instruct,cc594898137f460bfe9f0759e9844b3ce807cfb5,python,rq3g_python_096__c1,visual_only_gold,golden,ugly_gold,golden,True,True,False,0.5,0.375,0.5,True,False
E5A_rq3_text_plus_image_qwen_20260730,Qwen/Qwen2.5-VL-7B-Instruct,cc594898137f460bfe9f0759e9844b3ce807cfb5,python,rq3g_python_096__c2,semantic_and_visual_aligned,golden,beautiful_trash,golden,True,True,False,4.0,-0.875,4.0,True,False
E5A_rq3_text_plus_image_qwen_20260730,Qwen/Qwen2.5-VL-7B-Instruct,cc594898137f460bfe9f0759e9844b3ce807cfb5,python,rq3g_python_096__c3,semantic_and_visual_aligned,golden,ugly_trash,golden,True,True,False,4.0,-0.5,4.0,True,False
E5A_rq3_text_plus_image_qwen_20260730,Qwen/Qwen2.5-VL-7B-Instruct,cc594898137f460bfe9f0759e9844b3ce807cfb5,python,rq3g_python_096__c4,semantic_visual_conflict_primary,ugly_gold,beautiful_trash,ugly_gold,True,True,False,3.5625,-0.9375,3.5625,True,False
E5A_rq3_text_plus_image_qwen_20260730,Qwen/Qwen2.5-VL-7B-Instruct,cc594898137f460bfe9f0759e9844b3ce807cfb5,python,rq3g_python_096__c5,semantic_only_under_ugly,ugly_gold,ugly_trash,ugly_gold,True,True,False,3.4375,-1.0625,3.4375,True,False
E5A_rq3_text_plus_image_qwen_20260730,Qwen/Qwen2.5-VL-7B-Instruct,cc594898137f460bfe9f0759e9844b3ce807cfb5,python,rq3g_python_096__c6,visual_only_trash,beautiful_trash,ugly_trash,beautiful_trash,False,False,False,0.4375,-1.3125,0.4375,True,False
E5A_rq3_text_plus_image_qwen_20260730,Qwen/Qwen2.5-VL-7B-Instruct,cc594898137f460bfe9f0759e9844b3ce807cfb5,python,rq3g_python_097__c1,visual_only_gold,golden,ugly_gold,golden,True,True,False,1.0,-0.625,1.0,True,False
E5A_rq3_text_plus_image_qwen_20260730,Qwen/Qwen2.5-VL-7B-Instruct,cc594898137f460bfe9f0759e9844b3ce807cfb5,python,rq3g_python_097__c2,semantic_and_visual_aligned,golden,beautiful_trash,golden,True,True,False,4.5,-0.375,4.5,True,False
E5A_rq3_text_plus_image_qwen_20260730,Qwen/Qwen2.5-VL-7B-Instruct,cc594898137f460bfe9f0759e9844b3ce807cfb5,python,rq3g_python_097__c3,semantic_and_visual_aligned,golden,ugly_trash,golden,True,True,False,4.5625,-0.4375,4.5625,True,False
E5A_rq3_text_plus_image_qwen_20260730,Qwen/Qwen2.5-VL-7B-Instruct,cc594898137f460bfe9f0759e9844b3ce807cfb5,python,rq3g_python_097__c4,semantic_visual_conflict_primary,ugly_gold,beautiful_trash,ugly_gold,True,True,False,3.75,-0.75,3.75,True,False
E5A_rq3_text_plus_image_qwen_20260730,Qwen/Qwen2.5-VL-7B-Instruct,cc594898137f460bfe9f0759e9844b3ce807cfb5,python,rq3g_python_097__c5,semantic_only_under_ugly,ugly_gold,ugly_trash,ugly_gold,True,True,False,3.3125,-0.3125,3.3125,True,False
E5A_rq3_text_plus_image_qwen_20260730,Qwen/Qwen2.5-VL-7B-Instruct,cc594898137f460bfe9f0759e9844b3ce807cfb5,python,rq3g_python_097__c6,visual_only_trash,beautiful_trash,ugly_trash,beautiful_trash,False,False,False,0.9375,-1.6875,0.9375,True,False
E5A_rq3_text_plus_image_qwen_20260730,Qwen/Qwen2.5-VL-7B-Instruct,cc594898137f460bfe9f0759e9844b3ce807cfb5,python,rq3g_python_098__c1,visual_only_gold,golden,ugly_gold,golden,True,True,False,1.0,0.25,1.0,True,False
E5A_rq3_text_plus_image_qwen_20260730,Qwen/Qwen2.5-VL-7B-Instruct,cc594898137f460bfe9f0759e9844b3ce807cfb5,python,rq3g_python_098__c2,semantic_and_visual_aligned,golden,beautiful_trash,golden,True,True,False,3.125,-0.125,3.125,True,False
E5A_rq3_text_plus_image_qwen_20260730,Qwen/Qwen2.5-VL-7B-Instruct,cc594898137f460bfe9f0759e9844b3ce807cfb5,python,rq3g_python_098__c3,semantic_and_visual_aligned,golden,ugly_trash,golden,True,True,False,3.5,0.0,3.5,True,False
E5A_rq3_text_plus_image_qwen_20260730,Qwen/Qwen2.5-VL-7B-Instruct,cc594898137f460bfe9f0759e9844b3ce807cfb5,python,rq3g_python_098__c4,semantic_visual_conflict_primary,ugly_gold,beautiful_trash,ugly_gold,True,True,False,2.5625,-0.3125,2.5625,True,False
E5A_rq3_text_plus_image_qwen_20260730,Qwen/Qwen2.5-VL-7B-Instruct,cc594898137f460bfe9f0759e9844b3ce807cfb5,python,rq3g_python_098__c5,semantic_only_under_ugly,ugly_gold,ugly_trash,ugly_gold,True,True,False,2.875,0.0,2.875,True,False
E5A_rq3_text_plus_image_qwen_20260730,Qwen/Qwen2.5-VL-7B-Instruct,cc594898137f460bfe9f0759e9844b3ce807cfb5,python,rq3g_python_098__c6,visual_only_trash,beautiful_trash,ugly_trash,beautiful_trash,True,True,False,0.9375,-0.9375,0.9375,True,False
E5A_rq3_text_plus_image_qwen_20260730,Qwen/Qwen2.5-VL-7B-Instruct,cc594898137f460bfe9f0759e9844b3ce807cfb5,python,rq3g_python_099__c1,visual_only_gold,golden,ugly_gold,golden,True,True,False,1.25,-0.125,1.25,True,False
E5A_rq3_text_plus_image_qwen_20260730,Qwen/Qwen2.5-VL-7B-Instruct,cc594898137f460bfe9f0759e9844b3ce807cfb5,python,rq3g_python_099__c2,semantic_and_visual_aligned,golden,beautiful_trash,golden,True,True,False,4.0625,0.9375,4.0625,True,False
E5A_rq3_text_plus_image_qwen_20260730,Qwen/Qwen2.5-VL-7B-Instruct,cc594898137f460bfe9f0759e9844b3ce807cfb5,python,rq3g_python_099__c3,semantic_and_visual_aligned,golden,ugly_trash,golden,True,True,False,4.25,1.375,4.25,True,False
E5A_rq3_text_plus_image_qwen_20260730,Qwen/Qwen2.5-VL-7B-Instruct,cc594898137f460bfe9f0759e9844b3ce807cfb5,python,rq3g_python_099__c4,semantic_visual_conflict_primary,ugly_gold,beautiful_trash,ugly_gold,True,True,False,3.1875,0.0625,3.1875,True,False
E5A_rq3_text_plus_image_qwen_20260730,Qwen/Qwen2.5-VL-7B-Instruct,cc594898137f460bfe9f0759e9844b3ce807cfb5,python,rq3g_python_099__c5,semantic_only_under_ugly,ugly_gold,ugly_trash,ugly_gold,True,True,False,3.6875,1.0625,3.6875,True,False
E5A_rq3_text_plus_image_qwen_20260730,Qwen/Qwen2.5-VL-7B-Instruct,cc594898137f460bfe9f0759e9844b3ce807cfb5,python,rq3g_python_099__c6,visual_only_trash,beautiful_trash,ugly_trash,beautiful_trash,True,True,False,0.9375,-0.8125,0.9375,True,False
E5A_rq3_text_plus_image_internvl_retry2_20260730,OpenGVLab/InternVL3-8B,853e3a797a661694b1b8ece0cb72dc2b23e3dac9,cuda,rq3g_cuda_000__c1,visual_only_gold,golden,ugly_gold,golden,False,False,False,0.0625,0.4375,0.0625,True,False
E5A_rq3_text_plus_image_internvl_retry2_20260730,OpenGVLab/InternVL3-8B,853e3a797a661694b1b8ece0cb72dc2b23e3dac9,cuda,rq3g_cuda_000__c2,semantic_and_visual_aligned,golden,beautiful_trash,golden,True,True,False,4.1875,-0.0625,4.1875,True,False
E5A_rq3_text_plus_image_internvl_retry2_20260730,OpenGVLab/InternVL3-8B,853e3a797a661694b1b8ece0cb72dc2b23e3dac9,cuda,rq3g_cuda_000__c3,semantic_and_visual_aligned,golden,ugly_trash,golden,True,True,False,4.125,-0.25,4.125,True,False
E5A_rq3_text_plus_image_internvl_retry2_20260730,OpenGVLab/InternVL3-8B,853e3a797a661694b1b8ece0cb72dc2b23e3dac9,cuda,rq3g_cuda_000__c4,semantic_visual_conflict_primary,ugly_gold,beautiful_trash,ugly_gold,True,True,False,4.125,-0.125,4.125,True,False
E5A_rq3_text_plus_image_internvl_retry2_20260730,OpenGVLab/InternVL3-8B,853e3a797a661694b1b8ece0cb72dc2b23e3dac9,cuda,rq3g_cuda_000__c5,semantic_only_under_ugly,ugly_gold,ugly_trash,ugly_gold,True,True,False,4.0625,-0.1875,4.0625,True,False
E5A_rq3_text_plus_image_internvl_retry2_20260730,OpenGVLab/InternVL3-8B,853e3a797a661694b1b8ece0cb72dc2b23e3dac9,cuda,rq3g_cuda_000__c6,visual_only_trash,beautiful_trash,ugly_trash,beautiful_trash,False,False,False,0.0,-0.125,0.0,False,True
E5A_rq3_text_plus_image_internvl_retry2_20260730,OpenGVLab/InternVL3-8B,853e3a797a661694b1b8ece0cb72dc2b23e3dac9,cuda,rq3g_cuda_001__c1,visual_only_gold,golden,ugly_gold,golden,True,True,False,0.125,0.0,0.125,True,False
E5A_rq3_text_plus_image_internvl_retry2_20260730,OpenGVLab/InternVL3-8B,853e3a797a661694b1b8ece0cb72dc2b23e3dac9,cuda,rq3g_cuda_001__c2,semantic_and_visual_aligned,golden,beautiful_trash,golden,True,True,False,2.4375,0.5625,2.4375,True,False
E5A_rq3_text_plus_image_internvl_retry2_20260730,OpenGVLab/InternVL3-8B,853e3a797a661694b1b8ece0cb72dc2b23e3dac9,cuda,rq3g_cuda_001__c3,semantic_and_visual_aligned,golden,ugly_trash,golden,True,True,False,2.3125,0.4375,2.3125,True,False
E5A_rq3_text_plus_image_internvl_retry2_20260730,OpenGVLab/InternVL3-8B,853e3a797a661694b1b8ece0cb72dc2b23e3dac9,cuda,rq3g_cuda_001__c4,semantic_visual_conflict_primary,ugly_gold,beautiful_trash,ugly_gold,True,True,False,2.25,0.5,2.25,True,False
E5A_rq3_text_plus_image_internvl_retry2_20260730,OpenGVLab/InternVL3-8B,853e3a797a661694b1b8ece0cb72dc2b23e3dac9,cuda,rq3g_cuda_001__c5,semantic_only_under_ugly,ugly_gold,ugly_trash,ugly_gold,True,True,False,2.25,0.375,2.25,True,False
E5A_rq3_text_plus_image_internvl_retry2_20260730,OpenGVLab/InternVL3-8B,853e3a797a661694b1b8ece0cb72dc2b23e3dac9,cuda,rq3g_cuda_001__c6,visual_only_trash,beautiful_trash,ugly_trash,beautiful_trash,False,False,False,-0.0625,-0.6875,-0.0625,False,False
E5A_rq3_text_plus_image_internvl_retry2_20260730,OpenGVLab/InternVL3-8B,853e3a797a661694b1b8ece0cb72dc2b23e3dac9,cuda,rq3g_cuda_002__c1,visual_only_gold,golden,ugly_gold,golden,False,False,False,0.0625,0.6875,0.0625,True,False
E5A_rq3_text_plus_image_internvl_retry2_20260730,OpenGVLab/InternVL3-8B,853e3a797a661694b1b8ece0cb72dc2b23e3dac9,cuda,rq3g_cuda_002__c2,semantic_and_visual_aligned,golden,beautiful_trash,golden,True,True,False,3.5,-1.0,3.5,True,False
E5A_rq3_text_plus_image_internvl_retry2_20260730,OpenGVLab/InternVL3-8B,853e3a797a661694b1b8ece0cb72dc2b23e3dac9,cuda,rq3g_cuda_002__c3,semantic_and_visual_aligned,golden,ugly_trash,golden,True,True,False,3.6875,-1.4375,3.6875,True,False
E5A_rq3_text_plus_image_internvl_retry2_20260730,OpenGVLab/InternVL3-8B,853e3a797a661694b1b8ece0cb72dc2b23e3dac9,cuda,rq3g_cuda_002__c4,semantic_visual_conflict_primary,ugly_gold,beautiful_trash,ugly_gold,True,True,False,3.125,-1.125,3.125,True,False
E5A_rq3_text_plus_image_internvl_retry2_20260730,OpenGVLab/InternVL3-8B,853e3a797a661694b1b8ece0cb72dc2b23e3dac9,cuda,rq3g_cuda_002__c5,semantic_only_under_ugly,ugly_gold,ugly_trash,ugly_gold,True,True,False,3.25,-1.25,3.25,True,False
E5A_rq3_text_plus_image_internvl_retry2_20260730,OpenGVLab/InternVL3-8B,853e3a797a661694b1b8ece0cb72dc2b23e3dac9,cuda,rq3g_cuda_002__c6,visual_only_trash,beautiful_trash,ugly_trash,beautiful_trash,False,False,False,-0.125,-0.875,-0.125,False,False
E5A_rq3_text_plus_image_internvl_retry2_20260730,OpenGVLab/InternVL3-8B,853e3a797a661694b1b8ece0cb72dc2b23e3dac9,cuda,rq3g_cuda_003__c1,visual_only_gold,golden,ugly_gold,golden,False,False,False,-0.0625,-0.3125,-0.0625,False,False
E5A_rq3_text_plus_image_internvl_retry2_20260730,OpenGVLab/InternVL3-8B,853e3a797a661694b1b8ece0cb72dc2b23e3dac9,cuda,rq3g_cuda_003__c2,semantic_and_visual_aligned,golden,beautiful_trash,golden,True,True,False,1.3125,-0.3125,1.3125,True,False
E5A_rq3_text_plus_image_internvl_retry2_20260730,OpenGVLab/InternVL3-8B,853e3a797a661694b1b8ece0cb72dc2b23e3dac9,cuda,rq3g_cuda_003__c3,semantic_and_visual_aligned,golden,ugly_trash,golden,True,True,False,1.375,-0.5,1.375,True,False
E5A_rq3_text_plus_image_internvl_retry2_20260730,OpenGVLab/InternVL3-8B,853e3a797a661694b1b8ece0cb72dc2b23e3dac9,cuda,rq3g_cuda_003__c4,semantic_visual_conflict_primary,ugly_gold,beautiful_trash,ugly_gold,True,True,False,1.125,-0.25,1.125,True,False
E5A_rq3_text_plus_image_internvl_retry2_20260730,OpenGVLab/InternVL3-8B,853e3a797a661694b1b8ece0cb72dc2b23e3dac9,cuda,rq3g_cuda_003__c5,semantic_only_under_ugly,ugly_gold,ugly_trash,ugly_gold,True,True,False,1.1875,-0.4375,1.1875,True,False
E5A_rq3_text_plus_image_internvl_retry2_20260730,OpenGVLab/InternVL3-8B,853e3a797a661694b1b8ece0cb72dc2b23e3dac9,cuda,rq3g_cuda_003__c6,visual_only_trash,beautiful_trash,ugly_trash,beautiful_trash,False,False,False,0.0,-0.75,0.0,False,True
E5A_rq3_text_plus_image_internvl_retry2_20260730,OpenGVLab/InternVL3-8B,853e3a797a661694b1b8ece0cb72dc2b23e3dac9,cuda,rq3g_cuda_004__c1,visual_only_gold,golden,ugly_gold,golden,True,True,False,0.125,0.0,0.125,True,False
E5A_rq3_text_plus_image_internvl_retry2_20260730,OpenGVLab/InternVL3-8B,853e3a797a661694b1b8ece0cb72dc2b23e3dac9,cuda,rq3g_cuda_004__c2,semantic_and_visual_aligned,golden,beautiful_trash,golden,True,True,False,3.625,0.5,3.625,True,False
E5A_rq3_text_plus_image_internvl_retry2_20260730,OpenGVLab/InternVL3-8B,853e3a797a661694b1b8ece0cb72dc2b23e3dac9,cuda,rq3g_cuda_004__c3,semantic_and_visual_aligned,golden,ugly_trash,golden,True,True,False,4.0,0.25,4.0,True,False
E5A_rq3_text_plus_image_internvl_retry2_20260730,OpenGVLab/InternVL3-8B,853e3a797a661694b1b8ece0cb72dc2b23e3dac9,cuda,rq3g_cuda_004__c4,semantic_visual_conflict_primary,ugly_gold,beautiful_trash,ugly_gold,True,True,False,3.5,0.375,3.5,True,False
E5A_rq3_text_plus_image_internvl_retry2_20260730,OpenGVLab/InternVL3-8B,853e3a797a661694b1b8ece0cb72dc2b23e3dac9,cuda,rq3g_cuda_004__c5,semantic_only_under_ugly,ugly_gold,ugly_trash,ugly_gold,True,True,False,3.75,0.25,3.75,True,False
E5A_rq3_text_plus_image_internvl_retry2_20260730,OpenGVLab/InternVL3-8B,853e3a797a661694b1b8ece0cb72dc2b23e3dac9,cuda,rq3g_cuda_004__c6,visual_only_trash,beautiful_trash,ugly_trash,beautiful_trash,False,False,False,0.1875,-1.3125,0.1875,True,False
E5A_rq3_text_plus_image_internvl_retry2_20260730,OpenGVLab/InternVL3-8B,853e3a797a661694b1b8ece0cb72dc2b23e3dac9,cuda,rq3g_cuda_005__c1,visual_only_gold,golden,ugly_gold,golden,False,False,False,0.0625,0.8125,0.0625,True,False
E5A_rq3_text_plus_image_internvl_retry2_20260730,OpenGVLab/InternVL3-8B,853e3a797a661694b1b8ece0cb72dc2b23e3dac9,cuda,rq3g_cuda_005__c2,semantic_and_visual_aligned,golden,beautiful_trash,golden,True,True,False,4.5,0.875,4.5,True,False
E5A_rq3_text_plus_image_internvl_retry2_20260730,OpenGVLab/InternVL3-8B,853e3a797a661694b1b8ece0cb72dc2b23e3dac9,cuda,rq3g_cuda_005__c3,semantic_and_visual_aligned,golden,ugly_trash,golden,True,True,False,4.6875,0.8125,4.6875,True,False
E5A_rq3_text_plus_image_internvl_retry2_20260730,OpenGVLab/InternVL3-8B,853e3a797a661694b1b8ece0cb72dc2b23e3dac9,cuda,rq3g_cuda_005__c4,semantic_visual_conflict_primary,ugly_gold,beautiful_trash,ugly_gold,True,True,False,4.5625,0.8125,4.5625,True,False
E5A_rq3_text_plus_image_internvl_retry2_20260730,OpenGVLab/InternVL3-8B,853e3a797a661694b1b8ece0cb72dc2b23e3dac9,cuda,rq3g_cuda_005__c5,semantic_only_under_ugly,ugly_gold,ugly_trash,ugly_gold,True,True,False,4.8125,0.5625,4.8125,True,False
E5A_rq3_text_plus_image_internvl_retry2_20260730,OpenGVLab/InternVL3-8B,853e3a797a661694b1b8ece0cb72dc2b23e3dac9,cuda,rq3g_cuda_005__c6,visual_only_trash,beautiful_trash,ugly_trash,beautiful_trash,False,False,False,0.125,-1.75,0.125,True,False
E5A_rq3_text_plus_image_internvl_retry2_20260730,OpenGVLab/InternVL3-8B,853e3a797a661694b1b8ece0cb72dc2b23e3dac9,cuda,rq3g_cuda_006__c1,visual_only_gold,golden,ugly_gold,golden,False,False,False,0.125,1.0,0.125,True,False
E5A_rq3_text_plus_image_internvl_retry2_20260730,OpenGVLab/InternVL3-8B,853e3a797a661694b1b8ece0cb72dc2b23e3dac9,cuda,rq3g_cuda_006__c2,semantic_and_visual_aligned,golden,beautiful_trash,golden,True,True,False,3.3125,-0.4375,3.3125,True,False
E5A_rq3_text_plus_image_internvl_retry2_20260730,OpenGVLab/InternVL3-8B,853e3a797a661694b1b8ece0cb72dc2b23e3dac9,cuda,rq3g_cuda_006__c3,semantic_and_visual_aligned,golden,ugly_trash,golden,True,True,False,3.375,-0.625,3.375,True,False
E5A_rq3_text_plus_image_internvl_retry2_20260730,OpenGVLab/InternVL3-8B,853e3a797a661694b1b8ece0cb72dc2b23e3dac9,cuda,rq3g_cuda_006__c4,semantic_visual_conflict_primary,ugly_gold,beautiful_trash,ugly_gold,True,True,False,3.25,-0.5,3.25,True,False
E5A_rq3_text_plus_image_internvl_retry2_20260730,OpenGVLab/InternVL3-8B,853e3a797a661694b1b8ece0cb72dc2b23e3dac9,cuda,rq3g_cuda_006__c5,semantic_only_under_ugly,ugly_gold,ugly_trash,ugly_gold,True,True,False,3.5625,-0.8125,3.5625,True,False
E5A_rq3_text_plus_image_internvl_retry2_20260730,OpenGVLab/InternVL3-8B,853e3a797a661694b1b8ece0cb72dc2b23e3dac9,cuda,rq3g_cuda_006__c6,visual_only_trash,beautiful_trash,ugly_trash,beautiful_trash,False,False,False,0.125,-1.5,0.125,True,False
E5A_rq3_text_plus_image_internvl_retry2_20260730,OpenGVLab/InternVL3-8B,853e3a797a661694b1b8ece0cb72dc2b23e3dac9,cuda,rq3g_cuda_007__c1,visual_only_gold,golden,ugly_gold,golden,True,True,False,0.1875,-0.0625,0.1875,True,False
E5A_rq3_text_plus_image_internvl_retry2_20260730,OpenGVLab/InternVL3-8B,853e3a797a661694b1b8ece0cb72dc2b23e3dac9,cuda,rq3g_cuda_007__c2,semantic_and_visual_aligned,golden,beautiful_trash,golden,True,True,False,1.6875,0.3125,1.6875,True,False
E5A_rq3_text_plus_image_internvl_retry2_20260730,OpenGVLab/InternVL3-8B,853e3a797a661694b1b8ece0cb72dc2b23e3dac9,cuda,rq3g_cuda_007__c3,semantic_and_visual_aligned,golden,ugly_trash,golden,True,True,False,2.1875,0.1875,2.1875,True,False
E5A_rq3_text_plus_image_internvl_retry2_20260730,OpenGVLab/InternVL3-8B,853e3a797a661694b1b8ece0cb72dc2b23e3dac9,cuda,rq3g_cuda_007__c4,semantic_visual_conflict_primary,ugly_gold,beautiful_trash,ugly_gold,True,True,False,1.8125,0.3125,1.8125,True,False
E5A_rq3_text_plus_image_internvl_retry2_20260730,OpenGVLab/InternVL3-8B,853e3a797a661694b1b8ece0cb72dc2b23e3dac9,cuda,rq3g_cuda_007__c5,semantic_only_under_ugly,ugly_gold,ugly_trash,ugly_gold,True,True,False,1.875,0.25,1.875,True,False
E5A_rq3_text_plus_image_internvl_retry2_20260730,OpenGVLab/InternVL3-8B,853e3a797a661694b1b8ece0cb72dc2b23e3dac9,cuda,rq3g_cuda_007__c6,visual_only_trash,beautiful_trash,ugly_trash,beautiful_trash,True,True,False,0.0625,-0.0625,0.0625,True,False
E5A_rq3_text_plus_image_internvl_retry2_20260730,OpenGVLab/InternVL3-8B,853e3a797a661694b1b8ece0cb72dc2b23e3dac9,cuda,rq3g_cuda_008__c1,visual_only_gold,golden,ugly_gold,golden,False,False,False,0.0,-1.375,0.0,False,True
E5A_rq3_text_plus_image_internvl_retry2_20260730,OpenGVLab/InternVL3-8B,853e3a797a661694b1b8ece0cb72dc2b23e3dac9,cuda,rq3g_cuda_008__c2,semantic_and_visual_aligned,golden,beautiful_trash,golden,True,True,False,2.25,1.0,2.25,True,False
E5A_rq3_text_plus_image_internvl_retry2_20260730,OpenGVLab/InternVL3-8B,853e3a797a661694b1b8ece0cb72dc2b23e3dac9,cuda,rq3g_cuda_008__c3,semantic_and_visual_aligned,golden,ugly_trash,golden,True,True,False,2.1875,0.9375,2.1875,True,False
E5A_rq3_text_plus_image_internvl_retry2_20260730,OpenGVLab/InternVL3-8B,853e3a797a661694b1b8ece0cb72dc2b23e3dac9,cuda,rq3g_cuda_008__c4,semantic_visual_conflict_primary,ugly_gold,beautiful_trash,ugly_gold,True,True,False,2.375,0.375,2.375,True,False
E5A_rq3_text_plus_image_internvl_retry2_20260730,OpenGVLab/InternVL3-8B,853e3a797a661694b1b8ece0cb72dc2b23e3dac9,cuda,rq3g_cuda_008__c5,semantic_only_under_ugly,ugly_gold,ugly_trash,ugly_gold,True,True,False,2.0625,0.6875,2.0625,True,False
E5A_rq3_text_plus_image_internvl_retry2_20260730,OpenGVLab/InternVL3-8B,853e3a797a661694b1b8ece0cb72dc2b23e3dac9,cuda,rq3g_cuda_008__c6,visual_only_trash,beautiful_trash,ugly_trash,beautiful_trash,False,False,False,0.0,0.375,0.0,False,True
E5A_rq3_text_plus_image_internvl_retry2_20260730,OpenGVLab/InternVL3-8B,853e3a797a661694b1b8ece0cb72dc2b23e3dac9,cuda,rq3g_cuda_009__c1,visual_only_gold,golden,ugly_gold,golden,False,False,False,-0.0625,2.4375,-0.0625,False,False
E5A_rq3_text_plus_image_internvl_retry2_20260730,OpenGVLab/InternVL3-8B,853e3a797a661694b1b8ece0cb72dc2b23e3dac9,cuda,rq3g_cuda_009__c2,semantic_and_visual_aligned,golden,beautiful_trash,golden,True,True,False,5.125,-0.25,5.125,True,False
E5A_rq3_text_plus_image_internvl_retry2_20260730,OpenGVLab/InternVL3-8B,853e3a797a661694b1b8ece0cb72dc2b23e3dac9,cuda,rq3g_cuda_009__c3,semantic_and_visual_aligned,golden,ugly_trash,golden,True,True,False,5.0625,-0.1875,5.0625,True,False
E5A_rq3_text_plus_image_internvl_retry2_20260730,OpenGVLab/InternVL3-8B,853e3a797a661694b1b8ece0cb72dc2b23e3dac9,cuda,rq3g_cuda_009__c4,semantic_visual_conflict_primary,ugly_gold,beautiful_trash,ugly_gold,True,True,False,5.375,-0.375,5.375,True,False
E5A_rq3_text_plus_image_internvl_retry2_20260730,OpenGVLab/InternVL3-8B,853e3a797a661694b1b8ece0cb72dc2b23e3dac9,cuda,rq3g_cuda_009__c5,semantic_only_under_ugly,ugly_gold,ugly_trash,ugly_gold,True,True,False,5.3125,-0.1875,5.3125,True,False
E5A_rq3_text_plus_image_internvl_retry2_20260730,OpenGVLab/InternVL3-8B,853e3a797a661694b1b8ece0cb72dc2b23e3dac9,cuda,rq3g_cuda_009__c6,visual_only_trash,beautiful_trash,ugly_trash,beautiful_trash,False,False,False,0.125,-1.875,0.125,True,False
E5A_rq3_text_plus_image_internvl_retry2_20260730,OpenGVLab/InternVL3-8B,853e3a797a661694b1b8ece0cb72dc2b23e3dac9,cuda,rq3g_cuda_010__c1,visual_only_gold,golden,ugly_gold,golden,False,False,False,0.125,-0.5,0.125,True,False
E5A_rq3_text_plus_image_internvl_retry2_20260730,OpenGVLab/InternVL3-8B,853e3a797a661694b1b8ece0cb72dc2b23e3dac9,cuda,rq3g_cuda_010__c2,semantic_and_visual_aligned,golden,beautiful_trash,golden,True,True,False,3.0625,-0.0625,3.0625,True,False
E5A_rq3_text_plus_image_internvl_retry2_20260730,OpenGVLab/InternVL3-8B,853e3a797a661694b1b8ece0cb72dc2b23e3dac9,cuda,rq3g_cuda_010__c3,semantic_and_visual_aligned,golden,ugly_trash,golden,True,True,False,3.3125,0.0625,3.3125,True,False
E5A_rq3_text_plus_image_internvl_retry2_20260730,OpenGVLab/InternVL3-8B,853e3a797a661694b1b8ece0cb72dc2b23e3dac9,cuda,rq3g_cuda_010__c4,semantic_visual_conflict_primary,ugly_gold,beautiful_trash,ugly_gold,True,True,False,3.125,0.125,3.125,True,False
E5A_rq3_text_plus_image_internvl_retry2_20260730,OpenGVLab/InternVL3-8B,853e3a797a661694b1b8ece0cb72dc2b23e3dac9,cuda,rq3g_cuda_010__c5,semantic_only_under_ugly,ugly_gold,ugly_trash,ugly_gold,True,True,False,3.25,0.0,3.25,True,False
E5A_rq3_text_plus_image_internvl_retry2_20260730,OpenGVLab/InternVL3-8B,853e3a797a661694b1b8ece0cb72dc2b23e3dac9,cuda,rq3g_cuda_010__c6,visual_only_trash,beautiful_trash,ugly_trash,beautiful_trash,False,False,False,0.0625,-0.5625,0.0625,True,False
E5A_rq3_text_plus_image_internvl_retry2_20260730,OpenGVLab/InternVL3-8B,853e3a797a661694b1b8ece0cb72dc2b23e3dac9,cuda,rq3g_cuda_011__c1,visual_only_gold,golden,ugly_gold,golden,False,False,False,-0.0625,-0.8125,-0.0625,False,False
E5A_rq3_text_plus_image_internvl_retry2_20260730,OpenGVLab/InternVL3-8B,853e3a797a661694b1b8ece0cb72dc2b23e3dac9,cuda,rq3g_cuda_011__c2,semantic_and_visual_aligned,golden,beautiful_trash,golden,True,True,False,0.875,-0.5,0.875,True,False
E5A_rq3_text_plus_image_internvl_retry2_20260730,OpenGVLab/InternVL3-8B,853e3a797a661694b1b8ece0cb72dc2b23e3dac9,cuda,rq3g_cuda_011__c3,semantic_and_visual_aligned,golden,ugly_trash,golden,True,True,False,1.0,-0.625,1.0,True,False
E5A_rq3_text_plus_image_internvl_retry2_20260730,OpenGVLab/InternVL3-8B,853e3a797a661694b1b8ece0cb72dc2b23e3dac9,cuda,rq3g_cuda_011__c4,semantic_visual_conflict_primary,ugly_gold,beautiful_trash,ugly_gold,True,True,False,1.0,-0.625,1.0,True,False
E5A_rq3_text_plus_image_internvl_retry2_20260730,OpenGVLab/InternVL3-8B,853e3a797a661694b1b8ece0cb72dc2b23e3dac9,cuda,rq3g_cuda_011__c5,semantic_only_under_ugly,ugly_gold,ugly_trash,ugly_gold,True,True,False,1.1875,-0.6875,1.1875,True,False
E5A_rq3_text_plus_image_internvl_retry2_20260730,OpenGVLab/InternVL3-8B,853e3a797a661694b1b8ece0cb72dc2b23e3dac9,cuda,rq3g_cuda_011__c6,visual_only_trash,beautiful_trash,ugly_trash,beautiful_trash,False,False,False,0.0,-0.5,0.0,False,True
E5A_rq3_text_plus_image_internvl_retry2_20260730,OpenGVLab/InternVL3-8B,853e3a797a661694b1b8ece0cb72dc2b23e3dac9,cuda,rq3g_cuda_012__c1,visual_only_gold,golden,ugly_gold,golden,False,False,False,0.125,0.375,0.125,True,False
E5A_rq3_text_plus_image_internvl_retry2_20260730,OpenGVLab/InternVL3-8B,853e3a797a661694b1b8ece0cb72dc2b23e3dac9,cuda,rq3g_cuda_012__c2,semantic_and_visual_aligned,golden,beautiful_trash,golden,True,True,False,4.25,-0.25,4.25,True,False
E5A_rq3_text_plus_image_internvl_retry2_20260730,OpenGVLab/InternVL3-8B,853e3a797a661694b1b8ece0cb72dc2b23e3dac9,cuda,rq3g_cuda_012__c3,semantic_and_visual_aligned,golden,ugly_trash,golden,True,True,False,4.5,-0.375,4.5,True,False
E5A_rq3_text_plus_image_internvl_retry2_20260730,OpenGVLab/InternVL3-8B,853e3a797a661694b1b8ece0cb72dc2b23e3dac9,cuda,rq3g_cuda_012__c4,semantic_visual_conflict_primary,ugly_gold,beautiful_trash,ugly_gold,True,True,False,4.1875,-0.0625,4.1875,True,False
E5A_rq3_text_plus_image_internvl_retry2_20260730,OpenGVLab/InternVL3-8B,853e3a797a661694b1b8ece0cb72dc2b23e3dac9,cuda,rq3g_cuda_012__c5,semantic_only_under_ugly,ugly_gold,ugly_trash,ugly_gold,True,True,False,4.1875,0.0625,4.1875,True,False
E5A_rq3_text_plus_image_internvl_retry2_20260730,OpenGVLab/InternVL3-8B,853e3a797a661694b1b8ece0cb72dc2b23e3dac9,cuda,rq3g_cuda_012__c6,visual_only_trash,beautiful_trash,ugly_trash,beautiful_trash,False,False,False,0.3125,-1.0625,0.3125,True,False
E5A_rq3_text_plus_image_internvl_retry2_20260730,OpenGVLab/InternVL3-8B,853e3a797a661694b1b8ece0cb72dc2b23e3dac9,cuda,rq3g_cuda_013__c1,visual_only_gold,golden,ugly_gold,golden,False,False,False,-0.0625,-0.1875,-0.0625,False,False
E5A_rq3_text_plus_image_internvl_retry2_20260730,OpenGVLab/InternVL3-8B,853e3a797a661694b1b8ece0cb72dc2b23e3dac9,cuda,rq3g_cuda_013__c2,semantic_and_visual_aligned,golden,beautiful_trash,golden,True,True,False,2.0625,-1.6875,2.0625,True,False
E5A_rq3_text_plus_image_internvl_retry2_20260730,OpenGVLab/InternVL3-8B,853e3a797a661694b1b8ece0cb72dc2b23e3dac9,cuda,rq3g_cuda_013__c3,semantic_and_visual_aligned,golden,ugly_trash,golden,True,True,False,2.0,-1.5,2.0,True,False
E5A_rq3_text_plus_image_internvl_retry2_20260730,OpenGVLab/InternVL3-8B,853e3a797a661694b1b8ece0cb72dc2b23e3dac9,cuda,rq3g_cuda_013__c4,semantic_visual_conflict_primary,ugly_gold,beautiful_trash,ugly_gold,True,True,False,1.75,-1.375,1.75,True,False
E5A_rq3_text_plus_image_internvl_retry2_20260730,OpenGVLab/InternVL3-8B,853e3a797a661694b1b8ece0cb72dc2b23e3dac9,cuda,rq3g_cuda_013__c5,semantic_only_under_ugly,ugly_gold,ugly_trash,ugly_gold,True,True,False,1.5625,-1.5625,1.5625,True,False
E5A_rq3_text_plus_image_internvl_retry2_20260730,OpenGVLab/InternVL3-8B,853e3a797a661694b1b8ece0cb72dc2b23e3dac9,cuda,rq3g_cuda_013__c6,visual_only_trash,beautiful_trash,ugly_trash,beautiful_trash,False,False,False,0.1875,-0.5625,0.1875,True,False
E5A_rq3_text_plus_image_internvl_retry2_20260730,OpenGVLab/InternVL3-8B,853e3a797a661694b1b8ece0cb72dc2b23e3dac9,cuda,rq3g_cuda_014__c1,visual_only_gold,golden,ugly_gold,golden,False,False,False,0.125,0.5,0.125,True,False
E5A_rq3_text_plus_image_internvl_retry2_20260730,OpenGVLab/InternVL3-8B,853e3a797a661694b1b8ece0cb72dc2b23e3dac9,cuda,rq3g_cuda_014__c2,semantic_and_visual_aligned,golden,beautiful_trash,golden,True,True,False,4.5,-0.125,4.5,True,False
E5A_rq3_text_plus_image_internvl_retry2_20260730,OpenGVLab/InternVL3-8B,853e3a797a661694b1b8ece0cb72dc2b23e3dac9,cuda,rq3g_cuda_014__c3,semantic_and_visual_aligned,golden,ugly_trash,golden,True,True,False,5.125,-0.125,5.125,True,False
E5A_rq3_text_plus_image_internvl_retry2_20260730,OpenGVLab/InternVL3-8B,853e3a797a661694b1b8ece0cb72dc2b23e3dac9,cuda,rq3g_cuda_014__c4,semantic_visual_conflict_primary,ugly_gold,beautiful_trash,ugly_gold,True,True,False,4.625,-0.375,4.625,True,False
E5A_rq3_text_plus_image_internvl_retry2_20260730,OpenGVLab/InternVL3-8B,853e3a797a661694b1b8ece0cb72dc2b23e3dac9,cuda,rq3g_cuda_014__c5,semantic_only_under_ugly,ugly_gold,ugly_trash,ugly_gold,True,True,False,4.625,-0.125,4.625,True,False
E5A_rq3_text_plus_image_internvl_retry2_20260730,OpenGVLab/InternVL3-8B,853e3a797a661694b1b8ece0cb72dc2b23e3dac9,cuda,rq3g_cuda_014__c6,visual_only_trash,beautiful_trash,ugly_trash,beautiful_trash,False,False,False,0.0,-1.875,0.0,False,True
E5A_rq3_text_plus_image_internvl_retry2_20260730,OpenGVLab/InternVL3-8B,853e3a797a661694b1b8ece0cb72dc2b23e3dac9,cuda,rq3g_cuda_015__c1,visual_only_gold,golden,ugly_gold,golden,True,False,False,-0.1875,-0.0625,-0.1875,False,False
E5A_rq3_text_plus_image_internvl_retry2_20260730,OpenGVLab/InternVL3-8B,853e3a797a661694b1b8ece0cb72dc2b23e3dac9,cuda,rq3g_cuda_015__c2,semantic_and_visual_aligned,golden,beautiful_trash,golden,True,True,False,4.8125,0.6875,4.8125,True,False
E5A_rq3_text_plus_image_internvl_retry2_20260730,OpenGVLab/InternVL3-8B,853e3a797a661694b1b8ece0cb72dc2b23e3dac9,cuda,rq3g_cuda_015__c3,semantic_and_visual_aligned,golden,ugly_trash,golden,True,True,False,5.0625,0.8125,5.0625,True,False
E5A_rq3_text_plus_image_internvl_retry2_20260730,OpenGVLab/InternVL3-8B,853e3a797a661694b1b8ece0cb72dc2b23e3dac9,cuda,rq3g_cuda_015__c4,semantic_visual_conflict_primary,ugly_gold,beautiful_trash,ugly_gold,True,True,False,5.0,0.75,5.0,True,False
E5A_rq3_text_plus_image_internvl_retry2_20260730,OpenGVLab/InternVL3-8B,853e3a797a661694b1b8ece0cb72dc2b23e3dac9,cuda,rq3g_cuda_015__c5,semantic_only_under_ugly,ugly_gold,ugly_trash,ugly_gold,True,True,False,5.0625,0.9375,5.0625,True,False
E5A_rq3_text_plus_image_internvl_retry2_20260730,OpenGVLab/InternVL3-8B,853e3a797a661694b1b8ece0cb72dc2b23e3dac9,cuda,rq3g_cuda_015__c6,visual_only_trash,beautiful_trash,ugly_trash,beautiful_trash,False,False,False,0.0,-1.25,0.0,False,True
E5A_rq3_text_plus_image_internvl_retry2_20260730,OpenGVLab/InternVL3-8B,853e3a797a661694b1b8ece0cb72dc2b23e3dac9,cuda,rq3g_cuda_016__c1,visual_only_gold,golden,ugly_gold,golden,False,False,False,-0.0625,0.6875,-0.0625,False,False
E5A_rq3_text_plus_image_internvl_retry2_20260730,OpenGVLab/InternVL3-8B,853e3a797a661694b1b8ece0cb72dc2b23e3dac9,cuda,rq3g_cuda_016__c2,semantic_and_visual_aligned,golden,beautiful_trash,golden,True,True,False,4.9375,-0.1875,4.9375,True,False
E5A_rq3_text_plus_image_internvl_retry2_20260730,OpenGVLab/InternVL3-8B,853e3a797a661694b1b8ece0cb72dc2b23e3dac9,cuda,rq3g_cuda_016__c3,semantic_and_visual_aligned,golden,ugly_trash,golden,True,True,False,5.25,-0.5,5.25,True,False
E5A_rq3_text_plus_image_internvl_retry2_20260730,OpenGVLab/InternVL3-8B,853e3a797a661694b1b8ece0cb72dc2b23e3dac9,cuda,rq3g_cuda_016__c4,semantic_visual_conflict_primary,ugly_gold,beautiful_trash,ugly_gold,True,True,False,5.125,0.0,5.125,True,False
E5A_rq3_text_plus_image_internvl_retry2_20260730,OpenGVLab/InternVL3-8B,853e3a797a661694b1b8ece0cb72dc2b23e3dac9,cuda,rq3g_cuda_016__c5,semantic_only_under_ugly,ugly_gold,ugly_trash,ugly_gold,True,True,False,5.0625,0.0625,5.0625,True,False
E5A_rq3_text_plus_image_internvl_retry2_20260730,OpenGVLab/InternVL3-8B,853e3a797a661694b1b8ece0cb72dc2b23e3dac9,cuda,rq3g_cuda_016__c6,visual_only_trash,beautiful_trash,ugly_trash,beautiful_trash,False,False,False,-0.125,-1.125,-0.125,False,False
E5A_rq3_text_plus_image_internvl_retry2_20260730,OpenGVLab/InternVL3-8B,853e3a797a661694b1b8ece0cb72dc2b23e3dac9,cuda,rq3g_cuda_017__c1,visual_only_gold,golden,ugly_gold,golden,False,False,False,0.0,1.125,0.0,False,True
E5A_rq3_text_plus_image_internvl_retry2_20260730,OpenGVLab/InternVL3-8B,853e3a797a661694b1b8ece0cb72dc2b23e3dac9,cuda,rq3g_cuda_017__c2,semantic_and_visual_aligned,golden,beautiful_trash,golden,True,True,False,4.625,0.875,4.625,True,False
E5A_rq3_text_plus_image_internvl_retry2_20260730,OpenGVLab/InternVL3-8B,853e3a797a661694b1b8ece0cb72dc2b23e3dac9,cuda,rq3g_cuda_017__c3,semantic_and_visual_aligned,golden,ugly_trash,golden,True,True,False,4.75,1.0,4.75,True,False
E5A_rq3_text_plus_image_internvl_retry2_20260730,OpenGVLab/InternVL3-8B,853e3a797a661694b1b8ece0cb72dc2b23e3dac9,cuda,rq3g_cuda_017__c4,semantic_visual_conflict_primary,ugly_gold,beautiful_trash,ugly_gold,True,True,False,4.5625,0.5625,4.5625,True,False
E5A_rq3_text_plus_image_internvl_retry2_20260730,OpenGVLab/InternVL3-8B,853e3a797a661694b1b8ece0cb72dc2b23e3dac9,cuda,rq3g_cuda_017__c5,semantic_only_under_ugly,ugly_gold,ugly_trash,ugly_gold,True,True,False,4.625,0.625,4.625,True,False
E5A_rq3_text_plus_image_internvl_retry2_20260730,OpenGVLab/InternVL3-8B,853e3a797a661694b1b8ece0cb72dc2b23e3dac9,cuda,rq3g_cuda_017__c6,visual_only_trash,beautiful_trash,ugly_trash,beautiful_trash,False,False,False,0.0625,-0.8125,0.0625,True,False
E5A_rq3_text_plus_image_internvl_retry2_20260730,OpenGVLab/InternVL3-8B,853e3a797a661694b1b8ece0cb72dc2b23e3dac9,cuda,rq3g_cuda_018__c1,visual_only_gold,golden,ugly_gold,golden,False,False,False,0.125,0.5,0.125,True,False
E5A_rq3_text_plus_image_internvl_retry2_20260730,OpenGVLab/InternVL3-8B,853e3a797a661694b1b8ece0cb72dc2b23e3dac9,cuda,rq3g_cuda_018__c2,semantic_and_visual_aligned,golden,beautiful_trash,golden,True,True,False,4.1875,-0.8125,4.1875,True,False
E5A_rq3_text_plus_image_internvl_retry2_20260730,OpenGVLab/InternVL3-8B,853e3a797a661694b1b8ece0cb72dc2b23e3dac9,cuda,rq3g_cuda_018__c3,semantic_and_visual_aligned,golden,ugly_trash,golden,True,True,False,4.5,-0.5,4.5,True,False
E5A_rq3_text_plus_image_internvl_retry2_20260730,OpenGVLab/InternVL3-8B,853e3a797a661694b1b8ece0cb72dc2b23e3dac9,cuda,rq3g_cuda_018__c4,semantic_visual_conflict_primary,ugly_gold,beautiful_trash,ugly_gold,True,True,False,4.1875,-0.6875,4.1875,True,False
E5A_rq3_text_plus_image_internvl_retry2_20260730,OpenGVLab/InternVL3-8B,853e3a797a661694b1b8ece0cb72dc2b23e3dac9,cuda,rq3g_cuda_018__c5,semantic_only_under_ugly,ugly_gold,ugly_trash,ugly_gold,True,True,False,4.3125,-0.4375,4.3125,True,False
E5A_rq3_text_plus_image_internvl_retry2_20260730,OpenGVLab/InternVL3-8B,853e3a797a661694b1b8ece0cb72dc2b23e3dac9,cuda,rq3g_cuda_018__c6,visual_only_trash,beautiful_trash,ugly_trash,beautiful_trash,False,False,False,0.125,-1.875,0.125,True,False
E5A_rq3_text_plus_image_internvl_retry2_20260730,OpenGVLab/InternVL3-8B,853e3a797a661694b1b8ece0cb72dc2b23e3dac9,cuda,rq3g_cuda_019__c1,visual_only_gold,golden,ugly_gold,golden,False,False,False,0.0625,0.6875,0.0625,True,False
E5A_rq3_text_plus_image_internvl_retry2_20260730,OpenGVLab/InternVL3-8B,853e3a797a661694b1b8ece0cb72dc2b23e3dac9,cuda,rq3g_cuda_019__c2,semantic_and_visual_aligned,golden,beautiful_trash,golden,True,True,False,4.5625,0.1875,4.5625,True,False
E5A_rq3_text_plus_image_internvl_retry2_20260730,OpenGVLab/InternVL3-8B,853e3a797a661694b1b8ece0cb72dc2b23e3dac9,cuda,rq3g_cuda_019__c3,semantic_and_visual_aligned,golden,ugly_trash,golden,True,True,False,4.625,-0.25,4.625,True,False
E5A_rq3_text_plus_image_internvl_retry2_20260730,OpenGVLab/InternVL3-8B,853e3a797a661694b1b8ece0cb72dc2b23e3dac9,cuda,rq3g_cuda_019__c4,semantic_visual_conflict_primary,ugly_gold,beautiful_trash,ugly_gold,True,True,False,4.4375,-0.0625,4.4375,True,False
E5A_rq3_text_plus_image_internvl_retry2_20260730,OpenGVLab/InternVL3-8B,853e3a797a661694b1b8ece0cb72dc2b23e3dac9,cuda,rq3g_cuda_019__c5,semantic_only_under_ugly,ugly_gold,ugly_trash,ugly_gold,True,True,False,4.5,0.0,4.5,True,False
E5A_rq3_text_plus_image_internvl_retry2_20260730,OpenGVLab/InternVL3-8B,853e3a797a661694b1b8ece0cb72dc2b23e3dac9,cuda,rq3g_cuda_019__c6,visual_only_trash,beautiful_trash,ugly_trash,beautiful_trash,False,False,False,-0.0625,-1.3125,-0.0625,False,False
E5A_rq3_text_plus_image_internvl_retry2_20260730,OpenGVLab/InternVL3-8B,853e3a797a661694b1b8ece0cb72dc2b23e3dac9,cuda,rq3g_cuda_020__c1,visual_only_gold,golden,ugly_gold,golden,False,False,False,0.0,0.5,0.0,False,True
E5A_rq3_text_plus_image_internvl_retry2_20260730,OpenGVLab/InternVL3-8B,853e3a797a661694b1b8ece0cb72dc2b23e3dac9,cuda,rq3g_cuda_020__c2,semantic_and_visual_aligned,golden,beautiful_trash,golden,True,True,False,4.125,0.375,4.125,True,False
E5A_rq3_text_plus_image_internvl_retry2_20260730,OpenGVLab/InternVL3-8B,853e3a797a661694b1b8ece0cb72dc2b23e3dac9,cuda,rq3g_cuda_020__c3,semantic_and_visual_aligned,golden,ugly_trash,golden,True,True,False,4.0,0.0,4.0,True,False
E5A_rq3_text_plus_image_internvl_retry2_20260730,OpenGVLab/InternVL3-8B,853e3a797a661694b1b8ece0cb72dc2b23e3dac9,cuda,rq3g_cuda_020__c4,semantic_visual_conflict_primary,ugly_gold,beautiful_trash,ugly_gold,True,True,False,4.0,0.375,4.0,True,False
E5A_rq3_text_plus_image_internvl_retry2_20260730,OpenGVLab/InternVL3-8B,853e3a797a661694b1b8ece0cb72dc2b23e3dac9,cuda,rq3g_cuda_020__c5,semantic_only_under_ugly,ugly_gold,ugly_trash,ugly_gold,True,True,False,3.875,-0.125,3.875,True,False
E5A_rq3_text_plus_image_internvl_retry2_20260730,OpenGVLab/InternVL3-8B,853e3a797a661694b1b8ece0cb72dc2b23e3dac9,cuda,rq3g_cuda_020__c6,visual_only_trash,beautiful_trash,ugly_trash,beautiful_trash,False,False,False,0.0,-1.375,0.0,False,True
E5A_rq3_text_plus_image_internvl_retry2_20260730,OpenGVLab/InternVL3-8B,853e3a797a661694b1b8ece0cb72dc2b23e3dac9,cuda,rq3g_cuda_021__c1,visual_only_gold,golden,ugly_gold,golden,False,False,False,0.0625,0.5625,0.0625,True,False
E5A_rq3_text_plus_image_internvl_retry2_20260730,OpenGVLab/InternVL3-8B,853e3a797a661694b1b8ece0cb72dc2b23e3dac9,cuda,rq3g_cuda_021__c2,semantic_and_visual_aligned,golden,beautiful_trash,golden,True,True,False,4.625,0.25,4.625,True,False
E5A_rq3_text_plus_image_internvl_retry2_20260730,OpenGVLab/InternVL3-8B,853e3a797a661694b1b8ece0cb72dc2b23e3dac9,cuda,rq3g_cuda_021__c3,semantic_and_visual_aligned,golden,ugly_trash,golden,True,True,False,4.6875,-0.1875,4.6875,True,False
E5A_rq3_text_plus_image_internvl_retry2_20260730,OpenGVLab/InternVL3-8B,853e3a797a661694b1b8ece0cb72dc2b23e3dac9,cuda,rq3g_cuda_021__c4,semantic_visual_conflict_primary,ugly_gold,beautiful_trash,ugly_gold,True,True,False,4.4375,-0.0625,4.4375,True,False
E5A_rq3_text_plus_image_internvl_retry2_20260730,OpenGVLab/InternVL3-8B,853e3a797a661694b1b8ece0cb72dc2b23e3dac9,cuda,rq3g_cuda_021__c5,semantic_only_under_ugly,ugly_gold,ugly_trash,ugly_gold,True,True,False,4.5,-0.375,4.5,True,False
E5A_rq3_text_plus_image_internvl_retry2_20260730,OpenGVLab/InternVL3-8B,853e3a797a661694b1b8ece0cb72dc2b23e3dac9,cuda,rq3g_cuda_021__c6,visual_only_trash,beautiful_trash,ugly_trash,beautiful_trash,False,False,False,-0.0625,-0.4375,-0.0625,False,False
E5A_rq3_text_plus_image_internvl_retry2_20260730,OpenGVLab/InternVL3-8B,853e3a797a661694b1b8ece0cb72dc2b23e3dac9,cuda,rq3g_cuda_022__c1,visual_only_gold,golden,ugly_gold,golden,True,True,False,0.1875,0.0625,0.1875,True,False
E5A_rq3_text_plus_image_internvl_retry2_20260730,OpenGVLab/InternVL3-8B,853e3a797a661694b1b8ece0cb72dc2b23e3dac9,cuda,rq3g_cuda_022__c2,semantic_and_visual_aligned,golden,beautiful_trash,golden,True,True,False,4.375,-0.625,4.375,True,False
E5A_rq3_text_plus_image_internvl_retry2_20260730,OpenGVLab/InternVL3-8B,853e3a797a661694b1b8ece0cb72dc2b23e3dac9,cuda,rq3g_cuda_022__c3,semantic_and_visual_aligned,golden,ugly_trash,golden,True,True,False,4.5,-0.625,4.5,True,False
E5A_rq3_text_plus_image_internvl_retry2_20260730,OpenGVLab/InternVL3-8B,853e3a797a661694b1b8ece0cb72dc2b23e3dac9,cuda,rq3g_cuda_022__c4,semantic_visual_conflict_primary,ugly_gold,beautiful_trash,ugly_gold,True,True,False,4.25,-0.125,4.25,True,False
E5A_rq3_text_plus_image_internvl_retry2_20260730,OpenGVLab/InternVL3-8B,853e3a797a661694b1b8ece0cb72dc2b23e3dac9,cuda,rq3g_cuda_022__c5,semantic_only_under_ugly,ugly_gold,ugly_trash,ugly_gold,True,True,False,4.4375,-0.4375,4.4375,True,False
E5A_rq3_text_plus_image_internvl_retry2_20260730,OpenGVLab/InternVL3-8B,853e3a797a661694b1b8ece0cb72dc2b23e3dac9,cuda,rq3g_cuda_022__c6,visual_only_trash,beautiful_trash,ugly_trash,beautiful_trash,False,False,False,-0.0625,-0.4375,-0.0625,False,False
E5A_rq3_text_plus_image_internvl_retry2_20260730,OpenGVLab/InternVL3-8B,853e3a797a661694b1b8ece0cb72dc2b23e3dac9,cuda,rq3g_cuda_023__c1,visual_only_gold,golden,ugly_gold,golden,False,False,False,0.0,0.0,0.0,False,True
E5A_rq3_text_plus_image_internvl_retry2_20260730,OpenGVLab/InternVL3-8B,853e3a797a661694b1b8ece0cb72dc2b23e3dac9,cuda,rq3g_cuda_023__c2,semantic_and_visual_aligned,golden,beautiful_trash,golden,True,True,False,4.9375,0.6875,4.9375,True,False
E5A_rq3_text_plus_image_internvl_retry2_20260730,OpenGVLab/InternVL3-8B,853e3a797a661694b1b8ece0cb72dc2b23e3dac9,cuda,rq3g_cuda_023__c3,semantic_and_visual_aligned,golden,ugly_trash,golden,True,True,False,4.6875,0.9375,4.6875,True,False
E5A_rq3_text_plus_image_internvl_retry2_20260730,OpenGVLab/InternVL3-8B,853e3a797a661694b1b8ece0cb72dc2b23e3dac9,cuda,rq3g_cuda_023__c4,semantic_visual_conflict_primary,ugly_gold,beautiful_trash,ugly_gold,True,True,False,4.6875,0.5625,4.6875,True,False
E5A_rq3_text_plus_image_internvl_retry2_20260730,OpenGVLab/InternVL3-8B,853e3a797a661694b1b8ece0cb72dc2b23e3dac9,cuda,rq3g_cuda_023__c5,semantic_only_under_ugly,ugly_gold,ugly_trash,ugly_gold,True,True,False,4.6875,0.5625,4.6875,True,False
E5A_rq3_text_plus_image_internvl_retry2_20260730,OpenGVLab/InternVL3-8B,853e3a797a661694b1b8ece0cb72dc2b23e3dac9,cuda,rq3g_cuda_023__c6,visual_only_trash,beautiful_trash,ugly_trash,beautiful_trash,False,False,False,0.0625,0.5625,0.0625,True,False
E5A_rq3_text_plus_image_internvl_retry2_20260730,OpenGVLab/InternVL3-8B,853e3a797a661694b1b8ece0cb72dc2b23e3dac9,cuda,rq3g_cuda_024__c1,visual_only_gold,golden,ugly_gold,golden,False,False,False,0.25,1.0,0.25,True,False
E5A_rq3_text_plus_image_internvl_retry2_20260730,OpenGVLab/InternVL3-8B,853e3a797a661694b1b8ece0cb72dc2b23e3dac9,cuda,rq3g_cuda_024__c2,semantic_and_visual_aligned,golden,beautiful_trash,golden,True,True,False,5.0625,0.1875,5.0625,True,False
E5A_rq3_text_plus_image_internvl_retry2_20260730,OpenGVLab/InternVL3-8B,853e3a797a661694b1b8ece0cb72dc2b23e3dac9,cuda,rq3g_cuda_024__c3,semantic_and_visual_aligned,golden,ugly_trash,golden,True,True,False,5.1875,0.3125,5.1875,True,False
E5A_rq3_text_plus_image_internvl_retry2_20260730,OpenGVLab/InternVL3-8B,853e3a797a661694b1b8ece0cb72dc2b23e3dac9,cuda,rq3g_cuda_024__c4,semantic_visual_conflict_primary,ugly_gold,beautiful_trash,ugly_gold,True,True,False,4.75,0.25,4.75,True,False
E5A_rq3_text_plus_image_internvl_retry2_20260730,OpenGVLab/InternVL3-8B,853e3a797a661694b1b8ece0cb72dc2b23e3dac9,cuda,rq3g_cuda_024__c5,semantic_only_under_ugly,ugly_gold,ugly_trash,ugly_gold,True,True,False,5.1875,0.3125,5.1875,True,False
E5A_rq3_text_plus_image_internvl_retry2_20260730,OpenGVLab/InternVL3-8B,853e3a797a661694b1b8ece0cb72dc2b23e3dac9,cuda,rq3g_cuda_024__c6,visual_only_trash,beautiful_trash,ugly_trash,beautiful_trash,False,False,False,0.25,-2.0,0.25,True,False
E5A_rq3_text_plus_image_internvl_retry2_20260730,OpenGVLab/InternVL3-8B,853e3a797a661694b1b8ece0cb72dc2b23e3dac9,cuda,rq3g_cuda_025__c1,visual_only_gold,golden,ugly_gold,golden,False,False,False,0.0,2.5,0.0,False,True
E5A_rq3_text_plus_image_internvl_retry2_20260730,OpenGVLab/InternVL3-8B,853e3a797a661694b1b8ece0cb72dc2b23e3dac9,cuda,rq3g_cuda_025__c2,semantic_and_visual_aligned,golden,beautiful_trash,golden,True,True,False,5.9375,-0.6875,5.9375,True,False
E5A_rq3_text_plus_image_internvl_retry2_20260730,OpenGVLab/InternVL3-8B,853e3a797a661694b1b8ece0cb72dc2b23e3dac9,cuda,rq3g_cuda_025__c3,semantic_and_visual_aligned,golden,ugly_trash,golden,True,True,False,6.0,-0.5,6.0,True,False
E5A_rq3_text_plus_image_internvl_retry2_20260730,OpenGVLab/InternVL3-8B,853e3a797a661694b1b8ece0cb72dc2b23e3dac9,cuda,rq3g_cuda_025__c4,semantic_visual_conflict_primary,ugly_gold,beautiful_trash,ugly_gold,True,True,False,5.875,-0.75,5.875,True,False
E5A_rq3_text_plus_image_internvl_retry2_20260730,OpenGVLab/InternVL3-8B,853e3a797a661694b1b8ece0cb72dc2b23e3dac9,cuda,rq3g_cuda_025__c5,semantic_only_under_ugly,ugly_gold,ugly_trash,ugly_gold,True,True,False,5.875,-0.625,5.875,True,False
E5A_rq3_text_plus_image_internvl_retry2_20260730,OpenGVLab/InternVL3-8B,853e3a797a661694b1b8ece0cb72dc2b23e3dac9,cuda,rq3g_cuda_025__c6,visual_only_trash,beautiful_trash,ugly_trash,beautiful_trash,False,False,False,0.125,-1.5,0.125,True,False
E5A_rq3_text_plus_image_internvl_retry2_20260730,OpenGVLab/InternVL3-8B,853e3a797a661694b1b8ece0cb72dc2b23e3dac9,cuda,rq3g_cuda_026__c1,visual_only_gold,golden,ugly_gold,golden,False,False,False,0.0,0.125,0.0,False,True
E5A_rq3_text_plus_image_internvl_retry2_20260730,OpenGVLab/InternVL3-8B,853e3a797a661694b1b8ece0cb72dc2b23e3dac9,cuda,rq3g_cuda_026__c2,semantic_and_visual_aligned,golden,beautiful_trash,golden,True,True,False,4.6875,0.4375,4.6875,True,False
E5A_rq3_text_plus_image_internvl_retry2_20260730,OpenGVLab/InternVL3-8B,853e3a797a661694b1b8ece0cb72dc2b23e3dac9,cuda,rq3g_cuda_026__c3,semantic_and_visual_aligned,golden,ugly_trash,golden,True,True,False,4.4375,0.4375,4.4375,True,False
E5A_rq3_text_plus_image_internvl_retry2_20260730,OpenGVLab/InternVL3-8B,853e3a797a661694b1b8ece0cb72dc2b23e3dac9,cuda,rq3g_cuda_026__c4,semantic_visual_conflict_primary,ugly_gold,beautiful_trash,ugly_gold,True,True,False,4.3125,0.3125,4.3125,True,False
E5A_rq3_text_plus_image_internvl_retry2_20260730,OpenGVLab/InternVL3-8B,853e3a797a661694b1b8ece0cb72dc2b23e3dac9,cuda,rq3g_cuda_026__c5,semantic_only_under_ugly,ugly_gold,ugly_trash,ugly_gold,True,True,False,4.125,0.25,4.125,True,False
E5A_rq3_text_plus_image_internvl_retry2_20260730,OpenGVLab/InternVL3-8B,853e3a797a661694b1b8ece0cb72dc2b23e3dac9,cuda,rq3g_cuda_026__c6,visual_only_trash,beautiful_trash,ugly_trash,beautiful_trash,False,False,False,-0.0625,-1.9375,-0.0625,False,False
E5A_rq3_text_plus_image_internvl_retry2_20260730,OpenGVLab/InternVL3-8B,853e3a797a661694b1b8ece0cb72dc2b23e3dac9,cuda,rq3g_cuda_027__c1,visual_only_gold,golden,ugly_gold,golden,False,False,False,0.0,0.125,0.0,False,True
E5A_rq3_text_plus_image_internvl_retry2_20260730,OpenGVLab/InternVL3-8B,853e3a797a661694b1b8ece0cb72dc2b23e3dac9,cuda,rq3g_cuda_027__c2,semantic_and_visual_aligned,golden,beautiful_trash,golden,True,True,False,4.5,0.75,4.5,True,False
E5A_rq3_text_plus_image_internvl_retry2_20260730,OpenGVLab/InternVL3-8B,853e3a797a661694b1b8ece0cb72dc2b23e3dac9,cuda,rq3g_cuda_027__c3,semantic_and_visual_aligned,golden,ugly_trash,golden,True,True,False,4.75,0.75,4.75,True,False
E5A_rq3_text_plus_image_internvl_retry2_20260730,OpenGVLab/InternVL3-8B,853e3a797a661694b1b8ece0cb72dc2b23e3dac9,cuda,rq3g_cuda_027__c4,semantic_visual_conflict_primary,ugly_gold,beautiful_trash,ugly_gold,True,True,False,4.4375,0.6875,4.4375,True,False
E5A_rq3_text_plus_image_internvl_retry2_20260730,OpenGVLab/InternVL3-8B,853e3a797a661694b1b8ece0cb72dc2b23e3dac9,cuda,rq3g_cuda_027__c5,semantic_only_under_ugly,ugly_gold,ugly_trash,ugly_gold,True,True,False,4.6875,0.9375,4.6875,True,False
E5A_rq3_text_plus_image_internvl_retry2_20260730,OpenGVLab/InternVL3-8B,853e3a797a661694b1b8ece0cb72dc2b23e3dac9,cuda,rq3g_cuda_027__c6,visual_only_trash,beautiful_trash,ugly_trash,beautiful_trash,True,True,False,0.1875,-0.0625,0.1875,True,False
E5A_rq3_text_plus_image_internvl_retry2_20260730,OpenGVLab/InternVL3-8B,853e3a797a661694b1b8ece0cb72dc2b23e3dac9,cuda,rq3g_cuda_028__c1,visual_only_gold,golden,ugly_gold,golden,False,False,False,0.0,0.375,0.0,False,True
E5A_rq3_text_plus_image_internvl_retry2_20260730,OpenGVLab/InternVL3-8B,853e3a797a661694b1b8ece0cb72dc2b23e3dac9,cuda,rq3g_cuda_028__c2,semantic_and_visual_aligned,golden,beautiful_trash,golden,True,True,False,4.9375,0.4375,4.9375,True,False
E5A_rq3_text_plus_image_internvl_retry2_20260730,OpenGVLab/InternVL3-8B,853e3a797a661694b1b8ece0cb72dc2b23e3dac9,cuda,rq3g_cuda_028__c3,semantic_and_visual_aligned,golden,ugly_trash,golden,True,True,False,5.375,0.375,5.375,True,False
E5A_rq3_text_plus_image_internvl_retry2_20260730,OpenGVLab/InternVL3-8B,853e3a797a661694b1b8ece0cb72dc2b23e3dac9,cuda,rq3g_cuda_028__c4,semantic_visual_conflict_primary,ugly_gold,beautiful_trash,ugly_gold,True,True,False,4.5625,-0.3125,4.5625,True,False
E5A_rq3_text_plus_image_internvl_retry2_20260730,OpenGVLab/InternVL3-8B,853e3a797a661694b1b8ece0cb72dc2b23e3dac9,cuda,rq3g_cuda_028__c5,semantic_only_under_ugly,ugly_gold,ugly_trash,ugly_gold,True,True,False,4.5625,0.0625,4.5625,True,False
E5A_rq3_text_plus_image_internvl_retry2_20260730,OpenGVLab/InternVL3-8B,853e3a797a661694b1b8ece0cb72dc2b23e3dac9,cuda,rq3g_cuda_028__c6,visual_only_trash,beautiful_trash,ugly_trash,beautiful_trash,False,False,False,0.125,-0.25,0.125,True,False
E5A_rq3_text_plus_image_internvl_retry2_20260730,OpenGVLab/InternVL3-8B,853e3a797a661694b1b8ece0cb72dc2b23e3dac9,cuda,rq3g_cuda_029__c1,visual_only_gold,golden,ugly_gold,golden,False,False,False,0.25,1.25,0.25,True,False
E5A_rq3_text_plus_image_internvl_retry2_20260730,OpenGVLab/InternVL3-8B,853e3a797a661694b1b8ece0cb72dc2b23e3dac9,cuda,rq3g_cuda_029__c2,semantic_and_visual_aligned,golden,beautiful_trash,golden,True,True,False,4.75,0.0,4.75,True,False
E5A_rq3_text_plus_image_internvl_retry2_20260730,OpenGVLab/InternVL3-8B,853e3a797a661694b1b8ece0cb72dc2b23e3dac9,cuda,rq3g_cuda_029__c3,semantic_and_visual_aligned,golden,ugly_trash,golden,True,True,False,5.0,-0.25,5.0,True,False
E5A_rq3_text_plus_image_internvl_retry2_20260730,OpenGVLab/InternVL3-8B,853e3a797a661694b1b8ece0cb72dc2b23e3dac9,cuda,rq3g_cuda_029__c4,semantic_visual_conflict_primary,ugly_gold,beautiful_trash,ugly_gold,True,True,False,4.875,-0.125,4.875,True,False
E5A_rq3_text_plus_image_internvl_retry2_20260730,OpenGVLab/InternVL3-8B,853e3a797a661694b1b8ece0cb72dc2b23e3dac9,cuda,rq3g_cuda_029__c5,semantic_only_under_ugly,ugly_gold,ugly_trash,ugly_gold,True,True,False,4.9375,0.0625,4.9375,True,False
E5A_rq3_text_plus_image_internvl_retry2_20260730,OpenGVLab/InternVL3-8B,853e3a797a661694b1b8ece0cb72dc2b23e3dac9,cuda,rq3g_cuda_029__c6,visual_only_trash,beautiful_trash,ugly_trash,beautiful_trash,False,False,False,0.25,-0.625,0.25,True,False
E5A_rq3_text_plus_image_internvl_retry2_20260730,OpenGVLab/InternVL3-8B,853e3a797a661694b1b8ece0cb72dc2b23e3dac9,cuda,rq3g_cuda_030__c1,visual_only_gold,golden,ugly_gold,golden,False,False,False,0.1875,0.1875,0.1875,True,False
E5A_rq3_text_plus_image_internvl_retry2_20260730,OpenGVLab/InternVL3-8B,853e3a797a661694b1b8ece0cb72dc2b23e3dac9,cuda,rq3g_cuda_030__c2,semantic_and_visual_aligned,golden,beautiful_trash,golden,True,True,False,3.5,-0.5,3.5,True,False
E5A_rq3_text_plus_image_internvl_retry2_20260730,OpenGVLab/InternVL3-8B,853e3a797a661694b1b8ece0cb72dc2b23e3dac9,cuda,rq3g_cuda_030__c3,semantic_and_visual_aligned,golden,ugly_trash,golden,True,True,False,3.5625,-0.3125,3.5625,True,False
E5A_rq3_text_plus_image_internvl_retry2_20260730,OpenGVLab/InternVL3-8B,853e3a797a661694b1b8ece0cb72dc2b23e3dac9,cuda,rq3g_cuda_030__c4,semantic_visual_conflict_primary,ugly_gold,beautiful_trash,ugly_gold,True,True,False,3.5,-0.375,3.5,True,False
E5A_rq3_text_plus_image_internvl_retry2_20260730,OpenGVLab/InternVL3-8B,853e3a797a661694b1b8ece0cb72dc2b23e3dac9,cuda,rq3g_cuda_030__c5,semantic_only_under_ugly,ugly_gold,ugly_trash,ugly_gold,True,True,False,3.75,-0.375,3.75,True,False
E5A_rq3_text_plus_image_internvl_retry2_20260730,OpenGVLab/InternVL3-8B,853e3a797a661694b1b8ece0cb72dc2b23e3dac9,cuda,rq3g_cuda_030__c6,visual_only_trash,beautiful_trash,ugly_trash,beautiful_trash,False,False,False,0.0625,-1.0625,0.0625,True,False
E5A_rq3_text_plus_image_internvl_retry2_20260730,OpenGVLab/InternVL3-8B,853e3a797a661694b1b8ece0cb72dc2b23e3dac9,cuda,rq3g_cuda_031__c1,visual_only_gold,golden,ugly_gold,golden,False,False,False,0.0625,-0.1875,0.0625,True,False
E5A_rq3_text_plus_image_internvl_retry2_20260730,OpenGVLab/InternVL3-8B,853e3a797a661694b1b8ece0cb72dc2b23e3dac9,cuda,rq3g_cuda_031__c2,semantic_and_visual_aligned,golden,beautiful_trash,golden,True,True,False,3.375,-0.25,3.375,True,False
E5A_rq3_text_plus_image_internvl_retry2_20260730,OpenGVLab/InternVL3-8B,853e3a797a661694b1b8ece0cb72dc2b23e3dac9,cuda,rq3g_cuda_031__c3,semantic_and_visual_aligned,golden,ugly_trash,golden,True,True,False,3.25,-0.25,3.25,True,False
E5A_rq3_text_plus_image_internvl_retry2_20260730,OpenGVLab/InternVL3-8B,853e3a797a661694b1b8ece0cb72dc2b23e3dac9,cuda,rq3g_cuda_031__c4,semantic_visual_conflict_primary,ugly_gold,beautiful_trash,ugly_gold,True,True,False,3.1875,-0.1875,3.1875,True,False
E5A_rq3_text_plus_image_internvl_retry2_20260730,OpenGVLab/InternVL3-8B,853e3a797a661694b1b8ece0cb72dc2b23e3dac9,cuda,rq3g_cuda_031__c5,semantic_only_under_ugly,ugly_gold,ugly_trash,ugly_gold,True,True,False,3.0625,-0.1875,3.0625,True,False
E5A_rq3_text_plus_image_internvl_retry2_20260730,OpenGVLab/InternVL3-8B,853e3a797a661694b1b8ece0cb72dc2b23e3dac9,cuda,rq3g_cuda_031__c6,visual_only_trash,beautiful_trash,ugly_trash,beautiful_trash,False,False,False,0.1875,-1.0625,0.1875,True,False
E5A_rq3_text_plus_image_internvl_retry2_20260730,OpenGVLab/InternVL3-8B,853e3a797a661694b1b8ece0cb72dc2b23e3dac9,cuda,rq3g_cuda_032__c1,visual_only_gold,golden,ugly_gold,golden,False,False,False,0.0625,0.8125,0.0625,True,False
E5A_rq3_text_plus_image_internvl_retry2_20260730,OpenGVLab/InternVL3-8B,853e3a797a661694b1b8ece0cb72dc2b23e3dac9,cuda,rq3g_cuda_032__c2,semantic_and_visual_aligned,golden,beautiful_trash,golden,True,True,False,4.5,0.625,4.5,True,False
E5A_rq3_text_plus_image_internvl_retry2_20260730,OpenGVLab/InternVL3-8B,853e3a797a661694b1b8ece0cb72dc2b23e3dac9,cuda,rq3g_cuda_032__c3,semantic_and_visual_aligned,golden,ugly_trash,golden,True,True,False,4.9375,0.4375,4.9375,True,False
E5A_rq3_text_plus_image_internvl_retry2_20260730,OpenGVLab/InternVL3-8B,853e3a797a661694b1b8ece0cb72dc2b23e3dac9,cuda,rq3g_cuda_032__c4,semantic_visual_conflict_primary,ugly_gold,beautiful_trash,ugly_gold,True,True,False,4.3125,0.6875,4.3125,True,False
E5A_rq3_text_plus_image_internvl_retry2_20260730,OpenGVLab/InternVL3-8B,853e3a797a661694b1b8ece0cb72dc2b23e3dac9,cuda,rq3g_cuda_032__c5,semantic_only_under_ugly,ugly_gold,ugly_trash,ugly_gold,True,True,False,4.6875,0.6875,4.6875,True,False
E5A_rq3_text_plus_image_internvl_retry2_20260730,OpenGVLab/InternVL3-8B,853e3a797a661694b1b8ece0cb72dc2b23e3dac9,cuda,rq3g_cuda_032__c6,visual_only_trash,beautiful_trash,ugly_trash,beautiful_trash,False,False,False,0.0625,-1.0625,0.0625,True,False
E5A_rq3_text_plus_image_internvl_retry2_20260730,OpenGVLab/InternVL3-8B,853e3a797a661694b1b8ece0cb72dc2b23e3dac9,cuda,rq3g_cuda_033__c1,visual_only_gold,golden,ugly_gold,golden,True,True,False,0.3125,-0.0625,0.3125,True,False
E5A_rq3_text_plus_image_internvl_retry2_20260730,OpenGVLab/InternVL3-8B,853e3a797a661694b1b8ece0cb72dc2b23e3dac9,cuda,rq3g_cuda_033__c2,semantic_and_visual_aligned,golden,beautiful_trash,golden,True,True,False,4.5625,-1.1875,4.5625,True,False
E5A_rq3_text_plus_image_internvl_retry2_20260730,OpenGVLab/InternVL3-8B,853e3a797a661694b1b8ece0cb72dc2b23e3dac9,cuda,rq3g_cuda_033__c3,semantic_and_visual_aligned,golden,ugly_trash,golden,True,True,False,4.5,-0.875,4.5,True,False
E5A_rq3_text_plus_image_internvl_retry2_20260730,OpenGVLab/InternVL3-8B,853e3a797a661694b1b8ece0cb72dc2b23e3dac9,cuda,rq3g_cuda_033__c4,semantic_visual_conflict_primary,ugly_gold,beautiful_trash,ugly_gold,True,True,False,4.3125,-0.9375,4.3125,True,False
E5A_rq3_text_plus_image_internvl_retry2_20260730,OpenGVLab/InternVL3-8B,853e3a797a661694b1b8ece0cb72dc2b23e3dac9,cuda,rq3g_cuda_033__c5,semantic_only_under_ugly,ugly_gold,ugly_trash,ugly_gold,True,True,False,4.5,-0.875,4.5,True,False
E5A_rq3_text_plus_image_internvl_retry2_20260730,OpenGVLab/InternVL3-8B,853e3a797a661694b1b8ece0cb72dc2b23e3dac9,cuda,rq3g_cuda_033__c6,visual_only_trash,beautiful_trash,ugly_trash,beautiful_trash,False,False,False,0.375,-1.125,0.375,True,False
E5A_rq3_text_plus_image_internvl_retry2_20260730,OpenGVLab/InternVL3-8B,853e3a797a661694b1b8ece0cb72dc2b23e3dac9,cuda,rq3g_cuda_034__c1,visual_only_gold,golden,ugly_gold,golden,False,False,False,-0.125,2.75,-0.125,False,False
E5A_rq3_text_plus_image_internvl_retry2_20260730,OpenGVLab/InternVL3-8B,853e3a797a661694b1b8ece0cb72dc2b23e3dac9,cuda,rq3g_cuda_034__c2,semantic_and_visual_aligned,golden,beautiful_trash,golden,True,True,False,4.3125,-0.3125,4.3125,True,False
E5A_rq3_text_plus_image_internvl_retry2_20260730,OpenGVLab/InternVL3-8B,853e3a797a661694b1b8ece0cb72dc2b23e3dac9,cuda,rq3g_cuda_034__c3,semantic_and_visual_aligned,golden,ugly_trash,golden,True,True,False,4.5625,-0.4375,4.5625,True,False
E5A_rq3_text_plus_image_internvl_retry2_20260730,OpenGVLab/InternVL3-8B,853e3a797a661694b1b8ece0cb72dc2b23e3dac9,cuda,rq3g_cuda_034__c4,semantic_visual_conflict_primary,ugly_gold,beautiful_trash,ugly_gold,True,True,False,4.1875,-0.4375,4.1875,True,False
E5A_rq3_text_plus_image_internvl_retry2_20260730,OpenGVLab/InternVL3-8B,853e3a797a661694b1b8ece0cb72dc2b23e3dac9,cuda,rq3g_cuda_034__c5,semantic_only_under_ugly,ugly_gold,ugly_trash,ugly_gold,True,True,False,4.25,-0.375,4.25,True,False
E5A_rq3_text_plus_image_internvl_retry2_20260730,OpenGVLab/InternVL3-8B,853e3a797a661694b1b8ece0cb72dc2b23e3dac9,cuda,rq3g_cuda_034__c6,visual_only_trash,beautiful_trash,ugly_trash,beautiful_trash,False,False,False,-0.125,-1.625,-0.125,False,False
E5A_rq3_text_plus_image_internvl_retry2_20260730,OpenGVLab/InternVL3-8B,853e3a797a661694b1b8ece0cb72dc2b23e3dac9,cuda,rq3g_cuda_035__c1,visual_only_gold,golden,ugly_gold,golden,True,False,False,-0.125,-0.125,-0.125,False,False
E5A_rq3_text_plus_image_internvl_retry2_20260730,OpenGVLab/InternVL3-8B,853e3a797a661694b1b8ece0cb72dc2b23e3dac9,cuda,rq3g_cuda_035__c2,semantic_and_visual_aligned,golden,beautiful_trash,golden,True,True,False,4.25,0.125,4.25,True,False
E5A_rq3_text_plus_image_internvl_retry2_20260730,OpenGVLab/InternVL3-8B,853e3a797a661694b1b8ece0cb72dc2b23e3dac9,cuda,rq3g_cuda_035__c3,semantic_and_visual_aligned,golden,ugly_trash,golden,True,True,False,4.4375,0.1875,4.4375,True,False
E5A_rq3_text_plus_image_internvl_retry2_20260730,OpenGVLab/InternVL3-8B,853e3a797a661694b1b8ece0cb72dc2b23e3dac9,cuda,rq3g_cuda_035__c4,semantic_visual_conflict_primary,ugly_gold,beautiful_trash,ugly_gold,True,True,False,3.9375,0.0625,3.9375,True,False
E5A_rq3_text_plus_image_internvl_retry2_20260730,OpenGVLab/InternVL3-8B,853e3a797a661694b1b8ece0cb72dc2b23e3dac9,cuda,rq3g_cuda_035__c5,semantic_only_under_ugly,ugly_gold,ugly_trash,ugly_gold,True,True,False,4.4375,0.1875,4.4375,True,False
E5A_rq3_text_plus_image_internvl_retry2_20260730,OpenGVLab/InternVL3-8B,853e3a797a661694b1b8ece0cb72dc2b23e3dac9,cuda,rq3g_cuda_035__c6,visual_only_trash,beautiful_trash,ugly_trash,beautiful_trash,False,False,False,0.1875,-1.0625,0.1875,True,False
E5A_rq3_text_plus_image_internvl_retry2_20260730,OpenGVLab/InternVL3-8B,853e3a797a661694b1b8ece0cb72dc2b23e3dac9,cuda,rq3g_cuda_036__c1,visual_only_gold,golden,ugly_gold,golden,False,False,False,0.0,0.75,0.0,False,True
E5A_rq3_text_plus_image_internvl_retry2_20260730,OpenGVLab/InternVL3-8B,853e3a797a661694b1b8ece0cb72dc2b23e3dac9,cuda,rq3g_cuda_036__c2,semantic_and_visual_aligned,golden,beautiful_trash,golden,True,True,False,4.1875,-0.3125,4.1875,True,False
E5A_rq3_text_plus_image_internvl_retry2_20260730,OpenGVLab/InternVL3-8B,853e3a797a661694b1b8ece0cb72dc2b23e3dac9,cuda,rq3g_cuda_036__c3,semantic_and_visual_aligned,golden,ugly_trash,golden,True,True,False,3.875,-0.125,3.875,True,False
E5A_rq3_text_plus_image_internvl_retry2_20260730,OpenGVLab/InternVL3-8B,853e3a797a661694b1b8ece0cb72dc2b23e3dac9,cuda,rq3g_cuda_036__c4,semantic_visual_conflict_primary,ugly_gold,beautiful_trash,ugly_gold,True,True,False,4.25,0.0,4.25,True,False
E5A_rq3_text_plus_image_internvl_retry2_20260730,OpenGVLab/InternVL3-8B,853e3a797a661694b1b8ece0cb72dc2b23e3dac9,cuda,rq3g_cuda_036__c5,semantic_only_under_ugly,ugly_gold,ugly_trash,ugly_gold,True,True,False,4.3125,-0.1875,4.3125,True,False
E5A_rq3_text_plus_image_internvl_retry2_20260730,OpenGVLab/InternVL3-8B,853e3a797a661694b1b8ece0cb72dc2b23e3dac9,cuda,rq3g_cuda_036__c6,visual_only_trash,beautiful_trash,ugly_trash,beautiful_trash,False,False,False,0.0,-0.125,0.0,False,True
E5A_rq3_text_plus_image_internvl_retry2_20260730,OpenGVLab/InternVL3-8B,853e3a797a661694b1b8ece0cb72dc2b23e3dac9,cuda,rq3g_cuda_037__c1,visual_only_gold,golden,ugly_gold,golden,False,False,False,-0.125,0.625,-0.125,False,False
E5A_rq3_text_plus_image_internvl_retry2_20260730,OpenGVLab/InternVL3-8B,853e3a797a661694b1b8ece0cb72dc2b23e3dac9,cuda,rq3g_cuda_037__c2,semantic_and_visual_aligned,golden,beautiful_trash,golden,True,True,False,4.5,0.0,4.5,True,False
E5A_rq3_text_plus_image_internvl_retry2_20260730,OpenGVLab/InternVL3-8B,853e3a797a661694b1b8ece0cb72dc2b23e3dac9,cuda,rq3g_cuda_037__c3,semantic_and_visual_aligned,golden,ugly_trash,golden,True,True,False,4.625,0.0,4.625,True,False
E5A_rq3_text_plus_image_internvl_retry2_20260730,OpenGVLab/InternVL3-8B,853e3a797a661694b1b8ece0cb72dc2b23e3dac9,cuda,rq3g_cuda_037__c4,semantic_visual_conflict_primary,ugly_gold,beautiful_trash,ugly_gold,True,True,False,4.25,0.125,4.25,True,False
E5A_rq3_text_plus_image_internvl_retry2_20260730,OpenGVLab/InternVL3-8B,853e3a797a661694b1b8ece0cb72dc2b23e3dac9,cuda,rq3g_cuda_037__c5,semantic_only_under_ugly,ugly_gold,ugly_trash,ugly_gold,True,True,False,4.5625,-0.1875,4.5625,True,False
E5A_rq3_text_plus_image_internvl_retry2_20260730,OpenGVLab/InternVL3-8B,853e3a797a661694b1b8ece0cb72dc2b23e3dac9,cuda,rq3g_cuda_037__c6,visual_only_trash,beautiful_trash,ugly_trash,beautiful_trash,False,False,False,-0.0625,-2.3125,-0.0625,False,False
E5A_rq3_text_plus_image_internvl_retry2_20260730,OpenGVLab/InternVL3-8B,853e3a797a661694b1b8ece0cb72dc2b23e3dac9,cuda,rq3g_cuda_038__c1,visual_only_gold,golden,ugly_gold,golden,False,False,False,0.1875,0.4375,0.1875,True,False
E5A_rq3_text_plus_image_internvl_retry2_20260730,OpenGVLab/InternVL3-8B,853e3a797a661694b1b8ece0cb72dc2b23e3dac9,cuda,rq3g_cuda_038__c2,semantic_and_visual_aligned,golden,beautiful_trash,golden,True,True,False,4.625,0.0,4.625,True,False
E5A_rq3_text_plus_image_internvl_retry2_20260730,OpenGVLab/InternVL3-8B,853e3a797a661694b1b8ece0cb72dc2b23e3dac9,cuda,rq3g_cuda_038__c3,semantic_and_visual_aligned,golden,ugly_trash,golden,True,True,False,4.75,-0.5,4.75,True,False
E5A_rq3_text_plus_image_internvl_retry2_20260730,OpenGVLab/InternVL3-8B,853e3a797a661694b1b8ece0cb72dc2b23e3dac9,cuda,rq3g_cuda_038__c4,semantic_visual_conflict_primary,ugly_gold,beautiful_trash,ugly_gold,True,True,False,4.6875,-0.5625,4.6875,True,False
E5A_rq3_text_plus_image_internvl_retry2_20260730,OpenGVLab/InternVL3-8B,853e3a797a661694b1b8ece0cb72dc2b23e3dac9,cuda,rq3g_cuda_038__c5,semantic_only_under_ugly,ugly_gold,ugly_trash,ugly_gold,True,True,False,4.5,-0.625,4.5,True,False
E5A_rq3_text_plus_image_internvl_retry2_20260730,OpenGVLab/InternVL3-8B,853e3a797a661694b1b8ece0cb72dc2b23e3dac9,cuda,rq3g_cuda_038__c6,visual_only_trash,beautiful_trash,ugly_trash,beautiful_trash,False,False,False,0.0,-1.25,0.0,False,True
E5A_rq3_text_plus_image_internvl_retry2_20260730,OpenGVLab/InternVL3-8B,853e3a797a661694b1b8ece0cb72dc2b23e3dac9,cuda,rq3g_cuda_039__c1,visual_only_gold,golden,ugly_gold,golden,False,False,False,0.125,1.5,0.125,True,False
E5A_rq3_text_plus_image_internvl_retry2_20260730,OpenGVLab/InternVL3-8B,853e3a797a661694b1b8ece0cb72dc2b23e3dac9,cuda,rq3g_cuda_039__c2,semantic_and_visual_aligned,golden,beautiful_trash,golden,True,True,False,3.9375,0.6875,3.9375,True,False
E5A_rq3_text_plus_image_internvl_retry2_20260730,OpenGVLab/InternVL3-8B,853e3a797a661694b1b8ece0cb72dc2b23e3dac9,cuda,rq3g_cuda_039__c3,semantic_and_visual_aligned,golden,ugly_trash,golden,True,True,False,3.8125,0.3125,3.8125,True,False
E5A_rq3_text_plus_image_internvl_retry2_20260730,OpenGVLab/InternVL3-8B,853e3a797a661694b1b8ece0cb72dc2b23e3dac9,cuda,rq3g_cuda_039__c4,semantic_visual_conflict_primary,ugly_gold,beautiful_trash,ugly_gold,True,True,False,3.75,0.375,3.75,True,False
E5A_rq3_text_plus_image_internvl_retry2_20260730,OpenGVLab/InternVL3-8B,853e3a797a661694b1b8ece0cb72dc2b23e3dac9,cuda,rq3g_cuda_039__c5,semantic_only_under_ugly,ugly_gold,ugly_trash,ugly_gold,True,True,False,3.75,0.25,3.75,True,False
E5A_rq3_text_plus_image_internvl_retry2_20260730,OpenGVLab/InternVL3-8B,853e3a797a661694b1b8ece0cb72dc2b23e3dac9,cuda,rq3g_cuda_039__c6,visual_only_trash,beautiful_trash,ugly_trash,beautiful_trash,False,False,False,0.375,-0.875,0.375,True,False
E5A_rq3_text_plus_image_internvl_retry2_20260730,OpenGVLab/InternVL3-8B,853e3a797a661694b1b8ece0cb72dc2b23e3dac9,cuda,rq3g_cuda_040__c1,visual_only_gold,golden,ugly_gold,golden,False,False,False,0.125,0.625,0.125,True,False
E5A_rq3_text_plus_image_internvl_retry2_20260730,OpenGVLab/InternVL3-8B,853e3a797a661694b1b8ece0cb72dc2b23e3dac9,cuda,rq3g_cuda_040__c2,semantic_and_visual_aligned,golden,beautiful_trash,golden,True,True,False,3.5,-0.25,3.5,True,False
E5A_rq3_text_plus_image_internvl_retry2_20260730,OpenGVLab/InternVL3-8B,853e3a797a661694b1b8ece0cb72dc2b23e3dac9,cuda,rq3g_cuda_040__c3,semantic_and_visual_aligned,golden,ugly_trash,golden,True,True,False,3.9375,-0.4375,3.9375,True,False
E5A_rq3_text_plus_image_internvl_retry2_20260730,OpenGVLab/InternVL3-8B,853e3a797a661694b1b8ece0cb72dc2b23e3dac9,cuda,rq3g_cuda_040__c4,semantic_visual_conflict_primary,ugly_gold,beautiful_trash,ugly_gold,True,True,False,3.4375,-0.5625,3.4375,True,False
E5A_rq3_text_plus_image_internvl_retry2_20260730,OpenGVLab/InternVL3-8B,853e3a797a661694b1b8ece0cb72dc2b23e3dac9,cuda,rq3g_cuda_040__c5,semantic_only_under_ugly,ugly_gold,ugly_trash,ugly_gold,True,True,False,3.8125,-0.5625,3.8125,True,False
E5A_rq3_text_plus_image_internvl_retry2_20260730,OpenGVLab/InternVL3-8B,853e3a797a661694b1b8ece0cb72dc2b23e3dac9,cuda,rq3g_cuda_040__c6,visual_only_trash,beautiful_trash,ugly_trash,beautiful_trash,False,False,False,0.1875,-1.9375,0.1875,True,False
E5A_rq3_text_plus_image_internvl_retry2_20260730,OpenGVLab/InternVL3-8B,853e3a797a661694b1b8ece0cb72dc2b23e3dac9,cuda,rq3g_cuda_041__c1,visual_only_gold,golden,ugly_gold,golden,False,False,False,-0.0625,0.3125,-0.0625,False,False
E5A_rq3_text_plus_image_internvl_retry2_20260730,OpenGVLab/InternVL3-8B,853e3a797a661694b1b8ece0cb72dc2b23e3dac9,cuda,rq3g_cuda_041__c2,semantic_and_visual_aligned,golden,beautiful_trash,golden,True,True,False,2.0,0.75,2.0,True,False
E5A_rq3_text_plus_image_internvl_retry2_20260730,OpenGVLab/InternVL3-8B,853e3a797a661694b1b8ece0cb72dc2b23e3dac9,cuda,rq3g_cuda_041__c3,semantic_and_visual_aligned,golden,ugly_trash,golden,True,True,False,2.4375,0.6875,2.4375,True,False
E5A_rq3_text_plus_image_internvl_retry2_20260730,OpenGVLab/InternVL3-8B,853e3a797a661694b1b8ece0cb72dc2b23e3dac9,cuda,rq3g_cuda_041__c4,semantic_visual_conflict_primary,ugly_gold,beautiful_trash,ugly_gold,True,True,False,2.0625,0.6875,2.0625,True,False
E5A_rq3_text_plus_image_internvl_retry2_20260730,OpenGVLab/InternVL3-8B,853e3a797a661694b1b8ece0cb72dc2b23e3dac9,cuda,rq3g_cuda_041__c5,semantic_only_under_ugly,ugly_gold,ugly_trash,ugly_gold,True,True,False,2.125,0.625,2.125,True,False
E5A_rq3_text_plus_image_internvl_retry2_20260730,OpenGVLab/InternVL3-8B,853e3a797a661694b1b8ece0cb72dc2b23e3dac9,cuda,rq3g_cuda_041__c6,visual_only_trash,beautiful_trash,ugly_trash,beautiful_trash,False,False,False,0.0625,-0.9375,0.0625,True,False
E5A_rq3_text_plus_image_internvl_retry2_20260730,OpenGVLab/InternVL3-8B,853e3a797a661694b1b8ece0cb72dc2b23e3dac9,cuda,rq3g_cuda_042__c1,visual_only_gold,golden,ugly_gold,golden,False,False,False,0.5,-1.125,0.5,True,False
E5A_rq3_text_plus_image_internvl_retry2_20260730,OpenGVLab/InternVL3-8B,853e3a797a661694b1b8ece0cb72dc2b23e3dac9,cuda,rq3g_cuda_042__c2,semantic_and_visual_aligned,golden,beautiful_trash,golden,True,True,False,2.25,-0.25,2.25,True,False
E5A_rq3_text_plus_image_internvl_retry2_20260730,OpenGVLab/InternVL3-8B,853e3a797a661694b1b8ece0cb72dc2b23e3dac9,cuda,rq3g_cuda_042__c3,semantic_and_visual_aligned,golden,ugly_trash,golden,True,True,False,1.875,-0.25,1.875,True,False
E5A_rq3_text_plus_image_internvl_retry2_20260730,OpenGVLab/InternVL3-8B,853e3a797a661694b1b8ece0cb72dc2b23e3dac9,cuda,rq3g_cuda_042__c4,semantic_visual_conflict_primary,ugly_gold,beautiful_trash,ugly_gold,True,True,False,2.0,-0.25,2.0,True,False
E5A_rq3_text_plus_image_internvl_retry2_20260730,OpenGVLab/InternVL3-8B,853e3a797a661694b1b8ece0cb72dc2b23e3dac9,cuda,rq3g_cuda_042__c5,semantic_only_under_ugly,ugly_gold,ugly_trash,ugly_gold,True,True,False,1.875,-0.25,1.875,True,False
E5A_rq3_text_plus_image_internvl_retry2_20260730,OpenGVLab/InternVL3-8B,853e3a797a661694b1b8ece0cb72dc2b23e3dac9,cuda,rq3g_cuda_042__c6,visual_only_trash,beautiful_trash,ugly_trash,beautiful_trash,False,False,False,0.0625,-2.5625,0.0625,True,False
E5A_rq3_text_plus_image_internvl_retry2_20260730,OpenGVLab/InternVL3-8B,853e3a797a661694b1b8ece0cb72dc2b23e3dac9,cuda,rq3g_cuda_043__c1,visual_only_gold,golden,ugly_gold,golden,False,False,False,0.0625,0.6875,0.0625,True,False
E5A_rq3_text_plus_image_internvl_retry2_20260730,OpenGVLab/InternVL3-8B,853e3a797a661694b1b8ece0cb72dc2b23e3dac9,cuda,rq3g_cuda_043__c2,semantic_and_visual_aligned,golden,beautiful_trash,golden,True,True,False,3.875,-0.125,3.875,True,False
E5A_rq3_text_plus_image_internvl_retry2_20260730,OpenGVLab/InternVL3-8B,853e3a797a661694b1b8ece0cb72dc2b23e3dac9,cuda,rq3g_cuda_043__c3,semantic_and_visual_aligned,golden,ugly_trash,golden,True,True,False,4.0,0.0,4.0,True,False
E5A_rq3_text_plus_image_internvl_retry2_20260730,OpenGVLab/InternVL3-8B,853e3a797a661694b1b8ece0cb72dc2b23e3dac9,cuda,rq3g_cuda_043__c4,semantic_visual_conflict_primary,ugly_gold,beautiful_trash,ugly_gold,True,True,False,4.0,-0.125,4.0,True,False
E5A_rq3_text_plus_image_internvl_retry2_20260730,OpenGVLab/InternVL3-8B,853e3a797a661694b1b8ece0cb72dc2b23e3dac9,cuda,rq3g_cuda_043__c5,semantic_only_under_ugly,ugly_gold,ugly_trash,ugly_gold,True,True,False,4.1875,0.0625,4.1875,True,False
E5A_rq3_text_plus_image_internvl_retry2_20260730,OpenGVLab/InternVL3-8B,853e3a797a661694b1b8ece0cb72dc2b23e3dac9,cuda,rq3g_cuda_043__c6,visual_only_trash,beautiful_trash,ugly_trash,beautiful_trash,False,False,False,0.125,-0.5,0.125,True,False
E5A_rq3_text_plus_image_internvl_retry2_20260730,OpenGVLab/InternVL3-8B,853e3a797a661694b1b8ece0cb72dc2b23e3dac9,cuda,rq3g_cuda_044__c1,visual_only_gold,golden,ugly_gold,golden,False,False,False,0.0625,1.1875,0.0625,True,False
E5A_rq3_text_plus_image_internvl_retry2_20260730,OpenGVLab/InternVL3-8B,853e3a797a661694b1b8ece0cb72dc2b23e3dac9,cuda,rq3g_cuda_044__c2,semantic_and_visual_aligned,golden,beautiful_trash,golden,True,True,False,3.9375,-0.1875,3.9375,True,False
E5A_rq3_text_plus_image_internvl_retry2_20260730,OpenGVLab/InternVL3-8B,853e3a797a661694b1b8ece0cb72dc2b23e3dac9,cuda,rq3g_cuda_044__c3,semantic_and_visual_aligned,golden,ugly_trash,golden,True,True,False,4.0,-0.375,4.0,True,False
E5A_rq3_text_plus_image_internvl_retry2_20260730,OpenGVLab/InternVL3-8B,853e3a797a661694b1b8ece0cb72dc2b23e3dac9,cuda,rq3g_cuda_044__c4,semantic_visual_conflict_primary,ugly_gold,beautiful_trash,ugly_gold,True,True,False,3.9375,-0.3125,3.9375,True,False
E5A_rq3_text_plus_image_internvl_retry2_20260730,OpenGVLab/InternVL3-8B,853e3a797a661694b1b8ece0cb72dc2b23e3dac9,cuda,rq3g_cuda_044__c5,semantic_only_under_ugly,ugly_gold,ugly_trash,ugly_gold,True,True,False,3.9375,-0.3125,3.9375,True,False
E5A_rq3_text_plus_image_internvl_retry2_20260730,OpenGVLab/InternVL3-8B,853e3a797a661694b1b8ece0cb72dc2b23e3dac9,cuda,rq3g_cuda_044__c6,visual_only_trash,beautiful_trash,ugly_trash,beautiful_trash,False,False,False,0.0,-1.625,0.0,False,True
E5A_rq3_text_plus_image_internvl_retry2_20260730,OpenGVLab/InternVL3-8B,853e3a797a661694b1b8ece0cb72dc2b23e3dac9,cuda,rq3g_cuda_045__c1,visual_only_gold,golden,ugly_gold,golden,False,False,False,0.125,-0.25,0.125,True,False
E5A_rq3_text_plus_image_internvl_retry2_20260730,OpenGVLab/InternVL3-8B,853e3a797a661694b1b8ece0cb72dc2b23e3dac9,cuda,rq3g_cuda_045__c2,semantic_and_visual_aligned,golden,beautiful_trash,golden,True,True,False,4.0,-0.125,4.0,True,False
E5A_rq3_text_plus_image_internvl_retry2_20260730,OpenGVLab/InternVL3-8B,853e3a797a661694b1b8ece0cb72dc2b23e3dac9,cuda,rq3g_cuda_045__c3,semantic_and_visual_aligned,golden,ugly_trash,golden,True,True,False,4.125,-0.125,4.125,True,False
E5A_rq3_text_plus_image_internvl_retry2_20260730,OpenGVLab/InternVL3-8B,853e3a797a661694b1b8ece0cb72dc2b23e3dac9,cuda,rq3g_cuda_045__c4,semantic_visual_conflict_primary,ugly_gold,beautiful_trash,ugly_gold,True,True,False,3.875,-0.25,3.875,True,False
E5A_rq3_text_plus_image_internvl_retry2_20260730,OpenGVLab/InternVL3-8B,853e3a797a661694b1b8ece0cb72dc2b23e3dac9,cuda,rq3g_cuda_045__c5,semantic_only_under_ugly,ugly_gold,ugly_trash,ugly_gold,True,True,False,4.0625,-0.0625,4.0625,True,False
E5A_rq3_text_plus_image_internvl_retry2_20260730,OpenGVLab/InternVL3-8B,853e3a797a661694b1b8ece0cb72dc2b23e3dac9,cuda,rq3g_cuda_045__c6,visual_only_trash,beautiful_trash,ugly_trash,beautiful_trash,False,False,False,-0.0625,-1.1875,-0.0625,False,False
E5A_rq3_text_plus_image_internvl_retry2_20260730,OpenGVLab/InternVL3-8B,853e3a797a661694b1b8ece0cb72dc2b23e3dac9,cuda,rq3g_cuda_046__c1,visual_only_gold,golden,ugly_gold,golden,False,False,False,0.0625,0.8125,0.0625,True,False
E5A_rq3_text_plus_image_internvl_retry2_20260730,OpenGVLab/InternVL3-8B,853e3a797a661694b1b8ece0cb72dc2b23e3dac9,cuda,rq3g_cuda_046__c2,semantic_and_visual_aligned,golden,beautiful_trash,golden,True,True,False,4.0625,-0.3125,4.0625,True,False
E5A_rq3_text_plus_image_internvl_retry2_20260730,OpenGVLab/InternVL3-8B,853e3a797a661694b1b8ece0cb72dc2b23e3dac9,cuda,rq3g_cuda_046__c3,semantic_and_visual_aligned,golden,ugly_trash,golden,True,True,False,3.875,-0.125,3.875,True,False
E5A_rq3_text_plus_image_internvl_retry2_20260730,OpenGVLab/InternVL3-8B,853e3a797a661694b1b8ece0cb72dc2b23e3dac9,cuda,rq3g_cuda_046__c4,semantic_visual_conflict_primary,ugly_gold,beautiful_trash,ugly_gold,True,True,False,4.0625,-0.4375,4.0625,True,False
E5A_rq3_text_plus_image_internvl_retry2_20260730,OpenGVLab/InternVL3-8B,853e3a797a661694b1b8ece0cb72dc2b23e3dac9,cuda,rq3g_cuda_046__c5,semantic_only_under_ugly,ugly_gold,ugly_trash,ugly_gold,True,True,False,4.0625,-0.3125,4.0625,True,False
E5A_rq3_text_plus_image_internvl_retry2_20260730,OpenGVLab/InternVL3-8B,853e3a797a661694b1b8ece0cb72dc2b23e3dac9,cuda,rq3g_cuda_046__c6,visual_only_trash,beautiful_trash,ugly_trash,beautiful_trash,False,False,False,0.0625,-0.5625,0.0625,True,False
E5A_rq3_text_plus_image_internvl_retry2_20260730,OpenGVLab/InternVL3-8B,853e3a797a661694b1b8ece0cb72dc2b23e3dac9,cuda,rq3g_cuda_047__c1,visual_only_gold,golden,ugly_gold,golden,False,False,False,0.0,1.5,0.0,False,True
E5A_rq3_text_plus_image_internvl_retry2_20260730,OpenGVLab/InternVL3-8B,853e3a797a661694b1b8ece0cb72dc2b23e3dac9,cuda,rq3g_cuda_047__c2,semantic_and_visual_aligned,golden,beautiful_trash,golden,True,True,False,3.5,-0.125,3.5,True,False
E5A_rq3_text_plus_image_internvl_retry2_20260730,OpenGVLab/InternVL3-8B,853e3a797a661694b1b8ece0cb72dc2b23e3dac9,cuda,rq3g_cuda_047__c3,semantic_and_visual_aligned,golden,ugly_trash,golden,True,True,False,3.6875,-0.1875,3.6875,True,False
E5A_rq3_text_plus_image_internvl_retry2_20260730,OpenGVLab/InternVL3-8B,853e3a797a661694b1b8ece0cb72dc2b23e3dac9,cuda,rq3g_cuda_047__c4,semantic_visual_conflict_primary,ugly_gold,beautiful_trash,ugly_gold,True,True,False,3.75,0.25,3.75,True,False
E5A_rq3_text_plus_image_internvl_retry2_20260730,OpenGVLab/InternVL3-8B,853e3a797a661694b1b8ece0cb72dc2b23e3dac9,cuda,rq3g_cuda_047__c5,semantic_only_under_ugly,ugly_gold,ugly_trash,ugly_gold,True,True,False,3.9375,0.1875,3.9375,True,False
E5A_rq3_text_plus_image_internvl_retry2_20260730,OpenGVLab/InternVL3-8B,853e3a797a661694b1b8ece0cb72dc2b23e3dac9,cuda,rq3g_cuda_047__c6,visual_only_trash,beautiful_trash,ugly_trash,beautiful_trash,False,False,False,0.125,-0.625,0.125,True,False
E5A_rq3_text_plus_image_internvl_retry2_20260730,OpenGVLab/InternVL3-8B,853e3a797a661694b1b8ece0cb72dc2b23e3dac9,cuda,rq3g_cuda_048__c1,visual_only_gold,golden,ugly_gold,golden,False,False,False,0.125,0.25,0.125,True,False
E5A_rq3_text_plus_image_internvl_retry2_20260730,OpenGVLab/InternVL3-8B,853e3a797a661694b1b8ece0cb72dc2b23e3dac9,cuda,rq3g_cuda_048__c2,semantic_and_visual_aligned,golden,beautiful_trash,golden,True,True,False,4.5625,0.4375,4.5625,True,False
E5A_rq3_text_plus_image_internvl_retry2_20260730,OpenGVLab/InternVL3-8B,853e3a797a661694b1b8ece0cb72dc2b23e3dac9,cuda,rq3g_cuda_048__c3,semantic_and_visual_aligned,golden,ugly_trash,golden,True,True,False,4.75,0.5,4.75,True,False
E5A_rq3_text_plus_image_internvl_retry2_20260730,OpenGVLab/InternVL3-8B,853e3a797a661694b1b8ece0cb72dc2b23e3dac9,cuda,rq3g_cuda_048__c4,semantic_visual_conflict_primary,ugly_gold,beautiful_trash,ugly_gold,True,True,False,4.6875,0.5625,4.6875,True,False
E5A_rq3_text_plus_image_internvl_retry2_20260730,OpenGVLab/InternVL3-8B,853e3a797a661694b1b8ece0cb72dc2b23e3dac9,cuda,rq3g_cuda_048__c5,semantic_only_under_ugly,ugly_gold,ugly_trash,ugly_gold,True,True,False,4.625,0.25,4.625,True,False
E5A_rq3_text_plus_image_internvl_retry2_20260730,OpenGVLab/InternVL3-8B,853e3a797a661694b1b8ece0cb72dc2b23e3dac9,cuda,rq3g_cuda_048__c6,visual_only_trash,beautiful_trash,ugly_trash,beautiful_trash,False,False,False,0.125,-0.75,0.125,True,False
E5A_rq3_text_plus_image_internvl_retry2_20260730,OpenGVLab/InternVL3-8B,853e3a797a661694b1b8ece0cb72dc2b23e3dac9,cuda,rq3g_cuda_049__c1,visual_only_gold,golden,ugly_gold,golden,False,False,False,0.1875,0.5625,0.1875,True,False
E5A_rq3_text_plus_image_internvl_retry2_20260730,OpenGVLab/InternVL3-8B,853e3a797a661694b1b8ece0cb72dc2b23e3dac9,cuda,rq3g_cuda_049__c2,semantic_and_visual_aligned,golden,beautiful_trash,golden,True,True,False,2.6875,-0.3125,2.6875,True,False
E5A_rq3_text_plus_image_internvl_retry2_20260730,OpenGVLab/InternVL3-8B,853e3a797a661694b1b8ece0cb72dc2b23e3dac9,cuda,rq3g_cuda_049__c3,semantic_and_visual_aligned,golden,ugly_trash,golden,True,True,False,2.6875,-0.4375,2.6875,True,False
E5A_rq3_text_plus_image_internvl_retry2_20260730,OpenGVLab/InternVL3-8B,853e3a797a661694b1b8ece0cb72dc2b23e3dac9,cuda,rq3g_cuda_049__c4,semantic_visual_conflict_primary,ugly_gold,beautiful_trash,ugly_gold,True,True,False,2.375,-0.25,2.375,True,False
E5A_rq3_text_plus_image_internvl_retry2_20260730,OpenGVLab/InternVL3-8B,853e3a797a661694b1b8ece0cb72dc2b23e3dac9,cuda,rq3g_cuda_049__c5,semantic_only_under_ugly,ugly_gold,ugly_trash,ugly_gold,True,True,False,2.3125,-0.5625,2.3125,True,False
E5A_rq3_text_plus_image_internvl_retry2_20260730,OpenGVLab/InternVL3-8B,853e3a797a661694b1b8ece0cb72dc2b23e3dac9,cuda,rq3g_cuda_049__c6,visual_only_trash,beautiful_trash,ugly_trash,beautiful_trash,False,False,False,0.3125,-1.5625,0.3125,True,False
E5A_rq3_text_plus_image_internvl_retry2_20260730,OpenGVLab/InternVL3-8B,853e3a797a661694b1b8ece0cb72dc2b23e3dac9,cuda,rq3g_cuda_050__c1,visual_only_gold,golden,ugly_gold,golden,False,False,False,0.4375,0.9375,0.4375,True,False
E5A_rq3_text_plus_image_internvl_retry2_20260730,OpenGVLab/InternVL3-8B,853e3a797a661694b1b8ece0cb72dc2b23e3dac9,cuda,rq3g_cuda_050__c2,semantic_and_visual_aligned,golden,beautiful_trash,golden,True,True,False,3.875,1.75,3.875,True,False
E5A_rq3_text_plus_image_internvl_retry2_20260730,OpenGVLab/InternVL3-8B,853e3a797a661694b1b8ece0cb72dc2b23e3dac9,cuda,rq3g_cuda_050__c3,semantic_and_visual_aligned,golden,ugly_trash,golden,True,True,False,4.125,1.75,4.125,True,False
E5A_rq3_text_plus_image_internvl_retry2_20260730,OpenGVLab/InternVL3-8B,853e3a797a661694b1b8ece0cb72dc2b23e3dac9,cuda,rq3g_cuda_050__c4,semantic_visual_conflict_primary,ugly_gold,beautiful_trash,ugly_gold,True,True,False,3.3125,1.8125,3.3125,True,False
E5A_rq3_text_plus_image_internvl_retry2_20260730,OpenGVLab/InternVL3-8B,853e3a797a661694b1b8ece0cb72dc2b23e3dac9,cuda,rq3g_cuda_050__c5,semantic_only_under_ugly,ugly_gold,ugly_trash,ugly_gold,True,True,False,3.8125,1.6875,3.8125,True,False
E5A_rq3_text_plus_image_internvl_retry2_20260730,OpenGVLab/InternVL3-8B,853e3a797a661694b1b8ece0cb72dc2b23e3dac9,cuda,rq3g_cuda_050__c6,visual_only_trash,beautiful_trash,ugly_trash,beautiful_trash,False,False,False,0.0625,0.3125,0.0625,True,False
E5A_rq3_text_plus_image_internvl_retry2_20260730,OpenGVLab/InternVL3-8B,853e3a797a661694b1b8ece0cb72dc2b23e3dac9,cuda,rq3g_cuda_051__c1,visual_only_gold,golden,ugly_gold,golden,False,False,False,0.0625,0.4375,0.0625,True,False
E5A_rq3_text_plus_image_internvl_retry2_20260730,OpenGVLab/InternVL3-8B,853e3a797a661694b1b8ece0cb72dc2b23e3dac9,cuda,rq3g_cuda_051__c2,semantic_and_visual_aligned,golden,beautiful_trash,golden,True,True,False,2.8125,0.3125,2.8125,True,False
E5A_rq3_text_plus_image_internvl_retry2_20260730,OpenGVLab/InternVL3-8B,853e3a797a661694b1b8ece0cb72dc2b23e3dac9,cuda,rq3g_cuda_051__c3,semantic_and_visual_aligned,golden,ugly_trash,golden,True,True,False,2.875,0.125,2.875,True,False
E5A_rq3_text_plus_image_internvl_retry2_20260730,OpenGVLab/InternVL3-8B,853e3a797a661694b1b8ece0cb72dc2b23e3dac9,cuda,rq3g_cuda_051__c4,semantic_visual_conflict_primary,ugly_gold,beautiful_trash,ugly_gold,True,True,False,3.0,0.125,3.0,True,False
E5A_rq3_text_plus_image_internvl_retry2_20260730,OpenGVLab/InternVL3-8B,853e3a797a661694b1b8ece0cb72dc2b23e3dac9,cuda,rq3g_cuda_051__c5,semantic_only_under_ugly,ugly_gold,ugly_trash,ugly_gold,True,True,False,2.9375,-0.0625,2.9375,True,False
E5A_rq3_text_plus_image_internvl_retry2_20260730,OpenGVLab/InternVL3-8B,853e3a797a661694b1b8ece0cb72dc2b23e3dac9,cuda,rq3g_cuda_051__c6,visual_only_trash,beautiful_trash,ugly_trash,beautiful_trash,False,False,False,0.0625,-1.1875,0.0625,True,False
E5A_rq3_text_plus_image_internvl_retry2_20260730,OpenGVLab/InternVL3-8B,853e3a797a661694b1b8ece0cb72dc2b23e3dac9,cuda,rq3g_cuda_052__c1,visual_only_gold,golden,ugly_gold,golden,False,False,False,0.0,0.125,0.0,False,True
E5A_rq3_text_plus_image_internvl_retry2_20260730,OpenGVLab/InternVL3-8B,853e3a797a661694b1b8ece0cb72dc2b23e3dac9,cuda,rq3g_cuda_052__c2,semantic_and_visual_aligned,golden,beautiful_trash,golden,True,True,False,3.375,0.375,3.375,True,False
E5A_rq3_text_plus_image_internvl_retry2_20260730,OpenGVLab/InternVL3-8B,853e3a797a661694b1b8ece0cb72dc2b23e3dac9,cuda,rq3g_cuda_052__c3,semantic_and_visual_aligned,golden,ugly_trash,golden,True,True,False,3.25,0.5,3.25,True,False
E5A_rq3_text_plus_image_internvl_retry2_20260730,OpenGVLab/InternVL3-8B,853e3a797a661694b1b8ece0cb72dc2b23e3dac9,cuda,rq3g_cuda_052__c4,semantic_visual_conflict_primary,ugly_gold,beautiful_trash,ugly_gold,True,True,False,3.625,0.625,3.625,True,False
E5A_rq3_text_plus_image_internvl_retry2_20260730,OpenGVLab/InternVL3-8B,853e3a797a661694b1b8ece0cb72dc2b23e3dac9,cuda,rq3g_cuda_052__c5,semantic_only_under_ugly,ugly_gold,ugly_trash,ugly_gold,True,True,False,3.4375,0.5625,3.4375,True,False
E5A_rq3_text_plus_image_internvl_retry2_20260730,OpenGVLab/InternVL3-8B,853e3a797a661694b1b8ece0cb72dc2b23e3dac9,cuda,rq3g_cuda_052__c6,visual_only_trash,beautiful_trash,ugly_trash,beautiful_trash,False,False,False,-0.0625,0.0625,-0.0625,False,False
E5A_rq3_text_plus_image_internvl_retry2_20260730,OpenGVLab/InternVL3-8B,853e3a797a661694b1b8ece0cb72dc2b23e3dac9,cuda,rq3g_cuda_053__c1,visual_only_gold,golden,ugly_gold,golden,False,False,False,0.0625,0.4375,0.0625,True,False
E5A_rq3_text_plus_image_internvl_retry2_20260730,OpenGVLab/InternVL3-8B,853e3a797a661694b1b8ece0cb72dc2b23e3dac9,cuda,rq3g_cuda_053__c2,semantic_and_visual_aligned,golden,beautiful_trash,golden,True,True,False,5.3125,0.4375,5.3125,True,False
E5A_rq3_text_plus_image_internvl_retry2_20260730,OpenGVLab/InternVL3-8B,853e3a797a661694b1b8ece0cb72dc2b23e3dac9,cuda,rq3g_cuda_053__c3,semantic_and_visual_aligned,golden,ugly_trash,golden,True,True,False,5.375,0.25,5.375,True,False
E5A_rq3_text_plus_image_internvl_retry2_20260730,OpenGVLab/InternVL3-8B,853e3a797a661694b1b8ece0cb72dc2b23e3dac9,cuda,rq3g_cuda_053__c4,semantic_visual_conflict_primary,ugly_gold,beautiful_trash,ugly_gold,True,True,False,5.125,0.5,5.125,True,False
E5A_rq3_text_plus_image_internvl_retry2_20260730,OpenGVLab/InternVL3-8B,853e3a797a661694b1b8ece0cb72dc2b23e3dac9,cuda,rq3g_cuda_053__c5,semantic_only_under_ugly,ugly_gold,ugly_trash,ugly_gold,True,True,False,5.1875,0.3125,5.1875,True,False
E5A_rq3_text_plus_image_internvl_retry2_20260730,OpenGVLab/InternVL3-8B,853e3a797a661694b1b8ece0cb72dc2b23e3dac9,cuda,rq3g_cuda_053__c6,visual_only_trash,beautiful_trash,ugly_trash,beautiful_trash,False,False,False,0.0,-0.5,0.0,False,True
E5A_rq3_text_plus_image_internvl_retry2_20260730,OpenGVLab/InternVL3-8B,853e3a797a661694b1b8ece0cb72dc2b23e3dac9,cuda,rq3g_cuda_054__c1,visual_only_gold,golden,ugly_gold,golden,False,False,False,0.0625,0.4375,0.0625,True,False
E5A_rq3_text_plus_image_internvl_retry2_20260730,OpenGVLab/InternVL3-8B,853e3a797a661694b1b8ece0cb72dc2b23e3dac9,cuda,rq3g_cuda_054__c2,semantic_and_visual_aligned,golden,beautiful_trash,golden,True,True,False,3.75,-0.25,3.75,True,False
E5A_rq3_text_plus_image_internvl_retry2_20260730,OpenGVLab/InternVL3-8B,853e3a797a661694b1b8ece0cb72dc2b23e3dac9,cuda,rq3g_cuda_054__c3,semantic_and_visual_aligned,golden,ugly_trash,golden,True,True,False,4.0625,-0.4375,4.0625,True,False
E5A_rq3_text_plus_image_internvl_retry2_20260730,OpenGVLab/InternVL3-8B,853e3a797a661694b1b8ece0cb72dc2b23e3dac9,cuda,rq3g_cuda_054__c4,semantic_visual_conflict_primary,ugly_gold,beautiful_trash,ugly_gold,True,True,False,3.625,-0.375,3.625,True,False
E5A_rq3_text_plus_image_internvl_retry2_20260730,OpenGVLab/InternVL3-8B,853e3a797a661694b1b8ece0cb72dc2b23e3dac9,cuda,rq3g_cuda_054__c5,semantic_only_under_ugly,ugly_gold,ugly_trash,ugly_gold,True,True,False,3.8125,-0.3125,3.8125,True,False
E5A_rq3_text_plus_image_internvl_retry2_20260730,OpenGVLab/InternVL3-8B,853e3a797a661694b1b8ece0cb72dc2b23e3dac9,cuda,rq3g_cuda_054__c6,visual_only_trash,beautiful_trash,ugly_trash,beautiful_trash,True,True,False,0.625,-0.625,0.625,True,False
E5A_rq3_text_plus_image_internvl_retry2_20260730,OpenGVLab/InternVL3-8B,853e3a797a661694b1b8ece0cb72dc2b23e3dac9,cuda,rq3g_cuda_055__c1,visual_only_gold,golden,ugly_gold,golden,False,False,False,0.0625,0.1875,0.0625,True,False
E5A_rq3_text_plus_image_internvl_retry2_20260730,OpenGVLab/InternVL3-8B,853e3a797a661694b1b8ece0cb72dc2b23e3dac9,cuda,rq3g_cuda_055__c2,semantic_and_visual_aligned,golden,beautiful_trash,golden,True,True,False,3.4375,0.5625,3.4375,True,False
E5A_rq3_text_plus_image_internvl_retry2_20260730,OpenGVLab/InternVL3-8B,853e3a797a661694b1b8ece0cb72dc2b23e3dac9,cuda,rq3g_cuda_055__c3,semantic_and_visual_aligned,golden,ugly_trash,golden,True,True,False,3.5625,0.3125,3.5625,True,False
E5A_rq3_text_plus_image_internvl_retry2_20260730,OpenGVLab/InternVL3-8B,853e3a797a661694b1b8ece0cb72dc2b23e3dac9,cuda,rq3g_cuda_055__c4,semantic_visual_conflict_primary,ugly_gold,beautiful_trash,ugly_gold,True,True,False,3.3125,0.4375,3.3125,True,False
E5A_rq3_text_plus_image_internvl_retry2_20260730,OpenGVLab/InternVL3-8B,853e3a797a661694b1b8ece0cb72dc2b23e3dac9,cuda,rq3g_cuda_055__c5,semantic_only_under_ugly,ugly_gold,ugly_trash,ugly_gold,True,True,False,3.4375,0.3125,3.4375,True,False
E5A_rq3_text_plus_image_internvl_retry2_20260730,OpenGVLab/InternVL3-8B,853e3a797a661694b1b8ece0cb72dc2b23e3dac9,cuda,rq3g_cuda_055__c6,visual_only_trash,beautiful_trash,ugly_trash,beautiful_trash,False,False,False,0.125,-0.875,0.125,True,False
E5A_rq3_text_plus_image_internvl_retry2_20260730,OpenGVLab/InternVL3-8B,853e3a797a661694b1b8ece0cb72dc2b23e3dac9,cuda,rq3g_cuda_056__c1,visual_only_gold,golden,ugly_gold,golden,True,True,False,0.3125,0.0625,0.3125,True,False
E5A_rq3_text_plus_image_internvl_retry2_20260730,OpenGVLab/InternVL3-8B,853e3a797a661694b1b8ece0cb72dc2b23e3dac9,cuda,rq3g_cuda_056__c2,semantic_and_visual_aligned,golden,beautiful_trash,golden,True,True,False,4.3125,-0.1875,4.3125,True,False
E5A_rq3_text_plus_image_internvl_retry2_20260730,OpenGVLab/InternVL3-8B,853e3a797a661694b1b8ece0cb72dc2b23e3dac9,cuda,rq3g_cuda_056__c3,semantic_and_visual_aligned,golden,ugly_trash,golden,True,True,False,4.0,-0.125,4.0,True,False
E5A_rq3_text_plus_image_internvl_retry2_20260730,OpenGVLab/InternVL3-8B,853e3a797a661694b1b8ece0cb72dc2b23e3dac9,cuda,rq3g_cuda_056__c4,semantic_visual_conflict_primary,ugly_gold,beautiful_trash,ugly_gold,True,True,False,4.0625,-0.3125,4.0625,True,False
E5A_rq3_text_plus_image_internvl_retry2_20260730,OpenGVLab/InternVL3-8B,853e3a797a661694b1b8ece0cb72dc2b23e3dac9,cuda,rq3g_cuda_056__c5,semantic_only_under_ugly,ugly_gold,ugly_trash,ugly_gold,True,True,False,3.8125,-0.4375,3.8125,True,False
E5A_rq3_text_plus_image_internvl_retry2_20260730,OpenGVLab/InternVL3-8B,853e3a797a661694b1b8ece0cb72dc2b23e3dac9,cuda,rq3g_cuda_056__c6,visual_only_trash,beautiful_trash,ugly_trash,beautiful_trash,False,False,False,0.125,-2.0,0.125,True,False
E5A_rq3_text_plus_image_internvl_retry2_20260730,OpenGVLab/InternVL3-8B,853e3a797a661694b1b8ece0cb72dc2b23e3dac9,cuda,rq3g_cuda_057__c1,visual_only_gold,golden,ugly_gold,golden,False,False,False,0.0,0.875,0.0,False,True
E5A_rq3_text_plus_image_internvl_retry2_20260730,OpenGVLab/InternVL3-8B,853e3a797a661694b1b8ece0cb72dc2b23e3dac9,cuda,rq3g_cuda_057__c2,semantic_and_visual_aligned,golden,beautiful_trash,golden,True,True,False,3.75,-0.5,3.75,True,False
E5A_rq3_text_plus_image_internvl_retry2_20260730,OpenGVLab/InternVL3-8B,853e3a797a661694b1b8ece0cb72dc2b23e3dac9,cuda,rq3g_cuda_057__c3,semantic_and_visual_aligned,golden,ugly_trash,golden,True,True,False,3.9375,-0.5625,3.9375,True,False
E5A_rq3_text_plus_image_internvl_retry2_20260730,OpenGVLab/InternVL3-8B,853e3a797a661694b1b8ece0cb72dc2b23e3dac9,cuda,rq3g_cuda_057__c4,semantic_visual_conflict_primary,ugly_gold,beautiful_trash,ugly_gold,True,True,False,3.75,-0.5,3.75,True,False
E5A_rq3_text_plus_image_internvl_retry2_20260730,OpenGVLab/InternVL3-8B,853e3a797a661694b1b8ece0cb72dc2b23e3dac9,cuda,rq3g_cuda_057__c5,semantic_only_under_ugly,ugly_gold,ugly_trash,ugly_gold,True,True,False,3.875,-0.75,3.875,True,False
E5A_rq3_text_plus_image_internvl_retry2_20260730,OpenGVLab/InternVL3-8B,853e3a797a661694b1b8ece0cb72dc2b23e3dac9,cuda,rq3g_cuda_057__c6,visual_only_trash,beautiful_trash,ugly_trash,beautiful_trash,False,False,False,0.125,-0.875,0.125,True,False
E5A_rq3_text_plus_image_internvl_retry2_20260730,OpenGVLab/InternVL3-8B,853e3a797a661694b1b8ece0cb72dc2b23e3dac9,cuda,rq3g_cuda_058__c1,visual_only_gold,golden,ugly_gold,golden,True,True,False,0.0625,-0.0625,0.0625,True,False
E5A_rq3_text_plus_image_internvl_retry2_20260730,OpenGVLab/InternVL3-8B,853e3a797a661694b1b8ece0cb72dc2b23e3dac9,cuda,rq3g_cuda_058__c2,semantic_and_visual_aligned,golden,beautiful_trash,golden,True,True,False,3.625,0.0,3.625,True,False
E5A_rq3_text_plus_image_internvl_retry2_20260730,OpenGVLab/InternVL3-8B,853e3a797a661694b1b8ece0cb72dc2b23e3dac9,cuda,rq3g_cuda_058__c3,semantic_and_visual_aligned,golden,ugly_trash,golden,True,True,False,3.8125,0.0625,3.8125,True,False
E5A_rq3_text_plus_image_internvl_retry2_20260730,OpenGVLab/InternVL3-8B,853e3a797a661694b1b8ece0cb72dc2b23e3dac9,cuda,rq3g_cuda_058__c4,semantic_visual_conflict_primary,ugly_gold,beautiful_trash,ugly_gold,True,True,False,3.75,-0.125,3.75,True,False
E5A_rq3_text_plus_image_internvl_retry2_20260730,OpenGVLab/InternVL3-8B,853e3a797a661694b1b8ece0cb72dc2b23e3dac9,cuda,rq3g_cuda_058__c5,semantic_only_under_ugly,ugly_gold,ugly_trash,ugly_gold,True,True,False,4.125,0.0,4.125,True,False
E5A_rq3_text_plus_image_internvl_retry2_20260730,OpenGVLab/InternVL3-8B,853e3a797a661694b1b8ece0cb72dc2b23e3dac9,cuda,rq3g_cuda_058__c6,visual_only_trash,beautiful_trash,ugly_trash,beautiful_trash,True,True,False,0.1875,-0.1875,0.1875,True,False
E5A_rq3_text_plus_image_internvl_retry2_20260730,OpenGVLab/InternVL3-8B,853e3a797a661694b1b8ece0cb72dc2b23e3dac9,cuda,rq3g_cuda_059__c1,visual_only_gold,golden,ugly_gold,golden,False,False,False,0.1875,0.4375,0.1875,True,False
E5A_rq3_text_plus_image_internvl_retry2_20260730,OpenGVLab/InternVL3-8B,853e3a797a661694b1b8ece0cb72dc2b23e3dac9,cuda,rq3g_cuda_059__c2,semantic_and_visual_aligned,golden,beautiful_trash,golden,True,True,False,3.25,0.5,3.25,True,False
E5A_rq3_text_plus_image_internvl_retry2_20260730,OpenGVLab/InternVL3-8B,853e3a797a661694b1b8ece0cb72dc2b23e3dac9,cuda,rq3g_cuda_059__c3,semantic_and_visual_aligned,golden,ugly_trash,golden,True,True,False,3.5,0.625,3.5,True,False
E5A_rq3_text_plus_image_internvl_retry2_20260730,OpenGVLab/InternVL3-8B,853e3a797a661694b1b8ece0cb72dc2b23e3dac9,cuda,rq3g_cuda_059__c4,semantic_visual_conflict_primary,ugly_gold,beautiful_trash,ugly_gold,True,True,False,3.3125,0.5625,3.3125,True,False
E5A_rq3_text_plus_image_internvl_retry2_20260730,OpenGVLab/InternVL3-8B,853e3a797a661694b1b8ece0cb72dc2b23e3dac9,cuda,rq3g_cuda_059__c5,semantic_only_under_ugly,ugly_gold,ugly_trash,ugly_gold,True,True,False,3.4375,0.6875,3.4375,True,False
E5A_rq3_text_plus_image_internvl_retry2_20260730,OpenGVLab/InternVL3-8B,853e3a797a661694b1b8ece0cb72dc2b23e3dac9,cuda,rq3g_cuda_059__c6,visual_only_trash,beautiful_trash,ugly_trash,beautiful_trash,False,False,False,0.125,-0.25,0.125,True,False
E5A_rq3_text_plus_image_internvl_retry2_20260730,OpenGVLab/InternVL3-8B,853e3a797a661694b1b8ece0cb72dc2b23e3dac9,cuda,rq3g_cuda_060__c1,visual_only_gold,golden,ugly_gold,golden,False,False,False,0.0625,0.1875,0.0625,True,False
E5A_rq3_text_plus_image_internvl_retry2_20260730,OpenGVLab/InternVL3-8B,853e3a797a661694b1b8ece0cb72dc2b23e3dac9,cuda,rq3g_cuda_060__c2,semantic_and_visual_aligned,golden,beautiful_trash,golden,True,True,False,3.25,0.75,3.25,True,False
E5A_rq3_text_plus_image_internvl_retry2_20260730,OpenGVLab/InternVL3-8B,853e3a797a661694b1b8ece0cb72dc2b23e3dac9,cuda,rq3g_cuda_060__c3,semantic_and_visual_aligned,golden,ugly_trash,golden,True,True,False,3.0625,0.6875,3.0625,True,False
E5A_rq3_text_plus_image_internvl_retry2_20260730,OpenGVLab/InternVL3-8B,853e3a797a661694b1b8ece0cb72dc2b23e3dac9,cuda,rq3g_cuda_060__c4,semantic_visual_conflict_primary,ugly_gold,beautiful_trash,ugly_gold,True,True,False,2.8125,0.3125,2.8125,True,False
E5A_rq3_text_plus_image_internvl_retry2_20260730,OpenGVLab/InternVL3-8B,853e3a797a661694b1b8ece0cb72dc2b23e3dac9,cuda,rq3g_cuda_060__c5,semantic_only_under_ugly,ugly_gold,ugly_trash,ugly_gold,True,True,False,2.75,0.125,2.75,True,False
E5A_rq3_text_plus_image_internvl_retry2_20260730,OpenGVLab/InternVL3-8B,853e3a797a661694b1b8ece0cb72dc2b23e3dac9,cuda,rq3g_cuda_060__c6,visual_only_trash,beautiful_trash,ugly_trash,beautiful_trash,False,False,False,0.125,-0.375,0.125,True,False
E5A_rq3_text_plus_image_internvl_retry2_20260730,OpenGVLab/InternVL3-8B,853e3a797a661694b1b8ece0cb72dc2b23e3dac9,cuda,rq3g_cuda_061__c1,visual_only_gold,golden,ugly_gold,golden,False,False,False,0.125,1.125,0.125,True,False
E5A_rq3_text_plus_image_internvl_retry2_20260730,OpenGVLab/InternVL3-8B,853e3a797a661694b1b8ece0cb72dc2b23e3dac9,cuda,rq3g_cuda_061__c2,semantic_and_visual_aligned,golden,beautiful_trash,golden,True,True,False,5.5,0.25,5.5,True,False
E5A_rq3_text_plus_image_internvl_retry2_20260730,OpenGVLab/InternVL3-8B,853e3a797a661694b1b8ece0cb72dc2b23e3dac9,cuda,rq3g_cuda_061__c3,semantic_and_visual_aligned,golden,ugly_trash,golden,True,True,False,5.5625,0.3125,5.5625,True,False
E5A_rq3_text_plus_image_internvl_retry2_20260730,OpenGVLab/InternVL3-8B,853e3a797a661694b1b8ece0cb72dc2b23e3dac9,cuda,rq3g_cuda_061__c4,semantic_visual_conflict_primary,ugly_gold,beautiful_trash,ugly_gold,True,True,False,5.4375,0.1875,5.4375,True,False
E5A_rq3_text_plus_image_internvl_retry2_20260730,OpenGVLab/InternVL3-8B,853e3a797a661694b1b8ece0cb72dc2b23e3dac9,cuda,rq3g_cuda_061__c5,semantic_only_under_ugly,ugly_gold,ugly_trash,ugly_gold,True,True,False,5.3125,0.1875,5.3125,True,False
E5A_rq3_text_plus_image_internvl_retry2_20260730,OpenGVLab/InternVL3-8B,853e3a797a661694b1b8ece0cb72dc2b23e3dac9,cuda,rq3g_cuda_061__c6,visual_only_trash,beautiful_trash,ugly_trash,beautiful_trash,False,False,False,0.4375,-1.9375,0.4375,True,False
E5A_rq3_text_plus_image_internvl_retry2_20260730,OpenGVLab/InternVL3-8B,853e3a797a661694b1b8ece0cb72dc2b23e3dac9,cuda,rq3g_cuda_062__c1,visual_only_gold,golden,ugly_gold,golden,False,False,False,0.125,0.125,0.125,True,False
E5A_rq3_text_plus_image_internvl_retry2_20260730,OpenGVLab/InternVL3-8B,853e3a797a661694b1b8ece0cb72dc2b23e3dac9,cuda,rq3g_cuda_062__c2,semantic_and_visual_aligned,golden,beautiful_trash,golden,True,True,False,3.9375,0.3125,3.9375,True,False
E5A_rq3_text_plus_image_internvl_retry2_20260730,OpenGVLab/InternVL3-8B,853e3a797a661694b1b8ece0cb72dc2b23e3dac9,cuda,rq3g_cuda_062__c3,semantic_and_visual_aligned,golden,ugly_trash,golden,True,True,False,4.0,0.125,4.0,True,False
E5A_rq3_text_plus_image_internvl_retry2_20260730,OpenGVLab/InternVL3-8B,853e3a797a661694b1b8ece0cb72dc2b23e3dac9,cuda,rq3g_cuda_062__c4,semantic_visual_conflict_primary,ugly_gold,beautiful_trash,ugly_gold,True,True,False,3.75,0.375,3.75,True,False
E5A_rq3_text_plus_image_internvl_retry2_20260730,OpenGVLab/InternVL3-8B,853e3a797a661694b1b8ece0cb72dc2b23e3dac9,cuda,rq3g_cuda_062__c5,semantic_only_under_ugly,ugly_gold,ugly_trash,ugly_gold,True,True,False,4.1875,0.0625,4.1875,True,False
E5A_rq3_text_plus_image_internvl_retry2_20260730,OpenGVLab/InternVL3-8B,853e3a797a661694b1b8ece0cb72dc2b23e3dac9,cuda,rq3g_cuda_062__c6,visual_only_trash,beautiful_trash,ugly_trash,beautiful_trash,False,False,False,-0.0625,-1.1875,-0.0625,False,False
E5A_rq3_text_plus_image_internvl_retry2_20260730,OpenGVLab/InternVL3-8B,853e3a797a661694b1b8ece0cb72dc2b23e3dac9,cuda,rq3g_cuda_063__c1,visual_only_gold,golden,ugly_gold,golden,False,False,False,0.125,-0.75,0.125,True,False
E5A_rq3_text_plus_image_internvl_retry2_20260730,OpenGVLab/InternVL3-8B,853e3a797a661694b1b8ece0cb72dc2b23e3dac9,cuda,rq3g_cuda_063__c2,semantic_and_visual_aligned,golden,beautiful_trash,golden,True,True,False,1.75,0.25,1.75,True,False
E5A_rq3_text_plus_image_internvl_retry2_20260730,OpenGVLab/InternVL3-8B,853e3a797a661694b1b8ece0cb72dc2b23e3dac9,cuda,rq3g_cuda_063__c3,semantic_and_visual_aligned,golden,ugly_trash,golden,True,True,False,2.0625,0.0625,2.0625,True,False
E5A_rq3_text_plus_image_internvl_retry2_20260730,OpenGVLab/InternVL3-8B,853e3a797a661694b1b8ece0cb72dc2b23e3dac9,cuda,rq3g_cuda_063__c4,semantic_visual_conflict_primary,ugly_gold,beautiful_trash,ugly_gold,True,True,False,1.75,0.25,1.75,True,False
E5A_rq3_text_plus_image_internvl_retry2_20260730,OpenGVLab/InternVL3-8B,853e3a797a661694b1b8ece0cb72dc2b23e3dac9,cuda,rq3g_cuda_063__c5,semantic_only_under_ugly,ugly_gold,ugly_trash,ugly_gold,True,True,False,2.1875,0.1875,2.1875,True,False
E5A_rq3_text_plus_image_internvl_retry2_20260730,OpenGVLab/InternVL3-8B,853e3a797a661694b1b8ece0cb72dc2b23e3dac9,cuda,rq3g_cuda_063__c6,visual_only_trash,beautiful_trash,ugly_trash,beautiful_trash,False,False,False,0.125,-1.0,0.125,True,False
E5A_rq3_text_plus_image_internvl_retry2_20260730,OpenGVLab/InternVL3-8B,853e3a797a661694b1b8ece0cb72dc2b23e3dac9,cuda,rq3g_cuda_064__c1,visual_only_gold,golden,ugly_gold,golden,False,False,False,-0.0625,0.6875,-0.0625,False,False
E5A_rq3_text_plus_image_internvl_retry2_20260730,OpenGVLab/InternVL3-8B,853e3a797a661694b1b8ece0cb72dc2b23e3dac9,cuda,rq3g_cuda_064__c2,semantic_and_visual_aligned,golden,beautiful_trash,golden,True,True,False,2.9375,0.4375,2.9375,True,False
E5A_rq3_text_plus_image_internvl_retry2_20260730,OpenGVLab/InternVL3-8B,853e3a797a661694b1b8ece0cb72dc2b23e3dac9,cuda,rq3g_cuda_064__c3,semantic_and_visual_aligned,golden,ugly_trash,golden,True,True,False,2.8125,0.8125,2.8125,True,False
E5A_rq3_text_plus_image_internvl_retry2_20260730,OpenGVLab/InternVL3-8B,853e3a797a661694b1b8ece0cb72dc2b23e3dac9,cuda,rq3g_cuda_064__c4,semantic_visual_conflict_primary,ugly_gold,beautiful_trash,ugly_gold,True,True,False,2.75,0.375,2.75,True,False
E5A_rq3_text_plus_image_internvl_retry2_20260730,OpenGVLab/InternVL3-8B,853e3a797a661694b1b8ece0cb72dc2b23e3dac9,cuda,rq3g_cuda_064__c5,semantic_only_under_ugly,ugly_gold,ugly_trash,ugly_gold,True,True,False,2.9375,0.5625,2.9375,True,False
E5A_rq3_text_plus_image_internvl_retry2_20260730,OpenGVLab/InternVL3-8B,853e3a797a661694b1b8ece0cb72dc2b23e3dac9,cuda,rq3g_cuda_064__c6,visual_only_trash,beautiful_trash,ugly_trash,beautiful_trash,False,False,False,0.25,-0.5,0.25,True,False
E5A_rq3_text_plus_image_internvl_retry2_20260730,OpenGVLab/InternVL3-8B,853e3a797a661694b1b8ece0cb72dc2b23e3dac9,cuda,rq3g_cuda_065__c1,visual_only_gold,golden,ugly_gold,golden,True,True,False,0.375,0.25,0.375,True,False
E5A_rq3_text_plus_image_internvl_retry2_20260730,OpenGVLab/InternVL3-8B,853e3a797a661694b1b8ece0cb72dc2b23e3dac9,cuda,rq3g_cuda_065__c2,semantic_and_visual_aligned,golden,beautiful_trash,golden,True,True,False,3.4375,0.0625,3.4375,True,False
E5A_rq3_text_plus_image_internvl_retry2_20260730,OpenGVLab/InternVL3-8B,853e3a797a661694b1b8ece0cb72dc2b23e3dac9,cuda,rq3g_cuda_065__c3,semantic_and_visual_aligned,golden,ugly_trash,golden,True,True,False,3.5,0.0,3.5,True,False
E5A_rq3_text_plus_image_internvl_retry2_20260730,OpenGVLab/InternVL3-8B,853e3a797a661694b1b8ece0cb72dc2b23e3dac9,cuda,rq3g_cuda_065__c4,semantic_visual_conflict_primary,ugly_gold,beautiful_trash,ugly_gold,True,True,False,3.4375,0.0625,3.4375,True,False
E5A_rq3_text_plus_image_internvl_retry2_20260730,OpenGVLab/InternVL3-8B,853e3a797a661694b1b8ece0cb72dc2b23e3dac9,cuda,rq3g_cuda_065__c5,semantic_only_under_ugly,ugly_gold,ugly_trash,ugly_gold,True,True,False,3.4375,-0.1875,3.4375,True,False
E5A_rq3_text_plus_image_internvl_retry2_20260730,OpenGVLab/InternVL3-8B,853e3a797a661694b1b8ece0cb72dc2b23e3dac9,cuda,rq3g_cuda_065__c6,visual_only_trash,beautiful_trash,ugly_trash,beautiful_trash,False,False,False,0.0625,-0.5625,0.0625,True,False
E5A_rq3_text_plus_image_internvl_retry2_20260730,OpenGVLab/InternVL3-8B,853e3a797a661694b1b8ece0cb72dc2b23e3dac9,cuda,rq3g_cuda_066__c1,visual_only_gold,golden,ugly_gold,golden,True,True,False,0.3125,-0.0625,0.3125,True,False
E5A_rq3_text_plus_image_internvl_retry2_20260730,OpenGVLab/InternVL3-8B,853e3a797a661694b1b8ece0cb72dc2b23e3dac9,cuda,rq3g_cuda_066__c2,semantic_and_visual_aligned,golden,beautiful_trash,golden,True,True,False,3.6875,-0.0625,3.6875,True,False
E5A_rq3_text_plus_image_internvl_retry2_20260730,OpenGVLab/InternVL3-8B,853e3a797a661694b1b8ece0cb72dc2b23e3dac9,cuda,rq3g_cuda_066__c3,semantic_and_visual_aligned,golden,ugly_trash,golden,True,True,False,3.75,-0.125,3.75,True,False
E5A_rq3_text_plus_image_internvl_retry2_20260730,OpenGVLab/InternVL3-8B,853e3a797a661694b1b8ece0cb72dc2b23e3dac9,cuda,rq3g_cuda_066__c4,semantic_visual_conflict_primary,ugly_gold,beautiful_trash,ugly_gold,True,True,False,3.4375,-0.0625,3.4375,True,False
E5A_rq3_text_plus_image_internvl_retry2_20260730,OpenGVLab/InternVL3-8B,853e3a797a661694b1b8ece0cb72dc2b23e3dac9,cuda,rq3g_cuda_066__c5,semantic_only_under_ugly,ugly_gold,ugly_trash,ugly_gold,True,True,False,3.5,0.25,3.5,True,False
E5A_rq3_text_plus_image_internvl_retry2_20260730,OpenGVLab/InternVL3-8B,853e3a797a661694b1b8ece0cb72dc2b23e3dac9,cuda,rq3g_cuda_066__c6,visual_only_trash,beautiful_trash,ugly_trash,beautiful_trash,False,False,False,0.125,-1.25,0.125,True,False
E5A_rq3_text_plus_image_internvl_retry2_20260730,OpenGVLab/InternVL3-8B,853e3a797a661694b1b8ece0cb72dc2b23e3dac9,cuda,rq3g_cuda_067__c1,visual_only_gold,golden,ugly_gold,golden,False,False,False,0.125,-0.375,0.125,True,False
E5A_rq3_text_plus_image_internvl_retry2_20260730,OpenGVLab/InternVL3-8B,853e3a797a661694b1b8ece0cb72dc2b23e3dac9,cuda,rq3g_cuda_067__c2,semantic_and_visual_aligned,golden,beautiful_trash,golden,True,True,False,2.9375,-0.6875,2.9375,True,False
E5A_rq3_text_plus_image_internvl_retry2_20260730,OpenGVLab/InternVL3-8B,853e3a797a661694b1b8ece0cb72dc2b23e3dac9,cuda,rq3g_cuda_067__c3,semantic_and_visual_aligned,golden,ugly_trash,golden,True,True,False,2.875,-0.25,2.875,True,False
E5A_rq3_text_plus_image_internvl_retry2_20260730,OpenGVLab/InternVL3-8B,853e3a797a661694b1b8ece0cb72dc2b23e3dac9,cuda,rq3g_cuda_067__c4,semantic_visual_conflict_primary,ugly_gold,beautiful_trash,ugly_gold,True,True,False,2.25,-0.875,2.25,True,False
E5A_rq3_text_plus_image_internvl_retry2_20260730,OpenGVLab/InternVL3-8B,853e3a797a661694b1b8ece0cb72dc2b23e3dac9,cuda,rq3g_cuda_067__c5,semantic_only_under_ugly,ugly_gold,ugly_trash,ugly_gold,True,True,False,2.25,-0.5,2.25,True,False
E5A_rq3_text_plus_image_internvl_retry2_20260730,OpenGVLab/InternVL3-8B,853e3a797a661694b1b8ece0cb72dc2b23e3dac9,cuda,rq3g_cuda_067__c6,visual_only_trash,beautiful_trash,ugly_trash,beautiful_trash,False,False,False,-0.1875,-2.0625,-0.1875,False,False
E5A_rq3_text_plus_image_internvl_retry2_20260730,OpenGVLab/InternVL3-8B,853e3a797a661694b1b8ece0cb72dc2b23e3dac9,cuda,rq3g_cuda_068__c1,visual_only_gold,golden,ugly_gold,golden,False,False,False,0.0,0.125,0.0,False,True
E5A_rq3_text_plus_image_internvl_retry2_20260730,OpenGVLab/InternVL3-8B,853e3a797a661694b1b8ece0cb72dc2b23e3dac9,cuda,rq3g_cuda_068__c2,semantic_and_visual_aligned,golden,beautiful_trash,golden,True,True,False,0.8125,-0.5625,0.8125,True,False
E5A_rq3_text_plus_image_internvl_retry2_20260730,OpenGVLab/InternVL3-8B,853e3a797a661694b1b8ece0cb72dc2b23e3dac9,cuda,rq3g_cuda_068__c3,semantic_and_visual_aligned,golden,ugly_trash,golden,True,True,False,1.0,-0.625,1.0,True,False
E5A_rq3_text_plus_image_internvl_retry2_20260730,OpenGVLab/InternVL3-8B,853e3a797a661694b1b8ece0cb72dc2b23e3dac9,cuda,rq3g_cuda_068__c4,semantic_visual_conflict_primary,ugly_gold,beautiful_trash,ugly_gold,False,False,False,0.5,-0.625,0.5,True,False
E5A_rq3_text_plus_image_internvl_retry2_20260730,OpenGVLab/InternVL3-8B,853e3a797a661694b1b8ece0cb72dc2b23e3dac9,cuda,rq3g_cuda_068__c5,semantic_only_under_ugly,ugly_gold,ugly_trash,ugly_gold,True,True,False,0.6875,-0.6875,0.6875,True,False
E5A_rq3_text_plus_image_internvl_retry2_20260730,OpenGVLab/InternVL3-8B,853e3a797a661694b1b8ece0cb72dc2b23e3dac9,cuda,rq3g_cuda_068__c6,visual_only_trash,beautiful_trash,ugly_trash,beautiful_trash,False,False,False,0.0625,0.3125,0.0625,True,False
E5A_rq3_text_plus_image_internvl_retry2_20260730,OpenGVLab/InternVL3-8B,853e3a797a661694b1b8ece0cb72dc2b23e3dac9,cuda,rq3g_cuda_069__c1,visual_only_gold,golden,ugly_gold,golden,False,False,False,0.0625,0.8125,0.0625,True,False
E5A_rq3_text_plus_image_internvl_retry2_20260730,OpenGVLab/InternVL3-8B,853e3a797a661694b1b8ece0cb72dc2b23e3dac9,cuda,rq3g_cuda_069__c2,semantic_and_visual_aligned,golden,beautiful_trash,golden,True,True,False,3.0625,0.9375,3.0625,True,False
E5A_rq3_text_plus_image_internvl_retry2_20260730,OpenGVLab/InternVL3-8B,853e3a797a661694b1b8ece0cb72dc2b23e3dac9,cuda,rq3g_cuda_069__c3,semantic_and_visual_aligned,golden,ugly_trash,golden,True,True,False,3.0625,1.0625,3.0625,True,False
E5A_rq3_text_plus_image_internvl_retry2_20260730,OpenGVLab/InternVL3-8B,853e3a797a661694b1b8ece0cb72dc2b23e3dac9,cuda,rq3g_cuda_069__c4,semantic_visual_conflict_primary,ugly_gold,beautiful_trash,ugly_gold,True,True,False,3.0625,0.9375,3.0625,True,False
E5A_rq3_text_plus_image_internvl_retry2_20260730,OpenGVLab/InternVL3-8B,853e3a797a661694b1b8ece0cb72dc2b23e3dac9,cuda,rq3g_cuda_069__c5,semantic_only_under_ugly,ugly_gold,ugly_trash,ugly_gold,True,True,False,3.25,1.0,3.25,True,False
E5A_rq3_text_plus_image_internvl_retry2_20260730,OpenGVLab/InternVL3-8B,853e3a797a661694b1b8ece0cb72dc2b23e3dac9,cuda,rq3g_cuda_069__c6,visual_only_trash,beautiful_trash,ugly_trash,beautiful_trash,False,False,False,0.0,-0.375,0.0,False,True
E5A_rq3_text_plus_image_internvl_retry2_20260730,OpenGVLab/InternVL3-8B,853e3a797a661694b1b8ece0cb72dc2b23e3dac9,cuda,rq3g_cuda_070__c1,visual_only_gold,golden,ugly_gold,golden,False,False,False,0.3125,0.3125,0.3125,True,False
E5A_rq3_text_plus_image_internvl_retry2_20260730,OpenGVLab/InternVL3-8B,853e3a797a661694b1b8ece0cb72dc2b23e3dac9,cuda,rq3g_cuda_070__c2,semantic_and_visual_aligned,golden,beautiful_trash,golden,True,True,False,4.3125,-0.9375,4.3125,True,False
E5A_rq3_text_plus_image_internvl_retry2_20260730,OpenGVLab/InternVL3-8B,853e3a797a661694b1b8ece0cb72dc2b23e3dac9,cuda,rq3g_cuda_070__c3,semantic_and_visual_aligned,golden,ugly_trash,golden,True,True,False,5.1875,-0.9375,5.1875,True,False
E5A_rq3_text_plus_image_internvl_retry2_20260730,OpenGVLab/InternVL3-8B,853e3a797a661694b1b8ece0cb72dc2b23e3dac9,cuda,rq3g_cuda_070__c4,semantic_visual_conflict_primary,ugly_gold,beautiful_trash,ugly_gold,True,True,False,4.4375,-0.9375,4.4375,True,False
E5A_rq3_text_plus_image_internvl_retry2_20260730,OpenGVLab/InternVL3-8B,853e3a797a661694b1b8ece0cb72dc2b23e3dac9,cuda,rq3g_cuda_070__c5,semantic_only_under_ugly,ugly_gold,ugly_trash,ugly_gold,True,True,False,5.0,-1.0,5.0,True,False
E5A_rq3_text_plus_image_internvl_retry2_20260730,OpenGVLab/InternVL3-8B,853e3a797a661694b1b8ece0cb72dc2b23e3dac9,cuda,rq3g_cuda_070__c6,visual_only_trash,beautiful_trash,ugly_trash,beautiful_trash,False,False,False,0.375,-0.75,0.375,True,False
E5A_rq3_text_plus_image_internvl_retry2_20260730,OpenGVLab/InternVL3-8B,853e3a797a661694b1b8ece0cb72dc2b23e3dac9,cuda,rq3g_cuda_071__c1,visual_only_gold,golden,ugly_gold,golden,False,False,False,0.1875,0.9375,0.1875,True,False
E5A_rq3_text_plus_image_internvl_retry2_20260730,OpenGVLab/InternVL3-8B,853e3a797a661694b1b8ece0cb72dc2b23e3dac9,cuda,rq3g_cuda_071__c2,semantic_and_visual_aligned,golden,beautiful_trash,golden,True,True,False,3.5625,0.6875,3.5625,True,False
E5A_rq3_text_plus_image_internvl_retry2_20260730,OpenGVLab/InternVL3-8B,853e3a797a661694b1b8ece0cb72dc2b23e3dac9,cuda,rq3g_cuda_071__c3,semantic_and_visual_aligned,golden,ugly_trash,golden,True,True,False,3.5625,0.4375,3.5625,True,False
E5A_rq3_text_plus_image_internvl_retry2_20260730,OpenGVLab/InternVL3-8B,853e3a797a661694b1b8ece0cb72dc2b23e3dac9,cuda,rq3g_cuda_071__c4,semantic_visual_conflict_primary,ugly_gold,beautiful_trash,ugly_gold,True,True,False,3.5625,0.6875,3.5625,True,False
E5A_rq3_text_plus_image_internvl_retry2_20260730,OpenGVLab/InternVL3-8B,853e3a797a661694b1b8ece0cb72dc2b23e3dac9,cuda,rq3g_cuda_071__c5,semantic_only_under_ugly,ugly_gold,ugly_trash,ugly_gold,True,True,False,3.6875,0.4375,3.6875,True,False
E5A_rq3_text_plus_image_internvl_retry2_20260730,OpenGVLab/InternVL3-8B,853e3a797a661694b1b8ece0cb72dc2b23e3dac9,cuda,rq3g_cuda_071__c6,visual_only_trash,beautiful_trash,ugly_trash,beautiful_trash,False,False,False,0.125,-0.875,0.125,True,False
E5A_rq3_text_plus_image_internvl_retry2_20260730,OpenGVLab/InternVL3-8B,853e3a797a661694b1b8ece0cb72dc2b23e3dac9,cuda,rq3g_cuda_072__c1,visual_only_gold,golden,ugly_gold,golden,False,False,False,0.125,0.125,0.125,True,False
E5A_rq3_text_plus_image_internvl_retry2_20260730,OpenGVLab/InternVL3-8B,853e3a797a661694b1b8ece0cb72dc2b23e3dac9,cuda,rq3g_cuda_072__c2,semantic_and_visual_aligned,golden,beautiful_trash,golden,True,True,False,3.75,0.25,3.75,True,False
E5A_rq3_text_plus_image_internvl_retry2_20260730,OpenGVLab/InternVL3-8B,853e3a797a661694b1b8ece0cb72dc2b23e3dac9,cuda,rq3g_cuda_072__c3,semantic_and_visual_aligned,golden,ugly_trash,golden,True,True,False,3.6875,0.4375,3.6875,True,False
E5A_rq3_text_plus_image_internvl_retry2_20260730,OpenGVLab/InternVL3-8B,853e3a797a661694b1b8ece0cb72dc2b23e3dac9,cuda,rq3g_cuda_072__c4,semantic_visual_conflict_primary,ugly_gold,beautiful_trash,ugly_gold,True,True,False,3.75,0.125,3.75,True,False
E5A_rq3_text_plus_image_internvl_retry2_20260730,OpenGVLab/InternVL3-8B,853e3a797a661694b1b8ece0cb72dc2b23e3dac9,cuda,rq3g_cuda_072__c5,semantic_only_under_ugly,ugly_gold,ugly_trash,ugly_gold,True,True,False,3.8125,0.1875,3.8125,True,False
E5A_rq3_text_plus_image_internvl_retry2_20260730,OpenGVLab/InternVL3-8B,853e3a797a661694b1b8ece0cb72dc2b23e3dac9,cuda,rq3g_cuda_072__c6,visual_only_trash,beautiful_trash,ugly_trash,beautiful_trash,False,False,False,0.125,-1.25,0.125,True,False
E5A_rq3_text_plus_image_internvl_retry2_20260730,OpenGVLab/InternVL3-8B,853e3a797a661694b1b8ece0cb72dc2b23e3dac9,cuda,rq3g_cuda_073__c1,visual_only_gold,golden,ugly_gold,golden,False,False,False,0.0625,0.5625,0.0625,True,False
E5A_rq3_text_plus_image_internvl_retry2_20260730,OpenGVLab/InternVL3-8B,853e3a797a661694b1b8ece0cb72dc2b23e3dac9,cuda,rq3g_cuda_073__c2,semantic_and_visual_aligned,golden,beautiful_trash,golden,True,True,False,3.75,0.625,3.75,True,False
E5A_rq3_text_plus_image_internvl_retry2_20260730,OpenGVLab/InternVL3-8B,853e3a797a661694b1b8ece0cb72dc2b23e3dac9,cuda,rq3g_cuda_073__c3,semantic_and_visual_aligned,golden,ugly_trash,golden,True,True,False,3.5625,0.4375,3.5625,True,False
E5A_rq3_text_plus_image_internvl_retry2_20260730,OpenGVLab/InternVL3-8B,853e3a797a661694b1b8ece0cb72dc2b23e3dac9,cuda,rq3g_cuda_073__c4,semantic_visual_conflict_primary,ugly_gold,beautiful_trash,ugly_gold,True,True,False,3.5,0.75,3.5,True,False
E5A_rq3_text_plus_image_internvl_retry2_20260730,OpenGVLab/InternVL3-8B,853e3a797a661694b1b8ece0cb72dc2b23e3dac9,cuda,rq3g_cuda_073__c5,semantic_only_under_ugly,ugly_gold,ugly_trash,ugly_gold,True,True,False,3.4375,0.5625,3.4375,True,False
E5A_rq3_text_plus_image_internvl_retry2_20260730,OpenGVLab/InternVL3-8B,853e3a797a661694b1b8ece0cb72dc2b23e3dac9,cuda,rq3g_cuda_073__c6,visual_only_trash,beautiful_trash,ugly_trash,beautiful_trash,False,False,False,-0.0625,-1.4375,-0.0625,False,False
E5A_rq3_text_plus_image_internvl_retry2_20260730,OpenGVLab/InternVL3-8B,853e3a797a661694b1b8ece0cb72dc2b23e3dac9,cuda,rq3g_cuda_074__c1,visual_only_gold,golden,ugly_gold,golden,False,False,False,0.125,0.625,0.125,True,False
E5A_rq3_text_plus_image_internvl_retry2_20260730,OpenGVLab/InternVL3-8B,853e3a797a661694b1b8ece0cb72dc2b23e3dac9,cuda,rq3g_cuda_074__c2,semantic_and_visual_aligned,golden,beautiful_trash,golden,True,True,False,3.8125,1.0625,3.8125,True,False
E5A_rq3_text_plus_image_internvl_retry2_20260730,OpenGVLab/InternVL3-8B,853e3a797a661694b1b8ece0cb72dc2b23e3dac9,cuda,rq3g_cuda_074__c3,semantic_and_visual_aligned,golden,ugly_trash,golden,True,True,False,3.9375,0.9375,3.9375,True,False
E5A_rq3_text_plus_image_internvl_retry2_20260730,OpenGVLab/InternVL3-8B,853e3a797a661694b1b8ece0cb72dc2b23e3dac9,cuda,rq3g_cuda_074__c4,semantic_visual_conflict_primary,ugly_gold,beautiful_trash,ugly_gold,True,True,False,3.625,0.625,3.625,True,False
E5A_rq3_text_plus_image_internvl_retry2_20260730,OpenGVLab/InternVL3-8B,853e3a797a661694b1b8ece0cb72dc2b23e3dac9,cuda,rq3g_cuda_074__c5,semantic_only_under_ugly,ugly_gold,ugly_trash,ugly_gold,True,True,False,3.75,0.625,3.75,True,False
E5A_rq3_text_plus_image_internvl_retry2_20260730,OpenGVLab/InternVL3-8B,853e3a797a661694b1b8ece0cb72dc2b23e3dac9,cuda,rq3g_cuda_074__c6,visual_only_trash,beautiful_trash,ugly_trash,beautiful_trash,False,False,False,0.125,-0.375,0.125,True,False
E5A_rq3_text_plus_image_internvl_retry2_20260730,OpenGVLab/InternVL3-8B,853e3a797a661694b1b8ece0cb72dc2b23e3dac9,cuda,rq3g_cuda_075__c1,visual_only_gold,golden,ugly_gold,golden,False,False,False,0.0625,-0.5625,0.0625,True,False
E5A_rq3_text_plus_image_internvl_retry2_20260730,OpenGVLab/InternVL3-8B,853e3a797a661694b1b8ece0cb72dc2b23e3dac9,cuda,rq3g_cuda_075__c2,semantic_and_visual_aligned,golden,beautiful_trash,golden,True,True,False,2.6875,0.9375,2.6875,True,False
E5A_rq3_text_plus_image_internvl_retry2_20260730,OpenGVLab/InternVL3-8B,853e3a797a661694b1b8ece0cb72dc2b23e3dac9,cuda,rq3g_cuda_075__c3,semantic_and_visual_aligned,golden,ugly_trash,golden,True,True,False,2.75,0.75,2.75,True,False
E5A_rq3_text_plus_image_internvl_retry2_20260730,OpenGVLab/InternVL3-8B,853e3a797a661694b1b8ece0cb72dc2b23e3dac9,cuda,rq3g_cuda_075__c4,semantic_visual_conflict_primary,ugly_gold,beautiful_trash,ugly_gold,True,True,False,2.125,0.5,2.125,True,False
E5A_rq3_text_plus_image_internvl_retry2_20260730,OpenGVLab/InternVL3-8B,853e3a797a661694b1b8ece0cb72dc2b23e3dac9,cuda,rq3g_cuda_075__c5,semantic_only_under_ugly,ugly_gold,ugly_trash,ugly_gold,True,True,False,2.1875,0.4375,2.1875,True,False
E5A_rq3_text_plus_image_internvl_retry2_20260730,OpenGVLab/InternVL3-8B,853e3a797a661694b1b8ece0cb72dc2b23e3dac9,cuda,rq3g_cuda_075__c6,visual_only_trash,beautiful_trash,ugly_trash,beautiful_trash,False,False,False,0.125,0.125,0.125,True,False
E5A_rq3_text_plus_image_internvl_retry2_20260730,OpenGVLab/InternVL3-8B,853e3a797a661694b1b8ece0cb72dc2b23e3dac9,cuda,rq3g_cuda_076__c1,visual_only_gold,golden,ugly_gold,golden,False,False,False,0.4375,1.4375,0.4375,True,False
E5A_rq3_text_plus_image_internvl_retry2_20260730,OpenGVLab/InternVL3-8B,853e3a797a661694b1b8ece0cb72dc2b23e3dac9,cuda,rq3g_cuda_076__c2,semantic_and_visual_aligned,golden,beautiful_trash,golden,True,True,False,3.0,0.5,3.0,True,False
E5A_rq3_text_plus_image_internvl_retry2_20260730,OpenGVLab/InternVL3-8B,853e3a797a661694b1b8ece0cb72dc2b23e3dac9,cuda,rq3g_cuda_076__c3,semantic_and_visual_aligned,golden,ugly_trash,golden,True,True,False,3.125,0.625,3.125,True,False
E5A_rq3_text_plus_image_internvl_retry2_20260730,OpenGVLab/InternVL3-8B,853e3a797a661694b1b8ece0cb72dc2b23e3dac9,cuda,rq3g_cuda_076__c4,semantic_visual_conflict_primary,ugly_gold,beautiful_trash,ugly_gold,True,True,False,3.125,0.625,3.125,True,False
E5A_rq3_text_plus_image_internvl_retry2_20260730,OpenGVLab/InternVL3-8B,853e3a797a661694b1b8ece0cb72dc2b23e3dac9,cuda,rq3g_cuda_076__c5,semantic_only_under_ugly,ugly_gold,ugly_trash,ugly_gold,True,True,False,3.125,0.75,3.125,True,False
E5A_rq3_text_plus_image_internvl_retry2_20260730,OpenGVLab/InternVL3-8B,853e3a797a661694b1b8ece0cb72dc2b23e3dac9,cuda,rq3g_cuda_076__c6,visual_only_trash,beautiful_trash,ugly_trash,beautiful_trash,False,False,False,0.0625,0.3125,0.0625,True,False
E5A_rq3_text_plus_image_internvl_retry2_20260730,OpenGVLab/InternVL3-8B,853e3a797a661694b1b8ece0cb72dc2b23e3dac9,cuda,rq3g_cuda_077__c1,visual_only_gold,golden,ugly_gold,golden,False,False,False,0.0,-0.125,0.0,False,True
E5A_rq3_text_plus_image_internvl_retry2_20260730,OpenGVLab/InternVL3-8B,853e3a797a661694b1b8ece0cb72dc2b23e3dac9,cuda,rq3g_cuda_077__c2,semantic_and_visual_aligned,golden,beautiful_trash,golden,True,True,False,4.6875,0.4375,4.6875,True,False
E5A_rq3_text_plus_image_internvl_retry2_20260730,OpenGVLab/InternVL3-8B,853e3a797a661694b1b8ece0cb72dc2b23e3dac9,cuda,rq3g_cuda_077__c3,semantic_and_visual_aligned,golden,ugly_trash,golden,True,True,False,5.0,0.25,5.0,True,False
E5A_rq3_text_plus_image_internvl_retry2_20260730,OpenGVLab/InternVL3-8B,853e3a797a661694b1b8ece0cb72dc2b23e3dac9,cuda,rq3g_cuda_077__c4,semantic_visual_conflict_primary,ugly_gold,beautiful_trash,ugly_gold,True,True,False,4.75,0.25,4.75,True,False
E5A_rq3_text_plus_image_internvl_retry2_20260730,OpenGVLab/InternVL3-8B,853e3a797a661694b1b8ece0cb72dc2b23e3dac9,cuda,rq3g_cuda_077__c5,semantic_only_under_ugly,ugly_gold,ugly_trash,ugly_gold,True,True,False,4.9375,0.4375,4.9375,True,False
E5A_rq3_text_plus_image_internvl_retry2_20260730,OpenGVLab/InternVL3-8B,853e3a797a661694b1b8ece0cb72dc2b23e3dac9,cuda,rq3g_cuda_077__c6,visual_only_trash,beautiful_trash,ugly_trash,beautiful_trash,False,False,False,0.0625,-0.4375,0.0625,True,False
E5A_rq3_text_plus_image_internvl_retry2_20260730,OpenGVLab/InternVL3-8B,853e3a797a661694b1b8ece0cb72dc2b23e3dac9,cuda,rq3g_cuda_078__c1,visual_only_gold,golden,ugly_gold,golden,False,False,False,0.0625,0.1875,0.0625,True,False
E5A_rq3_text_plus_image_internvl_retry2_20260730,OpenGVLab/InternVL3-8B,853e3a797a661694b1b8ece0cb72dc2b23e3dac9,cuda,rq3g_cuda_078__c2,semantic_and_visual_aligned,golden,beautiful_trash,golden,True,True,False,4.0625,0.9375,4.0625,True,False
E5A_rq3_text_plus_image_internvl_retry2_20260730,OpenGVLab/InternVL3-8B,853e3a797a661694b1b8ece0cb72dc2b23e3dac9,cuda,rq3g_cuda_078__c3,semantic_and_visual_aligned,golden,ugly_trash,golden,True,True,False,4.375,0.875,4.375,True,False
E5A_rq3_text_plus_image_internvl_retry2_20260730,OpenGVLab/InternVL3-8B,853e3a797a661694b1b8ece0cb72dc2b23e3dac9,cuda,rq3g_cuda_078__c4,semantic_visual_conflict_primary,ugly_gold,beautiful_trash,ugly_gold,True,True,False,3.9375,0.8125,3.9375,True,False
E5A_rq3_text_plus_image_internvl_retry2_20260730,OpenGVLab/InternVL3-8B,853e3a797a661694b1b8ece0cb72dc2b23e3dac9,cuda,rq3g_cuda_078__c5,semantic_only_under_ugly,ugly_gold,ugly_trash,ugly_gold,True,True,False,3.9375,0.9375,3.9375,True,False
E5A_rq3_text_plus_image_internvl_retry2_20260730,OpenGVLab/InternVL3-8B,853e3a797a661694b1b8ece0cb72dc2b23e3dac9,cuda,rq3g_cuda_078__c6,visual_only_trash,beautiful_trash,ugly_trash,beautiful_trash,False,False,False,-0.0625,0.1875,-0.0625,False,False
E5A_rq3_text_plus_image_internvl_retry2_20260730,OpenGVLab/InternVL3-8B,853e3a797a661694b1b8ece0cb72dc2b23e3dac9,cuda,rq3g_cuda_079__c1,visual_only_gold,golden,ugly_gold,golden,True,True,False,0.125,-0.125,0.125,True,False
E5A_rq3_text_plus_image_internvl_retry2_20260730,OpenGVLab/InternVL3-8B,853e3a797a661694b1b8ece0cb72dc2b23e3dac9,cuda,rq3g_cuda_079__c2,semantic_and_visual_aligned,golden,beautiful_trash,golden,True,True,False,3.9375,0.8125,3.9375,True,False
E5A_rq3_text_plus_image_internvl_retry2_20260730,OpenGVLab/InternVL3-8B,853e3a797a661694b1b8ece0cb72dc2b23e3dac9,cuda,rq3g_cuda_079__c3,semantic_and_visual_aligned,golden,ugly_trash,golden,True,True,False,3.75,0.875,3.75,True,False
E5A_rq3_text_plus_image_internvl_retry2_20260730,OpenGVLab/InternVL3-8B,853e3a797a661694b1b8ece0cb72dc2b23e3dac9,cuda,rq3g_cuda_079__c4,semantic_visual_conflict_primary,ugly_gold,beautiful_trash,ugly_gold,True,True,False,3.9375,0.8125,3.9375,True,False
E5A_rq3_text_plus_image_internvl_retry2_20260730,OpenGVLab/InternVL3-8B,853e3a797a661694b1b8ece0cb72dc2b23e3dac9,cuda,rq3g_cuda_079__c5,semantic_only_under_ugly,ugly_gold,ugly_trash,ugly_gold,True,True,False,4.0,0.75,4.0,True,False
E5A_rq3_text_plus_image_internvl_retry2_20260730,OpenGVLab/InternVL3-8B,853e3a797a661694b1b8ece0cb72dc2b23e3dac9,cuda,rq3g_cuda_079__c6,visual_only_trash,beautiful_trash,ugly_trash,beautiful_trash,False,False,False,0.125,-1.375,0.125,True,False
E5A_rq3_text_plus_image_internvl_retry2_20260730,OpenGVLab/InternVL3-8B,853e3a797a661694b1b8ece0cb72dc2b23e3dac9,cuda,rq3g_cuda_080__c1,visual_only_gold,golden,ugly_gold,golden,False,False,False,-0.0625,-0.8125,-0.0625,False,False
E5A_rq3_text_plus_image_internvl_retry2_20260730,OpenGVLab/InternVL3-8B,853e3a797a661694b1b8ece0cb72dc2b23e3dac9,cuda,rq3g_cuda_080__c2,semantic_and_visual_aligned,golden,beautiful_trash,golden,True,True,False,4.5625,-0.0625,4.5625,True,False
E5A_rq3_text_plus_image_internvl_retry2_20260730,OpenGVLab/InternVL3-8B,853e3a797a661694b1b8ece0cb72dc2b23e3dac9,cuda,rq3g_cuda_080__c3,semantic_and_visual_aligned,golden,ugly_trash,golden,True,True,False,4.375,-0.125,4.375,True,False
E5A_rq3_text_plus_image_internvl_retry2_20260730,OpenGVLab/InternVL3-8B,853e3a797a661694b1b8ece0cb72dc2b23e3dac9,cuda,rq3g_cuda_080__c4,semantic_visual_conflict_primary,ugly_gold,beautiful_trash,ugly_gold,True,True,False,4.4375,-0.1875,4.4375,True,False
E5A_rq3_text_plus_image_internvl_retry2_20260730,OpenGVLab/InternVL3-8B,853e3a797a661694b1b8ece0cb72dc2b23e3dac9,cuda,rq3g_cuda_080__c5,semantic_only_under_ugly,ugly_gold,ugly_trash,ugly_gold,True,True,False,4.375,-0.125,4.375,True,False
E5A_rq3_text_plus_image_internvl_retry2_20260730,OpenGVLab/InternVL3-8B,853e3a797a661694b1b8ece0cb72dc2b23e3dac9,cuda,rq3g_cuda_080__c6,visual_only_trash,beautiful_trash,ugly_trash,beautiful_trash,False,False,False,-0.0625,-1.0625,-0.0625,False,False
E5A_rq3_text_plus_image_internvl_retry2_20260730,OpenGVLab/InternVL3-8B,853e3a797a661694b1b8ece0cb72dc2b23e3dac9,cuda,rq3g_cuda_081__c1,visual_only_gold,golden,ugly_gold,golden,True,True,False,0.25,0.125,0.25,True,False
E5A_rq3_text_plus_image_internvl_retry2_20260730,OpenGVLab/InternVL3-8B,853e3a797a661694b1b8ece0cb72dc2b23e3dac9,cuda,rq3g_cuda_081__c2,semantic_and_visual_aligned,golden,beautiful_trash,golden,True,True,False,4.5,-0.375,4.5,True,False
E5A_rq3_text_plus_image_internvl_retry2_20260730,OpenGVLab/InternVL3-8B,853e3a797a661694b1b8ece0cb72dc2b23e3dac9,cuda,rq3g_cuda_081__c3,semantic_and_visual_aligned,golden,ugly_trash,golden,True,True,False,4.5,0.0,4.5,True,False
E5A_rq3_text_plus_image_internvl_retry2_20260730,OpenGVLab/InternVL3-8B,853e3a797a661694b1b8ece0cb72dc2b23e3dac9,cuda,rq3g_cuda_081__c4,semantic_visual_conflict_primary,ugly_gold,beautiful_trash,ugly_gold,True,True,False,4.6875,-0.4375,4.6875,True,False
E5A_rq3_text_plus_image_internvl_retry2_20260730,OpenGVLab/InternVL3-8B,853e3a797a661694b1b8ece0cb72dc2b23e3dac9,cuda,rq3g_cuda_081__c5,semantic_only_under_ugly,ugly_gold,ugly_trash,ugly_gold,True,True,False,4.5625,-0.0625,4.5625,True,False
E5A_rq3_text_plus_image_internvl_retry2_20260730,OpenGVLab/InternVL3-8B,853e3a797a661694b1b8ece0cb72dc2b23e3dac9,cuda,rq3g_cuda_081__c6,visual_only_trash,beautiful_trash,ugly_trash,beautiful_trash,False,False,False,0.0625,-0.9375,0.0625,True,False
E5A_rq3_text_plus_image_internvl_retry2_20260730,OpenGVLab/InternVL3-8B,853e3a797a661694b1b8ece0cb72dc2b23e3dac9,cuda,rq3g_cuda_082__c1,visual_only_gold,golden,ugly_gold,golden,False,False,False,-0.1875,0.4375,-0.1875,False,False
E5A_rq3_text_plus_image_internvl_retry2_20260730,OpenGVLab/InternVL3-8B,853e3a797a661694b1b8ece0cb72dc2b23e3dac9,cuda,rq3g_cuda_082__c2,semantic_and_visual_aligned,golden,beautiful_trash,golden,True,True,False,4.1875,0.3125,4.1875,True,False
E5A_rq3_text_plus_image_internvl_retry2_20260730,OpenGVLab/InternVL3-8B,853e3a797a661694b1b8ece0cb72dc2b23e3dac9,cuda,rq3g_cuda_082__c3,semantic_and_visual_aligned,golden,ugly_trash,golden,True,True,False,4.3125,0.0625,4.3125,True,False
E5A_rq3_text_plus_image_internvl_retry2_20260730,OpenGVLab/InternVL3-8B,853e3a797a661694b1b8ece0cb72dc2b23e3dac9,cuda,rq3g_cuda_082__c4,semantic_visual_conflict_primary,ugly_gold,beautiful_trash,ugly_gold,True,True,False,4.0,0.25,4.0,True,False
E5A_rq3_text_plus_image_internvl_retry2_20260730,OpenGVLab/InternVL3-8B,853e3a797a661694b1b8ece0cb72dc2b23e3dac9,cuda,rq3g_cuda_082__c5,semantic_only_under_ugly,ugly_gold,ugly_trash,ugly_gold,True,True,False,4.0,0.25,4.0,True,False
E5A_rq3_text_plus_image_internvl_retry2_20260730,OpenGVLab/InternVL3-8B,853e3a797a661694b1b8ece0cb72dc2b23e3dac9,cuda,rq3g_cuda_082__c6,visual_only_trash,beautiful_trash,ugly_trash,beautiful_trash,False,False,False,0.0625,-1.0625,0.0625,True,False
E5A_rq3_text_plus_image_internvl_retry2_20260730,OpenGVLab/InternVL3-8B,853e3a797a661694b1b8ece0cb72dc2b23e3dac9,cuda,rq3g_cuda_083__c1,visual_only_gold,golden,ugly_gold,golden,False,False,False,0.0,1.0,0.0,False,True
E5A_rq3_text_plus_image_internvl_retry2_20260730,OpenGVLab/InternVL3-8B,853e3a797a661694b1b8ece0cb72dc2b23e3dac9,cuda,rq3g_cuda_083__c2,semantic_and_visual_aligned,golden,beautiful_trash,golden,True,True,False,3.6875,1.6875,3.6875,True,False
E5A_rq3_text_plus_image_internvl_retry2_20260730,OpenGVLab/InternVL3-8B,853e3a797a661694b1b8ece0cb72dc2b23e3dac9,cuda,rq3g_cuda_083__c3,semantic_and_visual_aligned,golden,ugly_trash,golden,True,True,False,3.75,1.5,3.75,True,False
E5A_rq3_text_plus_image_internvl_retry2_20260730,OpenGVLab/InternVL3-8B,853e3a797a661694b1b8ece0cb72dc2b23e3dac9,cuda,rq3g_cuda_083__c4,semantic_visual_conflict_primary,ugly_gold,beautiful_trash,ugly_gold,True,True,False,3.5,1.25,3.5,True,False
E5A_rq3_text_plus_image_internvl_retry2_20260730,OpenGVLab/InternVL3-8B,853e3a797a661694b1b8ece0cb72dc2b23e3dac9,cuda,rq3g_cuda_083__c5,semantic_only_under_ugly,ugly_gold,ugly_trash,ugly_gold,True,True,False,3.625,1.125,3.625,True,False
E5A_rq3_text_plus_image_internvl_retry2_20260730,OpenGVLab/InternVL3-8B,853e3a797a661694b1b8ece0cb72dc2b23e3dac9,cuda,rq3g_cuda_083__c6,visual_only_trash,beautiful_trash,ugly_trash,beautiful_trash,False,False,False,0.0,-0.5,0.0,False,True
E5A_rq3_text_plus_image_internvl_retry2_20260730,OpenGVLab/InternVL3-8B,853e3a797a661694b1b8ece0cb72dc2b23e3dac9,cuda,rq3g_cuda_084__c1,visual_only_gold,golden,ugly_gold,golden,False,False,False,0.0,2.625,0.0,False,True
E5A_rq3_text_plus_image_internvl_retry2_20260730,OpenGVLab/InternVL3-8B,853e3a797a661694b1b8ece0cb72dc2b23e3dac9,cuda,rq3g_cuda_084__c2,semantic_and_visual_aligned,golden,beautiful_trash,golden,True,True,False,4.0,1.375,4.0,True,False
E5A_rq3_text_plus_image_internvl_retry2_20260730,OpenGVLab/InternVL3-8B,853e3a797a661694b1b8ece0cb72dc2b23e3dac9,cuda,rq3g_cuda_084__c3,semantic_and_visual_aligned,golden,ugly_trash,golden,True,True,False,4.125,1.375,4.125,True,False
E5A_rq3_text_plus_image_internvl_retry2_20260730,OpenGVLab/InternVL3-8B,853e3a797a661694b1b8ece0cb72dc2b23e3dac9,cuda,rq3g_cuda_084__c4,semantic_visual_conflict_primary,ugly_gold,beautiful_trash,ugly_gold,True,True,False,3.875,1.5,3.875,True,False
E5A_rq3_text_plus_image_internvl_retry2_20260730,OpenGVLab/InternVL3-8B,853e3a797a661694b1b8ece0cb72dc2b23e3dac9,cuda,rq3g_cuda_084__c5,semantic_only_under_ugly,ugly_gold,ugly_trash,ugly_gold,True,True,False,3.8125,1.4375,3.8125,True,False
E5A_rq3_text_plus_image_internvl_retry2_20260730,OpenGVLab/InternVL3-8B,853e3a797a661694b1b8ece0cb72dc2b23e3dac9,cuda,rq3g_cuda_084__c6,visual_only_trash,beautiful_trash,ugly_trash,beautiful_trash,False,False,False,0.0625,-0.5625,0.0625,True,False
E5A_rq3_text_plus_image_internvl_retry2_20260730,OpenGVLab/InternVL3-8B,853e3a797a661694b1b8ece0cb72dc2b23e3dac9,cuda,rq3g_cuda_085__c1,visual_only_gold,golden,ugly_gold,golden,False,False,False,0.0625,-0.3125,0.0625,True,False
E5A_rq3_text_plus_image_internvl_retry2_20260730,OpenGVLab/InternVL3-8B,853e3a797a661694b1b8ece0cb72dc2b23e3dac9,cuda,rq3g_cuda_085__c2,semantic_and_visual_aligned,golden,beautiful_trash,golden,True,True,False,4.0,0.25,4.0,True,False
E5A_rq3_text_plus_image_internvl_retry2_20260730,OpenGVLab/InternVL3-8B,853e3a797a661694b1b8ece0cb72dc2b23e3dac9,cuda,rq3g_cuda_085__c3,semantic_and_visual_aligned,golden,ugly_trash,golden,True,True,False,4.3125,0.1875,4.3125,True,False
E5A_rq3_text_plus_image_internvl_retry2_20260730,OpenGVLab/InternVL3-8B,853e3a797a661694b1b8ece0cb72dc2b23e3dac9,cuda,rq3g_cuda_085__c4,semantic_visual_conflict_primary,ugly_gold,beautiful_trash,ugly_gold,True,True,False,4.0625,-0.3125,4.0625,True,False
E5A_rq3_text_plus_image_internvl_retry2_20260730,OpenGVLab/InternVL3-8B,853e3a797a661694b1b8ece0cb72dc2b23e3dac9,cuda,rq3g_cuda_085__c5,semantic_only_under_ugly,ugly_gold,ugly_trash,ugly_gold,True,True,False,4.375,0.0,4.375,True,False
E5A_rq3_text_plus_image_internvl_retry2_20260730,OpenGVLab/InternVL3-8B,853e3a797a661694b1b8ece0cb72dc2b23e3dac9,cuda,rq3g_cuda_085__c6,visual_only_trash,beautiful_trash,ugly_trash,beautiful_trash,False,False,False,0.125,-1.125,0.125,True,False
E5A_rq3_text_plus_image_internvl_retry2_20260730,OpenGVLab/InternVL3-8B,853e3a797a661694b1b8ece0cb72dc2b23e3dac9,cuda,rq3g_cuda_086__c1,visual_only_gold,golden,ugly_gold,golden,False,False,False,-0.0625,1.6875,-0.0625,False,False
E5A_rq3_text_plus_image_internvl_retry2_20260730,OpenGVLab/InternVL3-8B,853e3a797a661694b1b8ece0cb72dc2b23e3dac9,cuda,rq3g_cuda_086__c2,semantic_and_visual_aligned,golden,beautiful_trash,golden,True,True,False,5.125,0.75,5.125,True,False
E5A_rq3_text_plus_image_internvl_retry2_20260730,OpenGVLab/InternVL3-8B,853e3a797a661694b1b8ece0cb72dc2b23e3dac9,cuda,rq3g_cuda_086__c3,semantic_and_visual_aligned,golden,ugly_trash,golden,True,True,False,4.5,1.0,4.5,True,False
E5A_rq3_text_plus_image_internvl_retry2_20260730,OpenGVLab/InternVL3-8B,853e3a797a661694b1b8ece0cb72dc2b23e3dac9,cuda,rq3g_cuda_086__c4,semantic_visual_conflict_primary,ugly_gold,beautiful_trash,ugly_gold,True,True,False,5.3125,0.8125,5.3125,True,False
E5A_rq3_text_plus_image_internvl_retry2_20260730,OpenGVLab/InternVL3-8B,853e3a797a661694b1b8ece0cb72dc2b23e3dac9,cuda,rq3g_cuda_086__c5,semantic_only_under_ugly,ugly_gold,ugly_trash,ugly_gold,True,True,False,4.8125,1.0625,4.8125,True,False
E5A_rq3_text_plus_image_internvl_retry2_20260730,OpenGVLab/InternVL3-8B,853e3a797a661694b1b8ece0cb72dc2b23e3dac9,cuda,rq3g_cuda_086__c6,visual_only_trash,beautiful_trash,ugly_trash,beautiful_trash,False,False,False,0.25,0.5,0.25,True,False
E5A_rq3_text_plus_image_internvl_retry2_20260730,OpenGVLab/InternVL3-8B,853e3a797a661694b1b8ece0cb72dc2b23e3dac9,cuda,rq3g_cuda_087__c1,visual_only_gold,golden,ugly_gold,golden,False,False,False,0.1875,-1.6875,0.1875,True,False
E5A_rq3_text_plus_image_internvl_retry2_20260730,OpenGVLab/InternVL3-8B,853e3a797a661694b1b8ece0cb72dc2b23e3dac9,cuda,rq3g_cuda_087__c2,semantic_and_visual_aligned,golden,beautiful_trash,golden,True,True,False,3.8125,-0.4375,3.8125,True,False
E5A_rq3_text_plus_image_internvl_retry2_20260730,OpenGVLab/InternVL3-8B,853e3a797a661694b1b8ece0cb72dc2b23e3dac9,cuda,rq3g_cuda_087__c3,semantic_and_visual_aligned,golden,ugly_trash,golden,True,True,False,3.9375,-0.5625,3.9375,True,False
E5A_rq3_text_plus_image_internvl_retry2_20260730,OpenGVLab/InternVL3-8B,853e3a797a661694b1b8ece0cb72dc2b23e3dac9,cuda,rq3g_cuda_087__c4,semantic_visual_conflict_primary,ugly_gold,beautiful_trash,ugly_gold,True,True,False,3.875,-0.25,3.875,True,False
E5A_rq3_text_plus_image_internvl_retry2_20260730,OpenGVLab/InternVL3-8B,853e3a797a661694b1b8ece0cb72dc2b23e3dac9,cuda,rq3g_cuda_087__c5,semantic_only_under_ugly,ugly_gold,ugly_trash,ugly_gold,True,True,False,3.875,-0.5,3.875,True,False
E5A_rq3_text_plus_image_internvl_retry2_20260730,OpenGVLab/InternVL3-8B,853e3a797a661694b1b8ece0cb72dc2b23e3dac9,cuda,rq3g_cuda_087__c6,visual_only_trash,beautiful_trash,ugly_trash,beautiful_trash,False,False,False,0.1875,-1.3125,0.1875,True,False
E5A_rq3_text_plus_image_internvl_retry2_20260730,OpenGVLab/InternVL3-8B,853e3a797a661694b1b8ece0cb72dc2b23e3dac9,cuda,rq3g_cuda_088__c1,visual_only_gold,golden,ugly_gold,golden,False,False,False,0.1875,1.0625,0.1875,True,False
E5A_rq3_text_plus_image_internvl_retry2_20260730,OpenGVLab/InternVL3-8B,853e3a797a661694b1b8ece0cb72dc2b23e3dac9,cuda,rq3g_cuda_088__c2,semantic_and_visual_aligned,golden,beautiful_trash,golden,True,True,False,5.1875,0.5625,5.1875,True,False
E5A_rq3_text_plus_image_internvl_retry2_20260730,OpenGVLab/InternVL3-8B,853e3a797a661694b1b8ece0cb72dc2b23e3dac9,cuda,rq3g_cuda_088__c3,semantic_and_visual_aligned,golden,ugly_trash,golden,True,True,False,5.25,0.75,5.25,True,False
E5A_rq3_text_plus_image_internvl_retry2_20260730,OpenGVLab/InternVL3-8B,853e3a797a661694b1b8ece0cb72dc2b23e3dac9,cuda,rq3g_cuda_088__c4,semantic_visual_conflict_primary,ugly_gold,beautiful_trash,ugly_gold,True,True,False,4.9375,0.8125,4.9375,True,False
E5A_rq3_text_plus_image_internvl_retry2_20260730,OpenGVLab/InternVL3-8B,853e3a797a661694b1b8ece0cb72dc2b23e3dac9,cuda,rq3g_cuda_088__c5,semantic_only_under_ugly,ugly_gold,ugly_trash,ugly_gold,True,True,False,5.125,1.0,5.125,True,False
E5A_rq3_text_plus_image_internvl_retry2_20260730,OpenGVLab/InternVL3-8B,853e3a797a661694b1b8ece0cb72dc2b23e3dac9,cuda,rq3g_cuda_088__c6,visual_only_trash,beautiful_trash,ugly_trash,beautiful_trash,False,False,False,-0.0625,2.9375,-0.0625,False,False
E5A_rq3_text_plus_image_internvl_retry2_20260730,OpenGVLab/InternVL3-8B,853e3a797a661694b1b8ece0cb72dc2b23e3dac9,cuda,rq3g_cuda_089__c1,visual_only_gold,golden,ugly_gold,golden,False,False,False,-0.0625,0.5625,-0.0625,False,False
E5A_rq3_text_plus_image_internvl_retry2_20260730,OpenGVLab/InternVL3-8B,853e3a797a661694b1b8ece0cb72dc2b23e3dac9,cuda,rq3g_cuda_089__c2,semantic_and_visual_aligned,golden,beautiful_trash,golden,True,True,False,3.4375,-0.5625,3.4375,True,False
E5A_rq3_text_plus_image_internvl_retry2_20260730,OpenGVLab/InternVL3-8B,853e3a797a661694b1b8ece0cb72dc2b23e3dac9,cuda,rq3g_cuda_089__c3,semantic_and_visual_aligned,golden,ugly_trash,golden,True,True,False,3.125,-0.5,3.125,True,False
E5A_rq3_text_plus_image_internvl_retry2_20260730,OpenGVLab/InternVL3-8B,853e3a797a661694b1b8ece0cb72dc2b23e3dac9,cuda,rq3g_cuda_089__c4,semantic_visual_conflict_primary,ugly_gold,beautiful_trash,ugly_gold,True,True,False,2.9375,-0.6875,2.9375,True,False
E5A_rq3_text_plus_image_internvl_retry2_20260730,OpenGVLab/InternVL3-8B,853e3a797a661694b1b8ece0cb72dc2b23e3dac9,cuda,rq3g_cuda_089__c5,semantic_only_under_ugly,ugly_gold,ugly_trash,ugly_gold,True,True,False,3.0,-0.875,3.0,True,False
E5A_rq3_text_plus_image_internvl_retry2_20260730,OpenGVLab/InternVL3-8B,853e3a797a661694b1b8ece0cb72dc2b23e3dac9,cuda,rq3g_cuda_089__c6,visual_only_trash,beautiful_trash,ugly_trash,beautiful_trash,False,False,False,0.0,-1.375,0.0,False,True
E5A_rq3_text_plus_image_internvl_retry2_20260730,OpenGVLab/InternVL3-8B,853e3a797a661694b1b8ece0cb72dc2b23e3dac9,cuda,rq3g_cuda_090__c1,visual_only_gold,golden,ugly_gold,golden,False,False,False,0.0,0.375,0.0,False,True
E5A_rq3_text_plus_image_internvl_retry2_20260730,OpenGVLab/InternVL3-8B,853e3a797a661694b1b8ece0cb72dc2b23e3dac9,cuda,rq3g_cuda_090__c2,semantic_and_visual_aligned,golden,beautiful_trash,golden,True,True,False,4.25,0.5,4.25,True,False
E5A_rq3_text_plus_image_internvl_retry2_20260730,OpenGVLab/InternVL3-8B,853e3a797a661694b1b8ece0cb72dc2b23e3dac9,cuda,rq3g_cuda_090__c3,semantic_and_visual_aligned,golden,ugly_trash,golden,True,True,False,3.9375,0.5625,3.9375,True,False
E5A_rq3_text_plus_image_internvl_retry2_20260730,OpenGVLab/InternVL3-8B,853e3a797a661694b1b8ece0cb72dc2b23e3dac9,cuda,rq3g_cuda_090__c4,semantic_visual_conflict_primary,ugly_gold,beautiful_trash,ugly_gold,True,True,False,4.0,0.5,4.0,True,False
E5A_rq3_text_plus_image_internvl_retry2_20260730,OpenGVLab/InternVL3-8B,853e3a797a661694b1b8ece0cb72dc2b23e3dac9,cuda,rq3g_cuda_090__c5,semantic_only_under_ugly,ugly_gold,ugly_trash,ugly_gold,True,True,False,4.1875,0.1875,4.1875,True,False
E5A_rq3_text_plus_image_internvl_retry2_20260730,OpenGVLab/InternVL3-8B,853e3a797a661694b1b8ece0cb72dc2b23e3dac9,cuda,rq3g_cuda_090__c6,visual_only_trash,beautiful_trash,ugly_trash,beautiful_trash,True,True,False,0.125,-0.125,0.125,True,False
E5A_rq3_text_plus_image_internvl_retry2_20260730,OpenGVLab/InternVL3-8B,853e3a797a661694b1b8ece0cb72dc2b23e3dac9,cuda,rq3g_cuda_091__c1,visual_only_gold,golden,ugly_gold,golden,False,False,False,-0.125,1.875,-0.125,False,False
E5A_rq3_text_plus_image_internvl_retry2_20260730,OpenGVLab/InternVL3-8B,853e3a797a661694b1b8ece0cb72dc2b23e3dac9,cuda,rq3g_cuda_091__c2,semantic_and_visual_aligned,golden,beautiful_trash,golden,True,True,False,4.1875,0.5625,4.1875,True,False
E5A_rq3_text_plus_image_internvl_retry2_20260730,OpenGVLab/InternVL3-8B,853e3a797a661694b1b8ece0cb72dc2b23e3dac9,cuda,rq3g_cuda_091__c3,semantic_and_visual_aligned,golden,ugly_trash,golden,True,True,False,4.25,0.5,4.25,True,False
E5A_rq3_text_plus_image_internvl_retry2_20260730,OpenGVLab/InternVL3-8B,853e3a797a661694b1b8ece0cb72dc2b23e3dac9,cuda,rq3g_cuda_091__c4,semantic_visual_conflict_primary,ugly_gold,beautiful_trash,ugly_gold,True,True,False,4.0,0.5,4.0,True,False
E5A_rq3_text_plus_image_internvl_retry2_20260730,OpenGVLab/InternVL3-8B,853e3a797a661694b1b8ece0cb72dc2b23e3dac9,cuda,rq3g_cuda_091__c5,semantic_only_under_ugly,ugly_gold,ugly_trash,ugly_gold,True,True,False,4.1875,0.3125,4.1875,True,False
E5A_rq3_text_plus_image_internvl_retry2_20260730,OpenGVLab/InternVL3-8B,853e3a797a661694b1b8ece0cb72dc2b23e3dac9,cuda,rq3g_cuda_091__c6,visual_only_trash,beautiful_trash,ugly_trash,beautiful_trash,False,False,False,0.0625,0.1875,0.0625,True,False
E5A_rq3_text_plus_image_internvl_retry2_20260730,OpenGVLab/InternVL3-8B,853e3a797a661694b1b8ece0cb72dc2b23e3dac9,cuda,rq3g_cuda_092__c1,visual_only_gold,golden,ugly_gold,golden,False,False,False,0.0625,1.1875,0.0625,True,False
E5A_rq3_text_plus_image_internvl_retry2_20260730,OpenGVLab/InternVL3-8B,853e3a797a661694b1b8ece0cb72dc2b23e3dac9,cuda,rq3g_cuda_092__c2,semantic_and_visual_aligned,golden,beautiful_trash,golden,True,True,False,3.25,1.125,3.25,True,False
E5A_rq3_text_plus_image_internvl_retry2_20260730,OpenGVLab/InternVL3-8B,853e3a797a661694b1b8ece0cb72dc2b23e3dac9,cuda,rq3g_cuda_092__c3,semantic_and_visual_aligned,golden,ugly_trash,golden,True,True,False,3.3125,1.0625,3.3125,True,False
E5A_rq3_text_plus_image_internvl_retry2_20260730,OpenGVLab/InternVL3-8B,853e3a797a661694b1b8ece0cb72dc2b23e3dac9,cuda,rq3g_cuda_092__c4,semantic_visual_conflict_primary,ugly_gold,beautiful_trash,ugly_gold,True,True,False,3.1875,0.9375,3.1875,True,False
E5A_rq3_text_plus_image_internvl_retry2_20260730,OpenGVLab/InternVL3-8B,853e3a797a661694b1b8ece0cb72dc2b23e3dac9,cuda,rq3g_cuda_092__c5,semantic_only_under_ugly,ugly_gold,ugly_trash,ugly_gold,True,True,False,3.125,0.875,3.125,True,False
E5A_rq3_text_plus_image_internvl_retry2_20260730,OpenGVLab/InternVL3-8B,853e3a797a661694b1b8ece0cb72dc2b23e3dac9,cuda,rq3g_cuda_092__c6,visual_only_trash,beautiful_trash,ugly_trash,beautiful_trash,False,False,False,0.0625,-0.3125,0.0625,True,False
E5A_rq3_text_plus_image_internvl_retry2_20260730,OpenGVLab/InternVL3-8B,853e3a797a661694b1b8ece0cb72dc2b23e3dac9,cuda,rq3g_cuda_093__c1,visual_only_gold,golden,ugly_gold,golden,False,False,False,0.0625,0.8125,0.0625,True,False
E5A_rq3_text_plus_image_internvl_retry2_20260730,OpenGVLab/InternVL3-8B,853e3a797a661694b1b8ece0cb72dc2b23e3dac9,cuda,rq3g_cuda_093__c2,semantic_and_visual_aligned,golden,beautiful_trash,golden,True,True,False,2.625,1.25,2.625,True,False
E5A_rq3_text_plus_image_internvl_retry2_20260730,OpenGVLab/InternVL3-8B,853e3a797a661694b1b8ece0cb72dc2b23e3dac9,cuda,rq3g_cuda_093__c3,semantic_and_visual_aligned,golden,ugly_trash,golden,True,True,False,2.75,1.0,2.75,True,False
E5A_rq3_text_plus_image_internvl_retry2_20260730,OpenGVLab/InternVL3-8B,853e3a797a661694b1b8ece0cb72dc2b23e3dac9,cuda,rq3g_cuda_093__c4,semantic_visual_conflict_primary,ugly_gold,beautiful_trash,ugly_gold,True,True,False,2.75,0.875,2.75,True,False
E5A_rq3_text_plus_image_internvl_retry2_20260730,OpenGVLab/InternVL3-8B,853e3a797a661694b1b8ece0cb72dc2b23e3dac9,cuda,rq3g_cuda_093__c5,semantic_only_under_ugly,ugly_gold,ugly_trash,ugly_gold,True,True,False,2.625,1.0,2.625,True,False
E5A_rq3_text_plus_image_internvl_retry2_20260730,OpenGVLab/InternVL3-8B,853e3a797a661694b1b8ece0cb72dc2b23e3dac9,cuda,rq3g_cuda_093__c6,visual_only_trash,beautiful_trash,ugly_trash,beautiful_trash,False,False,False,0.0625,0.4375,0.0625,True,False
E5A_rq3_text_plus_image_internvl_retry2_20260730,OpenGVLab/InternVL3-8B,853e3a797a661694b1b8ece0cb72dc2b23e3dac9,cuda,rq3g_cuda_094__c1,visual_only_gold,golden,ugly_gold,golden,False,False,False,0.0,1.125,0.0,False,True
E5A_rq3_text_plus_image_internvl_retry2_20260730,OpenGVLab/InternVL3-8B,853e3a797a661694b1b8ece0cb72dc2b23e3dac9,cuda,rq3g_cuda_094__c2,semantic_and_visual_aligned,golden,beautiful_trash,golden,True,True,False,2.375,0.25,2.375,True,False
E5A_rq3_text_plus_image_internvl_retry2_20260730,OpenGVLab/InternVL3-8B,853e3a797a661694b1b8ece0cb72dc2b23e3dac9,cuda,rq3g_cuda_094__c3,semantic_and_visual_aligned,golden,ugly_trash,golden,True,True,False,2.0625,0.3125,2.0625,True,False
E5A_rq3_text_plus_image_internvl_retry2_20260730,OpenGVLab/InternVL3-8B,853e3a797a661694b1b8ece0cb72dc2b23e3dac9,cuda,rq3g_cuda_094__c4,semantic_visual_conflict_primary,ugly_gold,beautiful_trash,ugly_gold,True,True,False,2.1875,0.3125,2.1875,True,False
E5A_rq3_text_plus_image_internvl_retry2_20260730,OpenGVLab/InternVL3-8B,853e3a797a661694b1b8ece0cb72dc2b23e3dac9,cuda,rq3g_cuda_094__c5,semantic_only_under_ugly,ugly_gold,ugly_trash,ugly_gold,True,True,False,2.125,0.25,2.125,True,False
E5A_rq3_text_plus_image_internvl_retry2_20260730,OpenGVLab/InternVL3-8B,853e3a797a661694b1b8ece0cb72dc2b23e3dac9,cuda,rq3g_cuda_094__c6,visual_only_trash,beautiful_trash,ugly_trash,beautiful_trash,False,False,False,0.0,0.25,0.0,False,True
E5A_rq3_text_plus_image_internvl_retry2_20260730,OpenGVLab/InternVL3-8B,853e3a797a661694b1b8ece0cb72dc2b23e3dac9,cuda,rq3g_cuda_095__c1,visual_only_gold,golden,ugly_gold,golden,False,False,False,0.0625,0.8125,0.0625,True,False
E5A_rq3_text_plus_image_internvl_retry2_20260730,OpenGVLab/InternVL3-8B,853e3a797a661694b1b8ece0cb72dc2b23e3dac9,cuda,rq3g_cuda_095__c2,semantic_and_visual_aligned,golden,beautiful_trash,golden,True,True,False,5.625,0.75,5.625,True,False
E5A_rq3_text_plus_image_internvl_retry2_20260730,OpenGVLab/InternVL3-8B,853e3a797a661694b1b8ece0cb72dc2b23e3dac9,cuda,rq3g_cuda_095__c3,semantic_and_visual_aligned,golden,ugly_trash,golden,True,True,False,5.4375,0.8125,5.4375,True,False
E5A_rq3_text_plus_image_internvl_retry2_20260730,OpenGVLab/InternVL3-8B,853e3a797a661694b1b8ece0cb72dc2b23e3dac9,cuda,rq3g_cuda_095__c4,semantic_visual_conflict_primary,ugly_gold,beautiful_trash,ugly_gold,True,True,False,5.5,0.875,5.5,True,False
E5A_rq3_text_plus_image_internvl_retry2_20260730,OpenGVLab/InternVL3-8B,853e3a797a661694b1b8ece0cb72dc2b23e3dac9,cuda,rq3g_cuda_095__c5,semantic_only_under_ugly,ugly_gold,ugly_trash,ugly_gold,True,True,False,5.375,0.75,5.375,True,False
E5A_rq3_text_plus_image_internvl_retry2_20260730,OpenGVLab/InternVL3-8B,853e3a797a661694b1b8ece0cb72dc2b23e3dac9,cuda,rq3g_cuda_095__c6,visual_only_trash,beautiful_trash,ugly_trash,beautiful_trash,False,False,False,0.0625,-0.5625,0.0625,True,False
E5A_rq3_text_plus_image_internvl_retry2_20260730,OpenGVLab/InternVL3-8B,853e3a797a661694b1b8ece0cb72dc2b23e3dac9,cuda,rq3g_cuda_096__c1,visual_only_gold,golden,ugly_gold,golden,False,False,False,0.0625,-0.3125,0.0625,True,False
E5A_rq3_text_plus_image_internvl_retry2_20260730,OpenGVLab/InternVL3-8B,853e3a797a661694b1b8ece0cb72dc2b23e3dac9,cuda,rq3g_cuda_096__c2,semantic_and_visual_aligned,golden,beautiful_trash,golden,True,True,False,4.125,-0.125,4.125,True,False
E5A_rq3_text_plus_image_internvl_retry2_20260730,OpenGVLab/InternVL3-8B,853e3a797a661694b1b8ece0cb72dc2b23e3dac9,cuda,rq3g_cuda_096__c3,semantic_and_visual_aligned,golden,ugly_trash,golden,True,True,False,4.125,-0.125,4.125,True,False
E5A_rq3_text_plus_image_internvl_retry2_20260730,OpenGVLab/InternVL3-8B,853e3a797a661694b1b8ece0cb72dc2b23e3dac9,cuda,rq3g_cuda_096__c4,semantic_visual_conflict_primary,ugly_gold,beautiful_trash,ugly_gold,True,True,False,4.3125,-0.3125,4.3125,True,False
E5A_rq3_text_plus_image_internvl_retry2_20260730,OpenGVLab/InternVL3-8B,853e3a797a661694b1b8ece0cb72dc2b23e3dac9,cuda,rq3g_cuda_096__c5,semantic_only_under_ugly,ugly_gold,ugly_trash,ugly_gold,True,True,False,4.375,-0.375,4.375,True,False
E5A_rq3_text_plus_image_internvl_retry2_20260730,OpenGVLab/InternVL3-8B,853e3a797a661694b1b8ece0cb72dc2b23e3dac9,cuda,rq3g_cuda_096__c6,visual_only_trash,beautiful_trash,ugly_trash,beautiful_trash,False,False,False,-0.125,-1.0,-0.125,False,False
E5A_rq3_text_plus_image_internvl_retry2_20260730,OpenGVLab/InternVL3-8B,853e3a797a661694b1b8ece0cb72dc2b23e3dac9,cuda,rq3g_cuda_097__c1,visual_only_gold,golden,ugly_gold,golden,False,False,False,0.0,1.75,0.0,False,True
E5A_rq3_text_plus_image_internvl_retry2_20260730,OpenGVLab/InternVL3-8B,853e3a797a661694b1b8ece0cb72dc2b23e3dac9,cuda,rq3g_cuda_097__c2,semantic_and_visual_aligned,golden,beautiful_trash,golden,True,True,False,5.0,0.625,5.0,True,False
E5A_rq3_text_plus_image_internvl_retry2_20260730,OpenGVLab/InternVL3-8B,853e3a797a661694b1b8ece0cb72dc2b23e3dac9,cuda,rq3g_cuda_097__c3,semantic_and_visual_aligned,golden,ugly_trash,golden,True,True,False,5.125,0.375,5.125,True,False
E5A_rq3_text_plus_image_internvl_retry2_20260730,OpenGVLab/InternVL3-8B,853e3a797a661694b1b8ece0cb72dc2b23e3dac9,cuda,rq3g_cuda_097__c4,semantic_visual_conflict_primary,ugly_gold,beautiful_trash,ugly_gold,True,True,False,4.9375,0.3125,4.9375,True,False
E5A_rq3_text_plus_image_internvl_retry2_20260730,OpenGVLab/InternVL3-8B,853e3a797a661694b1b8ece0cb72dc2b23e3dac9,cuda,rq3g_cuda_097__c5,semantic_only_under_ugly,ugly_gold,ugly_trash,ugly_gold,True,True,False,5.0625,0.0625,5.0625,True,False
E5A_rq3_text_plus_image_internvl_retry2_20260730,OpenGVLab/InternVL3-8B,853e3a797a661694b1b8ece0cb72dc2b23e3dac9,cuda,rq3g_cuda_097__c6,visual_only_trash,beautiful_trash,ugly_trash,beautiful_trash,False,False,False,0.3125,-0.6875,0.3125,True,False
E5A_rq3_text_plus_image_internvl_retry2_20260730,OpenGVLab/InternVL3-8B,853e3a797a661694b1b8ece0cb72dc2b23e3dac9,cuda,rq3g_cuda_098__c1,visual_only_gold,golden,ugly_gold,golden,False,False,False,0.0,0.0,0.0,False,True
E5A_rq3_text_plus_image_internvl_retry2_20260730,OpenGVLab/InternVL3-8B,853e3a797a661694b1b8ece0cb72dc2b23e3dac9,cuda,rq3g_cuda_098__c2,semantic_and_visual_aligned,golden,beautiful_trash,golden,True,True,False,3.9375,0.0625,3.9375,True,False
E5A_rq3_text_plus_image_internvl_retry2_20260730,OpenGVLab/InternVL3-8B,853e3a797a661694b1b8ece0cb72dc2b23e3dac9,cuda,rq3g_cuda_098__c3,semantic_and_visual_aligned,golden,ugly_trash,golden,True,True,False,4.0625,-0.0625,4.0625,True,False
E5A_rq3_text_plus_image_internvl_retry2_20260730,OpenGVLab/InternVL3-8B,853e3a797a661694b1b8ece0cb72dc2b23e3dac9,cuda,rq3g_cuda_098__c4,semantic_visual_conflict_primary,ugly_gold,beautiful_trash,ugly_gold,True,True,False,3.9375,0.1875,3.9375,True,False
E5A_rq3_text_plus_image_internvl_retry2_20260730,OpenGVLab/InternVL3-8B,853e3a797a661694b1b8ece0cb72dc2b23e3dac9,cuda,rq3g_cuda_098__c5,semantic_only_under_ugly,ugly_gold,ugly_trash,ugly_gold,True,True,False,3.75,0.25,3.75,True,False
E5A_rq3_text_plus_image_internvl_retry2_20260730,OpenGVLab/InternVL3-8B,853e3a797a661694b1b8ece0cb72dc2b23e3dac9,cuda,rq3g_cuda_098__c6,visual_only_trash,beautiful_trash,ugly_trash,beautiful_trash,False,False,False,0.375,-0.5,0.375,True,False
E5A_rq3_text_plus_image_internvl_retry2_20260730,OpenGVLab/InternVL3-8B,853e3a797a661694b1b8ece0cb72dc2b23e3dac9,cuda,rq3g_cuda_099__c1,visual_only_gold,golden,ugly_gold,golden,False,False,False,-0.125,1.625,-0.125,False,False
E5A_rq3_text_plus_image_internvl_retry2_20260730,OpenGVLab/InternVL3-8B,853e3a797a661694b1b8ece0cb72dc2b23e3dac9,cuda,rq3g_cuda_099__c2,semantic_and_visual_aligned,golden,beautiful_trash,golden,True,True,False,2.625,1.25,2.625,True,False
E5A_rq3_text_plus_image_internvl_retry2_20260730,OpenGVLab/InternVL3-8B,853e3a797a661694b1b8ece0cb72dc2b23e3dac9,cuda,rq3g_cuda_099__c3,semantic_and_visual_aligned,golden,ugly_trash,golden,True,True,False,2.8125,1.3125,2.8125,True,False
E5A_rq3_text_plus_image_internvl_retry2_20260730,OpenGVLab/InternVL3-8B,853e3a797a661694b1b8ece0cb72dc2b23e3dac9,cuda,rq3g_cuda_099__c4,semantic_visual_conflict_primary,ugly_gold,beautiful_trash,ugly_gold,True,True,False,2.875,1.25,2.875,True,False
E5A_rq3_text_plus_image_internvl_retry2_20260730,OpenGVLab/InternVL3-8B,853e3a797a661694b1b8ece0cb72dc2b23e3dac9,cuda,rq3g_cuda_099__c5,semantic_only_under_ugly,ugly_gold,ugly_trash,ugly_gold,True,True,False,3.25,1.375,3.25,True,False
E5A_rq3_text_plus_image_internvl_retry2_20260730,OpenGVLab/InternVL3-8B,853e3a797a661694b1b8ece0cb72dc2b23e3dac9,cuda,rq3g_cuda_099__c6,visual_only_trash,beautiful_trash,ugly_trash,beautiful_trash,False,False,False,-0.0625,-0.6875,-0.0625,False,False
E5A_rq3_text_plus_image_internvl_retry2_20260730,OpenGVLab/InternVL3-8B,853e3a797a661694b1b8ece0cb72dc2b23e3dac9,java,rq3g_java_000__c1,visual_only_gold,golden,ugly_gold,golden,False,False,False,0.0,0.625,0.0,False,True
E5A_rq3_text_plus_image_internvl_retry2_20260730,OpenGVLab/InternVL3-8B,853e3a797a661694b1b8ece0cb72dc2b23e3dac9,java,rq3g_java_000__c2,semantic_and_visual_aligned,golden,beautiful_trash,golden,True,True,False,5.125,-0.25,5.125,True,False
E5A_rq3_text_plus_image_internvl_retry2_20260730,OpenGVLab/InternVL3-8B,853e3a797a661694b1b8ece0cb72dc2b23e3dac9,java,rq3g_java_000__c3,semantic_and_visual_aligned,golden,ugly_trash,golden,True,True,False,5.0,-0.125,5.0,True,False
E5A_rq3_text_plus_image_internvl_retry2_20260730,OpenGVLab/InternVL3-8B,853e3a797a661694b1b8ece0cb72dc2b23e3dac9,java,rq3g_java_000__c4,semantic_visual_conflict_primary,ugly_gold,beautiful_trash,ugly_gold,True,True,False,4.9375,-0.1875,4.9375,True,False
E5A_rq3_text_plus_image_internvl_retry2_20260730,OpenGVLab/InternVL3-8B,853e3a797a661694b1b8ece0cb72dc2b23e3dac9,java,rq3g_java_000__c5,semantic_only_under_ugly,ugly_gold,ugly_trash,ugly_gold,True,True,False,5.125,-0.25,5.125,True,False
E5A_rq3_text_plus_image_internvl_retry2_20260730,OpenGVLab/InternVL3-8B,853e3a797a661694b1b8ece0cb72dc2b23e3dac9,java,rq3g_java_000__c6,visual_only_trash,beautiful_trash,ugly_trash,beautiful_trash,False,False,False,-0.0625,-0.5625,-0.0625,False,False
E5A_rq3_text_plus_image_internvl_retry2_20260730,OpenGVLab/InternVL3-8B,853e3a797a661694b1b8ece0cb72dc2b23e3dac9,java,rq3g_java_001__c1,visual_only_gold,golden,ugly_gold,golden,False,False,False,0.0,1.0,0.0,False,True
E5A_rq3_text_plus_image_internvl_retry2_20260730,OpenGVLab/InternVL3-8B,853e3a797a661694b1b8ece0cb72dc2b23e3dac9,java,rq3g_java_001__c2,semantic_and_visual_aligned,golden,beautiful_trash,golden,True,True,False,5.875,0.125,5.875,True,False
E5A_rq3_text_plus_image_internvl_retry2_20260730,OpenGVLab/InternVL3-8B,853e3a797a661694b1b8ece0cb72dc2b23e3dac9,java,rq3g_java_001__c3,semantic_and_visual_aligned,golden,ugly_trash,golden,True,True,False,5.6875,0.1875,5.6875,True,False
E5A_rq3_text_plus_image_internvl_retry2_20260730,OpenGVLab/InternVL3-8B,853e3a797a661694b1b8ece0cb72dc2b23e3dac9,java,rq3g_java_001__c4,semantic_visual_conflict_primary,ugly_gold,beautiful_trash,ugly_gold,True,True,False,5.75,0.0,5.75,True,False
E5A_rq3_text_plus_image_internvl_retry2_20260730,OpenGVLab/InternVL3-8B,853e3a797a661694b1b8ece0cb72dc2b23e3dac9,java,rq3g_java_001__c5,semantic_only_under_ugly,ugly_gold,ugly_trash,ugly_gold,True,True,False,5.75,-0.125,5.75,True,False
E5A_rq3_text_plus_image_internvl_retry2_20260730,OpenGVLab/InternVL3-8B,853e3a797a661694b1b8ece0cb72dc2b23e3dac9,java,rq3g_java_001__c6,visual_only_trash,beautiful_trash,ugly_trash,beautiful_trash,False,False,False,0.25,-2.25,0.25,True,False
E5A_rq3_text_plus_image_internvl_retry2_20260730,OpenGVLab/InternVL3-8B,853e3a797a661694b1b8ece0cb72dc2b23e3dac9,java,rq3g_java_002__c1,visual_only_gold,golden,ugly_gold,golden,False,False,False,0.0,-0.375,0.0,False,True
E5A_rq3_text_plus_image_internvl_retry2_20260730,OpenGVLab/InternVL3-8B,853e3a797a661694b1b8ece0cb72dc2b23e3dac9,java,rq3g_java_002__c2,semantic_and_visual_aligned,golden,beautiful_trash,golden,True,True,False,3.9375,-0.5625,3.9375,True,False
E5A_rq3_text_plus_image_internvl_retry2_20260730,OpenGVLab/InternVL3-8B,853e3a797a661694b1b8ece0cb72dc2b23e3dac9,java,rq3g_java_002__c3,semantic_and_visual_aligned,golden,ugly_trash,golden,True,True,False,3.75,-0.75,3.75,True,False
E5A_rq3_text_plus_image_internvl_retry2_20260730,OpenGVLab/InternVL3-8B,853e3a797a661694b1b8ece0cb72dc2b23e3dac9,java,rq3g_java_002__c4,semantic_visual_conflict_primary,ugly_gold,beautiful_trash,ugly_gold,True,True,False,3.625,-0.625,3.625,True,False
E5A_rq3_text_plus_image_internvl_retry2_20260730,OpenGVLab/InternVL3-8B,853e3a797a661694b1b8ece0cb72dc2b23e3dac9,java,rq3g_java_002__c5,semantic_only_under_ugly,ugly_gold,ugly_trash,ugly_gold,True,True,False,3.75,-1.0,3.75,True,False
E5A_rq3_text_plus_image_internvl_retry2_20260730,OpenGVLab/InternVL3-8B,853e3a797a661694b1b8ece0cb72dc2b23e3dac9,java,rq3g_java_002__c6,visual_only_trash,beautiful_trash,ugly_trash,beautiful_trash,False,False,False,0.25,-1.5,0.25,True,False
E5A_rq3_text_plus_image_internvl_retry2_20260730,OpenGVLab/InternVL3-8B,853e3a797a661694b1b8ece0cb72dc2b23e3dac9,java,rq3g_java_003__c1,visual_only_gold,golden,ugly_gold,golden,False,False,False,0.0625,-0.6875,0.0625,True,False
E5A_rq3_text_plus_image_internvl_retry2_20260730,OpenGVLab/InternVL3-8B,853e3a797a661694b1b8ece0cb72dc2b23e3dac9,java,rq3g_java_003__c2,semantic_and_visual_aligned,golden,beautiful_trash,golden,True,True,False,4.75,-0.125,4.75,True,False
E5A_rq3_text_plus_image_internvl_retry2_20260730,OpenGVLab/InternVL3-8B,853e3a797a661694b1b8ece0cb72dc2b23e3dac9,java,rq3g_java_003__c3,semantic_and_visual_aligned,golden,ugly_trash,golden,True,True,False,4.9375,-0.0625,4.9375,True,False
E5A_rq3_text_plus_image_internvl_retry2_20260730,OpenGVLab/InternVL3-8B,853e3a797a661694b1b8ece0cb72dc2b23e3dac9,java,rq3g_java_003__c4,semantic_visual_conflict_primary,ugly_gold,beautiful_trash,ugly_gold,True,True,False,4.5625,-0.0625,4.5625,True,False
E5A_rq3_text_plus_image_internvl_retry2_20260730,OpenGVLab/InternVL3-8B,853e3a797a661694b1b8ece0cb72dc2b23e3dac9,java,rq3g_java_003__c5,semantic_only_under_ugly,ugly_gold,ugly_trash,ugly_gold,True,True,False,4.75,-0.125,4.75,True,False
E5A_rq3_text_plus_image_internvl_retry2_20260730,OpenGVLab/InternVL3-8B,853e3a797a661694b1b8ece0cb72dc2b23e3dac9,java,rq3g_java_003__c6,visual_only_trash,beautiful_trash,ugly_trash,beautiful_trash,False,False,False,-0.0625,-1.6875,-0.0625,False,False
E5A_rq3_text_plus_image_internvl_retry2_20260730,OpenGVLab/InternVL3-8B,853e3a797a661694b1b8ece0cb72dc2b23e3dac9,java,rq3g_java_004__c1,visual_only_gold,golden,ugly_gold,golden,True,True,False,0.25,-0.25,0.25,True,False
E5A_rq3_text_plus_image_internvl_retry2_20260730,OpenGVLab/InternVL3-8B,853e3a797a661694b1b8ece0cb72dc2b23e3dac9,java,rq3g_java_004__c2,semantic_and_visual_aligned,golden,beautiful_trash,golden,True,True,False,3.9375,-0.5625,3.9375,True,False
E5A_rq3_text_plus_image_internvl_retry2_20260730,OpenGVLab/InternVL3-8B,853e3a797a661694b1b8ece0cb72dc2b23e3dac9,java,rq3g_java_004__c3,semantic_and_visual_aligned,golden,ugly_trash,golden,True,True,False,3.9375,-0.1875,3.9375,True,False
E5A_rq3_text_plus_image_internvl_retry2_20260730,OpenGVLab/InternVL3-8B,853e3a797a661694b1b8ece0cb72dc2b23e3dac9,java,rq3g_java_004__c4,semantic_visual_conflict_primary,ugly_gold,beautiful_trash,ugly_gold,True,True,False,3.875,-0.625,3.875,True,False
E5A_rq3_text_plus_image_internvl_retry2_20260730,OpenGVLab/InternVL3-8B,853e3a797a661694b1b8ece0cb72dc2b23e3dac9,java,rq3g_java_004__c5,semantic_only_under_ugly,ugly_gold,ugly_trash,ugly_gold,True,True,False,3.75,-0.125,3.75,True,False
E5A_rq3_text_plus_image_internvl_retry2_20260730,OpenGVLab/InternVL3-8B,853e3a797a661694b1b8ece0cb72dc2b23e3dac9,java,rq3g_java_004__c6,visual_only_trash,beautiful_trash,ugly_trash,beautiful_trash,False,False,False,0.1875,-0.6875,0.1875,True,False
E5A_rq3_text_plus_image_internvl_retry2_20260730,OpenGVLab/InternVL3-8B,853e3a797a661694b1b8ece0cb72dc2b23e3dac9,java,rq3g_java_005__c1,visual_only_gold,golden,ugly_gold,golden,False,False,False,0.5,-0.625,0.5,True,False
E5A_rq3_text_plus_image_internvl_retry2_20260730,OpenGVLab/InternVL3-8B,853e3a797a661694b1b8ece0cb72dc2b23e3dac9,java,rq3g_java_005__c2,semantic_and_visual_aligned,golden,beautiful_trash,golden,True,True,False,5.0,0.25,5.0,True,False
E5A_rq3_text_plus_image_internvl_retry2_20260730,OpenGVLab/InternVL3-8B,853e3a797a661694b1b8ece0cb72dc2b23e3dac9,java,rq3g_java_005__c3,semantic_and_visual_aligned,golden,ugly_trash,golden,True,True,False,5.375,0.25,5.375,True,False
E5A_rq3_text_plus_image_internvl_retry2_20260730,OpenGVLab/InternVL3-8B,853e3a797a661694b1b8ece0cb72dc2b23e3dac9,java,rq3g_java_005__c4,semantic_visual_conflict_primary,ugly_gold,beautiful_trash,ugly_gold,True,True,False,5.0625,0.0625,5.0625,True,False
E5A_rq3_text_plus_image_internvl_retry2_20260730,OpenGVLab/InternVL3-8B,853e3a797a661694b1b8ece0cb72dc2b23e3dac9,java,rq3g_java_005__c5,semantic_only_under_ugly,ugly_gold,ugly_trash,ugly_gold,True,True,False,5.3125,0.1875,5.3125,True,False
E5A_rq3_text_plus_image_internvl_retry2_20260730,OpenGVLab/InternVL3-8B,853e3a797a661694b1b8ece0cb72dc2b23e3dac9,java,rq3g_java_005__c6,visual_only_trash,beautiful_trash,ugly_trash,beautiful_trash,False,False,False,0.1875,-0.6875,0.1875,True,False
E5A_rq3_text_plus_image_internvl_retry2_20260730,OpenGVLab/InternVL3-8B,853e3a797a661694b1b8ece0cb72dc2b23e3dac9,java,rq3g_java_006__c1,visual_only_gold,golden,ugly_gold,golden,True,True,False,0.125,-0.125,0.125,True,False
E5A_rq3_text_plus_image_internvl_retry2_20260730,OpenGVLab/InternVL3-8B,853e3a797a661694b1b8ece0cb72dc2b23e3dac9,java,rq3g_java_006__c2,semantic_and_visual_aligned,golden,beautiful_trash,golden,True,True,False,5.75,-0.125,5.75,True,False
E5A_rq3_text_plus_image_internvl_retry2_20260730,OpenGVLab/InternVL3-8B,853e3a797a661694b1b8ece0cb72dc2b23e3dac9,java,rq3g_java_006__c3,semantic_and_visual_aligned,golden,ugly_trash,golden,True,True,False,5.5625,-0.3125,5.5625,True,False
E5A_rq3_text_plus_image_internvl_retry2_20260730,OpenGVLab/InternVL3-8B,853e3a797a661694b1b8ece0cb72dc2b23e3dac9,java,rq3g_java_006__c4,semantic_visual_conflict_primary,ugly_gold,beautiful_trash,ugly_gold,True,True,False,5.75,-0.25,5.75,True,False
E5A_rq3_text_plus_image_internvl_retry2_20260730,OpenGVLab/InternVL3-8B,853e3a797a661694b1b8ece0cb72dc2b23e3dac9,java,rq3g_java_006__c5,semantic_only_under_ugly,ugly_gold,ugly_trash,ugly_gold,True,True,False,5.6875,-0.3125,5.6875,True,False
E5A_rq3_text_plus_image_internvl_retry2_20260730,OpenGVLab/InternVL3-8B,853e3a797a661694b1b8ece0cb72dc2b23e3dac9,java,rq3g_java_006__c6,visual_only_trash,beautiful_trash,ugly_trash,beautiful_trash,False,False,False,0.375,-1.75,0.375,True,False
E5A_rq3_text_plus_image_internvl_retry2_20260730,OpenGVLab/InternVL3-8B,853e3a797a661694b1b8ece0cb72dc2b23e3dac9,java,rq3g_java_007__c1,visual_only_gold,golden,ugly_gold,golden,False,False,False,0.0,0.5,0.0,False,True
E5A_rq3_text_plus_image_internvl_retry2_20260730,OpenGVLab/InternVL3-8B,853e3a797a661694b1b8ece0cb72dc2b23e3dac9,java,rq3g_java_007__c2,semantic_and_visual_aligned,golden,beautiful_trash,golden,True,True,False,4.9375,-0.0625,4.9375,True,False
E5A_rq3_text_plus_image_internvl_retry2_20260730,OpenGVLab/InternVL3-8B,853e3a797a661694b1b8ece0cb72dc2b23e3dac9,java,rq3g_java_007__c3,semantic_and_visual_aligned,golden,ugly_trash,golden,True,True,False,4.3125,0.8125,4.3125,True,False
E5A_rq3_text_plus_image_internvl_retry2_20260730,OpenGVLab/InternVL3-8B,853e3a797a661694b1b8ece0cb72dc2b23e3dac9,java,rq3g_java_007__c4,semantic_visual_conflict_primary,ugly_gold,beautiful_trash,ugly_gold,True,True,False,4.6875,-0.4375,4.6875,True,False
E5A_rq3_text_plus_image_internvl_retry2_20260730,OpenGVLab/InternVL3-8B,853e3a797a661694b1b8ece0cb72dc2b23e3dac9,java,rq3g_java_007__c5,semantic_only_under_ugly,ugly_gold,ugly_trash,ugly_gold,True,True,False,4.8125,-0.1875,4.8125,True,False
E5A_rq3_text_plus_image_internvl_retry2_20260730,OpenGVLab/InternVL3-8B,853e3a797a661694b1b8ece0cb72dc2b23e3dac9,java,rq3g_java_007__c6,visual_only_trash,beautiful_trash,ugly_trash,beautiful_trash,False,False,False,-0.0625,-1.6875,-0.0625,False,False
E5A_rq3_text_plus_image_internvl_retry2_20260730,OpenGVLab/InternVL3-8B,853e3a797a661694b1b8ece0cb72dc2b23e3dac9,java,rq3g_java_008__c1,visual_only_gold,golden,ugly_gold,golden,True,True,False,0.0625,-0.0625,0.0625,True,False
E5A_rq3_text_plus_image_internvl_retry2_20260730,OpenGVLab/InternVL3-8B,853e3a797a661694b1b8ece0cb72dc2b23e3dac9,java,rq3g_java_008__c2,semantic_and_visual_aligned,golden,beautiful_trash,golden,True,True,False,4.8125,-0.1875,4.8125,True,False
E5A_rq3_text_plus_image_internvl_retry2_20260730,OpenGVLab/InternVL3-8B,853e3a797a661694b1b8ece0cb72dc2b23e3dac9,java,rq3g_java_008__c3,semantic_and_visual_aligned,golden,ugly_trash,golden,True,True,False,4.8125,-0.0625,4.8125,True,False
E5A_rq3_text_plus_image_internvl_retry2_20260730,OpenGVLab/InternVL3-8B,853e3a797a661694b1b8ece0cb72dc2b23e3dac9,java,rq3g_java_008__c4,semantic_visual_conflict_primary,ugly_gold,beautiful_trash,ugly_gold,True,True,False,4.125,-0.5,4.125,True,False
E5A_rq3_text_plus_image_internvl_retry2_20260730,OpenGVLab/InternVL3-8B,853e3a797a661694b1b8ece0cb72dc2b23e3dac9,java,rq3g_java_008__c5,semantic_only_under_ugly,ugly_gold,ugly_trash,ugly_gold,True,True,False,4.0625,-0.4375,4.0625,True,False
E5A_rq3_text_plus_image_internvl_retry2_20260730,OpenGVLab/InternVL3-8B,853e3a797a661694b1b8ece0cb72dc2b23e3dac9,java,rq3g_java_008__c6,visual_only_trash,beautiful_trash,ugly_trash,beautiful_trash,False,False,False,0.1875,-0.6875,0.1875,True,False
E5A_rq3_text_plus_image_internvl_retry2_20260730,OpenGVLab/InternVL3-8B,853e3a797a661694b1b8ece0cb72dc2b23e3dac9,java,rq3g_java_009__c1,visual_only_gold,golden,ugly_gold,golden,False,False,False,0.125,-1.25,0.125,True,False
E5A_rq3_text_plus_image_internvl_retry2_20260730,OpenGVLab/InternVL3-8B,853e3a797a661694b1b8ece0cb72dc2b23e3dac9,java,rq3g_java_009__c2,semantic_and_visual_aligned,golden,beautiful_trash,golden,True,True,False,5.9375,-0.4375,5.9375,True,False
E5A_rq3_text_plus_image_internvl_retry2_20260730,OpenGVLab/InternVL3-8B,853e3a797a661694b1b8ece0cb72dc2b23e3dac9,java,rq3g_java_009__c3,semantic_and_visual_aligned,golden,ugly_trash,golden,True,True,False,6.1875,-0.1875,6.1875,True,False
E5A_rq3_text_plus_image_internvl_retry2_20260730,OpenGVLab/InternVL3-8B,853e3a797a661694b1b8ece0cb72dc2b23e3dac9,java,rq3g_java_009__c4,semantic_visual_conflict_primary,ugly_gold,beautiful_trash,ugly_gold,True,True,False,5.8125,-0.4375,5.8125,True,False
E5A_rq3_text_plus_image_internvl_retry2_20260730,OpenGVLab/InternVL3-8B,853e3a797a661694b1b8ece0cb72dc2b23e3dac9,java,rq3g_java_009__c5,semantic_only_under_ugly,ugly_gold,ugly_trash,ugly_gold,True,True,False,5.75,-0.25,5.75,True,False
E5A_rq3_text_plus_image_internvl_retry2_20260730,OpenGVLab/InternVL3-8B,853e3a797a661694b1b8ece0cb72dc2b23e3dac9,java,rq3g_java_009__c6,visual_only_trash,beautiful_trash,ugly_trash,beautiful_trash,False,False,False,0.125,-2.5,0.125,True,False
E5A_rq3_text_plus_image_internvl_retry2_20260730,OpenGVLab/InternVL3-8B,853e3a797a661694b1b8ece0cb72dc2b23e3dac9,java,rq3g_java_010__c1,visual_only_gold,golden,ugly_gold,golden,False,False,False,-0.0625,-0.1875,-0.0625,False,False
E5A_rq3_text_plus_image_internvl_retry2_20260730,OpenGVLab/InternVL3-8B,853e3a797a661694b1b8ece0cb72dc2b23e3dac9,java,rq3g_java_010__c2,semantic_and_visual_aligned,golden,beautiful_trash,golden,True,True,False,3.3125,-0.3125,3.3125,True,False
E5A_rq3_text_plus_image_internvl_retry2_20260730,OpenGVLab/InternVL3-8B,853e3a797a661694b1b8ece0cb72dc2b23e3dac9,java,rq3g_java_010__c3,semantic_and_visual_aligned,golden,ugly_trash,golden,True,True,False,3.3125,-0.1875,3.3125,True,False
E5A_rq3_text_plus_image_internvl_retry2_20260730,OpenGVLab/InternVL3-8B,853e3a797a661694b1b8ece0cb72dc2b23e3dac9,java,rq3g_java_010__c4,semantic_visual_conflict_primary,ugly_gold,beautiful_trash,ugly_gold,True,True,False,3.875,-0.375,3.875,True,False
E5A_rq3_text_plus_image_internvl_retry2_20260730,OpenGVLab/InternVL3-8B,853e3a797a661694b1b8ece0cb72dc2b23e3dac9,java,rq3g_java_010__c5,semantic_only_under_ugly,ugly_gold,ugly_trash,ugly_gold,True,True,False,3.6875,-0.4375,3.6875,True,False
E5A_rq3_text_plus_image_internvl_retry2_20260730,OpenGVLab/InternVL3-8B,853e3a797a661694b1b8ece0cb72dc2b23e3dac9,java,rq3g_java_010__c6,visual_only_trash,beautiful_trash,ugly_trash,beautiful_trash,False,False,False,-0.0625,-0.1875,-0.0625,False,False
E5A_rq3_text_plus_image_internvl_retry2_20260730,OpenGVLab/InternVL3-8B,853e3a797a661694b1b8ece0cb72dc2b23e3dac9,java,rq3g_java_011__c1,visual_only_gold,golden,ugly_gold,golden,False,False,False,0.3125,-1.4375,0.3125,True,False
E5A_rq3_text_plus_image_internvl_retry2_20260730,OpenGVLab/InternVL3-8B,853e3a797a661694b1b8ece0cb72dc2b23e3dac9,java,rq3g_java_011__c2,semantic_and_visual_aligned,golden,beautiful_trash,golden,True,True,False,4.625,-0.5,4.625,True,False
E5A_rq3_text_plus_image_internvl_retry2_20260730,OpenGVLab/InternVL3-8B,853e3a797a661694b1b8ece0cb72dc2b23e3dac9,java,rq3g_java_011__c3,semantic_and_visual_aligned,golden,ugly_trash,golden,True,True,False,4.5,-0.625,4.5,True,False
E5A_rq3_text_plus_image_internvl_retry2_20260730,OpenGVLab/InternVL3-8B,853e3a797a661694b1b8ece0cb72dc2b23e3dac9,java,rq3g_java_011__c4,semantic_visual_conflict_primary,ugly_gold,beautiful_trash,ugly_gold,True,True,False,4.625,-0.75,4.625,True,False
E5A_rq3_text_plus_image_internvl_retry2_20260730,OpenGVLab/InternVL3-8B,853e3a797a661694b1b8ece0cb72dc2b23e3dac9,java,rq3g_java_011__c5,semantic_only_under_ugly,ugly_gold,ugly_trash,ugly_gold,True,True,False,4.5625,-0.6875,4.5625,True,False
E5A_rq3_text_plus_image_internvl_retry2_20260730,OpenGVLab/InternVL3-8B,853e3a797a661694b1b8ece0cb72dc2b23e3dac9,java,rq3g_java_011__c6,visual_only_trash,beautiful_trash,ugly_trash,beautiful_trash,False,False,False,0.0625,-0.9375,0.0625,True,False
E5A_rq3_text_plus_image_internvl_retry2_20260730,OpenGVLab/InternVL3-8B,853e3a797a661694b1b8ece0cb72dc2b23e3dac9,java,rq3g_java_012__c1,visual_only_gold,golden,ugly_gold,golden,False,False,False,0.125,0.375,0.125,True,False
E5A_rq3_text_plus_image_internvl_retry2_20260730,OpenGVLab/InternVL3-8B,853e3a797a661694b1b8ece0cb72dc2b23e3dac9,java,rq3g_java_012__c2,semantic_and_visual_aligned,golden,beautiful_trash,golden,True,True,False,4.875,-0.5,4.875,True,False
E5A_rq3_text_plus_image_internvl_retry2_20260730,OpenGVLab/InternVL3-8B,853e3a797a661694b1b8ece0cb72dc2b23e3dac9,java,rq3g_java_012__c3,semantic_and_visual_aligned,golden,ugly_trash,golden,True,True,False,4.875,-0.5,4.875,True,False
E5A_rq3_text_plus_image_internvl_retry2_20260730,OpenGVLab/InternVL3-8B,853e3a797a661694b1b8ece0cb72dc2b23e3dac9,java,rq3g_java_012__c4,semantic_visual_conflict_primary,ugly_gold,beautiful_trash,ugly_gold,True,True,False,4.5,-0.75,4.5,True,False
E5A_rq3_text_plus_image_internvl_retry2_20260730,OpenGVLab/InternVL3-8B,853e3a797a661694b1b8ece0cb72dc2b23e3dac9,java,rq3g_java_012__c5,semantic_only_under_ugly,ugly_gold,ugly_trash,ugly_gold,True,True,False,4.375,-0.625,4.375,True,False
E5A_rq3_text_plus_image_internvl_retry2_20260730,OpenGVLab/InternVL3-8B,853e3a797a661694b1b8ece0cb72dc2b23e3dac9,java,rq3g_java_012__c6,visual_only_trash,beautiful_trash,ugly_trash,beautiful_trash,False,False,False,-0.0625,-0.4375,-0.0625,False,False
E5A_rq3_text_plus_image_internvl_retry2_20260730,OpenGVLab/InternVL3-8B,853e3a797a661694b1b8ece0cb72dc2b23e3dac9,java,rq3g_java_013__c1,visual_only_gold,golden,ugly_gold,golden,False,False,False,0.0,1.375,0.0,False,True
E5A_rq3_text_plus_image_internvl_retry2_20260730,OpenGVLab/InternVL3-8B,853e3a797a661694b1b8ece0cb72dc2b23e3dac9,java,rq3g_java_013__c2,semantic_and_visual_aligned,golden,beautiful_trash,golden,True,True,False,5.25,0.25,5.25,True,False
E5A_rq3_text_plus_image_internvl_retry2_20260730,OpenGVLab/InternVL3-8B,853e3a797a661694b1b8ece0cb72dc2b23e3dac9,java,rq3g_java_013__c3,semantic_and_visual_aligned,golden,ugly_trash,golden,True,True,False,4.75,0.0,4.75,True,False
E5A_rq3_text_plus_image_internvl_retry2_20260730,OpenGVLab/InternVL3-8B,853e3a797a661694b1b8ece0cb72dc2b23e3dac9,java,rq3g_java_013__c4,semantic_visual_conflict_primary,ugly_gold,beautiful_trash,ugly_gold,True,True,False,5.1875,0.1875,5.1875,True,False
E5A_rq3_text_plus_image_internvl_retry2_20260730,OpenGVLab/InternVL3-8B,853e3a797a661694b1b8ece0cb72dc2b23e3dac9,java,rq3g_java_013__c5,semantic_only_under_ugly,ugly_gold,ugly_trash,ugly_gold,True,True,False,4.75,0.0,4.75,True,False
E5A_rq3_text_plus_image_internvl_retry2_20260730,OpenGVLab/InternVL3-8B,853e3a797a661694b1b8ece0cb72dc2b23e3dac9,java,rq3g_java_013__c6,visual_only_trash,beautiful_trash,ugly_trash,beautiful_trash,False,False,False,0.1875,-0.4375,0.1875,True,False
E5A_rq3_text_plus_image_internvl_retry2_20260730,OpenGVLab/InternVL3-8B,853e3a797a661694b1b8ece0cb72dc2b23e3dac9,java,rq3g_java_014__c1,visual_only_gold,golden,ugly_gold,golden,False,False,False,0.0,0.75,0.0,False,True
E5A_rq3_text_plus_image_internvl_retry2_20260730,OpenGVLab/InternVL3-8B,853e3a797a661694b1b8ece0cb72dc2b23e3dac9,java,rq3g_java_014__c2,semantic_and_visual_aligned,golden,beautiful_trash,golden,True,True,False,4.0,0.625,4.0,True,False
E5A_rq3_text_plus_image_internvl_retry2_20260730,OpenGVLab/InternVL3-8B,853e3a797a661694b1b8ece0cb72dc2b23e3dac9,java,rq3g_java_014__c3,semantic_and_visual_aligned,golden,ugly_trash,golden,True,True,False,3.9375,0.8125,3.9375,True,False
E5A_rq3_text_plus_image_internvl_retry2_20260730,OpenGVLab/InternVL3-8B,853e3a797a661694b1b8ece0cb72dc2b23e3dac9,java,rq3g_java_014__c4,semantic_visual_conflict_primary,ugly_gold,beautiful_trash,ugly_gold,False,False,True,,,,False,False
E5A_rq3_text_plus_image_internvl_retry2_20260730,OpenGVLab/InternVL3-8B,853e3a797a661694b1b8ece0cb72dc2b23e3dac9,java,rq3g_java_014__c5,semantic_only_under_ugly,ugly_gold,ugly_trash,ugly_gold,True,True,False,4.0,1.125,4.0,True,False
E5A_rq3_text_plus_image_internvl_retry2_20260730,OpenGVLab/InternVL3-8B,853e3a797a661694b1b8ece0cb72dc2b23e3dac9,java,rq3g_java_014__c6,visual_only_trash,beautiful_trash,ugly_trash,beautiful_trash,True,True,False,0.1875,0.0625,0.1875,True,False
E5A_rq3_text_plus_image_internvl_retry2_20260730,OpenGVLab/InternVL3-8B,853e3a797a661694b1b8ece0cb72dc2b23e3dac9,java,rq3g_java_015__c1,visual_only_gold,golden,ugly_gold,golden,False,False,False,-0.0625,0.5625,-0.0625,False,False
E5A_rq3_text_plus_image_internvl_retry2_20260730,OpenGVLab/InternVL3-8B,853e3a797a661694b1b8ece0cb72dc2b23e3dac9,java,rq3g_java_015__c2,semantic_and_visual_aligned,golden,beautiful_trash,golden,True,True,False,5.5,0.625,5.5,True,False
E5A_rq3_text_plus_image_internvl_retry2_20260730,OpenGVLab/InternVL3-8B,853e3a797a661694b1b8ece0cb72dc2b23e3dac9,java,rq3g_java_015__c3,semantic_and_visual_aligned,golden,ugly_trash,golden,True,True,False,5.3125,0.8125,5.3125,True,False
E5A_rq3_text_plus_image_internvl_retry2_20260730,OpenGVLab/InternVL3-8B,853e3a797a661694b1b8ece0cb72dc2b23e3dac9,java,rq3g_java_015__c4,semantic_visual_conflict_primary,ugly_gold,beautiful_trash,ugly_gold,True,True,False,4.875,0.625,4.875,True,False
E5A_rq3_text_plus_image_internvl_retry2_20260730,OpenGVLab/InternVL3-8B,853e3a797a661694b1b8ece0cb72dc2b23e3dac9,java,rq3g_java_015__c5,semantic_only_under_ugly,ugly_gold,ugly_trash,ugly_gold,True,True,False,5.0625,0.4375,5.0625,True,False
E5A_rq3_text_plus_image_internvl_retry2_20260730,OpenGVLab/InternVL3-8B,853e3a797a661694b1b8ece0cb72dc2b23e3dac9,java,rq3g_java_015__c6,visual_only_trash,beautiful_trash,ugly_trash,beautiful_trash,False,False,False,0.3125,-0.5625,0.3125,True,False
E5A_rq3_text_plus_image_internvl_retry2_20260730,OpenGVLab/InternVL3-8B,853e3a797a661694b1b8ece0cb72dc2b23e3dac9,java,rq3g_java_016__c1,visual_only_gold,golden,ugly_gold,golden,True,True,False,0.125,0.0,0.125,True,False
E5A_rq3_text_plus_image_internvl_retry2_20260730,OpenGVLab/InternVL3-8B,853e3a797a661694b1b8ece0cb72dc2b23e3dac9,java,rq3g_java_016__c2,semantic_and_visual_aligned,golden,beautiful_trash,golden,True,True,False,3.25,0.0,3.25,True,False
E5A_rq3_text_plus_image_internvl_retry2_20260730,OpenGVLab/InternVL3-8B,853e3a797a661694b1b8ece0cb72dc2b23e3dac9,java,rq3g_java_016__c3,semantic_and_visual_aligned,golden,ugly_trash,golden,True,True,False,3.0,0.25,3.0,True,False
E5A_rq3_text_plus_image_internvl_retry2_20260730,OpenGVLab/InternVL3-8B,853e3a797a661694b1b8ece0cb72dc2b23e3dac9,java,rq3g_java_016__c4,semantic_visual_conflict_primary,ugly_gold,beautiful_trash,ugly_gold,True,True,False,3.75,0.125,3.75,True,False
E5A_rq3_text_plus_image_internvl_retry2_20260730,OpenGVLab/InternVL3-8B,853e3a797a661694b1b8ece0cb72dc2b23e3dac9,java,rq3g_java_016__c5,semantic_only_under_ugly,ugly_gold,ugly_trash,ugly_gold,True,True,False,3.5,0.25,3.5,True,False
E5A_rq3_text_plus_image_internvl_retry2_20260730,OpenGVLab/InternVL3-8B,853e3a797a661694b1b8ece0cb72dc2b23e3dac9,java,rq3g_java_016__c6,visual_only_trash,beautiful_trash,ugly_trash,beautiful_trash,False,False,False,0.0,-1.25,0.0,False,True
E5A_rq3_text_plus_image_internvl_retry2_20260730,OpenGVLab/InternVL3-8B,853e3a797a661694b1b8ece0cb72dc2b23e3dac9,java,rq3g_java_017__c1,visual_only_gold,golden,ugly_gold,golden,False,False,False,0.25,0.75,0.25,True,False
E5A_rq3_text_plus_image_internvl_retry2_20260730,OpenGVLab/InternVL3-8B,853e3a797a661694b1b8ece0cb72dc2b23e3dac9,java,rq3g_java_017__c2,semantic_and_visual_aligned,golden,beautiful_trash,golden,True,True,False,5.6875,0.0625,5.6875,True,False
E5A_rq3_text_plus_image_internvl_retry2_20260730,OpenGVLab/InternVL3-8B,853e3a797a661694b1b8ece0cb72dc2b23e3dac9,java,rq3g_java_017__c3,semantic_and_visual_aligned,golden,ugly_trash,golden,True,True,False,5.5625,0.3125,5.5625,True,False
E5A_rq3_text_plus_image_internvl_retry2_20260730,OpenGVLab/InternVL3-8B,853e3a797a661694b1b8ece0cb72dc2b23e3dac9,java,rq3g_java_017__c4,semantic_visual_conflict_primary,ugly_gold,beautiful_trash,ugly_gold,True,True,False,5.5625,-0.0625,5.5625,True,False
E5A_rq3_text_plus_image_internvl_retry2_20260730,OpenGVLab/InternVL3-8B,853e3a797a661694b1b8ece0cb72dc2b23e3dac9,java,rq3g_java_017__c5,semantic_only_under_ugly,ugly_gold,ugly_trash,ugly_gold,True,True,False,5.6875,0.1875,5.6875,True,False
E5A_rq3_text_plus_image_internvl_retry2_20260730,OpenGVLab/InternVL3-8B,853e3a797a661694b1b8ece0cb72dc2b23e3dac9,java,rq3g_java_017__c6,visual_only_trash,beautiful_trash,ugly_trash,beautiful_trash,False,False,False,0.1875,-1.5625,0.1875,True,False
E5A_rq3_text_plus_image_internvl_retry2_20260730,OpenGVLab/InternVL3-8B,853e3a797a661694b1b8ece0cb72dc2b23e3dac9,java,rq3g_java_018__c1,visual_only_gold,golden,ugly_gold,golden,False,False,False,0.0,0.0,0.0,False,True
E5A_rq3_text_plus_image_internvl_retry2_20260730,OpenGVLab/InternVL3-8B,853e3a797a661694b1b8ece0cb72dc2b23e3dac9,java,rq3g_java_018__c2,semantic_and_visual_aligned,golden,beautiful_trash,golden,True,True,False,5.375,-0.375,5.375,True,False
E5A_rq3_text_plus_image_internvl_retry2_20260730,OpenGVLab/InternVL3-8B,853e3a797a661694b1b8ece0cb72dc2b23e3dac9,java,rq3g_java_018__c3,semantic_and_visual_aligned,golden,ugly_trash,golden,True,True,False,5.3125,-0.3125,5.3125,True,False
E5A_rq3_text_plus_image_internvl_retry2_20260730,OpenGVLab/InternVL3-8B,853e3a797a661694b1b8ece0cb72dc2b23e3dac9,java,rq3g_java_018__c4,semantic_visual_conflict_primary,ugly_gold,beautiful_trash,ugly_gold,True,True,False,5.1875,-0.1875,5.1875,True,False
E5A_rq3_text_plus_image_internvl_retry2_20260730,OpenGVLab/InternVL3-8B,853e3a797a661694b1b8ece0cb72dc2b23e3dac9,java,rq3g_java_018__c5,semantic_only_under_ugly,ugly_gold,ugly_trash,ugly_gold,True,True,False,5.5,-0.125,5.5,True,False
E5A_rq3_text_plus_image_internvl_retry2_20260730,OpenGVLab/InternVL3-8B,853e3a797a661694b1b8ece0cb72dc2b23e3dac9,java,rq3g_java_018__c6,visual_only_trash,beautiful_trash,ugly_trash,beautiful_trash,False,False,False,-0.125,-1.875,-0.125,False,False
E5A_rq3_text_plus_image_internvl_retry2_20260730,OpenGVLab/InternVL3-8B,853e3a797a661694b1b8ece0cb72dc2b23e3dac9,java,rq3g_java_019__c1,visual_only_gold,golden,ugly_gold,golden,False,False,False,0.0625,0.6875,0.0625,True,False
E5A_rq3_text_plus_image_internvl_retry2_20260730,OpenGVLab/InternVL3-8B,853e3a797a661694b1b8ece0cb72dc2b23e3dac9,java,rq3g_java_019__c2,semantic_and_visual_aligned,golden,beautiful_trash,golden,True,True,False,4.375,-0.375,4.375,True,False
E5A_rq3_text_plus_image_internvl_retry2_20260730,OpenGVLab/InternVL3-8B,853e3a797a661694b1b8ece0cb72dc2b23e3dac9,java,rq3g_java_019__c3,semantic_and_visual_aligned,golden,ugly_trash,golden,True,True,False,4.375,-0.375,4.375,True,False
E5A_rq3_text_plus_image_internvl_retry2_20260730,OpenGVLab/InternVL3-8B,853e3a797a661694b1b8ece0cb72dc2b23e3dac9,java,rq3g_java_019__c4,semantic_visual_conflict_primary,ugly_gold,beautiful_trash,ugly_gold,True,True,False,4.25,-0.25,4.25,True,False
E5A_rq3_text_plus_image_internvl_retry2_20260730,OpenGVLab/InternVL3-8B,853e3a797a661694b1b8ece0cb72dc2b23e3dac9,java,rq3g_java_019__c5,semantic_only_under_ugly,ugly_gold,ugly_trash,ugly_gold,True,True,False,4.3125,-0.0625,4.3125,True,False
E5A_rq3_text_plus_image_internvl_retry2_20260730,OpenGVLab/InternVL3-8B,853e3a797a661694b1b8ece0cb72dc2b23e3dac9,java,rq3g_java_019__c6,visual_only_trash,beautiful_trash,ugly_trash,beautiful_trash,False,False,False,0.0,-0.5,0.0,False,True
E5A_rq3_text_plus_image_internvl_retry2_20260730,OpenGVLab/InternVL3-8B,853e3a797a661694b1b8ece0cb72dc2b23e3dac9,java,rq3g_java_020__c1,visual_only_gold,golden,ugly_gold,golden,False,False,False,0.0625,0.5625,0.0625,True,False
E5A_rq3_text_plus_image_internvl_retry2_20260730,OpenGVLab/InternVL3-8B,853e3a797a661694b1b8ece0cb72dc2b23e3dac9,java,rq3g_java_020__c2,semantic_and_visual_aligned,golden,beautiful_trash,golden,True,True,False,5.9375,-0.1875,5.9375,True,False
E5A_rq3_text_plus_image_internvl_retry2_20260730,OpenGVLab/InternVL3-8B,853e3a797a661694b1b8ece0cb72dc2b23e3dac9,java,rq3g_java_020__c3,semantic_and_visual_aligned,golden,ugly_trash,golden,True,True,False,5.875,0.125,5.875,True,False
E5A_rq3_text_plus_image_internvl_retry2_20260730,OpenGVLab/InternVL3-8B,853e3a797a661694b1b8ece0cb72dc2b23e3dac9,java,rq3g_java_020__c4,semantic_visual_conflict_primary,ugly_gold,beautiful_trash,ugly_gold,True,True,False,5.8125,-0.0625,5.8125,True,False
E5A_rq3_text_plus_image_internvl_retry2_20260730,OpenGVLab/InternVL3-8B,853e3a797a661694b1b8ece0cb72dc2b23e3dac9,java,rq3g_java_020__c5,semantic_only_under_ugly,ugly_gold,ugly_trash,ugly_gold,True,True,False,5.9375,0.0625,5.9375,True,False
E5A_rq3_text_plus_image_internvl_retry2_20260730,OpenGVLab/InternVL3-8B,853e3a797a661694b1b8ece0cb72dc2b23e3dac9,java,rq3g_java_020__c6,visual_only_trash,beautiful_trash,ugly_trash,beautiful_trash,False,False,False,0.0625,-1.3125,0.0625,True,False
E5A_rq3_text_plus_image_internvl_retry2_20260730,OpenGVLab/InternVL3-8B,853e3a797a661694b1b8ece0cb72dc2b23e3dac9,java,rq3g_java_021__c1,visual_only_gold,golden,ugly_gold,golden,False,False,False,0.0,1.25,0.0,False,True
E5A_rq3_text_plus_image_internvl_retry2_20260730,OpenGVLab/InternVL3-8B,853e3a797a661694b1b8ece0cb72dc2b23e3dac9,java,rq3g_java_021__c2,semantic_and_visual_aligned,golden,beautiful_trash,golden,True,True,False,5.6875,0.0625,5.6875,True,False
E5A_rq3_text_plus_image_internvl_retry2_20260730,OpenGVLab/InternVL3-8B,853e3a797a661694b1b8ece0cb72dc2b23e3dac9,java,rq3g_java_021__c3,semantic_and_visual_aligned,golden,ugly_trash,golden,True,True,False,5.8125,0.1875,5.8125,True,False
E5A_rq3_text_plus_image_internvl_retry2_20260730,OpenGVLab/InternVL3-8B,853e3a797a661694b1b8ece0cb72dc2b23e3dac9,java,rq3g_java_021__c4,semantic_visual_conflict_primary,ugly_gold,beautiful_trash,ugly_gold,True,True,False,5.625,0.0,5.625,True,False
E5A_rq3_text_plus_image_internvl_retry2_20260730,OpenGVLab/InternVL3-8B,853e3a797a661694b1b8ece0cb72dc2b23e3dac9,java,rq3g_java_021__c5,semantic_only_under_ugly,ugly_gold,ugly_trash,ugly_gold,True,True,False,5.9375,0.0625,5.9375,True,False
E5A_rq3_text_plus_image_internvl_retry2_20260730,OpenGVLab/InternVL3-8B,853e3a797a661694b1b8ece0cb72dc2b23e3dac9,java,rq3g_java_021__c6,visual_only_trash,beautiful_trash,ugly_trash,beautiful_trash,False,False,False,0.0,-0.75,0.0,False,True
E5A_rq3_text_plus_image_internvl_retry2_20260730,OpenGVLab/InternVL3-8B,853e3a797a661694b1b8ece0cb72dc2b23e3dac9,java,rq3g_java_022__c1,visual_only_gold,golden,ugly_gold,golden,False,False,False,0.0,0.875,0.0,False,True
E5A_rq3_text_plus_image_internvl_retry2_20260730,OpenGVLab/InternVL3-8B,853e3a797a661694b1b8ece0cb72dc2b23e3dac9,java,rq3g_java_022__c2,semantic_and_visual_aligned,golden,beautiful_trash,golden,True,True,False,5.5,0.125,5.5,True,False
E5A_rq3_text_plus_image_internvl_retry2_20260730,OpenGVLab/InternVL3-8B,853e3a797a661694b1b8ece0cb72dc2b23e3dac9,java,rq3g_java_022__c3,semantic_and_visual_aligned,golden,ugly_trash,golden,True,True,False,5.875,0.0,5.875,True,False
E5A_rq3_text_plus_image_internvl_retry2_20260730,OpenGVLab/InternVL3-8B,853e3a797a661694b1b8ece0cb72dc2b23e3dac9,java,rq3g_java_022__c4,semantic_visual_conflict_primary,ugly_gold,beautiful_trash,ugly_gold,True,True,False,5.8125,-0.0625,5.8125,True,False
E5A_rq3_text_plus_image_internvl_retry2_20260730,OpenGVLab/InternVL3-8B,853e3a797a661694b1b8ece0cb72dc2b23e3dac9,java,rq3g_java_022__c5,semantic_only_under_ugly,ugly_gold,ugly_trash,ugly_gold,True,True,False,5.75,-0.25,5.75,True,False
E5A_rq3_text_plus_image_internvl_retry2_20260730,OpenGVLab/InternVL3-8B,853e3a797a661694b1b8ece0cb72dc2b23e3dac9,java,rq3g_java_022__c6,visual_only_trash,beautiful_trash,ugly_trash,beautiful_trash,False,False,False,0.125,-0.75,0.125,True,False
E5A_rq3_text_plus_image_internvl_retry2_20260730,OpenGVLab/InternVL3-8B,853e3a797a661694b1b8ece0cb72dc2b23e3dac9,java,rq3g_java_023__c1,visual_only_gold,golden,ugly_gold,golden,False,False,False,0.25,0.5,0.25,True,False
E5A_rq3_text_plus_image_internvl_retry2_20260730,OpenGVLab/InternVL3-8B,853e3a797a661694b1b8ece0cb72dc2b23e3dac9,java,rq3g_java_023__c2,semantic_and_visual_aligned,golden,beautiful_trash,golden,True,True,False,4.0625,0.0625,4.0625,True,False
E5A_rq3_text_plus_image_internvl_retry2_20260730,OpenGVLab/InternVL3-8B,853e3a797a661694b1b8ece0cb72dc2b23e3dac9,java,rq3g_java_023__c3,semantic_and_visual_aligned,golden,ugly_trash,golden,True,True,False,4.0625,0.1875,4.0625,True,False
E5A_rq3_text_plus_image_internvl_retry2_20260730,OpenGVLab/InternVL3-8B,853e3a797a661694b1b8ece0cb72dc2b23e3dac9,java,rq3g_java_023__c4,semantic_visual_conflict_primary,ugly_gold,beautiful_trash,ugly_gold,True,True,False,3.6875,0.0625,3.6875,True,False
E5A_rq3_text_plus_image_internvl_retry2_20260730,OpenGVLab/InternVL3-8B,853e3a797a661694b1b8ece0cb72dc2b23e3dac9,java,rq3g_java_023__c5,semantic_only_under_ugly,ugly_gold,ugly_trash,ugly_gold,True,True,False,3.9375,0.0625,3.9375,True,False
E5A_rq3_text_plus_image_internvl_retry2_20260730,OpenGVLab/InternVL3-8B,853e3a797a661694b1b8ece0cb72dc2b23e3dac9,java,rq3g_java_023__c6,visual_only_trash,beautiful_trash,ugly_trash,beautiful_trash,False,False,False,0.0625,-0.5625,0.0625,True,False
E5A_rq3_text_plus_image_internvl_retry2_20260730,OpenGVLab/InternVL3-8B,853e3a797a661694b1b8ece0cb72dc2b23e3dac9,java,rq3g_java_024__c1,visual_only_gold,golden,ugly_gold,golden,False,False,False,0.0,0.0,0.0,False,True
E5A_rq3_text_plus_image_internvl_retry2_20260730,OpenGVLab/InternVL3-8B,853e3a797a661694b1b8ece0cb72dc2b23e3dac9,java,rq3g_java_024__c2,semantic_and_visual_aligned,golden,beautiful_trash,golden,True,True,False,4.875,0.25,4.875,True,False
E5A_rq3_text_plus_image_internvl_retry2_20260730,OpenGVLab/InternVL3-8B,853e3a797a661694b1b8ece0cb72dc2b23e3dac9,java,rq3g_java_024__c3,semantic_and_visual_aligned,golden,ugly_trash,golden,True,True,False,5.0,0.25,5.0,True,False
E5A_rq3_text_plus_image_internvl_retry2_20260730,OpenGVLab/InternVL3-8B,853e3a797a661694b1b8ece0cb72dc2b23e3dac9,java,rq3g_java_024__c4,semantic_visual_conflict_primary,ugly_gold,beautiful_trash,ugly_gold,True,True,False,5.25,0.125,5.25,True,False
E5A_rq3_text_plus_image_internvl_retry2_20260730,OpenGVLab/InternVL3-8B,853e3a797a661694b1b8ece0cb72dc2b23e3dac9,java,rq3g_java_024__c5,semantic_only_under_ugly,ugly_gold,ugly_trash,ugly_gold,True,True,False,5.3125,0.0625,5.3125,True,False
E5A_rq3_text_plus_image_internvl_retry2_20260730,OpenGVLab/InternVL3-8B,853e3a797a661694b1b8ece0cb72dc2b23e3dac9,java,rq3g_java_024__c6,visual_only_trash,beautiful_trash,ugly_trash,beautiful_trash,False,False,False,-0.125,-0.75,-0.125,False,False
E5A_rq3_text_plus_image_internvl_retry2_20260730,OpenGVLab/InternVL3-8B,853e3a797a661694b1b8ece0cb72dc2b23e3dac9,java,rq3g_java_025__c1,visual_only_gold,golden,ugly_gold,golden,False,False,False,-0.0625,0.1875,-0.0625,False,False
E5A_rq3_text_plus_image_internvl_retry2_20260730,OpenGVLab/InternVL3-8B,853e3a797a661694b1b8ece0cb72dc2b23e3dac9,java,rq3g_java_025__c2,semantic_and_visual_aligned,golden,beautiful_trash,golden,True,True,False,5.75,0.0,5.75,True,False
E5A_rq3_text_plus_image_internvl_retry2_20260730,OpenGVLab/InternVL3-8B,853e3a797a661694b1b8ece0cb72dc2b23e3dac9,java,rq3g_java_025__c3,semantic_and_visual_aligned,golden,ugly_trash,golden,True,True,False,5.3125,0.1875,5.3125,True,False
E5A_rq3_text_plus_image_internvl_retry2_20260730,OpenGVLab/InternVL3-8B,853e3a797a661694b1b8ece0cb72dc2b23e3dac9,java,rq3g_java_025__c4,semantic_visual_conflict_primary,ugly_gold,beautiful_trash,ugly_gold,True,True,False,5.4375,-0.0625,5.4375,True,False
E5A_rq3_text_plus_image_internvl_retry2_20260730,OpenGVLab/InternVL3-8B,853e3a797a661694b1b8ece0cb72dc2b23e3dac9,java,rq3g_java_025__c5,semantic_only_under_ugly,ugly_gold,ugly_trash,ugly_gold,True,True,False,5.375,-0.125,5.375,True,False
E5A_rq3_text_plus_image_internvl_retry2_20260730,OpenGVLab/InternVL3-8B,853e3a797a661694b1b8ece0cb72dc2b23e3dac9,java,rq3g_java_025__c6,visual_only_trash,beautiful_trash,ugly_trash,beautiful_trash,False,False,False,-0.0625,-0.8125,-0.0625,False,False
E5A_rq3_text_plus_image_internvl_retry2_20260730,OpenGVLab/InternVL3-8B,853e3a797a661694b1b8ece0cb72dc2b23e3dac9,java,rq3g_java_026__c1,visual_only_gold,golden,ugly_gold,golden,False,False,False,0.5,-1.5,0.5,True,False
E5A_rq3_text_plus_image_internvl_retry2_20260730,OpenGVLab/InternVL3-8B,853e3a797a661694b1b8ece0cb72dc2b23e3dac9,java,rq3g_java_026__c2,semantic_and_visual_aligned,golden,beautiful_trash,golden,True,True,False,4.4375,0.0625,4.4375,True,False
E5A_rq3_text_plus_image_internvl_retry2_20260730,OpenGVLab/InternVL3-8B,853e3a797a661694b1b8ece0cb72dc2b23e3dac9,java,rq3g_java_026__c3,semantic_and_visual_aligned,golden,ugly_trash,golden,True,True,False,4.4375,-0.0625,4.4375,True,False
E5A_rq3_text_plus_image_internvl_retry2_20260730,OpenGVLab/InternVL3-8B,853e3a797a661694b1b8ece0cb72dc2b23e3dac9,java,rq3g_java_026__c4,semantic_visual_conflict_primary,ugly_gold,beautiful_trash,ugly_gold,True,True,False,4.4375,-0.1875,4.4375,True,False
E5A_rq3_text_plus_image_internvl_retry2_20260730,OpenGVLab/InternVL3-8B,853e3a797a661694b1b8ece0cb72dc2b23e3dac9,java,rq3g_java_026__c5,semantic_only_under_ugly,ugly_gold,ugly_trash,ugly_gold,True,True,False,4.25,-0.125,4.25,True,False
E5A_rq3_text_plus_image_internvl_retry2_20260730,OpenGVLab/InternVL3-8B,853e3a797a661694b1b8ece0cb72dc2b23e3dac9,java,rq3g_java_026__c6,visual_only_trash,beautiful_trash,ugly_trash,beautiful_trash,False,False,False,0.1875,-1.4375,0.1875,True,False
E5A_rq3_text_plus_image_internvl_retry2_20260730,OpenGVLab/InternVL3-8B,853e3a797a661694b1b8ece0cb72dc2b23e3dac9,java,rq3g_java_027__c1,visual_only_gold,golden,ugly_gold,golden,False,False,False,0.3125,1.5625,0.3125,True,False
E5A_rq3_text_plus_image_internvl_retry2_20260730,OpenGVLab/InternVL3-8B,853e3a797a661694b1b8ece0cb72dc2b23e3dac9,java,rq3g_java_027__c2,semantic_and_visual_aligned,golden,beautiful_trash,golden,True,True,False,5.0625,0.4375,5.0625,True,False
E5A_rq3_text_plus_image_internvl_retry2_20260730,OpenGVLab/InternVL3-8B,853e3a797a661694b1b8ece0cb72dc2b23e3dac9,java,rq3g_java_027__c3,semantic_and_visual_aligned,golden,ugly_trash,golden,True,True,False,5.375,0.125,5.375,True,False
E5A_rq3_text_plus_image_internvl_retry2_20260730,OpenGVLab/InternVL3-8B,853e3a797a661694b1b8ece0cb72dc2b23e3dac9,java,rq3g_java_027__c4,semantic_visual_conflict_primary,ugly_gold,beautiful_trash,ugly_gold,True,True,False,5.3125,0.0625,5.3125,True,False
E5A_rq3_text_plus_image_internvl_retry2_20260730,OpenGVLab/InternVL3-8B,853e3a797a661694b1b8ece0cb72dc2b23e3dac9,java,rq3g_java_027__c5,semantic_only_under_ugly,ugly_gold,ugly_trash,ugly_gold,True,True,False,5.375,0.25,5.375,True,False
E5A_rq3_text_plus_image_internvl_retry2_20260730,OpenGVLab/InternVL3-8B,853e3a797a661694b1b8ece0cb72dc2b23e3dac9,java,rq3g_java_027__c6,visual_only_trash,beautiful_trash,ugly_trash,beautiful_trash,False,False,False,0.125,-1.25,0.125,True,False
E5A_rq3_text_plus_image_internvl_retry2_20260730,OpenGVLab/InternVL3-8B,853e3a797a661694b1b8ece0cb72dc2b23e3dac9,java,rq3g_java_028__c1,visual_only_gold,golden,ugly_gold,golden,False,False,False,0.1875,1.1875,0.1875,True,False
E5A_rq3_text_plus_image_internvl_retry2_20260730,OpenGVLab/InternVL3-8B,853e3a797a661694b1b8ece0cb72dc2b23e3dac9,java,rq3g_java_028__c2,semantic_and_visual_aligned,golden,beautiful_trash,golden,True,True,False,5.625,0.125,5.625,True,False
E5A_rq3_text_plus_image_internvl_retry2_20260730,OpenGVLab/InternVL3-8B,853e3a797a661694b1b8ece0cb72dc2b23e3dac9,java,rq3g_java_028__c3,semantic_and_visual_aligned,golden,ugly_trash,golden,True,True,False,5.4375,0.1875,5.4375,True,False
E5A_rq3_text_plus_image_internvl_retry2_20260730,OpenGVLab/InternVL3-8B,853e3a797a661694b1b8ece0cb72dc2b23e3dac9,java,rq3g_java_028__c4,semantic_visual_conflict_primary,ugly_gold,beautiful_trash,ugly_gold,True,True,False,5.25,0.125,5.25,True,False
E5A_rq3_text_plus_image_internvl_retry2_20260730,OpenGVLab/InternVL3-8B,853e3a797a661694b1b8ece0cb72dc2b23e3dac9,java,rq3g_java_028__c5,semantic_only_under_ugly,ugly_gold,ugly_trash,ugly_gold,True,True,False,5.1875,0.0625,5.1875,True,False
E5A_rq3_text_plus_image_internvl_retry2_20260730,OpenGVLab/InternVL3-8B,853e3a797a661694b1b8ece0cb72dc2b23e3dac9,java,rq3g_java_028__c6,visual_only_trash,beautiful_trash,ugly_trash,beautiful_trash,False,False,False,0.125,-0.375,0.125,True,False
E5A_rq3_text_plus_image_internvl_retry2_20260730,OpenGVLab/InternVL3-8B,853e3a797a661694b1b8ece0cb72dc2b23e3dac9,java,rq3g_java_029__c1,visual_only_gold,golden,ugly_gold,golden,False,False,False,0.125,1.125,0.125,True,False
E5A_rq3_text_plus_image_internvl_retry2_20260730,OpenGVLab/InternVL3-8B,853e3a797a661694b1b8ece0cb72dc2b23e3dac9,java,rq3g_java_029__c2,semantic_and_visual_aligned,golden,beautiful_trash,golden,True,True,False,5.5,-0.25,5.5,True,False
E5A_rq3_text_plus_image_internvl_retry2_20260730,OpenGVLab/InternVL3-8B,853e3a797a661694b1b8ece0cb72dc2b23e3dac9,java,rq3g_java_029__c3,semantic_and_visual_aligned,golden,ugly_trash,golden,True,True,False,5.5,-0.5,5.5,True,False
E5A_rq3_text_plus_image_internvl_retry2_20260730,OpenGVLab/InternVL3-8B,853e3a797a661694b1b8ece0cb72dc2b23e3dac9,java,rq3g_java_029__c4,semantic_visual_conflict_primary,ugly_gold,beautiful_trash,ugly_gold,True,True,False,5.5,-0.25,5.5,True,False
E5A_rq3_text_plus_image_internvl_retry2_20260730,OpenGVLab/InternVL3-8B,853e3a797a661694b1b8ece0cb72dc2b23e3dac9,java,rq3g_java_029__c5,semantic_only_under_ugly,ugly_gold,ugly_trash,ugly_gold,True,True,False,5.4375,-0.3125,5.4375,True,False
E5A_rq3_text_plus_image_internvl_retry2_20260730,OpenGVLab/InternVL3-8B,853e3a797a661694b1b8ece0cb72dc2b23e3dac9,java,rq3g_java_029__c6,visual_only_trash,beautiful_trash,ugly_trash,beautiful_trash,False,False,False,0.125,-0.625,0.125,True,False
E5A_rq3_text_plus_image_internvl_retry2_20260730,OpenGVLab/InternVL3-8B,853e3a797a661694b1b8ece0cb72dc2b23e3dac9,java,rq3g_java_030__c1,visual_only_gold,golden,ugly_gold,golden,False,False,False,0.1875,3.3125,0.1875,True,False
E5A_rq3_text_plus_image_internvl_retry2_20260730,OpenGVLab/InternVL3-8B,853e3a797a661694b1b8ece0cb72dc2b23e3dac9,java,rq3g_java_030__c2,semantic_and_visual_aligned,golden,beautiful_trash,golden,True,True,False,6.25,-0.625,6.25,True,False
E5A_rq3_text_plus_image_internvl_retry2_20260730,OpenGVLab/InternVL3-8B,853e3a797a661694b1b8ece0cb72dc2b23e3dac9,java,rq3g_java_030__c3,semantic_and_visual_aligned,golden,ugly_trash,golden,True,True,False,6.25,-0.625,6.25,True,False
E5A_rq3_text_plus_image_internvl_retry2_20260730,OpenGVLab/InternVL3-8B,853e3a797a661694b1b8ece0cb72dc2b23e3dac9,java,rq3g_java_030__c4,semantic_visual_conflict_primary,ugly_gold,beautiful_trash,ugly_gold,True,True,False,6.5,-0.75,6.5,True,False
E5A_rq3_text_plus_image_internvl_retry2_20260730,OpenGVLab/InternVL3-8B,853e3a797a661694b1b8ece0cb72dc2b23e3dac9,java,rq3g_java_030__c5,semantic_only_under_ugly,ugly_gold,ugly_trash,ugly_gold,True,True,False,6.125,-0.5,6.125,True,False
E5A_rq3_text_plus_image_internvl_retry2_20260730,OpenGVLab/InternVL3-8B,853e3a797a661694b1b8ece0cb72dc2b23e3dac9,java,rq3g_java_030__c6,visual_only_trash,beautiful_trash,ugly_trash,beautiful_trash,False,False,False,0.125,-1.625,0.125,True,False
E5A_rq3_text_plus_image_internvl_retry2_20260730,OpenGVLab/InternVL3-8B,853e3a797a661694b1b8ece0cb72dc2b23e3dac9,java,rq3g_java_031__c1,visual_only_gold,golden,ugly_gold,golden,False,False,False,-0.0625,0.5625,-0.0625,False,False
E5A_rq3_text_plus_image_internvl_retry2_20260730,OpenGVLab/InternVL3-8B,853e3a797a661694b1b8ece0cb72dc2b23e3dac9,java,rq3g_java_031__c2,semantic_and_visual_aligned,golden,beautiful_trash,golden,True,True,False,4.4375,-0.6875,4.4375,True,False
E5A_rq3_text_plus_image_internvl_retry2_20260730,OpenGVLab/InternVL3-8B,853e3a797a661694b1b8ece0cb72dc2b23e3dac9,java,rq3g_java_031__c3,semantic_and_visual_aligned,golden,ugly_trash,golden,True,True,False,4.125,-0.875,4.125,True,False
E5A_rq3_text_plus_image_internvl_retry2_20260730,OpenGVLab/InternVL3-8B,853e3a797a661694b1b8ece0cb72dc2b23e3dac9,java,rq3g_java_031__c4,semantic_visual_conflict_primary,ugly_gold,beautiful_trash,ugly_gold,True,True,False,3.875,-1.125,3.875,True,False
E5A_rq3_text_plus_image_internvl_retry2_20260730,OpenGVLab/InternVL3-8B,853e3a797a661694b1b8ece0cb72dc2b23e3dac9,java,rq3g_java_031__c5,semantic_only_under_ugly,ugly_gold,ugly_trash,ugly_gold,True,True,False,3.875,-1.0,3.875,True,False
E5A_rq3_text_plus_image_internvl_retry2_20260730,OpenGVLab/InternVL3-8B,853e3a797a661694b1b8ece0cb72dc2b23e3dac9,java,rq3g_java_031__c6,visual_only_trash,beautiful_trash,ugly_trash,beautiful_trash,False,False,False,0.0,-0.25,0.0,False,True
E5A_rq3_text_plus_image_internvl_retry2_20260730,OpenGVLab/InternVL3-8B,853e3a797a661694b1b8ece0cb72dc2b23e3dac9,java,rq3g_java_032__c1,visual_only_gold,golden,ugly_gold,golden,False,False,False,0.0,-2.75,0.0,False,True
E5A_rq3_text_plus_image_internvl_retry2_20260730,OpenGVLab/InternVL3-8B,853e3a797a661694b1b8ece0cb72dc2b23e3dac9,java,rq3g_java_032__c2,semantic_and_visual_aligned,golden,beautiful_trash,golden,True,True,False,4.875,0.25,4.875,True,False
E5A_rq3_text_plus_image_internvl_retry2_20260730,OpenGVLab/InternVL3-8B,853e3a797a661694b1b8ece0cb72dc2b23e3dac9,java,rq3g_java_032__c3,semantic_and_visual_aligned,golden,ugly_trash,golden,True,True,False,4.9375,0.1875,4.9375,True,False
E5A_rq3_text_plus_image_internvl_retry2_20260730,OpenGVLab/InternVL3-8B,853e3a797a661694b1b8ece0cb72dc2b23e3dac9,java,rq3g_java_032__c4,semantic_visual_conflict_primary,ugly_gold,beautiful_trash,ugly_gold,True,True,False,4.875,0.25,4.875,True,False
E5A_rq3_text_plus_image_internvl_retry2_20260730,OpenGVLab/InternVL3-8B,853e3a797a661694b1b8ece0cb72dc2b23e3dac9,java,rq3g_java_032__c5,semantic_only_under_ugly,ugly_gold,ugly_trash,ugly_gold,True,True,False,5.0,0.25,5.0,True,False
E5A_rq3_text_plus_image_internvl_retry2_20260730,OpenGVLab/InternVL3-8B,853e3a797a661694b1b8ece0cb72dc2b23e3dac9,java,rq3g_java_032__c6,visual_only_trash,beautiful_trash,ugly_trash,beautiful_trash,False,False,False,0.0,-0.125,0.0,False,True
E5A_rq3_text_plus_image_internvl_retry2_20260730,OpenGVLab/InternVL3-8B,853e3a797a661694b1b8ece0cb72dc2b23e3dac9,java,rq3g_java_033__c1,visual_only_gold,golden,ugly_gold,golden,False,False,False,0.0625,-1.0625,0.0625,True,False
E5A_rq3_text_plus_image_internvl_retry2_20260730,OpenGVLab/InternVL3-8B,853e3a797a661694b1b8ece0cb72dc2b23e3dac9,java,rq3g_java_033__c2,semantic_and_visual_aligned,golden,beautiful_trash,golden,True,True,False,5.625,-0.875,5.625,True,False
E5A_rq3_text_plus_image_internvl_retry2_20260730,OpenGVLab/InternVL3-8B,853e3a797a661694b1b8ece0cb72dc2b23e3dac9,java,rq3g_java_033__c3,semantic_and_visual_aligned,golden,ugly_trash,golden,True,True,False,5.625,-0.75,5.625,True,False
E5A_rq3_text_plus_image_internvl_retry2_20260730,OpenGVLab/InternVL3-8B,853e3a797a661694b1b8ece0cb72dc2b23e3dac9,java,rq3g_java_033__c4,semantic_visual_conflict_primary,ugly_gold,beautiful_trash,ugly_gold,True,True,False,5.25,-0.875,5.25,True,False
E5A_rq3_text_plus_image_internvl_retry2_20260730,OpenGVLab/InternVL3-8B,853e3a797a661694b1b8ece0cb72dc2b23e3dac9,java,rq3g_java_033__c5,semantic_only_under_ugly,ugly_gold,ugly_trash,ugly_gold,True,True,False,5.5,-0.875,5.5,True,False
E5A_rq3_text_plus_image_internvl_retry2_20260730,OpenGVLab/InternVL3-8B,853e3a797a661694b1b8ece0cb72dc2b23e3dac9,java,rq3g_java_033__c6,visual_only_trash,beautiful_trash,ugly_trash,beautiful_trash,False,False,False,0.125,-1.125,0.125,True,False
E5A_rq3_text_plus_image_internvl_retry2_20260730,OpenGVLab/InternVL3-8B,853e3a797a661694b1b8ece0cb72dc2b23e3dac9,java,rq3g_java_034__c1,visual_only_gold,golden,ugly_gold,golden,False,False,False,0.0625,0.8125,0.0625,True,False
E5A_rq3_text_plus_image_internvl_retry2_20260730,OpenGVLab/InternVL3-8B,853e3a797a661694b1b8ece0cb72dc2b23e3dac9,java,rq3g_java_034__c2,semantic_and_visual_aligned,golden,beautiful_trash,golden,True,True,False,3.1875,1.1875,3.1875,True,False
E5A_rq3_text_plus_image_internvl_retry2_20260730,OpenGVLab/InternVL3-8B,853e3a797a661694b1b8ece0cb72dc2b23e3dac9,java,rq3g_java_034__c3,semantic_and_visual_aligned,golden,ugly_trash,golden,True,True,False,3.3125,1.3125,3.3125,True,False
E5A_rq3_text_plus_image_internvl_retry2_20260730,OpenGVLab/InternVL3-8B,853e3a797a661694b1b8ece0cb72dc2b23e3dac9,java,rq3g_java_034__c4,semantic_visual_conflict_primary,ugly_gold,beautiful_trash,ugly_gold,True,True,False,3.3125,1.5625,3.3125,True,False
E5A_rq3_text_plus_image_internvl_retry2_20260730,OpenGVLab/InternVL3-8B,853e3a797a661694b1b8ece0cb72dc2b23e3dac9,java,rq3g_java_034__c5,semantic_only_under_ugly,ugly_gold,ugly_trash,ugly_gold,True,True,False,3.1875,1.4375,3.1875,True,False
E5A_rq3_text_plus_image_internvl_retry2_20260730,OpenGVLab/InternVL3-8B,853e3a797a661694b1b8ece0cb72dc2b23e3dac9,java,rq3g_java_034__c6,visual_only_trash,beautiful_trash,ugly_trash,beautiful_trash,False,False,False,0.125,0.5,0.125,True,False
E5A_rq3_text_plus_image_internvl_retry2_20260730,OpenGVLab/InternVL3-8B,853e3a797a661694b1b8ece0cb72dc2b23e3dac9,java,rq3g_java_035__c1,visual_only_gold,golden,ugly_gold,golden,False,False,False,0.25,1.25,0.25,True,False
E5A_rq3_text_plus_image_internvl_retry2_20260730,OpenGVLab/InternVL3-8B,853e3a797a661694b1b8ece0cb72dc2b23e3dac9,java,rq3g_java_035__c2,semantic_and_visual_aligned,golden,beautiful_trash,golden,True,True,False,5.3125,1.0625,5.3125,True,False
E5A_rq3_text_plus_image_internvl_retry2_20260730,OpenGVLab/InternVL3-8B,853e3a797a661694b1b8ece0cb72dc2b23e3dac9,java,rq3g_java_035__c3,semantic_and_visual_aligned,golden,ugly_trash,golden,True,True,False,5.5625,0.8125,5.5625,True,False
E5A_rq3_text_plus_image_internvl_retry2_20260730,OpenGVLab/InternVL3-8B,853e3a797a661694b1b8ece0cb72dc2b23e3dac9,java,rq3g_java_035__c4,semantic_visual_conflict_primary,ugly_gold,beautiful_trash,ugly_gold,True,True,False,5.25,0.75,5.25,True,False
E5A_rq3_text_plus_image_internvl_retry2_20260730,OpenGVLab/InternVL3-8B,853e3a797a661694b1b8ece0cb72dc2b23e3dac9,java,rq3g_java_035__c5,semantic_only_under_ugly,ugly_gold,ugly_trash,ugly_gold,True,True,False,5.375,0.75,5.375,True,False
E5A_rq3_text_plus_image_internvl_retry2_20260730,OpenGVLab/InternVL3-8B,853e3a797a661694b1b8ece0cb72dc2b23e3dac9,java,rq3g_java_035__c6,visual_only_trash,beautiful_trash,ugly_trash,beautiful_trash,False,False,False,-0.25,-1.75,-0.25,False,False
E5A_rq3_text_plus_image_internvl_retry2_20260730,OpenGVLab/InternVL3-8B,853e3a797a661694b1b8ece0cb72dc2b23e3dac9,java,rq3g_java_036__c1,visual_only_gold,golden,ugly_gold,golden,False,False,False,0.1875,1.5625,0.1875,True,False
E5A_rq3_text_plus_image_internvl_retry2_20260730,OpenGVLab/InternVL3-8B,853e3a797a661694b1b8ece0cb72dc2b23e3dac9,java,rq3g_java_036__c2,semantic_and_visual_aligned,golden,beautiful_trash,golden,True,True,False,5.3125,-0.0625,5.3125,True,False
E5A_rq3_text_plus_image_internvl_retry2_20260730,OpenGVLab/InternVL3-8B,853e3a797a661694b1b8ece0cb72dc2b23e3dac9,java,rq3g_java_036__c3,semantic_and_visual_aligned,golden,ugly_trash,golden,True,True,False,5.0,0.0,5.0,True,False
E5A_rq3_text_plus_image_internvl_retry2_20260730,OpenGVLab/InternVL3-8B,853e3a797a661694b1b8ece0cb72dc2b23e3dac9,java,rq3g_java_036__c4,semantic_visual_conflict_primary,ugly_gold,beautiful_trash,ugly_gold,True,True,False,5.0,-0.5,5.0,True,False
E5A_rq3_text_plus_image_internvl_retry2_20260730,OpenGVLab/InternVL3-8B,853e3a797a661694b1b8ece0cb72dc2b23e3dac9,java,rq3g_java_036__c5,semantic_only_under_ugly,ugly_gold,ugly_trash,ugly_gold,True,True,False,5.0625,-0.5625,5.0625,True,False
E5A_rq3_text_plus_image_internvl_retry2_20260730,OpenGVLab/InternVL3-8B,853e3a797a661694b1b8ece0cb72dc2b23e3dac9,java,rq3g_java_036__c6,visual_only_trash,beautiful_trash,ugly_trash,beautiful_trash,False,False,False,0.0625,-1.6875,0.0625,True,False
E5A_rq3_text_plus_image_internvl_retry2_20260730,OpenGVLab/InternVL3-8B,853e3a797a661694b1b8ece0cb72dc2b23e3dac9,java,rq3g_java_037__c1,visual_only_gold,golden,ugly_gold,golden,False,False,False,0.25,0.375,0.25,True,False
E5A_rq3_text_plus_image_internvl_retry2_20260730,OpenGVLab/InternVL3-8B,853e3a797a661694b1b8ece0cb72dc2b23e3dac9,java,rq3g_java_037__c2,semantic_and_visual_aligned,golden,beautiful_trash,golden,True,True,False,4.9375,-0.6875,4.9375,True,False
E5A_rq3_text_plus_image_internvl_retry2_20260730,OpenGVLab/InternVL3-8B,853e3a797a661694b1b8ece0cb72dc2b23e3dac9,java,rq3g_java_037__c3,semantic_and_visual_aligned,golden,ugly_trash,golden,True,True,False,5.0625,-0.5625,5.0625,True,False
E5A_rq3_text_plus_image_internvl_retry2_20260730,OpenGVLab/InternVL3-8B,853e3a797a661694b1b8ece0cb72dc2b23e3dac9,java,rq3g_java_037__c4,semantic_visual_conflict_primary,ugly_gold,beautiful_trash,ugly_gold,True,True,False,4.8125,-0.6875,4.8125,True,False
E5A_rq3_text_plus_image_internvl_retry2_20260730,OpenGVLab/InternVL3-8B,853e3a797a661694b1b8ece0cb72dc2b23e3dac9,java,rq3g_java_037__c5,semantic_only_under_ugly,ugly_gold,ugly_trash,ugly_gold,True,True,False,4.875,-0.625,4.875,True,False
E5A_rq3_text_plus_image_internvl_retry2_20260730,OpenGVLab/InternVL3-8B,853e3a797a661694b1b8ece0cb72dc2b23e3dac9,java,rq3g_java_037__c6,visual_only_trash,beautiful_trash,ugly_trash,beautiful_trash,False,False,False,0.0,-2.25,0.0,False,True
E5A_rq3_text_plus_image_internvl_retry2_20260730,OpenGVLab/InternVL3-8B,853e3a797a661694b1b8ece0cb72dc2b23e3dac9,java,rq3g_java_038__c1,visual_only_gold,golden,ugly_gold,golden,False,False,False,0.0625,0.8125,0.0625,True,False
E5A_rq3_text_plus_image_internvl_retry2_20260730,OpenGVLab/InternVL3-8B,853e3a797a661694b1b8ece0cb72dc2b23e3dac9,java,rq3g_java_038__c2,semantic_and_visual_aligned,golden,beautiful_trash,golden,True,True,False,5.3125,-0.1875,5.3125,True,False
E5A_rq3_text_plus_image_internvl_retry2_20260730,OpenGVLab/InternVL3-8B,853e3a797a661694b1b8ece0cb72dc2b23e3dac9,java,rq3g_java_038__c3,semantic_and_visual_aligned,golden,ugly_trash,golden,True,True,False,5.125,0.0,5.125,True,False
E5A_rq3_text_plus_image_internvl_retry2_20260730,OpenGVLab/InternVL3-8B,853e3a797a661694b1b8ece0cb72dc2b23e3dac9,java,rq3g_java_038__c4,semantic_visual_conflict_primary,ugly_gold,beautiful_trash,ugly_gold,True,True,False,5.1875,-0.1875,5.1875,True,False
E5A_rq3_text_plus_image_internvl_retry2_20260730,OpenGVLab/InternVL3-8B,853e3a797a661694b1b8ece0cb72dc2b23e3dac9,java,rq3g_java_038__c5,semantic_only_under_ugly,ugly_gold,ugly_trash,ugly_gold,True,True,False,5.25,0.125,5.25,True,False
E5A_rq3_text_plus_image_internvl_retry2_20260730,OpenGVLab/InternVL3-8B,853e3a797a661694b1b8ece0cb72dc2b23e3dac9,java,rq3g_java_038__c6,visual_only_trash,beautiful_trash,ugly_trash,beautiful_trash,False,False,False,0.1875,-0.5625,0.1875,True,False
E5A_rq3_text_plus_image_internvl_retry2_20260730,OpenGVLab/InternVL3-8B,853e3a797a661694b1b8ece0cb72dc2b23e3dac9,java,rq3g_java_039__c1,visual_only_gold,golden,ugly_gold,golden,False,False,False,0.0625,0.3125,0.0625,True,False
E5A_rq3_text_plus_image_internvl_retry2_20260730,OpenGVLab/InternVL3-8B,853e3a797a661694b1b8ece0cb72dc2b23e3dac9,java,rq3g_java_039__c2,semantic_and_visual_aligned,golden,beautiful_trash,golden,True,True,False,5.3125,0.0625,5.3125,True,False
E5A_rq3_text_plus_image_internvl_retry2_20260730,OpenGVLab/InternVL3-8B,853e3a797a661694b1b8ece0cb72dc2b23e3dac9,java,rq3g_java_039__c3,semantic_and_visual_aligned,golden,ugly_trash,golden,True,True,False,5.5625,0.1875,5.5625,True,False
E5A_rq3_text_plus_image_internvl_retry2_20260730,OpenGVLab/InternVL3-8B,853e3a797a661694b1b8ece0cb72dc2b23e3dac9,java,rq3g_java_039__c4,semantic_visual_conflict_primary,ugly_gold,beautiful_trash,ugly_gold,True,True,False,5.4375,-0.0625,5.4375,True,False
E5A_rq3_text_plus_image_internvl_retry2_20260730,OpenGVLab/InternVL3-8B,853e3a797a661694b1b8ece0cb72dc2b23e3dac9,java,rq3g_java_039__c5,semantic_only_under_ugly,ugly_gold,ugly_trash,ugly_gold,True,True,False,5.5625,-0.0625,5.5625,True,False
E5A_rq3_text_plus_image_internvl_retry2_20260730,OpenGVLab/InternVL3-8B,853e3a797a661694b1b8ece0cb72dc2b23e3dac9,java,rq3g_java_039__c6,visual_only_trash,beautiful_trash,ugly_trash,beautiful_trash,False,False,False,0.1875,-1.1875,0.1875,True,False
E5A_rq3_text_plus_image_internvl_retry2_20260730,OpenGVLab/InternVL3-8B,853e3a797a661694b1b8ece0cb72dc2b23e3dac9,java,rq3g_java_040__c1,visual_only_gold,golden,ugly_gold,golden,False,False,False,0.3125,-0.8125,0.3125,True,False
E5A_rq3_text_plus_image_internvl_retry2_20260730,OpenGVLab/InternVL3-8B,853e3a797a661694b1b8ece0cb72dc2b23e3dac9,java,rq3g_java_040__c2,semantic_and_visual_aligned,golden,beautiful_trash,golden,True,True,False,4.9375,0.0625,4.9375,True,False
E5A_rq3_text_plus_image_internvl_retry2_20260730,OpenGVLab/InternVL3-8B,853e3a797a661694b1b8ece0cb72dc2b23e3dac9,java,rq3g_java_040__c3,semantic_and_visual_aligned,golden,ugly_trash,golden,True,True,False,5.0,0.25,5.0,True,False
E5A_rq3_text_plus_image_internvl_retry2_20260730,OpenGVLab/InternVL3-8B,853e3a797a661694b1b8ece0cb72dc2b23e3dac9,java,rq3g_java_040__c4,semantic_visual_conflict_primary,ugly_gold,beautiful_trash,ugly_gold,True,True,False,4.375,-0.5,4.375,True,False
E5A_rq3_text_plus_image_internvl_retry2_20260730,OpenGVLab/InternVL3-8B,853e3a797a661694b1b8ece0cb72dc2b23e3dac9,java,rq3g_java_040__c5,semantic_only_under_ugly,ugly_gold,ugly_trash,ugly_gold,True,True,False,4.4375,-0.1875,4.4375,True,False
E5A_rq3_text_plus_image_internvl_retry2_20260730,OpenGVLab/InternVL3-8B,853e3a797a661694b1b8ece0cb72dc2b23e3dac9,java,rq3g_java_040__c6,visual_only_trash,beautiful_trash,ugly_trash,beautiful_trash,False,False,False,0.0,-1.25,0.0,False,True
E5A_rq3_text_plus_image_internvl_retry2_20260730,OpenGVLab/InternVL3-8B,853e3a797a661694b1b8ece0cb72dc2b23e3dac9,java,rq3g_java_041__c1,visual_only_gold,golden,ugly_gold,golden,False,False,False,0.125,0.375,0.125,True,False
E5A_rq3_text_plus_image_internvl_retry2_20260730,OpenGVLab/InternVL3-8B,853e3a797a661694b1b8ece0cb72dc2b23e3dac9,java,rq3g_java_041__c2,semantic_and_visual_aligned,golden,beautiful_trash,golden,True,True,False,4.875,-0.25,4.875,True,False
E5A_rq3_text_plus_image_internvl_retry2_20260730,OpenGVLab/InternVL3-8B,853e3a797a661694b1b8ece0cb72dc2b23e3dac9,java,rq3g_java_041__c3,semantic_and_visual_aligned,golden,ugly_trash,golden,True,True,False,4.9375,-0.0625,4.9375,True,False
E5A_rq3_text_plus_image_internvl_retry2_20260730,OpenGVLab/InternVL3-8B,853e3a797a661694b1b8ece0cb72dc2b23e3dac9,java,rq3g_java_041__c4,semantic_visual_conflict_primary,ugly_gold,beautiful_trash,ugly_gold,True,True,False,4.5,-0.25,4.5,True,False
E5A_rq3_text_plus_image_internvl_retry2_20260730,OpenGVLab/InternVL3-8B,853e3a797a661694b1b8ece0cb72dc2b23e3dac9,java,rq3g_java_041__c5,semantic_only_under_ugly,ugly_gold,ugly_trash,ugly_gold,True,True,False,4.4375,-0.1875,4.4375,True,False
E5A_rq3_text_plus_image_internvl_retry2_20260730,OpenGVLab/InternVL3-8B,853e3a797a661694b1b8ece0cb72dc2b23e3dac9,java,rq3g_java_041__c6,visual_only_trash,beautiful_trash,ugly_trash,beautiful_trash,True,True,False,0.5,0.125,0.5,True,False
E5A_rq3_text_plus_image_internvl_retry2_20260730,OpenGVLab/InternVL3-8B,853e3a797a661694b1b8ece0cb72dc2b23e3dac9,java,rq3g_java_042__c1,visual_only_gold,golden,ugly_gold,golden,False,False,False,0.0625,0.3125,0.0625,True,False
E5A_rq3_text_plus_image_internvl_retry2_20260730,OpenGVLab/InternVL3-8B,853e3a797a661694b1b8ece0cb72dc2b23e3dac9,java,rq3g_java_042__c2,semantic_and_visual_aligned,golden,beautiful_trash,golden,True,True,False,4.25,-0.25,4.25,True,False
E5A_rq3_text_plus_image_internvl_retry2_20260730,OpenGVLab/InternVL3-8B,853e3a797a661694b1b8ece0cb72dc2b23e3dac9,java,rq3g_java_042__c3,semantic_and_visual_aligned,golden,ugly_trash,golden,True,True,False,4.3125,-0.1875,4.3125,True,False
E5A_rq3_text_plus_image_internvl_retry2_20260730,OpenGVLab/InternVL3-8B,853e3a797a661694b1b8ece0cb72dc2b23e3dac9,java,rq3g_java_042__c4,semantic_visual_conflict_primary,ugly_gold,beautiful_trash,ugly_gold,True,True,False,4.3125,-0.3125,4.3125,True,False
E5A_rq3_text_plus_image_internvl_retry2_20260730,OpenGVLab/InternVL3-8B,853e3a797a661694b1b8ece0cb72dc2b23e3dac9,java,rq3g_java_042__c5,semantic_only_under_ugly,ugly_gold,ugly_trash,ugly_gold,True,True,False,4.1875,-0.1875,4.1875,True,False
E5A_rq3_text_plus_image_internvl_retry2_20260730,OpenGVLab/InternVL3-8B,853e3a797a661694b1b8ece0cb72dc2b23e3dac9,java,rq3g_java_042__c6,visual_only_trash,beautiful_trash,ugly_trash,beautiful_trash,False,False,False,0.0625,-2.4375,0.0625,True,False
E5A_rq3_text_plus_image_internvl_retry2_20260730,OpenGVLab/InternVL3-8B,853e3a797a661694b1b8ece0cb72dc2b23e3dac9,java,rq3g_java_043__c1,visual_only_gold,golden,ugly_gold,golden,False,False,False,0.125,-0.5,0.125,True,False
E5A_rq3_text_plus_image_internvl_retry2_20260730,OpenGVLab/InternVL3-8B,853e3a797a661694b1b8ece0cb72dc2b23e3dac9,java,rq3g_java_043__c2,semantic_and_visual_aligned,golden,beautiful_trash,golden,True,True,False,4.6875,0.0625,4.6875,True,False
E5A_rq3_text_plus_image_internvl_retry2_20260730,OpenGVLab/InternVL3-8B,853e3a797a661694b1b8ece0cb72dc2b23e3dac9,java,rq3g_java_043__c3,semantic_and_visual_aligned,golden,ugly_trash,golden,True,True,False,5.0625,-0.0625,5.0625,True,False
E5A_rq3_text_plus_image_internvl_retry2_20260730,OpenGVLab/InternVL3-8B,853e3a797a661694b1b8ece0cb72dc2b23e3dac9,java,rq3g_java_043__c4,semantic_visual_conflict_primary,ugly_gold,beautiful_trash,ugly_gold,True,True,False,4.8125,-0.1875,4.8125,True,False
E5A_rq3_text_plus_image_internvl_retry2_20260730,OpenGVLab/InternVL3-8B,853e3a797a661694b1b8ece0cb72dc2b23e3dac9,java,rq3g_java_043__c5,semantic_only_under_ugly,ugly_gold,ugly_trash,ugly_gold,True,True,False,4.8125,-0.0625,4.8125,True,False
E5A_rq3_text_plus_image_internvl_retry2_20260730,OpenGVLab/InternVL3-8B,853e3a797a661694b1b8ece0cb72dc2b23e3dac9,java,rq3g_java_043__c6,visual_only_trash,beautiful_trash,ugly_trash,beautiful_trash,False,False,False,-0.125,-1.75,-0.125,False,False
E5A_rq3_text_plus_image_internvl_retry2_20260730,OpenGVLab/InternVL3-8B,853e3a797a661694b1b8ece0cb72dc2b23e3dac9,java,rq3g_java_044__c1,visual_only_gold,golden,ugly_gold,golden,False,False,False,0.375,1.0,0.375,True,False
E5A_rq3_text_plus_image_internvl_retry2_20260730,OpenGVLab/InternVL3-8B,853e3a797a661694b1b8ece0cb72dc2b23e3dac9,java,rq3g_java_044__c2,semantic_and_visual_aligned,golden,beautiful_trash,golden,True,True,False,5.3125,0.4375,5.3125,True,False
E5A_rq3_text_plus_image_internvl_retry2_20260730,OpenGVLab/InternVL3-8B,853e3a797a661694b1b8ece0cb72dc2b23e3dac9,java,rq3g_java_044__c3,semantic_and_visual_aligned,golden,ugly_trash,golden,True,True,False,5.6875,0.3125,5.6875,True,False
E5A_rq3_text_plus_image_internvl_retry2_20260730,OpenGVLab/InternVL3-8B,853e3a797a661694b1b8ece0cb72dc2b23e3dac9,java,rq3g_java_044__c4,semantic_visual_conflict_primary,ugly_gold,beautiful_trash,ugly_gold,True,True,False,5.1875,0.4375,5.1875,True,False
E5A_rq3_text_plus_image_internvl_retry2_20260730,OpenGVLab/InternVL3-8B,853e3a797a661694b1b8ece0cb72dc2b23e3dac9,java,rq3g_java_044__c5,semantic_only_under_ugly,ugly_gold,ugly_trash,ugly_gold,True,True,False,5.5625,0.1875,5.5625,True,False
E5A_rq3_text_plus_image_internvl_retry2_20260730,OpenGVLab/InternVL3-8B,853e3a797a661694b1b8ece0cb72dc2b23e3dac9,java,rq3g_java_044__c6,visual_only_trash,beautiful_trash,ugly_trash,beautiful_trash,False,False,False,0.125,-0.5,0.125,True,False
E5A_rq3_text_plus_image_internvl_retry2_20260730,OpenGVLab/InternVL3-8B,853e3a797a661694b1b8ece0cb72dc2b23e3dac9,java,rq3g_java_045__c1,visual_only_gold,golden,ugly_gold,golden,False,False,False,0.1875,-0.8125,0.1875,True,False
E5A_rq3_text_plus_image_internvl_retry2_20260730,OpenGVLab/InternVL3-8B,853e3a797a661694b1b8ece0cb72dc2b23e3dac9,java,rq3g_java_045__c2,semantic_and_visual_aligned,golden,beautiful_trash,golden,True,True,False,3.5,-0.875,3.5,True,False
E5A_rq3_text_plus_image_internvl_retry2_20260730,OpenGVLab/InternVL3-8B,853e3a797a661694b1b8ece0cb72dc2b23e3dac9,java,rq3g_java_045__c3,semantic_and_visual_aligned,golden,ugly_trash,golden,True,True,False,3.375,-0.75,3.375,True,False
E5A_rq3_text_plus_image_internvl_retry2_20260730,OpenGVLab/InternVL3-8B,853e3a797a661694b1b8ece0cb72dc2b23e3dac9,java,rq3g_java_045__c4,semantic_visual_conflict_primary,ugly_gold,beautiful_trash,ugly_gold,True,True,False,3.0625,-0.6875,3.0625,True,False
E5A_rq3_text_plus_image_internvl_retry2_20260730,OpenGVLab/InternVL3-8B,853e3a797a661694b1b8ece0cb72dc2b23e3dac9,java,rq3g_java_045__c5,semantic_only_under_ugly,ugly_gold,ugly_trash,ugly_gold,True,True,False,3.4375,-0.8125,3.4375,True,False
E5A_rq3_text_plus_image_internvl_retry2_20260730,OpenGVLab/InternVL3-8B,853e3a797a661694b1b8ece0cb72dc2b23e3dac9,java,rq3g_java_045__c6,visual_only_trash,beautiful_trash,ugly_trash,beautiful_trash,False,False,False,0.0625,-0.5625,0.0625,True,False
E5A_rq3_text_plus_image_internvl_retry2_20260730,OpenGVLab/InternVL3-8B,853e3a797a661694b1b8ece0cb72dc2b23e3dac9,java,rq3g_java_046__c1,visual_only_gold,golden,ugly_gold,golden,False,False,False,0.0,0.25,0.0,False,True
E5A_rq3_text_plus_image_internvl_retry2_20260730,OpenGVLab/InternVL3-8B,853e3a797a661694b1b8ece0cb72dc2b23e3dac9,java,rq3g_java_046__c2,semantic_and_visual_aligned,golden,beautiful_trash,golden,True,True,False,5.4375,0.1875,5.4375,True,False
E5A_rq3_text_plus_image_internvl_retry2_20260730,OpenGVLab/InternVL3-8B,853e3a797a661694b1b8ece0cb72dc2b23e3dac9,java,rq3g_java_046__c3,semantic_and_visual_aligned,golden,ugly_trash,golden,True,True,False,5.3125,0.0625,5.3125,True,False
E5A_rq3_text_plus_image_internvl_retry2_20260730,OpenGVLab/InternVL3-8B,853e3a797a661694b1b8ece0cb72dc2b23e3dac9,java,rq3g_java_046__c4,semantic_visual_conflict_primary,ugly_gold,beautiful_trash,ugly_gold,True,True,False,5.375,0.0,5.375,True,False
E5A_rq3_text_plus_image_internvl_retry2_20260730,OpenGVLab/InternVL3-8B,853e3a797a661694b1b8ece0cb72dc2b23e3dac9,java,rq3g_java_046__c5,semantic_only_under_ugly,ugly_gold,ugly_trash,ugly_gold,True,True,False,5.3125,0.0625,5.3125,True,False
E5A_rq3_text_plus_image_internvl_retry2_20260730,OpenGVLab/InternVL3-8B,853e3a797a661694b1b8ece0cb72dc2b23e3dac9,java,rq3g_java_046__c6,visual_only_trash,beautiful_trash,ugly_trash,beautiful_trash,False,False,False,0.0,-1.625,0.0,False,True
E5A_rq3_text_plus_image_internvl_retry2_20260730,OpenGVLab/InternVL3-8B,853e3a797a661694b1b8ece0cb72dc2b23e3dac9,java,rq3g_java_047__c1,visual_only_gold,golden,ugly_gold,golden,False,False,False,-0.125,0.625,-0.125,False,False
E5A_rq3_text_plus_image_internvl_retry2_20260730,OpenGVLab/InternVL3-8B,853e3a797a661694b1b8ece0cb72dc2b23e3dac9,java,rq3g_java_047__c2,semantic_and_visual_aligned,golden,beautiful_trash,golden,True,True,False,5.3125,-0.1875,5.3125,True,False
E5A_rq3_text_plus_image_internvl_retry2_20260730,OpenGVLab/InternVL3-8B,853e3a797a661694b1b8ece0cb72dc2b23e3dac9,java,rq3g_java_047__c3,semantic_and_visual_aligned,golden,ugly_trash,golden,True,True,False,5.5,-0.375,5.5,True,False
E5A_rq3_text_plus_image_internvl_retry2_20260730,OpenGVLab/InternVL3-8B,853e3a797a661694b1b8ece0cb72dc2b23e3dac9,java,rq3g_java_047__c4,semantic_visual_conflict_primary,ugly_gold,beautiful_trash,ugly_gold,True,True,False,4.9375,-1.0625,4.9375,True,False
E5A_rq3_text_plus_image_internvl_retry2_20260730,OpenGVLab/InternVL3-8B,853e3a797a661694b1b8ece0cb72dc2b23e3dac9,java,rq3g_java_047__c5,semantic_only_under_ugly,ugly_gold,ugly_trash,ugly_gold,True,True,False,5.25,-0.875,5.25,True,False
E5A_rq3_text_plus_image_internvl_retry2_20260730,OpenGVLab/InternVL3-8B,853e3a797a661694b1b8ece0cb72dc2b23e3dac9,java,rq3g_java_047__c6,visual_only_trash,beautiful_trash,ugly_trash,beautiful_trash,False,False,False,-0.125,-1.375,-0.125,False,False
E5A_rq3_text_plus_image_internvl_retry2_20260730,OpenGVLab/InternVL3-8B,853e3a797a661694b1b8ece0cb72dc2b23e3dac9,java,rq3g_java_048__c1,visual_only_gold,golden,ugly_gold,golden,False,False,False,-0.0625,0.4375,-0.0625,False,False
E5A_rq3_text_plus_image_internvl_retry2_20260730,OpenGVLab/InternVL3-8B,853e3a797a661694b1b8ece0cb72dc2b23e3dac9,java,rq3g_java_048__c2,semantic_and_visual_aligned,golden,beautiful_trash,golden,True,True,False,5.1875,-0.0625,5.1875,True,False
E5A_rq3_text_plus_image_internvl_retry2_20260730,OpenGVLab/InternVL3-8B,853e3a797a661694b1b8ece0cb72dc2b23e3dac9,java,rq3g_java_048__c3,semantic_and_visual_aligned,golden,ugly_trash,golden,True,True,False,5.375,-0.375,5.375,True,False
E5A_rq3_text_plus_image_internvl_retry2_20260730,OpenGVLab/InternVL3-8B,853e3a797a661694b1b8ece0cb72dc2b23e3dac9,java,rq3g_java_048__c4,semantic_visual_conflict_primary,ugly_gold,beautiful_trash,ugly_gold,True,True,False,5.4375,-0.1875,5.4375,True,False
E5A_rq3_text_plus_image_internvl_retry2_20260730,OpenGVLab/InternVL3-8B,853e3a797a661694b1b8ece0cb72dc2b23e3dac9,java,rq3g_java_048__c5,semantic_only_under_ugly,ugly_gold,ugly_trash,ugly_gold,True,True,False,5.5,-0.5,5.5,True,False
E5A_rq3_text_plus_image_internvl_retry2_20260730,OpenGVLab/InternVL3-8B,853e3a797a661694b1b8ece0cb72dc2b23e3dac9,java,rq3g_java_048__c6,visual_only_trash,beautiful_trash,ugly_trash,beautiful_trash,False,False,False,0.0,-1.625,0.0,False,True
E5A_rq3_text_plus_image_internvl_retry2_20260730,OpenGVLab/InternVL3-8B,853e3a797a661694b1b8ece0cb72dc2b23e3dac9,java,rq3g_java_049__c1,visual_only_gold,golden,ugly_gold,golden,False,False,False,0.0625,0.8125,0.0625,True,False
E5A_rq3_text_plus_image_internvl_retry2_20260730,OpenGVLab/InternVL3-8B,853e3a797a661694b1b8ece0cb72dc2b23e3dac9,java,rq3g_java_049__c2,semantic_and_visual_aligned,golden,beautiful_trash,golden,True,True,False,5.875,-0.375,5.875,True,False
E5A_rq3_text_plus_image_internvl_retry2_20260730,OpenGVLab/InternVL3-8B,853e3a797a661694b1b8ece0cb72dc2b23e3dac9,java,rq3g_java_049__c3,semantic_and_visual_aligned,golden,ugly_trash,golden,True,True,False,5.625,0.125,5.625,True,False
E5A_rq3_text_plus_image_internvl_retry2_20260730,OpenGVLab/InternVL3-8B,853e3a797a661694b1b8ece0cb72dc2b23e3dac9,java,rq3g_java_049__c4,semantic_visual_conflict_primary,ugly_gold,beautiful_trash,ugly_gold,True,True,False,5.75,-0.375,5.75,True,False
E5A_rq3_text_plus_image_internvl_retry2_20260730,OpenGVLab/InternVL3-8B,853e3a797a661694b1b8ece0cb72dc2b23e3dac9,java,rq3g_java_049__c5,semantic_only_under_ugly,ugly_gold,ugly_trash,ugly_gold,True,True,False,5.3125,-0.1875,5.3125,True,False
E5A_rq3_text_plus_image_internvl_retry2_20260730,OpenGVLab/InternVL3-8B,853e3a797a661694b1b8ece0cb72dc2b23e3dac9,java,rq3g_java_049__c6,visual_only_trash,beautiful_trash,ugly_trash,beautiful_trash,False,False,False,0.1875,-0.5625,0.1875,True,False
E5A_rq3_text_plus_image_internvl_retry2_20260730,OpenGVLab/InternVL3-8B,853e3a797a661694b1b8ece0cb72dc2b23e3dac9,java,rq3g_java_050__c1,visual_only_gold,golden,ugly_gold,golden,False,False,False,0.375,-1.0,0.375,True,False
E5A_rq3_text_plus_image_internvl_retry2_20260730,OpenGVLab/InternVL3-8B,853e3a797a661694b1b8ece0cb72dc2b23e3dac9,java,rq3g_java_050__c2,semantic_and_visual_aligned,golden,beautiful_trash,golden,True,True,False,4.4375,0.4375,4.4375,True,False
E5A_rq3_text_plus_image_internvl_retry2_20260730,OpenGVLab/InternVL3-8B,853e3a797a661694b1b8ece0cb72dc2b23e3dac9,java,rq3g_java_050__c3,semantic_and_visual_aligned,golden,ugly_trash,golden,True,True,False,4.625,0.375,4.625,True,False
E5A_rq3_text_plus_image_internvl_retry2_20260730,OpenGVLab/InternVL3-8B,853e3a797a661694b1b8ece0cb72dc2b23e3dac9,java,rq3g_java_050__c4,semantic_visual_conflict_primary,ugly_gold,beautiful_trash,ugly_gold,True,True,False,4.375,0.625,4.375,True,False
E5A_rq3_text_plus_image_internvl_retry2_20260730,OpenGVLab/InternVL3-8B,853e3a797a661694b1b8ece0cb72dc2b23e3dac9,java,rq3g_java_050__c5,semantic_only_under_ugly,ugly_gold,ugly_trash,ugly_gold,True,True,False,4.75,0.5,4.75,True,False
E5A_rq3_text_plus_image_internvl_retry2_20260730,OpenGVLab/InternVL3-8B,853e3a797a661694b1b8ece0cb72dc2b23e3dac9,java,rq3g_java_050__c6,visual_only_trash,beautiful_trash,ugly_trash,beautiful_trash,True,True,False,0.3125,-0.1875,0.3125,True,False
E5A_rq3_text_plus_image_internvl_retry2_20260730,OpenGVLab/InternVL3-8B,853e3a797a661694b1b8ece0cb72dc2b23e3dac9,java,rq3g_java_051__c1,visual_only_gold,golden,ugly_gold,golden,False,False,False,0.0,0.0,0.0,False,True
E5A_rq3_text_plus_image_internvl_retry2_20260730,OpenGVLab/InternVL3-8B,853e3a797a661694b1b8ece0cb72dc2b23e3dac9,java,rq3g_java_051__c2,semantic_and_visual_aligned,golden,beautiful_trash,golden,True,True,False,5.375,-0.5,5.375,True,False
E5A_rq3_text_plus_image_internvl_retry2_20260730,OpenGVLab/InternVL3-8B,853e3a797a661694b1b8ece0cb72dc2b23e3dac9,java,rq3g_java_051__c3,semantic_and_visual_aligned,golden,ugly_trash,golden,True,True,False,5.25,-0.625,5.25,True,False
E5A_rq3_text_plus_image_internvl_retry2_20260730,OpenGVLab/InternVL3-8B,853e3a797a661694b1b8ece0cb72dc2b23e3dac9,java,rq3g_java_051__c4,semantic_visual_conflict_primary,ugly_gold,beautiful_trash,ugly_gold,True,True,False,5.0625,-0.6875,5.0625,True,False
E5A_rq3_text_plus_image_internvl_retry2_20260730,OpenGVLab/InternVL3-8B,853e3a797a661694b1b8ece0cb72dc2b23e3dac9,java,rq3g_java_051__c5,semantic_only_under_ugly,ugly_gold,ugly_trash,ugly_gold,True,True,False,5.0625,-0.6875,5.0625,True,False
E5A_rq3_text_plus_image_internvl_retry2_20260730,OpenGVLab/InternVL3-8B,853e3a797a661694b1b8ece0cb72dc2b23e3dac9,java,rq3g_java_051__c6,visual_only_trash,beautiful_trash,ugly_trash,beautiful_trash,False,False,False,0.0,-1.375,0.0,False,True
E5A_rq3_text_plus_image_internvl_retry2_20260730,OpenGVLab/InternVL3-8B,853e3a797a661694b1b8ece0cb72dc2b23e3dac9,java,rq3g_java_052__c1,visual_only_gold,golden,ugly_gold,golden,False,False,False,0.125,0.25,0.125,True,False
E5A_rq3_text_plus_image_internvl_retry2_20260730,OpenGVLab/InternVL3-8B,853e3a797a661694b1b8ece0cb72dc2b23e3dac9,java,rq3g_java_052__c2,semantic_and_visual_aligned,golden,beautiful_trash,golden,True,True,False,5.0625,0.0625,5.0625,True,False
E5A_rq3_text_plus_image_internvl_retry2_20260730,OpenGVLab/InternVL3-8B,853e3a797a661694b1b8ece0cb72dc2b23e3dac9,java,rq3g_java_052__c3,semantic_and_visual_aligned,golden,ugly_trash,golden,True,True,False,5.0,0.375,5.0,True,False
E5A_rq3_text_plus_image_internvl_retry2_20260730,OpenGVLab/InternVL3-8B,853e3a797a661694b1b8ece0cb72dc2b23e3dac9,java,rq3g_java_052__c4,semantic_visual_conflict_primary,ugly_gold,beautiful_trash,ugly_gold,True,True,False,4.9375,-0.0625,4.9375,True,False
E5A_rq3_text_plus_image_internvl_retry2_20260730,OpenGVLab/InternVL3-8B,853e3a797a661694b1b8ece0cb72dc2b23e3dac9,java,rq3g_java_052__c5,semantic_only_under_ugly,ugly_gold,ugly_trash,ugly_gold,True,True,False,5.25,0.25,5.25,True,False
E5A_rq3_text_plus_image_internvl_retry2_20260730,OpenGVLab/InternVL3-8B,853e3a797a661694b1b8ece0cb72dc2b23e3dac9,java,rq3g_java_052__c6,visual_only_trash,beautiful_trash,ugly_trash,beautiful_trash,False,False,False,0.125,-0.875,0.125,True,False
E5A_rq3_text_plus_image_internvl_retry2_20260730,OpenGVLab/InternVL3-8B,853e3a797a661694b1b8ece0cb72dc2b23e3dac9,java,rq3g_java_053__c1,visual_only_gold,golden,ugly_gold,golden,False,False,False,0.4375,1.3125,0.4375,True,False
E5A_rq3_text_plus_image_internvl_retry2_20260730,OpenGVLab/InternVL3-8B,853e3a797a661694b1b8ece0cb72dc2b23e3dac9,java,rq3g_java_053__c2,semantic_and_visual_aligned,golden,beautiful_trash,golden,True,True,False,3.9375,-0.5625,3.9375,True,False
E5A_rq3_text_plus_image_internvl_retry2_20260730,OpenGVLab/InternVL3-8B,853e3a797a661694b1b8ece0cb72dc2b23e3dac9,java,rq3g_java_053__c3,semantic_and_visual_aligned,golden,ugly_trash,golden,True,True,False,4.0625,-0.5625,4.0625,True,False
E5A_rq3_text_plus_image_internvl_retry2_20260730,OpenGVLab/InternVL3-8B,853e3a797a661694b1b8ece0cb72dc2b23e3dac9,java,rq3g_java_053__c4,semantic_visual_conflict_primary,ugly_gold,beautiful_trash,ugly_gold,True,True,False,4.0625,-0.9375,4.0625,True,False
E5A_rq3_text_plus_image_internvl_retry2_20260730,OpenGVLab/InternVL3-8B,853e3a797a661694b1b8ece0cb72dc2b23e3dac9,java,rq3g_java_053__c5,semantic_only_under_ugly,ugly_gold,ugly_trash,ugly_gold,True,True,False,4.0625,-0.9375,4.0625,True,False
E5A_rq3_text_plus_image_internvl_retry2_20260730,OpenGVLab/InternVL3-8B,853e3a797a661694b1b8ece0cb72dc2b23e3dac9,java,rq3g_java_053__c6,visual_only_trash,beautiful_trash,ugly_trash,beautiful_trash,False,False,False,-0.0625,-0.3125,-0.0625,False,False
E5A_rq3_text_plus_image_internvl_retry2_20260730,OpenGVLab/InternVL3-8B,853e3a797a661694b1b8ece0cb72dc2b23e3dac9,java,rq3g_java_054__c1,visual_only_gold,golden,ugly_gold,golden,False,False,False,-0.0625,-0.3125,-0.0625,False,False
E5A_rq3_text_plus_image_internvl_retry2_20260730,OpenGVLab/InternVL3-8B,853e3a797a661694b1b8ece0cb72dc2b23e3dac9,java,rq3g_java_054__c2,semantic_and_visual_aligned,golden,beautiful_trash,golden,True,True,False,4.8125,0.0625,4.8125,True,False
E5A_rq3_text_plus_image_internvl_retry2_20260730,OpenGVLab/InternVL3-8B,853e3a797a661694b1b8ece0cb72dc2b23e3dac9,java,rq3g_java_054__c3,semantic_and_visual_aligned,golden,ugly_trash,golden,True,True,False,5.0,0.125,5.0,True,False
E5A_rq3_text_plus_image_internvl_retry2_20260730,OpenGVLab/InternVL3-8B,853e3a797a661694b1b8ece0cb72dc2b23e3dac9,java,rq3g_java_054__c4,semantic_visual_conflict_primary,ugly_gold,beautiful_trash,ugly_gold,True,True,False,4.75,-0.125,4.75,True,False
E5A_rq3_text_plus_image_internvl_retry2_20260730,OpenGVLab/InternVL3-8B,853e3a797a661694b1b8ece0cb72dc2b23e3dac9,java,rq3g_java_054__c5,semantic_only_under_ugly,ugly_gold,ugly_trash,ugly_gold,True,True,False,5.0,0.0,5.0,True,False
E5A_rq3_text_plus_image_internvl_retry2_20260730,OpenGVLab/InternVL3-8B,853e3a797a661694b1b8ece0cb72dc2b23e3dac9,java,rq3g_java_054__c6,visual_only_trash,beautiful_trash,ugly_trash,beautiful_trash,False,False,False,0.0625,-1.5625,0.0625,True,False
E5A_rq3_text_plus_image_internvl_retry2_20260730,OpenGVLab/InternVL3-8B,853e3a797a661694b1b8ece0cb72dc2b23e3dac9,java,rq3g_java_055__c1,visual_only_gold,golden,ugly_gold,golden,False,False,False,0.0625,0.8125,0.0625,True,False
E5A_rq3_text_plus_image_internvl_retry2_20260730,OpenGVLab/InternVL3-8B,853e3a797a661694b1b8ece0cb72dc2b23e3dac9,java,rq3g_java_055__c2,semantic_and_visual_aligned,golden,beautiful_trash,golden,True,True,False,5.375,0.75,5.375,True,False
E5A_rq3_text_plus_image_internvl_retry2_20260730,OpenGVLab/InternVL3-8B,853e3a797a661694b1b8ece0cb72dc2b23e3dac9,java,rq3g_java_055__c3,semantic_and_visual_aligned,golden,ugly_trash,golden,True,True,False,5.3125,0.8125,5.3125,True,False
E5A_rq3_text_plus_image_internvl_retry2_20260730,OpenGVLab/InternVL3-8B,853e3a797a661694b1b8ece0cb72dc2b23e3dac9,java,rq3g_java_055__c4,semantic_visual_conflict_primary,ugly_gold,beautiful_trash,ugly_gold,True,True,False,5.1875,0.4375,5.1875,True,False
E5A_rq3_text_plus_image_internvl_retry2_20260730,OpenGVLab/InternVL3-8B,853e3a797a661694b1b8ece0cb72dc2b23e3dac9,java,rq3g_java_055__c5,semantic_only_under_ugly,ugly_gold,ugly_trash,ugly_gold,True,True,False,5.3125,0.6875,5.3125,True,False
E5A_rq3_text_plus_image_internvl_retry2_20260730,OpenGVLab/InternVL3-8B,853e3a797a661694b1b8ece0cb72dc2b23e3dac9,java,rq3g_java_055__c6,visual_only_trash,beautiful_trash,ugly_trash,beautiful_trash,False,False,False,0.1875,-1.0625,0.1875,True,False
E5A_rq3_text_plus_image_internvl_retry2_20260730,OpenGVLab/InternVL3-8B,853e3a797a661694b1b8ece0cb72dc2b23e3dac9,java,rq3g_java_056__c1,visual_only_gold,golden,ugly_gold,golden,False,False,False,-0.0625,-0.3125,-0.0625,False,False
E5A_rq3_text_plus_image_internvl_retry2_20260730,OpenGVLab/InternVL3-8B,853e3a797a661694b1b8ece0cb72dc2b23e3dac9,java,rq3g_java_056__c2,semantic_and_visual_aligned,golden,beautiful_trash,golden,True,True,False,5.5,0.0,5.5,True,False
E5A_rq3_text_plus_image_internvl_retry2_20260730,OpenGVLab/InternVL3-8B,853e3a797a661694b1b8ece0cb72dc2b23e3dac9,java,rq3g_java_056__c3,semantic_and_visual_aligned,golden,ugly_trash,golden,True,True,False,5.3125,0.0625,5.3125,True,False
E5A_rq3_text_plus_image_internvl_retry2_20260730,OpenGVLab/InternVL3-8B,853e3a797a661694b1b8ece0cb72dc2b23e3dac9,java,rq3g_java_056__c4,semantic_visual_conflict_primary,ugly_gold,beautiful_trash,ugly_gold,True,True,False,5.5625,-0.0625,5.5625,True,False
E5A_rq3_text_plus_image_internvl_retry2_20260730,OpenGVLab/InternVL3-8B,853e3a797a661694b1b8ece0cb72dc2b23e3dac9,java,rq3g_java_056__c5,semantic_only_under_ugly,ugly_gold,ugly_trash,ugly_gold,True,True,False,5.375,0.125,5.375,True,False
E5A_rq3_text_plus_image_internvl_retry2_20260730,OpenGVLab/InternVL3-8B,853e3a797a661694b1b8ece0cb72dc2b23e3dac9,java,rq3g_java_056__c6,visual_only_trash,beautiful_trash,ugly_trash,beautiful_trash,False,False,False,-0.1875,-0.4375,-0.1875,False,False
E5A_rq3_text_plus_image_internvl_retry2_20260730,OpenGVLab/InternVL3-8B,853e3a797a661694b1b8ece0cb72dc2b23e3dac9,java,rq3g_java_057__c1,visual_only_gold,golden,ugly_gold,golden,False,False,False,0.0,0.375,0.0,False,True
E5A_rq3_text_plus_image_internvl_retry2_20260730,OpenGVLab/InternVL3-8B,853e3a797a661694b1b8ece0cb72dc2b23e3dac9,java,rq3g_java_057__c2,semantic_and_visual_aligned,golden,beautiful_trash,golden,True,True,False,5.625,-0.25,5.625,True,False
E5A_rq3_text_plus_image_internvl_retry2_20260730,OpenGVLab/InternVL3-8B,853e3a797a661694b1b8ece0cb72dc2b23e3dac9,java,rq3g_java_057__c3,semantic_and_visual_aligned,golden,ugly_trash,golden,True,True,False,5.75,-0.25,5.75,True,False
E5A_rq3_text_plus_image_internvl_retry2_20260730,OpenGVLab/InternVL3-8B,853e3a797a661694b1b8ece0cb72dc2b23e3dac9,java,rq3g_java_057__c4,semantic_visual_conflict_primary,ugly_gold,beautiful_trash,ugly_gold,True,True,False,5.8125,-0.4375,5.8125,True,False
E5A_rq3_text_plus_image_internvl_retry2_20260730,OpenGVLab/InternVL3-8B,853e3a797a661694b1b8ece0cb72dc2b23e3dac9,java,rq3g_java_057__c5,semantic_only_under_ugly,ugly_gold,ugly_trash,ugly_gold,True,True,False,5.5625,-0.3125,5.5625,True,False
E5A_rq3_text_plus_image_internvl_retry2_20260730,OpenGVLab/InternVL3-8B,853e3a797a661694b1b8ece0cb72dc2b23e3dac9,java,rq3g_java_057__c6,visual_only_trash,beautiful_trash,ugly_trash,beautiful_trash,False,False,False,0.25,-1.0,0.25,True,False
E5A_rq3_text_plus_image_internvl_retry2_20260730,OpenGVLab/InternVL3-8B,853e3a797a661694b1b8ece0cb72dc2b23e3dac9,java,rq3g_java_058__c1,visual_only_gold,golden,ugly_gold,golden,False,False,False,0.3125,-1.1875,0.3125,True,False
E5A_rq3_text_plus_image_internvl_retry2_20260730,OpenGVLab/InternVL3-8B,853e3a797a661694b1b8ece0cb72dc2b23e3dac9,java,rq3g_java_058__c2,semantic_and_visual_aligned,golden,beautiful_trash,golden,True,True,False,5.3125,0.0625,5.3125,True,False
E5A_rq3_text_plus_image_internvl_retry2_20260730,OpenGVLab/InternVL3-8B,853e3a797a661694b1b8ece0cb72dc2b23e3dac9,java,rq3g_java_058__c3,semantic_and_visual_aligned,golden,ugly_trash,golden,True,True,False,5.0625,0.0625,5.0625,True,False
E5A_rq3_text_plus_image_internvl_retry2_20260730,OpenGVLab/InternVL3-8B,853e3a797a661694b1b8ece0cb72dc2b23e3dac9,java,rq3g_java_058__c4,semantic_visual_conflict_primary,ugly_gold,beautiful_trash,ugly_gold,True,True,False,5.25,0.25,5.25,True,False
E5A_rq3_text_plus_image_internvl_retry2_20260730,OpenGVLab/InternVL3-8B,853e3a797a661694b1b8ece0cb72dc2b23e3dac9,java,rq3g_java_058__c5,semantic_only_under_ugly,ugly_gold,ugly_trash,ugly_gold,True,True,False,5.125,0.125,5.125,True,False
E5A_rq3_text_plus_image_internvl_retry2_20260730,OpenGVLab/InternVL3-8B,853e3a797a661694b1b8ece0cb72dc2b23e3dac9,java,rq3g_java_058__c6,visual_only_trash,beautiful_trash,ugly_trash,beautiful_trash,False,False,False,0.0625,-0.9375,0.0625,True,False
E5A_rq3_text_plus_image_internvl_retry2_20260730,OpenGVLab/InternVL3-8B,853e3a797a661694b1b8ece0cb72dc2b23e3dac9,java,rq3g_java_059__c1,visual_only_gold,golden,ugly_gold,golden,False,False,False,0.0,0.25,0.0,False,True
E5A_rq3_text_plus_image_internvl_retry2_20260730,OpenGVLab/InternVL3-8B,853e3a797a661694b1b8ece0cb72dc2b23e3dac9,java,rq3g_java_059__c2,semantic_and_visual_aligned,golden,beautiful_trash,golden,True,True,False,4.3125,0.3125,4.3125,True,False
E5A_rq3_text_plus_image_internvl_retry2_20260730,OpenGVLab/InternVL3-8B,853e3a797a661694b1b8ece0cb72dc2b23e3dac9,java,rq3g_java_059__c3,semantic_and_visual_aligned,golden,ugly_trash,golden,True,True,False,4.0,0.25,4.0,True,False
E5A_rq3_text_plus_image_internvl_retry2_20260730,OpenGVLab/InternVL3-8B,853e3a797a661694b1b8ece0cb72dc2b23e3dac9,java,rq3g_java_059__c4,semantic_visual_conflict_primary,ugly_gold,beautiful_trash,ugly_gold,True,True,False,4.0625,0.1875,4.0625,True,False
E5A_rq3_text_plus_image_internvl_retry2_20260730,OpenGVLab/InternVL3-8B,853e3a797a661694b1b8ece0cb72dc2b23e3dac9,java,rq3g_java_059__c5,semantic_only_under_ugly,ugly_gold,ugly_trash,ugly_gold,True,True,False,3.9375,0.0625,3.9375,True,False
E5A_rq3_text_plus_image_internvl_retry2_20260730,OpenGVLab/InternVL3-8B,853e3a797a661694b1b8ece0cb72dc2b23e3dac9,java,rq3g_java_059__c6,visual_only_trash,beautiful_trash,ugly_trash,beautiful_trash,False,False,False,0.0625,-0.6875,0.0625,True,False
E5A_rq3_text_plus_image_internvl_retry2_20260730,OpenGVLab/InternVL3-8B,853e3a797a661694b1b8ece0cb72dc2b23e3dac9,java,rq3g_java_060__c1,visual_only_gold,golden,ugly_gold,golden,False,False,False,0.0,0.5,0.0,False,True
E5A_rq3_text_plus_image_internvl_retry2_20260730,OpenGVLab/InternVL3-8B,853e3a797a661694b1b8ece0cb72dc2b23e3dac9,java,rq3g_java_060__c2,semantic_and_visual_aligned,golden,beautiful_trash,golden,True,True,False,5.125,0.125,5.125,True,False
E5A_rq3_text_plus_image_internvl_retry2_20260730,OpenGVLab/InternVL3-8B,853e3a797a661694b1b8ece0cb72dc2b23e3dac9,java,rq3g_java_060__c3,semantic_and_visual_aligned,golden,ugly_trash,golden,True,True,False,5.1875,0.0625,5.1875,True,False
E5A_rq3_text_plus_image_internvl_retry2_20260730,OpenGVLab/InternVL3-8B,853e3a797a661694b1b8ece0cb72dc2b23e3dac9,java,rq3g_java_060__c4,semantic_visual_conflict_primary,ugly_gold,beautiful_trash,ugly_gold,True,True,False,4.875,0.0,4.875,True,False
E5A_rq3_text_plus_image_internvl_retry2_20260730,OpenGVLab/InternVL3-8B,853e3a797a661694b1b8ece0cb72dc2b23e3dac9,java,rq3g_java_060__c5,semantic_only_under_ugly,ugly_gold,ugly_trash,ugly_gold,True,True,False,4.8125,-0.1875,4.8125,True,False
E5A_rq3_text_plus_image_internvl_retry2_20260730,OpenGVLab/InternVL3-8B,853e3a797a661694b1b8ece0cb72dc2b23e3dac9,java,rq3g_java_060__c6,visual_only_trash,beautiful_trash,ugly_trash,beautiful_trash,False,False,False,0.25,-1.25,0.25,True,False
E5A_rq3_text_plus_image_internvl_retry2_20260730,OpenGVLab/InternVL3-8B,853e3a797a661694b1b8ece0cb72dc2b23e3dac9,java,rq3g_java_061__c1,visual_only_gold,golden,ugly_gold,golden,False,False,False,0.125,1.875,0.125,True,False
E5A_rq3_text_plus_image_internvl_retry2_20260730,OpenGVLab/InternVL3-8B,853e3a797a661694b1b8ece0cb72dc2b23e3dac9,java,rq3g_java_061__c2,semantic_and_visual_aligned,golden,beautiful_trash,golden,True,True,False,4.75,0.25,4.75,True,False
E5A_rq3_text_plus_image_internvl_retry2_20260730,OpenGVLab/InternVL3-8B,853e3a797a661694b1b8ece0cb72dc2b23e3dac9,java,rq3g_java_061__c3,semantic_and_visual_aligned,golden,ugly_trash,golden,True,True,False,5.0,0.0,5.0,True,False
E5A_rq3_text_plus_image_internvl_retry2_20260730,OpenGVLab/InternVL3-8B,853e3a797a661694b1b8ece0cb72dc2b23e3dac9,java,rq3g_java_061__c4,semantic_visual_conflict_primary,ugly_gold,beautiful_trash,ugly_gold,True,True,False,4.1875,-0.1875,4.1875,True,False
E5A_rq3_text_plus_image_internvl_retry2_20260730,OpenGVLab/InternVL3-8B,853e3a797a661694b1b8ece0cb72dc2b23e3dac9,java,rq3g_java_061__c5,semantic_only_under_ugly,ugly_gold,ugly_trash,ugly_gold,True,True,False,4.75,-0.125,4.75,True,False
E5A_rq3_text_plus_image_internvl_retry2_20260730,OpenGVLab/InternVL3-8B,853e3a797a661694b1b8ece0cb72dc2b23e3dac9,java,rq3g_java_061__c6,visual_only_trash,beautiful_trash,ugly_trash,beautiful_trash,True,True,False,0.0625,-0.0625,0.0625,True,False
E5A_rq3_text_plus_image_internvl_retry2_20260730,OpenGVLab/InternVL3-8B,853e3a797a661694b1b8ece0cb72dc2b23e3dac9,java,rq3g_java_062__c1,visual_only_gold,golden,ugly_gold,golden,True,True,False,0.375,0.125,0.375,True,False
E5A_rq3_text_plus_image_internvl_retry2_20260730,OpenGVLab/InternVL3-8B,853e3a797a661694b1b8ece0cb72dc2b23e3dac9,java,rq3g_java_062__c2,semantic_and_visual_aligned,golden,beautiful_trash,golden,True,True,False,4.75,0.0,4.75,True,False
E5A_rq3_text_plus_image_internvl_retry2_20260730,OpenGVLab/InternVL3-8B,853e3a797a661694b1b8ece0cb72dc2b23e3dac9,java,rq3g_java_062__c3,semantic_and_visual_aligned,golden,ugly_trash,golden,True,True,False,4.5,-0.125,4.5,True,False
E5A_rq3_text_plus_image_internvl_retry2_20260730,OpenGVLab/InternVL3-8B,853e3a797a661694b1b8ece0cb72dc2b23e3dac9,java,rq3g_java_062__c4,semantic_visual_conflict_primary,ugly_gold,beautiful_trash,ugly_gold,True,True,False,4.5625,0.1875,4.5625,True,False
E5A_rq3_text_plus_image_internvl_retry2_20260730,OpenGVLab/InternVL3-8B,853e3a797a661694b1b8ece0cb72dc2b23e3dac9,java,rq3g_java_062__c5,semantic_only_under_ugly,ugly_gold,ugly_trash,ugly_gold,True,True,False,4.8125,-0.1875,4.8125,True,False
E5A_rq3_text_plus_image_internvl_retry2_20260730,OpenGVLab/InternVL3-8B,853e3a797a661694b1b8ece0cb72dc2b23e3dac9,java,rq3g_java_062__c6,visual_only_trash,beautiful_trash,ugly_trash,beautiful_trash,False,False,False,0.3125,-1.1875,0.3125,True,False
E5A_rq3_text_plus_image_internvl_retry2_20260730,OpenGVLab/InternVL3-8B,853e3a797a661694b1b8ece0cb72dc2b23e3dac9,java,rq3g_java_063__c1,visual_only_gold,golden,ugly_gold,golden,False,False,False,-0.1875,0.3125,-0.1875,False,False
E5A_rq3_text_plus_image_internvl_retry2_20260730,OpenGVLab/InternVL3-8B,853e3a797a661694b1b8ece0cb72dc2b23e3dac9,java,rq3g_java_063__c2,semantic_and_visual_aligned,golden,beautiful_trash,golden,True,True,False,5.1875,0.8125,5.1875,True,False
E5A_rq3_text_plus_image_internvl_retry2_20260730,OpenGVLab/InternVL3-8B,853e3a797a661694b1b8ece0cb72dc2b23e3dac9,java,rq3g_java_063__c3,semantic_and_visual_aligned,golden,ugly_trash,golden,True,True,False,5.25,0.5,5.25,True,False
E5A_rq3_text_plus_image_internvl_retry2_20260730,OpenGVLab/InternVL3-8B,853e3a797a661694b1b8ece0cb72dc2b23e3dac9,java,rq3g_java_063__c4,semantic_visual_conflict_primary,ugly_gold,beautiful_trash,ugly_gold,True,True,False,4.9375,0.6875,4.9375,True,False
E5A_rq3_text_plus_image_internvl_retry2_20260730,OpenGVLab/InternVL3-8B,853e3a797a661694b1b8ece0cb72dc2b23e3dac9,java,rq3g_java_063__c5,semantic_only_under_ugly,ugly_gold,ugly_trash,ugly_gold,True,True,False,5.4375,0.4375,5.4375,True,False
E5A_rq3_text_plus_image_internvl_retry2_20260730,OpenGVLab/InternVL3-8B,853e3a797a661694b1b8ece0cb72dc2b23e3dac9,java,rq3g_java_063__c6,visual_only_trash,beautiful_trash,ugly_trash,beautiful_trash,False,False,False,0.0625,-2.6875,0.0625,True,False
E5A_rq3_text_plus_image_internvl_retry2_20260730,OpenGVLab/InternVL3-8B,853e3a797a661694b1b8ece0cb72dc2b23e3dac9,java,rq3g_java_064__c1,visual_only_gold,golden,ugly_gold,golden,False,False,False,0.0625,1.6875,0.0625,True,False
E5A_rq3_text_plus_image_internvl_retry2_20260730,OpenGVLab/InternVL3-8B,853e3a797a661694b1b8ece0cb72dc2b23e3dac9,java,rq3g_java_064__c2,semantic_and_visual_aligned,golden,beautiful_trash,golden,True,True,False,5.4375,0.1875,5.4375,True,False
E5A_rq3_text_plus_image_internvl_retry2_20260730,OpenGVLab/InternVL3-8B,853e3a797a661694b1b8ece0cb72dc2b23e3dac9,java,rq3g_java_064__c3,semantic_and_visual_aligned,golden,ugly_trash,golden,True,True,False,5.3125,0.5625,5.3125,True,False
E5A_rq3_text_plus_image_internvl_retry2_20260730,OpenGVLab/InternVL3-8B,853e3a797a661694b1b8ece0cb72dc2b23e3dac9,java,rq3g_java_064__c4,semantic_visual_conflict_primary,ugly_gold,beautiful_trash,ugly_gold,True,True,False,5.25,0.125,5.25,True,False
E5A_rq3_text_plus_image_internvl_retry2_20260730,OpenGVLab/InternVL3-8B,853e3a797a661694b1b8ece0cb72dc2b23e3dac9,java,rq3g_java_064__c5,semantic_only_under_ugly,ugly_gold,ugly_trash,ugly_gold,True,True,False,5.4375,0.3125,5.4375,True,False
E5A_rq3_text_plus_image_internvl_retry2_20260730,OpenGVLab/InternVL3-8B,853e3a797a661694b1b8ece0cb72dc2b23e3dac9,java,rq3g_java_064__c6,visual_only_trash,beautiful_trash,ugly_trash,beautiful_trash,False,False,False,0.125,-1.875,0.125,True,False
E5A_rq3_text_plus_image_internvl_retry2_20260730,OpenGVLab/InternVL3-8B,853e3a797a661694b1b8ece0cb72dc2b23e3dac9,java,rq3g_java_065__c1,visual_only_gold,golden,ugly_gold,golden,False,False,False,0.0625,1.9375,0.0625,True,False
E5A_rq3_text_plus_image_internvl_retry2_20260730,OpenGVLab/InternVL3-8B,853e3a797a661694b1b8ece0cb72dc2b23e3dac9,java,rq3g_java_065__c2,semantic_and_visual_aligned,golden,beautiful_trash,golden,True,True,False,5.5,-0.5,5.5,True,False
E5A_rq3_text_plus_image_internvl_retry2_20260730,OpenGVLab/InternVL3-8B,853e3a797a661694b1b8ece0cb72dc2b23e3dac9,java,rq3g_java_065__c3,semantic_and_visual_aligned,golden,ugly_trash,golden,True,True,False,5.9375,-0.5625,5.9375,True,False
E5A_rq3_text_plus_image_internvl_retry2_20260730,OpenGVLab/InternVL3-8B,853e3a797a661694b1b8ece0cb72dc2b23e3dac9,java,rq3g_java_065__c4,semantic_visual_conflict_primary,ugly_gold,beautiful_trash,ugly_gold,True,True,False,5.9375,-0.5625,5.9375,True,False
E5A_rq3_text_plus_image_internvl_retry2_20260730,OpenGVLab/InternVL3-8B,853e3a797a661694b1b8ece0cb72dc2b23e3dac9,java,rq3g_java_065__c5,semantic_only_under_ugly,ugly_gold,ugly_trash,ugly_gold,True,True,False,6.25,-0.5,6.25,True,False
E5A_rq3_text_plus_image_internvl_retry2_20260730,OpenGVLab/InternVL3-8B,853e3a797a661694b1b8ece0cb72dc2b23e3dac9,java,rq3g_java_065__c6,visual_only_trash,beautiful_trash,ugly_trash,beautiful_trash,False,False,False,0.0625,-0.3125,0.0625,True,False
E5A_rq3_text_plus_image_internvl_retry2_20260730,OpenGVLab/InternVL3-8B,853e3a797a661694b1b8ece0cb72dc2b23e3dac9,java,rq3g_java_066__c1,visual_only_gold,golden,ugly_gold,golden,False,False,False,0.125,-0.375,0.125,True,False
E5A_rq3_text_plus_image_internvl_retry2_20260730,OpenGVLab/InternVL3-8B,853e3a797a661694b1b8ece0cb72dc2b23e3dac9,java,rq3g_java_066__c2,semantic_and_visual_aligned,golden,beautiful_trash,golden,True,True,False,5.25,0.125,5.25,True,False
E5A_rq3_text_plus_image_internvl_retry2_20260730,OpenGVLab/InternVL3-8B,853e3a797a661694b1b8ece0cb72dc2b23e3dac9,java,rq3g_java_066__c3,semantic_and_visual_aligned,golden,ugly_trash,golden,True,True,False,5.1875,0.0625,5.1875,True,False
E5A_rq3_text_plus_image_internvl_retry2_20260730,OpenGVLab/InternVL3-8B,853e3a797a661694b1b8ece0cb72dc2b23e3dac9,java,rq3g_java_066__c4,semantic_visual_conflict_primary,ugly_gold,beautiful_trash,ugly_gold,True,True,False,5.375,0.125,5.375,True,False
E5A_rq3_text_plus_image_internvl_retry2_20260730,OpenGVLab/InternVL3-8B,853e3a797a661694b1b8ece0cb72dc2b23e3dac9,java,rq3g_java_066__c5,semantic_only_under_ugly,ugly_gold,ugly_trash,ugly_gold,True,True,False,5.375,0.125,5.375,True,False
E5A_rq3_text_plus_image_internvl_retry2_20260730,OpenGVLab/InternVL3-8B,853e3a797a661694b1b8ece0cb72dc2b23e3dac9,java,rq3g_java_066__c6,visual_only_trash,beautiful_trash,ugly_trash,beautiful_trash,True,True,False,0.25,-0.125,0.25,True,False
E5A_rq3_text_plus_image_internvl_retry2_20260730,OpenGVLab/InternVL3-8B,853e3a797a661694b1b8ece0cb72dc2b23e3dac9,java,rq3g_java_067__c1,visual_only_gold,golden,ugly_gold,golden,False,False,False,0.1875,1.3125,0.1875,True,False
E5A_rq3_text_plus_image_internvl_retry2_20260730,OpenGVLab/InternVL3-8B,853e3a797a661694b1b8ece0cb72dc2b23e3dac9,java,rq3g_java_067__c2,semantic_and_visual_aligned,golden,beautiful_trash,golden,True,True,False,5.8125,0.1875,5.8125,True,False
E5A_rq3_text_plus_image_internvl_retry2_20260730,OpenGVLab/InternVL3-8B,853e3a797a661694b1b8ece0cb72dc2b23e3dac9,java,rq3g_java_067__c3,semantic_and_visual_aligned,golden,ugly_trash,golden,True,True,False,5.5625,0.3125,5.5625,True,False
E5A_rq3_text_plus_image_internvl_retry2_20260730,OpenGVLab/InternVL3-8B,853e3a797a661694b1b8ece0cb72dc2b23e3dac9,java,rq3g_java_067__c4,semantic_visual_conflict_primary,ugly_gold,beautiful_trash,ugly_gold,True,True,False,5.625,0.5,5.625,True,False
E5A_rq3_text_plus_image_internvl_retry2_20260730,OpenGVLab/InternVL3-8B,853e3a797a661694b1b8ece0cb72dc2b23e3dac9,java,rq3g_java_067__c5,semantic_only_under_ugly,ugly_gold,ugly_trash,ugly_gold,True,True,False,5.8125,0.3125,5.8125,True,False
E5A_rq3_text_plus_image_internvl_retry2_20260730,OpenGVLab/InternVL3-8B,853e3a797a661694b1b8ece0cb72dc2b23e3dac9,java,rq3g_java_067__c6,visual_only_trash,beautiful_trash,ugly_trash,beautiful_trash,False,False,False,0.125,-0.25,0.125,True,False
E5A_rq3_text_plus_image_internvl_retry2_20260730,OpenGVLab/InternVL3-8B,853e3a797a661694b1b8ece0cb72dc2b23e3dac9,java,rq3g_java_068__c1,visual_only_gold,golden,ugly_gold,golden,False,False,False,-0.125,1.75,-0.125,False,False
E5A_rq3_text_plus_image_internvl_retry2_20260730,OpenGVLab/InternVL3-8B,853e3a797a661694b1b8ece0cb72dc2b23e3dac9,java,rq3g_java_068__c2,semantic_and_visual_aligned,golden,beautiful_trash,golden,True,True,False,5.3125,0.6875,5.3125,True,False
E5A_rq3_text_plus_image_internvl_retry2_20260730,OpenGVLab/InternVL3-8B,853e3a797a661694b1b8ece0cb72dc2b23e3dac9,java,rq3g_java_068__c3,semantic_and_visual_aligned,golden,ugly_trash,golden,True,True,False,5.4375,0.5625,5.4375,True,False
E5A_rq3_text_plus_image_internvl_retry2_20260730,OpenGVLab/InternVL3-8B,853e3a797a661694b1b8ece0cb72dc2b23e3dac9,java,rq3g_java_068__c4,semantic_visual_conflict_primary,ugly_gold,beautiful_trash,ugly_gold,True,True,False,5.125,0.375,5.125,True,False
E5A_rq3_text_plus_image_internvl_retry2_20260730,OpenGVLab/InternVL3-8B,853e3a797a661694b1b8ece0cb72dc2b23e3dac9,java,rq3g_java_068__c5,semantic_only_under_ugly,ugly_gold,ugly_trash,ugly_gold,True,True,False,5.1875,0.4375,5.1875,True,False
E5A_rq3_text_plus_image_internvl_retry2_20260730,OpenGVLab/InternVL3-8B,853e3a797a661694b1b8ece0cb72dc2b23e3dac9,java,rq3g_java_068__c6,visual_only_trash,beautiful_trash,ugly_trash,beautiful_trash,False,False,False,-0.0625,-1.1875,-0.0625,False,False
E5A_rq3_text_plus_image_internvl_retry2_20260730,OpenGVLab/InternVL3-8B,853e3a797a661694b1b8ece0cb72dc2b23e3dac9,java,rq3g_java_069__c1,visual_only_gold,golden,ugly_gold,golden,False,False,False,0.0,-0.75,0.0,False,True
E5A_rq3_text_plus_image_internvl_retry2_20260730,OpenGVLab/InternVL3-8B,853e3a797a661694b1b8ece0cb72dc2b23e3dac9,java,rq3g_java_069__c2,semantic_and_visual_aligned,golden,beautiful_trash,golden,True,True,False,5.125,-0.125,5.125,True,False
E5A_rq3_text_plus_image_internvl_retry2_20260730,OpenGVLab/InternVL3-8B,853e3a797a661694b1b8ece0cb72dc2b23e3dac9,java,rq3g_java_069__c3,semantic_and_visual_aligned,golden,ugly_trash,golden,True,True,False,5.125,0.0,5.125,True,False
E5A_rq3_text_plus_image_internvl_retry2_20260730,OpenGVLab/InternVL3-8B,853e3a797a661694b1b8ece0cb72dc2b23e3dac9,java,rq3g_java_069__c4,semantic_visual_conflict_primary,ugly_gold,beautiful_trash,ugly_gold,True,True,False,5.0625,-0.4375,5.0625,True,False
E5A_rq3_text_plus_image_internvl_retry2_20260730,OpenGVLab/InternVL3-8B,853e3a797a661694b1b8ece0cb72dc2b23e3dac9,java,rq3g_java_069__c5,semantic_only_under_ugly,ugly_gold,ugly_trash,ugly_gold,True,True,False,5.3125,-0.4375,5.3125,True,False
E5A_rq3_text_plus_image_internvl_retry2_20260730,OpenGVLab/InternVL3-8B,853e3a797a661694b1b8ece0cb72dc2b23e3dac9,java,rq3g_java_069__c6,visual_only_trash,beautiful_trash,ugly_trash,beautiful_trash,False,False,False,0.125,-1.375,0.125,True,False
E5A_rq3_text_plus_image_internvl_retry2_20260730,OpenGVLab/InternVL3-8B,853e3a797a661694b1b8ece0cb72dc2b23e3dac9,java,rq3g_java_070__c1,visual_only_gold,golden,ugly_gold,golden,False,False,False,0.25,-0.875,0.25,True,False
E5A_rq3_text_plus_image_internvl_retry2_20260730,OpenGVLab/InternVL3-8B,853e3a797a661694b1b8ece0cb72dc2b23e3dac9,java,rq3g_java_070__c2,semantic_and_visual_aligned,golden,beautiful_trash,golden,True,True,False,4.8125,-0.5625,4.8125,True,False
E5A_rq3_text_plus_image_internvl_retry2_20260730,OpenGVLab/InternVL3-8B,853e3a797a661694b1b8ece0cb72dc2b23e3dac9,java,rq3g_java_070__c3,semantic_and_visual_aligned,golden,ugly_trash,golden,True,True,False,4.625,-0.25,4.625,True,False
E5A_rq3_text_plus_image_internvl_retry2_20260730,OpenGVLab/InternVL3-8B,853e3a797a661694b1b8ece0cb72dc2b23e3dac9,java,rq3g_java_070__c4,semantic_visual_conflict_primary,ugly_gold,beautiful_trash,ugly_gold,True,True,False,4.75,-0.5,4.75,True,False
E5A_rq3_text_plus_image_internvl_retry2_20260730,OpenGVLab/InternVL3-8B,853e3a797a661694b1b8ece0cb72dc2b23e3dac9,java,rq3g_java_070__c5,semantic_only_under_ugly,ugly_gold,ugly_trash,ugly_gold,True,True,False,4.625,-0.25,4.625,True,False
E5A_rq3_text_plus_image_internvl_retry2_20260730,OpenGVLab/InternVL3-8B,853e3a797a661694b1b8ece0cb72dc2b23e3dac9,java,rq3g_java_070__c6,visual_only_trash,beautiful_trash,ugly_trash,beautiful_trash,False,False,False,0.125,-1.0,0.125,True,False
E5A_rq3_text_plus_image_internvl_retry2_20260730,OpenGVLab/InternVL3-8B,853e3a797a661694b1b8ece0cb72dc2b23e3dac9,java,rq3g_java_071__c1,visual_only_gold,golden,ugly_gold,golden,False,False,False,-0.125,0.125,-0.125,False,False
E5A_rq3_text_plus_image_internvl_retry2_20260730,OpenGVLab/InternVL3-8B,853e3a797a661694b1b8ece0cb72dc2b23e3dac9,java,rq3g_java_071__c2,semantic_and_visual_aligned,golden,beautiful_trash,golden,True,True,False,4.875,-0.125,4.875,True,False
E5A_rq3_text_plus_image_internvl_retry2_20260730,OpenGVLab/InternVL3-8B,853e3a797a661694b1b8ece0cb72dc2b23e3dac9,java,rq3g_java_071__c3,semantic_and_visual_aligned,golden,ugly_trash,golden,True,True,False,4.875,0.125,4.875,True,False
E5A_rq3_text_plus_image_internvl_retry2_20260730,OpenGVLab/InternVL3-8B,853e3a797a661694b1b8ece0cb72dc2b23e3dac9,java,rq3g_java_071__c4,semantic_visual_conflict_primary,ugly_gold,beautiful_trash,ugly_gold,True,True,False,4.8125,-0.0625,4.8125,True,False
E5A_rq3_text_plus_image_internvl_retry2_20260730,OpenGVLab/InternVL3-8B,853e3a797a661694b1b8ece0cb72dc2b23e3dac9,java,rq3g_java_071__c5,semantic_only_under_ugly,ugly_gold,ugly_trash,ugly_gold,True,True,False,4.75,0.5,4.75,True,False
E5A_rq3_text_plus_image_internvl_retry2_20260730,OpenGVLab/InternVL3-8B,853e3a797a661694b1b8ece0cb72dc2b23e3dac9,java,rq3g_java_071__c6,visual_only_trash,beautiful_trash,ugly_trash,beautiful_trash,False,False,False,0.25,-1.0,0.25,True,False
E5A_rq3_text_plus_image_internvl_retry2_20260730,OpenGVLab/InternVL3-8B,853e3a797a661694b1b8ece0cb72dc2b23e3dac9,java,rq3g_java_072__c1,visual_only_gold,golden,ugly_gold,golden,False,False,False,0.125,0.25,0.125,True,False
E5A_rq3_text_plus_image_internvl_retry2_20260730,OpenGVLab/InternVL3-8B,853e3a797a661694b1b8ece0cb72dc2b23e3dac9,java,rq3g_java_072__c2,semantic_and_visual_aligned,golden,beautiful_trash,golden,True,True,False,3.375,0.375,3.375,True,False
E5A_rq3_text_plus_image_internvl_retry2_20260730,OpenGVLab/InternVL3-8B,853e3a797a661694b1b8ece0cb72dc2b23e3dac9,java,rq3g_java_072__c3,semantic_and_visual_aligned,golden,ugly_trash,golden,True,True,False,3.625,0.5,3.625,True,False
E5A_rq3_text_plus_image_internvl_retry2_20260730,OpenGVLab/InternVL3-8B,853e3a797a661694b1b8ece0cb72dc2b23e3dac9,java,rq3g_java_072__c4,semantic_visual_conflict_primary,ugly_gold,beautiful_trash,ugly_gold,True,True,False,3.625,0.375,3.625,True,False
E5A_rq3_text_plus_image_internvl_retry2_20260730,OpenGVLab/InternVL3-8B,853e3a797a661694b1b8ece0cb72dc2b23e3dac9,java,rq3g_java_072__c5,semantic_only_under_ugly,ugly_gold,ugly_trash,ugly_gold,True,True,False,3.8125,0.4375,3.8125,True,False
E5A_rq3_text_plus_image_internvl_retry2_20260730,OpenGVLab/InternVL3-8B,853e3a797a661694b1b8ece0cb72dc2b23e3dac9,java,rq3g_java_072__c6,visual_only_trash,beautiful_trash,ugly_trash,beautiful_trash,False,False,False,0.0625,-1.4375,0.0625,True,False
E5A_rq3_text_plus_image_internvl_retry2_20260730,OpenGVLab/InternVL3-8B,853e3a797a661694b1b8ece0cb72dc2b23e3dac9,java,rq3g_java_073__c1,visual_only_gold,golden,ugly_gold,golden,False,False,False,0.125,0.5,0.125,True,False
E5A_rq3_text_plus_image_internvl_retry2_20260730,OpenGVLab/InternVL3-8B,853e3a797a661694b1b8ece0cb72dc2b23e3dac9,java,rq3g_java_073__c2,semantic_and_visual_aligned,golden,beautiful_trash,golden,True,True,False,4.375,-1.25,4.375,True,False
E5A_rq3_text_plus_image_internvl_retry2_20260730,OpenGVLab/InternVL3-8B,853e3a797a661694b1b8ece0cb72dc2b23e3dac9,java,rq3g_java_073__c3,semantic_and_visual_aligned,golden,ugly_trash,golden,True,True,False,3.8125,-0.8125,3.8125,True,False
E5A_rq3_text_plus_image_internvl_retry2_20260730,OpenGVLab/InternVL3-8B,853e3a797a661694b1b8ece0cb72dc2b23e3dac9,java,rq3g_java_073__c4,semantic_visual_conflict_primary,ugly_gold,beautiful_trash,ugly_gold,True,True,False,4.5,-1.625,4.5,True,False
E5A_rq3_text_plus_image_internvl_retry2_20260730,OpenGVLab/InternVL3-8B,853e3a797a661694b1b8ece0cb72dc2b23e3dac9,java,rq3g_java_073__c5,semantic_only_under_ugly,ugly_gold,ugly_trash,ugly_gold,True,True,False,4.125,-1.25,4.125,True,False
E5A_rq3_text_plus_image_internvl_retry2_20260730,OpenGVLab/InternVL3-8B,853e3a797a661694b1b8ece0cb72dc2b23e3dac9,java,rq3g_java_073__c6,visual_only_trash,beautiful_trash,ugly_trash,beautiful_trash,False,False,False,0.0,-0.5,0.0,False,True
E5A_rq3_text_plus_image_internvl_retry2_20260730,OpenGVLab/InternVL3-8B,853e3a797a661694b1b8ece0cb72dc2b23e3dac9,java,rq3g_java_074__c1,visual_only_gold,golden,ugly_gold,golden,False,False,False,0.0625,-0.6875,0.0625,True,False
E5A_rq3_text_plus_image_internvl_retry2_20260730,OpenGVLab/InternVL3-8B,853e3a797a661694b1b8ece0cb72dc2b23e3dac9,java,rq3g_java_074__c2,semantic_and_visual_aligned,golden,beautiful_trash,golden,True,True,False,4.375,-0.5,4.375,True,False
E5A_rq3_text_plus_image_internvl_retry2_20260730,OpenGVLab/InternVL3-8B,853e3a797a661694b1b8ece0cb72dc2b23e3dac9,java,rq3g_java_074__c3,semantic_and_visual_aligned,golden,ugly_trash,golden,True,True,False,4.4375,-0.0625,4.4375,True,False
E5A_rq3_text_plus_image_internvl_retry2_20260730,OpenGVLab/InternVL3-8B,853e3a797a661694b1b8ece0cb72dc2b23e3dac9,java,rq3g_java_074__c4,semantic_visual_conflict_primary,ugly_gold,beautiful_trash,ugly_gold,True,True,False,4.375,-0.375,4.375,True,False
E5A_rq3_text_plus_image_internvl_retry2_20260730,OpenGVLab/InternVL3-8B,853e3a797a661694b1b8ece0cb72dc2b23e3dac9,java,rq3g_java_074__c5,semantic_only_under_ugly,ugly_gold,ugly_trash,ugly_gold,True,True,False,4.3125,-0.0625,4.3125,True,False
E5A_rq3_text_plus_image_internvl_retry2_20260730,OpenGVLab/InternVL3-8B,853e3a797a661694b1b8ece0cb72dc2b23e3dac9,java,rq3g_java_074__c6,visual_only_trash,beautiful_trash,ugly_trash,beautiful_trash,False,False,False,-0.25,-1.875,-0.25,False,False
E5A_rq3_text_plus_image_internvl_retry2_20260730,OpenGVLab/InternVL3-8B,853e3a797a661694b1b8ece0cb72dc2b23e3dac9,java,rq3g_java_075__c1,visual_only_gold,golden,ugly_gold,golden,False,False,False,0.0625,1.0625,0.0625,True,False
E5A_rq3_text_plus_image_internvl_retry2_20260730,OpenGVLab/InternVL3-8B,853e3a797a661694b1b8ece0cb72dc2b23e3dac9,java,rq3g_java_075__c2,semantic_and_visual_aligned,golden,beautiful_trash,golden,True,True,False,5.1875,-0.6875,5.1875,True,False
E5A_rq3_text_plus_image_internvl_retry2_20260730,OpenGVLab/InternVL3-8B,853e3a797a661694b1b8ece0cb72dc2b23e3dac9,java,rq3g_java_075__c3,semantic_and_visual_aligned,golden,ugly_trash,golden,True,True,False,4.875,-0.5,4.875,True,False
E5A_rq3_text_plus_image_internvl_retry2_20260730,OpenGVLab/InternVL3-8B,853e3a797a661694b1b8ece0cb72dc2b23e3dac9,java,rq3g_java_075__c4,semantic_visual_conflict_primary,ugly_gold,beautiful_trash,ugly_gold,True,True,False,5.25,-0.625,5.25,True,False
E5A_rq3_text_plus_image_internvl_retry2_20260730,OpenGVLab/InternVL3-8B,853e3a797a661694b1b8ece0cb72dc2b23e3dac9,java,rq3g_java_075__c5,semantic_only_under_ugly,ugly_gold,ugly_trash,ugly_gold,True,True,False,4.875,-0.25,4.875,True,False
E5A_rq3_text_plus_image_internvl_retry2_20260730,OpenGVLab/InternVL3-8B,853e3a797a661694b1b8ece0cb72dc2b23e3dac9,java,rq3g_java_075__c6,visual_only_trash,beautiful_trash,ugly_trash,beautiful_trash,False,False,False,0.125,0.125,0.125,True,False
E5A_rq3_text_plus_image_internvl_retry2_20260730,OpenGVLab/InternVL3-8B,853e3a797a661694b1b8ece0cb72dc2b23e3dac9,java,rq3g_java_076__c1,visual_only_gold,golden,ugly_gold,golden,False,False,False,-0.0625,0.1875,-0.0625,False,False
E5A_rq3_text_plus_image_internvl_retry2_20260730,OpenGVLab/InternVL3-8B,853e3a797a661694b1b8ece0cb72dc2b23e3dac9,java,rq3g_java_076__c2,semantic_and_visual_aligned,golden,beautiful_trash,golden,True,True,False,5.3125,0.0625,5.3125,True,False
E5A_rq3_text_plus_image_internvl_retry2_20260730,OpenGVLab/InternVL3-8B,853e3a797a661694b1b8ece0cb72dc2b23e3dac9,java,rq3g_java_076__c3,semantic_and_visual_aligned,golden,ugly_trash,golden,True,True,False,5.4375,-0.0625,5.4375,True,False
E5A_rq3_text_plus_image_internvl_retry2_20260730,OpenGVLab/InternVL3-8B,853e3a797a661694b1b8ece0cb72dc2b23e3dac9,java,rq3g_java_076__c4,semantic_visual_conflict_primary,ugly_gold,beautiful_trash,ugly_gold,True,True,False,5.5,0.125,5.5,True,False
E5A_rq3_text_plus_image_internvl_retry2_20260730,OpenGVLab/InternVL3-8B,853e3a797a661694b1b8ece0cb72dc2b23e3dac9,java,rq3g_java_076__c5,semantic_only_under_ugly,ugly_gold,ugly_trash,ugly_gold,True,True,False,5.5625,0.0625,5.5625,True,False
E5A_rq3_text_plus_image_internvl_retry2_20260730,OpenGVLab/InternVL3-8B,853e3a797a661694b1b8ece0cb72dc2b23e3dac9,java,rq3g_java_076__c6,visual_only_trash,beautiful_trash,ugly_trash,beautiful_trash,False,False,False,0.0625,-2.6875,0.0625,True,False
E5A_rq3_text_plus_image_internvl_retry2_20260730,OpenGVLab/InternVL3-8B,853e3a797a661694b1b8ece0cb72dc2b23e3dac9,java,rq3g_java_077__c1,visual_only_gold,golden,ugly_gold,golden,False,False,False,0.25,-0.75,0.25,True,False
E5A_rq3_text_plus_image_internvl_retry2_20260730,OpenGVLab/InternVL3-8B,853e3a797a661694b1b8ece0cb72dc2b23e3dac9,java,rq3g_java_077__c2,semantic_and_visual_aligned,golden,beautiful_trash,golden,True,True,False,4.75,-0.375,4.75,True,False
E5A_rq3_text_plus_image_internvl_retry2_20260730,OpenGVLab/InternVL3-8B,853e3a797a661694b1b8ece0cb72dc2b23e3dac9,java,rq3g_java_077__c3,semantic_and_visual_aligned,golden,ugly_trash,golden,True,True,False,4.875,-0.25,4.875,True,False
E5A_rq3_text_plus_image_internvl_retry2_20260730,OpenGVLab/InternVL3-8B,853e3a797a661694b1b8ece0cb72dc2b23e3dac9,java,rq3g_java_077__c4,semantic_visual_conflict_primary,ugly_gold,beautiful_trash,ugly_gold,True,True,False,4.8125,-0.5625,4.8125,True,False
E5A_rq3_text_plus_image_internvl_retry2_20260730,OpenGVLab/InternVL3-8B,853e3a797a661694b1b8ece0cb72dc2b23e3dac9,java,rq3g_java_077__c5,semantic_only_under_ugly,ugly_gold,ugly_trash,ugly_gold,True,True,False,4.875,-0.5,4.875,True,False
E5A_rq3_text_plus_image_internvl_retry2_20260730,OpenGVLab/InternVL3-8B,853e3a797a661694b1b8ece0cb72dc2b23e3dac9,java,rq3g_java_077__c6,visual_only_trash,beautiful_trash,ugly_trash,beautiful_trash,False,False,False,0.1875,-0.5625,0.1875,True,False
E5A_rq3_text_plus_image_internvl_retry2_20260730,OpenGVLab/InternVL3-8B,853e3a797a661694b1b8ece0cb72dc2b23e3dac9,java,rq3g_java_078__c1,visual_only_gold,golden,ugly_gold,golden,True,False,False,-0.3125,-0.1875,-0.3125,False,False
E5A_rq3_text_plus_image_internvl_retry2_20260730,OpenGVLab/InternVL3-8B,853e3a797a661694b1b8ece0cb72dc2b23e3dac9,java,rq3g_java_078__c2,semantic_and_visual_aligned,golden,beautiful_trash,golden,True,True,False,4.4375,0.5625,4.4375,True,False
E5A_rq3_text_plus_image_internvl_retry2_20260730,OpenGVLab/InternVL3-8B,853e3a797a661694b1b8ece0cb72dc2b23e3dac9,java,rq3g_java_078__c3,semantic_and_visual_aligned,golden,ugly_trash,golden,True,True,False,4.375,0.5,4.375,True,False
E5A_rq3_text_plus_image_internvl_retry2_20260730,OpenGVLab/InternVL3-8B,853e3a797a661694b1b8ece0cb72dc2b23e3dac9,java,rq3g_java_078__c4,semantic_visual_conflict_primary,ugly_gold,beautiful_trash,ugly_gold,True,True,False,4.625,0.5,4.625,True,False
E5A_rq3_text_plus_image_internvl_retry2_20260730,OpenGVLab/InternVL3-8B,853e3a797a661694b1b8ece0cb72dc2b23e3dac9,java,rq3g_java_078__c5,semantic_only_under_ugly,ugly_gold,ugly_trash,ugly_gold,True,True,False,4.375,0.375,4.375,True,False
E5A_rq3_text_plus_image_internvl_retry2_20260730,OpenGVLab/InternVL3-8B,853e3a797a661694b1b8ece0cb72dc2b23e3dac9,java,rq3g_java_078__c6,visual_only_trash,beautiful_trash,ugly_trash,beautiful_trash,False,False,False,-0.125,-0.875,-0.125,False,False
E5A_rq3_text_plus_image_internvl_retry2_20260730,OpenGVLab/InternVL3-8B,853e3a797a661694b1b8ece0cb72dc2b23e3dac9,java,rq3g_java_079__c1,visual_only_gold,golden,ugly_gold,golden,False,False,False,0.0,1.25,0.0,False,True
E5A_rq3_text_plus_image_internvl_retry2_20260730,OpenGVLab/InternVL3-8B,853e3a797a661694b1b8ece0cb72dc2b23e3dac9,java,rq3g_java_079__c2,semantic_and_visual_aligned,golden,beautiful_trash,golden,True,True,False,5.375,0.875,5.375,True,False
E5A_rq3_text_plus_image_internvl_retry2_20260730,OpenGVLab/InternVL3-8B,853e3a797a661694b1b8ece0cb72dc2b23e3dac9,java,rq3g_java_079__c3,semantic_and_visual_aligned,golden,ugly_trash,golden,True,True,False,5.3125,0.6875,5.3125,True,False
E5A_rq3_text_plus_image_internvl_retry2_20260730,OpenGVLab/InternVL3-8B,853e3a797a661694b1b8ece0cb72dc2b23e3dac9,java,rq3g_java_079__c4,semantic_visual_conflict_primary,ugly_gold,beautiful_trash,ugly_gold,True,True,False,5.625,1.125,5.625,True,False
E5A_rq3_text_plus_image_internvl_retry2_20260730,OpenGVLab/InternVL3-8B,853e3a797a661694b1b8ece0cb72dc2b23e3dac9,java,rq3g_java_079__c5,semantic_only_under_ugly,ugly_gold,ugly_trash,ugly_gold,True,True,False,5.8125,0.8125,5.8125,True,False
E5A_rq3_text_plus_image_internvl_retry2_20260730,OpenGVLab/InternVL3-8B,853e3a797a661694b1b8ece0cb72dc2b23e3dac9,java,rq3g_java_079__c6,visual_only_trash,beautiful_trash,ugly_trash,beautiful_trash,False,False,False,0.0,-1.5,0.0,False,True
E5A_rq3_text_plus_image_internvl_retry2_20260730,OpenGVLab/InternVL3-8B,853e3a797a661694b1b8ece0cb72dc2b23e3dac9,java,rq3g_java_080__c1,visual_only_gold,golden,ugly_gold,golden,False,False,False,0.0,1.375,0.0,False,True
E5A_rq3_text_plus_image_internvl_retry2_20260730,OpenGVLab/InternVL3-8B,853e3a797a661694b1b8ece0cb72dc2b23e3dac9,java,rq3g_java_080__c2,semantic_and_visual_aligned,golden,beautiful_trash,golden,True,True,False,5.6875,0.1875,5.6875,True,False
E5A_rq3_text_plus_image_internvl_retry2_20260730,OpenGVLab/InternVL3-8B,853e3a797a661694b1b8ece0cb72dc2b23e3dac9,java,rq3g_java_080__c3,semantic_and_visual_aligned,golden,ugly_trash,golden,True,True,False,5.75,0.25,5.75,True,False
E5A_rq3_text_plus_image_internvl_retry2_20260730,OpenGVLab/InternVL3-8B,853e3a797a661694b1b8ece0cb72dc2b23e3dac9,java,rq3g_java_080__c4,semantic_visual_conflict_primary,ugly_gold,beautiful_trash,ugly_gold,True,True,False,5.75,0.375,5.75,True,False
E5A_rq3_text_plus_image_internvl_retry2_20260730,OpenGVLab/InternVL3-8B,853e3a797a661694b1b8ece0cb72dc2b23e3dac9,java,rq3g_java_080__c5,semantic_only_under_ugly,ugly_gold,ugly_trash,ugly_gold,True,True,False,5.6875,0.3125,5.6875,True,False
E5A_rq3_text_plus_image_internvl_retry2_20260730,OpenGVLab/InternVL3-8B,853e3a797a661694b1b8ece0cb72dc2b23e3dac9,java,rq3g_java_080__c6,visual_only_trash,beautiful_trash,ugly_trash,beautiful_trash,False,False,False,-0.0625,0.0625,-0.0625,False,False
E5A_rq3_text_plus_image_internvl_retry2_20260730,OpenGVLab/InternVL3-8B,853e3a797a661694b1b8ece0cb72dc2b23e3dac9,java,rq3g_java_081__c1,visual_only_gold,golden,ugly_gold,golden,False,False,False,-0.125,2.125,-0.125,False,False
E5A_rq3_text_plus_image_internvl_retry2_20260730,OpenGVLab/InternVL3-8B,853e3a797a661694b1b8ece0cb72dc2b23e3dac9,java,rq3g_java_081__c2,semantic_and_visual_aligned,golden,beautiful_trash,golden,True,True,False,5.0625,0.5625,5.0625,True,False
E5A_rq3_text_plus_image_internvl_retry2_20260730,OpenGVLab/InternVL3-8B,853e3a797a661694b1b8ece0cb72dc2b23e3dac9,java,rq3g_java_081__c3,semantic_and_visual_aligned,golden,ugly_trash,golden,True,True,False,5.1875,0.8125,5.1875,True,False
E5A_rq3_text_plus_image_internvl_retry2_20260730,OpenGVLab/InternVL3-8B,853e3a797a661694b1b8ece0cb72dc2b23e3dac9,java,rq3g_java_081__c4,semantic_visual_conflict_primary,ugly_gold,beautiful_trash,ugly_gold,True,True,False,4.3125,1.0625,4.3125,True,False
E5A_rq3_text_plus_image_internvl_retry2_20260730,OpenGVLab/InternVL3-8B,853e3a797a661694b1b8ece0cb72dc2b23e3dac9,java,rq3g_java_081__c5,semantic_only_under_ugly,ugly_gold,ugly_trash,ugly_gold,True,True,False,4.5625,1.1875,4.5625,True,False
E5A_rq3_text_plus_image_internvl_retry2_20260730,OpenGVLab/InternVL3-8B,853e3a797a661694b1b8ece0cb72dc2b23e3dac9,java,rq3g_java_081__c6,visual_only_trash,beautiful_trash,ugly_trash,beautiful_trash,False,False,False,0.25,-1.5,0.25,True,False
E5A_rq3_text_plus_image_internvl_retry2_20260730,OpenGVLab/InternVL3-8B,853e3a797a661694b1b8ece0cb72dc2b23e3dac9,java,rq3g_java_082__c1,visual_only_gold,golden,ugly_gold,golden,False,False,False,0.0625,1.6875,0.0625,True,False
E5A_rq3_text_plus_image_internvl_retry2_20260730,OpenGVLab/InternVL3-8B,853e3a797a661694b1b8ece0cb72dc2b23e3dac9,java,rq3g_java_082__c2,semantic_and_visual_aligned,golden,beautiful_trash,golden,True,True,False,5.25,-0.125,5.25,True,False
E5A_rq3_text_plus_image_internvl_retry2_20260730,OpenGVLab/InternVL3-8B,853e3a797a661694b1b8ece0cb72dc2b23e3dac9,java,rq3g_java_082__c3,semantic_and_visual_aligned,golden,ugly_trash,golden,True,True,False,5.5,-0.25,5.5,True,False
E5A_rq3_text_plus_image_internvl_retry2_20260730,OpenGVLab/InternVL3-8B,853e3a797a661694b1b8ece0cb72dc2b23e3dac9,java,rq3g_java_082__c4,semantic_visual_conflict_primary,ugly_gold,beautiful_trash,ugly_gold,True,True,False,5.625,-0.25,5.625,True,False
E5A_rq3_text_plus_image_internvl_retry2_20260730,OpenGVLab/InternVL3-8B,853e3a797a661694b1b8ece0cb72dc2b23e3dac9,java,rq3g_java_082__c5,semantic_only_under_ugly,ugly_gold,ugly_trash,ugly_gold,True,True,False,5.5,-0.25,5.5,True,False
E5A_rq3_text_plus_image_internvl_retry2_20260730,OpenGVLab/InternVL3-8B,853e3a797a661694b1b8ece0cb72dc2b23e3dac9,java,rq3g_java_082__c6,visual_only_trash,beautiful_trash,ugly_trash,beautiful_trash,False,False,False,0.1875,-0.5625,0.1875,True,False
E5A_rq3_text_plus_image_internvl_retry2_20260730,OpenGVLab/InternVL3-8B,853e3a797a661694b1b8ece0cb72dc2b23e3dac9,java,rq3g_java_083__c1,visual_only_gold,golden,ugly_gold,golden,False,False,False,0.1875,1.6875,0.1875,True,False
E5A_rq3_text_plus_image_internvl_retry2_20260730,OpenGVLab/InternVL3-8B,853e3a797a661694b1b8ece0cb72dc2b23e3dac9,java,rq3g_java_083__c2,semantic_and_visual_aligned,golden,beautiful_trash,golden,True,True,False,4.4375,1.0625,4.4375,True,False
E5A_rq3_text_plus_image_internvl_retry2_20260730,OpenGVLab/InternVL3-8B,853e3a797a661694b1b8ece0cb72dc2b23e3dac9,java,rq3g_java_083__c3,semantic_and_visual_aligned,golden,ugly_trash,golden,True,True,False,4.375,1.125,4.375,True,False
E5A_rq3_text_plus_image_internvl_retry2_20260730,OpenGVLab/InternVL3-8B,853e3a797a661694b1b8ece0cb72dc2b23e3dac9,java,rq3g_java_083__c4,semantic_visual_conflict_primary,ugly_gold,beautiful_trash,ugly_gold,True,True,False,4.5625,1.3125,4.5625,True,False
E5A_rq3_text_plus_image_internvl_retry2_20260730,OpenGVLab/InternVL3-8B,853e3a797a661694b1b8ece0cb72dc2b23e3dac9,java,rq3g_java_083__c5,semantic_only_under_ugly,ugly_gold,ugly_trash,ugly_gold,True,True,False,4.1875,1.3125,4.1875,True,False
E5A_rq3_text_plus_image_internvl_retry2_20260730,OpenGVLab/InternVL3-8B,853e3a797a661694b1b8ece0cb72dc2b23e3dac9,java,rq3g_java_083__c6,visual_only_trash,beautiful_trash,ugly_trash,beautiful_trash,False,False,False,0.125,-0.75,0.125,True,False
E5A_rq3_text_plus_image_internvl_retry2_20260730,OpenGVLab/InternVL3-8B,853e3a797a661694b1b8ece0cb72dc2b23e3dac9,java,rq3g_java_084__c1,visual_only_gold,golden,ugly_gold,golden,False,False,False,-0.0625,0.0625,-0.0625,False,False
E5A_rq3_text_plus_image_internvl_retry2_20260730,OpenGVLab/InternVL3-8B,853e3a797a661694b1b8ece0cb72dc2b23e3dac9,java,rq3g_java_084__c2,semantic_and_visual_aligned,golden,beautiful_trash,golden,True,True,False,5.0,-0.875,5.0,True,False
E5A_rq3_text_plus_image_internvl_retry2_20260730,OpenGVLab/InternVL3-8B,853e3a797a661694b1b8ece0cb72dc2b23e3dac9,java,rq3g_java_084__c3,semantic_and_visual_aligned,golden,ugly_trash,golden,True,True,False,5.1875,-0.8125,5.1875,True,False
E5A_rq3_text_plus_image_internvl_retry2_20260730,OpenGVLab/InternVL3-8B,853e3a797a661694b1b8ece0cb72dc2b23e3dac9,java,rq3g_java_084__c4,semantic_visual_conflict_primary,ugly_gold,beautiful_trash,ugly_gold,True,True,False,4.75,-1.375,4.75,True,False
E5A_rq3_text_plus_image_internvl_retry2_20260730,OpenGVLab/InternVL3-8B,853e3a797a661694b1b8ece0cb72dc2b23e3dac9,java,rq3g_java_084__c5,semantic_only_under_ugly,ugly_gold,ugly_trash,ugly_gold,True,True,False,4.8125,-1.0625,4.8125,True,False
E5A_rq3_text_plus_image_internvl_retry2_20260730,OpenGVLab/InternVL3-8B,853e3a797a661694b1b8ece0cb72dc2b23e3dac9,java,rq3g_java_084__c6,visual_only_trash,beautiful_trash,ugly_trash,beautiful_trash,False,False,False,0.25,-1.375,0.25,True,False
E5A_rq3_text_plus_image_internvl_retry2_20260730,OpenGVLab/InternVL3-8B,853e3a797a661694b1b8ece0cb72dc2b23e3dac9,java,rq3g_java_085__c1,visual_only_gold,golden,ugly_gold,golden,False,False,False,0.25,0.625,0.25,True,False
E5A_rq3_text_plus_image_internvl_retry2_20260730,OpenGVLab/InternVL3-8B,853e3a797a661694b1b8ece0cb72dc2b23e3dac9,java,rq3g_java_085__c2,semantic_and_visual_aligned,golden,beautiful_trash,golden,True,True,False,5.4375,-0.1875,5.4375,True,False
E5A_rq3_text_plus_image_internvl_retry2_20260730,OpenGVLab/InternVL3-8B,853e3a797a661694b1b8ece0cb72dc2b23e3dac9,java,rq3g_java_085__c3,semantic_and_visual_aligned,golden,ugly_trash,golden,True,True,False,5.375,-0.125,5.375,True,False
E5A_rq3_text_plus_image_internvl_retry2_20260730,OpenGVLab/InternVL3-8B,853e3a797a661694b1b8ece0cb72dc2b23e3dac9,java,rq3g_java_085__c4,semantic_visual_conflict_primary,ugly_gold,beautiful_trash,ugly_gold,True,True,False,5.375,-0.25,5.375,True,False
E5A_rq3_text_plus_image_internvl_retry2_20260730,OpenGVLab/InternVL3-8B,853e3a797a661694b1b8ece0cb72dc2b23e3dac9,java,rq3g_java_085__c5,semantic_only_under_ugly,ugly_gold,ugly_trash,ugly_gold,True,True,False,5.4375,-0.1875,5.4375,True,False
E5A_rq3_text_plus_image_internvl_retry2_20260730,OpenGVLab/InternVL3-8B,853e3a797a661694b1b8ece0cb72dc2b23e3dac9,java,rq3g_java_085__c6,visual_only_trash,beautiful_trash,ugly_trash,beautiful_trash,False,False,False,0.125,0.875,0.125,True,False
E5A_rq3_text_plus_image_internvl_retry2_20260730,OpenGVLab/InternVL3-8B,853e3a797a661694b1b8ece0cb72dc2b23e3dac9,java,rq3g_java_086__c1,visual_only_gold,golden,ugly_gold,golden,False,False,False,0.0,-3.5,0.0,False,True
E5A_rq3_text_plus_image_internvl_retry2_20260730,OpenGVLab/InternVL3-8B,853e3a797a661694b1b8ece0cb72dc2b23e3dac9,java,rq3g_java_086__c2,semantic_and_visual_aligned,golden,beautiful_trash,golden,True,True,False,4.5625,-0.5625,4.5625,True,False
E5A_rq3_text_plus_image_internvl_retry2_20260730,OpenGVLab/InternVL3-8B,853e3a797a661694b1b8ece0cb72dc2b23e3dac9,java,rq3g_java_086__c3,semantic_and_visual_aligned,golden,ugly_trash,golden,True,True,False,4.5625,-0.4375,4.5625,True,False
E5A_rq3_text_plus_image_internvl_retry2_20260730,OpenGVLab/InternVL3-8B,853e3a797a661694b1b8ece0cb72dc2b23e3dac9,java,rq3g_java_086__c4,semantic_visual_conflict_primary,ugly_gold,beautiful_trash,ugly_gold,True,True,False,4.1875,-0.4375,4.1875,True,False
E5A_rq3_text_plus_image_internvl_retry2_20260730,OpenGVLab/InternVL3-8B,853e3a797a661694b1b8ece0cb72dc2b23e3dac9,java,rq3g_java_086__c5,semantic_only_under_ugly,ugly_gold,ugly_trash,ugly_gold,True,True,False,4.125,-0.375,4.125,True,False
E5A_rq3_text_plus_image_internvl_retry2_20260730,OpenGVLab/InternVL3-8B,853e3a797a661694b1b8ece0cb72dc2b23e3dac9,java,rq3g_java_086__c6,visual_only_trash,beautiful_trash,ugly_trash,beautiful_trash,False,False,False,-0.125,-1.125,-0.125,False,False
E5A_rq3_text_plus_image_internvl_retry2_20260730,OpenGVLab/InternVL3-8B,853e3a797a661694b1b8ece0cb72dc2b23e3dac9,java,rq3g_java_087__c1,visual_only_gold,golden,ugly_gold,golden,False,False,False,0.1875,1.1875,0.1875,True,False
E5A_rq3_text_plus_image_internvl_retry2_20260730,OpenGVLab/InternVL3-8B,853e3a797a661694b1b8ece0cb72dc2b23e3dac9,java,rq3g_java_087__c2,semantic_and_visual_aligned,golden,beautiful_trash,golden,True,True,False,6.0,-0.25,6.0,True,False
E5A_rq3_text_plus_image_internvl_retry2_20260730,OpenGVLab/InternVL3-8B,853e3a797a661694b1b8ece0cb72dc2b23e3dac9,java,rq3g_java_087__c3,semantic_and_visual_aligned,golden,ugly_trash,golden,True,True,False,5.75,-0.125,5.75,True,False
E5A_rq3_text_plus_image_internvl_retry2_20260730,OpenGVLab/InternVL3-8B,853e3a797a661694b1b8ece0cb72dc2b23e3dac9,java,rq3g_java_087__c4,semantic_visual_conflict_primary,ugly_gold,beautiful_trash,ugly_gold,True,True,False,6.125,-0.5,6.125,True,False
E5A_rq3_text_plus_image_internvl_retry2_20260730,OpenGVLab/InternVL3-8B,853e3a797a661694b1b8ece0cb72dc2b23e3dac9,java,rq3g_java_087__c5,semantic_only_under_ugly,ugly_gold,ugly_trash,ugly_gold,True,True,False,6.25,-0.25,6.25,True,False
E5A_rq3_text_plus_image_internvl_retry2_20260730,OpenGVLab/InternVL3-8B,853e3a797a661694b1b8ece0cb72dc2b23e3dac9,java,rq3g_java_087__c6,visual_only_trash,beautiful_trash,ugly_trash,beautiful_trash,False,False,False,0.25,-2.0,0.25,True,False
E5A_rq3_text_plus_image_internvl_retry2_20260730,OpenGVLab/InternVL3-8B,853e3a797a661694b1b8ece0cb72dc2b23e3dac9,java,rq3g_java_088__c1,visual_only_gold,golden,ugly_gold,golden,False,False,False,0.0,0.0,0.0,False,True
E5A_rq3_text_plus_image_internvl_retry2_20260730,OpenGVLab/InternVL3-8B,853e3a797a661694b1b8ece0cb72dc2b23e3dac9,java,rq3g_java_088__c2,semantic_and_visual_aligned,golden,beautiful_trash,golden,True,True,False,5.0,-0.25,5.0,True,False
E5A_rq3_text_plus_image_internvl_retry2_20260730,OpenGVLab/InternVL3-8B,853e3a797a661694b1b8ece0cb72dc2b23e3dac9,java,rq3g_java_088__c3,semantic_and_visual_aligned,golden,ugly_trash,golden,True,True,False,5.0625,-0.3125,5.0625,True,False
E5A_rq3_text_plus_image_internvl_retry2_20260730,OpenGVLab/InternVL3-8B,853e3a797a661694b1b8ece0cb72dc2b23e3dac9,java,rq3g_java_088__c4,semantic_visual_conflict_primary,ugly_gold,beautiful_trash,ugly_gold,True,True,False,4.6875,-0.3125,4.6875,True,False
E5A_rq3_text_plus_image_internvl_retry2_20260730,OpenGVLab/InternVL3-8B,853e3a797a661694b1b8ece0cb72dc2b23e3dac9,java,rq3g_java_088__c5,semantic_only_under_ugly,ugly_gold,ugly_trash,ugly_gold,True,True,False,4.8125,-0.4375,4.8125,True,False
E5A_rq3_text_plus_image_internvl_retry2_20260730,OpenGVLab/InternVL3-8B,853e3a797a661694b1b8ece0cb72dc2b23e3dac9,java,rq3g_java_088__c6,visual_only_trash,beautiful_trash,ugly_trash,beautiful_trash,False,False,False,0.125,-1.25,0.125,True,False
E5A_rq3_text_plus_image_internvl_retry2_20260730,OpenGVLab/InternVL3-8B,853e3a797a661694b1b8ece0cb72dc2b23e3dac9,java,rq3g_java_089__c1,visual_only_gold,golden,ugly_gold,golden,False,False,False,-0.125,0.5,-0.125,False,False
E5A_rq3_text_plus_image_internvl_retry2_20260730,OpenGVLab/InternVL3-8B,853e3a797a661694b1b8ece0cb72dc2b23e3dac9,java,rq3g_java_089__c2,semantic_and_visual_aligned,golden,beautiful_trash,golden,True,True,False,5.3125,-0.1875,5.3125,True,False
E5A_rq3_text_plus_image_internvl_retry2_20260730,OpenGVLab/InternVL3-8B,853e3a797a661694b1b8ece0cb72dc2b23e3dac9,java,rq3g_java_089__c3,semantic_and_visual_aligned,golden,ugly_trash,golden,True,True,False,5.25,-0.125,5.25,True,False
E5A_rq3_text_plus_image_internvl_retry2_20260730,OpenGVLab/InternVL3-8B,853e3a797a661694b1b8ece0cb72dc2b23e3dac9,java,rq3g_java_089__c4,semantic_visual_conflict_primary,ugly_gold,beautiful_trash,ugly_gold,True,True,False,5.1875,-0.0625,5.1875,True,False
E5A_rq3_text_plus_image_internvl_retry2_20260730,OpenGVLab/InternVL3-8B,853e3a797a661694b1b8ece0cb72dc2b23e3dac9,java,rq3g_java_089__c5,semantic_only_under_ugly,ugly_gold,ugly_trash,ugly_gold,True,True,False,5.125,0.125,5.125,True,False
E5A_rq3_text_plus_image_internvl_retry2_20260730,OpenGVLab/InternVL3-8B,853e3a797a661694b1b8ece0cb72dc2b23e3dac9,java,rq3g_java_089__c6,visual_only_trash,beautiful_trash,ugly_trash,beautiful_trash,True,False,False,-0.125,-0.125,-0.125,False,False
E5A_rq3_text_plus_image_internvl_retry2_20260730,OpenGVLab/InternVL3-8B,853e3a797a661694b1b8ece0cb72dc2b23e3dac9,java,rq3g_java_090__c1,visual_only_gold,golden,ugly_gold,golden,False,False,False,0.0625,0.4375,0.0625,True,False
E5A_rq3_text_plus_image_internvl_retry2_20260730,OpenGVLab/InternVL3-8B,853e3a797a661694b1b8ece0cb72dc2b23e3dac9,java,rq3g_java_090__c2,semantic_and_visual_aligned,golden,beautiful_trash,golden,True,True,False,3.125,0.125,3.125,True,False
E5A_rq3_text_plus_image_internvl_retry2_20260730,OpenGVLab/InternVL3-8B,853e3a797a661694b1b8ece0cb72dc2b23e3dac9,java,rq3g_java_090__c3,semantic_and_visual_aligned,golden,ugly_trash,golden,True,True,False,2.9375,-0.0625,2.9375,True,False
E5A_rq3_text_plus_image_internvl_retry2_20260730,OpenGVLab/InternVL3-8B,853e3a797a661694b1b8ece0cb72dc2b23e3dac9,java,rq3g_java_090__c4,semantic_visual_conflict_primary,ugly_gold,beautiful_trash,ugly_gold,True,True,False,2.9375,0.4375,2.9375,True,False
E5A_rq3_text_plus_image_internvl_retry2_20260730,OpenGVLab/InternVL3-8B,853e3a797a661694b1b8ece0cb72dc2b23e3dac9,java,rq3g_java_090__c5,semantic_only_under_ugly,ugly_gold,ugly_trash,ugly_gold,True,True,False,2.75,0.125,2.75,True,False
E5A_rq3_text_plus_image_internvl_retry2_20260730,OpenGVLab/InternVL3-8B,853e3a797a661694b1b8ece0cb72dc2b23e3dac9,java,rq3g_java_090__c6,visual_only_trash,beautiful_trash,ugly_trash,beautiful_trash,False,False,False,-0.0625,0.1875,-0.0625,False,False
E5A_rq3_text_plus_image_internvl_retry2_20260730,OpenGVLab/InternVL3-8B,853e3a797a661694b1b8ece0cb72dc2b23e3dac9,java,rq3g_java_091__c1,visual_only_gold,golden,ugly_gold,golden,False,False,False,0.125,1.5,0.125,True,False
E5A_rq3_text_plus_image_internvl_retry2_20260730,OpenGVLab/InternVL3-8B,853e3a797a661694b1b8ece0cb72dc2b23e3dac9,java,rq3g_java_091__c2,semantic_and_visual_aligned,golden,beautiful_trash,golden,True,True,False,5.8125,-0.5625,5.8125,True,False
E5A_rq3_text_plus_image_internvl_retry2_20260730,OpenGVLab/InternVL3-8B,853e3a797a661694b1b8ece0cb72dc2b23e3dac9,java,rq3g_java_091__c3,semantic_and_visual_aligned,golden,ugly_trash,golden,True,True,False,5.8125,-0.1875,5.8125,True,False
E5A_rq3_text_plus_image_internvl_retry2_20260730,OpenGVLab/InternVL3-8B,853e3a797a661694b1b8ece0cb72dc2b23e3dac9,java,rq3g_java_091__c4,semantic_visual_conflict_primary,ugly_gold,beautiful_trash,ugly_gold,True,True,False,6.0,-0.5,6.0,True,False
E5A_rq3_text_plus_image_internvl_retry2_20260730,OpenGVLab/InternVL3-8B,853e3a797a661694b1b8ece0cb72dc2b23e3dac9,java,rq3g_java_091__c5,semantic_only_under_ugly,ugly_gold,ugly_trash,ugly_gold,True,True,False,5.9375,-0.3125,5.9375,True,False
E5A_rq3_text_plus_image_internvl_retry2_20260730,OpenGVLab/InternVL3-8B,853e3a797a661694b1b8ece0cb72dc2b23e3dac9,java,rq3g_java_091__c6,visual_only_trash,beautiful_trash,ugly_trash,beautiful_trash,False,False,False,0.25,0.375,0.25,True,False
E5A_rq3_text_plus_image_internvl_retry2_20260730,OpenGVLab/InternVL3-8B,853e3a797a661694b1b8ece0cb72dc2b23e3dac9,java,rq3g_java_092__c1,visual_only_gold,golden,ugly_gold,golden,False,False,False,0.1875,-0.3125,0.1875,True,False
E5A_rq3_text_plus_image_internvl_retry2_20260730,OpenGVLab/InternVL3-8B,853e3a797a661694b1b8ece0cb72dc2b23e3dac9,java,rq3g_java_092__c2,semantic_and_visual_aligned,golden,beautiful_trash,golden,True,True,False,4.875,0.625,4.875,True,False
E5A_rq3_text_plus_image_internvl_retry2_20260730,OpenGVLab/InternVL3-8B,853e3a797a661694b1b8ece0cb72dc2b23e3dac9,java,rq3g_java_092__c3,semantic_and_visual_aligned,golden,ugly_trash,golden,True,True,False,4.875,0.625,4.875,True,False
E5A_rq3_text_plus_image_internvl_retry2_20260730,OpenGVLab/InternVL3-8B,853e3a797a661694b1b8ece0cb72dc2b23e3dac9,java,rq3g_java_092__c4,semantic_visual_conflict_primary,ugly_gold,beautiful_trash,ugly_gold,True,True,False,4.8125,0.4375,4.8125,True,False
E5A_rq3_text_plus_image_internvl_retry2_20260730,OpenGVLab/InternVL3-8B,853e3a797a661694b1b8ece0cb72dc2b23e3dac9,java,rq3g_java_092__c5,semantic_only_under_ugly,ugly_gold,ugly_trash,ugly_gold,True,True,False,4.6875,0.5625,4.6875,True,False
E5A_rq3_text_plus_image_internvl_retry2_20260730,OpenGVLab/InternVL3-8B,853e3a797a661694b1b8ece0cb72dc2b23e3dac9,java,rq3g_java_092__c6,visual_only_trash,beautiful_trash,ugly_trash,beautiful_trash,False,False,False,-0.125,-2.375,-0.125,False,False
E5A_rq3_text_plus_image_internvl_retry2_20260730,OpenGVLab/InternVL3-8B,853e3a797a661694b1b8ece0cb72dc2b23e3dac9,java,rq3g_java_093__c1,visual_only_gold,golden,ugly_gold,golden,False,False,False,0.0625,-0.9375,0.0625,True,False
E5A_rq3_text_plus_image_internvl_retry2_20260730,OpenGVLab/InternVL3-8B,853e3a797a661694b1b8ece0cb72dc2b23e3dac9,java,rq3g_java_093__c2,semantic_and_visual_aligned,golden,beautiful_trash,golden,True,True,False,3.875,-0.875,3.875,True,False
E5A_rq3_text_plus_image_internvl_retry2_20260730,OpenGVLab/InternVL3-8B,853e3a797a661694b1b8ece0cb72dc2b23e3dac9,java,rq3g_java_093__c3,semantic_and_visual_aligned,golden,ugly_trash,golden,True,True,False,4.125,-0.75,4.125,True,False
E5A_rq3_text_plus_image_internvl_retry2_20260730,OpenGVLab/InternVL3-8B,853e3a797a661694b1b8ece0cb72dc2b23e3dac9,java,rq3g_java_093__c4,semantic_visual_conflict_primary,ugly_gold,beautiful_trash,ugly_gold,True,True,False,3.75,-0.875,3.75,True,False
E5A_rq3_text_plus_image_internvl_retry2_20260730,OpenGVLab/InternVL3-8B,853e3a797a661694b1b8ece0cb72dc2b23e3dac9,java,rq3g_java_093__c5,semantic_only_under_ugly,ugly_gold,ugly_trash,ugly_gold,True,True,False,3.9375,-1.1875,3.9375,True,False
E5A_rq3_text_plus_image_internvl_retry2_20260730,OpenGVLab/InternVL3-8B,853e3a797a661694b1b8ece0cb72dc2b23e3dac9,java,rq3g_java_093__c6,visual_only_trash,beautiful_trash,ugly_trash,beautiful_trash,False,False,False,0.0,-1.0,0.0,False,True
E5A_rq3_text_plus_image_internvl_retry2_20260730,OpenGVLab/InternVL3-8B,853e3a797a661694b1b8ece0cb72dc2b23e3dac9,java,rq3g_java_094__c1,visual_only_gold,golden,ugly_gold,golden,False,False,False,-0.0625,0.6875,-0.0625,False,False
E5A_rq3_text_plus_image_internvl_retry2_20260730,OpenGVLab/InternVL3-8B,853e3a797a661694b1b8ece0cb72dc2b23e3dac9,java,rq3g_java_094__c2,semantic_and_visual_aligned,golden,beautiful_trash,golden,True,True,False,4.625,0.125,4.625,True,False
E5A_rq3_text_plus_image_internvl_retry2_20260730,OpenGVLab/InternVL3-8B,853e3a797a661694b1b8ece0cb72dc2b23e3dac9,java,rq3g_java_094__c3,semantic_and_visual_aligned,golden,ugly_trash,golden,True,True,False,4.5,0.25,4.5,True,False
E5A_rq3_text_plus_image_internvl_retry2_20260730,OpenGVLab/InternVL3-8B,853e3a797a661694b1b8ece0cb72dc2b23e3dac9,java,rq3g_java_094__c4,semantic_visual_conflict_primary,ugly_gold,beautiful_trash,ugly_gold,True,True,False,4.5625,-0.1875,4.5625,True,False
E5A_rq3_text_plus_image_internvl_retry2_20260730,OpenGVLab/InternVL3-8B,853e3a797a661694b1b8ece0cb72dc2b23e3dac9,java,rq3g_java_094__c5,semantic_only_under_ugly,ugly_gold,ugly_trash,ugly_gold,True,True,False,4.5625,0.1875,4.5625,True,False
E5A_rq3_text_plus_image_internvl_retry2_20260730,OpenGVLab/InternVL3-8B,853e3a797a661694b1b8ece0cb72dc2b23e3dac9,java,rq3g_java_094__c6,visual_only_trash,beautiful_trash,ugly_trash,beautiful_trash,False,False,False,0.0,-1.0,0.0,False,True
E5A_rq3_text_plus_image_internvl_retry2_20260730,OpenGVLab/InternVL3-8B,853e3a797a661694b1b8ece0cb72dc2b23e3dac9,java,rq3g_java_095__c1,visual_only_gold,golden,ugly_gold,golden,False,False,False,0.0625,0.5625,0.0625,True,False
E5A_rq3_text_plus_image_internvl_retry2_20260730,OpenGVLab/InternVL3-8B,853e3a797a661694b1b8ece0cb72dc2b23e3dac9,java,rq3g_java_095__c2,semantic_and_visual_aligned,golden,beautiful_trash,golden,True,True,False,5.5625,0.3125,5.5625,True,False
E5A_rq3_text_plus_image_internvl_retry2_20260730,OpenGVLab/InternVL3-8B,853e3a797a661694b1b8ece0cb72dc2b23e3dac9,java,rq3g_java_095__c3,semantic_and_visual_aligned,golden,ugly_trash,golden,True,True,False,5.5,0.5,5.5,True,False
E5A_rq3_text_plus_image_internvl_retry2_20260730,OpenGVLab/InternVL3-8B,853e3a797a661694b1b8ece0cb72dc2b23e3dac9,java,rq3g_java_095__c4,semantic_visual_conflict_primary,ugly_gold,beautiful_trash,ugly_gold,True,True,False,6.0,0.0,6.0,True,False
E5A_rq3_text_plus_image_internvl_retry2_20260730,OpenGVLab/InternVL3-8B,853e3a797a661694b1b8ece0cb72dc2b23e3dac9,java,rq3g_java_095__c5,semantic_only_under_ugly,ugly_gold,ugly_trash,ugly_gold,True,True,False,5.5,0.25,5.5,True,False
E5A_rq3_text_plus_image_internvl_retry2_20260730,OpenGVLab/InternVL3-8B,853e3a797a661694b1b8ece0cb72dc2b23e3dac9,java,rq3g_java_095__c6,visual_only_trash,beautiful_trash,ugly_trash,beautiful_trash,False,False,False,-0.125,-1.125,-0.125,False,False
E5A_rq3_text_plus_image_internvl_retry2_20260730,OpenGVLab/InternVL3-8B,853e3a797a661694b1b8ece0cb72dc2b23e3dac9,java,rq3g_java_096__c1,visual_only_gold,golden,ugly_gold,golden,True,True,False,0.25,-0.25,0.25,True,False
E5A_rq3_text_plus_image_internvl_retry2_20260730,OpenGVLab/InternVL3-8B,853e3a797a661694b1b8ece0cb72dc2b23e3dac9,java,rq3g_java_096__c2,semantic_and_visual_aligned,golden,beautiful_trash,golden,True,True,False,5.6875,-0.1875,5.6875,True,False
E5A_rq3_text_plus_image_internvl_retry2_20260730,OpenGVLab/InternVL3-8B,853e3a797a661694b1b8ece0cb72dc2b23e3dac9,java,rq3g_java_096__c3,semantic_and_visual_aligned,golden,ugly_trash,golden,True,True,False,5.75,0.0,5.75,True,False
E5A_rq3_text_plus_image_internvl_retry2_20260730,OpenGVLab/InternVL3-8B,853e3a797a661694b1b8ece0cb72dc2b23e3dac9,java,rq3g_java_096__c4,semantic_visual_conflict_primary,ugly_gold,beautiful_trash,ugly_gold,True,True,False,6.0,-0.25,6.0,True,False
E5A_rq3_text_plus_image_internvl_retry2_20260730,OpenGVLab/InternVL3-8B,853e3a797a661694b1b8ece0cb72dc2b23e3dac9,java,rq3g_java_096__c5,semantic_only_under_ugly,ugly_gold,ugly_trash,ugly_gold,True,True,False,5.8125,-0.1875,5.8125,True,False
E5A_rq3_text_plus_image_internvl_retry2_20260730,OpenGVLab/InternVL3-8B,853e3a797a661694b1b8ece0cb72dc2b23e3dac9,java,rq3g_java_096__c6,visual_only_trash,beautiful_trash,ugly_trash,beautiful_trash,False,False,False,0.125,-1.375,0.125,True,False
E5A_rq3_text_plus_image_internvl_retry2_20260730,OpenGVLab/InternVL3-8B,853e3a797a661694b1b8ece0cb72dc2b23e3dac9,java,rq3g_java_097__c1,visual_only_gold,golden,ugly_gold,golden,False,False,False,0.0,0.5,0.0,False,True
E5A_rq3_text_plus_image_internvl_retry2_20260730,OpenGVLab/InternVL3-8B,853e3a797a661694b1b8ece0cb72dc2b23e3dac9,java,rq3g_java_097__c2,semantic_and_visual_aligned,golden,beautiful_trash,golden,True,True,False,3.9375,0.4375,3.9375,True,False
E5A_rq3_text_plus_image_internvl_retry2_20260730,OpenGVLab/InternVL3-8B,853e3a797a661694b1b8ece0cb72dc2b23e3dac9,java,rq3g_java_097__c3,semantic_and_visual_aligned,golden,ugly_trash,golden,True,True,False,4.25,0.5,4.25,True,False
E5A_rq3_text_plus_image_internvl_retry2_20260730,OpenGVLab/InternVL3-8B,853e3a797a661694b1b8ece0cb72dc2b23e3dac9,java,rq3g_java_097__c4,semantic_visual_conflict_primary,ugly_gold,beautiful_trash,ugly_gold,True,True,False,4.125,-0.5,4.125,True,False
E5A_rq3_text_plus_image_internvl_retry2_20260730,OpenGVLab/InternVL3-8B,853e3a797a661694b1b8ece0cb72dc2b23e3dac9,java,rq3g_java_097__c5,semantic_only_under_ugly,ugly_gold,ugly_trash,ugly_gold,True,True,False,4.5625,-0.5625,4.5625,True,False
E5A_rq3_text_plus_image_internvl_retry2_20260730,OpenGVLab/InternVL3-8B,853e3a797a661694b1b8ece0cb72dc2b23e3dac9,java,rq3g_java_097__c6,visual_only_trash,beautiful_trash,ugly_trash,beautiful_trash,False,False,False,0.375,-0.875,0.375,True,False
E5A_rq3_text_plus_image_internvl_retry2_20260730,OpenGVLab/InternVL3-8B,853e3a797a661694b1b8ece0cb72dc2b23e3dac9,java,rq3g_java_098__c1,visual_only_gold,golden,ugly_gold,golden,False,False,False,0.0625,0.0625,0.0625,True,False
E5A_rq3_text_plus_image_internvl_retry2_20260730,OpenGVLab/InternVL3-8B,853e3a797a661694b1b8ece0cb72dc2b23e3dac9,java,rq3g_java_098__c2,semantic_and_visual_aligned,golden,beautiful_trash,golden,True,True,False,4.9375,0.0625,4.9375,True,False
E5A_rq3_text_plus_image_internvl_retry2_20260730,OpenGVLab/InternVL3-8B,853e3a797a661694b1b8ece0cb72dc2b23e3dac9,java,rq3g_java_098__c3,semantic_and_visual_aligned,golden,ugly_trash,golden,True,True,False,5.0625,0.5625,5.0625,True,False
E5A_rq3_text_plus_image_internvl_retry2_20260730,OpenGVLab/InternVL3-8B,853e3a797a661694b1b8ece0cb72dc2b23e3dac9,java,rq3g_java_098__c4,semantic_visual_conflict_primary,ugly_gold,beautiful_trash,ugly_gold,True,True,False,5.0625,-0.3125,5.0625,True,False
E5A_rq3_text_plus_image_internvl_retry2_20260730,OpenGVLab/InternVL3-8B,853e3a797a661694b1b8ece0cb72dc2b23e3dac9,java,rq3g_java_098__c5,semantic_only_under_ugly,ugly_gold,ugly_trash,ugly_gold,True,True,False,5.1875,0.1875,5.1875,True,False
E5A_rq3_text_plus_image_internvl_retry2_20260730,OpenGVLab/InternVL3-8B,853e3a797a661694b1b8ece0cb72dc2b23e3dac9,java,rq3g_java_098__c6,visual_only_trash,beautiful_trash,ugly_trash,beautiful_trash,True,True,False,0.25,-0.25,0.25,True,False
E5A_rq3_text_plus_image_internvl_retry2_20260730,OpenGVLab/InternVL3-8B,853e3a797a661694b1b8ece0cb72dc2b23e3dac9,java,rq3g_java_099__c1,visual_only_gold,golden,ugly_gold,golden,False,False,False,-0.1875,1.6875,-0.1875,False,False
E5A_rq3_text_plus_image_internvl_retry2_20260730,OpenGVLab/InternVL3-8B,853e3a797a661694b1b8ece0cb72dc2b23e3dac9,java,rq3g_java_099__c2,semantic_and_visual_aligned,golden,beautiful_trash,golden,True,True,False,6.0625,0.5625,6.0625,True,False
E5A_rq3_text_plus_image_internvl_retry2_20260730,OpenGVLab/InternVL3-8B,853e3a797a661694b1b8ece0cb72dc2b23e3dac9,java,rq3g_java_099__c3,semantic_and_visual_aligned,golden,ugly_trash,golden,True,True,False,6.0,0.375,6.0,True,False
E5A_rq3_text_plus_image_internvl_retry2_20260730,OpenGVLab/InternVL3-8B,853e3a797a661694b1b8ece0cb72dc2b23e3dac9,java,rq3g_java_099__c4,semantic_visual_conflict_primary,ugly_gold,beautiful_trash,ugly_gold,True,True,False,6.0625,0.4375,6.0625,True,False
E5A_rq3_text_plus_image_internvl_retry2_20260730,OpenGVLab/InternVL3-8B,853e3a797a661694b1b8ece0cb72dc2b23e3dac9,java,rq3g_java_099__c5,semantic_only_under_ugly,ugly_gold,ugly_trash,ugly_gold,True,True,False,5.8125,0.4375,5.8125,True,False
E5A_rq3_text_plus_image_internvl_retry2_20260730,OpenGVLab/InternVL3-8B,853e3a797a661694b1b8ece0cb72dc2b23e3dac9,java,rq3g_java_099__c6,visual_only_trash,beautiful_trash,ugly_trash,beautiful_trash,False,False,False,-0.1875,-1.0625,-0.1875,False,False
E5A_rq3_text_plus_image_internvl_retry2_20260730,OpenGVLab/InternVL3-8B,853e3a797a661694b1b8ece0cb72dc2b23e3dac9,python,rq3g_python_000__c1,visual_only_gold,golden,ugly_gold,golden,False,False,False,0.125,0.875,0.125,True,False
E5A_rq3_text_plus_image_internvl_retry2_20260730,OpenGVLab/InternVL3-8B,853e3a797a661694b1b8ece0cb72dc2b23e3dac9,python,rq3g_python_000__c2,semantic_and_visual_aligned,golden,beautiful_trash,golden,True,True,False,2.375,-0.25,2.375,True,False
E5A_rq3_text_plus_image_internvl_retry2_20260730,OpenGVLab/InternVL3-8B,853e3a797a661694b1b8ece0cb72dc2b23e3dac9,python,rq3g_python_000__c3,semantic_and_visual_aligned,golden,ugly_trash,golden,True,True,False,2.625,-0.25,2.625,True,False
E5A_rq3_text_plus_image_internvl_retry2_20260730,OpenGVLab/InternVL3-8B,853e3a797a661694b1b8ece0cb72dc2b23e3dac9,python,rq3g_python_000__c4,semantic_visual_conflict_primary,ugly_gold,beautiful_trash,ugly_gold,True,True,False,1.9375,-0.1875,1.9375,True,False
E5A_rq3_text_plus_image_internvl_retry2_20260730,OpenGVLab/InternVL3-8B,853e3a797a661694b1b8ece0cb72dc2b23e3dac9,python,rq3g_python_000__c5,semantic_only_under_ugly,ugly_gold,ugly_trash,ugly_gold,True,True,False,2.375,-0.125,2.375,True,False
E5A_rq3_text_plus_image_internvl_retry2_20260730,OpenGVLab/InternVL3-8B,853e3a797a661694b1b8ece0cb72dc2b23e3dac9,python,rq3g_python_000__c6,visual_only_trash,beautiful_trash,ugly_trash,beautiful_trash,False,False,False,0.0625,-1.6875,0.0625,True,False
E5A_rq3_text_plus_image_internvl_retry2_20260730,OpenGVLab/InternVL3-8B,853e3a797a661694b1b8ece0cb72dc2b23e3dac9,python,rq3g_python_001__c1,visual_only_gold,golden,ugly_gold,golden,False,False,False,-0.0625,1.1875,-0.0625,False,False
E5A_rq3_text_plus_image_internvl_retry2_20260730,OpenGVLab/InternVL3-8B,853e3a797a661694b1b8ece0cb72dc2b23e3dac9,python,rq3g_python_001__c2,semantic_and_visual_aligned,golden,beautiful_trash,golden,True,True,False,5.5,0.625,5.5,True,False
E5A_rq3_text_plus_image_internvl_retry2_20260730,OpenGVLab/InternVL3-8B,853e3a797a661694b1b8ece0cb72dc2b23e3dac9,python,rq3g_python_001__c3,semantic_and_visual_aligned,golden,ugly_trash,golden,True,True,False,5.5625,0.5625,5.5625,True,False
E5A_rq3_text_plus_image_internvl_retry2_20260730,OpenGVLab/InternVL3-8B,853e3a797a661694b1b8ece0cb72dc2b23e3dac9,python,rq3g_python_001__c4,semantic_visual_conflict_primary,ugly_gold,beautiful_trash,ugly_gold,True,True,False,5.5625,0.5625,5.5625,True,False
E5A_rq3_text_plus_image_internvl_retry2_20260730,OpenGVLab/InternVL3-8B,853e3a797a661694b1b8ece0cb72dc2b23e3dac9,python,rq3g_python_001__c5,semantic_only_under_ugly,ugly_gold,ugly_trash,ugly_gold,True,True,False,5.375,0.75,5.375,True,False
E5A_rq3_text_plus_image_internvl_retry2_20260730,OpenGVLab/InternVL3-8B,853e3a797a661694b1b8ece0cb72dc2b23e3dac9,python,rq3g_python_001__c6,visual_only_trash,beautiful_trash,ugly_trash,beautiful_trash,False,False,False,0.0625,-0.5625,0.0625,True,False
E5A_rq3_text_plus_image_internvl_retry2_20260730,OpenGVLab/InternVL3-8B,853e3a797a661694b1b8ece0cb72dc2b23e3dac9,python,rq3g_python_002__c1,visual_only_gold,golden,ugly_gold,golden,False,False,False,0.1875,-0.3125,0.1875,True,False
E5A_rq3_text_plus_image_internvl_retry2_20260730,OpenGVLab/InternVL3-8B,853e3a797a661694b1b8ece0cb72dc2b23e3dac9,python,rq3g_python_002__c2,semantic_and_visual_aligned,golden,beautiful_trash,golden,True,True,False,3.625,0.5,3.625,True,False
E5A_rq3_text_plus_image_internvl_retry2_20260730,OpenGVLab/InternVL3-8B,853e3a797a661694b1b8ece0cb72dc2b23e3dac9,python,rq3g_python_002__c3,semantic_and_visual_aligned,golden,ugly_trash,golden,True,True,False,3.75,0.375,3.75,True,False
E5A_rq3_text_plus_image_internvl_retry2_20260730,OpenGVLab/InternVL3-8B,853e3a797a661694b1b8ece0cb72dc2b23e3dac9,python,rq3g_python_002__c4,semantic_visual_conflict_primary,ugly_gold,beautiful_trash,ugly_gold,True,True,False,3.1875,0.5625,3.1875,True,False
E5A_rq3_text_plus_image_internvl_retry2_20260730,OpenGVLab/InternVL3-8B,853e3a797a661694b1b8ece0cb72dc2b23e3dac9,python,rq3g_python_002__c5,semantic_only_under_ugly,ugly_gold,ugly_trash,ugly_gold,True,True,False,3.4375,0.5625,3.4375,True,False
E5A_rq3_text_plus_image_internvl_retry2_20260730,OpenGVLab/InternVL3-8B,853e3a797a661694b1b8ece0cb72dc2b23e3dac9,python,rq3g_python_002__c6,visual_only_trash,beautiful_trash,ugly_trash,beautiful_trash,False,False,False,0.125,-1.25,0.125,True,False
E5A_rq3_text_plus_image_internvl_retry2_20260730,OpenGVLab/InternVL3-8B,853e3a797a661694b1b8ece0cb72dc2b23e3dac9,python,rq3g_python_003__c1,visual_only_gold,golden,ugly_gold,golden,False,False,False,0.0625,-0.1875,0.0625,True,False
E5A_rq3_text_plus_image_internvl_retry2_20260730,OpenGVLab/InternVL3-8B,853e3a797a661694b1b8ece0cb72dc2b23e3dac9,python,rq3g_python_003__c2,semantic_and_visual_aligned,golden,beautiful_trash,golden,True,True,False,4.5,-0.25,4.5,True,False
E5A_rq3_text_plus_image_internvl_retry2_20260730,OpenGVLab/InternVL3-8B,853e3a797a661694b1b8ece0cb72dc2b23e3dac9,python,rq3g_python_003__c3,semantic_and_visual_aligned,golden,ugly_trash,golden,True,True,False,4.5,-0.25,4.5,True,False
E5A_rq3_text_plus_image_internvl_retry2_20260730,OpenGVLab/InternVL3-8B,853e3a797a661694b1b8ece0cb72dc2b23e3dac9,python,rq3g_python_003__c4,semantic_visual_conflict_primary,ugly_gold,beautiful_trash,ugly_gold,True,True,False,4.5,-0.5,4.5,True,False
E5A_rq3_text_plus_image_internvl_retry2_20260730,OpenGVLab/InternVL3-8B,853e3a797a661694b1b8ece0cb72dc2b23e3dac9,python,rq3g_python_003__c5,semantic_only_under_ugly,ugly_gold,ugly_trash,ugly_gold,True,True,False,4.5,-0.25,4.5,True,False
E5A_rq3_text_plus_image_internvl_retry2_20260730,OpenGVLab/InternVL3-8B,853e3a797a661694b1b8ece0cb72dc2b23e3dac9,python,rq3g_python_003__c6,visual_only_trash,beautiful_trash,ugly_trash,beautiful_trash,False,False,False,0.125,-1.125,0.125,True,False
E5A_rq3_text_plus_image_internvl_retry2_20260730,OpenGVLab/InternVL3-8B,853e3a797a661694b1b8ece0cb72dc2b23e3dac9,python,rq3g_python_004__c1,visual_only_gold,golden,ugly_gold,golden,False,False,False,-0.25,1.125,-0.25,False,False
E5A_rq3_text_plus_image_internvl_retry2_20260730,OpenGVLab/InternVL3-8B,853e3a797a661694b1b8ece0cb72dc2b23e3dac9,python,rq3g_python_004__c2,semantic_and_visual_aligned,golden,beautiful_trash,golden,True,True,False,4.5625,-0.0625,4.5625,True,False
E5A_rq3_text_plus_image_internvl_retry2_20260730,OpenGVLab/InternVL3-8B,853e3a797a661694b1b8ece0cb72dc2b23e3dac9,python,rq3g_python_004__c3,semantic_and_visual_aligned,golden,ugly_trash,golden,True,True,False,4.4375,0.0625,4.4375,True,False
E5A_rq3_text_plus_image_internvl_retry2_20260730,OpenGVLab/InternVL3-8B,853e3a797a661694b1b8ece0cb72dc2b23e3dac9,python,rq3g_python_004__c4,semantic_visual_conflict_primary,ugly_gold,beautiful_trash,ugly_gold,True,True,False,4.4375,0.3125,4.4375,True,False
E5A_rq3_text_plus_image_internvl_retry2_20260730,OpenGVLab/InternVL3-8B,853e3a797a661694b1b8ece0cb72dc2b23e3dac9,python,rq3g_python_004__c5,semantic_only_under_ugly,ugly_gold,ugly_trash,ugly_gold,True,True,False,4.3125,0.3125,4.3125,True,False
E5A_rq3_text_plus_image_internvl_retry2_20260730,OpenGVLab/InternVL3-8B,853e3a797a661694b1b8ece0cb72dc2b23e3dac9,python,rq3g_python_004__c6,visual_only_trash,beautiful_trash,ugly_trash,beautiful_trash,False,False,False,0.0,-2.625,0.0,False,True
E5A_rq3_text_plus_image_internvl_retry2_20260730,OpenGVLab/InternVL3-8B,853e3a797a661694b1b8ece0cb72dc2b23e3dac9,python,rq3g_python_005__c1,visual_only_gold,golden,ugly_gold,golden,False,False,False,-0.125,0.625,-0.125,False,False
E5A_rq3_text_plus_image_internvl_retry2_20260730,OpenGVLab/InternVL3-8B,853e3a797a661694b1b8ece0cb72dc2b23e3dac9,python,rq3g_python_005__c2,semantic_and_visual_aligned,golden,beautiful_trash,golden,True,True,False,5.5,0.75,5.5,True,False
E5A_rq3_text_plus_image_internvl_retry2_20260730,OpenGVLab/InternVL3-8B,853e3a797a661694b1b8ece0cb72dc2b23e3dac9,python,rq3g_python_005__c3,semantic_and_visual_aligned,golden,ugly_trash,golden,True,True,False,5.625,0.75,5.625,True,False
E5A_rq3_text_plus_image_internvl_retry2_20260730,OpenGVLab/InternVL3-8B,853e3a797a661694b1b8ece0cb72dc2b23e3dac9,python,rq3g_python_005__c4,semantic_visual_conflict_primary,ugly_gold,beautiful_trash,ugly_gold,True,True,False,5.5625,0.6875,5.5625,True,False
E5A_rq3_text_plus_image_internvl_retry2_20260730,OpenGVLab/InternVL3-8B,853e3a797a661694b1b8ece0cb72dc2b23e3dac9,python,rq3g_python_005__c5,semantic_only_under_ugly,ugly_gold,ugly_trash,ugly_gold,True,True,False,5.5,0.625,5.5,True,False
E5A_rq3_text_plus_image_internvl_retry2_20260730,OpenGVLab/InternVL3-8B,853e3a797a661694b1b8ece0cb72dc2b23e3dac9,python,rq3g_python_005__c6,visual_only_trash,beautiful_trash,ugly_trash,beautiful_trash,False,False,False,-0.1875,-0.8125,-0.1875,False,False
E5A_rq3_text_plus_image_internvl_retry2_20260730,OpenGVLab/InternVL3-8B,853e3a797a661694b1b8ece0cb72dc2b23e3dac9,python,rq3g_python_006__c1,visual_only_gold,golden,ugly_gold,golden,False,False,False,0.0,-0.5,0.0,False,True
E5A_rq3_text_plus_image_internvl_retry2_20260730,OpenGVLab/InternVL3-8B,853e3a797a661694b1b8ece0cb72dc2b23e3dac9,python,rq3g_python_006__c2,semantic_and_visual_aligned,golden,beautiful_trash,golden,True,True,False,3.6875,-0.0625,3.6875,True,False
E5A_rq3_text_plus_image_internvl_retry2_20260730,OpenGVLab/InternVL3-8B,853e3a797a661694b1b8ece0cb72dc2b23e3dac9,python,rq3g_python_006__c3,semantic_and_visual_aligned,golden,ugly_trash,golden,True,True,False,3.25,-0.375,3.25,True,False
E5A_rq3_text_plus_image_internvl_retry2_20260730,OpenGVLab/InternVL3-8B,853e3a797a661694b1b8ece0cb72dc2b23e3dac9,python,rq3g_python_006__c4,semantic_visual_conflict_primary,ugly_gold,beautiful_trash,ugly_gold,True,True,False,3.6875,-0.0625,3.6875,True,False
E5A_rq3_text_plus_image_internvl_retry2_20260730,OpenGVLab/InternVL3-8B,853e3a797a661694b1b8ece0cb72dc2b23e3dac9,python,rq3g_python_006__c5,semantic_only_under_ugly,ugly_gold,ugly_trash,ugly_gold,True,True,False,3.5625,-0.3125,3.5625,True,False
E5A_rq3_text_plus_image_internvl_retry2_20260730,OpenGVLab/InternVL3-8B,853e3a797a661694b1b8ece0cb72dc2b23e3dac9,python,rq3g_python_006__c6,visual_only_trash,beautiful_trash,ugly_trash,beautiful_trash,False,False,False,-0.25,-0.625,-0.25,False,False
E5A_rq3_text_plus_image_internvl_retry2_20260730,OpenGVLab/InternVL3-8B,853e3a797a661694b1b8ece0cb72dc2b23e3dac9,python,rq3g_python_007__c1,visual_only_gold,golden,ugly_gold,golden,False,False,False,0.3125,2.1875,0.3125,True,False
E5A_rq3_text_plus_image_internvl_retry2_20260730,OpenGVLab/InternVL3-8B,853e3a797a661694b1b8ece0cb72dc2b23e3dac9,python,rq3g_python_007__c2,semantic_and_visual_aligned,golden,beautiful_trash,golden,True,True,False,4.625,-0.125,4.625,True,False
E5A_rq3_text_plus_image_internvl_retry2_20260730,OpenGVLab/InternVL3-8B,853e3a797a661694b1b8ece0cb72dc2b23e3dac9,python,rq3g_python_007__c3,semantic_and_visual_aligned,golden,ugly_trash,golden,True,True,False,4.5,-0.125,4.5,True,False
E5A_rq3_text_plus_image_internvl_retry2_20260730,OpenGVLab/InternVL3-8B,853e3a797a661694b1b8ece0cb72dc2b23e3dac9,python,rq3g_python_007__c4,semantic_visual_conflict_primary,ugly_gold,beautiful_trash,ugly_gold,True,True,False,4.5625,-0.0625,4.5625,True,False
E5A_rq3_text_plus_image_internvl_retry2_20260730,OpenGVLab/InternVL3-8B,853e3a797a661694b1b8ece0cb72dc2b23e3dac9,python,rq3g_python_007__c5,semantic_only_under_ugly,ugly_gold,ugly_trash,ugly_gold,True,True,False,4.75,0.0,4.75,True,False
E5A_rq3_text_plus_image_internvl_retry2_20260730,OpenGVLab/InternVL3-8B,853e3a797a661694b1b8ece0cb72dc2b23e3dac9,python,rq3g_python_007__c6,visual_only_trash,beautiful_trash,ugly_trash,beautiful_trash,False,False,False,0.0625,-1.3125,0.0625,True,False
E5A_rq3_text_plus_image_internvl_retry2_20260730,OpenGVLab/InternVL3-8B,853e3a797a661694b1b8ece0cb72dc2b23e3dac9,python,rq3g_python_008__c1,visual_only_gold,golden,ugly_gold,golden,False,False,False,0.1875,2.3125,0.1875,True,False
E5A_rq3_text_plus_image_internvl_retry2_20260730,OpenGVLab/InternVL3-8B,853e3a797a661694b1b8ece0cb72dc2b23e3dac9,python,rq3g_python_008__c2,semantic_and_visual_aligned,golden,beautiful_trash,golden,True,True,False,3.875,-0.25,3.875,True,False
E5A_rq3_text_plus_image_internvl_retry2_20260730,OpenGVLab/InternVL3-8B,853e3a797a661694b1b8ece0cb72dc2b23e3dac9,python,rq3g_python_008__c3,semantic_and_visual_aligned,golden,ugly_trash,golden,True,True,False,4.25,-0.375,4.25,True,False
E5A_rq3_text_plus_image_internvl_retry2_20260730,OpenGVLab/InternVL3-8B,853e3a797a661694b1b8ece0cb72dc2b23e3dac9,python,rq3g_python_008__c4,semantic_visual_conflict_primary,ugly_gold,beautiful_trash,ugly_gold,True,True,False,4.0625,-0.5625,4.0625,True,False
E5A_rq3_text_plus_image_internvl_retry2_20260730,OpenGVLab/InternVL3-8B,853e3a797a661694b1b8ece0cb72dc2b23e3dac9,python,rq3g_python_008__c5,semantic_only_under_ugly,ugly_gold,ugly_trash,ugly_gold,True,True,False,4.0,-0.625,4.0,True,False
E5A_rq3_text_plus_image_internvl_retry2_20260730,OpenGVLab/InternVL3-8B,853e3a797a661694b1b8ece0cb72dc2b23e3dac9,python,rq3g_python_008__c6,visual_only_trash,beautiful_trash,ugly_trash,beautiful_trash,False,False,False,0.125,-1.25,0.125,True,False
E5A_rq3_text_plus_image_internvl_retry2_20260730,OpenGVLab/InternVL3-8B,853e3a797a661694b1b8ece0cb72dc2b23e3dac9,python,rq3g_python_009__c1,visual_only_gold,golden,ugly_gold,golden,False,False,False,-0.0625,-0.6875,-0.0625,False,False
E5A_rq3_text_plus_image_internvl_retry2_20260730,OpenGVLab/InternVL3-8B,853e3a797a661694b1b8ece0cb72dc2b23e3dac9,python,rq3g_python_009__c2,semantic_and_visual_aligned,golden,beautiful_trash,golden,True,True,False,5.8125,-0.5625,5.8125,True,False
E5A_rq3_text_plus_image_internvl_retry2_20260730,OpenGVLab/InternVL3-8B,853e3a797a661694b1b8ece0cb72dc2b23e3dac9,python,rq3g_python_009__c3,semantic_and_visual_aligned,golden,ugly_trash,golden,True,True,False,5.875,-0.375,5.875,True,False
E5A_rq3_text_plus_image_internvl_retry2_20260730,OpenGVLab/InternVL3-8B,853e3a797a661694b1b8ece0cb72dc2b23e3dac9,python,rq3g_python_009__c4,semantic_visual_conflict_primary,ugly_gold,beautiful_trash,ugly_gold,True,True,False,5.375,-0.5,5.375,True,False
E5A_rq3_text_plus_image_internvl_retry2_20260730,OpenGVLab/InternVL3-8B,853e3a797a661694b1b8ece0cb72dc2b23e3dac9,python,rq3g_python_009__c5,semantic_only_under_ugly,ugly_gold,ugly_trash,ugly_gold,True,True,False,5.5625,-0.0625,5.5625,True,False
E5A_rq3_text_plus_image_internvl_retry2_20260730,OpenGVLab/InternVL3-8B,853e3a797a661694b1b8ece0cb72dc2b23e3dac9,python,rq3g_python_009__c6,visual_only_trash,beautiful_trash,ugly_trash,beautiful_trash,False,False,False,-0.1875,-2.4375,-0.1875,False,False
E5A_rq3_text_plus_image_internvl_retry2_20260730,OpenGVLab/InternVL3-8B,853e3a797a661694b1b8ece0cb72dc2b23e3dac9,python,rq3g_python_010__c1,visual_only_gold,golden,ugly_gold,golden,False,False,False,-0.0625,0.1875,-0.0625,False,False
E5A_rq3_text_plus_image_internvl_retry2_20260730,OpenGVLab/InternVL3-8B,853e3a797a661694b1b8ece0cb72dc2b23e3dac9,python,rq3g_python_010__c2,semantic_and_visual_aligned,golden,beautiful_trash,golden,True,True,False,4.625,-0.75,4.625,True,False
E5A_rq3_text_plus_image_internvl_retry2_20260730,OpenGVLab/InternVL3-8B,853e3a797a661694b1b8ece0cb72dc2b23e3dac9,python,rq3g_python_010__c3,semantic_and_visual_aligned,golden,ugly_trash,golden,True,True,False,4.8125,-0.8125,4.8125,True,False
E5A_rq3_text_plus_image_internvl_retry2_20260730,OpenGVLab/InternVL3-8B,853e3a797a661694b1b8ece0cb72dc2b23e3dac9,python,rq3g_python_010__c4,semantic_visual_conflict_primary,ugly_gold,beautiful_trash,ugly_gold,True,True,False,4.6875,-0.8125,4.6875,True,False
E5A_rq3_text_plus_image_internvl_retry2_20260730,OpenGVLab/InternVL3-8B,853e3a797a661694b1b8ece0cb72dc2b23e3dac9,python,rq3g_python_010__c5,semantic_only_under_ugly,ugly_gold,ugly_trash,ugly_gold,True,True,False,4.8125,-0.6875,4.8125,True,False
E5A_rq3_text_plus_image_internvl_retry2_20260730,OpenGVLab/InternVL3-8B,853e3a797a661694b1b8ece0cb72dc2b23e3dac9,python,rq3g_python_010__c6,visual_only_trash,beautiful_trash,ugly_trash,beautiful_trash,False,False,False,0.3125,-1.3125,0.3125,True,False
E5A_rq3_text_plus_image_internvl_retry2_20260730,OpenGVLab/InternVL3-8B,853e3a797a661694b1b8ece0cb72dc2b23e3dac9,python,rq3g_python_011__c1,visual_only_gold,golden,ugly_gold,golden,False,False,False,0.0,1.0,0.0,False,True
E5A_rq3_text_plus_image_internvl_retry2_20260730,OpenGVLab/InternVL3-8B,853e3a797a661694b1b8ece0cb72dc2b23e3dac9,python,rq3g_python_011__c2,semantic_and_visual_aligned,golden,beautiful_trash,golden,True,True,False,3.5,-0.375,3.5,True,False
E5A_rq3_text_plus_image_internvl_retry2_20260730,OpenGVLab/InternVL3-8B,853e3a797a661694b1b8ece0cb72dc2b23e3dac9,python,rq3g_python_011__c3,semantic_and_visual_aligned,golden,ugly_trash,golden,True,True,False,3.375,-0.625,3.375,True,False
E5A_rq3_text_plus_image_internvl_retry2_20260730,OpenGVLab/InternVL3-8B,853e3a797a661694b1b8ece0cb72dc2b23e3dac9,python,rq3g_python_011__c4,semantic_visual_conflict_primary,ugly_gold,beautiful_trash,ugly_gold,True,True,False,3.75,-0.375,3.75,True,False
E5A_rq3_text_plus_image_internvl_retry2_20260730,OpenGVLab/InternVL3-8B,853e3a797a661694b1b8ece0cb72dc2b23e3dac9,python,rq3g_python_011__c5,semantic_only_under_ugly,ugly_gold,ugly_trash,ugly_gold,True,True,False,3.5625,-0.6875,3.5625,True,False
E5A_rq3_text_plus_image_internvl_retry2_20260730,OpenGVLab/InternVL3-8B,853e3a797a661694b1b8ece0cb72dc2b23e3dac9,python,rq3g_python_011__c6,visual_only_trash,beautiful_trash,ugly_trash,beautiful_trash,False,False,False,0.0625,-1.1875,0.0625,True,False
E5A_rq3_text_plus_image_internvl_retry2_20260730,OpenGVLab/InternVL3-8B,853e3a797a661694b1b8ece0cb72dc2b23e3dac9,python,rq3g_python_012__c1,visual_only_gold,golden,ugly_gold,golden,False,False,False,-0.0625,1.4375,-0.0625,False,False
E5A_rq3_text_plus_image_internvl_retry2_20260730,OpenGVLab/InternVL3-8B,853e3a797a661694b1b8ece0cb72dc2b23e3dac9,python,rq3g_python_012__c2,semantic_and_visual_aligned,golden,beautiful_trash,golden,True,True,False,4.3125,-0.3125,4.3125,True,False
E5A_rq3_text_plus_image_internvl_retry2_20260730,OpenGVLab/InternVL3-8B,853e3a797a661694b1b8ece0cb72dc2b23e3dac9,python,rq3g_python_012__c3,semantic_and_visual_aligned,golden,ugly_trash,golden,True,True,False,4.4375,-0.0625,4.4375,True,False
E5A_rq3_text_plus_image_internvl_retry2_20260730,OpenGVLab/InternVL3-8B,853e3a797a661694b1b8ece0cb72dc2b23e3dac9,python,rq3g_python_012__c4,semantic_visual_conflict_primary,ugly_gold,beautiful_trash,ugly_gold,True,True,False,4.25,-0.5,4.25,True,False
E5A_rq3_text_plus_image_internvl_retry2_20260730,OpenGVLab/InternVL3-8B,853e3a797a661694b1b8ece0cb72dc2b23e3dac9,python,rq3g_python_012__c5,semantic_only_under_ugly,ugly_gold,ugly_trash,ugly_gold,True,True,False,4.375,-0.5,4.375,True,False
E5A_rq3_text_plus_image_internvl_retry2_20260730,OpenGVLab/InternVL3-8B,853e3a797a661694b1b8ece0cb72dc2b23e3dac9,python,rq3g_python_012__c6,visual_only_trash,beautiful_trash,ugly_trash,beautiful_trash,False,False,False,0.125,-2.0,0.125,True,False
E5A_rq3_text_plus_image_internvl_retry2_20260730,OpenGVLab/InternVL3-8B,853e3a797a661694b1b8ece0cb72dc2b23e3dac9,python,rq3g_python_013__c1,visual_only_gold,golden,ugly_gold,golden,False,False,False,0.0625,-0.1875,0.0625,True,False
E5A_rq3_text_plus_image_internvl_retry2_20260730,OpenGVLab/InternVL3-8B,853e3a797a661694b1b8ece0cb72dc2b23e3dac9,python,rq3g_python_013__c2,semantic_and_visual_aligned,golden,beautiful_trash,golden,True,True,False,4.3125,0.3125,4.3125,True,False
E5A_rq3_text_plus_image_internvl_retry2_20260730,OpenGVLab/InternVL3-8B,853e3a797a661694b1b8ece0cb72dc2b23e3dac9,python,rq3g_python_013__c3,semantic_and_visual_aligned,golden,ugly_trash,golden,True,True,False,4.375,0.125,4.375,True,False
E5A_rq3_text_plus_image_internvl_retry2_20260730,OpenGVLab/InternVL3-8B,853e3a797a661694b1b8ece0cb72dc2b23e3dac9,python,rq3g_python_013__c4,semantic_visual_conflict_primary,ugly_gold,beautiful_trash,ugly_gold,True,True,False,4.3125,0.4375,4.3125,True,False
E5A_rq3_text_plus_image_internvl_retry2_20260730,OpenGVLab/InternVL3-8B,853e3a797a661694b1b8ece0cb72dc2b23e3dac9,python,rq3g_python_013__c5,semantic_only_under_ugly,ugly_gold,ugly_trash,ugly_gold,True,True,False,4.25,0.25,4.25,True,False
E5A_rq3_text_plus_image_internvl_retry2_20260730,OpenGVLab/InternVL3-8B,853e3a797a661694b1b8ece0cb72dc2b23e3dac9,python,rq3g_python_013__c6,visual_only_trash,beautiful_trash,ugly_trash,beautiful_trash,False,False,False,0.125,-1.625,0.125,True,False
E5A_rq3_text_plus_image_internvl_retry2_20260730,OpenGVLab/InternVL3-8B,853e3a797a661694b1b8ece0cb72dc2b23e3dac9,python,rq3g_python_014__c1,visual_only_gold,golden,ugly_gold,golden,False,False,False,0.125,1.125,0.125,True,False
E5A_rq3_text_plus_image_internvl_retry2_20260730,OpenGVLab/InternVL3-8B,853e3a797a661694b1b8ece0cb72dc2b23e3dac9,python,rq3g_python_014__c2,semantic_and_visual_aligned,golden,beautiful_trash,golden,True,True,False,4.8125,-0.4375,4.8125,True,False
E5A_rq3_text_plus_image_internvl_retry2_20260730,OpenGVLab/InternVL3-8B,853e3a797a661694b1b8ece0cb72dc2b23e3dac9,python,rq3g_python_014__c3,semantic_and_visual_aligned,golden,ugly_trash,golden,True,True,False,5.0,-0.5,5.0,True,False
E5A_rq3_text_plus_image_internvl_retry2_20260730,OpenGVLab/InternVL3-8B,853e3a797a661694b1b8ece0cb72dc2b23e3dac9,python,rq3g_python_014__c4,semantic_visual_conflict_primary,ugly_gold,beautiful_trash,ugly_gold,True,True,False,4.8125,-0.4375,4.8125,True,False
E5A_rq3_text_plus_image_internvl_retry2_20260730,OpenGVLab/InternVL3-8B,853e3a797a661694b1b8ece0cb72dc2b23e3dac9,python,rq3g_python_014__c5,semantic_only_under_ugly,ugly_gold,ugly_trash,ugly_gold,True,True,False,4.9375,-0.4375,4.9375,True,False
E5A_rq3_text_plus_image_internvl_retry2_20260730,OpenGVLab/InternVL3-8B,853e3a797a661694b1b8ece0cb72dc2b23e3dac9,python,rq3g_python_014__c6,visual_only_trash,beautiful_trash,ugly_trash,beautiful_trash,False,False,False,0.125,0.25,0.125,True,False
E5A_rq3_text_plus_image_internvl_retry2_20260730,OpenGVLab/InternVL3-8B,853e3a797a661694b1b8ece0cb72dc2b23e3dac9,python,rq3g_python_015__c1,visual_only_gold,golden,ugly_gold,golden,False,False,False,0.1875,1.1875,0.1875,True,False
E5A_rq3_text_plus_image_internvl_retry2_20260730,OpenGVLab/InternVL3-8B,853e3a797a661694b1b8ece0cb72dc2b23e3dac9,python,rq3g_python_015__c2,semantic_and_visual_aligned,golden,beautiful_trash,golden,True,True,False,4.875,0.875,4.875,True,False
E5A_rq3_text_plus_image_internvl_retry2_20260730,OpenGVLab/InternVL3-8B,853e3a797a661694b1b8ece0cb72dc2b23e3dac9,python,rq3g_python_015__c3,semantic_and_visual_aligned,golden,ugly_trash,golden,True,True,False,5.0,0.875,5.0,True,False
E5A_rq3_text_plus_image_internvl_retry2_20260730,OpenGVLab/InternVL3-8B,853e3a797a661694b1b8ece0cb72dc2b23e3dac9,python,rq3g_python_015__c4,semantic_visual_conflict_primary,ugly_gold,beautiful_trash,ugly_gold,True,True,False,4.875,0.5,4.875,True,False
E5A_rq3_text_plus_image_internvl_retry2_20260730,OpenGVLab/InternVL3-8B,853e3a797a661694b1b8ece0cb72dc2b23e3dac9,python,rq3g_python_015__c5,semantic_only_under_ugly,ugly_gold,ugly_trash,ugly_gold,True,True,False,4.5625,0.8125,4.5625,True,False
E5A_rq3_text_plus_image_internvl_retry2_20260730,OpenGVLab/InternVL3-8B,853e3a797a661694b1b8ece0cb72dc2b23e3dac9,python,rq3g_python_015__c6,visual_only_trash,beautiful_trash,ugly_trash,beautiful_trash,False,False,False,0.0,-0.5,0.0,False,True
E5A_rq3_text_plus_image_internvl_retry2_20260730,OpenGVLab/InternVL3-8B,853e3a797a661694b1b8ece0cb72dc2b23e3dac9,python,rq3g_python_016__c1,visual_only_gold,golden,ugly_gold,golden,False,False,False,0.1875,0.9375,0.1875,True,False
E5A_rq3_text_plus_image_internvl_retry2_20260730,OpenGVLab/InternVL3-8B,853e3a797a661694b1b8ece0cb72dc2b23e3dac9,python,rq3g_python_016__c2,semantic_and_visual_aligned,golden,beautiful_trash,golden,True,True,False,5.0625,1.3125,5.0625,True,False
E5A_rq3_text_plus_image_internvl_retry2_20260730,OpenGVLab/InternVL3-8B,853e3a797a661694b1b8ece0cb72dc2b23e3dac9,python,rq3g_python_016__c3,semantic_and_visual_aligned,golden,ugly_trash,golden,True,True,False,5.125,1.625,5.125,True,False
E5A_rq3_text_plus_image_internvl_retry2_20260730,OpenGVLab/InternVL3-8B,853e3a797a661694b1b8ece0cb72dc2b23e3dac9,python,rq3g_python_016__c4,semantic_visual_conflict_primary,ugly_gold,beautiful_trash,ugly_gold,True,True,False,5.1875,1.3125,5.1875,True,False
E5A_rq3_text_plus_image_internvl_retry2_20260730,OpenGVLab/InternVL3-8B,853e3a797a661694b1b8ece0cb72dc2b23e3dac9,python,rq3g_python_016__c5,semantic_only_under_ugly,ugly_gold,ugly_trash,ugly_gold,True,True,False,5.3125,1.3125,5.3125,True,False
E5A_rq3_text_plus_image_internvl_retry2_20260730,OpenGVLab/InternVL3-8B,853e3a797a661694b1b8ece0cb72dc2b23e3dac9,python,rq3g_python_016__c6,visual_only_trash,beautiful_trash,ugly_trash,beautiful_trash,False,False,False,0.125,-1.375,0.125,True,False
E5A_rq3_text_plus_image_internvl_retry2_20260730,OpenGVLab/InternVL3-8B,853e3a797a661694b1b8ece0cb72dc2b23e3dac9,python,rq3g_python_017__c1,visual_only_gold,golden,ugly_gold,golden,False,False,False,-0.0625,0.1875,-0.0625,False,False
E5A_rq3_text_plus_image_internvl_retry2_20260730,OpenGVLab/InternVL3-8B,853e3a797a661694b1b8ece0cb72dc2b23e3dac9,python,rq3g_python_017__c2,semantic_and_visual_aligned,golden,beautiful_trash,golden,True,True,False,3.75,-0.25,3.75,True,False
E5A_rq3_text_plus_image_internvl_retry2_20260730,OpenGVLab/InternVL3-8B,853e3a797a661694b1b8ece0cb72dc2b23e3dac9,python,rq3g_python_017__c3,semantic_and_visual_aligned,golden,ugly_trash,golden,True,True,False,3.6875,-0.1875,3.6875,True,False
E5A_rq3_text_plus_image_internvl_retry2_20260730,OpenGVLab/InternVL3-8B,853e3a797a661694b1b8ece0cb72dc2b23e3dac9,python,rq3g_python_017__c4,semantic_visual_conflict_primary,ugly_gold,beautiful_trash,ugly_gold,True,True,False,3.4375,-0.5625,3.4375,True,False
E5A_rq3_text_plus_image_internvl_retry2_20260730,OpenGVLab/InternVL3-8B,853e3a797a661694b1b8ece0cb72dc2b23e3dac9,python,rq3g_python_017__c5,semantic_only_under_ugly,ugly_gold,ugly_trash,ugly_gold,True,True,False,3.375,-0.375,3.375,True,False
E5A_rq3_text_plus_image_internvl_retry2_20260730,OpenGVLab/InternVL3-8B,853e3a797a661694b1b8ece0cb72dc2b23e3dac9,python,rq3g_python_017__c6,visual_only_trash,beautiful_trash,ugly_trash,beautiful_trash,False,False,False,0.0625,-1.5625,0.0625,True,False
E5A_rq3_text_plus_image_internvl_retry2_20260730,OpenGVLab/InternVL3-8B,853e3a797a661694b1b8ece0cb72dc2b23e3dac9,python,rq3g_python_018__c1,visual_only_gold,golden,ugly_gold,golden,False,False,False,0.125,1.625,0.125,True,False
E5A_rq3_text_plus_image_internvl_retry2_20260730,OpenGVLab/InternVL3-8B,853e3a797a661694b1b8ece0cb72dc2b23e3dac9,python,rq3g_python_018__c2,semantic_and_visual_aligned,golden,beautiful_trash,golden,True,True,False,5.5625,0.3125,5.5625,True,False
E5A_rq3_text_plus_image_internvl_retry2_20260730,OpenGVLab/InternVL3-8B,853e3a797a661694b1b8ece0cb72dc2b23e3dac9,python,rq3g_python_018__c3,semantic_and_visual_aligned,golden,ugly_trash,golden,True,True,False,5.5,0.25,5.5,True,False
E5A_rq3_text_plus_image_internvl_retry2_20260730,OpenGVLab/InternVL3-8B,853e3a797a661694b1b8ece0cb72dc2b23e3dac9,python,rq3g_python_018__c4,semantic_visual_conflict_primary,ugly_gold,beautiful_trash,ugly_gold,True,True,False,5.1875,-0.0625,5.1875,True,False
E5A_rq3_text_plus_image_internvl_retry2_20260730,OpenGVLab/InternVL3-8B,853e3a797a661694b1b8ece0cb72dc2b23e3dac9,python,rq3g_python_018__c5,semantic_only_under_ugly,ugly_gold,ugly_trash,ugly_gold,True,True,False,5.1875,-0.0625,5.1875,True,False
E5A_rq3_text_plus_image_internvl_retry2_20260730,OpenGVLab/InternVL3-8B,853e3a797a661694b1b8ece0cb72dc2b23e3dac9,python,rq3g_python_018__c6,visual_only_trash,beautiful_trash,ugly_trash,beautiful_trash,False,False,False,0.0,-1.25,0.0,False,True
E5A_rq3_text_plus_image_internvl_retry2_20260730,OpenGVLab/InternVL3-8B,853e3a797a661694b1b8ece0cb72dc2b23e3dac9,python,rq3g_python_019__c1,visual_only_gold,golden,ugly_gold,golden,False,False,False,0.0625,2.4375,0.0625,True,False
E5A_rq3_text_plus_image_internvl_retry2_20260730,OpenGVLab/InternVL3-8B,853e3a797a661694b1b8ece0cb72dc2b23e3dac9,python,rq3g_python_019__c2,semantic_and_visual_aligned,golden,beautiful_trash,golden,True,True,False,5.0625,-0.0625,5.0625,True,False
E5A_rq3_text_plus_image_internvl_retry2_20260730,OpenGVLab/InternVL3-8B,853e3a797a661694b1b8ece0cb72dc2b23e3dac9,python,rq3g_python_019__c3,semantic_and_visual_aligned,golden,ugly_trash,golden,True,True,False,4.875,0.0,4.875,True,False
E5A_rq3_text_plus_image_internvl_retry2_20260730,OpenGVLab/InternVL3-8B,853e3a797a661694b1b8ece0cb72dc2b23e3dac9,python,rq3g_python_019__c4,semantic_visual_conflict_primary,ugly_gold,beautiful_trash,ugly_gold,True,True,False,5.0625,0.0625,5.0625,True,False
E5A_rq3_text_plus_image_internvl_retry2_20260730,OpenGVLab/InternVL3-8B,853e3a797a661694b1b8ece0cb72dc2b23e3dac9,python,rq3g_python_019__c5,semantic_only_under_ugly,ugly_gold,ugly_trash,ugly_gold,True,True,False,4.875,0.0,4.875,True,False
E5A_rq3_text_plus_image_internvl_retry2_20260730,OpenGVLab/InternVL3-8B,853e3a797a661694b1b8ece0cb72dc2b23e3dac9,python,rq3g_python_019__c6,visual_only_trash,beautiful_trash,ugly_trash,beautiful_trash,False,False,False,-0.125,-0.5,-0.125,False,False
E5A_rq3_text_plus_image_internvl_retry2_20260730,OpenGVLab/InternVL3-8B,853e3a797a661694b1b8ece0cb72dc2b23e3dac9,python,rq3g_python_020__c1,visual_only_gold,golden,ugly_gold,golden,False,False,False,0.1875,2.8125,0.1875,True,False
E5A_rq3_text_plus_image_internvl_retry2_20260730,OpenGVLab/InternVL3-8B,853e3a797a661694b1b8ece0cb72dc2b23e3dac9,python,rq3g_python_020__c2,semantic_and_visual_aligned,golden,beautiful_trash,golden,True,True,False,5.0625,-0.0625,5.0625,True,False
E5A_rq3_text_plus_image_internvl_retry2_20260730,OpenGVLab/InternVL3-8B,853e3a797a661694b1b8ece0cb72dc2b23e3dac9,python,rq3g_python_020__c3,semantic_and_visual_aligned,golden,ugly_trash,golden,True,True,False,5.0,0.125,5.0,True,False
E5A_rq3_text_plus_image_internvl_retry2_20260730,OpenGVLab/InternVL3-8B,853e3a797a661694b1b8ece0cb72dc2b23e3dac9,python,rq3g_python_020__c4,semantic_visual_conflict_primary,ugly_gold,beautiful_trash,ugly_gold,True,True,False,4.875,-0.25,4.875,True,False
E5A_rq3_text_plus_image_internvl_retry2_20260730,OpenGVLab/InternVL3-8B,853e3a797a661694b1b8ece0cb72dc2b23e3dac9,python,rq3g_python_020__c5,semantic_only_under_ugly,ugly_gold,ugly_trash,ugly_gold,True,True,False,4.6875,0.0625,4.6875,True,False
E5A_rq3_text_plus_image_internvl_retry2_20260730,OpenGVLab/InternVL3-8B,853e3a797a661694b1b8ece0cb72dc2b23e3dac9,python,rq3g_python_020__c6,visual_only_trash,beautiful_trash,ugly_trash,beautiful_trash,False,False,False,0.0625,-1.1875,0.0625,True,False
E5A_rq3_text_plus_image_internvl_retry2_20260730,OpenGVLab/InternVL3-8B,853e3a797a661694b1b8ece0cb72dc2b23e3dac9,python,rq3g_python_021__c1,visual_only_gold,golden,ugly_gold,golden,False,False,False,-0.0625,1.4375,-0.0625,False,False
E5A_rq3_text_plus_image_internvl_retry2_20260730,OpenGVLab/InternVL3-8B,853e3a797a661694b1b8ece0cb72dc2b23e3dac9,python,rq3g_python_021__c2,semantic_and_visual_aligned,golden,beautiful_trash,golden,True,True,False,2.875,0.5,2.875,True,False
E5A_rq3_text_plus_image_internvl_retry2_20260730,OpenGVLab/InternVL3-8B,853e3a797a661694b1b8ece0cb72dc2b23e3dac9,python,rq3g_python_021__c3,semantic_and_visual_aligned,golden,ugly_trash,golden,True,True,False,2.875,0.5,2.875,True,False
E5A_rq3_text_plus_image_internvl_retry2_20260730,OpenGVLab/InternVL3-8B,853e3a797a661694b1b8ece0cb72dc2b23e3dac9,python,rq3g_python_021__c4,semantic_visual_conflict_primary,ugly_gold,beautiful_trash,ugly_gold,True,True,False,3.25,0.625,3.25,True,False
E5A_rq3_text_plus_image_internvl_retry2_20260730,OpenGVLab/InternVL3-8B,853e3a797a661694b1b8ece0cb72dc2b23e3dac9,python,rq3g_python_021__c5,semantic_only_under_ugly,ugly_gold,ugly_trash,ugly_gold,True,True,False,3.25,1.0,3.25,True,False
E5A_rq3_text_plus_image_internvl_retry2_20260730,OpenGVLab/InternVL3-8B,853e3a797a661694b1b8ece0cb72dc2b23e3dac9,python,rq3g_python_021__c6,visual_only_trash,beautiful_trash,ugly_trash,beautiful_trash,False,False,False,0.125,-0.875,0.125,True,False
E5A_rq3_text_plus_image_internvl_retry2_20260730,OpenGVLab/InternVL3-8B,853e3a797a661694b1b8ece0cb72dc2b23e3dac9,python,rq3g_python_022__c1,visual_only_gold,golden,ugly_gold,golden,False,False,False,0.25,0.25,0.25,True,False
E5A_rq3_text_plus_image_internvl_retry2_20260730,OpenGVLab/InternVL3-8B,853e3a797a661694b1b8ece0cb72dc2b23e3dac9,python,rq3g_python_022__c2,semantic_and_visual_aligned,golden,beautiful_trash,golden,True,True,False,4.125,0.625,4.125,True,False
E5A_rq3_text_plus_image_internvl_retry2_20260730,OpenGVLab/InternVL3-8B,853e3a797a661694b1b8ece0cb72dc2b23e3dac9,python,rq3g_python_022__c3,semantic_and_visual_aligned,golden,ugly_trash,golden,True,True,False,4.25,0.375,4.25,True,False
E5A_rq3_text_plus_image_internvl_retry2_20260730,OpenGVLab/InternVL3-8B,853e3a797a661694b1b8ece0cb72dc2b23e3dac9,python,rq3g_python_022__c4,semantic_visual_conflict_primary,ugly_gold,beautiful_trash,ugly_gold,True,True,False,3.875,0.25,3.875,True,False
E5A_rq3_text_plus_image_internvl_retry2_20260730,OpenGVLab/InternVL3-8B,853e3a797a661694b1b8ece0cb72dc2b23e3dac9,python,rq3g_python_022__c5,semantic_only_under_ugly,ugly_gold,ugly_trash,ugly_gold,True,True,False,3.9375,0.1875,3.9375,True,False
E5A_rq3_text_plus_image_internvl_retry2_20260730,OpenGVLab/InternVL3-8B,853e3a797a661694b1b8ece0cb72dc2b23e3dac9,python,rq3g_python_022__c6,visual_only_trash,beautiful_trash,ugly_trash,beautiful_trash,False,False,False,0.1875,-0.8125,0.1875,True,False
E5A_rq3_text_plus_image_internvl_retry2_20260730,OpenGVLab/InternVL3-8B,853e3a797a661694b1b8ece0cb72dc2b23e3dac9,python,rq3g_python_023__c1,visual_only_gold,golden,ugly_gold,golden,False,False,False,0.0,0.875,0.0,False,True
E5A_rq3_text_plus_image_internvl_retry2_20260730,OpenGVLab/InternVL3-8B,853e3a797a661694b1b8ece0cb72dc2b23e3dac9,python,rq3g_python_023__c2,semantic_and_visual_aligned,golden,beautiful_trash,golden,True,True,False,5.125,-0.25,5.125,True,False
E5A_rq3_text_plus_image_internvl_retry2_20260730,OpenGVLab/InternVL3-8B,853e3a797a661694b1b8ece0cb72dc2b23e3dac9,python,rq3g_python_023__c3,semantic_and_visual_aligned,golden,ugly_trash,golden,True,True,False,4.8125,-0.1875,4.8125,True,False
E5A_rq3_text_plus_image_internvl_retry2_20260730,OpenGVLab/InternVL3-8B,853e3a797a661694b1b8ece0cb72dc2b23e3dac9,python,rq3g_python_023__c4,semantic_visual_conflict_primary,ugly_gold,beautiful_trash,ugly_gold,True,True,False,5.375,-0.125,5.375,True,False
E5A_rq3_text_plus_image_internvl_retry2_20260730,OpenGVLab/InternVL3-8B,853e3a797a661694b1b8ece0cb72dc2b23e3dac9,python,rq3g_python_023__c5,semantic_only_under_ugly,ugly_gold,ugly_trash,ugly_gold,True,True,False,4.875,-0.125,4.875,True,False
E5A_rq3_text_plus_image_internvl_retry2_20260730,OpenGVLab/InternVL3-8B,853e3a797a661694b1b8ece0cb72dc2b23e3dac9,python,rq3g_python_023__c6,visual_only_trash,beautiful_trash,ugly_trash,beautiful_trash,False,False,False,0.0,-1.25,0.0,False,True
E5A_rq3_text_plus_image_internvl_retry2_20260730,OpenGVLab/InternVL3-8B,853e3a797a661694b1b8ece0cb72dc2b23e3dac9,python,rq3g_python_024__c1,visual_only_gold,golden,ugly_gold,golden,False,False,False,0.0,0.375,0.0,False,True
E5A_rq3_text_plus_image_internvl_retry2_20260730,OpenGVLab/InternVL3-8B,853e3a797a661694b1b8ece0cb72dc2b23e3dac9,python,rq3g_python_024__c2,semantic_and_visual_aligned,golden,beautiful_trash,golden,True,True,False,5.0,0.0,5.0,True,False
E5A_rq3_text_plus_image_internvl_retry2_20260730,OpenGVLab/InternVL3-8B,853e3a797a661694b1b8ece0cb72dc2b23e3dac9,python,rq3g_python_024__c3,semantic_and_visual_aligned,golden,ugly_trash,golden,True,True,False,5.1875,0.1875,5.1875,True,False
E5A_rq3_text_plus_image_internvl_retry2_20260730,OpenGVLab/InternVL3-8B,853e3a797a661694b1b8ece0cb72dc2b23e3dac9,python,rq3g_python_024__c4,semantic_visual_conflict_primary,ugly_gold,beautiful_trash,ugly_gold,True,True,False,5.0625,0.3125,5.0625,True,False
E5A_rq3_text_plus_image_internvl_retry2_20260730,OpenGVLab/InternVL3-8B,853e3a797a661694b1b8ece0cb72dc2b23e3dac9,python,rq3g_python_024__c5,semantic_only_under_ugly,ugly_gold,ugly_trash,ugly_gold,True,True,False,5.1875,0.0625,5.1875,True,False
E5A_rq3_text_plus_image_internvl_retry2_20260730,OpenGVLab/InternVL3-8B,853e3a797a661694b1b8ece0cb72dc2b23e3dac9,python,rq3g_python_024__c6,visual_only_trash,beautiful_trash,ugly_trash,beautiful_trash,False,False,False,0.0625,-0.3125,0.0625,True,False
E5A_rq3_text_plus_image_internvl_retry2_20260730,OpenGVLab/InternVL3-8B,853e3a797a661694b1b8ece0cb72dc2b23e3dac9,python,rq3g_python_025__c1,visual_only_gold,golden,ugly_gold,golden,False,False,False,0.0625,1.1875,0.0625,True,False
E5A_rq3_text_plus_image_internvl_retry2_20260730,OpenGVLab/InternVL3-8B,853e3a797a661694b1b8ece0cb72dc2b23e3dac9,python,rq3g_python_025__c2,semantic_and_visual_aligned,golden,beautiful_trash,golden,True,True,False,5.4375,-0.0625,5.4375,True,False
E5A_rq3_text_plus_image_internvl_retry2_20260730,OpenGVLab/InternVL3-8B,853e3a797a661694b1b8ece0cb72dc2b23e3dac9,python,rq3g_python_025__c3,semantic_and_visual_aligned,golden,ugly_trash,golden,True,True,False,5.375,0.25,5.375,True,False
E5A_rq3_text_plus_image_internvl_retry2_20260730,OpenGVLab/InternVL3-8B,853e3a797a661694b1b8ece0cb72dc2b23e3dac9,python,rq3g_python_025__c4,semantic_visual_conflict_primary,ugly_gold,beautiful_trash,ugly_gold,True,True,False,5.5,0.0,5.5,True,False
E5A_rq3_text_plus_image_internvl_retry2_20260730,OpenGVLab/InternVL3-8B,853e3a797a661694b1b8ece0cb72dc2b23e3dac9,python,rq3g_python_025__c5,semantic_only_under_ugly,ugly_gold,ugly_trash,ugly_gold,True,True,False,5.5,0.25,5.5,True,False
E5A_rq3_text_plus_image_internvl_retry2_20260730,OpenGVLab/InternVL3-8B,853e3a797a661694b1b8ece0cb72dc2b23e3dac9,python,rq3g_python_025__c6,visual_only_trash,beautiful_trash,ugly_trash,beautiful_trash,False,False,False,-0.0625,-1.0625,-0.0625,False,False
E5A_rq3_text_plus_image_internvl_retry2_20260730,OpenGVLab/InternVL3-8B,853e3a797a661694b1b8ece0cb72dc2b23e3dac9,python,rq3g_python_026__c1,visual_only_gold,golden,ugly_gold,golden,False,False,False,0.0,0.125,0.0,False,True
E5A_rq3_text_plus_image_internvl_retry2_20260730,OpenGVLab/InternVL3-8B,853e3a797a661694b1b8ece0cb72dc2b23e3dac9,python,rq3g_python_026__c2,semantic_and_visual_aligned,golden,beautiful_trash,golden,True,True,False,2.6875,-0.3125,2.6875,True,False
E5A_rq3_text_plus_image_internvl_retry2_20260730,OpenGVLab/InternVL3-8B,853e3a797a661694b1b8ece0cb72dc2b23e3dac9,python,rq3g_python_026__c3,semantic_and_visual_aligned,golden,ugly_trash,golden,True,True,False,2.5,-0.25,2.5,True,False
E5A_rq3_text_plus_image_internvl_retry2_20260730,OpenGVLab/InternVL3-8B,853e3a797a661694b1b8ece0cb72dc2b23e3dac9,python,rq3g_python_026__c4,semantic_visual_conflict_primary,ugly_gold,beautiful_trash,ugly_gold,True,True,False,2.6875,-0.3125,2.6875,True,False
E5A_rq3_text_plus_image_internvl_retry2_20260730,OpenGVLab/InternVL3-8B,853e3a797a661694b1b8ece0cb72dc2b23e3dac9,python,rq3g_python_026__c5,semantic_only_under_ugly,ugly_gold,ugly_trash,ugly_gold,True,True,False,2.625,-0.125,2.625,True,False
E5A_rq3_text_plus_image_internvl_retry2_20260730,OpenGVLab/InternVL3-8B,853e3a797a661694b1b8ece0cb72dc2b23e3dac9,python,rq3g_python_026__c6,visual_only_trash,beautiful_trash,ugly_trash,beautiful_trash,False,False,False,0.1875,1.3125,0.1875,True,False
E5A_rq3_text_plus_image_internvl_retry2_20260730,OpenGVLab/InternVL3-8B,853e3a797a661694b1b8ece0cb72dc2b23e3dac9,python,rq3g_python_027__c1,visual_only_gold,golden,ugly_gold,golden,False,False,False,0.125,0.5,0.125,True,False
E5A_rq3_text_plus_image_internvl_retry2_20260730,OpenGVLab/InternVL3-8B,853e3a797a661694b1b8ece0cb72dc2b23e3dac9,python,rq3g_python_027__c2,semantic_and_visual_aligned,golden,beautiful_trash,golden,True,True,False,4.1875,1.4375,4.1875,True,False
E5A_rq3_text_plus_image_internvl_retry2_20260730,OpenGVLab/InternVL3-8B,853e3a797a661694b1b8ece0cb72dc2b23e3dac9,python,rq3g_python_027__c3,semantic_and_visual_aligned,golden,ugly_trash,golden,True,True,False,4.5,1.375,4.5,True,False
E5A_rq3_text_plus_image_internvl_retry2_20260730,OpenGVLab/InternVL3-8B,853e3a797a661694b1b8ece0cb72dc2b23e3dac9,python,rq3g_python_027__c4,semantic_visual_conflict_primary,ugly_gold,beautiful_trash,ugly_gold,True,True,False,3.8125,1.3125,3.8125,True,False
E5A_rq3_text_plus_image_internvl_retry2_20260730,OpenGVLab/InternVL3-8B,853e3a797a661694b1b8ece0cb72dc2b23e3dac9,python,rq3g_python_027__c5,semantic_only_under_ugly,ugly_gold,ugly_trash,ugly_gold,True,True,False,4.125,1.375,4.125,True,False
E5A_rq3_text_plus_image_internvl_retry2_20260730,OpenGVLab/InternVL3-8B,853e3a797a661694b1b8ece0cb72dc2b23e3dac9,python,rq3g_python_027__c6,visual_only_trash,beautiful_trash,ugly_trash,beautiful_trash,False,False,False,0.125,-1.5,0.125,True,False
E5A_rq3_text_plus_image_internvl_retry2_20260730,OpenGVLab/InternVL3-8B,853e3a797a661694b1b8ece0cb72dc2b23e3dac9,python,rq3g_python_028__c1,visual_only_gold,golden,ugly_gold,golden,False,False,False,0.125,0.25,0.125,True,False
E5A_rq3_text_plus_image_internvl_retry2_20260730,OpenGVLab/InternVL3-8B,853e3a797a661694b1b8ece0cb72dc2b23e3dac9,python,rq3g_python_028__c2,semantic_and_visual_aligned,golden,beautiful_trash,golden,True,True,False,3.5625,0.6875,3.5625,True,False
E5A_rq3_text_plus_image_internvl_retry2_20260730,OpenGVLab/InternVL3-8B,853e3a797a661694b1b8ece0cb72dc2b23e3dac9,python,rq3g_python_028__c3,semantic_and_visual_aligned,golden,ugly_trash,golden,True,True,False,3.8125,1.0625,3.8125,True,False
E5A_rq3_text_plus_image_internvl_retry2_20260730,OpenGVLab/InternVL3-8B,853e3a797a661694b1b8ece0cb72dc2b23e3dac9,python,rq3g_python_028__c4,semantic_visual_conflict_primary,ugly_gold,beautiful_trash,ugly_gold,True,True,False,3.375,0.625,3.375,True,False
E5A_rq3_text_plus_image_internvl_retry2_20260730,OpenGVLab/InternVL3-8B,853e3a797a661694b1b8ece0cb72dc2b23e3dac9,python,rq3g_python_028__c5,semantic_only_under_ugly,ugly_gold,ugly_trash,ugly_gold,True,True,False,3.4375,0.8125,3.4375,True,False
E5A_rq3_text_plus_image_internvl_retry2_20260730,OpenGVLab/InternVL3-8B,853e3a797a661694b1b8ece0cb72dc2b23e3dac9,python,rq3g_python_028__c6,visual_only_trash,beautiful_trash,ugly_trash,beautiful_trash,False,False,False,0.125,-0.5,0.125,True,False
E5A_rq3_text_plus_image_internvl_retry2_20260730,OpenGVLab/InternVL3-8B,853e3a797a661694b1b8ece0cb72dc2b23e3dac9,python,rq3g_python_029__c1,visual_only_gold,golden,ugly_gold,golden,True,True,False,0.125,-0.125,0.125,True,False
E5A_rq3_text_plus_image_internvl_retry2_20260730,OpenGVLab/InternVL3-8B,853e3a797a661694b1b8ece0cb72dc2b23e3dac9,python,rq3g_python_029__c2,semantic_and_visual_aligned,golden,beautiful_trash,golden,True,True,False,3.9375,-0.8125,3.9375,True,False
E5A_rq3_text_plus_image_internvl_retry2_20260730,OpenGVLab/InternVL3-8B,853e3a797a661694b1b8ece0cb72dc2b23e3dac9,python,rq3g_python_029__c3,semantic_and_visual_aligned,golden,ugly_trash,golden,True,True,False,4.0625,-0.8125,4.0625,True,False
E5A_rq3_text_plus_image_internvl_retry2_20260730,OpenGVLab/InternVL3-8B,853e3a797a661694b1b8ece0cb72dc2b23e3dac9,python,rq3g_python_029__c4,semantic_visual_conflict_primary,ugly_gold,beautiful_trash,ugly_gold,True,True,False,3.8125,-0.9375,3.8125,True,False
E5A_rq3_text_plus_image_internvl_retry2_20260730,OpenGVLab/InternVL3-8B,853e3a797a661694b1b8ece0cb72dc2b23e3dac9,python,rq3g_python_029__c5,semantic_only_under_ugly,ugly_gold,ugly_trash,ugly_gold,True,True,False,4.0,-0.875,4.0,True,False
E5A_rq3_text_plus_image_internvl_retry2_20260730,OpenGVLab/InternVL3-8B,853e3a797a661694b1b8ece0cb72dc2b23e3dac9,python,rq3g_python_029__c6,visual_only_trash,beautiful_trash,ugly_trash,beautiful_trash,False,False,False,0.0625,-1.4375,0.0625,True,False
E5A_rq3_text_plus_image_internvl_retry2_20260730,OpenGVLab/InternVL3-8B,853e3a797a661694b1b8ece0cb72dc2b23e3dac9,python,rq3g_python_030__c1,visual_only_gold,golden,ugly_gold,golden,False,False,False,-0.0625,2.0625,-0.0625,False,False
E5A_rq3_text_plus_image_internvl_retry2_20260730,OpenGVLab/InternVL3-8B,853e3a797a661694b1b8ece0cb72dc2b23e3dac9,python,rq3g_python_030__c2,semantic_and_visual_aligned,golden,beautiful_trash,golden,True,True,False,5.625,0.25,5.625,True,False
E5A_rq3_text_plus_image_internvl_retry2_20260730,OpenGVLab/InternVL3-8B,853e3a797a661694b1b8ece0cb72dc2b23e3dac9,python,rq3g_python_030__c3,semantic_and_visual_aligned,golden,ugly_trash,golden,True,True,False,5.75,0.375,5.75,True,False
E5A_rq3_text_plus_image_internvl_retry2_20260730,OpenGVLab/InternVL3-8B,853e3a797a661694b1b8ece0cb72dc2b23e3dac9,python,rq3g_python_030__c4,semantic_visual_conflict_primary,ugly_gold,beautiful_trash,ugly_gold,True,True,False,5.6875,0.0625,5.6875,True,False
E5A_rq3_text_plus_image_internvl_retry2_20260730,OpenGVLab/InternVL3-8B,853e3a797a661694b1b8ece0cb72dc2b23e3dac9,python,rq3g_python_030__c5,semantic_only_under_ugly,ugly_gold,ugly_trash,ugly_gold,True,True,False,5.6875,-0.1875,5.6875,True,False
E5A_rq3_text_plus_image_internvl_retry2_20260730,OpenGVLab/InternVL3-8B,853e3a797a661694b1b8ece0cb72dc2b23e3dac9,python,rq3g_python_030__c6,visual_only_trash,beautiful_trash,ugly_trash,beautiful_trash,False,False,False,0.25,-2.0,0.25,True,False
E5A_rq3_text_plus_image_internvl_retry2_20260730,OpenGVLab/InternVL3-8B,853e3a797a661694b1b8ece0cb72dc2b23e3dac9,python,rq3g_python_031__c1,visual_only_gold,golden,ugly_gold,golden,False,False,False,0.0,0.375,0.0,False,True
E5A_rq3_text_plus_image_internvl_retry2_20260730,OpenGVLab/InternVL3-8B,853e3a797a661694b1b8ece0cb72dc2b23e3dac9,python,rq3g_python_031__c2,semantic_and_visual_aligned,golden,beautiful_trash,golden,True,True,False,3.125,0.375,3.125,True,False
E5A_rq3_text_plus_image_internvl_retry2_20260730,OpenGVLab/InternVL3-8B,853e3a797a661694b1b8ece0cb72dc2b23e3dac9,python,rq3g_python_031__c3,semantic_and_visual_aligned,golden,ugly_trash,golden,True,True,False,3.25,0.5,3.25,True,False
E5A_rq3_text_plus_image_internvl_retry2_20260730,OpenGVLab/InternVL3-8B,853e3a797a661694b1b8ece0cb72dc2b23e3dac9,python,rq3g_python_031__c4,semantic_visual_conflict_primary,ugly_gold,beautiful_trash,ugly_gold,True,True,False,3.3125,0.5625,3.3125,True,False
E5A_rq3_text_plus_image_internvl_retry2_20260730,OpenGVLab/InternVL3-8B,853e3a797a661694b1b8ece0cb72dc2b23e3dac9,python,rq3g_python_031__c5,semantic_only_under_ugly,ugly_gold,ugly_trash,ugly_gold,True,True,False,3.5,0.5,3.5,True,False
E5A_rq3_text_plus_image_internvl_retry2_20260730,OpenGVLab/InternVL3-8B,853e3a797a661694b1b8ece0cb72dc2b23e3dac9,python,rq3g_python_031__c6,visual_only_trash,beautiful_trash,ugly_trash,beautiful_trash,False,False,False,0.125,0.125,0.125,True,False
E5A_rq3_text_plus_image_internvl_retry2_20260730,OpenGVLab/InternVL3-8B,853e3a797a661694b1b8ece0cb72dc2b23e3dac9,python,rq3g_python_032__c1,visual_only_gold,golden,ugly_gold,golden,False,False,False,0.0625,0.4375,0.0625,True,False
E5A_rq3_text_plus_image_internvl_retry2_20260730,OpenGVLab/InternVL3-8B,853e3a797a661694b1b8ece0cb72dc2b23e3dac9,python,rq3g_python_032__c2,semantic_and_visual_aligned,golden,beautiful_trash,golden,True,True,False,4.625,-0.125,4.625,True,False
E5A_rq3_text_plus_image_internvl_retry2_20260730,OpenGVLab/InternVL3-8B,853e3a797a661694b1b8ece0cb72dc2b23e3dac9,python,rq3g_python_032__c3,semantic_and_visual_aligned,golden,ugly_trash,golden,True,True,False,5.0625,-0.0625,5.0625,True,False
E5A_rq3_text_plus_image_internvl_retry2_20260730,OpenGVLab/InternVL3-8B,853e3a797a661694b1b8ece0cb72dc2b23e3dac9,python,rq3g_python_032__c4,semantic_visual_conflict_primary,ugly_gold,beautiful_trash,ugly_gold,True,True,False,4.625,0.375,4.625,True,False
E5A_rq3_text_plus_image_internvl_retry2_20260730,OpenGVLab/InternVL3-8B,853e3a797a661694b1b8ece0cb72dc2b23e3dac9,python,rq3g_python_032__c5,semantic_only_under_ugly,ugly_gold,ugly_trash,ugly_gold,True,True,False,4.9375,0.0625,4.9375,True,False
E5A_rq3_text_plus_image_internvl_retry2_20260730,OpenGVLab/InternVL3-8B,853e3a797a661694b1b8ece0cb72dc2b23e3dac9,python,rq3g_python_032__c6,visual_only_trash,beautiful_trash,ugly_trash,beautiful_trash,False,False,False,0.0625,-1.4375,0.0625,True,False
E5A_rq3_text_plus_image_internvl_retry2_20260730,OpenGVLab/InternVL3-8B,853e3a797a661694b1b8ece0cb72dc2b23e3dac9,python,rq3g_python_033__c1,visual_only_gold,golden,ugly_gold,golden,False,False,False,0.0625,-0.3125,0.0625,True,False
E5A_rq3_text_plus_image_internvl_retry2_20260730,OpenGVLab/InternVL3-8B,853e3a797a661694b1b8ece0cb72dc2b23e3dac9,python,rq3g_python_033__c2,semantic_and_visual_aligned,golden,beautiful_trash,golden,True,True,False,4.25,-0.625,4.25,True,False
E5A_rq3_text_plus_image_internvl_retry2_20260730,OpenGVLab/InternVL3-8B,853e3a797a661694b1b8ece0cb72dc2b23e3dac9,python,rq3g_python_033__c3,semantic_and_visual_aligned,golden,ugly_trash,golden,True,True,False,4.125,-0.625,4.125,True,False
E5A_rq3_text_plus_image_internvl_retry2_20260730,OpenGVLab/InternVL3-8B,853e3a797a661694b1b8ece0cb72dc2b23e3dac9,python,rq3g_python_033__c4,semantic_visual_conflict_primary,ugly_gold,beautiful_trash,ugly_gold,True,True,False,3.875,-0.875,3.875,True,False
E5A_rq3_text_plus_image_internvl_retry2_20260730,OpenGVLab/InternVL3-8B,853e3a797a661694b1b8ece0cb72dc2b23e3dac9,python,rq3g_python_033__c5,semantic_only_under_ugly,ugly_gold,ugly_trash,ugly_gold,True,True,False,3.6875,-0.5625,3.6875,True,False
E5A_rq3_text_plus_image_internvl_retry2_20260730,OpenGVLab/InternVL3-8B,853e3a797a661694b1b8ece0cb72dc2b23e3dac9,python,rq3g_python_033__c6,visual_only_trash,beautiful_trash,ugly_trash,beautiful_trash,False,False,False,0.0625,-2.0625,0.0625,True,False
E5A_rq3_text_plus_image_internvl_retry2_20260730,OpenGVLab/InternVL3-8B,853e3a797a661694b1b8ece0cb72dc2b23e3dac9,python,rq3g_python_034__c1,visual_only_gold,golden,ugly_gold,golden,False,False,False,0.0625,1.0625,0.0625,True,False
E5A_rq3_text_plus_image_internvl_retry2_20260730,OpenGVLab/InternVL3-8B,853e3a797a661694b1b8ece0cb72dc2b23e3dac9,python,rq3g_python_034__c2,semantic_and_visual_aligned,golden,beautiful_trash,golden,True,True,False,3.375,1.0,3.375,True,False
E5A_rq3_text_plus_image_internvl_retry2_20260730,OpenGVLab/InternVL3-8B,853e3a797a661694b1b8ece0cb72dc2b23e3dac9,python,rq3g_python_034__c3,semantic_and_visual_aligned,golden,ugly_trash,golden,True,True,False,3.625,1.125,3.625,True,False
E5A_rq3_text_plus_image_internvl_retry2_20260730,OpenGVLab/InternVL3-8B,853e3a797a661694b1b8ece0cb72dc2b23e3dac9,python,rq3g_python_034__c4,semantic_visual_conflict_primary,ugly_gold,beautiful_trash,ugly_gold,True,True,False,3.1875,1.0625,3.1875,True,False
E5A_rq3_text_plus_image_internvl_retry2_20260730,OpenGVLab/InternVL3-8B,853e3a797a661694b1b8ece0cb72dc2b23e3dac9,python,rq3g_python_034__c5,semantic_only_under_ugly,ugly_gold,ugly_trash,ugly_gold,True,True,False,3.4375,0.9375,3.4375,True,False
E5A_rq3_text_plus_image_internvl_retry2_20260730,OpenGVLab/InternVL3-8B,853e3a797a661694b1b8ece0cb72dc2b23e3dac9,python,rq3g_python_034__c6,visual_only_trash,beautiful_trash,ugly_trash,beautiful_trash,False,False,False,0.125,-2.0,0.125,True,False
E5A_rq3_text_plus_image_internvl_retry2_20260730,OpenGVLab/InternVL3-8B,853e3a797a661694b1b8ece0cb72dc2b23e3dac9,python,rq3g_python_035__c1,visual_only_gold,golden,ugly_gold,golden,False,False,False,0.0,0.5,0.0,False,True
E5A_rq3_text_plus_image_internvl_retry2_20260730,OpenGVLab/InternVL3-8B,853e3a797a661694b1b8ece0cb72dc2b23e3dac9,python,rq3g_python_035__c2,semantic_and_visual_aligned,golden,beautiful_trash,golden,True,True,False,4.875,-0.625,4.875,True,False
E5A_rq3_text_plus_image_internvl_retry2_20260730,OpenGVLab/InternVL3-8B,853e3a797a661694b1b8ece0cb72dc2b23e3dac9,python,rq3g_python_035__c3,semantic_and_visual_aligned,golden,ugly_trash,golden,True,True,False,5.0,-0.5,5.0,True,False
E5A_rq3_text_plus_image_internvl_retry2_20260730,OpenGVLab/InternVL3-8B,853e3a797a661694b1b8ece0cb72dc2b23e3dac9,python,rq3g_python_035__c4,semantic_visual_conflict_primary,ugly_gold,beautiful_trash,ugly_gold,True,True,False,4.8125,-0.6875,4.8125,True,False
E5A_rq3_text_plus_image_internvl_retry2_20260730,OpenGVLab/InternVL3-8B,853e3a797a661694b1b8ece0cb72dc2b23e3dac9,python,rq3g_python_035__c5,semantic_only_under_ugly,ugly_gold,ugly_trash,ugly_gold,True,True,False,4.6875,-0.4375,4.6875,True,False
E5A_rq3_text_plus_image_internvl_retry2_20260730,OpenGVLab/InternVL3-8B,853e3a797a661694b1b8ece0cb72dc2b23e3dac9,python,rq3g_python_035__c6,visual_only_trash,beautiful_trash,ugly_trash,beautiful_trash,False,False,False,0.0625,-0.6875,0.0625,True,False
E5A_rq3_text_plus_image_internvl_retry2_20260730,OpenGVLab/InternVL3-8B,853e3a797a661694b1b8ece0cb72dc2b23e3dac9,python,rq3g_python_036__c1,visual_only_gold,golden,ugly_gold,golden,False,False,False,0.1875,1.6875,0.1875,True,False
E5A_rq3_text_plus_image_internvl_retry2_20260730,OpenGVLab/InternVL3-8B,853e3a797a661694b1b8ece0cb72dc2b23e3dac9,python,rq3g_python_036__c2,semantic_and_visual_aligned,golden,beautiful_trash,golden,True,True,False,4.4375,0.8125,4.4375,True,False
E5A_rq3_text_plus_image_internvl_retry2_20260730,OpenGVLab/InternVL3-8B,853e3a797a661694b1b8ece0cb72dc2b23e3dac9,python,rq3g_python_036__c3,semantic_and_visual_aligned,golden,ugly_trash,golden,True,True,False,4.4375,0.5625,4.4375,True,False
E5A_rq3_text_plus_image_internvl_retry2_20260730,OpenGVLab/InternVL3-8B,853e3a797a661694b1b8ece0cb72dc2b23e3dac9,python,rq3g_python_036__c4,semantic_visual_conflict_primary,ugly_gold,beautiful_trash,ugly_gold,True,True,False,4.0625,0.3125,4.0625,True,False
E5A_rq3_text_plus_image_internvl_retry2_20260730,OpenGVLab/InternVL3-8B,853e3a797a661694b1b8ece0cb72dc2b23e3dac9,python,rq3g_python_036__c5,semantic_only_under_ugly,ugly_gold,ugly_trash,ugly_gold,True,True,False,4.4375,0.0625,4.4375,True,False
E5A_rq3_text_plus_image_internvl_retry2_20260730,OpenGVLab/InternVL3-8B,853e3a797a661694b1b8ece0cb72dc2b23e3dac9,python,rq3g_python_036__c6,visual_only_trash,beautiful_trash,ugly_trash,beautiful_trash,False,False,False,-0.0625,-0.3125,-0.0625,False,False
E5A_rq3_text_plus_image_internvl_retry2_20260730,OpenGVLab/InternVL3-8B,853e3a797a661694b1b8ece0cb72dc2b23e3dac9,python,rq3g_python_037__c1,visual_only_gold,golden,ugly_gold,golden,False,False,False,0.0625,0.5625,0.0625,True,False
E5A_rq3_text_plus_image_internvl_retry2_20260730,OpenGVLab/InternVL3-8B,853e3a797a661694b1b8ece0cb72dc2b23e3dac9,python,rq3g_python_037__c2,semantic_and_visual_aligned,golden,beautiful_trash,golden,True,True,False,3.8125,0.6875,3.8125,True,False
E5A_rq3_text_plus_image_internvl_retry2_20260730,OpenGVLab/InternVL3-8B,853e3a797a661694b1b8ece0cb72dc2b23e3dac9,python,rq3g_python_037__c3,semantic_and_visual_aligned,golden,ugly_trash,golden,True,True,False,3.9375,0.5625,3.9375,True,False
E5A_rq3_text_plus_image_internvl_retry2_20260730,OpenGVLab/InternVL3-8B,853e3a797a661694b1b8ece0cb72dc2b23e3dac9,python,rq3g_python_037__c4,semantic_visual_conflict_primary,ugly_gold,beautiful_trash,ugly_gold,True,True,False,3.75,0.375,3.75,True,False
E5A_rq3_text_plus_image_internvl_retry2_20260730,OpenGVLab/InternVL3-8B,853e3a797a661694b1b8ece0cb72dc2b23e3dac9,python,rq3g_python_037__c5,semantic_only_under_ugly,ugly_gold,ugly_trash,ugly_gold,True,True,False,3.75,0.375,3.75,True,False
E5A_rq3_text_plus_image_internvl_retry2_20260730,OpenGVLab/InternVL3-8B,853e3a797a661694b1b8ece0cb72dc2b23e3dac9,python,rq3g_python_037__c6,visual_only_trash,beautiful_trash,ugly_trash,beautiful_trash,False,False,False,0.0,-1.0,0.0,False,True
E5A_rq3_text_plus_image_internvl_retry2_20260730,OpenGVLab/InternVL3-8B,853e3a797a661694b1b8ece0cb72dc2b23e3dac9,python,rq3g_python_038__c1,visual_only_gold,golden,ugly_gold,golden,False,False,False,-0.0625,1.8125,-0.0625,False,False
E5A_rq3_text_plus_image_internvl_retry2_20260730,OpenGVLab/InternVL3-8B,853e3a797a661694b1b8ece0cb72dc2b23e3dac9,python,rq3g_python_038__c2,semantic_and_visual_aligned,golden,beautiful_trash,golden,True,True,False,3.6875,-0.4375,3.6875,True,False
E5A_rq3_text_plus_image_internvl_retry2_20260730,OpenGVLab/InternVL3-8B,853e3a797a661694b1b8ece0cb72dc2b23e3dac9,python,rq3g_python_038__c3,semantic_and_visual_aligned,golden,ugly_trash,golden,True,True,False,3.5,-0.5,3.5,True,False
E5A_rq3_text_plus_image_internvl_retry2_20260730,OpenGVLab/InternVL3-8B,853e3a797a661694b1b8ece0cb72dc2b23e3dac9,python,rq3g_python_038__c4,semantic_visual_conflict_primary,ugly_gold,beautiful_trash,ugly_gold,True,True,False,3.375,-0.5,3.375,True,False
E5A_rq3_text_plus_image_internvl_retry2_20260730,OpenGVLab/InternVL3-8B,853e3a797a661694b1b8ece0cb72dc2b23e3dac9,python,rq3g_python_038__c5,semantic_only_under_ugly,ugly_gold,ugly_trash,ugly_gold,True,True,False,3.5625,-0.4375,3.5625,True,False
E5A_rq3_text_plus_image_internvl_retry2_20260730,OpenGVLab/InternVL3-8B,853e3a797a661694b1b8ece0cb72dc2b23e3dac9,python,rq3g_python_038__c6,visual_only_trash,beautiful_trash,ugly_trash,beautiful_trash,False,False,False,0.0625,-1.4375,0.0625,True,False
E5A_rq3_text_plus_image_internvl_retry2_20260730,OpenGVLab/InternVL3-8B,853e3a797a661694b1b8ece0cb72dc2b23e3dac9,python,rq3g_python_039__c1,visual_only_gold,golden,ugly_gold,golden,True,True,False,0.3125,-0.3125,0.3125,True,False
E5A_rq3_text_plus_image_internvl_retry2_20260730,OpenGVLab/InternVL3-8B,853e3a797a661694b1b8ece0cb72dc2b23e3dac9,python,rq3g_python_039__c2,semantic_and_visual_aligned,golden,beautiful_trash,golden,True,True,False,4.4375,0.1875,4.4375,True,False
E5A_rq3_text_plus_image_internvl_retry2_20260730,OpenGVLab/InternVL3-8B,853e3a797a661694b1b8ece0cb72dc2b23e3dac9,python,rq3g_python_039__c3,semantic_and_visual_aligned,golden,ugly_trash,golden,True,True,False,4.375,0.125,4.375,True,False
E5A_rq3_text_plus_image_internvl_retry2_20260730,OpenGVLab/InternVL3-8B,853e3a797a661694b1b8ece0cb72dc2b23e3dac9,python,rq3g_python_039__c4,semantic_visual_conflict_primary,ugly_gold,beautiful_trash,ugly_gold,True,True,False,4.25,0.0,4.25,True,False
E5A_rq3_text_plus_image_internvl_retry2_20260730,OpenGVLab/InternVL3-8B,853e3a797a661694b1b8ece0cb72dc2b23e3dac9,python,rq3g_python_039__c5,semantic_only_under_ugly,ugly_gold,ugly_trash,ugly_gold,True,True,False,4.3125,0.0625,4.3125,True,False
E5A_rq3_text_plus_image_internvl_retry2_20260730,OpenGVLab/InternVL3-8B,853e3a797a661694b1b8ece0cb72dc2b23e3dac9,python,rq3g_python_039__c6,visual_only_trash,beautiful_trash,ugly_trash,beautiful_trash,False,False,False,0.125,-0.5,0.125,True,False
E5A_rq3_text_plus_image_internvl_retry2_20260730,OpenGVLab/InternVL3-8B,853e3a797a661694b1b8ece0cb72dc2b23e3dac9,python,rq3g_python_040__c1,visual_only_gold,golden,ugly_gold,golden,False,False,False,0.0625,0.5625,0.0625,True,False
E5A_rq3_text_plus_image_internvl_retry2_20260730,OpenGVLab/InternVL3-8B,853e3a797a661694b1b8ece0cb72dc2b23e3dac9,python,rq3g_python_040__c2,semantic_and_visual_aligned,golden,beautiful_trash,golden,True,True,False,4.375,-0.375,4.375,True,False
E5A_rq3_text_plus_image_internvl_retry2_20260730,OpenGVLab/InternVL3-8B,853e3a797a661694b1b8ece0cb72dc2b23e3dac9,python,rq3g_python_040__c3,semantic_and_visual_aligned,golden,ugly_trash,golden,True,True,False,4.3125,-0.1875,4.3125,True,False
E5A_rq3_text_plus_image_internvl_retry2_20260730,OpenGVLab/InternVL3-8B,853e3a797a661694b1b8ece0cb72dc2b23e3dac9,python,rq3g_python_040__c4,semantic_visual_conflict_primary,ugly_gold,beautiful_trash,ugly_gold,True,True,False,4.0,-0.625,4.0,True,False
E5A_rq3_text_plus_image_internvl_retry2_20260730,OpenGVLab/InternVL3-8B,853e3a797a661694b1b8ece0cb72dc2b23e3dac9,python,rq3g_python_040__c5,semantic_only_under_ugly,ugly_gold,ugly_trash,ugly_gold,True,True,False,4.1875,-0.3125,4.1875,True,False
E5A_rq3_text_plus_image_internvl_retry2_20260730,OpenGVLab/InternVL3-8B,853e3a797a661694b1b8ece0cb72dc2b23e3dac9,python,rq3g_python_040__c6,visual_only_trash,beautiful_trash,ugly_trash,beautiful_trash,False,False,False,-0.1875,-0.8125,-0.1875,False,False
E5A_rq3_text_plus_image_internvl_retry2_20260730,OpenGVLab/InternVL3-8B,853e3a797a661694b1b8ece0cb72dc2b23e3dac9,python,rq3g_python_041__c1,visual_only_gold,golden,ugly_gold,golden,False,False,False,0.0,0.5,0.0,False,True
E5A_rq3_text_plus_image_internvl_retry2_20260730,OpenGVLab/InternVL3-8B,853e3a797a661694b1b8ece0cb72dc2b23e3dac9,python,rq3g_python_041__c2,semantic_and_visual_aligned,golden,beautiful_trash,golden,True,True,False,3.875,0.25,3.875,True,False
E5A_rq3_text_plus_image_internvl_retry2_20260730,OpenGVLab/InternVL3-8B,853e3a797a661694b1b8ece0cb72dc2b23e3dac9,python,rq3g_python_041__c3,semantic_and_visual_aligned,golden,ugly_trash,golden,True,True,False,3.75,0.25,3.75,True,False
E5A_rq3_text_plus_image_internvl_retry2_20260730,OpenGVLab/InternVL3-8B,853e3a797a661694b1b8ece0cb72dc2b23e3dac9,python,rq3g_python_041__c4,semantic_visual_conflict_primary,ugly_gold,beautiful_trash,ugly_gold,True,True,False,4.0,0.25,4.0,True,False
E5A_rq3_text_plus_image_internvl_retry2_20260730,OpenGVLab/InternVL3-8B,853e3a797a661694b1b8ece0cb72dc2b23e3dac9,python,rq3g_python_041__c5,semantic_only_under_ugly,ugly_gold,ugly_trash,ugly_gold,True,True,False,3.9375,0.3125,3.9375,True,False
E5A_rq3_text_plus_image_internvl_retry2_20260730,OpenGVLab/InternVL3-8B,853e3a797a661694b1b8ece0cb72dc2b23e3dac9,python,rq3g_python_041__c6,visual_only_trash,beautiful_trash,ugly_trash,beautiful_trash,False,False,False,0.0,-1.875,0.0,False,True
E5A_rq3_text_plus_image_internvl_retry2_20260730,OpenGVLab/InternVL3-8B,853e3a797a661694b1b8ece0cb72dc2b23e3dac9,python,rq3g_python_042__c1,visual_only_gold,golden,ugly_gold,golden,False,False,False,0.0625,1.3125,0.0625,True,False
E5A_rq3_text_plus_image_internvl_retry2_20260730,OpenGVLab/InternVL3-8B,853e3a797a661694b1b8ece0cb72dc2b23e3dac9,python,rq3g_python_042__c2,semantic_and_visual_aligned,golden,beautiful_trash,golden,True,True,False,4.375,0.625,4.375,True,False
E5A_rq3_text_plus_image_internvl_retry2_20260730,OpenGVLab/InternVL3-8B,853e3a797a661694b1b8ece0cb72dc2b23e3dac9,python,rq3g_python_042__c3,semantic_and_visual_aligned,golden,ugly_trash,golden,True,True,False,4.375,0.375,4.375,True,False
E5A_rq3_text_plus_image_internvl_retry2_20260730,OpenGVLab/InternVL3-8B,853e3a797a661694b1b8ece0cb72dc2b23e3dac9,python,rq3g_python_042__c4,semantic_visual_conflict_primary,ugly_gold,beautiful_trash,ugly_gold,True,True,False,4.6875,0.3125,4.6875,True,False
E5A_rq3_text_plus_image_internvl_retry2_20260730,OpenGVLab/InternVL3-8B,853e3a797a661694b1b8ece0cb72dc2b23e3dac9,python,rq3g_python_042__c5,semantic_only_under_ugly,ugly_gold,ugly_trash,ugly_gold,True,True,False,4.4375,0.5625,4.4375,True,False
E5A_rq3_text_plus_image_internvl_retry2_20260730,OpenGVLab/InternVL3-8B,853e3a797a661694b1b8ece0cb72dc2b23e3dac9,python,rq3g_python_042__c6,visual_only_trash,beautiful_trash,ugly_trash,beautiful_trash,False,False,False,-0.125,-1.25,-0.125,False,False
E5A_rq3_text_plus_image_internvl_retry2_20260730,OpenGVLab/InternVL3-8B,853e3a797a661694b1b8ece0cb72dc2b23e3dac9,python,rq3g_python_043__c1,visual_only_gold,golden,ugly_gold,golden,False,False,False,0.125,-0.5,0.125,True,False
E5A_rq3_text_plus_image_internvl_retry2_20260730,OpenGVLab/InternVL3-8B,853e3a797a661694b1b8ece0cb72dc2b23e3dac9,python,rq3g_python_043__c2,semantic_and_visual_aligned,golden,beautiful_trash,golden,True,True,False,3.75,1.0,3.75,True,False
E5A_rq3_text_plus_image_internvl_retry2_20260730,OpenGVLab/InternVL3-8B,853e3a797a661694b1b8ece0cb72dc2b23e3dac9,python,rq3g_python_043__c3,semantic_and_visual_aligned,golden,ugly_trash,golden,True,True,False,3.875,1.125,3.875,True,False
E5A_rq3_text_plus_image_internvl_retry2_20260730,OpenGVLab/InternVL3-8B,853e3a797a661694b1b8ece0cb72dc2b23e3dac9,python,rq3g_python_043__c4,semantic_visual_conflict_primary,ugly_gold,beautiful_trash,ugly_gold,True,True,False,4.0625,0.9375,4.0625,True,False
E5A_rq3_text_plus_image_internvl_retry2_20260730,OpenGVLab/InternVL3-8B,853e3a797a661694b1b8ece0cb72dc2b23e3dac9,python,rq3g_python_043__c5,semantic_only_under_ugly,ugly_gold,ugly_trash,ugly_gold,True,True,False,4.1875,1.0625,4.1875,True,False
E5A_rq3_text_plus_image_internvl_retry2_20260730,OpenGVLab/InternVL3-8B,853e3a797a661694b1b8ece0cb72dc2b23e3dac9,python,rq3g_python_043__c6,visual_only_trash,beautiful_trash,ugly_trash,beautiful_trash,False,False,False,0.0,-0.875,0.0,False,True
E5A_rq3_text_plus_image_internvl_retry2_20260730,OpenGVLab/InternVL3-8B,853e3a797a661694b1b8ece0cb72dc2b23e3dac9,python,rq3g_python_044__c1,visual_only_gold,golden,ugly_gold,golden,False,False,False,-0.0625,-0.3125,-0.0625,False,False
E5A_rq3_text_plus_image_internvl_retry2_20260730,OpenGVLab/InternVL3-8B,853e3a797a661694b1b8ece0cb72dc2b23e3dac9,python,rq3g_python_044__c2,semantic_and_visual_aligned,golden,beautiful_trash,golden,True,True,False,4.125,-1.25,4.125,True,False
E5A_rq3_text_plus_image_internvl_retry2_20260730,OpenGVLab/InternVL3-8B,853e3a797a661694b1b8ece0cb72dc2b23e3dac9,python,rq3g_python_044__c3,semantic_and_visual_aligned,golden,ugly_trash,golden,True,True,False,4.1875,-0.9375,4.1875,True,False
E5A_rq3_text_plus_image_internvl_retry2_20260730,OpenGVLab/InternVL3-8B,853e3a797a661694b1b8ece0cb72dc2b23e3dac9,python,rq3g_python_044__c4,semantic_visual_conflict_primary,ugly_gold,beautiful_trash,ugly_gold,True,True,False,4.125,-1.0,4.125,True,False
E5A_rq3_text_plus_image_internvl_retry2_20260730,OpenGVLab/InternVL3-8B,853e3a797a661694b1b8ece0cb72dc2b23e3dac9,python,rq3g_python_044__c5,semantic_only_under_ugly,ugly_gold,ugly_trash,ugly_gold,True,True,False,4.3125,-0.8125,4.3125,True,False
E5A_rq3_text_plus_image_internvl_retry2_20260730,OpenGVLab/InternVL3-8B,853e3a797a661694b1b8ece0cb72dc2b23e3dac9,python,rq3g_python_044__c6,visual_only_trash,beautiful_trash,ugly_trash,beautiful_trash,False,False,False,-0.125,-0.875,-0.125,False,False
E5A_rq3_text_plus_image_internvl_retry2_20260730,OpenGVLab/InternVL3-8B,853e3a797a661694b1b8ece0cb72dc2b23e3dac9,python,rq3g_python_045__c1,visual_only_gold,golden,ugly_gold,golden,False,False,False,0.125,0.75,0.125,True,False
E5A_rq3_text_plus_image_internvl_retry2_20260730,OpenGVLab/InternVL3-8B,853e3a797a661694b1b8ece0cb72dc2b23e3dac9,python,rq3g_python_045__c2,semantic_and_visual_aligned,golden,beautiful_trash,golden,True,True,False,4.5,0.0,4.5,True,False
E5A_rq3_text_plus_image_internvl_retry2_20260730,OpenGVLab/InternVL3-8B,853e3a797a661694b1b8ece0cb72dc2b23e3dac9,python,rq3g_python_045__c3,semantic_and_visual_aligned,golden,ugly_trash,golden,True,True,False,4.5625,0.3125,4.5625,True,False
E5A_rq3_text_plus_image_internvl_retry2_20260730,OpenGVLab/InternVL3-8B,853e3a797a661694b1b8ece0cb72dc2b23e3dac9,python,rq3g_python_045__c4,semantic_visual_conflict_primary,ugly_gold,beautiful_trash,ugly_gold,True,True,False,4.1875,-0.4375,4.1875,True,False
E5A_rq3_text_plus_image_internvl_retry2_20260730,OpenGVLab/InternVL3-8B,853e3a797a661694b1b8ece0cb72dc2b23e3dac9,python,rq3g_python_045__c5,semantic_only_under_ugly,ugly_gold,ugly_trash,ugly_gold,True,True,False,4.1875,-0.0625,4.1875,True,False
E5A_rq3_text_plus_image_internvl_retry2_20260730,OpenGVLab/InternVL3-8B,853e3a797a661694b1b8ece0cb72dc2b23e3dac9,python,rq3g_python_045__c6,visual_only_trash,beautiful_trash,ugly_trash,beautiful_trash,False,False,False,0.0,-1.875,0.0,False,True
E5A_rq3_text_plus_image_internvl_retry2_20260730,OpenGVLab/InternVL3-8B,853e3a797a661694b1b8ece0cb72dc2b23e3dac9,python,rq3g_python_046__c1,visual_only_gold,golden,ugly_gold,golden,False,False,False,0.125,0.25,0.125,True,False
E5A_rq3_text_plus_image_internvl_retry2_20260730,OpenGVLab/InternVL3-8B,853e3a797a661694b1b8ece0cb72dc2b23e3dac9,python,rq3g_python_046__c2,semantic_and_visual_aligned,golden,beautiful_trash,golden,True,True,False,4.375,-0.875,4.375,True,False
E5A_rq3_text_plus_image_internvl_retry2_20260730,OpenGVLab/InternVL3-8B,853e3a797a661694b1b8ece0cb72dc2b23e3dac9,python,rq3g_python_046__c3,semantic_and_visual_aligned,golden,ugly_trash,golden,True,True,False,4.375,-1.125,4.375,True,False
E5A_rq3_text_plus_image_internvl_retry2_20260730,OpenGVLab/InternVL3-8B,853e3a797a661694b1b8ece0cb72dc2b23e3dac9,python,rq3g_python_046__c4,semantic_visual_conflict_primary,ugly_gold,beautiful_trash,ugly_gold,True,True,False,4.75,-1.0,4.75,True,False
E5A_rq3_text_plus_image_internvl_retry2_20260730,OpenGVLab/InternVL3-8B,853e3a797a661694b1b8ece0cb72dc2b23e3dac9,python,rq3g_python_046__c5,semantic_only_under_ugly,ugly_gold,ugly_trash,ugly_gold,True,True,False,4.8125,-0.9375,4.8125,True,False
E5A_rq3_text_plus_image_internvl_retry2_20260730,OpenGVLab/InternVL3-8B,853e3a797a661694b1b8ece0cb72dc2b23e3dac9,python,rq3g_python_046__c6,visual_only_trash,beautiful_trash,ugly_trash,beautiful_trash,False,False,False,0.0,-1.375,0.0,False,True
E5A_rq3_text_plus_image_internvl_retry2_20260730,OpenGVLab/InternVL3-8B,853e3a797a661694b1b8ece0cb72dc2b23e3dac9,python,rq3g_python_047__c1,visual_only_gold,golden,ugly_gold,golden,False,False,False,0.125,0.25,0.125,True,False
E5A_rq3_text_plus_image_internvl_retry2_20260730,OpenGVLab/InternVL3-8B,853e3a797a661694b1b8ece0cb72dc2b23e3dac9,python,rq3g_python_047__c2,semantic_and_visual_aligned,golden,beautiful_trash,golden,True,True,False,4.8125,-1.0625,4.8125,True,False
E5A_rq3_text_plus_image_internvl_retry2_20260730,OpenGVLab/InternVL3-8B,853e3a797a661694b1b8ece0cb72dc2b23e3dac9,python,rq3g_python_047__c3,semantic_and_visual_aligned,golden,ugly_trash,golden,True,True,False,4.375,-0.875,4.375,True,False
E5A_rq3_text_plus_image_internvl_retry2_20260730,OpenGVLab/InternVL3-8B,853e3a797a661694b1b8ece0cb72dc2b23e3dac9,python,rq3g_python_047__c4,semantic_visual_conflict_primary,ugly_gold,beautiful_trash,ugly_gold,True,True,False,4.9375,-1.4375,4.9375,True,False
E5A_rq3_text_plus_image_internvl_retry2_20260730,OpenGVLab/InternVL3-8B,853e3a797a661694b1b8ece0cb72dc2b23e3dac9,python,rq3g_python_047__c5,semantic_only_under_ugly,ugly_gold,ugly_trash,ugly_gold,True,True,False,4.5,-1.375,4.5,True,False
E5A_rq3_text_plus_image_internvl_retry2_20260730,OpenGVLab/InternVL3-8B,853e3a797a661694b1b8ece0cb72dc2b23e3dac9,python,rq3g_python_047__c6,visual_only_trash,beautiful_trash,ugly_trash,beautiful_trash,False,False,False,0.3125,0.3125,0.3125,True,False
E5A_rq3_text_plus_image_internvl_retry2_20260730,OpenGVLab/InternVL3-8B,853e3a797a661694b1b8ece0cb72dc2b23e3dac9,python,rq3g_python_048__c1,visual_only_gold,golden,ugly_gold,golden,False,False,False,0.0,0.0,0.0,False,True
E5A_rq3_text_plus_image_internvl_retry2_20260730,OpenGVLab/InternVL3-8B,853e3a797a661694b1b8ece0cb72dc2b23e3dac9,python,rq3g_python_048__c2,semantic_and_visual_aligned,golden,beautiful_trash,golden,True,True,False,3.75,1.125,3.75,True,False
E5A_rq3_text_plus_image_internvl_retry2_20260730,OpenGVLab/InternVL3-8B,853e3a797a661694b1b8ece0cb72dc2b23e3dac9,python,rq3g_python_048__c3,semantic_and_visual_aligned,golden,ugly_trash,golden,True,True,False,4.25,1.0,4.25,True,False
E5A_rq3_text_plus_image_internvl_retry2_20260730,OpenGVLab/InternVL3-8B,853e3a797a661694b1b8ece0cb72dc2b23e3dac9,python,rq3g_python_048__c4,semantic_visual_conflict_primary,ugly_gold,beautiful_trash,ugly_gold,True,True,False,3.9375,0.9375,3.9375,True,False
E5A_rq3_text_plus_image_internvl_retry2_20260730,OpenGVLab/InternVL3-8B,853e3a797a661694b1b8ece0cb72dc2b23e3dac9,python,rq3g_python_048__c5,semantic_only_under_ugly,ugly_gold,ugly_trash,ugly_gold,True,True,False,3.9375,1.1875,3.9375,True,False
E5A_rq3_text_plus_image_internvl_retry2_20260730,OpenGVLab/InternVL3-8B,853e3a797a661694b1b8ece0cb72dc2b23e3dac9,python,rq3g_python_048__c6,visual_only_trash,beautiful_trash,ugly_trash,beautiful_trash,False,False,False,0.1875,1.3125,0.1875,True,False
E5A_rq3_text_plus_image_internvl_retry2_20260730,OpenGVLab/InternVL3-8B,853e3a797a661694b1b8ece0cb72dc2b23e3dac9,python,rq3g_python_049__c1,visual_only_gold,golden,ugly_gold,golden,True,True,False,0.3125,0.1875,0.3125,True,False
E5A_rq3_text_plus_image_internvl_retry2_20260730,OpenGVLab/InternVL3-8B,853e3a797a661694b1b8ece0cb72dc2b23e3dac9,python,rq3g_python_049__c2,semantic_and_visual_aligned,golden,beautiful_trash,golden,True,True,False,4.1875,0.5625,4.1875,True,False
E5A_rq3_text_plus_image_internvl_retry2_20260730,OpenGVLab/InternVL3-8B,853e3a797a661694b1b8ece0cb72dc2b23e3dac9,python,rq3g_python_049__c3,semantic_and_visual_aligned,golden,ugly_trash,golden,True,True,False,3.9375,0.9375,3.9375,True,False
E5A_rq3_text_plus_image_internvl_retry2_20260730,OpenGVLab/InternVL3-8B,853e3a797a661694b1b8ece0cb72dc2b23e3dac9,python,rq3g_python_049__c4,semantic_visual_conflict_primary,ugly_gold,beautiful_trash,ugly_gold,True,True,False,4.25,0.375,4.25,True,False
E5A_rq3_text_plus_image_internvl_retry2_20260730,OpenGVLab/InternVL3-8B,853e3a797a661694b1b8ece0cb72dc2b23e3dac9,python,rq3g_python_049__c5,semantic_only_under_ugly,ugly_gold,ugly_trash,ugly_gold,True,True,False,4.25,0.625,4.25,True,False
E5A_rq3_text_plus_image_internvl_retry2_20260730,OpenGVLab/InternVL3-8B,853e3a797a661694b1b8ece0cb72dc2b23e3dac9,python,rq3g_python_049__c6,visual_only_trash,beautiful_trash,ugly_trash,beautiful_trash,False,False,False,0.0625,-1.5625,0.0625,True,False
E5A_rq3_text_plus_image_internvl_retry2_20260730,OpenGVLab/InternVL3-8B,853e3a797a661694b1b8ece0cb72dc2b23e3dac9,python,rq3g_python_050__c1,visual_only_gold,golden,ugly_gold,golden,False,False,False,-0.0625,-0.3125,-0.0625,False,False
E5A_rq3_text_plus_image_internvl_retry2_20260730,OpenGVLab/InternVL3-8B,853e3a797a661694b1b8ece0cb72dc2b23e3dac9,python,rq3g_python_050__c2,semantic_and_visual_aligned,golden,beautiful_trash,golden,True,True,False,2.625,0.125,2.625,True,False
E5A_rq3_text_plus_image_internvl_retry2_20260730,OpenGVLab/InternVL3-8B,853e3a797a661694b1b8ece0cb72dc2b23e3dac9,python,rq3g_python_050__c3,semantic_and_visual_aligned,golden,ugly_trash,golden,True,True,False,2.6875,0.0625,2.6875,True,False
E5A_rq3_text_plus_image_internvl_retry2_20260730,OpenGVLab/InternVL3-8B,853e3a797a661694b1b8ece0cb72dc2b23e3dac9,python,rq3g_python_050__c4,semantic_visual_conflict_primary,ugly_gold,beautiful_trash,ugly_gold,True,True,False,2.75,-0.25,2.75,True,False
E5A_rq3_text_plus_image_internvl_retry2_20260730,OpenGVLab/InternVL3-8B,853e3a797a661694b1b8ece0cb72dc2b23e3dac9,python,rq3g_python_050__c5,semantic_only_under_ugly,ugly_gold,ugly_trash,ugly_gold,True,True,False,2.6875,-0.0625,2.6875,True,False
E5A_rq3_text_plus_image_internvl_retry2_20260730,OpenGVLab/InternVL3-8B,853e3a797a661694b1b8ece0cb72dc2b23e3dac9,python,rq3g_python_050__c6,visual_only_trash,beautiful_trash,ugly_trash,beautiful_trash,False,False,False,0.25,-0.5,0.25,True,False
E5A_rq3_text_plus_image_internvl_retry2_20260730,OpenGVLab/InternVL3-8B,853e3a797a661694b1b8ece0cb72dc2b23e3dac9,python,rq3g_python_051__c1,visual_only_gold,golden,ugly_gold,golden,False,False,False,0.0625,3.8125,0.0625,True,False
E5A_rq3_text_plus_image_internvl_retry2_20260730,OpenGVLab/InternVL3-8B,853e3a797a661694b1b8ece0cb72dc2b23e3dac9,python,rq3g_python_051__c2,semantic_and_visual_aligned,golden,beautiful_trash,golden,True,True,False,4.625,-0.5,4.625,True,False
E5A_rq3_text_plus_image_internvl_retry2_20260730,OpenGVLab/InternVL3-8B,853e3a797a661694b1b8ece0cb72dc2b23e3dac9,python,rq3g_python_051__c3,semantic_and_visual_aligned,golden,ugly_trash,golden,True,True,False,4.6875,-0.1875,4.6875,True,False
E5A_rq3_text_plus_image_internvl_retry2_20260730,OpenGVLab/InternVL3-8B,853e3a797a661694b1b8ece0cb72dc2b23e3dac9,python,rq3g_python_051__c4,semantic_visual_conflict_primary,ugly_gold,beautiful_trash,ugly_gold,True,True,False,4.75,-0.625,4.75,True,False
E5A_rq3_text_plus_image_internvl_retry2_20260730,OpenGVLab/InternVL3-8B,853e3a797a661694b1b8ece0cb72dc2b23e3dac9,python,rq3g_python_051__c5,semantic_only_under_ugly,ugly_gold,ugly_trash,ugly_gold,True,True,False,4.8125,-0.5625,4.8125,True,False
E5A_rq3_text_plus_image_internvl_retry2_20260730,OpenGVLab/InternVL3-8B,853e3a797a661694b1b8ece0cb72dc2b23e3dac9,python,rq3g_python_051__c6,visual_only_trash,beautiful_trash,ugly_trash,beautiful_trash,False,False,False,0.1875,-1.0625,0.1875,True,False
E5A_rq3_text_plus_image_internvl_retry2_20260730,OpenGVLab/InternVL3-8B,853e3a797a661694b1b8ece0cb72dc2b23e3dac9,python,rq3g_python_052__c1,visual_only_gold,golden,ugly_gold,golden,False,False,False,0.0625,0.5625,0.0625,True,False
E5A_rq3_text_plus_image_internvl_retry2_20260730,OpenGVLab/InternVL3-8B,853e3a797a661694b1b8ece0cb72dc2b23e3dac9,python,rq3g_python_052__c2,semantic_and_visual_aligned,golden,beautiful_trash,golden,True,True,False,4.0,0.875,4.0,True,False
E5A_rq3_text_plus_image_internvl_retry2_20260730,OpenGVLab/InternVL3-8B,853e3a797a661694b1b8ece0cb72dc2b23e3dac9,python,rq3g_python_052__c3,semantic_and_visual_aligned,golden,ugly_trash,golden,True,True,False,4.0,0.625,4.0,True,False
E5A_rq3_text_plus_image_internvl_retry2_20260730,OpenGVLab/InternVL3-8B,853e3a797a661694b1b8ece0cb72dc2b23e3dac9,python,rq3g_python_052__c4,semantic_visual_conflict_primary,ugly_gold,beautiful_trash,ugly_gold,True,True,False,3.6875,0.8125,3.6875,True,False
E5A_rq3_text_plus_image_internvl_retry2_20260730,OpenGVLab/InternVL3-8B,853e3a797a661694b1b8ece0cb72dc2b23e3dac9,python,rq3g_python_052__c5,semantic_only_under_ugly,ugly_gold,ugly_trash,ugly_gold,True,True,False,4.0625,0.6875,4.0625,True,False
E5A_rq3_text_plus_image_internvl_retry2_20260730,OpenGVLab/InternVL3-8B,853e3a797a661694b1b8ece0cb72dc2b23e3dac9,python,rq3g_python_052__c6,visual_only_trash,beautiful_trash,ugly_trash,beautiful_trash,False,False,False,-0.125,-1.375,-0.125,False,False
E5A_rq3_text_plus_image_internvl_retry2_20260730,OpenGVLab/InternVL3-8B,853e3a797a661694b1b8ece0cb72dc2b23e3dac9,python,rq3g_python_053__c1,visual_only_gold,golden,ugly_gold,golden,True,False,False,-0.0625,-0.0625,-0.0625,False,False
E5A_rq3_text_plus_image_internvl_retry2_20260730,OpenGVLab/InternVL3-8B,853e3a797a661694b1b8ece0cb72dc2b23e3dac9,python,rq3g_python_053__c2,semantic_and_visual_aligned,golden,beautiful_trash,golden,True,True,False,4.0625,-1.0625,4.0625,True,False
E5A_rq3_text_plus_image_internvl_retry2_20260730,OpenGVLab/InternVL3-8B,853e3a797a661694b1b8ece0cb72dc2b23e3dac9,python,rq3g_python_053__c3,semantic_and_visual_aligned,golden,ugly_trash,golden,True,True,False,4.125,-1.25,4.125,True,False
E5A_rq3_text_plus_image_internvl_retry2_20260730,OpenGVLab/InternVL3-8B,853e3a797a661694b1b8ece0cb72dc2b23e3dac9,python,rq3g_python_053__c4,semantic_visual_conflict_primary,ugly_gold,beautiful_trash,ugly_gold,True,True,False,3.9375,-1.3125,3.9375,True,False
E5A_rq3_text_plus_image_internvl_retry2_20260730,OpenGVLab/InternVL3-8B,853e3a797a661694b1b8ece0cb72dc2b23e3dac9,python,rq3g_python_053__c5,semantic_only_under_ugly,ugly_gold,ugly_trash,ugly_gold,True,True,False,4.0,-1.375,4.0,True,False
E5A_rq3_text_plus_image_internvl_retry2_20260730,OpenGVLab/InternVL3-8B,853e3a797a661694b1b8ece0cb72dc2b23e3dac9,python,rq3g_python_053__c6,visual_only_trash,beautiful_trash,ugly_trash,beautiful_trash,False,False,False,0.125,0.625,0.125,True,False
E5A_rq3_text_plus_image_internvl_retry2_20260730,OpenGVLab/InternVL3-8B,853e3a797a661694b1b8ece0cb72dc2b23e3dac9,python,rq3g_python_054__c1,visual_only_gold,golden,ugly_gold,golden,False,False,False,0.0625,1.4375,0.0625,True,False
E5A_rq3_text_plus_image_internvl_retry2_20260730,OpenGVLab/InternVL3-8B,853e3a797a661694b1b8ece0cb72dc2b23e3dac9,python,rq3g_python_054__c2,semantic_and_visual_aligned,golden,beautiful_trash,golden,True,True,False,4.375,0.0,4.375,True,False
E5A_rq3_text_plus_image_internvl_retry2_20260730,OpenGVLab/InternVL3-8B,853e3a797a661694b1b8ece0cb72dc2b23e3dac9,python,rq3g_python_054__c3,semantic_and_visual_aligned,golden,ugly_trash,golden,True,True,False,4.0,0.125,4.0,True,False
E5A_rq3_text_plus_image_internvl_retry2_20260730,OpenGVLab/InternVL3-8B,853e3a797a661694b1b8ece0cb72dc2b23e3dac9,python,rq3g_python_054__c4,semantic_visual_conflict_primary,ugly_gold,beautiful_trash,ugly_gold,True,True,False,4.3125,0.1875,4.3125,True,False
E5A_rq3_text_plus_image_internvl_retry2_20260730,OpenGVLab/InternVL3-8B,853e3a797a661694b1b8ece0cb72dc2b23e3dac9,python,rq3g_python_054__c5,semantic_only_under_ugly,ugly_gold,ugly_trash,ugly_gold,True,True,False,3.9375,0.1875,3.9375,True,False
E5A_rq3_text_plus_image_internvl_retry2_20260730,OpenGVLab/InternVL3-8B,853e3a797a661694b1b8ece0cb72dc2b23e3dac9,python,rq3g_python_054__c6,visual_only_trash,beautiful_trash,ugly_trash,beautiful_trash,False,False,False,0.3125,1.1875,0.3125,True,False
E5A_rq3_text_plus_image_internvl_retry2_20260730,OpenGVLab/InternVL3-8B,853e3a797a661694b1b8ece0cb72dc2b23e3dac9,python,rq3g_python_055__c1,visual_only_gold,golden,ugly_gold,golden,False,False,False,0.0,2.125,0.0,False,True
E5A_rq3_text_plus_image_internvl_retry2_20260730,OpenGVLab/InternVL3-8B,853e3a797a661694b1b8ece0cb72dc2b23e3dac9,python,rq3g_python_055__c2,semantic_and_visual_aligned,golden,beautiful_trash,golden,True,True,False,5.3125,0.1875,5.3125,True,False
E5A_rq3_text_plus_image_internvl_retry2_20260730,OpenGVLab/InternVL3-8B,853e3a797a661694b1b8ece0cb72dc2b23e3dac9,python,rq3g_python_055__c3,semantic_and_visual_aligned,golden,ugly_trash,golden,True,True,False,5.5,0.125,5.5,True,False
E5A_rq3_text_plus_image_internvl_retry2_20260730,OpenGVLab/InternVL3-8B,853e3a797a661694b1b8ece0cb72dc2b23e3dac9,python,rq3g_python_055__c4,semantic_visual_conflict_primary,ugly_gold,beautiful_trash,ugly_gold,True,True,False,5.3125,0.1875,5.3125,True,False
E5A_rq3_text_plus_image_internvl_retry2_20260730,OpenGVLab/InternVL3-8B,853e3a797a661694b1b8ece0cb72dc2b23e3dac9,python,rq3g_python_055__c5,semantic_only_under_ugly,ugly_gold,ugly_trash,ugly_gold,True,True,False,5.3125,0.1875,5.3125,True,False
E5A_rq3_text_plus_image_internvl_retry2_20260730,OpenGVLab/InternVL3-8B,853e3a797a661694b1b8ece0cb72dc2b23e3dac9,python,rq3g_python_055__c6,visual_only_trash,beautiful_trash,ugly_trash,beautiful_trash,False,False,False,0.0,-0.375,0.0,False,True
E5A_rq3_text_plus_image_internvl_retry2_20260730,OpenGVLab/InternVL3-8B,853e3a797a661694b1b8ece0cb72dc2b23e3dac9,python,rq3g_python_056__c1,visual_only_gold,golden,ugly_gold,golden,False,False,False,0.1875,0.8125,0.1875,True,False
E5A_rq3_text_plus_image_internvl_retry2_20260730,OpenGVLab/InternVL3-8B,853e3a797a661694b1b8ece0cb72dc2b23e3dac9,python,rq3g_python_056__c2,semantic_and_visual_aligned,golden,beautiful_trash,golden,True,True,False,3.5625,0.5625,3.5625,True,False
E5A_rq3_text_plus_image_internvl_retry2_20260730,OpenGVLab/InternVL3-8B,853e3a797a661694b1b8ece0cb72dc2b23e3dac9,python,rq3g_python_056__c3,semantic_and_visual_aligned,golden,ugly_trash,golden,True,True,False,3.3125,0.4375,3.3125,True,False
E5A_rq3_text_plus_image_internvl_retry2_20260730,OpenGVLab/InternVL3-8B,853e3a797a661694b1b8ece0cb72dc2b23e3dac9,python,rq3g_python_056__c4,semantic_visual_conflict_primary,ugly_gold,beautiful_trash,ugly_gold,True,True,False,3.5625,0.4375,3.5625,True,False
E5A_rq3_text_plus_image_internvl_retry2_20260730,OpenGVLab/InternVL3-8B,853e3a797a661694b1b8ece0cb72dc2b23e3dac9,python,rq3g_python_056__c5,semantic_only_under_ugly,ugly_gold,ugly_trash,ugly_gold,True,True,False,3.4375,0.4375,3.4375,True,False
E5A_rq3_text_plus_image_internvl_retry2_20260730,OpenGVLab/InternVL3-8B,853e3a797a661694b1b8ece0cb72dc2b23e3dac9,python,rq3g_python_056__c6,visual_only_trash,beautiful_trash,ugly_trash,beautiful_trash,False,False,False,-0.125,-0.625,-0.125,False,False
E5A_rq3_text_plus_image_internvl_retry2_20260730,OpenGVLab/InternVL3-8B,853e3a797a661694b1b8ece0cb72dc2b23e3dac9,python,rq3g_python_057__c1,visual_only_gold,golden,ugly_gold,golden,False,False,False,0.125,1.75,0.125,True,False
E5A_rq3_text_plus_image_internvl_retry2_20260730,OpenGVLab/InternVL3-8B,853e3a797a661694b1b8ece0cb72dc2b23e3dac9,python,rq3g_python_057__c2,semantic_and_visual_aligned,golden,beautiful_trash,golden,True,True,False,4.5,-0.375,4.5,True,False
E5A_rq3_text_plus_image_internvl_retry2_20260730,OpenGVLab/InternVL3-8B,853e3a797a661694b1b8ece0cb72dc2b23e3dac9,python,rq3g_python_057__c3,semantic_and_visual_aligned,golden,ugly_trash,golden,True,True,False,4.3125,0.0625,4.3125,True,False
E5A_rq3_text_plus_image_internvl_retry2_20260730,OpenGVLab/InternVL3-8B,853e3a797a661694b1b8ece0cb72dc2b23e3dac9,python,rq3g_python_057__c4,semantic_visual_conflict_primary,ugly_gold,beautiful_trash,ugly_gold,True,True,False,4.4375,-0.1875,4.4375,True,False
E5A_rq3_text_plus_image_internvl_retry2_20260730,OpenGVLab/InternVL3-8B,853e3a797a661694b1b8ece0cb72dc2b23e3dac9,python,rq3g_python_057__c5,semantic_only_under_ugly,ugly_gold,ugly_trash,ugly_gold,True,True,False,4.3125,-0.1875,4.3125,True,False
E5A_rq3_text_plus_image_internvl_retry2_20260730,OpenGVLab/InternVL3-8B,853e3a797a661694b1b8ece0cb72dc2b23e3dac9,python,rq3g_python_057__c6,visual_only_trash,beautiful_trash,ugly_trash,beautiful_trash,False,False,False,0.0625,-1.6875,0.0625,True,False
E5A_rq3_text_plus_image_internvl_retry2_20260730,OpenGVLab/InternVL3-8B,853e3a797a661694b1b8ece0cb72dc2b23e3dac9,python,rq3g_python_058__c1,visual_only_gold,golden,ugly_gold,golden,False,False,False,0.125,1.0,0.125,True,False
E5A_rq3_text_plus_image_internvl_retry2_20260730,OpenGVLab/InternVL3-8B,853e3a797a661694b1b8ece0cb72dc2b23e3dac9,python,rq3g_python_058__c2,semantic_and_visual_aligned,golden,beautiful_trash,golden,True,True,False,5.4375,0.5625,5.4375,True,False
E5A_rq3_text_plus_image_internvl_retry2_20260730,OpenGVLab/InternVL3-8B,853e3a797a661694b1b8ece0cb72dc2b23e3dac9,python,rq3g_python_058__c3,semantic_and_visual_aligned,golden,ugly_trash,golden,True,True,False,5.375,0.75,5.375,True,False
E5A_rq3_text_plus_image_internvl_retry2_20260730,OpenGVLab/InternVL3-8B,853e3a797a661694b1b8ece0cb72dc2b23e3dac9,python,rq3g_python_058__c4,semantic_visual_conflict_primary,ugly_gold,beautiful_trash,ugly_gold,True,True,False,5.625,0.625,5.625,True,False
E5A_rq3_text_plus_image_internvl_retry2_20260730,OpenGVLab/InternVL3-8B,853e3a797a661694b1b8ece0cb72dc2b23e3dac9,python,rq3g_python_058__c5,semantic_only_under_ugly,ugly_gold,ugly_trash,ugly_gold,True,True,False,5.5625,0.9375,5.5625,True,False
E5A_rq3_text_plus_image_internvl_retry2_20260730,OpenGVLab/InternVL3-8B,853e3a797a661694b1b8ece0cb72dc2b23e3dac9,python,rq3g_python_058__c6,visual_only_trash,beautiful_trash,ugly_trash,beautiful_trash,False,False,False,0.0,-1.125,0.0,False,True
E5A_rq3_text_plus_image_internvl_retry2_20260730,OpenGVLab/InternVL3-8B,853e3a797a661694b1b8ece0cb72dc2b23e3dac9,python,rq3g_python_059__c1,visual_only_gold,golden,ugly_gold,golden,False,False,False,0.0,-0.25,0.0,False,True
E5A_rq3_text_plus_image_internvl_retry2_20260730,OpenGVLab/InternVL3-8B,853e3a797a661694b1b8ece0cb72dc2b23e3dac9,python,rq3g_python_059__c2,semantic_and_visual_aligned,golden,beautiful_trash,golden,True,True,False,3.25,-0.625,3.25,True,False
E5A_rq3_text_plus_image_internvl_retry2_20260730,OpenGVLab/InternVL3-8B,853e3a797a661694b1b8ece0cb72dc2b23e3dac9,python,rq3g_python_059__c3,semantic_and_visual_aligned,golden,ugly_trash,golden,True,True,False,3.1875,-0.6875,3.1875,True,False
E5A_rq3_text_plus_image_internvl_retry2_20260730,OpenGVLab/InternVL3-8B,853e3a797a661694b1b8ece0cb72dc2b23e3dac9,python,rq3g_python_059__c4,semantic_visual_conflict_primary,ugly_gold,beautiful_trash,ugly_gold,True,True,False,3.125,-0.75,3.125,True,False
E5A_rq3_text_plus_image_internvl_retry2_20260730,OpenGVLab/InternVL3-8B,853e3a797a661694b1b8ece0cb72dc2b23e3dac9,python,rq3g_python_059__c5,semantic_only_under_ugly,ugly_gold,ugly_trash,ugly_gold,True,True,False,3.25,-0.75,3.25,True,False
E5A_rq3_text_plus_image_internvl_retry2_20260730,OpenGVLab/InternVL3-8B,853e3a797a661694b1b8ece0cb72dc2b23e3dac9,python,rq3g_python_059__c6,visual_only_trash,beautiful_trash,ugly_trash,beautiful_trash,False,False,False,0.0625,-0.9375,0.0625,True,False
E5A_rq3_text_plus_image_internvl_retry2_20260730,OpenGVLab/InternVL3-8B,853e3a797a661694b1b8ece0cb72dc2b23e3dac9,python,rq3g_python_060__c1,visual_only_gold,golden,ugly_gold,golden,False,False,False,-0.125,0.625,-0.125,False,False
E5A_rq3_text_plus_image_internvl_retry2_20260730,OpenGVLab/InternVL3-8B,853e3a797a661694b1b8ece0cb72dc2b23e3dac9,python,rq3g_python_060__c2,semantic_and_visual_aligned,golden,beautiful_trash,golden,True,True,False,3.3125,-0.1875,3.3125,True,False
E5A_rq3_text_plus_image_internvl_retry2_20260730,OpenGVLab/InternVL3-8B,853e3a797a661694b1b8ece0cb72dc2b23e3dac9,python,rq3g_python_060__c3,semantic_and_visual_aligned,golden,ugly_trash,golden,True,True,False,3.3125,-0.3125,3.3125,True,False
E5A_rq3_text_plus_image_internvl_retry2_20260730,OpenGVLab/InternVL3-8B,853e3a797a661694b1b8ece0cb72dc2b23e3dac9,python,rq3g_python_060__c4,semantic_visual_conflict_primary,ugly_gold,beautiful_trash,ugly_gold,True,True,False,3.1875,-0.4375,3.1875,True,False
E5A_rq3_text_plus_image_internvl_retry2_20260730,OpenGVLab/InternVL3-8B,853e3a797a661694b1b8ece0cb72dc2b23e3dac9,python,rq3g_python_060__c5,semantic_only_under_ugly,ugly_gold,ugly_trash,ugly_gold,True,True,False,3.3125,-0.1875,3.3125,True,False
E5A_rq3_text_plus_image_internvl_retry2_20260730,OpenGVLab/InternVL3-8B,853e3a797a661694b1b8ece0cb72dc2b23e3dac9,python,rq3g_python_060__c6,visual_only_trash,beautiful_trash,ugly_trash,beautiful_trash,False,False,False,0.0,-1.125,0.0,False,True
E5A_rq3_text_plus_image_internvl_retry2_20260730,OpenGVLab/InternVL3-8B,853e3a797a661694b1b8ece0cb72dc2b23e3dac9,python,rq3g_python_061__c1,visual_only_gold,golden,ugly_gold,golden,False,False,False,0.125,1.0,0.125,True,False
E5A_rq3_text_plus_image_internvl_retry2_20260730,OpenGVLab/InternVL3-8B,853e3a797a661694b1b8ece0cb72dc2b23e3dac9,python,rq3g_python_061__c2,semantic_and_visual_aligned,golden,beautiful_trash,golden,True,True,False,3.8125,0.1875,3.8125,True,False
E5A_rq3_text_plus_image_internvl_retry2_20260730,OpenGVLab/InternVL3-8B,853e3a797a661694b1b8ece0cb72dc2b23e3dac9,python,rq3g_python_061__c3,semantic_and_visual_aligned,golden,ugly_trash,golden,True,True,False,4.0625,0.1875,4.0625,True,False
E5A_rq3_text_plus_image_internvl_retry2_20260730,OpenGVLab/InternVL3-8B,853e3a797a661694b1b8ece0cb72dc2b23e3dac9,python,rq3g_python_061__c4,semantic_visual_conflict_primary,ugly_gold,beautiful_trash,ugly_gold,True,True,False,3.625,-0.125,3.625,True,False
E5A_rq3_text_plus_image_internvl_retry2_20260730,OpenGVLab/InternVL3-8B,853e3a797a661694b1b8ece0cb72dc2b23e3dac9,python,rq3g_python_061__c5,semantic_only_under_ugly,ugly_gold,ugly_trash,ugly_gold,True,True,False,3.75,0.125,3.75,True,False
E5A_rq3_text_plus_image_internvl_retry2_20260730,OpenGVLab/InternVL3-8B,853e3a797a661694b1b8ece0cb72dc2b23e3dac9,python,rq3g_python_061__c6,visual_only_trash,beautiful_trash,ugly_trash,beautiful_trash,False,False,False,0.1875,-0.5625,0.1875,True,False
E5A_rq3_text_plus_image_internvl_retry2_20260730,OpenGVLab/InternVL3-8B,853e3a797a661694b1b8ece0cb72dc2b23e3dac9,python,rq3g_python_062__c1,visual_only_gold,golden,ugly_gold,golden,False,False,False,-0.125,1.25,-0.125,False,False
E5A_rq3_text_plus_image_internvl_retry2_20260730,OpenGVLab/InternVL3-8B,853e3a797a661694b1b8ece0cb72dc2b23e3dac9,python,rq3g_python_062__c2,semantic_and_visual_aligned,golden,beautiful_trash,golden,True,True,False,4.375,0.0,4.375,True,False
E5A_rq3_text_plus_image_internvl_retry2_20260730,OpenGVLab/InternVL3-8B,853e3a797a661694b1b8ece0cb72dc2b23e3dac9,python,rq3g_python_062__c3,semantic_and_visual_aligned,golden,ugly_trash,golden,True,True,False,5.125,0.0,5.125,True,False
E5A_rq3_text_plus_image_internvl_retry2_20260730,OpenGVLab/InternVL3-8B,853e3a797a661694b1b8ece0cb72dc2b23e3dac9,python,rq3g_python_062__c4,semantic_visual_conflict_primary,ugly_gold,beautiful_trash,ugly_gold,True,True,False,4.0625,-0.0625,4.0625,True,False
E5A_rq3_text_plus_image_internvl_retry2_20260730,OpenGVLab/InternVL3-8B,853e3a797a661694b1b8ece0cb72dc2b23e3dac9,python,rq3g_python_062__c5,semantic_only_under_ugly,ugly_gold,ugly_trash,ugly_gold,True,True,False,4.6875,-0.1875,4.6875,True,False
E5A_rq3_text_plus_image_internvl_retry2_20260730,OpenGVLab/InternVL3-8B,853e3a797a661694b1b8ece0cb72dc2b23e3dac9,python,rq3g_python_062__c6,visual_only_trash,beautiful_trash,ugly_trash,beautiful_trash,False,False,False,0.3125,-1.4375,0.3125,True,False
E5A_rq3_text_plus_image_internvl_retry2_20260730,OpenGVLab/InternVL3-8B,853e3a797a661694b1b8ece0cb72dc2b23e3dac9,python,rq3g_python_063__c1,visual_only_gold,golden,ugly_gold,golden,False,False,False,0.25,0.625,0.25,True,False
E5A_rq3_text_plus_image_internvl_retry2_20260730,OpenGVLab/InternVL3-8B,853e3a797a661694b1b8ece0cb72dc2b23e3dac9,python,rq3g_python_063__c2,semantic_and_visual_aligned,golden,beautiful_trash,golden,True,True,False,3.875,0.5,3.875,True,False
E5A_rq3_text_plus_image_internvl_retry2_20260730,OpenGVLab/InternVL3-8B,853e3a797a661694b1b8ece0cb72dc2b23e3dac9,python,rq3g_python_063__c3,semantic_and_visual_aligned,golden,ugly_trash,golden,True,True,False,3.9375,0.6875,3.9375,True,False
E5A_rq3_text_plus_image_internvl_retry2_20260730,OpenGVLab/InternVL3-8B,853e3a797a661694b1b8ece0cb72dc2b23e3dac9,python,rq3g_python_063__c4,semantic_visual_conflict_primary,ugly_gold,beautiful_trash,ugly_gold,True,True,False,3.5,0.375,3.5,True,False
E5A_rq3_text_plus_image_internvl_retry2_20260730,OpenGVLab/InternVL3-8B,853e3a797a661694b1b8ece0cb72dc2b23e3dac9,python,rq3g_python_063__c5,semantic_only_under_ugly,ugly_gold,ugly_trash,ugly_gold,True,True,False,3.625,0.5,3.625,True,False
E5A_rq3_text_plus_image_internvl_retry2_20260730,OpenGVLab/InternVL3-8B,853e3a797a661694b1b8ece0cb72dc2b23e3dac9,python,rq3g_python_063__c6,visual_only_trash,beautiful_trash,ugly_trash,beautiful_trash,False,False,False,-0.0625,-0.4375,-0.0625,False,False
E5A_rq3_text_plus_image_internvl_retry2_20260730,OpenGVLab/InternVL3-8B,853e3a797a661694b1b8ece0cb72dc2b23e3dac9,python,rq3g_python_064__c1,visual_only_gold,golden,ugly_gold,golden,False,False,False,0.125,0.75,0.125,True,False
E5A_rq3_text_plus_image_internvl_retry2_20260730,OpenGVLab/InternVL3-8B,853e3a797a661694b1b8ece0cb72dc2b23e3dac9,python,rq3g_python_064__c2,semantic_and_visual_aligned,golden,beautiful_trash,golden,True,True,False,5.25,0.0,5.25,True,False
E5A_rq3_text_plus_image_internvl_retry2_20260730,OpenGVLab/InternVL3-8B,853e3a797a661694b1b8ece0cb72dc2b23e3dac9,python,rq3g_python_064__c3,semantic_and_visual_aligned,golden,ugly_trash,golden,True,True,False,5.0625,-0.0625,5.0625,True,False
E5A_rq3_text_plus_image_internvl_retry2_20260730,OpenGVLab/InternVL3-8B,853e3a797a661694b1b8ece0cb72dc2b23e3dac9,python,rq3g_python_064__c4,semantic_visual_conflict_primary,ugly_gold,beautiful_trash,ugly_gold,True,True,False,5.1875,-0.1875,5.1875,True,False
E5A_rq3_text_plus_image_internvl_retry2_20260730,OpenGVLab/InternVL3-8B,853e3a797a661694b1b8ece0cb72dc2b23e3dac9,python,rq3g_python_064__c5,semantic_only_under_ugly,ugly_gold,ugly_trash,ugly_gold,True,True,False,4.875,-0.125,4.875,True,False
E5A_rq3_text_plus_image_internvl_retry2_20260730,OpenGVLab/InternVL3-8B,853e3a797a661694b1b8ece0cb72dc2b23e3dac9,python,rq3g_python_064__c6,visual_only_trash,beautiful_trash,ugly_trash,beautiful_trash,False,False,False,-0.0625,-0.5625,-0.0625,False,False
E5A_rq3_text_plus_image_internvl_retry2_20260730,OpenGVLab/InternVL3-8B,853e3a797a661694b1b8ece0cb72dc2b23e3dac9,python,rq3g_python_065__c1,visual_only_gold,golden,ugly_gold,golden,False,False,False,0.0,0.375,0.0,False,True
E5A_rq3_text_plus_image_internvl_retry2_20260730,OpenGVLab/InternVL3-8B,853e3a797a661694b1b8ece0cb72dc2b23e3dac9,python,rq3g_python_065__c2,semantic_and_visual_aligned,golden,beautiful_trash,golden,True,True,False,3.3125,0.1875,3.3125,True,False
E5A_rq3_text_plus_image_internvl_retry2_20260730,OpenGVLab/InternVL3-8B,853e3a797a661694b1b8ece0cb72dc2b23e3dac9,python,rq3g_python_065__c3,semantic_and_visual_aligned,golden,ugly_trash,golden,True,True,False,3.75,0.25,3.75,True,False
E5A_rq3_text_plus_image_internvl_retry2_20260730,OpenGVLab/InternVL3-8B,853e3a797a661694b1b8ece0cb72dc2b23e3dac9,python,rq3g_python_065__c4,semantic_visual_conflict_primary,ugly_gold,beautiful_trash,ugly_gold,True,True,False,3.375,0.125,3.375,True,False
E5A_rq3_text_plus_image_internvl_retry2_20260730,OpenGVLab/InternVL3-8B,853e3a797a661694b1b8ece0cb72dc2b23e3dac9,python,rq3g_python_065__c5,semantic_only_under_ugly,ugly_gold,ugly_trash,ugly_gold,True,True,False,3.4375,0.1875,3.4375,True,False
E5A_rq3_text_plus_image_internvl_retry2_20260730,OpenGVLab/InternVL3-8B,853e3a797a661694b1b8ece0cb72dc2b23e3dac9,python,rq3g_python_065__c6,visual_only_trash,beautiful_trash,ugly_trash,beautiful_trash,False,False,False,0.125,-1.5,0.125,True,False
E5A_rq3_text_plus_image_internvl_retry2_20260730,OpenGVLab/InternVL3-8B,853e3a797a661694b1b8ece0cb72dc2b23e3dac9,python,rq3g_python_066__c1,visual_only_gold,golden,ugly_gold,golden,False,False,False,-0.125,0.5,-0.125,False,False
E5A_rq3_text_plus_image_internvl_retry2_20260730,OpenGVLab/InternVL3-8B,853e3a797a661694b1b8ece0cb72dc2b23e3dac9,python,rq3g_python_066__c2,semantic_and_visual_aligned,golden,beautiful_trash,golden,True,True,False,4.625,0.0,4.625,True,False
E5A_rq3_text_plus_image_internvl_retry2_20260730,OpenGVLab/InternVL3-8B,853e3a797a661694b1b8ece0cb72dc2b23e3dac9,python,rq3g_python_066__c3,semantic_and_visual_aligned,golden,ugly_trash,golden,True,True,False,4.75,0.0,4.75,True,False
E5A_rq3_text_plus_image_internvl_retry2_20260730,OpenGVLab/InternVL3-8B,853e3a797a661694b1b8ece0cb72dc2b23e3dac9,python,rq3g_python_066__c4,semantic_visual_conflict_primary,ugly_gold,beautiful_trash,ugly_gold,True,True,False,4.5625,-0.1875,4.5625,True,False
E5A_rq3_text_plus_image_internvl_retry2_20260730,OpenGVLab/InternVL3-8B,853e3a797a661694b1b8ece0cb72dc2b23e3dac9,python,rq3g_python_066__c5,semantic_only_under_ugly,ugly_gold,ugly_trash,ugly_gold,True,True,False,4.75,-0.25,4.75,True,False
E5A_rq3_text_plus_image_internvl_retry2_20260730,OpenGVLab/InternVL3-8B,853e3a797a661694b1b8ece0cb72dc2b23e3dac9,python,rq3g_python_066__c6,visual_only_trash,beautiful_trash,ugly_trash,beautiful_trash,False,False,False,0.0625,-1.5625,0.0625,True,False
E5A_rq3_text_plus_image_internvl_retry2_20260730,OpenGVLab/InternVL3-8B,853e3a797a661694b1b8ece0cb72dc2b23e3dac9,python,rq3g_python_067__c1,visual_only_gold,golden,ugly_gold,golden,False,False,False,-0.1875,1.3125,-0.1875,False,False
E5A_rq3_text_plus_image_internvl_retry2_20260730,OpenGVLab/InternVL3-8B,853e3a797a661694b1b8ece0cb72dc2b23e3dac9,python,rq3g_python_067__c2,semantic_and_visual_aligned,golden,beautiful_trash,golden,True,True,False,4.125,0.625,4.125,True,False
E5A_rq3_text_plus_image_internvl_retry2_20260730,OpenGVLab/InternVL3-8B,853e3a797a661694b1b8ece0cb72dc2b23e3dac9,python,rq3g_python_067__c3,semantic_and_visual_aligned,golden,ugly_trash,golden,True,True,False,4.3125,0.3125,4.3125,True,False
E5A_rq3_text_plus_image_internvl_retry2_20260730,OpenGVLab/InternVL3-8B,853e3a797a661694b1b8ece0cb72dc2b23e3dac9,python,rq3g_python_067__c4,semantic_visual_conflict_primary,ugly_gold,beautiful_trash,ugly_gold,True,True,False,4.5625,0.3125,4.5625,True,False
E5A_rq3_text_plus_image_internvl_retry2_20260730,OpenGVLab/InternVL3-8B,853e3a797a661694b1b8ece0cb72dc2b23e3dac9,python,rq3g_python_067__c5,semantic_only_under_ugly,ugly_gold,ugly_trash,ugly_gold,True,True,False,4.625,0.0,4.625,True,False
E5A_rq3_text_plus_image_internvl_retry2_20260730,OpenGVLab/InternVL3-8B,853e3a797a661694b1b8ece0cb72dc2b23e3dac9,python,rq3g_python_067__c6,visual_only_trash,beautiful_trash,ugly_trash,beautiful_trash,False,False,False,-0.125,-0.75,-0.125,False,False
E5A_rq3_text_plus_image_internvl_retry2_20260730,OpenGVLab/InternVL3-8B,853e3a797a661694b1b8ece0cb72dc2b23e3dac9,python,rq3g_python_068__c1,visual_only_gold,golden,ugly_gold,golden,False,False,False,0.5,0.625,0.5,True,False
E5A_rq3_text_plus_image_internvl_retry2_20260730,OpenGVLab/InternVL3-8B,853e3a797a661694b1b8ece0cb72dc2b23e3dac9,python,rq3g_python_068__c2,semantic_and_visual_aligned,golden,beautiful_trash,golden,True,True,False,3.6875,0.0625,3.6875,True,False
E5A_rq3_text_plus_image_internvl_retry2_20260730,OpenGVLab/InternVL3-8B,853e3a797a661694b1b8ece0cb72dc2b23e3dac9,python,rq3g_python_068__c3,semantic_and_visual_aligned,golden,ugly_trash,golden,True,True,False,3.3125,0.4375,3.3125,True,False
E5A_rq3_text_plus_image_internvl_retry2_20260730,OpenGVLab/InternVL3-8B,853e3a797a661694b1b8ece0cb72dc2b23e3dac9,python,rq3g_python_068__c4,semantic_visual_conflict_primary,ugly_gold,beautiful_trash,ugly_gold,True,True,False,3.25,0.125,3.25,True,False
E5A_rq3_text_plus_image_internvl_retry2_20260730,OpenGVLab/InternVL3-8B,853e3a797a661694b1b8ece0cb72dc2b23e3dac9,python,rq3g_python_068__c5,semantic_only_under_ugly,ugly_gold,ugly_trash,ugly_gold,True,True,False,3.125,0.25,3.125,True,False
E5A_rq3_text_plus_image_internvl_retry2_20260730,OpenGVLab/InternVL3-8B,853e3a797a661694b1b8ece0cb72dc2b23e3dac9,python,rq3g_python_068__c6,visual_only_trash,beautiful_trash,ugly_trash,beautiful_trash,False,False,False,-0.1875,-0.6875,-0.1875,False,False
E5A_rq3_text_plus_image_internvl_retry2_20260730,OpenGVLab/InternVL3-8B,853e3a797a661694b1b8ece0cb72dc2b23e3dac9,python,rq3g_python_069__c1,visual_only_gold,golden,ugly_gold,golden,False,False,False,0.25,0.625,0.25,True,False
E5A_rq3_text_plus_image_internvl_retry2_20260730,OpenGVLab/InternVL3-8B,853e3a797a661694b1b8ece0cb72dc2b23e3dac9,python,rq3g_python_069__c2,semantic_and_visual_aligned,golden,beautiful_trash,golden,True,True,False,4.1875,0.6875,4.1875,True,False
E5A_rq3_text_plus_image_internvl_retry2_20260730,OpenGVLab/InternVL3-8B,853e3a797a661694b1b8ece0cb72dc2b23e3dac9,python,rq3g_python_069__c3,semantic_and_visual_aligned,golden,ugly_trash,golden,True,True,False,4.125,0.75,4.125,True,False
E5A_rq3_text_plus_image_internvl_retry2_20260730,OpenGVLab/InternVL3-8B,853e3a797a661694b1b8ece0cb72dc2b23e3dac9,python,rq3g_python_069__c4,semantic_visual_conflict_primary,ugly_gold,beautiful_trash,ugly_gold,True,True,False,3.875,0.5,3.875,True,False
E5A_rq3_text_plus_image_internvl_retry2_20260730,OpenGVLab/InternVL3-8B,853e3a797a661694b1b8ece0cb72dc2b23e3dac9,python,rq3g_python_069__c5,semantic_only_under_ugly,ugly_gold,ugly_trash,ugly_gold,True,True,False,3.875,0.625,3.875,True,False
E5A_rq3_text_plus_image_internvl_retry2_20260730,OpenGVLab/InternVL3-8B,853e3a797a661694b1b8ece0cb72dc2b23e3dac9,python,rq3g_python_069__c6,visual_only_trash,beautiful_trash,ugly_trash,beautiful_trash,False,False,False,0.0625,0.1875,0.0625,True,False
E5A_rq3_text_plus_image_internvl_retry2_20260730,OpenGVLab/InternVL3-8B,853e3a797a661694b1b8ece0cb72dc2b23e3dac9,python,rq3g_python_070__c1,visual_only_gold,golden,ugly_gold,golden,False,False,False,0.4375,2.0625,0.4375,True,False
E5A_rq3_text_plus_image_internvl_retry2_20260730,OpenGVLab/InternVL3-8B,853e3a797a661694b1b8ece0cb72dc2b23e3dac9,python,rq3g_python_070__c2,semantic_and_visual_aligned,golden,beautiful_trash,golden,True,True,False,4.5625,0.9375,4.5625,True,False
E5A_rq3_text_plus_image_internvl_retry2_20260730,OpenGVLab/InternVL3-8B,853e3a797a661694b1b8ece0cb72dc2b23e3dac9,python,rq3g_python_070__c3,semantic_and_visual_aligned,golden,ugly_trash,golden,True,True,False,4.8125,0.6875,4.8125,True,False
E5A_rq3_text_plus_image_internvl_retry2_20260730,OpenGVLab/InternVL3-8B,853e3a797a661694b1b8ece0cb72dc2b23e3dac9,python,rq3g_python_070__c4,semantic_visual_conflict_primary,ugly_gold,beautiful_trash,ugly_gold,True,True,False,4.5,1.0,4.5,True,False
E5A_rq3_text_plus_image_internvl_retry2_20260730,OpenGVLab/InternVL3-8B,853e3a797a661694b1b8ece0cb72dc2b23e3dac9,python,rq3g_python_070__c5,semantic_only_under_ugly,ugly_gold,ugly_trash,ugly_gold,True,True,False,4.5625,0.8125,4.5625,True,False
E5A_rq3_text_plus_image_internvl_retry2_20260730,OpenGVLab/InternVL3-8B,853e3a797a661694b1b8ece0cb72dc2b23e3dac9,python,rq3g_python_070__c6,visual_only_trash,beautiful_trash,ugly_trash,beautiful_trash,False,False,False,0.1875,-0.5625,0.1875,True,False
E5A_rq3_text_plus_image_internvl_retry2_20260730,OpenGVLab/InternVL3-8B,853e3a797a661694b1b8ece0cb72dc2b23e3dac9,python,rq3g_python_071__c1,visual_only_gold,golden,ugly_gold,golden,False,False,False,0.0,2.125,0.0,False,True
E5A_rq3_text_plus_image_internvl_retry2_20260730,OpenGVLab/InternVL3-8B,853e3a797a661694b1b8ece0cb72dc2b23e3dac9,python,rq3g_python_071__c2,semantic_and_visual_aligned,golden,beautiful_trash,golden,True,True,False,4.9375,0.5625,4.9375,True,False
E5A_rq3_text_plus_image_internvl_retry2_20260730,OpenGVLab/InternVL3-8B,853e3a797a661694b1b8ece0cb72dc2b23e3dac9,python,rq3g_python_071__c3,semantic_and_visual_aligned,golden,ugly_trash,golden,True,True,False,4.9375,0.4375,4.9375,True,False
E5A_rq3_text_plus_image_internvl_retry2_20260730,OpenGVLab/InternVL3-8B,853e3a797a661694b1b8ece0cb72dc2b23e3dac9,python,rq3g_python_071__c4,semantic_visual_conflict_primary,ugly_gold,beautiful_trash,ugly_gold,True,True,False,4.9375,0.6875,4.9375,True,False
E5A_rq3_text_plus_image_internvl_retry2_20260730,OpenGVLab/InternVL3-8B,853e3a797a661694b1b8ece0cb72dc2b23e3dac9,python,rq3g_python_071__c5,semantic_only_under_ugly,ugly_gold,ugly_trash,ugly_gold,True,True,False,4.9375,0.6875,4.9375,True,False
E5A_rq3_text_plus_image_internvl_retry2_20260730,OpenGVLab/InternVL3-8B,853e3a797a661694b1b8ece0cb72dc2b23e3dac9,python,rq3g_python_071__c6,visual_only_trash,beautiful_trash,ugly_trash,beautiful_trash,False,False,False,-0.125,-1.0,-0.125,False,False
E5A_rq3_text_plus_image_internvl_retry2_20260730,OpenGVLab/InternVL3-8B,853e3a797a661694b1b8ece0cb72dc2b23e3dac9,python,rq3g_python_072__c1,visual_only_gold,golden,ugly_gold,golden,False,False,False,-0.1875,-0.6875,-0.1875,False,False
E5A_rq3_text_plus_image_internvl_retry2_20260730,OpenGVLab/InternVL3-8B,853e3a797a661694b1b8ece0cb72dc2b23e3dac9,python,rq3g_python_072__c2,semantic_and_visual_aligned,golden,beautiful_trash,golden,True,True,False,3.4375,0.5625,3.4375,True,False
E5A_rq3_text_plus_image_internvl_retry2_20260730,OpenGVLab/InternVL3-8B,853e3a797a661694b1b8ece0cb72dc2b23e3dac9,python,rq3g_python_072__c3,semantic_and_visual_aligned,golden,ugly_trash,golden,True,True,False,3.75,0.5,3.75,True,False
E5A_rq3_text_plus_image_internvl_retry2_20260730,OpenGVLab/InternVL3-8B,853e3a797a661694b1b8ece0cb72dc2b23e3dac9,python,rq3g_python_072__c4,semantic_visual_conflict_primary,ugly_gold,beautiful_trash,ugly_gold,True,True,False,3.6875,0.5625,3.6875,True,False
E5A_rq3_text_plus_image_internvl_retry2_20260730,OpenGVLab/InternVL3-8B,853e3a797a661694b1b8ece0cb72dc2b23e3dac9,python,rq3g_python_072__c5,semantic_only_under_ugly,ugly_gold,ugly_trash,ugly_gold,True,True,False,3.875,0.375,3.875,True,False
E5A_rq3_text_plus_image_internvl_retry2_20260730,OpenGVLab/InternVL3-8B,853e3a797a661694b1b8ece0cb72dc2b23e3dac9,python,rq3g_python_072__c6,visual_only_trash,beautiful_trash,ugly_trash,beautiful_trash,False,False,False,0.0,-0.75,0.0,False,True
E5A_rq3_text_plus_image_internvl_retry2_20260730,OpenGVLab/InternVL3-8B,853e3a797a661694b1b8ece0cb72dc2b23e3dac9,python,rq3g_python_073__c1,visual_only_gold,golden,ugly_gold,golden,False,False,False,0.625,-1.125,0.625,True,False
E5A_rq3_text_plus_image_internvl_retry2_20260730,OpenGVLab/InternVL3-8B,853e3a797a661694b1b8ece0cb72dc2b23e3dac9,python,rq3g_python_073__c2,semantic_and_visual_aligned,golden,beautiful_trash,golden,True,True,False,3.625,0.875,3.625,True,False
E5A_rq3_text_plus_image_internvl_retry2_20260730,OpenGVLab/InternVL3-8B,853e3a797a661694b1b8ece0cb72dc2b23e3dac9,python,rq3g_python_073__c3,semantic_and_visual_aligned,golden,ugly_trash,golden,True,True,False,3.6875,0.6875,3.6875,True,False
E5A_rq3_text_plus_image_internvl_retry2_20260730,OpenGVLab/InternVL3-8B,853e3a797a661694b1b8ece0cb72dc2b23e3dac9,python,rq3g_python_073__c4,semantic_visual_conflict_primary,ugly_gold,beautiful_trash,ugly_gold,True,True,False,3.375,0.25,3.375,True,False
E5A_rq3_text_plus_image_internvl_retry2_20260730,OpenGVLab/InternVL3-8B,853e3a797a661694b1b8ece0cb72dc2b23e3dac9,python,rq3g_python_073__c5,semantic_only_under_ugly,ugly_gold,ugly_trash,ugly_gold,True,True,False,3.3125,0.5625,3.3125,True,False
E5A_rq3_text_plus_image_internvl_retry2_20260730,OpenGVLab/InternVL3-8B,853e3a797a661694b1b8ece0cb72dc2b23e3dac9,python,rq3g_python_073__c6,visual_only_trash,beautiful_trash,ugly_trash,beautiful_trash,False,False,False,0.125,-1.25,0.125,True,False
E5A_rq3_text_plus_image_internvl_retry2_20260730,OpenGVLab/InternVL3-8B,853e3a797a661694b1b8ece0cb72dc2b23e3dac9,python,rq3g_python_074__c1,visual_only_gold,golden,ugly_gold,golden,False,False,False,0.0,0.375,0.0,False,True
E5A_rq3_text_plus_image_internvl_retry2_20260730,OpenGVLab/InternVL3-8B,853e3a797a661694b1b8ece0cb72dc2b23e3dac9,python,rq3g_python_074__c2,semantic_and_visual_aligned,golden,beautiful_trash,golden,True,True,False,3.9375,0.1875,3.9375,True,False
E5A_rq3_text_plus_image_internvl_retry2_20260730,OpenGVLab/InternVL3-8B,853e3a797a661694b1b8ece0cb72dc2b23e3dac9,python,rq3g_python_074__c3,semantic_and_visual_aligned,golden,ugly_trash,golden,True,True,False,4.0,0.0,4.0,True,False
E5A_rq3_text_plus_image_internvl_retry2_20260730,OpenGVLab/InternVL3-8B,853e3a797a661694b1b8ece0cb72dc2b23e3dac9,python,rq3g_python_074__c4,semantic_visual_conflict_primary,ugly_gold,beautiful_trash,ugly_gold,True,True,False,4.1875,0.0625,4.1875,True,False
E5A_rq3_text_plus_image_internvl_retry2_20260730,OpenGVLab/InternVL3-8B,853e3a797a661694b1b8ece0cb72dc2b23e3dac9,python,rq3g_python_074__c5,semantic_only_under_ugly,ugly_gold,ugly_trash,ugly_gold,True,True,False,4.0,0.0,4.0,True,False
E5A_rq3_text_plus_image_internvl_retry2_20260730,OpenGVLab/InternVL3-8B,853e3a797a661694b1b8ece0cb72dc2b23e3dac9,python,rq3g_python_074__c6,visual_only_trash,beautiful_trash,ugly_trash,beautiful_trash,False,False,False,0.0625,-0.4375,0.0625,True,False
E5A_rq3_text_plus_image_internvl_retry2_20260730,OpenGVLab/InternVL3-8B,853e3a797a661694b1b8ece0cb72dc2b23e3dac9,python,rq3g_python_075__c1,visual_only_gold,golden,ugly_gold,golden,False,False,False,-0.0625,0.6875,-0.0625,False,False
E5A_rq3_text_plus_image_internvl_retry2_20260730,OpenGVLab/InternVL3-8B,853e3a797a661694b1b8ece0cb72dc2b23e3dac9,python,rq3g_python_075__c2,semantic_and_visual_aligned,golden,beautiful_trash,golden,True,True,False,4.9375,-1.3125,4.9375,True,False
E5A_rq3_text_plus_image_internvl_retry2_20260730,OpenGVLab/InternVL3-8B,853e3a797a661694b1b8ece0cb72dc2b23e3dac9,python,rq3g_python_075__c3,semantic_and_visual_aligned,golden,ugly_trash,golden,True,True,False,4.625,-1.5,4.625,True,False
E5A_rq3_text_plus_image_internvl_retry2_20260730,OpenGVLab/InternVL3-8B,853e3a797a661694b1b8ece0cb72dc2b23e3dac9,python,rq3g_python_075__c4,semantic_visual_conflict_primary,ugly_gold,beautiful_trash,ugly_gold,True,True,False,5.1875,-1.3125,5.1875,True,False
E5A_rq3_text_plus_image_internvl_retry2_20260730,OpenGVLab/InternVL3-8B,853e3a797a661694b1b8ece0cb72dc2b23e3dac9,python,rq3g_python_075__c5,semantic_only_under_ugly,ugly_gold,ugly_trash,ugly_gold,True,True,False,4.8125,-1.0625,4.8125,True,False
E5A_rq3_text_plus_image_internvl_retry2_20260730,OpenGVLab/InternVL3-8B,853e3a797a661694b1b8ece0cb72dc2b23e3dac9,python,rq3g_python_075__c6,visual_only_trash,beautiful_trash,ugly_trash,beautiful_trash,False,False,False,0.0625,-3.1875,0.0625,True,False
E5A_rq3_text_plus_image_internvl_retry2_20260730,OpenGVLab/InternVL3-8B,853e3a797a661694b1b8ece0cb72dc2b23e3dac9,python,rq3g_python_076__c1,visual_only_gold,golden,ugly_gold,golden,False,False,False,0.1875,0.5625,0.1875,True,False
E5A_rq3_text_plus_image_internvl_retry2_20260730,OpenGVLab/InternVL3-8B,853e3a797a661694b1b8ece0cb72dc2b23e3dac9,python,rq3g_python_076__c2,semantic_and_visual_aligned,golden,beautiful_trash,golden,True,True,False,3.0,0.125,3.0,True,False
E5A_rq3_text_plus_image_internvl_retry2_20260730,OpenGVLab/InternVL3-8B,853e3a797a661694b1b8ece0cb72dc2b23e3dac9,python,rq3g_python_076__c3,semantic_and_visual_aligned,golden,ugly_trash,golden,True,True,False,3.0625,0.4375,3.0625,True,False
E5A_rq3_text_plus_image_internvl_retry2_20260730,OpenGVLab/InternVL3-8B,853e3a797a661694b1b8ece0cb72dc2b23e3dac9,python,rq3g_python_076__c4,semantic_visual_conflict_primary,ugly_gold,beautiful_trash,ugly_gold,True,True,False,3.0625,0.3125,3.0625,True,False
E5A_rq3_text_plus_image_internvl_retry2_20260730,OpenGVLab/InternVL3-8B,853e3a797a661694b1b8ece0cb72dc2b23e3dac9,python,rq3g_python_076__c5,semantic_only_under_ugly,ugly_gold,ugly_trash,ugly_gold,True,True,False,3.1875,0.4375,3.1875,True,False
E5A_rq3_text_plus_image_internvl_retry2_20260730,OpenGVLab/InternVL3-8B,853e3a797a661694b1b8ece0cb72dc2b23e3dac9,python,rq3g_python_076__c6,visual_only_trash,beautiful_trash,ugly_trash,beautiful_trash,False,False,False,0.0625,1.1875,0.0625,True,False
E5A_rq3_text_plus_image_internvl_retry2_20260730,OpenGVLab/InternVL3-8B,853e3a797a661694b1b8ece0cb72dc2b23e3dac9,python,rq3g_python_077__c1,visual_only_gold,golden,ugly_gold,golden,False,False,False,0.3125,0.5625,0.3125,True,False
E5A_rq3_text_plus_image_internvl_retry2_20260730,OpenGVLab/InternVL3-8B,853e3a797a661694b1b8ece0cb72dc2b23e3dac9,python,rq3g_python_077__c2,semantic_and_visual_aligned,golden,beautiful_trash,golden,True,True,False,4.125,0.875,4.125,True,False
E5A_rq3_text_plus_image_internvl_retry2_20260730,OpenGVLab/InternVL3-8B,853e3a797a661694b1b8ece0cb72dc2b23e3dac9,python,rq3g_python_077__c3,semantic_and_visual_aligned,golden,ugly_trash,golden,True,True,False,4.1875,0.9375,4.1875,True,False
E5A_rq3_text_plus_image_internvl_retry2_20260730,OpenGVLab/InternVL3-8B,853e3a797a661694b1b8ece0cb72dc2b23e3dac9,python,rq3g_python_077__c4,semantic_visual_conflict_primary,ugly_gold,beautiful_trash,ugly_gold,True,True,False,4.1875,0.6875,4.1875,True,False
E5A_rq3_text_plus_image_internvl_retry2_20260730,OpenGVLab/InternVL3-8B,853e3a797a661694b1b8ece0cb72dc2b23e3dac9,python,rq3g_python_077__c5,semantic_only_under_ugly,ugly_gold,ugly_trash,ugly_gold,True,True,False,4.125,0.5,4.125,True,False
E5A_rq3_text_plus_image_internvl_retry2_20260730,OpenGVLab/InternVL3-8B,853e3a797a661694b1b8ece0cb72dc2b23e3dac9,python,rq3g_python_077__c6,visual_only_trash,beautiful_trash,ugly_trash,beautiful_trash,False,False,False,0.125,-0.75,0.125,True,False
E5A_rq3_text_plus_image_internvl_retry2_20260730,OpenGVLab/InternVL3-8B,853e3a797a661694b1b8ece0cb72dc2b23e3dac9,python,rq3g_python_078__c1,visual_only_gold,golden,ugly_gold,golden,False,False,False,0.0625,-0.9375,0.0625,True,False
E5A_rq3_text_plus_image_internvl_retry2_20260730,OpenGVLab/InternVL3-8B,853e3a797a661694b1b8ece0cb72dc2b23e3dac9,python,rq3g_python_078__c2,semantic_and_visual_aligned,golden,beautiful_trash,golden,True,True,False,4.375,0.0,4.375,True,False
E5A_rq3_text_plus_image_internvl_retry2_20260730,OpenGVLab/InternVL3-8B,853e3a797a661694b1b8ece0cb72dc2b23e3dac9,python,rq3g_python_078__c3,semantic_and_visual_aligned,golden,ugly_trash,golden,True,True,False,4.125,0.25,4.125,True,False
E5A_rq3_text_plus_image_internvl_retry2_20260730,OpenGVLab/InternVL3-8B,853e3a797a661694b1b8ece0cb72dc2b23e3dac9,python,rq3g_python_078__c4,semantic_visual_conflict_primary,ugly_gold,beautiful_trash,ugly_gold,True,True,False,4.4375,-0.0625,4.4375,True,False
E5A_rq3_text_plus_image_internvl_retry2_20260730,OpenGVLab/InternVL3-8B,853e3a797a661694b1b8ece0cb72dc2b23e3dac9,python,rq3g_python_078__c5,semantic_only_under_ugly,ugly_gold,ugly_trash,ugly_gold,True,True,False,4.5,0.125,4.5,True,False
E5A_rq3_text_plus_image_internvl_retry2_20260730,OpenGVLab/InternVL3-8B,853e3a797a661694b1b8ece0cb72dc2b23e3dac9,python,rq3g_python_078__c6,visual_only_trash,beautiful_trash,ugly_trash,beautiful_trash,True,False,False,-0.375,-0.375,-0.375,False,False
E5A_rq3_text_plus_image_internvl_retry2_20260730,OpenGVLab/InternVL3-8B,853e3a797a661694b1b8ece0cb72dc2b23e3dac9,python,rq3g_python_079__c1,visual_only_gold,golden,ugly_gold,golden,False,False,False,0.0,0.0,0.0,False,True
E5A_rq3_text_plus_image_internvl_retry2_20260730,OpenGVLab/InternVL3-8B,853e3a797a661694b1b8ece0cb72dc2b23e3dac9,python,rq3g_python_079__c2,semantic_and_visual_aligned,golden,beautiful_trash,golden,True,True,False,4.25,0.875,4.25,True,False
E5A_rq3_text_plus_image_internvl_retry2_20260730,OpenGVLab/InternVL3-8B,853e3a797a661694b1b8ece0cb72dc2b23e3dac9,python,rq3g_python_079__c3,semantic_and_visual_aligned,golden,ugly_trash,golden,True,True,False,4.375,1.25,4.375,True,False
E5A_rq3_text_plus_image_internvl_retry2_20260730,OpenGVLab/InternVL3-8B,853e3a797a661694b1b8ece0cb72dc2b23e3dac9,python,rq3g_python_079__c4,semantic_visual_conflict_primary,ugly_gold,beautiful_trash,ugly_gold,True,True,False,3.9375,0.4375,3.9375,True,False
E5A_rq3_text_plus_image_internvl_retry2_20260730,OpenGVLab/InternVL3-8B,853e3a797a661694b1b8ece0cb72dc2b23e3dac9,python,rq3g_python_079__c5,semantic_only_under_ugly,ugly_gold,ugly_trash,ugly_gold,True,True,False,4.375,1.0,4.375,True,False
E5A_rq3_text_plus_image_internvl_retry2_20260730,OpenGVLab/InternVL3-8B,853e3a797a661694b1b8ece0cb72dc2b23e3dac9,python,rq3g_python_079__c6,visual_only_trash,beautiful_trash,ugly_trash,beautiful_trash,False,False,False,-0.125,-0.625,-0.125,False,False
E5A_rq3_text_plus_image_internvl_retry2_20260730,OpenGVLab/InternVL3-8B,853e3a797a661694b1b8ece0cb72dc2b23e3dac9,python,rq3g_python_080__c1,visual_only_gold,golden,ugly_gold,golden,False,False,False,0.1875,0.4375,0.1875,True,False
E5A_rq3_text_plus_image_internvl_retry2_20260730,OpenGVLab/InternVL3-8B,853e3a797a661694b1b8ece0cb72dc2b23e3dac9,python,rq3g_python_080__c2,semantic_and_visual_aligned,golden,beautiful_trash,golden,True,True,False,4.375,0.75,4.375,True,False
E5A_rq3_text_plus_image_internvl_retry2_20260730,OpenGVLab/InternVL3-8B,853e3a797a661694b1b8ece0cb72dc2b23e3dac9,python,rq3g_python_080__c3,semantic_and_visual_aligned,golden,ugly_trash,golden,True,True,False,4.5,1.125,4.5,True,False
E5A_rq3_text_plus_image_internvl_retry2_20260730,OpenGVLab/InternVL3-8B,853e3a797a661694b1b8ece0cb72dc2b23e3dac9,python,rq3g_python_080__c4,semantic_visual_conflict_primary,ugly_gold,beautiful_trash,ugly_gold,True,True,False,3.9375,0.9375,3.9375,True,False
E5A_rq3_text_plus_image_internvl_retry2_20260730,OpenGVLab/InternVL3-8B,853e3a797a661694b1b8ece0cb72dc2b23e3dac9,python,rq3g_python_080__c5,semantic_only_under_ugly,ugly_gold,ugly_trash,ugly_gold,True,True,False,4.25,1.125,4.25,True,False
E5A_rq3_text_plus_image_internvl_retry2_20260730,OpenGVLab/InternVL3-8B,853e3a797a661694b1b8ece0cb72dc2b23e3dac9,python,rq3g_python_080__c6,visual_only_trash,beautiful_trash,ugly_trash,beautiful_trash,False,False,False,0.0,-0.75,0.0,False,True
E5A_rq3_text_plus_image_internvl_retry2_20260730,OpenGVLab/InternVL3-8B,853e3a797a661694b1b8ece0cb72dc2b23e3dac9,python,rq3g_python_081__c1,visual_only_gold,golden,ugly_gold,golden,False,False,False,0.25,2.125,0.25,True,False
E5A_rq3_text_plus_image_internvl_retry2_20260730,OpenGVLab/InternVL3-8B,853e3a797a661694b1b8ece0cb72dc2b23e3dac9,python,rq3g_python_081__c2,semantic_and_visual_aligned,golden,beautiful_trash,golden,True,True,False,4.125,0.625,4.125,True,False
E5A_rq3_text_plus_image_internvl_retry2_20260730,OpenGVLab/InternVL3-8B,853e3a797a661694b1b8ece0cb72dc2b23e3dac9,python,rq3g_python_081__c3,semantic_and_visual_aligned,golden,ugly_trash,golden,True,True,False,4.3125,0.4375,4.3125,True,False
E5A_rq3_text_plus_image_internvl_retry2_20260730,OpenGVLab/InternVL3-8B,853e3a797a661694b1b8ece0cb72dc2b23e3dac9,python,rq3g_python_081__c4,semantic_visual_conflict_primary,ugly_gold,beautiful_trash,ugly_gold,True,True,False,4.5625,0.4375,4.5625,True,False
E5A_rq3_text_plus_image_internvl_retry2_20260730,OpenGVLab/InternVL3-8B,853e3a797a661694b1b8ece0cb72dc2b23e3dac9,python,rq3g_python_081__c5,semantic_only_under_ugly,ugly_gold,ugly_trash,ugly_gold,True,True,False,4.4375,0.6875,4.4375,True,False
E5A_rq3_text_plus_image_internvl_retry2_20260730,OpenGVLab/InternVL3-8B,853e3a797a661694b1b8ece0cb72dc2b23e3dac9,python,rq3g_python_081__c6,visual_only_trash,beautiful_trash,ugly_trash,beautiful_trash,False,False,False,0.0625,-1.4375,0.0625,True,False
E5A_rq3_text_plus_image_internvl_retry2_20260730,OpenGVLab/InternVL3-8B,853e3a797a661694b1b8ece0cb72dc2b23e3dac9,python,rq3g_python_082__c1,visual_only_gold,golden,ugly_gold,golden,False,False,False,0.1875,1.0625,0.1875,True,False
E5A_rq3_text_plus_image_internvl_retry2_20260730,OpenGVLab/InternVL3-8B,853e3a797a661694b1b8ece0cb72dc2b23e3dac9,python,rq3g_python_082__c2,semantic_and_visual_aligned,golden,beautiful_trash,golden,True,True,False,5.375,0.25,5.375,True,False
E5A_rq3_text_plus_image_internvl_retry2_20260730,OpenGVLab/InternVL3-8B,853e3a797a661694b1b8ece0cb72dc2b23e3dac9,python,rq3g_python_082__c3,semantic_and_visual_aligned,golden,ugly_trash,golden,True,True,False,5.6875,0.3125,5.6875,True,False
E5A_rq3_text_plus_image_internvl_retry2_20260730,OpenGVLab/InternVL3-8B,853e3a797a661694b1b8ece0cb72dc2b23e3dac9,python,rq3g_python_082__c4,semantic_visual_conflict_primary,ugly_gold,beautiful_trash,ugly_gold,True,True,False,5.5625,0.0625,5.5625,True,False
E5A_rq3_text_plus_image_internvl_retry2_20260730,OpenGVLab/InternVL3-8B,853e3a797a661694b1b8ece0cb72dc2b23e3dac9,python,rq3g_python_082__c5,semantic_only_under_ugly,ugly_gold,ugly_trash,ugly_gold,True,True,False,5.5625,0.1875,5.5625,True,False
E5A_rq3_text_plus_image_internvl_retry2_20260730,OpenGVLab/InternVL3-8B,853e3a797a661694b1b8ece0cb72dc2b23e3dac9,python,rq3g_python_082__c6,visual_only_trash,beautiful_trash,ugly_trash,beautiful_trash,False,False,False,0.25,-1.25,0.25,True,False
E5A_rq3_text_plus_image_internvl_retry2_20260730,OpenGVLab/InternVL3-8B,853e3a797a661694b1b8ece0cb72dc2b23e3dac9,python,rq3g_python_083__c1,visual_only_gold,golden,ugly_gold,golden,False,False,False,0.125,1.5,0.125,True,False
E5A_rq3_text_plus_image_internvl_retry2_20260730,OpenGVLab/InternVL3-8B,853e3a797a661694b1b8ece0cb72dc2b23e3dac9,python,rq3g_python_083__c2,semantic_and_visual_aligned,golden,beautiful_trash,golden,True,True,False,4.125,1.0,4.125,True,False
E5A_rq3_text_plus_image_internvl_retry2_20260730,OpenGVLab/InternVL3-8B,853e3a797a661694b1b8ece0cb72dc2b23e3dac9,python,rq3g_python_083__c3,semantic_and_visual_aligned,golden,ugly_trash,golden,True,True,False,4.5625,0.5625,4.5625,True,False
E5A_rq3_text_plus_image_internvl_retry2_20260730,OpenGVLab/InternVL3-8B,853e3a797a661694b1b8ece0cb72dc2b23e3dac9,python,rq3g_python_083__c4,semantic_visual_conflict_primary,ugly_gold,beautiful_trash,ugly_gold,True,True,False,4.1875,0.4375,4.1875,True,False
E5A_rq3_text_plus_image_internvl_retry2_20260730,OpenGVLab/InternVL3-8B,853e3a797a661694b1b8ece0cb72dc2b23e3dac9,python,rq3g_python_083__c5,semantic_only_under_ugly,ugly_gold,ugly_trash,ugly_gold,True,True,False,4.375,0.375,4.375,True,False
E5A_rq3_text_plus_image_internvl_retry2_20260730,OpenGVLab/InternVL3-8B,853e3a797a661694b1b8ece0cb72dc2b23e3dac9,python,rq3g_python_083__c6,visual_only_trash,beautiful_trash,ugly_trash,beautiful_trash,False,False,False,-0.0625,0.1875,-0.0625,False,False
E5A_rq3_text_plus_image_internvl_retry2_20260730,OpenGVLab/InternVL3-8B,853e3a797a661694b1b8ece0cb72dc2b23e3dac9,python,rq3g_python_084__c1,visual_only_gold,golden,ugly_gold,golden,False,False,False,-0.0625,1.3125,-0.0625,False,False
E5A_rq3_text_plus_image_internvl_retry2_20260730,OpenGVLab/InternVL3-8B,853e3a797a661694b1b8ece0cb72dc2b23e3dac9,python,rq3g_python_084__c2,semantic_and_visual_aligned,golden,beautiful_trash,golden,True,True,False,5.3125,0.3125,5.3125,True,False
E5A_rq3_text_plus_image_internvl_retry2_20260730,OpenGVLab/InternVL3-8B,853e3a797a661694b1b8ece0cb72dc2b23e3dac9,python,rq3g_python_084__c3,semantic_and_visual_aligned,golden,ugly_trash,golden,True,True,False,5.1875,0.1875,5.1875,True,False
E5A_rq3_text_plus_image_internvl_retry2_20260730,OpenGVLab/InternVL3-8B,853e3a797a661694b1b8ece0cb72dc2b23e3dac9,python,rq3g_python_084__c4,semantic_visual_conflict_primary,ugly_gold,beautiful_trash,ugly_gold,True,True,False,4.6875,0.1875,4.6875,True,False
E5A_rq3_text_plus_image_internvl_retry2_20260730,OpenGVLab/InternVL3-8B,853e3a797a661694b1b8ece0cb72dc2b23e3dac9,python,rq3g_python_084__c5,semantic_only_under_ugly,ugly_gold,ugly_trash,ugly_gold,True,True,False,4.8125,0.1875,4.8125,True,False
E5A_rq3_text_plus_image_internvl_retry2_20260730,OpenGVLab/InternVL3-8B,853e3a797a661694b1b8ece0cb72dc2b23e3dac9,python,rq3g_python_084__c6,visual_only_trash,beautiful_trash,ugly_trash,beautiful_trash,False,False,False,0.0,-0.125,0.0,False,True
E5A_rq3_text_plus_image_internvl_retry2_20260730,OpenGVLab/InternVL3-8B,853e3a797a661694b1b8ece0cb72dc2b23e3dac9,python,rq3g_python_085__c1,visual_only_gold,golden,ugly_gold,golden,False,False,False,0.3125,0.3125,0.3125,True,False
E5A_rq3_text_plus_image_internvl_retry2_20260730,OpenGVLab/InternVL3-8B,853e3a797a661694b1b8ece0cb72dc2b23e3dac9,python,rq3g_python_085__c2,semantic_and_visual_aligned,golden,beautiful_trash,golden,True,True,False,3.8125,1.1875,3.8125,True,False
E5A_rq3_text_plus_image_internvl_retry2_20260730,OpenGVLab/InternVL3-8B,853e3a797a661694b1b8ece0cb72dc2b23e3dac9,python,rq3g_python_085__c3,semantic_and_visual_aligned,golden,ugly_trash,golden,True,True,False,3.75,1.0,3.75,True,False
E5A_rq3_text_plus_image_internvl_retry2_20260730,OpenGVLab/InternVL3-8B,853e3a797a661694b1b8ece0cb72dc2b23e3dac9,python,rq3g_python_085__c4,semantic_visual_conflict_primary,ugly_gold,beautiful_trash,ugly_gold,True,True,False,3.375,0.625,3.375,True,False
E5A_rq3_text_plus_image_internvl_retry2_20260730,OpenGVLab/InternVL3-8B,853e3a797a661694b1b8ece0cb72dc2b23e3dac9,python,rq3g_python_085__c5,semantic_only_under_ugly,ugly_gold,ugly_trash,ugly_gold,True,True,False,3.5625,0.4375,3.5625,True,False
E5A_rq3_text_plus_image_internvl_retry2_20260730,OpenGVLab/InternVL3-8B,853e3a797a661694b1b8ece0cb72dc2b23e3dac9,python,rq3g_python_085__c6,visual_only_trash,beautiful_trash,ugly_trash,beautiful_trash,False,False,False,0.1875,-0.6875,0.1875,True,False
E5A_rq3_text_plus_image_internvl_retry2_20260730,OpenGVLab/InternVL3-8B,853e3a797a661694b1b8ece0cb72dc2b23e3dac9,python,rq3g_python_086__c1,visual_only_gold,golden,ugly_gold,golden,False,False,False,0.125,1.125,0.125,True,False
E5A_rq3_text_plus_image_internvl_retry2_20260730,OpenGVLab/InternVL3-8B,853e3a797a661694b1b8ece0cb72dc2b23e3dac9,python,rq3g_python_086__c2,semantic_and_visual_aligned,golden,beautiful_trash,golden,True,True,False,3.75,1.125,3.75,True,False
E5A_rq3_text_plus_image_internvl_retry2_20260730,OpenGVLab/InternVL3-8B,853e3a797a661694b1b8ece0cb72dc2b23e3dac9,python,rq3g_python_086__c3,semantic_and_visual_aligned,golden,ugly_trash,golden,True,True,False,3.3125,1.6875,3.3125,True,False
E5A_rq3_text_plus_image_internvl_retry2_20260730,OpenGVLab/InternVL3-8B,853e3a797a661694b1b8ece0cb72dc2b23e3dac9,python,rq3g_python_086__c4,semantic_visual_conflict_primary,ugly_gold,beautiful_trash,ugly_gold,True,True,False,3.625,1.5,3.625,True,False
E5A_rq3_text_plus_image_internvl_retry2_20260730,OpenGVLab/InternVL3-8B,853e3a797a661694b1b8ece0cb72dc2b23e3dac9,python,rq3g_python_086__c5,semantic_only_under_ugly,ugly_gold,ugly_trash,ugly_gold,True,True,False,3.125,1.75,3.125,True,False
E5A_rq3_text_plus_image_internvl_retry2_20260730,OpenGVLab/InternVL3-8B,853e3a797a661694b1b8ece0cb72dc2b23e3dac9,python,rq3g_python_086__c6,visual_only_trash,beautiful_trash,ugly_trash,beautiful_trash,False,False,False,0.0,-1.375,0.0,False,True
E5A_rq3_text_plus_image_internvl_retry2_20260730,OpenGVLab/InternVL3-8B,853e3a797a661694b1b8ece0cb72dc2b23e3dac9,python,rq3g_python_087__c1,visual_only_gold,golden,ugly_gold,golden,False,False,False,0.0,2.125,0.0,False,True
E5A_rq3_text_plus_image_internvl_retry2_20260730,OpenGVLab/InternVL3-8B,853e3a797a661694b1b8ece0cb72dc2b23e3dac9,python,rq3g_python_087__c2,semantic_and_visual_aligned,golden,beautiful_trash,golden,True,True,False,4.875,0.75,4.875,True,False
E5A_rq3_text_plus_image_internvl_retry2_20260730,OpenGVLab/InternVL3-8B,853e3a797a661694b1b8ece0cb72dc2b23e3dac9,python,rq3g_python_087__c3,semantic_and_visual_aligned,golden,ugly_trash,golden,True,True,False,4.8125,1.0625,4.8125,True,False
E5A_rq3_text_plus_image_internvl_retry2_20260730,OpenGVLab/InternVL3-8B,853e3a797a661694b1b8ece0cb72dc2b23e3dac9,python,rq3g_python_087__c4,semantic_visual_conflict_primary,ugly_gold,beautiful_trash,ugly_gold,True,True,False,4.625,0.75,4.625,True,False
E5A_rq3_text_plus_image_internvl_retry2_20260730,OpenGVLab/InternVL3-8B,853e3a797a661694b1b8ece0cb72dc2b23e3dac9,python,rq3g_python_087__c5,semantic_only_under_ugly,ugly_gold,ugly_trash,ugly_gold,True,True,False,4.8125,0.8125,4.8125,True,False
E5A_rq3_text_plus_image_internvl_retry2_20260730,OpenGVLab/InternVL3-8B,853e3a797a661694b1b8ece0cb72dc2b23e3dac9,python,rq3g_python_087__c6,visual_only_trash,beautiful_trash,ugly_trash,beautiful_trash,False,False,False,0.125,-1.375,0.125,True,False
E5A_rq3_text_plus_image_internvl_retry2_20260730,OpenGVLab/InternVL3-8B,853e3a797a661694b1b8ece0cb72dc2b23e3dac9,python,rq3g_python_088__c1,visual_only_gold,golden,ugly_gold,golden,False,False,False,0.125,0.125,0.125,True,False
E5A_rq3_text_plus_image_internvl_retry2_20260730,OpenGVLab/InternVL3-8B,853e3a797a661694b1b8ece0cb72dc2b23e3dac9,python,rq3g_python_088__c2,semantic_and_visual_aligned,golden,beautiful_trash,golden,True,True,False,3.8125,1.0625,3.8125,True,False
E5A_rq3_text_plus_image_internvl_retry2_20260730,OpenGVLab/InternVL3-8B,853e3a797a661694b1b8ece0cb72dc2b23e3dac9,python,rq3g_python_088__c3,semantic_and_visual_aligned,golden,ugly_trash,golden,True,True,False,3.8125,1.0625,3.8125,True,False
E5A_rq3_text_plus_image_internvl_retry2_20260730,OpenGVLab/InternVL3-8B,853e3a797a661694b1b8ece0cb72dc2b23e3dac9,python,rq3g_python_088__c4,semantic_visual_conflict_primary,ugly_gold,beautiful_trash,ugly_gold,True,True,False,4.0625,1.3125,4.0625,True,False
E5A_rq3_text_plus_image_internvl_retry2_20260730,OpenGVLab/InternVL3-8B,853e3a797a661694b1b8ece0cb72dc2b23e3dac9,python,rq3g_python_088__c5,semantic_only_under_ugly,ugly_gold,ugly_trash,ugly_gold,True,True,False,4.0625,1.1875,4.0625,True,False
E5A_rq3_text_plus_image_internvl_retry2_20260730,OpenGVLab/InternVL3-8B,853e3a797a661694b1b8ece0cb72dc2b23e3dac9,python,rq3g_python_088__c6,visual_only_trash,beautiful_trash,ugly_trash,beautiful_trash,False,False,False,0.0,1.125,0.0,False,True
E5A_rq3_text_plus_image_internvl_retry2_20260730,OpenGVLab/InternVL3-8B,853e3a797a661694b1b8ece0cb72dc2b23e3dac9,python,rq3g_python_089__c1,visual_only_gold,golden,ugly_gold,golden,True,True,False,0.5,0.125,0.5,True,False
E5A_rq3_text_plus_image_internvl_retry2_20260730,OpenGVLab/InternVL3-8B,853e3a797a661694b1b8ece0cb72dc2b23e3dac9,python,rq3g_python_089__c2,semantic_and_visual_aligned,golden,beautiful_trash,golden,True,True,False,2.1875,0.3125,2.1875,True,False
E5A_rq3_text_plus_image_internvl_retry2_20260730,OpenGVLab/InternVL3-8B,853e3a797a661694b1b8ece0cb72dc2b23e3dac9,python,rq3g_python_089__c3,semantic_and_visual_aligned,golden,ugly_trash,golden,True,True,False,2.25,0.0,2.25,True,False
E5A_rq3_text_plus_image_internvl_retry2_20260730,OpenGVLab/InternVL3-8B,853e3a797a661694b1b8ece0cb72dc2b23e3dac9,python,rq3g_python_089__c4,semantic_visual_conflict_primary,ugly_gold,beautiful_trash,ugly_gold,True,True,False,1.4375,0.5625,1.4375,True,False
E5A_rq3_text_plus_image_internvl_retry2_20260730,OpenGVLab/InternVL3-8B,853e3a797a661694b1b8ece0cb72dc2b23e3dac9,python,rq3g_python_089__c5,semantic_only_under_ugly,ugly_gold,ugly_trash,ugly_gold,True,True,False,1.75,0.125,1.75,True,False
E5A_rq3_text_plus_image_internvl_retry2_20260730,OpenGVLab/InternVL3-8B,853e3a797a661694b1b8ece0cb72dc2b23e3dac9,python,rq3g_python_089__c6,visual_only_trash,beautiful_trash,ugly_trash,beautiful_trash,False,False,False,0.0,-0.75,0.0,False,True
E5A_rq3_text_plus_image_internvl_retry2_20260730,OpenGVLab/InternVL3-8B,853e3a797a661694b1b8ece0cb72dc2b23e3dac9,python,rq3g_python_090__c1,visual_only_gold,golden,ugly_gold,golden,False,False,False,0.125,0.75,0.125,True,False
E5A_rq3_text_plus_image_internvl_retry2_20260730,OpenGVLab/InternVL3-8B,853e3a797a661694b1b8ece0cb72dc2b23e3dac9,python,rq3g_python_090__c2,semantic_and_visual_aligned,golden,beautiful_trash,golden,True,True,False,4.75,0.5,4.75,True,False
E5A_rq3_text_plus_image_internvl_retry2_20260730,OpenGVLab/InternVL3-8B,853e3a797a661694b1b8ece0cb72dc2b23e3dac9,python,rq3g_python_090__c3,semantic_and_visual_aligned,golden,ugly_trash,golden,True,True,False,4.8125,0.5625,4.8125,True,False
E5A_rq3_text_plus_image_internvl_retry2_20260730,OpenGVLab/InternVL3-8B,853e3a797a661694b1b8ece0cb72dc2b23e3dac9,python,rq3g_python_090__c4,semantic_visual_conflict_primary,ugly_gold,beautiful_trash,ugly_gold,True,True,False,4.875,0.25,4.875,True,False
E5A_rq3_text_plus_image_internvl_retry2_20260730,OpenGVLab/InternVL3-8B,853e3a797a661694b1b8ece0cb72dc2b23e3dac9,python,rq3g_python_090__c5,semantic_only_under_ugly,ugly_gold,ugly_trash,ugly_gold,True,True,False,4.8125,0.4375,4.8125,True,False
E5A_rq3_text_plus_image_internvl_retry2_20260730,OpenGVLab/InternVL3-8B,853e3a797a661694b1b8ece0cb72dc2b23e3dac9,python,rq3g_python_090__c6,visual_only_trash,beautiful_trash,ugly_trash,beautiful_trash,False,False,False,0.25,-1.875,0.25,True,False
E5A_rq3_text_plus_image_internvl_retry2_20260730,OpenGVLab/InternVL3-8B,853e3a797a661694b1b8ece0cb72dc2b23e3dac9,python,rq3g_python_091__c1,visual_only_gold,golden,ugly_gold,golden,False,False,False,-0.0625,2.5625,-0.0625,False,False
E5A_rq3_text_plus_image_internvl_retry2_20260730,OpenGVLab/InternVL3-8B,853e3a797a661694b1b8ece0cb72dc2b23e3dac9,python,rq3g_python_091__c2,semantic_and_visual_aligned,golden,beautiful_trash,golden,True,True,False,5.375,0.875,5.375,True,False
E5A_rq3_text_plus_image_internvl_retry2_20260730,OpenGVLab/InternVL3-8B,853e3a797a661694b1b8ece0cb72dc2b23e3dac9,python,rq3g_python_091__c3,semantic_and_visual_aligned,golden,ugly_trash,golden,True,True,False,5.25,1.0,5.25,True,False
E5A_rq3_text_plus_image_internvl_retry2_20260730,OpenGVLab/InternVL3-8B,853e3a797a661694b1b8ece0cb72dc2b23e3dac9,python,rq3g_python_091__c4,semantic_visual_conflict_primary,ugly_gold,beautiful_trash,ugly_gold,True,True,False,5.4375,0.8125,5.4375,True,False
E5A_rq3_text_plus_image_internvl_retry2_20260730,OpenGVLab/InternVL3-8B,853e3a797a661694b1b8ece0cb72dc2b23e3dac9,python,rq3g_python_091__c5,semantic_only_under_ugly,ugly_gold,ugly_trash,ugly_gold,True,True,False,5.5,0.75,5.5,True,False
E5A_rq3_text_plus_image_internvl_retry2_20260730,OpenGVLab/InternVL3-8B,853e3a797a661694b1b8ece0cb72dc2b23e3dac9,python,rq3g_python_091__c6,visual_only_trash,beautiful_trash,ugly_trash,beautiful_trash,False,False,False,0.0625,-0.4375,0.0625,True,False
E5A_rq3_text_plus_image_internvl_retry2_20260730,OpenGVLab/InternVL3-8B,853e3a797a661694b1b8ece0cb72dc2b23e3dac9,python,rq3g_python_092__c1,visual_only_gold,golden,ugly_gold,golden,False,False,False,0.125,0.75,0.125,True,False
E5A_rq3_text_plus_image_internvl_retry2_20260730,OpenGVLab/InternVL3-8B,853e3a797a661694b1b8ece0cb72dc2b23e3dac9,python,rq3g_python_092__c2,semantic_and_visual_aligned,golden,beautiful_trash,golden,True,True,False,5.1875,0.1875,5.1875,True,False
E5A_rq3_text_plus_image_internvl_retry2_20260730,OpenGVLab/InternVL3-8B,853e3a797a661694b1b8ece0cb72dc2b23e3dac9,python,rq3g_python_092__c3,semantic_and_visual_aligned,golden,ugly_trash,golden,True,True,False,5.1875,-0.0625,5.1875,True,False
E5A_rq3_text_plus_image_internvl_retry2_20260730,OpenGVLab/InternVL3-8B,853e3a797a661694b1b8ece0cb72dc2b23e3dac9,python,rq3g_python_092__c4,semantic_visual_conflict_primary,ugly_gold,beautiful_trash,ugly_gold,True,True,False,5.375,0.25,5.375,True,False
E5A_rq3_text_plus_image_internvl_retry2_20260730,OpenGVLab/InternVL3-8B,853e3a797a661694b1b8ece0cb72dc2b23e3dac9,python,rq3g_python_092__c5,semantic_only_under_ugly,ugly_gold,ugly_trash,ugly_gold,True,True,False,4.9375,0.0625,4.9375,True,False
E5A_rq3_text_plus_image_internvl_retry2_20260730,OpenGVLab/InternVL3-8B,853e3a797a661694b1b8ece0cb72dc2b23e3dac9,python,rq3g_python_092__c6,visual_only_trash,beautiful_trash,ugly_trash,beautiful_trash,False,False,False,0.0,-0.5,0.0,False,True
E5A_rq3_text_plus_image_internvl_retry2_20260730,OpenGVLab/InternVL3-8B,853e3a797a661694b1b8ece0cb72dc2b23e3dac9,python,rq3g_python_093__c1,visual_only_gold,golden,ugly_gold,golden,False,False,False,0.375,0.375,0.375,True,False
E5A_rq3_text_plus_image_internvl_retry2_20260730,OpenGVLab/InternVL3-8B,853e3a797a661694b1b8ece0cb72dc2b23e3dac9,python,rq3g_python_093__c2,semantic_and_visual_aligned,golden,beautiful_trash,golden,True,True,False,4.375,0.0,4.375,True,False
E5A_rq3_text_plus_image_internvl_retry2_20260730,OpenGVLab/InternVL3-8B,853e3a797a661694b1b8ece0cb72dc2b23e3dac9,python,rq3g_python_093__c3,semantic_and_visual_aligned,golden,ugly_trash,golden,True,True,False,4.375,-0.125,4.375,True,False
E5A_rq3_text_plus_image_internvl_retry2_20260730,OpenGVLab/InternVL3-8B,853e3a797a661694b1b8ece0cb72dc2b23e3dac9,python,rq3g_python_093__c4,semantic_visual_conflict_primary,ugly_gold,beautiful_trash,ugly_gold,True,True,False,4.25,-0.125,4.25,True,False
E5A_rq3_text_plus_image_internvl_retry2_20260730,OpenGVLab/InternVL3-8B,853e3a797a661694b1b8ece0cb72dc2b23e3dac9,python,rq3g_python_093__c5,semantic_only_under_ugly,ugly_gold,ugly_trash,ugly_gold,True,True,False,4.25,-0.125,4.25,True,False
E5A_rq3_text_plus_image_internvl_retry2_20260730,OpenGVLab/InternVL3-8B,853e3a797a661694b1b8ece0cb72dc2b23e3dac9,python,rq3g_python_093__c6,visual_only_trash,beautiful_trash,ugly_trash,beautiful_trash,False,False,False,0.1875,-1.1875,0.1875,True,False
E5A_rq3_text_plus_image_internvl_retry2_20260730,OpenGVLab/InternVL3-8B,853e3a797a661694b1b8ece0cb72dc2b23e3dac9,python,rq3g_python_094__c1,visual_only_gold,golden,ugly_gold,golden,False,False,False,0.125,0.75,0.125,True,False
E5A_rq3_text_plus_image_internvl_retry2_20260730,OpenGVLab/InternVL3-8B,853e3a797a661694b1b8ece0cb72dc2b23e3dac9,python,rq3g_python_094__c2,semantic_and_visual_aligned,golden,beautiful_trash,golden,True,True,False,5.625,-0.375,5.625,True,False
E5A_rq3_text_plus_image_internvl_retry2_20260730,OpenGVLab/InternVL3-8B,853e3a797a661694b1b8ece0cb72dc2b23e3dac9,python,rq3g_python_094__c3,semantic_and_visual_aligned,golden,ugly_trash,golden,True,True,False,5.375,-0.25,5.375,True,False
E5A_rq3_text_plus_image_internvl_retry2_20260730,OpenGVLab/InternVL3-8B,853e3a797a661694b1b8ece0cb72dc2b23e3dac9,python,rq3g_python_094__c4,semantic_visual_conflict_primary,ugly_gold,beautiful_trash,ugly_gold,True,True,False,5.4375,-0.6875,5.4375,True,False
E5A_rq3_text_plus_image_internvl_retry2_20260730,OpenGVLab/InternVL3-8B,853e3a797a661694b1b8ece0cb72dc2b23e3dac9,python,rq3g_python_094__c5,semantic_only_under_ugly,ugly_gold,ugly_trash,ugly_gold,True,True,False,5.375,-0.625,5.375,True,False
E5A_rq3_text_plus_image_internvl_retry2_20260730,OpenGVLab/InternVL3-8B,853e3a797a661694b1b8ece0cb72dc2b23e3dac9,python,rq3g_python_094__c6,visual_only_trash,beautiful_trash,ugly_trash,beautiful_trash,False,False,False,0.3125,-2.0625,0.3125,True,False
E5A_rq3_text_plus_image_internvl_retry2_20260730,OpenGVLab/InternVL3-8B,853e3a797a661694b1b8ece0cb72dc2b23e3dac9,python,rq3g_python_095__c1,visual_only_gold,golden,ugly_gold,golden,False,False,False,0.125,2.0,0.125,True,False
E5A_rq3_text_plus_image_internvl_retry2_20260730,OpenGVLab/InternVL3-8B,853e3a797a661694b1b8ece0cb72dc2b23e3dac9,python,rq3g_python_095__c2,semantic_and_visual_aligned,golden,beautiful_trash,golden,True,True,False,4.8125,0.9375,4.8125,True,False
E5A_rq3_text_plus_image_internvl_retry2_20260730,OpenGVLab/InternVL3-8B,853e3a797a661694b1b8ece0cb72dc2b23e3dac9,python,rq3g_python_095__c3,semantic_and_visual_aligned,golden,ugly_trash,golden,True,True,False,5.375,1.0,5.375,True,False
E5A_rq3_text_plus_image_internvl_retry2_20260730,OpenGVLab/InternVL3-8B,853e3a797a661694b1b8ece0cb72dc2b23e3dac9,python,rq3g_python_095__c4,semantic_visual_conflict_primary,ugly_gold,beautiful_trash,ugly_gold,True,True,False,4.75,0.75,4.75,True,False
E5A_rq3_text_plus_image_internvl_retry2_20260730,OpenGVLab/InternVL3-8B,853e3a797a661694b1b8ece0cb72dc2b23e3dac9,python,rq3g_python_095__c5,semantic_only_under_ugly,ugly_gold,ugly_trash,ugly_gold,True,True,False,5.25,0.875,5.25,True,False
E5A_rq3_text_plus_image_internvl_retry2_20260730,OpenGVLab/InternVL3-8B,853e3a797a661694b1b8ece0cb72dc2b23e3dac9,python,rq3g_python_095__c6,visual_only_trash,beautiful_trash,ugly_trash,beautiful_trash,False,False,False,0.125,-1.25,0.125,True,False
E5A_rq3_text_plus_image_internvl_retry2_20260730,OpenGVLab/InternVL3-8B,853e3a797a661694b1b8ece0cb72dc2b23e3dac9,python,rq3g_python_096__c1,visual_only_gold,golden,ugly_gold,golden,False,False,False,0.125,1.0,0.125,True,False
E5A_rq3_text_plus_image_internvl_retry2_20260730,OpenGVLab/InternVL3-8B,853e3a797a661694b1b8ece0cb72dc2b23e3dac9,python,rq3g_python_096__c2,semantic_and_visual_aligned,golden,beautiful_trash,golden,True,True,False,5.9375,0.4375,5.9375,True,False
E5A_rq3_text_plus_image_internvl_retry2_20260730,OpenGVLab/InternVL3-8B,853e3a797a661694b1b8ece0cb72dc2b23e3dac9,python,rq3g_python_096__c3,semantic_and_visual_aligned,golden,ugly_trash,golden,True,True,False,5.5625,0.5625,5.5625,True,False
E5A_rq3_text_plus_image_internvl_retry2_20260730,OpenGVLab/InternVL3-8B,853e3a797a661694b1b8ece0cb72dc2b23e3dac9,python,rq3g_python_096__c4,semantic_visual_conflict_primary,ugly_gold,beautiful_trash,ugly_gold,True,True,False,6.125,0.375,6.125,True,False
E5A_rq3_text_plus_image_internvl_retry2_20260730,OpenGVLab/InternVL3-8B,853e3a797a661694b1b8ece0cb72dc2b23e3dac9,python,rq3g_python_096__c5,semantic_only_under_ugly,ugly_gold,ugly_trash,ugly_gold,True,True,False,6.0,0.375,6.0,True,False
E5A_rq3_text_plus_image_internvl_retry2_20260730,OpenGVLab/InternVL3-8B,853e3a797a661694b1b8ece0cb72dc2b23e3dac9,python,rq3g_python_096__c6,visual_only_trash,beautiful_trash,ugly_trash,beautiful_trash,False,False,False,0.0,1.625,0.0,False,True
E5A_rq3_text_plus_image_internvl_retry2_20260730,OpenGVLab/InternVL3-8B,853e3a797a661694b1b8ece0cb72dc2b23e3dac9,python,rq3g_python_097__c1,visual_only_gold,golden,ugly_gold,golden,False,False,False,0.125,0.75,0.125,True,False
E5A_rq3_text_plus_image_internvl_retry2_20260730,OpenGVLab/InternVL3-8B,853e3a797a661694b1b8ece0cb72dc2b23e3dac9,python,rq3g_python_097__c2,semantic_and_visual_aligned,golden,beautiful_trash,golden,True,True,False,5.3125,0.0625,5.3125,True,False
E5A_rq3_text_plus_image_internvl_retry2_20260730,OpenGVLab/InternVL3-8B,853e3a797a661694b1b8ece0cb72dc2b23e3dac9,python,rq3g_python_097__c3,semantic_and_visual_aligned,golden,ugly_trash,golden,True,True,False,5.25,0.0,5.25,True,False
E5A_rq3_text_plus_image_internvl_retry2_20260730,OpenGVLab/InternVL3-8B,853e3a797a661694b1b8ece0cb72dc2b23e3dac9,python,rq3g_python_097__c4,semantic_visual_conflict_primary,ugly_gold,beautiful_trash,ugly_gold,True,True,False,4.8125,-0.1875,4.8125,True,False
E5A_rq3_text_plus_image_internvl_retry2_20260730,OpenGVLab/InternVL3-8B,853e3a797a661694b1b8ece0cb72dc2b23e3dac9,python,rq3g_python_097__c5,semantic_only_under_ugly,ugly_gold,ugly_trash,ugly_gold,True,True,False,4.9375,-0.1875,4.9375,True,False
E5A_rq3_text_plus_image_internvl_retry2_20260730,OpenGVLab/InternVL3-8B,853e3a797a661694b1b8ece0cb72dc2b23e3dac9,python,rq3g_python_097__c6,visual_only_trash,beautiful_trash,ugly_trash,beautiful_trash,False,False,False,0.0625,-2.3125,0.0625,True,False
E5A_rq3_text_plus_image_internvl_retry2_20260730,OpenGVLab/InternVL3-8B,853e3a797a661694b1b8ece0cb72dc2b23e3dac9,python,rq3g_python_098__c1,visual_only_gold,golden,ugly_gold,golden,False,False,False,0.0625,1.0625,0.0625,True,False
E5A_rq3_text_plus_image_internvl_retry2_20260730,OpenGVLab/InternVL3-8B,853e3a797a661694b1b8ece0cb72dc2b23e3dac9,python,rq3g_python_098__c2,semantic_and_visual_aligned,golden,beautiful_trash,golden,True,True,False,4.375,-0.5,4.375,True,False
E5A_rq3_text_plus_image_internvl_retry2_20260730,OpenGVLab/InternVL3-8B,853e3a797a661694b1b8ece0cb72dc2b23e3dac9,python,rq3g_python_098__c3,semantic_and_visual_aligned,golden,ugly_trash,golden,True,True,False,4.5625,-0.3125,4.5625,True,False
E5A_rq3_text_plus_image_internvl_retry2_20260730,OpenGVLab/InternVL3-8B,853e3a797a661694b1b8ece0cb72dc2b23e3dac9,python,rq3g_python_098__c4,semantic_visual_conflict_primary,ugly_gold,beautiful_trash,ugly_gold,True,True,False,4.4375,-0.5625,4.4375,True,False
E5A_rq3_text_plus_image_internvl_retry2_20260730,OpenGVLab/InternVL3-8B,853e3a797a661694b1b8ece0cb72dc2b23e3dac9,python,rq3g_python_098__c5,semantic_only_under_ugly,ugly_gold,ugly_trash,ugly_gold,True,True,False,4.375,-0.25,4.375,True,False
E5A_rq3_text_plus_image_internvl_retry2_20260730,OpenGVLab/InternVL3-8B,853e3a797a661694b1b8ece0cb72dc2b23e3dac9,python,rq3g_python_098__c6,visual_only_trash,beautiful_trash,ugly_trash,beautiful_trash,False,False,False,-0.0625,-0.6875,-0.0625,False,False
E5A_rq3_text_plus_image_internvl_retry2_20260730,OpenGVLab/InternVL3-8B,853e3a797a661694b1b8ece0cb72dc2b23e3dac9,python,rq3g_python_099__c1,visual_only_gold,golden,ugly_gold,golden,True,False,False,-0.1875,-0.0625,-0.1875,False,False
E5A_rq3_text_plus_image_internvl_retry2_20260730,OpenGVLab/InternVL3-8B,853e3a797a661694b1b8ece0cb72dc2b23e3dac9,python,rq3g_python_099__c2,semantic_and_visual_aligned,golden,beautiful_trash,golden,True,True,False,5.0625,0.9375,5.0625,True,False
E5A_rq3_text_plus_image_internvl_retry2_20260730,OpenGVLab/InternVL3-8B,853e3a797a661694b1b8ece0cb72dc2b23e3dac9,python,rq3g_python_099__c3,semantic_and_visual_aligned,golden,ugly_trash,golden,True,True,False,5.625,0.875,5.625,True,False
E5A_rq3_text_plus_image_internvl_retry2_20260730,OpenGVLab/InternVL3-8B,853e3a797a661694b1b8ece0cb72dc2b23e3dac9,python,rq3g_python_099__c4,semantic_visual_conflict_primary,ugly_gold,beautiful_trash,ugly_gold,True,True,False,5.0625,0.8125,5.0625,True,False
E5A_rq3_text_plus_image_internvl_retry2_20260730,OpenGVLab/InternVL3-8B,853e3a797a661694b1b8ece0cb72dc2b23e3dac9,python,rq3g_python_099__c5,semantic_only_under_ugly,ugly_gold,ugly_trash,ugly_gold,True,True,False,5.625,0.75,5.625,True,False
E5A_rq3_text_plus_image_internvl_retry2_20260730,OpenGVLab/InternVL3-8B,853e3a797a661694b1b8ece0cb72dc2b23e3dac9,python,rq3g_python_099__c6,visual_only_trash,beautiful_trash,ugly_trash,beautiful_trash,False,False,False,0.0625,-0.6875,0.0625,True,False
