snippet_id,dataset_name,ocr_engine,feature_loc_total,feature_loc_nonempty,feature_blank_line_ratio,feature_comment_line_ratio,feature_avg_line_length,feature_avg_nonempty_line_length,feature_max_line_length,feature_token_count,feature_avg_token_length,feature_token_entropy,feature_identifier_count,feature_identifier_unique_count,feature_avg_identifier_length,feature_keyword_count,feature_operator_count,feature_literal_count,feature_indent_mean,feature_indent_max,feature_indent_std,feature_nesting_mean,feature_nesting_max,feature_cyclomatic_estimate,feature_halstead_distinct_operators,feature_halstead_distinct_operands,feature_halstead_vocabulary,feature_halstead_length,feature_halstead_volume
dorn_cuda_000,Dorn,rapidocr,112.0,112.0,0.0,0.0,14.982142857142858,14.982142857142858,60.0,397.0,3.9093198992443323,6.325307151010371,150.0,69.0,7.706666666666667,27.0,162.0,58.0,0.008928571428571428,1.0,0.09406833707904232,0.0,0.0,5.0,16.0,127.0,143.0,370.0,2649.1523946080038
dorn_cuda_001,Dorn,rapidocr,25.0,25.0,0.0,0.32,18.76,18.76,59.0,214.0,2.1682242990654204,2.7745464772799,29.0,22.0,9.275862068965518,2.0,177.0,6.0,0.04,1.0,0.19595917942265428,0.0,0.0,1.0,11.0,28.0,39.0,212.0,1120.5052703987967
dorn_cuda_010,Dorn,rapidocr,126.0,126.0,0.0,0.047619047619047616,18.142857142857142,18.142857142857142,59.0,563.0,3.619893428063943,6.438512833222289,220.0,80.0,6.740909090909091,32.0,238.0,73.0,0.007936507936507936,1.0,0.08873285624999165,1.5555555555555556,3.0,6.0,20.0,148.0,168.0,531.0,3925.320551495522
dorn_cuda_100,Dorn,rapidocr,88.0,88.0,0.0,0.10227272727272728,16.545454545454547,16.545454545454547,59.0,526.0,2.593155893536122,5.798103453464706,153.0,52.0,5.934640522875817,9.0,272.0,92.0,0.0,0.0,0.0,0.0,0.0,1.0,17.0,108.0,125.0,517.0,3601.310475170299
dorn_cuda_101,Dorn,rapidocr,43.0,43.0,0.0,0.06976744186046512,17.209302325581394,17.209302325581394,59.0,223.0,2.883408071748879,6.267709788251126,88.0,66.0,5.181818181818182,11.0,93.0,31.0,0.0,0.0,0.0,0.813953488372093,1.0,2.0,19.0,90.0,109.0,212.0,1434.8550768527084
dorn_cuda_102,Dorn,rapidocr,78.0,78.0,0.0,0.01282051282051282,10.743589743589743,10.743589743589743,56.0,236.0,3.3177966101694913,5.757327294150805,65.0,34.0,6.953846153846154,19.0,101.0,51.0,0.0,0.0,0.0,0.0,0.0,5.0,12.0,82.0,94.0,217.0,1422.3457808140474
dorn_cuda_103,Dorn,rapidocr,16.0,16.0,0.0,0.0625,23.4375,23.4375,56.0,107.0,3.308411214953271,4.933512834451528,37.0,31.0,7.216216216216216,4.0,57.0,9.0,0.0625,1.0,0.24206145913796356,0.0,0.0,1.0,10.0,37.0,47.0,103.0,572.1226517227967
dorn_cuda_104,Dorn,rapidocr,47.0,47.0,0.0,0.10638297872340426,17.340425531914892,17.340425531914892,57.0,191.0,3.9842931937172774,5.883339399943171,75.0,44.0,7.226666666666667,14.0,81.0,21.0,0.0425531914893617,1.0,0.20184751022351363,0.8297872340425532,2.0,3.0,14.0,65.0,79.0,177.0,1115.7691924273472
dorn_cuda_105,Dorn,rapidocr,13.0,13.0,0.0,0.15384615384615385,17.384615384615383,17.384615384615383,55.0,57.0,3.8771929824561404,4.600176636857892,22.0,18.0,7.681818181818182,4.0,28.0,3.0,0.0,0.0,0.0,0.0,0.0,1.0,8.0,21.0,29.0,53.0,257.4729927417613
dorn_cuda_106,Dorn,rapidocr,99.0,99.0,0.0,0.0,15.525252525252526,15.525252525252526,60.0,391.0,3.498721227621483,7.082083299789857,197.0,122.0,5.213197969543147,19.0,112.0,63.0,0.0,0.0,0.0,0.9797979797979798,3.0,4.0,18.0,182.0,200.0,372.0,2843.5145025961974
dorn_cuda_107,Dorn,rapidocr,14.0,14.0,0.0,0.07142857142857142,16.357142857142858,16.357142857142858,42.0,44.0,5.136363636363637,4.150708688512891,16.0,12.0,6.75,0.0,24.0,4.0,0.0,0.0,0.0,0.0,0.0,1.0,7.0,16.0,23.0,44.0,199.03672606650858
dorn_cuda_108,Dorn,rapidocr,137.0,137.0,0.0,0.021897810218978103,18.7007299270073,18.7007299270073,60.0,697.0,3.3974175035868006,6.036165717470442,296.0,125.0,6.016891891891892,17.0,301.0,83.0,0.0,0.0,0.0,2.5547445255474455,4.0,3.0,13.0,198.0,211.0,680.0,5250.347448320886
dorn_cuda_109,Dorn,rapidocr,16.0,16.0,0.0,0.0625,8.625,8.625,24.0,40.0,3.25,4.527567157116929,24.0,16.0,4.5,0.0,14.0,2.0,0.0,0.0,0.0,0.0,0.0,1.0,8.0,18.0,26.0,40.0,188.01758872564366
dorn_cuda_011,Dorn,rapidocr,23.0,23.0,0.0,0.17391304347826086,12.347826086956522,12.347826086956522,28.0,117.0,2.1794871794871793,4.561430192372338,53.0,26.0,3.3962264150943398,3.0,55.0,6.0,0.0,0.0,0.0,0.30434782608695654,1.0,1.0,8.0,29.0,37.0,114.0,593.8776836817003
dorn_cuda_110,Dorn,rapidocr,126.0,126.0,0.0,0.03968253968253968,19.150793650793652,19.150793650793652,57.0,513.0,4.6003898635477585,5.763871430689685,166.0,69.0,10.198795180722891,19.0,251.0,77.0,0.0,0.0,0.0,0.0,0.0,1.0,13.0,133.0,146.0,494.0,3551.7733320867287
dorn_cuda_111,Dorn,rapidocr,63.0,63.0,0.0,0.0,16.11111111111111,16.11111111111111,60.0,247.0,3.6153846153846154,6.837811717924016,150.0,102.0,4.66,8.0,53.0,36.0,0.0,0.0,0.0,0.0,0.0,2.0,12.0,138.0,150.0,239.0,1727.6876670285155
dorn_cuda_112,Dorn,rapidocr,84.0,84.0,0.0,0.03571428571428571,14.321428571428571,14.321428571428571,60.0,521.0,2.199616122840691,6.0278072319165155,166.0,62.0,3.783132530120482,25.0,264.0,66.0,0.0,0.0,0.0,0.7619047619047619,2.0,10.0,22.0,113.0,135.0,496.0,3510.100536137212
dorn_cuda_113,Dorn,rapidocr,117.0,117.0,0.0,0.13675213675213677,15.811965811965813,15.811965811965813,51.0,577.0,2.8578856152512997,5.741129388455033,265.0,50.0,4.769811320754717,8.0,246.0,58.0,0.0,0.0,0.0,0.0,0.0,1.0,10.0,107.0,117.0,569.0,3909.237525442957
dorn_cuda_114,Dorn,rapidocr,128.0,128.0,0.0,0.015625,17.96875,17.96875,60.0,614.0,3.480456026058632,6.163142578590829,270.0,114.0,6.062962962962963,8.0,245.0,91.0,0.0,0.0,0.0,1.1796875,2.0,2.0,12.0,189.0,201.0,606.0,4636.537324854431
dorn_cuda_115,Dorn,rapidocr,86.0,86.0,0.0,0.05813953488372093,21.511627906976745,21.511627906976745,56.0,524.0,3.349236641221374,6.007020262706265,166.0,82.0,7.72289156626506,21.0,267.0,70.0,0.0,0.0,0.0,0.08139534883720931,1.0,4.0,15.0,128.0,143.0,503.0,3601.4152823995296
dorn_cuda_116,Dorn,rapidocr,47.0,47.0,0.0,0.0,16.02127659574468,16.02127659574468,62.0,160.0,4.45625,5.4159390406623515,50.0,30.0,11.0,10.0,77.0,23.0,0.0,0.0,0.0,4.0,6.0,4.0,13.0,53.0,66.0,150.0,906.659117903768
dorn_cuda_117,Dorn,rapidocr,62.0,62.0,0.0,0.06451612903225806,17.596774193548388,17.596774193548388,47.0,223.0,4.475336322869955,5.759263979152563,100.0,54.0,8.37,3.0,94.0,26.0,0.016129032258064516,1.0,0.1259717689662364,0.0,0.0,1.0,13.0,79.0,92.0,220.0,1435.1836303325429
dorn_cuda_118,Dorn,rapidocr,23.0,23.0,0.0,0.17391304347826086,21.82608695652174,21.82608695652174,56.0,135.0,3.4518518518518517,5.088076733183131,47.0,35.0,7.042553191489362,13.0,65.0,10.0,0.08695652173913043,1.0,0.2817713347133853,0.0,0.0,1.0,10.0,42.0,52.0,122.0,695.4536456132132
dorn_cuda_119,Dorn,rapidocr,40.0,40.0,0.0,0.0,13.15,13.15,60.0,196.0,2.306122448979592,5.511852678557057,65.0,28.0,3.6153846153846154,20.0,80.0,31.0,0.0,0.0,0.0,0.0,0.0,5.0,12.0,55.0,67.0,176.0,1067.631697520568
dorn_cuda_012,Dorn,rapidocr,14.0,14.0,0.0,0.14285714285714285,12.785714285714286,12.785714285714286,36.0,49.0,3.510204081632653,4.701871967519279,21.0,18.0,6.523809523809524,1.0,25.0,2.0,0.0,0.0,0.0,0.0,0.0,1.0,11.0,20.0,31.0,48.0,237.80142289857
dorn_cuda_013,Dorn,rapidocr,56.0,56.0,0.0,0.14285714285714285,14.678571428571429,14.678571428571429,59.0,247.0,2.9473684210526314,6.048939242283848,119.0,65.0,4.638655462184874,5.0,95.0,28.0,0.017857142857142856,1.0,0.13243211584099399,1.7857142857142858,2.0,1.0,12.0,93.0,105.0,242.0,1624.8474152752017
dorn_cuda_014,Dorn,rapidocr,68.0,68.0,0.0,0.04411764705882353,16.897058823529413,16.897058823529413,60.0,335.0,3.1074626865671644,6.065529084966264,134.0,63.0,5.335820895522388,23.0,139.0,39.0,0.0,0.0,0.0,0.0,0.0,2.0,15.0,95.0,110.0,312.0,2115.784230619694
dorn_cuda_015,Dorn,rapidocr,51.0,51.0,0.0,0.0,17.725490196078432,17.725490196078432,60.0,248.0,3.2903225806451615,5.878650818256614,86.0,40.0,6.8023255813953485,14.0,111.0,37.0,0.0,0.0,0.0,0.9215686274509803,1.0,2.0,18.0,72.0,90.0,234.0,1519.093624541144
dorn_cuda_016,Dorn,rapidocr,59.0,59.0,0.0,0.0,20.35593220338983,20.35593220338983,58.0,345.0,3.1652173913043478,5.538204837364348,167.0,89.0,5.287425149700598,0.0,132.0,46.0,0.0,0.0,0.0,0.0,0.0,1.0,6.0,125.0,131.0,345.0,2426.5309355304203
dorn_cuda_017,Dorn,rapidocr,79.0,79.0,0.0,0.0379746835443038,12.151898734177216,12.151898734177216,56.0,263.0,3.4220532319391634,5.977704127744964,84.0,51.0,6.583333333333333,16.0,111.0,52.0,0.0,0.0,0.0,0.0,0.0,4.0,14.0,100.0,114.0,247.0,1687.7238334986912
dorn_cuda_018,Dorn,rapidocr,51.0,51.0,0.0,0.0,17.372549019607842,17.372549019607842,56.0,219.0,3.598173515981735,5.627555024052978,73.0,35.0,8.123287671232877,11.0,101.0,34.0,0.0,0.0,0.0,0.6862745098039216,2.0,6.0,13.0,65.0,78.0,208.0,1307.3636615233477
dorn_cuda_019,Dorn,rapidocr,66.0,66.0,0.0,0.18181818181818182,18.060606060606062,18.060606060606062,58.0,258.0,4.096899224806202,6.343515883300441,116.0,67.0,5.112068965517241,9.0,96.0,37.0,0.015151515151515152,1.0,0.12215542042876588,2.212121212121212,4.0,4.0,18.0,97.0,115.0,249.0,1704.5270226851494
dorn_cuda_002,Dorn,rapidocr,9.0,9.0,0.0,0.1111111111111111,16.666666666666668,16.666666666666668,45.0,43.0,3.488372093023256,4.2374411389168944,15.0,9.0,7.466666666666667,1.0,24.0,3.0,0.0,0.0,0.0,0.0,0.0,1.0,10.0,11.0,21.0,42.0,184.47733175670794
dorn_cuda_020,Dorn,rapidocr,105.0,105.0,0.0,0.05714285714285714,20.066666666666666,20.066666666666666,57.0,470.0,4.248936170212766,5.9277994947613974,175.0,88.0,8.245714285714286,8.0,231.0,56.0,0.01904761904761905,1.0,0.1366923818514983,0.0,0.0,3.0,12.0,143.0,155.0,462.0,3361.5694752366976
dorn_cuda_021,Dorn,rapidocr,27.0,27.0,0.0,0.0,18.37037037037037,18.37037037037037,38.0,180.0,2.3777777777777778,4.655173151811376,58.0,9.0,4.758620689655173,8.0,95.0,19.0,0.0,0.0,0.0,0.07407407407407407,1.0,7.0,12.0,22.0,34.0,172.0,875.0436086950583
dorn_cuda_022,Dorn,rapidocr,48.0,48.0,0.0,0.0,13.25,13.25,56.0,224.0,2.5669642857142856,5.172718939687664,65.0,19.0,4.876923076923077,14.0,116.0,29.0,0.0,0.0,0.0,1.0625,2.0,8.0,15.0,47.0,62.0,210.0,1250.3812251812437
dorn_cuda_023,Dorn,rapidocr,123.0,123.0,0.0,0.04878048780487805,17.617886178861788,17.617886178861788,52.0,550.0,3.7963636363636364,6.262515020000022,185.0,95.0,8.762162162162163,15.0,273.0,77.0,0.0,0.0,0.0,0.0,0.0,4.0,17.0,160.0,177.0,535.0,3995.1689692944037
dorn_cuda_024,Dorn,rapidocr,84.0,84.0,0.0,0.0,19.202380952380953,19.202380952380953,58.0,472.0,3.080508474576271,5.801044197049714,218.0,94.0,5.110091743119266,14.0,192.0,48.0,0.0,0.0,0.0,1.2857142857142858,2.0,2.0,12.0,135.0,147.0,458.0,3297.449933935055
dorn_cuda_025,Dorn,rapidocr,77.0,77.0,0.0,0.025974025974025976,21.207792207792206,21.207792207792206,57.0,380.0,4.171052631578948,5.774895054092952,126.0,80.0,9.976190476190476,12.0,193.0,49.0,0.0,0.0,0.0,0.0,0.0,1.0,16.0,119.0,135.0,368.0,2604.2681397147057
dorn_cuda_026,Dorn,rapidocr,104.0,104.0,0.0,0.15384615384615385,19.134615384615383,19.134615384615383,60.0,522.0,3.4444444444444446,6.156970542193846,213.0,105.0,5.732394366197183,20.0,227.0,62.0,0.0,0.0,0.0,0.0,0.0,11.0,14.0,161.0,175.0,502.0,3740.507978139829
dorn_cuda_027,Dorn,rapidocr,49.0,49.0,0.0,0.061224489795918366,18.306122448979593,18.306122448979593,51.0,282.0,2.900709219858156,5.506609076165166,101.0,42.0,5.742574257425742,14.0,141.0,26.0,0.0,0.0,0.0,0.9387755102040817,1.0,9.0,15.0,65.0,80.0,268.0,1694.2767294298133
dorn_cuda_028,Dorn,rapidocr,97.0,97.0,0.0,0.061855670103092786,15.670103092783505,15.670103092783505,60.0,470.0,2.9404255319148938,6.198209964441222,192.0,77.0,4.958333333333333,25.0,194.0,59.0,0.0,0.0,0.0,0.0,0.0,1.0,15.0,128.0,143.0,445.0,3186.142744866383
dorn_cuda_029,Dorn,rapidocr,16.0,16.0,0.0,0.1875,7.125,7.125,18.0,35.0,3.1714285714285713,4.41158543183743,12.0,12.0,5.833333333333333,6.0,14.0,3.0,0.0,0.0,0.0,0.0,0.0,1.0,8.0,15.0,23.0,29.0,131.18329672565338
dorn_cuda_003,Dorn,rapidocr,52.0,52.0,0.0,0.0,20.76923076923077,20.76923076923077,60.0,223.0,4.408071748878924,5.815338393403102,95.0,54.0,8.389473684210527,8.0,91.0,29.0,0.0,0.0,0.0,0.7884615384615384,1.0,3.0,12.0,80.0,92.0,215.0,1402.5658205522577
dorn_cuda_030,Dorn,rapidocr,137.0,137.0,0.0,0.0072992700729927005,19.48175182481752,19.48175182481752,60.0,642.0,3.838006230529595,6.153406000200486,222.0,99.0,8.563063063063064,25.0,319.0,76.0,0.014598540145985401,1.0,0.1199392461690145,1.467153284671533,4.0,4.0,19.0,173.0,192.0,617.0,4679.921862944953
dorn_cuda_031,Dorn,rapidocr,79.0,79.0,0.0,0.0,13.177215189873417,13.177215189873417,55.0,233.0,4.24892703862661,5.974513276299494,76.0,36.0,5.2105263157894735,12.0,104.0,41.0,0.0,0.0,0.0,1.5443037974683544,4.0,5.0,20.0,76.0,96.0,221.0,1455.2767126593756
dorn_cuda_032,Dorn,rapidocr,19.0,19.0,0.0,0.15789473684210525,30.473684210526315,30.473684210526315,57.0,181.0,3.0828729281767955,4.7909081170286765,64.0,31.0,6.71875,0.0,109.0,8.0,0.0,0.0,0.0,0.0,0.0,1.0,10.0,38.0,48.0,181.0,1010.8782126305292
dorn_cuda_033,Dorn,rapidocr,69.0,69.0,0.0,0.0,19.028985507246375,19.028985507246375,56.0,338.0,3.6094674556213016,5.7110194311946065,114.0,57.0,8.192982456140351,11.0,176.0,37.0,0.028985507246376812,1.0,0.1677657522143511,2.9130434782608696,5.0,5.0,15.0,94.0,109.0,327.0,2213.1962742020546
dorn_cuda_034,Dorn,rapidocr,147.0,147.0,0.0,0.034013605442176874,16.095238095238095,16.095238095238095,57.0,75.0,33.053333333333335,4.9061472308153755,32.0,20.0,4.46875,0.0,34.0,9.0,0.0,0.0,0.0,0.0,0.0,1.0,10.0,29.0,39.0,75.0,396.40516641466866
dorn_cuda_035,Dorn,rapidocr,11.0,11.0,0.0,0.0,10.181818181818182,10.181818181818182,21.0,25.0,4.36,3.4226831892554923,13.0,12.0,7.384615384615385,0.0,11.0,1.0,0.0,0.0,0.0,0.0,0.0,1.0,3.0,13.0,16.0,25.0,100.0
dorn_cuda_036,Dorn,rapidocr,126.0,126.0,0.0,0.007936507936507936,14.96031746031746,14.96031746031746,60.0,529.0,3.32703213610586,5.696317344570601,161.0,45.0,7.571428571428571,26.0,256.0,86.0,0.007936507936507936,1.0,0.08873285624999165,2.8015873015873014,3.0,14.0,15.0,118.0,133.0,503.0,3548.8070650570985
dorn_cuda_037,Dorn,rapidocr,84.0,84.0,0.0,0.0,14.071428571428571,14.071428571428571,60.0,284.0,3.897887323943662,5.985316358563681,97.0,50.0,8.051546391752577,16.0,120.0,51.0,0.0,0.0,0.0,0.6309523809523809,1.0,3.0,11.0,100.0,111.0,268.0,1820.9034521818285
dorn_cuda_038,Dorn,rapidocr,136.0,136.0,0.0,0.0,19.220588235294116,19.220588235294116,60.0,670.0,3.6164179104477614,6.023319504350619,269.0,85.0,6.929368029739777,10.0,298.0,93.0,0.0,0.0,0.0,2.0,4.0,5.0,15.0,162.0,177.0,660.0,4928.619663054778
dorn_cuda_039,Dorn,rapidocr,47.0,47.0,0.0,0.0,15.148936170212766,15.148936170212766,55.0,131.0,5.320610687022901,5.321373772949484,36.0,19.0,5.5,8.0,65.0,22.0,0.0,0.0,0.0,2.4680851063829787,4.0,5.0,17.0,39.0,56.0,123.0,714.3046554130852
dorn_cuda_004,Dorn,rapidocr,78.0,78.0,0.0,0.0,12.35897435897436,12.35897435897436,55.0,208.0,4.447115384615385,5.8786789507466,62.0,30.0,5.435483870967742,13.0,93.0,40.0,0.0,0.0,0.0,2.0384615384615383,4.0,5.0,19.0,69.0,88.0,195.0,1259.589165634273
dorn_cuda_040,Dorn,rapidocr,17.0,17.0,0.0,0.0,11.058823529411764,11.058823529411764,27.0,44.0,4.0227272727272725,3.6028274260984117,24.0,13.0,5.375,0.0,18.0,2.0,0.0,0.0,0.0,0.0,0.0,1.0,3.0,15.0,18.0,44.0,183.47670006346175
dorn_cuda_041,Dorn,rapidocr,37.0,37.0,0.0,0.08108108108108109,15.216216216216216,15.216216216216216,53.0,149.0,3.38255033557047,5.534122087614467,59.0,25.0,5.033898305084746,6.0,57.0,27.0,0.02702702702702703,1.0,0.16216216216216217,0.0,0.0,3.0,11.0,52.0,63.0,143.0,854.7510290604881
dorn_cuda_042,Dorn,rapidocr,91.0,91.0,0.0,0.06593406593406594,15.12087912087912,15.12087912087912,59.0,334.0,3.745508982035928,6.563368533966855,147.0,80.0,6.36734693877551,14.0,124.0,49.0,0.0,0.0,0.0,0.0,0.0,4.0,16.0,127.0,143.0,320.0,2291.1588277690844
dorn_cuda_043,Dorn,rapidocr,21.0,21.0,0.0,0.14285714285714285,25.428571428571427,25.428571428571427,60.0,103.0,4.834951456310679,5.301283120821328,47.0,37.0,8.787234042553191,6.0,40.0,10.0,0.047619047619047616,1.0,0.21295885499998,0.6190476190476191,1.0,1.0,7.0,47.0,54.0,97.0,558.2240877098565
dorn_cuda_044,Dorn,rapidocr,40.0,40.0,0.0,0.025,11.375,11.375,52.0,179.0,2.201117318435754,5.477889100801851,70.0,30.0,3.6714285714285713,3.0,85.0,21.0,0.0,0.0,0.0,0.0,0.0,4.0,14.0,51.0,65.0,176.0,1059.9367350930079
dorn_cuda_045,Dorn,rapidocr,16.0,16.0,0.0,0.0,23.125,23.125,42.0,52.0,6.730769230769231,3.3473316617032443,35.0,6.0,9.342857142857143,0.0,9.0,8.0,0.0,0.0,0.0,0.0,0.0,1.0,2.0,14.0,16.0,52.0,208.0
dorn_cuda_046,Dorn,rapidocr,90.0,90.0,0.0,0.022222222222222223,13.833333333333334,13.833333333333334,56.0,328.0,3.4939024390243905,6.451422285343573,121.0,73.0,6.694214876033058,22.0,140.0,45.0,0.0,0.0,0.0,0.0,0.0,7.0,20.0,118.0,138.0,306.0,2175.20848377412
dorn_cuda_047,Dorn,rapidocr,179.0,179.0,0.0,0.03910614525139665,17.810055865921786,17.810055865921786,60.0,551.0,5.49546279491833,6.669090822228218,226.0,127.0,8.915929203539823,28.0,206.0,91.0,0.00558659217877095,1.0,0.0745344361124376,0.0,0.0,1.0,12.0,215.0,227.0,523.0,4093.2848588531488
dorn_cuda_048,Dorn,rapidocr,54.0,54.0,0.0,0.05555555555555555,14.314814814814815,14.314814814814815,52.0,220.0,3.1954545454545453,5.929024091493609,84.0,48.0,6.285714285714286,5.0,101.0,30.0,0.0,0.0,0.0,1.3333333333333333,2.0,5.0,16.0,77.0,93.0,215.0,1405.9191443882266
dorn_cuda_049,Dorn,rapidocr,16.0,16.0,0.0,0.1875,30.1875,30.1875,56.0,104.0,4.3173076923076925,5.229843031970273,54.0,38.0,7.314814814814815,0.0,44.0,6.0,0.0,0.0,0.0,0.0,0.0,1.0,8.0,43.0,51.0,104.0,589.9322355650355
dorn_cuda_005,Dorn,rapidocr,50.0,50.0,0.0,0.1,16.0,16.0,59.0,265.0,2.732075471698113,4.836637589007874,65.0,50.0,6.338461538461538,18.0,153.0,29.0,0.0,0.0,0.0,0.0,0.0,1.0,12.0,76.0,88.0,247.0,1595.4796098034124
dorn_cuda_050,Dorn,rapidocr,70.0,70.0,0.0,0.0,15.185714285714285,15.185714285714285,40.0,314.0,3.1751592356687897,4.6216679130566884,137.0,28.0,5.788321167883212,0.0,152.0,25.0,0.0,0.0,0.0,0.0,0.0,1.0,8.0,53.0,61.0,314.0,1862.2515239947463
dorn_cuda_051,Dorn,rapidocr,131.0,131.0,0.0,0.0,14.595419847328245,14.595419847328245,60.0,574.0,3.1149825783972127,5.591453417320136,175.0,40.0,6.885714285714286,29.0,282.0,88.0,0.0,0.0,0.0,1.8625954198473282,2.0,15.0,14.0,113.0,127.0,545.0,3808.8331542908304
dorn_cuda_052,Dorn,rapidocr,20.0,20.0,0.0,0.0,10.0,10.0,26.0,68.0,2.661764705882353,4.807528099490672,26.0,17.0,4.8076923076923075,5.0,33.0,4.0,0.0,0.0,0.0,0.35,1.0,3.0,11.0,21.0,32.0,63.0,315.0
dorn_cuda_053,Dorn,rapidocr,147.0,147.0,0.0,0.1564625850340136,10.666666666666666,10.666666666666666,49.0,556.0,2.446043165467626,5.842626566994659,203.0,86.0,4.586206896551724,3.0,252.0,98.0,0.027210884353741496,1.0,0.1626974250762095,0.1360544217687075,1.0,1.0,14.0,136.0,150.0,553.0,3997.5367358442218
dorn_cuda_054,Dorn,rapidocr,13.0,13.0,0.0,0.23076923076923078,12.615384615384615,12.615384615384615,55.0,55.0,2.8,4.700888405066104,19.0,17.0,5.7368421052631575,2.0,29.0,5.0,0.0,0.0,0.0,0.0,0.0,2.0,11.0,22.0,33.0,53.0,267.35288832599804
dorn_cuda_055,Dorn,rapidocr,13.0,13.0,0.0,0.0,19.53846153846154,19.53846153846154,51.0,62.0,3.967741935483871,4.505590866384857,26.0,26.0,7.730769230769231,2.0,28.0,6.0,0.0,0.0,0.0,0.6153846153846154,1.0,2.0,6.0,31.0,37.0,60.0,312.567201937737
dorn_cuda_056,Dorn,rapidocr,18.0,18.0,0.0,0.05555555555555555,17.27777777777778,17.27777777777778,49.0,86.0,3.4302325581395348,4.903570459346853,38.0,25.0,6.421052631578948,1.0,45.0,2.0,0.0,0.0,0.0,0.0,0.0,2.0,12.0,27.0,39.0,85.0,449.25918860329114
dorn_cuda_057,Dorn,rapidocr,13.0,13.0,0.0,0.0,16.23076923076923,16.23076923076923,44.0,40.0,5.25,3.833783409004101,13.0,12.0,12.76923076923077,5.0,22.0,0.0,0.0,0.0,0.0,0.0,0.0,3.0,5.0,12.0,17.0,35.0,143.06119944376186
dorn_cuda_058,Dorn,rapidocr,22.0,22.0,0.0,0.0,11.818181818181818,11.818181818181818,44.0,62.0,4.17741935483871,4.6415498912698725,33.0,24.0,6.545454545454546,6.0,23.0,0.0,0.0,0.0,0.0,0.36363636363636365,1.0,1.0,7.0,24.0,31.0,56.0,277.434993381665
dorn_cuda_059,Dorn,rapidocr,84.0,84.0,0.0,0.0,16.25,16.25,53.0,440.0,2.8,5.086789618327683,132.0,15.0,6.098484848484849,15.0,220.0,73.0,0.011904761904761904,1.0,0.10845754260886069,5.535714285714286,10.0,13.0,14.0,66.0,80.0,425.0,2686.819440327129
dorn_cuda_006,Dorn,rapidocr,38.0,38.0,0.0,0.18421052631578946,9.763157894736842,9.763157894736842,36.0,75.0,4.76,4.39710208929964,36.0,22.0,8.222222222222221,2.0,31.0,6.0,0.02631578947368421,1.0,0.16007269816574266,0.39473684210526316,1.0,1.0,7.0,28.0,35.0,73.0,374.43766023698254
dorn_cuda_060,Dorn,rapidocr,59.0,59.0,0.0,0.11864406779661017,18.47457627118644,18.47457627118644,60.0,264.0,3.632575757575758,6.7870516564325065,148.0,102.0,4.736486486486487,9.0,75.0,32.0,0.0,0.0,0.0,0.3220338983050847,1.0,2.0,13.0,134.0,147.0,255.0,1835.9164479332728
dorn_cuda_061,Dorn,rapidocr,49.0,49.0,0.0,0.0,17.20408163265306,17.20408163265306,59.0,254.0,2.9330708661417324,5.769811891576711,92.0,46.0,5.880434782608695,8.0,126.0,28.0,0.0,0.0,0.0,1.4285714285714286,2.0,6.0,19.0,71.0,90.0,246.0,1596.9958616971
dorn_cuda_062,Dorn,rapidocr,5.0,5.0,0.0,0.0,6.4,6.4,14.0,12.0,2.5833333333333335,3.188721875540867,5.0,5.0,4.8,0.0,7.0,0.0,0.0,0.0,0.0,0.0,0.0,1.0,5.0,5.0,10.0,12.0,39.86313713864835
dorn_cuda_063,Dorn,rapidocr,14.0,14.0,0.0,0.07142857142857142,18.214285714285715,18.214285714285715,56.0,70.0,3.4,4.5818576604478,26.0,22.0,6.884615384615385,4.0,33.0,7.0,0.0,0.0,0.0,0.0,0.0,1.0,6.0,26.0,32.0,66.0,330.0
dorn_cuda_064,Dorn,rapidocr,147.0,147.0,0.0,0.034013605442176874,16.095238095238095,16.095238095238095,57.0,75.0,33.053333333333335,4.9061472308153755,32.0,20.0,4.46875,0.0,34.0,9.0,0.0,0.0,0.0,0.0,0.0,1.0,10.0,29.0,39.0,75.0,396.40516641466866
dorn_cuda_065,Dorn,rapidocr,15.0,15.0,0.0,0.06666666666666667,11.8,11.8,38.0,47.0,3.6382978723404253,4.544292182414573,15.0,12.0,5.8,4.0,23.0,5.0,0.0,0.0,0.0,0.0,0.0,3.0,9.0,17.0,26.0,43.0,202.11890788006696
dorn_cuda_066,Dorn,rapidocr,16.0,16.0,0.0,0.125,6.5625,6.5625,19.0,58.0,1.6724137931034482,4.2426260904429,21.0,10.0,2.619047619047619,2.0,33.0,2.0,0.0,0.0,0.0,0.0,0.0,3.0,10.0,12.0,22.0,56.0,249.72817064368866
dorn_cuda_067,Dorn,rapidocr,23.0,23.0,0.0,0.0,28.782608695652176,28.782608695652176,56.0,134.0,4.791044776119403,4.831822821434577,46.0,34.0,11.391304347826088,7.0,67.0,14.0,0.0,0.0,0.0,0.0,0.0,1.0,6.0,44.0,50.0,127.0,716.76973610139
dorn_cuda_068,Dorn,rapidocr,63.0,63.0,0.0,0.1111111111111111,19.03174603174603,19.03174603174603,60.0,410.0,2.7,4.788125208057966,93.0,53.0,7.408602150537634,23.0,254.0,40.0,0.0,0.0,0.0,0.0,0.0,3.0,15.0,89.0,104.0,387.0,2593.0701709206023
dorn_cuda_069,Dorn,rapidocr,123.0,123.0,0.0,0.0,13.902439024390244,13.902439024390244,56.0,362.0,4.461325966850829,5.92194043821284,142.0,65.0,9.373239436619718,4.0,141.0,75.0,0.008130081300813009,1.0,0.08979968306656307,1.5609756097560976,3.0,4.0,11.0,124.0,135.0,358.0,2533.4999837441974
dorn_cuda_007,Dorn,rapidocr,84.0,84.0,0.0,0.03571428571428571,17.511904761904763,17.511904761904763,59.0,581.0,2.1772805507745265,5.593888311711355,202.0,47.0,3.881188118811881,16.0,300.0,63.0,0.011904761904761904,1.0,0.10845754260886069,1.9642857142857142,4.0,5.0,17.0,91.0,108.0,565.0,3816.5114387223593
dorn_cuda_070,Dorn,rapidocr,24.0,24.0,0.0,0.0,8.75,8.75,44.0,41.0,4.926829268292683,4.763295224701004,25.0,23.0,7.0,3.0,11.0,2.0,0.0,0.0,0.0,0.0,0.0,1.0,4.0,25.0,29.0,38.0,184.60327781484773
dorn_cuda_071,Dorn,rapidocr,78.0,78.0,0.0,0.0641025641025641,16.94871794871795,16.94871794871795,52.0,365.0,3.4712328767123286,5.742809223603099,159.0,48.0,6.276729559748428,6.0,159.0,41.0,0.0,0.0,0.0,1.3205128205128205,2.0,3.0,16.0,88.0,104.0,359.0,2405.457858812652
dorn_cuda_072,Dorn,rapidocr,18.0,18.0,0.0,0.2777777777777778,18.666666666666668,18.666666666666668,55.0,84.0,3.9047619047619047,5.129533269898124,32.0,30.0,8.375,2.0,47.0,3.0,0.0,0.0,0.0,0.0,0.0,1.0,12.0,33.0,45.0,82.0,450.33195389903335
dorn_cuda_073,Dorn,rapidocr,80.0,80.0,0.0,0.0375,12.1,12.1,54.0,275.0,3.2945454545454544,5.783291185160065,75.0,39.0,6.746666666666667,9.0,134.0,57.0,0.0125,1.0,0.11110243021644486,1.85,3.0,4.0,17.0,87.0,104.0,266.0,1782.3169650255304
dorn_cuda_074,Dorn,rapidocr,52.0,52.0,0.0,0.09615384615384616,15.211538461538462,15.211538461538462,60.0,312.0,2.326923076923077,4.108105299167681,58.0,45.0,6.724137931034483,17.0,207.0,30.0,0.0,0.0,0.0,0.0,0.0,2.0,11.0,73.0,84.0,295.0,1885.7336397197344
dorn_cuda_075,Dorn,rapidocr,100.0,100.0,0.0,0.02,16.47,16.47,60.0,475.0,3.1136842105263156,6.767546750709675,229.0,147.0,4.882096069868996,8.0,179.0,59.0,0.0,0.0,0.0,0.51,1.0,3.0,13.0,206.0,219.0,467.0,3630.825556833748
dorn_cuda_076,Dorn,rapidocr,80.0,80.0,0.0,0.0875,12.475,12.475,56.0,282.0,3.3191489361702127,5.995308906556127,84.0,49.0,5.940476190476191,16.0,132.0,50.0,0.025,1.0,0.15612494995995996,2.8375,3.0,4.0,16.0,99.0,115.0,266.0,1820.9003535512038
dorn_cuda_077,Dorn,rapidocr,15.0,15.0,0.0,0.0,20.0,20.0,46.0,59.0,4.966101694915254,4.029457281223628,24.0,10.0,9.958333333333334,4.0,27.0,4.0,0.0,0.0,0.0,0.0,0.0,2.0,8.0,12.0,20.0,55.0,237.70604521880495
dorn_cuda_078,Dorn,rapidocr,101.0,101.0,0.0,0.07920792079207921,21.356435643564357,21.356435643564357,60.0,555.0,3.7045045045045044,5.529350001598056,124.0,46.0,11.14516129032258,37.0,308.0,86.0,0.009900990099009901,1.0,0.09900990099009899,0.009900990099009901,1.0,9.0,15.0,105.0,120.0,518.0,3577.7693285252126
dorn_cuda_079,Dorn,rapidocr,67.0,67.0,0.0,0.014925373134328358,19.62686567164179,19.62686567164179,60.0,366.0,3.4508196721311477,5.896720645192691,117.0,68.0,7.9743589743589745,14.0,187.0,48.0,0.0,0.0,0.0,0.0,0.0,1.0,14.0,104.0,118.0,352.0,2422.6903533753684
dorn_cuda_008,Dorn,rapidocr,19.0,19.0,0.0,0.0,15.263157894736842,15.263157894736842,50.0,56.0,5.071428571428571,4.3924389688455125,26.0,17.0,9.653846153846153,0.0,26.0,4.0,0.0,0.0,0.0,0.0,0.0,1.0,6.0,21.0,27.0,56.0,266.2737001211542
dorn_cuda_080,Dorn,rapidocr,13.0,13.0,0.0,0.0,8.615384615384615,8.615384615384615,28.0,55.0,1.8181818181818181,4.31537443201392,20.0,10.0,2.65,5.0,27.0,3.0,0.0,0.0,0.0,0.0,0.0,3.0,10.0,12.0,22.0,50.0,222.97158093186488
dorn_cuda_081,Dorn,rapidocr,118.0,118.0,0.0,0.0423728813559322,16.677966101694917,16.677966101694917,52.0,465.0,3.9397849462365593,6.427144490133368,181.0,84.0,7.607734806629834,29.0,178.0,77.0,0.0,0.0,0.0,1.8305084745762712,4.0,7.0,15.0,145.0,160.0,436.0,3192.3606493708903
dorn_cuda_082,Dorn,rapidocr,93.0,93.0,0.0,0.010752688172043012,12.505376344086022,12.505376344086022,36.0,514.0,2.1556420233463034,5.359520328751435,218.0,58.0,3.5,1.0,250.0,45.0,0.0,0.0,0.0,0.0,0.0,1.0,12.0,98.0,110.0,513.0,3478.8375330381505
dorn_cuda_083,Dorn,rapidocr,51.0,51.0,0.0,0.0,19.07843137254902,19.07843137254902,32.0,251.0,3.4382470119521913,4.152304095163375,140.0,8.0,5.007142857142857,0.0,60.0,51.0,0.0,0.0,0.0,0.0,0.0,1.0,2.0,47.0,49.0,251.0,1409.2921708729173
dorn_cuda_084,Dorn,rapidocr,142.0,142.0,0.0,0.0,18.366197183098592,18.366197183098592,60.0,629.0,3.7694753577106517,6.296819038437986,236.0,84.0,7.944915254237288,11.0,281.0,101.0,0.007042253521126761,1.0,0.08362212737350645,2.7464788732394365,6.0,5.0,20.0,165.0,185.0,618.0,4654.393742599081
dorn_cuda_085,Dorn,rapidocr,21.0,21.0,0.0,0.0,13.523809523809524,13.523809523809524,52.0,103.0,2.650485436893204,4.807860178771883,40.0,20.0,5.05,0.0,55.0,8.0,0.0,0.0,0.0,0.0,0.0,1.0,11.0,28.0,39.0,103.0,544.3964285428116
dorn_cuda_086,Dorn,rapidocr,61.0,61.0,0.0,0.08196721311475409,18.442622950819672,18.442622950819672,60.0,446.0,2.181614349775785,5.870548067423825,145.0,74.0,3.972413793103448,20.0,216.0,65.0,0.0,0.0,0.0,0.0,0.0,9.0,17.0,107.0,124.0,426.0,2962.4876282248088
dorn_cuda_087,Dorn,rapidocr,60.0,60.0,0.0,0.0,16.766666666666666,16.766666666666666,60.0,218.0,4.178899082568807,5.888300935653687,84.0,48.0,8.630952380952381,9.0,93.0,32.0,0.0,0.0,0.0,2.3833333333333333,3.0,4.0,14.0,78.0,92.0,209.0,1363.4244488159156
dorn_cuda_088,Dorn,rapidocr,16.0,16.0,0.0,0.0625,10.8125,10.8125,20.0,59.0,2.7288135593220337,4.09510030389526,29.0,15.0,4.517241379310345,0.0,30.0,0.0,0.0,0.0,0.0,0.0,0.0,1.0,8.0,15.0,23.0,59.0,266.89015540736375
dorn_cuda_089,Dorn,rapidocr,82.0,82.0,0.0,0.024390243902439025,19.865853658536587,19.865853658536587,59.0,384.0,4.127604166666667,5.695732468073152,117.0,69.0,10.307692307692308,23.0,188.0,56.0,0.0,0.0,0.0,0.0,0.0,1.0,13.0,113.0,126.0,361.0,2518.79805238347
dorn_cuda_009,Dorn,rapidocr,47.0,47.0,0.0,0.0,15.574468085106384,15.574468085106384,52.0,233.0,2.92274678111588,5.640203788210555,82.0,33.0,5.719512195121951,12.0,110.0,29.0,0.0,0.0,0.0,2.1702127659574466,3.0,4.0,15.0,60.0,75.0,221.0,1376.5689305995895
dorn_cuda_090,Dorn,rapidocr,85.0,85.0,0.0,0.09411764705882353,14.988235294117647,14.988235294117647,59.0,433.0,2.632794457274827,6.199098757170782,192.0,76.0,4.145833333333333,12.0,179.0,50.0,0.0,0.0,0.0,0.0,0.0,1.0,14.0,123.0,137.0,421.0,2988.271506926382
dorn_cuda_091,Dorn,rapidocr,15.0,15.0,0.0,0.0,16.4,16.4,59.0,48.0,5.020833333333333,4.537782031835939,17.0,11.0,10.823529411764707,5.0,22.0,4.0,0.0,0.0,0.0,0.0,0.0,1.0,9.0,15.0,24.0,43.0,197.1533875310097
dorn_cuda_092,Dorn,rapidocr,13.0,13.0,0.0,0.0,28.153846153846153,28.153846153846153,58.0,128.0,2.453125,4.729350278600294,63.0,52.0,3.888888888888889,0.0,57.0,8.0,0.0,0.0,0.0,0.0,0.0,1.0,6.0,58.0,64.0,128.0,768.0
dorn_cuda_093,Dorn,rapidocr,78.0,78.0,0.0,0.0,19.653846153846153,19.653846153846153,56.0,387.0,3.7002583979328167,5.686077283962294,162.0,60.0,7.098765432098766,6.0,172.0,47.0,0.01282051282051282,1.0,0.11249954342810412,1.5128205128205128,3.0,5.0,14.0,104.0,118.0,381.0,2622.2870018068616
dorn_cuda_094,Dorn,rapidocr,90.0,90.0,0.0,0.08888888888888889,15.944444444444445,15.944444444444445,60.0,526.0,2.5570342205323193,5.819998876415817,151.0,52.0,5.867549668874172,9.0,271.0,95.0,0.0,0.0,0.0,0.0,0.0,1.0,18.0,110.0,128.0,517.0,3619.0
dorn_cuda_095,Dorn,rapidocr,79.0,79.0,0.0,0.08860759493670886,13.405063291139241,13.405063291139241,56.0,314.0,3.1528662420382165,6.038419958373142,92.0,51.0,5.586956521739131,20.0,150.0,52.0,0.0,0.0,0.0,1.9113924050632911,2.0,5.0,17.0,103.0,120.0,294.0,2030.6258351089045
dorn_cuda_096,Dorn,rapidocr,10.0,10.0,0.0,0.0,8.6,8.6,16.0,12.0,7.0,3.4182958340544896,10.0,9.0,8.1,0.0,1.0,1.0,0.0,0.0,0.0,0.0,0.0,1.0,1.0,10.0,11.0,12.0,41.51317942364757
dorn_cuda_097,Dorn,rapidocr,21.0,21.0,0.0,0.14285714285714285,17.61904761904762,17.61904761904762,51.0,113.0,2.9734513274336285,4.9656224362856465,55.0,27.0,4.909090909090909,2.0,51.0,5.0,0.0,0.0,0.0,0.0,0.0,1.0,10.0,32.0,42.0,111.0,598.5472339284424
dorn_cuda_098,Dorn,rapidocr,17.0,17.0,0.0,0.0,26.529411764705884,26.529411764705884,59.0,173.0,2.2947976878612715,4.600442737099661,82.0,55.0,3.6463414634146343,0.0,79.0,12.0,0.0,0.0,0.0,0.0,0.0,1.0,5.0,63.0,68.0,173.0,1053.1310715363086
dorn_cuda_099,Dorn,rapidocr,84.0,84.0,0.0,0.0,16.25,16.25,53.0,440.0,2.8,5.086789618327683,132.0,15.0,6.098484848484849,15.0,220.0,73.0,0.011904761904761904,1.0,0.10845754260886069,5.535714285714286,10.0,13.0,14.0,66.0,80.0,425.0,2686.819440327129
dorn_python_000,Dorn,rapidocr,52.0,52.0,0.0,0.0,16.98076923076923,16.98076923076923,52.0,218.0,3.738532110091743,5.634444639191503,79.0,34.0,6.810126582278481,16.0,89.0,34.0,0.0,0.0,0.0,0.0,0.0,11.0,13.0,62.0,75.0,202.0,1258.2213754801678
dorn_python_001,Dorn,rapidocr,20.0,20.0,0.0,0.0,8.65,8.65,30.0,52.0,3.2115384615384617,4.38815450741941,24.0,14.0,4.541666666666667,7.0,19.0,2.0,0.0,0.0,0.0,0.0,0.0,2.0,6.0,16.0,22.0,45.0,200.67442283867837
dorn_python_010,Dorn,rapidocr,52.0,52.0,0.0,0.0,14.326923076923077,14.326923076923077,57.0,163.0,4.276073619631902,6.165861553078832,76.0,54.0,5.7105263157894735,7.0,47.0,33.0,0.0,0.0,0.0,0.0,0.0,5.0,12.0,84.0,96.0,156.0,1027.2541501125004
dorn_python_100,Dorn,rapidocr,54.0,54.0,0.0,0.0,17.074074074074073,17.074074074074073,60.0,183.0,4.912568306010929,5.504844346059314,75.0,44.0,9.88,5.0,75.0,28.0,0.0,0.0,0.0,0.0,0.0,1.0,9.0,72.0,81.0,178.0,1128.493300513463
dorn_python_101,Dorn,rapidocr,19.0,19.0,0.0,0.0,9.526315789473685,9.526315789473685,31.0,37.0,4.837837837837838,4.648510460165073,23.0,21.0,6.956521739130435,1.0,13.0,0.0,0.0,0.0,0.0,0.0,0.0,1.0,6.0,21.0,27.0,36.0,171.17595007788486
dorn_python_102,Dorn,rapidocr,50.0,50.0,0.0,0.0,15.06,15.06,49.0,188.0,3.6702127659574466,5.199988693301804,90.0,30.0,5.833333333333333,10.0,63.0,25.0,0.0,0.0,0.0,0.0,0.0,5.0,8.0,55.0,63.0,178.0,1063.9558263829852
dorn_python_103,Dorn,rapidocr,24.0,24.0,0.0,0.0,9.291666666666666,9.291666666666666,24.0,54.0,3.8703703703703702,4.896285132226426,33.0,26.0,5.333333333333333,4.0,16.0,1.0,0.08333333333333333,1.0,0.2763853991962833,0.0,0.0,3.0,5.0,27.0,32.0,50.0,250.0
dorn_python_104,Dorn,rapidocr,85.0,85.0,0.0,0.0,21.305882352941175,21.305882352941175,54.0,155.0,11.92258064516129,5.611286032894343,60.0,39.0,8.4,0.0,51.0,44.0,0.011764705882352941,1.0,0.10782531046954918,0.0,0.0,1.0,6.0,77.0,83.0,155.0,988.1311118587734
dorn_python_105,Dorn,rapidocr,16.0,16.0,0.0,0.0,13.9375,13.9375,50.0,48.0,4.333333333333333,4.7775690110927505,27.0,22.0,6.518518518518518,2.0,16.0,3.0,0.0,0.0,0.0,0.0,0.0,1.0,6.0,25.0,31.0,46.0,227.89303027779624
dorn_python_106,Dorn,rapidocr,72.0,72.0,0.0,0.0,17.694444444444443,17.694444444444443,48.0,209.0,5.899521531100478,5.716946550219646,86.0,45.0,6.534883720930233,8.0,85.0,30.0,0.0,0.0,0.0,0.0,0.0,8.0,16.0,73.0,89.0,201.0,1301.6224196242458
dorn_python_107,Dorn,rapidocr,58.0,58.0,0.0,0.0,17.017241379310345,17.017241379310345,60.0,226.0,3.8849557522123894,6.992464454912069,141.0,108.0,4.879432624113475,5.0,47.0,33.0,0.0,0.0,0.0,0.0,0.0,2.0,13.0,141.0,154.0,221.0,1605.9598254935731
dorn_python_108,Dorn,rapidocr,90.0,90.0,0.0,0.0,13.233333333333333,13.233333333333333,60.0,165.0,7.13939393939394,6.363914053920974,92.0,70.0,4.565217391304348,3.0,43.0,27.0,0.011111111111111112,1.0,0.10482201257840673,0.0,0.0,3.0,9.0,97.0,106.0,162.0,1089.9231136392382
dorn_python_109,Dorn,rapidocr,66.0,66.0,0.0,0.015151515151515152,18.21212121212121,18.21212121212121,60.0,372.0,2.924731182795699,6.258028593753998,142.0,97.0,4.274647887323944,3.0,145.0,82.0,0.015151515151515152,1.0,0.12215542042876588,0.0,0.0,2.0,13.0,162.0,175.0,369.0,2749.4969002661296
dorn_python_011,Dorn,rapidocr,18.0,18.0,0.0,0.0,15.666666666666666,15.666666666666666,43.0,76.0,3.3947368421052633,5.210917725112883,38.0,36.0,5.131578947368421,1.0,25.0,12.0,0.0,0.0,0.0,0.0,0.0,1.0,6.0,45.0,51.0,75.0,425.43190064786216
dorn_python_110,Dorn,rapidocr,45.0,45.0,0.0,0.0,12.8,12.8,56.0,122.0,4.409836065573771,5.839251604294606,54.0,37.0,6.222222222222222,4.0,33.0,31.0,0.0,0.0,0.0,0.0,0.0,4.0,6.0,65.0,71.0,118.0,725.6701601015525
dorn_python_111,Dorn,rapidocr,156.0,156.0,0.0,0.019230769230769232,15.115384615384615,15.115384615384615,52.0,730.0,2.967123287671233,6.4054054069182715,339.0,118.0,4.466076696165191,16.0,269.0,106.0,0.0,0.0,0.0,0.0,0.0,16.0,13.0,207.0,220.0,714.0,5555.890835456607
dorn_python_112,Dorn,rapidocr,19.0,19.0,0.0,0.0,16.526315789473685,16.526315789473685,40.0,74.0,4.04054054054054,5.058190535900427,32.0,27.0,6.25,5.0,30.0,7.0,0.0,0.0,0.0,0.0,0.0,2.0,7.0,34.0,41.0,69.0,369.6710883186478
dorn_python_113,Dorn,rapidocr,112.0,112.0,0.0,0.008928571428571428,15.455357142857142,15.455357142857142,52.0,398.0,4.017587939698492,6.346251686928347,187.0,100.0,6.828877005347594,18.0,135.0,58.0,0.0,0.0,0.0,0.0,0.0,10.0,15.0,156.0,171.0,380.0,2818.7839556566414
dorn_python_114,Dorn,rapidocr,14.0,14.0,0.0,0.0,17.214285714285715,17.214285714285715,45.0,60.0,3.7666666666666666,4.6410849805739485,34.0,24.0,5.823529411764706,1.0,24.0,1.0,0.0,0.0,0.0,0.0,0.0,2.0,6.0,25.0,31.0,59.0,292.2975823128256
dorn_python_115,Dorn,rapidocr,80.0,80.0,0.0,0.0,14.7625,14.7625,52.0,286.0,4.034965034965035,5.006532536689567,108.0,32.0,7.277777777777778,8.0,123.0,47.0,0.0,0.0,0.0,0.0,0.0,1.0,8.0,78.0,86.0,278.0,1786.5016018071833
dorn_python_116,Dorn,rapidocr,62.0,62.0,0.0,0.0,15.274193548387096,15.274193548387096,52.0,67.0,14.537313432835822,4.948270489120741,28.0,19.0,6.214285714285714,6.0,21.0,12.0,0.0,0.0,0.0,0.0,0.0,2.0,6.0,31.0,37.0,61.0,317.77665530336594
dorn_python_117,Dorn,rapidocr,22.0,22.0,0.0,0.0,11.772727272727273,11.772727272727273,49.0,80.0,3.125,4.992205639325549,37.0,26.0,4.405405405405405,4.0,35.0,4.0,0.0,0.0,0.0,0.0,0.0,5.0,10.0,30.0,40.0,76.0,404.4665352114396
dorn_python_118,Dorn,rapidocr,19.0,19.0,0.0,0.0,15.105263157894736,15.105263157894736,52.0,46.0,5.934782608695652,5.083025814611569,23.0,21.0,6.0,3.0,13.0,7.0,0.0,0.0,0.0,0.0,0.0,1.0,7.0,28.0,35.0,43.0,220.55916972863355
dorn_python_012,Dorn,rapidocr,53.0,53.0,0.0,0.0,15.641509433962264,15.641509433962264,56.0,98.0,8.60204081632653,4.561848836025419,38.0,18.0,4.578947368421052,2.0,48.0,10.0,0.018867924528301886,1.0,0.1360585386967543,0.0,0.0,1.0,7.0,28.0,35.0,96.0,492.41116962671674
dorn_python_013,Dorn,rapidocr,17.0,17.0,0.0,0.0,8.294117647058824,8.294117647058824,29.0,45.0,3.022222222222222,4.320096297369663,18.0,14.0,5.222222222222222,4.0,21.0,2.0,0.058823529411764705,1.0,0.23529411764705885,0.0,0.0,3.0,7.0,16.0,23.0,41.0,185.46604019833754
dorn_python_014,Dorn,rapidocr,54.0,54.0,0.0,0.0,16.074074074074073,16.074074074074073,50.0,289.0,2.847750865051903,5.2192902086410555,127.0,43.0,4.456692913385827,3.0,127.0,32.0,0.0,0.0,0.0,0.0,0.0,4.0,10.0,75.0,85.0,286.0,1833.0858077353828
dorn_python_015,Dorn,rapidocr,46.0,46.0,0.0,0.0,11.282608695652174,11.282608695652174,29.0,77.0,6.909090909090909,5.580153223769228,21.0,21.0,7.095238095238095,0.0,14.0,42.0,0.0,0.0,0.0,0.8695652173913043,1.0,1.0,5.0,57.0,62.0,77.0,458.4731158997894
dorn_python_016,Dorn,rapidocr,69.0,69.0,0.0,0.014492753623188406,14.898550724637682,14.898550724637682,55.0,143.0,7.321678321678322,5.612903701064813,50.0,31.0,4.8,4.0,66.0,23.0,0.0,0.0,0.0,0.0,0.0,2.0,13.0,54.0,67.0,139.0,843.1863974736303
dorn_python_017,Dorn,rapidocr,94.0,94.0,0.0,0.0,17.085106382978722,17.085106382978722,58.0,407.0,3.673218673218673,6.142176254370646,178.0,78.0,5.415730337078652,12.0,159.0,58.0,0.010638297872340425,1.0,0.10259202937226548,0.0,0.0,12.0,13.0,135.0,148.0,395.0,2847.734079423435
dorn_python_018,Dorn,rapidocr,110.0,110.0,0.0,0.0,14.7,14.7,60.0,520.0,2.7807692307692307,6.352576434545471,243.0,141.0,3.983539094650206,10.0,205.0,62.0,0.00909090909090909,1.0,0.09491187735373227,0.0,0.0,8.0,14.0,198.0,212.0,510.0,3941.2394318272313
dorn_python_019,Dorn,rapidocr,104.0,104.0,0.0,0.0,20.28846153846154,20.28846153846154,60.0,493.0,4.103448275862069,5.922907709425882,194.0,92.0,7.309278350515464,4.0,208.0,87.0,0.009615384615384616,1.0,0.09758549581819442,0.0,0.0,1.0,9.0,164.0,173.0,489.0,3635.533203314358
dorn_python_002,Dorn,rapidocr,78.0,78.0,0.0,0.0,13.564102564102564,13.564102564102564,56.0,284.0,3.566901408450704,5.6719875414508065,118.0,62.0,6.220338983050848,3.0,118.0,45.0,0.01282051282051282,1.0,0.11249954342810412,0.0,0.0,2.0,8.0,107.0,115.0,281.0,1923.5827043153693
dorn_python_020,Dorn,rapidocr,20.0,20.0,0.0,0.0,14.1,14.1,54.0,70.0,3.9285714285714284,4.821311911566238,28.0,19.0,5.821428571428571,5.0,30.0,7.0,0.0,0.0,0.0,0.0,0.0,3.0,8.0,25.0,33.0,65.0,327.8856177582995
dorn_python_021,Dorn,rapidocr,23.0,23.0,0.0,0.0,7.913043478260869,7.913043478260869,22.0,37.0,4.783783783783784,4.594456406111019,25.0,18.0,6.28,0.0,9.0,3.0,0.0,0.0,0.0,0.0,0.0,1.0,5.0,21.0,26.0,37.0,173.9162695712204
dorn_python_022,Dorn,rapidocr,55.0,55.0,0.0,0.0,13.472727272727273,13.472727272727273,56.0,129.0,5.457364341085271,5.935505116116988,63.0,38.0,4.650793650793651,7.0,36.0,23.0,0.03636363636363636,1.0,0.18719327529067276,0.0,0.0,5.0,12.0,61.0,73.0,122.0,755.1585961833622
dorn_python_023,Dorn,rapidocr,13.0,13.0,0.0,0.0,27.307692307692307,27.307692307692307,52.0,106.0,3.3207547169811322,3.9573875142932144,48.0,22.0,6.083333333333333,0.0,56.0,2.0,0.0,0.0,0.0,0.0,0.0,1.0,7.0,24.0,31.0,106.0,525.1448089010088
dorn_python_024,Dorn,rapidocr,16.0,16.0,0.0,0.0,16.4375,16.4375,48.0,69.0,3.550724637681159,4.627643160149415,32.0,21.0,5.96875,5.0,29.0,3.0,0.0,0.0,0.0,0.0,0.0,4.0,7.0,24.0,31.0,64.0,317.06856386476
dorn_python_025,Dorn,rapidocr,13.0,13.0,0.0,0.0,11.692307692307692,11.692307692307692,49.0,29.0,5.172413793103448,4.388683047733199,14.0,13.0,5.5,0.0,7.0,8.0,0.0,0.0,0.0,0.0,0.0,1.0,3.0,21.0,24.0,29.0,132.96391252091354
dorn_python_026,Dorn,rapidocr,54.0,54.0,0.0,0.0,15.87037037037037,15.87037037037037,56.0,224.0,3.5535714285714284,5.75750893016266,101.0,51.0,4.891089108910891,4.0,89.0,30.0,0.018518518518518517,1.0,0.13481684980149108,0.0,0.0,5.0,11.0,80.0,91.0,220.0,1431.7148208437131
dorn_python_027,Dorn,rapidocr,12.0,12.0,0.0,0.0,21.166666666666668,21.166666666666668,58.0,66.0,3.409090909090909,5.3582696873108135,34.0,33.0,4.970588235294118,1.0,18.0,13.0,0.0,0.0,0.0,0.0,0.0,1.0,6.0,43.0,49.0,65.0,364.95613986748856
dorn_python_028,Dorn,rapidocr,16.0,16.0,0.0,0.0,24.5625,24.5625,52.0,114.0,3.4210526315789473,4.347706137067162,41.0,21.0,7.439024390243903,0.0,57.0,16.0,0.0,0.0,0.0,0.0,0.0,1.0,5.0,31.0,36.0,114.0,589.3714501644235
dorn_python_029,Dorn,rapidocr,52.0,52.0,0.0,0.0,13.423076923076923,13.423076923076923,56.0,120.0,5.508333333333334,5.829388721057287,49.0,41.0,7.612244897959184,2.0,45.0,24.0,0.0,0.0,0.0,0.0,0.0,1.0,10.0,65.0,75.0,118.0,735.0006054785139
dorn_python_003,Dorn,rapidocr,101.0,101.0,0.0,0.0,17.623762376237625,17.623762376237625,60.0,480.0,3.620833333333333,5.171082078043194,180.0,52.0,7.416666666666667,5.0,237.0,58.0,0.0,0.0,0.0,0.0,0.0,1.0,8.0,110.0,118.0,475.0,3269.2554484468747
dorn_python_030,Dorn,rapidocr,93.0,93.0,0.0,0.0,12.24731182795699,12.24731182795699,60.0,338.0,3.1242603550295858,6.142900142409883,134.0,74.0,5.014925373134329,11.0,134.0,59.0,0.0,0.0,0.0,0.6881720430107527,1.0,3.0,14.0,130.0,144.0,327.0,2344.565475471636
dorn_python_031,Dorn,rapidocr,93.0,93.0,0.0,0.0,11.64516129032258,11.64516129032258,52.0,278.0,3.4892086330935252,6.26122397550461,122.0,63.0,4.163934426229508,13.0,97.0,46.0,0.010752688172043012,1.0,0.10313616179167141,0.0,0.0,8.0,14.0,104.0,118.0,265.0,1823.900408080888
dorn_python_032,Dorn,rapidocr,53.0,53.0,0.0,0.018867924528301886,12.283018867924529,12.283018867924529,60.0,109.0,5.770642201834862,5.9300352749026946,46.0,35.0,5.239130434782608,4.0,33.0,26.0,0.0,0.0,0.0,0.0,0.0,2.0,9.0,60.0,69.0,105.0,641.3950679617078
dorn_python_033,Dorn,rapidocr,25.0,25.0,0.0,0.0,17.16,17.16,56.0,41.0,10.585365853658537,4.8329233459759635,17.0,16.0,5.529411764705882,1.0,14.0,9.0,0.04,1.0,0.19595917942265426,0.0,0.0,2.0,6.0,25.0,31.0,40.0,198.167852415475
dorn_python_034,Dorn,rapidocr,57.0,57.0,0.0,0.0,10.228070175438596,10.228070175438596,55.0,139.0,3.9784172661870505,5.238227333512524,61.0,33.0,4.131147540983607,2.0,48.0,28.0,0.0,0.0,0.0,0.7368421052631579,2.0,1.0,6.0,59.0,65.0,137.0,825.0643903848983
dorn_python_035,Dorn,rapidocr,71.0,71.0,0.0,0.0,13.253521126760564,13.253521126760564,52.0,230.0,3.873913043478261,5.306009267791306,90.0,28.0,7.611111111111111,7.0,87.0,46.0,0.0,0.0,0.0,0.0,0.0,5.0,10.0,73.0,83.0,223.0,1421.6337931903643
dorn_python_036,Dorn,rapidocr,82.0,82.0,0.0,0.0,14.292682926829269,14.292682926829269,54.0,329.0,3.243161094224924,5.941459385049259,143.0,55.0,5.713286713286713,9.0,132.0,45.0,0.0,0.0,0.0,0.15853658536585366,1.0,6.0,14.0,100.0,114.0,320.0,2186.524804532717
dorn_python_037,Dorn,rapidocr,60.0,60.0,0.0,0.0,19.116666666666667,19.116666666666667,56.0,218.0,5.160550458715596,5.502744565093309,90.0,53.0,8.311111111111112,2.0,96.0,30.0,0.016666666666666666,1.0,0.12801909579781015,0.0,0.0,1.0,8.0,83.0,91.0,216.0,1405.6836422829183
dorn_python_038,Dorn,rapidocr,40.0,40.0,0.0,0.0,12.5,12.5,60.0,127.0,3.5669291338582676,6.1182489588667766,56.0,41.0,5.428571428571429,6.0,35.0,30.0,0.0,0.0,0.0,0.425,1.0,3.0,12.0,69.0,81.0,121.0,767.1218503490395
dorn_python_039,Dorn,rapidocr,88.0,88.0,0.0,0.0,12.022727272727273,12.022727272727273,56.0,315.0,3.0793650793650795,6.187814319792031,146.0,77.0,4.828767123287672,15.0,108.0,46.0,0.0,0.0,0.0,0.0,0.0,8.0,11.0,123.0,134.0,300.0,2119.8267571373317
dorn_python_004,Dorn,rapidocr,100.0,100.0,0.0,0.0,13.92,13.92,48.0,364.0,3.598901098901099,5.904513286518006,144.0,58.0,6.736111111111111,17.0,147.0,56.0,0.02,1.0,0.13999999999999999,0.0,0.0,9.0,12.0,109.0,121.0,347.0,2400.8455433342842
dorn_python_040,Dorn,rapidocr,47.0,47.0,0.0,0.0,15.042553191489361,15.042553191489361,52.0,177.0,3.7401129943502824,5.691996649243236,79.0,58.0,6.582278481012659,5.0,68.0,25.0,0.0,0.0,0.0,0.0,0.0,2.0,6.0,83.0,89.0,172.0,1113.8261501262205
dorn_python_041,Dorn,rapidocr,20.0,20.0,0.0,0.0,8.1,8.1,20.0,34.0,4.705882352941177,4.066020019097381,17.0,13.0,6.9411764705882355,5.0,11.0,1.0,0.0,0.0,0.0,0.0,0.0,1.0,6.0,14.0,20.0,29.0,125.33591475173351
dorn_python_042,Dorn,rapidocr,89.0,89.0,0.0,0.0,13.52808988764045,13.52808988764045,51.0,157.0,7.75796178343949,5.499487272398233,70.0,42.0,6.085714285714285,4.0,59.0,24.0,0.0,0.0,0.0,0.0,0.0,4.0,9.0,66.0,75.0,153.0,953.0092596458697
dorn_python_043,Dorn,rapidocr,117.0,117.0,0.0,0.0,18.94871794871795,18.94871794871795,56.0,518.0,4.227799227799228,4.8272675315277835,222.0,50.0,8.27027027027027,0.0,239.0,57.0,0.0,0.0,0.0,0.0,0.0,1.0,8.0,107.0,115.0,518.0,3545.963846389186
dorn_python_044,Dorn,rapidocr,118.0,118.0,0.0,0.0,14.754237288135593,14.754237288135593,60.0,178.0,9.764044943820224,6.718373880682832,91.0,64.0,5.582417582417582,10.0,25.0,52.0,0.00847457627118644,1.0,0.09166655785077936,0.0,0.0,1.0,9.0,112.0,121.0,168.0,1162.3690238621318
dorn_python_045,Dorn,rapidocr,46.0,46.0,0.0,0.0,11.847826086956522,11.847826086956522,43.0,160.0,3.23125,5.268934851220542,57.0,27.0,5.7894736842105265,10.0,66.0,27.0,0.021739130434782608,1.0,0.14583052027172538,0.0,0.0,1.0,8.0,52.0,60.0,150.0,886.0335893412778
dorn_python_046,Dorn,rapidocr,19.0,19.0,0.0,0.0,17.157894736842106,17.157894736842106,51.0,99.0,3.111111111111111,4.774354732499864,43.0,31.0,5.534883720930233,3.0,46.0,7.0,0.0,0.0,0.0,0.0,0.0,1.0,6.0,36.0,42.0,96.0,517.662472586761
dorn_python_047,Dorn,rapidocr,40.0,40.0,0.0,0.0,10.0,10.0,39.0,119.0,3.2184873949579833,5.153849292796528,44.0,21.0,5.568181818181818,4.0,47.0,24.0,0.0,0.0,0.0,0.0,0.0,1.0,8.0,45.0,53.0,115.0,658.7108522747678
dorn_python_048,Dorn,rapidocr,53.0,53.0,0.0,0.0,16.830188679245282,16.830188679245282,55.0,202.0,3.891089108910891,6.692495331974739,120.0,90.0,5.166666666666667,6.0,46.0,30.0,0.0,0.0,0.0,0.0,1.0,2.0,13.0,118.0,131.0,196.0,1378.5509083013403
dorn_python_049,Dorn,rapidocr,89.0,89.0,0.0,0.0,14.97752808988764,14.97752808988764,56.0,118.0,11.601694915254237,5.764928511972598,56.0,41.0,7.321428571428571,2.0,41.0,19.0,0.011235955056179775,1.0,0.10540260134434672,0.19101123595505617,1.0,1.0,10.0,59.0,69.0,116.0,708.5888369862677
dorn_python_005,Dorn,rapidocr,90.0,90.0,0.0,0.0,11.922222222222222,11.922222222222222,49.0,42.0,27.214285714285715,5.201841232302569,21.0,20.0,4.476190476190476,3.0,10.0,8.0,0.0,0.0,0.0,0.0,0.0,1.0,8.0,28.0,36.0,39.0,201.62707505625016
dorn_python_050,Dorn,rapidocr,18.0,18.0,0.0,0.0,17.88888888888889,17.88888888888889,56.0,82.0,3.6951219512195124,5.1134877550041224,39.0,28.0,6.051282051282051,6.0,33.0,4.0,0.0,0.0,0.0,0.0,0.0,3.0,9.0,32.0,41.0,76.0,407.1739523509744
dorn_python_051,Dorn,rapidocr,14.0,14.0,0.0,0.0,17.5,17.5,40.0,70.0,3.3142857142857145,4.2433399822163445,32.0,14.0,5.96875,2.0,34.0,2.0,0.0,0.0,0.0,0.0,0.0,3.0,9.0,16.0,25.0,68.0,315.78222090468125
dorn_python_052,Dorn,rapidocr,18.0,18.0,0.0,0.0,12.277777777777779,12.277777777777779,40.0,32.0,6.90625,4.476409765557392,16.0,14.0,7.75,3.0,9.0,4.0,0.0,0.0,0.0,0.0,0.0,1.0,5.0,18.0,23.0,29.0,131.18329672565338
dorn_python_053,Dorn,rapidocr,122.0,122.0,0.0,0.0,15.180327868852459,15.180327868852459,56.0,248.0,7.375,6.642014554798908,129.0,91.0,4.852713178294573,9.0,70.0,40.0,0.00819672131147541,1.0,0.09016393442622953,0.0,0.0,6.0,12.0,129.0,141.0,239.0,1706.3527732233117
dorn_python_054,Dorn,rapidocr,52.0,52.0,0.0,0.0,13.423076923076923,13.423076923076923,56.0,120.0,5.508333333333334,5.829388721057287,49.0,41.0,7.612244897959184,2.0,45.0,24.0,0.0,0.0,0.0,0.0,0.0,1.0,10.0,65.0,75.0,118.0,735.0006054785139
dorn_python_055,Dorn,rapidocr,99.0,99.0,0.0,0.0,14.565656565656566,14.565656565656566,60.0,369.0,3.5149051490514904,7.105977060935483,205.0,135.0,5.068292682926829,10.0,99.0,55.0,0.010101010101010102,1.0,0.09999489834961281,0.0,0.0,5.0,15.0,190.0,205.0,359.0,2756.9333557224554
dorn_python_056,Dorn,rapidocr,47.0,47.0,0.0,0.0,20.04255319148936,20.04255319148936,60.0,251.0,3.693227091633466,4.486899009086906,108.0,30.0,6.9907407407407405,3.0,119.0,21.0,0.0,0.0,0.0,0.0,0.0,2.0,8.0,51.0,59.0,248.0,1458.8954762417368
dorn_python_057,Dorn,rapidocr,13.0,13.0,0.0,0.0,12.615384615384615,12.615384615384615,56.0,36.0,4.388888888888889,4.516875695766563,17.0,13.0,7.352941176470588,2.0,14.0,3.0,0.0,0.0,0.0,0.0,1.0,1.0,7.0,16.0,23.0,34.0,153.80110650593844
dorn_python_058,Dorn,rapidocr,24.0,24.0,0.0,0.0,12.0,12.0,34.0,54.0,5.166666666666667,5.17860203033451,31.0,26.0,7.612903225806452,3.0,15.0,5.0,0.0,0.0,0.0,0.0,0.0,1.0,8.0,31.0,39.0,51.0,269.55551316197466
dorn_python_059,Dorn,rapidocr,15.0,15.0,0.0,0.0,21.8,21.8,52.0,87.0,3.6436781609195403,4.437935991757751,43.0,26.0,6.3023255813953485,0.0,42.0,2.0,0.0,0.0,0.0,0.0,0.0,1.0,6.0,28.0,34.0,87.0,442.6092671887795
dorn_python_006,Dorn,rapidocr,62.0,62.0,0.0,0.0,16.64516129032258,16.64516129032258,60.0,163.0,5.969325153374233,6.611422574676574,99.0,72.0,4.1313131313131315,4.0,21.0,39.0,0.0,0.0,0.0,0.0,0.0,2.0,7.0,110.0,117.0,159.0,1092.3879904137614
dorn_python_060,Dorn,rapidocr,50.0,50.0,0.0,0.0,15.16,15.16,56.0,90.0,8.21111111111111,6.057192924343411,53.0,45.0,5.452830188679245,6.0,13.0,18.0,0.0,0.0,0.0,0.0,0.0,3.0,7.0,62.0,69.0,84.0,513.1160543693662
dorn_python_061,Dorn,rapidocr,89.0,89.0,0.0,0.0,11.292134831460674,11.292134831460674,56.0,69.0,15.565217391304348,5.159481798004777,21.0,19.0,4.285714285714286,1.0,35.0,12.0,0.0,0.0,0.0,0.0,0.0,1.0,13.0,29.0,42.0,68.0,366.6775847489557
dorn_python_062,Dorn,rapidocr,19.0,19.0,0.0,0.0,17.42105263157895,17.42105263157895,47.0,81.0,3.9382716049382718,4.808020372827643,37.0,23.0,7.1891891891891895,3.0,38.0,3.0,0.05263157894736842,1.0,0.22329687826943606,0.0,0.0,3.0,8.0,26.0,34.0,78.0,396.82210161752647
dorn_python_063,Dorn,rapidocr,90.0,90.0,0.0,0.0,13.233333333333333,13.233333333333333,60.0,165.0,7.13939393939394,6.363914053920974,92.0,70.0,4.565217391304348,3.0,43.0,27.0,0.011111111111111112,1.0,0.10482201257840673,0.0,0.0,3.0,9.0,97.0,106.0,162.0,1089.9231136392382
dorn_python_064,Dorn,rapidocr,59.0,59.0,0.0,0.0,13.76271186440678,13.76271186440678,56.0,206.0,3.7815533980582523,5.698252880753363,69.0,35.0,5.942028985507246,6.0,90.0,41.0,0.0,0.0,0.0,0.0,0.0,6.0,10.0,72.0,82.0,200.0,1271.5104009236168
dorn_python_065,Dorn,rapidocr,95.0,95.0,0.0,0.0,18.326315789473686,18.326315789473686,58.0,332.0,4.9879518072289155,6.1203595274867535,139.0,69.0,5.741007194244604,12.0,131.0,50.0,0.0,0.0,0.0,0.0,0.0,12.0,10.0,118.0,128.0,320.0,2240.0
dorn_python_066,Dorn,rapidocr,27.0,27.0,0.0,0.0,9.296296296296296,9.296296296296296,41.0,63.0,3.6666666666666665,5.038876503202079,43.0,26.0,4.651162790697675,3.0,14.0,3.0,0.0,0.0,0.0,0.0,0.0,1.0,5.0,29.0,34.0,60.0,305.24777047502033
dorn_python_067,Dorn,rapidocr,21.0,21.0,0.0,0.0,6.285714285714286,6.285714285714286,16.0,25.0,5.44,4.403856189774725,13.0,12.0,5.230769230769231,3.0,6.0,3.0,0.0,0.0,0.0,0.0,0.0,1.0,5.0,15.0,20.0,22.0,95.08241808752197
dorn_python_068,Dorn,rapidocr,77.0,77.0,0.0,0.0,15.142857142857142,15.142857142857142,56.0,146.0,7.726027397260274,6.386000953151995,96.0,68.0,4.90625,7.0,23.0,20.0,0.0,0.0,0.0,0.012987012987012988,1.0,3.0,6.0,88.0,94.0,139.0,911.0878503831916
dorn_python_069,Dorn,rapidocr,92.0,92.0,0.0,0.0,11.380434782608695,11.380434782608695,56.0,267.0,3.7752808988764044,5.504560832746047,69.0,25.0,5.536231884057971,5.0,108.0,85.0,0.0,0.0,0.0,0.0,0.0,2.0,9.0,91.0,100.0,262.0,1740.6903217209779
dorn_python_007,Dorn,rapidocr,24.0,24.0,0.0,0.16666666666666666,13.0,13.0,52.0,75.0,4.013333333333334,4.828036690149726,34.0,25.0,6.735294117647059,6.0,32.0,3.0,0.0,0.0,0.0,0.0,0.0,1.0,7.0,28.0,35.0,69.0,353.92052816920267
dorn_python_070,Dorn,rapidocr,16.0,16.0,0.0,0.0,7.25,7.25,25.0,25.0,4.64,4.213660689688186,16.0,13.0,6.3125,2.0,7.0,0.0,0.0,0.0,0.0,0.0,0.0,1.0,5.0,13.0,18.0,23.0,95.90827503317318
dorn_python_071,Dorn,rapidocr,92.0,92.0,0.0,0.0,13.891304347826088,13.891304347826088,57.0,56.0,24.0,4.7381709402553325,16.0,11.0,5.6875,7.0,24.0,9.0,0.010869565217391304,1.0,0.10368904363227666,0.967391304347826,1.0,3.0,10.0,20.0,30.0,49.0,240.4376391848174
dorn_python_072,Dorn,rapidocr,99.0,99.0,0.0,0.0,15.878787878787879,15.878787878787879,60.0,167.0,9.694610778443113,5.1644019579003215,61.0,36.0,6.032786885245901,4.0,75.0,27.0,0.0,0.0,0.0,0.0,0.0,1.0,9.0,62.0,71.0,163.0,1002.4087804792632
dorn_python_073,Dorn,rapidocr,14.0,14.0,0.0,0.0,6.642857142857143,6.642857142857143,18.0,22.0,4.181818181818182,4.186704345910025,14.0,12.0,5.642857142857143,1.0,6.0,1.0,0.0,0.0,0.0,0.0,0.0,1.0,5.0,13.0,18.0,21.0,87.56842503028855
dorn_python_074,Dorn,rapidocr,15.0,15.0,0.0,0.0,15.066666666666666,15.066666666666666,52.0,11.0,21.363636363636363,3.4594316186372973,6.0,6.0,8.0,1.0,3.0,1.0,0.06666666666666667,1.0,0.24944382578492946,0.0,0.0,1.0,3.0,7.0,10.0,10.0,33.219280948873624
dorn_python_075,Dorn,rapidocr,93.0,93.0,0.0,0.0,9.46236559139785,9.46236559139785,56.0,199.0,4.045226130653266,6.570810769145268,82.0,52.0,4.634146341463414,14.0,45.0,58.0,0.0,0.0,0.0,0.0,0.0,7.0,11.0,107.0,118.0,185.0,1273.2889641319407
dorn_python_076,Dorn,rapidocr,96.0,96.0,0.0,0.0,11.177083333333334,11.177083333333334,38.0,450.0,2.082222222222222,5.7481483700044445,168.0,51.0,3.3273809523809526,18.0,198.0,66.0,0.0,0.0,0.0,0.0,0.0,16.0,14.0,99.0,113.0,432.0,2946.317311763361
dorn_python_077,Dorn,rapidocr,54.0,54.0,0.0,0.0,13.407407407407407,13.407407407407407,56.0,91.0,8.0,5.284077646393299,29.0,18.0,5.137931034482759,10.0,35.0,17.0,0.0,0.0,0.0,0.0,0.0,4.0,11.0,33.0,44.0,81.0,442.2139611096211
dorn_python_078,Dorn,rapidocr,90.0,90.0,0.0,0.011111111111111112,16.022222222222222,16.022222222222222,60.0,276.0,4.822463768115942,7.027398008103834,159.0,120.0,5.440251572327044,7.0,66.0,44.0,0.0,0.0,0.0,0.0,0.0,3.0,10.0,162.0,172.0,269.0,1997.6652190148643
dorn_python_079,Dorn,rapidocr,52.0,52.0,0.0,0.0,16.096153846153847,16.096153846153847,52.0,264.0,3.106060606060606,5.374203251950114,102.0,35.0,5.049019607843137,4.0,119.0,39.0,0.0,0.0,0.0,0.0,0.0,4.0,13.0,68.0,81.0,260.0,1648.3610007500024
dorn_python_008,Dorn,rapidocr,95.0,95.0,0.0,0.0,15.673684210526316,15.673684210526316,60.0,317.0,4.400630914826499,5.974617410544768,150.0,81.0,6.9,23.0,103.0,41.0,0.0,0.0,0.0,0.0,0.0,3.0,8.0,122.0,130.0,294.0,2064.5761370303658
dorn_python_080,Dorn,rapidocr,91.0,91.0,0.0,0.0,14.461538461538462,14.461538461538462,56.0,236.0,5.478813559322034,6.058901061683628,99.0,56.0,5.171717171717172,7.0,91.0,39.0,0.01098901098901099,1.0,0.10425091187368284,0.0,0.0,5.0,16.0,91.0,107.0,229.0,1543.7959398858627
dorn_python_081,Dorn,rapidocr,115.0,115.0,0.0,0.0,18.921739130434784,18.921739130434784,52.0,612.0,3.44281045751634,5.127860076952473,237.0,79.0,6.953586497890296,8.0,308.0,59.0,0.0,0.0,0.0,0.0,0.0,6.0,6.0,138.0,144.0,604.0,4330.634700871156
dorn_python_082,Dorn,rapidocr,93.0,93.0,0.0,0.0,13.526881720430108,13.526881720430108,60.0,262.0,4.717557251908397,6.410811219171194,119.0,75.0,4.5210084033613445,4.0,48.0,91.0,0.0,0.0,0.0,0.24731182795698925,1.0,3.0,10.0,150.0,160.0,258.0,1889.0574484809395
dorn_python_083,Dorn,rapidocr,13.0,13.0,0.0,0.0,31.23076923076923,31.23076923076923,59.0,68.0,5.911764705882353,4.71990815801959,26.0,10.0,5.115384615384615,0.0,23.0,19.0,0.0,0.0,0.0,0.0,0.0,1.0,7.0,24.0,31.0,68.0,336.8853491063075
dorn_python_084,Dorn,rapidocr,101.0,101.0,0.0,0.0,18.831683168316832,18.831683168316832,56.0,594.0,3.079124579124579,5.4391947843292545,154.0,62.0,7.603896103896104,3.0,272.0,165.0,0.0,0.0,0.0,0.0,0.0,1.0,6.0,126.0,132.0,591.0,4163.236924540846
dorn_python_085,Dorn,rapidocr,21.0,21.0,0.0,0.0,24.38095238095238,24.38095238095238,56.0,105.0,4.809523809523809,4.281835686807553,44.0,22.0,9.772727272727273,1.0,52.0,8.0,0.0,0.0,0.0,0.0,0.0,2.0,7.0,30.0,37.0,104.0,541.7831500254108
dorn_python_086,Dorn,rapidocr,12.0,12.0,0.0,0.0,16.083333333333332,16.083333333333332,52.0,47.0,3.851063829787234,4.517800427141455,25.0,19.0,6.16,2.0,19.0,1.0,0.0,0.0,0.0,0.0,0.0,2.0,6.0,20.0,26.0,45.0,211.51978731634912
dorn_python_087,Dorn,rapidocr,90.0,90.0,0.0,0.0,11.277777777777779,11.277777777777779,48.0,307.0,3.1563517915309447,5.356842710159568,120.0,42.0,5.691666666666666,16.0,126.0,45.0,0.0,0.0,0.0,0.0,0.0,6.0,9.0,87.0,96.0,291.0,1916.2240877098563
dorn_python_088,Dorn,rapidocr,11.0,11.0,0.0,0.0,21.545454545454547,21.545454545454547,60.0,48.0,4.0625,4.5301876989901,37.0,21.0,4.864864864864865,1.0,8.0,2.0,0.0,0.0,0.0,0.0,0.0,2.0,3.0,23.0,26.0,47.0,220.92066675263132
dorn_python_089,Dorn,rapidocr,95.0,95.0,0.0,0.0,17.431578947368422,17.431578947368422,60.0,243.0,6.48559670781893,7.051722673218351,154.0,120.0,4.909090909090909,4.0,50.0,35.0,0.0,0.0,0.0,0.0,0.0,3.0,12.0,155.0,167.0,239.0,1764.7053259012985
dorn_python_009,Dorn,rapidocr,97.0,97.0,0.0,0.0,15.030927835051546,15.030927835051546,56.0,399.0,3.536340852130326,5.612929340533689,156.0,66.0,6.621794871794871,5.0,177.0,61.0,0.0,0.0,0.0,0.0,0.0,1.0,9.0,127.0,136.0,394.0,2792.4603594526334
dorn_python_090,Dorn,rapidocr,47.0,47.0,0.0,0.0,16.659574468085108,16.659574468085108,52.0,218.0,3.385321100917431,5.491897930325652,88.0,50.0,6.3977272727272725,3.0,98.0,29.0,0.0,0.0,0.0,0.0,0.0,4.0,11.0,76.0,87.0,215.0,1385.2328516074765
dorn_python_091,Dorn,rapidocr,52.0,52.0,0.0,0.0,16.21153846153846,16.21153846153846,55.0,149.0,5.456375838926174,5.581510268849436,59.0,33.0,6.389830508474576,5.0,53.0,32.0,0.0,0.0,0.0,0.019230769230769232,1.0,1.0,8.0,63.0,71.0,144.0,885.5635852086742
dorn_python_092,Dorn,rapidocr,22.0,22.0,0.0,0.0,6.409090909090909,6.409090909090909,16.0,24.0,6.083333333333333,4.334962500721156,13.0,12.0,5.3076923076923075,3.0,5.0,3.0,0.0,0.0,0.0,0.0,0.0,1.0,4.0,15.0,19.0,21.0,89.20647778231529
dorn_python_093,Dorn,rapidocr,14.0,14.0,0.0,0.0,15.0,15.0,27.0,60.0,3.316666666666667,3.9651657045415534,16.0,7.0,6.5,0.0,28.0,16.0,0.0,0.0,0.0,0.0,0.0,1.0,4.0,18.0,22.0,60.0,267.56589711823784
dorn_python_094,Dorn,rapidocr,47.0,47.0,0.0,0.0,25.085106382978722,25.085106382978722,60.0,208.0,5.341346153846154,4.895514420280897,92.0,39.0,9.619565217391305,18.0,75.0,23.0,0.0,0.0,0.0,0.0,0.0,1.0,5.0,62.0,67.0,190.0,1152.5569461869768
dorn_python_095,Dorn,rapidocr,60.0,60.0,0.0,0.0,16.9,16.9,53.0,194.0,5.010309278350515,5.525886344442659,77.0,38.0,10.35064935064935,10.0,79.0,28.0,0.0,0.0,0.0,0.0,0.0,6.0,11.0,65.0,76.0,184.0,1149.6186624736197
dorn_python_096,Dorn,rapidocr,65.0,65.0,0.0,0.0,15.846153846153847,15.846153846153847,56.0,258.0,3.6744186046511627,6.080604274901731,127.0,84.0,5.811023622047244,8.0,89.0,34.0,0.0,0.0,0.0,0.0,0.0,7.0,8.0,117.0,125.0,250.0,1741.4460711655217
dorn_python_097,Dorn,rapidocr,90.0,90.0,0.0,0.0,13.233333333333333,13.233333333333333,60.0,165.0,7.13939393939394,6.363914053920974,92.0,70.0,4.565217391304348,3.0,43.0,27.0,0.011111111111111112,1.0,0.10482201257840673,0.0,0.0,3.0,9.0,97.0,106.0,162.0,1089.9231136392382
dorn_python_098,Dorn,rapidocr,55.0,55.0,0.0,0.0,12.363636363636363,12.363636363636363,52.0,157.0,4.101910828025478,5.402585392383438,64.0,29.0,4.90625,4.0,60.0,29.0,0.0,0.0,0.0,0.0,0.0,3.0,11.0,51.0,62.0,153.0,910.9920354891918
dorn_python_099,Dorn,rapidocr,49.0,49.0,0.0,0.0,14.244897959183673,14.244897959183673,50.0,280.0,2.2785714285714285,4.9287311199656845,101.0,30.0,3.6930693069306932,2.0,130.0,47.0,0.0,0.0,0.0,0.0,0.0,1.0,9.0,55.0,64.0,278.0,1668.0
dorn_cuda_000,Dorn,easyocr,171.0,171.0,0.0,0.0,9.017543859649123,9.017543859649123,35.0,344.0,4.313953488372093,6.357698651870674,151.0,72.0,7.662251655629139,27.0,114.0,52.0,0.0,0.0,0.0,0.0,0.0,5.0,12.0,123.0,135.0,317.0,2243.3505442651135
dorn_cuda_001,Dorn,easyocr,35.0,35.0,0.0,0.17142857142857143,11.485714285714286,11.485714285714286,58.0,130.0,2.9692307692307693,3.935316133544471,32.0,24.0,8.71875,2.0,84.0,12.0,0.0,0.0,0.0,0.0,0.0,1.0,7.0,34.0,41.0,128.0,685.7666565911147
dorn_cuda_010,Dorn,easyocr,235.0,235.0,0.0,0.0,8.382978723404255,8.382978723404255,43.0,442.0,4.328054298642534,6.543371158643579,203.0,87.0,7.349753694581281,31.0,148.0,60.0,0.0,0.0,0.0,1.348936170212766,2.0,5.0,16.0,140.0,156.0,411.0,2994.300311952384
dorn_cuda_100,Dorn,easyocr,150.0,150.0,0.0,0.006666666666666667,9.313333333333333,9.313333333333333,40.0,500.0,2.648,5.935580632327033,157.0,60.0,5.7006369426751595,9.0,226.0,108.0,0.0,0.0,0.0,0.7,1.0,1.0,16.0,115.0,131.0,491.0,3453.410693754888
dorn_cuda_101,Dorn,easyocr,109.0,109.0,0.0,0.0,6.137614678899083,6.137614678899083,38.0,198.0,3.2323232323232323,6.425617864482496,96.0,71.0,5.09375,12.0,58.0,32.0,0.0,0.0,0.0,0.6697247706422018,1.0,2.0,16.0,98.0,114.0,186.0,1270.917542634642
dorn_cuda_102,Dorn,easyocr,115.0,115.0,0.0,0.0,6.547826086956522,6.547826086956522,25.0,149.0,5.154362416107382,5.712268515607098,59.0,46.0,6.135593220338983,9.0,56.0,25.0,0.0,0.0,0.0,0.0,0.0,3.0,10.0,69.0,79.0,140.0,882.5293047447944
dorn_cuda_103,Dorn,easyocr,35.0,35.0,0.0,0.02857142857142857,10.571428571428571,10.571428571428571,47.0,102.0,3.4215686274509802,5.118394718403568,38.0,29.0,7.052631578947368,4.0,45.0,15.0,0.0,0.0,0.0,0.0,0.0,1.0,8.0,40.0,48.0,98.0,547.3263250706733
dorn_cuda_104,Dorn,easyocr,93.0,93.0,0.0,0.0,7.967741935483871,7.967741935483871,25.0,175.0,4.12,6.191860304556168,82.0,54.0,6.914634146341464,14.0,52.0,27.0,0.0,0.0,0.0,0.7849462365591398,2.0,3.0,13.0,79.0,92.0,161.0,1050.293474925179
dorn_cuda_105,Dorn,easyocr,19.0,19.0,0.0,0.0,12.368421052631579,12.368421052631579,49.0,54.0,4.074074074074074,5.115455557478638,23.0,20.0,7.391304347826087,4.0,18.0,9.0,0.0,0.0,0.0,0.0,0.0,1.0,8.0,29.0,37.0,50.0,260.4726682814475
dorn_cuda_106,Dorn,easyocr,203.0,203.0,0.0,0.0049261083743842365,6.748768472906404,6.748768472906404,38.0,233.0,5.92274678111588,6.9851163231142825,147.0,107.0,5.170068027210885,7.0,38.0,41.0,0.0,0.0,0.0,0.7783251231527094,3.0,2.0,12.0,143.0,155.0,226.0,1644.4041155919776
dorn_cuda_107,Dorn,easyocr,22.0,22.0,0.0,0.045454545454545456,12.363636363636363,12.363636363636363,48.0,48.0,5.520833333333333,4.79383399132455,21.0,18.0,5.9523809523809526,0.0,18.0,9.0,0.0,0.0,0.0,0.0,0.0,1.0,7.0,27.0,34.0,48.0,244.19821638001628
dorn_cuda_108,Dorn,easyocr,356.0,356.0,0.0,0.0028089887640449437,6.910112359550562,6.910112359550562,51.0,654.0,3.4831804281345566,6.413980318201752,329.0,161.0,5.586626139817629,18.0,238.0,69.0,0.0,0.0,0.0,0.9747191011235955,1.0,3.0,14.0,219.0,233.0,636.0,5001.622388000123
dorn_cuda_109,Dorn,easyocr,13.0,13.0,0.0,0.0,11.76923076923077,11.76923076923077,33.0,45.0,2.977777777777778,4.785754484978178,22.0,15.0,4.909090909090909,0.0,15.0,8.0,0.0,0.0,0.0,0.0,0.0,1.0,9.0,22.0,31.0,45.0,222.93883396740938
dorn_cuda_011,Dorn,easyocr,34.0,34.0,0.0,0.0,8.705882352941176,8.705882352941176,37.0,123.0,2.178861788617886,4.567805383246535,52.0,23.0,3.576923076923077,3.0,58.0,10.0,0.0,0.0,0.0,0.0,0.0,1.0,7.0,30.0,37.0,120.0,625.134403875474
dorn_cuda_110,Dorn,easyocr,213.0,213.0,0.0,0.023474178403755867,11.009389671361502,11.009389671361502,59.0,301.0,7.8604651162790695,6.023576882418577,118.0,70.0,9.296610169491526,11.0,120.0,52.0,0.0,0.0,0.0,0.0,0.0,1.0,14.0,104.0,118.0,290.0,1995.966484314934
dorn_cuda_111,Dorn,easyocr,149.0,149.0,0.0,0.006711409395973154,6.416107382550336,6.416107382550336,28.0,236.0,3.864406779661017,6.926557551857068,157.0,109.0,4.834394904458598,8.0,37.0,34.0,0.0,0.0,0.0,0.1342281879194631,1.0,2.0,11.0,141.0,152.0,228.0,1652.5274730651374
dorn_cuda_112,Dorn,easyocr,120.0,120.0,0.0,0.03333333333333333,10.066666666666666,10.066666666666666,45.0,230.0,5.3652173913043475,5.692897120402583,77.0,38.0,3.5194805194805197,5.0,113.0,35.0,0.0,0.0,0.0,1.7416666666666667,4.0,5.0,20.0,64.0,84.0,225.0,1438.271420125221
dorn_cuda_113,Dorn,easyocr,247.0,247.0,0.0,0.032388663967611336,6.607287449392713,6.607287449392713,29.0,465.0,3.3161290322580643,5.986578471297896,261.0,63.0,4.908045977011494,8.0,143.0,53.0,0.0,0.0,0.0,0.0,0.0,1.0,10.0,111.0,121.0,457.0,3161.9204994344896
dorn_cuda_114,Dorn,easyocr,305.0,305.0,0.0,0.0,7.281967213114754,7.281967213114754,58.0,544.0,3.8621323529411766,6.2164283700464855,263.0,121.0,5.779467680608365,1.0,203.0,77.0,0.0,0.0,0.0,0.0,0.0,2.0,11.0,186.0,197.0,543.0,4138.774137964812
dorn_cuda_115,Dorn,easyocr,157.0,157.0,0.0,0.006369426751592357,11.248407643312103,11.248407643312103,58.0,497.0,3.3822937625754528,6.137923458707184,187.0,97.0,6.775401069518717,21.0,219.0,70.0,0.0,0.0,0.0,0.050955414012738856,1.0,4.0,13.0,135.0,148.0,476.0,3431.6998020393803
dorn_cuda_116,Dorn,easyocr,72.0,72.0,0.0,0.0,10.097222222222221,10.097222222222221,55.0,150.0,4.6466666666666665,5.562388489053809,51.0,31.0,10.745098039215685,10.0,61.0,28.0,0.0,0.0,0.0,1.7361111111111112,3.0,4.0,12.0,59.0,71.0,140.0,860.9645967306556
dorn_cuda_117,Dorn,easyocr,117.0,117.0,0.0,0.0,8.17094017094017,8.17094017094017,43.0,178.0,5.308988764044944,6.055687610907362,100.0,59.0,8.31,3.0,46.0,29.0,0.0,0.0,0.0,0.0,0.0,1.0,11.0,87.0,98.0,175.0,1157.5742227201615
dorn_cuda_118,Dorn,easyocr,48.0,48.0,0.0,0.041666666666666664,9.895833333333334,9.895833333333334,59.0,122.0,3.6885245901639343,5.276110420653314,47.0,37.0,7.0638297872340425,13.0,49.0,13.0,0.0,0.0,0.0,0.0,0.0,1.0,8.0,46.0,54.0,109.0,627.282737735818
dorn_cuda_119,Dorn,easyocr,89.0,89.0,0.0,0.0,4.887640449438202,4.887640449438202,20.0,167.0,2.4850299401197606,5.656760222164634,55.0,30.0,4.127272727272727,20.0,56.0,36.0,0.0,0.0,0.0,0.0,0.0,5.0,10.0,59.0,69.0,147.0,897.9530951463909
dorn_cuda_012,Dorn,easyocr,21.0,21.0,0.0,0.0,8.476190476190476,8.476190476190476,26.0,46.0,3.782608695652174,4.61108003320838,19.0,15.0,7.368421052631579,1.0,19.0,7.0,0.0,0.0,0.0,0.0,0.0,1.0,7.0,22.0,29.0,45.0,218.60914478074073
dorn_cuda_013,Dorn,easyocr,128.0,128.0,0.0,0.0,6.0703125,6.0703125,58.0,232.0,3.2198275862068964,6.287242208543334,124.0,70.0,4.758064516129032,5.0,63.0,40.0,0.0,0.0,0.0,0.0,0.0,1.0,11.0,104.0,115.0,227.0,1553.9262415643732
dorn_cuda_014,Dorn,easyocr,144.0,144.0,0.0,0.0,7.1875,7.1875,22.0,305.0,3.259016393442623,6.248010514224412,132.0,70.0,5.356060606060606,23.0,101.0,49.0,0.0,0.0,0.0,0.0,0.0,2.0,14.0,104.0,118.0,282.0,1940.9053399200393
dorn_cuda_015,Dorn,easyocr,103.0,103.0,0.0,0.0,7.815533980582524,7.815533980582524,45.0,211.0,3.6445497630331753,5.974127746062722,80.0,46.0,7.2125,14.0,74.0,43.0,0.0,0.0,0.0,0.912621359223301,2.0,2.0,14.0,78.0,92.0,197.0,1285.1417053432315
dorn_cuda_016,Dorn,easyocr,154.0,154.0,0.0,0.0,7.792207792207792,7.792207792207792,47.0,313.0,3.4536741214057507,5.737437197036732,170.0,101.0,5.364705882352941,0.0,105.0,38.0,0.0,0.0,0.0,0.0,0.0,1.0,5.0,132.0,137.0,313.0,2221.6840419666446
dorn_cuda_017,Dorn,easyocr,124.0,124.0,0.0,0.0,7.032258064516129,7.032258064516129,27.0,219.0,3.904109589041096,6.112372059620448,83.0,56.0,6.156626506024097,15.0,77.0,44.0,0.0,0.0,0.0,0.0,0.0,3.0,11.0,97.0,108.0,204.0,1377.9970504413475
dorn_cuda_018,Dorn,easyocr,102.0,102.0,0.0,0.0,7.431372549019608,7.431372549019608,27.0,176.0,4.2102272727272725,5.580147379131649,68.0,33.0,8.705882352941176,11.0,62.0,35.0,0.0,0.0,0.0,0.47058823529411764,1.0,6.0,9.0,61.0,70.0,165.0,1011.3316977959195
dorn_cuda_019,Dorn,easyocr,174.0,174.0,0.0,0.0,5.82183908045977,5.82183908045977,26.0,229.0,4.379912663755459,6.444132978945972,122.0,76.0,4.885245901639344,8.0,61.0,38.0,0.0,0.0,0.0,0.8275862068965517,2.0,5.0,12.0,104.0,116.0,221.0,1515.6137999231935
dorn_cuda_002,Dorn,easyocr,16.0,16.0,0.0,0.0,9.5625,9.5625,43.0,45.0,3.3777777777777778,4.508193929518777,15.0,10.0,7.466666666666667,1.0,22.0,7.0,0.0,0.0,0.0,0.0,0.0,1.0,9.0,16.0,25.0,44.0,204.32967235008786
dorn_cuda_020,Dorn,easyocr,204.0,204.0,0.0,0.0,9.754901960784315,9.754901960784315,58.0,132.0,15.93939393939394,6.0408181830961745,74.0,55.0,7.256756756756757,3.0,32.0,23.0,0.0,0.0,0.0,0.0,0.0,2.0,8.0,78.0,86.0,129.0,828.9881533565706
dorn_cuda_021,Dorn,easyocr,63.0,63.0,0.0,0.0,6.7936507936507935,6.7936507936507935,21.0,163.0,2.4723926380368098,4.497341749497013,58.0,9.0,4.758620689655173,8.0,73.0,24.0,0.0,0.0,0.0,0.9365079365079365,2.0,7.0,9.0,22.0,31.0,155.0,767.9004281099656
dorn_cuda_022,Dorn,easyocr,92.0,92.0,0.0,0.0,6.195652173913044,6.195652173913044,33.0,102.0,5.950980392156863,5.0413801195824295,27.0,17.0,4.777777777777778,8.0,49.0,18.0,0.0,0.0,0.0,1.0978260869565217,2.0,4.0,13.0,30.0,43.0,94.0,510.0688869419972
dorn_cuda_023,Dorn,easyocr,178.0,178.0,0.0,0.033707865168539325,11.685393258426966,11.685393258426966,52.0,471.0,4.292993630573249,6.256304055130599,178.0,105.0,8.702247191011235,15.0,209.0,69.0,0.0,0.0,0.0,0.5898876404494382,1.0,4.0,15.0,149.0,164.0,456.0,3355.043714105846
dorn_cuda_024,Dorn,easyocr,246.0,246.0,0.0,0.0,6.337398373983739,6.337398373983739,42.0,453.0,3.1346578366445916,5.956877726624561,224.0,102.0,4.924107142857143,14.0,164.0,51.0,0.0,0.0,0.0,1.2764227642276422,2.0,2.0,11.0,145.0,156.0,439.0,3198.291574080527
dorn_cuda_025,Dorn,easyocr,133.0,133.0,0.0,0.0,12.25563909774436,12.25563909774436,59.0,352.0,4.375,6.032779752965992,137.0,86.0,9.167883211678832,12.0,146.0,57.0,0.0,0.0,0.0,0.0,0.0,1.0,13.0,126.0,139.0,340.0,2420.4399647259925
dorn_cuda_026,Dorn,easyocr,242.0,242.0,0.0,0.008264462809917356,7.301652892561983,7.301652892561983,45.0,399.0,4.468671679197995,5.897705284545989,167.0,83.0,5.862275449101796,18.0,159.0,55.0,0.0,0.0,0.0,0.0,0.0,11.0,12.0,129.0,141.0,381.0,2720.1690652639404
dorn_cuda_027,Dorn,easyocr,86.0,86.0,0.0,0.0,9.13953488372093,9.13953488372093,31.0,241.0,3.1535269709543567,5.551878033061798,100.0,47.0,5.73,14.0,104.0,23.0,0.0,0.0,0.0,0.8837209302325582,1.0,9.0,12.0,68.0,80.0,227.0,1435.0776775394313
dorn_cuda_028,Dorn,easyocr,208.0,208.0,0.0,0.0,6.6875,6.6875,25.0,426.0,3.1267605633802815,6.346727246180697,193.0,83.0,4.937823834196891,25.0,138.0,70.0,0.0,0.0,0.0,0.0,0.0,1.0,12.0,137.0,149.0,401.0,2894.8865767053267
dorn_cuda_029,Dorn,easyocr,29.0,29.0,0.0,0.0,4.413793103448276,4.413793103448276,13.0,50.0,2.48,4.763535941154655,13.0,12.0,5.3076923076923075,6.0,22.0,9.0,0.0,0.0,0.0,0.9310344827586207,1.0,1.0,12.0,20.0,32.0,44.0,220.0
dorn_cuda_003,Dorn,easyocr,108.0,108.0,0.0,0.0,9.083333333333334,9.083333333333334,39.0,192.0,4.958333333333333,5.990630497753943,96.0,53.0,8.322916666666666,8.0,52.0,36.0,0.0,0.0,0.0,0.6203703703703703,1.0,3.0,8.0,85.0,93.0,184.0,1203.2052212438778
dorn_cuda_030,Dorn,easyocr,251.0,251.0,0.0,0.0,9.50597609561753,9.50597609561753,53.0,512.0,4.48828125,6.2805875355946945,220.0,101.0,8.572727272727272,25.0,207.0,60.0,0.0,0.0,0.0,0.7888446215139442,2.0,4.0,15.0,159.0,174.0,487.0,3624.7134824783307
dorn_cuda_031,Dorn,easyocr,125.0,125.0,0.0,0.0,7.968,7.968,30.0,96.0,11.0,5.417888542207534,36.0,24.0,6.583333333333333,7.0,36.0,17.0,0.0,0.0,0.0,2.432,5.0,1.0,11.0,39.0,50.0,89.0,502.30320088995046
dorn_cuda_032,Dorn,easyocr,46.0,46.0,0.0,0.0,12.869565217391305,12.869565217391305,57.0,178.0,3.0730337078651684,4.989941104153479,69.0,31.0,6.202898550724638,0.0,95.0,14.0,0.0,0.0,0.0,0.0,0.0,1.0,10.0,44.0,54.0,178.0,1024.3699753850974
dorn_cuda_033,Dorn,easyocr,125.0,125.0,0.0,0.0,9.64,9.64,47.0,288.0,4.048611111111111,5.729665729537769,113.0,60.0,8.336283185840708,10.0,131.0,34.0,0.0,0.0,0.0,0.168,1.0,5.0,13.0,93.0,106.0,278.0,1870.3618863685692
dorn_cuda_034,Dorn,easyocr,212.0,212.0,0.0,0.018867924528301886,10.93867924528302,10.93867924528302,60.0,511.0,4.311154598825832,6.470937985398439,187.0,121.0,8.925133689839573,32.0,201.0,91.0,0.0,0.0,0.0,0.0,0.0,1.0,15.0,186.0,201.0,479.0,3664.853760074707
dorn_cuda_035,Dorn,easyocr,19.0,19.0,0.0,0.0,6.052631578947368,6.052631578947368,21.0,26.0,4.346153846153846,4.517559429596343,14.0,14.0,7.142857142857143,0.0,6.0,6.0,0.0,0.0,0.0,0.0,0.0,1.0,4.0,20.0,24.0,26.0,119.20902501875005
dorn_cuda_036,Dorn,easyocr,211.0,211.0,0.0,0.0,8.037914691943127,8.037914691943127,36.0,421.0,3.8859857482185274,5.854842458581342,162.0,44.0,7.512345679012346,26.0,151.0,82.0,0.0,0.0,0.0,0.0,0.0,14.0,10.0,112.0,122.0,395.0,2737.64124833734
dorn_cuda_037,Dorn,easyocr,132.0,132.0,0.0,0.0,8.643939393939394,8.643939393939394,39.0,273.0,4.0366300366300365,6.102859395465701,105.0,54.0,7.923809523809524,17.0,99.0,52.0,0.0,0.0,0.0,1.5,2.0,3.0,10.0,103.0,113.0,256.0,1745.965814378288
dorn_cuda_038,Dorn,easyocr,265.0,265.0,0.0,0.007547169811320755,9.233962264150943,9.233962264150943,57.0,627.0,3.727272727272727,6.272313624393981,303.0,116.0,6.382838283828383,12.0,241.0,71.0,0.0,0.0,0.0,1.920754716981132,5.0,5.0,16.0,169.0,185.0,615.0,4631.799598217532
dorn_cuda_039,Dorn,easyocr,84.0,84.0,0.0,0.0,7.928571428571429,7.928571428571429,25.0,118.0,5.694915254237288,5.344898657656181,45.0,26.0,7.177777777777778,8.0,46.0,19.0,0.0,0.0,0.0,2.3333333333333335,4.0,4.0,10.0,43.0,53.0,110.0,630.0712500019519
dorn_cuda_004,Dorn,easyocr,119.0,119.0,0.0,0.0,7.647058823529412,7.647058823529412,31.0,119.0,7.949579831932773,5.671389401636159,49.0,27.0,5.469387755102041,7.0,38.0,25.0,0.0,0.0,0.0,2.764705882352941,5.0,2.0,11.0,49.0,60.0,112.0,661.5717467081541
dorn_cuda_040,Dorn,easyocr,13.0,13.0,0.0,0.0,15.76923076923077,15.76923076923077,36.0,53.0,3.4339622641509435,4.030297749433698,26.0,14.0,5.923076923076923,0.0,19.0,8.0,0.0,0.0,0.0,0.0,0.0,1.0,3.0,22.0,25.0,53.0,246.1243780580604
dorn_cuda_041,Dorn,easyocr,82.0,82.0,0.0,0.012195121951219513,6.182926829268292,6.182926829268292,23.0,130.0,3.8153846153846156,5.7411582648051604,58.0,32.0,4.655172413793103,6.0,41.0,25.0,0.0,0.0,0.0,0.0,0.0,3.0,12.0,55.0,67.0,124.0,752.1950596167637
dorn_cuda_042,Dorn,easyocr,158.0,158.0,0.0,0.006329113924050633,8.113924050632912,8.113924050632912,37.0,312.0,3.871794871794872,6.754478830912793,157.0,96.0,6.031847133757962,14.0,92.0,49.0,0.0,0.0,0.0,0.0,0.0,4.0,13.0,139.0,152.0,298.0,2159.8823990061883
dorn_cuda_043,Dorn,easyocr,49.0,49.0,0.0,0.0,10.326530612244898,10.326530612244898,51.0,82.0,5.939024390243903,5.408606425006802,42.0,35.0,10.095238095238095,6.0,23.0,11.0,0.0,0.0,0.0,0.0,0.0,1.0,6.0,45.0,51.0,76.0,431.1043259898336
dorn_cuda_044,Dorn,easyocr,61.0,61.0,0.0,0.0,5.901639344262295,5.901639344262295,17.0,144.0,2.3194444444444446,5.462581486059145,61.0,30.0,3.8524590163934427,3.0,60.0,20.0,0.0,0.0,0.0,0.11475409836065574,1.0,3.0,12.0,48.0,60.0,141.0,832.8715739808011
dorn_cuda_045,Dorn,easyocr,25.0,25.0,0.0,0.0,15.36,15.36,42.0,53.0,7.037735849056604,4.194743455201286,26.0,9.0,13.038461538461538,0.0,13.0,14.0,0.0,0.0,0.0,0.0,0.0,1.0,2.0,23.0,25.0,53.0,246.1243780580604
dorn_cuda_046,Dorn,easyocr,143.0,143.0,0.0,0.0,7.944055944055944,7.944055944055944,55.0,293.0,3.7474402730375425,6.568980386147383,124.0,76.0,6.524193548387097,22.0,99.0,48.0,0.0,0.0,0.0,0.13986013986013987,1.0,6.0,15.0,124.0,139.0,271.0,1929.2330307080706
dorn_cuda_047,Dorn,easyocr,301.0,301.0,0.0,0.0,9.67109634551495,9.67109634551495,57.0,338.0,8.71301775147929,6.846181409316792,178.0,108.0,9.258426966292134,21.0,84.0,55.0,0.0,0.0,0.0,0.0,0.0,1.0,11.0,160.0,171.0,317.0,2351.4592472188297
dorn_cuda_048,Dorn,easyocr,94.0,94.0,0.0,0.0,7.5212765957446805,7.5212765957446805,35.0,198.0,3.393939393939394,6.084205408287062,84.0,50.0,6.309523809523809,5.0,75.0,34.0,0.0,0.0,0.0,0.8829787234042553,2.0,5.0,15.0,78.0,93.0,193.0,1262.05765054385
dorn_cuda_049,Dorn,easyocr,42.0,42.0,0.0,0.0,10.80952380952381,10.80952380952381,34.0,84.0,5.154761904761905,5.560480482529626,56.0,42.0,7.160714285714286,0.0,20.0,8.0,0.0,0.0,0.0,0.0,0.0,1.0,6.0,50.0,56.0,84.0,487.8178134528387
dorn_cuda_005,Dorn,easyocr,102.0,102.0,0.0,0.00980392156862745,6.078431372549019,6.078431372549019,22.0,153.0,3.980392156862745,5.953297728736244,63.0,47.0,6.523809523809524,18.0,42.0,30.0,0.0,0.0,0.0,0.0,0.0,1.0,11.0,76.0,87.0,135.0,869.7973719395783
dorn_cuda_050,Dorn,easyocr,99.0,99.0,0.0,0.0,9.070707070707071,9.070707070707071,39.0,228.0,3.9166666666666665,4.829366753966259,109.0,30.0,6.926605504587156,0.0,86.0,33.0,0.0,0.0,0.0,0.0,0.0,1.0,7.0,54.0,61.0,228.0,1352.2081129643382
dorn_cuda_051,Dorn,easyocr,206.0,206.0,0.0,0.0,8.616504854368932,8.616504854368932,42.0,478.0,3.5564853556485354,5.7768994420931525,166.0,47.0,7.343373493975903,27.0,197.0,88.0,0.0,0.0,0.0,0.0,0.0,15.0,11.0,118.0,129.0,451.0,3162.0634921958876
dorn_cuda_052,Dorn,easyocr,28.0,28.0,0.0,0.0,6.321428571428571,6.321428571428571,19.0,60.0,2.8333333333333335,4.849791896188176,21.0,14.0,5.666666666666667,5.0,25.0,9.0,0.0,0.0,0.0,0.0,0.0,3.0,9.0,22.0,31.0,55.0,272.4807970712781
dorn_cuda_053,Dorn,easyocr,245.0,245.0,0.0,0.06938775510204082,5.497959183673469,5.497959183673469,31.0,437.0,2.860411899313501,6.257016012690172,194.0,96.0,4.845360824742268,3.0,147.0,93.0,0.0,0.0,0.0,0.061224489795918366,1.0,1.0,12.0,145.0,157.0,434.0,3165.865405018966
dorn_cuda_054,Dorn,easyocr,26.0,26.0,0.0,0.038461538461538464,6.538461538461538,6.538461538461538,24.0,62.0,2.5483870967741935,4.97334560211053,21.0,20.0,5.380952380952381,2.0,28.0,11.0,0.0,0.0,0.0,0.0,0.0,3.0,10.0,29.0,39.0,60.0,317.12413313173494
dorn_cuda_055,Dorn,easyocr,22.0,22.0,0.0,0.0,11.818181818181818,11.818181818181818,51.0,67.0,3.7313432835820897,4.879376130691699,27.0,27.0,7.518518518518518,2.0,28.0,10.0,0.0,0.0,0.0,1.4545454545454546,2.0,2.0,7.0,36.0,43.0,65.0,352.7072090556364
dorn_cuda_056,Dorn,easyocr,33.0,33.0,0.0,0.0,9.818181818181818,9.818181818181818,46.0,97.0,3.1443298969072164,5.1606681882427505,35.0,26.0,6.857142857142857,1.0,45.0,16.0,0.0,0.0,0.0,0.0,0.0,2.0,12.0,34.0,46.0,96.0,530.2619477814733
dorn_cuda_057,Dorn,easyocr,20.0,20.0,0.0,0.0,10.45,10.45,27.0,20.0,10.8,3.9841837197791894,7.0,7.0,14.285714285714286,2.0,6.0,5.0,0.0,0.0,0.0,0.0,0.0,2.0,3.0,12.0,15.0,18.0,70.32403072095333
dorn_cuda_058,Dorn,easyocr,30.0,30.0,0.0,0.03333333333333333,8.866666666666667,8.866666666666667,53.0,58.0,4.396551724137931,5.086790375244804,34.0,26.0,6.382352941176471,6.0,12.0,6.0,0.0,0.0,0.0,0.4,1.0,1.0,6.0,32.0,38.0,52.0,272.89223069906643
dorn_cuda_059,Dorn,easyocr,133.0,133.0,0.0,0.0,8.721804511278195,8.721804511278195,28.0,371.0,3.018867924528302,4.9072825336058745,127.0,16.0,6.15748031496063,16.0,161.0,67.0,0.0,0.0,0.0,1.9473684210526316,5.0,14.0,11.0,56.0,67.0,355.0,2153.461662612509
dorn_cuda_006,Dorn,easyocr,46.0,46.0,0.0,0.06521739130434782,7.8478260869565215,7.8478260869565215,34.0,67.0,5.164179104477612,4.938275417184083,38.0,23.0,8.078947368421053,2.0,16.0,11.0,0.0,0.0,0.0,0.30434782608695654,1.0,1.0,7.0,34.0,41.0,65.0,348.24088030017543
dorn_cuda_060,Dorn,easyocr,158.0,158.0,0.0,0.006329113924050633,6.158227848101266,6.158227848101266,35.0,230.0,4.091304347826087,6.98717109927219,144.0,106.0,4.9375,8.0,43.0,35.0,0.0,0.0,0.0,0.17721518987341772,1.0,2.0,11.0,140.0,151.0,222.0,1606.9258521301674
dorn_cuda_061,Dorn,easyocr,99.0,99.0,0.0,0.0,7.575757575757576,7.575757575757576,43.0,218.0,3.2889908256880735,5.736967591322796,90.0,48.0,6.133333333333334,8.0,87.0,33.0,0.0,0.0,0.0,0.0,0.0,6.0,10.0,76.0,86.0,210.0,1349.5155984874405
dorn_cuda_062,Dorn,easyocr,10.0,10.0,0.0,0.0,3.7,3.7,15.0,17.0,2.1176470588235294,3.572469458770135,4.0,4.0,5.75,0.0,9.0,4.0,0.0,0.0,0.0,0.0,0.0,1.0,5.0,8.0,13.0,17.0,62.907475208398566
dorn_cuda_063,Dorn,easyocr,26.0,26.0,0.0,0.0,10.423076923076923,10.423076923076923,42.0,80.0,3.225,4.771439344671016,26.0,20.0,7.269230769230769,4.0,37.0,13.0,0.0,0.0,0.0,0.0,0.0,1.0,7.0,29.0,36.0,76.0,392.91430010961574
dorn_cuda_064,Dorn,easyocr,212.0,212.0,0.0,0.018867924528301886,10.93867924528302,10.93867924528302,60.0,511.0,4.311154598825832,6.470937985398439,187.0,121.0,8.925133689839573,32.0,201.0,91.0,0.0,0.0,0.0,0.0,0.0,1.0,15.0,186.0,201.0,479.0,3664.853760074707
dorn_cuda_065,Dorn,easyocr,29.0,29.0,0.0,0.0,5.896551724137931,5.896551724137931,22.0,60.0,2.683333333333333,5.128072996388509,21.0,18.0,5.0,5.0,24.0,10.0,0.0,0.0,0.0,0.0,0.0,4.0,10.0,27.0,37.0,55.0,286.51993510959227
dorn_cuda_066,Dorn,easyocr,26.0,26.0,0.0,0.0,4.6923076923076925,4.6923076923076925,17.0,68.0,1.5441176470588236,4.548562798396013,24.0,11.0,2.375,2.0,36.0,6.0,0.0,0.0,0.0,0.7692307692307693,1.0,3.0,12.0,16.0,28.0,66.0,317.28542485580186
dorn_cuda_067,Dorn,easyocr,42.0,42.0,0.0,0.0,15.404761904761905,15.404761904761905,56.0,115.0,5.417391304347826,4.922710804509617,44.0,33.0,12.0,7.0,50.0,14.0,0.0,0.0,0.0,0.0,0.0,1.0,6.0,42.0,48.0,108.0,603.1759500778849
dorn_cuda_068,Dorn,easyocr,127.0,127.0,0.0,0.023622047244094488,7.346456692913386,7.346456692913386,53.0,230.0,3.9478260869565216,6.240461216375153,93.0,58.0,7.247311827956989,23.0,69.0,45.0,0.0,0.0,0.0,0.0,0.0,3.0,12.0,93.0,105.0,207.0,1389.8488221568873
dorn_cuda_069,Dorn,easyocr,170.0,170.0,0.0,0.0,9.623529411764705,9.623529411764705,57.0,325.0,4.833846153846154,6.079773777417404,137.0,71.0,9.693430656934307,4.0,117.0,67.0,0.0058823529411764705,1.0,0.07647058823529414,1.6058823529411765,3.0,4.0,11.0,129.0,140.0,321.0,2288.499848439334
dorn_cuda_007,Dorn,easyocr,178.0,178.0,0.0,0.0,7.202247191011236,7.202247191011236,33.0,524.0,2.265267175572519,5.642566250412849,202.0,55.0,3.8465346534653464,16.0,236.0,70.0,0.0,0.0,0.0,1.6179775280898876,3.0,5.0,15.0,99.0,114.0,508.0,3471.1081271956887
dorn_cuda_070,Dorn,easyocr,29.0,29.0,0.0,0.0,7.379310344827586,7.379310344827586,23.0,46.0,4.456521739130435,5.097265424004039,26.0,24.0,6.6923076923076925,3.0,10.0,7.0,0.0,0.0,0.0,0.1724137931034483,1.0,1.0,5.0,31.0,36.0,43.0,222.30677506201943
dorn_cuda_071,Dorn,easyocr,122.0,122.0,0.0,0.0,10.163934426229508,10.163934426229508,51.0,320.0,3.78125,5.828713266181716,148.0,51.0,6.70945945945946,5.0,119.0,48.0,0.0,0.0,0.0,1.3278688524590163,2.0,2.0,16.0,84.0,100.0,315.0,2092.814699779038
dorn_cuda_072,Dorn,easyocr,29.0,29.0,0.0,0.06896551724137931,12.068965517241379,12.068965517241379,44.0,84.0,4.0,5.309058869687201,33.0,30.0,8.393939393939394,2.0,40.0,9.0,0.0,0.0,0.0,0.0,0.0,1.0,11.0,37.0,48.0,82.0,457.9669250591348
dorn_cuda_073,Dorn,easyocr,112.0,112.0,0.0,0.017857142857142856,8.473214285714286,8.473214285714286,49.0,231.0,4.012987012987013,6.027222797731722,84.0,53.0,6.559523809523809,9.0,94.0,44.0,0.0,0.0,0.0,2.1339285714285716,3.0,4.0,14.0,94.0,108.0,222.0,1499.58502548029
dorn_cuda_074,Dorn,easyocr,94.0,94.0,0.0,0.02127659574468085,5.851063829787234,5.851063829787234,23.0,140.0,3.7928571428571427,5.874999757821367,58.0,46.0,6.603448275862069,17.0,39.0,26.0,0.0,0.0,0.0,0.0,0.0,2.0,7.0,72.0,79.0,123.0,775.3650320257836
dorn_cuda_075,Dorn,easyocr,211.0,211.0,0.0,0.0,7.38388625592417,7.38388625592417,50.0,448.0,3.2232142857142856,6.819512684923942,225.0,143.0,5.071111111111111,8.0,153.0,62.0,0.0,0.0,0.0,0.38388625592417064,1.0,3.0,12.0,200.0,212.0,440.0,3400.2850000078074
dorn_cuda_076,Dorn,easyocr,134.0,134.0,0.0,0.014925373134328358,7.932835820895522,7.932835820895522,34.0,254.0,4.169291338582677,5.651029601747687,81.0,54.0,6.037037037037037,16.0,118.0,39.0,0.0,0.0,0.0,2.8805970149253732,3.0,4.0,13.0,90.0,103.0,238.0,1591.387125469606
dorn_cuda_077,Dorn,easyocr,24.0,24.0,0.0,0.0,12.25,12.25,42.0,49.0,5.775510204081633,4.573494537816149,21.0,12.0,11.476190476190476,4.0,16.0,8.0,0.0,0.0,0.0,0.3333333333333333,1.0,2.0,9.0,19.0,28.0,45.0,216.33097149259217
dorn_cuda_078,Dorn,easyocr,187.0,187.0,0.0,0.0374331550802139,10.438502673796792,10.438502673796792,53.0,427.0,4.466042154566745,6.012424877222849,134.0,56.0,10.649253731343284,36.0,170.0,87.0,0.0,0.0,0.0,0.9197860962566845,2.0,9.0,15.0,119.0,134.0,391.0,2762.840873468989
dorn_cuda_079,Dorn,easyocr,111.0,111.0,0.0,0.036036036036036036,11.756756756756756,11.756756756756756,58.0,330.0,3.772727272727273,5.928884062998483,117.0,70.0,8.162393162393162,16.0,148.0,49.0,0.0,0.0,0.0,0.0,0.0,1.0,12.0,104.0,116.0,314.0,2153.4060324700577
dorn_cuda_008,Dorn,easyocr,28.0,28.0,0.0,0.0,10.25,10.25,35.0,52.0,5.403846153846154,4.624013401774994,26.0,17.0,9.692307692307692,0.0,17.0,9.0,0.0,0.0,0.0,0.0,0.0,1.0,4.0,26.0,30.0,52.0,255.15831097164298
dorn_cuda_080,Dorn,easyocr,22.0,22.0,0.0,0.0,4.636363636363637,4.636363636363637,15.0,54.0,1.7962962962962963,4.513784724225434,16.0,9.0,3.0,5.0,23.0,10.0,0.0,0.0,0.0,0.0,0.0,3.0,8.0,17.0,25.0,49.0,227.5489532989615
dorn_cuda_081,Dorn,easyocr,194.0,194.0,0.0,0.005154639175257732,9.412371134020619,9.412371134020619,42.0,406.0,4.275862068965517,6.535203097745109,177.0,92.0,7.745762711864407,29.0,126.0,74.0,0.0,0.0,0.0,2.6288659793814433,6.0,9.0,15.0,146.0,161.0,377.0,2763.7556630492104
dorn_cuda_082,Dorn,easyocr,144.0,144.0,0.0,0.020833333333333332,7.756944444444445,7.756944444444445,36.0,490.0,2.1877551020408164,5.379005980819198,218.0,58.0,3.532110091743119,1.0,218.0,53.0,0.0,0.0,0.0,0.0,0.0,1.0,11.0,90.0,101.0,489.0,3255.8654150656275
dorn_cuda_083,Dorn,easyocr,161.0,161.0,0.0,0.0,5.329192546583851,5.329192546583851,28.0,198.0,4.191919191919192,4.653319700150943,130.0,11.0,5.469230769230769,0.0,11.0,57.0,0.0,0.0,0.0,0.0,0.0,1.0,4.0,56.0,60.0,198.0,1169.5643379304868
dorn_cuda_084,Dorn,easyocr,275.0,275.0,0.0,0.0,8.447272727272727,8.447272727272727,52.0,538.0,4.137546468401487,6.474101827175053,246.0,107.0,7.532520325203252,11.0,195.0,86.0,0.0,0.0,0.0,2.5090909090909093,4.0,5.0,12.0,171.0,183.0,527.0,3960.7738147756904
dorn_cuda_085,Dorn,easyocr,32.0,32.0,0.0,0.0,8.65625,8.65625,36.0,100.0,2.68,4.860930402149347,42.0,21.0,4.880952380952381,0.0,46.0,12.0,0.0,0.0,0.0,0.0,0.0,1.0,9.0,32.0,41.0,100.0,535.7552004618084
dorn_cuda_086,Dorn,easyocr,162.0,162.0,0.0,0.0,5.981481481481482,5.981481481481482,37.0,392.0,2.298469387755102,6.027992481240694,158.0,87.0,3.7531645569620253,20.0,157.0,57.0,0.0,0.0,0.0,0.37037037037037035,1.0,9.0,15.0,124.0,139.0,372.0,2648.246079053145
dorn_cuda_087,Dorn,easyocr,112.0,112.0,0.0,0.0,7.892857142857143,7.892857142857143,42.0,178.0,4.764044943820225,6.119439785119601,93.0,52.0,7.720430107526882,9.0,43.0,33.0,0.0,0.0,0.0,0.6160714285714286,1.0,4.0,10.0,81.0,91.0,169.0,1099.8172941935798
dorn_cuda_088,Dorn,easyocr,22.0,22.0,0.0,0.0,8.318181818181818,8.318181818181818,26.0,59.0,2.7966101694915255,4.436876524850862,29.0,15.0,4.655172413793103,0.0,23.0,7.0,0.0,0.0,0.0,0.0,0.0,1.0,8.0,21.0,29.0,59.0,286.62087871252675
dorn_cuda_089,Dorn,easyocr,143.0,143.0,0.0,0.0,11.146853146853147,11.146853146853147,59.0,340.0,4.452941176470588,5.984408810870208,132.0,77.0,9.098484848484848,23.0,129.0,56.0,0.0,0.0,0.0,0.0,0.0,1.0,11.0,118.0,129.0,317.0,2222.5590399691714
dorn_cuda_009,Dorn,easyocr,85.0,85.0,0.0,0.011764705882352941,7.741176470588235,7.741176470588235,24.0,204.0,3.1372549019607843,5.820039508147463,76.0,38.0,6.065789473684211,12.0,81.0,35.0,0.0,0.0,0.0,1.9294117647058824,3.0,4.0,15.0,64.0,79.0,192.0,1210.3259036500037
dorn_cuda_090,Dorn,easyocr,191.0,191.0,0.0,0.005235602094240838,6.047120418848167,6.047120418848167,59.0,393.0,2.7888040712468194,6.3524198928728515,187.0,80.0,4.251336898395722,12.0,131.0,63.0,0.0,0.0,0.0,0.0,0.0,1.0,12.0,130.0,142.0,381.0,2724.053652531284
dorn_cuda_091,Dorn,easyocr,24.0,24.0,0.0,0.0,10.75,10.75,32.0,55.0,4.4363636363636365,4.786285968921013,18.0,11.0,10.055555555555555,6.0,22.0,9.0,0.0,0.0,0.0,0.4166666666666667,1.0,1.0,10.0,19.0,29.0,49.0,238.041068761251
dorn_cuda_092,Dorn,easyocr,61.0,61.0,0.0,0.0,5.80327868852459,5.80327868852459,36.0,122.0,2.5901639344262297,5.1500947219153295,68.0,58.0,3.8088235294117645,0.0,45.0,9.0,0.0,0.0,0.0,0.0,0.0,1.0,5.0,66.0,71.0,122.0,750.2691485795713
dorn_cuda_093,Dorn,easyocr,159.0,159.0,0.0,0.0,8.968553459119496,8.968553459119496,62.0,358.0,3.8435754189944134,5.686956443931727,169.0,69.0,6.781065088757397,6.0,142.0,41.0,0.0,0.0,0.0,0.31446540880503143,2.0,5.0,12.0,104.0,116.0,352.0,2414.0093102849055
dorn_cuda_094,Dorn,easyocr,157.0,157.0,0.0,0.0,8.656050955414013,8.656050955414013,37.0,494.0,2.6153846153846154,5.950350354558649,155.0,60.0,5.554838709677419,10.0,221.0,108.0,0.0,0.0,0.0,0.7197452229299363,1.0,1.0,16.0,117.0,133.0,484.0,3414.7566987825758
dorn_cuda_095,Dorn,easyocr,142.0,142.0,0.0,0.02112676056338028,7.570422535211268,7.570422535211268,50.0,272.0,3.948529411764706,5.842392307483981,88.0,56.0,5.784090909090909,19.0,125.0,40.0,0.0,0.0,0.0,1.9295774647887325,2.0,5.0,16.0,94.0,110.0,253.0,1715.684007521739
dorn_cuda_096,Dorn,easyocr,16.0,16.0,0.0,0.0,5.5,5.5,10.0,16.0,5.5,3.875,10.0,9.0,8.1,0.0,0.0,6.0,0.0,0.0,0.0,0.0,0.0,1.0,0.0,15.0,15.0,16.0,62.5102495297363
dorn_cuda_097,Dorn,easyocr,50.0,50.0,0.0,0.04,6.94,6.94,23.0,98.0,3.326530612244898,5.284060578871249,55.0,32.0,5.0181818181818185,2.0,30.0,11.0,0.0,0.0,0.0,0.0,0.0,1.0,7.0,41.0,48.0,96.0,536.156400069231
dorn_cuda_098,Dorn,easyocr,80.0,80.0,0.0,0.0,5.4625,5.4625,36.0,155.0,2.509677419354839,5.102318089082133,82.0,60.0,3.768292682926829,0.0,60.0,13.0,0.0,0.0,0.0,0.0,0.0,1.0,5.0,71.0,76.0,155.0,968.4287645837558
dorn_cuda_099,Dorn,easyocr,133.0,133.0,0.0,0.0,8.721804511278195,8.721804511278195,28.0,371.0,3.018867924528302,4.9072825336058745,127.0,16.0,6.15748031496063,16.0,161.0,67.0,0.0,0.0,0.0,1.9473684210526316,5.0,14.0,11.0,56.0,67.0,355.0,2153.461662612509
dorn_python_000,Dorn,easyocr,110.0,110.0,0.0,0.0,7.1,7.1,27.0,198.0,3.787878787878788,5.866349711773085,86.0,45.0,6.6976744186046515,16.0,63.0,33.0,0.0,0.0,0.0,0.0,0.0,11.0,10.0,72.0,82.0,182.0,1157.0744648404911
dorn_python_001,Dorn,easyocr,33.0,33.0,0.0,0.0,5.121212121212121,5.121212121212121,19.0,52.0,3.1346153846153846,4.794297112780251,24.0,14.0,4.291666666666667,8.0,12.0,8.0,0.0,0.0,0.0,0.0,0.0,2.0,6.0,22.0,28.0,44.0,211.52361657053456
dorn_python_010,Dorn,easyocr,110.0,110.0,0.0,0.0,6.5181818181818185,6.5181818181818185,35.0,135.0,5.2592592592592595,6.452084512401665,79.0,61.0,5.89873417721519,8.0,20.0,28.0,0.0,0.0,0.0,0.0,0.0,6.0,9.0,89.0,98.0,127.0,840.0681502026315
dorn_python_100,Dorn,easyocr,77.0,77.0,0.0,0.0,11.558441558441558,11.558441558441558,59.0,156.0,5.538461538461538,5.729561449778617,76.0,42.0,9.736842105263158,5.0,46.0,29.0,0.0,0.0,0.0,0.0,0.0,1.0,8.0,71.0,79.0,151.0,951.8708929747426
dorn_python_101,Dorn,easyocr,19.0,19.0,0.0,0.0,10.105263157894736,10.105263157894736,31.0,38.0,4.7894736842105265,4.945038697540245,22.0,21.0,7.318181818181818,1.0,10.0,5.0,0.0,0.0,0.0,0.0,0.0,1.0,6.0,26.0,32.0,37.0,185.0
dorn_python_102,Dorn,easyocr,94.0,94.0,0.0,0.0,7.404255319148936,7.404255319148936,30.0,120.0,5.841666666666667,5.048776114138082,62.0,26.0,6.5,7.0,31.0,20.0,0.0,0.0,0.0,0.0,0.0,3.0,7.0,46.0,53.0,113.0,647.2550113656415
dorn_python_103,Dorn,easyocr,33.0,33.0,0.0,0.0,6.787878787878788,6.787878787878788,28.0,56.0,3.7857142857142856,5.008621780036165,32.0,25.0,5.5,4.0,15.0,5.0,0.0,0.0,0.0,0.0,0.0,3.0,5.0,30.0,35.0,52.0,266.72271688113824
dorn_python_104,Dorn,easyocr,156.0,156.0,0.0,0.0,11.211538461538462,11.211538461538462,54.0,179.0,9.972067039106145,5.603841628864185,87.0,49.0,7.9655172413793105,0.0,52.0,40.0,0.0,0.0,0.0,0.0,0.0,1.0,5.0,79.0,84.0,179.0,1144.2248186773982
dorn_python_105,Dorn,easyocr,30.0,30.0,0.0,0.0,7.2,7.2,23.0,47.0,4.446808510638298,4.958844170826573,26.0,22.0,6.8076923076923075,2.0,11.0,8.0,0.0,0.0,0.0,0.0,0.0,1.0,4.0,30.0,34.0,45.0,228.93582785626526
dorn_python_106,Dorn,easyocr,155.0,155.0,0.0,0.0,7.038709677419355,7.038709677419355,31.0,233.0,4.545064377682404,6.155423491973079,122.0,66.0,6.450819672131147,10.0,59.0,42.0,0.0,0.0,0.0,0.0,0.0,9.0,10.0,101.0,111.0,223.0,1515.1547381960736
dorn_python_107,Dorn,easyocr,140.0,140.0,0.0,0.007142857142857143,6.478571428571429,6.478571428571429,31.0,214.0,4.037383177570093,7.074130538034442,138.0,105.0,5.050724637681159,5.0,34.0,37.0,0.0,0.0,0.0,0.0,0.0,2.0,13.0,141.0,154.0,209.0,1518.7583870052342
dorn_python_108,Dorn,easyocr,173.0,173.0,0.0,0.0,6.300578034682081,6.300578034682081,29.0,175.0,6.371428571428571,6.720979969307638,104.0,75.0,4.730769230769231,10.0,23.0,38.0,0.0,0.0,0.0,0.0,0.0,4.0,8.0,110.0,118.0,165.0,1135.6361031447038
dorn_python_109,Dorn,easyocr,185.0,185.0,0.0,0.0,5.848648648648648,5.848648648648648,30.0,266.0,3.973684210526316,6.807714042531104,143.0,95.0,4.559440559440559,3.0,54.0,66.0,0.0,0.0,0.0,0.2594594594594595,1.0,2.0,13.0,140.0,153.0,263.0,1908.6930026281675
dorn_python_011,Dorn,easyocr,39.0,39.0,0.0,0.0,6.564102564102564,6.564102564102564,30.0,64.0,3.890625,5.493650438178645,33.0,32.0,5.848484848484849,1.0,14.0,16.0,0.0,0.0,0.0,0.0,0.0,1.0,6.0,45.0,51.0,63.0,357.3627965442042
dorn_python_110,Dorn,easyocr,79.0,79.0,0.0,0.0,6.6455696202531644,6.6455696202531644,33.0,52.0,10.826923076923077,5.0081320258334,24.0,20.0,4.625,2.0,10.0,16.0,0.0,0.0,0.0,0.0,0.0,2.0,3.0,33.0,36.0,50.0,258.49625007211563
dorn_python_111,Dorn,easyocr,285.0,285.0,0.0,0.010526315789473684,7.182456140350877,7.182456140350877,43.0,448.0,4.537946428571429,6.467909281767304,259.0,108.0,4.772200772200772,11.0,115.0,63.0,0.0,0.0,0.0,0.0,0.0,12.0,10.0,152.0,162.0,437.0,3207.5144512605807
dorn_python_112,Dorn,easyocr,32.0,32.0,0.0,0.0,9.40625,9.40625,26.0,71.0,3.9295774647887325,5.2058097954391345,35.0,30.0,6.3428571428571425,5.0,24.0,7.0,0.0,0.0,0.0,0.0,0.0,2.0,6.0,35.0,41.0,66.0,353.5984323047935
dorn_python_113,Dorn,easyocr,192.0,192.0,0.0,0.0,8.322916666666666,8.322916666666666,46.0,338.0,4.485207100591716,6.433133987616805,188.0,101.0,6.7712765957446805,18.0,82.0,50.0,0.0,0.0,0.0,0.0,0.0,10.0,10.0,149.0,159.0,320.0,2340.122545690994
dorn_python_114,Dorn,easyocr,33.0,33.0,0.0,0.0,6.9393939393939394,6.9393939393939394,28.0,56.0,3.9285714285714284,5.046119377716699,34.0,26.0,5.764705882352941,1.0,15.0,6.0,0.0,0.0,0.0,0.0,0.0,2.0,6.0,32.0,38.0,55.0,288.6360132393972
dorn_python_115,Dorn,easyocr,109.0,109.0,0.0,0.0,10.339449541284404,10.339449541284404,49.0,249.0,4.337349397590361,5.474214167927174,119.0,49.0,6.873949579831932,9.0,80.0,41.0,0.0,0.0,0.0,0.0,0.0,2.0,9.0,90.0,99.0,240.0,1591.0455888191063
dorn_python_116,Dorn,easyocr,130.0,130.0,0.0,0.0,7.046153846153846,7.046153846153846,52.0,223.0,3.8609865470852016,6.21659863740997,126.0,76.0,5.182539682539683,17.0,49.0,31.0,0.0,0.0,0.0,0.0,0.0,9.0,6.0,106.0,112.0,206.0,1402.3151139438664
dorn_python_117,Dorn,easyocr,32.0,32.0,0.0,0.0,8.28125,8.28125,36.0,95.0,2.5894736842105264,5.410086497754891,43.0,33.0,4.1395348837209305,4.0,36.0,12.0,0.0,0.0,0.0,0.0,0.0,5.0,11.0,43.0,54.0,91.0,523.6947626968756
dorn_python_118,Dorn,easyocr,32.0,32.0,0.0,0.0,8.59375,8.59375,22.0,51.0,5.117647058823529,5.31429470458933,31.0,27.0,7.193548387096774,3.0,9.0,8.0,0.0,0.0,0.0,0.0,0.0,1.0,6.0,35.0,41.0,48.0,257.162496221668
dorn_python_012,Dorn,easyocr,127.0,127.0,0.0,0.047244094488188976,5.716535433070866,5.716535433070866,24.0,97.0,7.989690721649485,5.2307375849657385,51.0,31.0,5.0,4.0,29.0,13.0,0.0,0.0,0.0,0.0,0.0,1.0,5.0,44.0,49.0,93.0,522.1680155027144
dorn_python_013,Dorn,easyocr,23.0,23.0,0.0,0.0,6.391304347826087,6.391304347826087,24.0,45.0,2.977777777777778,4.516868585642404,18.0,14.0,5.166666666666667,4.0,16.0,7.0,0.0,0.0,0.0,0.0,0.0,3.0,5.0,21.0,26.0,41.0,192.71802844378476
dorn_python_014,Dorn,easyocr,108.0,108.0,0.0,0.0,7.648148148148148,7.648148148148148,31.0,168.0,4.9226190476190474,5.426177345294038,95.0,44.0,4.389473684210526,2.0,50.0,21.0,0.0,0.0,0.0,0.0,0.0,3.0,7.0,65.0,72.0,166.0,1024.2075502394239
dorn_python_015,Dorn,easyocr,83.0,83.0,0.0,0.0,6.0120481927710845,6.0120481927710845,31.0,76.0,6.7368421052631575,6.1327316252572235,48.0,47.0,6.916666666666667,3.0,5.0,20.0,0.0,0.0,0.0,0.0,0.0,2.0,3.0,66.0,69.0,73.0,445.92228534480637
dorn_python_016,Dorn,easyocr,113.0,113.0,0.0,0.008849557522123894,8.486725663716815,8.486725663716815,47.0,87.0,11.666666666666666,5.61146422656554,42.0,28.0,5.071428571428571,2.0,26.0,17.0,0.0,0.0,0.0,0.1504424778761062,1.0,1.0,11.0,45.0,56.0,85.0,493.6251683748963
dorn_python_017,Dorn,easyocr,184.0,184.0,0.0,0.0,8.293478260869565,8.293478260869565,34.0,321.0,4.604361370716511,6.493449343356,156.0,93.0,5.128205128205129,12.0,103.0,50.0,0.0,0.0,0.0,0.0,0.0,10.0,14.0,131.0,145.0,309.0,2218.5919088146147
dorn_python_018,Dorn,easyocr,203.0,203.0,0.0,0.0,7.901477832512315,7.901477832512315,50.0,463.0,3.2570194384449245,6.569602354848863,219.0,132.0,4.141552511415525,10.0,170.0,64.0,0.0,0.0,0.0,0.0,0.0,8.0,15.0,187.0,202.0,453.0,3469.169801686563
dorn_python_019,Dorn,easyocr,190.0,190.0,0.0,0.005263157894736842,10.605263157894736,10.605263157894736,56.0,393.0,4.89821882951654,6.324492121293133,194.0,101.0,7.118556701030927,4.0,124.0,71.0,0.0,0.0,0.0,0.0,0.0,1.0,12.0,159.0,171.0,389.0,2885.5446282906146
dorn_python_002,Dorn,easyocr,125.0,125.0,0.0,0.0,8.064,8.064,41.0,186.0,5.39247311827957,5.824747231030344,95.0,59.0,6.042105263157895,3.0,58.0,30.0,0.0,0.0,0.0,0.0,0.0,2.0,7.0,88.0,95.0,183.0,1202.2835763245635
dorn_python_020,Dorn,easyocr,27.0,27.0,0.0,0.0,10.592592592592593,10.592592592592593,33.0,41.0,7.0,4.93048432158572,17.0,14.0,6.588235294117647,4.0,14.0,6.0,0.0,0.0,0.0,0.0,0.0,2.0,10.0,20.0,30.0,37.0,181.5549520375152
dorn_python_021,Dorn,easyocr,21.0,21.0,0.0,0.0,9.285714285714286,9.285714285714286,34.0,40.0,4.6,4.971928094887363,24.0,19.0,6.666666666666667,0.0,8.0,8.0,0.0,0.0,0.0,0.0,0.0,1.0,6.0,27.0,33.0,40.0,201.77576477433814
dorn_python_022,Dorn,easyocr,125.0,125.0,0.0,0.0,5.272,5.272,28.0,159.0,4.0251572327044025,6.442582348712374,108.0,65.0,4.518518518518518,8.0,17.0,26.0,0.0,0.0,0.0,0.0,0.0,6.0,7.0,91.0,98.0,151.0,998.8211864613965
dorn_python_023,Dorn,easyocr,28.0,28.0,0.0,0.0,13.071428571428571,13.071428571428571,45.0,86.0,3.86046511627907,4.298432738649569,45.0,19.0,6.4222222222222225,0.0,33.0,8.0,0.0,0.0,0.0,0.0,0.0,1.0,7.0,27.0,34.0,86.0,437.52180434752916
dorn_python_024,Dorn,easyocr,38.0,38.0,0.0,0.0,6.2368421052631575,6.2368421052631575,21.0,60.0,3.8333333333333335,4.877316637094896,32.0,20.0,5.875,5.0,18.0,5.0,0.0,0.0,0.0,0.0,0.0,4.0,9.0,25.0,34.0,55.0,279.81045626876863
dorn_python_025,Dorn,easyocr,20.0,20.0,0.0,0.0,7.25,7.25,17.0,35.0,3.857142857142857,4.900711588373538,20.0,19.0,5.7,0.0,6.0,9.0,0.0,0.0,0.0,0.0,0.0,1.0,4.0,27.0,31.0,35.0,173.3968708635406
dorn_python_026,Dorn,easyocr,104.0,104.0,0.0,0.0,8.028846153846153,8.028846153846153,34.0,241.0,3.211618257261411,6.164152553533519,115.0,72.0,4.678260869565217,5.0,83.0,38.0,0.0,0.0,0.0,0.0,0.0,6.0,12.0,101.0,113.0,236.0,1609.5622351299844
dorn_python_027,Dorn,easyocr,34.0,34.0,0.0,0.0,7.294117647058823,7.294117647058823,25.0,64.0,3.515625,5.50544555539995,31.0,30.0,5.354838709677419,1.0,14.0,18.0,0.0,0.0,0.0,0.0,0.0,1.0,6.0,45.0,51.0,63.0,357.3627965442042
dorn_python_028,Dorn,easyocr,27.0,27.0,0.0,0.0,14.962962962962964,14.962962962962964,44.0,103.0,3.6601941747572817,4.550658215895532,41.0,20.0,7.414634146341464,0.0,41.0,21.0,0.0,0.0,0.0,0.0,0.0,1.0,5.0,35.0,40.0,103.0,548.1585937733984
dorn_python_029,Dorn,easyocr,85.0,85.0,0.0,0.0,8.105882352941176,8.105882352941176,35.0,173.0,3.6763005780346822,5.873619827678707,85.0,51.0,5.964705882352941,3.0,52.0,33.0,0.0,0.0,0.0,0.0,0.0,1.0,8.0,79.0,87.0,170.0,1095.3003942942837
dorn_python_003,Dorn,easyocr,137.0,137.0,0.0,0.0,12.83941605839416,12.83941605839416,61.0,393.0,4.1603053435114505,5.3709046934011715,184.0,57.0,7.375,5.0,156.0,48.0,0.0,0.0,0.0,0.0,0.0,1.0,9.0,104.0,113.0,388.0,2646.229437417093
dorn_python_030,Dorn,easyocr,149.0,149.0,0.0,0.0,6.953020134228188,6.953020134228188,41.0,110.0,10.090909090909092,5.991035195619682,50.0,47.0,5.48,6.0,32.0,22.0,0.0,0.0,0.0,0.7046979865771812,1.0,2.0,10.0,64.0,74.0,104.0,645.7831500254108
dorn_python_031,Dorn,easyocr,159.0,159.0,0.0,0.0,5.943396226415095,5.943396226415095,40.0,249.0,3.6626506024096384,6.374683019904909,112.0,67.0,4.5625,13.0,73.0,51.0,0.0,0.0,0.0,0.0,0.0,7.0,12.0,106.0,118.0,236.0,1624.3037596493946
dorn_python_032,Dorn,easyocr,94.0,94.0,0.0,0.0,6.287234042553192,6.287234042553192,26.0,154.0,3.590909090909091,6.320911521716018,76.0,51.0,5.302631578947368,9.0,29.0,40.0,0.0,0.0,0.0,0.0,0.0,3.0,6.0,86.0,92.0,145.0,945.9164836282669
dorn_python_033,Dorn,easyocr,48.0,48.0,0.0,0.0,8.208333333333334,8.208333333333334,53.0,106.0,3.5377358490566038,5.665777233582531,57.0,44.0,5.543859649122807,2.0,34.0,13.0,0.0,0.0,0.0,0.0,0.0,3.0,8.0,55.0,63.0,104.0,621.6371120439914
dorn_python_034,Dorn,easyocr,96.0,96.0,0.0,0.0,6.197916666666667,6.197916666666667,33.0,103.0,5.912621359223301,5.681802047034053,54.0,39.0,4.685185185185185,4.0,28.0,17.0,0.0,0.0,0.0,0.6979166666666666,1.0,3.0,8.0,55.0,63.0,99.0,591.7507124264918
dorn_python_035,Dorn,easyocr,101.0,101.0,0.0,0.0,8.673267326732674,8.673267326732674,41.0,202.0,4.1683168316831685,5.296086659245358,93.0,29.0,7.344086021505376,7.0,61.0,41.0,0.0,0.0,0.0,0.5346534653465347,2.0,5.0,7.0,67.0,74.0,195.0,1210.8434062976453
dorn_python_036,Dorn,easyocr,127.0,127.0,0.0,0.0,8.346456692913385,8.346456692913385,43.0,259.0,3.8146718146718146,6.053839161917342,134.0,59.0,6.059701492537314,9.0,77.0,39.0,0.0,0.0,0.0,0.14173228346456693,1.0,6.0,11.0,98.0,109.0,250.0,1692.0460811942314
dorn_python_037,Dorn,easyocr,95.0,95.0,0.0,0.010526315789473684,11.557894736842105,11.557894736842105,48.0,184.0,5.798913043478261,5.795799791552625,97.0,56.0,8.11340206185567,2.0,57.0,28.0,0.0,0.0,0.0,0.0,0.0,1.0,10.0,83.0,93.0,182.0,1190.1269036216615
dorn_python_038,Dorn,easyocr,71.0,71.0,0.0,0.0,6.591549295774648,6.591549295774648,38.0,104.0,4.346153846153846,6.232851348111374,46.0,38.0,6.108695652173913,6.0,21.0,31.0,0.0,0.0,0.0,0.4647887323943662,1.0,3.0,10.0,68.0,78.0,98.0,615.9694174485004
dorn_python_039,Dorn,easyocr,141.0,141.0,0.0,0.0,6.929078014184397,6.929078014184397,52.0,276.0,3.3152173913043477,6.305980114551048,147.0,82.0,4.850340136054422,14.0,76.0,39.0,0.0,0.0,0.0,0.0,0.0,8.0,10.0,121.0,131.0,262.0,1842.7568264028118
dorn_python_004,Dorn,easyocr,161.0,161.0,0.0,0.0,7.683229813664596,7.683229813664596,44.0,292.0,4.075342465753424,6.103782033933814,144.0,64.0,6.611111111111111,16.0,83.0,49.0,0.0,0.0,0.0,0.0,0.0,9.0,10.0,106.0,116.0,276.0,1892.8027546552098
dorn_python_040,Dorn,easyocr,85.0,85.0,0.0,0.0,7.91764705882353,7.91764705882353,50.0,166.0,3.8132530120481927,5.8201574688176745,87.0,62.0,5.954022988505747,5.0,51.0,23.0,0.0,0.0,0.0,0.0,0.0,2.0,5.0,85.0,90.0,161.0,1045.1883485090777
dorn_python_042,Dorn,easyocr,139.0,139.0,0.0,0.0,7.9928057553956835,7.9928057553956835,37.0,184.0,6.010869565217392,6.005944197490956,106.0,61.0,6.150943396226415,5.0,43.0,30.0,0.0,0.0,0.0,0.0,0.0,4.0,7.0,91.0,98.0,179.0,1184.0330620966222
dorn_python_043,Dorn,easyocr,152.0,152.0,0.0,0.0,14.197368421052632,14.197368421052632,57.0,402.0,5.067164179104478,5.125360348112465,218.0,51.0,8.311926605504587,0.0,135.0,49.0,0.0,0.0,0.0,0.0,0.0,1.0,8.0,100.0,108.0,402.0,2715.4647758697142
dorn_python_044,Dorn,easyocr,224.0,224.0,0.0,0.0,7.004464285714286,7.004464285714286,40.0,232.0,6.866379310344827,6.909840842340735,134.0,83.0,5.3283582089552235,10.0,32.0,56.0,0.0,0.0,0.0,0.0,0.0,2.0,10.0,139.0,149.0,222.0,1602.6554115425997
dorn_python_045,Dorn,easyocr,70.0,70.0,0.0,0.0,7.357142857142857,7.357142857142857,37.0,104.0,5.019230769230769,5.349042242718166,42.0,24.0,5.928571428571429,7.0,34.0,21.0,0.0,0.0,0.0,0.0,0.0,1.0,8.0,44.0,52.0,97.0,552.9426526596859
dorn_python_046,Dorn,easyocr,35.0,35.0,0.0,0.0,9.228571428571428,9.228571428571428,35.0,89.0,3.348314606741573,5.020025819994364,42.0,31.0,5.642857142857143,3.0,33.0,11.0,0.0,0.0,0.0,0.0,0.0,1.0,4.0,42.0,46.0,86.0,475.0263282209031
dorn_python_047,Dorn,easyocr,58.0,58.0,0.0,0.0,6.344827586206897,6.344827586206897,28.0,101.0,3.5841584158415842,5.362232740280694,45.0,26.0,5.4222222222222225,3.0,31.0,22.0,0.0,0.0,0.0,0.0,0.0,1.0,7.0,47.0,54.0,98.0,563.9789752120199
dorn_python_048,Dorn,easyocr,123.0,123.0,0.0,0.0,6.7073170731707314,6.7073170731707314,37.0,194.0,4.036082474226804,6.743757107828267,117.0,86.0,5.247863247863248,6.0,34.0,37.0,0.0,0.0,0.0,0.0,1.0,2.0,10.0,120.0,130.0,188.0,1320.2051488493494
dorn_python_049,Dorn,easyocr,153.0,153.0,0.0,0.013071895424836602,8.07843137254902,8.07843137254902,56.0,248.0,4.891129032258065,6.535893952704905,123.0,82.0,5.967479674796748,7.0,75.0,43.0,0.0,0.0,0.0,0.21568627450980393,1.0,5.0,12.0,121.0,133.0,241.0,1700.3230669557868
dorn_python_005,Dorn,easyocr,147.0,147.0,0.0,0.0,6.469387755102041,6.469387755102041,31.0,152.0,6.5394736842105265,5.9535531495947005,69.0,50.0,5.246376811594203,10.0,48.0,25.0,0.0,0.0,0.0,0.0,0.0,6.0,10.0,74.0,84.0,142.0,907.709074034584
dorn_python_050,Dorn,easyocr,37.0,37.0,0.0,0.0,8.513513513513514,8.513513513513514,37.0,79.0,3.8354430379746836,5.278543805649369,37.0,27.0,6.4324324324324325,6.0,27.0,9.0,0.0,0.0,0.0,0.0,0.0,3.0,8.0,36.0,44.0,73.0,398.5385081605227
dorn_python_051,Dorn,easyocr,23.0,23.0,0.0,0.0,10.26086956521739,10.26086956521739,29.0,63.0,3.6031746031746033,4.276971741297317,31.0,13.0,6.193548387096774,2.0,24.0,6.0,0.0,0.0,0.0,0.0,0.0,3.0,7.0,19.0,26.0,61.0,286.7268228066066
dorn_python_052,Dorn,easyocr,33.0,33.0,0.0,0.0,6.606060606060606,6.606060606060606,39.0,49.0,4.346938775510204,5.313589691009831,26.0,25.0,6.6923076923076925,3.0,12.0,8.0,0.0,0.0,0.0,0.0,0.0,1.0,7.0,33.0,40.0,46.0,244.80869236481868
dorn_python_053,Dorn,easyocr,227.0,227.0,0.0,0.004405286343612335,7.4493392070484585,7.4493392070484585,41.0,326.0,5.04601226993865,6.810294615583469,188.0,122.0,5.5212765957446805,13.0,79.0,46.0,0.0,0.0,0.0,0.0,0.0,10.0,9.0,165.0,174.0,313.0,2329.641314200652
dorn_python_054,Dorn,easyocr,85.0,85.0,0.0,0.0,8.105882352941176,8.105882352941176,35.0,173.0,3.6763005780346822,5.873619827678707,85.0,51.0,5.964705882352941,3.0,52.0,33.0,0.0,0.0,0.0,0.0,0.0,1.0,8.0,79.0,87.0,170.0,1095.3003942942837
dorn_python_055,Dorn,easyocr,208.0,208.0,0.0,0.009615384615384616,6.3173076923076925,6.3173076923076925,34.0,339.0,3.678466076696165,7.298596045505329,204.0,137.0,5.029411764705882,10.0,66.0,59.0,0.0,0.0,0.0,0.0,0.0,5.0,14.0,192.0,206.0,329.0,2528.858673443279
dorn_python_056,Dorn,easyocr,74.0,74.0,0.0,0.0,12.364864864864865,12.364864864864865,52.0,199.0,4.366834170854271,4.797411074938083,109.0,30.0,6.935779816513762,3.0,66.0,21.0,0.0,0.0,0.0,0.0,0.0,2.0,5.0,51.0,56.0,196.0,1138.2415647232904
dorn_python_057,Dorn,easyocr,19.0,19.0,0.0,0.0,8.526315789473685,8.526315789473685,52.0,36.0,4.388888888888889,4.627986806877675,13.0,11.0,9.461538461538462,2.0,14.0,7.0,0.0,0.0,0.0,0.15789473684210525,1.0,1.0,7.0,18.0,25.0,34.0,157.89111045234063
dorn_python_058,Dorn,easyocr,27.0,27.0,0.0,0.0,10.666666666666666,10.666666666666666,44.0,53.0,5.264150943396227,5.208868095990993,31.0,26.0,7.645161290322581,3.0,11.0,8.0,0.0,0.0,0.0,0.0,0.0,1.0,5.0,34.0,39.0,50.0,264.27011094311246
dorn_python_059,Dorn,easyocr,30.0,30.0,0.0,0.0,11.166666666666666,11.166666666666666,48.0,81.0,3.8271604938271606,4.620094139351936,42.0,23.0,6.404761904761905,0.0,31.0,8.0,0.0,0.0,0.0,0.0,0.0,1.0,5.0,31.0,36.0,81.0,418.7639251168273
dorn_python_006,Dorn,easyocr,169.0,169.0,0.0,0.0,5.3017751479289945,5.3017751479289945,34.0,104.0,9.39423076923077,6.0640857809547075,61.0,43.0,4.885245901639344,4.0,12.0,27.0,0.0,0.0,0.0,0.0,0.0,2.0,7.0,68.0,75.0,100.0,622.8818690495881
dorn_python_060,Dorn,easyocr,88.0,88.0,0.0,0.0,7.7727272727272725,7.7727272727272725,39.0,141.0,4.588652482269503,6.500976174971079,89.0,67.0,6.157303370786517,7.0,20.0,25.0,0.0,0.0,0.0,0.0,0.0,3.0,7.0,92.0,99.0,134.0,888.3337870906677
dorn_python_061,Dorn,easyocr,149.0,149.0,0.0,0.0,6.3624161073825505,6.3624161073825505,28.0,149.0,6.516778523489933,6.323865900218821,59.0,46.0,5.491525423728813,4.0,48.0,38.0,0.0,0.0,0.0,0.0,0.0,2.0,14.0,82.0,96.0,145.0,954.8195626045676
dorn_python_062,Dorn,easyocr,33.0,33.0,0.0,0.0,9.636363636363637,9.636363636363637,36.0,69.0,4.420289855072464,5.046434420326802,37.0,24.0,7.162162162162162,3.0,22.0,7.0,0.0,0.0,0.0,0.0,0.0,3.0,7.0,31.0,38.0,66.0,346.3632158872766
dorn_python_063,Dorn,easyocr,173.0,173.0,0.0,0.0,6.300578034682081,6.300578034682081,29.0,175.0,6.371428571428571,6.720979969307638,104.0,75.0,4.730769230769231,10.0,23.0,38.0,0.0,0.0,0.0,0.0,0.0,4.0,8.0,110.0,118.0,165.0,1135.6361031447038
dorn_python_064,Dorn,easyocr,105.0,105.0,0.0,0.009523809523809525,6.704761904761905,6.704761904761905,28.0,128.0,5.6484375,5.874476435364413,57.0,43.0,5.5964912280701755,2.0,44.0,25.0,0.0,0.0,0.0,0.0,0.0,2.0,12.0,64.0,76.0,126.0,787.2388666938917
dorn_python_065,Dorn,easyocr,198.0,198.0,0.0,0.0,8.030303030303031,8.030303030303031,34.0,71.0,24.43661971830986,5.413625112371014,34.0,30.0,6.764705882352941,0.0,24.0,13.0,0.0,0.0,0.0,0.0,0.0,1.0,8.0,41.0,49.0,71.0,398.6443989321798
dorn_python_066,Dorn,easyocr,40.0,40.0,0.0,0.0,6.175,6.175,19.0,67.0,3.5074626865671643,5.213560601222492,41.0,25.0,4.829268292682927,3.0,14.0,9.0,0.0,0.0,0.0,0.0,0.0,1.0,5.0,34.0,39.0,64.0,338.2657420071839
dorn_python_067,Dorn,easyocr,20.0,20.0,0.0,0.0,6.95,6.95,24.0,34.0,3.823529411764706,4.85216872360328,20.0,18.0,5.15,3.0,5.0,6.0,0.0,0.0,0.0,0.0,0.0,1.0,4.0,24.0,28.0,31.0,149.0280025837857
dorn_python_068,Dorn,easyocr,159.0,159.0,0.0,0.0,6.647798742138365,6.647798742138365,29.0,159.0,6.723270440251572,6.449359527950093,108.0,73.0,5.231481481481482,7.0,20.0,24.0,0.0,0.0,0.0,0.27672955974842767,1.0,3.0,5.0,96.0,101.0,152.0,1012.0481453782728
dorn_python_069,Dorn,easyocr,147.0,147.0,0.0,0.0,7.727891156462585,7.727891156462585,28.0,200.0,5.665,5.803203803279534,78.0,39.0,5.794871794871795,5.0,55.0,62.0,0.0,0.0,0.0,0.0,0.0,1.0,7.0,100.0,107.0,195.0,1314.5860623482238
dorn_python_007,Dorn,easyocr,36.0,36.0,0.0,0.08333333333333333,8.63888888888889,8.63888888888889,30.0,72.0,4.138888888888889,5.095146140536004,34.0,24.0,6.735294117647059,6.0,23.0,9.0,0.0,0.0,0.0,0.0,0.0,1.0,6.0,33.0,39.0,66.0,348.83654644490844
dorn_python_070,Dorn,easyocr,16.0,16.0,0.0,0.0,8.0625,8.0625,31.0,30.0,4.066666666666666,4.481727678869737,16.0,13.0,6.375,2.0,8.0,4.0,0.0,0.0,0.0,0.0,0.0,1.0,5.0,17.0,22.0,28.0,124.86408532184433
dorn_python_071,Dorn,easyocr,159.0,159.0,0.0,0.0,7.433962264150943,7.433962264150943,37.0,95.0,13.494736842105263,6.022759098320031,41.0,37.0,5.024390243902439,4.0,29.0,21.0,0.0,0.0,0.0,0.9371069182389937,1.0,1.0,13.0,57.0,70.0,91.0,557.7647545419919
dorn_python_072,Dorn,easyocr,138.0,138.0,0.0,0.0,10.898550724637682,10.898550724637682,59.0,221.0,6.828054298642534,5.912796390773874,101.0,59.0,6.0594059405940595,2.0,75.0,43.0,0.0,0.0,0.0,0.0,0.0,1.0,12.0,94.0,106.0,219.0,1473.4145795493405
dorn_python_073,Dorn,easyocr,15.0,15.0,0.0,0.0,6.666666666666667,6.666666666666667,24.0,23.0,4.173913043478261,4.349648912578752,15.0,13.0,5.6,1.0,3.0,4.0,0.0,0.0,0.0,0.0,0.0,1.0,3.0,17.0,20.0,22.0,95.08241808752197
dorn_python_074,Dorn,easyocr,27.0,27.0,0.0,0.0,8.296296296296296,8.296296296296296,36.0,51.0,4.098039215686274,4.990956959576133,26.0,22.0,6.230769230769231,6.0,12.0,7.0,0.0,0.0,0.0,0.0,0.0,3.0,4.0,29.0,33.0,45.0,226.9977353711304
dorn_python_075,Dorn,easyocr,138.0,138.0,0.0,0.0,5.311594202898551,5.311594202898551,22.0,36.0,23.22222222222222,4.836591668108978,9.0,7.0,4.333333333333333,3.0,3.0,21.0,0.0,0.0,0.0,0.0,0.0,3.0,3.0,25.0,28.0,33.0,158.64271242790093
dorn_python_076,Dorn,easyocr,152.0,152.0,0.0,0.013157894736842105,6.151315789473684,6.151315789473684,41.0,233.0,4.111587982832618,5.526122047358987,76.0,38.0,3.776315789473684,9.0,96.0,52.0,0.0,0.0,0.0,0.0,0.0,8.0,11.0,64.0,75.0,224.0,1395.2553866710773
dorn_python_077,Dorn,easyocr,114.0,114.0,0.0,0.0,6.315789473684211,6.315789473684211,49.0,66.0,11.909090909090908,5.300160551498397,27.0,19.0,5.925925925925926,7.0,20.0,12.0,0.0,0.0,0.0,0.0,0.0,4.0,10.0,31.0,41.0,59.0,316.09556827246695
dorn_python_078,Dorn,easyocr,194.0,194.0,0.0,0.010309278350515464,7.211340206185567,7.211340206185567,33.0,330.0,3.9272727272727272,7.3630467194654585,191.0,136.0,5.513089005235602,10.0,62.0,67.0,0.0,0.0,0.0,0.0,0.0,4.0,13.0,195.0,208.0,320.0,2464.1407098051495
dorn_python_079,Dorn,easyocr,78.0,78.0,0.0,0.0,10.384615384615385,10.384615384615385,54.0,174.0,4.586206896551724,5.469976172852053,76.0,31.0,4.907894736842105,2.0,65.0,31.0,0.0,0.0,0.0,0.0,0.0,3.0,12.0,55.0,67.0,172.0,1043.3673407587369
dorn_python_008,Dorn,easyocr,171.0,171.0,0.0,0.0,8.09356725146199,8.09356725146199,36.0,277.0,4.776173285198556,6.3826871535773995,160.0,92.0,6.6375,23.0,52.0,42.0,0.0,0.0,0.0,0.0,0.0,3.0,7.0,134.0,141.0,254.0,1813.4460435092935
dorn_python_080,Dorn,easyocr,139.0,139.0,0.0,0.0,8.906474820143885,8.906474820143885,39.0,166.0,7.5602409638554215,6.312733030496889,81.0,53.0,5.518518518518518,4.0,46.0,35.0,0.0,0.0,0.0,0.0,0.0,4.0,14.0,86.0,100.0,162.0,1076.3047027435055
dorn_python_081,Dorn,easyocr,171.0,171.0,0.0,0.0,12.859649122807017,12.859649122807017,48.0,532.0,3.7669172932330826,5.308505906389015,239.0,83.0,6.895397489539749,8.0,234.0,51.0,0.0,0.0,0.0,0.29239766081871343,1.0,6.0,8.0,133.0,141.0,524.0,3741.124908656968
dorn_python_082,Dorn,easyocr,159.0,159.0,0.0,0.0,7.377358490566038,7.377358490566038,48.0,189.0,6.317460317460317,6.773557371321786,114.0,84.0,5.2631578947368425,5.0,19.0,51.0,0.0,0.0,0.0,0.27672955974842767,1.0,4.0,10.0,135.0,145.0,184.0,1321.1032725627479
dorn_python_083,Dorn,easyocr,37.0,37.0,0.0,0.0,9.891891891891891,9.891891891891891,17.0,52.0,7.153846153846154,4.390074997229215,28.0,14.0,6.785714285714286,0.0,17.0,7.0,0.0,0.0,0.0,0.0,0.0,1.0,5.0,21.0,26.0,52.0,244.42286534333678
dorn_python_084,Dorn,easyocr,154.0,154.0,0.0,0.0,11.909090909090908,11.909090909090908,56.0,519.0,3.3352601156069364,5.612663219301883,168.0,64.0,7.267857142857143,3.0,195.0,153.0,0.0,0.0,0.0,0.0,0.0,1.0,7.0,121.0,128.0,516.0,3612.0
dorn_python_085,Dorn,easyocr,35.0,35.0,0.0,0.0,13.914285714285715,13.914285714285715,56.0,77.0,6.064935064935065,4.6657087715316825,47.0,25.0,9.27659574468085,1.0,22.0,7.0,0.0,0.0,0.0,0.0,0.0,2.0,6.0,31.0,37.0,76.0,395.9184557878002
dorn_python_086,Dorn,easyocr,25.0,25.0,0.0,0.0,7.72,7.72,26.0,48.0,3.75,4.736440501696144,25.0,18.0,6.08,2.0,14.0,7.0,0.0,0.0,0.0,0.0,0.0,2.0,5.0,25.0,30.0,46.0,225.71696739799185
dorn_python_087,Dorn,easyocr,133.0,133.0,0.0,0.0,7.18796992481203,7.18796992481203,45.0,257.0,3.5136186770428015,5.5843996467589525,123.0,45.0,5.536585365853658,16.0,75.0,43.0,0.0,0.0,0.0,0.0,0.0,6.0,8.0,86.0,94.0,241.0,1579.6559132543107
dorn_python_088,Dorn,easyocr,27.0,27.0,0.0,0.0,8.592592592592593,8.592592592592593,25.0,45.0,4.5777777777777775,4.935863096137367,32.0,23.0,5.90625,1.0,5.0,7.0,0.0,0.0,0.0,0.9259259259259259,1.0,2.0,3.0,30.0,33.0,44.0,221.95334125177195
dorn_python_089,Dorn,easyocr,218.0,218.0,0.0,0.0,7.022935779816514,7.022935779816514,53.0,301.0,5.019933554817276,7.186521295915318,181.0,128.0,5.220994475138122,6.0,62.0,52.0,0.0045871559633027525,1.0,0.06757302689291851,0.0,0.0,5.0,13.0,176.0,189.0,295.0,2230.8615151452163
dorn_python_009,Dorn,easyocr,139.0,139.0,0.0,0.0,10.079136690647482,10.079136690647482,41.0,241.0,5.734439834024896,5.5478060657482064,113.0,51.0,6.106194690265487,5.0,82.0,41.0,0.0,0.0,0.0,0.0,0.0,1.0,8.0,89.0,97.0,236.0,1557.579430756162
dorn_python_090,Dorn,easyocr,80.0,80.0,0.0,0.0,9.4125,9.4125,56.0,189.0,3.6984126984126986,5.609166676901899,90.0,52.0,6.388888888888889,3.0,70.0,26.0,0.0,0.0,0.0,0.0,0.0,4.0,10.0,76.0,86.0,186.0,1195.2852443745903
dorn_python_091,Dorn,easyocr,102.0,102.0,0.0,0.0,7.2745098039215685,7.2745098039215685,25.0,131.0,5.7251908396946565,5.847888241110802,68.0,38.0,6.455882352941177,6.0,29.0,28.0,0.0,0.0,0.0,0.049019607843137254,2.0,1.0,8.0,66.0,74.0,125.0,776.1816707036188
dorn_python_092,Dorn,easyocr,22.0,22.0,0.0,0.0,6.5,6.5,19.0,33.0,4.121212121212121,4.801969876934211,21.0,19.0,5.333333333333333,3.0,4.0,5.0,0.0,0.0,0.0,0.0,0.0,1.0,3.0,24.0,27.0,30.0,142.64662506490404
dorn_python_093,Dorn,easyocr,28.0,28.0,0.0,0.0,7.714285714285714,7.714285714285714,21.0,54.0,3.8333333333333335,4.212239929778163,13.0,8.0,6.3076923076923075,0.0,22.0,19.0,0.0,0.0,0.0,0.0,0.0,1.0,3.0,23.0,26.0,54.0,253.82374477961895
dorn_python_094,Dorn,easyocr,115.0,115.0,0.0,0.0,9.678260869565218,9.678260869565218,41.0,188.0,5.76595744680851,5.127004848421267,95.0,41.0,9.284210526315789,21.0,46.0,26.0,0.0,0.0,0.0,0.0,0.0,1.0,5.0,66.0,71.0,167.0,1027.007768957282
dorn_python_095,Dorn,easyocr,87.0,87.0,0.0,0.011494252873563218,11.091954022988507,11.091954022988507,45.0,172.0,5.412790697674419,5.6214994033944725,82.0,39.0,9.646341463414634,10.0,54.0,26.0,0.0,0.0,0.0,0.0,0.0,6.0,9.0,64.0,73.0,162.0,1002.7515785385629
dorn_python_096,Dorn,easyocr,128.0,128.0,0.0,0.0,7.7421875,7.7421875,43.0,235.0,3.978723404255319,6.34691009223503,135.0,88.0,5.888888888888889,8.0,59.0,33.0,0.0,0.0,0.0,0.0,0.0,7.0,7.0,120.0,127.0,227.0,1586.4314238972815
dorn_python_097,Dorn,easyocr,173.0,173.0,0.0,0.0,6.300578034682081,6.300578034682081,29.0,175.0,6.371428571428571,6.720979969307638,104.0,75.0,4.730769230769231,10.0,23.0,38.0,0.0,0.0,0.0,0.0,0.0,4.0,8.0,110.0,118.0,165.0,1135.6361031447038
dorn_python_098,Dorn,easyocr,86.0,86.0,0.0,0.0,6.976744186046512,6.976744186046512,28.0,154.0,3.7467532467532467,5.646580971748043,71.0,39.0,5.197183098591549,6.0,47.0,30.0,0.0,0.0,0.0,0.0,0.0,4.0,10.0,60.0,70.0,148.0,907.133886507855
dorn_python_099,Dorn,easyocr,75.0,75.0,0.0,0.0,8.253333333333334,8.253333333333334,35.0,262.0,2.2519083969465647,4.990544080149526,104.0,40.0,3.8365384615384617,2.0,112.0,44.0,0.0,0.0,0.0,0.0,0.0,1.0,6.0,59.0,65.0,260.0,1565.815631387398
dorn_python_041,Dorn,easyocr,12.0,12.0,0.0,0.0,13.916666666666666,13.916666666666666,32.0,29.0,5.379310344827586,3.9883506175802057,16.0,12.0,7.375,5.0,4.0,4.0,0.0,0.0,0.0,0.0,0.0,1.0,3.0,16.0,19.0,24.0,101.95026032264605
dorn_cuda_000,Dorn,easyocr_preprocessed,228.0,228.0,0.0,0.0,7.118421052631579,7.118421052631579,32.0,409.0,3.801955990220049,6.516263852935019,157.0,72.0,7.350318471337579,27.0,157.0,68.0,0.0,0.0,0.0,1.030701754385965,2.0,5.0,18.0,139.0,157.0,382.0,2786.5451260766017
dorn_cuda_001,Dorn,easyocr_preprocessed,36.0,36.0,0.0,0.1111111111111111,13.527777777777779,13.527777777777779,62.0,141.0,3.2624113475177303,4.606622827715706,46.0,32.0,7.717391304347826,2.0,80.0,13.0,0.0,0.0,0.0,0.0,0.0,1.0,9.0,44.0,53.0,139.0,796.1809431842846
dorn_cuda_010,Dorn,easyocr_preprocessed,352.0,352.0,0.0,0.06534090909090909,6.036931818181818,6.036931818181818,47.0,575.0,3.5808695652173914,6.562429528804115,223.0,90.0,6.708520179372197,32.0,217.0,103.0,0.0,0.0,0.0,1.2897727272727273,2.0,6.0,17.0,163.0,180.0,543.0,4068.0762313070136
dorn_cuda_100,Dorn,easyocr_preprocessed,167.0,167.0,0.0,0.005988023952095809,8.51497005988024,8.51497005988024,59.0,538.0,2.4888475836431225,5.953746926977663,159.0,60.0,5.408805031446541,12.0,251.0,116.0,0.0,0.0,0.0,0.6706586826347305,1.0,1.0,19.0,117.0,136.0,526.0,3728.0054544976783
dorn_cuda_101,Dorn,easyocr_preprocessed,129.0,129.0,0.0,0.031007751937984496,5.5813953488372094,5.5813953488372094,40.0,235.0,2.876595744680851,6.3717544348958155,100.0,71.0,4.89,12.0,87.0,36.0,0.0,0.0,0.0,0.6589147286821705,1.0,2.0,18.0,99.0,117.0,223.0,1532.0913324670992
dorn_cuda_102,Dorn,easyocr_preprocessed,133.0,133.0,0.0,0.007518796992481203,6.150375939849624,6.150375939849624,26.0,179.0,4.64245810055866,5.9023085404661675,59.0,46.0,6.0508474576271185,10.0,73.0,37.0,0.0,0.0,0.0,0.0,0.0,3.0,14.0,80.0,94.0,169.0,1107.7255159335207
dorn_cuda_103,Dorn,easyocr_preprocessed,40.0,40.0,0.0,0.025,9.475,9.475,50.0,112.0,3.1785714285714284,5.086866734254289,41.0,33.0,6.536585365853658,4.0,53.0,14.0,0.0,0.0,0.0,0.0,0.0,1.0,9.0,42.0,51.0,108.0,612.6219369329215
dorn_cuda_104,Dorn,easyocr_preprocessed,112.0,112.0,0.0,0.008928571428571428,7.008928571428571,7.008928571428571,43.0,215.0,3.558139534883721,6.328237473644398,89.0,58.0,6.415730337078652,14.0,78.0,34.0,0.0,0.0,0.0,0.75,2.0,3.0,15.0,91.0,106.0,201.0,1352.312011367203
dorn_cuda_105,Dorn,easyocr_preprocessed,26.0,26.0,0.0,0.038461538461538464,9.307692307692308,9.307692307692308,48.0,70.0,3.2285714285714286,5.141265024677392,27.0,21.0,6.148148148148148,4.0,26.0,13.0,0.0,0.0,0.0,0.0,0.0,1.0,8.0,33.0,41.0,66.0,353.5984323047935
dorn_cuda_106,Dorn,easyocr_preprocessed,268.0,268.0,0.0,0.007462686567164179,5.1940298507462686,5.1940298507462686,43.0,243.0,5.97119341563786,7.039438213830253,149.0,109.0,5.093959731543624,8.0,43.0,43.0,0.0,0.0,0.0,0.6492537313432836,3.0,2.0,12.0,146.0,158.0,235.0,1716.3884758216193
dorn_cuda_107,Dorn,easyocr_preprocessed,21.0,21.0,0.0,0.047619047619047616,13.333333333333334,13.333333333333334,52.0,55.0,4.945454545454545,4.792913750313746,26.0,19.0,5.1923076923076925,0.0,23.0,6.0,0.0,0.0,0.0,0.0,0.0,1.0,8.0,25.0,33.0,55.0,277.44167656471495
dorn_cuda_108,Dorn,easyocr_preprocessed,399.0,399.0,0.0,0.015037593984962405,6.543859649122807,6.543859649122807,57.0,131.0,22.129770992366414,5.453659906591707,57.0,36.0,9.578947368421053,8.0,43.0,23.0,0.0,0.0,0.0,1.6967418546365916,3.0,1.0,7.0,59.0,66.0,123.0,743.4604766810897
dorn_cuda_109,Dorn,easyocr_preprocessed,27.0,27.0,0.0,0.0,5.666666666666667,5.666666666666667,16.0,55.0,2.4909090909090907,5.05818812241889,24.0,16.0,4.333333333333333,0.0,17.0,14.0,0.0,0.0,0.0,0.0,0.0,1.0,10.0,27.0,37.0,55.0,286.51993510959227
dorn_cuda_011,Dorn,easyocr_preprocessed,47.0,47.0,0.0,0.06382978723404255,6.51063829787234,6.51063829787234,28.0,133.0,2.0676691729323307,4.745793978009032,51.0,22.0,3.5686274509803924,3.0,63.0,16.0,0.0,0.0,0.0,0.1702127659574468,1.0,1.0,9.0,33.0,42.0,130.0,701.0012649612389
dorn_cuda_110,Dorn,easyocr_preprocessed,222.0,222.0,0.0,0.04054054054054054,10.882882882882884,10.882882882882884,55.0,315.0,7.761904761904762,5.881511438881237,116.0,67.0,9.017241379310345,11.0,136.0,52.0,0.0,0.0,0.0,0.0,0.0,1.0,13.0,107.0,120.0,304.0,2099.6947410649896
dorn_cuda_111,Dorn,easyocr_preprocessed,178.0,178.0,0.0,0.0056179775280898875,5.359550561797753,5.359550561797753,44.0,251.0,3.693227091633466,7.001112653867174,160.0,112.0,4.8125,8.0,46.0,37.0,0.0,0.0,0.0,0.1348314606741573,1.0,2.0,13.0,148.0,161.0,243.0,1781.412801381852
dorn_cuda_112,Dorn,easyocr_preprocessed,142.0,142.0,0.0,0.028169014084507043,8.69718309859155,8.69718309859155,46.0,388.0,3.097938144329897,6.095852711061381,127.0,64.0,3.874015748031496,21.0,183.0,57.0,0.0,0.0,0.0,1.1901408450704225,4.0,7.0,18.0,107.0,125.0,367.0,2556.442832470986
dorn_cuda_113,Dorn,easyocr_preprocessed,318.0,318.0,0.0,0.025157232704402517,5.446540880503145,5.446540880503145,29.0,564.0,2.8847517730496453,6.037755880911347,277.0,61.0,4.577617328519856,8.0,212.0,67.0,0.0,0.0,0.0,0.0,0.0,1.0,12.0,121.0,133.0,556.0,3922.7370341386613
dorn_cuda_114,Dorn,easyocr_preprocessed,334.0,334.0,0.0,0.005988023952095809,7.032934131736527,7.032934131736527,57.0,568.0,3.88556338028169,6.412810571539156,270.0,128.0,5.859259259259259,3.0,199.0,96.0,0.0,0.0,0.0,0.6766467065868264,1.0,2.0,13.0,198.0,211.0,565.0,4362.421041619559
dorn_cuda_115,Dorn,easyocr_preprocessed,203.0,203.0,0.0,0.019704433497536946,8.931034482758621,8.931034482758621,53.0,545.0,3.16697247706422,6.198918136112364,200.0,99.0,6.34,21.0,242.0,82.0,0.0,0.0,0.0,0.06403940886699508,1.0,4.0,14.0,147.0,161.0,524.0,3841.4004441320594
dorn_cuda_116,Dorn,easyocr_preprocessed,93.0,93.0,0.0,0.0,8.10752688172043,8.10752688172043,56.0,170.0,4.223529411764706,5.671593483381209,58.0,35.0,9.620689655172415,8.0,71.0,33.0,0.0,0.0,0.0,1.913978494623656,4.0,4.0,12.0,68.0,80.0,162.0,1024.1523513717527
dorn_cuda_117,Dorn,easyocr_preprocessed,157.0,157.0,0.0,0.050955414012738856,6.407643312101911,6.407643312101911,43.0,225.0,4.4222222222222225,6.09159431479801,111.0,56.0,7.5675675675675675,3.0,73.0,38.0,0.0,0.0,0.0,0.0,0.0,1.0,13.0,90.0,103.0,222.0,1484.4031170346746
dorn_cuda_118,Dorn,easyocr_preprocessed,62.0,62.0,0.0,0.04838709677419355,7.967741935483871,7.967741935483871,50.0,144.0,3.263888888888889,5.358880822869007,54.0,42.0,6.166666666666667,13.0,61.0,16.0,0.0,0.0,0.0,0.0,0.0,1.0,9.0,54.0,63.0,131.0,783.0236699784891
dorn_cuda_119,Dorn,easyocr_preprocessed,121.0,121.0,0.0,0.024793388429752067,3.9669421487603307,3.9669421487603307,19.0,188.0,2.4893617021276597,5.642068404629221,54.0,30.0,4.0,20.0,72.0,42.0,0.0,0.0,0.0,0.0,0.0,5.0,12.0,60.0,72.0,168.0,1036.5474002423084
dorn_cuda_012,Dorn,easyocr_preprocessed,27.0,27.0,0.0,0.0,6.814814814814815,6.814814814814815,26.0,57.0,3.1052631578947367,4.754224339509232,24.0,18.0,5.708333333333333,1.0,27.0,5.0,0.0,0.0,0.0,0.0,0.0,1.0,10.0,23.0,33.0,56.0,282.4860706840734
dorn_cuda_013,Dorn,easyocr_preprocessed,146.0,146.0,0.0,0.0,5.698630136986301,5.698630136986301,67.0,272.0,2.8933823529411766,6.261894927349896,124.0,69.0,4.774193548387097,5.0,94.0,49.0,0.0,0.0,0.0,0.0958904109589041,1.0,1.0,14.0,105.0,119.0,267.0,1840.916342803221
dorn_cuda_014,Dorn,easyocr_preprocessed,161.0,161.0,0.0,0.0,6.670807453416149,6.670807453416149,43.0,334.0,3.065868263473054,6.125224174383862,132.0,66.0,5.371212121212121,23.0,126.0,53.0,0.0,0.0,0.0,0.0,0.0,2.0,15.0,99.0,114.0,311.0,2125.0287944052347
dorn_cuda_015,Dorn,easyocr_preprocessed,137.0,137.0,0.0,0.0072992700729927005,6.124087591240876,6.124087591240876,43.0,245.0,3.2775510204081635,6.020120913012655,87.0,45.0,6.655172413793103,14.0,96.0,48.0,0.0,0.0,0.0,0.927007299270073,2.0,2.0,16.0,80.0,96.0,231.0,1521.126337666587
dorn_cuda_016,Dorn,easyocr_preprocessed,205.0,205.0,0.0,0.004878048780487805,5.663414634146341,5.663414634146341,41.0,329.0,3.2492401215805473,6.0246868669869365,185.0,94.0,4.8108108108108105,0.0,93.0,51.0,0.0,0.0,0.0,0.0,0.0,1.0,7.0,131.0,138.0,329.0,2338.7045462800174
dorn_cuda_017,Dorn,easyocr_preprocessed,147.0,147.0,0.0,0.0,6.380952380952381,6.380952380952381,26.0,105.0,9.733333333333333,5.576881917641724,38.0,34.0,5.368421052631579,8.0,41.0,18.0,0.0,0.0,0.0,0.0,0.0,2.0,11.0,51.0,62.0,97.0,577.5570421075269
dorn_cuda_018,Dorn,easyocr_preprocessed,140.0,140.0,0.0,0.007142857142857143,5.764285714285714,5.764285714285714,27.0,222.0,3.490990990990991,5.7373802740915725,79.0,40.0,7.430379746835443,11.0,91.0,41.0,0.0,0.0,0.0,0.45,1.0,6.0,12.0,73.0,85.0,211.0,1352.381487525055
dorn_cuda_019,Dorn,easyocr_preprocessed,232.0,232.0,0.0,0.0,4.396551724137931,4.396551724137931,21.0,325.0,2.9907692307692306,6.775752330772351,168.0,97.0,4.434523809523809,12.0,94.0,51.0,0.0,0.0,0.0,0.47844827586206895,2.0,6.0,21.0,135.0,156.0,313.0,2280.330894503884
dorn_cuda_002,Dorn,easyocr_preprocessed,17.0,17.0,0.0,0.0,9.235294117647058,9.235294117647058,45.0,49.0,3.122448979591837,4.476456017363834,18.0,13.0,6.333333333333333,1.0,25.0,5.0,0.0,0.0,0.0,0.0,0.0,1.0,8.0,18.0,26.0,48.0,225.62110647077242
dorn_cuda_020,Dorn,easyocr_preprocessed,240.0,240.0,0.0,0.04583333333333333,8.683333333333334,8.683333333333334,60.0,381.0,5.41994750656168,6.172672547698174,152.0,92.0,7.907894736842105,8.0,161.0,60.0,0.0,0.0,0.0,0.0,0.0,3.0,13.0,149.0,162.0,373.0,2737.7640510759647
dorn_cuda_021,Dorn,easyocr_preprocessed,94.0,94.0,0.0,0.0,4.787234042553192,4.787234042553192,17.0,182.0,2.3736263736263736,4.774396352769539,58.0,10.0,4.810344827586207,8.0,90.0,26.0,0.0,0.0,0.0,1.0106382978723405,2.0,7.0,12.0,26.0,38.0,174.0,913.1393873391838
dorn_cuda_022,Dorn,easyocr_preprocessed,109.0,109.0,0.0,0.0,5.440366972477064,5.440366972477064,26.0,155.0,3.9483870967741934,5.269288854026046,38.0,19.0,5.5,9.0,75.0,33.0,0.0,0.0,0.0,1.146788990825688,2.0,5.0,14.0,41.0,55.0,146.0,844.0785181746004
dorn_cuda_023,Dorn,easyocr_preprocessed,203.0,203.0,0.0,0.034482758620689655,10.689655172413794,10.689655172413794,54.0,195.0,11.6,5.827272151147026,77.0,51.0,8.7012987012987,0.0,83.0,35.0,0.0,0.0,0.0,0.6009852216748769,1.0,1.0,14.0,78.0,92.0,195.0,1272.0945814311176
dorn_cuda_024,Dorn,easyocr_preprocessed,269.0,269.0,0.0,0.007434944237918215,5.721189591078067,5.721189591078067,36.0,454.0,3.13215859030837,6.397892843902883,242.0,107.0,4.628099173553719,14.0,142.0,56.0,0.0,0.0,0.0,1.2973977695167287,2.0,2.0,13.0,152.0,165.0,440.0,3241.181774268159
dorn_cuda_025,Dorn,easyocr_preprocessed,140.0,140.0,0.0,0.0,12.064285714285715,12.064285714285715,55.0,264.0,6.265151515151516,5.532983685252109,100.0,57.0,7.92,6.0,119.0,39.0,0.0,0.0,0.0,0.0,0.0,1.0,12.0,84.0,96.0,258.0,1698.9203251860583
dorn_cuda_026,Dorn,easyocr_preprocessed,303.0,303.0,0.0,0.0,6.023102310231023,6.023102310231023,46.0,544.0,3.2683823529411766,6.312552327013789,240.0,112.0,5.183333333333334,20.0,211.0,73.0,0.0033003300330033004,1.0,0.05735362111215434,0.0,0.0,12.0,12.0,173.0,185.0,524.0,3946.4438853105476
dorn_cuda_027,Dorn,easyocr_preprocessed,134.0,134.0,0.0,0.014925373134328358,6.074626865671642,6.074626865671642,23.0,294.0,2.704081632653061,5.765929879913622,120.0,51.0,4.725,14.0,125.0,35.0,0.0,0.0,0.0,0.8731343283582089,1.0,9.0,13.0,78.0,91.0,280.0,1822.1824992556349
dorn_cuda_028,Dorn,easyocr_preprocessed,236.0,236.0,0.0,0.0,6.148305084745763,6.148305084745763,43.0,475.0,2.8905263157894736,6.2858525040712765,201.0,84.0,4.741293532338308,25.0,175.0,74.0,0.0,0.0,0.0,0.0,0.0,1.0,14.0,138.0,152.0,450.0,3261.5673810496132
dorn_cuda_029,Dorn,easyocr_preprocessed,25.0,25.0,0.0,0.0,6.16,6.16,14.0,63.0,2.1587301587301586,4.568218019798853,20.0,13.0,3.75,6.0,28.0,9.0,0.0,0.0,0.0,0.0,0.0,1.0,10.0,21.0,31.0,57.0,282.38918969205184
dorn_cuda_003,Dorn,easyocr_preprocessed,146.0,146.0,0.0,0.03424657534246575,7.0479452054794525,7.0479452054794525,40.0,239.0,4.117154811715481,6.173474270458559,106.0,57.0,7.59433962264151,8.0,79.0,46.0,0.0,0.0,0.0,1.356164383561644,2.0,3.0,12.0,98.0,110.0,231.0,1566.4940938241964
dorn_cuda_030,Dorn,easyocr_preprocessed,314.0,314.0,0.0,0.050955414012738856,7.923566878980892,7.923566878980892,53.0,592.0,4.023648648648648,6.363835820329887,236.0,100.0,8.033898305084746,25.0,248.0,83.0,0.0,0.0,0.0,0.22929936305732485,2.0,4.0,15.0,173.0,188.0,567.0,4283.451878901221
dorn_cuda_031,Dorn,easyocr_preprocessed,155.0,155.0,0.0,0.0064516129032258064,6.670967741935484,6.670967741935484,27.0,163.0,6.570552147239264,5.975070713962607,65.0,32.0,5.230769230769231,6.0,57.0,35.0,0.0,0.0,0.0,2.2838709677419353,5.0,2.0,16.0,65.0,81.0,157.0,995.3564504528861
dorn_cuda_032,Dorn,easyocr_preprocessed,50.0,50.0,0.0,0.0,11.6,11.6,59.0,174.0,3.0229885057471266,4.886797958795642,67.0,30.0,6.119402985074627,0.0,93.0,14.0,0.0,0.0,0.0,0.0,0.0,1.0,10.0,41.0,51.0,174.0,987.0020095030402
dorn_cuda_033,Dorn,easyocr_preprocessed,144.0,144.0,0.0,0.006944444444444444,8.909722222222221,8.909722222222221,51.0,334.0,3.6377245508982035,5.773941161799993,115.0,59.0,8.130434782608695,11.0,165.0,43.0,0.0,0.0,0.0,0.24305555555555555,1.0,5.0,14.0,100.0,114.0,323.0,2207.0234745752114
dorn_cuda_034,Dorn,easyocr_preprocessed,225.0,225.0,0.0,0.05333333333333334,10.644444444444444,10.644444444444444,63.0,562.0,4.01779359430605,6.471413734315115,190.0,122.0,9.026315789473685,32.0,240.0,100.0,0.0,0.0,0.0,0.0,0.0,1.0,19.0,197.0,216.0,530.0,4110.090376146638
dorn_cuda_035,Dorn,easyocr_preprocessed,16.0,16.0,0.0,0.0,6.6875,6.6875,16.0,25.0,4.2,3.9434651896016475,12.0,12.0,7.583333333333333,0.0,9.0,4.0,0.0,0.0,0.0,0.0,0.0,1.0,3.0,16.0,19.0,25.0,106.19818783608963
dorn_cuda_036,Dorn,easyocr_preprocessed,247.0,247.0,0.0,0.016194331983805668,7.3117408906882595,7.3117408906882595,40.0,485.0,3.5422680412371133,6.026384254535862,176.0,49.0,7.0,26.0,181.0,102.0,0.0,0.0,0.0,2.5951417004048585,3.0,14.0,14.0,128.0,142.0,459.0,3281.7339278526492
dorn_cuda_037,Dorn,easyocr_preprocessed,164.0,164.0,0.0,0.0,7.164634146341464,7.164634146341464,39.0,312.0,3.6474358974358974,6.102306693738406,111.0,56.0,7.45045045045045,17.0,125.0,59.0,0.0,0.0,0.0,1.475609756097561,2.0,3.0,12.0,108.0,120.0,295.0,2037.532725704513
dorn_cuda_038,Dorn,easyocr_preprocessed,346.0,346.0,0.0,0.02601156069364162,7.508670520231214,7.508670520231214,64.0,700.0,3.5157142857142856,6.416225258848615,300.0,107.0,6.506666666666667,12.0,286.0,102.0,0.0,0.0,0.0,1.4682080924855492,3.0,5.0,17.0,185.0,202.0,688.0,5268.849500133235
dorn_cuda_039,Dorn,easyocr_preprocessed,96.0,96.0,0.0,0.020833333333333332,7.3125,7.3125,26.0,112.0,6.508928571428571,5.288344686616013,34.0,20.0,7.235294117647059,8.0,49.0,21.0,0.0,0.0,0.0,2.25,4.0,3.0,11.0,40.0,51.0,104.0,589.9322355650355
dorn_cuda_004,Dorn,easyocr_preprocessed,146.0,146.0,0.0,0.00684931506849315,6.575342465753424,6.575342465753424,26.0,128.0,7.8828125,5.914259398540193,44.0,26.0,5.5,7.0,45.0,32.0,0.0,0.0,0.0,2.6027397260273974,5.0,2.0,15.0,57.0,72.0,121.0,746.5609251745198
dorn_cuda_040,Dorn,easyocr_preprocessed,32.0,32.0,0.0,0.0,6.03125,6.03125,19.0,49.0,3.7142857142857144,4.223264752944106,25.0,13.0,5.2,0.0,13.0,11.0,0.0,0.0,0.0,0.0,0.0,1.0,3.0,24.0,27.0,49.0,232.98948760600993
dorn_cuda_041,Dorn,easyocr_preprocessed,101.0,101.0,0.0,0.0594059405940594,5.336633663366337,5.336633663366337,21.0,62.0,9.693548387096774,5.381458003865473,26.0,19.0,4.884615384615385,0.0,20.0,16.0,0.0,0.0,0.0,0.0,0.0,1.0,12.0,34.0,46.0,62.0,342.4608412755348
dorn_cuda_042,Dorn,easyocr_preprocessed,214.0,214.0,0.0,0.014018691588785047,6.065420560747664,6.065420560747664,39.0,353.0,3.501416430594901,6.876590192886864,171.0,100.0,5.643274853801169,14.0,107.0,61.0,0.0,0.0,0.0,0.0,0.0,4.0,15.0,156.0,171.0,339.0,2514.6520025463196
dorn_cuda_043,Dorn,easyocr_preprocessed,67.0,67.0,0.0,0.0,7.8059701492537314,7.8059701492537314,43.0,111.0,4.423423423423423,5.599124038825108,57.0,38.0,7.157894736842105,6.0,29.0,19.0,0.0,0.0,0.0,0.0,0.0,1.0,6.0,56.0,62.0,105.0,625.1906125906219
dorn_cuda_044,Dorn,easyocr_preprocessed,84.0,84.0,0.0,0.011904761904761904,5.2023809523809526,5.2023809523809526,19.0,186.0,2.139784946236559,5.519411531922789,71.0,31.0,3.6056338028169015,3.0,86.0,26.0,0.0,0.0,0.0,0.8095238095238095,2.0,3.0,14.0,57.0,71.0,183.0,1125.403722869357
dorn_cuda_045,Dorn,easyocr_preprocessed,52.0,52.0,0.0,0.0,7.0,7.0,20.0,65.0,5.538461538461538,3.8727225741613767,36.0,5.0,9.0,0.0,11.0,18.0,0.0,0.0,0.0,0.0,0.0,1.0,2.0,21.0,23.0,65.0,294.03152714370583
dorn_cuda_046,Dorn,easyocr_preprocessed,180.0,180.0,0.0,0.0,6.644444444444445,6.644444444444445,31.0,343.0,3.3498542274052476,6.607557241199334,128.0,78.0,6.28125,22.0,131.0,62.0,0.0,0.0,0.0,0.10555555555555556,1.0,6.0,18.0,135.0,153.0,321.0,2329.6214975043413
dorn_cuda_047,Dorn,easyocr_preprocessed,359.0,359.0,0.0,0.022284122562674095,8.250696378830083,8.250696378830083,57.0,192.0,16.557291666666668,6.429952738063868,96.0,73.0,8.3125,13.0,49.0,34.0,0.0,0.0,0.0,0.0,0.0,1.0,9.0,105.0,114.0,179.0,1223.0873125354888
dorn_cuda_048,Dorn,easyocr_preprocessed,113.0,113.0,0.0,0.0,6.6371681415929205,6.6371681415929205,34.0,220.0,3.190909090909091,6.166428268511609,86.0,52.0,6.1395348837209305,5.0,89.0,40.0,0.0,0.0,0.0,1.7699115044247788,4.0,5.0,16.0,87.0,103.0,215.0,1437.597613344392
dorn_cuda_049,Dorn,easyocr_preprocessed,50.0,50.0,0.0,0.0,9.36,9.36,39.0,103.0,4.359223300970874,5.559188547198222,56.0,42.0,7.107142857142857,0.0,38.0,9.0,0.0,0.0,0.0,0.0,0.0,1.0,10.0,50.0,60.0,103.0,608.4097313476774
dorn_cuda_005,Dorn,easyocr_preprocessed,112.0,112.0,0.0,0.0,5.875,5.875,24.0,181.0,3.4696132596685083,5.987758370458606,69.0,53.0,6.159420289855072,18.0,59.0,35.0,0.0,0.0,0.0,0.0,0.0,1.0,11.0,83.0,94.0,163.0,1068.3979828234549
dorn_cuda_050,Dorn,easyocr_preprocessed,129.0,129.0,0.0,0.07751937984496124,7.410852713178294,7.410852713178294,33.0,296.0,3.2094594594594597,5.003451066595298,134.0,32.0,5.686567164179104,0.0,126.0,36.0,0.0,0.0,0.0,0.0,0.0,1.0,10.0,62.0,72.0,296.0,1826.2978004269244
dorn_cuda_051,Dorn,easyocr_preprocessed,246.0,246.0,0.0,0.016260162601626018,7.626016260162602,7.626016260162602,37.0,556.0,3.1780575539568345,5.863964646056194,179.0,47.0,6.726256983240224,29.0,245.0,103.0,0.0,0.0,0.0,2.5813008130081303,3.0,15.0,15.0,128.0,143.0,527.0,3773.252194482211
dorn_cuda_052,Dorn,easyocr_preprocessed,46.0,46.0,0.0,0.0,4.1521739130434785,4.1521739130434785,16.0,76.0,2.4473684210526314,4.877127388872743,26.0,17.0,4.6923076923076925,5.0,36.0,9.0,0.0,0.0,0.0,0.8695652173913043,2.0,3.0,11.0,24.0,35.0,71.0,364.17909420309263
dorn_cuda_053,Dorn,easyocr_preprocessed,331.0,331.0,0.0,0.0755287009063444,4.900302114803625,4.900302114803625,31.0,458.0,3.517467248908297,5.904976007704448,196.0,85.0,3.806122448979592,3.0,183.0,76.0,0.0,0.0,0.0,0.0,0.0,1.0,11.0,129.0,140.0,455.0,3243.8237727099595
dorn_cuda_054,Dorn,easyocr_preprocessed,28.0,28.0,0.0,0.03571428571428571,6.142857142857143,6.142857142857143,17.0,62.0,2.5806451612903225,4.916736327847192,20.0,18.0,5.45,2.0,31.0,9.0,0.0,0.0,0.0,0.0,0.0,3.0,13.0,25.0,38.0,60.0,314.8756508066151
dorn_cuda_055,Dorn,easyocr_preprocessed,28.0,28.0,0.0,0.0,9.428571428571429,9.428571428571429,57.0,72.0,3.4444444444444446,4.9616382888647745,32.0,30.0,6.25,2.0,30.0,8.0,0.0,0.0,0.0,0.6428571428571429,1.0,2.0,8.0,38.0,46.0,70.0,386.6493369239909
dorn_cuda_056,Dorn,easyocr_preprocessed,37.0,37.0,0.0,0.0,8.837837837837839,8.837837837837839,48.0,96.0,3.1875,5.121822038170344,31.0,23.0,7.67741935483871,1.0,50.0,14.0,0.0,0.0,0.0,0.0,0.0,2.0,14.0,31.0,45.0,95.0,521.7260441513191
dorn_cuda_057,Dorn,easyocr_preprocessed,18.0,18.0,0.0,0.0,12.333333333333334,12.333333333333334,43.0,44.0,4.863636363636363,4.063387937609557,13.0,12.0,12.76923076923077,5.0,22.0,4.0,0.0,0.0,0.0,0.0,0.0,3.0,5.0,16.0,21.0,39.0,171.30037948837168
dorn_cuda_058,Dorn,easyocr_preprocessed,35.0,35.0,0.0,0.0,7.714285714285714,7.714285714285714,36.0,68.0,3.8823529411764706,5.151791474993864,34.0,27.0,6.352941176470588,6.0,22.0,6.0,0.0,0.0,0.0,0.4,1.0,1.0,9.0,33.0,42.0,62.0,334.32368021228314
dorn_cuda_059,Dorn,easyocr_preprocessed,187.0,187.0,0.0,0.0,6.775401069518717,6.775401069518717,28.0,441.0,2.759637188208617,5.158372698500945,136.0,15.0,5.838235294117647,16.0,206.0,83.0,0.0,0.0,0.0,2.877005347593583,4.0,14.0,13.0,71.0,84.0,425.0,2716.734904680973
dorn_cuda_006,Dorn,easyocr_preprocessed,61.0,61.0,0.0,0.13114754098360656,6.081967213114754,6.081967213114754,32.0,82.0,4.390243902439025,4.916582929729737,39.0,24.0,7.897435897435898,2.0,27.0,14.0,0.0,0.0,0.0,1.1311475409836065,2.0,1.0,7.0,38.0,45.0,80.0,439.34824770637397
dorn_cuda_060,Dorn,easyocr_preprocessed,192.0,192.0,0.0,0.046875,5.145833333333333,5.145833333333333,34.0,268.0,3.541044776119403,6.986884353096848,165.0,115.0,4.575757575757576,8.0,59.0,36.0,0.0,0.0,0.0,0.18229166666666666,1.0,2.0,12.0,150.0,162.0,260.0,1908.3610007500024
dorn_cuda_061,Dorn,easyocr_preprocessed,150.0,150.0,0.0,0.03333333333333333,5.3533333333333335,5.3533333333333335,31.0,270.0,2.8407407407407406,5.827015095500786,100.0,45.0,5.53,8.0,120.0,42.0,0.0,0.0,0.0,0.86,1.0,6.0,15.0,78.0,93.0,262.0,1713.2596085103041
dorn_cuda_062,Dorn,easyocr_preprocessed,9.0,9.0,0.0,0.0,4.222222222222222,4.222222222222222,17.0,16.0,2.1875,3.25,5.0,5.0,4.8,0.0,10.0,1.0,0.0,0.0,0.0,0.0,0.0,1.0,5.0,6.0,11.0,16.0,55.35090589819676
dorn_cuda_063,Dorn,easyocr_preprocessed,31.0,31.0,0.0,0.0,8.935483870967742,8.935483870967742,38.0,88.0,2.9886363636363638,4.868078209349709,29.0,23.0,6.517241379310345,4.0,44.0,11.0,0.0,0.0,0.0,0.0,0.0,1.0,9.0,31.0,40.0,84.0,447.04195997053847
dorn_cuda_067,Dorn,easyocr_preprocessed,53.0,53.0,0.0,0.0,12.849056603773585,12.849056603773585,54.0,138.0,4.615942028985507,5.055339631802164,51.0,35.0,10.176470588235293,7.0,60.0,20.0,0.0,0.0,0.0,0.0,0.0,1.0,6.0,49.0,55.0,131.0,757.3581224717304
dorn_cuda_070,Dorn,easyocr_preprocessed,35.0,35.0,0.0,0.0,6.2,6.2,16.0,50.0,4.2,5.118562939644916,27.0,25.0,6.62962962962963,2.0,13.0,8.0,0.0,0.0,0.0,0.22857142857142856,1.0,1.0,5.0,33.0,38.0,48.0,251.9005206452921
dorn_cuda_074,Dorn,easyocr_preprocessed,106.0,106.0,0.0,0.0,5.518867924528302,5.518867924528302,24.0,162.0,3.493827160493827,5.9630309868439255,59.0,47.0,6.6440677966101696,17.0,51.0,35.0,0.0,0.0,0.0,0.0,0.0,2.0,8.0,79.0,87.0,145.0,934.2268068980655
dorn_cuda_078,Dorn,easyocr_preprocessed,200.0,200.0,0.0,0.035,10.235,10.235,56.0,477.0,4.148846960167715,5.991424082250712,134.0,53.0,10.402985074626866,37.0,206.0,100.0,0.0,0.0,0.0,0.065,1.0,9.0,15.0,116.0,131.0,440.0,3094.706120676478
dorn_cuda_081,Dorn,easyocr_preprocessed,234.0,234.0,0.0,0.017094017094017096,8.188034188034187,8.188034188034187,51.0,486.0,3.765432098765432,6.521446779593214,185.0,90.0,7.4324324324324325,29.0,174.0,98.0,0.0,0.0,0.0,2.576923076923077,6.0,9.0,14.0,159.0,173.0,457.0,3397.625100029983
dorn_cuda_085,Dorn,easyocr_preprocessed,37.0,37.0,0.0,0.02702702702702703,7.945945945945946,7.945945945945946,36.0,113.0,2.47787610619469,4.8352525255258305,41.0,21.0,4.975609756097561,0.0,60.0,12.0,0.0,0.0,0.0,0.0,0.0,1.0,11.0,31.0,42.0,113.0,609.331868774
dorn_cuda_089,Dorn,easyocr_preprocessed,149.0,149.0,0.0,0.006711409395973154,11.140939597315436,11.140939597315436,55.0,381.0,4.086614173228346,5.8919495173421295,134.0,77.0,8.947761194029852,23.0,161.0,63.0,0.0,0.0,0.0,0.0,0.0,1.0,12.0,123.0,135.0,358.0,2533.4999837441974
dorn_cuda_092,Dorn,easyocr_preprocessed,69.0,69.0,0.0,0.0,4.942028985507246,4.942028985507246,36.0,117.0,2.641025641025641,5.359035995672562,69.0,53.0,3.739130434782609,0.0,40.0,8.0,0.0,0.0,0.0,0.0,0.0,1.0,6.0,61.0,67.0,117.0,709.7324352835593
dorn_cuda_096,Dorn,easyocr_preprocessed,14.0,14.0,0.0,0.0,6.285714285714286,6.285714285714286,16.0,16.0,5.5,3.875,10.0,9.0,8.1,0.0,2.0,4.0,0.0,0.0,0.0,0.0,0.0,1.0,2.0,13.0,15.0,16.0,62.5102495297363
dorn_python_000,Dorn,easyocr_preprocessed,132.0,132.0,0.0,0.0,6.2272727272727275,6.2272727272727275,28.0,199.0,4.030150753768845,5.85356199877549,79.0,38.0,6.962025316455696,14.0,68.0,38.0,0.0,0.0,0.0,0.0,0.0,10.0,14.0,68.0,82.0,185.0,1176.1471208543455
dorn_python_101,Dorn,easyocr_preprocessed,26.0,26.0,0.0,0.0,7.730769230769231,7.730769230769231,36.0,36.0,5.472222222222222,4.871178126382215,18.0,16.0,7.388888888888889,1.0,7.0,10.0,0.0,0.0,0.0,0.0,0.0,1.0,4.0,26.0,30.0,35.0,171.74117084629816
dorn_python_105,Dorn,easyocr_preprocessed,37.0,37.0,0.0,0.0,5.8108108108108105,5.8108108108108105,22.0,53.0,3.9056603773584904,4.996696162069549,30.0,22.0,5.766666666666667,2.0,14.0,7.0,0.0,0.0,0.0,0.0,0.0,1.0,6.0,29.0,35.0,51.0,261.5934338641933
dorn_python_109,Dorn,easyocr_preprocessed,206.0,206.0,0.0,0.0048543689320388345,5.548543689320389,5.548543689320389,36.0,314.0,3.5191082802547773,6.79705621812691,144.0,100.0,4.444444444444445,3.0,84.0,83.0,0.0,0.0,0.0,0.0,0.0,2.0,13.0,162.0,175.0,311.0,2317.3266557798543
dorn_python_112,Dorn,easyocr_preprocessed,41.0,41.0,0.0,0.0,7.634146341463414,7.634146341463414,35.0,76.0,3.8289473684210527,5.401365718343094,34.0,29.0,6.264705882352941,5.0,26.0,11.0,0.0,0.0,0.0,0.0,0.0,2.0,8.0,39.0,47.0,71.0,394.37580846911226
dorn_python_116,Dorn,easyocr_preprocessed,153.0,153.0,0.0,0.0,6.137254901960785,6.137254901960785,31.0,242.0,3.644628099173554,6.3219554641713795,135.0,82.0,4.925925925925926,17.0,57.0,33.0,0.0,0.0,0.0,0.0,0.0,9.0,8.0,115.0,123.0,225.0,1562.065763701329
dorn_python_013,Dorn,easyocr_preprocessed,27.0,27.0,0.0,0.0,5.666666666666667,5.666666666666667,20.0,51.0,2.784313725490196,4.522833371714815,18.0,14.0,5.166666666666667,4.0,24.0,5.0,0.0,0.0,0.0,0.0,0.0,3.0,8.0,19.0,27.0,47.0,223.47971260168302
dorn_python_017,Dorn,easyocr_preprocessed,225.0,225.0,0.0,0.0,7.013333333333334,7.013333333333334,47.0,218.0,7.435779816513762,6.463305567382604,113.0,65.0,5.716814159292035,10.0,56.0,39.0,0.0,0.0,0.0,0.0,0.0,10.0,14.0,100.0,114.0,208.0,1421.2411229462662
dorn_python_020,Dorn,easyocr_preprocessed,38.0,38.0,0.0,0.0,7.815789473684211,7.815789473684211,44.0,75.0,3.8,5.068902444366668,29.0,19.0,5.517241379310345,5.0,26.0,15.0,0.0,0.0,0.0,0.0,0.0,3.0,8.0,31.0,39.0,70.0,369.9781553203574
dorn_python_024,Dorn,easyocr_preprocessed,37.0,37.0,0.0,0.0,6.783783783783784,6.783783783783784,32.0,70.0,3.4571428571428573,4.953844803552196,36.0,23.0,5.333333333333333,5.0,24.0,5.0,0.0,0.0,0.0,0.0,0.0,4.0,8.0,28.0,36.0,65.0,336.0451250937503
dorn_python_028,Dorn,easyocr_preprocessed,26.0,26.0,0.0,0.0,15.884615384615385,15.884615384615385,45.0,113.0,3.433628318584071,4.489879577436071,41.0,20.0,7.414634146341464,0.0,53.0,19.0,0.0,0.0,0.0,0.0,0.0,1.0,6.0,32.0,38.0,113.0,593.0158090191251
dorn_python_031,Dorn,easyocr_preprocessed,212.0,212.0,0.0,0.0,4.650943396226415,4.650943396226415,26.0,302.0,3.165562913907285,6.423409034894254,119.0,70.0,4.470588235294118,14.0,95.0,74.0,0.0,0.0,0.0,0.0,0.0,2.0,13.0,124.0,137.0,288.0,2044.2332398926317
dorn_python_035,Dorn,easyocr_preprocessed,144.0,144.0,0.0,0.0,6.305555555555555,6.305555555555555,41.0,125.0,7.672,5.28895238490252,54.0,24.0,7.222222222222222,4.0,36.0,31.0,0.0,0.0,0.0,0.0,0.0,2.0,6.0,55.0,61.0,121.0,717.6192178451092
dorn_python_039,Dorn,easyocr_preprocessed,184.0,184.0,0.0,0.0,5.586956521739131,5.586956521739131,54.0,187.0,5.7005347593582885,6.2968538141920956,95.0,67.0,4.6947368421052635,12.0,49.0,31.0,0.0,0.0,0.0,0.0,0.0,6.0,8.0,98.0,106.0,175.0,1177.3860795485598
dorn_python_042,Dorn,easyocr_preprocessed,166.0,166.0,0.0,0.0,7.13855421686747,7.13855421686747,38.0,111.0,11.396396396396396,5.51564052205334,60.0,42.0,5.266666666666667,1.0,33.0,17.0,0.0,0.0,0.0,0.0,0.0,2.0,7.0,59.0,66.0,110.0,664.8833531294299
dorn_python_046,Dorn,easyocr_preprocessed,46.0,46.0,0.0,0.0,7.043478260869565,7.043478260869565,27.0,93.0,3.247311827956989,5.135039748548987,48.0,33.0,5.0625,3.0,33.0,9.0,0.0,0.0,0.0,0.0,0.0,1.0,6.0,41.0,47.0,90.0,499.9129966509874
dorn_python_005,Dorn,easyocr_preprocessed,183.0,183.0,0.0,0.00546448087431694,5.562841530054645,5.562841530054645,31.0,149.0,7.315436241610739,6.0828455085749695,66.0,49.0,4.954545454545454,8.0,46.0,29.0,0.0,0.0,0.0,0.0,0.0,3.0,12.0,75.0,87.0,141.0,908.4550329146706
dorn_python_053,Dorn,easyocr_preprocessed,276.0,276.0,0.0,0.021739130434782608,6.4855072463768115,6.4855072463768115,42.0,288.0,6.416666666666667,6.671182182137229,136.0,91.0,5.5588235294117645,12.0,81.0,59.0,0.0,0.0,0.0,0.0,0.0,8.0,10.0,149.0,159.0,276.0,2018.355695658482
dorn_python_057,Dorn,easyocr_preprocessed,25.0,25.0,0.0,0.0,7.04,7.04,32.0,43.0,3.9302325581395348,4.7979031265938685,16.0,12.0,7.875,2.0,15.0,10.0,0.0,0.0,0.0,0.12,1.0,1.0,7.0,22.0,29.0,41.0,199.17722080023046
dorn_python_060,Dorn,easyocr_preprocessed,115.0,115.0,0.0,0.0,6.243478260869566,6.243478260869566,39.0,135.0,5.311111111111111,6.310459212558971,74.0,54.0,5.72972972972973,7.0,29.0,25.0,0.0,0.0,0.0,0.0,0.0,3.0,10.0,78.0,88.0,128.0,826.807247185574
dorn_python_064,Dorn,easyocr_preprocessed,130.0,130.0,0.0,0.015384615384615385,5.969230769230769,5.969230769230769,32.0,93.0,9.043010752688172,5.576515935459317,44.0,31.0,4.681818181818182,2.0,28.0,19.0,0.0,0.0,0.0,0.0,0.0,2.0,8.0,50.0,58.0,91.0,533.0762705566091
dorn_python_068,Dorn,easyocr_preprocessed,191.0,191.0,0.0,0.0,5.513089005235602,5.513089005235602,23.0,171.0,6.380116959064328,6.597742392327257,113.0,75.0,5.061946902654867,7.0,23.0,28.0,0.0,0.0,0.0,0.03664921465968586,1.0,3.0,8.0,103.0,111.0,164.0,1114.2842020814173
dorn_python_071,Dorn,easyocr_preprocessed,202.0,202.0,0.0,0.0,6.272277227722772,6.272277227722772,37.0,173.0,7.728323699421965,6.171840918569317,58.0,38.0,4.931034482758621,11.0,58.0,46.0,0.0,0.0,0.0,0.9306930693069307,1.0,5.0,18.0,78.0,96.0,162.0,1066.7639251168273
dorn_python_075,Dorn,easyocr_preprocessed,175.0,175.0,0.0,0.005714285714285714,4.457142857142857,4.457142857142857,29.0,177.0,4.4576271186440675,6.718051683060076,72.0,50.0,4.361111111111111,10.0,32.0,63.0,0.0,0.0,0.0,0.0,0.0,4.0,11.0,110.0,121.0,167.0,1155.4501606248573
dorn_python_079,Dorn,easyocr_preprocessed,81.0,81.0,0.0,0.0,10.567901234567902,10.567901234567902,58.0,247.0,3.283400809716599,5.49193419308586,101.0,36.0,5.069306930693069,4.0,102.0,40.0,0.0,0.0,0.0,0.0,0.0,4.0,13.0,69.0,82.0,243.0,1544.8851371221945
dorn_python_082,Dorn,easyocr_preprocessed,198.0,198.0,0.0,0.0,6.570707070707071,6.570707070707071,41.0,198.0,6.747474747474747,6.4938539235370385,111.0,71.0,4.684684684684685,4.0,20.0,63.0,0.0,0.0,0.0,0.0,0.0,3.0,8.0,133.0,141.0,194.0,1385.072962365366
dorn_python_086,Dorn,easyocr_preprocessed,29.0,29.0,0.0,0.0,6.689655172413793,6.689655172413793,27.0,53.0,3.490566037735849,4.8085043045028115,25.0,18.0,6.08,2.0,19.0,7.0,0.0,0.0,0.0,0.0,0.0,2.0,7.0,25.0,32.0,51.0,255.0
dorn_python_009,Dorn,easyocr_preprocessed,158.0,158.0,0.0,0.006329113924050633,9.253164556962025,9.253164556962025,46.0,377.0,3.673740053050398,5.893597488345514,166.0,70.0,6.234939759036145,5.0,141.0,65.0,0.0,0.0,0.0,0.0,0.0,1.0,10.0,132.0,142.0,372.0,2659.7059284557417
dorn_python_093,Dorn,easyocr_preprocessed,31.0,31.0,0.0,0.0,7.032258064516129,7.032258064516129,23.0,64.0,3.140625,4.340967726488666,18.0,9.0,5.888888888888889,0.0,27.0,19.0,0.0,0.0,0.0,0.0,0.0,1.0,5.0,23.0,28.0,64.0,307.67071501168664
dorn_python_097,Dorn,easyocr_preprocessed,201.0,201.0,0.0,0.004975124378109453,5.6318407960199,5.6318407960199,33.0,216.0,5.351851851851852,6.91015840769644,124.0,84.0,4.540322580645161,11.0,30.0,51.0,0.0,0.0,0.0,0.0,0.0,4.0,8.0,130.0,138.0,205.0,1457.2475136395246
dorn_cuda_064,Dorn,easyocr_preprocessed,225.0,225.0,0.0,0.05333333333333334,10.644444444444444,10.644444444444444,63.0,562.0,4.01779359430605,6.471413734315115,190.0,122.0,9.026315789473685,32.0,240.0,100.0,0.0,0.0,0.0,0.0,0.0,1.0,19.0,197.0,216.0,530.0,4110.090376146638
dorn_cuda_068,Dorn,easyocr_preprocessed,150.0,150.0,0.0,0.08666666666666667,6.6066666666666665,6.6066666666666665,45.0,272.0,3.5220588235294117,6.258436505590836,95.0,62.0,7.168421052631579,23.0,99.0,55.0,0.0,0.0,0.0,0.0,0.0,3.0,15.0,104.0,119.0,249.0,1716.809623063678
dorn_cuda_071,Dorn,easyocr_preprocessed,132.0,132.0,0.0,0.0,9.765151515151516,9.765151515151516,52.0,356.0,3.5252808988764044,5.782642680254833,150.0,45.0,6.626666666666667,6.0,144.0,56.0,0.0,0.0,0.0,1.2272727272727273,2.0,3.0,16.0,87.0,103.0,350.0,2340.2751845141265
dorn_cuda_075,Dorn,easyocr_preprocessed,266.0,266.0,0.0,0.0037593984962406013,5.883458646616542,5.883458646616542,51.0,467.0,3.1563169164882225,6.9456115026350576,232.0,143.0,4.961206896551724,8.0,156.0,71.0,0.0,0.0,0.0,0.3458646616541353,1.0,3.0,15.0,211.0,226.0,459.0,3589.462143748571
dorn_cuda_079,Dorn,easyocr_preprocessed,129.0,129.0,0.0,0.03875968992248062,10.534883720930232,10.534883720930232,56.0,374.0,3.411764705882353,5.977688533168055,126.0,71.0,7.492063492063492,16.0,177.0,55.0,0.0,0.0,0.0,0.0,0.0,1.0,14.0,110.0,124.0,358.0,2489.6022791185014
dorn_cuda_082,Dorn,easyocr_preprocessed,131.0,131.0,0.0,0.0,9.290076335877863,9.290076335877863,37.0,435.0,2.7448275862068967,5.262008229166985,165.0,50.0,3.066666666666667,1.0,219.0,50.0,0.0,0.0,0.0,0.0,0.0,1.0,11.0,83.0,94.0,434.0,2844.691561628095
dorn_cuda_086,Dorn,easyocr_preprocessed,204.0,204.0,0.0,0.0,5.034313725490196,5.034313725490196,38.0,441.0,2.17687074829932,5.970352583157144,153.0,78.0,3.7908496732026142,20.0,198.0,70.0,0.0,0.0,0.0,0.3627450980392157,1.0,9.0,18.0,115.0,133.0,421.0,2970.273905346001
dorn_cuda_009,Dorn,easyocr_preprocessed,98.0,98.0,0.0,0.01020408163265306,7.23469387755102,7.23469387755102,38.0,238.0,2.8739495798319328,5.755095403541219,81.0,36.0,5.802469135802469,12.0,104.0,41.0,0.0,0.0,0.0,2.0306122448979593,3.0,4.0,14.0,67.0,81.0,226.0,1432.8061006519251
dorn_cuda_093,Dorn,easyocr_preprocessed,219.0,219.0,0.0,0.0136986301369863,6.534246575342466,6.534246575342466,61.0,424.0,3.2122641509433962,6.097910587023111,218.0,79.0,5.064220183486238,6.0,147.0,53.0,0.0,0.0,0.0,0.0,0.0,5.0,12.0,124.0,136.0,418.0,2962.5594676426417
dorn_cuda_097,Dorn,easyocr_preprocessed,61.0,61.0,0.0,0.03278688524590164,5.885245901639344,5.885245901639344,23.0,115.0,2.9130434782608696,5.228432612940732,57.0,30.0,4.719298245614035,2.0,47.0,9.0,0.0,0.0,0.0,0.0,0.0,1.0,10.0,39.0,49.0,113.0,634.4622123850186
dorn_python_001,Dorn,easyocr_preprocessed,33.0,33.0,0.0,0.0,5.151515151515151,5.151515151515151,15.0,54.0,3.0555555555555554,4.727407067804875,24.0,14.0,4.25,8.0,17.0,5.0,0.0,0.0,0.0,0.0,0.0,2.0,8.0,19.0,27.0,46.0,218.72482509951953
dorn_python_102,Dorn,easyocr_preprocessed,108.0,108.0,0.0,0.0,6.75,6.75,32.0,75.0,10.493333333333334,4.574713938349615,31.0,13.0,6.935483870967742,4.0,27.0,13.0,0.0,0.0,0.0,0.0,0.0,1.0,7.0,26.0,33.0,71.0,358.15198247445016
dorn_python_106,Dorn,easyocr_preprocessed,198.0,198.0,0.0,0.010101010101010102,5.893939393939394,5.893939393939394,31.0,149.0,8.342281879194632,5.732376703358977,67.0,38.0,5.656716417910448,3.0,49.0,30.0,0.0,0.0,0.0,0.0,0.0,3.0,14.0,60.0,74.0,146.0,906.5801913818267
dorn_python_011,Dorn,easyocr_preprocessed,47.0,47.0,0.0,0.0,5.74468085106383,5.74468085106383,30.0,79.0,3.3164556962025316,5.595246970315874,37.0,35.0,5.27027027027027,1.0,20.0,21.0,0.0,0.0,0.0,0.0,0.0,1.0,6.0,53.0,59.0,78.0,458.8461578502236
dorn_python_113,Dorn,easyocr_preprocessed,231.0,231.0,0.0,0.0,7.1731601731601735,7.1731601731601735,41.0,386.0,4.098445595854923,6.511350873898048,190.0,102.0,6.726315789473684,18.0,113.0,65.0,0.0,0.0,0.0,0.0,0.0,10.0,12.0,165.0,177.0,368.0,2748.0788424305433
dorn_python_117,Dorn,easyocr_preprocessed,38.0,38.0,0.0,0.0,7.105263157894737,7.105263157894737,50.0,98.0,2.5408163265306123,5.373232773474921,44.0,32.0,4.090909090909091,4.0,40.0,10.0,0.0,0.0,0.0,0.0,0.0,5.0,12.0,40.0,52.0,94.0,535.8413335052626
dorn_python_014,Dorn,easyocr_preprocessed,124.0,124.0,0.0,0.0,7.024193548387097,7.024193548387097,30.0,189.0,4.5661375661375665,5.604471084144963,101.0,48.0,4.128712871287129,3.0,61.0,24.0,0.0,0.0,0.0,0.0,0.0,4.0,9.0,72.0,81.0,186.0,1179.2121005365402
dorn_python_018,Dorn,easyocr_preprocessed,240.0,240.0,0.0,0.0,6.745833333333334,6.745833333333334,51.0,467.0,3.278372591006424,6.770590308215007,219.0,134.0,4.1506849315068495,11.0,162.0,75.0,0.0,0.0,0.0,0.0,0.0,9.0,15.0,199.0,214.0,456.0,3530.1089457989233
dorn_python_021,Dorn,easyocr_preprocessed,29.0,29.0,0.0,0.0,7.0,7.0,41.0,44.0,4.431818181818182,5.3230679822736615,21.0,21.0,6.0,0.0,9.0,14.0,0.0,0.0,0.0,0.0,0.0,1.0,8.0,33.0,41.0,44.0,235.73228820319568
dorn_python_025,Dorn,easyocr_preprocessed,30.0,30.0,0.0,0.0,5.0,5.0,23.0,39.0,3.7435897435897436,5.080274013734043,17.0,17.0,5.352941176470588,0.0,9.0,13.0,0.0,0.0,0.0,0.0,0.0,1.0,6.0,29.0,35.0,39.0,200.04203766085368
dorn_python_029,Dorn,easyocr_preprocessed,135.0,135.0,0.0,0.007407407407407408,5.274074074074074,5.274074074074074,31.0,219.0,2.9680365296803655,6.0440073607436045,98.0,52.0,4.959183673469388,3.0,70.0,48.0,0.0,0.0,0.0,0.0,0.0,1.0,10.0,86.0,96.0,216.0,1422.3519001557697
dorn_python_032,Dorn,easyocr_preprocessed,115.0,115.0,0.0,0.02608695652173913,5.278260869565218,5.278260869565218,29.0,145.0,4.13103448275862,6.308338080049795,62.0,47.0,5.274193548387097,7.0,36.0,40.0,0.0,0.0,0.0,0.0,0.0,3.0,9.0,81.0,90.0,138.0,895.8757272934952
dorn_python_036,Dorn,easyocr_preprocessed,158.0,158.0,0.0,0.0,7.1455696202531644,7.1455696202531644,36.0,307.0,3.413680781758958,6.161662260645149,147.0,59.0,5.605442176870748,9.0,102.0,49.0,0.0,0.0,0.0,0.15822784810126583,1.0,6.0,14.0,108.0,122.0,298.0,2065.35972659374
dorn_python_004,Dorn,easyocr_preprocessed,214.0,214.0,0.0,0.0,6.158878504672897,6.158878504672897,43.0,347.0,3.6311239193083575,6.225023908105687,149.0,64.0,6.302013422818792,17.0,111.0,70.0,0.0,0.0,0.0,0.0,0.0,9.0,11.0,123.0,134.0,330.0,2331.8094328510647
dorn_python_043,Dorn,easyocr_preprocessed,163.0,163.0,0.0,0.0,13.9079754601227,13.9079754601227,56.0,472.0,4.536016949152542,5.116923816156654,221.0,50.0,8.298642533936652,0.0,189.0,62.0,0.0,0.0,0.0,0.0,0.0,1.0,10.0,112.0,122.0,472.0,3271.3080233296823
dorn_python_047,Dorn,easyocr_preprocessed,63.0,63.0,0.0,0.0,6.190476190476191,6.190476190476191,28.0,124.0,3.0161290322580645,5.430470057469414,45.0,23.0,5.444444444444445,4.0,48.0,27.0,0.0,0.0,0.0,0.0,0.0,1.0,12.0,49.0,61.0,120.0,711.6884805075464
dorn_python_050,Dorn,easyocr_preprocessed,40.0,40.0,0.0,0.0,7.95,7.95,37.0,85.0,3.588235294117647,5.26634957736039,39.0,28.0,6.0256410256410255,6.0,32.0,8.0,0.0,0.0,0.0,0.0,0.0,3.0,9.0,36.0,45.0,79.0,433.85639461004433
dorn_python_054,Dorn,easyocr_preprocessed,135.0,135.0,0.0,0.007407407407407408,5.274074074074074,5.274074074074074,31.0,219.0,2.9680365296803655,6.0440073607436045,98.0,52.0,4.959183673469388,3.0,70.0,48.0,0.0,0.0,0.0,0.0,0.0,1.0,10.0,86.0,96.0,216.0,1422.3519001557697
dorn_python_058,Dorn,easyocr_preprocessed,39.0,39.0,0.0,0.0,7.769230769230769,7.769230769230769,39.0,67.0,4.313432835820896,5.565943294870803,35.0,29.0,6.771428571428571,3.0,16.0,13.0,0.0,0.0,0.0,0.0,0.0,1.0,8.0,42.0,50.0,64.0,361.20679614558236
dorn_python_061,Dorn,easyocr_preprocessed,181.0,181.0,0.0,0.0,5.87292817679558,5.87292817679558,60.0,154.0,6.766233766233766,6.254529583232096,71.0,45.0,5.267605633802817,8.0,33.0,42.0,0.0,0.0,0.0,0.0,0.0,1.0,8.0,85.0,93.0,146.0,954.7171864217726
dorn_python_065,Dorn,easyocr_preprocessed,239.0,239.0,0.0,0.0,6.98744769874477,6.98744769874477,34.0,258.0,6.62015503875969,6.3204035395416165,116.0,63.0,5.689655172413793,10.0,83.0,49.0,0.0,0.0,0.0,0.0,0.0,9.0,10.0,109.0,119.0,248.0,1709.91480530037
dorn_python_069,Dorn,easyocr_preprocessed,176.0,176.0,0.0,0.0,6.857954545454546,6.857954545454546,22.0,188.0,6.824468085106383,6.573941942450148,88.0,58.0,5.806818181818182,3.0,32.0,65.0,0.0,0.0,0.0,0.0,0.0,2.0,8.0,112.0,120.0,185.0,1277.774760187576
dorn_python_072,Dorn,easyocr_preprocessed,161.0,161.0,0.0,0.0,9.962732919254659,9.962732919254659,53.0,405.0,3.7555555555555555,5.876102574310365,159.0,73.0,6.29559748427673,7.0,166.0,73.0,0.0,0.0,0.0,0.0,0.0,1.0,11.0,133.0,144.0,398.0,2853.6301505740403
dorn_python_076,Dorn,easyocr_preprocessed,219.0,219.0,0.0,0.0091324200913242,4.771689497716895,4.771689497716895,32.0,278.0,3.8489208633093526,5.971235582590164,103.0,52.0,3.4174757281553396,9.0,111.0,55.0,0.0,0.0,0.0,0.0,0.0,8.0,14.0,88.0,102.0,269.0,1794.882416990332
dorn_python_008,Dorn,easyocr_preprocessed,208.0,208.0,0.0,0.004807692307692308,6.769230769230769,6.769230769230769,38.0,315.0,4.295238095238095,6.517400254004991,168.0,94.0,6.285714285714286,24.0,70.0,53.0,0.0,0.0,0.0,0.0,0.0,3.0,9.0,146.0,155.0,291.0,2117.352201934803
dorn_python_083,Dorn,easyocr_preprocessed,49.0,49.0,0.0,0.0,8.36734693877551,8.36734693877551,33.0,84.0,4.821428571428571,4.877919067648829,31.0,13.0,6.161290322580645,0.0,32.0,21.0,0.0,0.0,0.0,0.0,0.0,1.0,7.0,31.0,38.0,84.0,440.82591112926116
dorn_python_087,Dorn,easyocr_preprocessed,144.0,144.0,0.0,0.0,6.979166666666667,6.979166666666667,46.0,288.0,3.267361111111111,5.64204538223328,123.0,45.0,5.512195121951219,16.0,99.0,50.0,0.0,0.0,0.0,0.0,0.0,6.0,10.0,94.0,104.0,272.0,1822.519603334377
dorn_python_090,Dorn,easyocr_preprocessed,92.0,92.0,0.0,0.0,8.58695652173913,8.58695652173913,54.0,215.0,3.4139534883720932,5.5882800784483875,88.0,49.0,6.409090909090909,3.0,92.0,32.0,0.0,0.0,0.0,0.0,0.0,4.0,12.0,78.0,90.0,212.0,1376.272856421891
dorn_python_094,Dorn,easyocr_preprocessed,135.0,135.0,0.0,0.0,8.6,8.6,43.0,226.0,4.915929203539823,5.161850084035221,101.0,44.0,8.683168316831683,21.0,72.0,32.0,0.0,0.0,0.0,0.0,0.0,1.0,5.0,75.0,80.0,205.0,1295.9952594519093
dorn_python_098,Dorn,easyocr_preprocessed,123.0,123.0,0.0,0.0,5.4227642276422765,5.4227642276422765,27.0,199.0,3.135678391959799,5.699175754352593,76.0,43.0,5.0,7.0,69.0,47.0,0.0,0.0,0.0,0.0,0.0,4.0,11.0,73.0,84.0,192.0,1227.324945173522
dorn_cuda_065,Dorn,easyocr_preprocessed,32.0,32.0,0.0,0.0,5.53125,5.53125,22.0,49.0,3.6122448979591835,4.773500028832073,13.0,11.0,6.769230769230769,4.0,23.0,9.0,0.0,0.0,0.0,0.0,0.0,3.0,10.0,20.0,30.0,45.0,220.81007680238335
dorn_cuda_069,Dorn,easyocr_preprocessed,232.0,232.0,0.0,0.0,7.568965517241379,7.568965517241379,57.0,413.0,4.038740920096853,5.846277813012275,179.0,71.0,7.653631284916201,4.0,155.0,75.0,0.004310344827586207,1.0,0.06551156962745974,0.603448275862069,2.0,4.0,10.0,131.0,141.0,409.0,2920.0765031311066
dorn_cuda_072,Dorn,easyocr_preprocessed,27.0,27.0,0.0,0.037037037037037035,13.074074074074074,13.074074074074074,48.0,93.0,3.6021505376344085,5.249565699367202,35.0,29.0,7.542857142857143,3.0,47.0,8.0,0.0,0.0,0.0,0.0,0.0,1.0,12.0,35.0,47.0,90.0,499.9129966509874
dorn_cuda_076,Dorn,easyocr_preprocessed,136.0,136.0,0.0,0.029411764705882353,8.389705882352942,8.389705882352942,52.0,303.0,3.6006600660066006,6.300535029110259,104.0,68.0,5.951923076923077,15.0,130.0,54.0,0.0,0.0,0.0,0.9411764705882353,1.0,4.0,19.0,120.0,139.0,288.0,2050.25502894437
dorn_cuda_008,Dorn,easyocr_preprocessed,33.0,33.0,0.0,0.0,9.030303030303031,9.030303030303031,51.0,63.0,4.634920634920635,4.479840297664403,26.0,17.0,9.692307692307692,0.0,30.0,7.0,0.0,0.0,0.0,0.0,0.0,1.0,6.0,24.0,30.0,63.0,309.1341075233367
dorn_cuda_083,Dorn,easyocr_preprocessed,181.0,181.0,0.0,0.0,5.016574585635359,5.016574585635359,10.0,269.0,3.197026022304833,4.175098957098509,150.0,5.0,4.6,0.0,59.0,60.0,0.0,0.0,0.0,0.0,0.0,1.0,2.0,53.0,55.0,269.0,1555.1857629381336
dorn_cuda_087,Dorn,easyocr_preprocessed,149.0,149.0,0.0,0.020134228187919462,6.167785234899329,6.167785234899329,33.0,214.0,4.140186915887851,6.165329076442015,97.0,50.0,7.422680412371134,9.0,66.0,42.0,0.0,0.0,0.0,1.4630872483221478,2.0,4.0,11.0,89.0,100.0,205.0,1361.9905189038184
dorn_cuda_090,Dorn,easyocr_preprocessed,223.0,223.0,0.0,0.0,5.394618834080718,5.394618834080718,66.0,446.0,2.5515695067264574,6.282922271330127,191.0,79.0,4.12565445026178,12.0,167.0,76.0,0.0,0.0,0.0,0.0,0.0,1.0,15.0,135.0,150.0,434.0,3137.307311675212
dorn_cuda_094,Dorn,easyocr_preprocessed,173.0,173.0,0.0,0.017341040462427744,8.092485549132949,8.092485549132949,38.0,541.0,2.4528650646950094,5.9480195604557045,158.0,59.0,5.3734177215189876,11.0,254.0,118.0,0.0,0.0,0.0,0.06358381502890173,1.0,1.0,19.0,116.0,135.0,530.0,3750.7122664369404
dorn_cuda_098,Dorn,easyocr_preprocessed,87.0,87.0,0.0,0.0,4.885057471264368,4.885057471264368,36.0,150.0,2.546666666666667,5.185978698381686,81.0,55.0,3.765432098765432,0.0,55.0,14.0,0.0,0.0,0.0,0.0,0.0,1.0,5.0,66.0,71.0,150.0,922.4620679257023
dorn_python_010,Dorn,easyocr_preprocessed,128.0,128.0,0.0,0.0,5.8125,5.8125,28.0,187.0,3.8449197860962565,6.363399842697836,101.0,67.0,5.118811881188119,8.0,45.0,33.0,0.0,0.0,0.0,0.0,0.0,6.0,11.0,98.0,109.0,179.0,1211.5049941350699
dorn_python_103,Dorn,easyocr_preprocessed,42.0,42.0,0.0,0.0,5.428571428571429,5.428571428571429,25.0,62.0,3.532258064516129,5.200501859528801,35.0,28.0,5.142857142857143,4.0,18.0,5.0,0.0,0.0,0.0,0.0,0.0,3.0,7.0,33.0,40.0,58.0,308.67182950346705
dorn_python_107,Dorn,easyocr_preprocessed,166.0,166.0,0.0,0.012048192771084338,5.451807228915663,5.451807228915663,36.0,233.0,3.742489270386266,7.176825724403546,145.0,110.0,4.86896551724138,5.0,40.0,43.0,0.0,0.0,0.0,0.0,0.0,2.0,14.0,152.0,166.0,228.0,1681.5089903470987
dorn_python_110,Dorn,easyocr_preprocessed,98.0,98.0,0.0,0.0,5.663265306122449,5.663265306122449,28.0,53.0,11.471698113207546,5.142645926098032,24.0,20.0,5.041666666666667,3.0,11.0,15.0,0.0,0.0,0.0,0.0,0.0,2.0,4.0,33.0,37.0,50.0,260.4726682814475
dorn_python_114,Dorn,easyocr_preprocessed,36.0,36.0,0.0,0.0,6.444444444444445,6.444444444444445,31.0,64.0,3.453125,4.907057235905091,36.0,25.0,5.305555555555555,1.0,23.0,4.0,0.0,0.0,0.0,0.0,0.0,2.0,8.0,29.0,37.0,63.0,328.19556203462383
dorn_python_118,Dorn,easyocr_preprocessed,41.0,41.0,0.0,0.0,6.7073170731707314,6.7073170731707314,20.0,60.0,4.316666666666666,5.242318879259732,39.0,29.0,5.641025641025641,3.0,11.0,7.0,0.0,0.0,0.0,0.0,0.0,1.0,7.0,35.0,42.0,57.0,307.3620930983894
dorn_python_015,Dorn,easyocr_preprocessed,92.0,92.0,0.0,0.0,5.576086956521739,5.576086956521739,24.0,74.0,7.22972972972973,6.091144075059174,44.0,42.0,6.7727272727272725,3.0,6.0,21.0,0.0,0.0,0.0,0.0,0.0,2.0,4.0,63.0,67.0,71.0,430.69233252250183
dorn_python_019,Dorn,easyocr_preprocessed,217.0,217.0,0.0,0.004608294930875576,9.728110599078342,9.728110599078342,62.0,442.0,4.524886877828054,6.298245188709605,200.0,96.0,6.8,4.0,152.0,86.0,0.0,0.0,0.0,0.0,0.0,1.0,12.0,165.0,177.0,438.0,3270.811230936353
dorn_python_022,Dorn,easyocr_preprocessed,144.0,144.0,0.0,0.0,4.597222222222222,4.597222222222222,27.0,188.0,3.404255319148936,6.524372014689598,117.0,68.0,4.418803418803419,9.0,30.0,32.0,0.0,0.0,0.0,0.0,0.0,6.0,11.0,99.0,110.0,179.0,1213.8633887209141
dorn_python_026,Dorn,easyocr_preprocessed,135.0,135.0,0.0,0.0,6.348148148148148,6.348148148148148,33.0,202.0,4.158415841584159,6.1832980058592,97.0,62.0,4.65979381443299,6.0,64.0,35.0,0.0,0.0,0.0,0.0,0.0,6.0,12.0,88.0,100.0,196.0,1302.195813195846
dorn_python_003,Dorn,easyocr_preprocessed,147.0,147.0,0.0,0.0,12.700680272108844,12.700680272108844,61.0,452.0,3.7765486725663715,5.356923001184338,183.0,52.0,7.33879781420765,5.0,203.0,61.0,0.0,0.0,0.0,0.0,0.0,1.0,9.0,113.0,122.0,447.0,3098.0395898906104
dorn_python_033,Dorn,easyocr_preprocessed,53.0,53.0,0.0,0.0,7.754716981132075,7.754716981132075,46.0,115.0,3.4,5.7841412470460165,56.0,46.0,5.571428571428571,3.0,42.0,14.0,0.0,0.0,0.0,0.0,0.0,3.0,9.0,59.0,68.0,112.0,681.7958382200379
dorn_python_037,Dorn,easyocr_preprocessed,108.0,108.0,0.0,0.018518518518518517,10.592592592592593,10.592592592592593,55.0,217.0,5.078341013824885,5.921404956840701,102.0,60.0,8.235294117647058,2.0,79.0,34.0,0.0,0.0,0.0,0.0,0.0,1.0,11.0,94.0,105.0,215.0,1443.5627862982162
dorn_python_040,Dorn,easyocr_preprocessed,111.0,111.0,0.0,0.0,6.243243243243243,6.243243243243243,50.0,188.0,3.4574468085106385,5.93818767540177,95.0,60.0,5.410526315789474,5.0,59.0,29.0,0.0,0.0,0.0,0.0,0.0,2.0,7.0,89.0,96.0,183.0,1205.0481376319715
dorn_python_044,Dorn,easyocr_preprocessed,264.0,264.0,0.0,0.0,6.0643939393939394,6.0643939393939394,37.0,284.0,5.658450704225352,7.1172064709116185,168.0,108.0,5.5476190476190474,11.0,42.0,63.0,0.0,0.0,0.0,0.0,0.0,2.0,9.0,169.0,178.0,273.0,2040.8752266538265
dorn_python_048,Dorn,easyocr_preprocessed,146.0,146.0,0.0,0.0,5.616438356164384,5.616438356164384,37.0,210.0,3.723809523809524,6.736273642484593,124.0,89.0,5.112903225806452,6.0,44.0,36.0,0.0,0.0,0.0,0.0,1.0,2.0,12.0,122.0,134.0,204.0,1441.4821948533854
dorn_python_051,Dorn,easyocr_preprocessed,28.0,28.0,0.0,0.0,9.142857142857142,9.142857142857142,29.0,72.0,3.3333333333333335,4.58636927323393,32.0,14.0,6.03125,2.0,32.0,6.0,0.0,0.0,0.0,0.0,0.0,3.0,11.0,20.0,31.0,70.0,346.7937417270812
dorn_python_055,Dorn,easyocr_preprocessed,241.0,241.0,0.0,0.004149377593360996,5.4896265560165975,5.4896265560165975,36.0,357.0,3.5686274509803924,7.371035682661442,209.0,142.0,4.961722488038277,10.0,72.0,66.0,0.0,0.0,0.0,0.0,0.0,5.0,14.0,206.0,220.0,347.0,2700.131820593057
dorn_python_059,Dorn,easyocr_preprocessed,29.0,29.0,0.0,0.0,12.03448275862069,12.03448275862069,44.0,91.0,3.5274725274725274,4.477882131348052,42.0,22.0,6.380952380952381,0.0,43.0,6.0,0.0,0.0,0.0,0.0,0.0,1.0,7.0,28.0,35.0,91.0,466.7647545419919
dorn_python_062,Dorn,easyocr_preprocessed,37.0,37.0,0.0,0.0,8.864864864864865,8.864864864864865,37.0,76.0,4.118421052631579,5.24609902018809,39.0,26.0,6.846153846153846,3.0,28.0,6.0,0.0,0.0,0.0,0.0,0.0,3.0,11.0,32.0,43.0,73.0,396.11732709325315
dorn_python_066,Dorn,easyocr_preprocessed,46.0,46.0,0.0,0.0,5.565217391304348,5.565217391304348,19.0,73.0,3.3013698630136985,5.309486716325354,44.0,26.0,4.568181818181818,3.0,17.0,9.0,0.0,0.0,0.0,0.0,0.0,1.0,7.0,34.0,41.0,70.0,375.02864032326585
dorn_python_007,Dorn,easyocr_preprocessed,42.0,42.0,0.0,0.023809523809523808,7.476190476190476,7.476190476190476,39.0,77.0,3.9220779220779223,5.15446523560731,35.0,25.0,6.542857142857143,6.0,24.0,12.0,0.0,0.0,0.0,0.0,0.0,1.0,6.0,37.0,43.0,71.0,385.264797583849
dorn_python_073,Dorn,easyocr_preprocessed,23.0,23.0,0.0,0.0,4.826086956521739,4.826086956521739,13.0,30.0,3.533333333333333,4.41506101220307,20.0,15.0,4.5,1.0,4.0,5.0,0.0,0.0,0.0,0.0,0.0,1.0,3.0,19.0,22.0,29.0,129.32351694048162
dorn_python_077,Dorn,easyocr_preprocessed,133.0,133.0,0.0,0.0,5.676691729323308,5.676691729323308,42.0,96.0,8.479166666666666,5.3001492827408,30.0,18.0,4.766666666666667,12.0,37.0,17.0,0.0,0.0,0.0,0.0,0.0,5.0,11.0,33.0,44.0,84.0,458.59225596553296
dorn_python_080,Dorn,easyocr_preprocessed,174.0,174.0,0.0,0.0,7.379310344827586,7.379310344827586,41.0,146.0,9.205479452054794,6.00562008634864,65.0,46.0,5.3076923076923075,3.0,51.0,27.0,0.0,0.0,0.0,0.0,0.0,3.0,13.0,71.0,84.0,143.0,914.1013914573628
dorn_python_084,Dorn,easyocr_preprocessed,184.0,184.0,0.0,0.0,10.342391304347826,10.342391304347826,56.0,579.0,3.1139896373056994,5.573891841423659,164.0,57.0,7.317073170731708,3.0,241.0,171.0,0.0,0.0,0.0,0.0,0.0,1.0,7.0,123.0,130.0,576.0,4044.8838603043896
dorn_python_088,Dorn,easyocr_preprocessed,38.0,38.0,0.0,0.0,6.078947368421052,6.078947368421052,22.0,53.0,3.9622641509433962,4.937839266243818,33.0,21.0,5.636363636363637,1.0,9.0,10.0,0.0,0.0,0.0,0.9473684210526315,1.0,2.0,4.0,31.0,35.0,52.0,266.72271688113824
dorn_python_091,Dorn,easyocr_preprocessed,132.0,132.0,0.0,0.0,5.856060606060606,5.856060606060606,26.0,164.0,4.7073170731707314,5.829496090251748,74.0,39.0,6.04054054054054,5.0,50.0,35.0,0.0,0.0,0.0,0.06060606060606061,2.0,1.0,9.0,72.0,81.0,159.0,1008.0361504586552
dorn_python_095,Dorn,easyocr_preprocessed,99.0,99.0,0.0,0.0,10.070707070707071,10.070707070707071,46.0,185.0,5.140540540540541,5.6617552007301635,81.0,40.0,9.753086419753087,10.0,64.0,30.0,0.0,0.0,0.0,0.0,0.0,6.0,9.0,70.0,79.0,175.0,1103.161630930993
dorn_python_099,Dorn,easyocr_preprocessed,97.0,97.0,0.0,0.0,7.082474226804123,7.082474226804123,23.0,303.0,2.0792079207920793,5.1877329767621445,108.0,38.0,3.7777777777777777,2.0,130.0,63.0,0.0,0.0,0.0,0.0,0.0,1.0,8.0,67.0,75.0,301.0,1874.87442583926
dorn_cuda_066,Dorn,easyocr_preprocessed,25.0,25.0,0.0,0.08,5.44,5.44,19.0,74.0,1.527027027027027,4.556229969028087,24.0,11.0,2.4166666666666665,2.0,42.0,6.0,0.0,0.0,0.0,0.8,1.0,3.0,12.0,17.0,29.0,72.0,349.77463164918515
dorn_cuda_007,Dorn,easyocr_preprocessed,252.0,252.0,0.0,0.027777777777777776,5.5,5.5,28.0,615.0,2.061788617886179,5.822587757652721,211.0,54.0,3.654028436018957,16.0,295.0,93.0,0.0,0.0,0.0,2.0357142857142856,4.0,5.0,17.0,110.0,127.0,599.0,4186.222127376527
dorn_cuda_073,Dorn,easyocr_preprocessed,136.0,136.0,0.0,0.014705882352941176,7.529411764705882,7.529411764705882,52.0,293.0,3.4027303754266214,5.862521512383908,83.0,47.0,6.325301204819277,7.0,144.0,59.0,0.0,0.0,0.0,1.375,3.0,4.0,17.0,96.0,113.0,286.0,1950.5711832507436
dorn_cuda_077,Dorn,easyocr_preprocessed,24.0,24.0,0.0,0.0,12.875,12.875,47.0,68.0,4.382352941176471,4.351758190426113,23.0,12.0,10.391304347826088,4.0,32.0,9.0,0.0,0.0,0.0,0.5833333333333334,1.0,2.0,9.0,18.0,27.0,64.0,304.31280013846197
dorn_cuda_080,Dorn,easyocr_preprocessed,33.0,33.0,0.0,0.0,3.3636363636363638,3.3636363636363638,14.0,65.0,1.676923076923077,4.510357429374702,17.0,8.0,2.8823529411764706,5.0,32.0,11.0,0.0,0.0,0.0,0.0,0.0,3.0,11.0,15.0,26.0,60.0,282.0263830884655
dorn_cuda_084,Dorn,easyocr_preprocessed,354.0,354.0,0.0,0.00847457627118644,6.918079096045198,6.918079096045198,59.0,617.0,3.781199351701783,6.554149635295675,262.0,106.0,7.194656488549619,11.0,239.0,105.0,0.0,0.0,0.0,1.1073446327683616,3.0,5.0,16.0,180.0,196.0,606.0,4614.514165533817
dorn_cuda_088,Dorn,easyocr_preprocessed,33.0,33.0,0.0,0.0,5.424242424242424,5.424242424242424,22.0,65.0,2.5384615384615383,4.619285359550949,31.0,16.0,4.225806451612903,0.0,24.0,10.0,0.0,0.0,0.0,0.0,0.0,1.0,8.0,25.0,33.0,65.0,327.8856177582995
dorn_cuda_091,Dorn,easyocr_preprocessed,32.0,32.0,0.0,0.0,8.375,8.375,63.0,61.0,4.098360655737705,5.021164494032329,19.0,13.0,9.578947368421053,6.0,23.0,13.0,0.0,0.0,0.0,0.75,1.0,1.0,10.0,25.0,35.0,55.0,282.11056593197316
dorn_cuda_095,Dorn,easyocr_preprocessed,144.0,144.0,0.0,0.027777777777777776,8.0,8.0,52.0,319.0,3.457680250783699,6.2309331510357175,106.0,64.0,5.660377358490566,18.0,140.0,55.0,0.0,0.0,0.0,3.0,4.0,5.0,16.0,116.0,132.0,301.0,2120.3626299268944
dorn_cuda_099,Dorn,easyocr_preprocessed,187.0,187.0,0.0,0.0,6.775401069518717,6.775401069518717,28.0,441.0,2.759637188208617,5.158372698500945,136.0,15.0,5.838235294117647,16.0,206.0,83.0,0.0,0.0,0.0,2.877005347593583,4.0,14.0,13.0,71.0,84.0,425.0,2716.734904680973
dorn_python_100,Dorn,easyocr_preprocessed,82.0,82.0,0.0,0.0,11.268292682926829,11.268292682926829,53.0,174.0,5.091954022988506,5.810274568563328,78.0,45.0,9.5,5.0,58.0,33.0,0.0,0.0,0.0,0.0,0.0,1.0,10.0,78.0,88.0,169.0,1091.6439435497032
dorn_python_104,Dorn,easyocr_preprocessed,155.0,155.0,0.0,0.0,12.064516129032258,12.064516129032258,55.0,224.0,8.410714285714286,5.5995733606823155,92.0,46.0,7.706521739130435,0.0,77.0,55.0,0.0,0.0,0.0,0.0,0.0,1.0,7.0,89.0,96.0,224.0,1475.031600161539
dorn_python_108,Dorn,easyocr_preprocessed,201.0,201.0,0.0,0.004975124378109453,5.6318407960199,5.6318407960199,33.0,216.0,5.351851851851852,6.91015840769644,124.0,84.0,4.540322580645161,11.0,30.0,51.0,0.0,0.0,0.0,0.0,0.0,4.0,8.0,130.0,138.0,205.0,1457.2475136395246
dorn_python_111,Dorn,easyocr_preprocessed,348.0,348.0,0.0,0.011494252873563218,6.100574712643678,6.100574712643678,43.0,408.0,5.409313725490196,6.474693997931649,209.0,98.0,4.392344497607655,10.0,115.0,74.0,0.0,0.0,0.0,0.0,0.0,11.0,12.0,147.0,159.0,398.0,2910.5274162031737
dorn_python_115,Dorn,easyocr_preprocessed,131.0,131.0,0.0,0.0,8.931297709923664,8.931297709923664,43.0,285.0,3.905263157894737,5.580787546260809,127.0,49.0,6.724409448818897,10.0,97.0,51.0,0.0,0.0,0.0,0.0,0.0,2.0,9.0,100.0,109.0,275.0,1861.2506893136547
dorn_python_012,Dorn,easyocr_preprocessed,147.0,147.0,0.0,0.047619047619047616,5.272108843537415,5.272108843537415,26.0,207.0,3.63768115942029,5.913754317028192,102.0,57.0,4.637254901960785,10.0,65.0,30.0,0.0,0.0,0.0,0.0,0.0,4.0,8.0,87.0,95.0,197.0,1294.2615548411968
dorn_python_016,Dorn,easyocr_preprocessed,136.0,136.0,0.0,0.007352941176470588,7.389705882352941,7.389705882352941,51.0,196.0,5.137755102040816,6.342994578869633,89.0,62.0,5.449438202247191,3.0,66.0,38.0,0.0,0.0,0.0,0.1323529411764706,1.0,1.0,15.0,100.0,115.0,193.0,1321.1795798322644
dorn_python_002,Dorn,easyocr_preprocessed,148.0,148.0,0.0,0.0,7.135135135135135,7.135135135135135,40.0,185.0,5.794594594594595,5.851904486417409,82.0,50.0,5.170731707317073,1.0,68.0,34.0,0.0,0.0,0.0,0.0,0.0,1.0,10.0,81.0,91.0,184.0,1197.43421379656
dorn_python_023,Dorn,easyocr_preprocessed,21.0,21.0,0.0,0.0,17.857142857142858,17.857142857142858,36.0,101.0,3.4257425742574257,4.173126795815978,45.0,19.0,6.4,0.0,50.0,6.0,0.0,0.0,0.0,0.0,0.0,1.0,8.0,25.0,33.0,101.0,509.4838060552038
dorn_python_027,Dorn,easyocr_preprocessed,46.0,46.0,0.0,0.0,5.413043478260869,5.413043478260869,24.0,72.0,3.25,5.607017709595357,36.0,35.0,4.75,1.0,15.0,20.0,0.0,0.0,0.0,0.0,0.0,1.0,6.0,51.0,57.0,71.0,414.13519100569664
dorn_python_030,Dorn,easyocr_preprocessed,192.0,192.0,0.0,0.010416666666666666,5.6875,5.6875,30.0,333.0,3.105105105105105,6.374254177082315,141.0,81.0,5.0,12.0,114.0,66.0,0.0,0.0,0.0,0.6614583333333334,1.0,3.0,13.0,139.0,152.0,321.0,2326.584731815391
dorn_python_034,Dorn,easyocr_preprocessed,138.0,138.0,0.0,0.0,4.818840579710145,4.818840579710145,28.0,82.0,8.939024390243903,5.618171632873075,46.0,34.0,3.760869565217391,3.0,20.0,13.0,0.0,0.0,0.0,0.7318840579710145,2.0,3.0,9.0,47.0,56.0,79.0,458.7810388425507
dorn_python_038,Dorn,easyocr_preprocessed,99.0,99.0,0.0,0.0,4.96969696969697,4.96969696969697,26.0,92.0,5.608695652173913,5.864094190154218,42.0,32.0,4.380952380952381,4.0,21.0,25.0,0.0,0.0,0.0,0.41414141414141414,1.0,3.0,9.0,56.0,65.0,88.0,529.9683675465039
dorn_python_041,Dorn,easyocr_preprocessed,25.0,25.0,0.0,0.16,7.2,7.2,29.0,43.0,3.953488372093023,4.253274943126581,16.0,12.0,7.375,5.0,13.0,9.0,0.0,0.0,0.0,0.0,0.0,1.0,4.0,20.0,24.0,38.0,174.22857502740393
dorn_python_045,Dorn,easyocr_preprocessed,88.0,88.0,0.0,0.0,6.011363636363637,6.011363636363637,33.0,155.0,3.264516129032258,5.415117976373847,57.0,23.0,5.842105263157895,10.0,57.0,31.0,0.0,0.0,0.0,0.0,0.0,1.0,10.0,51.0,61.0,145.0,859.9569139466186
dorn_python_049,Dorn,easyocr_preprocessed,183.0,183.0,0.0,0.0,6.961748633879782,6.961748633879782,56.0,168.0,7.934523809523809,6.284268411137316,74.0,57.0,6.472972972972973,5.0,55.0,34.0,0.0,0.0,0.0,0.23497267759562843,1.0,3.0,12.0,87.0,99.0,163.0,1080.5851290729763
dorn_python_052,Dorn,easyocr_preprocessed,35.0,35.0,0.0,0.0,6.6571428571428575,6.6571428571428575,43.0,31.0,7.870967741935484,4.631615665225584,14.0,12.0,6.714285714285714,3.0,9.0,5.0,0.0,0.0,0.0,0.0,0.0,1.0,7.0,17.0,24.0,28.0,128.37895002019238
dorn_python_056,Dorn,easyocr_preprocessed,65.0,65.0,0.0,0.0,14.907692307692308,14.907692307692308,50.0,226.0,3.995575221238938,4.766465953180534,108.0,29.0,6.9907407407407405,3.0,90.0,25.0,0.0,0.0,0.0,0.0,0.0,2.0,8.0,54.0,62.0,223.0,1327.7857772162731
dorn_python_006,Dorn,easyocr_preprocessed,193.0,193.0,0.0,0.0,4.704663212435233,4.704663212435233,32.0,138.0,7.057971014492754,6.470559963899127,91.0,66.0,4.241758241758242,4.0,12.0,31.0,0.0,0.0,0.0,0.0,0.0,2.0,7.0,94.0,101.0,134.0,892.2003386887404
dorn_python_063,Dorn,easyocr_preprocessed,201.0,201.0,0.0,0.004975124378109453,5.6318407960199,5.6318407960199,33.0,216.0,5.351851851851852,6.91015840769644,124.0,84.0,4.540322580645161,11.0,30.0,51.0,0.0,0.0,0.0,0.0,0.0,4.0,8.0,130.0,138.0,205.0,1457.2475136395246
dorn_python_067,Dorn,easyocr_preprocessed,28.0,28.0,0.0,0.03571428571428571,5.107142857142857,5.107142857142857,12.0,41.0,3.341463414634146,5.113649565593693,20.0,18.0,5.15,3.0,7.0,11.0,0.0,0.0,0.0,0.0,0.0,1.0,6.0,28.0,34.0,38.0,193.32358796751288
dorn_python_070,Dorn,easyocr_preprocessed,16.0,16.0,0.0,0.0,7.0,7.0,25.0,25.0,4.28,4.373660689688186,13.0,12.0,6.846153846153846,2.0,7.0,3.0,0.0,0.0,0.0,0.0,0.0,1.0,5.0,15.0,20.0,23.0,99.40434618240934
dorn_python_074,Dorn,easyocr_preprocessed,30.0,30.0,0.0,0.0,7.633333333333334,7.633333333333334,37.0,11.0,22.818181818181817,3.4594316186372973,5.0,5.0,8.8,0.0,4.0,2.0,0.0,0.0,0.0,0.0,0.0,1.0,4.0,7.0,11.0,11.0,38.05374780501027
dorn_python_078,Dorn,easyocr_preprocessed,253.0,253.0,0.0,0.007905138339920948,5.628458498023716,5.628458498023716,30.0,374.0,3.5802139037433154,7.375611080343502,205.0,139.0,5.131707317073171,10.0,80.0,79.0,0.0,0.0,0.0,0.0,0.0,4.0,12.0,208.0,220.0,364.0,2832.414935722976
dorn_python_081,Dorn,easyocr_preprocessed,193.0,193.0,0.0,0.0,11.704663212435234,11.704663212435234,54.0,561.0,3.6470588235294117,5.435771010811658,244.0,84.0,6.762295081967213,8.0,244.0,65.0,0.0,0.0,0.0,0.2694300518134715,1.0,6.0,9.0,149.0,158.0,553.0,4038.990753741938
dorn_python_085,Dorn,easyocr_preprocessed,34.0,34.0,0.0,0.0,15.235294117647058,15.235294117647058,56.0,98.0,5.061224489795919,4.558083385014974,45.0,23.0,9.533333333333333,1.0,41.0,11.0,0.0,0.0,0.0,0.0,0.0,2.0,7.0,34.0,41.0,97.0,519.6825444479541
dorn_python_089,Dorn,easyocr_preprocessed,254.0,254.0,0.0,0.0,6.090551181102362,6.090551181102362,46.0,331.0,4.628398791540786,7.291718487831449,194.0,138.0,5.118556701030927,8.0,72.0,57.0,0.0,0.0,0.0,0.0,0.0,6.0,14.0,193.0,207.0,323.0,2484.996287272282
dorn_python_092,Dorn,easyocr_preprocessed,31.0,31.0,0.0,0.03225806451612903,5.0,5.0,12.0,44.0,3.3636363636363638,5.186704345910025,25.0,22.0,4.68,3.0,6.0,10.0,0.0,0.0,0.0,0.0,0.0,1.0,5.0,31.0,36.0,41.0,211.9669250591348
dorn_python_096,Dorn,easyocr_preprocessed,148.0,148.0,0.0,0.0,6.837837837837838,6.837837837837838,38.0,143.0,7.3776223776223775,5.693976868647049,79.0,49.0,5.936708860759493,3.0,42.0,19.0,0.0,0.0,0.0,0.0,0.0,4.0,8.0,68.0,76.0,140.0,874.7098518821019
